Place ID,order_key,PDF_File,as_of_dates,n_snapshots
201064,144722,,2021-06-01;2022-06-01;2023-06-01;2024-06-01;2025-06-01;2026-06-01,6
201064,387477,Fresno County Tamarack Estates NOA.pdf,2026-08-13,1
201067,144166,,2021-06-01;2022-06-01;2023-06-01;2024-06-01;2025-06-01;2026-06-01,6
201067,459150,Parkwood OWTS_NOA_2014-0153-DWQ-R5412.pdf,2026-08-13,1
201068,142311,,2021-06-01;2022-06-01;2023-06-01;2024-06-01;2025-06-01;2026-06-01;2026-08-13,7
201069,146271,,2026-08-13,1
201069,99-052,,2021-06-01;2022-06-01;2023-06-01;2024-06-01;2025-06-01;2026-06-01,6
201070,144167,,2021-06-01;2022-06-01;2023-06-01;2024-06-01;2025-06-01;2026-06-01,6
201070,454109,2014-0153-DWQ-R5401 Teaford Meadow Lakes WWTF NOA.pdf,2026-08-13,1
201071,146329,,2021-06-01;2022-06-01;2023-06-01;2024-06-01;2025-06-01;2026-06-01;2026-08-13,7
201072,144718,,2021-06-01;2022-06-01;2023-06-01;2024-06-01;2025-06-01;2026-06-01,6
201072,450344,NOA_RipperdanWWTF.pdf,2026-08-13,1
201073,144719,,2021-06-01;2022-06-01;2023-06-01;2024-06-01;2025-06-01;2026-06-01,6
201073,430083,El Porvenir_NOA.pdf,2026-08-13,1
201074,145626,,2021-06-01;2022-06-01;2023-06-01;2024-06-01;2025-06-01;2026-06-01;2026-08-13,7
201075,143808,,2021-06-01;2022-06-01;2023-06-01;2024-06-01;2025-06-01;2026-06-01,6
201075,437851,NOA-2014-0153-dwq-r5335.pdf,2026-08-13,1
201076,351167,r5-2008-0127[1].pdf,2021-06-01;2022-06-01;2023-06-01;2024-06-01;2025-06-01;2026-06-01;2026-08-13,7
201077,439533,2014-0153-dwq_r5348.pdf,2021-06-01;2022-06-01;2023-06-01;2024-06-01;2025-06-01;2026-06-01;2026-08-13,7
201078,144391,,2021-06-01;2022-06-01;2023-06-01;2024-06-01;2025-06-01;2026-06-01,6
201078,393461,,2026-08-13,1
201079,143856,,2021-06-01;2022-06-01;2023-06-01;2024-06-01;2025-06-01;2026-06-01,6
201079,393462,,2026-08-13,1
201080,145627,,2021-06-01;2022-06-01;2023-06-01;2024-06-01;2025-06-01;2026-06-01;2026-08-13,7
201081,144852,,2021-06-01;2022-06-01;2023-06-01;2024-06-01;2025-06-01;2026-06-01,6
201081,436973,Monte Verde Small Dometic WWTF NOA.pdf,2026-08-13,1
201082,144604,,2021-06-01;2022-06-01;2023-06-01;2024-06-01;2025-06-01;2026-06-01,6
201082,434499,NOA_Millerton Lake MHV_2014_0153_DWQ_R5368 .pdf,2026-08-13,1
201083,145688,,2021-06-01;2022-06-01;2023-06-01;2024-06-01;2025-06-01;2026-06-01;2026-08-13,7
201085,144176,,2021-06-01;2022-06-01;2023-06-01;2024-06-01;2025-06-01;2026-06-01,6
201085,393299,Order No. 97-10-DWQ-R5161.pdf,2026-08-13,1
201087,144156,,2021-06-01;2022-06-01;2023-06-01;2024-06-01;2025-06-01;2026-06-01,6
201087,453846,NOA 2014-0153-DWQ-R5398_Marina View Heights WWT F.pdf,2026-08-13,1
201088,145269,,2021-06-01;2022-06-01;2023-06-01;2024-06-01;2025-06-01;2026-06-01;2026-08-13,7
202611,131775,,2021-06-01;2022-06-01;2023-06-01;2024-06-01;2025-06-01;2026-06-01;2026-08-13,7
204475,392758,R6V-2013-0058 Adelanto WWTF FINAL.pdf,2021-06-01;2022-06-01;2023-06-01;2024-06-01;2025-06-01;2026-06-01;2026-08-13,7
204486,134658,,2021-06-01;2022-06-01;2023-06-01;2024-06-01;2025-06-01;2026-06-01,6
204486,403980,2014_0153_dwq.pdf,2026-08-13,1
204492,148092,,2021-06-01;2022-06-01;2023-06-01;2024-06-01;2025-06-01;2026-06-01,6
204492,422235,OakShoresDayUseArea_NOA.pdf,2026-08-13,1
204870,395089,R7-2014-0049.pdf,2021-06-01,1
204870,447659,R7-2022-0008.pdf,2022-06-01;2023-06-01;2024-06-01;2025-06-01;2026-06-01;2026-08-13,6
205205,147220,,2021-06-01;2022-06-01;2023-06-01;2024-06-01;2025-06-01;2026-06-01,6
205205,397480,97-010-dwq.pdf,2026-08-13,1
205259,133528,05-025.pdf,2021-06-01;2022-06-01;2023-06-01;2024-06-01;2025-06-01;2026-06-01,6
205259,429883,1_AlpMeadWW_NOA.pdf,2026-08-13,1
205325,428906,R5-2014-0033.pdf,2021-06-01;2022-06-01;2023-06-01;2024-06-01;2025-06-01;2026-06-01,6
205325,428906,r5-2020-0004_npdes_minor_mod.pdf,2021-06-01;2022-06-01;2023-06-01;2024-06-01;2025-06-01;2026-06-01;2026-08-13,7
205396,131411,,2021-06-01;2022-06-01;2023-06-01;2024-06-01;2025-06-01;2026-06-01;2026-08-13,7
205398,,,2021-06-01;2022-06-01;2023-06-01;2024-06-01;2025-06-01;2026-06-01;2026-08-13,7
205477,448119,Order R2-2022-0019 AmCan NPDES reissue Jun-2022.pdf,2023-06-01;2024-06-01;2025-06-01;2026-06-01;2026-08-13,5
205477,448119,american canyon R2-2006-0036.pdf,2023-06-01;2024-06-01;2025-06-01;2026-06-01,4
205477,R2-2017-0008,,2021-06-01;2022-06-01,2
205543,140328,,2021-06-01;2022-06-01;2023-06-01;2024-06-01;2025-06-01;2026-06-01;2026-08-13,7
205741,429568,R5-2014-0100.pdf,2021-06-01;2022-06-01;2023-06-01;2024-06-01,4
205741,429568,r5-2019-0068_npdes.pdf,2021-06-01;2022-06-01;2023-06-01;2024-06-01,4
205741,458134,R5-2014-0100.pdf,2025-06-01;2026-06-01,2
205741,458134,R5-2025-0011_npdes.pdf,2025-06-01;2026-06-01;2026-08-13,3
205741,458134,r5-2019-0068_npdes.pdf,2025-06-01;2026-06-01,2
205781,R2-1993-0022,,2021-06-01;2022-06-01;2023-06-01;2024-06-01;2025-06-01;2026-06-01,6
205781,R2-2004-0043,,2026-08-13,1
205793,413895,R5-2009-0074.pdf,2021-06-01;2022-06-01,2
205793,413895,r5-2007-0031.pdf,2021-06-01;2022-06-01,2
205793,413895,r5-2012-0088.pdf,2021-06-01;2022-06-01,2
205793,413895,r5-2017-0063.pdf,2021-06-01;2022-06-01,2
205793,448453,R5-2009-0074.pdf,2023-06-01;2024-06-01;2025-06-01;2026-06-01,4
205793,448453,r5-2007-0031.pdf,2023-06-01;2024-06-01;2025-06-01;2026-06-01,4
205793,448453,r5-2012-0088.pdf,2023-06-01;2024-06-01;2025-06-01;2026-06-01,4
205793,448453,r5-2017-0063.pdf,2023-06-01;2024-06-01;2025-06-01;2026-06-01,4
205793,448453,r5-2022-0038_npdes.pdf,2023-06-01;2024-06-01;2025-06-01;2026-06-01;2026-08-13,5
206149,148673,,2021-06-01;2022-06-01;2023-06-01;2024-06-01;2025-06-01;2026-06-01;2026-08-13,7
206164,436548,12_0031_ArcataWWTF_revisedNPDES.pdf,2021-06-01;2022-06-01;2023-06-01;2024-06-01;2025-06-01;2026-06-01,6
206164,436548,14_0050_Arcata_Resolution_WERModOrder.pdf,2021-06-01;2022-06-01;2023-06-01;2024-06-01;2025-06-01;2026-06-01,6
206164,436548,19_0006_Arcata_NPDES.pdf,2021-06-01;2022-06-01;2023-06-01;2024-06-01;2025-06-01;2026-06-01;2026-08-13,7
206355,145426,,2021-06-01;2022-06-01;2023-06-01;2024-06-01;2025-06-01;2026-06-01;2026-08-13,7
206381,146831,,2021-06-01;2022-06-01;2023-06-01;2024-06-01;2025-06-01;2026-06-01,6
206381,404417,NOA 2014-0153-DWQ-R5190.pdf,2026-08-13,1
206529,143762,,2021-06-01;2022-06-01;2023-06-01;2024-06-01;2025-06-01;2026-06-01,6
206529,447528,NOA 2014-0153-DWQ-R5410 Ash Mountain WWTF.pdf,2026-08-13,1
206651,142084,,2021-06-01;2022-06-01;2023-06-01;2024-06-01;2025-06-01;2026-06-01,6
206651,445161,Atascadero State Hospital Revised NOA MRP_Final.pdf,2026-08-13,1
206653,142083,,2021-06-01;2022-06-01;2023-06-01;2024-06-01;2025-06-01;2026-06-01,6
206653,453001,R3-2020-0020 NOA MRP City of Atascadero_final.pdf,2026-08-13,1
206726,132086,,2021-06-01;2022-06-01;2023-06-01;2024-06-01;2025-06-01;2026-06-01;2026-08-13,7
206730,401600,R5-2010-0005.pdf,2021-06-01;2022-06-01;2023-06-01;2024-06-01;2025-06-01;2026-06-01,6
206730,442169,R5-2023-0025-017_noa.pdf,2026-08-13,1
206732,132087,,2021-06-01;2022-06-01;2023-06-01;2024-06-01;2025-06-01;2026-06-01,6
206732,417094,,2026-08-13,1
206733,407662,R5-2010-0090.pdf,2021-06-01;2022-06-01;2023-06-01;2024-06-01;2025-06-01;2026-06-01,6
206733,407662,R5-2011-0003.pdf,2021-06-01;2022-06-01;2023-06-01;2024-06-01;2025-06-01;2026-06-01,6
206733,407662,r5-2005-0030.pdf,2021-06-01;2022-06-01;2023-06-01;2024-06-01;2025-06-01;2026-06-01,6
206733,407662,r5-2016-0038.pdf,2021-06-01;2022-06-01;2023-06-01;2024-06-01;2025-06-01;2026-06-01,6
206733,448871,r5-2017-0085-021_noa.pdf,2026-08-13,1
206888,418016,AvilaNPDESPermit.pdf,2021-06-01;2022-06-01;2023-06-01;2024-06-01;2025-06-01;2026-06-01,6
206888,418016,R3-2017-0025 FINAL.pdf,2021-06-01;2022-06-01;2023-06-01;2024-06-01;2025-06-01;2026-06-01;2026-08-13,7
206888,418016,WDR _NPDES_.pdf,2021-06-01;2022-06-01;2023-06-01;2024-06-01;2025-06-01;2026-06-01,6
208276,424707,0066_R4-2008-0028_WDR_PKG.pdf,2021-06-01;2022-06-01;2023-06-01;2024-06-01,4
208276,424707,0066_R4-2013-0182_WDR_PKG.pdf,2021-06-01;2022-06-01;2023-06-01;2024-06-01,4
208276,424707,0066_R4-2019-0023_WDR_PKG.pdf,2021-06-01;2022-06-01;2023-06-01;2024-06-01,4
208276,455133,0066_R4-2008-0028_WDR_PKG.pdf,2025-06-01;2026-06-01,2
208276,455133,0066_R4-2013-0182_WDR_PKG.pdf,2025-06-01;2026-06-01,2
208276,455133,0066_R4-2019-0023_WDR_PKG.pdf,2025-06-01;2026-06-01,2
208276,455133,Adopted Avalon NPDES Permit_CI 0066 05232024_ADAchecked_signed.pdf,2025-06-01;2026-06-01;2026-08-13,3
208519,144924,,2021-06-01;2022-06-01;2023-06-01;2024-06-01;2025-06-01;2026-06-01,6
208519,379821,RM379821.pdf,2026-08-13,1
208536,134285,,2021-06-01;2022-06-01;2023-06-01;2024-06-01;2025-06-01;2026-06-01,6
208536,410188,2014_0153_dwq.pdf,2026-08-13,1
208572,147595,,2021-06-01;2022-06-01;2023-06-01;2024-06-01;2025-06-01;2026-06-01;2026-08-13,7
208668,407229,,2021-06-01;2022-06-01;2023-06-01;2024-06-01;2025-06-01;2026-06-01;2026-08-13,7
208746,144180,,2021-06-01;2022-06-01;2023-06-01;2024-06-01;2025-06-01;2026-06-01,6
208746,393484,,2026-08-13,1
208769,427492,R6V-2019-0252_WDR_Barstow.pdf,2021-06-01;2022-06-01;2023-06-01;2024-06-01;2025-06-01;2026-06-01;2026-08-13,7
208771,146725,,2021-06-01;2022-06-01;2023-06-01;2024-06-01;2025-06-01;2026-06-01;2026-08-13,7
208930,443599,R7-2021-0023.pdf,2021-06-01;2022-06-01;2023-06-01;2024-06-01;2025-06-01;2026-06-01;2026-08-13,7
209007,436351,r5-2019-0086_wdrs.pdf,2026-08-13,1
209007,R5-2004-0045-NPDES,,2021-06-01;2022-06-01;2023-06-01;2024-06-01;2025-06-01;2026-06-01,6
209014,147775,,2021-06-01;2022-06-01;2023-06-01;2024-06-01;2025-06-01;2026-06-01;2026-08-13,7
209035,407542,R5-2011-0053.pdf,2021-06-01;2022-06-01,2
209035,407542,R5-2016-0045-01.pdf,2021-06-01;2022-06-01,2
209035,407542,R5-2016-0045-02.pdf,2021-06-01;2022-06-01,2
209035,407542,r5-2016-0045.pdf,2021-06-01;2022-06-01,2
209035,448452,R5-2011-0053.pdf,2023-06-01;2024-06-01;2025-06-01;2026-06-01,4
209035,448452,R5-2016-0045-01.pdf,2023-06-01;2024-06-01;2025-06-01;2026-06-01,4
209035,448452,R5-2016-0045-02.pdf,2023-06-01;2024-06-01;2025-06-01;2026-06-01,4
209035,448452,r5-2016-0045.pdf,2023-06-01;2024-06-01;2025-06-01;2026-06-01,4
209035,448452,r5-2022-0037_npdes.pdf,2023-06-01;2024-06-01;2025-06-01;2026-06-01;2026-08-13,5
209086,134235,,2021-06-01;2022-06-01;2023-06-01;2024-06-01;2025-06-01;2026-06-01,6
209086,412091,2014_0153_dwq.pdf,2026-08-13,1
209225,148197,,2021-06-01;2022-06-01;2023-06-01;2024-06-01;2025-06-01;2026-06-01;2026-08-13,7
209253,459990,Benicia Order Final - 6-14.pdf,2025-06-01;2026-06-01,2
209253,459990,Benicia R2-2025-0001.pdf,2025-06-01;2026-06-01;2026-08-13,3
209253,459990,Nutrient Watershed Permit - R2-2014-0014.pdf,2025-06-01;2026-06-01,2
209253,R2-2019-0034,,2021-06-01;2022-06-01;2023-06-01;2024-06-01,4
209349,148091,,2021-06-01;2022-06-01;2023-06-01;2024-06-01;2025-06-01;2026-06-01;2026-08-13,7
209383,146361,,2021-06-01;2022-06-01;2023-06-01;2024-06-01;2025-06-01;2026-06-01;2026-08-13,7
209473,134416,,2021-06-01;2022-06-01;2023-06-01;2024-06-01;2025-06-01;2026-06-01,6
209473,402313,2014_0153_dwq.pdf,2026-08-13,1
209483,147027,,2021-06-01;2022-06-01;2023-06-01;2024-06-01;2025-06-01;2026-06-01,6
209483,457541,0153 NOA and MRP for Big Basin WWTP_final.pdf,2026-08-13,1
209509,373954,r5-2005-0156.pdf,2021-06-01;2022-06-01;2023-06-01;2024-06-01;2025-06-01;2026-06-01,6
209509,373954,r5-2012-0048.pdf,2021-06-01;2022-06-01;2023-06-01;2024-06-01;2025-06-01;2026-06-01,6
209509,400425,2014-0153-DWQ-R5187.pdf,2026-08-13,1
209527,131472,,2021-06-01;2022-06-01;2023-06-01;2024-06-01;2025-06-01;2026-06-01;2026-08-13,7
209528,146559,,2021-06-01;2022-06-01;2023-06-01;2024-06-01;2025-06-01;2026-06-01;2026-08-13,7
209539,141277,,2021-06-01;2022-06-01;2023-06-01;2024-06-01;2025-06-01;2026-06-01;2026-08-13,7
209551,387827,2007-0032.pdf,2021-06-01;2022-06-01;2023-06-01;2024-06-01;2025-06-01;2026-06-01,6
209551,387827,r5-2012-0083.pdf,2021-06-01;2022-06-01;2023-06-01;2024-06-01;2025-06-01;2026-06-01,6
209551,421669,r5-2020-0008_wdr.pdf,2026-08-13,1
209595,140933,,2021-06-01;2022-06-01;2023-06-01;2024-06-01;2025-06-01;2026-06-01,6
209595,411412,bill_kathy_NOA.pdf,2026-08-13,1
209662,148110,,2021-06-01;2022-06-01;2023-06-01;2024-06-01;2025-06-01;2026-06-01;2026-08-13,7
209670,146905,,2021-06-01;2022-06-01;2023-06-01;2024-06-01;2025-06-01;2026-06-01;2026-08-13,7
209726,145175,,2021-06-01;2022-06-01;2023-06-01;2024-06-01;2025-06-01;2026-06-01,6
209726,375565,noa_100610_sjp.pdf,2026-08-13,1
209801,384238,12_0050_WDR_BlueLake_RRO_120618.pdf,2021-06-01;2022-06-01;2023-06-01;2024-06-01;2025-06-01;2026-06-01;2026-08-13,7
209809,86-051,,2021-06-01;2022-06-01;2023-06-01;2024-06-01;2025-06-01;2026-06-01;2026-08-13,7
209847,407226,R7-2016-0013.pdf,2021-06-01;2022-06-01;2023-06-01;2024-06-01;2025-06-01;2026-06-01;2026-08-13,7
209949,137723,,2021-06-01;2022-06-01;2023-06-01,3
209949,317257,R1-2023-0011.pdf,2024-06-01;2025-06-01;2026-06-01;2026-08-13,4
209987,88-100,,2021-06-01;2022-06-01;2023-06-01;2024-06-01;2025-06-01;2026-06-01;2026-08-13,7
209999,389822,2013_0024cvwd_bombay_beach_wdr_mrp.pdf,2021-06-01;2022-06-01;2023-06-01;2024-06-01;2025-06-01;2026-06-01;2026-08-13,7
210068,R2-2007-0078,,2021-06-01;2022-06-01;2023-06-01;2024-06-01;2025-06-01;2026-06-01;2026-08-13,7
210082,131473,,2021-06-01;2022-06-01;2023-06-01;2024-06-01;2025-06-01;2026-06-01;2026-08-13,7
210116,148200,,2021-06-01;2022-06-01;2023-06-01;2024-06-01;2025-06-01;2026-06-01,6
210116,447886,09-30-2022_WDR_Boulder Creek Golf and Country Club 0153 NOA MRP final.pdf,2026-08-13,1
210116,447886,Boulder Creek Golf and Country Club 0153 NOA Revised 2024 (2).pdf,2026-08-13,1
210156,132263,r5-2004-0003.pdf,2021-06-01;2022-06-01;2023-06-01;2024-06-01;2025-06-01;2026-06-01;2026-08-13,7
210272,399799,R7-2015-0004.pdf,2021-06-01,1
210272,444249,R7-2015-0004.pdf,2022-06-01;2023-06-01;2024-06-01;2025-06-01;2026-06-01,5
210272,444249,R7-2021-0005.pdf,2022-06-01;2023-06-01;2024-06-01;2025-06-01;2026-06-01;2026-08-13,6
210322,430031,R5S-2019-0029.pdf,2021-06-01;2022-06-01;2023-06-01,3
210322,430031,r5-2008-0006.pdf,2021-06-01;2022-06-01;2023-06-01,3
210322,430031,r5-2012-0113.pdf,2021-06-01;2022-06-01;2023-06-01,3
210322,430031,r5-2013-0106.pdf,2021-06-01;2022-06-01;2023-06-01,3
210322,430031,r5-2014-0122.pdf,2021-06-01;2022-06-01;2023-06-01,3
210322,456852,R5S-2019-0029.pdf,2024-06-01;2025-06-01;2026-06-01,3
210322,456852,r5-2008-0006.pdf,2024-06-01;2025-06-01;2026-06-01,3
210322,456852,r5-2012-0113.pdf,2024-06-01;2025-06-01;2026-06-01,3
210322,456852,r5-2013-0106.pdf,2024-06-01;2025-06-01;2026-06-01,3
210322,456852,r5-2014-0122.pdf,2024-06-01;2025-06-01;2026-06-01,3
210322,456852,r5-2024-0020_npdes.pdf,2024-06-01;2025-06-01;2026-06-01;2026-08-13,4
210365,148146,,2021-06-01;2022-06-01;2023-06-01;2024-06-01;2025-06-01;2026-06-01;2026-08-13,7
210656,134645,,2021-06-01;2022-06-01;2023-06-01;2024-06-01;2025-06-01;2026-06-01,6
210656,415903,2014_0153_dwq.pdf,2026-08-13,1
210659,134646,,2021-06-01;2022-06-01;2023-06-01;2024-06-01;2025-06-01;2026-06-01,6
210659,416005,2014_0153_dwq.pdf,2026-08-13,1
210685,147482,,2021-06-01;2022-06-01;2023-06-01;2024-06-01;2025-06-01;2026-06-01,6
210685,447950,Buellton NOA MRP R3-2020-0020.pdf,2026-08-13,1
210829,194974,,2021-06-01;2022-06-01;2023-06-01;2024-06-01;2025-06-01;2026-06-01;2026-08-13,7
210839,422030,Burlingame - Order No. R2-2018-0024.pdf,2021-06-01;2022-06-01;2023-06-01,3
210839,422030,Nutrient Watershed Permit - R2-2014-0014.pdf,2021-06-01;2022-06-01;2023-06-01,3
210839,422030,R2-2013-0015.pdf,2021-06-01;2022-06-01;2023-06-01,3
210839,453437,Burlingame - Order No. R2-2018-0024.pdf,2024-06-01;2025-06-01;2026-06-01,3
210839,453437,Burlingame R2-2023-0010.pdf,2024-06-01;2025-06-01;2026-06-01;2026-08-13,4
210839,453437,Nutrient Watershed Permit - R2-2014-0014.pdf,2024-06-01;2025-06-01;2026-06-01,3
210839,453437,R2-2013-0015.pdf,2024-06-01;2025-06-01;2026-06-01,3
210854,408490,Combined Burney WDR_Pamela Signatue.pdf,2021-06-01;2022-06-01;2023-06-01;2024-06-01;2025-06-01;2026-06-01;2026-08-13,7
210913,132157,,2021-06-01;2022-06-01;2023-06-01;2024-06-01;2025-06-01;2026-06-01,6
210913,431219,Butte College_noa_WetSignature.pdf,2026-08-13,1
210925,134393,,2021-06-01;2022-06-01;2023-06-01;2024-06-01;2025-06-01;2026-06-01,6
210925,422138,Butte Co. CSA 21 NOA_MRP_Tech Memo_Maps.pdf,2026-08-13,1
210972,363736,R5-2009-0002.pdf,2021-06-01;2022-06-01;2023-06-01;2024-06-01;2025-06-01;2026-06-01;2026-08-13,7
212135,408326,4424_R4-2006-0085_FS.pdf,2021-06-01;2022-06-01;2023-06-01,3
212135,408326,4424_R4-2006-0085_WDR.pdf,2021-06-01;2022-06-01;2023-06-01,3
212135,408326,4424_R4-2010-0058_FS_amd.pdf,2021-06-01;2022-06-01;2023-06-01,3
212135,408326,4424_R4-2010-0058_WDR_amd.pdf,2021-06-01;2022-06-01;2023-06-01,3
212135,408326,4424_R4-2012-0059_WDR_PKG.pdf,2021-06-01;2022-06-01;2023-06-01,3
212135,408326,4424_R4-2017-0064_WDR_PKG.pdf,2021-06-01;2022-06-01;2023-06-01,3
212135,452357,4424_R4-2006-0085_FS.pdf,2024-06-01;2025-06-01;2026-06-01,3
212135,452357,4424_R4-2006-0085_WDR.pdf,2024-06-01;2025-06-01;2026-06-01,3
212135,452357,4424_R4-2010-0058_FS_amd.pdf,2024-06-01;2025-06-01;2026-06-01,3
212135,452357,4424_R4-2010-0058_WDR_amd.pdf,2024-06-01;2025-06-01;2026-06-01,3
212135,452357,4424_R4-2012-0059_WDR_PKG.pdf,2024-06-01;2025-06-01;2026-06-01,3
212135,452357,4424_R4-2017-0064_WDR_PKG.pdf,2024-06-01;2025-06-01;2026-06-01,3
212135,452357,4424_R4-2023-0358_WDR_PKG.pdf,2024-06-01;2025-06-01;2026-06-01;2026-08-13,4
212397,135245,,2021-06-01;2022-06-01;2023-06-01;2024-06-01;2025-06-01;2026-06-01,6
212397,399075,2014_0153_dwq.pdf,2026-08-13,1
212424,321211,R3-2020-0020 NOA Cal Utilities_final.pdf,2021-06-01;2022-06-01;2023-06-01;2024-06-01;2025-06-01;2026-06-01,6
212424,321211,WDR and MRP R3-2007-0008 CA Utilities Service WWTP.pdf,2021-06-01;2022-06-01;2023-06-01;2024-06-01;2025-06-01;2026-06-01,6
212424,446382,R3-2020-0020 NOA Cal Utilities_final.pdf,2026-08-13,1
212455,147269,,2021-06-01;2022-06-01;2023-06-01;2024-06-01;2025-06-01;2026-06-01,6
212455,448164,6-15-22_NOA 0153- Cachuma Sanitation_final_signed.pdf,2026-08-13,1
212585,412822,CA0038776 Pacifica - Final Order R2-2017-0013.pdf,2021-06-01;2022-06-01,2
212585,412822,Pacifica Order R2-2012-0002 .pdf,2021-06-01;2022-06-01,2
212585,449576,CA0038776 Pacifica - Final Order R2-2017-0013.pdf,2023-06-01;2024-06-01;2025-06-01;2026-06-01,4
212585,449576,CA0038776 R2-2022-0029 NPDES Permit.pdf,2023-06-01;2025-06-01;2026-06-01;2026-08-13,4
212585,449576,Pacifica Order R2-2012-0002 .pdf,2023-06-01;2024-06-01;2025-06-01;2026-06-01,4
212589,427929,0018calexico.pdf,2021-06-01;2022-06-01;2023-06-01;2024-06-01,4
212589,427929,R7-2014-0004.pdf,2021-06-01;2022-06-01;2023-06-01;2024-06-01,4
212589,427929,R7-2019-0004.pdf,2021-06-01;2022-06-01;2023-06-01;2024-06-01,4
212589,459837,0018calexico.pdf,2025-06-01;2026-06-01,2
212589,459837,R7-2014-0004.pdf,2025-06-01;2026-06-01,2
212589,459837,R7-2019-0004.pdf,2025-06-01;2026-06-01,2
212589,459837,R7-2025-0007.pdf,2025-06-01;2026-06-01;2026-08-13,3
212648,148046,,2021-06-01;2022-06-01;2023-06-01;2024-06-01;2025-06-01;2026-06-01;2026-08-13,7
212681,439321,CMC Adopted WDR.pdf,2021-06-01;2022-06-01;2023-06-01;2024-06-01;2025-06-01;2026-06-01,6
212681,439321,CMC NPDES Order R3-2020-0005 amended for new MRP.pdf,2021-06-01;2022-06-01;2023-06-01;2024-06-01;2025-06-01;2026-06-01;2026-08-13,7
212681,439321,CMC WWTP NPDES Permit R3-2012-0027.pdf,2021-06-01;2022-06-01;2023-06-01;2024-06-01;2025-06-01;2026-06-01,6
212739,402049,R7-2015-0005.pdf,2021-06-01;2022-06-01;2023-06-01;2024-06-01;2025-06-01;2026-06-01,6
212739,402049,R7-2020-0010.pdf,2021-06-01;2022-06-01;2023-06-01;2024-06-01;2025-06-01;2026-06-01;2026-08-13,7
212750,446901,R2-2022-0010.pdf,2022-06-01;2023-06-01;2024-06-01;2025-06-01;2026-06-01;2026-08-13,6
212750,R2-2016-0018,,2021-06-01,1
212776,431442,19_0010_Calpella_WDR_MRP.pdf,2021-06-01;2022-06-01;2023-06-01;2024-06-01;2025-06-01;2026-06-01;2026-08-13,7
212847,146476,,2021-06-01;2022-06-01;2023-06-01;2024-06-01;2025-06-01;2026-06-01,6
212847,438781,2014-0153-dwq-r5338_noa.pdf,2026-08-13,1
212853,131259,,2021-06-01;2022-06-01;2023-06-01;2024-06-01;2025-06-01;2026-06-01;2026-08-13,7
212858,131132,,2021-06-01;2022-06-01;2023-06-01;2024-06-01;2025-06-01;2026-06-01,6
212858,463718,12-8-25_Cambria CSD 2020-0020_NOA.pdf,2026-08-13,1
212899,385731,r5-2012-0045.pdf,2021-06-01;2022-06-01;2023-06-01;2024-06-01;2025-06-01;2026-06-01;2026-08-13,7
212962,399552,wdr_2014_final.pdf,2021-06-01;2022-06-01;2023-06-01;2024-06-01;2025-06-01;2026-06-01;2026-08-13,7
212973,145161,,2021-06-01;2022-06-01;2023-06-01;2024-06-01;2025-06-01;2026-06-01,6
212973,434569,NOA Camp Sugar Pine 2014-0153-DWQ-R5340.pdf,2026-08-13,1
213029,147030,,2021-06-01;2022-06-01;2023-06-01;2024-06-01;2025-06-01;2026-06-01;2026-08-13,7
213154,,,2021-06-01;2022-06-01;2023-06-01;2024-06-01;2025-06-01;2026-06-01;2026-08-13,7
213270,425154,EncinaOO_FinalOrderR9-2018-0059.pdf,2021-06-01;2022-06-01;2023-06-01;2024-06-01;2025-06-01;2026-06-01;2026-08-13,7
213270,425154,R9-2011-0019.pdf,2021-06-01;2022-06-01;2023-06-01;2024-06-01;2025-06-01;2026-06-01,6
213281,396646,Carmel_Area_WWTP_final.pdf,2021-06-01;2022-06-01;2023-06-01;2024-06-01;2025-06-01;2026-06-01;2026-08-13,7
213281,396646,NPDES R3-2008-0007 for Carmel Area WW-Pebble Bch CSD.pdf,2021-06-01;2022-06-01;2023-06-01;2024-06-01;2025-06-01;2026-06-01,6
213294,141169,,2021-06-01;2022-06-01;2023-06-01;2024-06-01;2025-06-01;2026-06-01;2026-08-13,7
213332,418040,NPDES_Permit_R3_2011_0003_CA0047364_CarpinteriaSanitaryDistrict_WWTP.pdf,2021-06-01;2022-06-01;2023-06-01;2024-06-01;2025-06-01;2026-06-01,6
213332,418040,Revised_CA0047364_Carpinteria.pdf,2021-06-01;2022-06-01;2023-06-01;2024-06-01;2025-06-01;2026-06-01;2026-08-13,7
213409,134592,,2021-06-01;2022-06-01;2023-06-01;2024-06-01;2025-06-01;2026-06-01,6
213409,416209,2014-0153-dwq-r5234.pdf,2026-08-13,1
213409,416209,2014_0153_dwq.pdf,2026-08-13,1
213432,400787,r5-2008-0111_npdes.pdf,2021-06-01;2022-06-01;2023-06-01;2024-06-01;2025-06-01;2026-06-01,6
213432,400787,r5-2015-0031_npdes.pdf,2021-06-01;2022-06-01;2023-06-01;2024-06-01;2025-06-01;2026-06-01,6
213432,442921,r5-2026-0023_ldgo.pdf,2026-08-13,1
213470,136963,,2021-06-01;2022-06-01;2023-06-01;2024-06-01;2025-06-01;2026-06-01;2026-08-13,7
213561,,,2021-06-01;2022-06-01;2023-06-01;2024-06-01;2025-06-01;2026-06-01;2026-08-13,7
213580,350306,R6T-2008-0024 CDC WDR.pdf,2021-06-01;2022-06-01;2023-06-01;2024-06-01;2025-06-01;2026-06-01;2026-08-13,7
213592,145133,,2021-06-01;2022-06-01;2023-06-01;2024-06-01;2025-06-01;2026-06-01;2026-08-13,7
213596,137842,,2021-06-01;2022-06-01;2023-06-01;2024-06-01;2025-06-01;2026-06-01,6
213596,138337,,2026-08-13,1
213604,139175,,2021-06-01;2022-06-01;2023-06-01;2024-06-01;2025-06-01;2026-06-01,6
213604,404562,170313_RSP_dp_ParlinFork_WWTF_NOA.pdf,2026-08-13,1
213791,146274,,2021-06-01;2022-06-01;2023-06-01;2024-06-01;2025-06-01;2026-06-01;2026-08-13,7
213792,145503,,2021-06-01;2022-06-01;2023-06-01;2024-06-01;2025-06-01;2026-06-01;2026-08-13,7
213850,457224,R7-2024-0019.pdf,2025-06-01;2026-06-01;2026-08-13,3
213850,R7-2019-0003,,2021-06-01;2022-06-01;2023-06-01;2024-06-01,4
213875,448059,Nutrient Watershed Permit - R2-2014-0014.pdf,2023-06-01;2024-06-01;2025-06-01;2026-06-01,4
213875,448059,R2-2012-0016.pdf,2023-06-01;2024-06-01;2025-06-01;2026-06-01,4
213875,448059,R2-2022-0020.pdf,2023-06-01;2024-06-01;2025-06-01;2026-06-01;2026-08-13,5
213875,R2-2017-0009,,2021-06-01;2022-06-01,2
213889,452582,Final Order Central Marin Sanitation Agency.pdf,2024-06-01;2025-06-01;2026-06-01;2026-08-13,4
213889,452582,Nutrient Watershed Permit - R2-2014-0014.pdf,2024-06-01;2025-06-01;2026-06-01,3
213889,452582,R2-2012-0051.pdf,2024-06-01;2025-06-01;2026-06-01,3
213889,R2-2018-0003,,2021-06-01;2022-06-01;2023-06-01,3
213947,141185,,2021-06-01;2022-06-01;2023-06-01;2024-06-01;2025-06-01;2026-06-01;2026-08-13,7
214008,97-010-DWQ,,2021-06-01;2022-06-01;2023-06-01;2024-06-01;2025-06-01;2026-06-01;2026-08-13,7
214199,442945,Chester-npdes-final-original signed by.pdf,2021-06-01;2022-06-01;2023-06-01;2024-06-01;2025-06-01;2026-06-01,6
214199,442945,r5-2021-0022_npdes.pdf,2021-06-01;2022-06-01;2023-06-01;2024-06-01;2025-06-01;2026-06-01;2026-08-13,7
214327,133905,,2021-06-01;2022-06-01;2023-06-01;2024-06-01;2025-06-01;2026-06-01,6
214327,412092,2014_0153_dwq.pdf,2026-08-13,1
214483,144152,,2021-06-01;2022-06-01;2023-06-01;2024-06-01;2025-06-01;2026-06-01,6
214483,433601,NOA 2014-0153-dwq-r5326.pdf,2026-08-13,1
214541,97-062,,2021-06-01;2022-06-01;2023-06-01;2024-06-01;2025-06-01;2026-06-01;2026-08-13,7
214559,141723,,2021-06-01;2022-06-01;2023-06-01;2024-06-01;2025-06-01;2026-06-01,6
214559,464606,2014-0153-dwq-r5432_noa.pdf,2026-08-13,1
214640,368758,r5-2013-0022.pdf,2021-06-01;2022-06-01;2023-06-01;2024-06-01;2025-06-01;2026-06-01;2026-08-13,7
214642,422113,R5-2007-0133.pdf,2021-06-01;2022-06-01;2023-06-01;2024-06-01;2025-06-01;2026-06-01,6
214642,422113,R5-2013-0146.pdf,2021-06-01;2022-06-01;2023-06-01;2024-06-01;2025-06-01;2026-06-01,6
214642,422113,r5-2007-0133-01.pdf,2021-06-01;2022-06-01;2023-06-01;2024-06-01;2025-06-01;2026-06-01,6
214642,422113,r5-2018-0036.pdf,2021-06-01;2022-06-01;2023-06-01;2024-06-01;2025-06-01;2026-06-01,6
214642,422113,r5-2022-0062_npdes_ao.pdf,2021-06-01;2022-06-01;2023-06-01;2024-06-01;2025-06-01;2026-06-01,6
214642,455508,r5-2023-0025-002_noa.pdf,2026-08-13,1
214647,407656,R5-2011-0034.pdf,2021-06-01;2022-06-01;2023-06-01;2024-06-01;2025-06-01;2026-06-01,6
214647,407656,r5-2004-0096.pdf,2021-06-01;2022-06-01;2023-06-01;2024-06-01;2025-06-01;2026-06-01,6
214647,407656,r5-2016-0039.pdf,2021-06-01;2022-06-01;2023-06-01;2024-06-01;2025-06-01;2026-06-01,6
214647,444735,R5-2017-0085-018.pdf,2026-08-13,1
214650,368906,R5-2009-0108.pdf,2021-06-01;2022-06-01;2023-06-01;2024-06-01;2025-06-01;2026-06-01;2026-08-13,7
214652,438006,Merced City r5-2020-0014_npdes.pdf,2021-06-01;2022-06-01;2023-06-01;2024-06-01;2025-06-01,5
214652,438006,r5-2008-0027.pdf,2021-06-01;2022-06-01;2023-06-01;2024-06-01;2025-06-01,5
214652,438006,r5-2014-0096_npdes.pdf,2021-06-01;2022-06-01;2023-06-01;2024-06-01;2025-06-01,5
214652,464454,Merced City r5-2020-0014_npdes.pdf,2026-06-01,1
214652,464454,r5-2008-0027.pdf,2026-06-01,1
214652,464454,r5-2014-0096_npdes.pdf,2026-06-01,1
214652,464454,r5-2026-0005_npdes.pdf,2026-06-01;2026-08-13,2
214660,147694,,2021-06-01;2022-06-01;2023-06-01;2024-06-01;2025-06-01;2026-06-01;2026-08-13,7
214665,351981,5-00-080.pdf,2026-08-13,1
214665,5-00-080 (NPDES),,2021-06-01;2022-06-01;2023-06-01;2024-06-01;2025-06-01;2026-06-01,6
214671,141085,,2021-06-01;2022-06-01;2023-06-01;2024-06-01;2025-06-01;2026-06-01;2026-08-13,7
214802,412195,r5-2010-0096.pdf,2021-06-01;2022-06-01,2
214802,412195,r5-2017-0010.pdf,2021-06-01;2022-06-01,2
214802,445181,r5-2010-0096.pdf,2023-06-01;2024-06-01;2025-06-01;2026-06-01,4
214802,445181,r5-2017-0010.pdf,2023-06-01;2024-06-01;2025-06-01;2026-06-01,4
214802,445181,r5-2022-0040_npdes.pdf,2023-06-01;2024-06-01;2025-06-01;2026-06-01;2026-08-13,5
214812,147062,,2021-06-01;2022-06-01;2023-06-01;2024-06-01;2025-06-01;2026-06-01;2026-08-13,7
214873,439609,2014-0153-dwq_r5342.pdf,2021-06-01;2022-06-01;2023-06-01;2024-06-01;2025-06-01;2026-06-01;2026-08-13,7
214888,425653,060804_0004_NPDESPermit.pdf,2021-06-01;2022-06-01;2023-06-01;2024-06-01;2025-06-01;2026-06-01,6
214888,425653,12_0048_NPDES_Cloverdale_WWTF_CAG_120620.pdf,2021-06-01;2022-06-01;2023-06-01;2024-06-01;2025-06-01;2026-06-01,6
214888,425653,18_0034_City of Cloverdale_WWTF_NPDES.pdf,2021-06-01;2022-06-01;2023-06-01;2024-06-01;2025-06-01;2026-06-01;2026-08-13,7
214899,429278,r5-2008-0036.pdf,2021-06-01;2022-06-01;2023-06-01;2024-06-01,4
214899,429278,r5-2019-0021.pdf,2021-06-01;2022-06-01;2023-06-01;2024-06-01,4
214899,429278,r5_2014-0005.pdf,2021-06-01;2022-06-01;2023-06-01;2024-06-01,4
214899,457522,r5-2008-0036.pdf,2025-06-01;2026-06-01,2
214899,457522,r5-2019-0021.pdf,2025-06-01;2026-06-01,2
214899,457522,r5-2024-0036_npdes.pdf,2025-06-01;2026-06-01;2026-08-13,3
214899,457522,r5_2014-0005.pdf,2025-06-01;2026-06-01,2
214903,144171,,2021-06-01;2022-06-01;2023-06-01;2024-06-01;2025-06-01;2026-06-01;2026-08-13,7
214933,439951,0021_coach_sanitary.pdf,2021-06-01;2022-06-01;2023-06-01;2024-06-01;2025-06-01,5
214933,439951,R7-2015-0003.pdf,2021-06-01;2022-06-01;2023-06-01;2024-06-01;2025-06-01,5
214933,439951,R7-2020-0008.pdf,2021-06-01;2022-06-01;2023-06-01;2024-06-01;2025-06-01,5
214933,465057,0021_coach_sanitary.pdf,2026-06-01,1
214933,465057,R7-2015-0003.pdf,2026-06-01,1
214933,465057,R7-2020-0008.pdf,2026-06-01,1
214933,465057,R7-2026-0006.pdf,2026-06-01;2026-08-13,2
214957,153133,R5-2013-0055.pdf,2021-06-01;2022-06-01;2023-06-01;2024-06-01;2025-06-01;2026-06-01;2026-08-13,7
215073,145331,,2021-06-01;2022-06-01;2023-06-01;2024-06-01;2025-06-01;2026-06-01,6
215073,393296,,2026-08-13,1
215106,421035,R5-2007-0130.pdf,2021-06-01;2022-06-01;2023-06-01;2024-06-01;2025-06-01;2026-06-01,6
215106,421035,R5-2018-0012.pdf,2021-06-01;2022-06-01;2023-06-01;2024-06-01;2025-06-01;2026-06-01,6
215106,421035,r5-2013-0045.pdf,2021-06-01;2022-06-01;2023-06-01;2024-06-01;2025-06-01;2026-06-01,6
215106,455418,r5-2023-0025-001_noa.pdf,2026-08-13,1
215141,399908,10_0003_NPDES_CollegeoftheRedwoods_signed.pdf,2021-06-01;2022-06-01;2023-06-01;2024-06-01;2025-06-01;2026-06-01,6
215141,399908,16_0041_College_of_the_Redwoods_NPDES.pdf,2021-06-01;2022-06-01;2023-06-01;2024-06-01;2025-06-01;2026-06-01,6
215141,425769,180607_JCM_dp_College_of_the_Redwoods_NOA (003).pdf,2026-08-13,1
215225,409145,Order R5-2020-0006.pdf,2021-06-01,1
215225,409145,R5-2008-0184.pdf,2021-06-01,1
215225,409145,R5-2016-0062.pdf,2021-06-01,1
215225,409145,R5-2018-0018.pdf,2021-06-01,1
215225,409145,r5-2016-0062-02_npdes.pdf,2021-06-01,1
215225,447828,Order R5-2020-0006.pdf,2022-06-01;2023-06-01;2024-06-01;2025-06-01;2026-06-01,5
215225,447828,R5-2008-0184.pdf,2022-06-01;2023-06-01;2024-06-01;2025-06-01;2026-06-01,5
215225,447828,R5-2016-0062.pdf,2022-06-01;2023-06-01;2024-06-01;2025-06-01;2026-06-01,5
215225,447828,R5-2018-0018.pdf,2022-06-01;2023-06-01;2024-06-01;2025-06-01;2026-06-01,5
215225,447828,r5-2016-0062-02_npdes.pdf,2022-06-01;2023-06-01;2024-06-01;2025-06-01;2026-06-01,5
215225,447828,r5-2022-0020_npdes.pdf,2022-06-01;2023-06-01;2024-06-01;2025-06-01;2026-06-01;2026-08-13,6
215234,428795,WCA R2-2008-0003.pdf,2021-06-01;2022-06-01;2023-06-01;2024-06-01,4
215234,428795,WCA R2-2019-0003 - 02-2019.pdf,2021-06-01;2022-06-01;2023-06-01;2024-06-01,4
215234,457271,R2-2024-0008 West County.pdf,2025-06-01;2026-06-01;2026-08-13,3
215234,457271,WCA R2-2008-0003.pdf,2025-06-01;2026-06-01,2
215234,457271,WCA R2-2019-0003 - 02-2019.pdf,2025-06-01;2026-06-01,2
215236,440651,R5-2010-0004.pdf,2021-06-01;2022-06-01;2023-06-01;2024-06-01;2025-06-01,5
215236,440651,R5-2020-0039_npdes.pdf,2021-06-01;2022-06-01;2023-06-01;2024-06-01;2025-06-01,5
215236,440651,r5-2015-0045.pdf,2021-06-01;2022-06-01;2023-06-01;2024-06-01;2025-06-01,5
215236,464599,R5-2010-0004.pdf,2026-06-01,1
215236,464599,R5-2020-0039_npdes.pdf,2026-06-01,1
215236,464599,r5-2015-0045.pdf,2026-06-01,1
215236,464599,r5-2026-0003_npdes.pdf,2026-06-01;2026-08-13,2
215515,179193,,2021-06-01;2022-06-01;2023-06-01;2024-06-01;2025-06-01;2026-06-01;2026-08-13,7
215637,131771,,2021-06-01;2022-06-01;2023-06-01;2024-06-01;2025-06-01;2026-06-01;2026-08-13,7
215671,368769,R5-2010-0070.pdf,2021-06-01;2022-06-01;2023-06-01;2024-06-01;2025-06-01;2026-06-01;2026-08-13,7
215671,368769,ccwd_copper cove_amended wdr.pdf,2021-06-01;2022-06-01;2023-06-01;2024-06-01;2025-06-01;2026-06-01;2026-08-13,7
215677,379405,r5-2014-0162.pdf,2021-06-01;2022-06-01;2023-06-01;2024-06-01;2025-06-01;2026-06-01;2026-08-13,7
215698,405851,r5-2016-0027.pdf,2021-06-01;2022-06-01;2023-06-01;2024-06-01;2025-06-01;2026-06-01;2026-08-13,7
215750,399898,r5-2016-0047.pdf,2021-06-01,1
215750,447832,r5-2016-0047.pdf,2022-06-01;2023-06-01;2024-06-01;2025-06-01;2026-06-01,5
215750,447832,r5-2022-0022_npdes.pdf,2022-06-01;2023-06-01;2024-06-01;2025-06-01;2026-06-01;2026-08-13,6
215903,400033,R5-2016-0066.pdf,2021-06-01;2022-06-01;2023-06-01,3
215903,400033,r5-2010-0044.pdf,2021-06-01;2022-06-01;2023-06-01,3
215903,445663,R5-2016-0066.pdf,2024-06-01;2025-06-01;2026-06-01,3
215903,445663,r5-2010-0044.pdf,2024-06-01;2025-06-01;2026-06-01,3
215903,445663,r5-2024-0026_npdes.pdf,2024-06-01;2025-06-01;2026-06-01;2026-08-13,4
215910,148058,,2021-06-01;2022-06-01;2023-06-01;2024-06-01;2025-06-01;2026-06-01,6
215910,453490,NOA 2014-0153-DWQ-R5388_Coulterville WWTF.pdf,2026-08-13,1
215915,132350,,2021-06-01;2022-06-01;2023-06-01;2024-06-01;2025-06-01;2026-06-01,6
215915,463431,11-20-25_2025_CSA18_NOA_final.pdf,2026-08-13,1
215925,454742,R7-2023-0041.pdf,2024-06-01;2025-06-01;2026-06-01;2026-08-13,4
215925,R7-2018-0010,,2021-06-01;2022-06-01;2023-06-01,3
215966,403824,060315_0007_COVELONPDESPERMIT.pdf,2021-06-01;2022-06-01;2023-06-01,3
215966,403824,11_0001_NPDES_COVELO_LMB_signed.pdf,2021-06-01;2022-06-01;2023-06-01,3
215966,403824,17_0004_CoveloCSD_WWTP_NPDES.pdf,2021-06-01;2022-06-01;2023-06-01,3
215966,453119,060315_0007_COVELONPDESPERMIT.pdf,2024-06-01;2025-06-01;2026-06-01,3
215966,453119,11_0001_NPDES_COVELO_LMB_signed.pdf,2024-06-01;2025-06-01;2026-06-01,3
215966,453119,17_0004_CoveloCSD_WWTP_NPDES.pdf,2024-06-01;2025-06-01;2026-06-01,3
215966,453119,23_0006_covelo_csd_06.20.2023_eosigned.pdf,2024-06-01;2025-06-01;2026-06-01;2026-08-13,4
216087,134399,,2021-06-01;2022-06-01;2023-06-01;2024-06-01;2025-06-01;2026-06-01,6
216087,410773,2014_0153_dwq.pdf,2026-08-13,1
216106,404228,11_0019_NPDES_CrescentCityWWTF_CER_110627.pdf,2021-06-01;2022-06-01;2023-06-01,3
216106,404228,17_0002_CrescentCity_WWTF_NPDES.pdf,2021-06-01;2022-06-01;2023-06-01,3
216106,455297,11_0019_NPDES_CrescentCityWWTF_CER_110627.pdf,2024-06-01;2025-06-01;2026-06-01,3
216106,455297,17_0002_CrescentCity_WWTF_NPDES.pdf,2024-06-01;2025-06-01;2026-06-01,3
216106,455297,23_0039_CrescentCity_NPDES.pdf,2024-06-01;2025-06-01;2026-06-01;2026-08-13,4
216135,146499,,2021-06-01;2022-06-01;2023-06-01;2024-06-01;2025-06-01;2026-06-01;2026-08-13,7
216157,134146,,2021-06-01;2022-06-01;2023-06-01;2024-06-01;2025-06-01;2026-06-01,6
216157,402306,2014_0153_dwq.pdf,2026-08-13,1
216283,140989,,2021-06-01;2022-06-01;2023-06-01;2024-06-01;2025-06-01;2026-06-01;2026-08-13,7
216284,148826,,2021-06-01;2022-06-01;2023-06-01;2024-06-01;2025-06-01;2026-06-01;2026-08-13,7
216287,148824,,2021-06-01;2022-06-01;2023-06-01;2024-06-01;2025-06-01;2026-06-01,6
216287,415860,CSA 44 Zone E_NOA.pdf,2026-08-13,1
216322,142268,,2021-06-01;2022-06-01;2023-06-01;2024-06-01;2025-06-01;2026-06-01;2026-08-13,7
216428,364359,CuyamaPermit.pdf,2021-06-01;2022-06-01;2023-06-01;2024-06-01;2025-06-01;2026-06-01,6
216428,416410,noa.pdf,2026-08-13,1
216446,452383,R7-2023-0013.pdf,2023-06-01;2024-06-01;2025-06-01;2026-06-01;2026-08-13,5
216446,R7-2017-0006,,2021-06-01;2022-06-01,2
216491,147257,,2021-06-01;2022-06-01;2023-06-01;2024-06-01;2025-06-01;2026-06-01,6
216491,454595,0153 NOA and MRP for Cypress Ridge WWTP_final.pdf,2026-08-13,1
216719,428243,1278_R4-2014-0062-A0l-WDR_PKG_amd.pdf,2021-06-01;2022-06-01;2023-06-01;2024-06-01;2025-06-01;2026-06-01,6
216719,428243,1278_R4-2014-0062_WDR_PKG.pdf,2021-06-01;2022-06-01;2023-06-01;2024-06-01;2025-06-01;2026-06-01,6
216719,428243,1278_R4-2019-0136_WDR_PKG.pdf,2021-06-01;2022-06-01;2023-06-01;2024-06-01;2025-06-01;2026-06-01;2026-08-13,7
216797,01-043,,2021-06-01;2022-06-01;2023-06-01;2024-06-01;2025-06-01;2026-06-01;2026-08-13,7
216832,,,2026-08-13,1
216832,436958,6769_R4-2003-0156_FS.pdf,2021-06-01;2022-06-01;2023-06-01;2024-06-01;2025-06-01;2026-06-01,6
216832,436958,6769_R4-2003-0156_WDR.pdf,2021-06-01;2022-06-01;2023-06-01;2024-06-01;2025-06-01;2026-06-01,6
216832,436958,6769_R4-2014-0210-A01_WDR_PKG_amd.pdf,2021-06-01;2022-06-01;2023-06-01;2024-06-01;2025-06-01;2026-06-01,6
216832,436958,6769_R4-2014-0210_WDR_PKG.pdf,2021-06-01;2022-06-01;2023-06-01;2024-06-01;2025-06-01;2026-06-01,6
216832,436958,6769_R4-2020-0078_WDR.pdf,2021-06-01;2022-06-01;2023-06-01;2024-06-01;2025-06-01;2026-06-01,6
217061,420096,7972_R4-2007-0001_WDR_PKG.pdf,2021-06-01;2022-06-01;2023-06-01,3
217061,420096,7972_R4-2013-0046_WDR_PKG.pdf,2021-06-01;2022-06-01;2023-06-01,3
217061,420096,7972_R4-2018-0090_WDR_PKG.pdf,2021-06-01;2022-06-01;2023-06-01,3
217061,454510,7972_R4-2007-0001_WDR_PKG.pdf,2024-06-01;2025-06-01;2026-06-01,3
217061,454510,7972_R4-2013-0046_WDR_PKG.pdf,2024-06-01;2025-06-01;2026-06-01,3
217061,454510,7972_R4-2018-0090_WDR_PKG.pdf,2024-06-01;2025-06-01;2026-06-01,3
217061,454510,Adopted JMMCRWRP CI-7972 03012024.pdf,2024-06-01;2025-06-01;2026-06-01;2026-08-13,4
217831,419500,City of Pinole - Order No. R2-2018-0004.pdf,2021-06-01;2022-06-01;2023-06-01,3
217831,453054,City of Pinole - Order No. R2-2018-0004.pdf,2024-06-01;2025-06-01;2026-06-01,3
217831,453054,R2-2023-0008.pdf,2024-06-01;2025-06-01;2026-06-01;2026-08-13,4
219146,455499,0009date_garden.pdf,2024-06-01;2025-06-01;2026-06-01,3
219146,455499,08_0010dategardens.pdf,2024-06-01;2025-06-01;2026-06-01,3
219146,455499,Order R7-2023-0046- Date Gardens MHPWWTP_NPDES.pdf,2024-06-01;2025-06-01;2026-06-01;2026-08-13,4
219146,R7-2018-0009,,2021-06-01;2022-06-01;2023-06-01,3
219169,431017,1-MRR_r3_2019_0008-signed.pdf,2021-06-01;2022-06-01;2023-06-01;2024-06-01;2025-06-01;2026-06-01;2026-08-13,7
219219,148817,,2021-06-01;2022-06-01,2
219219,2014-0153-DWQ,,2023-06-01;2024-06-01;2025-06-01;2026-06-01;2026-08-13,5
219223,428211,R5-2010-0097.pdf,2021-06-01;2022-06-01;2023-06-01;2024-06-01;2025-06-01,5
219223,428211,R5-2018-0086.pdf,2021-06-01;2022-06-01;2023-06-01;2024-06-01;2025-06-01,5
219223,428211,r5-2007-0132-01.pdf,2021-06-01;2022-06-01;2023-06-01;2024-06-01;2025-06-01,5
219223,428211,r5-2013-0127_npdes.pdf,2021-06-01;2022-06-01;2023-06-01;2024-06-01;2025-06-01,5
219223,428211,r5-2014-0122.pdf,2021-06-01;2022-06-01;2023-06-01;2024-06-01;2025-06-01,5
219223,461835,R5-2010-0097.pdf,2026-06-01,1
219223,461835,R5-2018-0086.pdf,2026-06-01,1
219223,461835,r5-2007-0132-01.pdf,2026-06-01,1
219223,461835,r5-2013-0127_npdes.pdf,2026-06-01,1
219223,461835,r5-2014-0122.pdf,2026-06-01,1
219223,461835,r5-2025-0026_npdes.pdf,2026-06-01;2026-08-13,2
219280,146219,,2021-06-01;2022-06-01;2023-06-01;2024-06-01;2025-06-01;2026-06-01;2026-08-13,7
219395,146006,,2021-06-01;2022-06-01;2023-06-01;2024-06-01;2025-06-01;2026-06-01;2026-08-13,7
219398,396979,R5-2008-0173.pdf,2021-06-01;2022-06-01;2023-06-01;2024-06-01;2025-06-01;2026-06-01,6
219398,396979,R5-2011-0038.pdf,2021-06-01;2022-06-01;2023-06-01;2024-06-01;2025-06-01;2026-06-01,6
219398,396979,r5-2008-0173-01.pdf,2021-06-01;2022-06-01;2023-06-01;2024-06-01;2025-06-01;2026-06-01,6
219398,396979,r5-2014-0081.pdf,2021-06-01;2022-06-01;2023-06-01;2024-06-01;2025-06-01;2026-06-01,6
219398,433255,eid_deercreek_wwtp_mgo_noa_revised.pdf,2026-08-13,1
219497,194858,,2021-06-01;2022-06-01;2023-06-01;2024-06-01;2025-06-01;2026-06-01;2026-08-13,7
219502,90-157,,2021-06-01;2022-06-01;2023-06-01;2024-06-01;2025-06-01;2026-06-01;2026-08-13,7
219515,144016,,2021-06-01;2022-06-01;2023-06-01;2024-06-01;2025-06-01;2026-06-01,6
219515,463061,Delft Colony WWTF NOA 2014-0153-DWQ-R5427.pdf,2026-08-13,1
219530,433307,2007-0019.pdf,2021-06-01;2022-06-01;2023-06-01;2024-06-01;2025-06-01;2026-06-01,6
219530,433307,R5-2012-0046_npdes.pdf,2021-06-01;2022-06-01;2023-06-01;2024-06-01;2025-06-01;2026-06-01,6
219530,433307,R5-2019-0052.pdf,2021-06-01;2022-06-01;2023-06-01;2024-06-01;2025-06-01;2026-06-01;2026-08-13,7
219551,139972,,2021-06-01;2022-06-01;2023-06-01;2024-06-01;2025-06-01;2026-06-01,6
219551,415168,,2026-08-13,1
219552,435913,Nutrient Watershed Permit - R2-2014-0014.pdf,2021-06-01;2022-06-01;2023-06-01;2024-06-01;2025-06-01,5
219552,435913,R2-2019-0035.pdf,2021-06-01;2022-06-01;2023-06-01;2024-06-01;2025-06-01,5
219552,435913,dd order R2-2014-0030.pdf,2021-06-01;2022-06-01;2023-06-01;2024-06-01;2025-06-01,5
219552,464069,Nutrient Watershed Permit - R2-2014-0014.pdf,2026-06-01,1
219552,464069,R2-2019-0035.pdf,2026-06-01,1
219552,464069,R2-2026-0004.pdf,2026-06-01;2026-08-13,2
219552,464069,dd order R2-2014-0030.pdf,2026-06-01,1
219649,395086,R7-2014-0048.pdf,2021-06-01;2022-06-01;2023-06-01;2024-06-01;2025-06-01;2026-06-01;2026-08-13,7
219661,148480,,2021-06-01;2022-06-01;2023-06-01;2024-06-01;2025-06-01;2026-06-01;2026-08-13,7
219671,399457,0007salton.pdf,2021-06-01;2022-06-01;2023-06-01;2024-06-01;2025-06-01,5
219671,461436,R7-2025-0016.pdf,2026-06-01;2026-08-13,2
219701,432991,R5-2008-0164.pdf,2021-06-01;2022-06-01;2023-06-01;2024-06-01;2025-06-01;2026-06-01,6
219701,432991,R5-2019-0047.pdf,2021-06-01;2022-06-01;2023-06-01;2024-06-01;2025-06-01;2026-06-01,6
219701,432991,r5-2014-0014.pdf,2021-06-01;2022-06-01;2023-06-01;2024-06-01;2025-06-01;2026-06-01,6
219701,432991,r5-2014-0122.pdf,2021-06-01;2022-06-01;2023-06-01;2024-06-01;2025-06-01;2026-06-01,6
219701,461159,r5-2022-0006-036.pdf,2026-08-13,1
219738,143444,,2021-06-01;2022-06-01;2023-06-01;2024-06-01;2025-06-01;2026-06-01;2026-08-13,7
220279,143814,,2021-06-01;2022-06-01;2023-06-01;2024-06-01;2025-06-01;2026-06-01,6
220279,423517,2014-0153-dwq-r5282.pdf,2026-08-13,1
220315,436159,R5-2008-0179.pdf,2021-06-01;2022-06-01;2023-06-01;2024-06-01,4
220315,436159,r5-2014-0073.pdf,2021-06-01;2022-06-01;2023-06-01;2024-06-01,4
220315,436159,r5-2014-0122.pdf,2021-06-01;2022-06-01;2023-06-01;2024-06-01,4
220315,436159,r5-2019-0082_npdes.pdf,2021-06-01;2022-06-01;2023-06-01;2024-06-01,4
220315,459449,R5-2008-0179.pdf,2025-06-01;2026-06-01,2
220315,459449,R5-2024-0068_npdes.pdf,2025-06-01;2026-06-01;2026-08-13,3
220315,459449,r5-2014-0073.pdf,2025-06-01;2026-06-01,2
220315,459449,r5-2014-0122.pdf,2025-06-01;2026-06-01,2
220315,459449,r5-2019-0082_npdes.pdf,2025-06-01;2026-06-01,2
220385,148816,,2021-06-01;2022-06-01;2023-06-01;2024-06-01;2025-06-01;2026-06-01,6
220385,463870,wqo-2014-0153-r5433_noa.pdf,2026-08-13,1
220396,394601,r5-2014-0098.pdf,2021-06-01;2022-06-01;2023-06-01;2024-06-01;2025-06-01;2026-06-01;2026-08-13,7
220429,141436,,2021-06-01;2022-06-01;2023-06-01;2024-06-01;2025-06-01;2026-06-01,6
220429,379434,,2026-08-13,1
220454,,,2021-06-01;2022-06-01;2023-06-01;2024-06-01;2025-06-01;2026-06-01;2026-08-13,7
220469,331392,WDRs R5_2014_0147.pdf,2021-06-01;2022-06-01;2023-06-01;2024-06-01;2025-06-01;2026-06-01;2026-08-13,7
220470,139721,,2021-06-01;2022-06-01;2023-06-01;2024-06-01;2025-06-01;2026-06-01;2026-08-13,7
220494,140599,,2021-06-01;2022-06-01;2023-06-01;2024-06-01;2025-06-01;2026-06-01,6
220494,379430,Don Pedro Houseboats and MiniMart NOA-1.pdf,2026-08-13,1
220495,331539,R5-2013-0062.pdf,2021-06-01;2022-06-01;2023-06-01;2024-06-01;2025-06-01;2026-06-01;2026-08-13,7
220548,443214,Order R5-2015-0068-01.pdf,2021-06-01;2022-06-01;2023-06-01;2024-06-01;2025-06-01;2026-06-01,6
220548,443214,Order R5-2017-0114.pdf,2021-06-01;2022-06-01;2023-06-01;2024-06-01;2025-06-01;2026-06-01,6
220548,443214,R5-2009-0034.pdf,2021-06-01;2022-06-01;2023-06-01;2024-06-01;2025-06-01;2026-06-01,6
220548,443214,R5-2021-0023_npdes.pdf,2021-06-01;2022-06-01;2023-06-01;2024-06-01;2025-06-01;2026-06-01;2026-08-13,7
220548,443214,r5-2015-0068.pdf,2021-06-01;2022-06-01;2023-06-01;2024-06-01;2025-06-01;2026-06-01,6
220567,139235,,2021-06-01;2022-06-01;2023-06-01;2024-06-01;2025-06-01;2026-06-01;2026-08-13,7
220618,389066,r5-2013-0009.pdf,2021-06-01;2022-06-01;2023-06-01;2024-06-01;2025-06-01;2026-06-01;2026-08-13,7
220768,395737,r5-2008-0077.pdf,2021-06-01;2022-06-01;2023-06-01;2024-06-01;2025-06-01;2026-06-01,6
220768,395737,r5-2014-0049.pdf,2021-06-01;2022-06-01;2023-06-01;2024-06-01;2025-06-01;2026-06-01,6
220768,426201,roseville_drycreek_wwtp_mgo_noa_final.pdf,2026-08-13,1
220792,443265,DSRSD - R2-2017-0017.pdf,2022-06-01,1
220792,443265,EBDA - R2-2017-0016.pdf,2021-06-01;2022-06-01,2
220792,443265,LAVWMA - R2-2021-0007.pdf,2022-06-01,1
220792,443265,Nutrient Watershed Permit - R2-2014-0014.pdf,2022-06-01,1
220792,443265,R2-2012-0004.pdf,2022-06-01,1
220792,443265,R2-2016-0015.pdf,2022-06-01,1
220792,448550,DSRSD - R2-2017-0017.pdf,2023-06-01;2024-06-01;2025-06-01;2026-06-01,4
220792,448550,DSRSD - R2-2022-2024.pdf,2023-06-01;2024-06-01;2025-06-01;2026-06-01;2026-08-13,5
220792,448550,EBDA - R2-2017-0016.pdf,2023-06-01;2024-06-01;2025-06-01;2026-06-01,4
220792,448550,EBDA - R2-2022-0023.pdf,2023-06-01;2024-06-01;2025-06-01;2026-06-01;2026-08-13,5
220792,448550,LAVWMA - R2-2021-0007.pdf,2023-06-01;2024-06-01;2025-06-01;2026-06-01;2026-08-13,5
220792,448550,Nutrient Watershed Permit - R2-2014-0014.pdf,2023-06-01;2024-06-01;2025-06-01;2026-06-01,4
220792,448550,R2-2012-0004.pdf,2023-06-01;2024-06-01;2025-06-01;2026-06-01,4
220792,448550,R2-2016-0015.pdf,2023-06-01;2024-06-01;2025-06-01;2026-06-01,4
220792,448550,R2-2018-0010.pdf,2023-06-01,1
220804,96-081,,2021-06-01;2022-06-01;2023-06-01;2024-06-01;2025-06-01;2026-06-01;2026-08-13,7
220841,,,2021-06-01;2022-06-01;2023-06-01;2024-06-01;2025-06-01;2026-06-01;2026-08-13,7
220844,368740,R5-2010-0013.pdf,2021-06-01,1
220844,441883,dunnigan_wdrs_r5-2021-0045.pdf,2022-06-01;2023-06-01;2024-06-01;2025-06-01;2026-06-01;2026-08-13,6
220850,427817,dunsmuir_wwtp_npdes_osb.pdf,2021-06-01;2022-06-01;2023-06-01,3
220850,427817,r5-2012-0085_npdes.pdf,2021-06-01;2022-06-01;2023-06-01,3
220850,452141,dunsmuir_wwtp_npdes_osb.pdf,2024-06-01;2025-06-01;2026-06-01,3
220850,452141,r5-2012-0085_npdes.pdf,2024-06-01;2025-06-01;2026-06-01,3
220850,452141,r5-2024-0009_npdes.pdf,2024-06-01;2025-06-01;2026-06-01;2026-08-13,4
220932,R7-2014-0008,,2021-06-01;2022-06-01;2023-06-01;2024-06-01;2025-06-01;2026-06-01;2026-08-13,7
221974,194690,,2021-06-01;2022-06-01;2023-06-01;2024-06-01;2025-06-01;2026-06-01;2026-08-13,7
221988,131155,,2021-06-01;2022-06-01;2023-06-01;2024-06-01;2025-06-01;2026-06-01;2026-08-13,7
222057,433231,R5-2010-0027.pdf,2021-06-01;2022-06-01;2023-06-01;2024-06-01;2025-06-01,5
222057,433231,R5-2019-0049.pdf,2021-06-01;2022-06-01;2023-06-01;2024-06-01;2025-06-01,5
222057,433231,r5-2008-0055.pdf,2021-06-01;2022-06-01;2023-06-01;2024-06-01;2025-06-01,5
222057,433231,r5-2014-0072.pdf,2021-06-01;2022-06-01;2023-06-01;2024-06-01;2025-06-01,5
222057,433231,r5-2014-0122.pdf,2021-06-01;2022-06-01;2023-06-01;2024-06-01;2025-06-01,5
222057,461810,R5-2010-0027.pdf,2026-06-01,1
222057,461810,R5-2019-0049.pdf,2026-06-01,1
222057,461810,r5-2008-0055.pdf,2026-06-01,1
222057,461810,r5-2014-0072.pdf,2026-06-01,1
222057,461810,r5-2014-0122.pdf,2026-06-01,1
222057,461810,r5-2025-0028_npdes.pdf,2026-06-01;2026-08-13,2
222071,146485,,2021-06-01;2022-06-01;2023-06-01;2024-06-01;2025-06-01;2026-06-01;2026-08-13,7
222123,448549,EBDA - R2-2017-0016.pdf,2021-06-01;2022-06-01;2023-06-01,3
222123,448549,EBDA - R2-2022-0023.pdf,2023-06-01,1
222123,448549,Nutrient Watershed Permit - R2-2014-0014.pdf,2023-06-01,1
222123,448549,R2-2012-0004.pdf,2023-06-01,1
222123,448549,R2-2018-0010.pdf,2023-06-01,1
222123,R2-2022-0023,EBDA - R2-2022-0023.pdf,2024-06-01;2025-06-01;2026-06-01;2026-08-13,4
222129,132834,,2021-06-01;2022-06-01;2023-06-01;2024-06-01;2025-06-01;2026-06-01,6
222129,419044,EBMUD_PardeeCenter_NOA.pdf,2026-08-13,1
222130,460446,EBMUD WWFs Final Order 11-14.pdf,2025-06-01;2026-06-01,2
222130,460446,R2-2025-0006.pdf,2025-06-01;2026-06-01;2026-08-13,3
222130,R2-2020-0003,,2021-06-01;2022-06-01;2023-06-01;2024-06-01,4
222132,440133,Nutrient Watershed Permit - R2-2014-0014.pdf,2021-06-01;2022-06-01;2023-06-01;2024-06-01;2025-06-01,5
222132,440133,R2-2020-0024.pdf,2021-06-01;2022-06-01;2023-06-01;2024-06-01;2025-06-01,5
222132,464068,Nutrient Watershed Permit - R2-2014-0014.pdf,2026-06-01,1
222132,464068,R2-2020-0024.pdf,2026-06-01,1
222132,464068,R2-2026-0003.pdf,2026-06-01;2026-08-13,2
222144,,,2021-06-01;2022-06-01;2023-06-01;2024-06-01;2025-06-01;2026-06-01;2026-08-13,7
222359,,,2021-06-01;2022-06-01;2023-06-01;2024-06-01;2025-06-01;2026-06-01;2026-08-13,7
222407,429474,0002elcentro_npdes.pdf,2021-06-01;2022-06-01;2023-06-01;2024-06-01,4
222407,429474,12.14.2023_City of El Centro_NPDES Permit Application.pdf,2021-06-01;2022-06-01;2023-06-01;2024-06-01,4
222407,429474,R7-2014-0002.pdf,2021-06-01;2022-06-01;2023-06-01;2024-06-01,4
222407,459499,0002elcentro_npdes.pdf,2025-06-01;2026-06-01,2
222407,459499,12.14.2023_City of El Centro_NPDES Permit Application.pdf,2025-06-01;2026-06-01,2
222407,459499,R7-2014-0002.pdf,2025-06-01;2026-06-01,2
222407,459499,R7-2024-0041.pdf,2025-06-01;2026-06-01;2026-08-13,3
222434,389302,r5-2007-0069.pdf,2021-06-01;2022-06-01;2023-06-01;2024-06-01;2025-06-01;2026-06-01,6
222434,389302,r5-2013-0003.pdf,2021-06-01;2022-06-01;2023-06-01;2024-06-01;2025-06-01;2026-06-01,6
222434,425238,eid_edh_wwtp_mgo_noa_final.pdf,2026-08-13,1
222436,145636,,2021-06-01;2022-06-01;2023-06-01;2024-06-01;2025-06-01;2026-06-01;2026-08-13,7
222442,147037,,2021-06-01;2022-06-01;2023-06-01;2024-06-01;2025-06-01;2026-06-01,6
222442,437149,,2026-08-13,1
222443,436198,El Estero_Final_Permit_2019-0046 pkg eff 2-1-20.pdf,2021-06-01;2022-06-01;2023-06-01;2024-06-01;2025-06-01;2026-06-01;2026-08-13,7
222443,436198,ElEstero.pdf,2021-06-01;2022-06-01;2023-06-01;2024-06-01;2025-06-01;2026-06-01,6
222443,436198,SB NPDES R3-2004-0122.pdf,2021-06-01;2022-06-01;2023-06-01;2024-06-01;2025-06-01;2026-06-01,6
222491,434880,r5-2008-0060.pdf,2021-06-01;2022-06-01;2023-06-01;2024-06-01;2025-06-01,5
222491,434880,r5-2014-0068_npdes.pdf,2021-06-01;2022-06-01;2023-06-01;2024-06-01;2025-06-01,5
222491,434880,r5-2019-0069_npdes.pdf,2021-06-01;2022-06-01;2023-06-01;2024-06-01;2025-06-01,5
222491,461873,r5-2008-0060.pdf,2026-06-01,1
222491,461873,r5-2014-0068_npdes.pdf,2026-06-01,1
222491,461873,r5-2019-0069_npdes.pdf,2026-06-01,1
222491,461873,r5-2025-0031_npdes.pdf,2026-06-01;2026-08-13,2
222509,384629,ACOOFinalAmendedOrder.pdf,2021-06-01,1
222509,384629,ACOOFinalAmendingOrder.pdf,2021-06-01,1
222509,446048,ACOOFinalAmendedOrder.pdf,2022-06-01;2023-06-01;2024-06-01;2025-06-01;2026-06-01,5
222509,446048,ACOOFinalAmendingOrder.pdf,2022-06-01;2023-06-01;2024-06-01;2025-06-01;2026-06-01,5
222509,446048,r9_2022_0006_acoo_signature signed dwg 03-18-21.pdf,2022-06-01;2023-06-01;2024-06-01;2025-06-01;2026-06-01;2026-08-13,6
222624,425297,NOA_2014-0153-DWQ-R5295.pdf,2021-06-01;2022-06-01;2023-06-01;2024-06-01;2025-06-01;2026-06-01;2026-08-13,7
222628,92-124,,2021-06-01;2022-06-01;2023-06-01;2024-06-01;2025-06-01;2026-06-01;2026-08-13,7
222754,425154,EncinaOO_FinalOrderR9-2018-0059.pdf,2021-06-01;2022-06-01;2023-06-01;2024-06-01;2025-06-01;2026-06-01;2026-08-13,7
222754,425154,R9-2011-0019.pdf,2021-06-01;2022-06-01;2023-06-01;2024-06-01;2025-06-01;2026-06-01,6
222758,425154,EncinaOO_FinalOrderR9-2018-0059.pdf,2021-06-01;2022-06-01;2023-06-01;2024-06-01;2025-06-01;2026-06-01;2026-08-13,7
222758,425154,R9-2011-0019.pdf,2021-06-01;2022-06-01;2023-06-01;2024-06-01;2025-06-01;2026-06-01,6
222803,97-010-DWQ,,2021-06-01;2022-06-01;2023-06-01;2024-06-01;2025-06-01;2026-06-01;2026-08-13,7
222916,140412,,2021-06-01;2022-06-01;2023-06-01;2024-06-01;2025-06-01;2026-06-01;2026-08-13,7
222947,148428,,2021-06-01;2022-06-01;2023-06-01;2024-06-01;2025-06-01;2026-06-01;2026-08-13,7
222998,401328,15_0026_Etna_WDR.pdf,2021-06-01;2022-06-01;2023-06-01;2024-06-01;2025-06-01;2026-06-01;2026-08-13,7
223010,405560,090605_0033_NPDES_EurekaElkRiver.pdf,2021-06-01;2022-06-01;2023-06-01,3
223010,405560,16_0001_City_of_Eureka_Elk_River_WWTP_NPDES.pdf,2021-06-01;2022-06-01;2023-06-01,3
223010,454778,090605_0033_NPDES_EurekaElkRiver.pdf,2024-06-01;2025-06-01;2026-06-01,3
223010,454778,16_0001_City_of_Eureka_Elk_River_WWTP_NPDES.pdf,2024-06-01;2025-06-01;2026-06-01,3
223010,454778,23_0016_Eureka_WWTP_NPDES_09.21.23.pdf,2024-06-01;2025-06-01;2026-06-01;2026-08-13,4
223236,376587,Final Order Package 2010-0113.pdf,2026-08-13,1
223236,R2-2004-0079,,2021-06-01;2022-06-01;2023-06-01;2024-06-01;2025-06-01;2026-06-01,6
224057,R9-1993-0005,,2021-06-01;2022-06-01;2023-06-01;2024-06-01;2025-06-01;2026-06-01;2026-08-13,7
224084,,,2021-06-01;2022-06-01;2023-06-01;2024-06-01;2025-06-01;2026-06-01;2026-08-13,7
224125,135246,,2021-06-01;2022-06-01;2023-06-01;2024-06-01;2025-06-01;2026-06-01,6
224125,399074,2014_0153_dwq.pdf,2026-08-13,1
224137,434522,AmendedOrderR9-2019-0169_DigitalSignature signed dwg 12-14-21.pdf,2021-06-01;2022-06-01;2023-06-01;2024-06-01;2025-06-01;2026-06-01;2026-08-13,7
224137,434522,AmendingOrderR920210204_DigitalSignature signed dwg 12-17-21.pdf,2021-06-01;2022-06-01;2023-06-01;2024-06-01;2025-06-01;2026-06-01;2026-08-13,7
224137,434522,Fallbrook_Final_Adopted_Order_R9-2019-0169.pdf,2021-06-01;2022-06-01;2023-06-01;2024-06-01;2025-06-01;2026-06-01;2026-08-13,7
224137,434522,R9-2006-0002.pdf,2021-06-01;2022-06-01;2023-06-01;2024-06-01;2025-06-01;2026-06-01,6
224137,434522,R9-2012-0004.pdf,2021-06-01;2022-06-01;2023-06-01;2024-06-01;2025-06-01;2026-06-01,6
224137,434522,R9-2019-0169_Amended2020 signed dwg 08-17-20.pdf,2021-06-01;2022-06-01;2023-06-01;2024-06-01;2025-06-01;2026-06-01;2026-08-13,7
224137,434522,R9-2020-0193_Final_Order signed dwg 08-17-20.pdf,2021-06-01;2022-06-01;2023-06-01;2024-06-01;2025-06-01;2026-06-01;2026-08-13,7
224179,143801,,2021-06-01;2022-06-01;2023-06-01;2024-06-01;2025-06-01;2026-06-01,6
224179,426301,Harris_Farms_Labor_Housing_NOA.pdf,2026-08-13,1
224348,428678,12_0097_NPDES_Ferndale.pdf,2021-06-01;2022-06-01;2023-06-01;2024-06-01;2025-06-01;2026-06-01,6
224348,428678,18_0046_Ferndale_NPDES.pdf,2021-06-01;2022-06-01;2023-06-01;2024-06-01;2025-06-01;2026-06-01;2026-08-13,7
224348,428678,r1-2009-0036 Ferndale NPDES.pdf,2021-06-01;2022-06-01;2023-06-01;2024-06-01;2025-06-01;2026-06-01,6
224429,133139,WDR 04-0154 for Fiero Lane Water Co.pdf,2021-06-01;2022-06-01;2023-06-01;2024-06-01;2025-06-01;2026-06-01;2026-08-13,7
224503,02-068,,2021-06-01;2022-06-01;2023-06-01;2024-06-01;2025-06-01;2026-06-01,6
224503,184990,,2026-08-13,1
224692,144095,,2021-06-01;2022-06-01;2023-06-01;2024-06-01;2025-06-01;2026-06-01;2026-08-13,7
224827,145858,,2021-06-01;2022-06-01;2023-06-01;2024-06-01;2025-06-01;2026-06-01,6
224827,437325,2014-0153-dwq-r5337 NOA for Foothill Middle School WWTF.pdf,2026-08-13,1
224889,147704,,2021-06-01;2022-06-01;2023-06-01;2024-06-01;2025-06-01;2026-06-01;2026-08-13,7
224893,140269,,2021-06-01;2022-06-01;2023-06-01;2024-06-01;2025-06-01;2026-06-01;2026-08-13,7
224901,406960,102204-ForestvilleNPDES.pdf,2021-06-01;2022-06-01;2023-06-01,3
224901,406960,12_0012_NPDES_Forestville_CAG_osb.pdf,2021-06-01;2022-06-01;2023-06-01,3
224901,406960,18_0002_Forestville_NPDES.pdf,2021-06-01;2022-06-01;2023-06-01,3
224901,456503,102204-ForestvilleNPDES.pdf,2024-06-01;2025-06-01;2026-06-01,3
224901,456503,12_0012_NPDES_Forestville_CAG_osb.pdf,2024-06-01;2025-06-01;2026-06-01,3
224901,456503,18_0002_Forestville_NPDES.pdf,2024-06-01;2025-06-01;2026-06-01,3
224901,456503,2024_0004_forestville_npdes_signed.pdf,2024-06-01;2025-06-01;2026-06-01;2026-08-13,4
225055,430202,090605_0030_NPDES_FortBragg.pdf,2021-06-01;2022-06-01;2023-06-01;2024-06-01;2025-06-01;2026-06-01,6
225055,430202,15_0024_FortBragg_NPDES.pdf,2021-06-01;2022-06-01;2023-06-01;2024-06-01;2025-06-01;2026-06-01,6
225055,430202,19_0020_FortBragg_NPDES.pdf,2021-06-01;2022-06-01;2023-06-01;2024-06-01;2025-06-01;2026-06-01;2026-08-13,7
225072,395587,14_0029_FortJones_WDR.pdf,2021-06-01;2022-06-01;2023-06-01;2024-06-01;2025-06-01;2026-06-01;2026-08-13,7
225089,401784,070926_07_0007_NPDES_Fortuna.pdf,2021-06-01;2022-06-01;2023-06-01;2024-06-01;2025-06-01;2026-06-01,6
225089,401784,11_0004_NPDES_Fortuna.pdf,2021-06-01;2022-06-01;2023-06-01;2024-06-01;2025-06-01;2026-06-01,6
225089,401784,17_0005_Fortuna_NPDES.pdf,2021-06-01;2022-06-01;2023-06-01;2024-06-01;2025-06-01;2026-06-01;2026-08-13,7
225411,97-010-DWQ,,2021-06-01;2022-06-01;2023-06-01;2024-06-01;2025-06-01;2026-06-01;2026-08-13,7
225526,437189,FSSD R2-2020-0012.pdf,2021-06-01;2022-06-01;2023-06-01;2024-06-01;2025-06-01,5
225526,437189,Nutrient Watershed Permit - R2-2014-0014.pdf,2021-06-01;2022-06-01;2023-06-01;2024-06-01;2025-06-01,5
225526,463625,FSSD R2-2020-0012.pdf,2026-06-01,1
225526,463625,Nutrient Watershed Permit - R2-2014-0014.pdf,2026-06-01,1
225526,463625,Order R2-2025-0028.pdf,2026-06-01;2026-08-13,2
225534,146930,,2021-06-01;2022-06-01;2023-06-01;2024-06-01;2025-06-01;2026-06-01,6
225534,447426,,2026-08-13,1
225881,,,2026-08-13,1
225881,132299,,2021-06-01;2022-06-01;2023-06-01;2024-06-01;2025-06-01;2026-06-01,6
226637,132715,R9-2004-0223 .pdf,2021-06-01;2022-06-01;2023-06-01;2024-06-01;2025-06-01;2026-06-01;2026-08-13,7
226690,404159,r5-2004-0001.pdf,2021-06-01;2022-06-01;2023-06-01;2024-06-01;2025-06-01;2026-06-01,6
226690,404159,r5-2010-0099.pdf,2021-06-01;2022-06-01;2023-06-01;2024-06-01;2025-06-01;2026-06-01,6
226690,404159,r5-2015-0123.pdf,2021-06-01;2022-06-01;2023-06-01;2024-06-01;2025-06-01;2026-06-01,6
226690,443249,r5-2023-0025-019.pdf,2026-08-13,1
226719,425655,18_0033_Garberville_WDR.pdf,2021-06-01;2022-06-01;2023-06-01;2024-06-01;2025-06-01;2026-06-01;2026-08-13,7
226847,132613,,2021-06-01;2022-06-01;2023-06-01;2024-06-01;2025-06-01;2026-06-01,6
226847,377660,GaylaManor_NOI.pdf,2026-08-13,1
227080,134409,,2021-06-01;2022-06-01;2023-06-01;2024-06-01;2025-06-01;2026-06-01;2026-08-13,7
227140,,,2026-08-13,1
227140,148226,,2021-06-01;2022-06-01;2023-06-01;2024-06-01;2025-06-01;2026-06-01,6
227217,439532,2014-0153-dwq_r5349.pdf,2021-06-01;2022-06-01;2023-06-01;2024-06-01;2025-06-01;2026-06-01;2026-08-13,7
227352,88-140,,2021-06-01;2022-06-01;2023-06-01;2024-06-01;2025-06-01;2026-06-01;2026-08-13,7
227381,131480,,2021-06-01;2022-06-01;2023-06-01;2024-06-01;2025-06-01;2026-06-01,6
227381,418824,GloryHoleNOADec12.pdf,2026-08-13,1
227425,140385,,2021-06-01;2022-06-01;2023-06-01;2024-06-01;2025-06-01;2026-06-01;2026-08-13,7
227440,134255,,2021-06-01;2022-06-01;2023-06-01;2024-06-01;2025-06-01;2026-06-01,6
227440,417129,Gold Mountain CSD_NOA-Memo-MRP_.pdf,2026-08-13,1
227444,147738,,2021-06-01;2022-06-01;2023-06-01;2024-06-01;2025-06-01;2026-06-01,6
227444,433393,2014-0153-DWQ-R5293_06Aug2019_NOA.pdf,2026-08-13,1
227445,134400,,2021-06-01;2022-06-01;2023-06-01;2024-06-01;2025-06-01;2026-06-01,6
227445,410190,2014_0153_dwq.pdf,2026-08-13,1
227451,146407,,2021-06-01;2022-06-01;2023-06-01;2024-06-01;2025-06-01;2026-06-01,6
227451,407683,Gold Run Rest Area-NOA.pdf,2026-08-13,1
227501,144662,,2021-06-01;2022-06-01;2023-06-01;2024-06-01;2025-06-01;2026-06-01,6
227501,416367,Golden hills mobile park NOA.pdf,2026-08-13,1
227503,143796,,2021-06-01;2022-06-01;2023-06-01;2024-06-01;2025-06-01;2026-06-01;2026-08-13,7
227507,133845,,2021-06-01;2022-06-01;2023-06-01;2024-06-01;2025-06-01;2026-06-01,6
227507,413903,2014-0153-dwq-r5235.pdf,2026-08-13,1
227507,413903,2014_0153_dwq.pdf,2026-08-13,1
227568,418037,GoletaSD_NPDES Permit_FinalOrder.pdf,2021-06-01;2022-06-01;2023-06-01;2024-06-01;2025-06-01;2026-06-01,6
227568,418037,R3-2017-021_Goleta_finalCA0048160.pdf,2021-06-01;2022-06-01;2023-06-01;2024-06-01;2025-06-01;2026-06-01;2026-08-13,7
227602,302168,City of Gonzales Order No. R3-2006-0005 letter pdf.pdf,2021-06-01;2022-06-01;2023-06-01;2024-06-01;2025-06-01;2026-06-01,6
227602,452393,Aug2025_GonzalesSecondRevisedNOA_MRP_0020_final.pdf,2026-08-13,1
227713,134026,,2021-06-01;2022-06-01;2023-06-01;2024-06-01;2025-06-01;2026-06-01,6
227713,404818,2014_0153_dwq.pdf,2026-08-13,1
227781,144637,,2021-06-01;2022-06-01;2023-06-01;2024-06-01;2025-06-01;2026-06-01,6
227781,433931,2014_0153_dwq_r5341.pdf,2026-08-13,1
227818,405024,R5-2009-0067_npdes.pdf,2021-06-01;2022-06-01;2023-06-01;2024-06-01;2025-06-01;2026-06-01,6
227818,405024,r5-2016-0012.pdf,2021-06-01;2022-06-01;2023-06-01;2024-06-01;2025-06-01;2026-06-01,6
227818,446876,r5-2017-0085-019.pdf,2026-08-13,1
227843,140872,,2021-06-01;2022-06-01;2023-06-01;2024-06-01;2025-06-01;2026-06-01;2026-08-13,7
227893,131446,,2021-06-01;2022-06-01;2023-06-01;2024-06-01;2025-06-01;2026-06-01,6
227893,447519,Oct2024_GreenfieldNOA_MRP_0020_Final.pdf,2026-08-13,1
227918,134091,,2021-06-01;2022-06-01;2023-06-01;2024-06-01;2025-06-01;2026-06-01,6
227918,435628,,2026-08-13,1
227962,137596,,2021-06-01;2022-06-01;2023-06-01;2024-06-01;2025-06-01;2026-06-01;2026-08-13,7
227980,317186,R5-2006-0127.pdf,2021-06-01;2022-06-01;2023-06-01;2024-06-01;2025-06-01;2026-06-01;2026-08-13,7
228016,146049,,2021-06-01;2022-06-01;2023-06-01;2024-06-01;2025-06-01;2026-06-01,6
228016,418402,Grizzly Cr. Ranch_NOA 2014-0153-DWQ.pdf,2026-08-13,1
228018,375936,r5-2011-0081.pdf,2021-06-01;2022-06-01;2023-06-01;2024-06-01;2025-06-01;2026-06-01,6
228018,429445,1_GrizzRanch_NOA.pdf,2026-08-13,1
228046,399185,08-0004 OCWD Groundwater Replenishment System_Emergency Disch to R1_final.pdf,2021-06-01,1
228046,399185,14-0069_OCWD_AWPF_NPDES.pdf,2021-06-01,1
228046,447591,08-0004 OCWD Groundwater Replenishment System_Emergency Disch to R1_final.pdf,2022-06-01;2023-06-01;2024-06-01;2025-06-01;2026-06-01,5
228046,447591,14-0069_OCWD_AWPF_NPDES.pdf,2022-06-01;2023-06-01;2024-06-01;2025-06-01;2026-06-01,5
228046,447591,R8-2022-0002_OCWD_NPDES.pdf,2022-06-01;2023-06-01;2024-06-01;2025-06-01;2026-06-01;2026-08-13,6
228057,139891,,2021-06-01;2022-06-01;2023-06-01;2024-06-01;2025-06-01;2026-06-01;2026-08-13,7
228067,194393,,2021-06-01;2022-06-01;2023-06-01;2024-06-01;2025-06-01;2026-06-01;2026-08-13,7
228104,296594,Revised_MRP_Guad2022_final.pdf,2021-06-01;2022-06-01;2023-06-01;2024-06-01;2025-06-01;2026-06-01,6
228104,452803,GUAD R3-2020-0020_NOA MRP REV 2024 Final.pdf,2026-08-13,1
228109,137948,,2021-06-01,1
228109,409176,22_0004_Gualala_CSD_WDR.pdf,2022-06-01;2023-06-01;2024-06-01;2025-06-01;2026-06-01;2026-08-13,6
228152,134090,,2021-06-01;2022-06-01;2023-06-01;2024-06-01;2025-06-01;2026-06-01,6
228152,424758,,2026-08-13,1
229051,135439,,2021-06-01;2022-06-01;2023-06-01;2024-06-01;2025-06-01;2026-06-01;2026-08-13,7
229145,141770,,2021-06-01;2022-06-01;2023-06-01;2024-06-01;2025-06-01;2026-06-01;2026-08-13,7
229466,139798,,2021-06-01;2022-06-01;2023-06-01;2024-06-01;2025-06-01;2026-06-01,6
229466,331383,97-010_ NOA.pdf,2026-08-13,1
229544,146737,,2021-06-01;2022-06-01;2023-06-01;2024-06-01;2025-06-01;2026-06-01;2026-08-13,7
229559,412827,r5-2011-0086.pdf,2021-06-01,1
229559,412827,r5-2017-0037.pdf,2021-06-01,1
229559,447871,r5-2011-0086.pdf,2022-06-01;2023-06-01;2024-06-01;2025-06-01;2026-06-01,5
229559,447871,r5-2017-0037.pdf,2022-06-01;2023-06-01;2024-06-01;2025-06-01;2026-06-01,5
229559,447871,r5-2022-0024_npdes.pdf,2022-06-01;2023-06-01;2024-06-01;2025-06-01;2026-06-01;2026-08-13,6
229595,395004,R5-2010-0026.pdf,2021-06-01;2022-06-01;2023-06-01;2024-06-01;2025-06-01;2026-06-01,6
229595,395004,r5-2008-0053.pdf,2021-06-01;2022-06-01;2023-06-01;2024-06-01;2025-06-01;2026-06-01,6
229595,395004,r5-2014-0015-01.pdf,2021-06-01;2022-06-01;2023-06-01;2024-06-01;2025-06-01;2026-06-01,6
229595,395004,r5-2014-0015.pdf,2021-06-01;2022-06-01;2023-06-01;2024-06-01;2025-06-01;2026-06-01,6
229595,439621,r5-2023-0025-011_mgo_noa.pdf,2026-08-13,1
229643,139233,,2021-06-01;2022-06-01,2
229643,448229,22_0011_HappyCamp_WDR.pdf,2023-06-01;2024-06-01;2025-06-01;2026-06-01;2026-08-13,5
229726,420777,CA0107981_OrderR920180002.pdf,2021-06-01;2022-06-01;2023-06-01;2024-06-01;2025-06-01;2026-06-01;2026-08-13,7
229727,374060,HARRF R9-2010-0032.pdf,2021-06-01;2022-06-01;2023-06-01;2024-06-01;2025-06-01;2026-06-01;2026-08-13,7
229817,,,2021-06-01;2022-06-01;2023-06-01;2024-06-01;2025-06-01;2026-06-01;2026-08-13,7
229873,366371,12_0105_WDR_Hayfork.pdf,2021-06-01;2022-06-01;2023-06-01;2024-06-01;2025-06-01;2026-06-01;2026-08-13,7
229882,,EBDA - R2-2022-0023.pdf,2024-06-01;2025-06-01;2026-06-01;2026-08-13,4
229882,448549,EBDA - R2-2017-0016.pdf,2021-06-01;2022-06-01;2023-06-01,3
229882,448549,EBDA - R2-2022-0023.pdf,2023-06-01,1
229882,448549,Nutrient Watershed Permit - R2-2014-0014.pdf,2023-06-01,1
229882,448549,R2-2012-0004.pdf,2023-06-01,1
229882,448549,R2-2018-0010.pdf,2023-06-01,1
229922,399916,080617_05_0084_HealdsburgNPDES.pdf,2021-06-01;2022-06-01,2
229922,399916,102204-HealdsburgNPDES.pdf,2021-06-01;2022-06-01,2
229922,399916,10_0034_NPDESPermit_CityofHealdsburg_WWTP_Adopted_signed.pdf,2021-06-01;2022-06-01,2
229922,399916,16_0015_City_of_Healdsburg_WWTF_NPDES.pdf,2021-06-01;2022-06-01,2
229922,399916,16_0015_City_of_Healdsburg_WWTF_NPDES_Modification.pdf,2021-06-01;2022-06-01,2
229922,399916,17_0047_HealdsburgWWTF_NPDES.pdf,2021-06-01;2022-06-01,2
229922,441149,080617_05_0084_HealdsburgNPDES.pdf,2023-06-01;2024-06-01;2025-06-01;2026-06-01,4
229922,441149,102204-HealdsburgNPDES.pdf,2023-06-01;2024-06-01;2025-06-01;2026-06-01,4
229922,441149,10_0034_NPDESPermit_CityofHealdsburg_WWTP_Adopted_signed.pdf,2023-06-01;2024-06-01;2025-06-01;2026-06-01,4
229922,441149,16_0015_City_of_Healdsburg_WWTF_NPDES.pdf,2023-06-01;2024-06-01;2025-06-01;2026-06-01,4
229922,441149,16_0015_City_of_Healdsburg_WWTF_NPDES_Modification.pdf,2023-06-01;2024-06-01;2025-06-01;2026-06-01,4
229922,441149,17_0047_HealdsburgWWTF_NPDES.pdf,2023-06-01;2024-06-01;2025-06-01;2026-06-01,4
229922,441149,22_0017_Healdsburg_WWTF_NPDES.pdf,2023-06-01;2024-06-01;2025-06-01;2026-06-01;2026-08-13,5
229967,448568,R7-2022-0007.pdf,2023-06-01;2024-06-01;2025-06-01;2026-06-01;2026-08-13,5
229967,R7-2016-0006,,2021-06-01;2022-06-01,2
230011,403017,R6V-2018-0015 Helendale CSD_Silver Lakes WWTP_6B361111001.pdf,2021-06-01;2022-06-01;2023-06-01;2024-06-01;2025-06-01;2026-06-01;2026-08-13,7
230034,402271,JUNE_25_PGE_KC.pdf,2026-08-13,1
230034,96-108,,2021-06-01;2022-06-01;2023-06-01;2024-06-01;2025-06-01;2026-06-01,6
230037,145691,,2021-06-01;2022-06-01;2023-06-01;2024-06-01;2025-06-01;2026-06-01;2026-08-13,7
230092,144396,,2021-06-01;2022-06-01;2023-06-01;2024-06-01;2025-06-01;2026-06-01,6
230092,443318,Hensley Lake_2014_0153-dwq_r5358.pdf,2026-08-13,1
230118,139889,,2021-06-01;2022-06-01;2023-06-01;2024-06-01;2025-06-01;2026-06-01,6
230118,446982,,2026-08-13,1
230132,418018,R3-2011-0007_Heritage_Ranch_Final_Adopted.pdf,2021-06-01;2022-06-01;2023-06-01;2024-06-01;2025-06-01;2026-06-01,6
230132,418018,R3-2017-0026 Final.pdf,2021-06-01;2022-06-01;2023-06-01;2024-06-01;2025-06-01;2026-06-01;2026-08-13,7
230181,,,2021-06-01;2022-06-01;2023-06-01;2024-06-01;2025-06-01;2026-06-01;2026-08-13,7
230282,147692,,2021-06-01;2022-06-01;2023-06-01;2024-06-01;2025-06-01;2026-06-01;2026-08-13,7
230290,131826,,2021-06-01;2022-06-01;2023-06-01;2024-06-01;2025-06-01;2026-06-01;2026-08-13,7
230429,133595,6-04-18 Revised WDR hilton Creek COmmunity Services District.pdf,2021-06-01;2022-06-01;2023-06-01;2024-06-01;2025-06-01;2026-06-01;2026-08-13,7
230555,359247,MRR_signed.pdf,2021-06-01;2022-06-01;2023-06-01;2024-06-01;2025-06-01;2026-06-01,6
230555,455238,Hollister 0068_NOA&MRP_final.pdf,2026-08-13,1
230588,404868,R7-2011-0020 Holtville NPDES.pdf,2021-06-01,1
230588,446737,R7-2011-0020 Holtville NPDES.pdf,2022-06-01;2023-06-01;2024-06-01;2025-06-01;2026-06-01,5
230588,446737,R7-2022-0005.pdf,2022-06-01;2023-06-01;2024-06-01;2025-06-01;2026-06-01;2026-08-13,6
230693,347603,080618_08_0003_WDR_HoplandPUD.pdf,2021-06-01;2022-06-01;2023-06-01,3
230693,454064,23_0013_Hopland PUD WWTF_WDR_EO Signed.pdf,2024-06-01;2025-06-01;2026-06-01;2026-08-13,4
230706,144181,,2021-06-01;2022-06-01;2023-06-01;2024-06-01;2025-06-01;2026-06-01,6
230706,393487,,2026-08-13,1
230784,406917,r6t-2016-0036_herlong.pdf,2021-06-01;2022-06-01;2023-06-01;2024-06-01;2025-06-01;2026-06-01;2026-08-13,7
230812,383599,r5-2012-0003.pdf,2021-06-01;2022-06-01;2023-06-01;2024-06-01;2025-06-01;2026-06-01;2026-08-13,7
230825,,,2021-06-01;2022-06-01;2023-06-01;2024-06-01;2025-06-01;2026-06-01;2026-08-13,7
230914,144647,,2021-06-01;2022-06-01;2023-06-01;2024-06-01;2025-06-01;2026-06-01;2026-08-13,7
231693,428016,4917_R4-2014-0064-A01_WDR_PKG_amd.pdf,2021-06-01;2022-06-01;2023-06-01;2024-06-01;2025-06-01;2026-06-01,6
231693,428016,4917_R4-2014-0064-A02_WDR_PKG_amd.pdf,2021-06-01;2022-06-01;2023-06-01;2024-06-01;2025-06-01;2026-06-01,6
231693,428016,4917_R4-2019-0137_WDR.pdf,2021-06-01;2022-06-01;2023-06-01;2024-06-01;2025-06-01;2026-06-01,6
231693,460109,4917_R4-2026-0152_WDR.pdf,2026-08-13,1
232063,384601,1492_R4-2005-0020_FS.pdf,2021-06-01;2022-06-01,2
232063,384601,1492_R4-2005-0020_WDR.pdf,2021-06-01;2022-06-01,2
232063,384601,1492_R4-2010-0200_WDR_PKG.pdf,2021-06-01;2022-06-01,2
232063,384601,1492_R4-2017-0045_WDR_PKG.pdf,2021-06-01;2022-06-01,2
232063,447793,1492_R4-2005-0020_FS.pdf,2023-06-01;2024-06-01;2025-06-01;2026-06-01,4
232063,447793,1492_R4-2005-0020_WDR.pdf,2023-06-01;2024-06-01;2025-06-01;2026-06-01,4
232063,447793,1492_R4-2010-0200_WDR_PKG.pdf,2023-06-01;2024-06-01;2025-06-01;2026-06-01,4
232063,447793,1492_R4-2017-0045_WDR_PKG.pdf,2023-06-01;2024-06-01;2025-06-01;2026-06-01,4
232063,447793,Hyperion NPDES CA0109991 CI-1492_FINAL+SIGNED.pdf,2023-06-01;2024-06-01;2025-06-01;2026-06-01;2026-08-13,5
232097,144384,,2021-06-01;2022-06-01;2023-06-01;2024-06-01;2025-06-01;2026-06-01;2026-08-13,7
232098,145332,,2021-06-01;2022-06-01;2023-06-01;2024-06-01;2025-06-01;2026-06-01,6
232098,421874,NOA 2014_0153_dwq_r5281.pdf,2026-08-13,1
232151,90-128,,2021-06-01;2022-06-01;2023-06-01;2024-06-01;2025-06-01;2026-06-01;2026-08-13,7
232170,194826,NOA DWQ-2003-0003-0002.pdf,2021-06-01;2022-06-01;2023-06-01;2024-06-01;2025-06-01;2026-06-01;2026-08-13,7
232259,396944,R7-2014-0026.pdf,2021-06-01;2022-06-01;2023-06-01;2024-06-01;2025-06-01;2026-06-01,6
232259,461875,R7-2025-0019.pdf,2026-08-13,1
232297,443074,0020imperial_npdes.pdf,2021-06-01;2022-06-01;2023-06-01;2024-06-01;2025-06-01;2026-06-01,6
232297,443074,0030imperial.pdf,2021-06-01;2022-06-01;2023-06-01;2024-06-01;2025-06-01;2026-06-01,6
232297,443074,R7-2021-0002.pdf,2021-06-01;2022-06-01;2023-06-01;2024-06-01;2025-06-01;2026-06-01;2026-08-13,7
232360,140734,,2021-06-01;2022-06-01;2023-06-01;2024-06-01;2025-06-01;2026-06-01,6
232360,416842,Indian Rock NOA.pdf,2026-08-13,1
232363,143182,,2021-06-01;2022-06-01;2023-06-01;2024-06-01;2025-06-01;2026-06-01,6
232363,463719,2026-06-01_WDR_NOA_Revised_IndianSpringsWWTP.pdf,2026-08-13,1
232428,,,2021-06-01;2022-06-01;2023-06-01;2024-06-01;2025-06-01;2026-06-01;2026-08-13,7
232429,,,2021-06-01;2022-06-01;2023-06-01;2024-06-01;2025-06-01;2026-06-01;2026-08-13,7
232625,146191,,2021-06-01;2022-06-01;2023-06-01;2024-06-01;2025-06-01;2026-06-01;2026-08-13,7
232641,137959,,2021-06-01;2022-06-01;2023-06-01;2024-06-01;2025-06-01;2026-06-01;2026-08-13,7
232656,428157,R5-2018-0090_npdes permit.pdf,2021-06-01;2022-06-01;2023-06-01;2024-06-01,4
232656,428157,r5-2008-0057.pdf,2021-06-01;2022-06-01;2023-06-01;2024-06-01,4
232656,428157,r5-2013-0157.pdf,2021-06-01;2022-06-01;2023-06-01;2024-06-01,4
232656,428157,r5-2014-0122.pdf,2021-06-01;2022-06-01;2023-06-01;2024-06-01,4
232656,457472,R5-2018-0090_npdes permit.pdf,2025-06-01;2026-06-01,2
232656,457472,R5-2024-0038.pdf,2025-06-01;2026-06-01;2026-08-13,3
232656,457472,r5-2008-0057.pdf,2025-06-01;2026-06-01,2
232656,457472,r5-2013-0157.pdf,2025-06-01;2026-06-01,2
232656,457472,r5-2014-0122.pdf,2025-06-01;2026-06-01,2
232721,140685,,2021-06-01;2022-06-01;2023-06-01;2024-06-01;2025-06-01;2026-06-01;2026-08-13,7
233409,457201,Jalama-NOA 0153_June 2024_final.pdf,2026-08-13,1
233409,86-003,,2021-06-01;2022-06-01;2023-06-01;2024-06-01;2025-06-01;2026-06-01,6
233460,142343,,2021-06-01,1
233460,429663,Jamestown WDRs r5_2021_0046.pdf,2022-06-01;2023-06-01;2024-06-01;2025-06-01;2026-06-01;2026-08-13,6
234117,434801,Required Plans for Julian WPCF.pdf,2026-08-13,1
234117,R9-1983-0009,,2021-06-01;2022-06-01;2023-06-01;2024-06-01;2025-06-01;2026-06-01,6
234123,146152,,2021-06-01;2022-06-01;2023-06-01;2024-06-01;2025-06-01;2026-06-01;2026-08-13,7
234126,,,2021-06-01;2022-06-01;2023-06-01;2024-06-01;2025-06-01;2026-06-01;2026-08-13,7
234146,172683,r5-2007-0150.pdf,2021-06-01;2022-06-01;2023-06-01;2024-06-01;2025-06-01;2026-06-01;2026-08-13,7
234156,416544,1758_R4-2006-0042_WDR PCK.pdf,2021-06-01;2022-06-01;2023-06-01,3
234156,416544,1758_R4-2011-0151_WDR_PKG.pdf,2021-06-01;2022-06-01;2023-06-01,3
234156,416544,1758_R4-2017-0180_WDR_PKG.pdf,2021-06-01;2022-06-01;2023-06-01,3
234156,452398,1758_R4-2006-0042_WDR PCK.pdf,2024-06-01;2025-06-01;2026-06-01,3
234156,452398,1758_R4-2011-0151_WDR_PKG.pdf,2024-06-01;2025-06-01;2026-06-01,3
234156,452398,1758_R4-2017-0180_WDR_PKG.pdf,2024-06-01;2025-06-01;2026-06-01,3
234156,452398,Adopted JWPCP PERMIT NPDES CI-1758 05252023.pdf,2024-06-01;2025-06-01;2026-06-01;2026-08-13,4
234841,331380,Kerman WWTF R5-2007-0115.pdf,2021-06-01;2022-06-01;2023-06-01;2024-06-01;2025-06-01;2026-06-01;2026-08-13,7
234854,143942,,2021-06-01;2022-06-01;2023-06-01;2024-06-01;2025-06-01;2026-06-01;2026-08-13,7
234913,148782,,2021-06-01;2022-06-01;2023-06-01;2024-06-01;2025-06-01;2026-06-01;2026-08-13,7
234915,328915,R5-2007-0090.pdf,2021-06-01;2022-06-01;2023-06-01;2024-06-01;2025-06-01;2026-06-01;2026-08-13,7
235021,144671,,2021-06-01;2022-06-01;2023-06-01;2024-06-01;2025-06-01;2026-06-01,6
235021,456568,King City Big Order NOA_MRP_Final.pdf,2026-08-13,1
235051,145956,,2021-06-01;2022-06-01;2023-06-01;2024-06-01;2025-06-01;2026-06-01;2026-08-13,7
235068,145906,,2021-06-01;2022-06-01;2023-06-01;2024-06-01;2025-06-01;2026-06-01,6
235068,447750,,2026-08-13,1
235088,333494,R5-2007-0125-wdr.pdf,2021-06-01;2022-06-01;2023-06-01;2024-06-01;2025-06-01;2026-06-01;2026-08-13,7
235102,137522,,2021-06-01;2022-06-01;2023-06-01;2024-06-01;2025-06-01;2026-06-01;2026-08-13,7
235144,340006,R5-2007-0149.pdf,2021-06-01;2022-06-01;2023-06-01;2024-06-01;2025-06-01;2026-06-01;2026-08-13,7
235208,364419,r5-2002-0157.pdf,2026-08-13,1
235208,R5-2002-0157,,2021-06-01;2022-06-01;2023-06-01;2024-06-01;2025-06-01;2026-06-01,6
235738,407633,5675_R4-2006-0092_FS.pdf,2021-06-01;2022-06-01,2
235738,407633,5675_R4-2006-0092_WDR.pdf,2021-06-01;2022-06-01,2
235738,407633,5675_R4-2010-0059_WDR_amd.pdf,2021-06-01;2022-06-01,2
235738,407633,5675_R4-2011-0197_WDR_PKG.pdf,2021-06-01;2022-06-01,2
235738,407633,5675_R4-2017-0063_WDR_PKG.pdf,2021-06-01;2022-06-01,2
235738,452152,5675_R4-2006-0092_FS.pdf,2023-06-01;2024-06-01;2025-06-01;2026-06-01,4
235738,452152,5675_R4-2006-0092_WDR.pdf,2023-06-01;2024-06-01;2025-06-01;2026-06-01,4
235738,452152,5675_R4-2010-0059_WDR_amd.pdf,2023-06-01;2024-06-01;2025-06-01;2026-06-01,4
235738,452152,5675_R4-2011-0197_WDR_PKG.pdf,2023-06-01;2024-06-01;2025-06-01;2026-06-01,4
235738,452152,5675_R4-2017-0063_WDR_PKG.pdf,2023-06-01;2024-06-01;2025-06-01;2026-06-01,4
235738,452152,Final LAG NPDES permit_CI 5675 Final_Signed.pdf,2023-06-01;2024-06-01;2025-06-01;2026-06-01;2026-08-13,5
235798,393681,CCWD_La Contenta_R5-2013-0133_WDR.pdf,2021-06-01;2022-06-01;2023-06-01;2024-06-01;2025-06-01;2026-06-01;2026-08-13,7
235798,393681,R5-2018-0062-La Contenta WWTF.pdf,2021-06-01;2022-06-01;2023-06-01;2024-06-01;2025-06-01;2026-06-01;2026-08-13,7
235826,397484,2848_R4-2009-0077_WDR_PKG.pdf,2021-06-01,1
235826,397484,2848_R4-2014-0213-A01_WDR_PKG_amd.pdf,2021-06-01,1
235826,397484,2848_R4-2014-0213_WDR_PKG.pdf,2021-06-01,1
235826,443746,2848_R4-2009-0077_WDR_PKG.pdf,2022-06-01;2023-06-01;2024-06-01;2025-06-01;2026-06-01,5
235826,443746,2848_R4-2014-0213-A01_WDR_PKG_amd.pdf,2022-06-01;2023-06-01;2024-06-01;2025-06-01;2026-06-01,5
235826,443746,2848_R4-2014-0213_WDR_PKG.pdf,2022-06-01;2023-06-01;2024-06-01;2025-06-01;2026-06-01,5
235826,443746,2848_R4-2021-0096_WDR_PKG.pdf,2022-06-01;2023-06-01;2024-06-01;2025-06-01;2026-06-01;2026-08-13,6
236019,434521,AmendedOrderR920190166_Digitally Signed signed dwg 12-14-21.pdf,2021-06-01;2022-06-01;2023-06-01;2024-06-01;2025-06-01;2026-06-01;2026-08-13,7
236019,434521,AmendingOrderR920210199_Digitally Signed signed dwg 12-14-21.pdf,2021-06-01;2022-06-01;2023-06-01;2024-06-01;2025-06-01;2026-06-01;2026-08-13,7
236019,434521,Oceanside_Final_Adopted_Order_R9-2019-0166 (1).pdf,2021-06-01;2022-06-01;2023-06-01;2024-06-01;2025-06-01;2026-06-01;2026-08-13,7
236019,434521,R9-2011-0016_amended2.pdf,2021-06-01;2022-06-01;2023-06-01;2024-06-01;2025-06-01;2026-06-01,6
236019,434521,R9-2019-0166_Amended2020 signed dwg 08-17-20.pdf,2021-06-01;2022-06-01;2023-06-01;2024-06-01;2025-06-01;2026-06-01;2026-08-13,7
236019,434521,R9-2020-0190_Final_Order signed dwg 08-17-20.pdf,2021-06-01;2022-06-01;2023-06-01;2024-06-01;2025-06-01;2026-06-01;2026-08-13,7
236019,434521,R9_2011_0016New2014.pdf,2021-06-01;2022-06-01;2023-06-01;2024-06-01;2025-06-01;2026-06-01,6
236019,434521,R9_2014_0108.pdf,2021-06-01;2022-06-01;2023-06-01;2024-06-01;2025-06-01;2026-06-01,6
236124,383007,Laguna SD wdr_with_mrp_2011-0217.pdf,2021-06-01;2022-06-01;2023-06-01;2024-06-01;2025-06-01;2026-06-01,6
236124,453915,LCSD R3-2020-0020 NOA MRP.pdf,2026-08-13,1
236178,134598,,2021-06-01;2022-06-01;2023-06-01;2024-06-01;2025-06-01;2026-06-01;2026-08-13,7
236181,367835,R6V-2009-0037 Lake Arrowhead Community Services District.pdf.pdf,2021-06-01;2022-06-01;2023-06-01;2024-06-01;2025-06-01;2026-06-01;2026-08-13,7
236190,371737,r5-2010-0103.pdf,2021-06-01;2022-06-01;2023-06-01;2024-06-01;2025-06-01;2026-06-01,6
236190,397559,WDR Order R5-2016-0033.pdf,2026-08-13,1
236192,94-143,,2021-06-01;2022-06-01;2023-06-01;2024-06-01;2025-06-01;2026-06-01;2026-08-13,7
236222,144117,,2021-06-01;2022-06-01;2023-06-01;2024-06-01;2025-06-01;2026-06-01,6
236222,437408,Lake Isabella Wastewater Treatment Facility NOA 2-6-2020.pdf,2026-08-13,1
236225,97-010-DWQ,,2021-06-01;2022-06-01;2023-06-01;2024-06-01;2025-06-01;2026-06-01;2026-08-13,7
236236,400796,R5-2009-0031_npdes.pdf,2021-06-01;2022-06-01;2023-06-01;2024-06-01;2025-06-01;2026-06-01,6
236236,400796,r5-2015-0028_npdes.pdf,2021-06-01;2022-06-01;2023-06-01;2024-06-01;2025-06-01;2026-06-01,6
236236,439955,R5-2023-0025-014_noa.pdf,2026-08-13,1
236236,439955,nvcosd1_lop_wwtp_final_noa.pdf,2026-08-13,1
236252,131135,,2021-06-01;2022-06-01,2
236252,448832,08-12-2022_WDR_Lake San Antonio Recreation Area South Shore WWTP NOA_final.pdf,2023-06-01;2024-06-01;2025-06-01;2026-06-01;2026-08-13,5
236258,371554,12_0029_WDR_LakeShastina_KVG_120618.pdf,2021-06-01;2022-06-01;2023-06-01;2024-06-01;2025-06-01;2026-06-01;2026-08-13,7
236292,400917,R5-2009-0004.pdf,2021-06-01;2022-06-01;2023-06-01;2024-06-01;2025-06-01;2026-06-01,6
236292,400917,r5-2015-0029.pdf,2021-06-01;2022-06-01;2023-06-01;2024-06-01;2025-06-01;2026-06-01,6
236292,439953,R5-2023-0025-013_NOA.pdf,2026-08-13,1
236297,133542,,2021-06-01;2022-06-01;2023-06-01;2024-06-01;2025-06-01;2026-06-01,6
236297,397371,97-10-DWQ.pdf,2026-08-13,1
236309,147221,,2021-06-01;2022-06-01;2023-06-01;2024-06-01;2025-06-01;2026-06-01,6
236309,426845,Lakeshore Resort_NOA 2014-0153-DWQ_.pdf,2026-08-13,1
236336,146005,,2021-06-01;2022-06-01;2023-06-01;2024-06-01;2025-06-01;2026-06-01;2026-08-13,7
236378,400175,6-02-0053A2 WDR Los Angeles County Sanitation District No. 14 Lancaster Water Reclamation Plant.pdf,2021-06-01;2022-06-01,2
236378,400175,R6V-2006-0035 LACSD 14.WDR.Final.pdf,2021-06-01;2022-06-01,2
236378,449006,r6v-2022-0023-lacsd-rev-wdr.pdf,2023-06-01;2024-06-01;2025-06-01;2026-06-01;2026-08-13,5
236596,,,2021-06-01;2022-06-01;2023-06-01;2024-06-01;2025-06-01;2026-06-01;2026-08-13,7
236597,,,2021-06-01;2022-06-01,2
236597,450979,LGVSD Notice of Applicability Package.pdf,2023-06-01;2024-06-01;2025-06-01;2026-06-01;2026-08-13,5
236598,439063,Nutrient Watershed Permit - R2-2014-0014.pdf,2021-06-01;2022-06-01;2023-06-01;2024-06-01;2025-06-01;2026-06-01,6
236598,439063,R2-2015-0021.pdf,2021-06-01;2022-06-01;2023-06-01;2024-06-01;2025-06-01;2026-06-01,6
236598,439063,R2-2020-0022.pdf,2021-06-01;2022-06-01;2023-06-01;2024-06-01;2025-06-01;2026-06-01;2026-08-13,7
236601,317955,WDR R3-2006-0041 final.pdf,2021-06-01;2022-06-01;2023-06-01;2024-06-01;2025-06-01;2026-06-01;2026-08-13,7
236649,384618,AmendedOrder.pdf,2021-06-01,1
236649,384618,AmendingOrder.pdf,2021-06-01,1
236649,384618,SJCOOFinalAmendingOrder.pdf,2021-06-01,1
236649,438059,AmendedOrder.pdf,2022-06-01;2023-06-01;2024-06-01;2025-06-01;2026-06-01,5
236649,438059,AmendingOrder.pdf,2022-06-01;2023-06-01;2024-06-01;2025-06-01;2026-06-01,5
236649,438059,SJCOOFinalAmendingOrder.pdf,2022-06-01;2023-06-01;2024-06-01;2025-06-01;2026-06-01,5
236649,438059,amended_order_sjcoo signed dwg 03-19-25.pdf,2022-06-01;2023-06-01;2024-06-01;2025-06-01;2026-06-01;2026-08-13,6
236649,438059,att._1_to_amending_order_sjcoo.pdf,2022-06-01;2023-06-01;2024-06-01;2025-06-01;2026-06-01;2026-08-13,6
236649,438059,r9-2022-0005-a1_v3 signed dwg 03-28-24.pdf,2022-06-01;2023-06-01;2024-06-01;2025-06-01;2026-06-01;2026-08-13,6
236649,438059,r9_2022_0005_sjcoo_signature signed dwg 03-18-22.pdf,2022-06-01;2023-06-01;2024-06-01;2025-06-01;2026-06-01;2026-08-13,6
236755,195114,,2026-08-13,1
236755,82-098,,2021-06-01;2022-06-01;2023-06-01;2024-06-01;2025-06-01;2026-06-01,6
236765,145366,,2021-06-01;2022-06-01;2023-06-01;2024-06-01;2025-06-01;2026-06-01;2026-08-13,7
236772,144869,,2021-06-01;2022-06-01;2023-06-01;2024-06-01;2025-06-01;2026-06-01,6
236772,443834,NOA Tejon Pass Safety Roadside Rest Area Wastewater Treatment Facility.pdf,2026-08-13,1
236786,145756,,2021-06-01;2022-06-01;2023-06-01;2024-06-01;2025-06-01;2026-06-01;2026-08-13,7
236838,141278,,2021-06-01;2022-06-01;2023-06-01;2024-06-01;2025-06-01;2026-06-01,6
236838,374244,RM374244.pdf,2026-08-13,1
236857,131463,,2021-06-01;2022-06-01;2023-06-01;2024-06-01;2025-06-01;2026-06-01;2026-08-13,7
236887,,,2021-06-01;2022-06-01;2023-06-01;2024-06-01;2025-06-01;2026-06-01;2026-08-13,7
236888,140611,,2021-06-01;2022-06-01;2023-06-01;2024-06-01;2025-06-01;2026-06-01;2026-08-13,7
236926,194678,,2021-06-01;2022-06-01;2023-06-01;2024-06-01;2025-06-01;2026-06-01;2026-08-13,7
236941,439593,20_0024_LewistonCSD_WDR.pdf,2021-06-01;2022-06-01;2023-06-01;2024-06-01;2025-06-01;2026-06-01;2026-08-13,7
236967,148508,,2021-06-01;2022-06-01;2023-06-01;2024-06-01;2025-06-01;2026-06-01;2026-08-13,7
236985,147601,,2021-06-01;2022-06-01;2023-06-01;2024-06-01;2025-06-01;2026-06-01;2026-08-13,7
237060,415997,lindacwd_wwtp_npdes_osb.pdf,2021-06-01;2022-06-01,2
237060,415997,r5-2006-0096.pdf,2021-06-01;2022-06-01,2
237060,415997,r5-2012-0034.pdf,2021-06-01;2022-06-01,2
237060,415997,r5-2017-0094-01_npdes.pdf,2021-06-01;2022-06-01,2
237060,450326,lindacwd_wwtp_npdes_osb.pdf,2023-06-01;2024-06-01;2025-06-01;2026-06-01,4
237060,450326,r5-2006-0096.pdf,2023-06-01;2024-06-01;2025-06-01;2026-06-01,4
237060,450326,r5-2012-0034.pdf,2023-06-01;2024-06-01;2025-06-01;2026-06-01,4
237060,450326,r5-2017-0094-01_npdes.pdf,2023-06-01;2024-06-01;2025-06-01;2026-06-01,4
237060,450326,r5-2022-0070_npdes.pdf,2023-06-01;2024-06-01;2025-06-01;2026-06-01;2026-08-13,5
237069,141384,,2021-06-01;2022-06-01;2023-06-01;2024-06-01;2025-06-01;2026-06-01;2026-08-13,7
237113,132994,r5-2004-0078.pdf,2021-06-01;2022-06-01;2023-06-01;2024-06-01;2025-06-01;2026-06-01,6
237113,421200,San Joaquin County_ NOA.pdf,2026-08-13,1
237114,143799,,2021-06-01;2022-06-01;2023-06-01;2024-06-01;2025-06-01;2026-06-01;2026-08-13,7
237123,376175,WDR & WRR R3-2010-0010 Lions Gate Golf Partners.pdf,2021-06-01;2022-06-01;2023-06-01;2024-06-01;2025-06-01;2026-06-01;2026-08-13,7
237149,143454,,2021-06-01;2022-06-01;2023-06-01;2024-06-01;2025-06-01;2026-06-01,6
237149,454556,NOA_MRP_LittleBear_0153_2023_final.pdf,2026-08-13,1
237194,89-125,,2021-06-01;2022-06-01;2023-06-01;2024-06-01;2025-06-01;2026-06-01;2026-08-13,7
237195,443265,DSRSD - R2-2017-0017.pdf,2022-06-01,1
237195,443265,EBDA - R2-2017-0016.pdf,2021-06-01;2022-06-01,2
237195,443265,LAVWMA - R2-2021-0007.pdf,2022-06-01,1
237195,443265,Nutrient Watershed Permit - R2-2014-0014.pdf,2022-06-01,1
237195,443265,R2-2012-0004.pdf,2022-06-01,1
237195,443265,R2-2016-0015.pdf,2022-06-01,1
237195,448551,City of Livermore - R2-2017-0018.pdf,2023-06-01;2024-06-01;2025-06-01;2026-06-01,4
237195,448551,City of Livermore - R2-2022-2025.pdf,2023-06-01;2024-06-01;2025-06-01;2026-06-01;2026-08-13,5
237195,448551,EBDA - R2-2017-0016.pdf,2023-06-01;2024-06-01;2025-06-01;2026-06-01,4
237195,448551,EBDA - R2-2022-0023.pdf,2023-06-01;2024-06-01;2025-06-01;2026-06-01;2026-08-13,5
237195,448551,LAVWMA - R2-2021-0007.pdf,2023-06-01;2024-06-01;2025-06-01;2026-06-01;2026-08-13,5
237195,448551,Nutrient Watershed Permit - R2-2014-0014.pdf,2023-06-01;2024-06-01;2025-06-01;2026-06-01,4
237195,448551,R2-2012-0004.pdf,2023-06-01;2024-06-01;2025-06-01;2026-06-01,4
237195,448551,R2-2012-0006.pdf,2023-06-01;2024-06-01;2025-06-01;2026-06-01,4
237195,448551,R2-2016-0015.pdf,2023-06-01;2024-06-01;2025-06-01;2026-06-01,4
237195,448551,R2-2018-0010.pdf,2023-06-01,1
237252,340054,R5-2007-0179.pdf,2021-06-01;2022-06-01;2023-06-01;2024-06-01;2025-06-01;2026-06-01;2026-08-13,7
237286,91-054,,2021-06-01;2022-06-01;2023-06-01;2024-06-01;2025-06-01;2026-06-01;2026-08-13,7
237295,416904,20_0002_Loleta_CSD_WDR and Recycling NPDES.pdf,2021-06-01;2022-06-01;2023-06-01;2024-06-01;2025-06-01;2026-06-01;2026-08-13,7
237295,416904,R1-2008-0001.pdf,2021-06-01;2022-06-01;2023-06-01;2024-06-01;2025-06-01;2026-06-01,6
237315,383021,Lompoc Order No. R3-2006-0037.pdf,2021-06-01,1
237315,383021,NPDES_R3-2011-0211_Lompoc_WW_Reclamation.pdf,2021-06-01,1
237315,447545,Lompoc Order No. R3-2006-0037.pdf,2022-06-01;2023-06-01;2024-06-01;2025-06-01;2026-06-01,5
237315,447545,NPDES_R3-2011-0211_Lompoc_WW_Reclamation.pdf,2022-06-01;2023-06-01;2024-06-01;2025-06-01;2026-06-01,5
237315,447545,lompoc_finalorder.pdf,2022-06-01;2023-06-01;2024-06-01;2025-06-01;2026-06-01;2026-08-13,6
237325,146806,,2021-06-01;2022-06-01;2023-06-01;2024-06-01;2025-06-01;2026-06-01;2026-08-13,7
237395,296613,Los Alamos OrderNo R3-2005-0133.pdf,2021-06-01;2022-06-01;2023-06-01;2024-06-01;2025-06-01;2026-06-01,6
237395,448961,08-24-2022_WDR_Los Alamos NOA MRP Final.pdf,2026-08-13,1
237396,384629,ACOOFinalAmendedOrder.pdf,2021-06-01,1
237396,384629,ACOOFinalAmendingOrder.pdf,2021-06-01,1
237396,446048,ACOOFinalAmendedOrder.pdf,2022-06-01;2023-06-01;2024-06-01;2025-06-01;2026-06-01,5
237396,446048,ACOOFinalAmendingOrder.pdf,2022-06-01;2023-06-01;2024-06-01;2025-06-01;2026-06-01,5
237396,446048,r9_2022_0006_acoo_signature signed dwg 03-18-21.pdf,2022-06-01;2023-06-01;2024-06-01;2025-06-01;2026-06-01;2026-08-13,6
237543,142567,,2021-06-01;2022-06-01;2023-06-01;2024-06-01;2025-06-01;2026-06-01;2026-08-13,7
237748,,,2021-06-01;2022-06-01;2023-06-01;2024-06-01;2025-06-01;2026-06-01;2026-08-13,7
237867,,,2021-06-01;2022-06-01;2023-06-01;2024-06-01;2025-06-01;2026-06-01;2026-08-13,7
237922,136251,,2021-06-01;2022-06-01;2023-06-01;2024-06-01;2025-06-01;2026-06-01;2026-08-13,7
238315,,,2026-08-13,1
238315,395742,5322_R4-2014-0040_WDR_PKG.pdf,2021-06-01;2022-06-01;2023-06-01;2024-06-01;2025-06-01;2026-06-01,6
238365,428207,r5-2008-0156.pdf,2021-06-01;2022-06-01;2023-06-01,3
238365,428207,r5-2014-0007_npdes.pdf,2021-06-01;2022-06-01;2023-06-01,3
238365,428207,r5-2018-0081-01_npdes.pdf,2021-06-01;2022-06-01;2023-06-01,3
238365,428207,r5-2018-0081.pdf,2021-06-01;2022-06-01;2023-06-01,3
238365,428207,r5-2023-0014_npdes_ao.pdf,2021-06-01;2022-06-01;2023-06-01,3
238365,456827,r5-2008-0156.pdf,2024-06-01;2025-06-01;2026-06-01,3
238365,456827,r5-2014-0007_npdes.pdf,2024-06-01;2025-06-01;2026-06-01,3
238365,456827,r5-2018-0081-01_npdes.pdf,2024-06-01;2025-06-01;2026-06-01,3
238365,456827,r5-2018-0081.pdf,2024-06-01;2025-06-01;2026-06-01,3
238365,456827,r5-2023-0014_npdes_ao.pdf,2024-06-01;2025-06-01;2026-06-01,3
238365,456827,r5-2024-0024_npdes.pdf,2024-06-01;2025-06-01;2026-06-01;2026-08-13,4
238562,385694,5662_R4-2007-0047_WDR_PKG.pdf,2021-06-01,1
238562,385694,5662_R4-2015-0123_WDR_PKG.pdf,2021-06-01,1
238562,447474,5662_R4-2007-0047_WDR_PKG.pdf,2022-06-01;2023-06-01;2024-06-01;2025-06-01;2026-06-01,5
238562,447474,5662_R4-2015-0123_WDR_PKG.pdf,2022-06-01;2023-06-01;2024-06-01;2025-06-01;2026-06-01,5
238562,447474,5662_R4-2022-0032_WDR_PKG.pdf,2022-06-01;2023-06-01;2024-06-01;2025-06-01;2026-06-01;2026-08-13,6
238646,385612,5059_R4-2007-0048_WDR_PKG.pdf,2021-06-01,1
238646,385612,5059_R4-2015-0124_WDR_PKG.pdf,2021-06-01,1
238646,445113,5059_R4-2007-0048_WDR_PKG.pdf,2022-06-01;2023-06-01;2024-06-01;2025-06-01;2026-06-01,5
238646,445113,5059_R4-2015-0124_WDR_PKG.pdf,2022-06-01;2023-06-01;2024-06-01;2025-06-01;2026-06-01,5
238646,445113,5059_R4-2021-0142_WDR_PKG (signed).pdf,2022-06-01;2023-06-01;2024-06-01;2025-06-01;2026-06-01;2026-08-13,6
239038,132842,,2021-06-01;2022-06-01;2023-06-01;2024-06-01;2025-06-01;2026-06-01;2026-08-13,7
239130,147706,,2021-06-01;2022-06-01;2023-06-01;2024-06-01;2025-06-01;2026-06-01;2026-08-13,7
239190,132995,r5-2004-0085.pdf,2021-06-01;2022-06-01;2023-06-01;2024-06-01;2025-06-01;2026-06-01;2026-08-13,7
239283,145892,,2021-06-01;2022-06-01;2023-06-01;2024-06-01;2025-06-01;2026-06-01;2026-08-13,7
239291,147525,,2021-06-01;2022-06-01;2023-06-01;2024-06-01;2025-06-01;2026-06-01;2026-08-13,7
239317,139078,,2021-06-01;2022-06-01;2023-06-01,3
239317,453105,22_0003_ManilaCSD_WDR_Final_signed.pdf,2024-06-01;2025-06-01;2026-06-01;2026-08-13,4
239343,442750,R5-2009-0095.pdf,2021-06-01;2022-06-01;2023-06-01;2024-06-01;2025-06-01;2026-06-01,6
239343,442750,R5-2015-0044.pdf,2021-06-01;2022-06-01;2023-06-01;2024-06-01;2025-06-01;2026-06-01,6
239343,442750,r5-2015-0026.pdf,2021-06-01;2022-06-01;2023-06-01;2024-06-01;2025-06-01;2026-06-01,6
239343,442750,r5-2021-0003_npdes.pdf,2021-06-01;2022-06-01;2023-06-01;2024-06-01;2025-06-01;2026-06-01,6
239343,465663,r5-2026-0034_npdes.pdf,2026-08-13,1
239451,R2-2002-0067,,2021-06-01;2022-06-01;2023-06-01;2024-06-01;2025-06-01;2026-06-01;2026-08-13,7
239497,423353,Final Order_Tiburon (R2-2013-0027) (signed copy).pdf,2021-06-01;2022-06-01;2023-06-01,3
239497,423353,Nutrient Watershed Permit - R2-2014-0014.pdf,2021-06-01;2022-06-01;2023-06-01,3
239497,423353,Tiburon R2-2018-0038.pdf,2021-06-01;2022-06-01;2023-06-01,3
239497,454699,Final Order_Tiburon (R2-2013-0027) (signed copy).pdf,2024-06-01;2025-06-01;2026-06-01,3
239497,454699,Nutrient Watershed Permit - R2-2014-0014.pdf,2024-06-01;2025-06-01;2026-06-01,3
239497,454699,R2-2023-0018.pdf,2024-06-01;2025-06-01;2026-06-01;2026-08-13,4
239497,454699,Tiburon R2-2018-0038.pdf,2024-06-01;2025-06-01;2026-06-01,3
239498,409704,Nutrient Watershed Permit - R2-2014-0014.pdf,2021-06-01,1
239498,409704,R2-2016-0042.pdf,2021-06-01,1
239498,444891,Nutrient Watershed Permit - R2-2014-0014.pdf,2022-06-01;2023-06-01;2024-06-01;2025-06-01;2026-06-01,5
239498,444891,Paradise Cove - R2-2021-0017.pdf,2022-06-01;2023-06-01;2024-06-01;2025-06-01;2026-06-01;2026-08-13,6
239498,444891,R2-2016-0042.pdf,2022-06-01;2023-06-01;2024-06-01;2025-06-01;2026-06-01,5
239542,78-053,,2021-06-01;2022-06-01;2023-06-01;2024-06-01;2025-06-01;2026-06-01;2026-08-13,7
239543,146330,,2021-06-01;2022-06-01;2023-06-01;2024-06-01;2025-06-01;2026-06-01,6
239543,440058,Mariposa Pines WWTF NOA.pdf,2026-08-13,1
239591,145323,,2021-06-01;2022-06-01;2023-06-01;2024-06-01;2025-06-01;2026-06-01;2026-08-13,7
239729,148426,,2021-06-01;2022-06-01;2023-06-01;2024-06-01;2025-06-01;2026-06-01;2026-08-13,7
239773,148495,,2021-06-01;2022-06-01;2023-06-01;2024-06-01;2025-06-01;2026-06-01;2026-08-13,7
239789,93-090,,2021-06-01;2022-06-01;2023-06-01;2024-06-01;2025-06-01;2026-06-01;2026-08-13,7
239874,362045,R5-2009-0009.pdf,2021-06-01;2022-06-01;2023-06-01;2024-06-01;2025-06-01;2026-06-01,6
239874,368841,R5-2009-0109.pdf,2026-08-13,1
239875,139795,,2021-06-01;2022-06-01;2023-06-01;2024-06-01;2025-06-01;2026-06-01,6
239875,433003,NOA_Maxwell SRRA.pdf,2026-08-13,1
239889,,,2021-06-01;2022-06-01;2023-06-01;2024-06-01;2025-06-01;2026-06-01;2026-08-13,7
239947,144179,,2021-06-01;2022-06-01;2023-06-01;2024-06-01;2025-06-01;2026-06-01,6
239947,393483,,2026-08-13,1
240000,411810,r5-2017-0078.pdf,2021-06-01;2022-06-01;2023-06-01;2024-06-01;2025-06-01;2026-06-01;2026-08-13,7
240003,144996,,2021-06-01;2022-06-01;2023-06-01;2024-06-01;2025-06-01;2026-06-01,6
240003,379426,,2026-08-13,1
240004,144182,,2021-06-01;2022-06-01;2023-06-01;2024-06-01;2025-06-01;2026-06-01,6
240004,393488,,2026-08-13,1
240093,402457,080618_0039_NPDES_McKinleyvilleCSD.pdf,2021-06-01;2022-06-01;2023-06-01;2024-06-01,4
240093,402457,18_0032_McKinleyville_NPDES.pdf,2021-06-01;2022-06-01;2023-06-01;2024-06-01,4
240093,402457,wqo2011_0008.pdf,2021-06-01;2022-06-01;2023-06-01;2024-06-01,4
240093,454586,080618_0039_NPDES_McKinleyvilleCSD.pdf,2025-06-01;2026-06-01,2
240093,454586,18_0032_McKinleyville_NPDES.pdf,2025-06-01;2026-06-01,2
240093,454586,2024_0023_mckinleyville_sc_npdes_signed.pdf,2025-06-01;2026-06-01;2026-08-13,3
240093,454586,wqo2011_0008.pdf,2025-06-01;2026-06-01,2
240168,326031,WDR R3-2007-0029 signed.pdf,2021-06-01;2022-06-01;2023-06-01;2024-06-01;2025-06-01;2026-06-01,6
240168,464632,3-23-26_NOA_MRP_TempletonCSD.pdf,2026-08-13,1
240177,324379,Order No.R9-2007-0018.pdf,2021-06-01;2022-06-01;2023-06-01;2024-06-01;2025-06-01;2026-06-01;2026-08-13,7
240289,2014-0153-DWQ,,2021-06-01;2022-06-01;2023-06-01;2024-06-01;2025-06-01;2026-06-01;2026-08-13,7
240307,399815,10_0020_NPDES_WDR_MendocinoCityCSD_EPA_copy.pdf,2021-06-01;2022-06-01,2
240307,399815,15_0039_MendocinoCityCSD_WWTP_.pdf,2021-06-01;2022-06-01,2
240307,446770,10_0020_NPDES_WDR_MendocinoCityCSD_EPA_copy.pdf,2023-06-01;2024-06-01;2025-06-01;2026-06-01,4
240307,446770,15_0039_MendocinoCityCSD_WWTP_.pdf,2023-06-01;2024-06-01;2025-06-01;2026-06-01,4
240307,446770,22_01mendo_npdes.pdf,2023-06-01;2024-06-01;2025-06-01;2026-06-01;2026-08-13,5
240318,443040,051105-AnchorBayWWTF_WDRs.pdf,2021-06-01;2022-06-01;2023-06-01;2024-06-01;2025-06-01;2026-06-01,6
240318,443040,10_0038_NPDES_MCWWD2_AnchorBay.pdf,2021-06-01;2022-06-01;2023-06-01;2024-06-01;2025-06-01;2026-06-01,6
240318,443040,16_0006_AnchorBayWWTF_NPDES.pdf,2021-06-01;2022-06-01;2023-06-01;2024-06-01;2025-06-01;2026-06-01,6
240318,443040,21_0005_AnchorBay_WWTF_NPDES.pdf,2021-06-01;2022-06-01;2023-06-01;2024-06-01;2025-06-01;2026-06-01;2026-08-13,7
240362,144930,,2021-06-01;2022-06-01;2023-06-01;2024-06-01;2025-06-01;2026-06-01,6
240362,419341,Los Banos Migrant NOA .pdf,2026-08-13,1
240555,140207,,2021-06-01;2022-06-01;2023-06-01;2024-06-01;2025-06-01;2026-06-01,6
240555,393527,,2026-08-13,1
240655,146902,,2021-06-01;2022-06-01;2023-06-01;2024-06-01;2025-06-01;2026-06-01;2026-08-13,7
240716,147147,,2021-06-01;2022-06-01;2023-06-01;2024-06-01;2025-06-01;2026-06-01;2026-08-13,7
240791,429384,Millbrae - Final Ordersigned.pdf,2021-06-01;2022-06-01;2023-06-01,3
240791,429384,Nutrient Watershed Permit - R2-2014-0014.pdf,2021-06-01;2022-06-01;2023-06-01,3
240791,456225,Millbrae - Final Ordersigned.pdf,2024-06-01;2025-06-01;2026-06-01,3
240791,456225,Nutrient Watershed Permit - R2-2014-0014.pdf,2024-06-01;2025-06-01;2026-06-01,3
240791,456225,R2-2024-0005 (Millbrae NPDES Permit).pdf,2024-06-01;2025-06-01;2026-06-01;2026-08-13,4
240826,144660,,2021-06-01;2022-06-01;2023-06-01;2024-06-01;2025-06-01;2026-06-01,6
240826,417945,NOA_MLSRA_WWTF.pdf,2026-08-13,1
240864,401816,R5-2015-0073.pdf,2021-06-01;2022-06-01;2023-06-01,3
240864,445294,r5-2023-0040_npdes.pdf,2024-06-01;2025-06-01;2026-06-01;2026-08-13,4
240892,,,2021-06-01;2022-06-01,2
240892,445353,Mira Bella WWTF_NOA_2014-0153-DWQ-R5379.pdf,2023-06-01;2024-06-01;2025-06-01;2026-06-01;2026-08-13,5
240914,194965,,2026-08-13,1
240914,86-231,,2021-06-01;2022-06-01;2023-06-01;2024-06-01;2025-06-01;2026-06-01,6
240917,430374,19_0002_Miranda_CSD_WDR.pdf,2021-06-01;2022-06-01;2023-06-01;2024-06-01;2025-06-01;2026-06-01;2026-08-13,7
240951,430892,MHCSD Order R3-2019-0042-5-17-2019_signed.pdf,2021-06-01;2022-06-01;2023-06-01;2024-06-01;2025-06-01;2026-06-01;2026-08-13,7
240951,430892,wdr_standard_provisions_2013.pdf,2021-06-01;2022-06-01;2023-06-01;2024-06-01;2025-06-01;2026-06-01;2026-08-13,7
241053,384629,ACOOFinalAmendedOrder.pdf,2021-06-01,1
241053,384629,ACOOFinalAmendingOrder.pdf,2021-06-01,1
241053,446048,ACOOFinalAmendedOrder.pdf,2022-06-01;2023-06-01;2024-06-01;2025-06-01;2026-06-01,5
241053,446048,ACOOFinalAmendingOrder.pdf,2022-06-01;2023-06-01;2024-06-01;2025-06-01;2026-06-01,5
241053,446048,r9_2022_0006_acoo_signature signed dwg 03-18-21.pdf,2022-06-01;2023-06-01;2024-06-01;2025-06-01;2026-06-01;2026-08-13,6
241099,327478,R5-2006-0114-001.pdf,2021-06-01;2022-06-01;2023-06-01;2024-06-01;2025-06-01;2026-06-01;2026-08-13,7
241099,327478,R5-2006-0114.pdf,2021-06-01;2022-06-01;2023-06-01;2024-06-01;2025-06-01;2026-06-01;2026-08-13,7
241099,327478,R5-2016-0068.pdf,2021-06-01;2022-06-01;2023-06-01;2024-06-01;2025-06-01;2026-06-01;2026-08-13,7
241111,148662,,2021-06-01;2022-06-01;2023-06-01;2024-06-01;2025-06-01;2026-06-01;2026-08-13,7
241143,141280,,2021-06-01;2022-06-01;2023-06-01;2024-06-01;2025-06-01;2026-06-01;2026-08-13,7
241146,413899,R5-2008-0059-01.pdf,2021-06-01;2022-06-01;2023-06-01;2024-06-01;2025-06-01;2026-06-01,6
241146,413899,r5-2008-0059-01.pdf,2021-06-01;2022-06-01;2023-06-01;2024-06-01;2025-06-01;2026-06-01,6
241146,413899,r5-2012-0031.pdf,2021-06-01;2022-06-01;2023-06-01;2024-06-01;2025-06-01;2026-06-01,6
241146,413899,r5-2017-0064.pdf,2021-06-01;2022-06-01;2023-06-01;2024-06-01;2025-06-01;2026-06-01,6
241146,448536,,2026-08-13,1
241188,148398,,2021-06-01;2022-06-01;2023-06-01;2024-06-01;2025-06-01;2026-06-01;2026-08-13,7
241192,141093,,2021-06-01;2022-06-01;2023-06-01;2024-06-01;2025-06-01;2026-06-01;2026-08-13,7
241264,138753,,2021-06-01;2022-06-01;2023-06-01;2024-06-01;2025-06-01;2026-06-01;2026-08-13,7
241266,136685,,2021-06-01;2022-06-01;2023-06-01;2024-06-01;2025-06-01;2026-06-01;2026-08-13,7
241288,388741,Montecito SD WWTP NPDES Permit R3-2012-0016.pdf,2021-06-01;2022-06-01,2
241288,388741,Montecito.pdf,2021-06-01;2022-06-01,2
241288,449423,20220829_Order R3-2022-0010_Final (ACC).pdf,2023-06-01;2024-06-01;2025-06-01;2026-06-01;2026-08-13,5
241288,449423,Montecito SD WWTP NPDES Permit R3-2012-0016.pdf,2023-06-01;2024-06-01;2025-06-01;2026-06-01,4
241288,449423,Montecito.pdf,2023-06-01;2024-06-01;2025-06-01;2026-06-01,4
241299,447411,Monterey Bay Academy NOA MRP_Final.pdf,2026-08-13,1
241299,87-07501,,2021-06-01;2022-06-01;2023-06-01;2024-06-01;2025-06-01;2026-06-01,6
241305,148201,,2021-06-01;2022-06-01;2023-06-01;2024-06-01;2025-06-01;2026-06-01,6
241305,449261,09-20-2022_R3-2020-0020 NOA MRP Chualar_Final.pdf,2026-08-13,1
241306,144332,,2021-06-01;2022-06-01;2023-06-01;2024-06-01;2025-06-01;2026-06-01,6
241306,447419,5-5-22_Monterey Dunes Mutual Water Association draft NOA MRP_final.pdf,2026-08-13,1
241376,86-028,,2021-06-01;2022-06-01;2023-06-01;2024-06-01;2025-06-01;2026-06-01;2026-08-13,7
241479,,,2026-08-13,1
241479,418033,Final R3-2017-0050.pdf,2021-06-01;2022-06-01;2023-06-01;2024-06-01;2025-06-01;2026-06-01,6
241479,418033,MorroBayCayucosAdoptedPermit.pdf,2021-06-01;2022-06-01;2023-06-01;2024-06-01;2025-06-01;2026-06-01,6
241540,384618,AmendedOrder.pdf,2021-06-01,1
241540,384618,AmendingOrder.pdf,2021-06-01,1
241540,384618,SJCOOFinalAmendingOrder.pdf,2021-06-01,1
241540,438059,AmendedOrder.pdf,2022-06-01;2023-06-01;2024-06-01;2025-06-01;2026-06-01,5
241540,438059,AmendingOrder.pdf,2022-06-01;2023-06-01;2024-06-01;2025-06-01;2026-06-01,5
241540,438059,SJCOOFinalAmendingOrder.pdf,2022-06-01;2023-06-01;2024-06-01;2025-06-01;2026-06-01,5
241540,438059,amended_order_sjcoo signed dwg 03-19-25.pdf,2022-06-01;2023-06-01;2024-06-01;2025-06-01;2026-06-01;2026-08-13,6
241540,438059,att._1_to_amending_order_sjcoo.pdf,2022-06-01;2023-06-01;2024-06-01;2025-06-01;2026-06-01;2026-08-13,6
241540,438059,r9-2022-0005-a1_v3 signed dwg 03-28-24.pdf,2022-06-01;2023-06-01;2024-06-01;2025-06-01;2026-06-01;2026-08-13,6
241540,438059,r9_2022_0005_sjcoo_signature signed dwg 03-18-22.pdf,2022-06-01;2023-06-01;2024-06-01;2025-06-01;2026-06-01;2026-08-13,6
241545,145708,,2021-06-01;2022-06-01;2023-06-01;2024-06-01;2025-06-01;2026-06-01,6
241545,414836,2014-0153-DWQ-R5284.pdf,2026-08-13,1
241598,416414,R5-2017-0119.pdf,2021-06-01;2022-06-01;2023-06-01,3
241598,416414,r5-2007-0039.pdf,2021-06-01;2022-06-01;2023-06-01,3
241598,416414,r5-2013-0004.pdf,2021-06-01;2022-06-01;2023-06-01,3
241598,416414,r5-2014-0122.pdf,2021-06-01;2022-06-01;2023-06-01,3
241598,453528,R5-2017-0119.pdf,2024-06-01;2025-06-01;2026-06-01,3
241598,453528,r5-2007-0039.pdf,2024-06-01;2025-06-01;2026-06-01,3
241598,453528,r5-2013-0004.pdf,2024-06-01;2025-06-01;2026-06-01,3
241598,453528,r5-2014-0122.pdf,2024-06-01;2025-06-01;2026-06-01,3
241598,453528,r5-2023-0033-01_npdes.pdf,2024-06-01;2025-06-01;2026-06-01;2026-08-13,4
241598,453528,r5-2023-0033_npdes.pdf,2024-06-01;2025-06-01;2026-06-01;2026-08-13,4
241598,453528,r5-2023-0033_npdes_mod.pdf,2024-06-01;2025-06-01;2026-06-01;2026-08-13,4
241740,429636,Final_Order_M1W.pdf,2021-06-01;2022-06-01;2023-06-01;2024-06-01,4
241740,429636,MRWPCA_final.pdf,2021-06-01;2022-06-01;2023-06-01;2024-06-01,4
241740,429636,signed R3-2008-0008final[1].pdf,2021-06-01;2022-06-01;2023-06-01;2024-06-01,4
241740,459657,Final_Order_M1W.pdf,2025-06-01;2026-06-01,2
241740,459657,MRWPCA_final.pdf,2025-06-01;2026-06-01,2
241740,459657,r3-2024-0045.pdf,2025-06-01;2026-06-01;2026-08-13,3
241740,459657,signed R3-2008-0008final[1].pdf,2025-06-01;2026-06-01,2
241800,379099,R5-2017-0117.pdf,2021-06-01;2022-06-01,2
241800,379099,r5-2012-0086_npdes.pdf,2021-06-01;2022-06-01,2
241800,448201,R5-2017-0117.pdf,2023-06-01;2024-06-01;2025-06-01;2026-06-01,4
241800,448201,r5-2012-0086_npdes.pdf,2023-06-01;2024-06-01;2025-06-01;2026-06-01,4
241800,448201,r5-2023-0016_npdes.pdf,2023-06-01;2024-06-01;2025-06-01;2026-06-01;2026-08-13,5
241815,446024,MVSD Final Order ADA.pdf,2022-06-01;2023-06-01;2024-06-01;2025-06-01;2026-06-01;2026-08-13,6
241815,446024,Nutrient Watershed Permit - R2-2014-0014.pdf,2022-06-01;2023-06-01;2024-06-01;2025-06-01;2026-06-01,5
241815,R2-2016-0023,,2021-06-01,1
241826,358730,MOUNTAIN HOME CAMP NOA.pdf,2026-08-13,1
241826,R5-2003-0171,,2021-06-01;2022-06-01;2023-06-01;2024-06-01;2025-06-01;2026-06-01,6
241869,368729,r5-2012-0025.pdf,2021-06-01;2022-06-01;2023-06-01;2024-06-01;2025-06-01;2026-06-01;2026-08-13,7
241907,148661,,2021-06-01;2022-06-01;2023-06-01;2024-06-01;2025-06-01;2026-06-01;2026-08-13,7
242135,384644,5774_R4-2012-0073_WDR_PKG.pdf,2021-06-01;2022-06-01;2023-06-01;2024-06-01;2025-06-01;2026-06-01;2026-08-13,7
242162,413232,6599_R4-2007-0002_WDR_PKG.pdf,2021-06-01;2022-06-01;2023-06-01;2024-06-01;2025-06-01;2026-06-01,6
242162,413232,6599_R4-2012-0181_WDR_PKG.pdf,2021-06-01;2022-06-01;2023-06-01;2024-06-01;2025-06-01;2026-06-01,6
242162,413232,6599_R4-2021-0062_WDR.pdf,2021-06-01;2022-06-01;2023-06-01;2024-06-01;2025-06-01;2026-06-01;2026-08-13,7
242186,136537,,2021-06-01;2022-06-01;2023-06-01;2024-06-01;2025-06-01;2026-06-01;2026-08-13,7
242648,,,2021-06-01;2022-06-01;2023-06-01;2024-06-01;2025-06-01;2026-06-01;2026-08-13,7
242706,135471,,2021-06-01;2022-06-01;2023-06-01;2024-06-01;2025-06-01;2026-06-01;2026-08-13,7
243377,,,2026-08-13,1
243377,132593,7513_R4-2003-0151_FS.pdf,2021-06-01;2022-06-01,2
243377,132593,7513_R4-2003-0151_WDR.pdf,2021-06-01;2022-06-01,2
243377,453107,7513_R4-2003-0151_FS.pdf,2023-06-01;2024-06-01;2025-06-01;2026-06-01,4
243377,453107,7513_R4-2003-0151_WDR.pdf,2023-06-01;2024-06-01;2025-06-01;2026-06-01,4
243845,368742,R5-2013-0135.pdf,2021-06-01;2022-06-01;2023-06-01;2024-06-01;2025-06-01;2026-06-01;2026-08-13,7
243845,368742,r5-2013-0065.pdf,2021-06-01;2022-06-01;2023-06-01;2024-06-01;2025-06-01;2026-06-01;2026-08-13,7
243858,407648,CA0037575 Napa SD - Final Order - 7-16.pdf,2021-06-01,1
243858,446586,CA0037575 Napa SD - Final Order - 7-16.pdf,2022-06-01;2023-06-01;2024-06-01;2025-06-01;2026-06-01,5
243858,446586,Order_R2-2022-0003.pdf,2022-06-01;2023-06-01;2024-06-01;2025-06-01;2026-06-01;2026-08-13,6
243988,194593,,2021-06-01;2022-06-01;2023-06-01;2024-06-01;2025-06-01;2026-06-01;2026-08-13,7
244080,R7-2015-0018,,2021-06-01;2022-06-01;2023-06-01;2024-06-01;2025-06-01;2026-06-01;2026-08-13,7
244141,413894,R5-2008-0177.pdf,2021-06-01;2022-06-01,2
244141,413894,r5-2012-0033.pdf,2021-06-01;2022-06-01,2
244141,413894,r5-2017-0060.pdf,2021-06-01;2022-06-01,2
244141,448476,R5-2008-0177.pdf,2023-06-01;2024-06-01;2025-06-01;2026-06-01,4
244141,448476,r5-2012-0033.pdf,2023-06-01;2024-06-01;2025-06-01;2026-06-01,4
244141,448476,r5-2017-0060.pdf,2023-06-01;2024-06-01;2025-06-01;2026-06-01,4
244141,448476,r5-2022-0039_npdes.pdf,2023-06-01;2024-06-01;2025-06-01;2026-06-01;2026-08-13,5
244174,140607,,2021-06-01;2022-06-01;2023-06-01;2024-06-01;2025-06-01;2026-06-01;2026-08-13,7
244186,146735,,2021-06-01;2022-06-01;2023-06-01;2024-06-01;2025-06-01;2026-06-01,6
244186,2014-0153-DWQ,,2026-08-13,1
244240,139224,,2021-06-01;2022-06-01;2023-06-01;2024-06-01;2025-06-01;2026-06-01;2026-08-13,7
244250,420963,r5-2018-0024_info.pdf,2021-06-01;2022-06-01;2023-06-01;2024-06-01;2025-06-01;2026-06-01;2026-08-13,7
244348,430972,0005niland_npdes.pdf,2021-06-01;2022-06-01;2023-06-01;2024-06-01;2025-06-01,5
244348,461878,0005niland_npdes.pdf,2026-06-01,1
244348,461878,R7-2025-0017.pdf,2026-06-01;2026-08-13,2
244360,146917,,2021-06-01;2022-06-01;2023-06-01;2024-06-01;2025-06-01;2026-06-01,6
244360,452874,Nipomo_Blacklake_NOA_final.pdf,2026-08-13,1
244361,383695,Nipomo CSD WDR R3-2012-0003.pdf,2021-06-01;2022-06-01;2023-06-01;2024-06-01;2025-06-01;2026-06-01,6
244361,459162,Nipomo_Southland_BigOrder_NOA_final.pdf,2026-08-13,1
244392,,,2021-06-01;2022-06-01;2023-06-01;2024-06-01;2025-06-01;2026-06-01;2026-08-13,7
244506,424907,Adopted Amended OrderNo.R9-2020-0001 signed dwg 08-13-20.pdf,2021-06-01;2022-06-01;2023-06-01;2024-06-01;2025-06-01;2026-06-01;2026-08-13,7
244529,144378,,2021-06-01;2022-06-01;2023-06-01;2024-06-01;2025-06-01;2026-06-01;2026-08-13,7
244531,176657,NORTHFORKVILLAGEWWTFFORM200.pdf,2021-06-01;2022-06-01;2023-06-01;2024-06-01;2025-06-01;2026-06-01,6
244531,417163,2014-0153-dwq-r5318Aug27.pdf,2026-08-13,1
244565,139946,,2021-06-01;2022-06-01;2023-06-01;2024-06-01;2025-06-01;2026-06-01;2026-08-13,7
244566,414390,R2-2017-0026 Final.pdf,2021-06-01;2022-06-01,2
244566,450528,CA0037737 NSMCSD Order R2-2022-0036.pdf,2023-06-01;2024-06-01;2025-06-01;2026-06-01;2026-08-13,5
244566,450528,R2-2017-0026 Final.pdf,2023-06-01;2024-06-01;2025-06-01;2026-06-01,4
244567,147812,,2021-06-01;2022-06-01;2023-06-01;2024-06-01;2025-06-01;2026-06-01;2026-08-13,7
244646,132444,SAN_ANTONIO_NORTH_SHORE_2004054.pdf,2021-06-01;2022-06-01;2023-06-01;2024-06-01;2025-06-01;2026-06-01,6
244646,448917,08-19-2022_WDRLake San Antonio Rec Area North Shore NOA_final.pdf,2026-08-13,1
244703,,,2021-06-01;2022-06-01;2023-06-01;2024-06-01;2025-06-01;2026-06-01;2026-08-13,7
244705,438539,Novato SD - Order No. R2-2015-0034.pdf,2021-06-01;2022-06-01;2023-06-01;2024-06-01;2025-06-01,5
244705,438539,Novato_R2-2010-0074.pdf,2021-06-01;2022-06-01;2023-06-01;2024-06-01;2025-06-01,5
244705,438539,R2-2020-0019.pdf,2021-06-01;2022-06-01;2023-06-01;2024-06-01;2025-06-01,5
244705,464071,Novato SD - Order No. R2-2015-0034.pdf,2026-06-01,1
244705,464071,Novato_R2-2010-0074.pdf,2026-06-01,1
244705,464071,R2-2020-0019.pdf,2026-06-01,1
244705,464071,R2-2026-0002.pdf,2026-06-01;2026-08-13,2
244785,148172,,2021-06-01;2022-06-01;2023-06-01;2024-06-01;2025-06-01;2026-06-01;2026-08-13,7
245520,141943,,2021-06-01;2022-06-01;2023-06-01;2024-06-01;2025-06-01;2026-06-01,6
245520,465299,O'Shaughnessy Updated NOA 2014-0153-DWQ-R5417.pdf,2026-08-13,1
245524,133570,,2021-06-01;2022-06-01;2023-06-01;2024-06-01;2025-06-01;2026-06-01,6
245524,397375,97-10-DWQ.pdf,2026-08-13,1
245554,145212,,2021-06-01;2022-06-01;2023-06-01;2024-06-01;2025-06-01;2026-06-01;2026-08-13,7
245564,148204,,2021-06-01;2022-06-01;2023-06-01;2024-06-01;2025-06-01;2026-06-01,6
245564,452539,5-2-23-Oak Hills NOA_MRP.pdf,2026-08-13,1
245581,131134,,2021-06-01;2022-06-01;2023-06-01;2024-06-01;2025-06-01;2026-06-01,6
245581,449258,0153-NOA_Oak Shores Development_final.pdf,2026-08-13,1
245602,385669,r5-2012-0063.pdf,2021-06-01;2022-06-01;2023-06-01;2024-06-01;2025-06-01;2026-06-01;2026-08-13,7
245775,137774,,2021-06-01;2022-06-01;2023-06-01;2024-06-01;2025-06-01;2026-06-01;2026-08-13,7
245795,434521,AmendedOrderR920190166_Digitally Signed signed dwg 12-14-21.pdf,2021-06-01;2022-06-01;2023-06-01;2024-06-01;2025-06-01;2026-06-01;2026-08-13,7
245795,434521,AmendingOrderR920210199_Digitally Signed signed dwg 12-14-21.pdf,2021-06-01;2022-06-01;2023-06-01;2024-06-01;2025-06-01;2026-06-01;2026-08-13,7
245795,434521,Oceanside_Final_Adopted_Order_R9-2019-0166 (1).pdf,2021-06-01;2022-06-01;2023-06-01;2024-06-01;2025-06-01;2026-06-01;2026-08-13,7
245795,434521,R9-2011-0016_amended2.pdf,2021-06-01;2022-06-01;2023-06-01;2024-06-01;2025-06-01;2026-06-01,6
245795,434521,R9-2019-0166_Amended2020 signed dwg 08-17-20.pdf,2021-06-01;2022-06-01;2023-06-01;2024-06-01;2025-06-01;2026-06-01;2026-08-13,7
245795,434521,R9-2020-0190_Final_Order signed dwg 08-17-20.pdf,2021-06-01;2022-06-01;2023-06-01;2024-06-01;2025-06-01;2026-06-01;2026-08-13,7
245795,434521,R9_2011_0016New2014.pdf,2021-06-01;2022-06-01;2023-06-01;2024-06-01;2025-06-01;2026-06-01,6
245795,434521,R9_2014_0108.pdf,2021-06-01;2022-06-01;2023-06-01;2024-06-01;2025-06-01;2026-06-01,6
245805,138241,,2021-06-01;2022-06-01;2023-06-01;2024-06-01;2025-06-01;2026-06-01;2026-08-13,7
245949,443216,r5-2004-0094.pdf,2021-06-01;2022-06-01;2023-06-01;2024-06-01;2025-06-01;2026-06-01,6
245949,443216,r5-2010-0074.pdf,2021-06-01;2022-06-01;2023-06-01;2024-06-01;2025-06-01;2026-06-01,6
245949,443216,r5-2016-0001.pdf,2021-06-01;2022-06-01;2023-06-01;2024-06-01;2025-06-01;2026-06-01,6
245949,443216,r5-2021-0024_npdes.pdf,2021-06-01;2022-06-01;2023-06-01;2024-06-01;2025-06-01;2026-06-01;2026-08-13,7
246203,,,2021-06-01;2022-06-01;2023-06-01;2024-06-01;2025-06-01;2026-06-01;2026-08-13,7
246217,420108,EBDA - R2-2017-0016.pdf,2021-06-01;2022-06-01,2
246217,420108,Nutrient Watershed Permit - R2-2014-0014.pdf,2021-06-01;2022-06-01,2
246217,420108,R2-2012-0004.pdf,2021-06-01;2022-06-01,2
246217,420108,R2-2018-0010.pdf,2021-06-01;2022-06-01,2
246217,448549,EBDA - R2-2017-0016.pdf,2023-06-01,1
246217,448549,EBDA - R2-2022-0023.pdf,2023-06-01,1
246217,448549,Nutrient Watershed Permit - R2-2014-0014.pdf,2023-06-01,1
246217,448549,R2-2012-0004.pdf,2023-06-01,1
246217,448549,R2-2018-0010.pdf,2023-06-01,1
246217,456854,EBDA - R2-2017-0016.pdf,2024-06-01;2025-06-01;2026-06-01,3
246217,456854,EBDA - R2-2022-0023.pdf,2024-06-01;2025-06-01;2026-06-01;2026-08-13,4
246217,456854,Nutrient Watershed Permit - R2-2014-0014.pdf,2024-06-01;2025-06-01;2026-06-01,3
246217,456854,Order R2-2024-0006.pdf,2024-06-01;2025-06-01;2026-06-01;2026-08-13,4
246217,456854,R2-2012-0004.pdf,2024-06-01;2025-06-01;2026-06-01,3
246217,456854,R2-2018-0010.pdf,2024-06-01;2025-06-01;2026-06-01,3
246251,397468,R5-2016-0024.pdf,2021-06-01,1
246251,442332,R5-2016-0024.pdf,2022-06-01;2023-06-01;2024-06-01;2025-06-01;2026-06-01,5
246251,442332,r5-2021-0044_npdes.pdf,2022-06-01;2023-06-01;2024-06-01;2025-06-01;2026-06-01;2026-08-13,6
246381,145136,,2021-06-01;2022-06-01;2023-06-01;2024-06-01;2025-06-01;2026-06-01,6
246381,393297,HARTLAND CHRISTIAN CAMP NOA.pdf,2026-08-13,1
246616,424638,4245_R4-2008-0039_WDR_PKG.pdf,2021-06-01;2022-06-01;2023-06-01,3
246616,424638,4245_R4-2013-0173_WDR_PKG.pdf,2021-06-01;2022-06-01;2023-06-01,3
246616,424638,4245_R4-2018-0170_WDR_PKG.pdf,2021-06-01;2022-06-01;2023-06-01,3
246616,455050,4245_R4-2008-0039_WDR_PKG.pdf,2024-06-01;2025-06-01;2026-06-01,3
246616,455050,4245_R4-2013-0173_WDR_PKG.pdf,2024-06-01;2025-06-01;2026-06-01,3
246616,455050,4245_R4-2018-0170_WDR_PKG.pdf,2024-06-01;2025-06-01;2026-06-01,3
246616,455050,Adopted Order Ojai NPDES CI 4245 12212023_ADAchecked.pdf,2024-06-01;2025-06-01;2026-06-01;2026-08-13,4
246946,419071,2022_R4-2008-0029_WDR.pdf,2021-06-01;2022-06-01;2023-06-01;2024-06-01,4
246946,419071,2022_R4-2010-0048_AMD.pdf,2021-06-01;2022-06-01;2023-06-01;2024-06-01,4
246946,419071,2022_R4-2013-0094_WDR_PKG.pdf,2021-06-01;2022-06-01;2023-06-01;2024-06-01,4
246946,419071,2022_R4-2018-0140_WDR_PKG.pdf,2021-06-01;2022-06-01;2023-06-01;2024-06-01,4
246946,455452,2022_R4-2008-0029_WDR.pdf,2025-06-01;2026-06-01,2
246946,455452,2022_R4-2010-0048_AMD.pdf,2025-06-01;2026-06-01,2
246946,455452,2022_R4-2013-0094_WDR_PKG.pdf,2025-06-01;2026-06-01,2
246946,455452,2022_R4-2018-0140_WDR_PKG.pdf,2025-06-01;2026-06-01,2
246946,455452,Adopted OWRRF NPDES CI-2022 06172024 signed.pdf,2025-06-01;2026-06-01;2026-08-13,3
247301,,,2021-06-01;2022-06-01;2023-06-01;2024-06-01;2025-06-01;2026-06-01;2026-08-13,7
247351,400978,AdoptedOrderR9-2015-0002.pdf,2021-06-01,1
247351,400978,CA0107492_FinalAmendedOrder.pdf,2021-06-01,1
247351,400978,Padre Dam 2009 NPDES Permit.pdf,2021-06-01,1
247351,445333,AdoptedOrderR9-2015-0002.pdf,2022-06-01;2023-06-01;2024-06-01;2025-06-01;2026-06-01,5
247351,445333,CA0107492_FinalAmendedOrder.pdf,2022-06-01;2023-06-01;2024-06-01;2025-06-01;2026-06-01,5
247351,445333,Finalorder_r9_2022_0003 signed dwg 02-11-22.pdf,2022-06-01;2023-06-01;2024-06-01;2025-06-01;2026-06-01,5
247351,445333,Padre Dam 2009 NPDES Permit.pdf,2022-06-01;2023-06-01;2024-06-01;2025-06-01;2026-06-01,5
247351,460030,r9_2025_0060.pdf,2026-08-13,1
247435,456582,R7-2024-0009.pdf,2024-06-01;2025-06-01;2026-06-01;2026-08-13,4
247435,R7-2017-0013,,2021-06-01;2022-06-01;2023-06-01,3
247448,382094,R6V-2011-0012 LACSD Palmdale No. 20 WDR and MRP.Final.pdf,2021-06-01;2022-06-01;2023-06-01;2024-06-01;2025-06-01;2026-06-01;2026-08-13,7
247457,460027,CA0037834 Palo Alto Order R2-2025-0003.pdf,2025-06-01;2026-06-01;2026-08-13,3
247457,R2-2019-0015,,2021-06-01;2022-06-01;2023-06-01;2024-06-01,4
247464,413929,Palo Cedro_WDR_R5-2017-0080_Signed.pdf,2021-06-01;2022-06-01;2023-06-01;2024-06-01;2025-06-01;2026-06-01;2026-08-13,7
247509,85-137,,2021-06-01;2022-06-01;2023-06-01;2024-06-01;2025-06-01;2026-06-01;2026-08-13,7
247616,131160,,2021-06-01;2022-06-01;2023-06-01;2024-06-01;2025-06-01;2026-06-01,6
247616,424744,Pardee Reservoir Recreation Area_NOA.pdf,2026-08-13,1
247644,407231,0017moabi.pdf,2021-06-01;2022-06-01;2023-06-01;2024-06-01;2025-06-01;2026-06-01;2026-08-13,7
247731,147281,,2021-06-01;2022-06-01;2023-06-01;2024-06-01;2025-06-01;2026-06-01;2026-08-13,7
247750,379360,Paso Robles NPDES permit.pdf,2021-06-01,1
247750,379360,R3-2011-0002 _Final_Adopted_Revised.pdf,2021-06-01,1
247750,443460,Order R3-2021-0001_final.pdf,2022-06-01;2023-06-01;2024-06-01;2025-06-01;2026-06-01;2026-08-13,6
247750,443460,Paso Robles NPDES permit.pdf,2022-06-01;2023-06-01;2024-06-01;2025-06-01;2026-06-01,5
247750,443460,R3-2011-0002 _Final_Adopted_Revised.pdf,2022-06-01;2023-06-01;2024-06-01;2025-06-01;2026-06-01,5
247782,425768,R5-2018-0070-001.pdf,2026-08-13,1
247782,425768,R5-2018-0070_WDRs_MRP.pdf,2026-08-13,1
247782,94-242,,2021-06-01;2022-06-01;2023-06-01;2024-06-01;2025-06-01;2026-06-01,6
247809,442123,NOA_Pauma_Valley_WWTP signed dwg 05-12-21.pdf,2026-08-13,1
247809,R9-2006-0049,,2021-06-01;2022-06-01;2023-06-01;2024-06-01;2025-06-01;2026-06-01,6
247940,148303,,2021-06-01;2022-06-01;2023-06-01;2024-06-01;2025-06-01;2026-06-01;2026-08-13,7
247966,140797,,2021-06-01;2022-06-01;2023-06-01;2024-06-01;2025-06-01;2026-06-01,6
247966,379440,RM379440.pdf,2026-08-13,1
248087,443296,Order R2-2021-0008 (1).pdf,2022-06-01;2023-06-01;2024-06-01;2025-06-01;2026-06-01;2026-08-13,6
248087,443296,petaluma R2-2011-0003.pdf,2022-06-01;2023-06-01;2024-06-01;2025-06-01;2026-06-01,5
248087,R2-2016-0014,,2021-06-01,1
248169,147285,,2021-06-01;2022-06-01;2023-06-01;2024-06-01;2025-06-01;2026-06-01,6
248169,462921,Pfeiffer Big Sur NOA_final_10_02_2025.pdf,2026-08-13,1
248242,131176,,2021-06-01;2022-06-01;2023-06-01;2024-06-01;2025-06-01;2026-06-01,6
248242,435949,Pheasant Landing lll_noa.pdf,2026-08-13,1
248269,143824,,2021-06-01;2022-06-01;2023-06-01;2024-06-01;2025-06-01;2026-06-01,6
248269,439697,NOA_CalTransPSRaineSRRA_NOA_2014-0153-DWQ-R5377.pdf,2026-08-13,1
248424,365748,R5-2009-0003.pdf,2021-06-01;2022-06-01;2023-06-01;2024-06-01;2025-06-01;2026-06-01;2026-08-13,7
248439,142494,,2021-06-01;2022-06-01;2023-06-01;2024-06-01;2025-06-01;2026-06-01,6
248439,405002,Signed NOA with Enclosures- Pine Valley.pdf,2026-08-13,1
248442,142345,,2021-06-01;2022-06-01;2023-06-01;2024-06-01;2025-06-01;2026-06-01;2026-08-13,7
248476,140272,,2021-06-01;2022-06-01;2023-06-01;2024-06-01;2025-06-01;2026-06-01,6
248476,444256,Notice of Applicability_Pioneer Creek MH Community.pdf,2026-08-13,1
248519,403753,2015_0016_npdes.pdf.pdf,2021-06-01;2022-06-01;2023-06-01;2024-06-01;2025-06-01;2026-06-01;2026-08-13,7
248573,141335,,2021-06-01;2022-06-01;2023-06-01;2024-06-01;2025-06-01;2026-06-01;2026-08-13,7
248629,,,2026-08-13,1
248629,98-005,,2021-06-01;2022-06-01;2023-06-01;2024-06-01;2025-06-01;2026-06-01,6
248706,395741,r5-2008-0079.pdf,2021-06-01;2022-06-01;2023-06-01;2024-06-01;2025-06-01;2026-06-01,6
248706,395741,r5-2014-0051.pdf,2021-06-01;2022-06-01;2023-06-01;2024-06-01;2025-06-01;2026-06-01,6
248706,432817,r5-2023-0025-006.pdf,2026-08-13,1
248713,146784,,2021-06-01;2022-06-01;2023-06-01;2024-06-01;2025-06-01;2026-06-01,6
248713,447459,2014-0153-dwq-r5363.pdf,2026-08-13,1
248717,331473,r5-2016-0092.pdf,2021-06-01;2022-06-01;2023-06-01;2024-06-01;2025-06-01;2026-06-01;2026-08-13,7
248742,134602,,2021-06-01;2022-06-01;2023-06-01;2024-06-01;2025-06-01;2026-06-01,6
248742,436788,PECSD_ADA_NOA.pdf,2026-08-13,1
248753,382756,r5-2011-0092.pdf,2021-06-01;2022-06-01;2023-06-01;2024-06-01;2025-06-01;2026-06-01;2026-08-13,7
248787,173742,,2021-06-01;2022-06-01;2023-06-01,3
248787,453495,R7-2023-0015.pdf,2024-06-01;2025-06-01;2026-06-01;2026-08-13,4
248791,131628,,2021-06-01;2022-06-01,2
248791,448294,22_0015_Point_Arena_WWTF_WDR.pdf,2023-06-01;2024-06-01;2025-06-01;2026-06-01;2026-08-13,5
248796,414988,Pt Loma permit mod_CA0107409_signed_08.23.2022.pdf,2021-06-01;2022-06-01;2023-06-01;2024-06-01;2025-06-01,5
248796,414988,PtLomaWWTP_2017FinalOrder.pdf,2021-06-01;2022-06-01;2023-06-01;2024-06-01;2025-06-01,5
248796,464790,Point Loma_Final Permit_CA0107409.pdf,2026-06-01;2026-08-13,2
248796,464790,Pt Loma permit mod_CA0107409_signed_08.23.2022.pdf,2026-06-01,1
248796,464790,PtLomaWWTP_2017FinalOrder.pdf,2026-06-01,1
248886,427684,CA0037885 Port Costa R2-2018-0053.pdf,2021-06-01;2022-06-01;2023-06-01;2024-06-01,4
248886,427684,Nutrient Watershed Permit - R2-2014-0014.pdf,2021-06-01;2022-06-01;2023-06-01;2024-06-01,4
248886,427684,Port Costa Final Order - 10-13.pdf,2021-06-01;2022-06-01;2023-06-01;2024-06-01,4
248886,427684,Port Costa WWTP - Final Order  (01-08).pdf,2021-06-01;2022-06-01;2023-06-01;2024-06-01,4
248886,457284,CA0037885 Port Costa R2-2018-0053.pdf,2025-06-01;2026-06-01,2
248886,457284,Nutrient Watershed Permit - R2-2014-0014.pdf,2025-06-01;2026-06-01,2
248886,457284,Port Costa Final Order - 10-13.pdf,2025-06-01;2026-06-01,2
248886,457284,Port Costa WWTP - Final Order  (01-08).pdf,2025-06-01;2026-06-01,2
248886,457284,R2-2024-0009 Port Costa NPDES Order.pdf,2025-06-01;2026-06-01;2026-08-13,3
248903,87-031,,2021-06-01;2022-06-01;2023-06-01;2024-06-01;2025-06-01;2026-06-01;2026-08-13,7
248933,86-087,,2021-06-01;2022-06-01;2023-06-01;2024-06-01;2025-06-01;2026-06-01;2026-08-13,7
248936,397557,r5-2009-0093.pdf,2021-06-01;2022-06-01;2023-06-01,3
248936,397557,r5-2018-0088.pdf,2021-06-01;2022-06-01;2023-06-01,3
248936,451326,r5-2009-0093.pdf,2024-06-01;2025-06-01;2026-06-01,3
248936,451326,r5-2018-0088.pdf,2024-06-01;2025-06-01;2026-06-01,3
248936,451326,r5-2024-0023_npdes.pdf,2024-06-01;2025-06-01;2026-06-01;2026-08-13,4
249211,141225,,2021-06-01;2022-06-01;2023-06-01;2024-06-01;2025-06-01;2026-06-01;2026-08-13,7
249771,381339,5671_R4-2011-0177_WDR_PKG.pdf,2021-06-01;2022-06-01;2023-06-01;2024-06-01;2025-06-01;2026-06-01;2026-08-13,7
250700,395506,0755_R4-2009-0076_WDR.pdf,2021-06-01,1
250700,395506,0755_R4-2014-0212-A01_WDR_PKG_amd.pdf,2021-06-01,1
250700,395506,0755_R4-2014-0212_WDR_PKG.pdf,2021-06-01,1
250700,432902,0755_R4-2009-0076_WDR.pdf,2022-06-01;2023-06-01;2024-06-01;2025-06-01;2026-06-01,5
250700,432902,0755_R4-2014-0212-A01_WDR_PKG_amd.pdf,2022-06-01;2023-06-01;2024-06-01;2025-06-01;2026-06-01,5
250700,432902,0755_R4-2014-0212_WDR_PKG.pdf,2022-06-01;2023-06-01;2024-06-01;2025-06-01;2026-06-01,5
250700,432902,0755_R4-2021-0097_WDR_PKG.pdf,2022-06-01;2023-06-01;2024-06-01;2025-06-01;2026-06-01;2026-08-13,6
251021,134055,,2021-06-01;2022-06-01;2023-06-01;2024-06-01;2025-06-01;2026-06-01;2026-08-13,7
251110,147474,,2021-06-01;2022-06-01;2023-06-01;2024-06-01;2025-06-01;2026-06-01;2026-08-13,7
251217,407661,r5-2016-0049.pdf,2021-06-01;2022-06-01;2023-06-01,3
251217,456253,r5-2016-0049.pdf,2024-06-01;2025-06-01;2026-06-01,3
251217,456253,r5-2024-0008_npdes.pdf,2024-06-01;2025-06-01;2026-06-01;2026-08-13,4
251548,325858,Order No. R9-2007-0038.pdf,2021-06-01;2022-06-01;2023-06-01;2024-06-01;2025-06-01;2026-06-01;2026-08-13,7
251631,144278,,2021-06-01;2022-06-01;2023-06-01;2024-06-01;2025-06-01;2026-06-01,6
251631,449606,Ranch Colina 0153 NOA Final.pdf,2026-08-13,1
251653,434802,NOA_RanchDelCampoWWTP.pdf,2026-08-13,1
251653,R9-1987-0108,,2021-06-01;2022-06-01;2023-06-01;2024-06-01;2025-06-01;2026-06-01,6
251660,133904,,2021-06-01;2022-06-01;2023-06-01;2024-06-01;2025-06-01;2026-06-01;2026-08-13,7
251675,371615,Signed WDR R3-2004-0153.pdf,2021-06-01;2022-06-01;2023-06-01;2024-06-01;2025-06-01;2026-06-01,6
251675,447945,5-27-22_0153 NOA Ranch Larios HOA Final.pdf,2026-08-13,1
251695,394415,R5-2014-0149.pdf,2021-06-01;2022-06-01;2023-06-01;2024-06-01;2025-06-01;2026-06-01;2026-08-13,7
251714,142398,,2021-06-01;2022-06-01;2023-06-01;2024-06-01;2025-06-01;2026-06-01;2026-08-13,7
251805,139566,,2021-06-01;2022-06-01;2023-06-01;2024-06-01;2025-06-01;2026-06-01,6
251805,394368,,2026-08-13,1
251857,,,2021-06-01;2022-06-01;2023-06-01;2024-06-01;2025-06-01;2026-06-01;2026-08-13,7
251975,,,2021-06-01;2022-06-01;2023-06-01;2024-06-01;2025-06-01;2026-06-01;2026-08-13,7
252119,421692,R5-2013-0044.pdf,2021-06-01;2022-06-01;2023-06-01,3
252119,421692,R5-2018-0041.pdf,2021-06-01;2022-06-01;2023-06-01,3
252119,448935,R5-2013-0044.pdf,2024-06-01;2025-06-01;2026-06-01,3
252119,448935,R5-2018-0041.pdf,2024-06-01;2025-06-01;2026-06-01,3
252119,448935,r5_2023-0048_npdes.pdf,2024-06-01;2025-06-01;2026-06-01;2026-08-13,4
252211,416349,060802_0022_RedwayNPDES.pdf,2021-06-01;2022-06-01,2
252211,416349,060804_0022_RedwayNPDES_Fact_Sheet.pdf,2021-06-01;2022-06-01,2
252211,416349,11_0046_NPDES_Redway_LMB_110627.pdf,2021-06-01;2022-06-01,2
252211,416349,17_0006_Redway CSD_WWTF_NPDES.pdf,2021-06-01;2022-06-01,2
252211,451223,060802_0022_RedwayNPDES.pdf,2023-06-01;2024-06-01;2025-06-01;2026-06-01,4
252211,451223,060804_0022_RedwayNPDES_Fact_Sheet.pdf,2023-06-01;2024-06-01;2025-06-01;2026-06-01,4
252211,451223,11_0046_NPDES_Redway_LMB_110627.pdf,2023-06-01;2024-06-01;2025-06-01;2026-06-01,4
252211,451223,17_0006_Redway CSD_WWTF_NPDES.pdf,2023-06-01;2024-06-01;2025-06-01;2026-06-01,4
252211,451223,23_0004_Redway_CSD_NPDES_01.26.23_EOsigned.pdf,2023-06-01;2024-06-01;2025-06-01;2026-06-01;2026-08-13,5
252254,R1-1988-0078,,2021-06-01;2022-06-01;2023-06-01;2024-06-01;2025-06-01;2026-06-01;2026-08-13,7
252277,144015,,2021-06-01;2022-06-01;2023-06-01;2024-06-01;2025-06-01;2026-06-01,6
252277,422378,2014-0153-DWQ-R5303.pdf,2026-08-13,1
252613,135299,,2021-06-01;2022-06-01;2023-06-01;2024-06-01;2025-06-01;2026-06-01,6
252613,431171,,2026-08-13,1
252657,428795,WCA R2-2008-0003.pdf,2021-06-01;2022-06-01;2023-06-01;2024-06-01,4
252657,428795,WCA R2-2019-0003 - 02-2019.pdf,2021-06-01;2022-06-01;2023-06-01;2024-06-01,4
252657,457271,R2-2024-0008 West County.pdf,2025-06-01;2026-06-01;2026-08-13,3
252657,457271,WCA R2-2008-0003.pdf,2025-06-01;2026-06-01,2
252657,457271,WCA R2-2019-0003 - 02-2019.pdf,2025-06-01;2026-06-01,2
252660,421098,Richvale_NOA-Memo-MRP.pdf,2026-08-13,1
252660,90-167,,2021-06-01;2022-06-01;2023-06-01;2024-06-01;2025-06-01;2026-06-01,6
252695,140415,,2021-06-01;2022-06-01;2023-06-01;2024-06-01;2025-06-01;2026-06-01;2026-08-13,7
252700,133135,WDR NO. 2004-0065-Signed .pdf,2021-06-01;2022-06-01;2023-06-01;2024-06-01;2025-06-01;2026-06-01,6
252700,447918,5-27-22_R3-2020-0020_NOA_Ridgemark_Estates_final.pdf,2026-08-13,1
252750,406955,06_0021_NPDES_RioDell_permit_Modified_110201_LMB.pdf,2021-06-01;2022-06-01;2023-06-01,3
252750,406955,11_0003_RESOLUTION_RioDell_WERModOrder_110201_LMB.pdf,2021-06-01;2022-06-01;2023-06-01,3
252750,406955,11_0054_NPDES_RioDell_LMB_110930.pdf,2021-06-01;2022-06-01;2023-06-01,3
252750,406955,17_0007_City_of_RioDell_WWTP_NPDES.pdf,2021-06-01;2022-06-01;2023-06-01,3
252750,454754,06_0021_NPDES_RioDell_permit_Modified_110201_LMB.pdf,2024-06-01;2025-06-01;2026-06-01,3
252750,454754,11_0003_RESOLUTION_RioDell_WERModOrder_110201_LMB.pdf,2024-06-01;2025-06-01;2026-06-01,3
252750,454754,11_0054_NPDES_RioDell_LMB_110930.pdf,2024-06-01;2025-06-01;2026-06-01,3
252750,454754,17_0007_City_of_RioDell_WWTP_NPDES.pdf,2024-06-01;2025-06-01;2026-06-01,3
252750,454754,Order No. 2023-0022 Combined.pdf,2024-06-01;2025-06-01;2026-06-01;2026-08-13,4
252762,139965,,2021-06-01;2022-06-01;2023-06-01;2024-06-01;2025-06-01;2026-06-01;2026-08-13,7
252771,428745,R5-2008-0108-01.pdf,2021-06-01;2022-06-01;2023-06-01;2024-06-01,4
252771,428745,R5-2019-0016.pdf,2021-06-01;2022-06-01;2023-06-01;2024-06-01,4
252771,428745,r5-2014-0122.pdf,2021-06-01;2022-06-01;2023-06-01;2024-06-01,4
252771,428745,r5-2014_0012.pdf,2021-06-01;2022-06-01;2023-06-01;2024-06-01,4
252771,459134,R5-2008-0108-01.pdf,2025-06-01;2026-06-01,2
252771,459134,R5-2019-0016.pdf,2025-06-01;2026-06-01,2
252771,459134,r5-2014-0122.pdf,2025-06-01;2026-06-01,2
252771,459134,r5-2014_0012.pdf,2025-06-01;2026-06-01,2
252771,459134,r5-2024-0054_npdes.pdf,2025-06-01;2026-06-01;2026-08-13,3
252782,140988,,2021-06-01;2022-06-01;2023-06-01;2024-06-01;2025-06-01;2026-06-01;2026-08-13,7
252813,140155,,2021-06-01;2022-06-01;2023-06-01;2024-06-01;2025-06-01;2026-06-01;2026-08-13,7
252871,141726,,2021-06-01;2022-06-01;2023-06-01;2024-06-01;2025-06-01;2026-06-01;2026-08-13,7
253174,416321,R2-2017-0034.pdf,2021-06-01;2022-06-01,2
253174,450497,R2-2017-0034.pdf,2023-06-01;2024-06-01;2025-06-01;2026-06-01,4
253174,450497,R2-2022-0037.pdf,2023-06-01;2024-06-01;2025-06-01;2026-06-01;2026-08-13,5
253256,140394,,2021-06-01;2022-06-01;2023-06-01;2024-06-01;2025-06-01;2026-06-01;2026-08-13,7
253293,425543,R6V-2019-0251_WDR_Rosamond Adopted Full.pdf,2021-06-01;2022-06-01;2023-06-01;2024-06-01;2025-06-01;2026-06-01;2026-08-13,7
253766,,,2021-06-01;2022-06-01;2023-06-01;2024-06-01;2025-06-01;2026-06-01;2026-08-13,7
254304,136013,,2021-06-01;2022-06-01;2023-06-01;2024-06-01;2025-06-01;2026-06-01;2026-08-13,7
254881,432955,SSFSB - Final Order (11-08).pdf,2021-06-01;2022-06-01;2023-06-01;2024-06-01;2025-06-01,5
254881,432955,SSFSB Order R2-2014-0012 signed.pdf,2021-06-01;2022-06-01;2023-06-01;2024-06-01;2025-06-01,5
254881,432955,SSFSB_Order_Finalsigned.pdf,2021-06-01;2022-06-01;2023-06-01;2024-06-01;2025-06-01,5
254881,464783,R2-2026-0010.pdf,2026-06-01;2026-08-13,2
254881,464783,SSFSB - Final Order (11-08).pdf,2026-06-01,1
254881,464783,SSFSB Order R2-2014-0012 signed.pdf,2026-06-01,1
254881,464783,SSFSB_Order_Finalsigned.pdf,2026-06-01,1
254925,410231,SheridanWWTP_NOA.pdf,2026-08-13,1
254925,R5-2002-0208,,2021-06-01;2022-06-01;2023-06-01;2024-06-01;2025-06-01;2026-06-01,6
254981,443209,R5-2010-0114.pdf,2021-06-01;2022-06-01;2023-06-01;2024-06-01;2025-06-01;2026-06-01,6
254981,443209,R5-2011-0083.pdf,2021-06-01;2022-06-01;2023-06-01;2024-06-01;2025-06-01;2026-06-01,6
254981,443209,R5-2016-0020-01.pdf,2021-06-01;2022-06-01;2023-06-01;2024-06-01;2025-06-01;2026-06-01,6
254981,443209,r5-2013-0124.pdf,2021-06-01;2022-06-01;2023-06-01;2024-06-01;2025-06-01;2026-06-01,6
254981,443209,r5-2014-0103.pdf,2021-06-01;2022-06-01;2023-06-01;2024-06-01;2025-06-01;2026-06-01,6
254981,443209,r5-2014-0122.pdf,2021-06-01;2022-06-01;2023-06-01;2024-06-01;2025-06-01;2026-06-01,6
254981,443209,r5-2016-0020.pdf,2021-06-01;2022-06-01;2023-06-01;2024-06-01;2025-06-01;2026-06-01,6
254981,443209,r5-2021-0019-01_npdes.pdf,2021-06-01;2022-06-01;2023-06-01;2024-06-01;2025-06-01;2026-06-01,6
254981,443209,r5-2021-0019-02.pdf,2021-06-01;2022-06-01;2023-06-01;2024-06-01;2025-06-01;2026-06-01,6
254981,443209,r5-2021-0019_npdes.pdf,2021-06-01;2022-06-01;2023-06-01;2024-06-01;2025-06-01;2026-06-01,6
254981,443209,r5-2022-0064_npdes_ao.pdf,2021-06-01;2022-06-01;2023-06-01;2024-06-01;2025-06-01;2026-06-01,6
254981,465737,r5-2026-0035_npdes.pdf,2026-08-13,1
255003,422099,r5-2006-0081.pdf,2021-06-01;2022-06-01,2
255003,422099,r5-2013-0072.pdf,2021-06-01;2022-06-01,2
255003,422099,r5-2016-0065.pdf,2021-06-01;2022-06-01,2
255003,422099,r5-2018-0040.pdf,2021-06-01;2022-06-01,2
255003,452543,r5-2006-0081.pdf,2023-06-01;2024-06-01;2025-06-01;2026-06-01,4
255003,452543,r5-2013-0072.pdf,2023-06-01;2024-06-01;2025-06-01;2026-06-01,4
255003,452543,r5-2016-0065.pdf,2023-06-01;2024-06-01;2025-06-01;2026-06-01,4
255003,452543,r5-2018-0040.pdf,2023-06-01;2024-06-01;2025-06-01;2026-06-01,4
255003,452543,r5-2023-0013_npdes.pdf,2023-06-01;2024-06-01;2025-06-01;2026-06-01;2026-08-13,5
255081,142003,,2021-06-01;2022-06-01;2023-06-01;2024-06-01;2025-06-01;2026-06-01;2026-08-13,7
255136,179173,,2021-06-01;2022-06-01;2023-06-01;2024-06-01;2025-06-01;2026-06-01;2026-08-13,7
255139,417027,SAM R2-2012-0061.pdf,2021-06-01;2022-06-01,2
255139,417027,SAM R2-2017-0040.pdf,2021-06-01;2022-06-01,2
255139,451900,CA0038598 SAM Order R2-2023-0002.pdf,2023-06-01;2024-06-01;2025-06-01;2026-06-01;2026-08-13,5
255139,451900,SAM R2-2012-0061.pdf,2023-06-01;2024-06-01;2025-06-01;2026-06-01,4
255139,451900,SAM R2-2017-0040.pdf,2023-06-01;2024-06-01;2025-06-01;2026-06-01,4
255165,416629,20_0005_Samoa WWTF_NPDES.pdf,2021-06-01;2022-06-01;2023-06-01;2024-06-01;2025-06-01;2026-06-01;2026-08-13,7
255172,91-181,,2021-06-01;2022-06-01;2023-06-01;2024-06-01;2025-06-01;2026-06-01;2026-08-13,7
255180,425799,R5-2009-0007.pdf,2021-06-01;2022-06-01;2023-06-01,3
255180,425799,R5-2018-0075_SignedOrder.pdf,2021-06-01;2022-06-01;2023-06-01,3
255180,425799,r5-2014-0104.pdf,2021-06-01;2022-06-01;2023-06-01,3
255180,425799,r5-2016-0067.pdf,2021-06-01;2022-06-01;2023-06-01,3
255180,456864,R5-2009-0007.pdf,2024-06-01;2025-06-01;2026-06-01,3
255180,456864,R5-2018-0075_SignedOrder.pdf,2024-06-01;2025-06-01;2026-06-01,3
255180,456864,R5-2024-0025_npdes.pdf,2024-06-01;2025-06-01;2026-06-01;2026-08-13,4
255180,456864,r5-2014-0104.pdf,2024-06-01;2025-06-01;2026-06-01,3
255180,456864,r5-2016-0067.pdf,2024-06-01;2025-06-01;2026-06-01,3
255190,144194,,2021-06-01;2022-06-01;2023-06-01;2024-06-01;2025-06-01;2026-06-01,6
255190,452450,San Ardo NOA and MRP_final.pdf,2026-08-13,1
255218,384618,AmendedOrder.pdf,2021-06-01,1
255218,384618,AmendingOrder.pdf,2021-06-01,1
255218,384618,SJCOOFinalAmendingOrder.pdf,2021-06-01,1
255218,438059,AmendedOrder.pdf,2022-06-01;2023-06-01;2024-06-01;2025-06-01;2026-06-01,5
255218,438059,AmendingOrder.pdf,2022-06-01;2023-06-01;2024-06-01;2025-06-01;2026-06-01,5
255218,438059,SJCOOFinalAmendingOrder.pdf,2022-06-01;2023-06-01;2024-06-01;2025-06-01;2026-06-01,5
255218,438059,amended_order_sjcoo signed dwg 03-19-25.pdf,2022-06-01;2023-06-01;2024-06-01;2025-06-01;2026-06-01;2026-08-13,6
255218,438059,att._1_to_amending_order_sjcoo.pdf,2022-06-01;2023-06-01;2024-06-01;2025-06-01;2026-06-01;2026-08-13,6
255218,438059,r9-2022-0005-a1_v3 signed dwg 03-28-24.pdf,2022-06-01;2023-06-01;2024-06-01;2025-06-01;2026-06-01;2026-08-13,6
255218,438059,r9_2022_0005_sjcoo_signature signed dwg 03-18-22.pdf,2022-06-01;2023-06-01;2024-06-01;2025-06-01;2026-06-01;2026-08-13,6
255265,420803,CA0107999_OrderR920180003.pdf,2021-06-01;2022-06-01;2023-06-01;2024-06-01;2025-06-01;2026-06-01;2026-08-13,7
255265,420803,R9-2005-0100 San Elijo NPDES ocean outfall.pdf,2021-06-01;2022-06-01;2023-06-01;2024-06-01;2025-06-01;2026-06-01,6
255306,132422,,2021-06-01;2022-06-01;2023-06-01;2024-06-01;2025-06-01;2026-06-01,6
255306,434464,NOA_MRP_Sept_24_2019.pdf,2026-08-13,1
255333,436745,CA0037842 SJ-SC Order R2-2020-0001.pdf,2021-06-01;2022-06-01;2023-06-01;2024-06-01;2025-06-01,5
255333,436745,R2-2014-0034.pdf,2021-06-01;2022-06-01;2023-06-01;2024-06-01;2025-06-01,5
255333,463623,CA0037842 SJ-SC Order R2-2020-0001.pdf,2026-06-01,1
255333,463623,CA0037842 San Jose Order R2-2025-0027.pdf,2026-06-01;2026-08-13,2
255333,463623,R2-2014-0034.pdf,2026-06-01,1
255337,364328,NPDES R3-2009-0019 for San Juan Bautista WWTP.pdf,2021-06-01;2022-06-01;2023-06-01;2024-06-01;2025-06-01;2026-06-01;2026-08-13,7
255368,,EBDA - R2-2022-0023.pdf,2024-06-01;2025-06-01;2026-06-01;2026-08-13,4
255368,446577,EBDA - R2-2017-0016.pdf,2021-06-01;2022-06-01,2
255368,446577,Nutrient Watershed Permit - R2-2014-0014.pdf,2022-06-01,1
255368,446577,R2-2012-0004.pdf,2022-06-01,1
255368,446577,R2-2022-0006.pdf,2022-06-01,1
255368,448549,EBDA - R2-2017-0016.pdf,2023-06-01,1
255368,448549,EBDA - R2-2022-0023.pdf,2023-06-01,1
255368,448549,Nutrient Watershed Permit - R2-2014-0014.pdf,2023-06-01,1
255368,448549,R2-2012-0004.pdf,2023-06-01,1
255368,448549,R2-2018-0010.pdf,2023-06-01,1
255372,144125,,2021-06-01;2022-06-01;2023-06-01;2024-06-01;2025-06-01;2026-06-01;2026-08-13,7
255380,399576,R3-2002-0043.pdf,2021-06-01;2022-06-01;2023-06-01;2024-06-01,4
255380,399576,R3-2014-0033 FINAL.pdf,2021-06-01;2022-06-01;2023-06-01;2024-06-01,4
255380,456704,Order R3-2024-0001.pdf,2025-06-01;2026-06-01;2026-08-13,3
255380,456704,R3-2002-0043.pdf,2025-06-01;2026-06-01,2
255380,456704,R3-2014-0033 FINAL.pdf,2025-06-01;2026-06-01,2
255382,144567,,2021-06-01;2022-06-01;2023-06-01;2024-06-01;2025-06-01;2026-06-01,6
255382,383862,,2026-08-13,1
255383,144661,,2021-06-01;2022-06-01;2023-06-01;2024-06-01;2025-06-01;2026-06-01,6
255383,379417,RM379417.pdf,2026-08-13,1
255386,142438,,2021-06-01;2022-06-01;2023-06-01;2024-06-01;2025-06-01;2026-06-01;2026-08-13,7
255392,434521,AmendedOrderR920190166_Digitally Signed signed dwg 12-14-21.pdf,2021-06-01;2022-06-01;2023-06-01;2024-06-01;2025-06-01;2026-06-01;2026-08-13,7
255392,434521,AmendingOrderR920210199_Digitally Signed signed dwg 12-14-21.pdf,2021-06-01;2022-06-01;2023-06-01;2024-06-01;2025-06-01;2026-06-01;2026-08-13,7
255392,434521,Oceanside_Final_Adopted_Order_R9-2019-0166 (1).pdf,2021-06-01;2022-06-01;2023-06-01;2024-06-01;2025-06-01;2026-06-01;2026-08-13,7
255392,434521,R9-2011-0016_amended2.pdf,2021-06-01;2022-06-01;2023-06-01;2024-06-01;2025-06-01;2026-06-01,6
255392,434521,R9-2019-0166_Amended2020 signed dwg 08-17-20.pdf,2021-06-01;2022-06-01;2023-06-01;2024-06-01;2025-06-01;2026-06-01;2026-08-13,7
255392,434521,R9-2020-0190_Final_Order signed dwg 08-17-20.pdf,2021-06-01;2022-06-01;2023-06-01;2024-06-01;2025-06-01;2026-06-01;2026-08-13,7
255392,434521,R9_2011_0016New2014.pdf,2021-06-01;2022-06-01;2023-06-01;2024-06-01;2025-06-01;2026-06-01,6
255392,434521,R9_2014_0108.pdf,2021-06-01;2022-06-01;2023-06-01;2024-06-01;2025-06-01;2026-06-01,6
255393,143431,,2021-06-01;2022-06-01;2023-06-01;2024-06-01;2025-06-01;2026-06-01,6
255393,378937,Oasis West RV Park WWTF (Formerly Los Banos WestI-5 KOA WWTF)-Ownership Change.pdf,2026-08-13,1
255396,144616,,2021-06-01;2022-06-01;2023-06-01;2024-06-01;2025-06-01;2026-06-01,6
255396,379414,San Luis State Rec Area NOA.pdf,2026-08-13,1
255417,88-141,,2021-06-01;2022-06-01;2023-06-01;2024-06-01;2025-06-01;2026-06-01;2026-08-13,7
255420,421205,San Mateo (R2-2018-0016).pdf,2021-06-01;2022-06-01;2023-06-01,3
255420,454700,R2-2023-0017.pdf,2024-06-01;2025-06-01;2026-06-01;2026-08-13,4
255420,454700,San Mateo (R2-2018-0016).pdf,2024-06-01;2025-06-01;2026-06-01,3
255430,147307,,2021-06-01;2022-06-01;2023-06-01;2024-06-01;2025-06-01;2026-06-01,6
255430,455272,1-15-26_San Miguel revised NOA and MRP.pdf,2026-08-13,1
255462,392787,R3-2013-0021_SanSimeon_NPDES.pdf,2021-06-01,1
255462,392787,San Simeon.pdf,2021-06-01,1
255462,445991,Order R3-2022-0003_signed.pdf,2022-06-01;2023-06-01;2024-06-01;2025-06-01;2026-06-01;2026-08-13,6
255462,445991,R3-2013-0021_SanSimeon_NPDES.pdf,2022-06-01;2023-06-01;2024-06-01;2025-06-01;2026-06-01,5
255462,445991,San Simeon.pdf,2022-06-01;2023-06-01;2024-06-01;2025-06-01;2026-06-01,5
255468,R9-2009-0005,,2021-06-01;2022-06-01;2023-06-01;2024-06-01;2025-06-01;2026-06-01;2026-08-13,7
255535,144374,,2021-06-01;2022-06-01;2023-06-01;2024-06-01;2025-06-01;2026-06-01;2026-08-13,7
255632,418035,Final Order 2017-0030_Santa Cruz WWTP.pdf,2021-06-01;2022-06-01;2023-06-01,3
255632,418035,combined final Order R3-2010-0043.pdf,2021-06-01;2022-06-01;2023-06-01,3
255632,455558,Final Order 2017-0030_Santa Cruz WWTP.pdf,2024-06-01;2025-06-01;2026-06-01,3
255632,455558,R3-2023-0001.pdf,2024-06-01;2025-06-01;2026-06-01;2026-08-13,4
255632,455558,combined final Order R3-2010-0043.pdf,2024-06-01;2025-06-01;2026-06-01,3
255649,132007,,2021-06-01;2022-06-01;2023-06-01;2024-06-01;2025-06-01;2026-06-01;2026-08-13,7
255653,394676,2013_0020_wrr.pdf,2021-06-01;2022-06-01;2023-06-01;2024-06-01;2025-06-01;2026-06-01,6
255653,405498,SWRCB WQO 2014-0153-DWQ.pdf,2026-08-13,1
255678,373327,2010-0001 final wdr.pdf,2021-06-01;2022-06-01;2023-06-01;2024-06-01;2025-06-01;2026-06-01,6
255678,453102,Santa Maria R3-2020-0020 NOA_MRP_final.pdf,2026-08-13,1
255679,404699,R9-2016-0154 Signed.pdf,2021-06-01;2022-06-01;2023-06-01;2024-06-01;2025-06-01;2026-06-01;2026-08-13,7
255697,137649,,2021-06-01;2022-06-01;2023-06-01;2024-06-01;2025-06-01;2026-06-01;2026-08-13,7
255703,427520,061003_0045_SantaRosaWDRs.pdf,2021-06-01;2022-06-01;2023-06-01;2024-06-01;2025-06-01;2026-06-01,6
255703,427520,091203_06-0045_NPDES_Attachment_F-Fact_Sheet.pdf,2021-06-01;2022-06-01;2023-06-01;2024-06-01;2025-06-01;2026-06-01,6
255703,427520,13_0001_SantaRosaNPDES_Final.pdf,2021-06-01;2022-06-01;2023-06-01;2024-06-01;2025-06-01;2026-06-01,6
255703,427520,20_0012_SantaRosa-LagunaWWTF_NPDES.pdf,2021-06-01;2022-06-01;2023-06-01;2024-06-01;2025-06-01;2026-06-01;2026-08-13,7
255735,147138,,2021-06-01;2022-06-01;2023-06-01;2024-06-01;2025-06-01;2026-06-01;2026-08-13,7
255788,423343,CA0037711 SASM Final R2-2018-0039.pdf,2021-06-01;2022-06-01;2023-06-01,3
255788,423343,R2-2012-0094.pdf,2021-06-01;2022-06-01;2023-06-01,3
255788,454994,CA0037711 SASM Final R2-2018-0039.pdf,2024-06-01;2025-06-01;2026-06-01,3
255788,454994,R2-2012-0094.pdf,2024-06-01;2025-06-01;2026-06-01,3
255788,454994,R2-2023-0021.pdf,2024-06-01;2025-06-01;2026-06-01;2026-08-13,4
255802,422035,R2-2018-0025.pdf,2021-06-01;2022-06-01;2023-06-01,3
255802,454995,NPDES Order R2-2023-0022.pdf,2024-06-01;2025-06-01;2026-06-01;2026-08-13,4
255802,454995,R2-2018-0025.pdf,2024-06-01;2025-06-01;2026-06-01,3
255833,421384,SVCW_Order No. R2-2018-0005.pdf,2021-06-01;2022-06-01,2
255833,451899,SVCW Order R2-2023-0003 (1).pdf,2023-06-01;2024-06-01;2025-06-01;2026-06-01;2026-08-13,5
255833,451899,SVCW_Order No. R2-2018-0005.pdf,2023-06-01;2024-06-01;2025-06-01;2026-06-01,4
255836,416353,17_0014_SeaRanch_OWTS_WDR.pdf,2021-06-01;2022-06-01;2023-06-01;2024-06-01;2025-06-01;2026-06-01;2026-08-13,7
256005,140393,,2021-06-01;2022-06-01;2023-06-01;2024-06-01;2025-06-01;2026-06-01;2026-08-13,7
256011,389665,Scotts Valley NPDES No. R3-2007-0013.pdf,2021-06-01;2022-06-01;2023-06-01;2024-06-01;2025-06-01;2026-06-01,6
256011,389665,Scotts Valley WWTP NPDES Permit R3-2013-0001.pdf,2021-06-01;2022-06-01;2023-06-01;2024-06-01;2025-06-01;2026-06-01;2026-08-13,7
256012,148618,,2021-06-01;2022-06-01;2023-06-01;2024-06-01;2025-06-01;2026-06-01;2026-08-13,7
256038,147279,,2021-06-01;2022-06-01;2023-06-01;2024-06-01;2025-06-01;2026-06-01,6
256038,457981,5-4-26_20_0020_NOA_MRP_SCRWA.pdf,2026-08-13,1
256039,418038,SCRWA 2017 adopted.pdf,2021-06-01;2022-06-01;2023-06-01;2024-06-01;2025-06-01;2026-06-01,6
256039,418038,SCRWApermit.pdf,2021-06-01;2022-06-01;2023-06-01;2024-06-01;2025-06-01;2026-06-01,6
256039,465400,,2026-08-13,1
256045,423602,19_0007_Airport-Larkfield-Wikiup_SanitationZone_WDR.pdf,2021-06-01;2022-06-01;2023-06-01;2024-06-01;2025-06-01;2026-06-01;2026-08-13,7
256049,433463,19_0013_Geyserville Sanitation Zone WWTF_WDR.pdf,2021-06-01;2022-06-01;2023-06-01;2024-06-01;2025-06-01;2026-06-01;2026-08-13,7
256050,408066,12_0016_NPDES_Graton_CSD_120320_CAG.pdf,2021-06-01;2022-06-01;2023-06-01;2024-06-01;2025-06-01;2026-06-01,6
256050,408066,18_0001_Graton_NPDES.pdf,2021-06-01;2022-06-01;2023-06-01;2024-06-01;2025-06-01;2026-06-01;2026-08-13,7
256050,408066,Order No R1-2004-0038.pdf,2021-06-01;2022-06-01;2023-06-01;2024-06-01;2025-06-01;2026-06-01,6
256057,138699,,2021-06-01;2022-06-01;2023-06-01;2024-06-01;2025-06-01;2026-06-01;2026-08-13,7
256061,392149,09_0003_NPDES_RRCSD_CAG_020209.pdf,2021-06-01,1
256061,392149,14_0002_RRCSD_NPDES_Permit_MRP_Revision.pdf,2021-06-01,1
256061,392149,14_0002_RRCSD_NPDES_Permit_adopted_with_revisions_accepted.pdf,2021-06-01,1
256061,427524,09_0003_NPDES_RRCSD_CAG_020209.pdf,2022-06-01;2023-06-01;2024-06-01;2025-06-01;2026-06-01,5
256061,427524,14_0002_RRCSD_NPDES_Permit_MRP_Revision.pdf,2022-06-01;2023-06-01;2024-06-01;2025-06-01;2026-06-01,5
256061,427524,14_0002_RRCSD_NPDES_Permit_adopted_with_revisions_accepted.pdf,2022-06-01;2023-06-01;2024-06-01;2025-06-01;2026-06-01,5
256061,427524,21_0002_Russian River CSD and Sonoma Water WWTF NPDES.pdf,2022-06-01;2023-06-01;2024-06-01;2025-06-01;2026-06-01;2026-08-13,6
256154,R2-2001-0093,,2021-06-01;2022-06-01;2023-06-01;2024-06-01;2025-06-01;2026-06-01;2026-08-13,7
256217,417936,0016seeley_wdr.pdf,2021-06-01;2022-06-01;2023-06-01,3
256217,453492,0016seeley_wdr.pdf,2024-06-01;2025-06-01;2026-06-01,3
256217,453492,R7-2023-0003.pdf,2024-06-01;2025-06-01;2026-06-01;2026-08-13,4
256218,88-007,,2021-06-01;2022-06-01;2023-06-01;2024-06-01;2025-06-01;2026-06-01;2026-08-13,7
256301,145285,,2021-06-01;2022-06-01;2023-06-01;2024-06-01;2025-06-01;2026-06-01;2026-08-13,7
256307,144626,,2021-06-01;2022-06-01;2023-06-01;2024-06-01;2025-06-01;2026-06-01,6
256307,393595,,2026-08-13,1
256309,145550,,2021-06-01;2022-06-01;2023-06-01;2024-06-01;2025-06-01;2026-06-01;2026-08-13,7
256315,321439,RUSH CREEK MEADOWS NOA.pdf,2021-06-01;2022-06-01;2023-06-01,3
256315,453444,NOA_Rush Creek OWTS.pdf,2024-06-01;2025-06-01;2026-06-01;2026-08-13,4
256316,146373,,2021-06-01;2022-06-01;2023-06-01;2024-06-01;2025-06-01;2026-06-01,6
256316,439097,WQ 2014-0153-DWQ-R5319_NOA.pdf,2026-08-13,1
256477,99-052,,2021-06-01;2022-06-01;2023-06-01;2024-06-01;2025-06-01;2026-06-01;2026-08-13,7
256483,349587,Order R3-2008-0042 Master Rec WDR Cty of Soledad.pdf,2021-06-01;2022-06-01;2023-06-01;2024-06-01;2025-06-01;2026-06-01;2026-08-13,7
256498,437599,R2-2019-0028.pdf,2021-06-01;2022-06-01;2023-06-01;2024-06-01;2025-06-01;2026-06-01;2026-08-13,7
256498,437599,SF SW Order R2-2009-0062 signed Aug 12'09.pdf,2021-06-01;2022-06-01;2023-06-01;2024-06-01;2025-06-01;2026-06-01,6
256499,392750,R2-2008-0007 SF SE WPCP NPDESsfsefinalorder.pdf,2021-06-01;2022-06-01;2023-06-01;2024-06-01;2025-06-01;2026-06-01,6
256499,392750,R2-2013-0029.pdf,2021-06-01;2022-06-01;2023-06-01;2024-06-01;2025-06-01;2026-06-01;2026-08-13,7
256506,425630,SFIA Order No. R2-2018-0045.pdf,2021-06-01;2022-06-01;2023-06-01;2024-06-01,4
256506,459999,SFIA Order No. R2-2018-0045.pdf,2025-06-01;2026-06-01,2
256506,459999,SFO Aiport NPDES Permit Order R2-2025-0002.pdf,2025-06-01;2026-06-01;2026-08-13,3
256507,425630,SFIA Order No. R2-2018-0045.pdf,2021-06-01;2022-06-01;2023-06-01;2024-06-01,4
256507,459999,SFIA Order No. R2-2018-0045.pdf,2025-06-01;2026-06-01,2
256507,459999,SFO Aiport NPDES Permit Order R2-2025-0002.pdf,2025-06-01;2026-06-01;2026-08-13,3
256627,442020,2008-0037.pdf,2021-06-01;2022-06-01;2023-06-01;2024-06-01;2025-06-01;2026-06-01,6
256627,442020,R5-2014-0052-02.pdf,2021-06-01;2022-06-01;2023-06-01;2024-06-01;2025-06-01;2026-06-01,6
256627,442020,R5-2014-0052.pdf,2021-06-01;2022-06-01;2023-06-01;2024-06-01;2025-06-01;2026-06-01,6
256627,442020,R5-2018-0089 Attachment 1.pdf,2021-06-01;2022-06-01;2023-06-01;2024-06-01;2025-06-01;2026-06-01,6
256627,442020,r5-2020-0058_npdes.pdf,2021-06-01;2022-06-01;2023-06-01;2024-06-01;2025-06-01;2026-06-01;2026-08-13,7
256695,416687,R2-2006-0070.pdf,2021-06-01;2022-06-01,2
256695,416687,Shell R2-2017-0039.pdf,2021-06-01;2022-06-01,2
256695,R2-2022-0034,,2023-06-01;2024-06-01;2025-06-01;2026-06-01;2026-08-13,5
256749,400323,09_0094_NPDES_HCRIDShelterCove_TTmodified_091215.pdf,2021-06-01,1
256749,400323,15_0017_ShelterCover_NPDES.pdf,2021-06-01,1
256749,440156,09_0094_NPDES_HCRIDShelterCove_TTmodified_091215.pdf,2022-06-01;2023-06-01;2024-06-01;2025-06-01;2026-06-01,5
256749,440156,15_0017_ShelterCover_NPDES.pdf,2022-06-01;2023-06-01;2024-06-01;2025-06-01;2026-06-01,5
256749,440156,22_0002shltrCvNPDES.pdf,2022-06-01;2023-06-01;2024-06-01;2025-06-01;2026-06-01;2026-08-13,6
256772,408399,r5-2018-0014.pdf,2021-06-01;2022-06-01;2023-06-01;2024-06-01;2025-06-01;2026-06-01;2026-08-13,7
256893,148155,,2021-06-01;2022-06-01;2023-06-01;2024-06-01;2025-06-01;2026-06-01;2026-08-13,7
256920,148827,,2021-06-01;2022-06-01;2023-06-01;2024-06-01;2025-06-01;2026-06-01;2026-08-13,7
256972,142346,,2021-06-01;2022-06-01;2023-06-01;2024-06-01;2025-06-01;2026-06-01;2026-08-13,7
257153,164105,r5-2007-0140.pdf,2021-06-01;2022-06-01;2023-06-01;2024-06-01;2025-06-01;2026-06-01;2026-08-13,7
257388,93-089,,2021-06-01;2022-06-01;2023-06-01;2024-06-01;2025-06-01;2026-06-01;2026-08-13,7
257518,384618,AmendedOrder.pdf,2021-06-01,1
257518,384618,AmendingOrder.pdf,2021-06-01,1
257518,384618,SJCOOFinalAmendingOrder.pdf,2021-06-01,1
257518,438059,AmendedOrder.pdf,2022-06-01;2023-06-01;2024-06-01;2025-06-01;2026-06-01,5
257518,438059,AmendingOrder.pdf,2022-06-01;2023-06-01;2024-06-01;2025-06-01;2026-06-01,5
257518,438059,SJCOOFinalAmendingOrder.pdf,2022-06-01;2023-06-01;2024-06-01;2025-06-01;2026-06-01,5
257518,438059,amended_order_sjcoo signed dwg 03-19-25.pdf,2022-06-01;2023-06-01;2024-06-01;2025-06-01;2026-06-01;2026-08-13,6
257518,438059,att._1_to_amending_order_sjcoo.pdf,2022-06-01;2023-06-01;2024-06-01;2025-06-01;2026-06-01;2026-08-13,6
257518,438059,r9-2022-0005-a1_v3 signed dwg 03-28-24.pdf,2022-06-01;2023-06-01;2024-06-01;2025-06-01;2026-06-01;2026-08-13,6
257518,438059,r9_2022_0005_sjcoo_signature signed dwg 03-18-22.pdf,2022-06-01;2023-06-01;2024-06-01;2025-06-01;2026-06-01;2026-08-13,6
257519,142903,,2021-06-01;2022-06-01;2023-06-01;2024-06-01;2025-06-01;2026-06-01;2026-08-13,7
257520,438059,AmendedOrder.pdf,2021-06-01;2022-06-01;2023-06-01;2024-06-01;2025-06-01;2026-06-01,6
257520,438059,AmendingOrder.pdf,2021-06-01;2022-06-01;2023-06-01;2024-06-01;2025-06-01;2026-06-01,6
257520,438059,SJCOOFinalAmendingOrder.pdf,2021-06-01;2022-06-01;2023-06-01;2024-06-01;2025-06-01;2026-06-01,6
257520,438059,amended_order_sjcoo signed dwg 03-19-25.pdf,2021-06-01;2022-06-01;2023-06-01;2024-06-01;2025-06-01;2026-06-01;2026-08-13,7
257520,438059,att._1_to_amending_order_sjcoo.pdf,2021-06-01;2022-06-01;2023-06-01;2024-06-01;2025-06-01;2026-06-01;2026-08-13,7
257520,438059,r9-2022-0005-a1_v3 signed dwg 03-28-24.pdf,2021-06-01;2022-06-01;2023-06-01;2024-06-01;2025-06-01;2026-06-01;2026-08-13,7
257520,438059,r9_2022_0005_sjcoo_signature signed dwg 03-18-22.pdf,2021-06-01;2022-06-01;2023-06-01;2024-06-01;2025-06-01;2026-06-01;2026-08-13,7
257590,384629,ACOOFinalAmendedOrder.pdf,2021-06-01,1
257590,384629,ACOOFinalAmendingOrder.pdf,2021-06-01,1
257590,446048,ACOOFinalAmendedOrder.pdf,2022-06-01;2023-06-01;2024-06-01;2025-06-01;2026-06-01,5
257590,446048,ACOOFinalAmendingOrder.pdf,2022-06-01;2023-06-01;2024-06-01;2025-06-01;2026-06-01,5
257590,446048,r9_2022_0006_acoo_signature signed dwg 03-18-21.pdf,2022-06-01;2023-06-01;2024-06-01;2025-06-01;2026-06-01;2026-08-13,6
257592,384618,AmendedOrder.pdf,2021-06-01,1
257592,384618,AmendingOrder.pdf,2021-06-01,1
257592,384618,SJCOOFinalAmendingOrder.pdf,2021-06-01,1
257592,438059,AmendedOrder.pdf,2022-06-01;2023-06-01;2024-06-01;2025-06-01;2026-06-01,5
257592,438059,AmendingOrder.pdf,2022-06-01;2023-06-01;2024-06-01;2025-06-01;2026-06-01,5
257592,438059,SJCOOFinalAmendingOrder.pdf,2022-06-01;2023-06-01;2024-06-01;2025-06-01;2026-06-01,5
257592,438059,amended_order_sjcoo signed dwg 03-19-25.pdf,2022-06-01;2023-06-01;2024-06-01;2025-06-01;2026-06-01;2026-08-13,6
257592,438059,att._1_to_amending_order_sjcoo.pdf,2022-06-01;2023-06-01;2024-06-01;2025-06-01;2026-06-01;2026-08-13,6
257592,438059,r9-2022-0005-a1_v3 signed dwg 03-28-24.pdf,2022-06-01;2023-06-01;2024-06-01;2025-06-01;2026-06-01;2026-08-13,6
257592,438059,r9_2022_0005_sjcoo_signature signed dwg 03-18-22.pdf,2022-06-01;2023-06-01;2024-06-01;2025-06-01;2026-06-01;2026-08-13,6
257648,90-129,,2021-06-01;2022-06-01;2023-06-01;2024-06-01;2025-06-01;2026-06-01;2026-08-13,7
257687,336192,SolvangWWTP_SIGNED.pdf,2021-06-01;2022-06-01;2023-06-01;2024-06-01;2025-06-01;2026-06-01,6
257687,448089,Revised_Solvang_R3-2020-0020 NOA_MRP_Oct19_2023_final.pdf,2026-08-13,1
257754,432957,R2-2019-0019.pdf,2021-06-01;2022-06-01;2023-06-01;2024-06-01,4
257754,432957,sonoma R2-2014-0020.pdf,2021-06-01;2022-06-01;2023-06-01;2024-06-01,4
257754,459395,Final Order Sonoma_NPDES permit_Dec 2024.pdf,2025-06-01;2026-06-01;2026-08-13,3
257754,459395,R2-2019-0019.pdf,2025-06-01;2026-06-01,2
257754,459395,sonoma R2-2014-0020.pdf,2025-06-01;2026-06-01,2
257763,141783,,2021-06-01;2022-06-01;2023-06-01,3
257763,449436,R5-2024-0016_Sonora Regional WWTF_WDR.pdf,2024-06-01;2025-06-01;2026-06-01;2026-08-13,4
257821,397052,FinalAmendedOrderNoR9-2014-0009.pdf,2021-06-01,1
257821,397052,FinalOrder.pdf,2021-06-01,1
257821,397052,SBIWTP_AmendingOrder2019.pdf,2021-06-01,1
257821,442331,FinalAmendedOrderNoR9-2014-0009.pdf,2022-06-01;2023-06-01;2024-06-01;2025-06-01;2026-06-01,5
257821,442331,FinalOrder.pdf,2022-06-01;2023-06-01;2024-06-01;2025-06-01;2026-06-01,5
257821,442331,SBIWTP_AmendingOrder2019.pdf,2022-06-01;2023-06-01;2024-06-01;2025-06-01;2026-06-01,5
257821,442331,r9-2021-0001-amended-r9-2023-0009-amended-r9-2026-0005.pdf,2022-06-01;2023-06-01;2024-06-01;2025-06-01;2026-06-01;2026-08-13,6
257821,442331,r9-2021-0001.pdf,2022-06-01;2023-06-01;2024-06-01;2025-06-01;2026-06-01;2026-08-13,6
257831,388394,2006_0067.pdf,2021-06-01,1
257831,388394,CA0109045_Final.pdf,2021-06-01,1
257831,388394,FinalAmendedOrder_SanDiegoSBWRP.pdf,2021-06-01,1
257831,388394,FinalOrderNoR9-2014-0071.pdf,2021-06-01,1
257831,388394,SBWRPAmendedOrder_R9-2013-0006.pdf,2021-06-01,1
257831,388394,SBWRPAmendingOrder_R9-2017-0023.pdf,2021-06-01,1
257831,437319,2006_0067.pdf,2022-06-01;2023-06-01;2024-06-01;2025-06-01;2026-06-01,5
257831,437319,CA0109045_Final.pdf,2022-06-01;2023-06-01;2024-06-01;2025-06-01;2026-06-01,5
257831,437319,FinalAmendedOrder_SanDiegoSBWRP.pdf,2022-06-01;2023-06-01;2024-06-01;2025-06-01;2026-06-01,5
257831,437319,FinalOrderNoR9-2014-0071.pdf,2022-06-01;2023-06-01;2024-06-01;2025-06-01;2026-06-01,5
257831,437319,SBWRPAmendedOrder_R9-2013-0006.pdf,2022-06-01;2023-06-01;2024-06-01;2025-06-01;2026-06-01,5
257831,437319,SBWRPAmendingOrder_R9-2017-0023.pdf,2022-06-01;2023-06-01;2024-06-01;2025-06-01;2026-06-01,5
257831,437319,r9-2021-0011-amended-r9-2026-0006.pdf,2022-06-01;2023-06-01;2024-06-01;2025-06-01;2026-06-01;2026-08-13,6
257831,437319,r9-2021-0011.pdf,2022-06-01;2023-06-01;2024-06-01;2025-06-01;2026-06-01;2026-08-13,6
257850,384629,ACOOFinalAmendedOrder.pdf,2021-06-01,1
257850,384629,ACOOFinalAmendingOrder.pdf,2021-06-01,1
257850,446048,ACOOFinalAmendedOrder.pdf,2022-06-01;2023-06-01;2024-06-01;2025-06-01;2026-06-01,5
257850,446048,ACOOFinalAmendingOrder.pdf,2022-06-01;2023-06-01;2024-06-01;2025-06-01;2026-06-01,5
257850,446048,r9_2022_0006_acoo_signature signed dwg 03-18-21.pdf,2022-06-01;2023-06-01;2024-06-01;2025-06-01;2026-06-01;2026-08-13,6
257887,430003,2009_0046_soslocosandistwdr.pdf,2021-06-01;2022-06-01;2023-06-01;2024-06-01;2025-06-01;2026-06-01,6
257887,430003,So_SLO_Order R3-2019-0002_final.pdf,2021-06-01;2022-06-01;2023-06-01;2024-06-01;2025-06-01;2026-06-01;2026-08-13,7
257887,430003,WDR No. R3-2004-0050.pdf,2021-06-01;2022-06-01;2023-06-01;2024-06-01;2025-06-01;2026-06-01,6
257927,146234,,2021-06-01;2022-06-01;2023-06-01;2024-06-01;2025-06-01;2026-06-01;2026-08-13,7
258004,140733,,2021-06-01;2022-06-01;2023-06-01;2024-06-01;2025-06-01;2026-06-01,6
258004,444257,NOA_Southworth Ranch Estates WWTF.pdf,2026-08-13,1
258043,141184,,2021-06-01;2022-06-01;2023-06-01;2024-06-01;2025-06-01;2026-06-01;2026-08-13,7
258159,R2-2008-0073,,2021-06-01;2022-06-01;2023-06-01;2024-06-01;2025-06-01;2026-06-01;2026-08-13,7
258160,,,2021-06-01;2022-06-01;2023-06-01;2024-06-01;2025-06-01;2026-06-01;2026-08-13,7
258186,147406,,2021-06-01;2022-06-01;2023-06-01;2024-06-01;2025-06-01;2026-06-01,6
258186,449289,Spreckels_R3-2020-0020_NOA_MRP_final.pdf,2026-08-13,1
258386,442938,st. helena_order r2-2021-0004.pdf,2021-06-01;2022-06-01;2023-06-01;2024-06-01;2025-06-01;2026-06-01;2026-08-13,7
258676,422002,R5-2013-0043.pdf,2021-06-01;2022-06-01,2
258676,422002,r5-2018-0042.pdf,2021-06-01;2022-06-01,2
258676,448380,R5-2013-0043.pdf,2023-06-01;2024-06-01;2025-06-01;2026-06-01,4
258676,448380,r5-2018-0042.pdf,2023-06-01;2024-06-01;2025-06-01;2026-06-01,4
258676,448380,r5-2023-0017_npdes.pdf,2023-06-01;2024-06-01;2025-06-01;2026-06-01;2026-08-13,5
258677,,,2021-06-01;2022-06-01;2023-06-01;2024-06-01;2025-06-01;2026-06-01;2026-08-13,7
258683,94-008,,2021-06-01;2022-06-01;2023-06-01;2024-06-01;2025-06-01;2026-06-01;2026-08-13,7
258739,437232,R5-2008-0154.pdf,2021-06-01;2022-06-01;2023-06-01;2024-06-01;2025-06-01,5
258739,437232,r5-2014-0070.pdf,2021-06-01;2022-06-01;2023-06-01;2024-06-01;2025-06-01,5
258739,437232,r5-2014-0122.pdf,2021-06-01;2022-06-01;2023-06-01;2024-06-01;2025-06-01,5
258739,437232,r5-2015-0142.pdf,2021-06-01;2022-06-01;2023-06-01;2024-06-01;2025-06-01,5
258739,437232,r5-2020-0007_npdes.pdf,2021-06-01;2022-06-01;2023-06-01;2024-06-01;2025-06-01,5
258739,461793,R5-2008-0154.pdf,2026-06-01,1
258739,461793,r5-2014-0070.pdf,2026-06-01,1
258739,461793,r5-2014-0122.pdf,2026-06-01,1
258739,461793,r5-2015-0142.pdf,2026-06-01,1
258739,461793,r5-2020-0007_npdes.pdf,2026-06-01,1
258739,461793,r5-2025-0027_npdes.pdf,2026-06-01;2026-08-13,2
258743,337072,r5-2007-0153.pdf,2021-06-01;2022-06-01;2023-06-01;2024-06-01;2025-06-01;2026-06-01;2026-08-13,7
258777,91-096,,2021-06-01;2022-06-01;2023-06-01;2024-06-01;2025-06-01;2026-06-01;2026-08-13,7
258792,397349,r6t-2014-0048_revised_wdrs_stones_bengard_6a188812008.pdf,2021-06-01;2022-06-01;2023-06-01;2024-06-01;2025-06-01;2026-06-01;2026-08-13,7
259143,147582,,2021-06-01;2022-06-01;2023-06-01;2024-06-01;2025-06-01;2026-06-01;2026-08-13,7
259146,388624,05-0075 City of Colton Water Reclaim.pdf,2021-06-01;2022-06-01;2023-06-01;2024-06-01;2025-06-01;2026-06-01,6
259146,388624,12-0050_City_of_Colton_WDR.pdf,2021-06-01;2022-06-01;2023-06-01;2024-06-01;2025-06-01;2026-06-01;2026-08-13,7
259148,144066,,2021-06-01;2022-06-01;2023-06-01;2024-06-01;2025-06-01;2026-06-01;2026-08-13,7
259149,381374,07-0006.pdf,2021-06-01;2022-06-01;2023-06-01;2024-06-01;2025-06-01;2026-06-01,6
259149,381374,14-0010_Rialto_City_of_Renewal_WDR_MWWTP.pdf,2021-06-01;2022-06-01;2023-06-01;2024-06-01;2025-06-01;2026-06-01;2026-08-13,7
259150,376054,06-0009.pdf,2021-06-01;2022-06-01;2023-06-01;2024-06-01;2025-06-01;2026-06-01,6
259150,376054,13-0016_Riverside_City_of_Dept_of_Public_Works.pdf,2021-06-01;2022-06-01;2023-06-01;2024-06-01;2025-06-01;2026-06-01;2026-08-13,7
259152,144046,,2021-06-01;2022-06-01;2023-06-01;2024-06-01;2025-06-01;2026-06-01;2026-08-13,7
259153,144369,,2021-06-01;2022-06-01;2023-06-01;2024-06-01;2025-06-01;2026-06-01;2026-08-13,7
259155,402423,R8-2015-0028_Idyllwild_Water_District_WDR.pdf,2021-06-01;2022-06-01;2023-06-01;2024-06-01;2025-06-01;2026-06-01;2026-08-13,7
259156,402182,07-0003 IRWD Michelson.pdf,2021-06-01;2022-06-01;2023-06-01;2024-06-01;2025-06-01;2026-06-01,6
259156,402182,12-0004_IRWD_Michelson_Amending_07-03.pdf,2021-06-01;2022-06-01;2023-06-01;2024-06-01;2025-06-01;2026-06-01,6
259156,402182,R8-2015-0024_Irvine Ranch Water District.pdf,2021-06-01;2022-06-01;2023-06-01;2024-06-01;2025-06-01;2026-06-01;2026-08-13,7
259156,402182,R8-2018-0070_IRWD__Amending_R8-2015-0024.pdf,2021-06-01;2022-06-01;2023-06-01;2024-06-01;2025-06-01;2026-06-01;2026-08-13,7
259157,144348,,2021-06-01;2022-06-01;2023-06-01;2024-06-01;2025-06-01;2026-06-01;2026-08-13,7
259158,386791,04-62.pdf,2021-06-01,1
259158,386791,12-0035_OCSD_WDR_&_NPDES.pdf,2021-06-01,1
259158,422465,04-62.pdf,2022-06-01;2023-06-01;2024-06-01;2025-06-01;2026-06-01,5
259158,422465,12-0035_OCSD_WDR_&_NPDES.pdf,2022-06-01;2023-06-01;2024-06-01;2025-06-01;2026-06-01,5
259158,422465,R8-2021-0010_OCSD.pdf,2022-06-01;2023-06-01;2024-06-01;2025-06-01;2026-06-01;2026-08-13,6
259160,138550,,2021-06-01;2022-06-01;2023-06-01;2024-06-01;2025-06-01;2026-06-01;2026-08-13,7
259161,380760,07-0012.pdf,2021-06-01;2022-06-01;2023-06-01;2024-06-01;2025-06-01;2026-06-01,6
259161,380760,R8-2015-0027_YVWD_Henry_N_Wochholz_RWRF.pdf,2021-06-01;2022-06-01;2023-06-01;2024-06-01;2025-06-01;2026-06-01;2026-08-13,7
259163,,,2026-08-13,1
259163,97-013,,2021-06-01;2022-06-01;2023-06-01;2024-06-01;2025-06-01;2026-06-01,6
259165,394393,09-0021 IEUA.pdf,2021-06-01,1
259165,394393,R8-2015-0036_IEUA_Regional_Water_Recycling_Facilities.pdf,2021-06-01;2022-06-01,2
259165,448253,09-0021 IEUA.pdf,2023-06-01;2024-06-01;2025-06-01;2026-06-01,4
259165,448253,R8-2015-0036_IEUA_Regional_Water_Recycling_Facilities.pdf,2023-06-01;2024-06-01;2025-06-01;2026-06-01,4
259165,448253,R8-2022-0041_IEUA_ RWRFs_WDR_and_MRP.pdf,2023-06-01;2024-06-01;2025-06-01;2026-06-01;2026-08-13,5
259166,394393,R8-2015-0036_IEUA_Regional_Water_Recycling_Facilities.pdf,2021-06-01;2022-06-01,2
259166,448253,R8-2015-0036_IEUA_Regional_Water_Recycling_Facilities.pdf,2023-06-01;2024-06-01;2025-06-01;2026-06-01,4
259166,448253,R8-2022-0041_IEUA_ RWRFs_WDR_and_MRP.pdf,2023-06-01;2024-06-01;2025-06-01;2026-06-01;2026-08-13,5
259169,394393,09-0021 IEUA.pdf,2021-06-01;2022-06-01,2
259169,394393,R8-2015-0036_IEUA_Regional_Water_Recycling_Facilities.pdf,2021-06-01;2022-06-01,2
259169,448253,09-0021 IEUA.pdf,2023-06-01;2024-06-01;2025-06-01;2026-06-01,4
259169,448253,R8-2015-0036_IEUA_Regional_Water_Recycling_Facilities.pdf,2023-06-01;2024-06-01;2025-06-01;2026-06-01,4
259169,448253,R8-2022-0041_IEUA_ RWRFs_WDR_and_MRP.pdf,2023-06-01;2024-06-01;2025-06-01;2026-06-01;2026-08-13,5
259170,387658,06-0003 WTP#1 Beaumont.pdf,2021-06-01;2022-06-01,2
259170,387658,09-0002 The City of Beaumont WTP No. 1-Amendment of Order 06-0003.pdf,2021-06-01;2022-06-01,2
259170,387658,R8-2015-0026_City_of_Beaumont_WWTP.pdf,2021-06-01;2022-06-01,2
259170,451859,06-0003 WTP#1 Beaumont.pdf,2023-06-01;2024-06-01;2025-06-01;2026-06-01,4
259170,451859,09-0002 The City of Beaumont WTP No. 1-Amendment of Order 06-0003.pdf,2023-06-01;2024-06-01;2025-06-01;2026-06-01,4
259170,451859,R8-2015-0026_City_of_Beaumont_WWTP.pdf,2023-06-01;2024-06-01;2025-06-01;2026-06-01,4
259170,451859,R8-2022-0042_City of Beaumont_Order_NPDES_Final 11-30-2022_esigned.pdf,2023-06-01;2024-06-01;2025-06-01;2026-06-01;2026-08-13,5
259171,422466,07-0005.pdf,2021-06-01;2022-06-01;2023-06-01;2024-06-01;2025-06-01;2026-06-01,6
259171,422466,12-0008_City_of_Corona_DW&P_WDR.pdf,2021-06-01;2022-06-01;2023-06-01;2024-06-01;2025-06-01;2026-06-01,6
259171,422466,R8-2020-0021_City_of_ Corona_ (final version).pdf,2021-06-01;2022-06-01;2023-06-01;2024-06-01;2025-06-01;2026-06-01;2026-08-13,7
259173,374041,"11-015_City of Corona, DWP Reissuance of WDR_Fac2.pdf",2021-06-01;2022-06-01;2023-06-01;2024-06-01;2025-06-01;2026-06-01;2026-08-13,7
259174,395382,07-0007.pdf,2021-06-01;2022-06-01;2023-06-01;2024-06-01;2025-06-01;2026-06-01,6
259174,395382,14-0015_City_of_Corona_DW&P_WD&RR_WRF_No_3.pdf,2021-06-01;2022-06-01;2023-06-01;2024-06-01;2025-06-01;2026-06-01;2026-08-13,7
259178,392658,06-0052 RIX Fac.pdf,2021-06-01;2022-06-01;2023-06-01;2024-06-01;2025-06-01;2026-06-01,6
259178,392658,13-0032_Coton-San_Bernardino_RTT_Water_Reclam_Auth.pdf,2021-06-01;2022-06-01;2023-06-01;2024-06-01;2025-06-01;2026-06-01;2026-08-13,7
259181,297017,05-0044 Big Bear RWA.pdf,2026-08-13,1
259181,R8-2000-0012,,2021-06-01;2022-06-01;2023-06-01;2024-06-01;2025-06-01;2026-06-01,6
259184,394393,04-0020 Carbon Canyon.pdf,2021-06-01;2022-06-01,2
259184,394393,09-0021 IEUA.pdf,2021-06-01;2022-06-01,2
259184,394393,R8-2015-0036_IEUA_Regional_Water_Recycling_Facilities.pdf,2021-06-01;2022-06-01,2
259184,448253,04-0020 Carbon Canyon.pdf,2023-06-01;2024-06-01;2025-06-01;2026-06-01,4
259184,448253,09-0021 IEUA.pdf,2023-06-01;2024-06-01;2025-06-01;2026-06-01,4
259184,448253,R8-2015-0036_IEUA_Regional_Water_Recycling_Facilities.pdf,2023-06-01;2024-06-01;2025-06-01;2026-06-01,4
259184,448253,R8-2022-0041_IEUA_ RWRFs_WDR_and_MRP.pdf,2023-06-01;2024-06-01;2025-06-01;2026-06-01;2026-08-13,5
259185,146059,,2021-06-01;2022-06-01;2023-06-01;2024-06-01;2025-06-01;2026-06-01;2026-08-13,7
259187,144049,,2021-06-01;2022-06-01;2023-06-01;2024-06-01;2025-06-01;2026-06-01;2026-08-13,7
259190,138488,,2021-06-01;2022-06-01;2023-06-01;2024-06-01;2025-06-01;2026-06-01;2026-08-13,7
259193,354386,08-0008 EMWD.pdf,2021-06-01;2022-06-01;2023-06-01;2024-06-01;2025-06-01;2026-06-01;2026-08-13,7
259193,354386,14-0016_EMWD_Pretreatment_Program_Modifications_amending_08-08.pdf,2021-06-01;2022-06-01;2023-06-01;2024-06-01;2025-06-01;2026-06-01;2026-08-13,7
259194,140836,,2021-06-01;2022-06-01;2023-06-01;2024-06-01;2025-06-01;2026-06-01;2026-08-13,7
259196,394108,09-0014 EMWD WDR-Temescal Creek.pdf,2021-06-01;2022-06-01;2023-06-01;2024-06-01;2025-06-01;2026-06-01,6
259196,394108,R8-2015-0006_EMWD_Temescal_Creek_Discharge.pdf,2021-06-01;2022-06-01;2023-06-01;2024-06-01;2025-06-01;2026-06-01;2026-08-13,7
259197,141975,,2021-06-01;2022-06-01;2023-06-01;2024-06-01;2025-06-01;2026-06-01;2026-08-13,7
259198,132543,,2021-06-01;2022-06-01;2023-06-01;2024-06-01;2025-06-01;2026-06-01;2026-08-13,7
259201,141203,,2021-06-01;2022-06-01;2023-06-01;2024-06-01;2025-06-01;2026-06-01;2026-08-13,7
259203,354386,08-0008 EMWD.pdf,2021-06-01;2022-06-01;2023-06-01;2024-06-01;2025-06-01;2026-06-01;2026-08-13,7
259203,354386,14-0016_EMWD_Pretreatment_Program_Modifications_amending_08-08.pdf,2021-06-01;2022-06-01;2023-06-01;2024-06-01;2025-06-01;2026-06-01;2026-08-13,7
259204,148263,,2021-06-01;2022-06-01;2023-06-01;2024-06-01;2025-06-01;2026-06-01;2026-08-13,7
259205,396787,08-0005 Renewal of WDR Western Riverside Co Reg'l WWTP.pdf,2021-06-01;2022-06-01;2023-06-01;2024-06-01;2025-06-01;2026-06-01,6
259205,396787,R8-2015-0013_WRCRWWA.pdf,2021-06-01;2022-06-01;2023-06-01;2024-06-01;2025-06-01;2026-06-01;2026-08-13,7
259205,396787,R8-2019-0066_Western_ Riv_County_ Regional_Wastewater_Authority_Permit.pdf,2021-06-01;2022-06-01;2023-06-01;2024-06-01;2025-06-01;2026-06-01;2026-08-13,7
259209,354386,08-0008 EMWD.pdf,2021-06-01;2022-06-01;2023-06-01;2024-06-01;2025-06-01;2026-06-01;2026-08-13,7
259209,354386,14-0016_EMWD_Pretreatment_Program_Modifications_amending_08-08.pdf,2021-06-01;2022-06-01;2023-06-01;2024-06-01;2025-06-01;2026-06-01;2026-08-13,7
259210,140802,,2021-06-01;2022-06-01;2023-06-01;2024-06-01;2025-06-01;2026-06-01;2026-08-13,7
259212,144367,,2021-06-01;2022-06-01;2023-06-01;2024-06-01;2025-06-01;2026-06-01;2026-08-13,7
259214,371955,05-0003 EVMWD.pdf,2021-06-01;2022-06-01;2023-06-01;2024-06-01;2025-06-01;2026-06-01,6
259214,371955,13-0017_Elsinore_Valley_MWD_RWRF_Renewal_WDR_&_NPDES_Permit.pdf,2021-06-01;2022-06-01;2023-06-01;2024-06-01;2025-06-01;2026-06-01;2026-08-13,7
259216,388621,05-0043 Lee Lake WDR.pdf,2021-06-01;2022-06-01;2023-06-01;2024-06-01;2025-06-01;2026-06-01,6
259216,388621,12-0028_Lee_Lake_Water_Dist_WDR.pdf,2021-06-01;2022-06-01;2023-06-01;2024-06-01;2025-06-01;2026-06-01;2026-08-13,7
259218,372320,"09-0046 MHC NAC, Inc, Wilderness Lakes RV Park WWTF.pdf",2021-06-01;2022-06-01;2023-06-01;2024-06-01;2025-06-01;2026-06-01;2026-08-13,7
259219,144349,,2021-06-01;2022-06-01;2023-06-01;2024-06-01;2025-06-01;2026-06-01;2026-08-13,7
259220,418662,12-0051_City_of_San_Bernardino_WDR.pdf,2021-06-01;2022-06-01;2023-06-01;2024-06-01;2025-06-01;2026-06-01,6
259220,418662,R8-2017-0049_SBMWDWRF.pdf,2021-06-01;2022-06-01;2023-06-01;2024-06-01;2025-06-01;2026-06-01;2026-08-13,7
259220,418662,SB05-74.pdf,2021-06-01;2022-06-01;2023-06-01;2024-06-01;2025-06-01;2026-06-01,6
259223,354386,08-0008 EMWD.pdf,2021-06-01;2022-06-01;2023-06-01;2024-06-01;2025-06-01;2026-06-01;2026-08-13,7
259223,354386,14-0016_EMWD_Pretreatment_Program_Modifications_amending_08-08.pdf,2021-06-01;2022-06-01;2023-06-01;2024-06-01;2025-06-01;2026-06-01;2026-08-13,7
259226,141147,,2021-06-01;2022-06-01;2023-06-01;2024-06-01;2025-06-01;2026-06-01;2026-08-13,7
259230,375578,"R6T-2011-0061 STPUD Diamond Valley Water Relamation Requirements, WDR and MRP.pdf.pdf",2021-06-01;2022-06-01;2023-06-01;2024-06-01;2025-06-01;2026-06-01;2026-08-13,7
259325,145995,,2021-06-01;2022-06-01;2023-06-01;2024-06-01;2025-06-01;2026-06-01;2026-08-13,7
259336,194750,,2021-06-01;2022-06-01;2023-06-01;2024-06-01;2025-06-01;2026-06-01;2026-08-13,7
259377,392876,R3-2013-0042_Summerland_NPDES_permit.pdf,2021-06-01;2022-06-01,2
259377,392876,Summerland_Adopted_NPDES_R3-2008-0009_Permit_5-9-08.pdf,2021-06-01;2022-06-01,2
259377,449533,R3-2013-0042_Summerland_NPDES_permit.pdf,2023-06-01;2024-06-01;2025-06-01;2026-06-01,4
259377,449533,R3-2022-0014-(ACC).pdf,2023-06-01;2024-06-01;2025-06-01;2026-06-01;2026-08-13,5
259377,449533,Summerland_Adopted_NPDES_R3-2008-0009_Permit_5-9-08.pdf,2023-06-01;2024-06-01;2025-06-01;2026-06-01,4
259507,436744,CA0037621 Sunnyvale Order R2-2020-0002.pdf,2021-06-01;2022-06-01;2023-06-01;2024-06-01;2025-06-01;2026-06-01;2026-08-13,7
259508,,,2021-06-01;2022-06-01;2023-06-01;2024-06-01;2025-06-01;2026-06-01;2026-08-13,7
259689,350221,R6T-2008-0022 WDR Susanville CSD.pdf,2021-06-01;2022-06-01;2023-06-01;2024-06-01;2025-06-01;2026-06-01;2026-08-13,7
259689,350221,r6t_2008_0022_a1.pdf,2021-06-01;2022-06-01;2023-06-01;2024-06-01;2025-06-01;2026-06-01;2026-08-13,7
259689,350221,r6t_2008_0022_attach_f_i.pdf,2021-06-01;2022-06-01;2023-06-01;2024-06-01;2025-06-01;2026-06-01;2026-08-13,7
259717,141771,,2021-06-01;2022-06-01;2023-06-01;2024-06-01;2025-06-01;2026-06-01;2026-08-13,7
260064,420106,6432_R4-2013-0111_WDR_PKG.pdf,2021-06-01;2022-06-01;2023-06-01;2024-06-01,4
260064,420106,6432_R4-2018-0156_WDR_PKG.pdf,2021-06-01;2022-06-01;2023-06-01;2024-06-01,4
260064,456707,6432 R4-2024-0182 WDR PKG.pdf,2025-06-01;2026-06-01;2026-08-13,3
260064,456707,6432_R4-2013-0111_WDR_PKG.pdf,2025-06-01;2026-06-01,2
260064,456707,6432_R4-2018-0156_WDR_PKG.pdf,2025-06-01;2026-06-01,2
260156,400696,5542_R4-2004-0097_FS.pdf,2021-06-01,1
260156,400696,5542_R4-2004-0097_WDR.pdf,2021-06-01,1
260156,400696,5542_R4-2009-0078_WDR.pdf,2021-06-01,1
260156,400696,5542_R4-2015-0070_WDR_PKG.pdf,2021-06-01,1
260156,443109,5542_R4-2004-0097_FS.pdf,2022-06-01;2023-06-01;2024-06-01;2025-06-01;2026-06-01,5
260156,443109,5542_R4-2004-0097_WDR.pdf,2022-06-01;2023-06-01;2024-06-01;2025-06-01;2026-06-01,5
260156,443109,5542_R4-2009-0078_WDR.pdf,2022-06-01;2023-06-01;2024-06-01;2025-06-01;2026-06-01,5
260156,443109,5542_R4-2015-0070_WDR_PKG.pdf,2022-06-01;2023-06-01;2024-06-01;2025-06-01;2026-06-01,5
260156,443109,5542_R4-2021-0131_WDR_PKG.pdf,2022-06-01;2023-06-01;2024-06-01;2025-06-01;2026-06-01;2026-08-13,6
260176,144863,,2021-06-01;2022-06-01;2023-06-01;2024-06-01;2025-06-01;2026-06-01;2026-08-13,7
260486,389785,1761_2013-0092_WDR_PKG.pdf,2021-06-01;2022-06-01;2023-06-01;2024-06-01;2025-06-01;2026-06-01;2026-08-13,7
260494,396158,2960_R4-2009-0075_WDR_PKG.pdf,2021-06-01;2022-06-01,2
260494,396158,2960_R4-2015-0072_WDR_PKG.pdf,2021-06-01;2022-06-01,2
260494,442544,2960_R4-2009-0075_WDR_PKG.pdf,2023-06-01;2024-06-01;2025-06-01;2026-06-01,4
260494,442544,2960_R4-2015-0072_WDR_PKG.pdf,2023-06-01;2024-06-01;2025-06-01;2026-06-01,4
260494,442544,2960_R4-2022-0175_WDR_PKG.pdf,2023-06-01;2024-06-01;2025-06-01;2026-06-01;2026-08-13,5
261253,427894,3021_R4-2014-0066-A01_WDR_PKG_amd.pdf,2021-06-01;2022-06-01;2023-06-01;2024-06-01;2025-06-01;2026-06-01,6
261253,427894,3021_R4-2019-0135_WDR_PKG.pdf,2021-06-01;2022-06-01;2023-06-01;2024-06-01;2025-06-01;2026-06-01,6
261253,458518,Adopted Simi Valley NPDES Permit CI 3021 05282026_ADAchecked_signed.pdf,2026-08-13,1
262840,131270,,2021-06-01;2022-06-01;2023-06-01;2024-06-01;2025-06-01;2026-06-01;2026-08-13,7
262987,407593,2014_0153_dwq.pdf,2026-08-13,1
262987,95-162,,2021-06-01;2022-06-01;2023-06-01;2024-06-01;2025-06-01;2026-06-01,6
262995,142903,,2021-06-01;2022-06-01;2023-06-01;2024-06-01;2025-06-01;2026-06-01;2026-08-13,7
262996,142903,,2021-06-01;2022-06-01;2023-06-01;2024-06-01;2025-06-01;2026-06-01;2026-08-13,7
263072,389883,r5-2011-0007.pdf,2021-06-01;2022-06-01;2023-06-01;2024-06-01;2025-06-01;2026-06-01;2026-08-13,7
263080,133623,,2021-06-01;2022-06-01;2023-06-01;2024-06-01;2025-06-01;2026-06-01,6
263080,397364,97-10-DWQ.pdf,2026-08-13,1
263090,144989,,2021-06-01;2022-06-01;2023-06-01;2024-06-01;2025-06-01;2026-06-01;2026-08-13,7
263091,195006,,2026-08-13,1
263091,67-007,,2021-06-01;2022-06-01;2023-06-01;2024-06-01;2025-06-01;2026-06-01,6
263145,354386,08-0008 EMWD.pdf,2021-06-01;2022-06-01;2023-06-01;2024-06-01;2025-06-01;2026-06-01;2026-08-13,7
263145,354386,14-0016_EMWD_Pretreatment_Program_Modifications_amending_08-08.pdf,2021-06-01;2022-06-01;2023-06-01;2024-06-01;2025-06-01;2026-06-01;2026-08-13,7
263168,146000,,2021-06-01;2022-06-01;2023-06-01;2024-06-01;2025-06-01;2026-06-01,6
263168,415420,2014-0153-DWQ-R5233.pdf,2026-08-13,1
263172,408075,16_0019_Tennant_WDR.pdf,2021-06-01;2022-06-01;2023-06-01;2024-06-01;2025-06-01;2026-06-01;2026-08-13,7
263621,141727,,2021-06-01;2022-06-01;2023-06-01;2024-06-01;2025-06-01;2026-06-01;2026-08-13,7
264524,97-010-DWQ,,2021-06-01;2022-06-01;2023-06-01;2024-06-01;2025-06-01;2026-06-01;2026-08-13,7
264662,R2-2015-0019,,2021-06-01;2022-06-01;2023-06-01;2024-06-01;2025-06-01;2026-06-01;2026-08-13,7
264740,144030,,2021-06-01;2022-06-01;2023-06-01;2024-06-01;2025-06-01;2026-06-01,6
264740,461163,NOA 2014-0153-DWQ-R5419_Tooleville WWTF.pdf,2026-08-13,1
264856,146832,,2021-06-01;2022-06-01;2023-06-01;2024-06-01;2025-06-01;2026-06-01,6
264856,2014-0153-DWQ,,2026-08-13,1
266223,416413,R5-2007-0036.pdf,2021-06-01;2022-06-01,2
266223,416413,R5-2017-0113.pdf,2021-06-01;2022-06-01,2
266223,416413,r5-2012-0115.pdf,2021-06-01;2022-06-01,2
266223,416413,r5-2014-0122.pdf,2021-06-01;2022-06-01,2
266223,449574,R5-2007-0036.pdf,2023-06-01;2024-06-01;2025-06-01;2026-06-01,4
266223,449574,R5-2017-0113.pdf,2023-06-01;2024-06-01;2025-06-01;2026-06-01,4
266223,449574,r5-2012-0115.pdf,2023-06-01;2024-06-01;2025-06-01;2026-06-01,4
266223,449574,r5-2014-0122.pdf,2023-06-01;2024-06-01;2025-06-01;2026-06-01,4
266223,449574,r5-2022-0073_npdes.pdf,2023-06-01;2024-06-01;2025-06-01;2026-06-01;2026-08-13,5
266310,144017,,2021-06-01;2022-06-01;2023-06-01;2024-06-01;2025-06-01;2026-06-01,6
266310,461129,2014-0153-DWQ-R5418 Traver WWTF NOA.pdf,2026-08-13,1
266328,438627,R2-2020-0020.pdf,2021-06-01;2022-06-01;2023-06-01;2024-06-01;2025-06-01;2026-06-01;2026-08-13,7
266328,438627,TI Final Order with signature Jan 20'10.pdf,2021-06-01;2022-06-01;2023-06-01;2024-06-01;2025-06-01;2026-06-01,6
266350,384520,Tres Pinos WDR R3-2012-0015.pdf,2021-06-01;2022-06-01;2023-06-01;2024-06-01;2025-06-01;2026-06-01,6
266350,450588,Tres Pinos 0153 NOA_final.pdf,2026-08-13,1
266439,442757,R5-2010-0081.pdf,2021-06-01;2022-06-01;2023-06-01;2024-06-01;2025-06-01,5
266439,442757,r5-2014-0122.pdf,2021-06-01;2022-06-01;2023-06-01;2024-06-01;2025-06-01,5
266439,442757,r5-2015-0141.pdf,2021-06-01;2022-06-01;2023-06-01;2024-06-01;2025-06-01,5
266439,442757,r5-2021-0004.pdf,2021-06-01;2022-06-01;2023-06-01;2024-06-01;2025-06-01,5
266439,465270,R5-2010-0081.pdf,2026-06-01,1
266439,465270,r5-2014-0122.pdf,2026-06-01,1
266439,465270,r5-2015-0141.pdf,2026-06-01,1
266439,465270,r5-2021-0004.pdf,2026-06-01,1
266439,465270,r5-2026-0018_minor_mod.pdf,2026-06-01;2026-08-13,2
266519,146530,,2021-06-01;2022-06-01;2023-06-01;2024-06-01;2025-06-01;2026-06-01;2026-08-13,7
266620,148789,,2021-06-01;2022-06-01;2023-06-01;2024-06-01;2025-06-01;2026-06-01;2026-08-13,7
266694,388796,13_0029_KVG_ef_Tulelake_NPDES_130627.pdf,2021-06-01;2022-06-01;2023-06-01;2024-06-01;2025-06-01;2026-06-01,6
266694,388796,R1-2004-0075.pdf,2021-06-01;2022-06-01;2023-06-01;2024-06-01;2025-06-01;2026-06-01,6
266694,397123,15_0002_Tulelake_WDR_revised_030415.pdf,2026-08-13,1
266720,431482,R5-2019-0058.pdf,2021-06-01;2022-06-01;2023-06-01;2024-06-01;2025-06-01;2026-06-01;2026-08-13,7
266737,442540,R5-2010-0002.pdf,2021-06-01;2022-06-01;2023-06-01;2024-06-01;2025-06-01;2026-06-01,6
266737,442540,R5-2015-0027.pdf,2021-06-01;2022-06-01;2023-06-01;2024-06-01;2025-06-01;2026-06-01,6
266737,442540,r5-2015-0027-01_npdes.pdf,2021-06-01;2022-06-01;2023-06-01;2024-06-01;2025-06-01;2026-06-01,6
266737,442540,r5-2019-0080_npdes_amend.pdf,2021-06-01;2022-06-01;2023-06-01;2024-06-01;2025-06-01;2026-06-01,6
266737,442540,r5-2021-0005_npdes.pdf,2021-06-01;2022-06-01;2023-06-01;2024-06-01;2025-06-01;2026-06-01;2026-08-13,7
266792,140214,,2021-06-01;2022-06-01;2023-06-01;2024-06-01;2025-06-01;2026-06-01,6
266792,417234,TuttletownNOAJune21.pdf,2026-08-13,1
266795,148511,,2021-06-01;2022-06-01;2023-06-01;2024-06-01;2025-06-01;2026-06-01;2026-08-13,7
266940,413302,4760_R4-2005-0074_FS.pdf,2021-06-01;2022-06-01;2023-06-01;2024-06-01;2025-06-01;2026-06-01,6
266940,413302,4760_R4-2005-0074_WDR.pdf,2021-06-01;2022-06-01;2023-06-01;2024-06-01;2025-06-01;2026-06-01,6
266940,413302,4760_R4-2010-0165_WDR_PKG.pdf,2021-06-01;2022-06-01;2023-06-01;2024-06-01;2025-06-01;2026-06-01,6
266940,413302,4760_R4-2017-0124_WDR_PKG.pdf,2021-06-01;2022-06-01;2023-06-01;2024-06-01;2025-06-01;2026-06-01;2026-08-13,7
267130,399400,2171_R4-2005-0024_FS.pdf,2021-06-01,1
267130,399400,2171_R4-2005-0024_WDR.pdf,2021-06-01,1
267130,399400,2171_R4-2010-0071_ATT.pdf,2021-06-01,1
267130,399400,2171_R4-2010-0071_WDR_PKG.pdf,2021-06-01,1
267130,399400,2171_R4-2015-0119-A01_WDR_PKG_amd.pdf,2021-06-01,1
267130,399400,2171_R4-2015-0119_WDR_PKG.pdf,2021-06-01,1
267130,443776,2171_R4-2005-0024_FS.pdf,2022-06-01;2023-06-01;2024-06-01;2025-06-01;2026-06-01,5
267130,443776,2171_R4-2005-0024_WDR.pdf,2022-06-01;2023-06-01;2024-06-01;2025-06-01;2026-06-01,5
267130,443776,2171_R4-2010-0071_ATT.pdf,2022-06-01;2023-06-01;2024-06-01;2025-06-01;2026-06-01,5
267130,443776,2171_R4-2010-0071_WDR_PKG.pdf,2022-06-01;2023-06-01;2024-06-01;2025-06-01;2026-06-01,5
267130,443776,2171_R4-2015-0119-A01_WDR_PKG_amd.pdf,2022-06-01;2023-06-01;2024-06-01;2025-06-01;2026-06-01,5
267130,443776,2171_R4-2015-0119_WDR_PKG.pdf,2022-06-01;2023-06-01;2024-06-01;2025-06-01;2026-06-01,5
267130,443776,TIWRP Adopted Permit 06102021_signed.pdf,2022-06-01;2023-06-01;2024-06-01;2025-06-01;2026-06-01;2026-08-13,6
267571,412169,5695_R4-2006-0091_FS.pdf,2021-06-01;2022-06-01,2
267571,412169,5695_R4-2006-0091_WDR.pdf,2021-06-01;2022-06-01,2
267571,412169,5695_R4-2010-0060_FS_amd.pdf,2021-06-01;2022-06-01,2
267571,412169,5695_R4-2010-0060_WDR_amd.pdf,2021-06-01;2022-06-01,2
267571,412169,5695_R4-2011-0196_WDR_PKG.pdf,2021-06-01;2022-06-01,2
267571,412169,5695_R4-2017-0062_WDR_PKG.pdf,2021-06-01;2022-06-01,2
267571,447892,5695_R4-2006-0091_FS.pdf,2023-06-01;2024-06-01;2025-06-01;2026-06-01,4
267571,447892,5695_R4-2006-0091_WDR.pdf,2023-06-01;2024-06-01;2025-06-01;2026-06-01,4
267571,447892,5695_R4-2010-0060_FS_amd.pdf,2023-06-01;2024-06-01;2025-06-01;2026-06-01,4
267571,447892,5695_R4-2010-0060_WDR_amd.pdf,2023-06-01;2024-06-01;2025-06-01;2026-06-01,4
267571,447892,5695_R4-2011-0196_WDR_PKG.pdf,2023-06-01;2024-06-01;2025-06-01;2026-06-01,4
267571,447892,5695_R4-2017-0062_WDR_PKG.pdf,2023-06-01;2024-06-01;2025-06-01;2026-06-01,4
267571,447892,Adopted DCTWRP NPDES CI-5695_01242023.pdf,2023-06-01;2024-06-01;2025-06-01;2026-06-01;2026-08-13,5
267585,147537,,2021-06-01;2022-06-01;2023-06-01;2024-06-01;2025-06-01;2026-06-01;2026-08-13,7
267596,377941,7418_R4-2011-0193_WDR_PKG.pdf,2021-06-01;2022-06-01;2023-06-01;2024-06-01,4
267596,458724,Todd Road Jail WWTP_Revised WDR_CI-7418_2024-10-08.pdf,2025-06-01;2026-06-01;2026-08-13,3
267637,,,2021-06-01;2022-06-01;2023-06-01;2024-06-01;2026-08-13,5
267637,393699,3185_WDR_COV_2025-04-29.pdf,2025-06-01;2026-06-01,2
268043,376755,7020_R4-2013-0019_WDR_PKG.pdf,2021-06-01;2022-06-01;2023-06-01;2024-06-01;2025-06-01;2026-06-01;2026-08-13,7
268548,397452,3017_R4-2014-0188_WDR_PKG.pdf,2021-06-01;2022-06-01;2023-06-01,3
268548,452463,3017_Attachments.pdf,2024-06-01;2025-06-01;2026-06-01;2026-08-13,4
268548,452463,3017_R4-2023-0294.pdf,2024-06-01;2025-06-01;2026-06-01;2026-08-13,4
268842,393568,4840_R4-2013-0137_WDR_PKG.pdf,2021-06-01;2022-06-01;2023-06-01;2024-06-01;2025-06-01;2026-06-01;2026-08-13,7
268923,138597,,2021-06-01;2022-06-01;2023-06-01;2024-06-01;2025-06-01;2026-06-01;2026-08-13,7
268926,442761,R5-2008-0183.pdf,2021-06-01;2022-06-01;2023-06-01;2024-06-01;2025-06-01;2026-06-01,6
268926,442761,r5-2014-0152.pdf,2021-06-01;2022-06-01;2023-06-01;2024-06-01;2025-06-01;2026-06-01,6
268926,442761,r5-2021-0007_npdes.pdf,2021-06-01;2022-06-01;2023-06-01;2024-06-01;2025-06-01;2026-06-01;2026-08-13,7
268960,413425,060926_0049_NPDESUkiah.pdf,2021-06-01;2022-06-01;2023-06-01;2024-06-01,4
268960,413425,12_0068_NPDES_Ukiah_CAG_120905.pdf,2021-06-01;2022-06-01;2023-06-01;2024-06-01,4
268960,413425,18_0035_Ukiah_NPDES.pdf,2021-06-01;2022-06-01;2023-06-01;2024-06-01,4
268960,458153,060926_0049_NPDESUkiah.pdf,2025-06-01;2026-06-01,2
268960,458153,12_0068_NPDES_Ukiah_CAG_120905.pdf,2025-06-01;2026-06-01,2
268960,458153,18_0035_Ukiah_NPDES.pdf,2025-06-01;2026-06-01,2
268960,458153,24_0016_Ukiah_NPDES_07.18.2024_signed.pdf,2025-06-01;2026-06-01;2026-08-13,3
269042,,EBDA - R2-2022-0023.pdf,2024-06-01;2025-06-01;2026-06-01;2026-08-13,4
269042,448549,EBDA - R2-2017-0016.pdf,2021-06-01;2022-06-01;2023-06-01,3
269042,448549,EBDA - R2-2022-0023.pdf,2023-06-01,1
269042,448549,Nutrient Watershed Permit - R2-2014-0014.pdf,2023-06-01,1
269042,448549,R2-2012-0004.pdf,2023-06-01,1
269042,448549,R2-2018-0010.pdf,2023-06-01,1
269335,194952,,2021-06-01;2022-06-01;2023-06-01;2024-06-01;2025-06-01;2026-06-01;2026-08-13,7
269449,407223,0004naval_air_npdes.pdf,2021-06-01,1
269449,445859,0004naval_air_npdes.pdf,2022-06-01;2023-06-01;2024-06-01;2025-06-01;2026-06-01,5
269449,445859,R7-2021-0045.pdf,2022-06-01;2023-06-01;2024-06-01;2025-06-01;2026-06-01;2026-08-13,6
269534,137891,,2021-06-01;2022-06-01;2023-06-01;2024-06-01;2025-06-01;2026-06-01;2026-08-13,7
269543,319757,12_0033_WDR_USCG.pdf,2021-06-01;2022-06-01;2023-06-01;2024-06-01;2025-06-01;2026-06-01;2026-08-13,7
269543,319757,12_0033_WDR_USCG_MRPRevision.pdf,2021-06-01;2022-06-01;2023-06-01;2024-06-01;2025-06-01;2026-06-01;2026-08-13,7
269584,86-164,,2021-06-01;2022-06-01;2023-06-01;2024-06-01;2025-06-01;2026-06-01,6
269584,97-010-DWQ,,2026-08-13,1
269589,405195,R7-2016-0032.pdf,2021-06-01;2022-06-01;2023-06-01;2024-06-01;2025-06-01;2026-06-01;2026-08-13,7
269591,145259,,2021-06-01;2022-06-01;2023-06-01;2024-06-01;2025-06-01;2026-06-01;2026-08-13,7
269601,410165,Posco R2-2011-0048.pdf,2021-06-01;2022-06-01;2023-06-01;2024-06-01;2025-06-01;2026-06-01,6
269601,410165,R2-2016-0043.pdf,2021-06-01;2022-06-01;2023-06-01;2024-06-01;2025-06-01;2026-06-01;2026-08-13,7
269989,425154,EncinaOO_FinalOrderR9-2018-0059.pdf,2021-06-01;2022-06-01;2023-06-01;2024-06-01;2025-06-01;2026-06-01;2026-08-13,7
269989,425154,R9-2011-0019.pdf,2021-06-01;2022-06-01;2023-06-01;2024-06-01;2025-06-01;2026-06-01,6
270006,451028,Order R2-2023-0001.pdf,2023-06-01;2024-06-01;2025-06-01;2026-06-01;2026-08-13,5
270006,R2-2017-0035,,2021-06-01;2022-06-01,2
270096,434967,R7-2015-0002.pdf,2021-06-01;2022-06-01;2023-06-01;2024-06-01;2025-06-01,5
270096,434967,R7-2020-0007.pdf,2021-06-01;2022-06-01;2023-06-01;2024-06-01;2025-06-01,5
270096,464130,R7-2015-0002.pdf,2026-06-01,1
270096,464130,R7-2020-0007.pdf,2026-06-01,1
270096,464130,R7-2026-0003.pdf,2026-06-01;2026-08-13,2
270105,133379,r5-2005-0066_WDR.pdf,2021-06-01;2022-06-01;2023-06-01;2024-06-01;2025-06-01;2026-06-01,6
270105,2014-0153-DWQ,,2026-08-13,1
270419,420359,R6V-2008-004 VVWRA NPDES.pdf,2021-06-01;2022-06-01;2023-06-01;2024-06-01;2025-06-01;2026-06-01,6
270419,420359,R6V-2013-0038 VVWRA NPDES.pdf,2021-06-01;2022-06-01;2023-06-01;2024-06-01;2025-06-01;2026-06-01,6
270419,420359,r6v_2020_0028_vvwra_npdes_permit.pdf,2021-06-01;2022-06-01;2023-06-01;2024-06-01;2025-06-01;2026-06-01;2026-08-13,7
270563,131178,,2021-06-01;2022-06-01;2023-06-01;2024-06-01;2025-06-01;2026-06-01,6
270563,420930,The Villas_NOA-Memo-MRP.pdf,2026-08-13,1
270618,132042,,2021-06-01;2022-06-01;2023-06-01;2024-06-01;2025-06-01;2026-06-01;2026-08-13,7
270849,395514,4993_R4-2009-0074_WDR.pdf,2021-06-01;2022-06-01,2
270849,395514,4993_R4-2015-0071_WDR_PKG.pdf,2021-06-01;2022-06-01,2
270849,435564,4993_R4-2009-0074_WDR.pdf,2023-06-01;2024-06-01;2025-06-01;2026-06-01,4
270849,435564,4993_R4-2015-0071_WDR_PKG.pdf,2023-06-01;2024-06-01;2025-06-01;2026-06-01,4
270849,435564,4993_R4-2022-0174_WDR_PKG.pdf,2023-06-01;2024-06-01;2025-06-01;2026-06-01;2026-08-13,5
271054,437203,1822_R4-2008-0011_WDR_PKG.pdf,2021-06-01;2022-06-01;2023-06-01;2024-06-01;2025-06-01,5
271054,437203,1822_R4-2013-0174_WDR_PKG.pdf,2021-06-01;2022-06-01;2023-06-01;2024-06-01;2025-06-01,5
271054,437203,1822_R4-2020-0024_WDR.pdf,2021-06-01;2022-06-01;2023-06-01;2024-06-01;2025-06-01,5
271054,463702,1822_R4-2008-0011_WDR_PKG.pdf,2026-06-01,1
271054,463702,1822_R4-2013-0174_WDR_PKG.pdf,2026-06-01,1
271054,463702,1822_R4-2020-0024_WDR.pdf,2026-06-01;2026-08-13,2
271054,463702,VWRF Adopted NPDES CI-10859.pdf,2026-06-01;2026-08-13,2
271593,91-092,,2021-06-01;2022-06-01;2023-06-01;2024-06-01;2025-06-01;2026-06-01;2026-08-13,7
271617,132651,,2021-06-01;2022-06-01;2023-06-01;2024-06-01;2025-06-01;2026-06-01,6
271617,422077,2014-0153-dwq-r5275_NOA.pdf,2026-08-13,1
271740,144441,,2021-06-01;2022-06-01;2023-06-01;2024-06-01;2025-06-01;2026-06-01;2026-08-13,7
271771,89-049,,2021-06-01;2022-06-01;2023-06-01;2024-06-01;2025-06-01;2026-06-01;2026-08-13,7
271772,87-068,,2021-06-01;2022-06-01;2023-06-01;2024-06-01;2025-06-01;2026-06-01;2026-08-13,7
271777,402417,R8-2015-0023_El_Toro_Water_District.pdf,2021-06-01;2022-06-01;2023-06-01;2024-06-01;2025-06-01;2026-06-01;2026-08-13,7
271777,402417,R8-2019-0052_El_Toro_Water_District_WDR_Amendment_of_R8-2015-0023.pdf,2021-06-01;2022-06-01;2023-06-01;2024-06-01;2025-06-01;2026-06-01;2026-08-13,7
271781,395597,r5-2016-0028.pdf,2021-06-01,1
271781,445985,r5-2022-0004-01_npdes.pdf,2022-06-01;2023-06-01;2024-06-01;2025-06-01;2026-06-01;2026-08-13,6
271781,445985,r5-2022-0004_npdes.pdf,2022-06-01;2023-06-01;2024-06-01;2025-06-01;2026-06-01;2026-08-13,6
271781,445985,r5-2023-0032_npdes_ao.pdf,2022-06-01;2023-06-01;2024-06-01;2025-06-01;2026-06-01;2026-08-13,6
271805,397469,R5-2016-0023.pdf,2021-06-01;2022-06-01,2
271805,438991,R5-2016-0023.pdf,2023-06-01;2024-06-01;2025-06-01;2026-06-01,4
271805,438991,r5-2022-0033_npdes.pdf,2023-06-01;2024-06-01;2025-06-01;2026-06-01;2026-08-13,5
271808,132348,,2021-06-01;2022-06-01;2023-06-01;2024-06-01;2025-06-01;2026-06-01;2026-08-13,7
271836,140995,,2021-06-01;2022-06-01;2023-06-01;2024-06-01;2025-06-01;2026-06-01;2026-08-13,7
271872,396491,R3-2008-0016 NPDES permit Watsonville WWTP.pdf,2021-06-01;2022-06-01;2023-06-01;2024-06-01;2025-06-01;2026-06-01,6
271872,396491,Watsonville WWTP 14-0006 FINAL.pdf,2021-06-01;2022-06-01;2023-06-01;2024-06-01;2025-06-01;2026-06-01;2026-08-13,7
271887,373917,r5-2013-0092_npdes.pdf,2021-06-01;2022-06-01;2023-06-01;2024-06-01;2025-06-01;2026-06-01,6
271887,420594,12_21_2021_ 9787284_ REVISED NOA_ 12_21_2021.pdf,2026-08-13,1
271887,420594,2014-0153-DWQ-R5289.pdf,2026-08-13,1
271915,381306,18_0004_Weaverville_WDR_.pdf,2021-06-01;2022-06-01;2023-06-01;2024-06-01;2025-06-01;2026-06-01;2026-08-13,7
271942,138756,,2021-06-01;2022-06-01;2023-06-01;2024-06-01;2025-06-01;2026-06-01;2026-08-13,7
271945,138755,,2021-06-01;2022-06-01;2023-06-01;2024-06-01;2025-06-01;2026-06-01;2026-08-13,7
272009,428683,19_0003_Weott_CSD_WWTP_WDR.pdf,2021-06-01;2022-06-01;2023-06-01;2024-06-01;2025-06-01;2026-06-01;2026-08-13,7
272082,428795,WCA R2-2008-0003.pdf,2021-06-01;2022-06-01;2023-06-01;2024-06-01,4
272082,428795,WCA R2-2019-0003 - 02-2019.pdf,2021-06-01;2022-06-01;2023-06-01;2024-06-01,4
272082,457271,R2-2024-0008 West County.pdf,2025-06-01;2026-06-01;2026-08-13,3
272082,457271,WCA R2-2008-0003.pdf,2025-06-01;2026-06-01,2
272082,457271,WCA R2-2019-0003 - 02-2019.pdf,2025-06-01;2026-06-01,2
272109,140868,,2021-06-01;2022-06-01;2023-06-01;2024-06-01;2025-06-01;2026-06-01,6
272109,438755,2014-0153-dwq-r5336_noa.pdf,2026-08-13,1
272279,140871,,2021-06-01;2022-06-01;2023-06-01;2024-06-01;2025-06-01;2026-06-01;2026-08-13,7
272291,416553,0017westmorland.pdf,2021-06-01;2022-06-01,2
272291,447749,0017westmorland.pdf,2023-06-01;2024-06-01;2025-06-01;2026-06-01,4
272291,447749,R7-2023-0002.pdf,2023-06-01;2024-06-01;2025-06-01;2026-06-01;2026-08-13,5
272298,138704,,2021-06-01;2022-06-01;2023-06-01;2024-06-01;2025-06-01;2026-06-01;2026-08-13,7
272344,429567,R5-2019-0061.pdf,2021-06-01;2022-06-01;2023-06-01;2024-06-01;2025-06-01;2026-06-01;2026-08-13,7
272418,142238,,2021-06-01;2022-06-01;2023-06-01;2024-06-01;2025-06-01;2026-06-01;2026-08-13,7
272434,184989,General WDR 97-10-DWQ.pdf,2026-08-13,1
272434,98-076,,2021-06-01;2022-06-01;2023-06-01;2024-06-01;2025-06-01;2026-06-01,6
272444,393806,r5-2013-0125.pdf,2021-06-01;2022-06-01;2023-06-01;2024-06-01;2025-06-01;2026-06-01,6
272444,393806,r5-2014-0122.pdf,2021-06-01;2022-06-01;2023-06-01;2024-06-01;2025-06-01;2026-06-01,6
272444,461529,R5-2023-0025-010.pdf,2026-08-13,1
272456,134022,,2021-06-01;2022-06-01;2023-06-01;2024-06-01;2025-06-01;2026-06-01,6
272456,404820,2014_0153_dwq.pdf,2026-08-13,1
272480,194460,,2021-06-01;2022-06-01;2023-06-01;2024-06-01;2025-06-01;2026-06-01;2026-08-13,7
272525,146997,,2021-06-01;2022-06-01;2023-06-01;2024-06-01;2025-06-01;2026-06-01,6
272525,456631,R3-2020-0020 NOA San Miguelito_final.pdf,2026-08-13,1
272537,131300,,2021-06-01;2022-06-01;2023-06-01;2024-06-01;2025-06-01;2026-06-01;2026-08-13,7
272563,132029,,2021-06-01;2022-06-01;2023-06-01;2024-06-01;2025-06-01;2026-06-01;2026-08-13,7
272631,396977,R5-2008-0185.pdf,2021-06-01;2022-06-01;2023-06-01;2024-06-01;2025-06-01;2026-06-01,6
272631,396977,r5-2014-0078.pdf,2021-06-01;2022-06-01;2023-06-01;2024-06-01;2025-06-01;2026-06-01,6
272631,433345,R5-2023-0025-009_noa.pdf,2026-08-13,1
272646,400116,100716_10_0017_NPDES_Willits_WWTF.pdf,2021-06-01,1
272646,400116,15_0029_City_of_Willits_WWTF_NPDES.pdf,2021-06-01,1
272646,438175,100716_10_0017_NPDES_Willits_WWTF.pdf,2022-06-01;2023-06-01;2024-06-01;2025-06-01;2026-06-01,5
272646,438175,15_0029_City_of_Willits_WWTF_NPDES.pdf,2022-06-01;2023-06-01;2024-06-01;2025-06-01;2026-06-01,5
272646,438175,21_0021_Willits_WWTF_NPDES.pdf,2022-06-01;2023-06-01;2024-06-01;2025-06-01;2026-06-01;2026-08-13,6
272704,410961,2006-0009.pdf,2021-06-01;2022-06-01;2023-06-01;2024-06-01;2025-06-01;2026-06-01,6
272704,410961,R5-2016-0090.pdf,2021-06-01;2022-06-01;2023-06-01;2024-06-01;2025-06-01;2026-06-01,6
272704,410961,r5-2011-0072.pdf,2021-06-01;2022-06-01;2023-06-01;2024-06-01;2025-06-01;2026-06-01,6
272704,447786,R5-2017-0085-01.pdf,2026-08-13,1
272704,447786,willows_wwtp_noa_signed.pdf,2026-08-13,1
272716,146697,,2021-06-01;2022-06-01;2023-06-01;2024-06-01;2025-06-01;2026-06-01,6
272716,422942,WilseyvilleWWTP_NOA.pdf,2026-08-13,1
272758,146132,,2021-06-01;2022-06-01;2023-06-01;2024-06-01;2025-06-01;2026-06-01;2026-08-13,7
272790,427515,07_0013_NPDES_WindsorModification_Adopted_110201_SIGNED.pdf,2021-06-01;2022-06-01;2023-06-01;2024-06-01;2025-06-01;2026-06-01,6
272790,427515,11_0006_Windsor_NPDES_Adopted_110201_SIGNED.pdf,2021-06-01;2022-06-01;2023-06-01;2024-06-01;2025-06-01;2026-06-01,6
272790,427515,13_0042_Windsor_NPDES_permit_final.pdf,2021-06-01;2022-06-01;2023-06-01;2024-06-01;2025-06-01;2026-06-01,6
272790,427515,20_0010_Windsor Water District_NPDES.pdf,2021-06-01;2022-06-01;2023-06-01;2024-06-01;2025-06-01;2026-06-01;2026-08-13,7
272837,131692,,2021-06-01;2022-06-01;2023-06-01;2024-06-01;2025-06-01;2026-06-01;2026-08-13,7
272919,141175,,2021-06-01;2022-06-01;2023-06-01;2024-06-01;2025-06-01;2026-06-01;2026-08-13,7
272945,145322,,2021-06-01;2022-06-01;2023-06-01;2024-06-01;2025-06-01;2026-06-01;2026-08-13,7
272960,438341,R5-2009-0010.pdf,2021-06-01;2022-06-01;2023-06-01;2024-06-01;2025-06-01,5
272960,438341,r5-2014-0120-01.pdf,2021-06-01;2022-06-01;2023-06-01;2024-06-01;2025-06-01,5
272960,438341,r5-2020-0015_npdes.pdf,2021-06-01;2022-06-01;2023-06-01;2024-06-01;2025-06-01,5
272960,464598,R5-2009-0010.pdf,2026-06-01,1
272960,464598,r5-2014-0120-01.pdf,2026-06-01,1
272960,464598,r5-2020-0015_npdes.pdf,2026-06-01,1
272960,464598,r5-2026-0004_npdes.pdf,2026-06-01;2026-08-13,2
272975,403881,Order No. R9-2015-0104- final.pdf,2021-06-01;2022-06-01;2023-06-01;2024-06-01;2025-06-01;2026-06-01;2026-08-13,7
272986,143798,,2021-06-01;2022-06-01;2023-06-01;2024-06-01;2025-06-01;2026-06-01;2026-08-13,7
272989,141279,,2021-06-01;2022-06-01;2023-06-01;2024-06-01;2025-06-01;2026-06-01;2026-08-13,7
273104,147823,,2021-06-01;2022-06-01;2023-06-01;2024-06-01;2025-06-01;2026-06-01;2026-08-13,7
273106,144724,,2021-06-01;2022-06-01;2023-06-01;2024-06-01;2025-06-01;2026-06-01;2026-08-13,7
273107,145874,,2021-06-01;2022-06-01;2023-06-01;2024-06-01;2025-06-01;2026-06-01;2026-08-13,7
273108,443393,R5_2021_0025_01_Corcoran WWTF.pdf,2021-06-01;2022-06-01;2023-06-01;2024-06-01;2025-06-01;2026-06-01;2026-08-13,7
273108,443393,r5_2021_0025.pdf,2021-06-01;2022-06-01;2023-06-01;2024-06-01;2025-06-01;2026-06-01;2026-08-13,7
273109,375255,R5-2017-0052.pdf,2021-06-01;2022-06-01;2023-06-01;2024-06-01;2025-06-01;2026-06-01;2026-08-13,7
273110,145349,,2021-06-01;2022-06-01;2023-06-01,3
273110,446840,R5-2023-0046_WDR_City of Dinuba.pdf,2024-06-01;2025-06-01;2026-06-01;2026-08-13,4
273111,194921,,2021-06-01;2022-06-01;2023-06-01;2024-06-01;2025-06-01;2026-06-01;2026-08-13,7
273112,131464,,2026-08-13,1
273112,96-040,,2021-06-01;2022-06-01;2023-06-01;2024-06-01;2025-06-01;2026-06-01,6
273113,144651,,2021-06-01,1
273113,441321,R5_2022-0026_WDR_Farmersville WWTF.pdf,2022-06-01;2023-06-01;2024-06-01;2025-06-01;2026-06-01;2026-08-13,6
273114,145593,,2021-06-01;2022-06-01;2023-06-01;2024-06-01;2025-06-01,5
273114,465326,r5-2026-0017_wdrs.pdf,2026-06-01;2026-08-13,2
273115,427699,Order R5-2018-0080.pdf,2021-06-01;2022-06-01;2023-06-01;2024-06-01;2025-06-01;2026-06-01;2026-08-13,7
273116,145495,,2026-08-13,1
273116,145700,,2021-06-01;2022-06-01;2023-06-01;2024-06-01;2025-06-01;2026-06-01,6
273118,148388,,2021-06-01;2022-06-01;2023-06-01;2024-06-01;2025-06-01;2026-06-01;2026-08-13,7
273119,328068,r5-2014-0163.pdf,2021-06-01;2022-06-01;2023-06-01;2024-06-01;2025-06-01;2026-06-01;2026-08-13,7
273120,421938,r5-2019-0008.pdf,2021-06-01;2022-06-01;2023-06-01,3
273120,456233,R5-2024-0007_Leprino Foods_WDRs.pdf,2024-06-01;2025-06-01;2026-06-01;2026-08-13,4
273121,145554,,2021-06-01;2022-06-01;2023-06-01;2024-06-01;2025-06-01;2026-06-01;2026-08-13,7
273122,443394,r5_2021_0026.pdf,2021-06-01;2022-06-01;2023-06-01;2024-06-01;2025-06-01;2026-06-01;2026-08-13,7
273123,145289,,2021-06-01;2022-06-01,2
273123,431269,R5-2022-0074_Madera WWTF_WDR.pdf,2023-06-01;2024-06-01;2025-06-01;2026-06-01;2026-08-13,5
273124,147834,,2021-06-01;2022-06-01;2023-06-01;2024-06-01;2025-06-01;2026-06-01;2026-08-13,7
273125,330608,r5-2008-0072.pdf,2021-06-01;2022-06-01;2023-06-01;2024-06-01;2025-06-01;2026-06-01;2026-08-13,7
273126,330730,r5-2016-0054.pdf,2021-06-01;2022-06-01;2023-06-01;2024-06-01;2025-06-01;2026-06-01;2026-08-13,7
273127,132495,r5-2004-0008.pdf,2021-06-01;2022-06-01;2023-06-01;2024-06-01;2025-06-01;2026-06-01;2026-08-13,7
273128,145326,,2021-06-01;2022-06-01;2023-06-01;2024-06-01;2025-06-01;2026-06-01;2026-08-13,7
273130,344805,Porterville WWTF R5-2008-0034.pdf,2021-06-01;2022-06-01;2023-06-01;2024-06-01;2025-06-01;2026-06-01;2026-08-13,7
273131,333271,R5-2010-0120.pdf,2026-08-13,1
273131,355592,,2021-06-01;2022-06-01;2023-06-01;2024-06-01;2025-06-01;2026-06-01,6
273132,324939,r5-2007-0100.pdf,2021-06-01;2022-06-01;2023-06-01;2024-06-01;2025-06-01;2026-06-01;2026-08-13,7
273133,394866,r5-2014-0004.pdf,2021-06-01;2022-06-01;2023-06-01;2024-06-01;2025-06-01;2026-06-01;2026-08-13,7
273135,143812,,2021-06-01;2022-06-01;2023-06-01;2024-06-01;2025-06-01;2026-06-01,6
273135,409890,Stratford WWTF NOA Revised Enrollee No.pdf,2026-08-13,1
273136,144455,,2021-06-01;2022-06-01;2023-06-01;2024-06-01;2025-06-01;2026-06-01;2026-08-13,7
273138,383443,r5-2006-0091.pdf,2021-06-01;2022-06-01;2023-06-01;2024-06-01;2025-06-01;2026-06-01,6
273138,383443,r5-2014-0076_npdes.pdf,2021-06-01;2022-06-01;2023-06-01;2024-06-01;2025-06-01;2026-06-01,6
273138,409518,r5-2018-0046.pdf,2026-08-13,1
273140,371066,R5-2009-0103.pdf,2021-06-01;2022-06-01;2023-06-01;2024-06-01;2025-06-01;2026-06-01;2026-08-13,7
273141,145993,,2021-06-01;2022-06-01;2023-06-01;2024-06-01;2025-06-01;2026-06-01;2026-08-13,7
273142,144791,,2021-06-01;2022-06-01;2023-06-01;2024-06-01;2025-06-01;2026-06-01;2026-08-13,7
273143,333653,r5-2009-0088.pdf,2021-06-01;2022-06-01;2023-06-01;2024-06-01;2025-06-01;2026-06-01;2026-08-13,7
273145,145339,,2021-06-01;2022-06-01;2023-06-01;2024-06-01;2025-06-01;2026-06-01;2026-08-13,7
273147,162834,Gunner Ranch r5-2019-0084_wdrs.pdf,2021-06-01;2022-06-01;2023-06-01;2024-06-01;2025-06-01;2026-06-01;2026-08-13,7
273148,374230,r5-2012-0125.pdf,2021-06-01;2022-06-01;2023-06-01;2024-06-01;2025-06-01;2026-06-01;2026-08-13,7
273149,337071,r5-2007-0152.pdf,2021-06-01;2022-06-01;2023-06-01;2024-06-01;2025-06-01;2026-06-01;2026-08-13,7
273152,144779,,2021-06-01;2022-06-01;2023-06-01;2024-06-01;2025-06-01;2026-06-01,6
273152,417947,NOA 2014-0153-dwq-r5328.pdf,2026-08-13,1
273155,144619,,2021-06-01;2022-06-01;2023-06-01;2024-06-01;2025-06-01;2026-06-01,6
273155,437780,Cesar Chavez National Monument WWTF NOA 3-13-2020.pdf,2026-08-13,1
273156,337300,r5-2008-0004.pdf,2021-06-01;2022-06-01;2023-06-01;2024-06-01;2025-06-01;2026-06-01;2026-08-13,7
273159,145162,,2021-06-01;2022-06-01;2023-06-01;2024-06-01;2025-06-01;2026-06-01,6
273159,420595,,2026-08-13,1
273160,142310,,2021-06-01;2022-06-01;2023-06-01;2024-06-01;2025-06-01;2026-06-01;2026-08-13,7
273161,399826,BEAR_VALLEY_CSD_DIST_WWTF_ROWDNPDES_APP-MSS.pdf,2021-06-01;2022-06-01;2023-06-01;2024-06-01;2025-06-01;2026-06-01,6
273161,399826,r5-2008-0121_npdes.pdf,2021-06-01;2022-06-01;2023-06-01;2024-06-01;2025-06-01;2026-06-01,6
273161,399826,r5-2015-0011.pdf,2021-06-01;2022-06-01;2023-06-01;2024-06-01;2025-06-01;2026-06-01,6
273161,456261,R5-2024-0005_Bear Valley CSDW_WDR.pdf,2026-08-13,1
273163,146263,,2021-06-01;2022-06-01;2023-06-01;2024-06-01;2025-06-01;2026-06-01;2026-08-13,7
273164,370698,R5-2009-0123.pdf,2021-06-01;2022-06-01;2023-06-01;2024-06-01;2025-06-01;2026-06-01;2026-08-13,7
273166,420796,r5-2006-0092.pdf,2021-06-01;2022-06-01;2023-06-01;2024-06-01,4
273166,420796,r5-2013-0047_npdes.pdf,2021-06-01;2022-06-01;2023-06-01;2024-06-01,4
273166,420796,r5-2015-0048_npdes_ao.pdf,2021-06-01;2022-06-01;2023-06-01;2024-06-01,4
273166,420796,r5-2018-0011.pdf,2021-06-01;2022-06-01;2023-06-01;2024-06-01,4
273166,460450,r5-2006-0092.pdf,2025-06-01;2026-06-01,2
273166,460450,r5-2013-0047_npdes.pdf,2025-06-01;2026-06-01,2
273166,460450,r5-2015-0048_npdes_ao.pdf,2025-06-01;2026-06-01,2
273166,460450,r5-2018-0011.pdf,2025-06-01;2026-06-01,2
273166,460450,r5-2025-0013_ndpes.pdf,2025-06-01;2026-06-01;2026-08-13,3
273167,146261,,2021-06-01;2022-06-01;2023-06-01;2024-06-01;2025-06-01;2026-06-01;2026-08-13,7
273168,400654,R5-2015-0053.pdf,2021-06-01;2022-06-01;2023-06-01;2024-06-01;2025-06-01;2026-06-01;2026-08-13,7
273169,145515,,2021-06-01;2022-06-01;2023-06-01;2024-06-01;2025-06-01;2026-06-01;2026-08-13,7
273170,144097,,2021-06-01;2022-06-01;2023-06-01;2024-06-01;2025-06-01;2026-06-01;2026-08-13,7
273172,145507,,2021-06-01;2022-06-01;2023-06-01;2024-06-01;2025-06-01;2026-06-01;2026-08-13,7
273173,144931,,2021-06-01;2022-06-01;2023-06-01;2024-06-01;2025-06-01;2026-06-01;2026-08-13,7
273174,385516,r5-2012-0043.pdf,2021-06-01;2022-06-01,2
273174,449789,R5-2022-0059_Lamont WWTF_WDR.pdf,2023-06-01;2024-06-01;2025-06-01;2026-06-01;2026-08-13,5
273175,409899,r5-2016-0079.pdf,2021-06-01;2022-06-01;2023-06-01;2024-06-01;2025-06-01;2026-06-01;2026-08-13,7
273176,146277,,2021-06-01;2022-06-01;2023-06-01;2024-06-01;2025-06-01;2026-06-01;2026-08-13,7
273177,145015,,2021-06-01;2022-06-01;2023-06-01;2024-06-01;2025-06-01;2026-06-01;2026-08-13,7
273178,330555,,2021-06-01;2022-06-01;2023-06-01;2024-06-01;2025-06-01;2026-06-01;2026-08-13,7
273179,145172,,2021-06-01;2022-06-01;2023-06-01;2024-06-01;2025-06-01;2026-06-01;2026-08-13,7
273180,387532,r5-2008-0033.pdf,2021-06-01;2022-06-01;2023-06-01;2024-06-01;2025-06-01;2026-06-01,6
273180,387532,r5-2014-0145.pdf,2021-06-01;2022-06-01;2023-06-01;2024-06-01;2025-06-01;2026-06-01,6
273180,437060,Malaga CWD-r5-2020-0001_wdr.pdf,2026-08-13,1
273182,325196,R5-2013-0021.pdf,2026-08-13,1
273182,371145,r5-2005-0009.pdf,2021-06-01;2022-06-01;2023-06-01;2024-06-01;2025-06-01;2026-06-01,6
273182,371145,r5-2011-0042.pdf,2021-06-01;2022-06-01;2023-06-01;2024-06-01;2025-06-01;2026-06-01,6
273183,145589,,2021-06-01;2022-06-01;2023-06-01;2024-06-01;2025-06-01;2026-06-01;2026-08-13,7
273184,143866,,2021-06-01;2022-06-01;2023-06-01;2024-06-01;2025-06-01;2026-06-01;2026-08-13,7
273185,411621,Riverdale PUD IR.pdf,2021-06-01;2022-06-01;2023-06-01;2024-06-01;2025-06-01;2026-06-01;2026-08-13,7
273185,411621,r5-2018-0028.pdf,2021-06-01;2022-06-01;2023-06-01;2024-06-01;2025-06-01;2026-06-01;2026-08-13,7
273186,144018,,2021-06-01;2022-06-01;2023-06-01;2024-06-01;2025-06-01;2026-06-01;2026-08-13,7
273187,131438,,2021-06-01;2022-06-01;2023-06-01;2024-06-01;2025-06-01;2026-06-01;2026-08-13,7
273188,144566,,2021-06-01;2022-06-01;2023-06-01;2024-06-01;2025-06-01;2026-06-01,6
273188,434038,Sierra High School_WWTF_final noa.pdf,2026-08-13,1
273189,144174,,2021-06-01;2022-06-01;2023-06-01;2024-06-01;2025-06-01;2026-06-01;2026-08-13,7
273190,145701,,2021-06-01;2022-06-01;2023-06-01;2024-06-01;2025-06-01;2026-06-01;2026-08-13,7
273191,390414,R5-2014-0127.pdf,2021-06-01;2022-06-01;2023-06-01;2024-06-01;2025-06-01;2026-06-01,6
273191,390414,r5-2008-0091.pdf,2021-06-01;2022-06-01;2023-06-01;2024-06-01;2025-06-01;2026-06-01,6
273191,439983,r5-2023-0025-012.pdf,2026-08-13,1
273192,408402,Strathmore PUB r5-2016-0061.pdf,2021-06-01;2022-06-01;2023-06-01;2024-06-01;2025-06-01;2026-06-01;2026-08-13,7
273193,145280,,2021-06-01;2022-06-01;2023-06-01;2024-06-01;2025-06-01;2026-06-01;2026-08-13,7
273194,144214,,2021-06-01;2022-06-01;2023-06-01;2024-06-01;2025-06-01;2026-06-01;2026-08-13,7
273195,143396,,2021-06-01;2022-06-01;2023-06-01;2024-06-01;2025-06-01;2026-06-01,6
273195,443353,NOA _Tranquillity PUD_WWTF_2014-0153-DWQ-R5361.pdf,2026-08-13,1
273196,131603,,2021-06-01;2022-06-01;2023-06-01;2024-06-01;2025-06-01;2026-06-01;2026-08-13,7
273197,144641,,2021-06-01;2022-06-01;2023-06-01;2024-06-01;2025-06-01;2026-06-01;2026-08-13,7
273207,385864,R5-2017-0104.pdf,2021-06-01;2022-06-01;2023-06-01;2024-06-01;2025-06-01;2026-06-01,6
273207,385864,r5-2007-0171.pdf,2021-06-01;2022-06-01;2023-06-01;2024-06-01;2025-06-01;2026-06-01,6
273207,385864,r5-2014-0042-01_mm.pdf,2021-06-01;2022-06-01;2023-06-01;2024-06-01;2025-06-01;2026-06-01,6
273207,385864,r5-2014-0042_npdes.pdf,2021-06-01;2022-06-01;2023-06-01;2024-06-01;2025-06-01;2026-06-01,6
273207,464463,NOA R5-2023-0025-015.pdf,2026-08-13,1
273208,332777,r5-2009-0122.pdf,2021-06-01;2022-06-01;2023-06-01;2024-06-01;2025-06-01;2026-06-01;2026-08-13,7
273209,343591,r5-2009-0087.pdf,2021-06-01;2022-06-01;2023-06-01;2024-06-01;2025-06-01;2026-06-01;2026-08-13,7
273663,421694,7449_R4-2006-0067_WDR_PKG.pdf,2021-06-01;2022-06-01;2023-06-01,3
273663,421694,7449_R4-2012-0026_WDR_PKG.pdf,2021-06-01;2022-06-01;2023-06-01,3
273663,421694,7449_R4-2018-0089_WDR_PKG.pdf,2021-06-01;2022-06-01;2023-06-01,3
273663,452909,7449_R4-2006-0067_WDR_PKG.pdf,2024-06-01;2025-06-01;2026-06-01,3
273663,452909,7449_R4-2012-0026_WDR_PKG.pdf,2024-06-01;2025-06-01;2026-06-01,3
273663,452909,7449_R4-2018-0089_WDR_PKG.pdf,2024-06-01;2025-06-01;2026-06-01,3
273663,452909,Adopted ECLWRF NPDES CI-7449 111623.pdf,2024-06-01;2025-06-01;2026-06-01;2026-08-13,4
274410,440857,Town of Yountville Order R2-2020-0026.pdf,2021-06-01;2022-06-01;2023-06-01;2024-06-01;2025-06-01;2026-06-01;2026-08-13,7
274498,147703,,2021-06-01;2022-06-01;2023-06-01;2024-06-01;2025-06-01;2026-06-01;2026-08-13,7
274503,140863,,2021-06-01;2022-06-01;2023-06-01;2024-06-01;2025-06-01;2026-06-01,6
274503,383860,97-10-dwq-r5092_noa.pdf,2026-08-13,1
274504,141997,,2021-06-01;2022-06-01;2023-06-01;2024-06-01;2025-06-01;2026-06-01;2026-08-13,7
274505,140862,,2021-06-01;2022-06-01;2023-06-01;2024-06-01;2025-06-01;2026-06-01,6
274505,448704,NOA_White Wolf WWTF.pdf,2026-08-13,1
274506,146513,,2021-06-01;2022-06-01;2023-06-01;2024-06-01;2025-06-01;2026-06-01;2026-08-13,7
274512,148098,,2021-06-01;2022-06-01;2023-06-01;2024-06-01;2025-06-01;2026-06-01;2026-08-13,7
274513,145594,,2021-06-01;2022-06-01;2023-06-01;2024-06-01;2025-06-01;2026-06-01;2026-08-13,7
274534,00-032,,2021-06-01;2022-06-01;2023-06-01;2024-06-01;2025-06-01;2026-06-01;2026-08-13,7
274538,132393,,2021-06-01,1
274538,423596,21_0016_Yreka_WDR.pdf,2022-06-01;2023-06-01;2024-06-01;2025-06-01;2026-06-01;2026-08-13,6
274556,428768,R5-2007-0134.pdf,2021-06-01;2022-06-01;2023-06-01;2024-06-01,4
274556,428768,R5-2019-0017-01.pdf,2021-06-01;2022-06-01;2023-06-01;2024-06-01,4
274556,428768,R5-2019-0017.pdf,2021-06-01;2022-06-01;2023-06-01;2024-06-01,4
274556,428768,Yuba City WWTF_Permit_R5-2007-0134-01.pdf,2021-06-01;2022-06-01;2023-06-01;2024-06-01,4
274556,428768,r5-2013-0094-01.pdf,2021-06-01;2022-06-01;2023-06-01;2024-06-01,4
274556,428768,r5-2013-0094.pdf,2021-06-01;2022-06-01;2023-06-01;2024-06-01,4
274556,459135,R5-2007-0134.pdf,2025-06-01;2026-06-01,2
274556,459135,R5-2019-0017-01.pdf,2025-06-01;2026-06-01,2
274556,459135,R5-2019-0017.pdf,2025-06-01;2026-06-01,2
274556,459135,Yuba City WWTF_Permit_R5-2007-0134-01.pdf,2025-06-01;2026-06-01,2
274556,459135,r5-2013-0094-01.pdf,2025-06-01;2026-06-01,2
274556,459135,r5-2013-0094.pdf,2025-06-01;2026-06-01,2
274556,459135,r5-2024-0055_npdes.pdf,2025-06-01;2026-06-01;2026-08-13,3
274558,140419,,2021-06-01;2022-06-01;2023-06-01;2024-06-01;2025-06-01;2026-06-01;2026-08-13,7
602220,327511,060811_0053_BohemianGroveWDR.pdf,2021-06-01;2022-06-01;2023-06-01;2024-06-01;2025-06-01;2026-06-01;2026-08-13,7
602499,333664,Del Rio East NOA.pdf,2021-06-01;2022-06-01;2023-06-01;2024-06-01;2025-06-01;2026-06-01;2026-08-13,7
614538,302855,R2-2006-0071.pdf,2021-06-01;2022-06-01;2023-06-01;2024-06-01;2025-06-01;2026-06-01,6
614538,459255,Mustards Grill Notice of Applicability Package_2024-07-10.pdf,2026-08-13,1
638334,422969,AmendedOrderR92019167_DigitalSignature signed dwg 12-14-21.pdf,2021-06-01;2022-06-01;2023-06-01;2024-06-01;2025-06-01;2026-06-01;2026-08-13,7
638334,422969,AmendingOrderR920210205_DigitalSignature signed dwg 12-17-21.pdf,2021-06-01;2022-06-01;2023-06-01;2024-06-01;2025-06-01;2026-06-01;2026-08-13,7
638334,422969,Email_CA0109347_FinalOrder.pdf,2021-06-01;2022-06-01;2023-06-01;2024-06-01;2025-06-01;2026-06-01,6
638334,422969,MCBCP_Final_Adopted_Order_R9-2019-0167.pdf,2021-06-01;2022-06-01;2023-06-01;2024-06-01;2025-06-01;2026-06-01;2026-08-13,7
638334,422969,R9-2019-0167_Amended2020 signed dwg 08-17-20.pdf,2021-06-01;2022-06-01;2023-06-01;2024-06-01;2025-06-01;2026-06-01;2026-08-13,7
638334,422969,R9-2020-0191_Final_Order signed dwg 08-17-20.pdf,2021-06-01;2022-06-01;2023-06-01;2024-06-01;2025-06-01;2026-06-01;2026-08-13,7
638757,307579,R6T-2006-0020 Spalding WDR.pdf,2021-06-01;2022-06-01;2023-06-01;2024-06-01;2025-06-01;2026-06-01;2026-08-13,7
641209,310686,r5-2006-0019-001_wdr.pdf,2021-06-01;2022-06-01;2023-06-01;2024-06-01;2025-06-01;2026-06-01;2026-08-13,7
641209,310686,r5-2006-0019-002_wdr.pdf,2021-06-01;2022-06-01;2023-06-01;2024-06-01;2025-06-01;2026-06-01;2026-08-13,7
641209,310686,r5-2006-0019.pdf,2021-06-01;2022-06-01;2023-06-01;2024-06-01;2025-06-01;2026-06-01;2026-08-13,7
643085,334494,07-0004.pdf,2021-06-01;2022-06-01;2023-06-01;2024-06-01;2025-06-01;2026-06-01;2026-08-13,7
647162,332732,97_10_DWQ_R5051.pdf,2021-06-01;2022-06-01;2023-06-01;2024-06-01;2025-06-01;2026-06-01;2026-08-13,7
647900,420382,0013thomas_cannell_wdr.pdf,2021-06-01;2022-06-01;2023-06-01;2024-06-01,4
647900,457469,R7-2024-0020.pdf,2025-06-01;2026-06-01;2026-08-13,3
650554,403136,9259_R4-2018-0022 amended.pdf,2021-06-01;2022-06-01;2023-06-01;2024-06-01;2025-06-01;2026-06-01;2026-08-13,7
650554,403136,9259_R4-2018-0022-A01.pdf,2021-06-01;2022-06-01;2023-06-01;2024-06-01;2025-06-01;2026-06-01;2026-08-13,7
650554,403136,9259_R4-2018-0022_WDR_PKG.pdf,2021-06-01;2022-06-01;2023-06-01;2024-06-01;2025-06-01;2026-06-01;2026-08-13,7
658148,422406,9322_R4-2007-0046_ATT1.pdf,2021-06-01;2022-06-01;2023-06-01;2024-06-01,4
658148,422406,9322_R4-2007-0046_WDR_PKG.pdf,2021-06-01;2022-06-01;2023-06-01;2024-06-01,4
658148,422406,9322_R4-2013-0180_WDR_PKG.pdf,2021-06-01;2022-06-01;2023-06-01;2024-06-01,4
658148,422406,9322_R4-2019-0077_WDR_PKG.pdf,2021-06-01;2022-06-01;2023-06-01;2024-06-01,4
658148,458486,9322_R4-2007-0046_ATT1.pdf,2025-06-01,1
658148,458486,9322_R4-2007-0046_WDR_PKG.pdf,2025-06-01,1
658148,458486,9322_R4-2013-0180_WDR_PKG.pdf,2025-06-01;2026-06-01,2
658148,458486,9322_R4-2019-0077_WDR_PKG.pdf,2025-06-01;2026-06-01,2
658148,458486,9322_R4-2024-0390_WDR_PKG.pdf.pdf,2025-06-01;2026-06-01;2026-08-13,3
707474,416476,Trimmer_NOA_2014-0153-dwq-r5252.pdf,2021-06-01;2022-06-01;2023-06-01;2024-06-01;2025-06-01;2026-06-01;2026-08-13,7
707492,416477,NOAPineFlatLakeIslandPark.pdf,2021-06-01;2022-06-01;2023-06-01;2024-06-01;2025-06-01;2026-06-01;2026-08-13,7
709408,2014-0153-DWQ,,2021-06-01;2022-06-01;2023-06-01;2024-06-01;2025-06-01;2026-06-01;2026-08-13,7
717684,425736,R5-2018-0074.pdf,2021-06-01;2022-06-01;2023-06-01;2024-06-01,4
717684,425736,r5-2008-0058.pdf,2021-06-01;2022-06-01;2023-06-01;2024-06-01,4
717684,425736,r5-2014-0011.pdf,2021-06-01;2022-06-01;2023-06-01;2024-06-01,4
717684,459444,R5-2018-0074.pdf,2025-06-01;2026-06-01,2
717684,459444,r5-2008-0058.pdf,2025-06-01;2026-06-01,2
717684,459444,r5-2014-0011.pdf,2025-06-01;2026-06-01,2
717684,459444,r5-2024-0067_npdes.pdf,2025-06-01;2026-06-01;2026-08-13,3
718887,395107,Enclosure 2_141201_RSP_Farmhouse_Inn_Enroll_Ltr.pdf,2021-06-01;2022-06-01;2023-06-01;2024-06-01;2025-06-01;2026-06-01;2026-08-13,7
719040,437786,CT Warlow_Revised NOA_2014-0153-dwq-r5296-01.pdf,2021-06-01;2022-06-01;2023-06-01;2024-06-01;2025-06-01;2026-06-01;2026-08-13,7
719040,437786,CT-WarlowRA_NOA.pdf,2021-06-01;2022-06-01;2023-06-01;2024-06-01;2025-06-01;2026-06-01;2026-08-13,7
719232,346646,KINGS RIVER UESD OWTS NOA.pdf,2021-06-01;2022-06-01;2023-06-01;2024-06-01;2025-06-01;2026-06-01;2026-08-13,7
721549,373627,Casade MHP_NOA_12_0509.pdf,2021-06-01;2022-06-01;2023-06-01;2024-06-01;2025-06-01;2026-06-01;2026-08-13,7
722666,,,2021-06-01;2022-06-01;2023-06-01;2024-06-01;2025-06-01;2026-06-01;2026-08-13,7
723734,,,2021-06-01;2022-06-01;2023-06-01;2024-06-01;2025-06-01;2026-06-01;2026-08-13,7
726877,374121,R5-2014-0137.pdf,2021-06-01;2022-06-01;2023-06-01;2024-06-01;2025-06-01;2026-06-01;2026-08-13,7
726883,336354,Pixley PUD R5-2007-0123.pdf,2021-06-01;2022-06-01;2023-06-01;2024-06-01;2025-06-01;2026-06-01;2026-08-13,7
726996,146956,,2021-06-01;2022-06-01;2023-06-01;2024-06-01;2025-06-01;2026-06-01;2026-08-13,7
729031,423607,07-02-2019_Shandon Rest Area NOA & NOT package 7-2-19.pdf,2021-06-01;2022-06-01;2023-06-01;2024-06-01;2025-06-01;2026-06-01;2026-08-13,7
731257,359226,masterreclamationpermit.pdf,2021-06-01;2022-06-01;2023-06-01;2024-06-01;2025-06-01;2026-06-01;2026-08-13,7
734616,362082,5714_R4-2009-0027-A01_WDR_amd.pdf,2021-06-01;2022-06-01;2023-06-01,3
734616,362082,5714_R4-2009-0027-A02_WDR_amd_Enclosures 2 and 3.pdf,2021-06-01;2022-06-01;2023-06-01,3
734616,362082,5714_R4-2009-0027_WDR_PKG.pdf,2021-06-01;2022-06-01;2023-06-01,3
734616,452458,5714_R4-2023-0292.pdf,2024-06-01;2025-06-01;2026-06-01;2026-08-13,4
735383,,,2021-06-01;2022-06-01;2023-06-01;2024-06-01;2025-06-01;2026-06-01;2026-08-13,7
736188,363816,R5-2009-0023.pdf,2021-06-01;2022-06-01;2023-06-01;2024-06-01;2025-06-01;2026-06-01;2026-08-13,7
737529,373545,Order No 2014-0153-DWQ-R5265.pdf,2021-06-01;2022-06-01;2023-06-01;2024-06-01;2025-06-01;2026-06-01;2026-08-13,7
739154,427567,WDRs r5-2019-0085.pdf,2021-06-01;2022-06-01;2023-06-01;2024-06-01;2025-06-01;2026-06-01;2026-08-13,7
739749,367307,,2021-06-01,1
739749,442117,rancho_seco-wqo2014-0153-R5367.pdf,2022-06-01;2023-06-01;2024-06-01;2025-06-01;2026-06-01;2026-08-13,6
739902,367512,R5-2009-0062.pdf,2021-06-01;2022-06-01;2023-06-01;2024-06-01;2025-06-01;2026-06-01;2026-08-13,7
740731,368204,R5-2011-0066.pdf,2021-06-01;2022-06-01;2023-06-01;2024-06-01;2025-06-01;2026-06-01;2026-08-13,7
741089,368626,r5-2012-0023.pdf,2021-06-01;2022-06-01;2023-06-01;2024-06-01;2025-06-01;2026-06-01;2026-08-13,7
741394,,,2021-06-01;2022-06-01;2023-06-01;2024-06-01;2025-06-01;2026-06-01;2026-08-13,7
742794,394393,09-0021 IEUA.pdf,2021-06-01;2022-06-01,2
742794,394393,R8-2015-0036_IEUA_Regional_Water_Recycling_Facilities.pdf,2021-06-01;2022-06-01,2
742794,448253,09-0021 IEUA.pdf,2023-06-01;2024-06-01;2025-06-01;2026-06-01,4
742794,448253,R8-2015-0036_IEUA_Regional_Water_Recycling_Facilities.pdf,2023-06-01;2024-06-01;2025-06-01;2026-06-01,4
742794,448253,R8-2022-0041_IEUA_ RWRFs_WDR_and_MRP.pdf,2023-06-01;2024-06-01;2025-06-01;2026-06-01;2026-08-13,5
747480,394630,R6V-2014-0002Adopted_Wdr_CityofVictorville.pdf,2021-06-01;2022-06-01;2023-06-01;2024-06-01;2025-06-01;2026-06-01;2026-08-13,7
747519,372304,r5-2011-0082.pdf,2021-06-01;2022-06-01;2023-06-01;2024-06-01;2025-06-01;2026-06-01,6
747519,422026,city of atwater_wwtf.pdf,2026-08-13,1
750984,,,2021-06-01;2022-06-01;2023-06-01;2024-06-01;2025-06-01;2026-06-01;2026-08-13,7
753205,,,2021-06-01;2022-06-01;2023-06-01;2024-06-01;2025-06-01;2026-06-01;2026-08-13,7
754176,,,2021-06-01;2022-06-01;2023-06-01;2024-06-01;2025-06-01;2026-06-01;2026-08-13,7
758391,402182,R8-2015-0024_Irvine Ranch Water District.pdf,2021-06-01;2022-06-01;2023-06-01;2024-06-01;2025-06-01;2026-06-01;2026-08-13,7
758391,402182,R8-2018-0070_IRWD__Amending_R8-2015-0024.pdf,2021-06-01;2022-06-01;2023-06-01;2024-06-01;2025-06-01;2026-06-01;2026-08-13,7
758392,386791,04-62.pdf,2021-06-01,1
758392,386791,12-0035_OCSD_WDR_&_NPDES.pdf,2021-06-01,1
758392,422465,04-62.pdf,2022-06-01;2023-06-01;2024-06-01;2025-06-01;2026-06-01,5
758392,422465,12-0035_OCSD_WDR_&_NPDES.pdf,2022-06-01;2023-06-01;2024-06-01;2025-06-01;2026-06-01,5
758392,422465,R8-2021-0010_OCSD.pdf,2022-06-01;2023-06-01;2024-06-01;2025-06-01;2026-06-01;2026-08-13,6
759028,376781,,2021-06-01;2022-06-01;2023-06-01;2024-06-01;2025-06-01;2026-06-01,6
759028,379574,,2026-08-13,1
759421,376901,,2021-06-01;2022-06-01;2023-06-01;2024-06-01;2025-06-01;2026-06-01;2026-08-13,7
761903,377320,r6v-2013-0005wdr_hesperia_subreg.pdf,2021-06-01;2022-06-01;2023-06-01;2024-06-01;2025-06-01;2026-06-01;2026-08-13,7
761913,377321,r6v-2013-0004_wdr_av_subreg.pdf,2021-06-01;2022-06-01;2023-06-01;2024-06-01;2025-06-01;2026-06-01;2026-08-13,7
764881,,,2021-06-01;2022-06-01;2023-06-01;2024-06-01;2025-06-01;2026-06-01;2026-08-13,7
764886,,,2021-06-01;2022-06-01;2023-06-01;2024-06-01;2025-06-01;2026-06-01;2026-08-13,7
765314,,,2021-06-01;2022-06-01;2023-06-01;2024-06-01;2025-06-01;2026-06-01;2026-08-13,7
766558,379114,110510_CA_RRO_WillowCreek_MRP_tmk.pdf,2021-06-01;2022-06-01;2023-06-01;2024-06-01;2025-06-01;2026-06-01;2026-08-13,7
766648,379174,10042_R4-2015-0051_WDR_PKG.pdf,2021-06-01;2022-06-01;2023-06-01;2024-06-01;2025-06-01;2026-06-01;2026-08-13,7
766948,362509,Sonoma-Cutrer NOA.pdf,2021-06-01;2022-06-01;2023-06-01;2024-06-01;2025-06-01;2026-06-01;2026-08-13,7
768050,380045,MaxwellPUD_cvlttr.pdf,2021-06-01;2022-06-01;2023-06-01;2024-06-01;2025-06-01;2026-06-01;2026-08-13,7
769213,,,2021-06-01;2022-06-01;2023-06-01;2024-06-01;2025-06-01;2026-06-01;2026-08-13,7
770632,97-010-DWQ,,2021-06-01;2022-06-01;2023-06-01;2024-06-01;2025-06-01;2026-06-01;2026-08-13,7
771804,349721,120411_RSP_KJWineCenter_GenEnroll_12_0057_MRP_tmk.pdf,2021-06-01;2022-06-01;2023-06-01;2024-06-01;2025-06-01;2026-06-01;2026-08-13,7
773960,383768,General WDR 97-10-DWQ.pdf,2021-06-01;2022-06-01;2023-06-01;2024-06-01;2025-06-01;2026-06-01;2026-08-13,7
776914,97-010-DWQ,,2021-06-01;2022-06-01;2023-06-01;2024-06-01;2025-06-01;2026-06-01;2026-08-13,7
777018,,,2021-06-01;2022-06-01;2023-06-01;2024-06-01;2025-06-01;2026-06-01;2026-08-13,7
782065,386848,order r9-2012-0054.pdf,2021-06-01;2022-06-01;2023-06-01;2024-06-01;2025-06-01;2026-06-01;2026-08-13,7
784780,,,2021-06-01;2022-06-01;2023-06-01;2024-06-01;2025-06-01;2026-06-01;2026-08-13,7
785242,,,2021-06-01;2022-06-01;2023-06-01;2024-06-01;2025-06-01;2026-06-01;2026-08-13,7
793760,390074,FRIANT_RNCH_ADPTD_ORDER.pdf,2021-06-01;2022-06-01;2023-06-01;2024-06-01;2025-06-01;2026-06-01;2026-08-13,7
800038,,,2021-06-01;2022-06-01;2023-06-01;2024-06-01;2025-06-01;2026-06-01;2026-08-13,7
804421,395245,APR_27_FAMILY_RANCH_SH.pdf,2021-06-01;2022-06-01;2023-06-01;2024-06-01;2025-06-01;2026-06-01;2026-08-13,7
805193,434331,10041_R4-2020-0049_WDR.pdf,2021-06-01;2022-06-01;2023-06-01;2024-06-01;2025-06-01;2026-06-01;2026-08-13,7
805724,395792,16_0013_JHRanch_WDR.pdf,2021-06-01;2022-06-01;2023-06-01;2024-06-01;2025-06-01;2026-06-01;2026-08-13,7
805968,,,2021-06-01;2022-06-01,2
805968,R3-2026-0032,,2023-06-01;2024-06-01;2025-06-01;2026-06-01;2026-08-13,5
806008,396169,7A360101001_TTWQ change.pdf,2021-06-01;2022-06-01,2
806008,448565,R7-2022-0014.pdf,2023-06-01;2024-06-01;2025-06-01;2026-06-01;2026-08-13,5
806315,2016-0068-DDW,,2021-06-01;2022-06-01;2023-06-01;2024-06-01;2025-06-01;2026-06-01;2026-08-13,7
807214,396966,R5-2015-0018.pdf,2021-06-01;2022-06-01;2023-06-01;2024-06-01;2025-06-01;2026-06-01;2026-08-13,7
807814,397392,,2021-06-01;2022-06-01;2023-06-01;2024-06-01;2025-06-01;2026-06-01;2026-08-13,7
808744,397848,141003_LMB_ef_BPG_CitySRStoneFarm_NOA-2.pdf,2021-06-01;2022-06-01;2023-06-01;2024-06-01;2025-06-01;2026-06-01;2026-08-13,7
812326,,,2021-06-01;2022-06-01;2023-06-01,3
812326,399504,20240208_WillowCreek_WDR (002)_signed.pdf,2024-06-01;2025-06-01;2026-06-01;2026-08-13,4
813804,,,2021-06-01;2022-06-01;2023-06-01;2024-06-01;2025-06-01;2026-06-01;2026-08-13,7
815161,2004-0012-DWQ,,2021-06-01;2022-06-01;2023-06-01;2024-06-01;2025-06-01;2026-06-01;2026-08-13,7
815162,2004-0012-DWQ,,2021-06-01;2022-06-01;2023-06-01;2024-06-01;2025-06-01;2026-06-01;2026-08-13,7
815299,401044,0050mccabe.pdf,2021-06-01;2022-06-01;2023-06-01;2024-06-01;2025-06-01;2026-06-01,6
815299,463926,7A130136001_NOA.pdf,2026-08-13,1
815678,401337,2014-0153-DWQ-R5184.pdf,2021-06-01;2022-06-01;2023-06-01;2024-06-01;2025-06-01;2026-06-01;2026-08-13,7
816191,,,2021-06-01;2022-06-01;2023-06-01;2024-06-01;2025-06-01;2026-06-01;2026-08-13,7
816488,402041,Silver Oak Cellars.pdf,2021-06-01;2022-06-01;2023-06-01;2024-06-01;2025-06-01;2026-06-01;2026-08-13,7
816491,402043,2014-0153-DWQ-R5188.pdf,2021-06-01;2022-06-01;2023-06-01;2024-06-01;2025-06-01;2026-06-01;2026-08-13,7
817457,402537,R5_2016_0057.pdf,2021-06-01;2022-06-01;2023-06-01;2024-06-01;2025-06-01;2026-06-01;2026-08-13,7
820261,404013,NOA_2014-0153-DWQ-R5304.pdf,2021-06-01;2022-06-01;2023-06-01;2024-06-01;2025-06-01;2026-06-01;2026-08-13,7
821955,194885,,2021-06-01;2022-06-01;2023-06-01;2024-06-01;2025-06-01;2026-06-01;2026-08-13,7
822816,379559,Los Osos WDR R3-2011-0001 signed (full).pdf,2021-06-01;2022-06-01;2023-06-01;2024-06-01;2025-06-01;2026-06-01;2026-08-13,7
822928,,,2021-06-01,1
822928,405097,Big Rock Ranch NOA Package.pdf,2022-06-01;2023-06-01;2024-06-01;2025-06-01;2026-06-01;2026-08-13,6
822960,405123,r5-2016-0010.pdf,2021-06-01;2022-06-01,2
822960,448440,r5-2016-0010.pdf,2023-06-01;2024-06-01;2025-06-01;2026-06-01,4
822960,448440,r5-2022-0034.pdf,2023-06-01;2024-06-01;2025-06-01;2026-06-01;2026-08-13,5
824178,,,2021-06-01;2022-06-01;2023-06-01;2024-06-01;2025-06-01;2026-06-01;2026-08-13,7
824400,435501,Order R3-2020-0004_final.pdf,2021-06-01;2022-06-01;2023-06-01;2024-06-01;2025-06-01;2026-06-01;2026-08-13,7
825789,,,2021-06-01;2022-06-01;2023-06-01;2024-06-01;2025-06-01;2026-06-01;2026-08-13,7
826202,,,2021-06-01;2022-06-01;2023-06-01;2024-06-01;2025-06-01;2026-06-01;2026-08-13,7
826481,407774,2014-0153-DWQ-R5208.pdf,2021-06-01;2022-06-01;2023-06-01;2024-06-01;2025-06-01;2026-06-01;2026-08-13,7
826844,,,2021-06-01;2022-06-01;2023-06-01;2024-06-01;2025-06-01;2026-06-01;2026-08-13,7
830415,,,2021-06-01;2022-06-01;2023-06-01;2024-06-01;2025-06-01;2026-06-01;2026-08-13,7
833707,420851,180618_RRO_er_CaltransCollierTunnel_NOA.pdf,2021-06-01;2022-06-01;2023-06-01;2024-06-01;2025-06-01;2026-06-01;2026-08-13,7
835076,413154,PilotTravelCenters_2014-0153-DWQ.pdf,2021-06-01;2022-06-01;2023-06-01;2024-06-01;2025-06-01;2026-06-01;2026-08-13,7
835078,,,2021-06-01;2022-06-01;2023-06-01,3
835078,432116,R8-2023-0009_EVWD_SNRC_esigned.pdf,2024-06-01;2025-06-01;2026-06-01;2026-08-13,4
835506,413452,CAHFS_WWTF_NOA.pdf,2021-06-01;2022-06-01;2023-06-01;2024-06-01;2025-06-01;2026-06-01;2026-08-13,7
836454,414137,Buttonwillow NOA.pdf,2021-06-01;2022-06-01;2023-06-01;2024-06-01;2025-06-01;2026-06-01;2026-08-13,7
837951,419271,Caltrans_Erreca_NOA.pdf,2021-06-01;2022-06-01;2023-06-01;2024-06-01;2025-06-01;2026-06-01;2026-08-13,7
838760,415718,AntelopeAcresNOA.pdf,2021-06-01;2022-06-01;2023-06-01;2024-06-01;2025-06-01;2026-06-01;2026-08-13,7
840718,416661,10371_R4-2019-0053_WDR_PKG.pdf,2021-06-01;2022-06-01;2023-06-01;2024-06-01;2025-06-01;2026-06-01;2026-08-13,7
846371,420777,CA0107981_OrderR920180002.pdf,2021-06-01;2022-06-01;2023-06-01;2024-06-01;2025-06-01;2026-06-01;2026-08-13,7
848096,147523,,2021-06-01;2022-06-01,2
848096,452807,6374_R4-2023-0089_WDR_PKG.pdf.pdf,2023-06-01;2024-06-01;2025-06-01;2026-06-01;2026-08-13,5
849194,422798,Order_R9-2020-0108_Civita-signed.pdf,2021-06-01;2022-06-01;2023-06-01;2024-06-01;2025-06-01;2026-06-01;2026-08-13,7
850597,424907,Adopted Amended OrderNo.R9-2020-0001 signed dwg 08-13-20.pdf,2021-06-01;2022-06-01;2023-06-01;2024-06-01;2025-06-01;2026-06-01;2026-08-13,7
851487,425537,R6V-2021-0022_WDR Order_Caltrans Valley Wells.pdf,2021-06-01;2022-06-01;2023-06-01;2024-06-01;2025-06-01;2026-06-01;2026-08-13,7
855819,428577,,2021-06-01;2022-06-01;2023-06-01;2024-06-01;2025-06-01;2026-06-01;2026-08-13,7
856455,,,2021-06-01;2022-06-01;2023-06-01;2024-06-01;2025-06-01;2026-06-01;2026-08-13,7
858381,430605,R2-2019-0017.pdf,2021-06-01;2022-06-01;2023-06-01;2024-06-01,4
858381,R2-2024-0013,,2025-06-01;2026-06-01;2026-08-13,3
859673,432945,7A130139001_NOA.pdf,2021-06-01;2022-06-01;2023-06-01;2024-06-01;2025-06-01;2026-06-01;2026-08-13,7
860254,433375,2020-07_Microsoft Silicon Valley NOA Combined.pdf,2021-06-01;2022-06-01;2023-06-01;2024-06-01;2025-06-01;2026-06-01;2026-08-13,7
862046,,,2021-06-01;2022-06-01,2
862046,440668,Google Bay View Notice of Applicability Package 2022-07.pdf,2023-06-01;2024-06-01;2025-06-01;2026-06-01;2026-08-13,5
864305,,,2021-06-01;2022-06-01;2023-06-01;2024-06-01;2025-06-01;2026-06-01;2026-08-13,7
864895,,,2021-06-01;2022-06-01;2023-06-01;2024-06-01;2025-06-01;2026-06-01;2026-08-13,7
866484,,,2021-06-01;2022-06-01;2023-06-01;2024-06-01;2025-06-01;2026-06-01;2026-08-13,7
867598,,,2021-06-01;2022-06-01,2
867598,438843,,2023-06-01;2024-06-01;2025-06-01;2026-06-01;2026-08-13,5
869528,,,2021-06-01,1
869528,440750,,2022-06-01;2023-06-01;2024-06-01;2025-06-01;2026-06-01;2026-08-13,6
869661,,,2021-06-01;2022-06-01;2023-06-01;2024-06-01;2025-06-01;2026-06-01;2026-08-13,7
872382,,,2021-06-01;2022-06-01;2023-06-01;2024-06-01;2025-06-01;2026-06-01;2026-08-13,7
872487,367947,r5-2013-0019.pdf,2021-06-01;2022-06-01;2023-06-01;2024-06-01;2025-06-01;2026-06-01;2026-08-13,7
879361,,,2021-06-01,1
879361,446577,R2-2022-0006.pdf,2022-06-01;2023-06-01;2024-06-01;2025-06-01;2026-06-01;2026-08-13,6
882248,,,2021-06-01;2022-06-01,2
882248,448596,7-18-22_MorroBay_finalorder.pdf,2023-06-01;2024-06-01;2025-06-01;2026-06-01;2026-08-13,5
888692,,,2021-06-01;2022-06-01;2023-06-01,3
888692,452952,10735_R4-2023-0357_WDR.pdf,2024-06-01;2025-06-01;2026-06-01;2026-08-13,4
889990,,,2021-06-01;2022-06-01;2023-06-01,3
889990,454036,10753_Order R4-2023-0426.pdf,2024-06-01;2025-06-01;2026-06-01;2026-08-13,4
893349,,,2021-06-01;2022-06-01;2023-06-01;2024-06-01,4
893349,455774,LPC Arrowhead Area 1 LP OWTS NOA.pdf,2025-06-01;2026-06-01;2026-08-13,3
894553,,,2021-06-01;2022-06-01;2023-06-01;2024-06-01;2025-06-01,5
894553,2014-0153-DWQ,,2026-06-01;2026-08-13,2
897866,,,2021-06-01;2022-06-01;2023-06-01;2024-06-01,4
897866,459355,250106_MTH_SonomaWest_SDS_NOA & MRP- Final.pdf,2025-06-01;2026-06-01;2026-08-13,3
897869,,,2021-06-01;2022-06-01;2023-06-01;2024-06-01;2025-06-01,5
897869,459357,r9_2025_0003.pdf,2026-06-01;2026-08-13,2
901334,,,2021-06-01;2022-06-01;2023-06-01;2024-06-01;2025-06-01,5
901334,461122,orovillewwtp_noa.pdf,2026-06-01;2026-08-13,2
901636,,,2021-06-01;2022-06-01;2023-06-01;2024-06-01;2025-06-01,5
901636,461730,NOA - Plant Sciences.pdf,2026-06-01;2026-08-13,2
902560,,,2021-06-01;2022-06-01;2023-06-01;2024-06-01;2025-06-01;2026-06-01;2026-08-13,7
902801,,,2021-06-01;2022-06-01;2023-06-01;2024-06-01;2025-06-01;2026-06-01;2026-08-13,7
902865,,,2021-06-01;2022-06-01;2023-06-01;2024-06-01;2025-06-01,5
902865,462531,R6-2026-0010 Cow Creek Reverse Osmosis Plant.pdf,2026-06-01;2026-08-13,2
903974,436788,PECSD_ADA_NOA.pdf,2021-06-01;2022-06-01;2023-06-01;2024-06-01;2025-06-01;2026-06-01;2026-08-13,7
