Reg Measure ID,Reg Measure Type,Region,Program,Order No.,WDID,Effective Date,Expiration Date,Status,Amended?,placeID
162484,Unregulated,2,PTPRG,,2 438014001,,,Never Active,N,255333
463623,NPDES Permit,2,NPDMUNILRG,R2-2025-0027,2 438014001,02/01/2026,01/31/2031,Active,N,255333
436745,NPDES Permit,2,NPDMUNILRG,R2-2020-0001,2 438014001,04/01/2020,03/31/2025,Historical,Y,255333
430636,Co-Permitee,2,NPDMUNILRG,R2-2024-0013,2 438014001,07/01/2019,09/30/2029,Active,N,255333
398075,NPDES Permit,2,NPDMUNILRG,R2-2014-0034,2 438014001,11/01/2014,10/31/2019,Historical,N,255333
389108,Co-Permitee,2,NPDMUNILRG,R2-2017-0041,2 438014001,01/01/2013,12/31/2017,Active,Y,255333
378824,Co-Permitee,2,NPDMUNILRG,R2-2011-0012,2 438014001,04/01/2011,12/31/2012,Historical,N,255333
364292,NPDES Permit,2,NPDMUNILRG,R2-2009-0038,2 438014001,06/01/2009,05/31/2014,Historical,Y,255333
360531,Co-Permitee,2,NPDMUNILRG,R2-2007-0077,2 438014001,03/01/2008,12/31/2012,Historical,N,255333
133339,NPDES Permit,2,NPDMUNILRG,R2-2003-0085,2 438014001,11/01/2003,09/17/2008,Historical,N,255333
142257,NPDES Permit,2,NPDMUNILRG,98-052,2 438014001,06/17/1998,06/17/2003,Historical,Y,255333
142778,NPDES Permit,2,NPDMUNILRG,93-117,2 438014001,10/20/1993,10/20/1998,Historical,Y,255333
142213,NPDES Permit,2,NPDMUNILRG,89-012,2 438014001,01/18/1989,12/21/1991,Historical,Y,255333
146614,NPDES Permit,2,NPDMUNILRG,85-016,2 438014001,02/20/1985,02/20/1990,Historical,Y,255333
450326,NPDES Permit,5S,NPDMUNILRG,R5-2022-0070,5A580100002,02/01/2023,01/31/2028,Active,N,237060
440469,Co-Permitee,SB,SLIC,2020-0015-DWQ,5A580100002,07/09/2020,,Active,N,237060
415997,NPDES Permit,5S,NPDMUNILRG,R5-2017-0094,5A580100002,10/01/2017,09/30/2021,Historical,Y,237060
413941,NPDES Permit,5S,NPDMUNILRG,R5-2017-0059,5A580100002,08/01/2017,07/31/2022,Never Active,N,237060
385648,NPDES Permit,5S,NPDMUNILRG,R5-2012-0034,5A580100002,07/27/2012,06/01/2017,Historical,N,237060
313674,NPDES Permit,5S,NPDMUNILRG,R5-2006-0096,5A580100002,11/11/2006,11/11/2011,Historical,Y,237060
147607,NPDES Permit,5S,NPDMUNILRG,R5-2000-0165,5A580100002,06/16/2000,06/01/2005,Historical,N,237060
140543,NPDES Permit,5S,NPDMUNILRG,92-145,5A580100002,08/14/1992,08/01/1997,Historical,N,237060
139898,NPDES Permit,5S,NPDMUNILRG,87-140,5A580100002,08/14/1987,08/01/1992,Historical,N,237060
139122,NPDES Permit,5S,NPDMUNILRG,84-106,5A580100002,09/28/1984,08/14/1987,Historical,N,237060
457522,NPDES Permit,5F,NPDMUNILRG,R5-2024-0036,5C10NP00012,08/01/2024,07/31/2029,Active,N,214899
440393,Co-Permitee,SB,SLIC,2020-0015-DWQ,5C10NP00012,07/09/2020,,Active,N,214899
429278,NPDES Permit,5F,NPDMUNILRG,R5-2019-0021,5C10NP00012,06/01/2019,05/31/2024,Historical,Y,214899
390415,NPDES Permit,5F,NPDMUNILRG,R5-2014-0005,5C10NP00012,03/28/2014,03/01/2019,Historical,N,214899
379016,Letter,5F,NPDESWW,R5-2008-0036,5C10NP00012,05/10/2011,,Historical,N,214899
173793,NPDES Permit,5F,NPDMUNILRG,R5-2008-0036,5C10NP00012,05/05/2008,05/01/2013,Historical,N,214899
459150,Enrollee - WDR,5F,WDRMUNIOTH,2014-0153-DWQ,5B20NC00127,08/08/2024,09/23/2029,Active,N,201067
144166,WDR,5F,WDRMUNILRG,85-109,5C200102005,05/31/1985,05/29/1995,Historical,N,201067
387477,Enrollee - WDR,5F,WDRMUNIENROTH,97-010-DWQ,5C101012001,01/05/2012,01/05/2027,Active,N,201064
144722,WDR,5F,WDRMUNIOTH,90-265,5C101012001,09/28/1990,09/25/2000,Historical,N,201064
142996,WDR,5F,WDRMUNIOTH,61-138,5C101012001,12/14/1961,03/30/1989,Historical,N,201064
454109,Enrollee - WDR,5F,WDRMUNIENROTH,2014-0153-DWQ,5C200102007,11/13/2023,09/23/2029,Active,N,201070
393293,Enrollee - WDR,5F,WDRMUNIENROTH,97-010-DWQ,5C200102007,05/15/2014,05/15/2029,Historical,N,201070
144167,WDR,5F,WDRMUNIOTH,85-110,5C200102007,05/31/1985,05/29/1995,Historical,N,201070
465790,Letter,5F,WDRMUNIOTH,WQ 2014-0153-DWQ-R5406,5C201005001,07/13/2026,,Historical,N,201072
450344,Enrollee - WDR,5F,WDRMUNIOTH,2014-0153-DWQ,5C201005001,08/09/2024,09/23/2029,Active,N,201072
393301,Enrollee - WDR,5F,WDRMUNIENROTH,97-010-DWQ,5C201005001,05/27/2014,05/27/2029,Historical,N,201072
144718,WDR,5F,WDRMUNIOTH,90-261,5C201005001,09/28/1990,09/24/2005,Historical,N,201072
143740,WDR,5F,WDRMUNIOTH,72-100,5C201005001,10/22/1972,06/30/1991,Historical,N,201072
372236,WDR,5F,WDRINDIVSML,Pending,5D100102001,,,Never Active,N,201073
430083,Enrollee - WDR,5F,WDRMUNIOTH,2014-0153-DWQ,5D100102001,03/13/2019,09/23/2029,Active,N,201073
144719,WDR,5F,WDRMUNIOTH,90-262,5D100102001,09/28/1990,09/24/2005,Historical,N,201073
143936,WDR,5F,WDRMUNIOTH,75-167,5D100102001,07/25/1975,06/30/1993,Historical,N,201073
146329,WDR,5F,WDRMUNIOTH,97-133,5C200102003,06/20/1997,06/18/2007,Active,N,201071
144448,WDR,5F,WDRMUNIOTH,72-187,5C200102003,02/25/1972,02/22/1982,Historical,N,201071
145626,WDR,5F,WDRMUNILRG,95-263,5C100106004,12/08/1995,12/05/2005,Active,Y,201074
439533,WDR,5F,WDRMUNIOTH,2014-0153-DWQ-R5348,5C200102010,10/21/2020,10/21/2035,Active,N,201077
145337,WDR,5F,WDRMUNIOTH,95-157,5C200102010,06/23/1995,06/19/2010,Historical,N,201077
393461,Enrollee - WDR,5F,WDRMUNIENROTH,97-010-DWQ,5C100106001,09/04/2014,09/04/2029,Active,N,201078
144391,WDR,5F,WDRMUNIOTH,90-088,5C100106001,03/23/1990,03/20/2000,Historical,N,201078
143272,WDR,5F,WDRMUNIOTH,69-209,5C100106001,03/14/1969,12/30/1988,Historical,N,201078
393462,Enrollee - WDR,5F,WDRMUNIENROTH,97-010-DWQ,5D101026001,09/04/2014,09/04/2029,Active,N,201079
143856,WDR,5F,WDRMUNIOTH,83-010,5D101026001,01/28/1983,01/25/1993,Historical,Y,201079
145627,WDR,5F,WDRMUNILRG,95-264,5C100106002,12/08/1995,12/05/2005,Active,N,201080
143754,WDR,5F,WDRMUNILRG,80-190,5C100106002,12/05/1980,12/03/1990,Historical,N,201080
436973,Enrollee - WDR,5F,WDRMUNIOTH,2014-0153-DWQ,5D100139001,06/17/2021,09/23/2029,Active,N,201081
144852,WDR,5F,WDRMUNIOTH,92-203,5D100139001,09/25/1992,09/23/2002,Historical,Y,201081
145688,WDR,5F,WDRMUNILRG,96-120,5D101122001,05/03/1996,05/01/2006,Active,Y,201083
393299,Enrollee - WDR,5F,WDRMUNIENROTH,97-010-DWQ,5C200102002,05/27/2014,05/27/2029,Active,N,201085
437440,Individual Monitoring Requirem,5F,WDRMUNIENROTH,R5-2014-0819,5C200102002,05/27/2014,,Active,N,201085
144176,WDR,5F,WDRMUNIOTH,85-158,5C200102002,06/28/1985,06/26/1995,Historical,N,201085
143206,WDR,5F,WDRMUNIOTH,67-133,5C200102002,04/14/1967,12/30/1988,Historical,N,201085
145269,WDR,5F,WDRMUNIOTH,94-353,5C200102004,12/09/1994,12/06/2004,Active,N,201088
144646,WDR,5F,WDRMUNIOTH,86-131,5C200102004,06/27/1986,06/30/1992,Historical,N,201088
143938,WDR,5F,WDRMUNIOTH,75-192,5C200102004,08/22/1975,08/22/1980,Historical,N,201088
441722,Enrollee - Waiver,9,WDRMUNILRG,R9-2019-0005W2,,12/24/2020,05/08/2024,Historical,N,202611
440379,Co-Permitee,SB,SLIC,2020-0015-DWQ,9 000000371,07/09/2020,,Active,N,202611
401754,Enrollee - WDR,9,REC,2016-0068-DDW,9 000000371,08/21/2015,08/05/2026,Active,N,202611
131775,WDR,9,WDRMUNILRG,R9-2003-0007,9 000000371,02/05/2003,02/05/2013,Active,N,202611
142719,WDR,9,WDRMUNILRG,85-040,9 000000371,06/10/1985,09/21/1995,Historical,Y,202611
403980,Enrollee - WDR,5R,WDRMUNIOTH,2014-0153-DWQ,5A250101001,12/11/2015,12/01/2031,Active,N,204486
134658,WDR,5R,WDRMUNIOTH,98-092,5A250101001,04/17/1998,04/14/2008,Historical,N,204486
134467,WDR,5R,WDRMUNIOTH,93-210,5A250101001,10/22/1993,10/22/2003,Historical,N,204486
133768,WDR,5R,WDRMUNIOTH,86-047,5A250101001,02/28/1986,12/01/1990,Historical,N,204486
422235,Enrollee - WDR,5S,WDRMUNIOTH,2014-0153-DWQ,5A280700001,06/21/2018,09/23/2029,Active,N,204492
422563,Individual Monitoring Requirem,5S,WDRMUNIOTH,R5-2018-0811,,06/20/2018,,Active,N,204492
148092,WDR,5S,WDRMUNIOTH,5-00-202,5A280700001,09/15/2000,09/14/2015,Historical,N,204492
140108,WDR,5S,WDR,90-018,5A280700001,01/26/1990,01/24/2000,Historical,N,204492
139599,WDR,5S,WDR,85-133,5A280700001,05/31/1985,01/26/1990,Historical,N,204492
447659,WDR,7,WDRMUNILRG,R7-2022-0008,7A330109012,04/12/2022,04/12/2032,Active,N,204870
440336,Co-Permitee,SB,SLIC,2020-0015-DWQ,7A330109012,07/09/2020,,Active,N,204870
395089,WDR,7,WDRMUNILRG,R7-2014-0049,7A330109012,06/26/2014,06/26/2024,Historical,N,204870
148148,WDR,7,WDRMUNILRG,01-020,7A330109012,05/09/2001,05/09/2011,Historical,N,204870
136184,WDR,7,WDRMUNILRG,95-047,7A330109012,06/28/1995,06/25/2005,Historical,Y,204870
135092,WDR,7,WDRMUNILRG,90-029,7A330109012,03/14/1990,03/11/2000,Historical,N,204870
135732,WDR,7,WDRMUNILRG,87-012,7A330109012,01/21/1987,03/30/1990,Historical,N,204870
135378,WDR,7,WDRMUNILRG,83-098,7A330109012,11/16/1983,03/30/1987,Historical,Y,204870
397480,Enrollee - WDR,5R,WDRMUNIOTH,97-010-DWQ,5A320121001,10/09/2014,10/01/2024,Active,N,205205
147220,WDR,5R,WDRMUNIOTH,5-00-014,5A320121001,01/28/2000,01/28/2015,Historical,N,205205
429883,Enrollee - WDR,5R,WDRMUNILRG,2014-0153-DWQ,5A450001003,06/07/2019,09/23/2029,Active,N,205259
133528,WDR,5R,WDRMUNILRG,05-025,5A450001003,01/27/2005,01/27/2020,Historical,N,205259
134647,WDR,5R,WDRMUNILRG,98-046,5A450001003,02/27/1998,02/23/2013,Historical,N,205259
133256,WDR,5R,WDRMUNILRG,83-129,5A450001003,10/28/1983,10/28/1998,Historical,N,205259
428906,NPDES Permit,5R,NPDMUNIOTH,R5-2020-0004,5A250100001,04/01/2020,03/31/2024,Active,N,205325
398567,Letter,5R,NPDMUNIOTH,R5-2014-0034,5A250100001,10/16/2014,,Historical,N,205325
397279,Letter,5R,NPDMUNIOTH,R5-2014-0034,5A250100001,07/14/2014,,Historical,N,205325
396049,NPDES Permit,5R,NPDMUNIOTH,R5-2014-0033,5A250100001,05/01/2014,05/01/2019,Historical,N,205325
377227,Letter,5R,NPDMUNIOTH,,5A250100001,12/07/2010,,Historical,N,205325
329365,NPDES Permit,5R,NPDMUNIOTH,R5-2006-0103,5A250100001,09/15/2006,11/11/2015,Historical,N,205325
147729,NPDES Permit,5R,NPDMUNIOTH,R5-2000-0123,5A250100001,06/16/2000,06/01/2005,Historical,N,205325
134463,NPDES Permit,5R,NPDMUNIOTH,R5-1993-0197,5A250100001,09/17/1993,09/17/1998,Historical,N,205325
134855,NPDES Permit,5R,NPDMUNIOTH,R5-1988-0159,5A250100001,09/23/1988,09/23/1993,Historical,N,205325
133257,NPDES Permit,5R,NPDMUNIOTH,R5-1983-0131,5A250100001,10/28/1983,10/01/1988,Historical,N,205325
131411,WDR,5S,WDRMUNIOTH,R5-2002-0224,5B030100001,12/06/2002,12/06/2012,Active,N,205396
139707,WDR,5S,WDR,83-021,5B030100001,01/28/1983,01/24/1998,Historical,N,205396
457283,13267 Letter (Non-Enforcement),5S,WDRMUNILRG,,5B030109001,12/23/2022,,Active,N,205398
141187,WDR,5S,REC,R5-1993-0240,5B030109001,12/03/1993,12/01/2003,Active,Y,205398
140308,Reclamation Requirements,5S,REC,88-114,5B030109001,06/24/1988,06/24/1991,Historical,N,205398
139706,Reclamation Requirements,5S,REC,83-020,5B030109001,01/28/1983,01/28/1988,Historical,N,205398
448119,NPDES Permit,2,NPDMUNILRG,R2-2022-0019,2 283021001,08/01/2022,07/31/2027,Active,N,205477
445251,Enrollee - WRR,2,REC,2016-0068-DDW,2 283021003,04/08/2020,08/05/2026,Active,N,205477
430607,Co-Permitee,2,NPDMUNILRG,R2-2024-0013,2 283021001,07/01/2019,09/30/2029,Active,N,205477
412756,NPDES Permit,2,NPDMUNILRG,R2-2017-0008,2 283021001,06/01/2017,07/31/2022,Historical,Y,205477
389069,Co-Permitee,2,NPDMUNILRG,R2-2017-0041,2 283021001,01/01/2013,12/31/2017,Active,Y,205477
379930,NPDES Permit,2,NPDMUNILRG,R2-2011-0046,2 283021001,09/01/2011,08/31/2016,Historical,Y,205477
378606,Co-Permitee,2,NPDMUNILRG,R2-2011-0012,2 283021001,04/01/2011,12/31/2012,Historical,N,205477
360090,Co-Permitee,2,NPDMUNILRG,R2-2007-0077,2 283021001,03/01/2008,12/31/2012,Historical,N,205477
304952,NPDES Permit,2,NPDMUNILRG,R2-2006-0036,2 283021001,07/01/2006,06/30/2011,Historical,Y,205477
349009,Enrollee - WRR,2,REC,,2 283021003,07/05/2005,,Historical,N,205477
146061,NPDES Permit,2,NPDMUNILRG,R2-2000-0003,2 283021001,01/19/2000,01/19/2005,Historical,Y,205477
140328,WDR,5S,WDRMUNIOTH,88-170,5A090102009,09/23/1988,09/20/2003,Active,N,205543
139310,WDR,5S,WDR,73-061,5A090102009,08/25/1972,02/28/1989,Historical,N,205543
458134,NPDES Permit,5R,NPDMUNILRG,R5 2025-0011,5A450100001,04/01/2025,03/31/2029,Active,N,205741
440445,Co-Permitee,SB,SLIC,2020-0015-DWQ,5A450100001,07/09/2020,,Active,N,205741
429568,NPDES Permit,5R,NPDMUNILRG,R5-2019-0068,5A450100001,12/01/2019,11/30/2024,Historical,N,205741
399735,Letter,5R,NPDNONMUNIPRCS,R5-2014-0100,5A450100001,10/28/2014,,Historical,N,205741
398517,Letter,5R,NPDNONMUNIPRCS,R5-2014-0100,5A450100001,10/14/2014,,Historical,N,205741
383767,NPDES Permit,5R,NPDNONMUNIPRCS,R5-2014-0100,5A450100001,10/01/2014,09/30/2019,Historical,N,205741
347222,NPDES Permit,5R,NPDMUNILRG,R5-2007-0167,5A450100001,12/06/2007,12/01/2012,Historical,N,205741
148625,NPDES Permit,5R,NPDMUNILRG,R5-2001-0195,5A450100001,07/27/2001,07/01/2006,Historical,N,205741
133900,NPDES Permit,5R,NPDMUNILRG,96-109,5A450100001,05/03/1996,05/01/2001,Historical,N,205741
133920,NPDES Permit,5R,NPDMUNILRG,91-031,5A450100001,01/25/1991,01/25/1996,Historical,N,205741
134861,NPDES Permit,5R,NPDMUNILRG,88-197,5A450100001,12/09/1988,12/01/1993,Historical,N,205741
133408,NPDES Permit,5R,NPDMUNILRG,83-141,5A450100001,12/09/1983,12/01/1988,Historical,N,205741
132468,WDR,2,WDRMUNIOTH,R2-2004-0043,2 215002001,07/01/2004,07/01/2014,Active,N,205781
133343,NPDES Permit,2,NPDMUNIOTH,R2-1993-0022,2 215002001,03/17/1993,03/17/1998,Historical,N,205781
141475,NPDES Permit,2,NPDMUNIOTH,87-151,2 215002001,11/18/1987,11/18/1992,Historical,N,205781
145571,NPDES Permit,2,NPDMUNIOTH,82-048,2 215002001,09/15/1982,09/15/1987,Historical,N,205781
148673,WDR,5S,WDRMUNILRG,93-208,5A060100001,10/22/1993,10/22/2003,Active,N,206149
145426,WDR,5F,WDRMUNILRG,92-017,5D160100001,01/24/1992,01/21/2002,Active,N,206355
144640,WDR,5F,WDRMUNILRG,86-107,5D160100001,05/30/1986,05/30/1991,Historical,N,206355
144242,WDR,5F,WDRMUNILRG,77-091,5D160100001,05/27/1977,06/30/1991,Historical,N,206355
404417,Enrollee - WDR,5S,WDRMUNILRG,2014-0153-DWQ,5B05NC00022,01/20/2016,01/19/2021,Active,N,206381
146831,WDR,5S,WDRMUNILRG,97-073,5B050107005,04/25/1997,04/23/2007,Historical,N,206381
139142,WDR,5S,WDR,85-015,5B050107005,01/25/1985,01/23/1995,Historical,N,206381
447528,Enrollee - WDR,5F,WDRMUNIOTH,2014-0153-DWQ,5D541003004,11/03/2025,09/23/2029,Active,N,206529
374142,Enrollee - WDR,5F,WDRMUNIENROTH,97-010-DWQ,5D541003004,06/08/2010,06/08/2025,Historical,N,206529
374534,Individual Monitoring Requirem,5F,WDRMUNIOWTS,R5-2010-0806,5D541003004,06/08/2010,,Active,N,206529
143762,WDR,5F,WDRMUNIOTH,81-098,5D541003004,09/25/1981,09/23/1991,Historical,N,206529
144315,WDR,5F,WDRMUNIOTH,78-220,5D541003004,11/17/1978,09/30/1990,Historical,N,206529
453001,Enrollee - WDR,3,WDRMUNILRG,R3-2020-0020,3 400100001,06/06/2023,09/24/2030,Active,N,206653
440272,Co-Permitee,SB,SLIC,2020-0015-DWQ,3 400100001,07/09/2020,,Active,N,206653
142083,WDR,3,WDRMUNILRG,01-014,3 400100001,03/23/2001,03/23/2011,Historical,N,206653
143391,WDR,3,WDRMUNILRG,88-084,3 400100001,07/08/1988,07/20/2000,Historical,Y,206653
143011,WDR,3,WDRMUNILRG,81-060,3 400100001,06/12/1981,06/01/1986,Historical,N,206653
445161,Enrollee - WDR,3,WDRMUNILRG,R3-2020-0020,3 400801001,08/31/2021,09/24/2030,Active,N,206651
142084,WDR,3,WDRMUNILRG,01-002,3 400801001,03/23/2001,03/23/2016,Historical,N,206651
142946,WDR,3,WDRMUNILRG,80-017,3 400801001,04/10/1980,09/11/2012,Historical,N,206651
142882,WDR,3,WDRMUNILRG,73-058,3 400801001,01/01/1973,01/01/1978,Historical,N,206651
440250,Co-Permitee,SB,SLIC,2020-0015-DWQ,1B82114OHUM,07/09/2020,,Active,N,206164
436548,NPDES Permit,1,NPDMUNILRG,R1-2019-0006,1B82114OHUM,12/01/2019,12/01/2026,Active,N,206164
321411,NPDES Permit,1,NPDMUNILRG,R1-2012-0031,1B82114OHUM,08/01/2012,08/01/2017,Historical,Y,206164
132459,NPDES Permit,1,NPDMUNILRG,R1-2004-0036,1B82114OHUM,06/23/2004,04/30/2009,Historical,N,206164
260627,Letter,1,NPDESWW,001,1B82114OHUM,04/27/2001,,Historical,N,206164
139240,NPDES Permit,1,NPDMUNILRG,98-013,1B82114OHUM,02/26/1998,02/25/2003,Historical,N,206164
137967,NPDES Permit,1,NPDMUNILRG,93-026,1B82114OHUM,02/25/1993,02/25/1998,Historical,N,206164
137599,NPDES Permit,1,NPDMUNILRG,87-125,1B82114OHUM,10/29/1987,10/29/1992,Historical,N,206164
136970,NPDES Permit,1,NPDMUNILRG,82-114,1B82114OHUM,09/23/1982,09/23/1987,Historical,N,206164
417094,Enrollee - WDR,5S,WDRMUNIOTH,2014-0153-DWQ,5A311009001,02/02/2018,09/23/2029,Active,N,206732
132087,WDR,5S,WDRMUNIOTH,02-030,5A311009001,03/01/2002,03/01/2017,Historical,N,206732
146566,WDR,5S,WDR,96-271,5A311009001,10/25/1996,10/22/2011,Historical,N,206732
146425,WDR,5S,WDR,95-126,5A311009001,05/26/1995,05/26/2010,Historical,N,206732
139042,WDR,5S,WDR,79-170,5A311009001,07/27/1979,07/23/1994,Historical,N,206732
139297,WDR,5S,WDR,72-112,5A311009001,11/19/1971,,Historical,N,206732
448871,Enrollee - NPDES,5S,NPDMUNILRG,R5-2023-0025,5A31NP00042,07/01/2022,10/01/2028,Active,N,206733
448948,Individual Monitoring Requirem,5S,NPDMUNIOTH,R5-2022-0813,5A31NP00042,07/01/2022,,Active,N,206733
440456,Co-Permitee,SB,SLIC,2020-0015-DWQ,5A31NP00042,07/09/2020,,Active,N,206733
407662,NPDES Permit,5S,NPDMUNILRG,R5-2016-0038,5A31NP00042,08/01/2016,07/31/2021,Historical,N,206733
376633,NPDES Permit,5S,NPDMUNILRG,R5-2010-0090,5A310100001,11/11/2010,09/01/2015,Historical,Y,206733
133340,NPDES Permit,5S,NPDMUNILRG,R5-2005-0030,5A310100001,03/17/2005,03/01/2011,Historical,N,206733
146801,NPDES Permit,5S,NPDMUNILRG,98-189,5A310100001,09/11/1998,09/01/2003,Historical,N,206733
140996,NPDES Permit,5S,NPDMUNILRG,94-287,5A310100001,10/27/1994,10/26/1998,Historical,N,206733
141425,NPDES Permit,5S,NPDMUNILRG,89-221,5A310100001,12/08/1989,10/01/1994,Historical,N,206733
139119,NPDES Permit,5S,NPDMUNILRG,84-097,5A310100001,09/28/1984,10/01/1989,Historical,N,206733
455133,NPDES Permit,4,NPDMUNILRG,R4-2024-0253,4B190100001,07/01/2024,06/30/2029,Active,N,208276
440287,Co-Permitee,SB,SLIC,2020-0015-DWQ,4B190100001,07/09/2020,,Active,N,208276
424707,NPDES Permit,4,NPDMUNILRG,R4-2019-0023,4B190100001,04/01/2019,03/31/2024,Historical,N,208276
388401,NPDES Permit,4,NPDMUNILRG,R4-2013-0182,4B190100001,02/01/2014,01/31/2019,Historical,N,208276
349073,NPDES Permit,4,NPDMUNILRG,R4-2008-0028,4B190100001,06/20/2008,04/10/2013,Historical,N,208276
313242,NPDES Permit,4,NPDMUNILRG,R4-2002-0094,4B190100001,06/14/2002,12/31/2007,Historical,N,208276
135061,NPDES Permit,4,NPDMUNILRG,94-069,4B190100001,07/18/1994,07/10/1999,Historical,N,208276
135197,NPDES Permit,4,NPDMUNILRG,85-052,4B190100001,08/26/1985,08/10/1990,Historical,N,208276
133759,NPDES Permit,4,NPDMUNILRG,79-137,4B190100001,08/27/1979,08/10/1984,Historical,N,208276
452526,13267 Letter (Non-Enforcement),5F,WDRMUNIENROTH,,5C220701003,04/05/2023,,Active,N,208519
379821,Enrollee - WDR,5F,WDRMUNIENROTH,97-010-DWQ,5C220701003,05/24/2011,05/24/2026,Active,N,208519
144924,WDR,5F,WDRMUNIOTH,79-072,5C220701003,03/23/1979,03/19/1994,Historical,N,208519
301311,Enrollee,6V,SSOMUNISML,2006-0003-DWQ,6SSO11125,11/03/2006,,Historical,N,208572
147595,WDR,6V,WDRMUNILRG,97-095,6B360100001,10/08/1997,10/08/2012,Active,N,208572
146539,WDR,6V,WDRMUNILRG,94-101,6B360100001,10/13/1994,10/13/2009,Historical,N,208572
147886,WDR,6V,WDRMUNILRG,79-055,6B360100001,10/11/1979,10/11/1989,Historical,N,208572
440329,Co-Permitee,SB,SLIC,2020-0015-DWQ,7A330100015,07/09/2020,,Active,N,208668
407229,WDR,7,WDRMUNILRG,R7-2016-0015,7A330100015,06/30/2016,06/30/2026,Active,Y,208668
148150,WDR,7,WDRMUNILRG,01-022,7A330100015,05/09/2001,05/09/2011,Historical,N,208668
135664,WDR,7,WDRMUNILRG,93-003,7A330100015,01/20/1993,01/18/2003,Historical,N,208668
135751,WDR,7,WDRMUNILRG,87-073,7A330100015,09/23/1987,09/23/1992,Historical,N,208668
134503,WDR,7,WDRMUNILRG,74-108,7A330100015,12/12/1974,12/12/1979,Historical,N,208668
393484,Enrollee - WDR,5F,WDRMUNIENROTH,97-010-DWQ,5C220100001,01/10/2014,01/10/2029,Active,N,208746
144180,WDR,5F,WDRMUNIOTH,85-162,5C220100001,06/28/1985,06/26/1995,Historical,N,208746
146725,WDR,6V,WDRMUNILRG,99-037,6B360115002,09/09/1999,09/09/2009,Active,N,208771
146500,WDR,6V,WDRMUNILRG,94-058,6B360115002,05/19/1994,05/19/1999,Historical,N,208771
147951,WDR,6V,WDRMUNILRG,82-108,6B360115002,09/10/1982,09/10/1987,Historical,N,208771
440312,Co-Permitee,SB,SLIC,2020-0015-DWQ,6B360101001,07/09/2020,,Active,N,208769
427492,WDR,6V,WDRMUNILRG,R6V-2019-0252,6B360101001,07/10/2019,07/10/2029,Active,N,208769
146486,WDR,6V,WDRMUNILRG,94-026,6B360101001,02/10/1994,02/10/2004,Historical,N,208769
145811,WDR,6V,WDRMUNILRG,85-060,6B360101001,06/13/1985,06/13/1990,Historical,N,208769
147945,WDR,6V,WDRMUNILRG,82-080,6B360101001,07/08/1982,07/08/1987,Historical,N,208769
147328,WDR,6V,WDRMUNILRG,70-016,6B360101001,06/23/1970,06/23/1975,Historical,N,208769
436351,WDR,5S,WDRMUNILRG,R5-2019-0086,5A58NC00037,12/05/2019,12/05/2029,Active,N,209007
132789,NPDES Permit,5S,NPDMUNILRG,R5-2004-0045-NPDES,5A580700001,04/23/2004,04/23/2009,Historical,Y,209007
368158,WDR,5S,WDRMUNILRG,R5-2004-0045,5A580700001,04/23/2004,04/23/2009,Historical,Y,209007
416995,WDR,5S,WDRMUNILRG,5-01-087,5A58NC00037,04/27/2001,04/27/2011,Historical,N,209007
147070,NPDES Permit,5S,DODNPDESWW,98-236,5A580700001,12/11/1998,12/11/2003,Historical,N,209007
146213,NPDES Permit,5S,DODNPDESWW,96-112,5A580700001,05/03/1996,05/01/2001,Historical,N,209007
141088,NPDES Permit,5S,DODNPDESWW,91-082,5A580700001,03/22/1991,03/01/1996,Historical,N,209007
139863,NPDES Permit,5S,DODNPDESWW,86-080,5A580700001,03/28/1986,03/01/1991,Historical,N,209007
139118,NPDES Permit,5S,DODNPDESWW,84-096,5A580700001,09/28/1984,03/28/1986,Historical,N,209007
443599,WDR,7,WDRMUNILRG,R7-2021-0023,7A360100011,05/11/2021,05/11/2026,Active,N,208930
440331,Co-Permitee,SB,SLIC,2020-0015-DWQ,7A360100011,07/09/2020,,Active,N,208930
407233,WDR,7,WDRMUNILRG,R7-2016-0026,7A360100011,06/30/2016,06/30/2021,Historical,N,208930
148709,WDR,7,WDRMUNILRG,01-156,7A360100011,11/14/2001,11/14/2006,Historical,N,208930
135914,WDR,7,WDRMUNILRG,93-030,7A360100011,05/19/1993,05/18/1998,Historical,N,208930
136838,WDR,7,WDRMUNILRG,90-026,7A360100011,03/14/1990,03/14/1993,Historical,N,208930
135442,WDR,7,WDRMUNILRG,85-011,7A360100011,03/13/1985,03/30/1990,Historical,N,208930
135334,WDR,7,WDRMUNILRG,83-065,7A360100011,07/13/1983,07/13/1986,Historical,N,208930
448452,NPDES Permit,5S,NPDMUNIOTH,R5-2022-0037,5B02NP00001,08/01/2022,07/31/2027,Active,N,209035
407542,NPDES Permit,5S,NPDMUNIOTH,R5-2016-0045,5B02NP00001,08/01/2016,07/31/2021,Historical,Y,209035
381076,NPDES Permit,5S,NPDMUNIOTH,R5-2011-0053,5B02NP00001,09/23/2011,08/01/2016,Historical,N,209035
164998,NPDES Permit,5S,NPDMUNIOTH,R5-2005-0139,5B02NP00001,10/21/2005,10/01/2010,Historical,Y,209035
148640,WDR,5S,WDRMUNILRG,5-01-208,5B020101001,07/27/2001,07/27/2011,Active,N,209035
141782,WDR,5S,WDR,94-191,5B020101001,06/24/1994,06/21/2004,Historical,N,209035
139845,WDR,5S,WDR,86-025,5B020101001,01/24/1986,01/24/1991,Historical,N,209035
139322,WDR,5S,WDR,73-215,5B020101001,05/25/1973,,Historical,N,209035
412091,Enrollee - WDR,5R,WDRMUNIOTH,2014-0153-DWQ,5A320104003,02/24/2017,03/01/2032,Active,N,209086
134235,WDR,5R,WDRMUNIOTH,96-135,5A320104003,05/03/1996,04/30/2015,Historical,N,209086
133732,WDR,5R,WDRMUNIOTH,85-336,5A320104003,12/06/1985,11/06/1994,Historical,N,209086
147775,WDR,3,WDRMUNIOTH,00-043,3 440107001,07/14/2000,07/14/2015,Active,N,209014
146974,WDR,3,WDRMUNIOTH,95-009,3 440107001,03/10/1995,03/07/2005,Historical,N,209014
143254,WDR,3,WDRMUNIOTH,84-011,3 440107001,02/24/1984,02/21/1994,Historical,N,209014
148197,WDR,3,WDRMUNIOTH,01-026,3 440801001,05/18/2001,05/18/2016,Active,N,209225
144266,WDR,3,WDRMUNIOTH,87-084,3 440801001,06/12/1987,06/08/2002,Historical,N,209225
142657,WDR,3,WDRMUNIOTH,78-065,3 440801001,11/17/1978,01/01/1983,Historical,N,209225
146361,WDR,5S,WDRMUNIOTH,98-015,5A571010001,01/23/1998,02/07/2024,Active,Y,209383
146177,WDR,5S,WDRMUNIOTH,96-080,5A571010001,03/22/1996,03/19/2011,Historical,N,209383
139477,WDR,5S,WDR,80-187,5A571010001,12/05/1980,12/02/1995,Historical,N,209383
402313,Enrollee - WDR,5R,WDRMUNIOTH,2014-0153-DWQ,5A180100001,07/31/2015,08/01/2031,Active,N,209473
134416,WDR,5R,WDRMUNIOTH,93-071,5A180100001,05/21/1993,05/21/2003,Historical,N,209473
133707,WDR,5R,WDRMUNILRG,85-154,5A180100001,06/28/1985,06/28/1990,Historical,N,209473
457541,Enrollee - WDR,3,WDRMUNIOTH,2014-0153-DWQ,3 441001001,07/01/2024,06/30/2034,Active,N,209483
147027,WDR,3,WDRMUNIOTH,97-026,3 441001001,12/05/1997,12/01/2012,Historical,N,209483
143719,WDR,3,WDRMUNIOTH,85-064,3 441001001,05/10/1985,05/08/2000,Historical,N,209483
142939,WDR,3,WDRMUNIOTH,79-080,3 441001001,11/09/1979,11/05/1994,Historical,N,209483
412665,Letter,5F,NPDMUNIOTH,,,04/10/2017,,Active,N,209509
400425,Enrollee - WDR,5F,WDRMUNIENROTH,2014-0153-DWQ,5C102009001,07/06/2015,07/06/2020,Active,N,209509
373954,NPDES Permit,5F,NPDMUNIOTH,R5-2012-0048,5C102009001,07/28/2012,07/01/2017,Historical,N,209509
261515,NPDES Permit,5F,NPDMUNIOTH,R5-2005-0156,5C102009001,10/21/2005,10/21/2010,Historical,N,209509
145619,NPDES Permit,5F,NPDMUNIOTH,95-236,5C102009001,10/27/1995,10/25/2000,Historical,N,209509
144730,NPDES Permit,5F,NPDMUNIOTH,90-288,5C102009001,11/02/1990,11/01/1995,Historical,N,209509
144558,NPDES Permit,5F,NPDMUNIOTH,85-213,5C102009001,08/23/1985,08/01/1990,Historical,N,209509
144949,NPDES Permit,5F,NPDMUNIOTH,80-045,5C102009001,04/25/1980,04/25/1985,Historical,N,209509
131472,WDR,6V,WDRMUNIOTH,02-039,6B149107005,06/14/2002,06/14/2012,Active,N,209527
146137,WDR,6V,WDRMUNILRG,91-934,6B149107005,11/14/1991,11/14/2001,Historical,N,209527
146559,WDR,6V,WDRMUNILRG,95-035,6B140100001,03/09/1995,03/09/2005,Active,N,209528
146116,WDR,6V,WDRMUNILRG,87-009,6B140100001,01/09/1987,01/09/1992,Historical,N,209528
147877,WDR,6V,WDRMUNILRG,78-016,6B140100001,04/13/1978,04/13/1983,Historical,N,209528
147858,WDR,6V,WDRMUNILRG,76-069,6B140100001,06/24/1976,06/24/1981,Historical,N,209528
141277,WDR,5S,WDRMUNIOTH,94-357,5B050106001,12/09/1994,12/05/2009,Active,N,209539
139318,WDR,5S,WDR,73-182,5B050106001,03/23/1973,06/30/1990,Historical,N,209539
421669,WDR,5R,WDRMUNIOTH,R5-2020-0008,5A04NC00067,02/20/2020,02/20/2030,Active,N,209551
396726,Letter,5R,NPDMUNIOTH,R5-2012-0084,5A040100001,06/03/2014,,Historical,N,209551
394289,Letter,5R,NPDMUNIOTH,,5A040100001,12/05/2013,,Historical,N,209551
394179,Letter,5R,NPDMUNIOTH,,5A040100001,11/22/2013,,Historical,N,209551
387827,NPDES Permit,5R,NPDMUNIOTH,R5-2012-0083,5A040100001,11/23/2012,11/01/2017,Historical,N,209551
373024,Letter,5R,NPDESWW,,5A040100001,02/09/2010,,Historical,N,209551
369161,Letter,5R,NPDESWW,,,07/27/2009,,Historical,N,209551
367933,Letter,5R,NPDESWW,,,06/29/2009,,Historical,N,209551
327376,NPDES Permit,5R,NPDMUNIOTH,R5-2007-0032,5A040100001,06/22/2007,06/01/2012,Historical,N,209551
148743,NPDES Permit,5R,NPDMUNIOTH,R5-2000-0255,5A040100001,12/08/2000,06/21/2007,Historical,N,209551
133573,NPDES Permit,5R,NPDMUNIOTH,95-002,5A040100001,01/27/1995,01/01/2000,Historical,N,209551
133619,NPDES Permit,5R,NPDMUNIOTH,89-222,5A040100001,12/08/1989,12/08/1994,Historical,N,209551
133458,NPDES Permit,5R,NPDMUNIOTH,84-137,5A040100001,11/28/1984,11/28/1989,Historical,N,209551
148091,WDR,5S,WDRMUNIOTH,5-00-200,5A281001001,09/15/2000,09/15/2010,Active,N,209349
140401,WDR,5S,WDR,90-118,5A281001001,04/27/1990,04/24/2000,Historical,N,209349
139553,WDR,5S,WDR,85-083,5A281001001,04/26/1985,01/26/1990,Historical,N,209349
411412,Enrollee - WDR,5S,WDRMUNIOTH,2014-0153-DWQ,5A571008001,04/10/2017,09/23/2029,Active,N,209595
140933,WDR,5S,WDRMUNIOTH,87-089,5A571008001,05/22/1987,05/18/2002,Historical,N,209595
140096,WDR,5S,WDR,76-122,5A571008001,05/28/1976,,Historical,N,209595
157006,Unregulated,5S,RCRA,,5A292026001,,,Never Active,N,209670
146905,WDR,5S,WDRMUNIOTH,97-256,5A292026001,12/05/1997,12/05/2007,Active,Y,209670
140306,WDR,5S,WDR,88-111,5A292026001,06/24/1988,06/21/2003,Historical,N,209670
138934,WDR,5S,WDR,77-234,5A292026001,09/23/1977,10/31/1987,Historical,N,209670
440497,Co-Permitee,SB,SLIC,2020-0015-DWQ,6B140101001,07/09/2020,,Active,N,209662
148110,WDR,6V,WDRMUNILRG,94-025,6B140101001,02/10/1994,02/10/2004,Active,N,209662
148109,WDR,6V,WDR,85-122,6B140101001,10/10/1985,10/10/2000,Historical,N,209662
148107,WDR,6V,WDR,8-055,6B140101001,08/14/1980,08/14/1995,Historical,N,209662
384238,WDR,1,WDRMUNILRG,R1-2012-0050,1B81129OHUM,06/07/2012,06/07/2022,Active,N,209801
138328,WDR,1,WDRMUNILRG,94-028,1B81129OHUM,02/24/1994,02/22/2019,Historical,N,209801
137713,WDR,1,WDRMUNILRG,91-071,1B81129OHUM,06/27/1991,06/27/1996,Historical,N,209801
137109,WDR,1,WDRMUNILRG,86-084,1B81129OHUM,05/01/1986,05/01/1991,Historical,N,209801
375565,Enrollee - WDR,5F,WDRMUNIENROTH,97-010-DWQ,5C221004001,10/06/2010,10/10/2025,Active,N,209726
145175,WDR,5F,WDRMUNIOTH,87-117,5C221004001,06/26/1987,06/22/2002,Historical,Y,209726
143878,WDR,5F,WDRMUNIOTH,74-275,5C221004001,04/26/1974,06/26/1987,Historical,N,209726
141761,WDR,2,WDRMUNIOTH,86-051,2 215126001,07/16/1986,07/16/2001,Active,N,209809
440330,Co-Permitee,SB,SLIC,2020-0015-DWQ,7B330102012,07/09/2020,,Active,N,209847
407226,WDR,7,WDRMUNILRG,R7-2016-0013,7B330102012,06/30/2016,06/30/2026,Active,Y,209847
304574,WDR,7,WDRMUNILRG,R7-2005-0103,7B330102012,09/08/2005,09/08/2010,Historical,N,209847
136620,WDR,7,WDRMUNILRG,94-039,7B330102012,05/17/1994,05/14/2004,Historical,Y,209847
135662,WDR,7,WDRMUNILRG,92-065,7B330102012,11/18/1992,11/18/1997,Historical,N,209847
135702,WDR,7,WDRMUNILRG,87-011,7B330102012,01/21/1987,06/30/1992,Historical,Y,209847
134569,WDR,7,WDRMUNILRG,79-047,7B330102012,07/11/1979,03/30/1987,Historical,N,209847
141573,WDR,2,WDRMUNIOTH,88-100,2 215004001,06/15/1988,01/18/2010,Active,N,209987
145569,WDR,2,WDRMUNIOTH,82-040,2 215004001,06/16/1982,06/16/1985,Historical,N,209987
161490,Unregulated,2,PTPRG,,2 482001001,,,Historical,N,209253
459990,NPDES Permit,2,NPDMUNILRG,R2-2025-0001,2 482001001,04/01/2025,03/31/2030,Active,N,209253
435889,NPDES Permit,2,NPDMUNILRG,R2-2019-0034,2 482001001,02/01/2020,01/31/2025,Historical,Y,209253
430608,Co-Permitee,2,NPDMUNILRG,R2-2024-0013,2 482001001,07/01/2019,09/30/2029,Active,N,209253
396744,NPDES Permit,2,NPDMUNILRG,R2-2014-0023,2 482001001,08/01/2014,07/31/2019,Historical,N,209253
389073,Co-Permitee,2,NPDMUNILRG,R2-2017-0041,2 482001001,01/01/2013,12/31/2017,Active,Y,209253
378608,Co-Permitee,2,NPDMUNILRG,R2-2011-0012,2 482001001,04/01/2011,12/31/2012,Historical,N,209253
345906,NPDES Permit,2,NPDMUNILRG,R2-2008-0014,2 482001001,06/01/2008,05/30/2013,Historical,Y,209253
360091,Co-Permitee,2,NPDMUNILRG,R2-2007-0077,2 482001001,03/01/2008,12/31/2012,Historical,N,209253
141162,NPDES Permit,2,NPDMUNILRG,R2-2001-0096,2 482001001,09/01/2001,07/31/2006,Historical,N,209253
131489,NPDES Permit,2,NPDMUNILRG,94-094,2 482001001,08/17/1994,08/17/1999,Historical,N,209253
141483,NPDES Permit,2,NPDMUNILRG,88-005,2 482001001,01/20/1988,01/20/1993,Historical,N,209253
145565,NPDES Permit,2,NPDMUNILRG,82-026,2 482001001,04/21/1982,04/21/1987,Historical,N,209253
317257,WDR,1,WDRMUNILRG,R1-2023-0011,1B75028OSON,06/15/2023,06/15/2033,Active,N,209949
137723,WDR,1,WDRMUNILRG,91-130,1B75028OSON,09/26/1991,09/24/2011,Historical,N,209949
137067,WDR,1,WDRMUNILRG,86-048,1B75028OSON,04/10/1986,04/10/1989,Historical,N,209949
136918,WDR,1,WDRMUNILRG,75-028,1B75028OSON,01/30/1975,04/10/1986,Historical,N,209949
389822,WDR,7,WDRMUNILRG,R7-2013-0024,7A330105021,03/21/2013,03/21/2028,Active,N,209999
136735,WDR,7,WDRMUNILRG,89-030,7A330105021,05/17/1989,05/13/2004,Historical,N,209999
134993,WDR,7,WDRMUNILRG,84-079,7A330105021,06/20/1984,01/30/1989,Historical,Y,209999
405311,Waiver,6V,WDRNONMUNIPRCS,R6V-2006-0052,6B150609001,11/08/2006,11/09/2011,Historical,N,210082
131473,WDR,6V,WDRMUNILRG,02-037,6B150126001,06/12/2002,06/12/2017,Active,N,210082
146113,WDR,6V,WDRMUNILRG,87-006,6B150126001,01/09/1987,01/09/2002,Historical,N,210082
147911,WDR,6V,WDRMUNILRG,80-079,6B150126001,10/09/1980,10/09/1990,Historical,N,210082
147872,WDR,6V,WDRMUNILRG,77-114,6B150126001,10/13/1977,10/13/1987,Historical,N,210082
147336,WDR,6V,WDRMUNILRG,72-038,6B150126001,06/29/1972,06/29/1982,Historical,N,210082
336200,WDR,2,WDRMUNIOTH,R2-2007-0078,2 215079001,11/01/2007,11/01/2017,Active,N,210068
142047,WDR,2,WDRMUNIOTH,91-182,2 215079001,12/11/1991,12/11/2006,Historical,N,210068
145537,WDR,2,WDRMUNIOTH,81-056,2 215079001,10/21/1981,10/21/1984,Historical,N,210068
146244,WDR,2,WDRMUNIOTH,73-033,2 215079001,06/26/1973,06/26/1976,Historical,N,210068
447886,Enrollee - WDR,3,WDRMUNILRG,2014-0153-DWQ,3 441000001,09/30/2022,09/23/2029,Active,N,210116
148200,WDR,3,WDRMUNILRG,01-034,3 441000001,05/18/2001,05/18/2011,Historical,N,210116
147003,WDR,3,WDRMUNILRG,96-003,3 441000001,05/31/1996,05/29/2006,Historical,N,210116
143470,Reclamation Requirements,3,REC,86-078,3 441000001,06/13/1986,12/01/1990,Historical,N,210116
142871,WDR,3,WDRMUNILRG,73-019,3 441000001,05/18/1973,05/01/1978,Historical,N,210116
132263,WDR,5S,WDRMUNIOTH,R5-2004-0003,5A340111001,01/29/2004,01/29/2019,Active,N,210156
131322,WDR,5S,WDR,01-256,5A340111001,10/19/2001,10/19/2011,Historical,N,210156
139622,WDR,5S,WDR,85-200,5A340111001,07/26/1985,07/22/2000,Historical,N,210156
410188,Enrollee - WDR,5R,WDRMUNIOTH,2014-0153-DWQ,5A320119001,10/14/2016,10/01/2031,Active,N,208536
134285,WDR,5R,WDRMUNIOTH,96-264,5A320119001,10/25/1996,10/22/2006,Historical,N,208536
444249,NPDES Permit,7,NPDMUNILRG,R7-2021-0005,7A130100011,07/01/2021,06/30/2026,Active,Y,210272
440323,Co-Permitee,SB,SLIC,2020-0015-DWQ,7A130100011,07/09/2020,,Active,N,210272
399799,NPDES Permit,7,NPDMUNILRG,R7-2015-0004,7A130100011,07/01/2015,06/30/2020,Historical,Y,210272
396923,Resolution,7,NPDMUNILRG,R7-2014-0020,7A130100011,03/20/2014,,Active,N,210272
375046,NPDES Permit,7,NPDMUNILRG,R7-2010-0022,7A130100011,05/20/2010,05/19/2015,Historical,Y,210272
348246,Amendment,7,NPDMUNILRG,R7-2008-0027,7A130100011,06/25/2008,06/29/2010,Historical,N,210272
261350,NPDES Permit,7,NPDMUNILRG,R7-2005-0021,7A130100011,06/29/2005,06/29/2010,Historical,N,210272
147624,NPDES Permit,7,NPDMUNILRG,R7-2000-0087,7A130100011,06/28/2000,06/28/2005,Historical,N,210272
136166,NPDES Permit,7,NPDMUNILRG,95-014,7A130100011,03/29/1995,03/27/2000,Historical,Y,210272
136839,NPDES Permit,7,NPDMUNILRG,90-027,7A130100011,03/14/1990,03/14/1995,Historical,N,210272
135447,NPDES Permit,7,NPDMUNILRG,85-017,7A130100011,01/23/1985,03/30/1990,Historical,N,210272
148146,WDR,6T,WDRMUNILRG,01-012,6A265300900,03/14/2001,03/15/2006,Active,N,210365
144964,WDR,6T,WDRMUNILRG,91-918,6A265300900,09/12/1991,09/12/2001,Historical,N,210365
144541,WDR,6T,WDRMUNILRG,84-071,6A265300900,06/15/1984,06/15/1984,Historical,N,210365
145397,WDR,6T,WDRMUNILRG,77-004,6A265300900,01/13/1977,06/30/1991,Historical,N,210365
144690,WDR,6T,WDRMUNILRG,68-007,6A265300900,04/15/1968,04/15/1973,Historical,N,210365
144423,WDR,6T,WDRMUNILRG,63-005,6A265300900,03/15/1963,03/15/1968,Historical,N,210365
144416,WDR,6T,WDRMUNILRG,53-009,6A265300900,10/15/1953,10/15/1958,Historical,N,210365
415903,Enrollee - WDR,5R,WDRMUNIOTH,2014-0153-DWQ,5A323001004,10/20/2017,09/23/2029,Active,N,210656
134645,WDR,5R,WDRMUNIOTH,98-036,5A323001004,02/27/1998,02/23/2013,Historical,N,210656
158241,Unregulated,5S,DISCHLND,,5B070101001,,,Never Active,N,210322
456852,NPDES Permit,5S,NPDMUNILRG,R5-2024-0020,5B070101001,06/01/2024,05/31/2029,Active,N,210322
440465,Co-Permitee,SB,SLIC,2020-0015-DWQ,5B070101001,07/09/2020,,Active,N,210322
430031,NPDES Permit,5S,NPDMUNILRG,R5-2019-0029,5B070101001,06/01/2019,05/31/2024,Historical,N,210322
402914,Enrollee - WDR,5S,REC,2016-0068-DDW,5B07NC00034,03/29/2016,03/28/2021,Active,N,210322
401355,Enrollee - Waiver,5S,NPDMUNILRG,R5-2013-0145,5B07NC00032,06/11/2015,12/05/2018,Historical,N,210322
392726,NPDES Permit,5S,NPDMUNILRG,R5-2013-0106,5B070101001,09/14/2013,09/01/2018,Historical,Y,210322
392727,Resolution,5S,NPDESWW,R5-2013-0107,5B070101001,07/26/2013,,Historical,N,210322
344253,NPDES Permit,5S,NPDMUNILRG,R5-2008-0006-01,5B070101001,03/15/2008,12/31/2012,Historical,Y,210322
147735,NPDES Permit,5S,NPDMUNILRG,R5-2000-0171,5B070101001,06/16/2000,06/01/2005,Historical,N,210322
146163,NPDES Permit,5S,NPDMUNILRG,96-039,5B070101001,02/23/1996,02/01/2001,Historical,N,210322
141042,NPDES Permit,5S,NPDMUNILRG,91-053,5B070101001,02/22/1991,02/01/1996,Historical,N,210322
140586,NPDES Permit,5S,NPDMUNILRG,88-194,5B070101001,10/28/1988,02/22/1991,Historical,N,210322
140095,NPDES Permit,5S,NPDMUNILRG,76-116,5B070101001,05/28/1976,12/31/1996,Historical,N,210322
416005,Enrollee - WDR,5R,WDRMUNIOTH,2014-0153-DWQ,5A323001003,10/20/2017,09/23/2029,Active,N,210659
134646,WDR,5R,WDRMUNIOTH,98-037,5A323001003,02/27/1998,02/23/2013,Historical,N,210659
194974,Enrollee - WDR,5F,WDRMUNIOTH,97-010-DWQ,5D101140001,04/20/1999,,Active,N,210829
447950,Enrollee - WDR,3,WDRMUNILRG,R3-2020-0020,3 420100001,05/25/2022,09/24/2030,Active,N,210685
147482,WDR,3,WDRMUNILRG,99-134,3 420100001,11/19/1999,06/22/2021,Historical,N,210685
144189,WDR,3,WDRMUNILRG,89-131,3 420100001,11/17/1989,11/15/1999,Historical,N,210685
143262,WDR,3,WDRMUNILRG,84-023,3 420100001,02/24/1984,02/01/1989,Historical,N,210685
162284,Unregulated,2,PTPRG,,2 417005001,,,Never Active,N,210839
453437,NPDES Permit,2,NPDMUNILRG,R2-2023-0010,2 417005001,01/01/2024,12/31/2028,Active,N,210839
430609,Co-Permitee,2,NPDMUNILRG,R2-2024-0013,2 417005001,07/01/2019,09/30/2029,Active,N,210839
422030,NPDES Permit,2,NPDMUNILRG,R2-2018-0024,2 417005001,08/01/2018,07/31/2023,Historical,Y,210839
390151,NPDES Permit,2,NPDMUNILRG,R2-2013-0015,2 417005001,07/01/2013,06/30/2018,Historical,Y,210839
389074,Co-Permitee,2,NPDMUNILRG,R2-2017-0041,2 417005001,01/01/2013,12/31/2017,Active,Y,210839
378609,Co-Permitee,2,NPDMUNILRG,R2-2011-0012,2 417005001,04/01/2011,12/31/2012,Historical,N,210839
354832,NPDES Permit,2,NPDMUNILRG,R2-2008-0008,2 417005001,04/01/2008,03/31/2013,Historical,Y,210839
360488,Co-Permitee,2,NPDMUNILRG,R2-2007-0077,2 417005001,03/01/2008,12/31/2012,Historical,N,210839
132083,NPDES Permit,2,NPDMUNILRG,R2-2002-0027,2 417005001,03/20/2002,03/20/2007,Historical,N,210839
142378,NPDES Permit,2,NPDMUNILRG,95-208,2 417005001,10/18/1995,10/18/2000,Historical,Y,210839
141834,NPDES Permit,2,NPDMUNILRG,90-100,2 417005001,07/18/1990,07/18/1995,Historical,Y,210839
145477,NPDES Permit,2,NPDMUNILRG,85-082,2 417005001,06/19/1985,06/19/1990,Historical,Y,210839
145232,NPDES Permit,2,NPDMUNILRG,79-020,2 417005001,02/20/1979,02/20/1984,Historical,N,210839
408490,WDR,5R,WDRMUNILRG,R5-2017-0050,5A450107001,04/07/2017,04/07/2027,Active,N,210854
396109,Letter,5R,WDRMUNILRG,94-017,5A450107001,03/14/2014,,Historical,N,210854
135235,WDR,5R,WDRMUNILRG,94-017,5A450107001,01/28/1994,01/28/2004,Historical,N,210854
133423,WDR,5R,WDRMUNILRG,84-070,5A450107001,06/22/1984,02/01/1989,Historical,N,210854
431219,Enrollee - WDR,5R,WDRMUNILRG,2014-0153-DWQ,5A040107001,12/05/2019,12/05/2029,Active,N,210913
132157,WDR,5R,WDRMUNILRG,03-143,5A040107001,09/05/2003,09/05/2013,Historical,N,210913
134656,WDR,5R,WDRMUNILRG,98-079,5A040107001,04/17/1998,04/14/2008,Historical,N,210913
133709,WDR,5R,WDRMUNILRG,85-199,5A040107001,07/26/1985,07/26/1995,Historical,N,210913
422138,Enrollee - WDR,5R,WDRMUNIOTH,2014-0153-DWQ,5A040108001,08/02/2018,09/23/2029,Active,N,210925
394074,Letter,5R,WDRMUNIOTH,,5A040108001,11/05/2013,,Historical,N,210925
389557,Letter,5R,WDRMUNIOTH,,5A040108001,01/17/2013,01/17/2013,Historical,N,210925
386082,Letter,5R,WDR,,5A040108001,07/09/2012,07/10/2012,Historical,N,210925
384700,Letter,5R,WDR,,5A040108001,04/23/2012,04/23/2012,Historical,N,210925
134393,WDR,5R,WDRMUNIOTH,92-211,5A040108001,10/23/1992,10/23/2015,Historical,N,210925
134916,WDR,5R,WDRMUNIOTH,89-167,5A040108001,09/22/1989,10/23/1997,Historical,N,210925
145448,WDR,5R,WDRMUNIOTH,75-046,5A040108001,03/21/1975,09/21/1989,Historical,N,210925
363736,WDR,5S,WDRMUNILRG,R5-2009-0002,5B070102002,02/05/2009,02/05/2019,Active,N,210972
147700,WDR,5S,WDR,R5-2000-0058,5B070102002,03/17/2000,03/17/2015,Historical,N,210972
139478,WDR,5S,WDR,80-188,5B070102002,12/05/1980,12/02/1995,Historical,N,210972
399075,Enrollee - WDR,5R,WDRMUNIOTH,2014-0153-DWQ,5A250102001,03/20/2018,12/02/2031,Active,N,212397
301081,Enrollee - WDR,5R,SSOMUNISML,2006-0003-DWQ,5SSO10793,03/06/2007,05/02/2011,Active,N,212397
135245,WDR,5R,WDRMUNIOTH,94-047,5A250102001,02/25/1994,02/25/2004,Historical,N,212397
133708,WDR,5R,WDRMUNIOTH,85-197,5A250102001,06/28/1985,06/28/1990,Historical,N,212397
446382,Enrollee - WDR,3,WDRMUNILRG,R3-2020-0020,3 271001001,01/13/2022,09/24/2030,Active,N,212424
321211,WDR,3,WDRMUNILRG,R3-2007-0008,3 271001001,02/09/2007,02/09/2017,Historical,N,212424
146982,WDR,3,WDRMUNILRG,95-023,3 271001001,02/10/1995,02/07/2005,Historical,N,212424
144286,WDR,3,WDRMUNILRG,87-124,3 271001001,07/10/1987,07/10/1997,Historical,N,212424
142956,WDR,3,WDRMUNILRG,80-037,3 271001001,09/12/1980,01/01/1985,Historical,N,212424
452357,NPDES Permit,4,NPDMUNILRG,R4-2023-0358,4B190101001,01/01/2024,12/31/2028,Active,N,212135
440291,Co-Permitee,SB,SLIC,2020-0015-DWQ,4B190101001,07/09/2020,,Active,N,212135
408326,NPDES Permit,4,NPDMUNILRG,R4-2017-0064,4B190101001,05/01/2017,04/30/2022,Historical,N,212135
403428,Reclamation Requirements,4,REC,R4-2016-0144,4B190101005,04/14/2016,04/14/2026,Active,N,212135
389842,13267 Letter (Non-Enforcement),4,NPDMUNILRG,R4-2012-0059,4B190101001,01/31/2013,,Historical,N,212135
381037,NPDES Permit,4,NPDMUNILRG,R4-2012-0059,4B190101001,04/22/2012,02/10/2017,Historical,N,212135
352063,Letter,4,NPDMUNILRG,R4-2006-0085,4B190101001,08/12/2008,,Historical,N,212135
315720,NPDES Permit,4,NPDMUNILRG,R4-2006-0085,4B190101001,12/29/2006,10/11/2011,Historical,Y,212135
136359,NPDES Permit,4,NPDMUNILRG,98-052,4B190101001,06/29/1998,05/10/2003,Historical,N,212135
136035,NPDES Permit,4,NPDMUNILRG,96-050,4B190101001,07/15/1996,06/10/2001,Historical,Y,212135
134810,Reclamation Requirements,4,REC,91-101,4B190101005,09/09/1991,12/31/2011,Historical,N,212135
134715,NPDES Permit,4,NPDMUNILRG,R4-1990-0164,4B190101001,12/03/1990,11/10/1995,Historical,N,212135
133551,Reclamation Requirements,4,REC,86-095,4B190101005,11/24/1986,11/24/1989,Historical,N,212135
134418,NPDES Permit,4,NPDMUNILRG,R4-1985-0001,4B190101001,01/28/1985,01/10/1990,Historical,N,212135
133443,NPDES Permit,4,NPDMUNILRG,R4-1977-0104,4B190101001,06/27/1977,06/10/1982,Historical,N,212135
449576,NPDES Permit,2,NPDMUNILRG,R2-2022-0029,2 417022002,12/01/2022,11/30/2027,Active,N,212585
412822,NPDES Permit,2,NPDMUNILRG,R2-2017-0013,2 417022002,06/01/2017,05/31/2022,Historical,Y,212585
382908,NPDES Permit,2,NPDMUNILRG,R2-2012-0002,2 417022002,03/01/2012,02/28/2017,Historical,N,212585
313377,NPDES Permit,2,NPDMUNILRG,R2-2006-0067,2 417022002,11/01/2006,10/31/2011,Historical,Y,212585
142546,NPDES Permit,2,NPDMUNILRG,R2-1999-0066,2 417022002,09/15/1999,09/15/2004,Historical,Y,212585
459837,NPDES Permit,7,NPDMUNILRG,R7-2025-0007,7A130101011,05/01/2025,05/30/2029,Active,N,212589
440327,Co-Permitee,SB,SLIC,2020-0015-DWQ,7A130101011,07/09/2020,,Active,N,212589
427929,NPDES Permit,7,NPDMUNILRG,R7-2019-0004,7A130101011,06/01/2019,05/31/2024,Historical,N,212589
396226,NPDES Permit,7,NPDMUNILRG,R7-2014-0004,7A130101011,06/01/2014,05/31/2019,Historical,N,212589
370704,NPDES Permit,7,NPDMUNILRG,R7-2009-0018,7A130101011,05/21/2009,05/20/2014,Historical,N,212589
348248,Amendment,7,NPDMUNILRG,R7-2008-0028,7A130101011,06/25/2008,,Historical,N,212589
132515,NPDES Permit,7,NPDMUNILRG,R7-2004-0009,7A130101011,02/11/2004,02/11/2009,Historical,N,212589
136583,NPDES Permit,7,NPDMUNILRG,99-001,7A130101011,01/13/1999,01/12/2004,Historical,N,212589
135823,NPDES Permit,7,NPDMUNILRG,94-048,7A130101011,01/13/1999,06/29/1999,Historical,N,212589
135918,NPDES Permit,7,NPDMUNILRG,93-039,7A130101011,06/30/1993,06/30/1998,Historical,N,212589
136055,NPDES Permit,7,NPDMUNILRG,88-092,7A130101011,06/30/1988,06/30/1993,Historical,N,212589
135329,NPDES Permit,7,NPDMUNILRG,83-047,7A130101011,07/13/1983,07/13/1988,Historical,N,212589
440313,Co-Permitee,SB,SLIC,2020-0015-DWQ,6B150118001,07/09/2020,,Active,N,212648
148046,WDR,6V,WDRMUNILRG,00-094,6B150118001,11/15/2000,11/15/2010,Active,N,212648
146190,WDR,6V,WDRMUNILRG,93-076,6B150118001,08/12/1993,08/12/2003,Historical,N,212648
146068,WDR,6V,WDRMUNILRG,85-121,6B150118001,10/10/1985,10/10/1990,Historical,N,212648
147363,WDR,6V,WDRMUNILRG,73-134,6B150118001,11/15/1973,11/15/1978,Historical,N,212648
402049,NPDES Permit,7,NPDMUNILRG,R7-2020-0010,7A130102041,12/01/2020,11/30/2025,Active,N,212739
440328,Co-Permitee,SB,SLIC,2020-0015-DWQ,7A130102041,07/09/2020,,Active,N,212739
402048,NPDES Permit,7,NPDMUNILRG,R7-2015-0005,7A130102041,07/01/2015,06/30/2020,Historical,N,212739
372755,NPDES Permit,7,NPDMUNILRG,R7-2010-0018,7A130102041,06/17/2010,06/16/2015,Historical,N,212739
348250,Amendment,7,NPDMUNILRG,R7-2008-0029,7A130102041,06/25/2008,,Historical,N,212739
261348,NPDES Permit,7,NPDMUNILRG,R7-2005-0085,7A130102041,06/29/2005,06/29/2010,Historical,N,212739
147534,NPDES Permit,7,NPDMUNILRG,R7-2000-0002,7A130102041,04/12/2000,04/12/2005,Historical,Y,212739
136864,NPDES Permit,7,NPDMUNILRG,99-018,7A130102041,06/10/1999,06/08/2004,Historical,N,212739
136602,NPDES Permit,7,NPDMUNILRG,94-008,7A130102041,03/15/1994,03/15/1999,Historical,N,212739
136280,NPDES Permit,7,NPDMUNILRG,86-039,7A130102041,05/21/1986,06/30/1992,Historical,Y,212739
448164,Enrollee - WDR,3,WDRMUNILRG,2014-0153-DWQ,3 420113001,06/15/2022,09/23/2029,Active,N,212455
147269,WDR,3,WDRMUNILRG,98-010,3 420113001,05/28/1998,05/25/2008,Historical,N,212455
143715,WDR,3,WDRMUNILRG,85-055,3 420113001,04/12/1985,05/25/2008,Historical,N,212455
445730,Enrollee - WRR,2,REC,2016-0068-DDW,2 283003002,,,Never Active,N,212750
446901,NPDES Permit,2,NPDMUNIOTH,R2-2022-0010,2 283003001,05/01/2022,04/30/2027,Active,N,212750
445259,Enrollee - WRR,2,REC,2016-0068-DDW,2 283003002,04/08/2020,04/08/2030,Active,N,212750
405697,NPDES Permit,2,NPDMUNIOTH,R2-2016-0018,2 283003001,06/01/2016,04/30/2021,Historical,N,212750
389078,Co-Permitee,2,NPDMUNIOTH,R2-2017-0041,2 283003001,01/01/2013,12/31/2017,Active,Y,212750
378703,Co-Permitee,2,NPDMUNIOTH,R2-2011-0012,2 283003001,04/01/2011,12/31/2012,Historical,N,212750
375827,NPDES Permit,2,NPDMUNIOTH,R2-2010-0104,2 283003001,11/01/2010,10/31/2015,Historical,N,212750
360490,Co-Permitee,2,NPDMUNIOTH,R2-2007-0077,2 283003001,03/01/2008,12/31/2012,Historical,N,212750
313227,NPDES Permit,2,NPDMUNIOTH,R2-2006-0066,2 283003001,12/01/2006,02/28/2010,Historical,Y,212750
351859,Enrollee - WRR,2,REC,,2 283003002,05/03/2005,,Historical,N,212750
148675,NPDES Permit,2,NPDMUNIOTH,R2-2000-0131,2 283003001,11/29/2000,11/29/2005,Historical,N,212750
142323,NPDES Permit,2,NPDMUNIOTH,92-062,2 283003001,06/17/1992,06/17/1997,Historical,N,212750
141013,NPDES Permit,2,NPDMUNIOTH,87-028,2 283003001,04/15/1987,04/15/1992,Historical,N,212750
145984,NPDES Permit,2,NPDMUNIOTH,84-038,2 283003001,07/18/1984,07/18/1989,Historical,N,212750
167478,Unregulated,5S,DISCHSW,,5B03NP00001,,,Never Active,N,212847
438781,Enrollee - WDR,5S,WDRMUNIOTH,2014-0153-DWQ,5B03NC00053,06/12/2020,09/23/2029,Active,N,212847
146476,WDR,5S,WDRMUNILRG,95-175,5B031019001,06/23/1995,06/23/2005,Historical,N,212847
139725,WDR,5S,WDR,83-101,5B031019001,08/12/1983,08/08/1998,Historical,N,212847
431442,WDR,1,WDRMUNIOTH,R1-2019-0010,1B77162OMEN,04/18/2019,04/18/2029,Active,N,212776
137121,WDR,1,WDRMUNIOTH,86-116,1B77162OMEN,06/27/1986,06/24/2016,Historical,N,212776
131259,WDR,5S,WDRMUNIOTH,R5-2002-0070,5B051015002,04/26/2002,04/26/2012,Active,N,212853
140136,WDR,5S,WDR,86-155,5B051015002,08/08/1986,08/04/2001,Historical,N,212853
138834,WDR,5S,WDR,68-239,5B051015002,06/21/1968,,Historical,N,212853
399552,WDR,3,WDRMUNILRG,R3-2014-0046,3 270803001,11/14/2014,11/13/2024,Active,N,212962
132866,WDR,3,WDRMUNILRG,04-0106,3 270803001,09/10/2004,09/10/2019,Historical,N,212962
132423,WDR,3,WDRMUNILRG,03-0046,3 270803001,05/16/2003,05/16/2018,Historical,N,212962
144958,WDR,3,WDRMUNILRG,88-037,3 270803001,05/06/1988,01/07/2004,Historical,N,212962
142955,WDR,3,WDRMUNILRG,80-036,3 270803001,07/11/1980,01/01/1985,Historical,N,212962
142826,WDR,3,WDRMUNILRG,72-001,3 270803001,01/01/1972,01/01/1977,Historical,N,212962
259649,Letter,3,WDR,LT920325,,,03/01/1993,Historical,N,212858
463718,Enrollee - WDR,3,WDRMUNILRG,R3-2020-0020,3 400102001,12/08/2025,12/31/2039,Active,N,212858
440273,Co-Permitee,SB,SLIC,2020-0015-DWQ,3 400102001,07/09/2020,,Active,N,212858
131132,WDR,3,WDRMUNILRG,01-100,3 400102001,12/07/2001,12/07/2006,Historical,Y,212858
147458,WDR,3,WDRMUNILRG,93-024,3 400102001,05/14/1993,05/14/1998,Historical,N,212858
143830,WDR,3,WDRMUNILRG,89-007A1,3 400102001,12/04/1990,03/01/1992,Historical,N,212858
143829,WDR,3,WDRMUNILRG,89-007,3 400102001,02/10/1989,03/01/1992,Historical,N,212858
144223,WDR,3,WDRMUNILRG,87-062,3 400102001,05/08/1987,03/01/1992,Historical,N,212858
143250,WDR,3,WDRMUNILRG,84-004,3 400102001,01/20/1984,01/20/1989,Historical,N,212858
142929,WDR,3,WDRMUNILRG,74-065,3 400102001,01/01/1974,01/01/1979,Historical,N,212858
385731,WDR,5S,WDRMUNIOTH,R5-2012-0045,5A090102010,06/08/2012,06/08/2022,Active,N,212899
131664,WDR,5S,WDRMUNIOTH,01-100,5A090102010,04/27/2001,04/27/2011,Historical,N,212899
139137,WDR,5S,WDR,84-147,5A090102010,11/28/1984,11/25/1999,Historical,N,212899
434569,Enrollee - WDR,5F,WDRMUNIOTH,2014-0153-DWQ,5C201008001,07/16/2020,09/23/2029,Active,N,212973
145161,WDR,5F,WDRMUNIOTH,87-031,5C201008001,02/27/1987,02/24/1997,Historical,N,212973
146370,WDR,5S,WDRMUNIOWTS,95-066,5B022004001,03/24/1995,03/20/2010,Active,N,213154
139357,WDR,5S,WDR,74-253,5B022004001,03/22/1974,03/18/1989,Historical,N,213154
439321,NPDES Permit,3,NPDMUNILRG,R3-2020-0005,3 400108001,07/01/2020,07/31/2025,Active,Y,212681
388775,NPDES Permit,3,NPDMUNILRG,R3-2012-0027,3 400108001,01/25/2013,01/25/2018,Historical,N,212681
306594,NPDES Permit,3,NPDMUNILRG,R3-2006-0032,3 400108001,08/26/2006,08/26/2011,Historical,N,212681
148818,NPDES Permit,3,NPDMUNILRG,R3-2001-0001,3 400108001,02/02/2001,07/31/2006,Historical,N,212681
147002,NPDES Permit,3,NPDMUNILRG,95-080,3 400108001,10/13/1995,10/13/2000,Historical,N,212681
144675,NPDES Permit,3,NPDMUNILRG,91-011,3 400108001,02/15/1991,02/01/1996,Historical,N,212681
143446,NPDES Permit,3,NPDMUNILRG,86-011A1,3 400108001,05/23/1989,11/01/1990,Historical,N,212681
143414,NPDES Permit,3,NPDMUNILRG,86-011,3 400108001,01/10/1986,11/01/1990,Historical,N,212681
147030,WDR,3,WDRMUNILRG,97-032,3 270129001,07/11/1997,07/11/2007,Active,N,213029
141169,WDR,3,WDRMUNILRG,01-083,3 271018001,09/14/2001,09/14/2011,Active,N,213294
143794,WDR,3,WDRMUNILRG,89-003,3 271018001,03/10/1989,03/08/1999,Historical,N,213294
142942,WDR,3,WDRMUNILRG,80-010,3 271018001,05/02/1980,05/02/1985,Historical,N,213294
440258,Co-Permitee,SB,SLIC,2020-0015-DWQ,3 270101001,07/09/2020,,Active,N,213281
396646,NPDES Permit,3,NPDMUNILRG,R3-2014-0012,3 270101001,07/11/2014,07/10/2019,Active,N,213281
360658,NPDES Permit,3,NPDMUNILRG,R3-2008-0007,3 270101001,04/30/2008,04/30/2013,Historical,N,213281
344063,NPDES Permit,3,NPDMUNILRG,R3-2008-0007-archived-ARCHIVED-ARCHIVED,3 270101001,04/30/2008,04/30/2013,Archived,N,213281
306252,NPDES Permit,3,NPDMUNILRG,R3-2002-0026-ARCHIVED,3 270101001,03/22/2002,12/07/2007,Archived,N,213281
323719,NPDES Permit,3,NPDMUNILRG,R3-2002-0026,3 270101001,03/22/2002,05/09/2008,Historical,N,213281
132097,NPDES Permit,3,NPDMUNILRG,R3-2002-0026-ARCHIVED,3 270101001,03/22/2002,03/22/2007,Archived,N,213281
147770,NPDES Permit,3,NPDMUNILRG,00-061,3 270101001,07/14/2000,07/14/2005,Historical,N,213281
146983,NPDES Permit,3,NPDMUNILRG,95-024,3 270101001,04/14/1995,04/14/2000,Historical,N,213281
144583,NPDES Permit,3,NPDMUNILRG,90-040,3 270101001,06/08/1990,06/01/1995,Historical,N,213281
143706,NPDES Permit,3,NPDMUNILRG,85-041,3 270101001,04/12/1985,04/13/1990,Historical,N,213281
259847,Letter,3,NPDESWW,LT921007,,,11/18/1999,Historical,N,213332
440262,Co-Permitee,SB,SLIC,2020-0015-DWQ,3 420101001,07/09/2020,,Active,N,213332
418040,NPDES Permit,3,NPDMUNILRG,R3-2017-0032,3 420101001,11/10/2017,09/20/2022,Active,N,213332
379350,NPDES Permit,3,NPDMUNILRG,R3-2011-0003,3 420101001,03/25/2011,03/25/2016,Historical,N,213332
300140,NPDES Permit,3,NPDMUNILRG,R3-2005-0110 ( old reports)-ARCHIVED,3 420101001,12/10/2005,10/21/2010,Superceded,N,213332
367006,NPDES Permit,3,NPDMUNILRG,R3-2005-0110 ( old reports),3 420101001,12/10/2005,10/21/2010,Historical,N,213332
367002,NPDES Permit,3,NPDMUNILRG,R3-2005-0110 ( old reports)-ARCHIVED,3 420101001,12/10/2005,10/21/2010,Archived,N,213332
365550,NPDES Permit,3,NPDMUNILRG,R3-2005-0110,3 420101001,10/21/2005,10/21/2010,Historical,N,213332
147771,NPDES Permit,3,NPDMUNILRG,R3-2000-0001,3 420101001,07/14/2000,07/14/2005,Historical,N,213332
146961,NPDES Permit,3,NPDMUNILRG,94-095,3 420101001,11/18/1994,11/18/1999,Historical,N,213332
144339,NPDES Permit,3,NPDMUNILRG,88-002,3 420101001,03/11/1988,11/18/1999,Historical,N,213332
143651,NPDES Permit,3,NPDMUNILRG,84-094,3 420101001,10/12/1984,07/01/1989,Historical,N,213332
142670,NPDES Permit,3,NPDMUNILRG,79-051,3 420101001,06/08/1979,01/01/1984,Historical,N,213332
142927,NPDES Permit,3,NPDMUNILRG,74-058,3 420101001,01/01/1974,01/01/1979,Historical,N,213332
142828,NPDES Permit,3,NPDMUNILRG,72-00201,3 420101001,01/01/1972,01/01/1977,Historical,N,213332
416209,Enrollee - WDR,5R,WDRMUNIOTH,2014-0153-DWQ,5A041020001,08/11/2017,08/01/2032,Active,N,213409
134592,WDR,5R,WDRMUNIOTH,97-230,5A041020001,10/24/1997,10/20/2012,Historical,N,213409
133965,WDR,5R,WDRMUNIOTH,91-137,5A041020001,06/28/1991,06/28/2006,Historical,N,213409
146594,WDR,5R,WDRMUNIOTH,72-159,5A041020001,01/28/1972,03/31/1988,Historical,N,213409
379716,Enrollee,1,WDR,2006-0003-DWQ,1SSO11609,,,Never Active,N,213470
261062,Letter,1,WDRMUNIOTH,001,1B82076OMEN,08/12/2003,,Historical,N,213470
136963,WDR,1,WDRMUNIOTH,82-076,1B82076OMEN,07/22/1982,07/04/2027,Active,N,213470
442921,Enrollee - NPDES,5S,NPDMUNIOTH,R5-2023-0025,5A290107002,04/01/2021,06/30/2031,Active,N,213432
400787,NPDES Permit,5S,NPDMUNIOTH,R5-2015-0031,5A290107002,06/01/2015,05/31/2020,Historical,N,213432
351555,NPDES Permit,5S,NPDMUNIOTH,R5-2008-0111,5A290107002,07/31/2008,07/01/2013,Historical,Y,213432
148701,NPDES Permit,5S,NPDMUNIOTH,R5-2001-0177,5A290107002,06/14/2001,06/01/2006,Historical,N,213432
141774,NPDES Permit,5S,NPDMUNIOTH,94-160,5A290107002,05/20/1994,05/20/1999,Historical,N,213432
140882,NPDES Permit,5S,NPDMUNIOTH,93-104,5A290107002,06/25/1993,06/01/1998,Historical,N,213432
147963,Reclamation Requirements,3,REC,93-072,3 270101002,09/10/1993,09/10/2013,Active,N,213561
462918,Letter,5F,WDRINDIVLRG,,,07/30/2025,,Historical,N,213592
462919,Letter,5F,WDRINDIVLRG,,,07/30/2025,,Historical,N,213592
452541,13267 Letter (Non-Enforcement),5F,WDRMUNILRG,,5C200800001,05/04/2023,,Active,N,213592
145133,WDR,5F,WDRMUNILRG,93-235,5C200800001,12/03/1993,12/01/2003,Active,N,213592
144040,WDR,5F,WDRMUNILRG,89-042,5C200800001,03/31/1989,03/31/1994,Historical,N,213592
404562,Enrollee - WDR,1,WDRMUNIOTH,2014-0153-DWQ,1B77108OMEN,03/13/2017,03/12/2022,Active,N,213604
414070,Individual Monitoring Requirem,1,WDRMUNIOTH,R1-2017-0009,1B77108OMEN,03/13/2017,03/12/2022,Active,N,213604
139175,WDR,1,WDRMUNIOTH,97-052,1B77108OMEN,06/26/1997,06/25/2027,Historical,N,213604
137348,WDR,1,WDRMUNIOTH,77-108,1B77108OMEN,06/23/1977,06/21/1987,Historical,N,213604
146274,WDR,5F,WDRMUNIOTH,97-033,5D540700002,02/28/1997,02/28/2007,Active,Y,213791
143751,WDR,5F,WDRMUNIOTH,80-154,5D540700002,10/24/1980,10/22/1990,Historical,N,213791
145503,WDR,5F,WDRMUNIOTH,98-069,5C221019001,04/17/1998,04/14/2008,Active,N,213792
350306,WDR,6T,WDRMUNILRG,R6T-2008-0024,6A186000500,07/23/2008,07/24/2013,Active,Y,213580
145324,WDR,6T,WDRMUNILRG,95-023,6A186000500,02/09/1995,01/01/2012,Historical,Y,213580
144890,Reclamation Requirements,6T,REC,87-098A1,6A186000500,10/17/1988,09/10/1992,Historical,N,213580
144898,WDR,6T,WDRMUNILRG,88-030,6A186000500,03/10/1988,03/10/1998,Historical,N,213580
144889,Reclamation Requirements,6T,REC,87-098,6A186000500,09/10/1987,09/10/1992,Historical,N,213580
144554,Reclamation Requirements,6T,REC,85-064,6A186000500,06/13/1985,06/13/1990,Historical,N,213580
145403,Reclamation Requirements,6T,REC,78-027,6A186000500,05/11/1978,05/11/1983,Historical,N,213580
144759,WDR,6T,WDRMUNILRG,74-047,6A186000500,04/25/1974,04/25/1979,Historical,N,213580
144420,WDR,6T,WDRMUNILRG,60-005,6A186000500,02/15/1960,06/13/1995,Historical,N,213580
327505,Waiver,1,WDRMUNILRG,R1-2005-0074,1A89001NDN,08/24/2005,08/23/2020,Active,N,213596
327503,Waiver,1,WDRMUNILRG,R1-2005-0074,1A89001NDN,08/10/2005,12/31/2005,Historical,N,213596
375488,Individual Monitoring Requirem,1,WDRMUNILRG,R1-2005-0075,1A89001NDN,08/10/2005,08/10/2020,Active,N,213596
261204,Letter,1,WDR,002,1A89001NDN,02/18/2005,,Historical,N,213596
261208,Letter,1,WDR,001,1A89001NDN,12/28/2004,,Historical,N,213596
138337,WDR,1,WDRMUNILRG,94-071,1A89001NDN,06/23/1994,06/20/2029,Active,N,213596
137842,NPDES Permit,1,NPDMUNILRG,89-002,1A89001NDN,01/26/1989,01/26/1994,Historical,N,213596
162913,Unregulated,2,PTPRG,,2 071008001,,,Never Active,N,213875
448059,NPDES Permit,2,NPDMUNILRG,R2-2022-0020,2 071008001,08/01/2022,07/31/2027,Active,N,213875
445274,Enrollee - WRR,2,REC,2016-0068-DDW,2 071008003,04/08/2020,04/08/2030,Active,N,213875
430610,Co-Permitee,2,NPDMUNILRG,R2-2024-0013,2 071008001,07/01/2019,09/30/2029,Active,N,213875
412711,NPDES Permit,2,NPDMUNILRG,R2-2017-0009,2 071008001,06/01/2017,05/31/2022,Historical,Y,213875
389079,Co-Permitee,2,NPDMUNILRG,R2-2017-0041,2 071008001,01/01/2013,12/31/2017,Active,Y,213875
383409,NPDES Permit,2,NPDMUNILRG,R2-2012-0016,2 071008001,04/01/2012,03/31/2017,Historical,Y,213875
378704,Co-Permitee,2,NPDMUNILRG,R2-2011-0012,2 071008001,04/01/2011,12/31/2012,Historical,N,213875
360491,Co-Permitee,2,NPDMUNILRG,R2-2007-0077,2 071008001,03/01/2008,12/31/2012,Historical,N,213875
319679,NPDES Permit,2,NPDMUNILRG,R2-2007-0008,2 071008001,04/01/2007,03/31/2012,Historical,Y,213875
148418,NPDES Permit,2,NPDMUNILRG,R2-2001-0068,2 071008001,06/19/2001,05/31/2006,Historical,N,213875
368741,Enrollee - WRR,2,REC,R2-1996-011,2 071008003,05/09/1997,,Historical,N,213875
142146,NPDES Permit,2,NPDMUNILRG,95-108,2 071008001,05/24/1995,05/24/2000,Historical,N,213875
141633,NPDES Permit,2,NPDMUNILRG,89-170,2 071008001,11/15/1989,11/15/1994,Historical,Y,213875
146024,NPDES Permit,2,NPDMUNILRG,84-077,2 071008001,10/17/1984,10/17/1989,Historical,Y,213875
162756,Unregulated,2,PTPRG,,2 215116001,,,Never Active,N,213889
452582,NPDES Permit,2,NPDMUNILRG,R2-2023-0006,2 215116001,07/01/2023,06/30/2028,Active,N,213889
430611,Co-Permitee,2,NPDMUNILRG,R2-2024-0013,2 215116001,07/01/2019,09/30/2029,Active,N,213889
418731,NPDES Permit,2,NPDMUNILRG,R2-2018-0003,2 215116001,03/01/2018,02/28/2023,Historical,Y,213889
389080,Co-Permitee,2,NPDMUNILRG,R2-2017-0041,2 215116001,01/01/2013,12/31/2017,Active,Y,213889
385980,NPDES Permit,2,NPDMUNILRG,R2-2012-0051,2 215116001,08/01/2012,07/31/2017,Historical,Y,213889
378705,Co-Permitee,2,NPDMUNILRG,R2-2011-0012,2 215116001,04/01/2011,12/31/2012,Historical,N,213889
382071,401 Certification,2,CERFILLEXC,,,05/11/2009,05/11/2014,Historical,N,213889
360492,Co-Permitee,2,NPDMUNILRG,R2-2007-0077,2 215116001,03/01/2008,12/31/2012,Historical,N,213889
319575,NPDES Permit,2,NPDMUNILRG,R2-2007-0007,2 215116001,04/01/2007,03/31/2012,Historical,Y,213889
148453,NPDES Permit,2,NPDMUNILRG,R2-2001-0105,2 215116001,09/19/2001,09/19/2006,Historical,N,213889
142413,NPDES Permit,2,NPDMUNILRG,96-034,2 215116001,03/21/1996,03/20/2001,Historical,N,213889
141874,NPDES Permit,2,NPDMUNILRG,91-003,2 215116001,01/16/1991,01/16/1996,Historical,Y,213889
141251,NPDES Permit,2,NPDMUNILRG,85-118,2 215116001,10/16/1985,10/16/1990,Historical,Y,213889
440475,Co-Permitee,SB,SLIC,2020-0015-DWQ,5C500100001,07/09/2020,,Active,N,213947
141185,WDR,5S,WDRMUNILRG,93-237,5C500100001,12/03/1993,12/01/2003,Active,N,213947
140081,WDR,5S,WDRMUNILRG,75-279,5C500100001,11/21/1975,12/12/1975,Historical,N,213947
132911,Individual Monitoring Requirem,1,WDRMUNIENROTH,04-100,1B04044RMEN,10/13/2004,10/13/2014,Active,N,214008
179232,Enrollee - WDR,1,WDRMUNIENROTH,97-010-DWQ,1B04044RMEN,10/13/2004,,Active,N,214008
412092,Enrollee - WDR,5R,WDRMUNILRG,2014-0153-DWQ,5A041015001,02/24/2017,03/01/2027,Active,N,214327
133905,WDR,5R,WDRMUNILRG,96-133,5A041015001,05/03/1996,05/01/2006,Historical,N,214327
133710,WDR,5R,WDRMUNILRG,85-217,5A041015001,08/23/1985,08/23/1990,Historical,N,214327
146592,WDR,5R,WDRMUNILRG,71-029,5A041015001,08/21/1971,08/01/1985,Historical,N,214327
457224,NPDES Permit,7,NPDINDLRG,R7-2024-0019,7A131337001,06/03/2024,06/02/2029,Active,N,213850
425945,NPDES Permit,7,NPDINDLRG,R7-2019-0003,7A131337001,05/01/2019,04/30/2024,Historical,N,213850
393178,NPDES Permit,7,NPDINDLRG,R7-2014-0003,7A131337001,06/01/2014,05/31/2019,Historical,N,213850
364074,NPDES Permit,7,NPDMUNIOTH,R7-2009-0006,7A131337001,03/19/2009,03/18/2014,Historical,Y,213850
132817,NPDES Permit,7,NPDMUNIOTH,R7-2003-0096,7A131337001,06/25/2003,06/25/2008,Historical,N,213850
136522,NPDES Permit,7,NPDMUNIOTH,98-014,7A131337001,05/14/1998,05/13/2003,Historical,N,213850
135660,NPDES Permit,7,NPDMUNIOTH,92-041,7A131337001,09/16/1992,09/16/1997,Historical,N,213850
442945,NPDES Permit,5R,NPDMUNIOTH,R5-2021-0022,5A320100001,06/01/2021,05/30/2026,Active,N,214199
411926,Letter,5R,NPDMUNIOTH,R5-2016-0004,5A320100001,02/03/2017,,Historical,N,214199
392735,NPDES Permit,5R,NPDMUNIOTH,R5-2016-0004,5A320100001,04/01/2016,03/30/2021,Historical,N,214199
402164,Letter,5R,NPDMUNIOTH,R5-2009-0078,5A320100001,07/03/2015,,Historical,N,214199
396748,Letter,5R,NPDMUNIOTH,R5-2009-0078,5A320100001,05/06/2014,,Historical,N,214199
396784,Letter,5R,NPDMUNIOTH,R5-2009-0078,5A320100001,05/02/2014,,Historical,N,214199
371058,NPDES Permit,5R,NPDMUNIOTH,R5-2009-0078,5A320100001,08/13/2009,08/01/2014,Historical,N,214199
132776,NPDES Permit,5R,NPDMUNIOTH,R5-2004-0050,5A320100001,04/23/2004,04/01/2009,Historical,N,214199
134594,NPDES Permit,5R,NPDMUNIOTH,97-239,5A320100001,12/05/1997,12/01/2002,Historical,N,214199
134351,NPDES Permit,5R,NPDMUNIOTH,92-146,5A320100001,08/14/1992,08/14/1997,Historical,N,214199
134158,NPDES Permit,5R,NPDMUNIOTH,87-064,5A320100001,04/24/1987,04/01/1992,Historical,N,214199
133467,NPDES Permit,5R,NPDMUNIOTH,85-045,5A320100001,03/22/1985,02/01/1987,Historical,N,214199
433601,Enrollee - WDR,5F,WDRMUNIOTH,2014-0153-DWQ,5C200103001,11/13/2019,09/23/2029,Active,N,214483
144152,WDR,5F,WDRMUNIOTH,85-025,5C200103001,01/25/1985,01/23/1995,Historical,N,214483
464606,Enrollee - WDR,5S,WDRMUNIOTH,2014-0153-DWQ,5A280106001,11/25/2025,09/23/2029,Active,N,214559
141723,WDR,5S,WDRMUNIOTH,94-097,5A280106001,04/22/1994,04/19/2004,Historical,N,214559
139803,WDR,5S,WDR,85-332,5A280106001,12/06/1985,12/06/1990,Historical,N,214559
138820,WDR,5S,WDR,64-032,5A280106001,04/16/1964,,Historical,N,214559
143131,WDR,2,WDRMUNIOTH,97-062,2 438538001,05/21/1997,05/21/2007,Active,N,214541
395748,Enrollee - WDR,5S,WDRMUNIENROTH,2004-0012-DWQ,5B03NC00042,10/07/2013,10/06/2018,Active,N,214640
368758,WDR,5S,WDRMUNILRG,R5-2013-0022,5B030102001,04/11/2013,04/11/2023,Active,Y,214640
146424,WDR,5S,WDRMUNILRG,95-125,5B030102001,05/26/1995,05/26/2005,Historical,N,214640
139521,WDR,5S,WDR,81-041,5B030102001,03/27/1981,03/25/1991,Historical,N,214640
455508,Enrollee - NPDES,5S,NPDMUNIOTH,R5-2023-0025,5B030103001,01/01/2024,12/31/2029,Active,N,214642
444463,Letter,5S,NPDMUNIOTH,,5B030103001,08/02/2021,,Historical,N,214642
422113,NPDES Permit,5S,NPDMUNIOTH,R5-2018-0036,5B030103001,08/01/2018,07/31/2023,Historical,Y,214642
394299,NPDES Permit,5S,NPDMUNIOTH,R5-2013-0146,5B030103001,01/24/2014,12/01/2018,Historical,Y,214642
339946,NPDES Permit,5S,NPDMUNIOTH,R5-2007-0133,5B030103001,12/14/2007,10/01/2012,Historical,Y,214642
147736,NPDES Permit,5S,NPDMUNIOTH,R5-2000-0173,5B030103001,06/16/2000,06/01/2005,Historical,Y,214642
141734,NPDES Permit,5S,NPDMUNIOTH,94-132,5B030103001,05/20/1994,05/01/1999,Historical,N,214642
140647,NPDES Permit,5S,NPDMUNIOTH,89-060,5B030103001,04/28/1989,04/01/1994,Historical,N,214642
140464,NPDES Permit,5S,NPDMUNIOTH,84-049,5B030103001,04/27/1984,04/30/1989,Historical,N,214642
444735,Enrollee - NPDES,5S,NPDMUNILRG,R5-2023-0025,5A510100001,09/01/2021,10/01/2028,Active,N,214647
440452,Co-Permitee,SB,SLIC,2020-0015-DWQ,5A510100001,07/09/2020,,Active,N,214647
407656,NPDES Permit,5S,NPDMUNILRG,R5-2016-0039,5A510100001,08/01/2016,07/31/2021,Historical,N,214647
379970,NPDES Permit,5S,NPDMUNILRG,R5-2011-0034,5A510100001,07/30/2011,06/01/2016,Historical,N,214647
132460,NPDES Permit,5S,NPDMUNILRG,R5-2004-0096,5A510100001,07/09/2004,07/01/2019,Historical,N,214647
147073,NPDES Permit,5S,NPDMUNILRG,99-008,5A510100001,04/30/1999,04/01/2004,Historical,N,214647
140828,NPDES Permit,5S,NPDMUNILRG,93-021,5A510100001,01/29/1993,01/01/1998,Historical,N,214647
139908,NPDES Permit,5S,NPDMUNILRG,87-174,5A510100001,09/25/1987,09/01/1992,Historical,N,214647
140466,NPDES Permit,5S,NPDMUNILRG,84-063,5A510100001,06/22/1984,,Historical,N,214647
368906,WDR,5S,WDRMUNILRG,R5-2009-0108,5A460100001,10/08/2009,10/07/2019,Active,N,214650
148904,WDR,5S,WDRMUNILRG,01-069,5A460100001,03/16/2001,03/16/2011,Historical,N,214650
146374,WDR,5S,WDR,95-070,5A460100001,03/24/1995,03/21/2005,Historical,N,214650
139657,WDR,5S,WDR,82-055,5A460100001,05/28/1982,05/25/1992,Historical,N,214650
464454,NPDES Permit,5F,NPDMUNILRG,R5-2026-0005,5C240108001,04/01/2026,03/31/2031,Active,N,214652
440394,Co-Permitee,SB,SLIC,2020-0015-DWQ,5C240108001,07/09/2020,,Active,N,214652
438006,NPDES Permit,5F,NPDMUNILRG,R5-2020-0014,5C240108001,06/01/2020,05/31/2025,Historical,N,214652
413143,Letter,5F,NPDMUNILRG,,,05/10/2017,,Historical,N,214652
397512,NPDES Permit,5F,NPDMUNILRG,R5-2014-0096,5C240108001,10/01/2014,09/30/2019,Historical,N,214652
379466,Letter,5F,NPDMUNILRG,,5C240108001,06/02/2011,,Historical,N,214652
379049,Letter,5F,NPDMUNILRG,,5C240108001,05/12/2011,,Historical,N,214652
377439,Letter,5F,NPDMUNILRG,,5C240108001,02/02/2011,,Historical,N,214652
376075,Letter,5F,NPDESWW,,5C240108001,02/26/2009,,Historical,N,214652
344699,NPDES Permit,5F,NPDMUNILRG,R5-2008-0027,5C240108001,05/05/2008,03/13/2013,Historical,Y,214652
162749,Resolution,5F,PTPRG,Get from File,5B24PT00002,06/17/2005,,Active,N,214652
142611,NPDES Permit,5F,NPDMUNILRG,R5-2000-0246,5C240108001,10/24/2000,10/27/2005,Historical,N,214652
145866,NPDES Permit,5F,NPDMUNILRG,94-167,5C240108001,06/24/1994,06/01/1999,Historical,N,214652
144036,NPDES Permit,5F,NPDMUNILRG,89-007,5C240108001,01/27/1989,01/01/1994,Historical,N,214652
144107,NPDES Permit,5F,NPDMUNILRG,84-016,5C240108001,01/20/1984,12/30/1988,Historical,N,214652
143746,NPDES Permit,5F,NPDMUNILRG,72-177,5C240108001,01/20/1972,12/30/1988,Historical,N,214652
147694,WDR,5F,WDRMUNIOTH,5-00-025,5C550108001,01/28/2000,01/28/2015,Active,N,214660
140024,WDR,5S,WDRMUNIOTH,75-109,5C550108001,05/23/1975,05/19/1990,Historical,N,214660
141085,WDR,5S,WDRMUNILRG,91-069,5A580103001,02/22/1991,02/19/2001,Active,N,214671
139790,WDR,5S,WDR,85-296,5A580103001,10/25/1985,06/30/1989,Historical,N,214671
139656,WDR,5S,WDR,82-054,5A580103001,05/28/1982,,Historical,N,214671
351982,WDR,5F,WDRMUNILRG,Pending,5C15NC00095,,,Never Active,N,214665
247262,NPDES Permit,5F,NPDESWW,RWD superceded,5D150115001,,,Never Active,N,214665
440427,Co-Permitee,SB,SLIC,2020-0015-DWQ,5C15NC00095,07/09/2020,,Active,N,214665
351981,WDR,5F,WDRMUNILRG,5-00-080 (N15),5C15NC00095,04/29/2005,04/28/2010,Active,Y,214665
147819,NPDES Permit,5F,NPDESWW,5-00-080 (NPDES),5D150115001,04/28/2000,04/29/2005,Historical,Y,214665
144908,NPDES Permit,5F,NPDMUNIOTH,93-111,5D150115001,08/05/1993,08/01/1998,Historical,N,214665
145423,NPDES Permit,5F,NPDMUNIOTH,92-001,5D150115001,01/24/1992,08/01/1992,Historical,N,214665
145176,NPDES Permit,5F,NPDMUNIOTH,87-141,5D150115001,08/14/1987,08/01/1992,Historical,N,214665
143764,NPDES Permit,5F,NPDMUNIOTH,81-114,5D150115001,12/11/1981,03/30/1988,Historical,N,214665
143735,NPDES Permit,5F,NPDMUNIOTH,72-093,5D150115001,08/30/1972,08/30/1988,Historical,N,214665
445181,NPDES Permit,5R,NPDMUNILRG,R5-2022-0040,5A450103001,08/01/2022,07/31/2027,Active,N,214802
440438,Co-Permitee,SB,SLIC,2020-0015-DWQ,5A450103001,07/09/2020,,Active,N,214802
412195,NPDES Permit,5R,NPDMUNILRG,R5-2017-0010,5A450103001,04/01/2017,03/31/2022,Historical,N,214802
398413,Letter,5R,NPDMUNILRG,,5A450103001,09/16/2014,,Historical,N,214802
398412,Letter,5R,NPDMUNILRG,,5A450103001,09/15/2014,,Historical,N,214802
398482,Letter,5R,NPDMUNILRG,,5A450103001,08/13/2014,,Historical,N,214802
398467,Letter,5R,NPDMUNILRG,,5A450103001,07/21/2014,,Historical,N,214802
398614,Letter,5R,NPDMUNILRG,,5A450103001,07/09/2014,,Historical,N,214802
397066,Letter,5R,NPDMUNILRG,,5A450103001,06/18/2014,,Historical,N,214802
397072,Letter,5R,NPDMUNILRG,,5A450103001,06/18/2014,,Historical,N,214802
397069,Letter,5R,NPDMUNILRG,,5A450103001,06/17/2014,,Historical,N,214802
396844,Letter,5R,NPDMUNILRG,,5A450103001,05/30/2014,,Historical,N,214802
396885,Letter,5R,NPDMUNILRG,,5A450103001,04/22/2014,,Historical,N,214802
376556,NPDES Permit,5R,NPDMUNILRG,R5-2010-0096,5A450103001,09/23/2010,09/01/2015,Historical,N,214802
132153,NPDES Permit,5R,NPDMUNILRG,R5-2003-0130,5A450103001,09/05/2003,01/01/2008,Historical,N,214802
134661,NPDES Permit,5R,NPDMUNILRG,98-125,5A450103001,06/05/1998,06/01/2003,Historical,Y,214802
134353,NPDES Permit,5R,NPDMUNILRG,92-148,5A450103001,08/14/1992,08/14/1997,Historical,N,214802
134159,NPDES Permit,5R,NPDMUNILRG,87-066,5A450103001,04/24/1987,04/01/1992,Historical,N,214802
133203,NPDES Permit,5R,NPDMUNILRG,82-051,5A450103001,05/28/1982,05/01/1987,Historical,N,214802
440474,Co-Permitee,SB,SLIC,2020-0015-DWQ,5A170100002,07/09/2020,,Active,N,214812
147062,WDR,5S,WDRMUNILRG,98-211,5A170100002,10/23/1998,10/20/2008,Active,N,214812
141229,WDR,5S,WDR,94-028,5A170100002,01/28/1994,01/26/2004,Historical,N,214812
439609,WDR,5F,WDRMUNIOTH,2014-0153-DWQ-R5342,5D541003003,08/12/2020,08/12/2035,Active,N,214873
145183,WDR,5F,WDRMUNIOTH,88-031,5D541003003,02/26/1988,02/23/1998,Historical,Y,214873
143401,WDR,5F,WDRMUNIOTH,80-131,5D541003003,09/12/1980,03/30/1990,Historical,N,214873
143224,WDR,5F,WDRMUNIOTH,69-005,5D541003003,08/16/1969,09/30/1987,Historical,N,214873
436799,13267 Letter (Non-Enforcement),5F,WDRMUNIOTH,,5C201007001,10/18/2019,,Active,N,214903
389710,Letter,5F,WDRMUNIOTH,,5C201007001,04/05/2013,,Historical,N,214903
144171,WDR,5F,WDRMUNIOTH,85-114,5C201007001,05/31/1985,05/29/1995,Active,N,214903
440252,Co-Permitee,SB,SLIC,2020-0015-DWQ,1B84032OSON,07/09/2020,,Active,N,214888
425653,NPDES Permit,1,NPDMUNILRG,R1-2018-0034,1B84032OSON,11/01/2018,10/31/2023,Active,N,214888
377093,NPDES Permit,1,NPDMUNILRG,R1-2012-0048,1B84032OSON,08/01/2012,07/31/2017,Historical,N,214888
316381,NPDES Permit,1,NPDMUNILRG,R1-2006-0004,1B84032OSON,06/29/2006,06/28/2011,Historical,N,214888
260623,Letter,1,NPDESWW,001,1B84032OSON,04/27/2001,,Historical,N,214888
138697,NPDES Permit,1,NPDMUNILRG,R1-1996-0009,1B84032OSON,05/23/1996,05/22/2001,Historical,N,214888
137908,NPDES Permit,1,NPDMUNILRG,89-092,1B84032OSON,09/21/1989,09/21/1994,Historical,N,214888
137463,NPDES Permit,1,NPDMUNILRG,84-032,1B84032OSON,01/19/1984,01/19/1989,Historical,N,214888
465057,NPDES Permit,7,NPDMUNILRG,R7-2026-0006,7A330104012,05/01/2026,04/30/2031,Active,N,214933
440332,Co-Permitee,SB,SLIC,2020-0015-DWQ,7A330104012,07/09/2020,,Active,N,214933
439951,NPDES Permit,7,NPDMUNILRG,R7-2020-0008,7A330104012,07/01/2020,06/30/2025,Historical,N,214933
400532,NPDES Permit,7,NPDMUNILRG,R7-2015-0003,7A330104012,06/01/2015,05/31/2020,Historical,N,214933
372759,NPDES Permit,7,NPDMUNILRG,R7-2010-0021,7A330104012,06/17/2010,06/16/2015,Historical,N,214933
261351,NPDES Permit,7,NPDMUNILRG,R7-2005-0083,7A330104012,06/29/2005,06/29/2010,Historical,N,214933
148257,NPDES Permit,7,NPDMUNILRG,R7-2000-0032,7A330104012,06/28/2000,06/28/2005,Historical,Y,214933
135840,NPDES Permit,7,NPDMUNILRG,94-073,7A330104012,11/15/1994,11/15/1999,Historical,N,214933
136106,NPDES Permit,7,NPDMUNILRG,89-004,7A330104012,06/28/1989,06/28/1994,Historical,N,214933
135392,NPDES Permit,7,NPDMUNILRG,84-009,7A330104012,01/18/1984,06/28/1989,Historical,N,214933
134565,NPDES Permit,7,NPDMUNILRG,79-009,7A330104012,01/17/1979,01/17/1984,Historical,N,214933
395782,Letter,5F,WDRMUNILRG,,,04/24/2014,,Historical,N,214957
153133,WDR,5F,WDRMUNILRG,R5-2013-0055,5C10NC00045,05/31/2013,05/31/2023,Active,N,214957
393296,Enrollee - WDR,5F,WDRMUNIENROTH,97-010-DWQ,5D540700003,05/12/2014,05/12/2029,Active,N,215073
145331,WDR,5F,WDRMUNIOTH,95-119,5D540700003,05/26/1995,05/22/2010,Historical,N,215073
425770,Individual Monitoring Requirem,1,WDRMUNIOTH,R1-2018-0039,1B80121OHUM,06/17/2021,06/17/2036,Active,N,215141
425769,Enrollee - WDR,1,WDRMUNIOTH,2014-0153-DWQ,1B80121OHUM,06/07/2018,06/06/2023,Active,N,215141
399908,NPDES Permit,1,NPDMUNIOTH,R1-2016-0041,1B80121OHUM,02/01/2017,01/31/2022,Historical,N,215141
373642,NPDES Permit,1,NPDMUNIOTH,R1-2010-0003,1B80121OHUM,09/01/2010,09/01/2015,Historical,N,215141
376236,13267 Letter (Non-Enforcement),1,NPDMUNIOTH,R1-2010-0078,1B80121OHUM,08/23/2010,,Historical,N,215141
131334,NPDES Permit,1,NPDMUNIOTH,R1-2002-0003,1B80121OHUM,01/24/2002,01/24/2011,Historical,N,215141
148798,NPDES Permit,1,NPDMUNIOTH,01-008,1B80121OHUM,01/26/2001,01/26/2006,Historical,N,215141
148674,NPDES Permit,1,NPDMUNIOTH,00-093,1B80121OHUM,11/29/2000,11/29/2005,Historical,N,215141
138068,NPDES Permit,1,NPDMUNIOTH,95-029,1B80121OHUM,04/27/1995,04/25/2000,Historical,N,215141
138618,NPDES Permit,1,NPDMUNIOTH,90-061,1B80121OHUM,04/25/1990,04/25/1995,Historical,N,215141
138162,NPDES Permit,1,NPDMUNIOTH,85-027,1B80121OHUM,03/27/1985,03/27/1990,Historical,N,215141
447828,NPDES Permit,5S,NPDMUNIOTH,R5-2022-0020,5A060101001,06/01/2022,05/31/2027,Active,N,215225
436481,Enrollee - WDR,5S,REC,2016-0068-DDW,5A06NC00020,12/28/2020,08/05/2026,Active,N,215225
409145,NPDES Permit,5S,NPDMUNIOTH,R5-2016-0062-02,5A060101001,11/01/2016,09/30/2021,Historical,Y,215225
365379,NPDES Permit,5S,NPDMUNIOTH,R5-2008-0184,5A060101001,01/24/2009,12/01/2013,Historical,N,215225
131923,NPDES Permit,5S,NPDMUNIOTH,R5-2002-0020,5A060101001,03/01/2002,03/01/2007,Historical,N,215225
146523,NPDES Permit,5S,NPDMUNIOTH,96-238,5A060101001,09/20/1996,09/01/2001,Historical,N,215225
140722,NPDES Permit,5S,NPDMUNIOTH,90-207,5A060101001,08/10/1990,08/01/1995,Historical,N,215225
139542,NPDES Permit,5S,NPDMUNIOTH,85-046,5A060101001,03/22/1985,04/01/1990,Historical,N,215225
464599,NPDES Permit,5S,NPDMUNILRG,R5-2026-0003,5A340114001,04/01/2026,03/31/2031,Active,N,215236
440651,NPDES Permit,5S,NPDMUNILRG,R5-2020-0039,5A340114001,10/01/2020,09/30/2025,Historical,N,215236
440450,Co-Permitee,SB,SLIC,2020-0015-DWQ,5A340114001,07/09/2020,,Active,N,215236
400866,NPDES Permit,5S,NPDMUNILRG,R5-2015-0045,5A340114001,06/01/2015,05/31/2020,Historical,N,215236
373190,NPDES Permit,5S,NPDMUNILRG,R5-2010-0004,5A340114001,03/19/2010,01/01/2015,Historical,N,215236
131159,NPDES Permit,5S,NPDMUNILRG,R5-2001-0258,5A340114001,12/07/2001,12/01/2006,Historical,N,215236
146179,NPDES Permit,5S,NPDMUNILRG,96-090,5A340114001,03/22/1996,03/01/2001,Historical,N,215236
140788,NPDES Permit,5S,NPDMUNILRG,90-315,5A340114001,11/02/1990,11/01/1995,Historical,N,215236
139805,NPDES Permit,5S,NPDMUNILRG,85-342,5A340114001,12/06/1985,12/01/1990,Historical,N,215236
139660,NPDES Permit,5S,NPDMUNILRG,82-077,5A340114001,06/25/1982,,Historical,N,215236
179193,Enrollee - WDR,1,WDRMUNIENROTH,97-010-DWQ,1B02084RMEN,07/15/2002,07/15/2017,Active,N,215515
455418,Enrollee - NPDES,5S,NPDMUNIOTH,R5-2023-0025,5A310101001,11/01/2023,10/31/2028,Active,N,215106
465416,Individual Monitoring Requirem,5S,WDRMUNIOTH,R5-2023-0809,5A310101001,11/01/2023,10/31/2028,Active,N,215106
421035,NPDES Permit,5S,NPDMUNIOTH,R5-2018-0012,5A310101001,06/01/2018,05/31/2023,Historical,N,215106
391270,NPDES Permit,5S,NPDMUNIOTH,R5-2013-0045,5A310101001,07/19/2013,07/01/2018,Historical,N,215106
339936,NPDES Permit,5S,NPDMUNIOTH,R5-2007-0130,5A310101001,12/14/2007,10/01/2012,Historical,Y,215106
148413,NPDES Permit,5S,NPDMUNIOTH,R5-2001-0180,5A310101001,06/14/2001,06/01/2006,Historical,N,215106
141349,NPDES Permit,5S,NPDMUNIOTH,95-058,5A310101001,03/24/1995,03/24/2000,Historical,N,215106
140449,NPDES Permit,5S,NPDMUNIOTH,90-166,5A310101001,06/22/1990,06/01/1995,Historical,N,215106
139601,NPDES Permit,5S,NPDMUNIOTH,85-141,5A310101001,05/31/1985,05/01/1990,Historical,N,215106
457271,NPDES Permit,2,NPDMUNILRG,R2-2024-0008,2 071107001,08/01/2024,07/31/2029,Active,N,215234
430648,Co-Permitee,2,NPDMUNILRG,R2-2024-0013,2 071107001,07/01/2019,09/30/2029,Active,N,215234
428795,NPDES Permit,2,NPDMUNILRG,R2-2019-0003,2 071107001,04/01/2019,03/31/2024,Historical,Y,215234
390243,NPDES Permit,2,NPDMUNILRG,R2-2013-0016,2 071107001,07/01/2013,06/30/2018,Historical,Y,215234
389165,Co-Permitee,2,NPDMUNILRG,R2-2017-0041,,01/01/2013,12/31/2017,Active,Y,215234
378837,Co-Permitee,2,NPDMUNILRG,R2-2011-0012,,04/01/2011,12/31/2012,Historical,N,215234
349718,NPDES Permit,2,NPDMUNILRG,R2-2008-0003,2 071037001,04/01/2008,03/31/2013,Historical,Y,215234
360540,Co-Permitee,2,NPDMUNILRG,R2-2007-0077,,03/01/2008,12/31/2012,Historical,N,215234
131140,NPDES Permit,2,NPDMUNILRG,R2-2001-0144,2 071107001,10/31/2001,11/28/2006,Historical,N,215234
143291,NPDES Permit,2,NPDMUNILRG,94-01401,2 071107001,01/19/1994,01/19/1999,Historical,Y,215234
258528,NPDES Permit,2,NPDESWW,88-071-01,2 071107001,05/18/1988,05/18/1993,Historical,N,215234
347494,NPDES Permit,2,NPDESWW,88-071,2 071107001,05/18/1988,05/18/1993,Never Active,N,215234
145582,NPDES Permit,2,NPDMUNILRG,82-065,2 071107001,12/15/1982,12/15/1987,Historical,N,215234
131771,WDR,5S,WDRMUNIOTH,R5-2003-0023,5A09NC00009,01/31/2003,01/31/2013,Active,N,215637
368769,WDR,5S,WDRMUNILRG,R5-2010-0070,5B050105001,05/27/2010,05/27/2020,Active,Y,215671
140421,WDR,5S,WDRMUNILRG,R5-2000-0136,5B050105001,06/16/2000,06/16/2010,Historical,N,215671
141767,WDR,5S,WDR,94-147,5B050105001,05/20/1994,05/17/2004,Historical,N,215671
139906,WDR,5S,WDR,87-167,5B050105001,09/25/1987,09/25/1992,Historical,N,215671
140086,WDR,5S,WDR,76-013,5B050105001,02/27/1976,,Historical,N,215671
379405,WDR,5F,WDRMUNILRG,R5-2014-0162,5D101129001,12/05/2014,12/05/2024,Active,N,215677
317924,WDR,5F,WDRMUNILRG,R5-2006-0090,5D101129001,09/22/2006,09/21/2011,Historical,N,215677
405851,WDR,5F,WDRMUNILRG,R5-2016-0027,5D160801001,04/21/2016,04/21/2026,Active,N,215698
145628,WDR,5F,WDRMUNILRG,95-267,5D160801001,12/08/1995,12/05/2005,Historical,N,215698
145177,WDR,5F,WDRMUNILRG,87-182,5D160801001,10/23/1987,10/20/1997,Historical,N,215698
447832,NPDES Permit,5R,NPDMUNILRG,R5-2022-0022,5A520100001,06/01/2022,05/31/2027,Active,N,215750
440440,Co-Permitee,SB,SLIC,2020-0015-DWQ,5A520100001,07/09/2020,,Active,N,215750
399898,NPDES Permit,5R,NPDMUNILRG,R5-2016-0047,5A520100001,08/01/2016,07/31/2021,Historical,N,215750
396749,Letter,5R,NPDMUNILRG,R5-2010-0080,5A520100001,05/06/2014,,Historical,N,215750
387912,Letter,5R,NPDESWW,,5A520100001,10/29/2012,10/29/2012,Historical,N,215750
387914,Letter,5R,NPDESWW,,5A520100001,10/29/2012,,Historical,N,215750
387913,Letter,5R,NPDESWW,,5A520100001,10/29/2012,,Historical,N,215750
386943,Letter,5R,NPDESWW,,5A520100001,08/13/2012,,Historical,N,215750
385431,Letter,5R,NPDESWW,,5A520100001,05/17/2012,05/17/2012,Historical,N,215750
377144,Letter,5R,NPDESWW,,,12/27/2010,,Historical,N,215750
367033,NPDES Permit,5R,NPDMUNILRG,R5-2010-0080,5A520100001,07/29/2010,07/01/2015,Historical,N,215750
133094,NPDES Permit,5R,NPDMUNILRG,R5-2004-0153,5A520100001,10/15/2004,10/01/2009,Historical,N,215750
135078,NPDES Permit,5R,NPDMUNILRG,98-234,5A520100001,12/11/1998,12/01/2003,Historical,N,215750
135232,NPDES Permit,5R,NPDMUNILRG,93-251,5A520100001,12/03/1993,12/03/1998,Historical,N,215750
134018,NPDES Permit,5R,NPDMUNILRG,92-086,5A520100001,04/24/1992,04/24/1997,Historical,N,215750
133630,NPDES Permit,5R,NPDMUNILRG,90-102,5A520100001,04/27/1990,04/27/1995,Historical,N,215750
134147,NPDES Permit,5R,NPDMUNILRG,86-219,5A520100001,12/12/1986,12/01/1991,Historical,N,215750
133218,NPDES Permit,5R,NPDMUNILRG,83-069,5A520100001,06/24/1983,12/12/1986,Historical,N,215750
133066,NPDES Permit,5R,NPDMUNILRG,79-182,5A520100001,07/27/1979,06/24/1983,Historical,N,215750
445663,NPDES Permit,5R,NPDMUNIOTH,R5-2024-0026,5A450001005,06/01/2024,05/31/2029,Active,N,215903
400033,NPDES Permit,5R,NPDMUNIOTH,R5-2016-0066,5A450001005,10/01/2016,09/30/2021,Historical,N,215903
403612,Letter,5R,NPDMUNIOTH,R5-2010-0044,5A450001005,11/04/2015,,Historical,N,215903
396882,Letter,5R,NPDMUNIOTH,,5A450001005,06/05/2014,,Historical,N,215903
374786,NPDES Permit,5R,NPDMUNIOTH,R5-2010-0044,5A450001005,07/16/2010,05/01/2015,Historical,N,215903
354324,NPDES Permit,5R,NPDMUNIOTH,R5-2005-0037,5A450001005,03/17/2005,03/01/2010,Historical,N,215903
135077,NPDES Permit,5R,NPDMUNIOTH,R5-1998-0233,5A450001005,12/11/1998,12/01/2003,Historical,N,215903
135224,NPDES Permit,5R,NPDMUNIOTH,93-220,5A450001005,10/22/1993,10/22/1998,Historical,N,215903
134863,NPDES Permit,5R,NPDMUNIOTH,88-199,5A450001005,12/09/1988,12/09/1993,Historical,N,215903
133414,NPDES Permit,5R,NPDMUNIOTH,84-012,5A450001005,01/20/1984,01/20/1989,Historical,N,215903
453490,Enrollee - WDR,5F,WDRMUNIOTH,2014-0153-DWQ,5C220101001,03/16/2023,09/23/2029,Active,N,215910
148058,WDR,5F,WDRMUNIOTH,00-193,5C220101001,08/04/2000,08/04/2010,Historical,N,215910
144605,WDR,5F,WDRMUNIOTH,85-256,5C220101001,09/27/1985,09/25/1995,Historical,N,215910
144246,WDR,5F,WDRMUNIOTH,77-240,5C220101001,09/25/1977,,Historical,N,215910
463431,Enrollee - WDR,3,WDRMUNILRG,2014-0153-DWQ,3 401039001,11/20/2025,09/23/2029,Active,N,215915
132350,WDR,3,WDRMUNILRG,2003-0004,3 401039001,10/24/2003,10/24/2018,Historical,N,215915
147299,WDR,3,WDRMUNILRG,99-018,3 401039001,04/09/1999,04/05/2014,Historical,N,215915
143983,WDR,3,WDRMUNILRG,87-053A2,3 401039001,03/18/1991,04/10/1997,Historical,N,215915
143982,WDR,3,WDRMUNILRG,87-053A1,3 401039001,04/22/1988,04/10/1997,Historical,N,215915
143981,WDR,3,WDRMUNILRG,87-053,3 401039001,04/10/1987,04/10/1997,Historical,N,215915
440377,Co-Permitee,SB,SLIC,2020-0015-DWQ,9 000000929,07/09/2020,,Active,N,213270
425154,NPDES Permit,9,NPDMUNILRG,R9-2018-0059,9 000000030,11/01/2018,10/31/2023,Active,N,213270
408361,WDR,9,WDRMUNILRG,R9-2016-0183,9 000000929,12/14/2016,12/14/2026,Active,N,213270
406772,Enrollee - Waiver,9,REC,R9-2014-0041W2,9 000000929,08/05/2016,08/04/2017,Historical,N,213270
401752,Enrollee - WDR,9,REC,2016-0068-DDW,9 000000929,09/30/2015,08/05/2026,Historical,N,213270
378933,NPDES Permit,9,NPDMUNILRG,R9-2011-0019,,06/02/2011,06/01/2016,Historical,Y,213270
131880,WDR,9,WDRMUNILRG,R9-2001-0352,9 000000929,12/12/2001,12/12/2017,Historical,Y,213270
454742,NPDES Permit,7,NPDMUNIOTH,R7-2023-0041,7A131001011,11/01/2023,10/30/2028,Active,N,215925
421718,NPDES Permit,7,NPDMUNIOTH,R7-2018-0010,7A131001011,06/01/2018,05/31/2023,Historical,N,215925
388532,NPDES Permit,7,NPDMUNIOTH,R7-2013-0008,7A131001011,06/01/2013,05/31/2018,Historical,N,215925
370713,Amendment,7,NPDMUNIOTH,R7-2009-0046,7A131001011,05/21/2009,,Historical,N,215925
348181,NPDES Permit,7,NPDMUNIOTH,R7-2008-0011,7A131001011,06/25/2008,06/24/2013,Historical,N,215925
132400,NPDES Permit,7,NPDMUNIOTH,R7-2003-0053,7A131001011,05/07/2003,05/07/2008,Historical,Y,215925
137221,NPDES Permit,7,NPDMUNIOTH,97-114,7A131001011,11/05/1997,11/04/2002,Historical,N,215925
135615,NPDES Permit,7,NPDMUNIOTH,92-016,7A131001011,03/11/1992,03/11/1997,Historical,N,215925
135699,NPDES Permit,7,NPDMUNIOTH,87-006,7A131001011,01/21/1987,03/30/1992,Historical,N,215925
134785,NPDES Permit,7,NPDMUNIOTH,82-005,7A131001011,03/24/1982,03/24/1987,Historical,N,215925
459155,Letter,1,NPDMUNIOTH,R1-2023-0006,1B83009OMEN,10/10/2024,,Active,N,215966
453119,NPDES Permit,1,NPDMUNIOTH,R1-2023-0006,1B83009OMEN,08/01/2023,07/31/2028,Active,N,215966
403824,NPDES Permit,1,NPDMUNIOTH,R1-2017-0004,1B83009OMEN,03/01/2017,02/28/2022,Historical,N,215966
372322,NPDES Permit,1,NPDMUNIOTH,R1-2011-0001,1B83009OMEN,07/01/2011,06/30/2016,Historical,N,215966
147226,NPDES Permit,1,NPDMUNIOTH,R1-2006-0007,1B83009OMEN,03/08/2006,03/07/2011,Historical,N,215966
260936,Letter,1,NPDESWW,002,,01/17/2003,01/17/2004,Historical,N,215966
260613,Letter,1,NPDESWW,001,,04/27/2001,,Historical,N,215966
137956,NPDES Permit,1,NPDMUNIOTH,93-002,1B83009OMEN,01/28/1993,01/28/1998,Historical,N,215966
137604,NPDES Permit,1,NPDMUNIOTH,88-001,1B83009OMEN,01/28/1988,01/28/1993,Historical,N,215966
136984,NPDES Permit,1,NPDMUNIOTH,83-009,1B83009OMEN,02/24/1983,02/24/1988,Historical,N,215966
410773,Enrollee - WDR,5R,WDRMUNIOTH,2014-0153-DWQ,5A321020001,12/06/2016,12/01/2031,Active,N,216087
134399,WDR,5R,WDRMUNIOTH,93-002,5A321020001,01/29/1993,01/29/2008,Historical,N,216087
146499,WDR,6V,WDRMUNILRG,94-057,6B360106001,05/19/1994,05/19/2004,Active,N,216135
145800,Reclamation Requirements,6V,WDRMUNILRG,85-025,6B360106001,03/15/1985,03/15/1988,Historical,N,216135
147896,Reclamation Requirements,6V,REC,80-022,6B360106001,03/13/1980,03/13/1983,Historical,N,216135
147866,WDR,6V,WDRMUNILRG,77-067,6B360106001,06/30/1977,06/30/1980,Historical,N,216135
147334,WDR,6V,WDRMUNILRG,72-029,6B360106001,05/11/1972,05/11/1975,Historical,N,216135
402306,Enrollee - WDR,5R,WDRMUNIOTH,2014-0153-DWQ,5A321001001,06/14/2015,08/01/2031,Active,N,216157
134146,WDR,5R,WDRMUNIOTH,86-206,5A321001001,10/24/1986,10/24/2011,Historical,Y,216157
146590,WDR,5R,WDRMUNIOTH,68-080,5A321001001,02/09/1968,02/09/1978,Historical,N,216157
140989,WDR,5S,WDRMUNILRG,94-264,5B391008002,09/16/1994,09/13/2004,Active,N,216283
138992,WDR,5S,WDR,79-015,5B391008002,01/26/1979,01/01/1993,Historical,N,216283
148826,WDR,5S,WDRMUNILRG,5-01-033,5B031010001,01/26/2001,01/26/2011,Active,Y,216284
140211,Reclamation Requirements,5S,REC,87-075,5B031010001,04/24/1987,04/24/1997,Historical,N,216284
138887,Reclamation Requirements,5S,REC,71-125,5B031010001,11/23/1970,,Historical,N,216284
415860,Enrollee - WDR,5S,WDRMUNIENROTH,2014-0153-DWQ,5B39NC00240,04/20/2018,09/23/2029,Active,N,216287
148824,WDR,5S,WDRMUNILRG,00-226,5B39NC00005,10/27/2000,10/27/2010,Historical,N,216287
142268,WDR,2,WDRMUNIOTH,R2-1998-0064,2 283114001,07/15/1998,07/15/2008,Active,N,216322
260439,Letter,3,NPDESWW,10-29-98,,,11/12/2003,Historical,N,216428
416410,Enrollee - WDR,3,WDRMUNIOTH,2014-0153-DWQ,3 421003001,09/20/2017,09/19/2027,Active,N,216428
367007,NPDES Permit,3,NPDMUNIOTH,R3-2007-0020(reports)-ARCHIVED,3 421003001,05/11/2007,05/11/2012,Archived,N,216428
364359,NPDES Permit,3,NPDMUNIOTH,R3-2007-0020,3 421003001,05/11/2007,05/11/2012,Historical,N,216428
327577,NPDES Permit,3,NPDMUNIOTH,R3-2007-0020(reports)-ARCHIVED,3 421003001,05/11/2007,05/11/2012,Superceded,N,216428
131710,NPDES Permit,3,NPDMUNIOTH,R3-2002-0052-ARCHIVED,3 421003001,05/31/2002,05/31/2007,Archived,N,216428
311349,NPDES Permit,3,NPDMUNIOTH,R3-2002-0052,3 421003001,05/31/2002,05/31/2007,Historical,N,216428
146661,NPDES Permit,3,NPDMUNIOTH,93-085,3 421003001,11/12/1993,11/12/1998,Historical,Y,216428
143784,NPDES Permit,3,NPDMUNIOTH,88-152,3 421003001,11/18/1988,11/18/1993,Historical,N,216428
143246,NPDES Permit,3,NPDMUNIOTH,83-072,3 421003001,11/18/1983,11/18/1988,Historical,N,216428
455297,NPDES Permit,1,NPDMUNILRG,R1-2023-0039,1A84006ODN,02/01/2024,01/31/2029,Active,N,216106
440249,Co-Permitee,SB,SLIC,2020-0015-DWQ,1A84006ODN,07/09/2020,,Active,N,216106
404228,NPDES Permit,1,NPDMUNILRG,R1-2017-0002,1A84006ODN,04/01/2017,03/31/2022,Historical,N,216106
375275,NPDES Permit,1,NPDMUNILRG,R1-2011-0019,1A84006ODN,06/30/2011,06/29/2016,Historical,N,216106
316384,NPDES Permit,1,NPDMUNILRG,R1-2006-0001,1A84006ODN,01/25/2006,01/24/2011,Historical,N,216106
261024,Letter,1,NPDESWW,050703 1,1A84006ODN,05/07/2003,,Historical,N,216106
147613,NPDES Permit,1,NPDMUNILRG,R1-2000-0071,1A84006ODN,09/22/2000,09/22/2005,Historical,N,216106
138334,NPDES Permit,1,NPDMUNILRG,94-060,1A84006ODN,06/23/1994,06/23/1999,Historical,N,216106
137844,NPDES Permit,1,NPDMUNILRG,89-004,1A84006ODN,01/26/1989,01/26/1994,Historical,N,216106
138161,NPDES Permit,1,NPDMUNILRG,85-026,1A84006ODN,03/27/1985,01/19/1989,Historical,N,216106
137455,NPDES Permit,1,NPDMUNILRG,84-006,1A84006ODN,01/19/1984,01/19/1989,Historical,N,216106
452383,NPDES Permit,7,NPDMUNILRG,R7-2023-0013,7A330105091,05/01/2023,04/30/2028,Active,N,216446
440326,Co-Permitee,SB,SLIC,2020-0015-DWQ,7A330105091,07/09/2020,,Active,N,216446
413411,NPDES Permit,7,NPDMUNILRG,R7-2017-0006,7A330105091,06/01/2017,05/31/2022,Historical,N,216446
382299,NPDES Permit,7,NPDMUNILRG,R7-2012-0008,7A330105091,06/01/2012,05/31/2017,Historical,N,216446
333577,NPDES Permit,7,NPDMUNILRG,R7-2007-0001,7A330105091,05/16/2007,05/16/2012,Historical,N,216446
147549,NPDES Permit,7,NPDMUNILRG,R7-2000-0014,7A330105091,05/10/2000,05/10/2005,Historical,N,216446
136176,NPDES Permit,7,NPDMUNILRG,95-026,7A330105091,05/24/1995,05/22/2000,Historical,N,216446
136836,NPDES Permit,7,NPDMUNILRG,90-024,7A330105091,03/14/1990,03/14/1995,Historical,N,216446
135502,NPDES Permit,7,NPDMUNILRG,85-067,7A330105091,11/20/1985,11/20/1990,Historical,N,216446
454595,Enrollee - WDR,3,WDRMUNIOTH,2014-0153-DWQ,3 401076001,09/29/2023,09/23/2029,Active,N,216491
147257,WDR,3,WDRMUNIOTH,97-066,3 401076001,12/05/1997,12/03/2007,Historical,N,216491
131387,WDR,2,WDRMUNIOTH,01-043,2 019425001,04/18/2001,04/18/2011,Active,N,216797
259331,Letter,4,WDR,1,,,,Historical,N,216719
440310,Co-Permitee,SB,SLIC,2020-0015-DWQ,4A560100001,07/09/2020,,Active,N,216719
428243,NPDES Permit,4,NPDMUNILRG,R4-2019-0136,4A560100001,01/01/2020,12/31/2024,Active,N,216719
379804,NPDES Permit,4,NPDMUNILRG,R4-2014-0062,4A560100001,07/01/2014,06/30/2019,Historical,Y,216719
393691,Reclamation Requirements,4,REC,R4-2013-0140,4A560100002,09/12/2013,09/12/2018,Active,N,216719
299053,Enrollee,4,NPDNONMUNIPRCS,R4-2003-0111,4A567500187,12/21/2005,08/07/2008,Historical,N,216719
132640,NPDES Permit,4,NPDMUNILRG,R4-2003-0079,4A560100001,07/25/2003,01/01/2011,Historical,Y,216719
136027,NPDES Permit,4,NPDMUNILRG,96-042,4A560100001,06/10/1996,05/10/2001,Historical,Y,216719
134521,NPDES Permit,4,NPDMUNILRG,90-057,4A560100001,05/21/1990,08/10/1994,Historical,N,216719
133898,Reclamation Requirements,4,REC,87-132,4A560100002,09/28/1987,12/31/2012,Historical,N,216719
134362,NPDES Permit,4,NPDMUNILRG,84-09801,4A560100001,10/22/1984,08/10/1989,Historical,N,216719
133994,NPDES Permit,4,NPDMUNILRG,84-073,4A560100001,09/17/1984,09/10/1989,Historical,N,216719
134844,NPDES Permit,4,NPDMUNILRG,82-009,4A560100001,01/25/1982,01/10/1987,Historical,N,216719
134177,NPDES Permit,4,NPDMUNILRG,80-03301,4A560100001,07/28/1980,07/10/1985,Historical,N,216719
134123,Reclamation Requirements,4,REC,79-159,4A560100002,10/22/1979,10/22/1982,Historical,N,216719
133677,NPDES Permit,4,NPDMUNILRG,78-062,4A560100001,05/22/1978,05/10/1983,Historical,N,216719
436958,NPDES Permit,4,NPDMUNILRG,R4-2020-0078,4A560106003,08/01/2020,,Historical,N,216832
440292,Co-Permitee,SB,SLIC,2020-0015-DWQ,4A560106003,07/09/2020,,Active,N,216832
434355,Reclamation Requirements,4,REC,R4-2019-0118,4A560106001,10/10/2019,10/10/2029,Active,N,216832
400018,Reclamation Requirements,4,REC,R4-2015-0030,4A560106001,02/12/2015,02/12/2025,Historical,N,216832
395318,NPDES Permit,4,NPDMUNILRG,R4-2014-0210,4A560106003,01/01/2015,12/31/2019,Historical,Y,216832
132599,NPDES Permit,4,NPDMUNILRG,R4-2003-0156,4A560106003,01/23/2004,11/10/2008,Historical,N,216832
146052,NPDES Permit,4,NPDMUNILRG,00-009,4A560106003,01/26/2000,12/10/2003,Historical,N,216832
136263,Reclamation Requirements,4,REC,95-059,4A560106001,05/15/1995,12/31/2011,Historical,Y,216832
134958,NPDES Permit,4,NPDMUNILRG,93-053,4A560106003,09/27/1993,08/10/1998,Historical,Y,216832
133835,Reclamation Requirements,4,REC,87-068,4A560106001,05/18/1987,05/18/1990,Historical,N,216832
133813,NPDES Permit,4,NPDMUNILRG,87-029,4A560106003,03/23/1987,03/10/1992,Historical,N,216832
134201,Reclamation Requirements,4,REC,81-006,4A560106001,02/23/1981,02/23/1984,Historical,N,216832
454510,NPDES Permit,4,NPDNONMUNIPRCS,R4-2024-0146,4B190137004,04/01/2024,03/31/2029,Active,N,217061
420096,NPDES Permit,4,NPDNONMUNIPRCS,R4-2018-0090,4B190137004,09/01/2018,08/31/2023,Historical,N,217061
388868,NPDES Permit,4,NPDNONMUNIPRCS,R4-2013-0046,4B190137004,04/26/2013,02/10/2018,Historical,N,217061
319249,NPDES Permit,4,NPDNONMUNIPRCS,R4-2007-0001,4B190137004,02/10/2007,12/11/2011,Historical,N,217061
136852,NPDES Permit,4,NPDESWW,99-014,4B190137004,04/22/1999,04/10/2000,Historical,N,217061
453054,NPDES Permit,2,NPDMUNILRG,R2-2023-0008,2 071032001,08/01/2023,07/31/2028,Active,N,217831
430631,Co-Permitee,2,NPDMUNILRG,R2-2024-0013,2 071032001,07/01/2019,09/30/2029,Active,N,217831
419500,NPDES Permit,2,NPDMUNILRG,R2-2018-0004,2 071032001,04/01/2018,03/31/2023,Historical,Y,217831
400238,13267 Letter (Non-Enforcement),2,NPDMUNILRG,,,02/27/2014,,Historical,N,217831
389103,Co-Permitee,2,NPDMUNILRG,R2-2017-0041,2 071032001,01/01/2013,12/31/2017,Active,Y,217831
386902,NPDES Permit,2,NPDMUNILRG,R2-2012-0059,2 071032001,10/01/2012,09/30/2017,Historical,Y,217831
378818,Co-Permitee,2,NPDMUNILRG,R2-2011-0012,2 071032001,04/01/2011,12/31/2012,Historical,N,217831
360522,Co-Permitee,2,NPDMUNILRG,R2-2007-0077,2 071032001,03/01/2008,12/31/2012,Historical,N,217831
322570,NPDES Permit,2,NPDMUNILRG,R2-2007-0024,2 071032001,06/01/2007,09/30/2012,Historical,Y,217831
148454,NPDES Permit,2,NPDMUNILRG,R2-2001-0106,2 071032001,09/19/2001,09/19/2006,Historical,N,217831
143342,NPDES Permit,2,NPDMUNILRG,94-111,2 071032001,09/21/1994,09/21/1999,Historical,N,217831
141601,NPDES Permit,2,NPDMUNILRG,89-117,2 071032001,07/19/1989,07/19/1994,Historical,N,217831
145986,NPDES Permit,2,NPDMUNILRG,84-040,2 071032001,07/18/1984,07/18/1989,Historical,N,217831
455499,NPDES Permit,7,NPDMUNIOTH,R7-2023-0046,7A131057011,12/26/2023,11/30/2028,Active,N,219146
425485,NPDES Permit,7,NPDMUNIOTH,R7-2018-0009,7A131057011,10/01/2018,09/30/2023,Historical,N,219146
388674,NPDES Permit,7,NPDMUNIOTH,R7-2013-0009,7A131057011,06/01/2013,05/31/2018,Historical,N,219146
348180,NPDES Permit,7,NPDMUNIOTH,R7-2008-0010,7A131057011,06/25/2008,06/24/2013,Historical,N,219146
132401,NPDES Permit,7,NPDMUNIOTH,R7-2003-0054,7A131057011,05/07/2003,05/07/2008,Historical,N,219146
137220,NPDES Permit,7,NPDMUNIOTH,97-113,7A131057011,11/05/1997,11/04/2002,Historical,N,219146
135616,NPDES Permit,7,NPDMUNIOTH,92-017,7A131057011,03/11/1992,03/11/1997,Historical,N,219146
136274,NPDES Permit,7,NPDMUNIOTH,86-024,7A131057011,03/19/1986,03/30/1992,Historical,N,219146
134748,NPDES Permit,7,NPDMUNIOTH,81-063,7A131057011,07/08/1981,07/08/1986,Historical,N,219146
449679,WDR,5S,WDRMUNILRG,2014-0153-DWQ,5A570112001,10/25/2022,10/25/2037,Active,N,219219
148817,WDR,5S,WDRMUNILRG,5-01-030,5A570112001,01/26/2001,01/26/2016,Historical,N,219219
139140,WDR,5S,WDR,85-010,5A570112001,01/25/1985,01/22/2000,Historical,N,219219
431017,WDR,3,WDRMUNIOTH,R3-2019-0008,3 440813511,05/17/2019,05/17/2034,Active,N,219169
146985,WDR,3,WDRMUNIOTH,95-027,3 440813511,04/14/1995,04/10/2010,Historical,N,219169
143191,WDR,3,WDRMUNIOTH,83-028,3 440108002,07/15/1983,07/11/1998,Historical,N,219169
462599,Enrollee - WDR,5S,REC,2016-0068-DDW,5A57NC00070,09/22/2025,,Active,N,219223
461835,NPDES Permit,5S,NPDMUNILRG,R5-2025-0026,5A570100001,08/01/2025,07/31/2030,Active,N,219223
440451,Co-Permitee,SB,SLIC,2020-0015-DWQ,5A570100001,07/09/2020,,Active,N,219223
428211,NPDES Permit,5S,NPDMUNILRG,R5-2018-0086,5A570100001,02/01/2019,01/31/2024,Historical,N,219223
393808,NPDES Permit,5S,NPDMUNILRG,R5-2013-0127,5A570100001,11/23/2013,11/01/2018,Historical,Y,219223
339942,NPDES Permit,5S,NPDMUNILRG,R5-2007-0132,5A570100001,12/14/2007,10/01/2012,Historical,N,219223
365996,NPDES Permit,5S,NPDMUNILRG,R5-2007-0132-01,5A570100001,12/14/2007,10/01/2012,Historical,Y,219223
148419,NPDES Permit,5S,NPDMUNILRG,R5-2001-0067,5A570100001,03/16/2001,03/15/2006,Historical,N,219223
147075,NPDES Permit,5S,NPDMUNILRG,99-014,5A570100001,04/29/1999,10/01/2000,Historical,N,219223
145905,NPDES Permit,5S,NPDMUNILRG,95-235,5A570100001,10/27/1995,10/01/2000,Historical,N,219223
141438,NPDES Permit,5S,NPDMUNILRG,90-002,5A570100001,01/26/1990,01/01/1995,Historical,N,219223
139786,NPDES Permit,5S,NPDMUNILRG,85-278,5A570100001,10/25/1985,10/01/1990,Historical,N,219223
139465,NPDES Permit,5S,NPDMUNILRG,80-113,5A570100001,09/12/1980,,Historical,N,219223
146219,WDR,5S,WDRMUNILRG,96-122,5B390701004,05/03/1996,05/02/2011,Active,N,219280
141395,WDR,5S,WDRMUNILRG,89-209,5B390701004,10/27/1989,10/25/1999,Historical,N,219280
138818,WDR,5S,WDRMUNILRG,63-216,5B390701004,10/17/1963,03/31/1987,Historical,N,219280
146006,WDR,5F,WDRMUNIOTH,99-107,5D541041001,07/28/1999,07/24/2014,Active,N,219395
144094,WDR,5F,WDRMUNIOTH,89-161,5D541041001,09/22/1989,09/18/2004,Historical,N,219395
440468,Co-Permitee,SB,SLIC,2020-0015-DWQ,5B090102001,07/09/2020,,Active,N,219398
433255,Enrollee - NPDES,5S,NPDMUNILRG,R5-2023-0025,5B090102001,09/01/2019,09/30/2029,Active,N,219398
412049,Resolution,5S,NPDMUNIOTH,R5-2017-0013,,02/24/2017,,Historical,N,219398
396979,NPDES Permit,5S,NPDMUNILRG,R5-2014-0081,5B090102001,08/01/2014,07/31/2019,Historical,Y,219398
361703,NPDES Permit,5S,NPDMUNILRG,R5-2008-0173,5B090102001,01/23/2009,12/01/2013,Historical,Y,219398
131769,NPDES Permit,5S,NPDMUNILRG,R5-2002-0210,5B090102001,12/06/2002,12/06/2007,Historical,Y,219398
147133,NPDES Permit,5S,NPDMUNILRG,99-130,5B090102001,09/17/1999,09/19/2002,Historical,N,219398
146889,NPDES Permit,5S,NPDMUNILRG,97-211,5B090102001,07/24/1998,09/19/2002,Historical,N,219398
140540,NPDES Permit,5S,NPDMUNILRG,92-140,5B090102001,06/26/1992,06/01/1997,Historical,N,219398
140189,NPDES Permit,5S,NPDMUNILRG,86-223,5B090102001,12/12/1986,12/01/1991,Historical,N,219398
140094,NPDES Permit,5S,NPDMUNILRG,76-109,5B090102001,05/28/1976,06/30/1987,Historical,N,219398
466032,13267 Letter (Non-Enforcement),5S,WDRMUNIENROTH,R5-2026-0032-NRP4-04,5B50NC00001,07/21/2026,,Active,N,219497
194858,Enrollee - WDR,5S,WDRMUNIENROTH,97-010-DWQ,5B50NC00001,12/23/1999,12/22/2004,Active,N,219497
171904,Unregulated,2,AGT,,2 01AGT481U,,,Never Active,N,219502
141872,WDR,2,WDRMUNIOTH,90-157,2 019117001,12/12/1990,06/15/2025,Active,N,219502
145729,WDR,2,WDRMUNIOTH,73-008,2 019117001,02/27/1973,02/27/1990,Historical,N,219502
463061,Enrollee - WDR,5F,WDRMUNIOTH,2014-0153-DWQ,5D540136004,10/10/2025,09/23/2029,Active,N,219515
144016,WDR,5F,WDRMUNIOTH,88-097,5D540136004,06/24/1988,06/22/1998,Historical,N,219515
415168,Enrollee - WDR,5S,WDRMUNIOTH,2014-0153-DWQ,5A480800001,08/07/2017,09/23/2029,Active,N,219551
139972,WDR,5S,WDRMUNIOTH,R5-1988-0030,5A480800001,02/26/1988,02/22/2003,Historical,N,219551
162914,Unregulated,2,PTPRG,,2 071013001,,,Never Active,N,219552
464069,NPDES Permit,2,NPDMUNILRG,R2-2026-0004,2 071013001,04/01/2026,03/31/2031,Active,N,219552
459245,Enrollee - WRR,2,REC,2016-0068-DDW,2 071013002,06/24/2022,08/05/2032,Active,N,219552
435913,NPDES Permit,2,NPDMUNILRG,R2-2019-0035,2 071013001,02/01/2020,01/31/2025,Historical,Y,219552
430613,Co-Permitee,2,NPDMUNILRG,R2-2024-0013,2 071013001,07/01/2019,09/30/2029,Active,N,219552
397694,NPDES Permit,2,NPDMUNILRG,R2-2014-0030,2 071013001,10/01/2014,01/31/2020,Historical,N,219552
389137,Co-Permitee,2,NPDMUNILRG,R2-2017-0041,2 071013001,01/01/2013,12/31/2017,Active,Y,219552
378798,Co-Permitee,2,NPDMUNILRG,R2-2011-0012,2 071013001,04/01/2011,12/31/2012,Historical,N,219552
365245,NPDES Permit,2,NPDMUNILRG,R2-2009-0018,2 071013001,05/01/2009,04/30/2014,Historical,Y,219552
360496,Co-Permitee,2,NPDMUNILRG,R2-2007-0077,2 071013001,03/01/2008,12/31/2012,Historical,N,219552
362348,NPDES Permit,2,NPDMUNILRG,R2-2003-0114,2 071013001,02/01/2004,02/01/2004,Never Active,N,219552
132603,NPDES Permit,2,NPDMUNILRG,R2-2003-0114,2 071013001,02/01/2004,01/01/2009,Historical,Y,219552
362353,NPDES Permit,2,NPDMUNILRG,R2-2003-0114,2 071013001,02/01/2004,02/01/2004,Never Active,N,219552
349731,Enrollee - WRR,2,REC,,2 071013002,06/19/2000,,Historical,N,219552
142783,NPDES Permit,2,NPDMUNILRG,93-142,2 071013001,11/19/1993,11/19/1998,Historical,Y,219552
141514,NPDES Permit,2,NPDMUNILRG,88-030,2 071013001,03/16/1988,03/16/1993,Historical,Y,219552
145597,NPDES Permit,2,NPDMUNILRG,83-015,2 071013001,06/23/1983,06/23/1988,Historical,Y,219552
148480,WDR,6V,WDRMUNILRG,01-055,6B150103001,10/10/2001,10/10/2016,Active,N,219661
147201,WDR,6V,WDRMUNILRG,84-032,6B150103001,03/08/1984,03/08/1999,Historical,N,219661
147371,WDR,6V,WDRMUNILRG,74-095,6B150103001,09/20/1974,09/20/1984,Historical,N,219661
147360,WDR,6V,WDRMUNILRG,73-041,6B150103001,05/24/1973,05/24/1983,Historical,N,219661
395086,WDR,7,WDRMUNILRG,R7-2014-0048,7A330109021,06/26/2014,06/26/2024,Active,N,219649
148145,WDR,7,WDRMUNILRG,01-019,7A330109021,05/09/2001,05/09/2011,Historical,N,219649
136187,WDR,7,WDRMUNILRG,95-050,7A330109021,06/28/1995,06/25/2005,Historical,Y,219649
135093,WDR,7,WDRMUNILRG,90-031,7A330109021,03/14/1990,03/11/2000,Historical,N,219649
135449,WDR,7,WDRMUNILRG,85-028,7A330109021,03/13/1985,05/30/1990,Historical,Y,219649
134567,WDR,7,WDRMUNILRG,79-036,7A330109021,03/14/1979,03/14/1984,Historical,N,219649
143444,WDR,5F,WDRMUNIOTH,73-189,5C200700001,04/27/1973,04/23/1988,Active,N,219738
433307,NPDES Permit,5R,NPDMUNIOTH,R5-2019-0052,5A321010001,08/01/2019,07/31/2024,Active,Y,219530
395652,Letter,5R,NPDMUNIOTH,R5-2012-0046,5A321010001,02/21/2014,,Historical,N,219530
385642,NPDES Permit,5R,NPDMUNIOTH,R5-2012-0046,5A321010001,06/08/2012,06/01/2017,Historical,N,219530
323249,NPDES Permit,5R,NPDMUNIOTH,R5-2007-0019,5A321010001,05/05/2007,05/01/2012,Historical,Y,219530
148744,NPDES Permit,5R,NPDMUNIOTH,R5-2000-0256,5A321010001,12/08/2000,12/01/2005,Historical,N,219530
133811,NPDES Permit,5R,NPDMUNIOTH,95-216,5A321010001,09/22/1995,09/01/2000,Historical,N,219530
133908,NPDES Permit,5R,NPDMUNIOTH,90-246,5A321010001,09/28/1990,09/28/1995,Historical,N,219530
133726,NPDES Permit,5R,NPDMUNIOTH,85-286,5A321010001,10/25/1985,10/01/1990,Historical,N,219530
461436,WDR,7,WDRMUNILRG,R7-2025-0016,7A130110031,06/03/2025,06/03/2040,Active,N,219671
399457,WDR,7,WDRMUNILRG,R7-2014-0007,7A130110031,09/18/2014,09/18/2024,Historical,N,219671
136343,WDR,7,WDRMUNILRG,98-008,7A130110031,03/12/1998,03/09/2008,Historical,N,219671
135142,WDR,7,WDRMUNILRG,90-073,7A130110031,11/28/1990,11/25/2000,Historical,Y,219671
135548,WDR,7,WDRMUNILRG,85-107,7A130110031,11/20/1985,11/30/1990,Historical,Y,219671
134733,WDR,7,WDRMUNILRG,80-078,7A130110031,09/24/1980,03/30/1986,Historical,N,219671
423517,Enrollee - WDR,5F,WDRMUNIOTH,2014-0153-DWQ,5C201011001,07/18/2018,07/18/2033,Active,N,220279
143814,WDR,5F,WDRMUNIOTH,82-070,5C201011001,06/25/1982,06/22/1992,Historical,N,220279
461159,Enrollee - NPDES,5S,NPDNONMUNIPRCS,R5-2022-0006-03,5B390100001,02/24/2025,03/31/2027,Active,N,219701
443873,Letter,5S,NPDMUNIOTH,,5B390100001,06/18/2021,,Historical,N,219701
432991,NPDES Permit,5S,NPDMUNIOTH,R5-2019-0047,5B390100001,08/01/2019,07/31/2024,Historical,N,219701
408370,Enrollee - WDR,5S,UST,R5-2015-0012,5B39UT00001,08/18/2017,02/05/2030,Historical,N,219701
394937,NPDES Permit,5S,NPDMUNIOTH,R5-2014-0014,5B390100001,03/29/2014,03/01/2019,Historical,Y,219701
354998,NPDES Permit,5S,NPDMUNIOTH,R5-2008-0164,5B390100001,12/13/2008,10/01/2013,Historical,N,219701
132870,NPDES Permit,5S,NPDMUNIOTH,R5-2003-0065,5B390100001,04/25/2003,04/01/2008,Historical,Y,219701
141790,NPDES Permit,5S,NPDMUNIOTH,94-212,5B390100001,08/05/1994,08/01/1999,Historical,N,219701
139903,NPDES Permit,5S,NPDMUNIOTH,87-162,5B390100001,09/25/1987,09/01/1992,Historical,N,219701
139359,NPDES Permit,5S,NPDMUNIOTH,74-272,5B390100001,04/26/1974,,Historical,N,219701
452525,13267 Letter (Non-Enforcement),5F,WDRMUNIENROTH,,5C551013001,04/05/2023,,Active,N,220429
379434,Enrollee - WDR,5F,WDRMUNIENROTH,97-010-DWQ,5C551013001,06/15/2011,06/15/2026,Active,N,220429
141436,WDR,5F,WDRMUNIOTH,89-248,5C551013001,12/08/1989,12/04/2004,Historical,N,220429
138822,WDR,5S,WDRMUNIOTH,65-007,5C551013001,01/22/1965,01/31/1990,Historical,N,220429
463870,Enrollee - WDR,5S,WDRMUNIOTH,2014-0153-DWQ,5A480107001,04/17/2026,,Active,N,220385
148816,WDR,5S,WDRMUNIOTH,5-01-015,5A480107001,01/26/2001,01/26/2016,Historical,N,220385
146427,WDR,5S,WDR,95-128,5A480107001,05/26/1995,05/26/2010,Historical,N,220385
139723,WDR,5S,WDR,83-099,5A480107001,08/12/1983,08/08/1998,Historical,N,220385
440473,Co-Permitee,SB,SLIC,2020-0015-DWQ,5A480101001,07/09/2020,,Active,N,220396
394601,WDR,5S,WDRMUNILRG,R5-2014-0098,5A480101001,08/08/2014,08/08/2024,Active,Y,220396
141778,WDR,5S,WDRMUNILRG,R5-1994-0187,5A480101001,06/24/1994,06/21/2004,Historical,N,220396
139846,WDR,5S,WDR,86-026,5A480101001,01/24/1986,01/01/1992,Historical,N,220396
138675,WDR,5S,WDR,77-032,5A480101001,03/25/1977,,Historical,N,220396
459449,NPDES Permit,5S,NPDMUNILRG,R5-2024-0068,5B070105003,02/01/2025,01/31/2030,Active,N,220315
440453,Co-Permitee,SB,SLIC,2020-0015-DWQ,5B070105003,07/09/2020,,Active,N,220315
436159,NPDES Permit,5S,NPDMUNILRG,R5-2019-0082,5B070105003,02/01/2020,01/30/2025,Historical,N,220315
396976,NPDES Permit,5S,NPDMUNILRG,R5-2014-0073,5B070105003,08/01/2014,07/31/2019,Historical,Y,220315
359906,NPDES Permit,5S,NPDMUNILRG,R5-2008-0179,5B070105003,01/23/2009,11/30/2013,Historical,Y,220315
132370,NPDES Permit,5S,NPDMUNILRG,R5-2003-0067,5B070105003,04/25/2003,04/01/2008,Historical,N,220315
147122,NPDES Permit,5S,NPDMUNILRG,99-096,5B070105003,06/11/1999,06/01/2004,Historical,N,220315
259758,Letter,5S,NPDESWW,LT980820,5B070105003,08/20/1998,12/01/2002,Historical,N,220315
146898,NPDES Permit,5S,NPDMUNILRG,97-240,5B070105003,12/05/1997,12/01/2002,Historical,N,220315
141730,NPDES Permit,5S,NPDMUNILRG,94-127,5B070105003,05/20/1994,05/01/1999,Historical,N,220315
140659,NPDES Permit,5S,NPDMUNILRG,89-104,5B070105003,06/23/1989,06/01/1994,Historical,N,220315
140323,NPDES Permit,5S,NPDMUNILRG,88-161,5B070105003,09/23/1988,09/01/1993,Historical,N,220315
139519,NPDES Permit,5S,NPDMUNILRG,81-037,5B070105003,03/27/1981,06/30/1988,Historical,N,220315
388260,WDR,6V,WDRMUNIENROTH,WQ 2014-0153-DWQ,6B360011004,11/07/2012,11/07/2030,Active,N,220454
148025,WDR,6V,WDRMUNIOWTS,01-018,6B360011004,04/11/2001,04/11/2015,Historical,N,220454
139721,WDR,5S,WDRMUNIOTH,83-093,5A340700001,08/12/1983,08/09/1993,Active,Y,220470
440416,Co-Permitee,SB,SLIC,2020-0015-DWQ,5C240106002,07/09/2020,,Active,N,220469
331392,WDR,5F,WDRMUNILRG,R5-2014-0147,5C240106002,12/04/2014,12/04/2024,Active,N,220469
144073,WDR,5F,WDRMUNILRG,89-066,5C240106002,04/28/1989,04/26/1999,Historical,Y,220469
144570,WDR,5F,WDRMUNILRG,85-250,5C240106002,09/27/1985,09/25/1995,Historical,N,220469
379430,Enrollee - WDR,5F,WDRMUNIENROTH,97-010-DWQ,5C551044001,03/26/2012,03/26/2027,Active,N,220494
140599,WDR,5F,WDRMUNIOTH,89-015,5C551044001,01/27/1989,01/24/2004,Historical,N,220494
331539,WDR,5F,WDRMUNIOTH,R5-2013-0062,5C221003001,05/31/2013,05/31/2023,Active,N,220495
145001,WDR,5F,WDRMUNIOTH,94-281,5C221003001,09/16/1994,09/13/2004,Historical,Y,220495
143633,WDR,5F,WDRMUNIOTH,70-170,5C221003001,05/25/1970,12/31/1989,Historical,N,220495
139235,WDR,1,WDRMUNILRG,98-004,1A77141OSIS,02/26/1998,02/24/2013,Active,N,220567
138170,WDR,1,WDRMUNILRG,85-068,1A77141OSIS,05/23/1985,05/21/2000,Historical,N,220567
389066,WDR,5S,WDRMUNIOTH,R5-2013-0009,5B051003001,02/01/2013,01/30/2028,Active,N,220618
141998,WDR,5S,WDRMUNIOTH,R5-1992-0018,5B051003001,01/24/1992,01/20/2002,Historical,N,220618
139955,WDR,5S,WDR,87-212,5B051003001,12/11/1987,12/11/1997,Historical,N,220618
138892,WDR,5S,WDR,71-239,5B051003001,03/26/1971,,Historical,N,220618
426201,Enrollee - NPDES,5S,NPDMUNILRG,R5-2023-0025,5A310106001,10/01/2025,09/30/2030,Active,N,220768
440491,Co-Permitee,SB,SLIC,2020-0015-DWQ,5A310106001,07/09/2020,,Active,N,220768
395737,NPDES Permit,5S,NPDMUNILRG,R5-2014-0049,5A310106001,05/01/2014,04/30/2019,Historical,N,220768
396242,Enrollee - Waiver,5S,WDRMUNIENROTH,R5-2013-0145,5A31NC00037,04/29/2014,12/05/2018,Historical,N,220768
349268,NPDES Permit,5S,NPDMUNILRG,R5-2008-0077,5A310106001,08/01/2008,06/01/2013,Historical,Y,220768
148232,NPDES Permit,5S,NPDMUNILRG,R5-2000-0164,5A310106001,06/16/2000,06/16/2005,Historical,N,220768
140815,NPDES Permit,5S,NPDMUNILRG,92-221,5A310106001,12/04/1992,12/01/1997,Historical,N,220768
139948,NPDES Permit,5S,NPDMUNILRG,87-202,5A310106001,12/11/1987,12/01/1992,Historical,N,220768
139705,NPDES Permit,5S,NPDMUNILRG,82-138,5A310106001,12/10/1982,11/01/1987,Historical,N,220768
450863,Enrollee - WDR,5S,REC,2016-0068-DDW,5A290105001,01/22/2023,08/05/2026,Active,N,220548
443214,NPDES Permit,5S,NPDMUNIOTH,R5-2021-0023,5A290105001,06/01/2021,05/31/2026,Active,N,220548
429888,Enrollee - Waiver,5S,WDRNONMUNIPRCS,R5-2018-0085,5A29NC00024,07/17/2020,,Historical,N,220548
401602,NPDES Permit,5S,NPDMUNIOTH,R5-2015-0068-01,5A290105001,08/01/2015,08/01/2020,Historical,Y,220548
365530,NPDES Permit,5S,NPDMUNIOTH,R5-2009-0034,5A290105001,06/14/2009,04/01/2014,Historical,N,220548
131714,NPDES Permit,5S,NPDMUNIOTH,R5-2002-0088,5A290105001,06/07/2002,06/07/2007,Historical,N,220548
146434,NPDES Permit,5S,NPDMUNIOTH,95-150,5A290105001,06/23/1995,06/01/2000,Historical,N,220548
142020,NPDES Permit,5S,NPDMUNIOTH,92-087,5A290105001,04/24/1992,05/01/1995,Historical,N,220548
140434,NPDES Permit,5S,NPDMUNIOTH,90-141,5A290105001,05/25/1990,05/01/1995,Historical,N,220548
139136,NPDES Permit,5S,NPDMUNIOTH,84-138,5A290105001,11/28/1984,01/26/1990,Historical,N,220548
146055,WDR,2,WDRMUNIOTH,96-081,2 283008001,06/19/1996,06/15/2025,Active,N,220804
146012,WDR,2,WDRMUNIOTH,84-057,2 283008001,09/19/1984,09/17/1994,Historical,N,220804
139619,WDR,5S,WDRMUNIOWTS,85-191,5A570801001,06/28/1985,06/24/2000,Active,Y,220841
162500,Unregulated,2,PTPRG,,2 019033001,,,Never Active,N,220792
448550,NPDES Permit,2,NPDMUNILRG,R2-2022-0024,2 019033001,09/01/2022,08/31/2027,Active,N,220792
448549,NPDES Permit,2,NPDMUNILRG,R2-2022-0023,2 019123001,09/01/2022,08/31/2027,Active,N,220792
443265,NPDES Permit,2,NPDMUNIOTH,R2-2021-0007,2 019129001,07/01/2021,06/30/2026,Active,Y,220792
430614,Co-Permitee,2,NPDMUNILRG,R2-2024-0013,2 019033001,07/01/2019,09/30/2029,Active,N,220792
413161,NPDES Permit,2,NPDMUNILRG,R2-2017-0016,2 019123001,07/01/2017,07/01/2022,Historical,Y,220792
416689,Co-Permitee,2,NPDMUNILRG,R2-2017-0016,2 019032002,07/01/2017,,Active,N,220792
413162,NPDES Permit,2,NPDMUNILRG,R2-2017-0017,2 019033001,07/01/2017,07/01/2021,Historical,Y,220792
405705,NPDES Permit,2,NPDMUNIOTH,R2-2016-0015,2 019129001,06/01/2016,08/31/2020,Historical,N,220792
389140,Co-Permitee,2,NPDMUNILRG,R2-2017-0041,2 019033001,01/01/2013,12/31/2017,Active,Y,220792
382903,NPDES Permit,2,NPDMUNILRG,R2-2012-0005,2 019033001,03/01/2012,03/01/2017,Historical,Y,220792
382900,NPDES Permit,2,NPDMUNILRG,R2-2012-0004,2 019123001,03/01/2012,02/28/2017,Historical,Y,220792
379074,NPDES Permit,2,NPDMUNIOTH,R2-2011-0028,2 019129001,07/01/2011,06/30/2016,Historical,Y,220792
378805,Co-Permitee,2,NPDMUNILRG,R2-2011-0012,2 019033001,04/01/2011,12/31/2012,Historical,N,220792
360088,Co-Permitee,2,NPDMUNILRG,R2-2007-0077,2 019033001,03/01/2008,12/31/2012,Historical,N,220792
307668,NPDES Permit,2,NPDMUNILRG,R2-2006-0054,2 019033001,10/01/2006,09/30/2011,Historical,Y,220792
307632,NPDES Permit,2,NPDMUNILRG,R2-2006-0053,2 019123001,10/01/2006,09/30/2011,Historical,Y,220792
379073,NPDES Permit,2,NPDMUNIOTH,R2-2006-0026,2 019129001,06/12/2006,06/30/2016,Never Active,Y,220792
303944,NPDES Permit,2,NPDMUNIOTH,R2-2006-0026,2 019129001,06/12/2006,06/08/2011,Historical,Y,220792
148064,NPDES Permit,2,NPDMUNILRG,R2-2000-0088,2 019033001,08/16/2000,09/19/2005,Historical,Y,220792
143329,NPDES Permit,2,NPDMUNILRG,94-074,2 019033001,06/15/1994,06/15/1999,Historical,Y,220792
141595,NPDES Permit,2,NPDMUNILRG,89-099,2 019033001,06/21/1989,06/21/1994,Historical,Y,220792
145978,NPDES Permit,2,NPDMUNILRG,84-031,2 019033001,06/20/1984,06/20/1989,Historical,N,220792
441883,WDR,5S,WDRMUNILRG,R5-2021-0045,5A571005001,08/13/2021,08/13/2031,Active,N,220844
368740,WDR,5S,WDRMUNILRG,R5-2010-0013,5A571005001,01/29/2010,01/28/2020,Historical,Y,220844
141153,WDR,5S,WDRMUNIOTH,93-176,5A571005001,09/17/1993,09/13/2008,Historical,Y,220844
139373,WDR,5S,WDR,74-446,5A571005001,09/27/1974,12/31/1994,Historical,N,220844
194690,Enrollee - WDR,5S,WDRMUNIENROTH,97-010-DWQ,5B030120003,11/19/2003,11/18/2008,Active,N,221974
147691,Waiver,5S,WDR,5-00-003,5B030120003,01/27/2000,01/01/2003,Historical,N,221974
131155,WDR,5F,WDRMUNIOTH,01-274,5B55NC00003,12/07/2001,12/07/2011,Active,N,221988
392490,WDR,7,WDRMUNILRG,R7-2014-0008,7A330132001,01/16/2014,01/16/2024,Active,N,220932
136396,WDR,7,WDRMUNILRG,96-008,7A330132001,01/24/1996,01/21/2006,Historical,N,220932
135147,WDR,7,WDRMUNILRG,91-004,7A330132001,01/16/1991,01/16/2001,Historical,N,220932
136271,WDR,7,WDRMUNILRG,86-021,7A330132001,01/22/1986,01/30/1991,Historical,N,220932
452141,NPDES Permit,5R,NPDMUNIOTH,R5-2024-0009,5A470101001,04/01/2024,03/31/2029,Active,N,220850
427817,NPDES Permit,5R,NPDMUNIOTH,R5-2018-0087,5A470101001,02/01/2019,01/31/2024,Historical,N,220850
398470,Letter,5R,NPDMUNIOTH,R5-2012-0085,5A470101001,07/21/2014,,Historical,N,220850
378951,NPDES Permit,5R,NPDMUNIOTH,R5-2012-0085,5A470101001,11/23/2012,11/01/2017,Historical,N,220850
329356,NPDES Permit,5R,NPDMUNIOTH,R5-2006-0129,5A470101001,01/27/2007,01/27/2012,Historical,N,220850
147731,NPDES Permit,5R,NPDESWW,R5-2000-0124,5A470101001,06/16/2000,06/01/2005,Historical,N,220850
135249,NPDES Permit,5R,NPDMUNIOTH,94-067,5A470101001,03/25/1994,03/25/1999,Historical,N,220850
134869,NPDES Permit,5R,NPDMUNIOTH,89-024,5A470101001,02/24/1989,02/24/1994,Historical,N,220850
133416,NPDES Permit,5R,NPDMUNIOTH,84-048,5A470101001,04/27/1984,04/27/1989,Historical,N,220850
461810,NPDES Permit,5S,NPDMUNILRG,R5-2025-0028,5A480105002,08/01/2025,07/31/2030,Active,N,222057
440467,Co-Permitee,SB,SLIC,2020-0015-DWQ,5A480105002,07/09/2020,,Active,N,222057
433231,NPDES Permit,5S,NPDMUNILRG,R5-2019-0049,5A480105002,08/01/2019,07/31/2024,Historical,N,222057
396970,NPDES Permit,5S,NPDMUNILRG,R5-2014-0072,5A480105002,08/01/2014,07/31/2019,Historical,Y,222057
345333,NPDES Permit,5S,NPDMUNILRG,R5-2008-0055,5A480105002,06/14/2008,04/01/2013,Historical,Y,222057
142086,NPDES Permit,5S,NPDMUNILRG,R5-2001-0044,5A480105002,03/15/2001,03/01/2006,Historical,Y,222057
146432,NPDES Permit,5S,NPDMUNILRG,95-147,5A480105002,06/23/1995,06/21/2000,Historical,N,222057
140448,NPDES Permit,5S,NPDMUNILRG,90-165,5A480105002,06/22/1990,06/01/1995,Historical,N,222057
139133,NPDES Permit,5S,NPDMUNILRG,84-133,5A480105002,11/28/1984,11/01/1989,Historical,N,222057
419044,Enrollee - WDR,5S,WDRMUNIOTH,2014-0153-DWQ,5B051022001,04/06/2018,09/23/2029,Active,N,222129
132834,WDR,5S,WDRMUNIOTH,R5-2003-0119,5B051022001,07/11/2003,07/11/2013,Historical,Y,222129
140325,WDR,5S,WDR,88-165,5B051022001,09/23/1988,09/20/2003,Historical,N,222129
162508,Unregulated,2,PTPRG,,2 019014001,,,Never Active,N,222132
464068,NPDES Permit,2,NPDMUNILRG,R2-2026-0003,2 019014001,04/01/2026,03/31/2031,Active,N,222132
440133,NPDES Permit,2,NPDMUNILRG,R2-2020-0024,2 019014001,11/01/2020,10/31/2025,Historical,Y,222132
430616,Co-Permitee,2,NPDMUNILRG,R2-2024-0013,2 019014001,07/01/2019,09/30/2029,Active,N,222132
401017,NPDES Permit,2,NPDMUNILRG,R2-2015-0018,2 019014001,07/01/2015,06/30/2020,Historical,N,222132
389143,Co-Permitee,2,NPDMUNILRG,R2-2017-0041,2 019014001,01/01/2013,12/31/2017,Active,Y,222132
378841,Co-Permitee,2,NPDMUNILRG,R2-2011-0012,2 019014001,04/01/2011,12/31/2012,Historical,N,222132
373407,NPDES Permit,2,NPDMUNILRG,R2-2010-0060,2 019014001,05/01/2010,04/30/2015,Historical,Y,222132
360494,Co-Permitee,2,NPDMUNILRG,R2-2007-0077,2 019014001,03/01/2008,12/31/2012,Historical,N,222132
374448,Enrollee - WRR,2,REC,R2-1996-011,2 019014004,03/28/2002,,Active,N,222132
148416,NPDES Permit,2,NPDMUNILRG,R2-2001-0072,2 019014001,06/19/2001,05/31/2006,Historical,Y,222132
143374,NPDES Permit,2,NPDMUNILRG,94-127,2 019014001,09/21/1994,09/21/1999,Historical,Y,222132
141624,NPDES Permit,2,NPDMUNILRG,89-149,2 019014001,09/20/1989,09/20/1994,Historical,Y,222132
146009,NPDES Permit,2,NPDMUNILRG,84-054,2 019014001,09/19/1984,09/19/1989,Historical,Y,222132
460446,NPDES Permit,2,NPDMUNIOTH,R2-2025-0006,2 019014002,05/01/2025,04/30/2030,Active,N,222130
436750,NPDES Permit,2,NPDMUNIOTH,R2-2020-0003,2 019014002,04/01/2020,03/31/2025,Historical,N,222130
399477,Individual Monitoring Requirem,2,NPDMUNIOTH,Monitoring for C09-00186-RS,2 019014002,12/01/2014,,Active,N,222130
398831,NPDES Permit,2,NPDMUNIOTH,R2-2014-0044,2 019014002,12/01/2014,11/30/2019,Historical,N,222130
389144,Co-Permitee,2,NPDMUNIOTH,R2-2017-0041,2 019014002,01/01/2013,12/31/2017,Active,N,222130
359639,NPDES Permit,2,NPDMUNIOTH,R2-2009-0004,2 019014002,01/14/2009,01/13/2014,Historical,Y,222130
360497,Co-Permitee,2,NPDMUNIOTH,R2-2007-0077,2 019014002,03/01/2008,12/31/2012,Historical,N,222130
297512,NPDES Permit,2,NPDMUNILRG,R2-2005-0047,2 019014002,10/01/2005,03/31/2010,Historical,N,222130
142222,NPDES Permit,2,NPDMUNIOTH,R2-1998-0005,2 019014002,01/21/1998,11/19/2002,Historical,N,222130
142334,NPDES Permit,2,NPDMUNIOTH,92-097,2 019014002,08/19/1992,08/19/1997,Historical,N,222130
141009,NPDES Permit,2,NPDMUNIOTH,87-018,2 019014002,03/18/1987,03/18/1992,Historical,N,222130
146014,NPDES Permit,2,NPDMUNIOTH,84-061,2 019014002,09/19/1984,09/19/1989,Historical,N,222130
162519,Unregulated,2,PTPRG,,2 019060001,,,Never Active,N,222123
448549,NPDES Permit,2,NPDMUNILRG,R2-2022-0023,2 019123001,09/01/2022,08/31/2027,Active,N,222123
430615,Co-Permitee,2,NPDMUNILRG,R2-2024-0013,2 019123001,07/01/2019,09/30/2029,Active,N,222123
416689,Co-Permitee,2,NPDMUNILRG,R2-2017-0016,2 019032002,07/01/2017,,Active,N,222123
413161,NPDES Permit,2,NPDMUNILRG,R2-2017-0016,2 019123001,07/01/2017,07/01/2022,Historical,Y,222123
389141,Co-Permitee,2,NPDMUNILRG,R2-2017-0041,2 019123001,01/01/2013,12/31/2017,Active,Y,222123
388118,NPDES Permit,2,NPDMUNILRG,R2-2012-0004-03,2 019037001,03/01/2012,02/28/2017,Historical,N,222123
382900,NPDES Permit,2,NPDMUNILRG,R2-2012-0004,2 019123001,03/01/2012,02/28/2017,Historical,Y,222123
378799,Co-Permitee,2,NPDMUNILRG,R2-2011-0012,2 019123001,04/01/2011,12/31/2012,Historical,N,222123
360498,Co-Permitee,2,NPDMUNILRG,R2-2007-0077,2 019123001,03/01/2008,12/31/2012,Historical,N,222123
307630,NPDES Permit,2,NPDMUNILRG,R2-2006-0053-03,2 019037001,10/01/2006,09/30/2011,Historical,N,222123
307632,NPDES Permit,2,NPDMUNILRG,R2-2006-0053,2 019123001,10/01/2006,09/30/2011,Historical,Y,222123
148293,NPDES Permit,2,NPDMUNILRG,R2-2000-0087-01,2 019123001,08/16/2000,08/16/2005,Historical,Y,222123
143310,NPDES Permit,2,NPDMUNILRG,94-07201,2 019123001,06/15/1994,06/15/1999,Historical,Y,222123
141590,NPDES Permit,2,NPDMUNILRG,89-09801,2 019123001,06/21/1989,06/21/1994,Historical,Y,222123
145973,NPDES Permit,2,NPDMUNILRG,84-03001,2 019123001,05/16/1984,05/16/1989,Historical,Y,222123
146485,WDR,6V,WDRMUNILRG,94-024,6B140108001,02/10/1994,02/10/2004,Active,N,222071
146069,Reclamation Requirements,6V,REC,85-123,6B140108001,10/10/1985,10/10/1990,Historical,N,222071
147908,Reclamation Requirements,6V,REC,80-057,6B140108001,08/14/1980,08/14/1985,Historical,N,222071
146187,WDR,6V,WDRMUNIOWTS,93-073,6B360705005,08/12/1993,08/12/2008,Active,N,222144
145767,WDR,6V,WDR,85-007,6B360705005,02/10/1985,02/10/1995,Historical,N,222144
141560,WDR,5F,WDRNONMUNIPRCS,00-228,5C16WR00002,10/27/2000,10/27/2015,Active,N,222359
461759,Individual Monitoring Requirem,5S,NPDMUNILRG,R5-2024-0804,5B090102005,09/24/2024,09/30/2029,Active,N,222434
440470,Co-Permitee,SB,SLIC,2020-0015-DWQ,5B090102005,07/09/2020,,Active,N,222434
425238,Enrollee - NPDES,5S,NPDMUNILRG,R5-2023-0025,5B090102005,10/01/2018,09/30/2029,Active,N,222434
412049,Resolution,5S,NPDMUNIOTH,R5-2017-0013,,02/24/2017,,Historical,N,222434
389302,NPDES Permit,5S,NPDMUNILRG,R5-2013-0003,5B090102005,03/22/2013,03/01/2018,Historical,N,222434
352394,NPDES Permit,5S,NPDMUNILRG,R5-2007-0069,5B090102005,08/11/2007,06/01/2012,Historical,N,222434
148585,NPDES Permit,5S,NPDMUNILRG,R5-2001-0135,5B090102005,06/14/2001,06/01/2006,Historical,N,222434
146462,NPDES Permit,5S,NPDMUNILRG,95-151,5B090102005,06/23/1995,06/01/2000,Historical,N,222434
140447,NPDES Permit,5S,NPDMUNILRG,90-164,5B090102005,06/22/1990,06/01/1995,Historical,N,222434
139625,NPDES Permit,5S,NPDMUNILRG,85-209,5B090102005,08/23/1985,08/01/1990,Historical,N,222434
145636,WDR,5F,WDRMUNIOTH,96-028,5D161005001,01/26/1996,01/23/2006,Active,N,222436
144233,WDR,5F,WDRMUNIOTH,77-022,5D161005001,02/25/1977,02/23/1987,Historical,N,222436
163743,Unregulated,3,PTPRG,,3 420108005,,,Historical,N,222442
440284,Co-Permitee,SB,SLIC,2020-0015-DWQ,3 420108005,07/09/2020,,Active,N,222442
437149,Enrollee - WDR,3,REC,2016-0068-DDW,3 420108005,01/02/2020,08/05/2026,Active,N,222442
147037,WDR,3,WDRMUNILRG,97-044,3 420108005,09/05/1997,09/05/2012,Historical,N,222442
144666,Reclamation Requirements,3,REC,90-103,3 420108005,09/14/1990,09/05/2012,Historical,N,222442
144912,Reclamation Requirements,3,REC,88-004,3 420108005,05/06/1988,11/01/1992,Historical,N,222442
143193,Reclamation Requirements,3,REC,83-030,3 420108005,07/15/1983,07/01/1986,Historical,N,222442
459499,NPDES Permit,7,NPDMUNILRG,R7-2024-0041,7A130103011,01/02/2025,01/01/2030,Active,N,222407
440325,Co-Permitee,SB,SLIC,2020-0015-DWQ,7A130103011,07/09/2020,,Active,N,222407
429474,NPDES Permit,7,NPDMUNILRG,R7-2019-0002,7A130103011,04/01/2019,03/31/2024,Historical,N,222407
396224,NPDES Permit,7,NPDMUNILRG,R7-2014-0002,7A130103011,06/01/2014,05/31/2019,Historical,N,222407
370705,NPDES Permit,7,NPDMUNILRG,R7-2009-0022,7A130103011,05/21/2009,05/20/2014,Historical,Y,222407
132961,NPDES Permit,7,NPDMUNILRG,R7-2004-0004-ARCHIVED-ARCHIVED,7A130103011,03/30/2004,12/31/2005,Historical,Y,222407
297402,NPDES Permit,7,NPDMUNILRG,R7-2004-0004,7A130103011,03/30/2004,03/30/2009,Historical,Y,222407
136857,NPDES Permit,7,NPDMUNILRG,99-004,7A130103011,03/11/1999,03/11/2004,Historical,Y,222407
135826,NPDES Permit,7,NPDMUNILRG,94-052,7A130103011,06/29/1994,06/29/1999,Historical,Y,222407
136742,NPDES Permit,7,NPDMUNILRG,89-044,7A130103011,06/28/1989,06/28/1994,Historical,N,222407
134936,NPDES Permit,7,NPDMUNILRG,84-024,7A130103011,06/20/1984,06/28/1989,Historical,Y,222407
440270,Co-Permitee,SB,SLIC,2020-0015-DWQ,3 420108001,07/09/2020,,Active,N,222443
436198,NPDES Permit,3,NPDMUNILRG,R3-2019-0046,3 420108001,02/01/2020,01/31/2025,Active,N,222443
374330,NPDES Permit,3,NPDMUNILRG,R3-2010-0011,3 420108001,05/13/2010,05/13/2015,Historical,N,222443
133114,NPDES Permit,3,NPDMUNILRG,04-0122(reports),3 420108001,10/22/2004,10/22/2009,Historical,N,222443
360738,NPDES Permit,3,NPDMUNILRG,R3-2004-0122,3 420108001,10/22/2004,10/22/2010,Historical,N,222443
329930,NPDES Permit,3,NPDMUNILRG,R3-2004-0122-archived-ARCHIVED,3 420108001,10/22/2004,10/22/2009,Archived,N,222443
147306,NPDES Permit,3,NPDMUNILRG,99-040,,09/08/1999,09/08/2004,Historical,N,222443
146933,NPDES Permit,3,NPDMUNILRG,94-037,3 420108001,06/03/1994,09/06/2004,Historical,N,222443
147386,NPDES Permit,3,NPDMUNILRG,92-015,3 420108001,01/10/1992,05/01/1994,Historical,N,222443
143854,NPDES Permit,3,NPDMUNILRG,89-063A1,3 420108001,07/31/1989,05/01/1994,Historical,N,222443
143853,NPDES Permit,3,NPDMUNILRG,89-063,3 420108001,07/07/1989,05/01/1994,Historical,N,222443
143449,NPDES Permit,3,NPDMUNILRG,86-019,3 420108001,02/14/1986,05/18/1989,Historical,N,222443
143637,NPDES Permit,3,NPDMUNILRG,84-036,3 420108001,05/18/1984,05/18/1989,Historical,N,222443
425297,Enrollee - WDR,5S,WDRMUNIOTH,2014-0153-DWQ,5A34NC00017,01/17/2019,09/23/2029,Active,N,222624
368631,Enrollee - WDR,5S,WDRMUNIENROTH,97-010-DWQ,5A34NC00017,05/17/2012,05/16/2017,Historical,N,222624
385451,Individual Monitoring Requirem,5S,WDR,R5-2012-0811,5A34NC00017,05/17/2012,11/18/2012,Active,N,222624
446048,NPDES Permit,9,NPDMUNILRG,R9-2022-0006,9 000000117,05/01/2022,04/30/2027,Active,N,222509
384629,NPDES Permit,9,NPDMUNILRG,R9-2012-0013,9 000000117,05/31/2012,05/31/2017,Historical,Y,222509
309084,NPDES Permit,9,NPDMUNILRG,R9-2006-0055,9 000000117,10/01/2006,10/01/2011,Historical,N,222509
148216,NPDES Permit,9,NPDMUNILRG,R9-2001-0008,9 000000117,02/21/2001,02/21/2006,Historical,Y,222509
464417,Enrollee - NPDES,5F,NPDNONMUNIPRCS,R5-2022-0006-03,5C220701002,02/13/2026,02/13/2031,Active,N,222491
461873,NPDES Permit,5F,NPDMUNILRG,R5-2025-0031,5C220701002,08/01/2025,07/31/2030,Active,N,222491
440395,Co-Permitee,SB,SLIC,2020-0015-DWQ,5C220701002,07/09/2020,,Active,N,222491
434880,NPDES Permit,5F,NPDMUNILRG,R5-2019-0069,5C220701002,12/01/2019,11/30/2024,Historical,N,222491
396396,NPDES Permit,5F,NPDMUNILRG,R5-2014-0068,5C220701002,08/01/2014,07/31/2019,Historical,N,222491
344473,NPDES Permit,5F,NPDMUNILRG,R5-2008-0060,5C220701002,06/13/2008,04/23/2014,Historical,N,222491
131128,NPDES Permit,5F,NPDMUNILRG,5-01-243,5C220701002,10/19/2001,10/19/2006,Historical,N,222491
145292,NPDES Permit,5F,NPDMUNILRG,95-060,5C220701002,03/24/1995,03/22/2000,Historical,N,222491
144381,NPDES Permit,5F,NPDMUNILRG,90-067,5C220701002,03/23/1990,03/01/1995,Historical,N,222491
144118,NPDES Permit,5F,NPDMUNILRG,85-008,5C220701002,01/25/1985,12/30/1989,Historical,N,222491
142369,WDR,2,WDRMUNIOTH,92-124,2 417133001,10/21/1992,10/21/2002,Active,N,222628
194444,Enrollee - WDR,5S,WDRMUNIENROTH,97-010-DWQ,5A290600001,06/23/1998,06/22/2003,Active,N,222803
440472,Co-Permitee,SB,SLIC,2020-0015-DWQ,5B390101001,07/09/2020,,Active,N,222916
140412,WDR,5S,WDRMUNILRG,5-00-142,5B390101001,06/16/2000,06/16/2010,Active,N,222916
146471,WDR,5S,WDR,95-170,5B390101001,06/23/1995,06/23/2005,Historical,N,222916
140216,WDR,5S,WDR,87-087,5B390101001,05/22/1987,05/19/1997,Historical,N,222916
138984,WDR,5S,WDR,78-181,5B390101001,10/27/1978,,Historical,N,222916
401328,WDR,1,WDRMUNIOTH,R1-2015-0026,1A82104OSIS,06/18/2015,06/18/2025,Active,N,222998
139234,WDR,1,WDRMUNIOTH,98-003,1A82104OSIS,02/26/1998,02/26/2013,Historical,N,222998
137591,WDR,1,WDRMUNIOTH,87-108,1A82104OSIS,08/26/1987,08/23/1997,Historical,N,222998
136969,WDR,1,WDRMUNIOTH,82-104,1A82104OSIS,09/23/1982,09/23/1987,Historical,N,222998
148428,WDR,5S,WDRMUNILRG,5-01-112,5A570108001,05/11/2001,05/11/2011,Active,N,222947
141378,WDR,5S,WDR,89-165,5A570108001,09/22/1989,09/20/1999,Historical,N,222947
140665,WDR,5S,WDR,89-113,5A570108001,06/23/1989,06/23/1999,Historical,N,222947
139464,WDR,5S,WDR,80-105,5A570108001,07/25/1980,07/25/1990,Historical,N,222947
440372,Co-Permitee,SB,SLIC,2020-0015-DWQ,9 000000030,07/09/2020,,Active,N,222758
425154,NPDES Permit,9,NPDMUNILRG,R9-2018-0059,9 000000030,11/01/2018,10/31/2023,Active,N,222758
378933,NPDES Permit,9,NPDMUNILRG,R9-2011-0019,,06/02/2011,06/01/2016,Historical,Y,222758
305385,NPDES Permit,9,NPDMUNILRG,R9-2005-0219,9 000000030,01/01/2006,01/01/2011,Historical,N,222758
376587,WDR,2,WDRMUNIOTH,R2-2010-0113,2 071227001,11/10/2010,11/09/2015,Active,N,223236
360510,Co-Permitee,2,NPDMUNIOTH,R2-2007-0077,2 071227001,03/01/2008,12/31/2012,Historical,N,223236
133123,NPDES Permit,2,NPDMUNIOTH,R2-2004-0079,2 071227001,12/01/2004,11/30/2009,Historical,N,223236
425154,NPDES Permit,9,NPDMUNILRG,R9-2018-0059,9 000000030,11/01/2018,10/31/2023,Active,N,222754
378933,NPDES Permit,9,NPDMUNILRG,R9-2011-0019,,06/02/2011,06/01/2016,Historical,Y,222754
305385,NPDES Permit,9,NPDMUNILRG,R9-2005-0219,9 000000030,01/01/2006,01/01/2011,Historical,N,222754
147615,NPDES Permit,9,NPDMUNILRG,95-003,9 000000030,04/08/1995,04/08/2000,Historical,Y,222754
147620,NPDES Permit,9,NPDMUNILRG,90-002,9 000000030,01/29/1990,01/29/1995,Historical,Y,222754
147614,NPDES Permit,9,NPDMUNILRG,84-035,9 000000030,12/17/1989,12/17/1989,Historical,Y,222754
393546,WDR,1,WDRMUNIENROTH,,1B10012RHUM,,,Never Active,N,223010
454778,NPDES Permit,1,NPDMUNILRG,R1-2023-0016,1B82151OHUM,12/01/2023,11/30/2028,Active,N,223010
440255,Co-Permitee,SB,SLIC,2020-0015-DWQ,1B82151OHUM,07/09/2020,,Active,N,223010
405560,NPDES Permit,1,NPDMUNILRG,R1-2016-0001,1B82151OHUM,08/01/2016,07/31/2021,Historical,N,223010
366420,NPDES Permit,1,NPDMUNILRG,R1-2009-0033,1B82151OHUM,07/24/2009,07/24/2014,Historical,N,223010
372963,Enrollee,1,WDRMUNIENROTH,2004-0012-DWQ,1B10012RHUM,09/19/2008,09/19/2009,Historical,N,223010
132746,NPDES Permit,1,NPDMUNILRG,R1-2004-0013,1B82151OHUM,03/24/2004,03/23/2009,Historical,N,223010
139239,NPDES Permit,1,NPDMUNILRG,98-009,1B82151OHUM,02/26/1998,02/25/2003,Historical,N,223010
137966,NPDES Permit,1,NPDMUNILRG,93-025,1B82151OHUM,02/25/1993,02/25/1998,Historical,N,223010
137598,NPDES Permit,1,NPDMUNILRG,87-124,1B82151OHUM,10/29/1987,10/29/1992,Historical,N,223010
136978,NPDES Permit,1,NPDMUNILRG,82-151,1B82151OHUM,12/03/1982,12/03/1987,Historical,N,223010
459378,Enrollee - WRR,2,REC,2016-0068-DDW,2 482005002,04/08/2020,04/08/2030,Active,N,224084
382017,Enrollee - WRR,2,REC,,2 482005002,10/31/2011,,Historical,N,224084
142600,Reclamation Requirements,2,REC,91-147,2 482005002,10/16/1991,10/10/1996,Historical,N,224084
146348,Reclamation Requirements,2,REC,78-043,2 482005002,06/20/1978,06/20/1981,Historical,N,224084
142437,WDR,9,WDRMUNILRG,R9-1993-0005,9 000000257,02/01/1993,02/01/2013,Active,Y,224057
142806,WDR,9,WDRMUNILRG,87-041,9 000000257,09/23/1991,05/04/1992,Historical,Y,224057
141877,WDR,9,WDRMUNILRG,79-077,9 000000257,11/26/1979,11/26/1984,Historical,N,224057
399074,Enrollee - WDR,5R,WDRMUNIOTH,2014-0153-DWQ,5A450117001,12/05/2014,12/02/2031,Active,N,224125
395403,Letter,5R,WDRMUNILRG,,5A450117001,03/13/2014,,Historical,N,224125
367589,WDR,5R,WDR,ROWD,5A450117001,06/25/2005,,Historical,N,224125
135246,WDR,5R,WDRMUNILRG,94-048,5A450117001,02/25/1994,02/25/2004,Historical,N,224125
134154,WDR,5R,WDRMUNILRG,87-010,5A450117001,01/23/1987,01/01/1992,Historical,N,224125
133073,WDR,5R,WDRMUNILRG,80-039,5A450117001,03/28/1980,03/01/1988,Historical,N,224125
426301,Enrollee - WDR,5F,WDRMUNIOTH,2014-0153-DWQ,5D101042002,05/28/2019,09/23/2029,Active,N,224179
143801,WDR,5F,WDRMUNIOTH,82-016,5D101042002,02/26/1982,02/22/1997,Historical,N,224179
440376,Co-Permitee,SB,SLIC,2020-0015-DWQ,9 000000115,07/09/2020,,Active,N,224137
434522,NPDES Permit,9,NPDMUNILRG,R9-2019-0169,9 000000115,04/01/2020,03/31/2025,Active,Y,224137
401760,Enrollee - WRR,9,REC,2016-0068-DDW,,09/23/2015,08/05/2026,Active,N,224137
387144,NPDES Permit,9,NPDMUNILRG,R9-2012-0004,9 000000115,09/28/2012,09/27/2017,Historical,N,224137
301241,NPDES Permit,9,NPDMUNILRG,R9-2006-0002,9 000000115,06/01/2006,06/01/2011,Historical,N,224137
147495,NPDES Permit,9,NPDMUNILRG,R9-2000-0012,9 000000115,02/09/2000,06/01/2006,Historical,N,224137
142527,NPDES Permit,9,NPDMUNILRG,95-008,9 000000115,02/09/1995,02/09/2000,Historical,Y,224137
142164,WDR,9,WDRMUNILRG,91-039,9 000000395,05/20/1991,05/20/2013,Active,Y,224137
142732,WDR,9,WDRMUNILRG,86-040,9 000000395,05/05/1986,05/05/1991,Historical,N,224137
147616,NPDES Permit,9,NPDMUNILRG,83-019,9 000000115,07/18/1983,07/18/1988,Historical,Y,224137
133138,WDR,3,WDRMUNIOTH,04-0189,3 401023001,12/03/2004,12/03/2019,Historical,N,224429
133139,WDR,3,WDRMUNIOTH,R3-2004-0154,3 401023001,12/03/2004,12/03/2019,Active,N,224429
132347,WDR,3,WDRMUNIOTH,03-0039,3 401023001,10/24/2003,10/24/2018,Historical,N,224429
143837,WDR,3,WDRMUNIOTH,89-016,3 401023001,01/13/1989,01/10/2004,Historical,N,224429
142936,WDR,3,WDRMUNIOTH,79-059,3 401023001,07/13/1979,07/01/1989,Historical,N,224429
428678,NPDES Permit,1,NPDMUNIOTH,R1-2018-0046,1B83136OHUM,01/01/2019,12/31/2022,Active,N,224348
388489,NPDES Permit,1,NPDMUNIOTH,R1-2012-0097,1B83136OHUM,02/01/2013,01/31/2018,Historical,N,224348
369181,NPDES Permit,1,NPDMUNIOTH,R1-2009-0036,1B83136OHUM,09/01/2009,08/31/2014,Historical,N,224348
348045,NPDES Permit,1,NPDMUNIOTH,R1-2008-0038,1B83136OHUM,08/01/2008,08/31/2009,Historical,N,224348
261009,Letter,1,NPDESWW,002,1b83136OHUM,03/12/2003,,Historical,N,224348
260628,Letter,1,NPDESWW,001,1B83136OHUM,04/27/2001,,Historical,N,224348
148658,NPDES Permit,1,NPDMUNILRG,R1-2000-0092,1B83136OHUM,11/29/2000,11/29/2005,Historical,N,224348
138324,NPDES Permit,1,NPDMUNILRG,94-022,1B83136OHUM,06/23/1994,06/23/1999,Historical,N,224348
137833,NPDES Permit,1,NPDMUNILRG,88-127,1B83136OHUM,09/28/1988,09/28/1993,Historical,N,224348
137445,NPDES Permit,1,NPDMUNILRG,83-136,1B83136OHUM,11/29/1983,11/29/1988,Historical,N,224348
144095,WDR,5F,WDRMUNIOTH,89-162,5D151178001,09/22/1989,09/18/1999,Active,Y,224692
184990,Enrollee - WDR,3,WDRMUNIENROTH,97-010-DWQ,3 271028001,03/22/2002,12/01/2026,Active,N,224503
132095,WDR,3,WDRMUNIOTH,02-068,3 271028001,03/22/2002,03/22/2017,Historical,N,224503
143517,WDR,3,WDRMUNIOTH,86-124,3 271028001,07/11/1986,07/07/2001,Historical,N,224503
437325,Enrollee - WDR,5F,WDRMUNIOTH,2014-0153-DWQ,5C101109001,07/03/2020,09/23/2029,Active,N,224827
145858,WDR,5F,WDRMUNIOTH,94-107,5C101109001,04/22/1994,04/19/2004,Historical,N,224827
144858,WDR,5F,WDRMUNIOTH,93-008,5C101109001,01/29/1993,01/29/1998,Historical,N,224827
368750,WDR,5S,WDR,Pending,5B050107004,,,Never Active,N,224889
147704,WDR,5S,WDRMUNILRG,5-00-066,5B050107004,03/17/2000,03/17/2010,Active,Y,224889
139362,WDR,5S,WDR,74-326,5B050107004,05/24/1974,05/20/1989,Historical,N,224889
434460,13267 Letter (Non-Enforcement),5S,WDRMUNIOTH,,5A291012001,09/25/2019,,Historical,N,224893
429794,13267 Letter (Non-Enforcement),5S,WDRMUNIOTH,88-106,5A291012001,03/27/2019,,Historical,N,224893
140269,WDR,5S,WDRMUNIOTH,88-106-02,5A291012001,06/24/1988,06/21/2003,Active,Y,224893
194445,Enrollee,5S,WDR,84-111,5A291012001,09/28/1984,,Historical,N,224893
440246,Co-Permitee,SB,SLIC,2020-0015-DWQ,1B84083OMEN,07/09/2020,,Active,N,225055
430202,NPDES Permit,1,NPDMUNILRG,R1-2019-0020,1B84083OMEN,08/01/2019,07/31/2024,Active,N,225055
394063,NPDES Permit,1,NPDMUNILRG,R1-2015-0024,1B84083OMEN,09/01/2015,08/31/2020,Historical,N,225055
366415,NPDES Permit,1,NPDMUNILRG,R1-2009-0030,1B84083OMEN,07/24/2009,07/24/2014,Historical,N,225055
308402,NPDES Permit,1,NPDMUNILRG,R1-2005-0096,1B84083OMEN,10/12/2005,10/12/2010,Historical,N,225055
132743,NPDES Permit,1,NPDMUNILRG,R1-2004-0009,1B84083OMEN,05/13/2004,03/24/2009,Historical,N,225055
261162,Letter,1,NPDESWW,001,1B84083OMEN,01/12/2004,,Historical,N,225055
138075,NPDES Permit,1,NPDMUNILRG,95-047,1B84083OMEN,06/22/1995,06/20/2000,Historical,N,225055
138608,NPDES Permit,1,NPDMUNILRG,90-003,1B84083OMEN,04/25/1990,04/25/1995,Historical,N,225055
137513,NPDES Permit,1,NPDMUNILRG,84-083,1B84083OMEN,10/25/1984,10/25/1989,Historical,N,225055
395587,WDR,1,WDRMUNIOTH,R1-2014-0029,1A81157OSIS,06/19/2014,06/19/2024,Active,N,225072
139232,WDR,1,WDRMUNIOTH,98-001,1A81157OSIS,02/26/1998,06/19/2014,Historical,N,225072
137595,WDR,1,WDRMUNIOTH,87-120,1A81157OSIS,09/24/1987,09/21/1997,Historical,N,225072
136689,WDR,1,WDRMUNIOTH,81-157,1A81157OSIS,07/23/1981,07/23/1985,Historical,N,225072
456503,NPDES Permit,1,NPDMUNIOTH,R1-2024-0004,1B83100OSON,06/01/2024,05/31/2029,Active,N,224901
406960,NPDES Permit,1,NPDMUNIOTH,R1-2018-0002,1B83100OSON,09/01/2018,08/31/2023,Historical,N,224901
362241,NPDES Permit,1,NPDMUNIOTH,R1-2012-0012,1B83100OSON,03/01/2012,02/28/2017,Historical,N,224901
132898,NPDES Permit,1,NPDMUNIOTH,R1-2004-0027,1B83100OSON,10/06/2004,10/06/2009,Historical,N,224901
261138,Letter,1,NPDESWW,002,1B83100OSON,02/03/2004,,Historical,N,224901
260636,Letter,1,NPDESWW,001,1B83100OSON,04/27/2001,,Historical,N,224901
261256,Letter,1,NPDESWW,LT981015,1B83100OSON,10/15/1998,10/28/1999,Historical,N,224901
138080,NPDES Permit,1,NPDMUNIOTH,95-054,1B83100OSON,08/24/1995,08/24/1998,Historical,N,224901
138318,NPDES Permit,1,NPDMUNIOTH,94-013,1B83100OSON,03/24/1994,03/24/1999,Historical,N,224901
137835,NPDES Permit,1,NPDMUNIOTH,88-141,1B83100OSON,12/01/1988,12/01/1993,Historical,N,224901
137044,NPDES Permit,1,NPDMUNIOTH,83-100,1B83100OSON,11/29/1983,11/29/1988,Historical,N,224901
440254,Co-Permitee,SB,SLIC,2020-0015-DWQ,1B83135OHUM,07/09/2020,,Active,N,225089
401784,NPDES Permit,1,NPDMUNILRG,R1-2017-0005,1B83135OHUM,11/01/2017,10/30/2022,Active,N,225089
372927,NPDES Permit,1,NPDMUNILRG,R1-2011-0004,1B83135OHUM,01/27/2011,01/26/2016,Historical,N,225089
333098,NPDES Permit,1,NPDMUNILRG,R1-2007-0007,1B83135OHUM,09/13/2007,09/12/2012,Historical,N,225089
148165,NPDES Permit,1,NPDMUNILRG,R1-2001-0041,1B83135OHUM,04/26/2001,04/26/2006,Historical,N,225089
139883,WDR,1,WDRMUNILRG,98-08801,1B83135OHUM,08/26/1998,08/26/2013,Historical,N,225089
138326,NPDES Permit,1,NPDMUNILRG,94-024,1B83135OHUM,09/22/1994,09/22/1999,Historical,N,225089
137834,NPDES Permit,1,NPDMUNILRG,88-128,1B83135OHUM,09/28/1988,09/28/1993,Historical,N,225089
137444,NPDES Permit,1,NPDMUNILRG,83-135,1B83135OHUM,11/29/1983,11/29/1988,Historical,N,225089
182011,Enrollee - WDR,2,WDRMUNIENROTH,97-010-DWQ,2 215147001,07/17/1998,,Active,N,225411
444636,WDR,3,WDRMUNILRG,,3 270701001,,,Historical,N,225534
447426,Enrollee - WDR,3,WDRMUNIOWTS,2014-0153-DWQ,3 270422966,03/21/2022,09/23/2029,Active,N,225534
146930,WDR,3,WDRMUNILRG,94-031,3 270701001,06/03/1994,05/30/2024,Historical,N,225534
142667,WDR,3,WDRMUNILRG,79-036,3 270701001,03/16/1979,06/03/1984,Historical,N,225534
161491,Unregulated,2,PTPRG,,2 482005001,,,Never Active,N,225526
463625,NPDES Permit,2,NPDMUNILRG,R2-2025-0028,2 482005001,02/01/2026,01/31/2031,Active,N,225526
437189,NPDES Permit,2,NPDMUNILRG,R2-2020-0012,2 482005001,05/01/2020,04/30/2025,Historical,Y,225526
459378,Enrollee - WRR,2,REC,2016-0068-DDW,2 482005002,04/08/2020,04/08/2030,Active,N,225526
430617,Co-Permitee,2,NPDMUNILRG,R2-2024-0013,2 482005001,07/01/2019,09/30/2029,Active,N,225526
400219,NPDES Permit,2,NPDMUNILRG,R2-2015-0013,2 482005001,05/01/2015,04/30/2020,Historical,N,225526
389087,Co-Permitee,2,NPDMUNILRG,R2-2017-0041,2 482005001,01/01/2013,12/31/2017,Active,Y,225526
382017,Enrollee - WRR,2,REC,,2 482005002,10/31/2011,,Historical,N,225526
378806,Co-Permitee,2,NPDMUNILRG,R2-2011-0012,2 482005001,04/01/2011,12/31/2012,Historical,N,225526
363771,NPDES Permit,2,NPDMUNILRG,R2-2009-0039,2 482005001,06/01/2009,05/31/2014,Historical,Y,225526
360500,Co-Permitee,2,NPDMUNILRG,R2-2007-0077,2 482005001,03/01/2008,12/31/2012,Historical,N,225526
306356,NPDES Permit,2,NPDMUNILRG,R2-2006-0045,2 482005001,07/12/2006,09/30/2008,Historical,N,225526
132142,NPDES Permit,2,NPDMUNILRG,R2-2003-0072,2 482005001,08/20/2003,09/30/2008,Historical,N,225526
142274,NPDES Permit,2,NPDMUNILRG,98-077,2 482005001,07/15/1998,07/15/2003,Historical,Y,225526
142600,Reclamation Requirements,2,REC,91-147,2 482005002,10/16/1991,10/10/1996,Historical,N,225526
141835,NPDES Permit,2,NPDMUNILRG,90-101,2 482005001,07/18/1990,07/18/1995,Historical,Y,225526
141763,NPDES Permit,2,NPDMUNILRG,86-054,2 482005001,07/16/1986,07/16/1996,Historical,Y,225526
141746,NPDES Permit,2,NPDMUNILRG,86-023,2 482005001,04/16/1986,04/16/1991,Historical,N,225526
145465,NPDES Permit,2,NPDMUNILRG,85-053,2 482005001,05/15/1985,05/15/1990,Historical,Y,225526
132715,WDR,9,WDRMUNILRG,R9-2004-0223,9 000000206,09/08/2004,09/08/2013,Active,N,226637
142451,WDR,9,WDRMUNILRG,93-041,9 000000206,12/20/1993,12/20/2003,Historical,Y,226637
143325,WDR,9,WDRMUNILRG,87-082,9 000000206,05/04/1987,05/04/1992,Historical,Y,226637
141844,WDR,9,WDRMUNILRG,79-035,9 000000206,05/21/1979,05/21/1982,Historical,Y,226637
440305,Co-Permitee,SB,SLIC,2020-0015-DWQ,4A560101001,07/09/2020,,Active,N,225881
417130,WDR,4,WDRMUNILRG,R4-2017-0186,4A560101001,10/05/2017,10/31/2023,Historical,Y,225881
305081,WDR,4,WDRMUNILRG,R4-2006-0049,4A560101001,05/11/2006,05/11/2016,Historical,N,225881
132299,NPDES Permit,4,NPDMUNILRG,R4-2003-0136,4A560101002,11/21/2003,12/09/2009,Historical,N,225881
136754,WDR,4,WDRMUNILRG,97-038,4A560101001,04/07/1997,04/05/2007,Historical,N,225881
135320,NPDES Permit,4,NPDMUNILRG,92-023,4A560101002,04/20/1992,04/10/1997,Historical,N,225881
134666,WDR,4,WDRMUNILRG,89-007,4A560101001,01/23/1989,01/21/1999,Historical,N,225881
135266,WDR,4,WDRMUNILRG,86-048,4A560101001,06/23/1986,06/23/1989,Historical,N,225881
134443,NPDES Permit,4,NPDMUNILRG,85-048,4A560101002,08/26/1985,07/10/1990,Historical,N,225881
134369,NPDES Permit,4,NPDMUNILRG,84-09808,4A560101002,10/22/1984,10/10/1989,Historical,N,225881
133948,NPDES Permit,4,NPDMUNILRG,84-039,4A560101002,04/23/1984,04/10/1989,Historical,N,225881
133448,WDR,4,WDRMUNILRG,77-153,4A560101001,08/22/1977,08/22/1980,Historical,N,225881
377660,Enrollee - WDR,5S,WDRMUNIENROTH,97-010-DWQ,5B031025001,02/17/2011,02/16/2016,Active,Y,226847
132613,WDR,5S,WDRMUNIOTH,R5-2003-0182,5B031025001,12/05/2003,12/05/2013,Historical,N,226847
140669,WDR,5S,WDR,89-128,5B031025001,08/11/1989,08/07/2004,Historical,N,226847
425655,WDR,1,WDRMUNILRG,R1-2018-0033,1B83120OHUM,09/06/2018,09/06/2028,Active,N,226719
373801,WDR,1,WDRMUNIOTH,R1-2011-0096,1B83120OHUM,11/03/2011,11/02/2021,Historical,N,226719
135964,WDR,1,WDRMUNIOTH,R1-2000-0058,1B83120OHUM,08/27/2000,08/27/2010,Historical,N,226719
137832,WDR,1,WDRMUNIOTH,88-126,1B83120OHUM,09/28/1988,09/26/1998,Historical,N,226719
137050,WDR,1,WDRMUNIOTH,83-120,1B83120OHUM,09/27/1983,09/27/1986,Historical,N,226719
443249,Enrollee - NPDES,5S,NPDMUNILRG,R5-2023-0025,5B340101001,07/01/2021,06/30/2031,Active,N,226690
440481,Co-Permitee,SB,SLIC,2020-0015-DWQ,5B340101001,07/09/2020,,Active,N,226690
404159,NPDES Permit,5S,NPDMUNILRG,R5-2015-0123,5B340101001,02/01/2016,01/31/2021,Historical,N,226690
404160,WDR,5S,WDRMUNILRG,R5-2015-0125,5A34NC00075,12/11/2015,,Active,N,226690
376190,NPDES Permit,5S,NPDMUNILRG,R5-2010-0099,5B340101001,11/12/2010,09/01/2015,Historical,N,226690
132504,NPDES Permit,5S,NPDMUNILRG,R5-2004-0001,5B340101001,01/29/2004,01/01/2009,Historical,N,226690
132362,WDR,5S,WDRMUNILRG,03-053,5B340101001,04/24/2003,01/28/2004,Historical,N,226690
146840,NPDES Permit,5S,NPDMUNILRG,97-111,5B340101001,06/20/1997,06/01/2002,Historical,N,226690
141043,NPDES Permit,5S,NPDMUNILRG,91-054,5B340101001,02/22/1991,02/01/1996,Historical,N,226690
140660,NPDES Permit,5S,NPDMUNILRG,89-105,5B340101001,06/23/1989,06/01/1994,Historical,N,226690
139726,NPDES Permit,5S,NPDMUNILRG,83-110,5B340101001,09/23/1983,08/01/1988,Historical,N,226690
371576,Letter,5R,WDR,,5A520105001,09/25/2009,,Historical,N,227080
134409,WDR,5R,WDRMUNILRG,93-033,5A520105001,02/26/1993,05/15/2029,Active,N,227080
134921,WDR,5R,WDRMUNILRG,89-196,5A520105001,10/27/1989,10/27/1994,Historical,N,227080
134868,WDR,5R,WDRMUNILRG,89-008,5A520105001,01/27/1989,01/27/1994,Historical,N,227080
439532,WDR,5F,WDRMUNIOTH,2014-0153-DWQ-R5349,5C220701001,02/18/2021,11/06/2035,Active,N,227217
146251,WDR,5F,WDRMUNIOTH,96-215,5C220701001,08/09/1996,08/06/2011,Historical,N,227217
144921,WDR,5F,WDRMUNIOTH,79-048,5C220701001,02/23/1979,02/19/1994,Historical,N,227217
142175,WDR,2,WDRMUNIOTH,88-140,2 417042001,09/21/1988,06/15/2009,Active,N,227352
145251,WDR,2,WDRMUNIOTH,80-031,2 417042001,06/17/1980,09/21/1988,Historical,N,227352
132262,WDR,5S,LNDISPOTH,R5-2004-0021,5A48SC00002,02/05/2004,02/05/2019,Active,N,227140
148226,NPDES Permit,5S,NPDMUNIOTH,5-00-172,5A482002001,06/16/2000,06/01/2002,Historical,N,227140
146880,NPDES Permit,5S,NPDMUNIOTH,97-159,5A482002001,06/20/1997,06/01/2002,Historical,N,227140
140539,NPDES Permit,5S,NPDMUNIOTH,92-139,5A482002001,06/26/1992,06/01/1997,Historical,N,227140
141426,NPDES Permit,5S,NPDMUNIOTH,89-226,5A482002001,12/08/1989,10/01/1991,Historical,N,227140
140152,NPDES Permit,5S,NPDMUNIOTH,86-200,5A482002001,10/24/1986,10/01/1991,Historical,N,227140
139661,NPDES Permit,5S,NPDMUNIOTH,82-083,5A482002001,06/25/1982,,Historical,N,227140
418824,Enrollee - WDR,5F,WDRMUNIOTH,2014-0153-DWQ,5B05NC00004,12/12/2018,09/23/2029,Active,N,227381
418824,Enrollee - WDR,5S,WDRMUNIOTH,2014-0153-DWQ,5B05NC00004,12/12/2018,09/23/2029,Active,N,227381
131480,WDR,5S,WDRMUNIOTH,R5-2002-0125,5B05NC00004,06/07/2002,06/07/2012,Historical,N,227381
140385,WDR,5S,WDRMUNIOTH,90-055,5A091003001,02/23/1990,02/19/2005,Active,Y,227425
139300,WDR,5S,WDR,72-165,5A091003001,01/28/1972,01/28/1987,Historical,N,227425
417129,Enrollee - WDR,5R,WDRMUNIOTH,2014-0153-DWQ,5A321021001,02/01/2018,09/23/2029,Active,N,227440
134255,WDR,5R,WDRMUNIOTH,96-263,5A321021001,10/25/1996,10/22/2006,Historical,N,227440
410190,Enrollee - WDR,5R,WDRMUNIOTH,2014-0153-DWQ,5A321019001,10/14/2016,10/01/2031,Active,N,227445
134400,WDR,5R,WDRMUNIOTH,93-003,5A321019001,01/29/1993,01/29/2008,Historical,N,227445
433393,Enrollee - WDR,5S,WDRMUNIENROTH,2014-0153-DWQ,5A090102008,08/06/2019,09/23/2029,Active,N,227444
147738,WDR,5S,WDRMUNIOTH,5-00-135,5A090102008,06/16/2000,06/16/2015,Historical,N,227444
141379,WDR,5S,WDR,89-172,5A090102008,09/22/1989,09/18/2004,Historical,N,227444
139304,WDR,5S,WDR,72-267,5A090102008,05/26/1972,09/30/1989,Historical,N,227444
407683,Enrollee - WDR,5S,WDRMUNIOTH,2014-0153-DWQ,5A310802001,01/09/2017,01/08/2022,Active,N,227451
146407,WDR,5S,WDRMUNIOTH,95-092,5A310802001,04/28/1995,04/28/2010,Historical,N,227451
139720,WDR,5S,WDR,83-091,5A310802001,08/12/1983,08/08/1998,Historical,N,227451
400142,WDR,5F,WDRMUNIOTH,Never Active,5C221011001,,,Historical,N,227501
416367,Enrollee - WDR,5F,WDRMUNIOTH,2014-0153-DWQ,5C221011001,04/06/2018,09/23/2029,Active,N,227501
144662,WDR,5F,WDRMUNIOTH,86-230,5C221011001,12/12/1986,12/08/2001,Historical,Y,227501
144298,WDR,5F,WDRMUNIOTH,78-172,5C221011001,10/27/1978,09/30/1994,Historical,N,227501
375000,WDR,5F,WDRMUNILRG,,5D151027001,,,Never Active,N,227503
143796,WDR,5F,WDRMUNIOTH,81-122,5D151027001,12/11/1981,12/09/1991,Active,Y,227503
413903,Enrollee - WDR,5R,WDRMUNIOTH,2014-0153-DWQ,5A520106001,08/11/2017,08/01/2024,Active,N,227507
133845,WDR,5R,WDRMUNIOTH,95-239,5A520106001,10/27/1995,10/23/2015,Historical,N,227507
452393,Enrollee - WDR,3,WDRMUNILRG,R3-2020-0020,3 270104001,04/11/2023,09/24/2030,Active,N,227602
440279,Co-Permitee,SB,SLIC,2020-0015-DWQ,3 270104001,07/09/2020,,Active,N,227602
302168,WDR,3,WDRMUNILRG,R3-2006-0005,3 270104001,03/24/2006,03/24/2016,Historical,N,227602
148205,WDR,3,WDRMUNILRG,01-039,3 270104001,05/18/2001,03/23/2006,Historical,N,227602
143181,WDR,3,WDRMUNILRG,83-002,3 270104001,02/25/1983,11/14/2007,Historical,N,227602
404818,Enrollee - WDR,5R,WDRMUNIOTH,2014-0153-DWQ,5A321011002,12/09/2015,12/01/2031,Active,N,227713
134026,WDR,5R,WDRMUNIOTH,92-135,5A321011002,06/26/1992,06/26/2002,Historical,N,227713
133465,WDR,5R,WDRMUNIOTH,85-040,5A321011002,02/22/1985,02/22/1993,Historical,N,227713
433931,Enrollee - WDR,5F,WDRMUNIOTH,2014-0153-DWQ,5D540700001,08/13/2020,06/16/2030,Active,N,227781
144637,WDR,5F,WDRMUNIOTH,86-103,5D540700001,05/30/1986,05/27/1996,Historical,Y,227781
440268,Co-Permitee,SB,SLIC,2020-0015-DWQ,3 420102001,07/09/2020,,Active,N,227568
418037,NPDES Permit,3,NPDMUNILRG,R3-2017-0021,3 420102001,11/10/2017,11/09/2022,Active,N,227568
374332,NPDES Permit,3,NPDMUNILRG,R3-2010-0012,3 420102001,05/12/2010,05/12/2015,Historical,N,227568
303602,NPDES Permit,3,NPDMUNILRG,R3-2004-0129,3 420102001,11/19/2004,11/19/2014,Historical,N,227568
326915,NPDES Permit,3,NPDMUNILRG,R3-2004-0129-ARCHIVED,3 420102001,11/19/2004,11/19/2009,Archived,N,227568
133128,NPDES Permit,3,NPDMUNILRG,R3-2004-0129-ARCHIVED-ARCHIVED,3 420102001,11/19/2004,11/19/2009,Archived,N,227568
326916,NPDES Permit,3,NPDMUNILRG,R3-2004-0129-ARCHIVED,3 420102001,11/19/2004,11/19/2009,Archived,N,227568
147007,NPDES Permit,3,NPDMUNILRG,96-021,,07/26/1996,08/28/2001,Historical,N,227568
143722,NPDES Permit,3,NPDMUNILRG,85-069A1,3 420102001,09/14/1990,09/14/1995,Historical,N,227568
143721,NPDES Permit,3,NPDMUNILRG,85-069,3 420102001,09/06/1985,09/06/1990,Historical,N,227568
140872,WDR,5S,WDRMUNILRG,93-088,5C500110001,06/25/1993,06/23/2003,Active,N,227843
140077,WDR,5S,WDRMUNILRG,75-260,5C500110001,11/21/1975,08/01/1990,Historical,N,227843
446876,Enrollee - NPDES,5S,NPDMUNILRG,R5-2023-0025,5A290100001,02/01/2022,10/01/2028,Active,N,227818
440461,Co-Permitee,SB,SLIC,2020-0015-DWQ,5A290100001,07/09/2020,,Active,N,227818
405024,NPDES Permit,5S,NPDMUNILRG,R5-2016-0012,5A290100001,04/01/2016,03/31/2021,Historical,N,227818
367978,NPDES Permit,5S,NPDMUNILRG,R5-2009-0067,5A290100001,07/31/2009,06/12/2014,Historical,N,227818
132649,NPDES Permit,5S,NPDMUNILRG,R5-2003-0089,5A290100001,06/06/2003,06/01/2008,Historical,N,227818
146705,NPDES Permit,5S,NPDMUNILRG,98-060,5A290100001,04/17/1998,04/01/2003,Historical,Y,227818
146504,NPDES Permit,5S,NPDMUNILRG,96-200,5A290100001,08/09/1996,08/01/2001,Historical,N,227818
141181,NPDES Permit,5S,NPDMUNILRG,93-231,5A290100001,12/03/1993,12/01/1998,Historical,N,227818
140595,NPDES Permit,5S,NPDMUNILRG,89-004,5A290100001,01/27/1989,01/01/1994,Historical,N,227818
139713,NPDES Permit,5S,NPDMUNILRG,83-051,5A290100001,04/22/1983,01/27/1989,Historical,N,227818
435628,Enrollee - WDR,5R,WDRMUNIOTH,2014-0153-DWQ,5A320101001,09/16/2025,09/23/2035,Active,N,227918
134091,WDR,5R,WDRMUNILRG,99-046,5A320101001,04/30/1999,04/27/2015,Historical,N,227918
134415,WDR,5R,WDRMUNILRG,93-069,5A320101001,05/21/1993,05/21/2003,Historical,N,227918
133463,WDR,5R,WDRMUNILRG,85-020,5A320101001,01/25/1985,01/25/1990,Historical,N,227918
447519,Enrollee - WDR,3,WDRMUNILRG,R3-2020-0020,3 270105001,04/21/2022,09/24/2030,Active,N,227893
440277,Co-Permitee,SB,SLIC,2020-0015-DWQ,3 270105001,07/09/2020,,Active,N,227893
131446,WDR,3,WDRMUNILRG,R3-2002-0062,3 270105001,05/31/2002,05/30/2020,Historical,N,227893
143838,WDR,3,WDRMUNILRG,89-018,3 270105001,02/10/1989,02/07/2004,Historical,N,227893
142954,WDR,3,WDRMUNILRG,80-034,3 270105001,07/11/1980,01/01/1985,Historical,N,227893
142928,WDR,3,WDRMUNILRG,74-059,3 270105001,05/10/1974,01/01/1979,Historical,N,227893
317186,WDR,5R,WDRMUNILRG,R5-2006-0127,5A040103001,12/08/2006,12/08/2016,Active,N,227980
134105,WDR,5R,WDRMUNILRG,99-089,5A040103001,06/11/1999,06/11/2006,Historical,N,227980
133903,WDR,5R,WDRMUNILRG,96-131,5A040103001,05/03/1996,05/01/2006,Historical,N,227980
133482,WDR,5R,WDRMUNILRG,85-128,5A040103001,05/31/1985,05/31/1990,Historical,N,227980
418402,Enrollee - WDR,5R,WDRMUNIOTH,2014-0153-DWQ,5A321022001,12/08/2017,09/23/2029,Active,N,228016
146049,WDR,5R,WDRMUNIOTH,99-140,5A321022001,10/29/1999,10/29/2014,Historical,Y,228016
429445,Enrollee - WDR,5R,WDRMUNIENROTH,2014-0153-DWQ,5A32NC00018,06/07/2019,09/23/2029,Active,N,228018
396138,Letter,5R,NPDMUNIOTH,,5A32NC00009,03/07/2014,,Historical,N,228018
375936,NPDES Permit,5R,NPDMUNIOTH,R5-2011-0081,5A32NP00001,12/01/2011,12/01/2016,Historical,N,228018
321590,Reclamation Requirements,5R,REC,R5-2007-0001,5A32NC00009,01/25/2007,,Historical,N,228018
297320,NPDES Permit,5R,NPDMUNIOTH,R5-2005-0170,5A32NP00001,11/29/2005,11/01/2010,Historical,N,228018
137596,WDR,1,WDRMUNIOTH,87-12101,1A76162OSIS,09/24/1987,09/23/2027,Active,N,227962
137331,WDR,1,WDRMUNIOTH,76-162,1A76162OSIS,07/29/1976,09/24/1987,Historical,N,227962
450640,WDR,8,WDRMUNILRG,R8-2022-0050,8 300112001,12/02/2022,12/02/2032,Active,N,228046
447591,NPDES Permit,8,NPDMUNIOTH,R8-2022-0002,8 303545001,04/01/2022,03/31/2027,Active,N,228046
399185,NPDES Permit,8,NPDMUNIOTH,R8-2014-0069,8 303545001,01/01/2015,12/31/2019,Historical,N,228046
349566,NPDES Permit,8,NPDMUNIOTH,R8-2008-0004,8 303545001,07/18/2008,07/01/2013,Historical,N,228046
132535,Reclamation Requirements,8,REC,R8-2004-0002,8 300112001,03/12/2004,03/12/2019,Historical,Y,228046
386711,401 Certification,8,CERFILLEXC,,,01/03/2001,,Historical,N,228046
139932,Reclamation Requirements,8,REC,91-121,8 300112001,11/15/1991,11/12/2001,Historical,Y,228046
139278,WDR,8,REC,86-076,8 300112001,05/09/1986,05/01/1989,Historical,N,228046
194393,Enrollee - WDR,5S,WDRMUNIENROTH,97-010-DWQ,5A090111001,06/17/2000,06/16/2005,Active,N,228067
140662,WDR,5S,WDR,89-109,5A090111001,06/23/1989,06/19/2004,Historical,N,228067
138680,WDR,5S,WDR,77-089,5A090111001,05/27/1977,06/30/1991,Historical,N,228067
139891,WDR,5F,WDRMUNILRG,87-121,5C550100001,06/26/1987,06/23/1997,Active,N,228057
138932,WDR,5S,WDRMUNILRG,77-216,5C550100001,07/22/1977,09/30/1988,Historical,N,228057
424758,Enrollee - WDR,5R,WDRMUNIOTH,2014-0153-DWQ,5A041034001,10/04/2018,09/23/2029,Active,N,228152
134090,WDR,5R,WDRMUNIOTH,99-045,5A041034001,04/30/1999,04/26/2014,Historical,N,228152
133720,WDR,5R,WDRMUNIOTH,85-262,5A041034001,09/27/1985,09/27/2000,Historical,N,228152
133163,WDR,5R,WDRMUNIOTH,81-026,5A041034001,02/27/1981,09/27/1985,Historical,N,228152
452803,Enrollee - WDR,3,WDRMUNILRG,R3-2020-0020,3 420103001,05/30/2023,09/24/2030,Active,N,228104
296594,WDR,3,WDRMUNILRG,R3-2005-0015,3 420103001,09/09/2005,09/08/2020,Historical,N,228104
147451,WDR,3,WDRMUNILRG,93-008,3 420103001,09/10/1993,09/08/2003,Historical,N,228104
143868,WDR,3,WDRMUNILRG,86-142,3 420103001,06/13/1986,12/01/1990,Historical,N,228104
143005,WDR,3,WDRMUNILRG,81-027,3 420103001,02/06/1981,02/06/1986,Historical,N,228104
142937,WDR,3,WDRMUNILRG,79-072,3 420103001,11/09/1979,01/01/1984,Historical,N,228104
143538,WDR,3,WDRMUNILRG,76-031,3 420103001,06/11/1976,01/01/1981,Historical,N,228104
378482,Letter,4,WDRMUNIOTH,13263 Letter,,01/10/2011,,Never Active,N,229051
135439,WDR,4,WDRMUNIOTH,94-087,4A190107001,08/22/1994,,Active,N,229051
133879,WDR,4,WDRMUNIOTH,87-087,4A190107001,06/22/1987,06/22/1990,Historical,N,229051
133171,WDR,4,WDRMUNIOTH,73-028,4A190107001,04/12/1973,04/12/1976,Historical,N,229051
133056,WDR,4,WDRMUNIOTH,72-053,4A190107001,09/13/1972,09/13/1975,Historical,N,229051
409176,WDR,1,WDRMUNIOTH,R1-2022-0004,1B89005RMEN,04/07/2022,04/07/2032,Active,N,228109
261039,Letter,1,WDR,051203,1B89005RMEN,05/12/2003,,Historical,N,228109
137948,WDR,1,WDRMUNIOTH,92-120,1B89005RMEN,09/24/1992,09/22/2014,Historical,N,228109
137888,WDR,1,WDRMUNIOTH,89-030,1B89005RMEN,04/26/1989,04/26/1994,Historical,N,228109
301694,Enrollee,5S,WDR,2006-0003-DWQ,,,,Historical,N,229145
141770,WDR,5S,WDRMUNIOTH,94-151,5A310801001,05/20/1994,05/16/2009,Active,N,229145
138871,WDR,5S,WDR,69-205,5A310801001,03/14/1969,11/30/1990,Historical,N,229145
331383,Enrollee - WDR,5F,WDRMUNIENROTH,97-010-DWQ,5C552007001,07/11/2008,07/11/2023,Active,N,229466
139798,WDR,5S,WDRMUNIOTH,85-325,5C552007001,12/06/1985,12/02/2000,Historical,N,229466
138870,WDR,5S,WDRMUNIOTH,69-170,5C552007001,02/14/1969,,Historical,N,229466
146737,WDR,5R,WDRMUNILRG,R5-1998-081,5A110103001,04/17/1998,04/14/2008,Active,N,229544
140196,WDR,5S,WDRMUNILRG,87-015,5A110103001,01/23/1987,01/20/1997,Historical,N,229544
140092,WDR,5S,WDRMUNILRG,76-077,5A110103001,03/26/1976,,Historical,N,229544
447871,NPDES Permit,5S,NPDMUNIOTH,R5-2022-0024,5A581007001,06/01/2022,05/31/2027,Active,N,229559
412827,NPDES Permit,5S,NPDMUNIOTH,R5-2017-0037,5A581007001,06/01/2017,05/31/2021,Historical,N,229559
382772,NPDES Permit,5S,NPDMUNIOTH,R5-2011-0086,5A581007001,12/01/2011,12/01/2016,Historical,N,229559
131482,NPDES Permit,5S,NPDMUNIOTH,R5-2002-0101,5A581007001,06/07/2002,06/07/2007,Historical,Y,229559
146507,NPDES Permit,5S,NPDMUNIOTH,96-203,5A581007001,08/09/1996,08/09/2001,Historical,N,229559
141106,NPDES Permit,5S,NPDMUNIOTH,91-144,5A581007001,06/28/1991,06/01/1996,Historical,N,229559
140469,NPDES Permit,5S,NPDMUNIOTH,84-066,5A581007001,06/22/1984,07/01/1989,Historical,N,229559
439621,Enrollee - NPDES,5S,NPDMUNILRG,R5-2023-0025,5A090100001,08/01/2020,07/01/2030,Active,N,229595
440458,Co-Permitee,SB,SLIC,2020-0015-DWQ,5A090100001,07/09/2020,,Active,N,229595
395004,NPDES Permit,5S,NPDMUNILRG,R5-2014-0015-01,5A090100001,04/27/2014,02/01/2019,Historical,Y,229595
372237,Resolution,5S,NPDESWW,R5-2008-0159,5A090100001,10/24/2008,,Active,N,229595
345322,NPDES Permit,5S,NPDMUNILRG,R5-2008-0053,5A090100001,06/14/2008,04/01/2013,Historical,Y,229595
148212,NPDES Permit,5S,NPDMUNILRG,R5-2001-0045-A01,5A090100001,03/16/2001,03/01/2006,Historical,Y,229595
141272,NPDES Permit,5S,NPDMUNILRG,94-334,5A090100001,12/09/1994,12/01/1999,Historical,N,229595
141424,NPDES Permit,5S,NPDMUNILRG,89-220,5A090100001,12/08/1989,12/01/1994,Historical,N,229595
139139,NPDES Permit,5S,NPDMUNILRG,85-004,5A090100001,01/25/1985,12/01/1989,Historical,N,229595
448229,WDR,1,WDRMUNILRG,R1-2022-0011,1A75211OSIS,06/09/2022,06/09/2037,Active,N,229643
139233,WDR,1,WDRMUNILRG,98-002,1A75211OSIS,02/26/1998,02/24/2014,Historical,N,229643
137640,WDR,1,WDRMUNILRG,88-021,1A75211OSIS,02/25/1988,02/22/1998,Historical,N,229643
137111,WDR,1,WDRMUNILRG,86-087,1A75211OSIS,05/01/1986,02/25/1993,Historical,N,229643
136929,WDR,1,WDRMUNILRG,75-211,1A75211OSIS,09/25/1975,09/25/1980,Historical,N,229643
440375,Co-Permitee,SB,SLIC,2020-0015-DWQ,9 000000031,07/09/2020,,Active,N,229726
420777,NPDES Permit,9,NPDMUNILRG,R9-2018-0002,9 000000031,06/01/2018,05/31/2023,Active,N,229726
375642,NPDES Permit,9,NPDMUNILRG,R9-2010-0086,,10/28/2010,10/27/2015,Historical,Y,229726
344634,Letter,9,NPDESWW,,9 000000031,04/03/2008,,Historical,N,229726
261373,NPDES Permit,9,NPDMUNILRG,R9-2005-0101,9 000000031,06/08/2005,06/08/2010,Historical,N,229726
147465,NPDES Permit,9,NPDMUNILRG,R9-1999-0072,9 000000031,11/10/1999,11/10/2004,Historical,N,229726
142247,NPDES Permit,9,NPDMUNILRG,R9-1994-0104,9 000000031,11/10/1994,11/10/1999,Historical,Y,229726
143363,NPDES Permit,9,NPDMUNILRG,R9-1988-0004,9 000000031,06/06/1988,06/06/1993,Historical,Y,229726
141889,NPDES Permit,9,NPDMUNILRG,R9-1981-0010,9 000000031,03/23/1981,03/23/1986,Historical,N,229726
141352,NPDES Permit,9,NPDMUNILRG,R9-1974-0014,9 000000031,01/28/1974,01/28/1977,Historical,N,229726
401768,Enrollee - WDR,9,REC,WQO-2014-0090-DWQ,9 000000592,,,Never Active,N,229727
374060,WDR,9,WDRMUNILRG,R9-2010-0032,9 000000592,07/14/2010,07/14/2015,Active,N,229727
143056,WDR,9,WDRMUNILRG,R9-1993-0070,9 000000592,06/21/1993,07/14/2010,Superceded,Y,229727
366371,WDR,1,WDRMUNIOTH,R1-2012-0105,1A97069RTRI,12/06/2012,12/06/2022,Active,N,229873
139283,WDR,1,WDRMUNILRG,98-051,1A97069RTRI,05/27/1998,05/24/2018,Historical,N,229873
162510,Unregulated,2,PTPRG,,2 019022001,,,Never Active,N,229882
450829,Co-Permitee,2,NPDMUNILRG,R2-2022-0023,2 019022001,09/01/2022,08/31/2027,Active,N,229882
448549,NPDES Permit,2,NPDMUNILRG,R2-2022-0023,2 019123001,09/01/2022,08/31/2027,Active,N,229882
430618,Co-Permitee,2,NPDMUNILRG,R2-2024-0013,2 019022001,07/01/2019,09/30/2029,Active,N,229882
416689,Co-Permitee,2,NPDMUNILRG,R2-2017-0016,2 019032002,07/01/2017,,Active,N,229882
415017,Co-Permitee,2,NPDMUNILRG,R2-2017-0016,2 019022001,07/01/2017,,Historical,N,229882
413161,NPDES Permit,2,NPDMUNILRG,R2-2017-0016,2 019123001,07/01/2017,07/01/2022,Historical,Y,229882
389088,Co-Permitee,2,NPDMUNILRG,R2-2017-0041,,01/01/2013,12/31/2017,Active,Y,229882
383501,Co-Permitee,2,NPDMUNILRG,R2-2012-0004,2 019022002,03/01/2012,02/28/2017,Historical,N,229882
388116,NPDES Permit,2,NPDMUNILRG,R2-2012-0004-02,2 019022001,03/01/2012,02/28/2017,Historical,N,229882
382900,NPDES Permit,2,NPDMUNILRG,R2-2012-0004,2 019123001,03/01/2012,02/28/2017,Historical,Y,229882
378810,Co-Permitee,2,NPDMUNILRG,R2-2011-0012,2 019022001,04/01/2011,12/31/2012,Historical,N,229882
360499,Co-Permitee,2,NPDMUNILRG,R2-2007-0077,,03/01/2008,12/31/2012,Historical,N,229882
307632,NPDES Permit,2,NPDMUNILRG,R2-2006-0053,2 019123001,10/01/2006,09/30/2011,Historical,Y,229882
307628,NPDES Permit,2,NPDMUNILRG,R2-2006-0053-02,2 019022001,10/01/2006,09/30/2011,Historical,N,229882
148294,NPDES Permit,2,NPDMUNILRG,R2-2000-0087-02,2 019022001,08/16/2000,08/16/2005,Historical,Y,229882
148293,NPDES Permit,2,NPDMUNILRG,R2-2000-0087-01,2 019123001,08/16/2000,08/16/2005,Historical,Y,229882
143311,NPDES Permit,2,NPDMUNILRG,94-07202,2 019022001,06/15/1994,06/15/1999,Historical,N,229882
141591,NPDES Permit,2,NPDMUNILRG,89-09802,2 019022001,06/21/1989,06/21/1994,Historical,Y,229882
145974,NPDES Permit,2,NPDMUNILRG,84-03002,2 019022001,06/20/1984,06/20/1989,Historical,Y,229882
441149,NPDES Permit,1,NPDMUNILRG,R1-2022-0017,1B82046OSON,12/01/2022,11/30/2027,Active,N,229922
440244,Co-Permitee,SB,SLIC,2020-0015-DWQ,1B82046OSON,07/09/2020,,Active,N,229922
399916,NPDES Permit,1,NPDMUNILRG,R1-2016-0015,1B82046OSON,08/01/2016,07/31/2021,Historical,Y,229922
376474,NPDES Permit,1,NPDMUNILRG,R1-2010-0034,1B82046OSON,12/01/2010,12/01/2015,Historical,Y,229922
308397,NPDES Permit,1,NPDMUNILRG,R1-2005-0084,1B82046OSON,10/12/2005,10/11/2010,Historical,N,229922
133126,NPDES Permit,1,NPDMUNILRG,04-111,1B82046OSON,11/29/2004,11/29/2009,Historical,N,229922
132899,NPDES Permit,1,NPDMUNILRG,04-064,1B82046OSON,10/06/2004,10/06/2009,Historical,N,229922
137785,WDR,1,NPDESWW,92-080,1B82046OSON,06/25/1992,06/24/2002,Historical,N,229922
136709,WDR,1,NPDESWW,82-046,1B82046OSON,04/22/1982,04/22/1985,Historical,N,229922
448568,NPDES Permit,7,NPDMUNIOTH,R7-2022-0007,7A130104011,07/01/2022,06/30/2027,Active,N,229967
407225,NPDES Permit,7,NPDMUNIOTH,R7-2016-0006,7A130104011,08/01/2016,06/30/2021,Historical,N,229967
379977,NPDES Permit,7,NPDMUNIOTH,R7-2011-0019,7A130104011,07/01/2011,06/30/2016,Historical,N,229967
372100,Amendment,7,NPDMUNIOTH,R7-2009-0058,7A130104011,09/17/2009,,Historical,N,229967
306413,NPDES Permit,7,NPDMUNIOTH,R7-2006-0049,7A130104011,06/21/2006,06/21/2011,Historical,N,229967
148072,NPDES Permit,7,NPDMUNIOTH,R7-2000-0100,7A130104011,09/13/2000,09/13/2005,Historical,N,229967
136183,NPDES Permit,7,NPDMUNIOTH,95-045,7A130104011,06/28/1995,06/26/2000,Historical,N,229967
136798,NPDES Permit,7,NPDMUNIOTH,90-008,7A130104011,01/17/1990,01/17/1995,Historical,N,229967
135032,NPDES Permit,7,NPDMUNIOTH,84-097,7A130104011,09/19/1984,01/30/1990,Historical,N,229967
402271,Enrollee - WDR,5F,WDRMUNIOWTS,2014-0153-DWQ,5C10NC00059,06/25/2015,06/25/2025,Active,N,230034
396259,Letter,5F,WDRMUNIENROTH,,5C10NC00059,05/15/2014,,Historical,N,230034
194884,Enrollee - WDR,5F,WDRMUNIENROTH,97-010-DWQ,5C10NC00059,06/24/2002,06/23/2017,Historical,N,230034
145686,NPDES Permit,5F,NPDMUNIOTH,96-108,5D102011002,05/03/1996,05/15/2001,Historical,N,230034
144736,NPDES Permit,5F,NPDMUNIOTH,91-026,5D102011002,01/25/1991,01/25/1996,Historical,N,230034
440318,Co-Permitee,SB,SLIC,2020-0015-DWQ,6B361111001,07/09/2020,,Active,N,230011
403017,WDR,6V,WDRMUNILRG,R6V-2018-0015,6B361111001,04/12/2018,04/12/2028,Active,N,230011
148400,WDR,6V,WDRMUNILRG,01-039,6B361111001,06/13/2001,06/13/2011,Historical,N,230011
147162,WDR,6V,WDRMUNILRG,90-013,6B361111001,02/08/1990,02/08/2000,Historical,Y,230011
147191,WDR,6V,WDRMUNILRG,84-010,6B361111001,01/12/1984,01/12/1989,Historical,N,230011
147863,WDR,6V,WDRMUNILRG,77-015,6B361111001,02/10/1977,02/10/1982,Historical,N,230011
147852,WDR,6V,WDRMUNILRG,76-018,6B361111001,02/26/1976,02/26/1981,Historical,N,230011
147330,WDR,6V,WDRMUNILRG,71-019,6B361111001,06/11/1971,06/11/1976,Historical,N,230011
148097,WDR,5F,WDRINDFP,5-00-203,5C552016001,09/15/2000,09/15/2010,Active,N,229817
148097,WDR,5F,WDRINDFP,5-00-203,5C552016001,09/15/2000,09/15/2010,Active,N,229817
139836,WDR,5S,WDR,86-008,5C552016001,01/24/1986,01/22/1996,Historical,N,229817
443318,Enrollee - WDR,5F,WDRMUNIOTH,2014-0153-DWQ,5C200701001,06/17/2021,09/23/2029,Active,N,230092
144396,WDR,5F,WDRMUNIOTH,90-152,5C200701001,05/25/1990,05/21/2005,Historical,N,230092
370124,WDR,1,WDRMUNIOTH,,1B88069RMEN,,,Never Active,N,230118
446982,Enrollee - WDR,1,WDRMUNIOTH,2014-0153-DWQ,1B88069RMEN,11/18/2024,09/23/2029,Active,N,230118
459221,Individual Monitoring Requirem,1,WDRMUNIOTH,R1-2024-0008,1B88069RMEN,11/18/2024,09/23/2029,Active,N,230118
139889,WDR,1,WDRMUNIOTH,98-122,1B88069RMEN,12/10/1998,12/10/2016,Historical,N,230118
138695,WDR,1,WDRMUNIOTH,96-006,1B88069RMEN,02/22/1996,02/19/2006,Historical,N,230118
138602,WDR,1,WDRMUNIOTH,89-141,1B88069RMEN,11/16/1989,11/14/1999,Historical,N,230118
145691,WDR,5F,WDRMUNIOTH,96-141,5D102011001,05/03/1996,05/01/2006,Active,N,230037
145632,WDR,5F,WDRMUNIOTH,96-017,5D102011001,01/26/1996,01/23/2006,Historical,N,230037
143904,WDR,5F,WDRMUNIOTH,75-143,5D102011001,05/23/1975,05/20/1985,Historical,N,230037
418018,NPDES Permit,3,NPDMUNIOTH,R3-2017-0026,3 401013001,12/01/2017,11/30/2022,Active,N,230132
379540,NPDES Permit,3,NPDMUNIOTH,R3-2011-0007,3 401013001,06/01/2011,06/01/2016,Historical,N,230132
306484,NPDES Permit,3,NPDMUNIOTH,R3-2006-0012,3 401013001,03/24/2006,03/31/2011,Historical,N,230132
146992,NPDES Permit,3,NPDMUNIOTH,95-036,3 401013001,07/14/1995,07/12/2000,Historical,N,230132
146922,NPDES Permit,3,NPDMUNIOTH,94-021,3 401013001,03/11/1994,03/11/1995,Historical,N,230132
144674,NPDES Permit,3,NPDMUNIOTH,91-010,3 401013001,07/12/1991,02/01/1994,Historical,N,230132
143832,NPDES Permit,3,NPDMUNIOTH,89-012,3 401013001,01/13/1989,02/01/1994,Historical,N,230132
143504,NPDES Permit,3,NPDMUNIOTH,86-095,3 401013001,06/13/1986,02/01/1989,Historical,N,230132
143599,NPDES Permit,3,NPDMUNIOTH,77-074,3 401013001,12/09/1977,01/01/1982,Historical,N,230132
142875,NPDES Permit,3,NPDMUNIOTH,73-024,3 401013001,01/01/1973,01/01/1978,Historical,N,230132
141327,WDR,2,WDRINDIVSML,87-121,2 283034001,09/16/1987,09/16/2002,Active,N,230181
145523,Reclamation Requirements,2,REC,81-010,2 283034001,02/18/1981,02/18/1996,Historical,N,230181
145240,WDR,2,WDRINDIVLRG,79-089,2 283034001,07/17/1979,07/17/1994,Historical,N,230181
131826,WDR,5S,WDRMUNIOTH,R5-2003-0048,5A29NC00004,03/14/2003,03/14/2018,Active,Y,230290
147692,WDR,5S,WDRMUNILRG,5-00-019,5A171034001,01/27/2000,01/27/2010,Active,N,230282
141737,WDR,5S,WDR,94-138,5A171034001,05/20/1994,05/17/2004,Historical,N,230282
139788,WDR,5S,WDR,85-289,5A171034001,10/25/1985,10/25/1990,Historical,N,230282
138876,WDR,5S,WDR,70-131,5A171034001,02/16/1970,,Historical,N,230282
446737,NPDES Permit,7,NPDMUNIOTH,R7-2022-0005,7A130105011,03/01/2022,04/30/2027,Active,N,230588
404868,NPDES Permit,7,NPDMUNIOTH,R7-2016-0005,7A130105011,08/01/2016,06/30/2021,Historical,N,230588
379218,NPDES Permit,7,NPDMUNIOTH,R7-2011-0020,7A130105011,06/01/2011,05/31/2016,Historical,N,230588
370703,Amendment,7,NPDMUNIOTH,R7-2009-0016-B,7A130105011,05/21/2009,,Historical,N,230588
306531,NPDES Permit,7,NPDMUNIOTH,R7-2006-0050,7A130105011,06/21/2006,06/21/2011,Historical,N,230588
145096,NPDES Permit,7,NPDMUNIOTH,R7-2001-0002,7A130105011,03/14/2001,03/14/2006,Historical,N,230588
136181,NPDES Permit,7,NPDMUNIOTH,95-043,7A130105011,06/28/1995,06/26/2000,Historical,N,230588
136794,NPDES Permit,7,NPDMUNIOTH,90-004,7A130105011,01/17/1990,01/17/1995,Historical,N,230588
135033,NPDES Permit,7,NPDMUNIOTH,84-098,7A130105011,09/19/1984,01/30/1990,Historical,N,230588
133595,WDR,6V,WDRMUNIOTH,04-018,6B140109001,06/09/2004,06/09/2014,Active,N,230429
146534,WDR,6V,WDRMUNIOTH,94-063,6B140109001,05/19/1994,05/19/2004,Historical,N,230429
147193,WDR,6V,WDRMUNIOTH,84-012,6B140109001,01/12/1984,01/12/1989,Historical,N,230429
454064,WDR,1,WDRMUNIOTH,R1-2023-0013,1B80154OMEN,06/15/2023,06/07/2033,Active,N,230693
347603,WDR,1,WDRMUNIOTH,R1-2008-0003,1B80154OMEN,06/12/2008,06/11/2018,Historical,N,230693
137960,WDR,1,WDRMUNIOTH,93-011,1B80154OMEN,01/28/1993,01/26/2003,Historical,N,230693
137580,WDR,1,WDRMUNIOTH,87-087,1B80154OMEN,07/30/1987,07/30/1992,Historical,N,230693
136632,WDR,1,WDRMUNIOTH,80-154,1B80154OMEN,09/25/1980,09/25/1985,Historical,N,230693
455238,Enrollee - WDR,3,REC,2016-0068-DDW,3 251223000,12/01/2023,08/05/2026,Active,N,230555
454854,Enrollee - WDR,3,WDRMUNILRG,R3-2020-0020,3 350100001,10/24/2023,09/24/2030,Active,N,230555
440278,Co-Permitee,SB,SLIC,2020-0015-DWQ,3 350100001,07/09/2020,,Active,N,230555
359247,WDR,3,WDRMUNILRG,R3-2008-0069,3 350100001,12/05/2008,06/26/2019,Historical,Y,230555
143978,WDR,3,WDRMUNILRG,87-047,3 350100001,03/13/1987,01/01/2004,Historical,N,230555
142944,WDR,3,WDRMUNILRG,80-014,3 350100001,09/12/1980,09/01/1985,Historical,N,230555
393487,Enrollee - WDR,5F,WDRMUNIENROTH,97-010-DWQ,5C220100004,01/10/2014,01/10/2029,Active,N,230706
144181,WDR,5F,WDRMUNIOTH,85-163,5C220100004,06/28/1985,06/26/1995,Historical,N,230706
406917,WDR,6T,WDRMUNILRG,R6T-2016-0036,6A180208004,06/09/2016,06/09/2026,Active,Y,230784
132421,WDR,6T,WDRMUNILRG,R6T-2003-0018,6A180208004,05/21/2003,05/22/2008,Historical,N,230784
132671,WDR,1,WDRMUNIOWTS,R1-2003-0068,1B01078RSON,06/26/2003,06/26/2018,Active,N,230825
440480,Co-Permitee,SB,SLIC,2020-0015-DWQ,5C500101002,07/09/2020,,Active,N,230812
383599,WDR,5S,WDRMUNILRG,R5-2012-0003,5C500101002,02/02/2012,02/02/2022,Active,N,230812
140408,WDR,5S,WDRMUNILRG,R5-2000-0024,5C500101002,02/28/2000,02/28/2010,Historical,N,230812
140663,WDR,5S,WDRMUNILRG,89-111,5C500101002,06/23/1989,06/21/1999,Historical,N,230812
139724,WDR,5S,WDRMUNILRG,83-100,5C500101002,08/12/1983,08/12/1988,Historical,N,230812
394019,Enrollee,5F,WDRMUNIENROTH,97-010-DWQ,5C101005001,,,Never Active,N,230914
144647,WDR,5F,WDRMUNIOTH,86-133,5C101005001,06/27/1986,06/24/2001,Active,N,230914
460109,NPDES Permit,4,NPDMUNILRG,R4-2026-0152,4A560112001,08/01/2026,07/30/2031,Active,N,231693
440290,Co-Permitee,SB,SLIC,2020-0015-DWQ,4A560112001,07/09/2020,,Active,N,231693
428016,NPDES Permit,4,NPDMUNILRG,R4-2019-0137,4A560112001,01/01/2020,12/31/2024,Historical,N,231693
395353,NPDES Permit,4,NPDMUNILRG,R4-2014-0064,4A560112001,07/01/2014,06/30/2019,Historical,Y,231693
307128,Letter,4,PTPRG,Letter,,07/25/2006,,Historical,N,231693
193122,Enrollee,4,NPDNONMUNIPRCS,R4-2003-0111,4A567500009,01/29/2004,11/30/2005,Historical,N,231693
132642,NPDES Permit,4,NPDMUNILRG,R4-2003-0083,4A560112001,07/25/2003,12/31/2011,Historical,Y,231693
395568,NPDES Permit,4,NPDMUNILRG,96-044,4A560112001,06/10/1996,05/10/2001,Historical,Y,231693
135406,NPDES Permit,4,NPDMUNILRG,93-016,4A560112001,04/05/1993,03/10/1998,Historical,N,231693
134257,NPDES Permit,4,NPDMUNILRG,87-136,4A560112001,09/28/1987,09/10/1992,Historical,N,231693
134371,NPDES Permit,4,NPDMUNILRG,84-09810,4A560112001,10/22/1984,10/10/1989,Historical,N,231693
133983,NPDES Permit,4,NPDMUNILRG,84-047,4A560112001,05/21/1984,05/10/1989,Historical,N,231693
144384,WDR,5F,WDRMUNIOTH,90-075,5D101043001,03/23/1990,03/20/2000,Active,N,232097
144620,WDR,5F,WDRMUNIOTH,86-033,5D101043001,01/24/1986,06/30/1997,Historical,N,232097
421874,Enrollee - WDR,5F,WDRMUNIOTH,2014-0153-DWQ,5D101032002,02/06/2020,09/23/2029,Active,N,232098
145332,WDR,5F,WDRMUNIOTH,95-122,5D101032002,05/26/1995,05/23/2005,Historical,N,232098
144258,WDR,5F,WDRMUNIOTH,78-026,5D101032002,02/24/1978,02/22/1988,Historical,N,232098
141861,WDR,2,WDRMUNIOTH,90-128,2 215117001,09/19/1990,09/19/2005,Active,N,232151
145257,WDR,2,WDRMUNIOTH,81-007,2 215117001,01/21/1981,01/21/1991,Historical,N,232151
194826,Enrollee - WDR,5S,WDRNONMUNIPRCS,2003-0003-DWQ,5B39NC00038,05/10/2004,05/09/2009,Active,N,232170
461875,WDR,7,WDRMUNILRG,R7-2025-0019,7A130135001,07/01/2025,07/01/2040,Active,N,232259
396944,NPDES Permit,7,NPDMUNIOTH,R7-2014-0026,7A130113011,07/01/2014,06/30/2019,Historical,N,232259
387267,WDR,7,WDRMUNILRG,R7-2013-0018,7A130135001,03/21/2013,03/21/2028,Historical,N,232259
370752,NPDES Permit,7,NPDMUNIOTH,R7-2009-0021,7A130113011,06/18/2009,06/17/2014,Historical,N,232259
132862,NPDES Permit,7,NPDMUNIOTH,R7-2004-0084,7A130113011,07/01/2004,07/01/2009,Historical,N,232259
136860,NPDES Permit,7,NPDMUNIOTH,99-009,7A130113011,03/11/1999,03/09/2004,Historical,Y,232259
136608,NPDES Permit,7,NPDMUNIOTH,94-015,7A130113011,03/15/1994,03/15/1999,Historical,Y,232259
136059,NPDES Permit,7,NPDMUNIOTH,88-113,7A130113011,09/22/1988,09/22/1993,Historical,N,232259
135385,NPDES Permit,7,NPDMUNIOTH,83-109,7A130113011,11/16/1983,11/16/1988,Historical,N,232259
260826,Letter,4,WDR,2,,,,Historical,N,232063
260583,Letter,4,WDR,1,,,,Historical,N,232063
447793,NPDES Permit,4,NPDMUNILRG,R4-2023-0033,4B190106002,05/01/2023,04/30/2028,Active,N,232063
452460,Resolution,4,NPDMUNILRG,R23-002,4B190106002,04/27/2023,07/31/2025,Active,N,232063
447792,Resolution,4,NPDMUNILRG,R22-003,4B190106002,04/14/2022,,Historical,N,232063
444445,Letter,4,NPDMUNILRG,R4-2021-0107,4B190106002,07/29/2021,,Historical,Y,232063
440302,Co-Permitee,SB,SLIC,2020-0015-DWQ,4B190106002,07/09/2020,,Active,N,232063
437841,Resolution,4,NPDMUNILRG,R20-002,4B190106002,04/16/2020,,Historical,N,232063
412701,Resolution,4,NPDMUNILRG,R17-002,4B190106002,04/06/2017,04/06/2018,Historical,N,232063
384601,NPDES Permit,4,NPDMUNILRG,R4-2017-0045,4B190106002,04/01/2017,03/31/2022,Historical,N,232063
402447,Resolution,4,NPDMUNILRG,R16-002,4B190106002,04/14/2016,06/30/2017,Historical,N,232063
402887,Resolution,4,NPDMUNILRG,R15-008,4B190106002,09/10/2015,,Historical,N,232063
388697,Resolution,4,NPDMUNILRG,R15-002,4B190106002,03/12/2015,11/13/2015,Historical,N,232063
389608,Resolution,4,NPDMUNILRG,R13-001,4B190106002,03/07/2013,12/31/2014,Historical,N,232063
388949,13267 Letter (Non-Enforcement),4,NPDMUNILRG,R4-2010-0200,4B190106002,01/30/2013,,Historical,N,232063
384607,Resolution,4,NPDMUNILRG,R12-004,4B190106002,04/05/2012,03/31/2014,Historical,N,232063
378728,Resolution,4,NPDMUNILRG,R11-004,4B190106002,04/14/2011,09/30/2011,Historical,N,232063
377020,NPDES Permit,4,NPDMUNILRG,R4-2010-0200,4B190106002,12/24/2010,12/23/2015,Historical,N,232063
376405,Resolution,4,NPDMUNILRG,R10-002,4B190106002,05/06/2010,05/07/2015,Historical,N,232063
364492,Resolution,4,NPDMUNILRG,R09-001,4B190106002,03/05/2009,,Historical,N,232063
352056,Letter,4,NPDMUNILRG,R4-2005-0020,4B190106002,07/11/2008,,Historical,N,232063
324082,Resolution,4,NPDESWW,R07-004,,04/05/2007,,Historical,N,232063
307708,Resolution,4,NPDESWW,R06-010,4B190106002,05/11/2006,,Historical,N,232063
395582,Letter,4,NPDMUNILRG,R4-2005-0020,4B190106002,12/15/2005,,Historical,N,232063
133335,NPDES Permit,4,NPDMUNILRG,R4-2005-0020,4B190106002,05/14/2005,05/14/2010,Historical,N,232063
135002,NPDES Permit,4,NPDMUNILRG,94-021,,02/28/1994,02/10/1999,Historical,N,232063
133886,NPDES Permit,4,NPDMUNILRG,87-095,4B190106002,06/22/1987,06/10/1992,Historical,N,232063
135864,Resolution,4,NPDESWW,85-010R,4B190106002,11/25/1985,,Historical,N,232063
134124,Reclamation Requirements,4,REC,79-160,4B190106016,10/22/1979,10/22/1984,Historical,N,232063
133440,NPDES Permit,4,NPDMUNILRG,77-084,4B190106002,05/23/1977,05/10/1982,Historical,N,232063
133253,NPDES Permit,4,NPDMUNILRG,77-029,4B190106002,02/28/1977,02/10/1982,Historical,N,232063
133240,NPDES Permit,4,NPDMUNILRG,76-080,4B190106002,05/24/1976,05/10/1981,Historical,N,232063
133231,NPDES Permit,4,NPDMUNILRG,75-165,4B190106002,12/01/1975,11/10/1980,Historical,N,232063
133193,NPDES Permit,4,NPDMUNILRG,75-100,4B190106002,08/18/1975,08/10/1980,Historical,N,232063
416842,Enrollee - WDR,5S,WDRMUNIOTH,2014-0153-DWQ,5B051003002,09/07/2017,09/23/2029,Active,N,232360
140734,WDR,5S,WDRMUNIOTH,90-259,5B051003002,09/28/1990,09/24/2005,Historical,N,232360
443074,NPDES Permit,7,NPDMUNILRG,R7-2021-0002,7A130106011,05/01/2021,04/30/2026,Active,N,232297
440322,Co-Permitee,SB,SLIC,2020-0015-DWQ,7A130106011,07/09/2020,,Active,N,232297
402991,NPDES Permit,7,NPDMUNILRG,R7-2015-0030,7A130106011,10/01/2015,09/30/2020,Historical,N,232297
372762,NPDES Permit,7,NPDMUNILRG,R7-2010-0020,7A130106011,09/16/2010,09/15/2015,Historical,Y,232297
261353,NPDES Permit,7,NPDMUNILRG,R7-2005-0084,7A130106011,06/29/2005,10/01/2010,Historical,Y,232297
148258,NPDES Permit,7,NPDMUNILRG,R7-2000-0040,7A130106011,06/28/2000,06/28/2005,Historical,Y,232297
136169,NPDES Permit,7,NPDMUNILRG,95-017,7A130106011,03/29/1995,03/27/2000,Historical,N,232297
136782,NPDES Permit,7,NPDMUNILRG,89-068,7A130106011,11/29/1989,11/29/1994,Historical,N,232297
134933,NPDES Permit,7,NPDMUNILRG,84-018,7A130106011,05/16/1984,11/30/1989,Historical,N,232297
145513,WDR,5F,WDRINDFP,98-131,5D100115002,06/05/1998,06/02/2008,Active,N,232428
399459,WDR,7,WDRINDFP,R7-2014-0055,7A330104032,09/18/2014,09/18/2024,Active,N,232429
131293,WDR,7,WDRINDFP,02-099,7A330104032,05/08/2002,05/08/2012,Historical,N,232429
135565,WDR,7,WDRINDFP,91-037,7A330104032,06/26/1991,06/23/2001,Historical,N,232429
136265,WDR,7,WDRINDFP,86-008,7A330104032,01/22/1986,06/30/1991,Historical,Y,232429
134786,WDR,7,WDRINDFP,82-006,7A330104032,01/27/1982,01/27/1987,Historical,N,232429
146191,WDR,6V,WDRMUNILRG,93-077,6B150104001,08/12/1993,08/12/2003,Active,N,232625
147176,WDR,6V,WDRMUNILRG,83-016,6B150104001,02/18/1983,02/18/1988,Historical,N,232625
463719,Enrollee - WDR,3,WDRMUNIOTH,2014-0153-DWQ,3 271002001,12/09/2025,09/23/2029,Active,N,232363
143182,WDR,3,WDRMUNIOTH,83-003,3 271002001,01/14/1983,11/14/2008,Historical,N,232363
443761,13267 Letter (Non-Enforcement),5S,WDRMUNIOTH,,5B340103001,01/01/2014,,Active,N,232721
140685,WDR,5S,WDRMUNILRG,90-186,5B340103001,06/22/1990,06/19/2000,Active,N,232721
139557,WDR,5S,WDR,85-104,5B340103001,05/31/1985,05/31/1990,Historical,N,232721
137959,WDR,1,WDRMUNIOTH,93-01001,1B80023OMEN,01/28/1993,01/25/2014,Active,N,232641
138014,WDR,1,WDRMUNIOTH,80-023,1B80023OMEN,03/27/1980,03/27/1990,Historical,N,232641
457201,Enrollee - WDR,3,WDRMUNIENROTH,2014-0153-DWQ,3 420116002,06/03/2024,09/23/2029,Active,N,233409
375084,Enrollee - WDR,3,WDRMUNIENROTH,97-010-DWQ,3 420116002,07/08/2010,07/07/2025,Historical,N,233409
143408,WDR,3,WDRMUNIOTH,86-003,3 420116002,01/10/1986,06/03/2008,Historical,N,233409
457472,NPDES Permit,5S,NPDMUNILRG,R5-2024-0038,5B07NP00013,08/01/2024,07/31/2029,Active,N,232656
440482,Co-Permitee,SB,SLIC,2020-0015-DWQ,5B07NP00013,07/09/2020,,Active,N,232656
428157,NPDES Permit,5S,NPDMUNILRG,R5-2018-0090,5B07NP00013,02/01/2019,01/31/2024,Historical,N,232656
400987,Enrollee - WDR,5S,REC,2016-0068-DDW,5B07NC00031,06/19/2015,06/18/2020,Active,N,232656
394298,NPDES Permit,5S,NPDMUNILRG,R5-2013-0157,5B07NP00013,01/25/2014,01/01/2019,Historical,Y,232656
389086,WDR,5S,WDRMUNILRG,R5-2013-0010,5B070105005,02/01/2013,02/01/2023,Active,Y,232656
345347,NPDES Permit,5S,NPDMUNILRG,R5-2008-0057,5B07NP00013,06/14/2008,04/01/2013,Historical,N,232656
148458,WDR,5S,WDRMUNILRG,R5-2001-0237,5B070105005,09/07/2001,09/07/2011,Historical,N,232656
146353,WDR,5S,WDR,98-002,5B070105005,01/23/1998,01/21/2008,Historical,N,232656
145914,WDR,5S,WDR,95-265,5B070105005,12/08/1995,12/05/2005,Historical,N,232656
139518,WDR,5S,WDR,81-029,5B070105005,02/27/1981,02/25/1991,Historical,N,232656
434801,Enrollee - WDR,9,WDRMUNIENROTH,2014-0153-DWQ,9 000000109,10/09/2019,09/23/2029,Active,N,234117
141929,WDR,9,WDRMUNIOTH,R9-1983-0009,9 000000109,07/18/1983,04/13/2014,Historical,Y,234117
259697,Letter,6V,WDR,LT931012,,,,Historical,N,234123
440316,Co-Permitee,SB,SLIC,2020-0015-DWQ,6B260101002,07/09/2020,,Active,N,234123
146152,WDR,6V,WDRMUNILRG,93-019,6B260101002,03/11/1993,03/11/2003,Active,N,234123
147186,WDR,6V,WDRMUNILRG,83-106,6B260101002,09/08/1983,09/08/1988,Historical,N,234123
147948,WDR,6V,WDRMUNILRG,82-104,6B260101002,10/16/1982,10/16/1987,Historical,N,234123
147373,WDR,6V,WDRMUNILRG,75-001,6B260101002,01/23/1975,01/23/1980,Historical,N,234123
448413,Individual Monitoring Requirem,5F,WDRMUNILRG,R5-2021-0046,5C550101001,04/05/2022,,Active,N,233460
429663,WDR,5F,WDRMUNILRG,R5-2021-0046,5C550101001,08/13/2021,08/13/2031,Active,N,233460
440409,Co-Permitee,SB,SLIC,2020-0015-DWQ,5C550101001,07/09/2020,,Active,N,233460
142343,WDR,5F,WDRMUNILRG,5-01-062,5C550101001,03/16/2001,03/16/2011,Historical,N,233460
139841,WDR,5S,WDRMUNILRG,86-020,5C550101001,01/24/1986,01/22/1996,Historical,N,233460
139409,WDR,5S,WDRMUNILRG,79-232,5C550101001,10/26/1979,,Historical,N,233460
146723,WDR,6V,WDRMUNIOWTS,99-035,6B268090001,09/09/1999,09/09/2014,Active,N,234126
147934,WDR,6V,WDR,81-111,6B268090001,12/10/1981,12/10/1996,Historical,N,234126
143942,WDR,5F,WDRMUNILRG,75-235,5D150103001,10/24/1975,10/20/1990,Active,N,234854
374243,WDR,5F,WDRINDIVSML,Pending,5C10WR00005,,,Never Active,N,234841
440413,Co-Permitee,SB,SLIC,2020-0015-DWQ,5D100108001,07/09/2020,,Active,N,234841
331380,WDR,5F,WDRMUNILRG,R5-2007-0115,5D100108001,09/14/2007,09/14/2017,Active,N,234841
147813,WDR,5F,WDRMUNILRG,00-050,5D100108001,03/17/2000,03/17/2010,Historical,N,234841
144169,WDR,5F,WDRMUNILRG,85-112,5D100108001,05/31/1985,05/29/1995,Historical,N,234841
148782,WDR,5F,WDRMUNIOTH,R5-00-037,5D151163001,03/17/2000,03/17/2010,Active,N,234913
144991,WDR,5F,WDRMUNIOTH,94-235,5D151163001,09/16/1994,09/13/2004,Historical,N,234913
460815,Resolution,4,NPDMUNILRG,R25-001,4B190107013,03/27/2025,,Active,N,234156
459063,Resolution,4,NPDMUNILRG,R24-002,4B190107013,07/01/2023,,Active,N,234156
452398,NPDES Permit,4,NPDMUNILRG,R4-2023-0181,4B190107013,07/01/2023,06/30/2028,Active,N,234156
443386,Resolution,4,NPDMUNILRG,R21-005,4B190107013,05/13/2021,,Active,N,234156
440288,Co-Permitee,SB,SLIC,2020-0015-DWQ,4B190107013,07/09/2020,,Active,N,234156
429527,Resolution,4,NPDMUNILRG,R19-002,4B190107013,02/14/2019,09/01/2021,Active,N,234156
416544,NPDES Permit,4,NPDMUNILRG,R4-2017-0180,4B190107013,11/01/2017,10/31/2022,Historical,N,234156
393470,Resolution,4,NPDMUNILRG,R16-001,4B190107013,04/14/2016,05/15/2019,Active,N,234156
396839,401 Certification,4,CERFILLEXC,,4WQC40114060,02/04/2015,02/04/2020,Active,N,234156
395174,Resolution,4,NPDINDLRG,R14-002,4B190107013,02/06/2014,12/31/2016,Active,N,234156
388947,13267 Letter (Non-Enforcement),4,NPDMUNILRG,R4-2011-0151,4B190107013,01/30/2013,,Historical,N,234156
386498,Letter,4,NPDMUNILRG,R4-2011-0151,4B190107013,06/29/2012,,Historical,N,234156
384614,Resolution,4,NPDESWW,R12-003,4B190107013,04/05/2012,04/01/2014,Historical,N,234156
381433,NPDES Permit,4,NPDMUNILRG,R4-2011-0151,4B190107013,10/01/2011,08/10/2016,Historical,Y,234156
381097,Letter,4,NPDMUNILRG,R4-2006-0042,4B190107013,08/29/2011,,Historical,N,234156
378715,Resolution,4,NPDESWW,R11-005,4B190107013,04/14/2011,04/01/2014,Historical,N,234156
376377,Resolution,4,NPDESWW,R09-008,4B190107013,12/10/2009,11/15/2013,Historical,N,234156
343526,Resolution,4,NPDESWW,R08-004,4B190107013,03/06/2008,02/17/2014,Historical,N,234156
307022,Resolution,4,NPDESWW,R06-015,4B190107013,07/13/2006,07/14/2006,Historical,N,234156
316797,Enrollee,4,LNDISP,91-93,4B196206009,06/06/2006,09/06/2006,Historical,N,234156
305090,Enrollee,4,LNDISP,91-93,4B196206003,06/06/2006,,Historical,N,234156
305093,NPDES Permit,4,NPDMUNILRG,R4-2006-0042,4B190107013,05/25/2006,05/24/2011,Historical,N,234156
298880,Enrollee,4,LNDISP,91-93,4B196205021,12/15/2005,,Historical,N,234156
193765,Enrollee,4,LNDISP,91-93,4B196203013,07/16/2003,,Historical,N,234156
193764,Enrollee,4,LNDISP,91-93,4B196203012,06/09/2003,,Historical,N,234156
136815,NPDES Permit,4,NPDMUNILRG,97-090,4B190107013,06/16/1997,05/10/2002,Historical,Y,234156
134817,NPDES Permit,4,NPDMUNILRG,91-112,4B190107013,10/28/1991,10/10/1996,Historical,N,234156
134366,NPDES Permit,4,NPDMUNILRG,84-09805,4B190107013,10/22/1984,10/10/1989,Historical,N,234156
133442,NPDES Permit,4,NPDMUNILRG,77-099,4B190107013,06/27/1977,06/10/1982,Historical,N,234156
328915,WDR,5F,WDRMUNILRG,R5-2007-0090,5C15NC00056,06/22/2007,06/22/2017,Active,N,234915
317706,Individual Monitoring Requirem,5F,WDR,R5-2005-0824,5C15NC00056,09/01/2005,,Historical,N,234915
133381,Individual Monitoring Requirem,5F,WDRMUNILRG,05-51805,5C15NC00056,02/18/2005,01/01/2006,Historical,N,234915
456568,Enrollee - WDR,3,WDRMUNILRG,R3-2020-0020,3 270106001,04/12/2024,09/24/2030,Active,N,235021
440275,Co-Permitee,SB,SLIC,2020-0015-DWQ,3 270106001,07/09/2020,,Active,N,235021
144671,WDR,3,WDRMUNILRG,91-005,3 270106001,01/11/1991,01/08/2011,Historical,N,235021
143647,WDR,3,WDRMUNILRG,84-058,3 270106001,07/13/1984,07/13/1989,Historical,N,235021
143015,WDR,3,WDRMUNILRG,82-003,3 270106001,04/16/1982,01/01/1987,Historical,N,235021
448421,Letter,5F,WDRMUNILRG,,5B10NC00011,05/11/2022,,Historical,N,234146
444158,Letter,5F,WDRMUNILRG,,5B10NC00011,07/13/2021,,Historical,N,234146
372451,Letter,5F,WDR,,5B10NC00011,01/20/2010,,Historical,N,234146
172683,WDR,5F,WDRMUNILRG,R5-2007-0150,5B10NC00011,10/26/2007,10/26/2012,Active,N,234146
324052,Individual Monitoring Requirem,5F,WDR,R5-2006-0807,5B10NC00011,08/01/2006,,Historical,N,234146
145956,WDR,5F,WDRMUNIOTH,99-039,5D101028001,04/30/1999,04/27/2009,Active,Y,235051
143432,WDR,5F,WDRMUNIOTH,73-054,5D101028001,08/25/1973,08/23/1983,Historical,N,235051
447750,Enrollee - WDR,5S,WDRMUNIOTH,2014-0153-DWQ,5A291025001,04/21/2022,,Active,N,235068
145906,WDR,5S,WDRMUNIOTH,95-238,5A291025001,10/27/1995,10/27/2010,Historical,N,235068
137522,WDR,1,WDRMUNIOTH,84-118,1A84118ODN,09/27/1984,09/25/2029,Active,N,235102
333494,WDR,5S,WDRMUNILRG,R5-2007-0125,5B020101002,09/14/2007,09/14/2017,Active,N,235088
141728,WDR,5S,WDR,94-108,5B020101002,04/22/1994,09/13/2007,Historical,N,235088
139839,WDR,5S,WDR,86-018,5B020101002,01/24/1986,01/24/1991,Historical,N,235088
140463,WDR,5S,WDR,84-045,5B020101002,03/23/1984,,Historical,N,235088
340006,WDR,5S,WDRMUNILRG,R5-2007-0149,5A570101001,10/26/2007,10/26/2017,Active,N,235144
141228,WDR,5S,WDR,94-020,5A570101001,01/28/1994,01/26/2004,Historical,N,235144
139849,WDR,5S,WDR,86-030,5A570101001,01/24/1986,01/24/1991,Historical,N,235144
138662,WDR,5S,WDR,76-186,5A570101001,08/27/1976,,Historical,N,235144
364419,WDR,5S,WDRMUNILRG,R5-2002-0157,5A171014002,10/24/2008,10/24/2023,Active,Y,235208
132027,NPDES Permit,5S,NPDMUNIOTH,R5-2002-0157,5A171014002,09/06/2002,09/06/2007,Historical,Y,235208
140997,NPDES Permit,5S,NPDMUNIOTH,94-288,5A171014002,10/28/1994,10/01/1999,Historical,N,235208
447490,Enrollee - NPDES,4,NPDMUNILRG,,4B190106001,,,Never Active,N,235738
260581,Letter,4,WDR,1,,,,Historical,N,235738
452152,NPDES Permit,4,NPDMUNILRG,R4-2022-0343,4B190106001,02/01/2023,01/31/2028,Active,N,235738
440303,Co-Permitee,SB,SLIC,2020-0015-DWQ,4B190106001,07/09/2020,,Active,N,235738
407633,NPDES Permit,4,NPDMUNILRG,R4-2017-0063,4B190106001,05/01/2017,04/30/2022,Historical,N,235738
389851,13267 Letter (Non-Enforcement),4,NPDMUNILRG,R4-2011-0197,4B190106001,02/11/2013,,Historical,N,235738
384162,Letter,4,NPDMUNILRG,R4-2011-0197,4B190106001,03/29/2012,11/10/2016,Historical,N,235738
381070,NPDES Permit,4,NPDMUNILRG,R4-2011-0197,4B190106001,01/27/2012,11/10/2016,Historical,Y,235738
373831,Amendment,4,NPDMUNILRG,R4-2010-0059,4B190106001,05/21/2010,11/13/2011,Historical,N,235738
352064,Letter,4,NPDMUNILRG,R4-2006-0092,4B190106001,08/07/2008,,Historical,N,235738
318277,NPDES Permit,4,NPDMUNILRG,R4-2006-0092,4B190106001,02/02/2007,11/13/2011,Historical,Y,235738
323042,WDR,4,WDRMUNILRG,R4-2007-0006,4B190106048,01/12/2007,01/11/2017,Active,Y,235738
323041,Reclamation Requirements,4,REC,R4-2007-0007,4B190106053,01/11/2007,01/11/2017,Active,Y,235738
148592,NPDES Permit,4,NPDMUNILRG,98-047,4B190106001,06/15/1998,06/15/2003,Historical,N,235738
136295,NPDES Permit,4,NPDMUNILRG,95-075,4B190106001,06/12/1995,05/10/2000,Historical,Y,235738
134490,NPDES Permit,4,NPDMUNILRG,90-044,4B190106001,03/26/1990,01/10/1993,Historical,N,235738
135216,Reclamation Requirements,4,REC,86-016,4B190106048,03/24/1986,03/24/1989,Historical,Y,235738
134363,NPDES Permit,4,NPDMUNILRG,84-09802,4B190106001,10/22/1984,03/10/1988,Historical,N,235738
134178,NPDES Permit,4,NPDMUNILRG,80-03302,4B190106001,07/28/1980,07/10/1985,Historical,N,235738
134122,Reclamation Requirements,4,REC,79-156,4B190106048,09/24/1979,09/24/1982,Historical,N,235738
133447,NPDES Permit,4,NPDMUNILRG,77-142,4B190106001,07/25/1977,07/10/1982,Historical,N,235738
368754,WDR,5S,WDR,Never active,5B051012001,,,Never Active,N,235798
397222,Enrollee - Waiver,5S,WDRMUNIENROTH,R5-2013-0145,5B05NC00021,07/08/2014,12/05/2018,Historical,N,235798
393681,WDR,5S,WDRMUNILRG,R5-2013-0133-01,5B051012001,10/04/2013,10/04/2023,Active,Y,235798
389438,Enrollee - WDR,5S,WDRMUNIENROTH,2009-0006-DWQ,5S05REC0147,02/28/2013,02/28/2028,Active,N,235798
131409,WDR,5S,WDRMUNILRG,02-222,5B051012001,12/06/2002,12/06/2012,Historical,N,235798
147148,WDR,5S,WDR,95-177,5B051012001,06/23/1995,06/20/2005,Historical,N,235798
138882,WDR,5S,WDR,71-063,5B051012001,09/24/1970,09/21/1980,Historical,N,235798
440373,Co-Permitee,SB,SLIC,2020-0015-DWQ,9 000000146,07/09/2020,,Active,N,236019
434521,NPDES Permit,9,NPDMUNILRG,R9-2019-0166,9 000000146,04/01/2020,03/31/2025,Active,Y,236019
377272,NPDES Permit,9,NPDMUNILRG,R9-2011-0016,9 000000146,03/03/2011,03/02/2016,Historical,Y,236019
306005,NPDES Permit,9,NPDMUNILRG,R9-2005-0136,9 000000146,08/10/2005,08/10/2010,Historical,N,236019
377268,NPDES Permit,9,NPDMUNILRG,R9-2005-0136,9 000000146,08/10/2005,08/10/2010,Never Active,N,236019
147496,NPDES Permit,9,NPDMUNILRG,R9-2000-0011,,02/09/2000,02/09/2005,Historical,Y,236019
161816,Unregulated,4,WIP,,4WIP1142155,,,Never Active,N,235826
443746,NPDES Permit,4,NPDMUNILRG,R4-2021-0096,4B190107016,08/01/2021,07/31/2026,Active,N,235826
440306,Co-Permitee,SB,SLIC,2020-0015-DWQ,4B190107016,07/09/2020,,Active,N,235826
408201,Enrollee - WRR,4,REC,2016-0068-DDW,4B199101002,07/07/2017,08/06/2026,Active,N,235826
397484,NPDES Permit,4,NPDMUNILRG,R4-2014-0213,4B190107016,01/01/2015,12/31/2019,Historical,Y,235826
367530,NPDES Permit,4,NPDMUNILRG,R4-2009-0077,4B190107016,07/24/2009,05/10/2014,Historical,N,235826
319221,NPDES Permit,4,NPDMUNILRG,R4-2002-0142,4B190107016,08/29/2002,07/10/2007,Historical,Y,235826
260815,Letter,4,WDR,2,,07/31/2001,,Historical,N,235826
260585,Letter,4,WDR,1,,01/31/2001,,Historical,N,235826
136302,NPDES Permit,4,NPDMUNILRG,95-082,4B190107016,06/12/1995,05/10/2000,Historical,Y,235826
134066,NPDES Permit,4,NPDMUNILRG,89-098,4B190107016,09/25/1989,08/10/1994,Historical,N,235826
134620,Reclamation Requirements,4,REC,88-107,4B190107097,10/24/1988,10/24/1998,Historical,Y,235826
133996,NPDES Permit,4,NPDMUNILRG,84-075,4B190107016,09/17/1984,08/10/1989,Historical,N,235826
133750,NPDES Permit,4,NPDMUNILRG,79-122,4B190107016,07/23/1979,07/10/1984,Historical,N,235826
134598,WDR,5R,WDRMUNILRG,97-254,5A320104002,12/05/1997,12/01/2007,Active,N,236178
134225,WDR,5R,WDRMUNILRG,88-087,5A320104002,05/20/1988,05/20/2003,Historical,N,236178
145731,WDR,5R,WDRMUNILRG,78-035,5A320104002,03/17/1978,01/17/1988,Historical,N,236178
449337,Enrollee - WDR,3,WDRMUNILRG,2016-0068-DDW,3 420104001,02/13/2023,,Active,N,236124
453915,Enrollee - WDR,3,WDRMUNILRG,R3-2020-0020,3 420104001,02/13/2023,09/24/2030,Active,N,236124
440276,Co-Permitee,SB,SLIC,2020-0015-DWQ,3 420104001,07/09/2020,,Active,N,236124
383007,WDR,3,WDRMUNILRG,R3-2011-0217,3 420104001,12/01/2011,12/01/2021,Historical,N,236124
148207,WDR,3,WDRMUNILRG,01-0042,3 420104001,05/18/2001,05/18/2011,Historical,N,236124
143977,WDR,3,WDRMUNILRG,87-043,3 420104001,04/10/1987,03/04/2001,Historical,N,236124
143577,WDR,3,WDRMUNILRG,76-065,3 420104001,01/13/1976,01/01/1981,Historical,N,236124
440317,Co-Permitee,SB,SLIC,2020-0015-DWQ,6B360107001,07/09/2020,,Active,N,236181
367835,WDR,6V,WDRMUNILRG,R6V-2009-0037,6B360107001,06/10/2009,06/10/2025,Active,Y,236181
373833,Reclamation Requirements,6V,REC,R6V-2007-0022,6B360107001,06/13/2007,06/13/2017,Active,N,236181
131886,WDR,6V,WDRMUNILRG,02-008,6B360107001,02/13/2002,02/13/2012,Historical,N,236181
146449,WDR,6V,WDRMUNILRG,89-110,6B360107001,05/11/1989,05/11/1999,Historical,Y,236181
146394,WDR,6V,WDRMUNILRG,88-010,6B360107001,01/14/1988,01/14/1991,Historical,N,236181
147183,WDR,6V,WDRMUNILRG,83-103,6B360107001,09/08/1983,09/08/1986,Historical,N,236181
147897,WDR,6V,WDRMUNILRG,80-023,6B360107001,03/13/1980,03/13/1983,Historical,N,236181
147867,WDR,6V,WDRMUNILRG,77-068,6B360107001,06/30/1977,06/30/1980,Historical,N,236181
147367,WDR,6V,WDRMUNILRG,74-015,6B360107001,01/24/1974,01/24/1977,Historical,N,236181
147341,WDR,6V,WDRMUNILRG,72-067,6B360107001,10/26/1972,10/26/1975,Historical,N,236181
397559,WDR,5R,WDRMUNILRG,R5-2016-0033,5A520104001,04/21/2016,04/21/2026,Active,Y,236190
400355,Letter,5R,NPDMUNIOTH,R5-2010-0103,5A520104001,03/24/2015,,Historical,N,236190
399746,Letter,5R,NPDMUNIOTH,,5A520104001,11/13/2014,,Historical,N,236190
397350,Letter,5R,NPDMUNIOTH,R5-2010-0103,5A520104001,07/15/2014,,Historical,N,236190
396184,Letter,5R,NPDMUNIOTH,R5-2010-0103,5A520104001,04/30/2014,,Historical,N,236190
396070,Letter,5R,NPDMUNIOTH,R5-2010-0103,5A520104001,04/15/2014,,Historical,N,236190
396071,Letter,5R,NPDMUNIOTH,R5-2010-0103,5A520104001,04/03/2014,,Historical,N,236190
396066,Letter,5R,NPDMUNIOTH,R5-2010-0103,5A520104001,02/11/2014,,Historical,N,236190
371737,NPDES Permit,5R,NPDMUNIOTH,R5-2010-0103,5A520104001,09/23/2010,09/01/2015,Historical,N,236190
133518,NPDES Permit,5R,NPDMUNIOTH,R5-2005-0015,5A520104001,01/27/2007,12/01/2010,Historical,N,236190
135073,NPDES Permit,5R,NPDMUNIOTH,98-199,5A520104001,10/23/1998,10/01/2003,Historical,N,236190
134465,NPDES Permit,5R,NPDMUNIOTH,93-199,5A520104001,09/17/1993,09/17/1998,Historical,N,236190
134862,NPDES Permit,5R,NPDMUNIOTH,88-198,5A520104001,12/09/1988,12/09/1993,Historical,N,236190
133224,NPDES Permit,5R,NPDMUNIOTH,83-111,5A520104001,09/23/1983,09/01/1988,Historical,N,236190
437408,Enrollee - WDR,5F,WDRMUNIOTH,2014-0153-DWQ,5D151091001,02/06/2020,09/23/2029,Active,N,236222
144117,WDR,5F,WDRMUNIOTH,84-149,5D151091001,11/28/1984,11/26/1994,Historical,Y,236222
141793,WDR,2,WDRMUNIOTH,94-143,2 438090001,10/19/1994,06/15/2025,Active,N,236192
195108,Enrollee - WDR,5F,WDRMUNIENROTH,97-010-DWQ,5D540701001,05/27/1998,05/26/2013,Active,N,236225
465385,Individual Monitoring Requirem,5S,WDRMUNIOTH,R5-2026-0806,5A290104003,07/01/2026,,Active,N,236236
439955,Enrollee - NPDES,5S,NPDMUNIOTH,R5-2023-0025,5A290104003,08/01/2020,06/30/2031,Active,N,236236
400796,NPDES Permit,5S,NPDMUNIOTH,R5-2015-0028,5A290104003,06/01/2015,05/31/2020,Historical,N,236236
367119,NPDES Permit,5S,NPDMUNIOTH,R5-2009-0031,5A290104003,06/13/2009,04/01/2014,Historical,N,236236
131672,NPDES Permit,5S,NPDMUNIOTH,R5-2002-0095,5A290104003,06/07/2002,06/07/2007,Historical,N,236236
146417,NPDES Permit,5S,NPDMUNIOTH,95-114,5A290104003,05/26/1995,05/01/2000,Historical,N,236236
140433,NPDES Permit,5S,NPDMUNIOTH,90-140,5A290104003,05/25/1990,05/01/1995,Historical,N,236236
139604,NPDES Permit,5S,NPDMUNIOTH,85-145,5A290104003,05/31/1985,04/26/1990,Historical,N,236236
139411,NPDES Permit,5S,NPDMUNIOTH,79-248,5A290104003,12/14/1979,05/31/1985,Historical,N,236236
448832,WDR,3,WDRMUNILRG,2014-0153-DWQ,3 270302002,08/12/2022,08/12/2032,Active,N,236252
131135,WDR,3,WDRMUNILRG,01-131,3 270302002,12/07/2001,12/07/2016,Historical,N,236252
143519,WDR,3,WDRMUNILRG,86-131,3 270302002,06/13/1986,06/09/2001,Historical,N,236252
143582,WDR,3,WDRMUNILRG,77-012,3 270302002,03/18/1977,03/18/1987,Historical,N,236252
371554,WDR,1,WDRMUNILRG,R1-2012-0029,1A79010OSIS,06/07/2012,06/07/2022,Active,Y,236258
359086,Enrollee,1,WDRMUNILRG,R1-2022-0031,1A79010OSIS,11/14/2008,12/07/2027,Historical,N,236258
139222,WDR,1,WDRMUNILRG,97-091,1A79010OSIS,09/25/1997,09/23/2017,Historical,N,236258
137123,WDR,1,WDRMUNILRG,86-127,1A79010OSIS,06/27/1986,06/24/2006,Historical,N,236258
137390,WDR,1,WDRMUNILRG,79-010,1A79010OSIS,01/25/1979,01/25/1984,Historical,N,236258
439953,Enrollee - NPDES,5S,NPDMUNIOTH,R5-2023-0025,5A290104001,08/01/2020,03/31/2031,Active,N,236292
400917,NPDES Permit,5S,NPDMUNIOTH,R5-2015-0029,5A290104001,06/01/2015,05/31/2020,Historical,N,236292
366367,NPDES Permit,5S,NPDMUNILRG,R5-2009-0004,5A290104001,03/27/2009,01/31/2014,Historical,N,236292
131659,NPDES Permit,5S,NPDMUNILRG,R5-2002-0093,5A290104001,06/07/2002,06/07/2007,Historical,N,236292
146418,NPDES Permit,5S,NPDMUNILRG,95-115,5A290104001,05/26/1995,05/01/2000,Historical,N,236292
140450,NPDES Permit,5S,NPDMUNILRG,90-170,5A290104001,06/22/1990,06/01/1995,Historical,N,236292
139546,NPDES Permit,5S,NPDMUNILRG,85-072,5A290104001,04/26/1985,03/23/1990,Historical,N,236292
138981,NPDES Permit,5S,NPDMUNILRG,78-161,5A290104001,10/27/1978,,Historical,N,236292
397550,Letter,5R,WDRMUNIOTH,R5-2014-0091,5A450805007,06/13/2014,,Historical,N,236297
397371,Enrollee - WDR,5R,WDRMUNIOTH,97-010-DWQ,5A450805007,06/06/2014,06/03/2024,Active,N,236297
394614,Letter,5R,WDRMUNIOTH,94-335,5A450805007,01/14/2014,,Historical,N,236297
133542,WDR,5R,WDRMUNIOTH,94-335,5A450805007,12/09/1994,12/09/2014,Historical,N,236297
426845,Enrollee - WDR,5R,WDRMUNIOTH,2014-0153-DWQ,5A321023001,02/07/2019,09/23/2029,Active,N,236309
147221,WDR,5R,WDRMUNIOTH,5-00-015,5A321023001,01/28/2000,01/28/2015,Historical,N,236309
146005,WDR,5F,WDRMUNIOTH,99-106,5D541020001,07/28/1999,07/24/2014,Active,N,236336
143148,WDR,5F,WDRMUNIOTH,72-242,5D541020001,04/28/1972,04/25/1987,Historical,N,236336
142325,Reclamation Requirements,2,REC,92-064,2 215012002,06/17/1992,06/17/2026,Active,N,236596
141014,Reclamation Requirements,2,REC,87-029,2 215012002,04/15/1987,04/15/1997,Historical,N,236596
145248,Reclamation Requirements,2,REC,80-016,2 215012002,04/15/1980,04/15/1990,Historical,N,236596
450979,Enrollee - WDR,2,WDRMUNIENROTH,2004-0012-DWQ,2 21GWDR450979,07/01/2022,07/01/2032,Active,N,236597
142591,WDR,2,WDR,91-111,2 215125001,07/17/1991,07/17/1996,Historical,N,236597
145983,WDR,2,WDR,84-037,2 215125001,06/20/1984,07/17/2001,Historical,N,236597
449006,WDR,6V,WDRMUNILRG,R6V-2022-0023,6B190107017,06/08/2022,,Active,N,236378
440314,Co-Permitee,SB,SLIC,2020-0015-DWQ,6B190107017,07/09/2020,,Active,N,236378
400127,WDR,6V,WDRMUNIOWTS,R6V-2006-0051,6B190605007,11/08/2006,11/08/2011,Historical,N,236378
400175,WDR,6V,WDRMUNIOTH,R6V-2006-0035,6B190604011,09/14/2006,,Historical,N,236378
304105,Resolution,6T,WDR,R6V-2005-0018,6B190107017,07/13/2005,,Active,N,236378
305011,WDR,6V,WDRMUNILRG,R6V-2002-053-A1,6B190107017,07/13/2005,,Historical,Y,236378
132044,WDR,6V,WDRMUNILRG,R6V-2002-053,6B190107017,09/11/2002,09/11/2016,Historical,Y,236378
146189,WDR,6V,WDRMUNILRG,93-075,6B190107017,08/12/1993,08/12/1998,Historical,N,236378
146438,WDR,6V,WDRMUNILRG,89-032,6B190107017,02/09/1989,02/09/1992,Historical,N,236378
146089,WDR,6V,WDRMUNILRG,86-061,6B190107017,05/15/1986,05/15/1989,Historical,N,236378
147891,WDR,6V,WDRMUNILRG,80-002,6B190107017,01/10/1980,01/10/1983,Historical,N,236378
317955,WDR,3,WDRMUNILRG,R3-2006-0041,3 271026001,12/01/2006,12/01/2021,Active,N,236601
147750,WDR,3,WDRMUNILRG,91-014,3 271026001,01/11/1991,01/11/2006,Historical,N,236601
143873,WDR,3,WDRMUNILRG,86-161,3 271026001,05/02/1986,04/28/2001,Historical,N,236601
438059,NPDES Permit,9,NPDMUNILRG,R9-2022-0005,9 000000175,05/01/2022,04/30/2027,Active,Y,236649
440369,Co-Permitee,SB,SLIC,2020-0015-DWQ,9 000000175,07/09/2020,,Active,N,236649
384618,NPDES Permit,9,NPDMUNILRG,R9-2012-0012,9 000000175,05/31/2012,05/31/2017,Historical,Y,236649
309059,NPDES Permit,9,NPDMUNILRG,R9-2006-0054,9 000000175,10/01/2006,10/01/2011,Historical,N,236649
147564,NPDES Permit,9,NPDMUNILRG,R9-2000-0013,9 000000175,02/09/2000,02/09/2005,Historical,Y,236649
214374,Enrollee,9,NPDNONMUNIPRCS,83-006,,03/07/1983,08/29/1993,Historical,N,236649
195114,Enrollee - WDR,5F,WDRMUNIENROTH,97-010-DWQ,5D541013001,01/29/1999,01/29/2014,Active,N,236755
143818,WDR,5F,WDRMUNIOTH,82-098,5D541013001,07/23/1982,07/19/1997,Historical,N,236755
439063,NPDES Permit,2,NPDMUNILRG,R2-2020-0022,2 215012001,09/01/2020,08/31/2025,Active,Y,236598
430619,Co-Permitee,2,NPDMUNILRG,R2-2024-0013,2 215012001,07/01/2019,09/30/2029,Active,N,236598
402221,NPDES Permit,2,NPDMUNILRG,R2-2015-0021,2 215012001,07/01/2015,06/30/2020,Historical,N,236598
389089,Co-Permitee,2,NPDMUNILRG,R2-2017-0041,2 215012001,01/01/2013,12/31/2017,Active,Y,236598
384183,Enrollee - WRR,2,REC,R2-1996-011,2 215012003,05/01/2012,,Historical,N,236598
378807,Co-Permitee,2,NPDMUNILRG,R2-2011-0012,2 215012001,04/01/2011,12/31/2012,Historical,N,236598
371770,NPDES Permit,2,NPDMUNILRG,R2-2009-0070,2 215012001,12/01/2009,11/30/2014,Historical,Y,236598
360511,Co-Permitee,2,NPDMUNILRG,R2-2007-0077,2 215012001,03/01/2008,12/31/2012,Historical,N,236598
132574,NPDES Permit,2,NPDMUNILRG,R2-2003-0108,2 215012001,12/03/2003,11/30/2008,Historical,N,236598
142503,NPDES Permit,2,NPDMUNILRG,98-112,2 215012001,10/21/1998,10/21/2003,Historical,N,236598
142332,NPDES Permit,2,NPDMUNILRG,92-090,2 215012001,08/19/1992,08/19/1997,Historical,Y,236598
145462,NPDES Permit,2,NPDMUNILRG,85-045,2 215012001,04/30/1985,04/17/1990,Historical,N,236598
261474,Individual Monitoring Requirem,6T,WDRMUNIOTH,96-18-A1,6A180004501,07/29/2005,03/12/2006,Historical,N,236765
145366,WDR,6T,WDRMUNIOTH,96-018,6A180004501,03/14/1996,03/15/2002,Active,Y,236765
145411,WDR,6T,WDRMUNILRG,80-037,6A180004501,04/10/1980,03/25/1999,Historical,N,236765
144702,WDR,6T,WDRMUNILRG,72-026,6A180004501,03/30/1972,03/30/1977,Historical,N,236765
443834,Enrollee - WDR,5F,WDRMUNIOTH,2014-0153-DWQ,5D150801001,06/14/2021,09/23/2029,Active,N,236772
144869,WDR,5F,WDRMUNIOTH,93-051,5D150801001,03/26/1993,03/24/2003,Historical,N,236772
143750,WDR,5F,WDRMUNIOTH,80-153,5D150801001,10/24/1980,03/30/1990,Historical,N,236772
374244,Enrollee - WDR,5F,WDRMUNIENROTH,97-010-DWQ,5C550111001,06/16/2011,06/16/2026,Active,N,236838
141278,WDR,5F,WDRMUNIOTH,94-358,5C550111001,12/09/1994,12/05/2009,Historical,N,236838
138824,WDR,5S,WDRMUNIOTH,66-031,5C550111001,09/24/1965,09/30/1989,Historical,N,236838
145756,WDR,6V,WDRMUNIOTH,84-090,6B260102001,07/13/1984,07/13/1999,Active,Y,236786
147879,WDR,6V,WDRMUNIOTH,78-050,6B260102001,08/03/1978,08/03/1988,Historical,N,236786
147327,WDR,6V,WDRMUNIOTH,69-003,6B260102001,01/30/1969,01/30/1979,Historical,N,236786
134244,Reclamation Requirements,5R,REC,96-180,5A320103002,06/21/1996,06/21/2006,Active,N,236887
133168,Reclamation Requirements,5R,REC,81-105,5A320103002,09/25/1981,09/25/1989,Historical,N,236887
140611,WDR,5S,WDRMUNIOTH,88-044,5A091103001,03/31/1989,03/27/2004,Active,N,236888
138676,WDR,5S,WDR,77-034,5A091103001,03/25/1977,09/30/1988,Historical,N,236888
194678,Enrollee - WDR,5S,WDRMUNIENROTH,97-010-DWQ,5A58NC00005,05/21/2001,05/20/2006,Active,N,236926
370008,Enrollee,5F,WDRMUNIENROTH,97-010-DWQ,5C200702001,,,Never Active,N,236967
148508,WDR,5F,WDRMUNIOTH,01-090,5C200702001,04/27/2001,04/27/2016,Active,N,236967
147601,WDR,5S,WDRMUNIOTH,5-00-086,5A090102012,04/28/2000,04/28/2010,Active,N,236985
141384,WDR,5S,WDRMUNIOTH,89-177,5B390111001,09/22/1989,09/18/1999,Active,N,237069
138832,WDR,5S,WDR,67-109,5B390111001,04/14/1967,03/31/1989,Historical,N,237069
421200,Enrollee - WDR,5S,WDRMUNIOTH,2014-0153-DWQ,5B39NC00035,05/03/2018,09/23/2029,Active,N,237113
132994,WDR,5S,WDRMUNIOTH,04-078,5B39NC00035,06/04/2004,06/04/2014,Historical,N,237113
439593,WDR,1,WDRMUNIOTH,R1-2020-0024,1A83052OTRI,10/15/2020,10/15/2030,Active,N,236941
137029,WDR,1,WDRMUNIOTH,83-052,1A83052OTRI,04/28/1983,07/04/2014,Historical,N,236941
131463,WDR,5F,WDRMUNILRG,R5-2002-0062,5D160700001,04/26/2002,04/26/2012,Active,N,236857
144653,WDR,5F,WDRMUNILRG,86-173,5D160700001,08/08/1986,08/05/1996,Historical,N,236857
143805,WDR,5F,WDRMUNILRG,82-034,5D160700001,03/26/1982,03/26/1985,Historical,N,236857
143937,WDR,5F,WDRMUNILRG,75-168,5D160700001,09/30/1975,09/30/1989,Historical,N,236857
143799,WDR,5F,WDRMUNILRG,82-007,5D541012001,01/22/1982,01/18/1997,Active,N,237114
143632,WDR,5F,WDRMUNILRG,70-139,5D541012001,03/20/1970,03/30/1992,Historical,N,237114
454556,Enrollee - WDR,3,WDRMUNILRG,2014-0153-DWQ,3 270116001,09/28/2023,09/23/2029,Active,N,237149
143454,WDR,3,WDRMUNILRG,86-026,3 270116001,02/14/1986,02/10/2016,Historical,N,237149
376175,WDR,3,WDRMUNIOTH,R3-2010-0010,3 431018001,09/02/2010,01/03/2014,Active,N,237123
147253,WDR,3,WDRMUNIOTH,97-050,3 431018001,10/24/1997,,Historical,N,237123
141613,WDR,2,WDRMUNILRG,89-125,2 019062001,07/19/1989,11/16/2004,Active,N,237194
146339,WDR,2,WDRMUNILRG,77-026,2 019062001,03/15/1977,03/15/1980,Historical,N,237194
340054,WDR,5S,WDRMUNILRG,R5-2007-0179,5B390102002,12/06/2007,12/06/2017,Active,N,237252
140786,WDR,5S,WDR,90-312,5B390102002,11/02/1990,10/29/2005,Historical,N,237252
138681,WDR,5S,WDR,77-129,5B390102002,06/24/1977,06/30/1988,Historical,N,237252
141910,WDR,2,WDRMUNIOTH,91-054,2 417016001,04/17/1991,04/17/2001,Active,N,237286
145185,WDR,2,WDRMUNIOTH,78-064,2 417016001,08/15/1978,08/15/1983,Historical,N,237286
162831,Unregulated,2,PTPRG,,2 019025001,,,Never Active,N,237195
448551,NPDES Permit,2,NPDMUNILRG,R2-2022-0025,2 019025001,09/01/2022,08/31/2027,Active,N,237195
448549,NPDES Permit,2,NPDMUNILRG,R2-2022-0023,2 019123001,09/01/2022,08/31/2027,Active,N,237195
443265,NPDES Permit,2,NPDMUNIOTH,R2-2021-0007,2 019129001,07/01/2021,06/30/2026,Active,Y,237195
430620,Co-Permitee,2,NPDMUNILRG,R2-2024-0013,2 019025001,07/01/2019,09/30/2029,Active,N,237195
413161,NPDES Permit,2,NPDMUNILRG,R2-2017-0016,2 019123001,07/01/2017,07/01/2022,Historical,Y,237195
416689,Co-Permitee,2,NPDMUNILRG,R2-2017-0016,2 019032002,07/01/2017,,Active,N,237195
413164,NPDES Permit,2,NPDMUNILRG,R2-2017-0018,2 019025001,07/01/2017,07/01/2021,Historical,Y,237195
405705,NPDES Permit,2,NPDMUNIOTH,R2-2016-0015,2 019129001,06/01/2016,08/31/2020,Historical,N,237195
389092,Co-Permitee,2,NPDMUNILRG,R2-2017-0041,2 019025001,01/01/2013,12/31/2017,Active,Y,237195
382904,NPDES Permit,2,NPDMUNILRG,R2-2012-0006,2 019025001,03/01/2012,02/28/2017,Historical,Y,237195
382900,NPDES Permit,2,NPDMUNILRG,R2-2012-0004,2 019123001,03/01/2012,02/28/2017,Historical,Y,237195
379074,NPDES Permit,2,NPDMUNIOTH,R2-2011-0028,2 019129001,07/01/2011,06/30/2016,Historical,Y,237195
378809,Co-Permitee,2,NPDMUNIOTH,R2-2011-0012,2 019025001,04/01/2011,12/31/2012,Historical,N,237195
360493,Co-Permitee,2,NPDMUNILRG,R2-2007-0077,2 019025001,03/01/2008,12/31/2012,Historical,N,237195
307632,NPDES Permit,2,NPDMUNILRG,R2-2006-0053,2 019123001,10/01/2006,09/30/2011,Historical,Y,237195
307669,NPDES Permit,2,NPDMUNILRG,R2-2006-0055,2 019025001,10/01/2006,09/30/2011,Historical,Y,237195
379073,NPDES Permit,2,NPDMUNIOTH,R2-2006-0026,2 019129001,06/12/2006,06/30/2016,Never Active,Y,237195
303944,NPDES Permit,2,NPDMUNIOTH,R2-2006-0026,2 019129001,06/12/2006,06/08/2011,Historical,Y,237195
380601,Enrollee - WRR,2,REC,R2-1996-011,2 019025002,01/07/2005,,Active,N,237195
148065,NPDES Permit,2,NPDMUNILRG,R2-2000-0089,2 019025001,08/16/2000,08/16/2005,Historical,Y,237195
143315,NPDES Permit,2,NPDMUNILRG,94-073,2 019025001,06/15/1994,06/15/1999,Historical,Y,237195
141596,NPDES Permit,2,NPDMUNILRG,89-100,2 019025001,06/21/1989,06/21/1994,Historical,Y,237195
145979,NPDES Permit,2,NPDMUNILRG,84-032,2 019025001,06/20/1984,06/20/1989,Historical,Y,237195
416904,NPDES Permit,1,NPDMUNIOTH,R1-2020-0002,1B80081OHUM,06/01/2020,05/31/2025,Active,N,237295
388671,NPDES Permit,1,NPDMUNIOTH,R1-2014-0013,1B80081OHUM,06/01/2014,05/31/2019,Historical,N,237295
319760,NPDES Permit,1,NPDMUNIOTH,R1-2008-0001,1B80081OHUM,05/01/2008,04/01/2013,Historical,N,237295
261169,Letter,1,NPDESWW,003,1B80081OHUM,07/01/2004,,Historical,N,237295
261007,Letter,1,NPDESWW,002,1B80081OHUM,03/05/2003,02/28/2006,Historical,N,237295
148445,NPDES Permit,1,NPDMUNIOTH,R1-2001-0059,1B80081OHUM,06/28/2001,06/28/2006,Historical,N,237295
260676,Letter,1,NPDESWW,001,1B80081OHUM,04/27/2001,,Historical,N,237295
138689,NPDES Permit,1,NPDMUNIOTH,95-083,1B80081OHUM,10/26/1995,10/24/2000,Historical,N,237295
137294,NPDES Permit,1,NPDMUNIOTH,90-162,1B80081OHUM,09/20/1990,09/20/1995,Historical,N,237295
138185,NPDES Permit,1,NPDMUNIOTH,85-092,1B80081OHUM,07/25/1985,07/25/1990,Historical,N,237295
146806,WDR,6V,WDRMUNILRG,95-036,6B140104001,03/09/1995,03/09/2005,Active,N,237325
146114,WDR,6V,WDRMUNILRG,87-007,6B140104001,01/09/1987,01/09/1992,Historical,N,237325
147884,WDR,6V,WDRMUNILRG,79-037,6B140104001,07/12/1979,07/12/1984,Historical,N,237325
448961,Enrollee - WDR,3,WDRMUNILRG,R3-2020-0020,3 420118001,08/24/2022,08/24/2032,Active,N,237395
296613,WDR,3,WDRMUNILRG,R3-2005-0133,3 420118001,12/02/2005,12/02/2020,Historical,N,237395
147438,WDR,3,WDRMUNILRG,92-093,3 420118001,11/13/1992,11/10/2007,Historical,N,237395
143161,WDR,3,WDRMUNILRG,85-097,3 420118001,07/12/1985,07/01/1990,Historical,N,237395
447545,NPDES Permit,3,NPDMUNILRG,R3-2022-0004,3 420105001,05/01/2022,04/30/2027,Active,N,237315
440259,Co-Permitee,SB,SLIC,2020-0015-DWQ,3 420105001,07/09/2020,,Active,N,237315
437639,Enrollee - WRR,3,REC,2016-0068-DDW,3 421117789,01/25/2018,08/05/2026,Active,N,237315
383021,NPDES Permit,3,NPDMUNILRG,R3-2011-0211,3 420105001,01/13/2012,01/13/2017,Historical,N,237315
306590,NPDES Permit,3,NPDMUNILRG,R3-2006-0037,3 420105001,07/07/2006,07/07/2011,Historical,N,237315
148195,NPDES Permit,3,NPDMUNILRG,R3-2001-0087,3 420105001,05/18/2001,05/18/2006,Historical,N,237315
306591,NPDES Permit,3,NPDMUNILRG,R3-2001-0087,3 420105001,05/18/2001,05/18/2006,Historical,N,237315
146987,NPDES Permit,3,NPDMUNILRG,95-029,3 420105001,05/12/1995,03/10/2000,Historical,N,237315
144195,NPDES Permit,3,NPDMUNILRG,90-001,3 420105001,01/12/1990,01/01/1995,Historical,N,237315
143698,NPDES Permit,3,NPDMUNILRG,85-026,3 420105001,03/08/1985,02/01/1990,Historical,N,237315
142887,NPDES Permit,3,NPDMUNILRG,74-014,3 420105001,01/01/1974,01/01/1979,Historical,N,237315
142830,NPDES Permit,3,NPDMUNILRG,72-00801,3 420105001,01/01/1972,01/01/1977,Historical,N,237315
142567,WDR,9,WDRMUNILRG,95-032,9 000000236,02/09/1995,02/09/2013,Active,Y,237543
142307,WDR,9,WDRMUNILRG,84-046,9 000000236,10/15/1984,10/15/1994,Historical,N,237543
446048,NPDES Permit,9,NPDMUNILRG,R9-2022-0006,9 000000117,05/01/2022,04/30/2027,Active,N,237396
440370,Co-Permitee,SB,SLIC,2020-0015-DWQ,9 000000117,07/09/2020,,Active,N,237396
384629,NPDES Permit,9,NPDMUNILRG,R9-2012-0013,9 000000117,05/31/2012,05/31/2017,Historical,Y,237396
309084,NPDES Permit,9,NPDMUNILRG,R9-2006-0055,9 000000117,10/01/2006,10/01/2011,Historical,N,237396
148216,NPDES Permit,9,NPDMUNILRG,R9-2001-0008,9 000000117,02/21/2001,02/21/2006,Historical,Y,237396
142903,WDR,9,WDRMUNILRG,97-052,9 000000541,10/15/1997,10/15/2014,Active,Y,237396
182012,Enrollee,2,WDRMUNIENROTH,97-010-DWQ,2 215147002,07/17/1998,,Active,N,237867
148251,Reclamation Requirements,4,REC,00-099,4B190107022,06/29/2000,,Active,N,237748
134319,Reclamation Requirements,4,REC,88-037,4B190107022,03/28/1988,03/28/1991,Historical,Y,237748
133031,Reclamation Requirements,4,REC,61-046,4B190107022,10/18/1961,10/18/1964,Historical,N,237748
378723,Letter,4,WDR,13260 Letter,,12/07/2010,,Historical,N,237922
379401,Letter,4,WDR,Letter,,12/07/2010,,Historical,N,237922
136251,WDR,4,WDRMUNIOTH,95-045,4B190134001,04/03/1995,,Active,N,237922
134268,WDR,4,WDRMUNIOTH,87-156,4B190134001,11/23/1987,11/20/1997,Historical,N,237922
457290,WDR,4,WDRINDIVLRG,R4-2024-0300,4A565014002,06/27/2024,,Active,N,238315
395742,WDR,4,WDRMUNILRG,R4-2014-0040,4A565014002,04/10/2014,04/10/2029,Historical,N,238315
131715,WDR,4,WDRMUNILRG,R4-2002-0139,4A565014002,08/29/2002,08/29/2017,Historical,N,238315
134280,WDR,4,WDRMUNILRG,88-015,4A565014002,01/25/1988,01/21/2003,Historical,N,238315
133195,WDR,4,WDRMUNILRG,75-113,4A565014002,10/20/1975,10/20/1980,Historical,N,238315
456827,NPDES Permit,5S,NPDMUNILRG,R5-2024-0024,5A31NP00011,06/01/2024,05/31/2029,Active,N,238365
440478,Co-Permitee,SB,SLIC,2020-0015-DWQ,5A31NP00011,07/09/2020,,Active,N,238365
428207,NPDES Permit,5S,NPDMUNILRG,R5-2018-0081,5A31NP00011,02/01/2019,01/31/2024,Historical,N,238365
395005,NPDES Permit,5S,NPDMUNILRG,R5-2014-0007,5A31NP00011,03/29/2014,,Historical,N,238365
355022,NPDES Permit,5S,NPDMUNILRG,R5-2008-0156,5A31NP00011,10/23/2008,10/23/2013,Historical,Y,238365
131870,WDR,5S,WDRMUNILRG,R5-2001-0249,5A310102002,10/19/2001,10/19/2011,Historical,N,238365
131105,NPDES Permit,5S,NPDMUNILRG,R5-2001-0242,5A31NP00011,10/19/2001,10/01/2006,Historical,N,238365
148089,WDR,5S,WDR,00-029,5A310102002,01/28/2000,01/28/2010,Historical,N,238365
146893,WDR,5S,WDR,97-224,5A310102002,10/24/1997,10/22/2007,Historical,N,238365
139710,WDR,5S,WDR,83-027,5A310102002,02/25/1983,02/22/1993,Historical,N,238365
132842,WDR,5S,WDRMUNIOTH,R5-2003-0054,5B031026001,04/25/2003,12/05/2021,Active,N,239038
147134,WDR,5S,WDR,99-133,5B031026001,09/17/1999,09/13/2014,Historical,N,239038
141441,WDR,5S,WDR,90-012,5B031026001,01/26/1990,01/22/2005,Historical,N,239038
132995,WDR,5S,WDRMUNIOTH,R5-2004-0085,5A171038001,06/04/2004,06/04/2019,Active,Y,239190
140256,WDR,5S,WDR,88-079,5A171038001,05/20/1988,05/17/2003,Historical,N,239190
139416,WDR,5S,WDR,80-020,5A171038001,02/22/1980,02/22/1990,Historical,N,239190
260783,Letter,4,WDR,2,,,,Historical,N,238646
260651,Letter,4,WDR,1,,,,Historical,N,238646
445113,NPDES Permit,4,NPDMUNILRG,R4-2021-0142,4B190107015,02/01/2022,01/31/2027,Active,N,238646
440308,Co-Permitee,SB,SLIC,2020-0015-DWQ,4B190107015,07/09/2020,,Active,N,238646
426160,Enrollee - WRR,4,REC,2016-0068-DDW,4B199101007,05/01/2020,08/05/2026,Active,N,238646
385612,NPDES Permit,4,NPDMUNILRG,R4-2015-0124,4B190107015,08/01/2015,07/31/2020,Historical,N,238646
332745,NPDES Permit,4,NPDMUNILRG,R4-2007-0048,4B190107015,10/27/2007,08/05/2012,Historical,N,238646
131648,NPDES Permit,4,NPDMUNILRG,R4-2002-0121,4B190107015,08/30/2002,06/10/2007,Historical,Y,238646
136297,NPDES Permit,4,NPDMUNILRG,95-077,4B190107015,06/12/1995,05/10/2000,Historical,N,238646
135091,NPDES Permit,4,NPDMUNILRG,89-095,4B190107015,09/25/1989,08/10/1994,Historical,N,238646
133829,Reclamation Requirements,4,REC,87-051,4B190107085,04/27/1987,04/27/1997,Historical,Y,238646
134002,NPDES Permit,4,NPDMUNILRG,84-081,4B190107015,09/17/1984,08/10/1989,Historical,N,238646
133752,NPDES Permit,4,NPDMUNILRG,79-124,4B190107015,07/23/1979,07/10/1984,Historical,N,238646
133692,Reclamation Requirements,4,REC,78-141,4B190107085,11/27/1978,11/27/1981,Historical,N,238646
147706,WDR,5S,WDRMUNILRG,5-00-039,5A570102001,03/17/2000,03/17/2010,Active,N,239130
141432,WDR,5S,WDR,89-235,5A570102001,12/08/1989,12/06/1999,Historical,N,239130
139612,WDR,5S,WDR,85-184,5A570102001,06/28/1985,06/28/1990,Historical,N,239130
447474,NPDES Permit,4,NPDMUNILRG,R4-2022-0032,4B190107014,04/01/2022,03/31/2027,Active,N,238562
440307,Co-Permitee,SB,SLIC,2020-0015-DWQ,4B190107014,07/09/2020,,Active,N,238562
385694,NPDES Permit,4,NPDMUNILRG,R4-2015-0123,4B190107014,08/01/2015,07/31/2020,Historical,N,238562
332744,NPDES Permit,4,NPDMUNILRG,R4-2007-0047,4B190107014,10/27/2007,08/05/2012,Historical,N,238562
306299,Letter,4,NPDESWW,Letter,,06/02/2006,,Historical,N,238562
131658,NPDES Permit,4,NPDMUNILRG,R4-2002-0123,4B190107014,08/30/2002,06/10/2007,Historical,Y,238562
260785,Letter,4,WDR,2,,07/31/2001,,Historical,N,238562
260652,Letter,4,WDR,1,,01/31/2001,,Historical,N,238562
136296,NPDES Permit,4,NPDMUNILRG,95-076,4B190107014,06/12/1995,05/10/2000,Historical,N,238562
134065,NPDES Permit,4,NPDMUNILRG,89-097,4B190107014,09/25/1989,08/10/1994,Historical,N,238562
133825,Reclamation Requirements,4,REC,87-047-A01,4B190107086,04/27/1987,,Active,Y,238562
133999,NPDES Permit,4,NPDMUNILRG,84-078,4B190107014,09/17/1984,08/10/1989,Historical,N,238562
133753,NPDES Permit,4,NPDMUNILRG,79-125,4B190107014,07/23/1979,07/10/1984,Historical,N,238562
133757,Reclamation Requirements,4,REC,79-131,4B190107086,07/23/1979,07/23/1982,Historical,N,238562
440319,Co-Permitee,SB,SLIC,2020-0015-DWQ,6B260103001,07/09/2020,,Active,N,239283
145892,WDR,6V,WDRMUNILRG,91-022,6B260103001,03/14/1991,03/14/2001,Active,N,239283
146085,WDR,6V,WDRMUNILRG,86-047,6B260103001,04/10/1986,04/10/1989,Historical,N,239283
147943,WDR,6V,WDRMUNILRG,82-078,,07/08/1982,09/17/1984,Historical,N,239283
465663,NPDES Permit,5S,WDRMUNILRG,R5-2026-0034,5B390104001,08/01/2026,07/31/2031,Active,N,239343
442750,NPDES Permit,5S,NPDMUNILRG,R5-2021-0003,5B390104001,04/01/2021,03/31/2026,Historical,N,239343
440493,Co-Permitee,SB,SLIC,2020-0015-DWQ,5B390104001,07/09/2020,,Active,N,239343
432653,Enrollee - WRR,5S,WDRMUNILRG,2016-0068-DDW,5B39NC00295,07/22/2019,08/05/2026,Active,N,239343
400860,NPDES Permit,5S,NPDMUNILRG,R5-2015-0026,5B390104001,06/01/2015,05/31/2020,Historical,N,239343
371931,NPDES Permit,5S,NPDMUNILRG,R5-2009-0095,5B390104001,10/08/2009,10/01/2016,Historical,Y,239343
132868,NPDES Permit,5S,NPDMUNILRG,R5-2004-0028,5B390104001,03/26/2004,03/01/2009,Historical,Y,239343
148035,NPDES Permit,5S,NPDMUNILRG,01-007,5B390104001,01/26/2001,06/01/2002,Historical,N,239343
146844,NPDES Permit,5S,NPDMUNILRG,97-115,5B390104001,06/20/1997,06/01/2002,Historical,N,239343
141094,NPDES Permit,5S,NPDMUNILRG,91-110,5B390104001,05/29/1991,05/01/1996,Historical,N,239343
139544,NPDES Permit,5S,NPDMUNILRG,85-068,5B390104001,04/26/1985,04/01/1991,Historical,N,239343
453105,WDR,1,WDRMUNILRG,R1-2023-0003,1B80162OHUM,06/15/2023,06/15/2038,Active,N,239317
139078,WDR,1,WDRMUNILRG,95-002,1B80162OHUM,02/23/1995,02/20/2015,Historical,N,239317
137120,WDR,1,WDRMUNILRG,86-115,1B80162OHUM,06/27/1986,06/27/1991,Historical,N,239317
131479,WDR,2,WDRMUNIOTH,R2-2002-0067,2 215091001,06/19/2002,06/19/2017,Active,N,239451
145713,WDR,2,WDRMUNIOTH,92-066,2 215091001,06/17/1992,06/17/2007,Historical,N,239451
145459,WDR,2,WDRMUNIOTH,85-037,2 215091001,04/30/1985,04/30/1990,Historical,N,239451
147525,WDR,6V,WDRMUNIOTH,00-017,6B261026001,03/09/2000,03/09/2015,Active,N,239291
147192,WDR,6V,WDR,84-011,6B261026001,01/12/1984,01/12/1999,Historical,N,239291
425906,NPDES Permit,2,NPDMUNIOTH,R2-2018-0038,2 215021001,,,Never Active,N,239497
454699,NPDES Permit,2,NPDMUNIOTH,R2-2023-0018,2 215021001,12/01/2023,11/30/2028,Active,N,239497
430623,Co-Permitee,2,NPDINDSML,R2-2024-0013,2 215021001,07/01/2019,09/30/2029,Active,N,239497
423353,NPDES Permit,2,NPDMUNIOTH,R2-2018-0038,2 215021001,10/01/2018,09/30/2023,Historical,Y,239497
393997,NPDES Permit,2,NPDMUNIOTH,R2-2013-0027,2 215021001,10/01/2013,09/30/2018,Historical,Y,239497
389159,Co-Permitee,2,NPDMUNIOTH,R2-2017-0041,2 215021001,01/01/2013,12/31/2017,Active,Y,239497
378842,Co-Permitee,2,NPDMUNIOTH,R2-2011-0012,2 215021001,04/01/2011,12/31/2012,Historical,N,239497
340891,NPDES Permit,2,NPDMUNIOTH,R2-2008-0057,2 215021001,09/01/2008,08/31/2013,Historical,Y,239497
360513,Co-Permitee,2,NPDMUNIOTH,R2-2007-0077,2 215021001,03/01/2008,12/31/2012,Historical,N,239497
131222,NPDES Permit,2,NPDMUNILRG,R2-2002-0097,2 215021001,09/18/2002,10/31/2007,Historical,N,239497
142373,NPDES Permit,2,NPDMUNILRG,95-187,2 215021001,09/13/1995,09/13/2000,Historical,N,239497
141822,NPDES Permit,2,NPDMUNILRG,90-080,2 215021001,07/18/1990,07/18/1995,Historical,N,239497
146022,NPDES Permit,2,NPDMUNILRG,84-070,2 215021001,10/17/1984,10/17/1989,Historical,N,239497
259513,Letter,2,NPDESWW,LT970407,2 215021002,,04/06/2002,Historical,N,239498
444891,NPDES Permit,2,NPDMUNIOTH,R2-2021-0017,2 215021002,12/01/2021,11/30/2026,Active,Y,239498
430622,Co-Permitee,2,NPDINDSML,R2-2024-0013,2 215021002,07/01/2019,09/30/2029,Active,N,239498
409704,NPDES Permit,2,NPDMUNIOTH,R2-2016-0042,2 215021002,12/01/2016,11/30/2021,Historical,Y,239498
389100,Co-Permitee,2,NPDMUNIOTH,R2-2017-0041,2 215021002,01/01/2013,12/31/2017,Active,Y,239498
378638,NPDES Permit,2,NPDMUNIOTH,R2-2011-0016,2 215021002,06/01/2011,05/31/2016,Historical,Y,239498
378816,Co-Permitee,2,NPDMUNIOTH,R2-2011-0012,2 215021002,04/01/2011,12/31/2012,Historical,N,239498
360512,Co-Permitee,2,NPDMUNIOTH,R2-2007-0077,2 215021002,03/01/2008,12/31/2012,Historical,N,239498
305270,NPDES Permit,2,NPDMUNIOTH,R2-2006-0037,2 215021002,07/01/2006,06/30/2011,Historical,Y,239498
147629,NPDES Permit,2,NPDMUNIOTH,LT970407,2 215021002,04/07/1997,02/04/2006,Historical,N,239498
142289,NPDES Permit,2,NPDMUNIOTH,R2-1992-0033,2 215021002,04/15/1992,04/15/1997,Historical,N,239498
141020,NPDES Permit,2,NPDMUNIOTH,87-042,2 215021002,05/20/1987,05/20/1992,Historical,N,239498
145563,NPDES Permit,2,NPDMUNIOTH,82-020,2 215021002,04/21/1982,04/21/1987,Historical,N,239498
146350,WDR,2,WDRMUNIOTH,78-053,2 438083001,07/18/1978,06/20/2000,Active,N,239542
440058,Enrollee - WDR,5F,WDRMUNIOTH,2014-0153-DWQ,5C221007001,02/18/2021,09/23/2029,Active,N,239543
146330,WDR,5F,WDRMUNIOTH,97-134,5C221007001,06/20/1997,06/16/2012,Historical,N,239543
144565,WDR,5F,WDRMUNIOTH,85-229,5C221007001,08/23/1985,08/21/1995,Historical,N,239543
145323,WDR,6T,WDRMUNIOTH,95-022,6A020008000,02/09/1995,08/30/2025,Active,Y,239591
144543,WDR,6T,WDRMUNIOTH,84-109,6A020008000,10/15/1984,10/15/1989,Historical,N,239591
145398,WDR,6T,WDRMUNIOTH,77-016,6A020008000,03/10/1977,03/10/1982,Historical,N,239591
144687,WDR,6T,WDRMUNIOTH,65-008,6A020008000,06/30/1965,06/30/1970,Historical,N,239591
440486,Co-Permitee,SB,SLIC,2020-0015-DWQ,5A580101001,07/09/2020,,Active,N,239729
148426,WDR,5S,WDRMUNILRG,5-01-071,5A580101001,03/16/2001,03/16/2011,Active,N,239729
146408,WDR,5S,WDR,95-093,5A580101001,04/28/1995,04/28/2000,Historical,N,239729
141396,WDR,5S,WDR,89-210,5A580101001,10/27/1989,10/26/1994,Historical,N,239729
139848,WDR,5S,WDR,86-028,5A580101001,01/24/1986,01/24/1989,Historical,N,239729
138677,WDR,5S,WDR,77-039,5A580101001,03/25/1977,,Historical,N,239729
148495,WDR,5S,WDRMUNILRG,5-01-146,5A09NC00002,06/14/2001,06/14/2011,Active,N,239773
375330,Individual Monitoring Requirem,2,WDRMUNIOTH,93-090,2 019291001,08/01/2010,,Active,N,239789
376403,Letter,2,WDR,Letter-7-30-2010,2 019291001,07/30/2010,,Active,N,239789
142750,WDR,2,WDRMUNIOTH,93-090,2 019291001,08/18/1993,08/18/2008,Active,N,239789
368841,WDR,5S,WDRMUNILRG,R5-2009-0109,5A06NC00010,10/08/2009,10/07/2019,Active,N,239874
362045,NPDES Permit,5S,NPDMUNIOTH,R5-2009-0009,5A060102001,03/27/2009,02/01/2014,Historical,N,239874
131911,NPDES Permit,5S,NPDMUNIOTH,R5-2002-0022,5A060102001,03/01/2002,03/01/2007,Historical,N,239874
146172,NPDES Permit,5S,NPDMUNIOTH,96-071,5A060102001,03/22/1996,03/01/2001,Historical,N,239874
140723,NPDES Permit,5S,NPDMUNIOTH,90-208,5A060102001,08/10/1990,08/01/1995,Historical,N,239874
139603,NPDES Permit,5S,NPDMUNIOTH,85-144,5A060102001,05/31/1985,05/01/1990,Historical,N,239874
139186,WDR,1,WDRINDIVSML,97-080,1B97026RSON,08/27/1997,03/27/2013,Active,Y,239889
433003,Enrollee - WDR,5S,WDRMUNIOTH,2014-0153-DWQ,5A060800001,07/11/2019,09/23/2029,Active,N,239875
392924,Individual Monitoring Requirem,5S,WDR,R5-2013-0806,,06/01/2013,06/01/2018,Active,N,239875
139795,WDR,5S,WDRMUNIOTH,85-321,5A060800001,12/06/1985,12/02/2000,Historical,N,239875
138891,WDR,5S,WDR,71-218,5A060800001,03/26/1971,,Historical,N,239875
393483,Enrollee - WDR,5F,WDRMUNIENROTH,97-010-DWQ,5C220100003,01/10/2014,01/10/2029,Active,N,239947
144179,WDR,5F,WDRMUNILRG,85-161,5C220100003,06/28/1985,06/26/1995,Historical,N,239947
411810,WDR,5R,WDRMUNILRG,R5-2017-0078,5A470102002,06/09/2017,06/09/2027,Active,N,240000
134310,WDR,5R,WDRMUNILRG,97-083,5A470102002,04/25/1997,04/23/2007,Historical,N,240000
135230,WDR,5R,WDRMUNILRG,93-247,5A470102002,12/03/1993,12/03/2003,Historical,N,240000
133471,WDR,5R,WDRMUNILRG,85-053,5A470102002,03/22/1985,12/01/1989,Historical,N,240000
379426,Enrollee - WDR,5F,WDRMUNIENROTH,97-010-DWQ,5C221010001,07/01/2011,07/01/2026,Active,N,240003
144996,WDR,5F,WDRMUNIOTH,94-255,5C221010001,09/16/1994,09/13/2004,Historical,N,240003
143679,WDR,5F,WDRMUNIOTH,71-021,5C221010001,07/24/1970,10/31/1989,Historical,N,240003
393488,Enrollee - WDR,5F,WDRMUNIENROTH,97-010-DWQ,5C220100002,01/10/2014,01/10/2029,Active,N,240004
144182,WDR,5F,WDRMUNIOTH,85-164,5C220100002,06/28/1985,06/26/1995,Historical,N,240004
454586,NPDES Permit,1,NPDMUNILRG,R1-2024-0023,1B82084OHUM,08/01/2024,07/31/2029,Active,N,240093
440245,Co-Permitee,SB,SLIC,2020-0015-DWQ,1B82084OHUM,07/09/2020,,Active,N,240093
402457,NPDES Permit,1,NPDMUNILRG,R1-2018-0032,1B82084OHUM,11/01/2018,10/31/2023,Historical,N,240093
376956,NPDES Permit,1,NPDMUNILRG,2011-0008 DWQ,1B82084OHUM,04/19/2011,04/18/2016,Historical,N,240093
319160,NPDES Permit,1,NPDMUNILRG,R1-2008-0039,1B82084OHUM,08/01/2008,08/01/2013,Historical,N,240093
148437,NPDES Permit,1,NPDMUNIOTH,R1-2001-0060,1B82084OHUM,06/28/2001,06/28/2006,Historical,N,240093
260629,Letter,1,NPDESWW,001,,04/27/2001,,Historical,N,240093
138696,NPDES Permit,1,NPDMUNIOTH,96-007,1B82084OHUM,04/25/1996,04/24/2001,Historical,N,240093
139068,NPDES Permit,1,NPDMUNIOTH,94-116,1B82084OHUM,09/22/1994,12/09/1998,Historical,N,240093
138278,NPDES Permit,1,NPDMUNIOTH,93-11701,1B82084OHUM,12/09/1993,12/09/1998,Historical,N,240093
137786,NPDES Permit,1,NPDMUNIOTH,92-095,1B82084OHUM,08/27/1992,08/27/1997,Historical,N,240093
137583,NPDES Permit,1,NPDMUNIOTH,87-092,1B82084OHUM,06/24/1987,06/24/1992,Historical,N,240093
136966,NPDES Permit,1,NPDMUNIOTH,82-084,1B82084OHUM,07/22/1982,07/22/1987,Historical,N,240093
464632,Enrollee - WDR,3,WDRMUNILRG,R3-2020-0020,3 400115001,03/23/2026,09/24/2030,Active,N,240168
326031,WDR,3,WDRMUNILRG,R3-2007-0029,3 400115001,05/11/2007,05/11/2017,Historical,N,240168
147287,WDR,3,WDRMUNIOTH,98-074,3 400115001,10/23/1998,10/19/2013,Historical,N,240168
147439,WDR,3,WDRMUNIOTH,92-108,3 400115001,09/11/1992,09/08/2007,Historical,N,240168
144229,WDR,3,WDRMUNIOTH,87-077A1,3 400115001,10/16/1989,12/01/1991,Historical,N,240168
144228,WDR,3,WDRMUNIOTH,87-077,3 400115001,05/08/1987,12/01/1991,Historical,N,240168
446017,Enrollee - WDR,3,WDRMUNIOWTS,2014-0153-DWQ,3 441221950,12/14/2021,11/23/2030,Historical,N,240289
446000,WDR,2,WDRMUNIOTH,2014-0153-DWQ,2 417041001,11/23/2020,11/23/2030,Active,N,240289
141757,WDR,2,WDRMUNIOTH,86-046,2 417041001,06/18/1986,06/18/1996,Historical,N,240289
393571,Enrollee,5F,WDRMUNIENROTH,97-010-DWQ,5C240114001,,,Historical,N,240362
419341,Enrollee - WDR,5F,WDRMUNIENROTH,2014-0153-DWQ,5C240114001,05/10/2019,05/10/2034,Active,N,240362
144930,WDR,5F,WDRMUNIOTH,79-116,5C240114001,05/25/1979,05/21/1994,Historical,N,240362
443040,NPDES Permit,1,NPDMUNIOTH,R1-2021-0005,1B83118OMEN,06/01/2021,05/31/2026,Active,N,240318
405526,NPDES Permit,1,NPDMUNIOTH,R1-2016-0006,1B83118OMEN,06/01/2016,05/31/2021,Historical,N,240318
371496,NPDES Permit,1,NPDMUNIOTH,R1-2010-0038,1B83118OMEN,12/01/2010,12/01/2015,Historical,N,240318
133365,NPDES Permit,1,NPDMUNIOTH,R1-2005-0009,1B83118OMEN,04/20/2005,04/20/2010,Historical,N,240318
139168,NPDES Permit,1,NPDMUNIOTH,R1-1997-0024,1B83118OMEN,03/27/1997,03/26/2002,Historical,N,240318
137776,NPDES Permit,1,NPDMUNIOTH,92-060,1B83118OMEN,06/25/1992,06/24/1997,Historical,N,240318
137060,NPDES Permit,1,NPDMUNIOTH,86-004,1B83118OMEN,01/30/1986,01/30/1991,Historical,N,240318
446770,NPDES Permit,1,NPDMUNIOTH,R1-2022-0001,1B83129OMEN,10/01/2022,09/30/2027,Active,N,240307
399815,NPDES Permit,1,NPDMUNIOTH,R1-2015-0039,1B83129OMEN,10/01/2015,09/30/2020,Historical,N,240307
373079,NPDES Permit,1,NPDMUNIOTH,R1-2010-0020,1B83129OMEN,07/01/2010,07/01/2015,Historical,N,240307
132704,NPDES Permit,1,NPDMUNIOTH,R1-2004-0055,1B83129OMEN,08/25/2004,08/25/2014,Historical,N,240307
138250,NPDES Permit,1,NPDMUNIOTH,99-036,1B83129OMEN,07/21/1999,07/19/2004,Historical,N,240307
138332,NPDES Permit,1,NPDMUNIOTH,94-035,1B83129OMEN,03/24/1994,03/24/1999,Historical,N,240307
137821,NPDES Permit,1,NPDMUNIOTH,88-091,1B83129OMEN,08/24/1988,12/23/1993,Historical,N,240307
137441,NPDES Permit,1,NPDMUNIOTH,83-129,1B83129OMEN,11/29/1983,11/29/1988,Historical,N,240307
401755,Enrollee - WDR,9,REC,WQO-2014-0090-DWQ,9 000000247,,,Never Active,N,240177
324379,WDR,9,WDRMUNILRG,R9-2007-0018,9 000000247,04/11/2007,04/11/2017,Active,N,240177
142445,WDR,9,WDRMUNILRG,93-023,9 000000247,03/15/1993,03/15/2003,Superceded,Y,240177
143324,WDR,9,WDRMUNILRG,87-081,9 000000247,05/04/1987,05/04/1992,Historical,Y,240177
141841,WDR,9,WDRMUNILRG,79-023,9 000000247,03/26/1979,03/26/1982,Historical,Y,240177
393527,Enrollee - WDR,5F,WDRMUNIENROTH,97-010-DWQ,5C550106003,04/10/2014,04/10/2029,Active,N,240555
140207,WDR,5F,WDRMUNIOTH,87-043,5C550106003,03/27/1987,03/23/2002,Historical,N,240555
139317,WDR,5S,WDRMUNIOTH,73-170,5C550106003,02/23/1973,,Historical,N,240555
147147,WDR,5S,WDRMUNIOTH,95-176,5B390106002,06/23/1995,06/19/2005,Active,Y,240716
139562,WDR,5S,WDR,85-119,5B390106002,05/31/1985,05/27/2000,Historical,N,240716
138829,WDR,5S,WDR,67-011,5B390106002,09/23/1966,,Historical,N,240716
146902,WDR,5S,WDRMUNILRG,97-249,5A170111001,12/05/1997,12/05/2007,Active,N,240655
140329,WDR,5S,WDR,88-175,5A170111001,09/23/1988,09/21/1998,Historical,N,240655
393310,Enrollee,5F,WDRMUNIENROTH,97-010-DWQ,5C100800001,,,Never Active,N,240826
417945,Enrollee - WDR,5F,WDRMUNIOTH,2014-0153-DWQ,5C100800001,03/26/2019,09/23/2029,Active,N,240826
144660,WDR,5F,WDRMUNIOTH,86-224,5C100800001,12/12/1986,12/08/2001,Historical,N,240826
173306,WDR,5F,WDRMUNIOTH,,5B10NC00014,,,Never Active,N,240892
445353,Enrollee - WDR,5F,WDRMUNIOTH,2014-0153-DWQ,5B10NC00014,11/22/2022,09/23/2029,Active,N,240892
445294,NPDES Permit,5R,NPDMUNIOTH,R5-2023-0040,5A520102001,10/01/2023,09/30/2027,Active,N,240864
401816,NPDES Permit,5R,NPDMUNIOTH,R5-2015-0073,5A520102001,08/01/2015,07/31/2020,Historical,N,240864
371575,Letter,5R,WDR,,,09/25/2009,,Historical,N,240864
319245,NPDES Permit,5R,NPDMUNIOTH,R5-2007-0098,5A520102001,09/21/2007,09/01/2012,Historical,N,240864
131483,NPDES Permit,5R,NPDESWW,R5-2002-0115,5A520102001,06/07/2002,06/01/2007,Historical,N,240864
134307,NPDES Permit,5R,NPDMUNIOTH,97-068,5A520102001,04/25/1997,04/01/2002,Historical,N,240864
135231,NPDES Permit,5R,NPDMUNIOTH,93-249,5A520102001,12/03/1993,12/03/2003,Historical,N,240864
134025,NPDES Permit,5R,NPDMUNIOTH,92-132,5A520102001,06/26/1992,06/26/1997,Historical,N,240864
145491,NPDES Permit,5R,NPDMUNIOTH,77-280,5A520102001,11/18/1977,06/01/1987,Historical,N,240864
162298,Unregulated,2,PTPRG,,2 417019001,,,Never Active,N,240791
456225,NPDES Permit,2,NPDMUNILRG,R2-2024-0005,2 417019001,05/01/2024,04/30/2029,Active,N,240791
430624,Co-Permitee,2,NPDMUNILRG,R2-2024-0013,2 417019001,07/01/2019,09/30/2029,Active,N,240791
429384,NPDES Permit,2,NPDMUNILRG,R2-2019-0009,2 417019001,05/01/2019,04/30/2024,Historical,Y,240791
394236,NPDES Permit,2,NPDMUNILRG,R2-2013-0037,2 417019001,02/01/2014,01/31/2019,Historical,Y,240791
389093,Co-Permitee,2,NPDMUNILRG,R2-2017-0041,2 417019001,01/01/2013,12/31/2017,Active,Y,240791
378811,Co-Permitee,2,NPDMUNILRG,R2-2011-0012,2 417019001,04/01/2011,12/31/2012,Historical,N,240791
351141,NPDES Permit,2,NPDMUNILRG,R2-2008-0071,2 417019001,10/01/2008,09/30/2013,Historical,Y,240791
360514,Co-Permitee,2,NPDMUNILRG,R2-2007-0077,2 417019001,03/01/2008,12/31/2012,Historical,N,240791
131122,NPDES Permit,2,NPDMUNILRG,R2-2001-0143,2 417019001,11/28/2001,11/28/2006,Historical,N,240791
143300,NPDES Permit,2,NPDMUNILRG,94-048,2 417019001,04/20/1994,04/20/1999,Historical,Y,240791
142209,NPDES Permit,2,NPDMUNILRG,89-003,2 417019001,01/18/1989,01/18/1994,Historical,Y,240791
145939,NPDES Permit,2,NPDMUNILRG,84-012,2 417019001,03/21/1984,03/21/1989,Historical,N,240791
452528,13267 Letter (Non-Enforcement),5F,WDRMUNIENROTH,,5D100802001,04/05/2023,,Active,N,240914
194965,Enrollee - WDR,5F,WDRMUNIENROTH,97-010-DWQ,5D100802001,06/14/2001,06/14/2016,Active,N,240914
144663,WDR,5F,WDRMUNIOTH,86-231,5D100802001,12/12/1986,12/09/1996,Historical,N,240914
143048,WDR,5F,WDRMUNIOTH,66-133,5D100802001,06/17/1966,12/30/1996,Historical,N,240914
430374,WDR,1,WDRMUNIOTH,R1-2019-0002,1B80002OHUM,04/18/2019,04/17/2024,Active,N,240917
131801,WDR,1,WDRMUNIOTH,03-008,1B80002OHUM,02/27/2003,02/27/2013,Historical,N,240917
137112,WDR,1,WDRMUNIOTH,86-093,1B80002OHUM,05/01/1986,04/28/2006,Historical,N,240917
137414,WDR,1,WDRMUNIOTH,80-002,1B80002OHUM,01/24/1980,01/24/1985,Historical,N,240917
327478,WDR,5S,WDRMUNIOTH,R5-2006-0114-002,5B391070001,10/26/2006,10/26/2026,Active,Y,241099
148571,WDR,5S,WDRMUNIOTH,01-113,5B391070001,05/11/2001,05/11/2016,Historical,N,241099
139614,WDR,5S,WDRMUNIOTH,85-186,5B391070001,06/28/1985,06/24/2000,Historical,N,241099
139645,WDR,5S,WDRMUNIOTH,81-075,5B391070001,06/26/1981,,Historical,N,241099
430892,WDR,3,WDRMUNILRG,R3-2019-0042,3 420114004,05/17/2019,05/17/2029,Active,N,240951
147032,WDR,3,WDRMUNILRG,97-035,3 420114004,10/24/1997,10/20/2012,Historical,Y,240951
143649,WDR,3,WDRMUNILRG,84-076,3 420114004,07/13/1984,07/10/1999,Historical,N,240951
142648,WDR,3,WDRMUNILRG,78-017,3 420114004,04/14/1978,01/01/1983,Historical,N,240951
148662,WDR,5F,WDRMUNIOTH,00-265,5C551001001,12/08/2000,12/08/2010,Active,N,241111
140015,WDR,5S,WDRMUNIOTH,75-055,5C551001001,03/21/1975,03/18/1985,Historical,N,241111
466037,13267 Letter (Non-Enforcement),5S,WDRMUNIOTH,R5-2026-0032-NRP4-07,5C500112003,07/21/2026,,Active,N,241143
141280,WDR,5S,WDRMUNIOTH,94-360,5C500112003,12/09/1994,12/05/2009,Active,N,241143
139036,WDR,5S,WDRMUNIOTH,79-120,5C500112003,05/25/1979,09/01/1991,Historical,N,241143
446048,NPDES Permit,9,NPDMUNILRG,R9-2022-0006,9 000000117,05/01/2022,04/30/2027,Active,N,241053
440387,Co-Permitee,SB,SLIC,2020-0015-DWQ,9 000000117,07/09/2020,,Active,N,241053
402976,Enrollee - WDR,9,REC,2016-0068-DDW,9 000000541,10/05/2015,10/05/2020,Active,N,241053
384629,NPDES Permit,9,NPDMUNILRG,R9-2012-0013,9 000000117,05/31/2012,05/31/2017,Historical,Y,241053
309084,NPDES Permit,9,NPDMUNILRG,R9-2006-0055,9 000000117,10/01/2006,10/01/2011,Historical,N,241053
148216,NPDES Permit,9,NPDMUNILRG,R9-2001-0008,9 000000117,02/21/2001,02/21/2006,Historical,Y,241053
142903,WDR,9,WDRMUNILRG,97-052,9 000000541,10/15/1997,10/15/2014,Active,Y,241053
142802,WDR,9,WDRMUNILRG,87-031,9 000000118,05/04/1987,05/04/1992,Historical,Y,241053
141927,WDR,9,WDRMUNILRG,83-003,9 000000118,01/24/1983,01/24/1986,Historical,N,241053
148398,WDR,6V,WDRMUNILRG,01-036,6B150111001,06/13/2001,06/13/2011,Active,N,241188
146445,WDR,6V,WDRMUNILRG,89-079,6B150111001,04/13/1989,04/13/1999,Historical,N,241188
147940,WDR,6V,WDRMUNILRG,82-050,6B150111001,04/08/1982,04/08/1987,Historical,N,241188
147848,WDR,6V,WDRMUNILRG,75-070,6B150111001,07/24/1975,07/24/1980,Historical,N,241188
147332,WDR,6V,WDRMUNILRG,71-037,6B150111001,10/19/1971,10/19/1976,Historical,N,241188
448536,Enrollee - NPDES,5S,NPDMUNILRG,R5-2023-0025,5C500102001,08/01/2022,10/01/2028,Active,N,241146
440455,Co-Permitee,SB,SLIC,2020-0015-DWQ,5C500102001,07/09/2020,,Active,N,241146
413899,NPDES Permit,5S,NPDMUNILRG,R5-2017-0064,5C500102001,08/01/2017,07/31/2022,Historical,N,241146
411264,13267 Letter (Non-Enforcement),5S,NPDMUNILRG,R5-2012-0031,,12/30/2016,,Historical,N,241146
385662,NPDES Permit,5S,NPDMUNILRG,R5-2012-0031,5C500102001,07/27/2012,06/01/2017,Historical,N,241146
345668,NPDES Permit,5S,NPDMUNILRG,R5-2008-0059-01,5C500102001,06/14/2008,04/01/2013,Historical,Y,241146
132432,NPDES Permit,5S,NPDMUNILRG,R5-2001-0120,5C500102001,05/11/2001,05/11/2006,Historical,N,241146
141732,NPDES Permit,5S,NPDMUNILRG,94-129,5C500102001,07/28/1999,05/20/1999,Historical,N,241146
140646,NPDES Permit,5S,NPDMUNILRG,89-059,5C500102001,04/28/1989,04/01/1994,Historical,N,241146
139719,NPDES Permit,5S,NPDMUNILRG,83-086,5C500102001,08/12/1983,08/01/1988,Historical,N,241146
141093,WDR,5S,WDRMUNILRG,91-098,5B050101001,04/26/1991,04/22/2001,Active,N,241192
138883,WDR,5S,WDR,71-065,5B050101001,09/24/1970,12/31/1989,Historical,N,241192
138753,WDR,1,WDRMUNILRG,96-068,1A76081OSIS,09/26/1996,09/24/2014,Active,N,241264
138181,WDR,1,WDRMUNILRG,85-084,1A76081OSIS,05/23/1985,05/21/2005,Historical,N,241264
136685,WDR,1,WDRMUNIOTH,81-131,1A81131OSIS,05/28/1981,05/24/2019,Active,N,241266
449423,NPDES Permit,3,NPDMUNILRG,R3-2022-0010,3 420107001,11/01/2022,10/31/2027,Active,N,241288
440265,Co-Permitee,SB,SLIC,2020-0015-DWQ,3 420107001,07/09/2020,,Active,N,241288
388741,NPDES Permit,3,NPDMUNILRG,R3-2012-0016,3 420107001,01/25/2013,01/25/2018,Historical,N,241288
317063,NPDES Permit,3,NPDMUNILRG,R3-2006-0084,3 420107001,01/01/2007,01/01/2012,Historical,N,241288
131125,NPDES Permit,3,NPDMUNILRG,R3-2001-0116,3 420107001,12/07/2001,12/07/2006,Historical,N,241288
147015,NPDES Permit,3,NPDMUNILRG,96-041,3 420107001,12/06/1996,12/06/2001,Historical,N,241288
147385,NPDES Permit,3,NPDMUNILRG,92-014,3 420107001,01/10/1992,01/10/1997,Historical,N,241288
143974,NPDES Permit,3,NPDMUNILRG,87-028,3 420107001,02/06/1987,02/01/1992,Historical,N,241288
143023,NPDES Permit,3,NPDMUNILRG,82-030,3 420107001,04/16/1982,04/16/1987,Historical,N,241288
447411,Enrollee - WDR,3,WDRMUNIOTH,2014-0153-DWQ,3 441004001,03/20/2024,09/23/2029,Active,N,241299
144227,WDR,3,WDRMUNIOTH,87-07501,3 441004001,06/12/1987,06/08/2002,Historical,N,241299
143253,WDR,3,WDRMUNIOTH,84-008,3 441004001,01/20/1984,01/30/2014,Historical,N,241299
142833,WDR,3,WDRMUNIOTH,72-021,3 441004001,03/12/1972,01/01/1982,Historical,N,241299
449261,Enrollee - WDR,3,WDRMUNILRG,R3-2020-0020,3 270103001,09/20/2022,09/24/2030,Active,N,241305
148201,WDR,3,WDRMUNILRG,01-038,3 270103001,05/18/2001,05/18/2016,Historical,N,241305
143186,WDR,3,WDRMUNILRG,83-011,3 270103001,05/20/1983,11/14/2007,Historical,N,241305
447419,Enrollee - WDR,3,WDRMUNIOTH,2014-0153-DWQ,3 271011001,05/05/2022,05/04/2037,Active,N,241306
144332,WDR,3,WDRMUNIOTH,87-175,3 271011001,12/04/1987,11/30/2017,Historical,N,241306
142864,WDR,3,WDRMUNIOTH,72-076,3 271011001,10/12/1972,01/01/1977,Historical,N,241306
259651,Letter,3,NPDESWW,LT910505,,,05/11/1996,Historical,N,241479
440263,Co-Permitee,SB,SLIC,2020-0015-DWQ,3 400103001,07/09/2020,,Active,N,241479
418033,NPDES Permit,3,NPDMUNILRG,R3-2017-0050,3 400103001,03/01/2018,02/28/2023,Historical,N,241479
357056,NPDES Permit,3,NPDMUNILRG,R3-2008-0065,3 400103001,03/01/2009,12/03/2013,Historical,N,241479
147273,NPDES Permit,3,NPDMUNILRG,R3-1998-0015,3 400103001,12/11/1998,01/26/2009,Historical,N,241479
147432,NPDES Permit,3,NPDMUNILRG,92-067A1,3 400103001,04/02/1998,12/10/2003,Historical,N,241479
147404,NPDES Permit,3,NPDMUNILRG,92-067,3 400103001,11/13/1992,12/11/1998,Historical,N,241479
143261,NPDES Permit,3,NPDMUNILRG,84-021,3 400103001,02/24/1984,05/11/1990,Historical,N,241479
143006,NPDES Permit,3,NPDMUNILRG,81-030,3 400103001,04/10/1981,01/01/1986,Historical,N,241479
142888,NPDES Permit,3,NPDMUNILRG,74-018,3 400103001,01/01/1974,01/01/1979,Historical,N,241479
142873,NPDES Permit,3,NPDMUNILRG,73-022,3 400103001,01/01/1973,01/01/1978,Historical,N,241479
142556,NPDES Permit,3,NPDMUNILRG,63-010,3 400103001,01/01/1963,01/01/1968,Historical,N,241479
141748,WDR,2,WDRMUNIOTH,86-028,2 283025001,04/16/1986,04/16/1996,Active,N,241376
414836,Enrollee - WDR,5F,WDRMUNIOTH,2014-0153-DWQ,5C220800001,08/14/2018,09/23/2029,Active,N,241545
379437,Enrollee - WDR,5F,WDRMUNIENROTH,97-010-DWQ,5C220800001,06/16/2011,06/16/2027,Historical,N,241545
145708,WDR,5F,WDRMUNIOTH,96-214,5C220800001,08/09/1996,,Historical,N,241545
144119,WDR,5F,WDRMUNIOTH,85-023,5C220800001,01/25/1985,01/22/2000,Historical,N,241545
438059,NPDES Permit,9,NPDMUNILRG,R9-2022-0005,9 000000175,05/01/2022,04/30/2027,Active,Y,241540
440383,Co-Permitee,SB,SLIC,2020-0015-DWQ,9 000000541,07/09/2020,,Active,N,241540
384618,NPDES Permit,9,NPDMUNILRG,R9-2012-0012,9 000000175,05/31/2012,05/31/2017,Historical,Y,241540
309059,NPDES Permit,9,NPDMUNILRG,R9-2006-0054,9 000000175,10/01/2006,10/01/2011,Historical,N,241540
147564,NPDES Permit,9,NPDMUNILRG,R9-2000-0013,9 000000175,02/09/2000,02/09/2005,Historical,Y,241540
142903,WDR,9,WDRMUNILRG,97-052,9 000000541,10/15/1997,10/15/2014,Active,Y,241540
142394,WDR,9,WDR,91-072,9 000000352,08/12/1991,08/12/1996,Historical,N,241540
142729,WDR,9,WDR,86-031,9 000000352,07/28/1986,07/28/1991,Historical,N,241540
146776,WDR,9,WDR,64-020,9 000000352,09/11/1964,09/11/1969,Historical,Y,241540
459657,NPDES Permit,3,NPDMUNILRG,R3-2024-0045,3 270118002,02/28/2025,03/01/2030,Active,N,241740
440260,Co-Permitee,SB,SLIC,2020-0015-DWQ,3 270118002,07/09/2020,,Active,N,241740
429636,NPDES Permit,3,NPDMUNILRG,R3-2018-0017,3 270118002,04/01/2019,03/31/2024,Historical,N,241740
396653,NPDES Permit,3,NPDMUNILRG,R3-2014-0013,3 270118002,08/01/2014,07/31/2019,Historical,N,241740
366060,NPDES Permit,3,NPDMUNILRG,R3-2008-0008,3 270118002,04/30/2008,04/30/2013,Historical,N,241740
344144,NPDES Permit,3,NPDMUNILRG,R3-2008-0008-archived-ARCHIVED,3 270118002,04/30/2008,04/30/2013,Superceded,N,241740
367009,NPDES Permit,3,NPDMUNILRG,R3-2008-0008-archived-ARCHIVED,3 270118002,04/30/2008,04/30/2013,Archived,N,241740
131389,NPDES Permit,3,NPDMUNILRG,R3-2002-0083,3 270118002,11/01/2002,05/01/2008,Historical,N,241740
147260,NPDES Permit,3,NPDMUNILRG,97-083,3 270118002,12/05/1997,12/06/2002,Historical,N,241740
147403,NPDES Permit,3,NPDMUNILRG,92-064A1,3 270118002,05/30/1997,12/04/2002,Historical,N,241740
147402,NPDES Permit,3,NPDMUNILRG,92-064,3 270118002,07/10/1992,03/10/1999,Historical,N,241740
144283,NPDES Permit,3,NPDMUNILRG,87-119A1,3 270118002,03/27/1990,07/01/1992,Historical,N,241740
144282,NPDES Permit,3,NPDMUNILRG,87-119,3 270118002,07/10/1987,07/01/1992,Historical,N,241740
143196,NPDES Permit,3,NPDMUNILRG,83-046,3 270118002,11/18/1983,09/01/1988,Historical,N,241740
142654,NPDES Permit,3,NPDMUNILRG,78-046,3 270118002,01/08/1978,01/01/1982,Historical,N,241740
143575,NPDES Permit,3,NPDMUNILRG,76-061,3 270118002,01/01/1976,01/01/1981,Historical,N,241740
446024,NPDES Permit,2,NPDMUNILRG,R2-2021-0026,2 071029001,02/01/2022,01/31/2027,Active,N,241815
430625,Co-Permitee,2,NPDMUNILRG,R2-2024-0013,2 071029001,07/01/2019,09/30/2029,Active,N,241815
406134,NPDES Permit,2,NPDMUNILRG,R2-2016-0023,2 071029001,07/01/2016,06/30/2021,Historical,Y,241815
389095,Co-Permitee,2,NPDMUNILRG,R2-2017-0041,2 071029001,01/01/2013,12/31/2017,Active,Y,241815
378812,Co-Permitee,2,NPDMUNILRG,R2-2011-0012,2 071029001,04/01/2011,12/31/2012,Historical,N,241815
376645,NPDES Permit,2,NPDMUNILRG,R2-2010-0114,2 071029001,01/01/2011,12/31/2015,Historical,Y,241815
360515,Co-Permitee,2,NPDMUNILRG,R2-2007-0077,2 071029001,03/01/2008,12/31/2012,Historical,N,241815
310088,NPDES Permit,2,NPDMUNILRG,R2-2006-0063,2 071029001,12/01/2006,05/17/2010,Historical,Y,241815
376644,NPDES Permit,2,NPDMUNILRG,R2-2006-0063,2 071029001,12/01/2006,12/31/2015,Never Active,Y,241815
148066,NPDES Permit,2,NPDMUNILRG,R2-2000-0086,2 071029001,08/16/2000,08/16/2005,Historical,N,241815
142697,NPDES Permit,2,NPDMUNILRG,93-001,2 071029001,01/20/1993,01/20/1998,Historical,N,241815
141474,NPDES Permit,2,NPDMUNILRG,87-150,2 071029001,11/18/1987,11/18/1992,Historical,N,241815
146029,NPDES Permit,2,NPDMUNILRG,84-082,2 071029001,11/21/1984,11/21/1989,Historical,N,241815
163297,Unregulated,5F,DISCHLND,,5D540800H01,,,Historical,N,241826
358730,Enrollee - WDR,5F,WDRMUNIENROTH,97-010-DWQ,5C54NC00299,01/23/2009,01/23/2024,Active,N,241826
132735,NPDES Permit,5F,NPDMUNIOTH,R5-2003-0171,5D540800001,12/04/2003,02/05/2009,Historical,N,241826
146256,NPDES Permit,5F,NPDMUNIOTH,96-262,5D540800001,10/25/1996,10/01/2001,Historical,N,241826
145290,NPDES Permit,5F,NPDMUNIOTH,95-049,5D540800001,02/24/1995,02/21/2005,Historical,N,241826
145013,NPDES Permit,5F,NPDMUNIOTH,94-346,5D540800001,12/09/1994,12/06/2004,Historical,N,241826
143488,NPDES Permit,5F,NPDMUNIOTH,74-103,5D540800001,12/14/1973,01/30/1987,Historical,N,241826
453528,NPDES Permit,5S,NPDMUNILRG,R5-2023-0033,5B391078003,08/01/2023,07/31/2028,Active,Y,241598
440494,Co-Permitee,SB,SLIC,2020-0015-DWQ,5B391078003,07/09/2020,,Active,N,241598
435482,Enrollee - WDR,5S,WDRNONMUNIPRCS,2003-0003-DWQ,5B39NC00297,11/22/2019,11/21/2024,Historical,N,241598
416414,NPDES Permit,5S,NPDMUNILRG,R5-2017-0119,5B391078003,02/01/2018,01/31/2023,Historical,N,241598
389443,NPDES Permit,5S,NPDMUNILRG,R5-2013-0004,5B391078003,03/22/2013,01/01/2018,Historical,Y,241598
327492,NPDES Permit,5S,NPDMUNILRG,R5-2007-0039,5B391078003,06/23/2007,05/01/2012,Historical,N,241598
146802,NPDES Permit,5S,NPDMUNILRG,R5-1998-0192,5B391078003,09/11/1998,09/01/2003,Historical,N,241598
448201,NPDES Permit,5R,NPDMUNIOTH,R5-2023-0016,5A470105001,06/01/2023,05/31/2028,Active,N,241800
379099,NPDES Permit,5R,NPDMUNIOTH,R5-2017-0117,5A470105001,02/01/2018,01/31/2023,Historical,N,241800
404033,Letter,5R,NPDMUNIOTH,R5-2012-0086,5A470105001,12/16/2015,,Historical,N,241800
399499,Letter,5R,NPDMUNIOTH,,5A470105001,12/01/2014,,Historical,N,241800
398475,Letter,5R,NPDMUNIOTH,,5A470105001,09/12/2014,,Historical,N,241800
393961,Letter,5R,NPDMUNIOTH,,5A470105001,09/20/2013,,Historical,N,241800
392699,Letter,5R,NPDESWW,,5A470105001,07/19/2013,,Historical,N,241800
387897,NPDES Permit,5R,NPDMUNIOTH,R5-2012-0086,5A470105001,11/23/2012,11/01/2017,Historical,N,241800
329352,NPDES Permit,5R,NPDMUNIOTH,R5-2007-0056,5A470105001,06/21/2007,06/01/2012,Historical,N,241800
148450,NPDES Permit,5R,NPDMUNIOTH,R5-2001-0218,5A470105001,09/07/2001,09/01/2006,Historical,N,241800
133856,NPDES Permit,5R,NPDMUNIOTH,96-038,5A470105001,02/23/1996,09/07/2001,Historical,N,241800
133911,NPDES Permit,5R,NPDMUNIOTH,90-249,5A470105001,09/28/1990,09/28/1995,Historical,N,241800
133706,NPDES Permit,5R,NPDMUNIOTH,85-146,5A470105001,05/31/1985,05/31/1990,Historical,N,241800
368729,WDR,5S,WDRMUNILRG,R5-2012-0025,5A170103001,03/30/2012,03/30/2022,Active,N,241869
147059,WDR,5S,WDRMUNILRG,98-207,5A170103001,10/23/1998,10/22/2008,Historical,N,241869
140808,WDR,5S,WDR,92-196,5A170103001,09/25/1992,09/24/1997,Historical,N,241869
139961,WDR,5S,WDR,88-008,5A170103001,01/29/1988,01/29/1993,Historical,N,241869
139468,WDR,5S,WDR,80-122,5A170103001,09/12/1980,,Historical,N,241869
148661,WDR,5S,WDRMUNILRG,5-00-264,5B050102001,12/08/2000,05/31/2023,Active,Y,241907
139959,WDR,5S,WDR,88-006,5B050102001,01/29/1988,01/26/1998,Historical,N,241907
139457,WDR,5S,WDR,80-051,5B050102001,04/25/1980,,Historical,N,241907
136537,WDR,4,WDRMUNIOTH,98-088,4B190107003,11/02/1998,,Active,Y,242186
133568,WDR,4,WDRMUNIOTH,87-026,4B190107003,03/23/1987,03/20/1997,Historical,N,242186
133746,WDR,4,WDRMUNIOTH,79-110,4B190107003,06/25/1979,06/25/1982,Historical,N,242186
384644,WDR,4,WDRMUNIOTH,R4-2012-0073,4B561004001,04/05/2012,04/05/2017,Active,N,242135
260603,Letter,4,WDR,Letter,4B561004001,04/23/2001,,Historical,N,242135
145090,WDR,4,WDRMUNIOTH,01-008,4B561004001,01/11/2001,01/11/2016,Historical,N,242135
135514,WDR,4,WDRMUNIOTH,94-136,4B561004001,12/05/1994,12/01/2009,Historical,N,242135
133060,WDR,4,WDRMUNIOTH,72-075,4B561004001,12/13/1972,12/13/1982,Historical,N,242135
413232,NPDES Permit,4,NPDMUNIOTH,R4-2021-0062,4B190107048,06/01/2021,05/31/2026,Active,N,242162
381071,NPDES Permit,4,NPDMUNIOTH,R4-2012-0181,4B190107048,01/25/2013,11/10/2017,Historical,N,242162
319250,NPDES Permit,4,NPDMUNIOTH,R4-2007-0002,4B190107048,02/11/2007,12/11/2011,Historical,N,242162
141546,Reclamation Requirements,4,REC,00-167,4B190107055,11/09/2000,11/09/2050,Active,N,242162
141547,NPDES Permit,4,NPDMUNIOTH,00-166,4B190107048,11/09/2000,11/09/2005,Historical,N,242162
135050,Reclamation Requirements,4,REC,94-056,4B190107055,06/13/1994,06/13/1999,Historical,N,242162
135007,NPDES Permit,4,NPDMUNIOTH,94-027,4B190107048,04/04/1994,03/10/1999,Historical,N,242162
135260,NPDES Permit,4,NPDMUNIOTH,86-038,4B190107048,06/23/1986,06/10/1991,Historical,N,242162
133654,NPDES Permit,4,NPDMUNIOTH,83-053,4B190107048,09/26/1983,09/10/1988,Historical,N,242162
134899,Reclamation Requirements,4,REC,82-073,4B190107055,09/27/1982,09/27/1985,Historical,N,242162
141904,Reclamation Requirements,2,REC,91-039,2 283026001,03/20/1991,03/20/2006,Active,N,242648
140952,Reclamation Requirements,2,REC,86-068,2 283026001,09/17/1986,09/17/1989,Historical,N,242648
145719,Reclamation Requirements,2,REC,62-412,2 283026001,05/17/1962,05/17/1967,Historical,N,242648
379392,WDR,4,WDR,,,,,Never Active,N,242706
379397,Letter,4,WDR,13260 Letter,,05/19/2009,,Historical,N,242706
135471,WDR,4,WDRMUNIOTH,94-101,4A190107076,09/26/1994,,Active,N,242706
133035,WDR,4,WDRMUNIOTH,64-054,4A190107076,11/18/1964,11/18/1969,Historical,N,242706
453107,NPDES Permit,4,NPDMUNILRG,R4-2023-0090,4A560103003,04/27/2023,04/27/2028,Historical,N,243377
440304,Co-Permitee,SB,SLIC,2020-0015-DWQ,4A560103003,07/09/2020,,Active,N,243377
132593,NPDES Permit,4,NPDMUNILRG,R4-2003-0151,4A560103003,01/23/2004,11/10/2008,Historical,N,243377
131554,Reclamation Requirements,4,REC,R4-2002-0028,4A560123001,01/24/2002,01/24/2017,Historical,N,243377
147517,NPDES Permit,4,NPDMUNILRG,00-049,4A560103003,04/13/2000,12/10/2003,Historical,N,243377
193021,Enrollee,4,NPDNONMUNIPRCS,97-045,4A566000507,10/06/1999,,Historical,N,243377
193049,Enrollee,4,NPDNONMUNIPRCS,97-047,4A566300107,10/06/1999,,Historical,N,243377
259176,Letter,4,WDR,Letter,4A560103002,09/28/1999,,Historical,N,243377
136750,NPDES Permit,4,NPDMUNILRG,97-033,4A560103003,04/07/1997,03/10/2002,Historical,Y,243377
135559,NPDES Permit,4,NPDMUNILRG,95-033,4A560103003,04/03/1995,03/10/2000,Historical,Y,243377
158362,Unregulated,5S,LNDISP,,5A482008N01,,,Never Active,N,243988
164732,Unregulated,5S,DISCHLND,,5A48NC00001,,,Never Active,N,243988
158361,Unregulated,5S,DISCHLND,,5A482008N01,,,Never Active,N,243988
158360,Unregulated,5S,UST,,5A482008N01,,,Never Active,N,243988
194609,Enrollee,5S,NPDNONMUNIPRCS,5-00-175,5A48NP00015,03/12/2003,,Historical,N,243988
131127,Individual Monitoring Requirem,5S,WDR,R5-2001-0822,5A48NC00001,12/18/2001,12/18/2015,Active,N,243988
194593,Enrollee - WDR,5S,WDRMUNIENROTH,97-010-DWQ,5A48NC00001,03/28/2001,03/27/2006,Active,N,243988
368742,WDR,5S,WDRMUNILRG,R5-2013-0065,5A280103002,05/31/2013,05/30/2023,Active,Y,243845
146474,WDR,5S,WDRMUNILRG,95-173,5A280103002,06/23/1995,06/23/2005,Historical,N,243845
139802,WDR,5S,WDRMUNILRG,85-331,5A280103002,12/06/1985,12/04/1995,Historical,N,243845
138825,WDR,5S,WDRMUNILRG,66-046,5A280103002,11/19/1965,,Historical,N,243845
161622,Unregulated,2,PTPRG,,2 283009001,,,Never Active,N,243858
446586,NPDES Permit,2,NPDMUNILRG,R2-2022-0003,2 283009001,04/01/2022,03/31/2027,Active,N,243858
430626,Co-Permitee,2,NPDMUNILRG,R2-2024-0013,2 283009001,07/01/2019,09/30/2029,Active,N,243858
407648,NPDES Permit,2,NPDMUNILRG,R2-2016-0035,2 283009001,09/01/2016,08/31/2021,Historical,N,243858
389096,Co-Permitee,2,NPDMUNILRG,R2-2017-0041,2 283009001,01/01/2013,12/31/2017,Active,Y,243858
378813,Co-Permitee,2,NPDMUNILRG,R2-2011-0012,2 283009001,04/01/2011,12/31/2012,Historical,N,243858
377588,NPDES Permit,2,NPDMUNILRG,R2-2011-0007,2 283009001,04/01/2011,03/31/2016,Historical,Y,243858
360516,Co-Permitee,2,NPDMUNILRG,R2-2007-0077,2 283009001,03/01/2008,12/31/2012,Historical,N,243858
304298,NPDES Permit,2,NPDMUNILRG,R2-2005-0008,2 283009001,05/01/2005,03/31/2010,Historical,Y,243858
147767,NPDES Permit,2,NPDMUNILRG,R2-2000-0059,2 283009001,07/19/2000,05/01/2005,Historical,Y,243858
380595,Enrollee - WRR,2,REC,R2-1996-011,2 283009002,04/09/1996,,Active,N,243858
143298,Reclamation Requirements,2,REC,94-039,2 283009002,03/16/1994,,Historical,N,243858
143296,NPDES Permit,2,NPDMUNILRG,94-037,2 283009001,03/16/1994,03/16/1999,Historical,Y,243858
141568,NPDES Permit,2,NPDMUNILRG,88-094,2 283009001,06/15/1988,06/15/1993,Historical,Y,243858
145602,NPDES Permit,2,NPDMUNILRG,83-021,2 283009001,09/21/1983,09/21/1988,Historical,Y,243858
440337,Co-Permitee,SB,SLIC,2020-0015-DWQ,7B360110014,07/09/2020,,Active,N,244080
400298,WDR,7,WDRMUNILRG,R7-2015-0018,7B360110014,03/12/2015,03/12/2025,Active,N,244080
148713,WDR,7,WDRMUNILRG,01-160,7B360110014,11/14/2001,11/14/2011,Historical,N,244080
141307,WDR,7,WDRMUNILRG,01-014,7B360110014,03/14/2001,03/14/2011,Historical,N,244080
148069,WDR,7,WDRMUNILRG,00-057,7B360110014,09/13/2000,09/13/2010,Historical,Y,244080
140607,WDR,5F,WDRMUNIOTH,89-033,5C551029002,02/24/1989,02/21/2004,Active,N,244174
138884,WDR,5S,WDRMUNIOTH,71-067,5C551029002,09/24/1970,11/30/1987,Historical,N,244174
450557,Enrollee - WDR,5S,WDRMUNIOTH,2014-0153-DWQ,5B051027001,12/12/2022,09/23/2029,Active,N,244186
146735,WDR,5S,WDRMUNIOTH,98-075,5B051027001,04/17/1998,04/13/2013,Historical,N,244186
448476,NPDES Permit,5S,NPDMUNIOTH,R5-2022-0039,5A290101001,08/01/2022,07/31/2027,Active,N,244141
413894,NPDES Permit,5S,NPDMUNIOTH,R5-2017-0060,5A290101001,08/01/2017,07/31/2022,Historical,N,244141
385618,NPDES Permit,5S,NPDMUNIOTH,R5-2012-0033,5A290101001,07/27/2012,06/01/2017,Historical,N,244141
361715,NPDES Permit,5S,NPDMUNIOTH,R5-2008-0177,5A290101001,01/23/2009,11/30/2013,Historical,N,244141
131257,NPDES Permit,5S,NPDMUNIOTH,R5-2002-0050,5A290101001,04/26/2002,04/26/2007,Historical,N,244141
146185,NPDES Permit,5S,NPDMUNIOTH,96-103,5A290101001,05/03/1996,05/03/2001,Historical,N,244141
141090,NPDES Permit,5S,NPDMUNIOTH,91-090,5A290101001,04/26/1991,04/01/1996,Historical,N,244141
139779,NPDES Permit,5S,NPDMUNIOTH,85-238,5A290101001,08/23/1985,08/01/1990,Historical,N,244141
462238,Enrollee - Waiver,1,WDRINDIVSML,R1-2022-0031,1A25127RMOD,08/18/2025,12/12/2027,Active,N,244240
139224,WDR,1,WDRMUNIOTH,97-093,1A78041OMOD,09/25/1997,09/25/2014,Active,N,244240
138172,WDR,1,WDRMUNIOTH,85-070,1A78041OMOD,05/23/1985,05/21/2005,Historical,N,244240
368808,WDR,5S,WDRMUNILRG,,5C500103001,,,Never Active,N,244250
161175,Unregulated,5S,DISCHSW,,5C500103001,,,Never Active,N,244250
440485,Co-Permitee,SB,SLIC,2020-0015-DWQ,5C500103001,07/09/2020,,Active,N,244250
420963,WDR,5S,WDRMUNILRG,R5-2018-0024,5C500103001,04/06/2018,04/06/2028,Active,N,244250
146793,WDR,5S,WDRMUNILRG,R5-1998-0163,5C500103001,07/24/1998,07/21/2008,Historical,N,244250
145910,WDR,5S,WDRMUNILRG,95-257,5C500103001,12/08/1995,12/01/2000,Historical,N,244250
140742,WDR,5S,WDRMUNILRG,90-286,5C500103001,11/02/1990,11/01/1995,Historical,N,244250
139624,WDR,5S,WDRMUNILRG,85-208,5C500103001,08/23/1985,09/01/1990,Historical,N,244250
142547,Reclamation Requirements,2,REC,90-137,2 071040003,10/17/1990,10/17/2005,Active,N,244392
461878,NPDES Permit,7,NPDMUNIOTH,R7-2025-0017,7A130109011,08/01/2025,07/31/2030,Active,N,244348
430972,NPDES Permit,7,NPDMUNIOTH,R7-2019-0005,7A130109011,06/01/2019,05/31/2024,Historical,N,244348
389693,NPDES Permit,7,NPDMUNIOTH,R7-2014-0001,7A130109011,06/01/2014,05/31/2019,Historical,N,244348
356257,NPDES Permit,7,NPDMUNIOTH,R7-2008-0020,7A130109011,11/19/2008,11/18/2013,Historical,N,244348
132815,NPDES Permit,7,NPDMUNIOTH,R7-2003-0049,7A130109011,06/25/2003,06/25/2008,Historical,N,244348
136523,NPDES Permit,7,NPDMUNIOTH,98-017,7A130109011,05/14/1998,05/13/2003,Historical,Y,244348
135917,NPDES Permit,7,NPDMUNIOTH,93-036,7A130109011,06/30/1993,06/30/1998,Historical,N,244348
136103,NPDES Permit,7,NPDMUNIOTH,89-001,7A130109011,01/25/1989,01/25/1994,Historical,N,244348
135393,NPDES Permit,7,NPDMUNIOTH,84-010,7A130109011,01/18/1984,01/18/1989,Historical,N,244348
134566,NPDES Permit,7,NPDMUNIOTH,79-026,7A130109011,03/14/1979,03/14/1984,Historical,N,244348
452874,Enrollee - WDR,3,WDRMUNILRG,2014-0153-DWQ,3 401028001,05/31/2023,09/23/2029,Active,N,244360
146917,WDR,3,WDRMUNILRG,94-014,3 401028001,03/11/1994,03/07/2009,Historical,N,244360
143256,WDR,3,WDRMUNILRG,84-014,3 401028001,02/24/1984,02/01/1994,Historical,N,244360
459162,Enrollee - WDR,3,WDRMUNILRG,R3-2020-0020,3 400104001,11/14/2024,09/24/2030,Active,N,244361
383695,WDR,3,WDRMUNILRG,R3-2012-0003,3 400104001,02/02/2012,02/02/2022,Historical,N,244361
147259,WDR,3,WDRMUNILRG,97-075,3 400104001,10/24/1997,10/20/2012,Historical,N,244361
143645,WDR,3,WDRMUNILRG,84-056A1,3 400104001,12/05/1988,12/02/2003,Historical,N,244361
143644,WDR,3,WDRMUNILRG,84-056,3 400104001,07/13/1984,07/10/1999,Historical,Y,244361
371547,Resolution,5F,WDR,R5-2007-0007,5C201016001,01/25/2007,,Historical,N,244529
144378,WDR,5F,WDRMUNIOTH,90-051,5C201016001,02/23/1990,02/21/2000,Active,N,244529
139946,WDR,5S,WDRMUNIOTH,87-190,5A290107001,10/23/1987,10/19/2002,Active,N,244565
417163,Enrollee - WDR,5F,WDRMUNIOTH,2014-0153-DWQ,5B20NC00059,08/27/2019,09/23/2029,Active,N,244531
176657,WDR,5F,WDRMUNIOTH,,5B20NC00059,10/30/2005,,Historical,N,244531
387719,NPDES Permit,9,NPDESWW,,,,,Never Active,N,244506
440390,Co-Permitee,SB,SLIC,2020-0015-DWQ,9 000000730,07/09/2020,,Active,N,244506
424907,NPDES Permit,9,NPDMUNILRG,R9-2020-0001,9 000003607,07/01/2020,06/30/2025,Active,Y,244506
402158,WDR,9,WDRMUNILRG,R9-2015-0091,9 000000730,12/16/2015,12/16/2020,Active,N,244506
405325,Letter,9,WDRMUNILRG,,,08/01/2015,,Historical,N,244506
142858,WDR,9,WDRMUNILRG,R9-1997-0003,9 000000730,01/09/1997,01/08/2013,Historical,Y,244506
147812,WDR,5F,WDRMUNIOTH,00-049,5D150111001,03/17/2000,03/17/2010,Active,N,244567
144656,WDR,5F,WDRMUNIOTH,86-184,5D150111001,09/26/1986,09/22/2001,Historical,N,244567
143809,WDR,5F,WDRMUNIOTH,82-063,5D150111001,06/25/1982,09/30/1996,Historical,N,244567
450528,NPDES Permit,2,NPDMUNILRG,R2-2022-0036,2 417021002,02/01/2023,01/31/2028,Active,N,244566
414390,NPDES Permit,2,NPDMUNILRG,R2-2017-0026,2 417021001,09/01/2017,08/31/2022,Historical,N,244566
383103,NPDES Permit,2,NPDMUNILRG,R2-2012-0013,2 417021001,04/01/2012,03/31/2017,Historical,N,244566
313195,NPDES Permit,2,NPDMUNILRG,R2-2006-0068,2 417021001,12/01/2006,11/30/2011,Historical,Y,244566
147250,NPDES Permit,2,NPDMUNILRG,R2-2000-0017,2 417021001,03/15/2000,03/15/2005,Historical,N,244566
143378,NPDES Permit,2,NPDMUNILRG,94-140,2 417021001,10/19/1994,10/19/1999,Historical,N,244566
141622,NPDES Permit,2,NPDMUNILRG,89-147,2 417021001,09/20/1989,09/20/1994,Historical,Y,244566
145981,NPDES Permit,2,NPDMUNILRG,84-034,2 417021001,06/20/1984,06/20/1989,Historical,N,244566
448917,Enrollee - WDR,3,WDRMUNIOTH,2014-0153-DWQ,3 270302001,08/19/2022,08/12/2032,Active,N,244646
444371,Letter,3,WDRMUNIOTH,R3-2004-054,3 270302001,08/24/2019,,Historical,N,244646
132444,WDR,3,WDRMUNIOTH,04-0054,3 270302001,05/14/2004,05/14/2025,Historical,N,244646
131136,WDR,3,WDRMUNIOTH,01-132,3 270302001,12/07/2001,12/07/2016,Historical,N,244646
143520,WDR,3,WDRMUNIOTH,86-132,3 270302001,06/13/1986,06/09/2001,Historical,N,244646
143581,WDR,3,WDRMUNIOTH,77-011,3 270302001,03/18/1977,01/01/1982,Historical,N,244646
142326,Reclamation Requirements,2,REC,92-065,2 215022002,06/17/1992,06/17/2007,Active,N,244703
145249,Reclamation Requirements,2,REC,80-017,2 215022002,04/15/1980,04/15/1985,Historical,N,244703
162894,Unregulated,2,PTPRG,,2 215022001,,,Active,N,244705
464071,NPDES Permit,2,NPDMUNILRG,R2-2026-0002,2 215022001,04/01/2026,03/31/2031,Active,N,244705
438539,NPDES Permit,2,NPDMUNILRG,R2-2020-0019,2 215022001,09/01/2020,08/31/2025,Historical,Y,244705
430627,Co-Permitee,2,NPDMUNILRG,R2-2024-0013,2 215022001,07/01/2019,09/30/2029,Active,N,244705
402040,NPDES Permit,2,NPDMUNILRG,R2-2015-0034,2 215022001,09/01/2015,08/31/2020,Historical,N,244705
389097,Co-Permitee,2,NPDMUNILRG,R2-2017-0041,,01/01/2013,12/31/2017,Active,Y,244705
380584,Enrollee - WRR,2,REC,R2-1996-011,2 215022004,03/30/2012,,Active,N,244705
382037,Enrollee - WRR,2,REC,R2-1996-011,2 215022004,12/15/2011,,Active,N,244705
378814,Co-Permitee,2,NPDMUNILRG,R2-2011-0012,2 215022001,04/01/2011,12/31/2012,Historical,N,244705
374208,NPDES Permit,2,NPDMUNILRG,R2-2010-0074,2 215022001,07/01/2010,06/30/2015,Historical,Y,244705
360518,Co-Permitee,2,NPDMUNILRG,R2-2007-0077,,03/01/2008,12/31/2012,Historical,N,244705
345352,NPDES Permit,2,NPDMUNILRG,R2-2004-0093,2 215022001,02/01/2005,02/01/2005,Never Active,N,244705
133147,NPDES Permit,2,NPDMUNILRG,R2-2004-0093,2 215022001,02/01/2005,06/30/2010,Historical,Y,244705
376109,Enrollee - WRR,2,REC,R2-1996-011,2 215022003,03/01/2004,,Active,N,244705
147140,NPDES Permit,2,NPDMUNILRG,99-036,2 215022001,05/25/1999,05/25/2004,Historical,Y,244705
142333,NPDES Permit,2,NPDMUNILRG,92-091,2 215022001,08/19/1992,08/19/1997,Historical,Y,244705
146622,NPDES Permit,2,NPDMUNILRG,85-032,2 215022001,04/30/1985,04/30/1990,Historical,Y,244705
397549,Letter,5R,WDRMUNIOTH,R5-2014-0091,5A450805006,06/13/2014,,Historical,N,245524
397375,Enrollee - WDR,5R,WDRMUNIOTH,97-010-DWQ,5A450805006,06/06/2014,06/03/2024,Active,N,245524
394615,Letter,5R,WDRMUNIOTH,,5A450805006,01/15/2014,,Historical,N,245524
133570,WDR,5R,WDRMUNIOTH,94-336,5A450805006,12/09/1994,12/09/2015,Historical,N,245524
148172,WDR,5S,WDRMUNILRG,5-01-111,5A170104001,05/11/2001,05/11/2006,Active,N,244785
147058,WDR,5S,WDR,98-206,5A170104001,10/23/1998,10/22/2003,Historical,N,244785
139963,WDR,5S,WDR,88-010,5A170104001,01/29/1988,01/27/1993,Historical,N,244785
139606,WDR,5S,WDR,85-177,5A170104001,06/28/1985,01/29/1988,Historical,N,244785
465299,Enrollee - WDR,5F,WDRMUNIENROTH,2014-0153-DWQ,5C550114001,02/24/2026,09/23/2029,Active,N,245520
452523,13267 Letter (Non-Enforcement),5F,WDRMUNIENROTH,,5C550114001,04/05/2023,,Active,N,245520
379429,Enrollee - WDR,5F,WDRMUNIENROTH,97-010-DWQ,5C550114001,06/14/2011,06/14/2026,Historical,N,245520
141943,WDR,5F,WDRMUNIOTH,91-189,5C550114001,09/06/1991,09/02/2006,Historical,N,245520
331466,WDR,5F,WDR,RWD Withdrawn,5C201031001,,,Never Active,N,245554
389792,Letter,5F,WDR,,5c201031001,04/05/2013,,Historical,N,245554
145212,WDR,5F,WDRMUNIOTH,97-197,5C201031001,09/19/1997,09/19/2007,Active,Y,245554
449258,Enrollee - WDR,3,WDRMUNILRG,2014-0153-DWQ,3 400113003,09/16/2022,09/23/2029,Active,N,245581
131134,WDR,3,WDRMUNILRG,01-130,3 400113003,12/07/2001,12/07/2011,Historical,N,245581
146924,WDR,3,WDRMUNILRG,94-023,3 400113003,03/11/1994,03/08/2004,Historical,N,245581
143544,WDR,3,WDRMUNILRG,76-060,3 400113003,10/09/1976,10/01/1986,Historical,N,245581
440483,Co-Permitee,SB,SLIC,2020-0015-DWQ,5C500104001,07/09/2020,,Active,N,245602
385669,WDR,5S,WDRMUNILRG,R5-2012-0063,5C500104001,06/08/2012,06/08/2022,Active,N,245602
148433,WDR,5S,WDRMUNILRG,R5-2001-0094,5C500104001,04/27/2001,04/27/2011,Historical,N,245602
140209,WDR,5S,WDRMUNILRG,87-045,5C500104001,03/27/1987,03/24/1997,Historical,N,245602
139483,WDR,5S,WDRMUNILRG,81-016,5C500104001,01/23/1981,,Historical,N,245602
137774,WDR,1,WDRMUNIOTH,92-057,1B80173OMAR,06/25/1992,06/23/2014,Active,Y,245775
137099,WDR,1,WDRMUNIOTH,86-049,1B80173OMAR,04/10/1986,04/10/1991,Historical,N,245775
136636,WDR,1,WDRMUNIOTH,80-173,1B80173OMAR,09/25/1980,09/25/1985,Historical,N,245775
452539,Enrollee - WDR,3,WDRMUNILRG,R3-2020-0020,3 271007001,05/02/2023,09/24/2030,Active,N,245564
148204,WDR,3,WDRMUNILRG,01-009,3 271007001,05/18/2001,05/18/2016,Historical,N,245564
143723,WDR,3,WDRMUNILRG,85-070,3 271007001,05/10/1985,05/06/2000,Historical,N,245564
143640,WDR,3,WDRMUNILRG,84-045,3 271007001,04/13/1984,05/10/1985,Historical,N,245564
389776,Letter,9,NPDESWW,,9 000000146,,,Never Active,N,245795
434521,NPDES Permit,9,NPDMUNILRG,R9-2019-0166,9 000000146,04/01/2020,03/31/2025,Active,Y,245795
377272,NPDES Permit,9,NPDMUNILRG,R9-2011-0016,9 000000146,03/03/2011,03/02/2016,Historical,Y,245795
306005,NPDES Permit,9,NPDMUNILRG,R9-2005-0136,9 000000146,08/10/2005,08/10/2010,Historical,N,245795
377268,NPDES Permit,9,NPDMUNILRG,R9-2005-0136,9 000000146,08/10/2005,08/10/2010,Never Active,N,245795
147496,NPDES Permit,9,NPDMUNILRG,R9-2000-0011,,02/09/2000,02/09/2005,Historical,Y,245795
142526,NPDES Permit,9,NPDMUNILRG,95-007,9 000000146,02/09/1995,02/09/2000,Historical,Y,245795
147617,NPDES Permit,9,NPDMUNILRG,84-002,9 000000146,01/23/1984,02/26/1989,Historical,Y,245795
138241,WDR,1,WDRMUNIOTH,98-125,1B98055RSON,12/10/1998,12/10/2014,Active,N,245805
443216,NPDES Permit,5S,NPDMUNILRG,R5-2021-0024,5A580102001,06/01/2021,05/31/2026,Active,N,245949
440464,Co-Permitee,SB,SLIC,2020-0015-DWQ,5A580102001,07/09/2020,,Active,N,245949
405016,NPDES Permit,5S,NPDMUNILRG,R5-2016-0001,5A580102001,04/01/2016,03/31/2021,Historical,N,245949
374864,NPDES Permit,5S,NPDMUNILRG,R5-2010-0074,5A580102001,07/16/2010,05/01/2015,Historical,N,245949
133347,NPDES Permit,5S,NPDMUNILRG,R5-2004-0094,5A580102001,07/09/2004,05/07/2014,Historical,N,245949
131567,NPDES Permit,5S,NPDMUNILRG,02-001,5A580102001,01/25/2002,01/01/2007,Historical,N,245949
146570,NPDES Permit,5S,NPDMUNILRG,96-282,5A580102001,12/06/1996,12/06/2001,Historical,N,245949
141992,NPDES Permit,5S,NPDMUNILRG,91-240,5A580102001,11/22/1991,11/01/1996,Historical,N,245949
140310,NPDES Permit,5S,NPDMUNILRG,88-123,5A580102001,06/24/1988,06/01/1993,Historical,N,245949
139718,NPDES Permit,5S,NPDMUNILRG,83-084,5A580102001,08/12/1983,03/31/1989,Historical,N,245949
440448,Co-Permitee,SB,SLIC,2020-0015-DWQ,5A110100001,07/09/2020,,Active,N,246203
350817,WDR,5R,WDRINDIVLRG,R5-2010-0087,5A110100001,07/29/2010,07/29/2025,Active,N,246203
146224,WDR,5R,LNDISP,96-129,5A110100001,05/03/1996,05/01/2006,Historical,N,246203
141102,WDR,5R,LNDISP,91-134,5A110100001,06/28/1991,06/25/2001,Historical,N,246203
141102,WDR,5S,LNDISP,91-134,5A110100001,06/28/1991,06/25/2001,Historical,N,246203
140454,WDR,5S,LNDISP,83-134,5A110100001,10/28/1983,10/15/1988,Historical,N,246203
163164,Unregulated,2,PTPRG,,2 019032001,,,Never Active,N,246217
456854,NPDES Permit,2,NPDMUNILRG,R2-2024-0006,2 019032001,06/01/2024,05/31/2029,Active,N,246217
448549,NPDES Permit,2,NPDMUNILRG,R2-2022-0023,2 019123001,09/01/2022,08/31/2027,Active,N,246217
450831,Co-Permitee,2,NPDMUNILRG,R2-2022-0023,2 01NPI415018,09/01/2022,08/31/2027,Active,N,246217
430628,Co-Permitee,2,NPDMUNILRG,R2-2024-0013,2 019032001,07/01/2019,09/30/2029,Active,N,246217
420108,NPDES Permit,2,NPDMUNILRG,R2-2018-0010,2 019032001,01/01/2019,12/31/2023,Historical,Y,246217
413161,NPDES Permit,2,NPDMUNILRG,R2-2017-0016,2 019123001,07/01/2017,07/01/2022,Historical,Y,246217
415018,Co-Permitee,2,NPDMUNILRG,R2-2017-0016,2 01NPI415018,07/01/2017,,Historical,N,246217
416689,Co-Permitee,2,NPDMUNILRG,R2-2017-0016,2 019032002,07/01/2017,,Active,N,246217
389098,Co-Permitee,2,NPDMUNILRG,R2-2017-0041,2 019032001,01/01/2013,12/31/2017,Active,Y,246217
388119,NPDES Permit,2,NPDMUNILRG,R2-2012-0004-04,2 019032001,03/01/2012,02/28/2017,Historical,N,246217
382900,NPDES Permit,2,NPDMUNILRG,R2-2012-0004,2 019123001,03/01/2012,02/28/2017,Historical,Y,246217
383588,Co-Permitee,2,NPDMUNILRG,R2-2012-0004,2 019032002,03/01/2012,02/28/2017,Historical,N,246217
360502,Co-Permitee,2,NPDMUNILRG,R2-2007-0077,2 019032001,03/01/2008,12/31/2012,Historical,N,246217
307632,NPDES Permit,2,NPDMUNILRG,R2-2006-0053,2 019123001,10/01/2006,09/30/2011,Historical,Y,246217
307631,NPDES Permit,2,NPDMUNILRG,R2-2006-0053-04,2 019032001,10/01/2006,09/30/2011,Historical,N,246217
148297,NPDES Permit,2,NPDMUNILRG,R2-2000-0087-04,2 019032001,08/16/2000,08/16/2005,Historical,Y,246217
148293,NPDES Permit,2,NPDMUNILRG,R2-2000-0087-01,2 019123001,08/16/2000,08/16/2005,Historical,Y,246217
143313,NPDES Permit,2,NPDMUNILRG,94-07204,2 019032001,06/15/1994,06/15/1999,Historical,Y,246217
141593,NPDES Permit,2,NPDMUNILRG,89-09804,2 019032001,06/21/1989,06/21/1994,Historical,Y,246217
145976,NPDES Permit,2,NPDMUNILRG,84-03004,2 019032001,06/20/1984,06/20/1989,Historical,Y,246217
442332,NPDES Permit,5R,NPDMUNILRG,R5-2021-0044,5A040106001,10/01/2021,09/30/2026,Active,N,246251
440439,Co-Permitee,SB,SLIC,2020-0015-DWQ,5A040106001,07/09/2020,,Active,N,246251
397468,NPDES Permit,5R,NPDMUNILRG,R5-2016-0024,5A040106001,06/01/2016,05/31/2021,Historical,N,246251
398473,Letter,5R,NPDMUNILRG,R5-2010-0073,5A04016001,09/16/2014,,Historical,N,246251
398481,Letter,5R,NPDMUNILRG,R5-2010-0073,5A040106001,08/13/2014,,Historical,N,246251
397384,Letter,5R,NPDMUNILRG,,5A040106001,07/15/2014,,Historical,N,246251
375802,Letter,5R,NPDESWW,,5A040106001,09/03/2010,,Historical,N,246251
374604,NPDES Permit,5R,NPDMUNILRG,R5-2010-0073,5A040106001,05/27/2010,05/01/2015,Historical,N,246251
133513,NPDES Permit,5R,NPDMUNILRG,R5-2005-0010,5A040106001,01/27/2005,01/01/2011,Historical,N,246251
134094,NPDES Permit,5R,NPDMUNILRG,99-065,5A040106001,06/11/1999,06/01/2004,Historical,N,246251
135290,NPDES Permit,5R,NPDMUNILRG,94-176,5A040106001,06/24/1994,06/24/1999,Historical,N,246251
134875,NPDES Permit,5R,NPDMUNILRG,89-061,5A040106001,04/27/1989,04/01/1994,Historical,N,246251
133420,NPDES Permit,5R,NPDMUNILRG,84-061,5A040106001,06/22/1984,06/22/1989,Historical,N,246251
142041,Reclamation Requirements,2,REC,R2-1991-0162,2 283012001,11/20/1991,11/20/2006,Active,N,247301
145572,Reclamation Requirements,2,REC,82-049,2 283012001,09/15/1982,09/15/1987,Historical,N,247301
393297,Enrollee - WDR,5F,WDRMUNIOWTS,97-010-DWQ,5D541048001,01/17/2014,01/17/2029,Active,N,246381
395537,Individual Monitoring Requirem,5F,WDRMUNIENROTH,R5-2013-0814,5D541048001,01/17/2014,,Active,N,246381
145136,WDR,5F,WDRMUNIOTH,94-021,5D541048001,01/28/1994,01/26/2004,Historical,N,246381
144377,WDR,5F,WDRMUNIOTH,90-050,5D541048001,02/23/1990,02/23/1999,Historical,N,246381
455050,NPDES Permit,4,NPDMUNILRG,R4-2023-0430,4A560104001,02/01/2024,01/31/2029,Active,N,246616
440286,Co-Permitee,SB,SLIC,2020-0015-DWQ,4A560104001,07/09/2020,,Active,N,246616
424638,NPDES Permit,4,NPDMUNILRG,R4-2018-0170,4A560104001,02/01/2019,01/31/2024,Historical,N,246616
388393,NPDES Permit,4,NPDMUNILRG,R4-2013-0173,4A560104001,01/01/2014,12/31/2018,Historical,N,246616
389834,13267 Letter (Non-Enforcement),4,NPDMUNILRG,R4-2008-0039,4A560104001,01/30/2013,,Historical,N,246616
345520,NPDES Permit,4,NPDMUNILRG,R4-2008-0039,4A560104001,08/29/2008,06/10/2013,Historical,N,246616
307134,Letter,4,PTPRG,Letter,4A560104001,07/25/2006,,Historical,N,246616
132643,NPDES Permit,4,NPDMUNILRG,R4-2003-0087,4A560104001,07/25/2003,05/10/2008,Historical,Y,246616
136026,NPDES Permit,4,NPDMUNILRG,96-041,,06/10/1996,05/10/2001,Historical,Y,246616
134525,NPDES Permit,4,NPDMUNILRG,90-062,4A560104001,05/21/1990,08/10/1994,Historical,N,246616
136164,NPDES Permit,4,NPDMUNILRG,84-072,4A560104001,09/17/1984,08/10/1989,Historical,N,246616
134119,NPDES Permit,4,NPDMUNILRG,79-151,4A560104001,09/24/1979,09/10/1984,Historical,N,246616
456582,WDR,7,WDRMUNILRG,R7-2024-0009,7A330114012,02/13/2024,02/13/2029,Active,N,247435
440335,Co-Permitee,SB,SLIC,2020-0015-DWQ,7A330114012,07/09/2020,,Active,N,247435
391803,WDR,7,WDRMUNILRG,R7-2017-0013,7A330114012,09/21/2017,09/21/2027,Historical,N,247435
135972,WDR,7,WDRMUNILRG,93-076,7A330114012,11/17/1993,11/15/2003,Historical,N,247435
136726,WDR,7,WDRMUNILRG,89-017,7A330114012,01/25/1989,01/25/1994,Historical,N,247435
134728,WDR,7,WDRMUNILRG,80-064,7A330114012,07/09/1980,12/30/1988,Historical,N,247435
166891,Unregulated,4,AGT,,4CUPA000072,,,Never Active,N,246946
455452,NPDES Permit,4,NPDMUNILRG,R4-2024-0252,4A560105001,07/01/2024,06/30/2029,Active,N,246946
440293,Co-Permitee,SB,SLIC,2020-0015-DWQ,4A560105001,07/09/2020,,Active,N,246946
419071,NPDES Permit,4,NPDMUNILRG,R4-2018-0140,4A560105001,12/01/2018,11/30/2023,Historical,N,246946
392492,NPDES Permit,4,NPDMUNILRG,R4-2013-0094,4A560105001,07/26/2013,07/26/2018,Historical,N,246946
384630,Resolution,4,NPDMUNILRG,R12-006,4A560105001,04/05/2012,03/31/2013,Historical,N,246946
349158,NPDES Permit,4,NPDMUNILRG,R4-2008-0029,4A560105001,06/20/2008,04/10/2013,Historical,Y,246946
307132,Letter,4,PTPRG,Letter,4A560105001,07/17/2006,,Historical,N,246946
193081,Enrollee,4,WDRNONMUNIPRCS,93-010,4A566700020,02/09/2005,02/08/2015,Historical,N,246946
261176,Letter,4,PTPRG,1,,07/15/2004,,Historical,Y,246946
131515,NPDES Permit,4,NPDMUNILRG,R4-2002-0129,4A560105001,08/30/2002,07/10/2007,Historical,Y,246946
135020,NPDES Permit,4,NPDMUNILRG,94-045,4A560105001,06/13/1994,05/10/1999,Historical,N,246946
134258,NPDES Permit,4,NPDMUNILRG,87-137,4A560105001,09/28/1987,09/10/1992,Historical,N,246946
135198,NPDES Permit,4,NPDMUNILRG,85-056,4A560105001,09/16/1985,09/10/1990,Historical,N,246946
134368,NPDES Permit,4,NPDMUNILRG,84-09807,4A560105001,10/22/1984,10/10/1989,Historical,N,246946
133439,NPDES Permit,4,NPDMUNILRG,77-082,4A560105001,05/23/1977,05/10/1982,Historical,N,246946
460030,WDR,9,WDRMUNILRG,R9-2025-0060,9 000004083,06/01/2026,11/12/2035,Active,N,247351
445333,NPDES Permit,9,NPDMUNILRG,R9-2022-0003,9 000000053,04/01/2022,03/31/2027,Historical,N,247351
440380,Co-Permitee,SB,SLIC,2020-0015-DWQ,9 000000542,07/09/2020,,Active,N,247351
401764,Enrollee - WDR,9,REC,2016-0068-DDW,9 000000542,09/04/2015,11/12/2035,Active,Y,247351
400978,NPDES Permit,9,NPDMUNILRG,R9-2015-0002,9 000000053,07/01/2015,06/30/2020,Historical,Y,247351
142902,WDR,9,WDRMUNILRG,97-49,9 000000542,11/13/2012,11/13/2017,Historical,Y,247351
364714,NPDES Permit,9,NPDMUNILRG,R9-2009-0037,9 000000053,06/01/2009,06/01/2014,Historical,N,247351
132344,NPDES Permit,9,NPDMUNILRG,R9-2003-0179,9 000000053,11/12/2003,11/12/2008,Historical,N,247351
142917,NPDES Permit,9,NPDMUNILRG,98-060,9 000000053,06/10/1998,06/10/2003,Historical,Y,247351
143052,NPDES Permit,9,NPDMUNILRG,93-048,9 000000053,06/21/1993,06/09/2003,Historical,N,247351
142399,WDR,9,WDRMUNILRG,92-012,9 000000542,05/18/1992,05/18/2002,Historical,Y,247351
142723,NPDES Permit,9,NPDMUNILRG,85-064,9 000000053,09/16/1985,09/16/1990,Historical,N,247351
141882,NPDES Permit,9,NPDMUNILRG,80-034,9 000000053,07/28/1980,07/28/1983,Historical,N,247351
151229,Unregulated,6V,DISCHLND,,6B190107069,,,Historical,N,247448
170983,Unregulated,6V,DISCHLND,,6B190107069,,,Never Active,N,247448
440315,Co-Permitee,SB,SLIC,2020-0015-DWQ,6B190107069,07/09/2020,,Active,N,247448
383357,Reclamation Requirements,6V,REC,R6V-2012-0002,6B190901008,01/11/2012,01/11/2022,Active,N,247448
382094,WDR,6V,WDRMUNILRG,R6V-2011-0012,6B190107069,03/09/2011,03/09/2016,Active,N,247448
374988,WDR,6V,WDRMUNILRG,R6V-2000-057-A4,6B190107069,07/13/2005,07/13/2005,Historical,N,247448
314862,WDR,6V,WDRMUNILRG,R6V-2000-057-A4,6B190107069,07/13/2005,07/13/2005,Historical,Y,247448
305012,WDR,6V,WDRMUNILRG,R6V-2000-057-A3,6B190107069,07/13/2005,,Historical,Y,247448
404368,Resolution,6V,WDRMUNILRG,R6V-2005-0010,6B190107069,01/13/2005,,Active,N,247448
314860,WDR,6V,WDRMUNILRG,R6V-2000-057-A2,6B190107069,07/26/2004,,Historical,Y,247448
314863,WDR,6V,WDRMUNILRG,R6V-2000-057-A1,6B190107069,02/26/2004,04/14/2004,Historical,N,247448
148231,WDR,6V,WDRMUNILRG,R6V-2000-057,6B190107069,06/14/2000,06/14/2014,Historical,Y,247448
146151,WDR,6V,WDRMUNILRG,93-018,6B190107069,03/11/1993,03/11/1998,Historical,N,247448
146437,WDR,6V,WDRMUNILRG,89-031,6B190107069,02/09/1989,02/09/1992,Historical,N,247448
146102,WDR,6V,WDRMUNILRG,86-100,6B190107069,08/15/1986,08/15/1989,Historical,N,247448
147920,WDR,6V,WDRMUNILRG,81-031,6B190107069,04/09/1981,04/09/1984,Historical,N,247448
162826,Unregulated,2,PTPRG,,2 438011001,,,Never Active,N,247457
460027,NPDES Permit,2,NPDMUNILRG,R2-2025-0003,2 438011001,04/01/2025,03/31/2030,Active,N,247457
430629,Co-Permitee,2,NPDMUNILRG,R2-2024-0013,2 438011001,07/01/2019,09/30/2029,Active,N,247457
429934,NPDES Permit,2,NPDMUNILRG,R2-2019-0015,2 438011001,06/01/2019,05/31/2024,Historical,Y,247457
396790,NPDES Permit,2,NPDMUNILRG,R2-2014-0024,2 438011001,08/01/2014,05/31/2019,Historical,N,247457
389099,Co-Permitee,2,NPDMUNILRG,R2-2017-0041,2 438011001,01/01/2013,12/31/2017,Active,Y,247457
378815,Co-Permitee,2,NPDMUNILRG,R2-2011-0012,2 438011001,04/01/2011,12/31/2012,Historical,N,247457
364290,NPDES Permit,2,NPDMUNILRG,R2-2009-0032,2 438011001,06/01/2009,07/31/2014,Historical,Y,247457
360519,Co-Permitee,2,NPDMUNILRG,R2-2007-0077,2 438011001,03/01/2008,12/31/2012,Historical,N,247457
364289,NPDES Permit,2,NPDMUNILRG,R2-2003-0078,2 438011001,08/20/2003,08/20/2003,Never Active,N,247457
132144,NPDES Permit,2,NPDMUNILRG,R2-2003-0078,2 438011001,08/20/2003,09/30/2008,Historical,N,247457
142259,NPDES Permit,2,NPDMUNILRG,98-054,2 438011001,06/17/1998,06/17/2003,Historical,Y,247457
142791,Reclamation Requirements,2,REC,93-160,2 438103001,12/15/1993,12/15/2008,Active,N,247457
142747,NPDES Permit,2,NPDMUNILRG,93-085,2 438011001,07/21/1993,07/21/1998,Historical,Y,247457
142206,NPDES Permit,2,NPDMUNILRG,88-175,2 438011001,12/21/1988,12/21/1991,Historical,Y,247457
146615,NPDES Permit,2,NPDMUNILRG,85-019,2 438011001,02/20/1985,02/20/1990,Historical,Y,247457
141702,WDR,2,WDRMUNIOTH,85-137,2 494011001,12/18/1985,12/18/2000,Active,N,247509
145722,WDR,2,WDRMUNIOTH,65-671,2 494011001,06/17/1965,06/17/1975,Historical,N,247509
413929,WDR,5R,WDRMUNIOTH,R5-2017-0080,5A450001004,06/09/2017,06/01/2027,Active,N,247464
134106,WDR,5R,WDRMUNIOTH,99-090,5A450001004,06/11/1999,06/08/2015,Historical,N,247464
134468,WDR,5R,WDRMUNIOTH,93-211,5A450001004,10/22/1993,10/22/2003,Historical,N,247464
134858,WDR,5R,WDRMUNIOTH,88-166,5A450001004,09/23/1988,09/23/1993,Historical,N,247464
133412,WDR,5R,WDRMUNIOTH,84-007,5A450001004,01/20/1984,12/01/1988,Historical,N,247464
167338,Unregulated,5S,DISCHSW,,5B03NP00002,,,Never Active,N,247616
450507,Individual Monitoring Requirem,5S,WDRMUNIOTH,2014-0153-DWQ-R5287-1,5B031009001,12/14/2022,,Active,N,247616
424744,Enrollee - WDR,5S,WDRMUNIOTH,2014-0153-DWQ,5B031009001,08/22/2018,09/23/2029,Active,N,247616
131160,WDR,5S,WDRMUNIOTH,5-01-270,5B031009001,12/07/2001,12/07/2011,Historical,N,247616
147604,WDR,5S,WDR,5-00-092,5B031009001,04/28/2000,04/28/2010,Historical,N,247616
139665,WDR,5S,WDR,82-097,5B031009001,07/23/1982,07/19/1997,Historical,N,247616
407231,WDR,7,WDRMUNILRG,R7-2016-0017,7B360115051,06/30/2016,06/30/2026,Active,N,247644
135880,WDR,7,WDRMUNILRG,94-089,7B360115051,11/15/1994,11/12/2004,Historical,Y,247644
136060,WDR,7,WDRMUNILRG,88-114,7B360115051,09/22/1988,09/22/1993,Historical,N,247644
135338,WDR,7,WDRMUNILRG,83-073,7B360115051,09/21/1983,09/30/1988,Historical,Y,247644
440484,Co-Permitee,SB,SLIC,2020-0015-DWQ,5B50NC00002,07/09/2020,,Active,N,247782
425768,WDR,5S,WDRMUNILRG,R5-2018-0070-001,5B50NC00002,10/05/2018,10/05/2028,Active,Y,247782
339984,WDR,5S,WDRMUNILRG,R5-2007-0147,5B50NC00002,10/26/2007,10/26/2017,Historical,N,247782
148093,WDR,5S,WDRMUNILRG,R5-2000-0146,5B50NC00002,06/16/2000,06/16/2010,Historical,N,247782
140976,NPDES Permit,5S,NPDMUNILRG,94-242,5C500105001,09/16/1994,09/01/1999,Historical,N,247782
141428,NPDES Permit,5S,NPDMUNILRG,89-228,5C500105001,12/08/1989,12/01/1994,Historical,N,247782
139121,NPDES Permit,5S,NPDMUNILRG,84-103,5C500105001,09/28/1984,09/30/1989,Historical,N,247782
442123,Enrollee - WDR,9,WDRMUNIENROTH,2014-0153-DWQ,9 000000145,06/09/2021,09/23/2029,Active,N,247809
411666,Letter,9,WDRMUNILRG,R9-2006-0049,,02/10/2017,,Historical,N,247809
305561,WDR,9,WDRMUNILRG,R9-2006-0049,9 000000145,06/14/2006,06/14/2016,Historical,N,247809
142454,WDR,9,WDRMUNILRG,93-046,9 000000145,04/19/1993,04/19/2003,Historical,Y,247809
143358,WDR,9,WDRMUNILRG,87-111,9 000000145,08/24/1987,08/24/1992,Historical,N,247809
141496,WDR,9,WDRMUNILRG,74-053,9 000000145,07/01/1974,07/01/1979,Historical,N,247809
448433,Enrollee - WDR,3,REC,2016-0068-DDW,3 400722972,07/19/2022,08/05/2026,Active,N,247750
443460,NPDES Permit,3,NPDMUNILRG,R3-2021-0001,3 400105001,07/01/2021,06/30/2026,Active,N,247750
440266,Co-Permitee,SB,SLIC,2020-0015-DWQ,3 400105001,07/09/2020,,Active,N,247750
379360,NPDES Permit,3,NPDMUNILRG,R3-2011-0002,3 400105001,06/25/2011,06/25/2016,Historical,N,247750
132958,NPDES Permit,3,NPDMUNILRG,R3-2004-0031,3 400105001,05/14/2004,05/14/2011,Historical,N,247750
373029,NPDES Permit,3,NPDMUNILRG,R3-2004-0031,3 400105001,05/14/2004,05/14/2010,Historical,N,247750
147277,NPDES Permit,3,NPDMUNILRG,98-042,3 400105001,09/11/1998,07/10/2005,Historical,N,247750
147957,NPDES Permit,3,NPDMUNILRG,93-04701,3 400105001,09/10/1993,09/10/1998,Historical,N,247750
143777,NPDES Permit,3,NPDMUNILRG,88-131,3 400105001,10/14/1988,09/10/1993,Historical,N,247750
143971,NPDES Permit,3,NPDMUNILRG,87-025,3 400105001,02/06/1987,09/30/1991,Historical,N,247750
143013,NPDES Permit,3,NPDMUNILRG,81-078,3 400105001,09/11/1981,09/11/1986,Historical,N,247750
143541,NPDES Permit,3,NPDMUNILRG,76-053,3 400105001,09/17/1976,01/01/1981,Historical,N,247750
142886,NPDES Permit,3,NPDMUNILRG,74-012,3 400105001,01/01/1974,01/01/1979,Historical,N,247750
147281,WDR,3,WDRMUNIOTH,98-058,3 270100009,10/23/1998,10/19/2013,Active,N,247731
143920,WDR,3,WDRMUNIOTH,86-273,3 270100009,10/10/1986,10/19/2013,Historical,N,247731
142966,WDR,3,WDRMUNIOTH,81-006,3 270100009,03/13/1981,03/09/1996,Historical,N,247731
379440,Enrollee - WDR,5F,WDRMUNIENROTH,97-010-DWQ,5C550802001,06/16/2011,06/16/2026,Active,N,247966
140797,WDR,5F,WDRMUNIOTH,91-014,5C550802001,01/25/1991,01/22/2001,Historical,N,247966
148303,WDR,5S,WDRMUNIOTH,5-01-210,5A290104006,09/06/2001,09/05/2016,Active,N,247940
140594,WDR,5S,WDR,88-21013,5A290104006,12/09/1988,12/08/1988,Historical,N,247940
140326,WDR,5S,WDR,88-168,5A290104006,09/23/1988,09/21/1998,Historical,Y,247940
140250,WDR,5S,WDR,88-069,5A290104006,05/20/1988,05/20/1993,Historical,N,247940
161764,Unregulated,2,PTPRG,,2 494006001,,,Never Active,N,248087
443296,NPDES Permit,2,NPDMUNILRG,R2-2021-0008,2 494006001,07/01/2021,06/30/2026,Active,Y,248087
430630,Co-Permitee,2,NPDMUNILRG,R2-2024-0013,2 494006001,07/01/2019,09/30/2029,Active,N,248087
405677,NPDES Permit,2,NPDMUNILRG,R2-2016-0014,2 494006001,06/01/2016,05/31/2021,Historical,N,248087
389101,Co-Permitee,2,NPDMUNILRG,R2-2017-0041,,01/01/2013,12/31/2017,Active,Y,248087
378817,Co-Permitee,2,NPDMUNILRG,R2-2011-0012,2 494006001,04/01/2011,12/31/2012,Historical,N,248087
377655,NPDES Permit,2,NPDMUNILRG,R2-2011-0003,2 494006001,03/01/2011,02/28/2016,Historical,Y,248087
360520,Co-Permitee,2,NPDMUNILRG,R2-2007-0077,,03/01/2008,12/31/2012,Historical,N,248087
298662,Enrollee - WRR,2,REC,R2-1996-011,2 494006002,10/21/2005,,Active,N,248087
297603,NPDES Permit,2,NPDMUNILRG,R2-2005-0058,2 494006001,10/20/2005,10/19/2010,Historical,Y,248087
142273,NPDES Permit,2,NPDMUNILRG,R2-2003-0042,2 494006001,07/15/1998,10/20/2005,Historical,Y,248087
141868,NPDES Permit,2,NPDMUNILRG,90-153,2 494006001,12/12/1990,12/12/1995,Historical,Y,248087
146612,NPDES Permit,2,NPDMUNILRG,85-014,2 494006001,02/20/1985,02/20/1990,Historical,Y,248087
435949,Enrollee - WDR,5R,WDRMUNIOTH,2014-0153-DWQ,5A04NC00003,02/20/2020,09/23/2029,Active,N,248242
131176,WDR,5R,WDRMUNIOTH,01-277,5A04NC00003,12/07/2001,12/07/2016,Historical,N,248242
439697,Enrollee - WDR,5F,WDRMUNIOTH,2014-0153-DWQ,5D540801001,09/26/2022,09/23/2029,Active,N,248269
143824,WDR,5F,WDRMUNIOTH,83-006,5D540801001,01/28/1983,01/24/1998,Historical,N,248269
462921,Enrollee - WDR,3,WDRMUNILRG,2014-0153-DWQ,3 270802001,10/02/2025,10/01/2040,Active,N,248169
147285,WDR,3,WDRMUNILRG,98-062,3 270802001,09/11/1998,09/07/2013,Historical,N,248169
143183,WDR,3,WDRMUNILRG,83-004,3 270802001,01/14/1983,01/10/1998,Historical,N,248169
142560,WDR,3,WDRMUNILRG,67-007,3 270802001,01/01/1967,01/01/1972,Historical,N,248169
365748,WDR,5S,WDRMUNIOTH,R5-2009-0003,5B05NP00005,02/05/2009,02/05/2019,Active,Y,248424
132761,WDR,5S,WDR,04-036,5B05NP00005,03/19/2004,03/19/2014,Historical,N,248424
444256,Enrollee - WDR,5S,WDRMUNIENROTH,2014-0153-DWQ,5B031015001,08/13/2021,09/23/2029,Active,N,248476
140272,WDR,5S,WDRMUNIOTH,88-109,5B031015001,06/24/1988,06/21/2003,Historical,Y,248476
138888,WDR,5S,WDR,71-156,5B031015001,11/23/1970,09/30/1991,Historical,N,248476
142345,WDR,5F,WDRMUNILRG,5-01-061,5C550106006,03/16/2001,03/16/2011,Active,N,248442
139608,WDR,5S,WDRMUNILRG,85-179,5C550106006,06/28/1985,06/26/1995,Historical,N,248442
405002,Enrollee - WDR,9,WDRMUNIENROTH,2014-0153-DWQ,9 000000099,03/09/2016,03/09/2026,Active,N,248439
394264,Letter,9,WDRMUNIOTH,,,12/13/2013,,Historical,N,248439
142494,WDR,9,WDRMUNIOTH,R9-1994-0161,9 000000099,12/08/1994,12/08/2014,Historical,N,248439
142111,WDR,9,WDRMUNIOTH,89-054,9 000000099,07/10/1989,07/10/1994,Historical,Y,248439
146766,WDR,9,WDRMUNIOTH,59-008,9 000000099,07/28/1959,07/28/1964,Historical,N,248439
141335,WDR,5S,WDRMUNIOTH,95-016,5A291006001,01/27/1995,01/24/2005,Active,N,248573
139844,WDR,5S,WDR,86-024,5A291006001,01/24/1986,01/24/1991,Historical,N,248573
139523,WDR,5S,WDR,81-060,5A291006001,05/22/1981,,Historical,N,248573
397839,Enrollee - Waiver,9,WDRMUNILRG,R9-2024-0001W2,9 000000671,08/13/2014,03/13/2029,Active,N,248629
142910,WDR,9,WDRMUNILRG,98-005,9 000000671,10/14/1998,10/14/2013,Historical,N,248629
432817,Enrollee - NPDES,5S,NPDMUNILRG,R5-2023-0025,5A310106007,10/01/2025,09/30/2030,Active,N,248706
440463,Co-Permitee,SB,SLIC,2020-0015-DWQ,5A310106007,07/09/2020,,Active,N,248706
395741,NPDES Permit,5S,NPDMUNILRG,R5-2014-0051,5A310106007,05/01/2014,04/30/2019,Historical,Y,248706
350593,NPDES Permit,5S,NPDMUNILRG,R5-2008-0079,5A310106007,08/01/2008,06/01/2013,Historical,Y,248706
147723,NPDES Permit,5S,NPDMUNILRG,R5-2000-0075,5A310106007,03/17/2000,03/31/2005,Historical,N,248706
447459,Enrollee - WDR,5S,WDRNONMUNIPRCS,2014-0153-DWQ,5A290103001,02/17/2022,09/23/2029,Active,N,248713
146784,WDR,5S,WDRMUNIOTH,98-135,5A290103001,06/05/1998,06/01/2013,Historical,N,248713
139699,WDR,5S,WDR,82-115,5A290103001,09/24/1982,09/20/1997,Historical,N,248713
440257,Co-Permitee,SB,SLIC,2020-0015-DWQ,3 400106001,07/09/2020,,Active,N,248519
403753,NPDES Permit,3,NPDMUNILRG,R3-2015-0016,3 400106001,02/01/2016,01/31/2021,Active,N,248519
371964,NPDES Permit,3,NPDMUNILRG,R3-2009-0047,3 400106001,10/23/2009,10/23/2014,Historical,N,248519
459549,Enrollee - NPDES,3,NPDMUNIOTH,R3-2006-0063,,08/01/2005,,Historical,N,248519
132848,NPDES Permit,3,NPDMUNILRG,R3-2004-0051,3 400106001,09/10/2004,09/10/2009,Historical,N,248519
147304,NPDES Permit,3,NPDMUNILRG,99-031,3 400106001,07/09/1999,07/09/2004,Historical,N,248519
146940,NPDES Permit,3,NPDMUNILRG,94-052,3 400106001,06/03/1994,07/07/2004,Historical,N,248519
147400,NPDES Permit,3,NPDMUNILRG,92-059,3 400106001,07/10/1992,07/10/1997,Historical,N,248519
144269,NPDES Permit,3,NPDMUNILRG,87-090,3 400106001,07/10/1987,07/18/1992,Historical,N,248519
143198,NPDES Permit,3,NPDMUNILRG,83-053,3 400106001,10/14/1983,07/18/1987,Historical,N,248519
331473,WDR,5F,WDRMUNILRG,R5-2016-0092,5D100805001,12/06/2016,12/06/2026,Active,Y,248717
391484,Letter,5F,WDRINDIVLRG,,,06/24/2013,,Historical,N,248717
145872,WDR,5F,WDRMUNILRG,94-179,5D100805001,06/24/1994,06/21/2004,Historical,N,248717
436788,Enrollee - WDR,5R,WDRMUNIOTH,2014-0153-DWQ,5A320104004,04/07/2020,09/23/2029,Active,N,248742
402602,Letter,5R,WDRMUNIOTH,98-007,5A320104004,08/24/2015,,Historical,N,248742
134602,WDR,5R,WDRMUNIOTH,98-007,5A320104004,01/23/1998,01/21/2008,Historical,N,248742
133955,WDR,5R,WDRMUNIOTH,91-079,5A320104004,03/22/1991,03/22/2001,Historical,N,248742
133215,WDR,5R,WDRMUNIOTH,83-048,5A320104004,04/22/1983,01/22/1989,Historical,N,248742
404837,Enrollee - WDR,5S,REC,2016-0068-DDW,5B03NC00048,03/09/2016,03/08/2021,Active,N,248753
382756,WDR,5S,WDRMUNILRG,R5-2011-0092,5B030106001,12/01/2011,12/01/2021,Active,Y,248753
148431,WDR,5S,WDRMUNILRG,01-095,5B030106001,04/27/2001,04/27/2011,Historical,N,248753
140403,WDR,5S,WDR,90-121,5B030106001,04/27/1990,04/24/2000,Historical,N,248753
139620,WDR,5S,WDR,85-194,5B030106001,06/28/1985,09/28/1989,Historical,N,248753
173398,Unregulated,7,DISCHLND,,7A131005001,,,Withdrawn,N,248787
453495,WDR,7,WDRMUNIOTH,R7-2023-0015,7A131006001,06/27/2023,06/27/2038,Active,N,248787
173742,WDR,7,WDRMUNIOTH,R7-2005-0005,7A131006001,01/19/2005,,Historical,N,248787
448294,WDR,1,WDRMUNILRG,R1-2022-0015,1B80045OMEN,06/09/2022,06/09/2032,Active,N,248791
261054,Letter,1,WDR,001,1B80045OMEN,08/06/2003,,Historical,N,248791
131628,WDR,1,WDRMUNILRG,R1-2003-0001,1B80045OMEN,01/23/2003,01/23/2013,Historical,N,248791
138700,WDR,1,WDRMUNILRG,96-015,1B80045OMEN,03/28/1996,03/26/2006,Historical,N,248791
138016,WDR,1,WDRMUNILRG,80-045,1B80045OMEN,04/24/1980,04/22/1990,Historical,N,248791
140964,WDR,2,WDRMUNIOTH,86-087,2 417025001,11/19/1986,01/01/2020,Active,N,248933
145728,WDR,2,WDRMUNIOTH,72-022,2 417025001,11/10/1972,11/10/1975,Historical,N,248933
141016,WDR,2,WDRMUNIOTH,87-031,2 494033001,04/15/1987,04/15/2002,Active,N,248903
146007,WDR,2,WDRMUNIOTH,84-052,2 494033001,08/15/1984,08/15/1994,Historical,N,248903
457284,NPDES Permit,2,NPDMUNIOTH,R2-2024-0009,2 071034001,08/01/2024,07/31/2029,Active,N,248886
430612,Co-Permitee,2,NPDINDSML,R2-2024-0013,2 071034001,07/01/2019,09/30/2029,Active,N,248886
427684,NPDES Permit,2,NPDMUNIOTH,R2-2018-0053,2 071034001,02/01/2019,01/31/2024,Historical,Y,248886
393543,NPDES Permit,2,NPDMUNIOTH,R2-2013-0035,2 071034001,12/01/2013,11/30/2018,Historical,Y,248886
389104,Co-Permitee,2,NPDMUNIOTH,R2-2017-0041,2 071034001,01/01/2013,12/31/2017,Active,Y,248886
378819,Co-Permitee,2,NPDMUNIOTH,R2-2011-0012,2 071034001,04/01/2011,12/31/2012,Historical,N,248886
340410,NPDES Permit,2,NPDMUNIOTH,R2-2008-0005,2 071034001,04/01/2008,03/31/2013,Historical,Y,248886
360495,Co-Permitee,2,NPDMUNIOTH,R2-2007-0077,2 071034001,03/01/2008,12/31/2012,Historical,N,248886
131615,NPDES Permit,2,NPDMUNIOTH,R2-2003-0009,2 071034001,02/01/2003,12/31/2007,Historical,N,248886
142168,NPDES Permit,2,NPDMUNIOTH,95-127,2 071034001,06/21/1995,06/21/2000,Historical,N,248886
141632,NPDES Permit,2,NPDMUNIOTH,89-166,2 071034001,09/20/1989,09/20/1994,Historical,N,248886
145991,NPDES Permit,2,NPDMUNIOTH,84-049,2 071034001,08/15/1984,08/15/1989,Historical,N,248886
141225,WDR,5S,WDRMUNIOTH,94-013,5A060104001,01/28/1994,01/27/2004,Active,N,249211
139892,WDR,5S,WDR,87-122,5A060104001,06/26/1987,06/26/1997,Historical,N,249211
140072,WDR,5S,WDR,75-219,5A060104001,09/26/1975,,Historical,N,249211
464790,NPDES Permit,9,NPDMUNILRG,R9-2026-0002,9 000000275,05/01/2026,04/30/2031,Active,N,248796
440368,Co-Permitee,SB,SLIC,2020-0015-DWQ,9 000000275,07/09/2020,,Active,N,248796
414988,NPDES Permit,9,NPDMUNILRG,R9-2017-0007,9 000000275,10/01/2017,09/30/2022,Historical,Y,248796
374769,NPDES Permit,9,NPDMUNILRG,R9-2009-0001,9 000000275,08/01/2010,07/31/2015,Historical,N,248796
132011,NPDES Permit,9,NPDMUNILRG,R9-2002-0025,9 000000275,10/16/2002,06/15/2008,Historical,Y,248796
142586,NPDES Permit,9,NPDMUNILRG,95-106,9 000000275,11/09/1995,12/12/2000,Historical,Y,248796
142149,NPDES Permit,9,NPDMUNILRG,90-032,9 000000275,12/17/1990,12/17/1995,Historical,Y,248796
142365,NPDES Permit,9,NPDMUNILRG,85-016,9 000000275,03/04/1985,06/30/1988,Historical,Y,248796
259859,Letter,4,WDR,1,,,,Historical,N,249771
381339,WDR,4,WDRMUNIOTH,R4-2011-0177,4A191030001,11/10/2011,,Active,N,249771
250221,Letter,4,WDR,Letter,4A191030001,08/09/2002,,Historical,N,249771
134673,Reclamation Requirements,4,REC,89-029,4A191030001,03/27/1989,03/27/2012,Historical,N,249771
133046,Reclamation Requirements,4,REC,70-059,4A191030001,09/23/1970,09/23/1975,Historical,N,249771
147474,WDR,5F,WDRMUNIOTH,99-143,5D541009001,10/29/1999,10/25/2014,Active,N,251110
143891,WDR,5F,WDRMUNIOTH,74-516,5D541009001,11/22/1974,11/18/1989,Historical,N,251110
134055,WDR,4,WDRMUNIOTH,R4-2005-0041,4B191025004,06/02/2005,06/02/2010,Active,N,251021
136899,Reclamation Requirements,4,REC,99-019,4B191025004,04/22/1999,04/22/2009,Historical,N,251021
134670,Reclamation Requirements,4,REC,89-017,4B191025004,02/27/1989,02/27/1992,Historical,N,251021
135217,Reclamation Requirements,4,REC,86-018,4B191025004,03/24/1986,03/24/1989,Historical,N,251021
134843,Reclamation Requirements,4,REC,82-007,4B191025004,01/25/1982,01/25/1985,Historical,N,251021
451326,NPDES Permit,5R,NPDMUNIOTH,R5-2024-0023,5A320102001,06/01/2024,05/31/2029,Active,N,248936
397557,NPDES Permit,5R,NPDMUNIOTH,R5-2018-0088,5A320102001,02/01/2019,01/31/2024,Historical,N,248936
397500,Letter,5R,NPDMUNIOTH,R5-2009-0093,5A320102001,07/28/2014,,Historical,N,248936
334608,NPDES Permit,5R,NPDMUNIOTH,R5-2009-0093,5A320102001,10/08/2009,10/01/2014,Historical,N,248936
132843,NPDES Permit,5R,NPDMUNIOTH,R5-2003-0110,5A320102001,07/11/2003,01/01/2009,Historical,N,248936
258542,NPDES Permit,5R,NPDESWW,R5-1998-0108,5A320102001,01/23/1998,01/01/2003,Historical,N,248936
134352,NPDES Permit,5R,NPDMUNIOTH,R5-1992-0147,5A320102001,08/14/1992,01/01/2003,Historical,N,248936
134910,NPDES Permit,5R,NPDMUNIOTH,R5-1989-0119,5A320102001,06/23/1989,06/23/1994,Historical,N,248936
133421,NPDES Permit,5R,NPDMUNIOTH,R5-1984-0062,5A320102001,06/22/1984,06/22/1989,Historical,N,248936
260582,Letter,4,WDR,1,,,,Historical,N,250700
260819,Letter,4,WDR,2,,,,Historical,N,250700
432902,NPDES Permit,4,NPDMUNILRG,R4-2021-0097,4B190107019,08/01/2021,07/31/2026,Active,N,250700
440309,Co-Permitee,SB,SLIC,2020-0015-DWQ,4B190107019,07/09/2020,,Active,N,250700
395506,NPDES Permit,4,NPDMUNILRG,R4-2014-0212,4B190107019,01/01/2015,12/31/2019,Historical,Y,250700
389835,13267 Letter (Non-Enforcement),4,NPDMUNILRG,R4-2009-0076,4B190107019,01/30/2013,,Historical,N,250700
369524,NPDES Permit,4,NPDMUNILRG,R4-2009-0076,4B190107019,07/24/2009,05/10/2014,Historical,N,250700
132991,NPDES Permit,4,NPDMUNILRG,R4-2004-0099,4B190107019,07/30/2004,07/30/2009,Historical,Y,250700
136298,NPDES Permit,4,NPDMUNILRG,95-078,4B190107019,06/12/1995,05/10/2000,Historical,Y,250700
134064,NPDES Permit,4,NPDMUNILRG,89-096,4B190107019,09/25/1989,08/10/1994,Historical,N,250700
134001,NPDES Permit,4,NPDMUNILRG,84-080,4B190107019,09/17/1984,08/10/1989,Historical,N,250700
134831,Reclamation Requirements,4,REC,81-034,4B190107017,07/27/1981,07/27/1984,Active,Y,250700
133749,NPDES Permit,4,NPDMUNILRG,79-121,4B190107019,07/23/1979,07/10/1984,Historical,N,250700
449606,Enrollee - WDR,3,WDRMUNIOTH,2014-0153-DWQ,3 401019001,10/18/2022,10/18/2032,Active,N,251631
144278,WDR,3,WDRMUNIOTH,87-110,3 401019001,06/12/1987,06/01/2020,Historical,N,251631
142814,WDR,3,WDRMUNIOTH,70-00801,3 401019001,08/14/1970,08/01/1980,Historical,N,251631
440381,Co-Permitee,SB,SLIC,2020-0015-DWQ,9 000000217,07/09/2020,,Active,N,251548
401763,Enrollee - WDR,9,REC,2016-0068-DDW,9 000000217,01/08/2016,06/02/2029,Active,N,251548
325858,WDR,9,WDRMUNILRG,R9-2007-0038,9 000000217,05/09/2007,05/09/2017,Active,N,251548
142401,WDR,9,WDRMUNILRG,92-025,9 000000217,06/29/1992,05/19/2012,Historical,Y,251548
142154,WDR,9,WDRMUNILRG,91-009,9 000000217,01/28/1991,01/28/1996,Historical,N,251548
143327,WDR,9,WDRMUNILRG,87-099,9 000000217,06/15/1987,06/15/1990,Historical,N,251548
141686,WDR,9,WDRMUNILRG,78-055,9 000000217,09/25/1978,09/25/1981,Historical,Y,251548
456253,NPDES Permit,5R,NPDMUNILRG,R5-2024-0008,5A320103001,04/01/2024,03/31/2029,Active,N,251217
456253,NPDES Permit,5R,NPDMUNILRG,R5-2024-0008,5A320103001,04/01/2024,03/31/2029,Active,N,251217
440447,Co-Permitee,SB,SLIC,2020-0015-DWQ,5A320103001,07/09/2020,,Active,N,251217
407661,NPDES Permit,5R,NPDMUNILRG,R5-2016-0049,5A320103001,08/01/2016,07/31/2021,Historical,Y,251217
407661,NPDES Permit,5R,NPDMUNILRG,R5-2016-0049,5A320103001,08/01/2016,07/31/2021,Historical,Y,251217
398566,Letter,5R,NPDMUNILRG,,5A320103001,10/10/2014,,Historical,N,251217
398560,Letter,5R,NPDMUNILRG,,5A320103001,09/05/2014,,Historical,N,251217
397503,Letter,5R,NPDMUNILRG,,5A320103001,07/28/2014,,Historical,N,251217
396753,Letter,5R,NPDMUNILRG,,5A320103001,05/06/2014,,Historical,N,251217
396112,Letter,5R,NPDMUNILRG,,5A320103001,03/24/2014,,Historical,N,251217
395623,Letter,5R,NPDMUNILRG,,5A320103001,01/13/2014,,Historical,N,251217
393955,Letter,5R,NPDMUNILRG,,,07/08/2013,,Historical,N,251217
364896,NPDES Permit,5R,NPDMUNILRG,R5-2010-0032,5A320103001,03/18/2010,03/01/2015,Historical,N,251217
133095,NPDES Permit,5R,NPDMUNILRG,R5-2004-0152,5A320103001,10/15/2004,10/01/2010,Historical,N,251217
135081,NPDES Permit,5R,NPDMUNILRG,99-020,5A320103001,04/30/1999,04/01/2004,Historical,N,251217
135250,NPDES Permit,5R,NPDMUNILRG,94-068,5A320103001,03/25/1994,03/25/1999,Historical,N,251217
134867,NPDES Permit,5R,NPDMUNILRG,89-004,5A320103001,01/27/1989,01/27/1994,Historical,N,251217
133415,NPDES Permit,5R,NPDMUNILRG,84-021,5A320103001,02/24/1984,02/01/1989,Historical,N,251217
133904,WDR,5R,WDRMUNIOTH,96-132,5A041025001,05/03/1996,04/30/2006,Active,N,251660
145429,WDR,5R,WDRMUNIOTH,73-118,5A041025001,12/15/1973,03/31/1988,Historical,N,251660
434802,Enrollee - WDR,9,WDRMUNIENROTH,2014-0153-DWQ,9 000000123,12/11/2019,09/23/2029,Active,N,251653
143357,WDR,9,WDRMUNILRG,R9-1987-0108,9 000000123,08/24/1987,03/15/2013,Historical,Y,251653
147053,WDR,9,WDRMUNILRG,71-030,9 000000123,06/14/1971,06/14/1976,Historical,N,251653
447945,Enrollee - WDR,3,WDRMUNILRG,2014-0153-DWQ,3 359803001,05/27/2022,09/23/2029,Active,N,251675
371615,WDR,3,WDRMUNILRG,R3-2004-0153,3 359803001,12/03/2004,12/03/2019,Historical,Y,251675
141488,Reclamation Requirements,2,REC,88-011,2 215103001,01/20/1988,01/20/2003,Active,N,251857
146293,Reclamation Requirements,2,REC,76-017,2 215103001,02/17/1976,02/17/1979,Historical,N,251857
394368,Enrollee - WDR,5F,WDRMUNIENROTH,97-010-DWQ,5C551026001,02/13/2014,02/13/2029,Active,N,251805
139566,WDR,5F,WDRMUNIOTH,85-126,5C551026001,05/31/1985,05/27/2000,Historical,N,251805
394415,WDR,5S,WDRMUNILRG,R5-2014-0149,5B340109001,12/04/2014,12/04/2024,Active,N,251695
148567,WDR,5S,WDRMUNILRG,R5-2001-0124,5B340109001,05/11/2001,05/11/2011,Historical,N,251695
140428,Reclamation Requirements,5S,REC,90-124,5B340109001,04/27/1990,04/27/2000,Historical,N,251695
140140,Reclamation Requirements,5S,REC,86-161,5B340109001,08/08/1986,08/08/1996,Historical,N,251695
139654,Reclamation Requirements,5S,REC,82-052,5B340109001,05/28/1982,,Historical,N,251695
142398,WDR,9,WDRMUNILRG,R9-1992-0004,9 000000177,05/18/1992,05/18/2013,Active,Y,251714
143319,WDR,9,WDRMUNILRG,87-056,9 000000177,05/04/1987,05/04/1992,Historical,Y,251714
141915,WDR,9,WDRMUNILRG,81-033,9 000000177,07/27/1981,07/27/1986,Historical,N,251714
131220,Reclamation Requirements,8,REC,R8-2002-0077,8 302489001,10/25/2002,10/25/2017,Active,N,251975
140169,Reclamation Requirements,8,REC,91-046,8 302489001,06/07/1991,06/01/2001,Historical,N,251975
138388,Reclamation Requirements,8,REC,84-110,8 302489001,10/12/1984,10/01/1994,Historical,N,251975
316393,WDR,1,WDRMUNIOTH,R1-1988-0078,1A88030RDN,06/23/1988,09/18/2018,Active,N,252254
137512,WDR,1,WDRMUNIOTH,84-080,1A88030RDN,05/31/1984,05/31/1987,Historical,N,252254
448935,NPDES Permit,5R,NPDMUNILRG,R5-2023-0048,5A520101001,12/01/2023,11/30/2028,Active,N,252119
440441,Co-Permitee,SB,SLIC,2020-0015-DWQ,5A520101001,07/09/2020,,Active,N,252119
421692,NPDES Permit,5R,NPDMUNILRG,R5-2018-0041,5A520101001,07/01/2018,06/30/2023,Historical,N,252119
417242,Letter,5R,SSOMUNILRG,2006-0003-DWQ,5SSO10845,11/17/2017,,Historical,N,252119
415812,Letter,5R,NPDMUNILRG,R5-2013-0044,5A520101001,08/16/2017,,Historical,N,252119
403374,Letter,5R,NPDMUNILRG,R5-2013-0044,5A520101001,09/25/2015,,Historical,N,252119
395218,Letter,5R,NPDMUNILRG,R5-2013-0044,5A520101001,01/03/2014,,Historical,N,252119
394072,Letter,5R,NPDMUNILRG,,5A520101001,11/01/2013,,Historical,N,252119
378830,NPDES Permit,5R,NPDMUNILRG,R5-2013-0044,5A520101001,07/19/2013,07/01/2018,Historical,N,252119
317195,NPDES Permit,5R,NPDMUNILRG,R5-2007-0041,5A520101001,05/04/2007,05/01/2012,Historical,N,252119
301552,Enrollee - WDR,5R,SSOMUNILRG,2022-0103-DWQ,5SSO10845,10/30/2006,,Active,N,252119
148586,NPDES Permit,5R,NPDESWW,R5-2001-0129,5A520101001,06/14/2001,06/01/2006,Historical,N,252119
133962,NPDES Permit,5R,NPDMUNILRG,R5-1991-0118,5A520101001,05/29/1991,06/01/2001,Historical,Y,252119
133780,NPDES Permit,5R,NPDMUNILRG,R5-1986-0123,5A520101001,06/27/1986,08/01/1991,Historical,N,252119
453605,Individual Monitoring Requirem,5F,WDRMUNIOTH,2014-0153-DWQ-R5303,5D150303029,07/21/2023,,Active,N,252277
422378,Enrollee - WDR,5F,WDRMUNIOTH,2014-0153-DWQ,5D150303029,02/28/2019,09/23/2029,Active,N,252277
144015,WDR,5F,WDRMUNIOTH,88-096,5D150303029,06/22/1988,06/20/1998,Historical,N,252277
431171,Enrollee - WDR,5R,WDRMUNIOTH,2014-0153-DWQ,5A041010001,10/11/2019,09/23/2029,Active,N,252613
135299,WDR,5R,WDRMUNIOTH,94-245,5A041010001,09/16/1994,09/16/2004,Historical,N,252613
134911,WDR,5R,WDRMUNIOTH,89-123,5A041010001,08/11/1989,08/11/1994,Historical,N,252613
133417,WDR,5R,WDRMUNIOTH,84-050,5A041010001,04/27/1984,04/27/1989,Historical,N,252613
374584,Waiver,1,WDRMUNILRG,,1B83147OHUM,,,Never Active,N,252211
451223,NPDES Permit,1,NPDMUNIOTH,R1-2023-0004,1B83147OHUM,04/01/2023,03/31/2028,Active,N,252211
416349,NPDES Permit,1,NPDMUNIOTH,R1-2017-0006,1B83147OHUM,05/01/2017,04/30/2022,Historical,N,252211
376682,NPDES Permit,1,NPDMUNIOTH,R1-2011-0046,1B83147OHUM,09/01/2011,08/31/2017,Historical,N,252211
316387,NPDES Permit,1,NPDMUNIOTH,R1-2006-0022,1B83147OHUM,05/17/2006,05/16/2011,Historical,N,252211
260678,Letter,1,NPDESWW,001,1B83147OHUM,04/27/2001,,Historical,N,252211
147229,NPDES Permit,1,NPDMUNIOTH,R1-2000-0019,1B83147OHUM,02/24/2000,02/24/2005,Historical,N,252211
138325,NPDES Permit,1,NPDMUNIOTH,94-023,1B83147OHUM,06/23/1994,06/23/1999,Historical,N,252211
137831,NPDES Permit,1,NPDMUNIOTH,88-125,1B83147OHUM,09/28/1988,09/28/1993,Historical,N,252211
137451,NPDES Permit,1,NPDMUNIOTH,83-147,1B83147OHUM,11/29/1983,11/29/1988,Historical,N,252211
163011,Unregulated,2,PTPRG,,2 071037001,,,Never Active,N,252657
457271,NPDES Permit,2,NPDMUNILRG,R2-2024-0008,2 071107001,08/01/2024,07/31/2029,Active,N,252657
458557,Co-Permitee,2,NPDMUNILRG,R2-2024-0008,2 071037001,08/01/2024,,Active,N,252657
430632,Co-Permitee,2,NPDMUNILRG,R2-2024-0013,2 071037001,07/01/2019,09/30/2029,Active,N,252657
430267,Co-Permitee,2,NPDMUNILRG,R2-2019-0003,2 071037001,04/01/2019,03/31/2024,Historical,N,252657
428795,NPDES Permit,2,NPDMUNILRG,R2-2019-0003,2 071107001,04/01/2019,03/31/2024,Historical,Y,252657
415016,Co-Permitee,2,NPDMUNILRG,R2-2013-0016,2 071037001,07/01/2013,,Historical,N,252657
390243,NPDES Permit,2,NPDMUNILRG,R2-2013-0016,2 071107001,07/01/2013,06/30/2018,Historical,Y,252657
349718,NPDES Permit,2,NPDMUNILRG,R2-2008-0003,2 071037001,04/01/2008,03/31/2013,Historical,Y,252657
131772,NPDES Permit,2,NPDMUNILRG,01-14402,2 071037001,10/31/2001,10/31/2006,Historical,N,252657
131140,NPDES Permit,2,NPDMUNILRG,R2-2001-0144,2 071107001,10/31/2001,11/28/2006,Historical,N,252657
143292,NPDES Permit,2,NPDMUNILRG,94-01402,2 071037001,01/19/1994,01/19/1999,Historical,Y,252657
347496,NPDES Permit,2,NPDESWW,88-071-02,2 071037001,05/18/1988,05/18/1993,Historical,N,252657
347494,NPDES Permit,2,NPDESWW,88-071,2 071107001,05/18/1988,05/18/1993,Never Active,N,252657
347498,NPDES Permit,2,NPDESWW,79-101,2 071037001,08/21/1979,08/21/1984,Historical,N,252657
421098,Enrollee - WDR,5R,WDRMUNIOTH,2014-0153-DWQ,5A040105002,06/01/2018,09/23/2029,Active,N,252660
382041,Letter,5R,WDR,,5A040105002,11/04/2011,,Historical,N,252660
381663,Letter,5R,WDR,,5A040105002,10/03/2011,,Historical,N,252660
328684,WDR,5R,WDRMUNIOTH,,5A040105002,06/17/2005,,Never Active,N,252660
132373,WDR,5R,WDRMUNIOTH,94-361,5A040105002,12/09/1994,12/09/2014,Historical,N,252660
133667,NPDES Permit,5R,NPDMUNIOTH,90-167,5A040105001,06/22/1990,06/01/1995,Historical,N,252660
133429,NPDES Permit,5R,NPDMUNIOTH,84-136,5A040105001,11/28/1984,11/28/1989,Historical,N,252660
447918,Enrollee - WDR,3,WDRMUNILRG,R3-2020-0020,3 351000001,05/27/2022,09/24/2030,Active,N,252700
133134,WDR,3,WDRMUNILRG,04-0188,3 351000001,12/03/2004,12/03/2019,Historical,N,252700
133135,WDR,3,WDRMUNILRG,R3-2004-0065,3 351000001,12/03/2004,02/01/2017,Historical,Y,252700
143852,WDR,3,WDRMUNILRG,89-058,3 351000001,04/14/1989,04/10/2004,Historical,N,252700
143004,WDR,3,WDRMUNILRG,81-023,3 351000001,05/08/1981,05/01/1991,Historical,N,252700
440320,Co-Permitee,SB,SLIC,2020-0015-DWQ,6B150116001,07/09/2020,,Active,N,252695
140415,WDR,6V,WDRMUNILRG,00-056,6B150116001,06/14/2000,06/14/2005,Active,N,252695
146192,WDR,6V,WDRMUNILRG,93-085,6B150116001,08/12/1993,08/12/1998,Historical,N,252695
147949,Reclamation Requirements,6V,REC,82-105,6B150116001,09/16/1982,10/15/1989,Historical,N,252695
147885,Reclamation Requirements,6V,REC,79-048,6B150116001,09/19/1979,09/19/1982,Historical,N,252695
147868,Reclamation Requirements,6V,REC,77-070,6B150116001,06/30/1977,06/30/1980,Historical,N,252695
147374,Reclamation Requirements,6V,REC,75-009,6B150116001,02/27/1975,02/27/1978,Historical,N,252695
147337,Reclamation Requirements,6V,REC,72-045,6B150116001,08/10/1972,08/10/1975,Historical,N,252695
139965,WDR,5S,WDRMUNILRG,88-012,5A510102002,01/29/1988,01/25/2003,Active,N,252762
138929,WDR,5S,WDR,77-193,5A510102002,12/20/1974,,Historical,N,252762
459152,Letter,1,NPDMUNIOTH,R1-2023-0022,1B83134OHUM,04/11/2024,,Historical,N,252750
454754,NPDES Permit,1,NPDMUNIOTH,R1-2023-0022,1B83134OHUM,12/01/2023,11/30/2028,Active,N,252750
406955,NPDES Permit,1,NPDMUNIOTH,R1-2017-0007,1B83134OHUM,11/01/2017,10/31/2022,Historical,N,252750
376936,NPDES Permit,1,NPDMUNIOTH,R1-2011-0054,1B83134OHUM,12/01/2011,10/31/2016,Historical,Y,252750
316390,NPDES Permit,1,NPDMUNIOTH,R1-2006-0021,1B83134OHUM,05/17/2006,04/01/2012,Historical,Y,252750
132280,WDR,1,WDRMUNIENROTH,R1-2003-0095,1B03123RHUM,09/24/2003,09/24/2018,Active,N,252750
260630,Letter,1,NPDESWW,001,1B83134OHUM,04/27/2001,,Historical,N,252750
147225,NPDES Permit,1,NPDMUNILRG,R1-2000-0015,1B83134OHUM,02/24/2000,02/24/2005,Historical,N,252750
139884,NPDES Permit,1,NPDMUNILRG,98-08802,1B83134OHUM,08/26/1998,,Historical,N,252750
138327,NPDES Permit,1,NPDMUNILRG,94-027,1B83134OHUM,06/23/1994,06/23/1999,Historical,N,252750
137830,NPDES Permit,1,NPDMUNILRG,88-124,1B83134OHUM,09/28/1988,09/28/1993,Historical,N,252750
137443,NPDES Permit,1,NPDMUNILRG,83-134,1B83134OHUM,11/29/1983,11/29/1988,Historical,N,252750
440488,Co-Permitee,SB,SLIC,2020-0015-DWQ,5B390105001,07/09/2020,,Active,N,252782
140988,WDR,5S,WDRMUNILRG,94-263,5B390105001,09/16/1994,09/13/2004,Active,N,252782
139563,WDR,5S,WDR,85-120,5B390105001,05/31/1985,05/31/1993,Historical,N,252782
139355,WDR,5S,WDR,74-138,5B390105001,01/25/1974,12/31/1987,Historical,N,252782
140155,WDR,5S,WDRMUNIOTH,86-210,5A341051001,10/24/1986,10/20/2001,Active,Y,252813
138830,WDR,5S,WDR,67-057,5A341051001,11/18/1966,,Historical,N,252813
459134,NPDES Permit,5S,NPDMUNIOTH,R5-2024-0054,5A480104001,12/01/2024,11/30/2029,Active,N,252771
428745,NPDES Permit,5S,NPDMUNIOTH,R5-2019-0016,5A480104001,04/01/2019,03/31/2024,Historical,N,252771
395363,NPDES Permit,5S,NPDMUNIOTH,R5-2014-0012,5A480104001,03/28/2014,03/01/2019,Historical,Y,252771
351548,NPDES Permit,5S,NPDMUNIOTH,R5-2008-0108,5A480104001,09/19/2008,09/30/2013,Historical,Y,252771
366405,NPDES Permit,5S,NPDMUNIOTH,R5-2008-0108-01,5A480104001,09/19/2008,09/30/2013,Historical,N,252771
148420,NPDES Permit,5S,NPDMUNIOTH,R5-2001-0178,5A480104001,06/14/2001,06/01/2006,Historical,N,252771
146416,NPDES Permit,5S,NPDMUNIOTH,95-108,5A480104001,04/28/1995,04/01/2000,Historical,N,252771
140430,NPDES Permit,5S,NPDMUNIOTH,90-137,5A480104001,05/25/1990,05/01/1995,Historical,N,252771
139134,NPDES Permit,5S,NPDMUNIOTH,84-134,5A480104001,11/28/1984,11/01/1989,Historical,N,252771
368469,WDR,5S,WDR,pending,5C500106002,,,Never Active,N,252871
440490,Co-Permitee,SB,SLIC,2020-0015-DWQ,5C500106002,07/09/2020,,Active,N,252871
141726,WDR,5S,WDRMUNILRG,94-100,5C500106002,04/22/1994,,Active,N,252871
139617,WDR,5S,WDRMUNILRG,85-189,5C500106002,06/28/1985,06/28/1995,Historical,N,252871
140394,WDR,5S,WDRMUNIOTH,90-080,5A290106001,04/23/1990,04/22/2000,Active,N,253256
138663,WDR,5S,WDR,76-187,5A290106001,08/27/1976,12/08/1989,Historical,N,253256
133745,WDR,4,WDRMUNIENROTH,79-107,4B190310002,06/25/1979,11/29/2028,Active,N,253766
440321,Co-Permitee,SB,SLIC,2020-0015-DWQ,6B150112001,07/09/2020,,Active,N,253293
425543,WDR,6V,WDRMUNILRG,R6V-2019-0251,6B150112001,07/10/2019,07/10/2029,Active,N,253293
403657,WDR,6V,WDRMUNILRG,R6V-2015-0069,6B150112001,11/05/2015,11/05/2025,Historical,N,253293
146858,WDR,6V,WDRMUNILRG,95-107,6B150112001,09/14/1995,,Historical,Y,253293
145885,WDR,6V,WDRMUNILRG,90-060A1,6B150112001,03/09/1995,01/11/2000,Historical,N,253293
145884,WDR,6V,WDRMUNILRG,90-060,6B150112001,01/11/1990,01/11/2000,Historical,N,253293
146123,WDR,6V,WDRMUNILRG,87-032,6B150112001,03/12/1987,03/12/1992,Historical,N,253293
145759,WDR,6V,WDRMUNILRG,84-102,6B150112001,10/12/1984,10/12/1989,Historical,N,253293
147202,WDR,6V,WDRMUNILRG,84-033,6B150112001,03/08/1984,03/08/1989,Historical,N,253293
147364,WDR,6V,WDRMUNILRG,73-135,6B150112001,11/15/1973,11/15/1978,Historical,N,253293
147325,WDR,6V,WDRMUNILRG,66-017,6B150112001,10/27/1966,10/27/1971,Historical,N,253293
136013,WDR,4,WDRMUNIOTH,96-021,4B190107080,04/01/1996,,Active,N,254304
133889,WDR,4,WDR,87-111,4B190107080,07/27/1987,07/24/1997,Historical,N,254304
133052,WDR,4,WDR,72-014,4B190107080,04/19/1972,04/19/1977,Historical,N,254304
450497,NPDES Permit,2,NPDMUNILRG,R2-2022-0037,2 071039001,02/01/2023,01/31/2028,Active,N,253174
430633,Co-Permitee,2,NPDMUNILRG,R2-2024-0013,2 071039001,07/01/2019,09/30/2029,Active,N,253174
416321,NPDES Permit,2,NPDMUNILRG,R2-2017-0034,2 071039001,11/01/2017,10/31/2022,Historical,Y,253174
389107,Co-Permitee,2,NPDMUNILRG,R2-2017-0041,2 071039001,01/01/2013,12/31/2017,Active,Y,253174
384402,NPDES Permit,2,NPDMUNILRG,R2-2012-0027,2 071039001,06/01/2012,05/31/2017,Historical,Y,253174
378820,Co-Permitee,2,NPDMUNILRG,R2-2011-0012,2 071039001,04/01/2011,12/31/2012,Historical,N,253174
360524,Co-Permitee,2,NPDMUNILRG,R2-2007-0077,2 071039001,03/01/2008,12/31/2012,Historical,N,253174
309887,NPDES Permit,2,NPDMUNILRG,R2-2006-0062,,12/01/2006,11/30/2012,Historical,Y,253174
148455,NPDES Permit,2,NPDMUNILRG,R2-2001-0107,2 071039001,09/19/2001,09/19/2006,Historical,N,253174
143308,NPDES Permit,2,NPDMUNILRG,94-067,2 071039001,06/15/1994,06/15/1999,Historical,N,253174
141598,NPDES Permit,2,NPDMUNILRG,89-103,2 071039001,06/21/1989,06/21/1994,Historical,N,253174
145985,NPDES Permit,2,NPDMUNILRG,84-039,2 071039001,07/18/1984,07/18/1989,Historical,N,253174
400950,Enrollee - WDR,5S,WDRMUNILRG,97-010-DWQ,5A310104011,,,Never Active,N,254925
410231,Enrollee - WDR,5S,WDRMUNILRG,2014-0153-DWQ,5A310104011,12/19/2016,12/18/2021,Active,N,254925
355637,WDR,5S,WDRMUNILRG,R5-2002-0208,5A310104011,12/06/2002,12/06/2007,Historical,Y,254925
133344,NPDES Permit,5S,NPDMUNIOTH,R5-2002-0208,5A310104011,12/06/2002,12/06/2007,Historical,Y,254925
141182,NPDES Permit,5S,NPDMUNIOTH,93-232,5A310104011,12/03/1993,12/01/1998,Historical,N,254925
140322,NPDES Permit,5S,NPDMUNIOTH,88-157,5A310104011,09/23/1988,09/01/1993,Historical,N,254925
138678,NPDES Permit,5S,NPDMUNIOTH,77-087,5A310104011,05/27/1977,09/30/1988,Historical,N,254925
162815,Unregulated,2,PTPRG,,2 417038001,,,Never Active,N,254881
464783,NPDES Permit,2,NPDMUNILRG,R2-2026-0010,2 417038001,06/01/2026,05/31/2031,Active,N,254881
432955,NPDES Permit,2,NPDMUNILRG,R2-2019-0021,2 417038001,09/01/2019,08/31/2024,Historical,Y,254881
430643,Co-Permitee,2,NPDMUNILRG,R2-2024-0013,2 417038001,07/01/2019,09/30/2029,Active,N,254881
395656,NPDES Permit,2,NPDMUNILRG,R2-2014-0012,2 417038001,06/01/2014,05/31/2019,Historical,N,254881
389155,Co-Permitee,2,NPDMUNILRG,R2-2017-0041,,01/01/2013,12/31/2017,Active,Y,254881
378832,Co-Permitee,2,NPDMUNILRG,R2-2011-0012,,04/01/2011,12/31/2012,Historical,N,254881
355399,NPDES Permit,2,NPDMUNILRG,R2-2008-0094,2 417038001,01/01/2009,12/31/2013,Historical,Y,254881
360538,Co-Permitee,2,NPDMUNILRG,R2-2007-0077,,03/01/2008,12/31/2012,Historical,N,254881
131614,NPDES Permit,2,NPDMUNILRG,R2-2003-0010,2 417038001,04/01/2003,01/22/2008,Historical,N,254881
143136,NPDES Permit,2,NPDMUNILRG,97-086,2 417038001,07/16/1997,07/16/2002,Historical,Y,254881
142290,NPDES Permit,2,NPDMUNILRG,92-034,2 417038001,04/15/1992,04/15/1997,Historical,Y,254881
141011,NPDES Permit,2,NPDMUNILRG,87-026,2 417038001,04/15/1987,04/15/1992,Historical,Y,254881
145965,NPDES Permit,2,NPDMUNILRG,84-01303,2 417038001,03/21/1984,03/21/1989,Historical,N,254881
145560,NPDES Permit,2,NPDMUNILRG,82-016,2 417038001,04/21/1982,04/21/1987,Historical,N,254881
171262,401 Certification,5S,CERFILLEXC,,5A34CR00072,,,Never Active,N,254981
465737,NPDES Permit,5S,NPDMUNILRG,R5-2026-0036,5A340108002,08/01/2026,07/31/2031,Active,N,254981
450946,Enrollee - WDR,5S,REC,2016-0068-DDW,5A34NC00114,01/30/2023,08/05/2026,Active,N,254981
443209,NPDES Permit,5S,NPDMUNILRG,R5-2021-0019-02,5A340108002,06/01/2021,05/31/2026,Historical,Y,254981
440449,Co-Permitee,SB,SLIC,2020-0015-DWQ,5A340108002,07/09/2020,,Active,N,254981
405960,NPDES Permit,5S,NPDMUNILRG,R5-2016-0020-01,5A340108002,06/01/2016,05/31/2021,Historical,Y,254981
377040,NPDES Permit,5S,NPDMUNILRG,R5-2010-0114,5A340108002,01/28/2011,12/01/2015,Historical,Y,254981
148830,NPDES Permit,5S,NPDMUNILRG,R5-2000-0188,5A340108002,08/04/2000,08/01/2005,Historical,N,254981
141219,NPDES Permit,5S,NPDMUNILRG,94-006,5A340108002,01/28/1994,11/01/1995,Historical,N,254981
140741,NPDES Permit,5S,NPDMUNILRG,90-285,5A340108002,11/02/1990,11/01/1995,Historical,N,254981
139782,NPDES Permit,5S,NPDMUNILRG,85-245,5A340108002,09/27/1985,09/01/1990,Historical,N,254981
140471,NPDES Permit,5S,NPDMUNILRG,84-077,5A340108002,06/22/1984,,Historical,N,254981
452543,NPDES Permit,5S,NPDMUNIOTH,R5-2023-0013,5B05NP00001,06/01/2023,05/31/2028,Active,N,255003
422099,NPDES Permit,5S,NPDMUNIOTH,R5-2018-0040,5B05NP00001,07/01/2018,06/30/2023,Historical,N,255003
391307,NPDES Permit,5S,NPDMUNIOTH,R5-2013-0072,5B05NP00001,07/20/2013,05/01/2018,Historical,Y,255003
354321,NPDES Permit,5S,NPDMUNIOTH,R5-2006-0081,5B05NP00001,08/23/2006,08/01/2011,Historical,N,255003
141401,NPDES Permit,5S,NPDMUNIOTH,5-00-170,5B05NP00001,06/16/2000,10/01/2000,Historical,N,255003
466028,13267 Letter (Non-Enforcement),5S,WDRMUNILRG,R5-2026-0032-NRP4-02,5C500107001,07/21/2026,,Active,N,255081
440489,Co-Permitee,SB,SLIC,2020-0015-DWQ,5C500107001,07/09/2020,,Active,N,255081
142003,WDR,5S,WDRMUNILRG,92-036,5C500107001,02/28/1992,02/25/2002,Active,N,255081
141433,WDR,5S,WDRMUNILRG,89-236,5C500107001,12/08/1989,12/08/1994,Historical,N,255081
139294,WDR,5S,WDRMUNILRG,72-038,5C500107001,08/27/1971,08/01/1989,Historical,N,255081
179173,Enrollee - WDR,1,WDRMUNIENROTH,97-010-DWQ,1B01139RSON,11/02/2004,,Active,N,255136
133098,Individual Monitoring Requirem,1,WDRMUNIOTH,R1-2004-0104,1B01139RSON,11/02/2004,11/01/2014,Active,N,255136
179222,Enrollee,1,WDRNONMUNIPRCS,R1-2002-0080,1B03125WNSO,10/02/2003,,Historical,N,255136
451900,NPDES Permit,2,NPDMUNILRG,R2-2023-0002,2 417068001,05/01/2023,04/30/2028,Active,N,255139
417027,NPDES Permit,2,NPDMUNILRG,R2-2017-0040,2 417068001,01/01/2018,12/31/2022,Historical,N,255139
386885,NPDES Permit,2,NPDMUNILRG,R2-2012-0061,2 417068001,10/01/2012,12/31/2017,Historical,N,255139
319608,NPDES Permit,2,NPDMUNILRG,R2-2007-0003,,03/01/2007,02/28/2012,Historical,Y,255139
147249,NPDES Permit,2,NPDMUNILRG,R2-2000-0016,2 417068001,03/15/2000,03/15/2005,Historical,N,255139
143373,NPDES Permit,2,NPDMUNILRG,94-126,2 417068001,09/21/1994,09/21/1999,Historical,N,255139
141623,NPDES Permit,2,NPDMUNILRG,89-148,2 417068001,09/20/1989,09/20/1994,Historical,N,255139
146013,NPDES Permit,2,NPDMUNILRG,84-059,2 417068001,09/19/1984,09/19/1989,Historical,N,255139
142046,WDR,2,WDRMUNIOTH,91-181,2 215053001,12/11/1991,06/15/2027,Active,N,255172
141207,WDR,2,WDRMUNIOTH,85-090,2 215053001,07/17/1985,07/17/1990,Historical,N,255172
388865,WDR,1,WDRMUNIOTH,Unassigned,1B85017RHUM,,,Never Active,N,255165
416629,NPDES Permit,1,NPDMUNIOTH,R1-2020-0005,1B85017RHUM,06/01/2020,05/31/2025,Active,N,255165
148440,WDR,1,WDRMUNIOTH,R1-2001-0062,1B85017RHUM,06/28/2001,06/28/2016,Historical,Y,255165
138164,WDR,1,WDRMUNIOTH,85-040,1B85017RHUM,03/27/1985,03/23/2000,Historical,N,255165
452450,Enrollee - WDR,3,WDRMUNILRG,2014-0153-DWQ,3 270120001,04/28/2023,09/23/2029,Active,N,255190
144194,WDR,3,WDRMUNILRG,89-147,3 270120001,11/17/1989,09/11/2017,Historical,N,255190
143175,WDR,3,WDRMUNILRG,82-045,3 270120001,07/09/1982,01/01/1987,Historical,N,255190
142822,WDR,3,WDRMUNILRG,71-030,3 270120001,07/08/1971,07/08/1981,Historical,N,255190
438059,NPDES Permit,9,NPDMUNILRG,R9-2022-0005,9 000000175,05/01/2022,04/30/2027,Active,Y,255218
440389,Co-Permitee,SB,SLIC,2020-0015-DWQ,9 000000175,07/09/2020,,Active,N,255218
402929,Enrollee - WDR,9,REC,2016-0068-DDW,9 000000290,10/05/2015,10/05/2020,Active,N,255218
384618,NPDES Permit,9,NPDMUNILRG,R9-2012-0012,9 000000175,05/31/2012,05/31/2017,Historical,Y,255218
309059,NPDES Permit,9,NPDMUNILRG,R9-2006-0054,9 000000175,10/01/2006,10/01/2011,Historical,N,255218
308954,WDR,9,WDRMUNILRG,R9-2003-0123,9 000000290,08/13/2003,08/13/2014,Active,Y,255218
147564,NPDES Permit,9,NPDMUNILRG,R9-2000-0013,9 000000175,02/09/2000,02/09/2005,Historical,Y,255218
142165,WDR,9,WDRMUNILRG,91-050,9 000000290,05/20/1991,08/12/2003,Historical,Y,255218
142805,WDR,9,WDRMUNILRG,87-040,9 000000290,05/04/1987,05/04/1992,Historical,N,255218
214375,Enrollee,9,NPDNONMUNIPRCS,83-006,,03/07/1983,08/29/1993,Historical,N,255218
141881,WDR,9,WDRMUNILRG,80-030,9 000000290,06/02/1980,06/02/1983,Historical,N,255218
440382,Co-Permitee,SB,SLIC,2020-0015-DWQ,9 000000125,07/09/2020,,Active,N,255265
420803,NPDES Permit,9,NPDMUNILRG,R9-2018-0003,9 000000125,06/01/2018,05/31/2023,Active,N,255265
401748,Enrollee - WDR,9,REC,2016-0068-DDW,,06/02/2016,06/22/2021,Active,N,255265
390377,Waiver,9,WDRMUNIENROTH,,,06/26/2014,06/26/2015,Historical,N,255265
147513,WDR,9,WDRMUNILRG,R9-2000-0010,9 000000571,03/13/2013,03/08/2023,Active,Y,255265
388506,Enrollee,9,WDRMUNIENROTH,R9-2007-0104W7,9 000000571,12/20/2012,,Historical,N,255265
375641,NPDES Permit,9,NPDMUNILRG,R9-2010-0087,,10/28/2010,10/27/2015,Historical,N,255265
305389,NPDES Permit,9,NPDMUNILRG,R9-2005-0100,9 000000125,06/08/2005,06/08/2010,Historical,N,255265
147464,NPDES Permit,9,NPDMUNILRG,R9-1999-0071,,11/10/1999,06/07/2005,Historical,N,255265
142248,NPDES Permit,9,NPDMUNILRG,94-105,9 000000125,11/10/1994,11/10/1999,Historical,Y,255265
143057,WDR,9,WDRMUNILRG,93-071,9 000000571,06/21/1993,06/21/2003,Historical,Y,255265
143369,NPDES Permit,9,NPDMUNILRG,88-021,9 000000125,06/06/1988,06/06/1993,Historical,Y,255265
141890,NPDES Permit,9,NPDMUNILRG,81-012,9 000000125,06/01/1981,06/01/1986,Historical,Y,255265
434464,Enrollee - WDR,3,WDRMUNIOWTS,2014-0153-DWQ,3 270619758,12/13/2019,09/23/2029,Active,N,255306
132422,WDR,3,WDRMUNIOTH,R3-2003-0054,3 271020001,05/16/2003,05/16/2018,Historical,N,255306
144916,WDR,3,WDRMUNIOTH,88-012,3 271020001,03/11/1988,03/08/2003,Historical,N,255306
143588,WDR,3,WDRMUNIOTH,77-037,3 271020001,06/10/1977,06/10/1987,Historical,N,255306
456864,NPDES Permit,5S,NPDMUNIOTH,R5-2024-0025,5B050103001,06/01/2024,05/31/2029,Active,N,255180
440471,Co-Permitee,SB,SLIC,2020-0015-DWQ,5B050103001,07/09/2020,,Active,N,255180
425799,NPDES Permit,5S,NPDMUNIOTH,R5-2018-0075,5B050103001,12/01/2018,11/30/2023,Historical,N,255180
397708,NPDES Permit,5S,NPDMUNIOTH,R5-2014-0104-01,5B050103001,10/01/2014,09/30/2019,Historical,Y,255180
361642,NPDES Permit,5S,NPDMUNIOTH,R5-2009-0007,5B050103001,03/27/2009,02/01/2014,Historical,N,255180
132312,NPDES Permit,5S,NPDMUNIOTH,R5-2003-0151,5B050103001,10/17/2003,10/17/2008,Historical,N,255180
148427,NPDES Permit,5S,NPDMUNIOTH,01-118,5B050103001,05/11/2001,05/01/2006,Historical,N,255180
141340,NPDES Permit,5S,NPDMUNIOTH,95-033,5B050103001,02/24/1995,02/24/2000,Historical,N,255180
140375,NPDES Permit,5S,NPDMUNIOTH,90-038,5B050103001,02/23/1990,02/01/1995,Historical,N,255180
139540,NPDES Permit,5S,NPDMUNIOTH,85-036,5B050103001,02/22/1985,02/01/1990,Historical,N,255180
163114,Unregulated,2,PTPRG,,2 019037001,,,Never Active,N,255368
450830,Co-Permitee,2,NPDMUNILRG,R2-2022-0023,2 019037001,09/01/2022,08/31/2027,Active,N,255368
448549,NPDES Permit,2,NPDMUNILRG,R2-2022-0023,2 019123001,09/01/2022,08/31/2027,Active,N,255368
446577,NPDES Permit,2,NPDMUNIOTH,R2-2022-0006,2 01NPI441309,06/01/2022,05/31/2027,Active,N,255368
430637,Co-Permitee,2,NPDMUNILRG,R2-2024-0013,2 019037001,07/01/2019,09/30/2029,Active,N,255368
415020,Co-Permitee,2,NPDMUNILRG,R2-2017-0016,2 019037001,07/01/2017,,Historical,N,255368
416689,Co-Permitee,2,NPDMUNILRG,R2-2017-0016,2 019032002,07/01/2017,,Active,N,255368
413161,NPDES Permit,2,NPDMUNILRG,R2-2017-0016,2 019123001,07/01/2017,07/01/2022,Historical,Y,255368
389146,Co-Permitee,2,NPDMUNILRG,R2-2017-0041,2 019037001,01/01/2013,12/31/2017,Active,Y,255368
388118,NPDES Permit,2,NPDMUNILRG,R2-2012-0004-03,2 019037001,03/01/2012,02/28/2017,Historical,N,255368
383585,Co-Permitee,2,NPDMUNILRG,R2-2012-0004,2 019037002,03/01/2012,02/28/2017,Historical,N,255368
382900,NPDES Permit,2,NPDMUNILRG,R2-2012-0004,2 019123001,03/01/2012,02/28/2017,Historical,Y,255368
360501,Co-Permitee,2,NPDMUNILRG,R2-2007-0077,2 019037001,03/01/2008,12/31/2012,Historical,N,255368
314782,Enrollee - WRR,2,REC,R2-1996-011,2 019037002,01/25/2007,,Active,N,255368
307632,NPDES Permit,2,NPDMUNILRG,R2-2006-0053,2 019123001,10/01/2006,09/30/2011,Historical,Y,255368
307630,NPDES Permit,2,NPDMUNILRG,R2-2006-0053-03,2 019037001,10/01/2006,09/30/2011,Historical,N,255368
148296,NPDES Permit,2,NPDMUNILRG,R2-2000-0087-03,2 019037001,08/16/2000,08/16/2005,Historical,Y,255368
148293,NPDES Permit,2,NPDMUNILRG,R2-2000-0087-01,2 019123001,08/16/2000,08/16/2005,Historical,Y,255368
143312,NPDES Permit,2,NPDMUNILRG,94-07203,2 019037001,06/15/1994,06/15/1999,Historical,Y,255368
141592,NPDES Permit,2,NPDMUNILRG,89-09803,2 019037001,06/21/1989,06/21/1994,Historical,Y,255368
141487,NPDES Permit,2,NPDMUNILRG,88-010,2 019037001,01/20/1988,01/20/1993,Historical,N,255368
145975,NPDES Permit,2,NPDMUNILRG,84-03003,2 019037001,06/20/1984,06/20/1989,Historical,Y,255368
144125,WDR,3,WDRMUNIOTH,89-076,3 270125001,06/09/1989,04/02/2017,Active,N,255372
379417,Enrollee - WDR,5F,WDRMUNIENROTH,97-010-DWQ,5C240801004,06/16/2011,06/16/2026,Active,N,255383
144661,WDR,5F,WDRMUNIOTH,86-226,5C240801004,12/12/1986,12/08/2001,Historical,N,255383
383862,Enrollee - WDR,5F,WDRMUNIENROTH,97-010-DWQ,5C240701001,09/30/2011,09/30/2026,Active,N,255382
144567,WDR,5F,WDRMUNIOTH,85-231,5C240701001,08/23/1985,08/19/2000,Historical,N,255382
143731,WDR,5F,WDRMUNIOTH,72-044,5C240701001,08/27/1971,06/30/1996,Historical,N,255382
259648,Letter,3,NPDESWW,LT920929,,,10/01/1994,Historical,N,255337
364328,NPDES Permit,3,NPDMUNILRG,R3-2009-0019,3 350102001,05/09/2009,05/08/2014,Active,Y,255337
132174,NPDES Permit,3,NPDMUNILRG,R3-2003-0087,3 350102001,09/12/2003,05/08/2009,Historical,N,255337
147500,NPDES Permit,3,NPDMUNILRG,00-006,3 350102001,02/04/2000,02/04/2003,Historical,N,255337
146663,NPDES Permit,3,NPDMUNILRG,93-089,3 350102001,11/12/1993,11/12/1998,Historical,N,255337
144952,NPDES Permit,3,NPDMUNILRG,88-028,3 350102001,03/11/1988,10/01/1992,Historical,N,255337
144329,NPDES Permit,3,NPDMUNILRG,87-161,3 350102001,10/09/1987,11/01/1989,Historical,N,255337
143876,NPDES Permit,3,NPDMUNILRG,86-189,3 350102001,06/13/1986,12/01/1986,Historical,N,255337
143248,NPDES Permit,3,NPDMUNILRG,84-001,3 350102001,01/20/1984,01/01/1989,Historical,N,255337
142656,NPDES Permit,3,NPDMUNILRG,78-060,3 350102001,11/17/1978,01/01/1983,Historical,N,255337
142884,NPDES Permit,3,NPDMUNILRG,74-004,3 350102001,01/01/1974,01/01/1979,Historical,N,255337
456704,NPDES Permit,3,NPDMUNILRG,R3-2024-0001,3 400107001,09/01/2024,08/31/2029,Active,N,255380
440267,Co-Permitee,SB,SLIC,2020-0015-DWQ,3 400107001,07/09/2020,,Active,N,255380
399576,NPDES Permit,3,NPDMUNILRG,R3-2014-0033,3 400107001,12/01/2014,11/30/2019,Historical,N,255380
261358,NPDES Permit,3,NPDMUNILRG,R3-2002-0043 MOD,3 400107001,03/25/2005,05/31/2007,Historical,N,255380
131511,NPDES Permit,3,NPDMUNILRG,R3-2002-0043,3 400107001,05/31/2002,05/31/2007,Historical,N,255380
146994,NPDES Permit,3,NPDMUNILRG,95-048,3 400107001,10/13/1995,10/12/2000,Historical,N,255380
144202,NPDES Permit,3,NPDMUNILRG,90-012,3 400107001,04/13/1990,04/01/1995,Historical,N,255380
143462,NPDES Permit,3,NPDMUNILRG,86-063,3 400107001,01/10/1986,04/13/1990,Historical,N,255380
143665,NPDES Permit,3,NPDMUNILRG,85-021,3 400107001,02/08/1985,02/08/1988,Historical,N,255380
378937,Enrollee - WDR,5F,WDRMUNIENROTH,97-010-DWQ,5C241001001,05/23/2011,05/23/2026,Active,N,255393
143431,WDR,5F,WDRMUNIOTH,73-053,5C241001001,08/25/1972,08/23/1982,Historical,N,255393
440378,Co-Permitee,SB,SLIC,2020-0015-DWQ,9 000000146,07/09/2020,,Active,N,255392
434521,NPDES Permit,9,NPDMUNILRG,R9-2019-0166,9 000000146,04/01/2020,03/31/2025,Active,Y,255392
377272,NPDES Permit,9,NPDMUNILRG,R9-2011-0016,9 000000146,03/03/2011,03/02/2016,Historical,Y,255392
377268,NPDES Permit,9,NPDMUNILRG,R9-2005-0136,9 000000146,08/10/2005,08/10/2010,Never Active,N,255392
443138,WDR,9,REC,R9-2021-0100,9 000003689,12/08/2021,12/08/2031,Active,N,255386
422642,Enrollee - Waiver,9,WDRMUNILRG,R9-2019-0005W2,9 000000351,07/19/2018,05/08/2024,Historical,Y,255386
401761,Enrollee - WDR,9,REC,2016-0068-DDW,9 000000351,10/08/2015,10/08/2020,Active,N,255386
142438,WDR,9,WDRMUNILRG,93-07,9 000000351,12/20/1993,12/20/2013,Active,Y,255386
142060,WDR,9,WDRMUNILRG,88-041,9 000000351,04/25/1988,04/25/1993,Historical,N,255386
141494,WDR,9,WDRMUNILRG,74-045,9 000000351,05/20/1974,05/20/1977,Historical,Y,255386
379414,Enrollee - WDR,5F,WDRMUNIENROTH,97-010-DWQ,5C240801003,01/05/2012,01/05/2027,Active,N,255396
144616,WDR,5F,WDRMUNIOTH,85-316,5C240801003,12/06/1985,12/02/2000,Historical,N,255396
142197,WDR,2,WDRMUNIOTH,88-141,2 417059001,09/21/1988,09/21/2003,Active,N,255417
145607,WDR,2,WDRMUNIOTH,83-034,2 417059001,09/21/1983,09/21/1988,Historical,N,255417
454700,NPDES Permit,2,NPDMUNILRG,R2-2023-0017,2 417035001,12/01/2023,11/30/2028,Active,N,255420
430638,Co-Permitee,2,NPDMUNILRG,R2-2024-0013,,07/01/2019,09/30/2029,Active,N,255420
421205,NPDES Permit,2,NPDMUNILRG,R2-2018-0016,2 417035001,07/01/2018,06/30/2023,Historical,Y,255420
389583,NPDES Permit,2,NPDMUNILRG,R2-2013-0006,2 417035001,05/01/2013,04/30/2018,Historical,Y,255420
389148,Co-Permitee,2,NPDMUNILRG,R2-2017-0041,,01/01/2013,12/31/2017,Active,Y,255420
378825,Co-Permitee,2,NPDMUNILRG,R2-2011-0012,2 417035001,04/01/2011,12/31/2012,Historical,N,255420
360527,Co-Permitee,2,NPDMUNILRG,R2-2007-0077,2 417035001,03/01/2008,12/31/2012,Historical,N,255420
336217,NPDES Permit,2,NPDMUNILRG,R2-2007-0075,2 417035001,02/01/2008,01/31/2013,Historical,Y,255420
148435,NPDES Permit,2,NPDMUNILRG,R2-2001-0071,2 417035001,06/19/2001,06/19/2006,Historical,N,255420
142137,NPDES Permit,2,NPDMUNILRG,95-055,2 417035001,03/15/1995,03/15/2000,Historical,Y,255420
141634,NPDES Permit,2,NPDMUNILRG,89-171,2 417035001,11/15/1989,11/15/1994,Historical,Y,255420
146021,NPDES Permit,2,NPDMUNILRG,84-069,2 417035001,10/17/1984,10/17/1989,Historical,Y,255420
455272,Enrollee - WDR,3,WDRMUNILRG,R3-2020-0020,3 400109001,12/07/2023,09/24/2030,Active,N,255430
147307,WDR,3,WDRMUNILRG,99-046,3 400109001,07/09/1999,07/06/2025,Historical,N,255430
144270,WDR,3,WDRMUNILRG,87-096,3 400109001,06/11/1987,07/06/2009,Historical,N,255430
142839,WDR,3,WDRMUNILRG,72-063,3 400109001,08/11/1972,08/01/1982,Historical,N,255430
362394,WDR,9,WDRMUNILRG,R9-2009-0005,9 000000076,03/11/2009,03/11/2014,Active,Y,255468
142436,WDR,9,WDRMUNILRG,93-003,9 000000076,02/01/1993,02/01/2014,Historical,Y,255468
142768,WDR,9,WDRMUNILRG,86-072,9 000000076,09/08/1986,09/08/1989,Historical,Y,255468
141839,WDR,9,WDRMUNILRG,79-017,9 000000076,02/26/1979,02/26/1984,Historical,Y,255468
144374,WDR,5F,WDRMUNIOTH,90-014,5C240109003,01/26/1990,01/24/2000,Active,N,255535
259652,Letter,3,NPDESWW,LT911112,,,11/01/1996,Historical,N,255462
445991,NPDES Permit,3,NPDMUNIOTH,R3-2022-0003,3 400110001,05/01/2022,04/30/2027,Active,N,255462
392787,NPDES Permit,3,NPDMUNIOTH,R3-2013-0021,3 400110001,02/01/2014,01/31/2019,Historical,N,255462
326116,NPDES Permit,3,NPDMUNIOTH,R3-2007-0024,3 400110001,05/30/2007,05/30/2012,Historical,N,255462
131512,NPDES Permit,3,NPDMUNIOTH,R3-2002-0046,3 400110001,05/31/2002,05/31/2007,Historical,N,255462
147024,NPDES Permit,3,NPDMUNIOTH,97-015,3 400110001,05/30/1997,05/29/2002,Historical,N,255462
143967,NPDES Permit,3,NPDMUNIOTH,87-018,3 400110001,02/06/1987,02/01/1992,Historical,N,255462
143259,NPDES Permit,3,NPDMUNIOTH,84-019,3 400110001,02/24/1984,02/24/1989,Historical,N,255462
142890,NPDES Permit,3,NPDMUNIOTH,74-028,3 400110001,01/01/1974,01/01/1979,Historical,N,255462
142823,NPDES Permit,3,NPDMUNIOTH,71-034,3 400110001,01/01/1971,01/01/1976,Historical,N,255462
132007,WDR,9,WDRMUNILRG,R9-2002-0013,9 000000899,04/10/2002,04/10/2014,Active,N,255649
455558,NPDES Permit,3,NPDMUNILRG,R3-2023-0001,3 440124003,03/01/2024,02/28/2029,Active,N,255632
440271,Co-Permitee,SB,SLIC,2020-0015-DWQ,3 440102001,07/09/2020,,Active,N,255632
418035,NPDES Permit,3,NPDMUNILRG,R3-2017-0030,3 440102001,01/26/2018,01/25/2023,Historical,N,255632
377174,NPDES Permit,3,NPDMUNILRG,R3-2010-0043,3 440102001,12/09/2010,12/09/2015,Historical,N,255632
361279,NPDES Permit,3,NPDMUNILRG,R3-2005-0003-ARCHIVED-ARCHIVED-ARCHIVED,3 440102001,05/13/2005,05/13/2010,Superceded,N,255632
134032,NPDES Permit,3,NPDMUNILRG,R3-2005-0003-ARCHIVED-ARCHIVED-ARCHIVED-ARCHIVED,3 440102001,05/13/2005,05/13/2010,Archived,N,255632
361296,NPDES Permit,3,NPDMUNILRG,R3-2005-0003-archived-ARCHIVED-ARCHIVED,3 440102001,05/13/2005,05/13/2010,Superceded,N,255632
361295,NPDES Permit,3,NPDMUNILRG,R3-2005-0003-archived-ARCHIVED-ARCHIVED-ARCHIVED,3 440102001,05/13/2005,05/13/2010,Archived,N,255632
361292,NPDES Permit,3,NPDMUNILRG,R3-2005-0003-archived-ARCHIVED-ARCHIVED,3 440102001,05/13/2005,05/13/2010,Archived,N,255632
314589,NPDES Permit,3,NPDMUNILRG,R3-2005-0003-ARCHIVED-ARCHIVED,3 440102001,05/13/2005,05/13/2010,Archived,N,255632
314612,NPDES Permit,3,NPDMUNILRG,R3-2005-0003,3 440102001,05/13/2005,05/13/2010,Historical,N,255632
318979,NPDES Permit,3,NPDMUNILRG,R3-2005-0003,3 440102001,05/13/2005,05/13/2010,Historical,N,255632
353069,NPDES Permit,3,NPDMUNILRG,R3-2005-0003-archived-ARCHIVED-ARCHIVED-ARCHIVED,3 440102001,05/13/2005,05/13/2010,Archived,N,255632
361266,NPDES Permit,3,NPDMUNILRG,R3-2005-0003,3 440102001,05/13/2005,05/13/2015,Historical,N,255632
361274,NPDES Permit,3,NPDMUNILRG,R3-2005-0003-ARCHIVED-ARCHIVED-ARCHIVED,3 440102001,05/13/2005,05/13/2010,Archived,N,255632
361278,NPDES Permit,3,NPDMUNILRG,R3-2005-0003-ARCHIVED-ARCHIVED-ARCHIVED-ARCHIVED,3 440102001,05/13/2005,05/13/2010,Archived,N,255632
361280,NPDES Permit,3,NPDMUNILRG,R3-2005-0003-ARCHIVED,3 440102001,05/13/2005,05/13/2010,Archived,N,255632
361286,NPDES Permit,3,NPDMUNILRG,R3-2005-0003-ARCHIVED-ARCHIVED,3 440102001,05/13/2005,05/13/2010,Archived,N,255632
361287,NPDES Permit,3,NPDMUNILRG,R3-2005-0003-archived-ARCHIVED,3 440102001,05/13/2005,05/13/2010,Archived,N,255632
361289,NPDES Permit,3,NPDMUNILRG,R3-2005-0003-ARCHIVED,3 440102001,05/13/2005,05/13/2010,Superceded,N,255632
147498,NPDES Permit,3,NPDMUNILRG,00-044,3 440102001,03/31/2000,03/31/2005,Historical,N,255632
146914,NPDES Permit,3,NPDMUNILRG,94-010,3 440102001,02/11/1994,02/11/1999,Historical,N,255632
143791,NPDES Permit,3,NPDMUNILRG,88-180,3 440102001,11/18/1988,10/01/1993,Historical,N,255632
144918,NPDES Permit,3,NPDMUNILRG,88-018,3 440102001,01/08/1988,10/01/1988,Historical,N,255632
143199,NPDES Permit,3,NPDMUNILRG,83-059,3 440102001,11/18/1983,10/01/1988,Historical,N,255632
405498,Enrollee - WDR,3,WDRMUNIOTH,2014-0153-DWQ,3 270316559,03/18/2016,03/17/2026,Active,N,255653
394676,WDR,3,WDRMUNIOTH,R3-2013-0020,3 279804003,12/05/2013,12/04/2028,Historical,N,255653
147283,WDR,3,WDRMUNIOTH,98-060,3 279804003,09/11/1998,07/01/2008,Historical,N,255653
401766,Enrollee - WDR,9,REC,WQO-2014-0090-DWQ,9 000000077,,,Never Active,N,255679
440392,Co-Permitee,SB,SLIC,2020-0015-DWQ,9 000000077,07/09/2020,,Active,N,255679
404699,WDR,9,WDRMUNILRG,R9-2016-0154,9 000000077,06/22/2016,06/22/2021,Active,N,255679
403143,13267 Letter (Non-Enforcement),9,WDRMUNILRG,R9-2000-0177,,10/08/2015,,Historical,N,255679
148103,WDR,9,WDRMUNILRG,R9-2000-0177,9 000000077,09/13/2000,09/13/2013,Historical,N,255679
142539,WDR,9,WDRMUNILRG,95-022,9 000000077,04/13/1995,04/11/2000,Historical,Y,255679
142391,WDR,9,WDRMUNILRG,91-058,9 000000077,05/20/1991,05/20/1996,Historical,Y,255679
143360,WDR,9,WDRMUNILRG,87-126,9 000000077,10/05/1987,10/05/1992,Historical,N,255679
147045,WDR,9,WDRMUNILRG,69-019,9 000000077,05/27/1969,05/27/1974,Historical,Y,255679
453102,Enrollee - WDR,3,WDRMUNILRG,R3-2020-0020,3 420109001,06/16/2023,09/24/2030,Active,N,255678
440274,Co-Permitee,SB,SLIC,2020-0015-DWQ,3 420109001,07/09/2020,,Active,N,255678
373327,WDR,3,WDRMUNILRG,R3-2010-0001,3 420109001,02/04/2010,02/04/2015,Historical,N,255678
131425,WDR,3,WDRMUNILRG,02-0111,3 420109001,12/13/2002,02/03/2010,Historical,N,255678
147036,WDR,3,WDRMUNILRG,97-041,,12/05/1997,12/04/2002,Historical,N,255678
144274,WDR,3,WDRMUNILRG,87-100,3 420109001,06/12/1987,12/04/2002,Historical,N,255678
143016,WDR,3,WDRMUNILRG,82-005,3 420109001,03/19/1982,03/01/1987,Historical,N,255678
137649,WDR,1,WDRMUNILRG,88-052,1B78209OSON,04/28/1988,04/26/2014,Active,N,255697
137358,WDR,1,WDRMUNILRG,78-209,1B78209OSON,12/07/1978,12/07/1988,Historical,N,255697
454994,NPDES Permit,2,NPDMUNILRG,R2-2023-0021,2 215015001,01/01/2024,12/31/2028,Active,N,255788
430640,Co-Permitee,2,NPDMUNILRG,R2-2024-0013,2 215015001,07/01/2019,09/30/2029,Active,N,255788
423343,NPDES Permit,2,NPDMUNILRG,R2-2018-0039,2 215015001,10/01/2018,09/30/2023,Historical,Y,255788
388491,NPDES Permit,2,NPDMUNILRG,R2-2012-0094,2 215015001,02/01/2013,01/31/2018,Historical,Y,255788
389149,Co-Permitee,2,NPDMUNILRG,R2-2017-0041,2 215015001,01/01/2013,12/31/2017,Active,N,255788
378828,Co-Permitee,2,NPDMUNILRG,R2-2011-0012,2 215015001,04/01/2011,12/31/2012,Historical,N,255788
360534,Co-Permitee,2,NPDMUNILRG,R2-2007-0077,2 215015001,03/01/2008,12/31/2012,Historical,N,255788
332692,NPDES Permit,2,NPDMUNILRG,R2-2007-0056,2 215015001,10/01/2007,09/30/2012,Historical,Y,255788
148566,NPDES Permit,2,NPDMUNILRG,R2-2001-0070,2 215015001,06/20/2001,05/30/2006,Historical,N,255788
378562,Enrollee - WRR,2,REC,R2-1996-011,2 215015002,01/19/2000,,Active,N,255788
142169,NPDES Permit,2,NPDMUNILRG,95-128,2 215015001,06/21/1995,06/21/2000,Historical,N,255788
141677,NPDES Permit,2,NPDMUNILRG,90-039,2 215015001,03/21/1990,03/21/1995,Historical,N,255788
146010,NPDES Permit,2,NPDMUNILRG,84-055,2 215015001,09/19/1984,09/19/1989,Historical,N,255788
454995,NPDES Permit,2,NPDMUNILRG,R2-2023-0022,2 215023001,01/01/2024,12/31/2028,Active,N,255802
430639,Co-Permitee,2,NPDMUNILRG,R2-2024-0013,2 215023001,07/01/2019,09/30/2029,Active,N,255802
422035,NPDES Permit,2,NPDMUNILRG,R2-2018-0025,,08/01/2018,07/31/2023,Historical,Y,255802
389150,Co-Permitee,2,NPDMUNILRG,R2-2017-0041,2 215023001,01/01/2013,12/31/2017,Active,Y,255802
388187,NPDES Permit,2,NPDMUNILRG,R2-2012-0083,2 215023001,01/01/2013,12/31/2017,Historical,Y,255802
378826,Co-Permitee,2,NPDMUNILRG,R2-2011-0012,2 215023001,04/01/2011,12/31/2012,Historical,N,255802
360535,Co-Permitee,2,NPDMUNILRG,R2-2007-0077,2 215023001,03/01/2008,12/31/2012,Historical,N,255802
330882,NPDES Permit,2,NPDMUNILRG,R2-2007-0054,2 215023001,10/01/2007,09/30/2012,Historical,Y,255802
147768,NPDES Permit,2,NPDMUNILRG,R2-2000-0060,2 215023001,07/19/2000,07/19/2005,Historical,Y,255802
142145,NPDES Permit,2,NPDMUNILRG,95-107,2 215023001,05/24/1995,05/24/2000,Historical,N,255802
141661,NPDES Permit,2,NPDMUNILRG,90-002,2 215023001,01/17/1990,01/17/1995,Historical,N,255802
146011,NPDES Permit,2,NPDMUNILRG,84-056,2 215023001,09/19/1984,09/19/1989,Historical,N,255802
147138,WDR,9,WDRMUNILRG,94-092,9 000000564,04/16/2003,08/11/2013,Active,Y,255735
427520,NPDES Permit,1,NPDMUNILRG,R1-2020-0012,1B83099OSON,10/01/2020,09/30/2025,Active,Y,255703
440253,Co-Permitee,SB,SLIC,2020-0015-DWQ,1B83099OSON,07/09/2020,,Active,N,255703
378138,NPDES Permit,1,NPDMUNILRG,R1-2013-0001,1B83099OSON,02/01/2014,01/31/2019,Historical,N,255703
349917,Resolution,1,NPDESWW,R1-2008-0061,1B83099OSON,07/24/2008,,Historical,Y,255703
315598,NPDES Permit,1,NPDMUNILRG,R1-2006-0045,1B83099OSON,11/09/2006,11/09/2011,Historical,Y,255703
261094,Letter,1,NPDESWW,112103,,11/21/2003,,Historical,N,255703
260624,Letter,1,NPDESWW,001,,04/27/2001,,Historical,N,255703
179921,Enrollee,1,NPDNONMUNIPRCS,R1-1993-0061,1B83099OSON,10/18/2000,,Historical,N,255703
131727,NPDES Permit,1,NPDMUNILRG,R1-2000-0003,1B83099OSON,03/01/2000,11/09/2006,Historical,N,255703
139287,NPDES Permit,1,NPDMUNILRG,98-084,1B83099OSON,08/26/1998,08/25/2003,Historical,N,255703
138061,NPDES Permit,1,NPDMUNILRG,95-018,1B83099OSON,06/22/1995,06/20/2000,Historical,N,255703
138623,NPDES Permit,1,NPDMUNILRG,90-079,1B83099OSON,08/16/1990,08/16/1995,Historical,N,255703
137168,NPDES Permit,1,NPDMUNILRG,86-190,1B83099OSON,12/04/1986,07/01/1990,Historical,N,255703
137043,NPDES Permit,1,NPDMUNILRG,83-099,1B83099OSON,09/22/1983,09/22/1988,Historical,N,255703
416353,WDR,1,WDRMUNIOTH,R1-2017-0014,1B89051RSON,05/18/2017,05/18/2027,Active,N,255836
138005,WDR,1,WDRMUNIOTH,93-067,1B89051RSON,06/24/1993,06/22/2013,Historical,N,255836
140393,WDR,5S,WDRMUNIOTH,90-079,5A290106002,03/23/1990,03/20/2000,Active,N,256005
138664,WDR,5S,WDR,76-188,5A290106002,08/27/1976,12/08/1989,Historical,N,256005
440264,Co-Permitee,SB,SLIC,2020-0015-DWQ,3 440103001,07/09/2020,,Active,N,256011
389665,NPDES Permit,3,NPDMUNIOTH,R3-2013-0001,3 440103001,03/27/2013,02/01/2018,Active,N,256011
360605,NPDES Permit,3,NPDMUNIOTH,R3-2007-0013,3 440103001,09/07/2007,10/27/2012,Historical,N,256011
332843,NPDES Permit,3,NPDMUNIOTH,R3-2007-0013-archived-ARCHIVED-ARCHIVED,3 440103001,09/07/2007,10/27/2012,Archived,N,256011
132098,NPDES Permit,3,NPDMUNIOTH,R3-2002-0016,3 440103001,03/22/2003,03/22/2007,Historical,N,256011
147023,NPDES Permit,3,NPDMUNIOTH,97-012,3 440103001,04/04/1997,04/03/2002,Historical,N,256011
147460,NPDES Permit,3,NPDMUNIOTH,93-032,3 440103001,09/10/1993,09/10/1998,Historical,N,256011
143844,NPDES Permit,3,NPDMUNIOTH,89-028,3 440103001,03/10/1989,07/01/1993,Historical,N,256011
143768,NPDES Permit,3,NPDMUNIOTH,88-094,3 440103001,07/08/1988,07/01/1993,Historical,N,256011
143716,NPDES Permit,3,NPDMUNIOTH,85-057,3 440103001,07/15/1985,07/15/1988,Historical,N,256011
148618,WDR,3,WDRMUNILRG,R3-2001-0066,3 449902003,07/13/2001,07/13/2016,Active,N,256012
457981,Enrollee - WDR,3,WDRINDIVLRG,R3-2020-0020,3 430824016,07/01/2026,06/30/2041,Active,N,256038
458068,Enrollee - WDR,3,WDRMUNILRG,2016-0068-DDW,3 430100003,07/01/2026,06/30/2041,Active,N,256038
147279,WDR,3,WDRMUNILRG,98-052,3 430100003,05/29/1998,05/29/2008,Historical,N,256038
143153,WDR,3,WDR,85-082,3 430100003,05/10/1985,,Historical,N,256038
142999,WDR,3,WDR,81-012,3 430100003,01/16/1981,01/01/1991,Historical,N,256038
451899,NPDES Permit,2,NPDMUNILRG,R2-2023-0003,2 417037001,05/01/2023,04/30/2028,Active,N,255833
445766,Enrollee - WRR,2,REC,2016-0068-DDW,2 417037002,04/08/2020,08/05/2026,Active,N,255833
430641,Co-Permitee,2,NPDMUNILRG,R2-2024-0013,2 417037001,07/01/2019,09/30/2029,Active,N,255833
421384,NPDES Permit,2,NPDMUNILRG,R2-2018-0005,2 417037001,04/01/2018,03/31/2023,Historical,Y,255833
389151,Co-Permitee,2,NPDMUNILRG,R2-2017-0041,2 417037001,01/01/2013,12/31/2017,Active,Y,255833
386869,NPDES Permit,2,NPDMUNILRG,R2-2012-0062,2 417037001,10/01/2012,09/30/2017,Historical,Y,255833
378831,Co-Permitee,2,NPDMUNILRG,R2-2011-0012,2 417037001,04/01/2011,12/31/2012,Historical,N,255833
360537,Co-Permitee,2,NPDMUNILRG,R2-2007-0077,2 417037001,03/01/2008,12/31/2012,Historical,N,255833
319611,NPDES Permit,2,NPDMUNILRG,R2-2007-0006,2 417037001,04/01/2007,03/31/2012,Historical,Y,255833
148820,NPDES Permit,2,NPDMUNILRG,R2-2001-0012,2 417037001,01/24/2001,01/24/2006,Historical,Y,255833
351616,Enrollee - WRR,2,REC,R2-1996-011,2 417037002,07/07/2000,,Historical,N,255833
142710,NPDES Permit,2,NPDMUNILRG,93-066,2 417037001,07/21/1993,07/21/1998,Historical,Y,255833
141532,NPDES Permit,2,NPDMUNILRG,88-070,2 417037001,05/18/1988,05/18/1993,Historical,Y,255833
145533,NPDES Permit,2,NPDMUNILRG,81-040,2 417037001,07/15/1981,07/15/1986,Historical,Y,255833
465400,NPDES Permit,3,NPDMUNILRG,R3-2026-0014,3 430100001,07/01/2026,06/30/2031,Active,N,256039
440283,Co-Permitee,SB,SLIC,2020-0015-DWQ,3 430100001,07/09/2020,,Active,N,256039
418038,NPDES Permit,3,NPDMUNILRG,R3-2017-0028,3 430100001,12/01/2017,11/30/2022,Historical,N,256039
373671,NPDES Permit,3,NPDMUNILRG,R3-2010-0009,3 430100001,03/18/2010,03/18/2015,Historical,N,256039
350132,Resolution,3,NPDMUNILRG,R3-2008-0014,3 430100001,07/11/2008,,Historical,N,256039
132876,NPDES Permit,3,NPDMUNILRG,04-0099,3 430100001,09/10/2004,09/10/2019,Historical,N,256039
147303,WDR,3,WDRMUNILRG,99-029,,05/21/1999,05/19/2004,Historical,N,256039
147388,WDR,3,WDRMUNILRG,92-020,3 430100001,05/08/1992,05/06/1997,Historical,N,256039
143155,WDR,3,WDRMUNILRG,85-083A1,3 430100001,08/16/1988,01/01/1989,Historical,N,256039
143154,WDR,3,WDRMUNILRG,85-083,3 430100001,05/10/1985,01/01/1989,Historical,N,256039
143252,WDR,3,WDRMUNILRG,84-006,3 430100001,01/20/1984,01/01/1989,Historical,N,256039
143536,WDR,3,WDRMUNILRG,76-024,3 430100001,07/14/1976,01/01/1981,Historical,N,256039
143528,WDR,3,WDRMUNILRG,75-014,3 430100001,01/01/1975,01/01/1980,Historical,N,256039
142923,WDR,3,WDRMUNILRG,74-045,3 430100001,01/01/1974,01/01/1979,Historical,N,256039
423602,WDR,1,WDRMUNILRG,R1-2019-0007,1B84124OSON,07/01/2019,04/18/2029,Active,N,256045
148564,WDR,1,WDRMUNILRG,R1-2001-0069,1B84124OSON,06/28/2001,06/28/2011,Historical,N,256045
138622,WDR,1,WDRMUNILRG,90-076,1B84124OSON,05/23/1990,05/20/2000,Historical,N,256045
137523,WDR,1,WDRMUNILRG,84-124,1B84124OSON,11/25/1984,11/25/1987,Historical,N,256045
433463,WDR,1,WDRMUNIOTH,R1-2019-0013,1B77117OSON,06/20/2019,06/20/2029,Active,N,256049
139182,WDR,1,WDRMUNIOTH,97-067,1B77117OSON,08/27/1997,08/25/2017,Historical,N,256049
137719,WDR,1,WDRMUNIOTH,91-118,1B77117OSON,08/22/1991,08/19/2001,Historical,N,256049
137114,WDR,1,WDRMUNIOTH,86-095,1B77117OSON,05/07/1986,05/07/1991,Historical,N,256049
408066,NPDES Permit,1,NPDMUNIOTH,R1-2018-0001,1B84060OSON,08/01/2018,07/31/2023,Active,N,256050
382873,NPDES Permit,1,NPDMUNIOTH,R1-2012-0016,1B84060OSON,05/01/2012,04/30/2017,Historical,N,256050
132897,NPDES Permit,1,NPDMUNIOTH,R1-2004-0038,1B84060OSON,10/06/2004,10/06/2009,Historical,N,256050
261137,Letter,1,NPDESWW,002,1B84060OSON,02/03/2004,,Historical,N,256050
260637,Letter,1,NPDESWW,001,1B84060OSON,04/27/2001,,Historical,N,256050
261257,Letter,1,NPDESWW,LT981015,,10/15/1998,10/28/1999,Historical,N,256050
138081,NPDES Permit,1,NPDMUNIOTH,95-056,1B84060OSON,08/24/1995,08/24/1998,Historical,N,256050
139063,NPDES Permit,1,NPDMUNIOTH,94-108,1B84060OSON,10/27/1994,10/27/1999,Historical,N,256050
137887,NPDES Permit,1,NPDMUNIOTH,89-028,1B84060OSON,07/27/1989,07/27/1994,Historical,N,256050
137505,NPDES Permit,1,NPDMUNIOTH,84-060,1B84060OSON,05/31/1984,05/31/1989,Historical,N,256050
427524,NPDES Permit,1,NPDMUNIOTH,R1-2021-0002,1B82045OSON,08/01/2021,07/31/2026,Active,Y,256061
392149,NPDES Permit,1,NPDMUNIOTH,R1-2014-0002,1B82045OSON,05/01/2014,04/30/2019,Historical,Y,256061
331310,NPDES Permit,1,NPDMUNIOTH,R1-2009-0003,1B82045OSON,03/20/2009,03/19/2014,Historical,N,256061
261189,Letter,1,NPDESWW,003,1B82045OSON,09/27/2004,,Historical,N,256061
261172,Letter,1,NPDESWW,002,1B82045OSON,07/15/2004,,Historical,N,256061
261120,Letter,1,NPDESWW,12292003,1B82045OSON,12/29/2003,,Historical,N,256061
132342,NPDES Permit,1,NPDMUNIOTH,R1-2003-0026,1B82045OSON,12/25/2003,11/05/2008,Historical,N,256061
260639,Letter,1,NPDESWW,001,1B82045OSON,04/27/2001,,Historical,N,256061
137773,NPDES Permit,1,NPDMUNIOTH,92-051,1B82045OSON,05/28/1992,05/28/1997,Historical,N,256061
137174,NPDES Permit,1,NPDMUNIOTH,87-008,1B82045OSON,05/28/1987,05/28/1992,Historical,N,256061
136708,NPDES Permit,1,NPDMUNIOTH,82-045,1B82045OSON,04/22/1982,04/22/1987,Historical,N,256061
398248,WDR,2,WDRMUNIOTH,R2-2001-0093,2 494001001,08/15/2001,08/15/2011,Active,N,256154
141477,WDR,2,WDRMUNIOTH,87-153,2 494001001,11/18/1987,11/18/2002,Historical,N,256154
146023,WDR,2,WDRMUNIOTH,84-071,2 494001001,10/17/1984,10/17/1994,Historical,N,256154
138699,WDR,1,WDRMUNIOTH,96-011,1B71011OSON,03/28/1996,03/26/2014,Active,N,256057
137116,WDR,1,WDRMUNIOTH,86-099,1B71011OSON,06/27/1986,06/24/1996,Historical,N,256057
141485,WDR,2,WDRMUNIOTH,88-007,2 482059001,01/20/1988,01/20/2013,Active,N,256218
443569,Letter,5F,WDRMUNIOTH,,5D541023001,08/28/2020,,Active,N,256301
145285,WDR,5F,WDRMUNIOTH,95-042,5D541023001,02/24/1995,02/20/2010,Active,N,256301
144920,WDR,5F,WDRMUNIOTH,79-023,5D541023001,01/26/1979,01/26/1989,Historical,N,256301
393595,Enrollee - WDR,5F,WDRMUNIENROTH,97-010-DWQ,5D540112001,01/10/2014,01/10/2029,Active,N,256307
144626,WDR,5F,WDRMUNIOTH,86-067,5D540112001,03/28/1986,03/24/2001,Historical,N,256307
453492,NPDES Permit,7,NPDMUNIOTH,R7-2023-0003,7A130111013,08/01/2023,07/30/2028,Active,N,256217
417936,NPDES Permit,7,NPDMUNIOTH,R7-2017-0016,7A130111013,11/09/2017,09/30/2022,Historical,N,256217
383699,NPDES Permit,7,NPDMUNIOTH,R7-2012-0011,7A130111013,10/01/2012,09/30/2017,Historical,N,256217
333812,NPDES Permit,7,NPDMUNIOTH,R7-2007-0036,7A130111013,09/19/2007,09/19/2012,Historical,N,256217
131510,NPDES Permit,7,NPDMUNIOTH,R7-2002-0126,7A130111013,06/26/2002,06/26/2007,Historical,N,256217
136465,NPDES Permit,7,NPDMUNIOTH,97-049,7A130111013,06/25/1997,06/24/2002,Historical,Y,256217
135622,NPDES Permit,7,NPDMUNIOTH,92-026,7A130111013,05/13/1992,05/13/1997,Historical,N,256217
135306,NPDES Permit,7,NPDMUNIOTH,86-049,7A130111013,07/09/1986,06/30/1992,Historical,N,256217
145550,WDR,5F,WDRMUNIOTH,98-166,5D540135001,07/24/1998,07/21/2008,Active,N,256309
145816,WDR,5F,WDRMUNIOTH,94-046,5D540135001,02/25/1994,02/23/2004,Historical,N,256309
145178,WDR,5F,WDRMUNIOTH,87-209,5D540135001,12/11/1987,12/11/1992,Historical,N,256309
453444,Enrollee - WDR,5F,WDRMUNIOWTS,2014-0153-DWQ,5D542043001,09/11/2023,09/23/2029,Active,N,256315
452527,13267 Letter (Non-Enforcement),5F,WDRMUNIENROTH,,5D542043001,04/05/2023,,Active,N,256315
321439,Enrollee - WDR,5F,WDRMUNIENROTH,97-010-DWQ,5D542043001,02/26/2007,02/28/2022,Historical,N,256315
145999,WDR,5F,LNDISP,99-085,5D542043001,06/11/1999,06/09/2004,Historical,N,256315
145184,WDR,5F,LNDISP,88-032,5D542043001,02/26/1988,,Historical,N,256315
143899,WDR,5F,LNDISP,75-067,5D542043001,03/21/1975,,Historical,N,256315
439097,Enrollee - WDR,5S,WDRMUNIENROTH,2014-0153-DWQ,5B051004001,06/29/2020,09/23/2029,Active,N,256316
146373,WDR,5S,WDRMUNIOTH,95-069,5B051004001,03/24/1995,03/20/2010,Historical,N,256316
138893,WDR,5S,WDR,71-240,5B051004001,03/26/1971,03/22/1986,Historical,N,256316
142519,WDR,2,WDRMUNIOTH,99-052,2 283096001,07/21/1999,07/21/2009,Active,N,256477
142217,WDR,2,WDRMUNIOTH,89-048,2 283096001,04/19/1989,04/17/1999,Historical,N,256477
146028,WDR,2,WDRMUNIOTH,84-080,2 283096001,11/21/1984,11/21/1989,Historical,N,256477
440281,Co-Permitee,SB,SLIC,2020-0015-DWQ,3 270113001,07/09/2020,,Active,N,256483
349587,WDR,3,WDRMUNILRG,R3-2008-0042,3 270113001,07/11/2008,07/10/2018,Active,N,256483
134028,WDR,3,WDRMUNILRG,R3-2005-0074,3 270113001,05/13/2005,05/13/2015,Historical,N,256483
146984,WDR,3,WDRMUNILRG,95-025,3 270113001,02/10/1995,02/07/2005,Historical,N,256483
144588,WDR,3,WDRMUNILRG,90-056,3 270113001,05/11/1990,05/11/1995,Historical,N,256483
143511,WDR,3,WDRMUNILRG,86-108,3 270113001,07/11/1986,12/01/1991,Historical,N,256483
142947,WDR,3,WDRMUNILRG,80-019,3 270113001,05/02/1980,01/01/1985,Historical,N,256483
142874,WDR,3,WDRMUNILRG,73-023,3 270113001,07/13/1973,01/01/1978,Historical,N,256483
162305,Unregulated,2,PTPRG,,2 386010001,,,Never Active,N,256499
162855,Unregulated,2,DISCHLND,,2 386010001,,,Historical,N,256499
430635,Co-Permitee,2,NPDMUNILRG,R2-2024-0013,2 386010001,07/01/2019,09/30/2029,Active,N,256499
392750,NPDES Permit,2,NPDMUNILRG,R2-2013-0029,2 386010001,10/01/2013,09/30/2018,Active,Y,256499
389067,Co-Permitee,2,NPDMUNILRG,R2-2017-0041,2 386010001,01/01/2013,12/31/2017,Active,N,256499
378823,Co-Permitee,2,NPDMUNILRG,R2-2011-0012,2 386010001,04/01/2011,12/31/2012,Active,Y,256499
378601,Co-Permitee,2,NPDMUNILRG,R2-2011-0012,,04/01/2011,12/31/2012,Historical,Y,256499
337351,NPDES Permit,2,NPDMUNILRG,R2-2008-0007,2 386010001,04/01/2008,03/31/2013,Historical,Y,256499
341532,Co-Permitee,2,NPDMUNILRG,R2-2007-0077,2 386010001,03/01/2008,12/31/2012,Historical,Y,256499
131370,NPDES Permit,2,NPDMUNILRG,R2-2002-0073,2 386010001,06/19/2002,05/31/2007,Historical,N,256499
141796,NPDES Permit,2,NPDMUNILRG,94-149,2 386010001,10/19/1994,10/19/1999,Historical,Y,256499
148628,NPDES Permit,2,NPDMUNILRG,89-101,2 386010001,06/20/1989,06/20/1994,Historical,N,256499
145971,NPDES Permit,2,NPDMUNILRG,84-027,2 386010001,06/20/1984,06/20/1989,Historical,Y,256499
459999,NPDES Permit,2,NPDMUNILRG,R2-2025-0002,2 417032001,04/01/2025,03/31/2030,Active,N,256506
425630,NPDES Permit,2,NPDMUNILRG,R2-2018-0045,2 417032001,12/01/2018,11/30/2023,Historical,Y,256506
390160,NPDES Permit,2,NPDMUNILRG,R2-2013-0011,2 417032001,07/01/2013,06/30/2018,Historical,N,256506
389152,Co-Permitee,2,NPDINDLRG,R2-2017-0041,2 417033001,01/01/2013,12/31/2017,Active,Y,256506
378822,Co-Permitee,2,NPDINDLRG,R2-2011-0012,2 417033001,04/01/2011,12/31/2012,Historical,N,256506
360532,Co-Permitee,2,NPDINDLRG,R2-2007-0077,2 417033001,03/01/2008,12/31/2012,Historical,N,256506
337297,NPDES Permit,2,NPDINDLRG,R2-2007-0060,2 417033001,10/01/2007,09/30/2012,Historical,Y,256506
132082,NPDES Permit,2,NPDESWW,R2-2002-0045,2 417033001,03/20/2002,03/20/2007,Historical,N,256506
142348,NPDES Permit,2,NPDESWW,92-110,2 417033001,09/16/1992,09/16/1997,Historical,Y,256506
145941,NPDES Permit,2,NPDESWW,84-01302,2 417033001,03/21/1984,03/21/1989,Historical,N,256506
145524,NPDES Permit,2,NPDESWW,81-018,2 417033001,04/15/1981,04/15/1986,Historical,N,256506
146310,NPDES Permit,2,NPDESWW,77-025,2 417033001,03/15/1977,03/15/1982,Historical,N,256506
146289,NPDES Permit,2,NPDESWW,75-076,2 417033001,11/18/1975,11/18/1980,Historical,N,256506
145723,NPDES Permit,2,NPDESWW,65-692,2 417033001,08/19/1965,08/19/1970,Historical,N,256506
145720,NPDES Permit,2,NPDESWW,63-499,2 417033001,09/19/1963,09/19/1968,Historical,N,256506
162299,Unregulated,2,PTPRG,,2 386009001,,,Never Active,N,256498
437599,NPDES Permit,2,NPDMUNILRG,R2-2019-0028,2 386009001,11/01/2019,10/31/2024,Active,N,256498
360578,NPDES Permit,2,NPDMUNILRG,R2-2009-0062,2 386009001,10/01/2009,09/30/2014,Historical,Y,256498
132143,NPDES Permit,2,NPDMUNILRG,R2-2003-0073,2 386009001,10/01/2003,08/30/2008,Historical,N,256498
143101,NPDES Permit,2,NPDMUNILRG,97-0441,2 386009001,03/19/1997,03/18/2002,Historical,Y,256498
141828,NPDES Permit,2,NPDMUNILRG,90-093,2 386009001,06/20/1990,06/20/1995,Historical,Y,256498
141575,NPDES Permit,2,NPDMUNILRG,88-106,2 386009001,06/15/1988,06/15/1993,Historical,Y,256498
145989,NPDES Permit,2,NPDMUNILRG,84-045,2 386009001,07/18/1984,07/18/1989,Historical,N,256498
459999,NPDES Permit,2,NPDMUNILRG,R2-2025-0002,2 417032001,04/01/2025,03/31/2030,Active,N,256507
430634,Co-Permitee,2,NPDMUNILRG,R2-2024-0013,2 417032001,07/01/2019,09/30/2029,Active,N,256507
425630,NPDES Permit,2,NPDMUNILRG,R2-2018-0045,2 417032001,12/01/2018,11/30/2023,Historical,Y,256507
390160,NPDES Permit,2,NPDMUNILRG,R2-2013-0011,2 417032001,07/01/2013,06/30/2018,Historical,N,256507
337341,NPDES Permit,2,NPDMUNILRG,R2-2007-0058,2 417032001,10/01/2007,09/30/2012,Historical,Y,256507
131142,NPDES Permit,2,NPDMUNILRG,R2-2001-0145,2 417032001,11/28/2001,11/28/2006,Historical,N,256507
142136,NPDES Permit,2,NPDMUNILRG,95-054,2 417032001,03/15/1995,03/15/2000,Historical,Y,256507
141663,NPDES Permit,2,NPDMUNILRG,90-005,2 417032001,01/17/1990,01/17/1995,Historical,N,256507
141698,NPDES Permit,2,NPDMUNILRG,85-129,2 417032001,11/20/1985,11/20/1991,Historical,N,256507
146607,NPDES Permit,2,NPDMUNILRG,85-009,2 417032001,01/16/1985,01/16/1990,Historical,N,256507
145940,NPDES Permit,2,NPDMUNILRG,84-013,2 417032001,03/21/1984,03/21/1989,Historical,N,256507
442020,NPDES Permit,5R,NPDMUNILRG,R5-2020-0058,5A450105001,02/01/2021,01/31/2026,Active,N,256627
440442,Co-Permitee,SB,SLIC,2020-0015-DWQ,5A450105001,07/09/2020,,Active,N,256627
398472,Letter,5R,NPDMUNILRG,,5A450105001,10/08/2014,,Historical,N,256627
395785,NPDES Permit,5R,NPDMUNILRG,R5-2014-0052-2,5A450105001,05/01/2014,04/30/2019,Historical,Y,256627
396875,Letter,5R,NPDMUNILRG,,5A450105001,04/01/2014,,Historical,N,256627
393956,Letter,5R,NPDMUNILRG,,5A450105001,10/02/2013,,Historical,N,256627
344522,NPDES Permit,5R,NPDMUNILRG,R5-2008-0037,5A450105001,03/14/2008,03/01/2013,Historical,N,256627
148449,NPDES Permit,5R,NPDMUNILRG,R5-2001-0217,5A450105001,09/07/2001,09/01/2006,Historical,N,256627
134240,NPDES Permit,5R,NPDMUNILRG,96-157,5A450105001,06/21/1996,06/01/2001,Historical,N,256627
134010,NPDES Permit,5R,NPDMUNILRG,91-246,5A450105001,11/22/1991,11/22/1996,Historical,N,256627
133468,NPDES Permit,5R,NPDMUNILRG,85-049,5A450105001,03/22/1985,03/22/1990,Historical,N,256627
440156,NPDES Permit,1,NPDMUNIOTH,R1-2022-0002,1B84086OHUM,04/01/2022,03/31/2027,Active,N,256749
400323,NPDES Permit,1,NPDMUNIOTH,R1-2015-0017,1B84086OHUM,07/01/2015,06/30/2020,Historical,N,256749
372295,NPDES Permit,1,NPDMUNIOTH,R1-2009-0094,1B84086OHUM,01/29/2010,01/29/2015,Historical,N,256749
132391,NPDES Permit,1,NPDMUNIOTH,R1-2003-0044,1B84086OHUM,05/15/2003,05/15/2008,Historical,N,256749
139251,NPDES Permit,1,NPDMUNIOTH,98-050,1B84086OHUM,05/28/1998,05/27/2003,Historical,N,256749
138338,NPDES Permit,1,NPDMUNIOTH,94-075,1B84086OHUM,06/23/1994,06/23/1999,Historical,N,256749
137895,NPDES Permit,1,NPDMUNIOTH,89-055,1B84086OHUM,06/22/1989,06/22/1994,Historical,N,256749
137514,NPDES Permit,1,NPDMUNIOTH,84-086,1B84086OHUM,07/26/1984,07/26/1989,Historical,N,256749
408399,WDR,5F,WDRMUNILRG,R5-2018-0014,5D150106001,04/05/2018,04/05/2028,Active,N,256772
144116,WDR,5F,WDRMUNILRG,84-148,5D150106001,11/28/1984,12/30/1989,Historical,N,256772
143172,Reclamation Requirements,5F,REC,67-105,5D150106001,12/30/1967,12/30/1989,Historical,N,256772
449848,NPDES Permit,2,NPDINDLRG,R2-2022-0034,2 071042001,01/01/2023,12/31/2027,Active,N,256695
459611,13383 (Non-Enforcement),2,NPDINDLRG,,2 071042001,01/08/2021,,Historical,N,256695
416687,NPDES Permit,2,NPDINDLRG,R2-2017-0039,2 071042001,12/01/2017,12/31/2022,Historical,N,256695
389153,Co-Permitee,2,NPDMUNILRG,R2-2017-0041,2 071042001,01/01/2013,12/31/2017,Historical,N,256695
385534,NPDES Permit,2,NPDMUNILRG,R2-2012-0052,2 071042001,08/01/2012,07/31/2017,Historical,N,256695
378846,Co-Permitee,2,NPDMUNILRG,R2-2011-0012,2 071042001,04/01/2011,12/31/2012,Historical,N,256695
360959,Co-Permitee,2,NPDMUNILRG,R2-2007-0077,2 071042001,03/01/2008,12/31/2012,Historical,N,256695
313146,NPDES Permit,2,NPDINDLRG,R2-2006-0070,2 071042001,01/01/2007,10/31/2011,Historical,Y,256695
131139,NPDES Permit,2,NPDESWW,R2-2001-0141,2 071042001,11/28/2001,11/28/2006,Historical,N,256695
142466,NPDES Permit,2,NPDESWW,96-069,2 071042001,05/15/1996,05/15/2001,Historical,N,256695
141830,NPDES Permit,2,NPDESWW,90-095,2 071042001,06/20/1990,06/20/1995,Historical,Y,256695
146616,NPDES Permit,2,NPDESWW,85-022,2 071042001,02/20/1985,06/15/1993,Historical,Y,256695
148155,WDR,6T,WDRMUNILRG,01-025,6A180020000,05/10/2001,05/11/2006,Active,N,256893
144536,WDR,6T,WDRMUNILRG,84-022,6A180020000,02/09/1984,02/09/2001,Historical,N,256893
144698,WDR,6T,WDRMUNILRG,71-023,6A180020000,07/19/1971,07/19/1976,Historical,N,256893
148827,WDR,5F,WDRMUNILRG,5-01-017,5C550801001,01/26/2001,01/26/2011,Active,N,256920
147125,WDR,5S,WDRMUNILRG,99-105,5C550801001,07/28/1999,07/25/2009,Historical,N,256920
140204,WDR,5S,WDRMUNILRG,87-033,5C550801001,02/27/1987,02/24/1997,Historical,N,256920
139455,WDR,5S,WDRMUNILRG,80-049,5C550801001,04/25/1980,,Historical,N,256920
142346,WDR,5S,WDRMUNILRG,5-01-056,5B051013001,03/16/2001,03/16/2011,Active,N,256972
146833,WDR,5S,WDR,97-075,5B051013001,04/25/1997,04/23/2007,Historical,Y,256972
139550,WDR,5S,WDR,85-077,5B051013001,04/26/1985,04/24/1995,Historical,N,256972
164105,WDR,5F,WDRMUNIOTH,R5-2007-0140,5C221022001,10/26/2007,10/26/2017,Active,N,257153
142749,WDR,2,WDRMUNIOTH,93-089,2 215119001,08/18/1993,08/18/2008,Active,N,257388
142598,WDR,2,WDRMUNIOTH,91-132,2 215119001,09/18/1991,09/18/2001,Historical,N,257388
141826,WDR,2,WDRMUNIOTH,90-084,2 215119001,06/17/1990,06/17/2000,Historical,N,257388
145530,WDR,2,WDRMUNIOTH,81-035,2 215119001,06/17/1981,06/17/1991,Historical,N,257388
142903,WDR,9,WDRMUNILRG,97-052,9 000000541,10/15/1997,10/15/2014,Active,Y,257519
142397,WDR,9,WDRMUNIOTH,91-096,9 000000502,12/09/1991,12/09/1996,Historical,N,257519
438059,NPDES Permit,9,NPDMUNILRG,R9-2022-0005,9 000000175,05/01/2022,04/30/2027,Active,Y,257518
440385,Co-Permitee,SB,SLIC,2020-0015-DWQ,9 000000175,07/09/2020,,Active,N,257518
384618,NPDES Permit,9,NPDMUNILRG,R9-2012-0012,9 000000175,05/31/2012,05/31/2017,Historical,Y,257518
309059,NPDES Permit,9,NPDMUNILRG,R9-2006-0054,9 000000175,10/01/2006,10/01/2011,Historical,N,257518
147564,NPDES Permit,9,NPDMUNILRG,R9-2000-0013,9 000000175,02/09/2000,02/09/2005,Historical,Y,257518
142903,WDR,9,WDRMUNILRG,97-052,9 000000541,10/15/1997,10/15/2014,Active,Y,257518
142392,WDR,9,WDRMUNILRG,91-059,9 000000457,05/20/1991,05/20/1996,Historical,N,257518
214377,Enrollee,9,NPDNONMUNIPRCS,83-006,,03/07/1983,08/29/1993,Historical,N,257518
446048,NPDES Permit,9,NPDMUNILRG,R9-2022-0006,9 000000117,05/01/2022,04/30/2027,Active,N,257590
384629,NPDES Permit,9,NPDMUNILRG,R9-2012-0013,9 000000117,05/31/2012,05/31/2017,Historical,Y,257590
309084,NPDES Permit,9,NPDMUNILRG,R9-2006-0055,9 000000117,10/01/2006,10/01/2011,Historical,N,257590
148216,NPDES Permit,9,NPDMUNILRG,R9-2001-0008,9 000000117,02/21/2001,02/21/2006,Historical,Y,257590
147619,NPDES Permit,9,NPDMUNILRG,90-050,9 000000117,11/05/1990,11/05/1995,Historical,Y,257590
438059,NPDES Permit,9,NPDMUNILRG,R9-2022-0005,9 000000175,05/01/2022,04/30/2027,Active,Y,257520
440384,Co-Permitee,SB,SLIC,2020-0015-DWQ,9 000000541,07/09/2020,,Active,N,257520
384618,NPDES Permit,9,NPDMUNILRG,R9-2012-0012,9 000000175,05/31/2012,05/31/2017,Historical,Y,257520
309059,NPDES Permit,9,NPDMUNILRG,R9-2006-0054,9 000000175,10/01/2006,10/01/2011,Historical,N,257520
147564,NPDES Permit,9,NPDMUNILRG,R9-2000-0013,9 000000175,02/09/2000,02/09/2005,Historical,Y,257520
142903,WDR,9,WDRMUNILRG,97-052,9 000000541,10/15/1997,10/15/2014,Active,Y,257520
142100,WDR,9,NPDESWW,88-071S6,9 0000175S6,08/29/1988,08/29/1993,Historical,N,257520
142801,WDR,9,WDRMUNILRG,87-019,9 000000114,03/09/1987,03/09/1992,Historical,Y,257520
141921,WDR,9,WDRMUNILRG,82-009,9 000000114,03/11/1982,03/11/1987,Historical,Y,257520
438059,NPDES Permit,9,NPDMUNILRG,R9-2022-0005,9 000000175,05/01/2022,04/30/2027,Active,Y,257592
384618,NPDES Permit,9,NPDMUNILRG,R9-2012-0012,9 000000175,05/31/2012,05/31/2017,Historical,Y,257592
309059,NPDES Permit,9,NPDMUNILRG,R9-2006-0054,9 000000175,10/01/2006,10/01/2011,Historical,N,257592
147564,NPDES Permit,9,NPDMUNILRG,R9-2000-0013,9 000000175,02/09/2000,02/09/2005,Historical,Y,257592
147621,NPDES Permit,9,NPDMUNILRG,95-001,9 000000175,02/09/1995,02/09/2000,Historical,Y,257592
147618,NPDES Permit,9,NPDMUNILRG,88-071,9 000000175,08/29/1988,08/29/1993,Historical,Y,257592
213826,NPDES Permit,9,NPDESWW,83-006,9 000000175,03/07/1983,,Historical,N,257592
141862,WDR,2,WDRMUNIOTH,90-129,2 482034001,09/19/1990,09/19/2005,Active,N,257648
146341,WDR,2,WDRMUNIOTH,77-128,2 482034001,09/20/1977,09/20/1982,Historical,N,257648
459395,NPDES Permit,2,NPDMUNILRG,R2-2024-0027,2 494009001,02/01/2025,01/31/2030,Active,N,257754
432957,NPDES Permit,2,NPDMUNILRG,R2-2019-0019,2 494009001,09/01/2019,08/31/2024,Historical,Y,257754
430642,Co-Permitee,2,NPDMUNILRG,R2-2024-0013,2 494009001,07/01/2019,09/30/2029,Active,N,257754
396238,NPDES Permit,2,NPDMUNILRG,R2-2014-0020,2 494009001,07/01/2014,06/30/2019,Historical,N,257754
389154,Co-Permitee,2,NPDMUNILRG,R2-2017-0041,2 494009001,01/01/2013,12/31/2017,Active,Y,257754
378829,Co-Permitee,2,NPDMUNILRG,R2-2011-0012,2 494009001,04/01/2011,12/31/2012,Historical,N,257754
341547,NPDES Permit,2,NPDMUNILRG,R2-2008-0090,2 494009001,12/01/2008,11/30/2013,Historical,Y,257754
360533,Co-Permitee,2,NPDMUNILRG,R2-2007-0077,2 494009001,03/01/2008,12/31/2012,Historical,N,257754
131927,NPDES Permit,2,NPDMUNILRG,R2-2002-0046,2 494009001,03/20/2002,03/20/2007,Historical,Y,257754
353524,NPDES Permit,2,NPDMUNILRG,R2-2002-0046,2 494009001,03/20/2002,03/20/2002,Never Active,N,257754
147408,NPDES Permit,2,NPDMUNILRG,98-111,2 494009001,10/21/1998,10/21/2003,Historical,N,257754
142327,Reclamation Requirements,2,REC,92-067,,06/17/1992,06/17/1997,Historical,N,257754
142324,NPDES Permit,2,NPDMUNILRG,92-063,2 494009001,06/17/1992,06/17/1997,Historical,N,257754
140965,NPDES Permit,2,NPDMUNILRG,86-089,2 494009001,11/19/1986,11/19/1991,Historical,N,257754
145535,NPDES Permit,2,NPDMUNILRG,81-045,2 494009001,07/15/1981,07/15/1986,Historical,N,257754
449436,WDR,5F,WDRMUNILRG,R5-2024-0016,5C550106004,04/19/2024,04/19/2034,Active,N,257763
440436,Co-Permitee,SB,SLIC,2020-0015-DWQ,5C550106004,07/09/2020,,Active,N,257763
141783,WDR,5F,WDRMUNILRG,94-192,5C550106004,06/24/1994,06/21/2004,Historical,N,257763
139840,WDR,5S,WDRMUNILRG,86-019,5C550106004,01/24/1986,01/24/1991,Historical,N,257763
138683,WDR,5S,WDRMUNILRG,77-180,5C550106004,06/24/1977,01/24/1986,Historical,N,257763
448089,Enrollee - WDR,3,WDRMUNILRG,R3-2020-0020,3 420110001,06/10/2022,09/24/2030,Active,N,257687
440282,Co-Permitee,SB,SLIC,2020-0015-DWQ,3 420110001,07/09/2020,,Active,N,257687
336192,WDR,3,WDRMUNILRG,R3-2007-0069,3 420110001,10/19/2007,10/19/2012,Historical,N,257687
147026,WDR,3,WDRMUNILRG,97-020,3 420110001,09/05/1997,09/05/2007,Historical,N,257687
143160,WDR,3,WDRMUNILRG,85-096,3 420110001,07/12/1985,03/04/2001,Historical,N,257687
142957,WDR,3,WDRMUNILRG,80-040,3 420110001,11/14/1980,01/01/1985,Historical,N,257687
142651,WDR,3,WDRMUNILRG,78-031,3 420110001,07/14/1978,01/01/1983,Historical,N,257687
142880,WDR,3,WDRMUNILRG,73-051,3 420110001,01/01/1973,01/01/1978,Historical,N,257687
142832,WDR,3,WDRMUNILRG,72-017,3 420110001,01/01/1972,01/01/1977,Historical,N,257687
446048,NPDES Permit,9,NPDMUNILRG,R9-2022-0006,9 000000117,05/01/2022,04/30/2027,Active,N,257850
440386,Co-Permitee,SB,SLIC,2020-0015-DWQ,9 000000541,07/09/2020,,Active,N,257850
402976,Enrollee - WDR,9,REC,2016-0068-DDW,9 000000541,10/05/2015,10/05/2020,Active,N,257850
384629,NPDES Permit,9,NPDMUNILRG,R9-2012-0013,9 000000117,05/31/2012,05/31/2017,Historical,Y,257850
309084,NPDES Permit,9,NPDMUNILRG,R9-2006-0055,9 000000117,10/01/2006,10/01/2011,Historical,N,257850
148216,NPDES Permit,9,NPDMUNILRG,R9-2001-0008,9 000000117,02/21/2001,02/21/2006,Historical,Y,257850
142903,WDR,9,WDRMUNILRG,97-052,9 000000541,10/15/1997,10/15/2014,Active,Y,257850
142863,WDR,9,WDRMUNILRG,97-019,9 000000172,05/21/1997,05/21/2002,Historical,N,257850
147755,NPDES Permit,9,NPDMUNILRG,95-107,9 0000117S2,12/14/1995,12/14/2000,Historical,Y,257850
142807,WDR,9,WDRMUNILRG,87-043,9 000000172,05/04/1987,05/04/1992,Historical,N,257850
141637,WDR,9,WDRMUNILRG,78-012,9 000000172,04/10/1978,04/10/1988,Historical,Y,257850
437319,NPDES Permit,9,NPDMUNILRG,R9-2021-0011,9 000000900,07/01/2021,06/30/2026,Active,Y,257831
442189,WDR,9,WDRMUNILRG,R9-2021-0015,9 000000913,06/09/2021,06/09/2036,Active,N,257831
440391,Co-Permitee,SB,SLIC,2020-0015-DWQ,9 000000900,07/09/2020,,Active,N,257831
438847,Enrollee - Waiver,9,WDRMUNILRG,R9-2019-0005W2,,06/30/2020,05/08/2024,Historical,N,257831
405321,Letter,9,WDRMUNILRG,,,10/05/2015,,Historical,N,257831
388394,NPDES Permit,9,NPDMUNILRG,R9-2013-0006,9 000000900,04/04/2013,04/03/2018,Historical,Y,257831
317515,NPDES Permit,9,NPDMUNILRG,R9-2006-0067,9 000000900,01/01/2007,01/01/2012,Historical,N,257831
148190,WDR,9,WDRMUNILRG,R9-2000-0203,9 000000913,11/08/2000,11/08/2013,Historical,Y,257831
148766,NPDES Permit,9,NPDMUNILRG,R9-2000-0129add1,9 000000900,09/23/2000,09/23/2005,Historical,Y,257831
440261,Co-Permitee,SB,SLIC,2020-0015-DWQ,3 400111001,07/09/2020,,Active,N,257887
430003,NPDES Permit,3,NPDMUNILRG,R3-2019-0002,3 400111001,04/01/2019,03/31/2024,Active,N,257887
371962,NPDES Permit,3,NPDMUNILRG,R3-2009-0046,3 400111001,10/23/2009,10/23/2014,Historical,N,257887
132864,NPDES Permit,3,NPDMUNILRG,R3-2004-0050,3 400111001,09/10/2004,09/10/2009,Historical,N,257887
147305,NPDES Permit,3,NPDMUNILRG,99-032,3 400111001,07/09/1999,07/09/2004,Historical,N,257887
146939,NPDES Permit,3,NPDMUNILRG,94-051,3 400111001,06/03/1994,07/07/2004,Historical,N,257887
147121,NPDES Permit,3,NPDMUNILRG,91-073,3 400111001,09/13/1991,09/15/1996,Historical,N,257887
143875,NPDES Permit,3,NPDMUNILRG,86-173,3 400111001,11/14/1986,09/11/1991,Historical,N,257887
143022,NPDES Permit,3,NPDMUNILRG,82-029,3 400111001,04/16/1982,04/16/1987,Historical,N,257887
142925,NPDES Permit,3,NPDMUNILRG,74-054,3 400111001,01/01/1974,01/01/1979,Historical,N,257887
142555,NPDES Permit,3,NPDMUNILRG,62-012,3 400111001,01/01/1962,01/01/1967,Historical,N,257887
444257,Enrollee - WDR,5S,WDRMUNIENROTH,2014-0153-DWQ,5B051003004,08/13/2021,09/23/2029,Active,N,258004
140733,WDR,5S,WDRMUNIOTH,90-258,5B051003004,09/28/1990,09/24/2005,Historical,N,258004
146239,WDR,5S,WDR,96-18101,5A280108001,06/21/1996,06/21/1996,Historical,N,258043
141184,WDR,5S,WDRMUNIOTH,93-236,5A280108001,12/03/1993,12/01/2003,Active,N,258043
139600,WDR,5S,WDR,85-134,5A280108001,05/31/1985,05/29/1995,Historical,N,258043
373626,WDR,2,WDRMUNIOTH,R2-2008-0073,2 215132001,08/13/2008,08/13/2023,Active,N,258159
141537,WDR,2,WDRMUNIOTH,88-078,2 215132001,05/18/1988,05/18/2003,Historical,N,258159
140969,WDR,2,WDRMUNIOWTS,86-097,2 283079001,12/17/1986,12/17/2001,Active,N,258160
146292,WDR,2,WDR,76-015,2 283079001,02/17/1976,02/17/1986,Historical,N,258160
440477,Co-Permitee,SB,SLIC,2020-0015-DWQ,5A170102002,07/09/2020,,Active,N,257927
146234,WDR,5S,WDRMUNILRG,96-166,5A170102002,06/21/1996,06/20/2001,Active,N,257927
139962,WDR,5S,WDR,88-009,5A170102002,01/29/1988,01/27/1993,Historical,N,257927
139607,WDR,5S,WDR,85-178,5A170102002,06/28/1985,01/29/1988,Historical,N,257927
449289,Enrollee - WDR,3,WDRMUNILRG,R3-2020-0020,3 272015001,09/16/2022,09/24/2030,Active,N,258186
147406,WDR,3,WDRMUNILRG,99-086,3 272015001,10/22/1999,10/20/2014,Historical,N,258186
143921,WDR,3,WDRMUNILRG,86-279,3 272015001,10/10/1986,10/06/2001,Historical,N,258186
142557,WDR,3,WDRMUNILRG,64-001,3 272015001,01/01/1964,01/01/1969,Historical,N,258186
442331,NPDES Permit,9,NPDMUNILRG,R9-2021-0001,9 000000732,07/01/2021,06/30/2026,Active,Y,257821
440367,Co-Permitee,SB,SLIC,2020-0015-DWQ,9 000000732,07/09/2020,,Active,N,257821
397052,NPDES Permit,9,NPDMUNILRG,R9-2014-0009,9 000000732,08/01/2014,07/31/2019,Historical,Y,257821
142852,NPDES Permit,9,NPDMUNILRG,R9-1996-0050,9 000000732,11/14/1996,11/13/2001,Historical,Y,257821
134605,Reclamation Requirements,5R,REC,98-016,5A450103006,01/23/1998,01/23/2013,Active,N,258677
142795,WDR,2,WDRMUNIOTH,94-008,2 215027001,01/19/1994,01/19/2009,Active,N,258683
448380,NPDES Permit,5R,NPDMUNILRG,R5-2023-0017,5A450103004,06/01/2023,05/31/2028,Active,N,258676
440444,Co-Permitee,SB,SLIC,2020-0015-DWQ,5A450103004,07/09/2020,,Active,N,258676
422002,NPDES Permit,5R,NPDMUNILRG,R5-2018-0042,5A450103004,07/01/2018,06/30/2023,Historical,N,258676
415811,Letter,5R,NPDMUNILRG,R5-2013-0043,5A450103004,08/16/2017,,Historical,N,258676
397168,Letter,5R,NPDMUNILRG,,5A450103004,07/10/2014,,Historical,N,258676
398614,Letter,5R,NPDMUNILRG,,5A450103001,07/09/2014,,Historical,N,258676
397071,Letter,5R,NPDMUNILRG,,5A450103004,06/17/2014,,Historical,N,258676
396886,Letter,5R,NPDMUNILRG,,5A450103004,04/22/2014,,Historical,N,258676
395216,Letter,5R,NPDMUNILRG,,5A450103004,01/02/2014,,Historical,N,258676
382348,NPDES Permit,5R,NPDMUNILRG,R5-2013-0043,5A450103004,07/19/2013,07/01/2018,Historical,N,258676
329348,NPDES Permit,5R,NPDMUNILRG,R5-2007-0058,5A450103004,06/21/2007,06/01/2012,Historical,N,258676
148448,NPDES Permit,5R,NPDMUNILRG,R5-2001-0216,5A450103004,09/07/2001,09/01/2006,Historical,Y,258676
133844,NPDES Permit,5R,NPDMUNILRG,95-233,5A450103004,10/27/1995,10/01/2000,Historical,N,258676
133666,NPDES Permit,5R,NPDMUNILRG,90-156,5A450103004,05/25/1990,05/25/1995,Historical,N,258676
442938,NPDES Permit,2,NPDMUNIOTH,R2-2021-0004,2 283014001,06/01/2021,05/30/2026,Active,Y,258386
404297,NPDES Permit,2,NPDMUNIOTH,R2-2016-0003,2 283014001,03/01/2016,02/28/2021,Historical,N,258386
389156,Co-Permitee,2,NPDMUNIOTH,R2-2017-0041,2 283014001,01/01/2013,12/31/2017,Active,Y,258386
378821,Co-Permitee,2,NPDMUNIOTH,R2-2011-0012,2 283014001,04/01/2012,12/31/2012,Historical,N,258386
375834,NPDES Permit,2,NPDMUNIOTH,R2-2010-0105,2 283014001,11/01/2010,10/31/2015,Historical,Y,258386
360525,Co-Permitee,2,NPDMUNIOTH,R2-2007-0077,2 283014001,03/01/2008,12/31/2012,Historical,N,258386
298584,NPDES Permit,2,NPDMUNIOTH,R2-2005-0025,2 283014001,06/15/2005,10/31/2010,Historical,Y,258386
142048,NPDES Permit,2,NPDMUNIOTH,R2-1992-0006,2 283014001,01/15/1992,06/15/2005,Historical,N,258386
141296,Reclamation Requirements,2,REC,87-090,2 283014002,07/15/1987,06/23/2008,Active,N,258386
140959,NPDES Permit,2,NPDMUNIOTH,86-080,2 283014001,11/19/1986,11/19/1991,Historical,N,258386
145536,NPDES Permit,2,NPDMUNIOTH,81-053,2 283014001,09/16/1981,09/16/1986,Historical,N,258386
337072,WDR,5F,WDRMUNIOTH,R5-2007-0153,5D152000001,10/26/2007,10/26/2017,Active,N,258743
143885,WDR,5F,WDRMUNIOTH,74-387,5D152000001,07/26/1974,07/22/1989,Historical,N,258743
142590,WDR,2,WDRMUNIOTH,91-096,2 071184001,06/19/1991,06/19/2001,Active,N,258777
397349,WDR,6T,WDRMUNIOTH,R6T-2014-0048,6A188812008,06/18/2014,06/18/2024,Active,N,258792
145367,WDR,6T,WDRMUNIOTH,96-051,6A188812008,09/05/1996,09/05/2011,Historical,N,258792
144980,WDR,6T,WDRMUNIOTH,92-084,6A188812008,09/10/1992,09/10/2002,Historical,N,258792
145101,WDR,6T,WDRMUNIOTH,89-077,6A188812008,04/13/1989,04/15/1994,Historical,N,258792
461793,NPDES Permit,5S,NPDMUNILRG,R5-2025-0027,5B390107001,08/01/2025,07/31/2030,Active,N,258739
440460,Co-Permitee,SB,SLIC,2020-0015-DWQ,5B390107001,07/09/2020,,Active,N,258739
437232,NPDES Permit,5S,NPDMUNILRG,R5-2020-0007-01,5B390107001,04/01/2020,03/31/2025,Historical,Y,258739
396967,NPDES Permit,5S,NPDMUNILRG,R5-2014-0070-03,5B390107001,08/01/2014,07/31/2019,Historical,Y,258739
354982,NPDES Permit,5S,NPDMUNILRG,R5-2008-0154,5B390107001,12/12/2008,10/01/2013,Historical,Y,258739
131491,NPDES Permit,5S,NPDMUNILRG,R5-2002-0083,5B390107001,04/26/2002,04/01/2007,Historical,N,258739
141266,NPDES Permit,5S,NPDMUNILRG,94-324,5B390107001,10/28/1994,10/01/1999,Historical,N,258739
140128,NPDES Permit,5S,NPDMUNILRG,86-088,5B390107001,04/26/1986,12/01/1992,Historical,N,258739
139467,NPDES Permit,5S,NPDMUNILRG,80-116,5B390107001,09/12/1980,,Historical,N,258739
147582,WDR,6V,WDRMUNIOTH,96-161,6B140704001,11/08/1996,11/08/2011,Active,N,259143
147939,WDR,6V,WDR,82-048,6B140704001,04/08/1982,04/08/1997,Historical,N,259143
440365,Co-Permitee,SB,SLIC,2020-0015-DWQ,8 360111001,07/09/2020,,Active,N,259148
144066,WDR,8,WDRMUNILRG,98-054,8 360111001,04/17/1998,04/14/2018,Active,Y,259148
139334,WDR,8,WDRMUNILRG,88-016,8 360111001,03/11/1988,03/09/1998,Historical,N,259148
139203,WDR,8,WDRMUNILRG,86-003,8 360111001,02/14/1986,02/01/1991,Historical,N,259148
259864,Letter,8,NPDESWW,LT961204,,,,Historical,N,259146
259189,Letter,8,NPDESWW,LT950103,,,04/01/1996,Historical,N,259146
388624,NPDES Permit,8,NPDMUNILRG,R8-2012-0050,8 360105001,01/01/2013,12/31/2017,Active,N,259146
261370,NPDES Permit,8,NPDMUNILRG,R8-2005-0075,8 360105001,10/06/2005,09/01/2010,Historical,N,259146
148265,NPDES Permit,8,NPDMUNILRG,R8-2000-0009,8 360105001,10/06/2000,10/01/2005,Historical,N,259146
140276,NPDES Permit,8,NPDMUNILRG,92-017,8 360105001,04/03/1992,04/01/1996,Historical,Y,259146
139492,NPDES Permit,8,NPDMUNILRG,89-061,8 360105001,07/14/1989,07/01/1994,Historical,N,259146
138718,NPDES Permit,8,NPDMUNILRG,85-075,8 360105001,07/12/1985,05/01/1990,Historical,N,259146
144046,WDR,8,WDRMUNILRG,98-006,8 331003001,01/23/1998,01/21/2008,Active,N,259152
139276,WDR,8,WDRMUNILRG,86-074,8 331003001,05/09/1986,05/06/1996,Historical,N,259152
440338,Co-Permitee,SB,SLIC,2020-0015-DWQ,8 330117003,07/09/2020,,Active,N,259150
376054,NPDES Permit,8,NPDMUNILRG,R8-2013-0016,8 330117003,11/01/2013,10/31/2018,Active,N,259150
303260,NPDES Permit,8,NPDMUNILRG,R8-2006-0009,8 330117003,04/21/2006,04/01/2011,Historical,Y,259150
261265,NPDES Permit,8,NPDESWW,archived,,04/19/2001,01/01/2006,Archived,N,259150
298332,NPDES Permit,8,NPDMUNILRG,archived,,04/19/2001,01/01/2006,Historical,N,259150
298471,NPDES Permit,8,NPDESWW,R8-2001-0003,8 330117003,01/29/2001,01/01/2006,Historical,Y,259150
382907,NPDES Permit,8,NPDMUNILRG,R8-2001-0003-ARCHIVED,8 330117003,01/19/2001,01/01/2006,Archived,N,259150
148764,NPDES Permit,8,NPDMUNILRG,R8-2001-0003-ARCHIVED-ARCHIVED,8 330117003,01/19/2001,01/01/2006,Archived,Y,259150
147655,NPDES Permit,8,NPDMUNILRG,95-018,8 330117003,05/26/1995,05/01/2000,Historical,N,259150
140281,NPDES Permit,8,NPDMUNILRG,92-021,8 330117003,05/08/1992,05/01/1997,Historical,Y,259150
138910,NPDES Permit,8,NPDMUNILRG,87-101,8 330117003,09/11/1987,09/01/1992,Historical,N,259150
137918,NPDES Permit,8,NPDMUNILRG,82-186,8 330117003,09/10/1982,07/01/1987,Historical,N,259150
440348,Co-Permitee,SB,SLIC,2020-0015-DWQ,8 360112001,07/09/2020,,Active,N,259149
381374,NPDES Permit,8,NPDMUNILRG,R8-2014-0010,8 360112001,02/01/2014,01/31/2019,Active,N,259149
327033,NPDES Permit,8,NPDMUNILRG,R8-2007-0006,8 360112001,03/02/2007,03/02/2012,Historical,Y,259149
148183,NPDES Permit,8,NPDMUNILRG,R8-2001-0004,8 360112001,06/01/2001,06/01/2006,Historical,N,259149
141982,NPDES Permit,8,NPDMUNILRG,95-050,8 360112001,09/01/1995,09/01/2000,Historical,Y,259149
140277,NPDES Permit,8,NPDMUNILRG,92-018,8 360112001,04/03/1992,04/01/1995,Historical,Y,259149
140105,NPDES Permit,8,NPDMUNILRG,88-098,8 360112001,09/09/1988,09/09/1993,Historical,N,259149
139267,NPDES Permit,8,NPDMUNILRG,86-061,8 360112001,04/11/1986,04/01/1991,Historical,N,259149
402423,WDR,8,WDRMUNILRG,R8-2015-0028,8 330105001,07/01/2015,06/19/2025,Active,N,259155
144347,WDR,8,WDRMUNILRG,98-078,8 330105001,08/28/1998,08/25/2008,Historical,N,259155
259359,Letter,8,WDR,LT900101,,01/01/1990,,Historical,N,259155
138921,WDR,8,WDRMUNILRG,87-133,8 330105001,11/13/1987,11/10/1997,Historical,N,259155
137921,WDR,8,WDRMUNILRG,82-190,8 330105001,07/09/1982,07/01/1987,Historical,N,259155
144369,WDR,8,WDRMUNIOTH,99-054,8 361066001,10/07/1999,10/04/2018,Active,N,259153
138857,WDR,8,WDRMUNIOTH,87-062,8 361066001,06/12/1987,06/09/1997,Historical,N,259153
136680,WDR,8,WDRMUNIOTH,75-246,8 361066001,11/14/1975,11/01/1980,Historical,N,259153
144348,WDR,8,WDRMUNILRG,98-084,8 330139001,08/28/1998,08/25/2018,Active,N,259157
138847,WDR,8,WDRMUNILRG,87-041,8 330139001,04/10/1987,04/07/1997,Historical,N,259157
440351,Co-Permitee,SB,SLIC,2020-0015-DWQ,8 302006002,07/09/2020,,Active,N,259156
402182,NPDES Permit,8,NPDMUNILRG,R8-2015-0024,8 302006002,07/01/2015,06/30/2020,Active,Y,259156
348467,NPDES Permit,8,NPDMUNILRG,R8-2007-0003,8 302006002,11/30/2007,11/01/2012,Historical,Y,259156
259096,Amendment,8,NPDMUNILRG,R8-2004-0107-ARCHIVED,,12/20/2004,12/01/2006,Historical,N,259156
297459,Amendment,8,NPDESWW,R8-2004-0107,8 302006002,12/20/2004,12/01/2006,Historical,N,259156
131152,NPDES Permit,8,NPDMUNILRG,R8-2001-0095,8 302006002,12/19/2001,12/01/2006,Historical,Y,259156
140425,NPDES Permit,8,NPDMUNILRG,94-022,8 302006002,10/14/1994,09/01/1999,Historical,Y,259156
139874,NPDES Permit,8,NPDMUNILRG,91-013,8 302006002,06/07/1991,06/07/1994,Historical,N,259156
136935,NPDES Permit,8,NPDMUNILRG,76-049,8 302006002,04/09/1976,04/01/1979,Historical,N,259156
422465,NPDES Permit,8,NPDMUNILRG,R8-2021-0010,8 300110002,08/01/2021,07/31/2026,Active,N,259158
440350,Co-Permitee,SB,SLIC,2020-0015-DWQ,8 300110002,07/09/2020,,Active,N,259158
386791,NPDES Permit,8,NPDMUNILRG,R8-2012-0035,8 300110002,07/20/2012,07/19/2017,Historical,N,259158
132860,NPDES Permit,8,NPDMUNILRG,R8-2004-0062-ARCHIVED,8 300110002,10/31/2004,10/30/2009,Archived,N,259158
298337,NPDES Permit,8,NPDMUNILRG,R8-2004-0062,8 300110002,10/31/2004,10/30/2009,Historical,N,259158
144045,NPDES Permit,8,NPDMUNILRG,98-005,8 300110002,03/06/1998,06/08/2003,Historical,Y,259158
139091,NPDES Permit,8,NPDMUNILRG,84-001,8 300110002,07/13/1984,02/21/1990,Historical,N,259158
440366,Co-Permitee,SB,SLIC,2020-0015-DWQ,8 360113001,07/09/2020,,Active,N,259160
138550,WDR,8,WDRMUNILRG,87-008,8 360113001,02/11/1987,02/08/1997,Active,N,259160
397840,Enrollee - Waiver,9,WDRMUNILRG,R9-2024-0001W2,9 000000792,08/13/2014,03/13/2029,Active,N,259163
147986,WDR,9,WDRMUNILRG,97-013,9 000000792,09/17/1997,09/17/2013,Historical,N,259163
440345,Co-Permitee,SB,SLIC,2020-0015-DWQ,8 362222001,07/09/2020,,Active,N,259161
380760,NPDES Permit,8,NPDMUNILRG,R8-2015-0027,8 362222001,11/01/2015,10/31/2020,Active,N,259161
327013,NPDES Permit,8,NPDMUNILRG,R8-2007-0012,8 362222001,02/02/2007,02/02/2012,Historical,N,259161
261263,NPDES Permit,8,NPDESWW,R8-2003-0016,,01/17/2003,06/01/2006,Historical,Y,259161
148184,NPDES Permit,8,NPDMUNILRG,R8-2001-0009,8 362222001,06/01/2001,06/01/2006,Historical,Y,259161
140508,NPDES Permit,8,NPDMUNILRG,96-004,8 362222001,04/18/1996,04/01/2001,Historical,N,259161
140344,NPDES Permit,8,NPDMUNILRG,92-044,8 362222001,12/04/1992,12/01/1995,Historical,N,259161
139151,NPDES Permit,8,NPDMUNILRG,90-015,8 362222001,03/09/1990,03/01/1995,Historical,Y,259161
139048,NPDES Permit,8,NPDMUNILRG,83-123,8 362222001,09/16/1983,09/01/1988,Historical,N,259161
448253,NPDES Permit,8,NPDMUNILRG,R8-2022-0041,8 362918001,08/01/2022,09/30/2027,Active,N,259165
440353,Co-Permitee,SB,SLIC,2020-0015-DWQ,8 362918001,07/09/2020,,Active,N,259165
394393,NPDES Permit,8,NPDMUNILRG,R8-2015-0036,8 362918001,11/01/2015,10/31/2020,Historical,N,259165
369778,NPDES Permit,8,NPDMUNILRG,R8-2009-0021,8 362918001,07/20/2009,07/01/2014,Historical,Y,259165
305447,NPDES Permit,8,NPDMUNILRG,R8-2006-0010,8 360104004,07/08/2006,05/01/2011,Historical,Y,259165
148762,NPDES Permit,8,NPDMUNILRG,R8-2001-0001,8 360104004,01/19/2001,01/01/2006,Historical,N,259165
141981,NPDES Permit,8,NPDMUNILRG,95-043,8 360104004,05/26/1995,05/01/2000,Historical,Y,259165
140279,NPDES Permit,8,NPDMUNILRG,92-019,8 360104004,04/03/1992,04/01/1995,Historical,Y,259165
139153,NPDES Permit,8,NPDMUNILRG,90-017,8 360104004,03/09/1990,03/01/1995,Historical,Y,259165
138792,NPDES Permit,8,NPDMUNILRG,85-141,8 360104004,10/11/1985,10/01/1990,Historical,Y,259165
448253,NPDES Permit,8,NPDMUNILRG,R8-2022-0041,8 362918001,08/01/2022,09/30/2027,Active,N,259166
394393,NPDES Permit,8,NPDMUNILRG,R8-2015-0036,8 362918001,11/01/2015,10/31/2020,Historical,N,259166
148763,NPDES Permit,8,NPDMUNILRG,01-002,8 360104001,01/19/2001,03/30/2004,Historical,N,259166
147687,NPDES Permit,8,NPDMUNILRG,95-048,8 360104001,07/07/1995,07/01/2000,Historical,N,259166
140280,NPDES Permit,8,NPDMUNILRG,92-020,8 360104001,05/08/1992,05/01/1997,Historical,Y,259166
139147,NPDES Permit,8,NPDMUNILRG,90-012,8 360104001,02/09/1990,02/01/1995,Historical,N,259166
138402,NPDES Permit,8,NPDMUNILRG,85-001,8 360104001,01/11/1985,02/09/1990,Historical,Y,259166
448253,NPDES Permit,8,NPDMUNILRG,R8-2022-0041,8 362918001,08/01/2022,09/30/2027,Active,N,259169
440354,Co-Permitee,SB,SLIC,2020-0015-DWQ,8 362918001,07/09/2020,,Active,N,259169
394393,NPDES Permit,8,NPDMUNILRG,R8-2015-0036,8 362918001,11/01/2015,10/31/2020,Historical,N,259169
369778,NPDES Permit,8,NPDMUNILRG,R8-2009-0021,8 362918001,07/20/2009,07/01/2014,Historical,Y,259169
354405,NPDES Permit,8,NPDMUNILRG,R8-2008-0028,8 362744001,09/05/2008,09/01/2013,Historical,N,259169
132674,NPDES Permit,8,NPDMUNILRG,R8-2003-0003,8 362744001,07/01/2003,07/01/2008,Historical,Y,259169
440363,Co-Permitee,SB,SLIC,2020-0015-DWQ,8 332181001,07/09/2020,,Active,N,259173
374041,WDR,8,WDRMUNILRG,R8-2011-0015,8 332181001,04/22/2011,04/01/2021,Active,N,259173
144043,WDR,8,WDRMUNILRG,98-003,8 332181001,04/17/1998,04/08/2008,Historical,Y,259173
139052,WDR,8,WDRMUNILRG,83-128,8 332181001,10/14/1983,10/11/1993,Historical,N,259173
158667,Unregulated,8,PTPRG,,8 330101001,,,Historical,N,259170
387657,Unregulated,,UNREGS,,,,,Never Active,N,259170
451859,NPDES Permit,8,NPDMUNILRG,R8-2022-0042,8 330101001,11/01/2022,10/31/2027,Active,N,259170
440349,Co-Permitee,SB,SLIC,2020-0015-DWQ,8 330101001,07/09/2020,,Active,N,259170
387658,NPDES Permit,8,NPDMUNILRG,R8-2015-0026,8 330101001,08/01/2015,07/31/2020,Historical,N,259170
297240,NPDES Permit,8,NPDMUNILRG,R8-2006-0003,8 330101001,01/18/2006,01/18/2011,Historical,Y,259170
147569,NPDES Permit,8,NPDMUNILRG,R8-2000-0010,8 330101001,05/19/2000,05/01/2005,Historical,N,259170
140674,NPDES Permit,8,NPDMUNILRG,93-035,8 330101001,09/10/1993,09/01/1998,Historical,N,259170
139865,NPDES Permit,8,NPDMUNILRG,91-001,8 330101001,02/08/1991,02/01/1996,Historical,N,259170
138099,NPDES Permit,8,NPDMUNILRG,84-059,8 330101001,06/08/1984,06/01/1989,Historical,N,259170
440339,Co-Permitee,SB,SLIC,2020-0015-DWQ,8 332476001,07/09/2020,,Active,N,259174
395382,NPDES Permit,8,NPDMUNILRG,R8-2014-0015,8 332476001,04/01/2014,03/31/2019,Active,N,259174
376106,Enrollee - 401 Certification,8,CERFILLEXC,2004-0004-DWQ,,01/07/2008,10/08/2013,Historical,N,259174
327035,NPDES Permit,8,NPDMUNILRG,R8-2007-0007,8 332476001,04/20/2007,04/20/2012,Historical,N,259174
148452,NPDES Permit,8,NPDMUNILRG,R8-2001-0079,8 332476001,09/26/2001,09/01/2006,Historical,N,259174
388612,Unregulated,,,,,,,Never Active,N,259171
440342,Co-Permitee,SB,SLIC,2020-0015-DWQ,8 330108001,07/09/2020,,Active,N,259171
422466,NPDES Permit,8,NPDMUNILRG,R8-2020-0021,8 330108001,07/01/2020,06/30/2025,Active,N,259171
388613,NPDES Permit,8,NPDMUNILRG,R8-2012-0008,8 330108001,01/01/2013,12/31/2017,Historical,N,259171
327028,NPDES Permit,8,NPDMUNILRG,R8-2007-0005,8 330108001,03/02/2007,03/02/2012,Historical,N,259171
131149,NPDES Permit,8,NPDMUNILRG,R8-2001-0055,8 330108001,12/19/2001,12/01/2006,Historical,N,259171
147654,NPDES Permit,8,NPDMUNILRG,98-002,8 330108001,04/17/1998,07/01/2001,Historical,N,259171
147653,NPDES Permit,8,NPDMUNILRG,96-020,8 330108001,07/12/1996,07/01/2001,Historical,N,259171
138389,NPDES Permit,8,NPDMUNILRG,84-112,8 330108001,12/14/1984,12/12/1994,Historical,Y,259171
260550,Letter,8,NPDESWW,1,,,,Historical,N,259178
440340,Co-Permitee,SB,SLIC,2020-0015-DWQ,8 362375001,07/09/2020,,Active,N,259178
392658,NPDES Permit,8,NPDMUNILRG,R8-2013-0032,8 362375001,08/01/2013,07/31/2018,Active,N,259178
326962,NPDES Permit,8,NPDMUNILRG,R8-2006-0052,8 362375001,12/01/2006,12/01/2011,Historical,N,259178
371841,NPDES Permit,8,NPDMUNILRG,R8-2006-0052,8 362375001,12/01/2006,12/01/2011,Historical,N,259178
148500,NPDES Permit,8,NPDMUNILRG,R8-2001-0045,8 362375001,10/26/2001,10/01/2006,Historical,Y,259178
140684,NPDES Permit,8,NPDMUNILRG,93-045,8 362375001,07/16/1993,07/01/1998,Historical,Y,259178
140631,WDR,8,NPDESWW,93-01004,8 362347001,01/29/1993,,Historical,N,259178
140125,WDR,8,NPDESWW,91-022,8 362347001,01/17/1991,01/01/1993,Historical,N,259178
440356,Co-Permitee,SB,SLIC,2020-0015-DWQ,8 360108001,07/09/2020,,Active,N,259181
297017,WDR,8,WDRMUNILRG,R8-2005-0044,8 360108001,06/24/2005,06/30/2020,Active,N,259181
147213,NPDES Permit,8,NPDMUNILRG,R8-2000-0012,8 360108001,02/25/2000,02/01/2005,Historical,N,259181
140360,NPDES Permit,8,NPDMUNILRG,94-004,8 360108001,06/03/1994,06/01/1999,Historical,N,259181
137260,NPDES Permit,8,NPDMUNILRG,82-023,8 360108001,01/08/1982,01/01/1987,Historical,N,259181
448253,NPDES Permit,8,NPDMUNILRG,R8-2022-0041,8 362918001,08/01/2022,09/30/2027,Active,N,259184
440344,Co-Permitee,SB,SLIC,2020-0015-DWQ,8 362918001,07/09/2020,,Active,N,259184
394393,NPDES Permit,8,NPDMUNILRG,R8-2015-0036,8 362918001,11/01/2015,10/31/2020,Historical,N,259184
369778,NPDES Permit,8,NPDMUNILRG,R8-2009-0021,8 362918001,07/20/2009,07/01/2014,Historical,Y,259184
132875,NPDES Permit,8,NPDMUNILRG,R8-2004-0020,8 362283001,08/13/2004,08/01/2009,Historical,Y,259184
144363,NPDES Permit,8,NPDMUNILRG,99-036,8 362283001,06/25/1999,06/01/2004,Historical,N,259184
140363,NPDES Permit,8,NPDMUNILRG,94-012,8 362283001,06/03/1994,06/01/1999,Historical,N,259184
138660,NPDES Permit,8,NPDMUNILRG,88-130,8 362283001,12/09/1988,11/01/1993,Historical,N,259184
144049,WDR,8,WDRMUNIOTH,98-031,8 332196001,04/17/1998,04/14/2018,Active,N,259187
138116,WDR,8,WDRMUNIOTH,84-093,8 332196001,09/14/1984,09/12/1994,Historical,N,259187
146059,WDR,8,WDRMUNILRG,95-024,8 360800001,10/13/1995,10/30/2018,Active,N,259185
146058,WDR,8,WDRMUNILRG,76-033,8 360800001,04/09/1976,04/09/1986,Historical,N,259185
138488,WDR,8,WDRMUNIOTH,86-121,8 361068001,08/08/1986,08/04/2018,Active,N,259190
440361,Co-Permitee,SB,SLIC,2020-0015-DWQ,8 332783001,07/09/2020,,Active,N,259193
354386,WDR,8,WDRMUNILRG,R8-2008-0008,8 332783001,09/05/2008,09/05/2023,Active,Y,259193
140069,WDR,8,WDRMUNILRG,88-094,8 330110006,09/09/1988,09/07/1998,Historical,Y,259193
138113,WDR,8,WDRMUNILRG,84-087,8 330110006,12/14/1984,12/01/1989,Historical,N,259193
394108,NPDES Permit,8,NPDMUNILRG,R8-2015-0006,8 332303001,10/01/2015,09/30/2020,Active,N,259196
369770,NPDES Permit,8,NPDMUNILRG,R8-2009-0014,8 332303001,06/01/2009,05/31/2014,Historical,N,259196
133107,NPDES Permit,8,NPDMUNILRG,R8-2004-0065,8 332303001,11/05/2004,11/01/2009,Historical,Y,259196
147651,NPDES Permit,8,NPDMUNILRG,99-005,8 332303001,06/25/1999,06/01/2004,Historical,Y,259196
140673,NPDES Permit,8,NPDMUNILRG,93-033,8 332303001,07/16/1993,07/01/1998,Historical,Y,259196
140836,WDR,8,WDRMUNILRG,96-063,8 330112003,11/22/1996,11/20/2024,Active,N,259194
138091,WDR,8,WDRMUNILRG,84-044,8 330112003,05/11/1984,05/09/1994,Historical,N,259194
141975,WDR,8,WDRMUNILRG,95-032,8 362200001,09/01/1995,08/29/2005,Active,N,259197
138626,WDR,8,WDRMUNILRG,81-228,8 362200001,12/11/1981,12/09/1991,Historical,N,259197
132543,WDR,8,WDRMUNILRG,R8-2003-0113,8 330700001,11/21/2003,11/21/2018,Active,N,259198
139339,WDR,8,WDRMUNILRG,88-024,8 330700001,03/11/1988,03/09/1998,Historical,N,259198
139198,WDR,8,WDRMUNILRG,85-179,8 330700001,12/13/1985,12/01/1990,Historical,N,259198
141203,WDR,8,WDRMUNILRG,97-079,8 331058001,12/05/1997,12/03/2018,Active,N,259201
138098,WDR,8,WDRMUNILRG,84-056,8 331058001,05/11/1984,05/09/1994,Historical,N,259201
440359,Co-Permitee,SB,SLIC,2020-0015-DWQ,8 332783001,07/09/2020,,Active,N,259203
354386,WDR,8,WDRMUNILRG,R8-2008-0008,8 332783001,09/05/2008,09/05/2023,Active,Y,259203
139826,WDR,8,WDRMUNILRG,90-151,8 330110005,12/07/1990,12/04/2000,Historical,N,259203
138548,WDR,8,WDRMUNILRG,87-006,8 330110005,01/09/1987,01/01/1992,Historical,N,259203
148263,WDR,8,WDRMUNIOTH,R8-2000-0075,8 331061001,10/06/2000,10/06/2018,Active,N,259204
140373,WDR,8,WDRMUNIOTH,94-014,8 331061001,10/14/1994,10/11/2004,Historical,N,259204
138384,WDR,8,WDRMUNIOTH,84-104,8 331061001,09/14/1984,09/01/1994,Historical,N,259204
440360,Co-Permitee,SB,SLIC,2020-0015-DWQ,8 332783001,07/09/2020,,Active,N,259209
354386,WDR,8,WDRMUNILRG,R8-2008-0008,8 332783001,09/05/2008,09/05/2023,Active,Y,259209
139812,WDR,8,WDRMUNILRG,90-135,8 330110007,10/19/1990,10/16/2000,Historical,N,259209
138859,WDR,8,WDRMUNILRG,87-064,8 330110007,06/12/1987,06/01/1992,Historical,N,259209
137144,WDR,8,WDRMUNILRG,79-104,8 330110007,06/29/1979,06/01/1989,Historical,N,259209
440343,Co-Permitee,SB,SLIC,2020-0015-DWQ,8 332353001,07/09/2020,,Active,N,259205
396787,NPDES Permit,8,NPDMUNILRG,R8-2015-0013,8 332353001,08/01/2015,07/31/2020,Active,Y,259205
349350,NPDES Permit,8,NPDMUNILRG,R8-2008-0005,8 332353001,07/18/2008,07/01/2013,Historical,N,259205
131397,NPDES Permit,8,NPDMUNILRG,R8-2002-0024,8 332353001,12/03/2002,12/01/2007,Historical,Y,259205
140893,NPDES Permit,8,NPDMUNILRG,97-002,8 332353001,06/06/1997,06/01/2002,Historical,Y,259205
440358,Co-Permitee,SB,SLIC,2020-0015-DWQ,8 332122003,07/09/2020,,Active,N,259210
140802,WDR,8,WDRMUNIOTH,96-034,8 332122003,07/12/1996,07/10/2018,Active,N,259210
138112,WDR,8,WDRMUNILRG,84-082,8 332122003,07/13/1984,07/11/1994,Historical,N,259210
260548,Letter,8,WDR,1,,,,Historical,N,259212
144367,WDR,8,WDRMUNILRG,99-041,8 332029001,03/05/1999,03/02/2019,Active,N,259212
138551,WDR,8,WDRMUNILRG,87-009,8 332029001,02/11/1987,02/08/1997,Historical,N,259212
372320,WDR,8,WDRMUNILRG,R8-2009-0046,8 332199001,12/10/2009,12/01/2024,Active,N,259218
141964,WDR,8,WDRMUNILRG,95-002,8 332199001,04/07/1995,04/04/2005,Historical,N,259218
138783,WDR,8,WDRMUNILRG,85-129,8 332199001,09/13/1985,09/11/1995,Historical,N,259218
440347,Co-Permitee,SB,SLIC,2020-0015-DWQ,8 332253001,07/09/2020,,Active,N,259216
388621,NPDES Permit,8,NPDMUNILRG,R8-2012-0028,8 332253001,01/01/2013,12/31/2017,Active,N,259216
261270,NPDES Permit,8,NPDMUNILRG,R8-2005-0043,8 332253001,08/26/2005,08/26/2010,Historical,N,259216
132012,NPDES Permit,8,NPDMUNIOTH,R8-2002-0001,8 332253001,09/06/2002,09/01/2007,Historical,N,259216
349116,Waiver,8,CERFILLEXC,,,11/10/1998,,Historical,N,259216
140556,NPDES Permit,8,NPDMUNIOTH,96-016,8 332253001,10/11/1996,10/01/2001,Historical,N,259216
138957,NPDES Permit,8,NPDMUNIOTH,89-010,8 332253001,03/10/1989,03/01/1994,Historical,N,259216
144349,WDR,8,WDRMUNIOTH,98-085,8 332125001,08/28/1998,08/25/2018,Active,N,259219
138390,WDR,8,WDRMUNIOTH,84-114,8 332125001,10/12/1984,10/10/1994,Historical,N,259219
137802,WDR,8,WDRMUNIOTH,81-007,8 332125001,01/09/1981,01/07/1991,Historical,N,259219
440346,Co-Permitee,SB,SLIC,2020-0015-DWQ,8 330112001,07/09/2020,,Active,N,259214
371955,NPDES Permit,8,NPDMUNILRG,R8-2013-0017,8 330112001,10/01/2013,09/30/2018,Active,Y,259214
371850,NPDES Permit,8,NPDMUNILRG,R8-2005-0003,8 330112001,03/04/2005,08/01/2010,Historical,N,259214
301667,NPDES Permit,8,NPDMUNILRG,R8-2005-0003,8 330112001,03/04/2005,03/01/2010,Historical,N,259214
147210,NPDES Permit,8,NPDMUNILRG,00-001,8 330112001,02/25/2000,02/01/2005,Historical,Y,259214
140697,NPDES Permit,8,NPDMUNILRG,94-036,8 330112001,09/02/1994,09/01/1999,Historical,N,259214
139505,NPDES Permit,8,NPDMUNILRG,89-084,8 330112001,09/08/1989,09/01/1994,Historical,N,259214
138087,NPDES Permit,8,NPDMUNILRG,84-038,8 330112001,05/11/1984,05/01/1989,Historical,N,259214
259178,Letter,8,NPDESWW,LT950105,,,05/01/1996,Historical,N,259220
259179,Letter,8,NPDESWW,LT960918,,,,Historical,N,259220
440341,Co-Permitee,SB,SLIC,2020-0015-DWQ,8 360114003,07/09/2020,,Active,N,259220
418662,NPDES Permit,8,NPDMUNILRG,R8-2017-0049,8 360114003,01/01/2018,12/31/2022,Active,N,259220
388625,NPDES Permit,8,NPDMUNILRG,R8-2012-0051,8 360114003,01/01/2013,12/31/2017,Historical,N,259220
261369,NPDES Permit,8,NPDMUNILRG,R8-2005-0074,8 360114003,09/30/2005,09/01/2010,Historical,N,259220
148264,NPDES Permit,8,NPDMUNILRG,R8-2000-0008,8 360114003,10/06/2000,10/01/2005,Historical,N,259220
140282,NPDES Permit,8,NPDMUNILRG,92-022,8 360114003,05/08/1992,05/01/1996,Historical,Y,259220
139152,NPDES Permit,8,NPDMUNILRG,90-016,8 360114003,04/13/1990,04/01/1995,Historical,N,259220
138716,NPDES Permit,8,NPDMUNILRG,85-071,8 360114003,07/12/1985,05/11/1990,Historical,Y,259220
354386,WDR,8,WDRMUNILRG,R8-2008-0008,8 332783001,09/05/2008,09/05/2023,Active,Y,259223
139814,WDR,8,WDRMUNILRG,90-140,8 330110004,12/07/1990,12/04/2000,Historical,N,259223
138860,WDR,8,WDRMUNILRG,87-065,8 330110004,06/12/1987,06/01/1992,Historical,N,259223
136655,WDR,8,WDRMUNILRG,75-071,8 330110004,09/12/1975,09/01/1980,Historical,N,259223
141147,WDR,8,WDRMUNIOTH,97-050,8 362370001,07/18/1997,07/16/2007,Active,N,259226
140641,WDR,8,WDRMUNIOTH,93-027,8 362370001,04/23/1993,04/21/2003,Historical,N,259226
145995,WDR,5F,WDRMUNIOTH,99-081,5D540112004,06/11/1999,06/07/2014,Active,N,259325
144642,WDR,5F,WDRMUNIOTH,86-110,5D540112004,05/30/1986,05/26/2001,Historical,N,259325
143880,WDR,5F,WDRMUNIOTH,74-279,5D540112004,07/26/1974,07/26/1979,Historical,N,259325
161178,Unregulated,6T,DISCHLND,,6A095900700,,,Historical,N,259230
440495,Co-Permitee,SB,SLIC,2020-0015-DWQ,6A021008003,07/09/2020,,Active,N,259230
375578,WDR,6T,WDRMUNILRG,R6T-2011-0061,6A021008003,09/14/2011,,Active,N,259230
132539,WDR,6T,WDRMUNILRG,04-010,6A095900700,03/10/2004,03/11/2007,Active,Y,259230
145359,WDR,6T,WDRMUNILRG,95-065,6A095900700,06/08/1995,06/08/2003,Historical,N,259230
145831,WDR,6T,WDRMUNILRG,90-014,6A095900700,02/08/1990,06/30/1995,Historical,N,259230
145107,WDR,6T,WDRMUNILRG,89-091,6A095900700,04/13/1989,04/13/1989,Historical,N,259230
144883,WDR,6T,WDRMUNILRG,87-071,6A095900700,06/12/1987,06/12/1987,Historical,N,259230
144547,WDR,6T,WDRMUNILRG,85-022,6A095900700,03/15/1985,03/15/1990,Historical,N,259230
144538,WDR,6T,WDRMUNILRG,84-024,6A095900700,02/09/1984,11/15/1989,Historical,N,259230
145409,WDR,6T,WDRMUNILRG,79-043,6A095900700,12/06/1979,12/06/1982,Historical,N,259230
144755,WDR,6T,WDRMUNILRG,74-023,6A095900700,02/28/1974,02/28/1977,Historical,N,259230
144704,WDR,6T,WDRMUNILRG,72-056,6A095900700,10/12/1972,10/12/1975,Historical,N,259230
144691,WDR,6T,WDRMUNILRG,69-025,6A095900700,11/20/1969,11/20/1972,Historical,N,259230
144689,WDR,6T,WDRMUNILRG,68-001,6A095900700,01/26/1968,01/26/1971,Historical,N,259230
144421,WDR,6T,WDRMUNILRG,61-018,6A095900700,10/24/1961,10/24/1964,Historical,N,259230
144419,WDR,6T,WDRMUNILRG,60-004,6A095900700,06/29/1960,06/29/1963,Historical,N,259230
144418,WDR,6T,WDRMUNILRG,59-007,6A095900700,06/29/1959,06/29/1962,Historical,N,259230
194750,Enrollee - WDR,5F,WDRMUNIENROTH,97-010-DWQ,5B20UR00001,11/26/2002,11/26/2017,Active,N,259336
449533,NPDES Permit,3,NPDMUNIOTH,R3-2022-0014,3 420111001,11/01/2022,10/31/2027,Active,N,259377
392876,NPDES Permit,3,NPDMUNIOTH,R3-2013-0042,3 420111001,02/01/2014,01/31/2019,Historical,N,259377
354834,NPDES Permit,3,NPDMUNIOTH,R3-2008-0009,3 420111001,05/09/2008,01/31/2014,Historical,N,259377
345532,NPDES Permit,3,NPDMUNIOTH,08-0009(reports),3 420111001,05/09/2008,05/09/2013,Superceded,N,259377
132061,NPDES Permit,3,NPDMUNIOTH,R3-2003-0012,3 420111001,03/21/2003,06/09/2008,Historical,N,259377
147261,NPDES Permit,3,NPDMUNIOTH,97-089,3 420111001,12/05/1997,12/05/2002,Historical,N,259377
147440,NPDES Permit,3,NPDMUNIOTH,92-111,3 420111001,11/13/1992,12/05/2002,Historical,N,259377
144338,NPDES Permit,3,NPDMUNIOTH,88-001,3 420111001,01/08/1988,07/01/1992,Historical,N,259377
143652,NPDES Permit,3,NPDMUNIOTH,84-100,3 420111001,10/12/1984,07/01/1989,Historical,N,259377
142668,NPDES Permit,3,NPDMUNIOTH,79-039,3 420111001,07/13/1979,01/01/1984,Historical,N,259377
142926,NPDES Permit,3,NPDMUNIOTH,74-057,3 420111001,01/01/1974,01/01/1979,Historical,N,259377
142815,NPDES Permit,3,NPDMUNIOTH,70-011,3 420111001,01/01/1970,01/01/1975,Historical,N,259377
143309,Reclamation Requirements,2,REC,R2-1994-0069,2 438382001,06/15/1994,06/15/2009,Active,N,259508
141906,Reclamation Requirements,2,REC,91-043,2 438382001,03/20/1991,03/20/1996,Historical,N,259508
162485,Unregulated,2,PTPRG,,2 438018001,,,Never Active,N,259507
436744,NPDES Permit,2,NPDMUNILRG,R2-2020-0002,2 438018001,04/01/2020,03/31/2025,Active,Y,259507
430644,Co-Permitee,2,NPDMUNILRG,R2-2024-0013,2 438018001,07/01/2019,09/30/2029,Active,N,259507
398068,NPDES Permit,2,NPDMUNILRG,R2-2014-0035,2 438018001,11/01/2014,10/31/2019,Historical,N,259507
389157,Co-Permitee,2,NPDMUNILRG,R2-2017-0041,2 438018001,01/01/2013,12/31/2017,Active,Y,259507
378833,Co-Permitee,2,NPDMUNILRG,R2-2011-0012,2 438018001,04/01/2011,12/31/2012,Historical,N,259507
369896,NPDES Permit,2,NPDMUNILRG,R2-2009-0061,2 438018001,10/01/2009,09/30/2014,Historical,Y,259507
360539,Co-Permitee,2,NPDMUNILRG,R2-2007-0077,2 438018001,03/01/2008,12/31/2012,Historical,N,259507
132145,NPDES Permit,2,NPDMUNILRG,R2-2003-0079,2 438018001,08/20/2003,09/30/2009,Historical,N,259507
142258,NPDES Permit,2,NPDMUNILRG,98-053,2 438018001,06/17/1998,06/17/2003,Historical,Y,259507
143309,Reclamation Requirements,2,REC,R2-1994-0069,2 438382001,06/15/1994,06/15/2009,Active,N,259507
142748,NPDES Permit,2,NPDMUNILRG,93-086,2 438018001,07/21/1993,07/21/1998,Historical,Y,259507
142207,NPDES Permit,2,NPDMUNILRG,88-176,2 438018001,12/21/1988,12/21/1991,Historical,Y,259507
145568,NPDES Permit,2,NPDMUNILRG,82-037,2 438018001,06/16/1982,06/16/1987,Historical,Y,259507
141771,WDR,5S,WDRMUNILRG,94-152,5B030104001,05/20/1994,05/20/2004,Active,Y,259717
140262,WDR,5S,WDR,88-086,5B030104001,05/20/1988,05/20/1993,Historical,N,259717
139708,WDR,5S,WDR,83-022,5B030104001,01/28/1983,01/28/1988,Historical,N,259717
259392,Letter,6T,NPDESWW,LT790228,,,,Historical,N,259689
259394,Letter,6T,NPDESWW,LT951026,,,,Historical,N,259689
259391,Letter,6T,NPDESWW,LT750601,,,,Historical,N,259689
259393,Letter,6T,NPDESWW,LT850814,,,,Historical,N,259689
440311,Co-Permitee,SB,SLIC,2020-0015-DWQ,6A181554001,07/09/2020,,Active,N,259689
350221,NPDES Permit,6T,NPDMUNILRG,R6T-2008-0022,6A181554001,07/23/2008,07/23/2018,Active,Y,259689
131271,NPDES Permit,6T,NPDMUNILRG,R6-2002-0031,6A181554001,05/08/2002,05/08/2009,Historical,N,259689
145666,NPDES Permit,6T,NPDMUNILRG,98-032,6A181554001,06/04/1998,06/04/2003,Historical,N,259689
144983,NPDES Permit,6T,NPDMUNILRG,93-005,6A181554001,01/28/1993,01/28/1998,Historical,N,259689
144887,NPDES Permit,6T,NPDMUNILRG,87-096,6A181554001,09/10/1987,09/10/1992,Historical,N,259689
144481,NPDES Permit,6T,NPDMUNILRG,82-087,6A181554001,07/08/1982,07/08/1987,Historical,N,259689
145412,NPDES Permit,6T,NPDMUNILRG,80-064,6A181554001,08/14/1980,08/14/1985,Historical,N,259689
144754,NPDES Permit,6T,NPDMUNILRG,74-022,6A181554001,02/28/1974,02/28/1979,Historical,N,259689
144699,NPDES Permit,6T,NPDMUNILRG,71-033,6A181554001,04/15/1971,06/01/1976,Historical,N,259689
446365,Letter,5F,WDRMUNIOTH,,5C240116001,01/20/2022,,Historical,N,260176
144863,WDR,5F,WDRMUNIOTH,93-031,5C240116001,02/26/1993,02/24/2003,Active,Y,260176
456707,NPDES Permit,4,DODNPDESWW,R4-2024-0182,4B190703003,07/01/2024,06/30/2029,Active,N,260064
420106,NPDES Permit,4,DODNPDESWW,R4-2018-0156,4B190703003,01/01/2019,12/31/2023,Historical,N,260064
399403,Reclamation Requirements,4,REC,R4-2015-0107,4B190703013,05/14/2015,05/14/2025,Active,N,260064
388399,NPDES Permit,4,DODNPDESWW,R4-2013-0111,4B190703003,08/30/2013,08/30/2018,Historical,N,260064
132753,Reclamation Requirements,4,REC,R4-2004-0057,4B190703013,04/01/2004,04/01/2014,Historical,N,260064
148244,NPDES Permit,4,DODNPDESWW,00-090,4B190703003,06/29/2000,01/01/2011,Historical,N,260064
133747,NPDES Permit,4,DODNPDESWW,79-119,4B190703003,07/23/1979,07/10/1984,Historical,N,260064
260584,Letter,4,WDR,1,,,,Historical,N,260156
260817,Letter,4,WDR,2,,,,Historical,N,260156
443109,NPDES Permit,4,NPDMUNILRG,R4-2021-0131,4B190107020,12/01/2021,11/30/2026,Active,N,260156
440298,Co-Permitee,SB,SLIC,2020-0015-DWQ,4B190107020,07/09/2020,,Active,N,260156
400696,NPDES Permit,4,NPDMUNILRG,R4-2015-0070,4B190107020,06/01/2015,05/31/2020,Historical,N,260156
369509,NPDES Permit,4,NPDMUNILRG,R4-2009-0078,4B190107020,07/24/2009,05/10/2014,Historical,N,260156
303833,NPDES Permit,4,NPDMUNILRG,R4-2004-0097,4B190107020,07/30/2004,01/01/2010,Historical,N,260156
136299,NPDES Permit,4,NPDMUNILRG,95-079,4B190107020,06/12/1995,05/10/2000,Historical,Y,260156
134672,NPDES Permit,4,NPDMUNILRG,89-026,4B190107020,03/27/1989,03/10/1994,Historical,N,260156
133828,Reclamation Requirements,4,REC,87-050-A01,4B190107029,04/27/1987,,Active,Y,260156
133830,NPDES Permit,4,NPDMUNILRG,87-053,4B190107020,04/27/1987,07/10/1991,Historical,N,260156
135273,NPDES Permit,4,NPDMUNILRG,86-057,4B190107020,07/28/1986,07/10/1991,Historical,N,260156
134000,NPDES Permit,4,NPDMUNILRG,84-079,4B190107020,09/17/1984,09/10/1989,Historical,N,260156
134830,Reclamation Requirements,4,REC,81-033,4B190107029,07/27/1981,07/27/1984,Historical,N,260156
133751,NPDES Permit,4,NPDMUNILRG,79-123,4B190107020,07/23/1979,07/10/1984,Historical,N,260156
389785,WDR,4,WDRMUNILRG,R4-2013-0092,4A560109001,06/06/2013,,Active,N,260486
378479,Letter,4,WDR,13263 Letter,,01/07/2011,,Never Active,N,260486
131110,WDR,4,WDRMUNILRG,R4-2001-0155,4A560109001,10/25/2001,10/25/2006,Historical,N,260486
136819,WDR,4,WDRMUNILRG,97-105,4A560109001,07/21/1997,07/19/2007,Historical,N,260486
135011,WDR,4,WDRMUNILRG,94-032,4A560109001,04/04/1994,04/01/2004,Historical,N,260486
134265,WDR,4,WDRMUNILRG,87-152,4A560109001,11/23/1987,11/23/1990,Historical,N,260486
133023,WDR,4,WDRMUNILRG,57-066,4A560109001,08/22/1957,08/22/1960,Historical,N,260486
407593,Enrollee - WDR,5R,WDRMUNIOTH,2014-0153-DWQ,5A320104007,06/23/2016,06/24/2031,Active,N,262987
133803,WDR,5R,WDRMUNIOTH,95-162,5A320104007,06/23/1995,06/19/2005,Historical,N,262987
133159,WDR,5R,WDRMUNIOTH,80-167,5A320104007,10/24/1980,10/24/1990,Historical,N,262987
440502,Co-Permitee,SB,SLIC,2020-0015-DWQ,6A290011000,07/09/2020,,Active,N,262840
131270,WDR,6T,WDRMUNILRG,02-030,6A290011000,05/09/2002,05/10/2005,Active,N,262840
145837,WDR,6T,WDRMUNILRG,90-027,6A290011000,04/11/1990,05/16/1997,Historical,Y,262840
144841,WDR,6T,WDRMUNILRG,87-021,6A290011000,02/19/1987,01/15/1990,Historical,N,262840
144474,WDR,6T,WDRMUNILRG,81-071,6A290011000,09/17/1981,09/17/1984,Historical,N,262840
144472,WDR,6T,WDRMUNILRG,81-061,6A290011000,07/09/1981,07/09/1984,Historical,N,262840
145400,WDR,6T,WDRMUNILRG,77-027,6A290011000,05/12/1977,05/12/1980,Historical,N,262840
260814,Letter,4,WDR,1,,,,Historical,N,260494
442544,NPDES Permit,4,NPDMUNILRG,R4-2022-0175,4A190107021,07/01/2022,06/30/2027,Active,N,260494
440299,Co-Permitee,SB,SLIC,2020-0015-DWQ,4A190107021,07/09/2020,,Active,N,260494
396158,NPDES Permit,4,NPDMUNILRG,R4-2015-0072,4A190107021,05/03/2015,04/30/2020,Historical,N,260494
389837,13267 Letter (Non-Enforcement),4,NPDMUNILRG,R4-2009-0075,4A190107021,01/30/2013,,Historical,N,260494
381323,Letter,4,NPDMUNILRG,R4-2009-0075,4A190107021,09/08/2011,,Historical,N,260494
369505,NPDES Permit,4,NPDMUNILRG,R4-2009-0075,4A190107021,07/24/2009,05/10/2014,Historical,N,260494
132563,NPDES Permit,4,NPDMUNILRG,R4-2003-0143,4A190107021,12/26/2003,01/01/2010,Historical,Y,260494
136300,NPDES Permit,4,NPDMUNILRG,95-080,4A190107021,06/12/1995,05/10/2000,Historical,Y,260494
134083,NPDES Permit,4,NPDMUNILRG,89-130,4A190107021,12/04/1989,08/10/1994,Historical,N,260494
133827,Reclamation Requirements,4,REC,87-049-A01,4A190107083,04/27/1987,,Active,Y,260494
133998,NPDES Permit,4,NPDMUNILRG,84-077,4A190107021,09/17/1984,08/10/1989,Historical,N,260494
134832,Reclamation Requirements,4,REC,81-035,4A190107083,07/27/1981,07/27/1984,Historical,N,260494
133755,NPDES Permit,4,NPDMUNILRG,79-127,4A190107021,07/23/1979,07/10/1984,Historical,N,260494
440371,Co-Permitee,SB,SLIC,2020-0015-DWQ,9 000000541,07/09/2020,,Active,N,262995
142903,WDR,9,WDRMUNILRG,97-052,9 000000541,10/15/1997,10/15/2014,Active,Y,262995
214125,401 Certification,9,CERFILLEXC,,9 000001059,10/15/1997,,Active,N,262995
259174,Letter,4,WDR,1,,,,Historical,N,261253
260693,Letter,4,WDR,2,,,,Historical,N,261253
408202,Enrollee - WRR,4,REC,2016-0068-DDW,4A569101002,,,Never Active,N,261253
458518,NPDES Permit,4,NPDMUNILRG,R4-2026-0150,4A560110001,08/01/2026,07/31/2031,Active,N,261253
440296,Co-Permitee,SB,SLIC,2020-0015-DWQ,4A560110001,07/09/2020,,Active,N,261253
427894,NPDES Permit,4,NPDMUNILRG,R4-2019-0135,4A560110001,01/01/2020,12/31/2024,Historical,N,261253
395592,NPDES Permit,4,NPDMUNILRG,R4-2014-0066,4A560110001,07/01/2014,06/30/2019,Historical,Y,261253
307130,Letter,4,PTPRG,Letter,4A560110001,07/25/2006,,Historical,N,261253
132641,NPDES Permit,4,NPDMUNILRG,R4-2003-0081,4A560110001,07/25/2003,01/01/2011,Historical,Y,261253
136028,NPDES Permit,4,NPDMUNILRG,96-043,4A560110001,06/10/1996,05/10/2001,Historical,Y,261253
135089,NPDES Permit,4,NPDMUNILRG,89-092,4A560110001,09/25/1989,09/10/1994,Historical,N,261253
133824,Reclamation Requirements,4,REC,87-046-A01,4A560110003,04/27/1987,,Active,Y,261253
134367,NPDES Permit,4,NPDMUNILRG,84-09806,4A560110001,10/22/1984,02/10/1989,Historical,N,261253
133939,NPDES Permit,4,NPDMUNILRG,84-020,4A560110001,02/27/1984,02/10/1989,Historical,N,261253
134189,Reclamation Requirements,4,REC,80-047,4A560110003,08/25/1980,08/25/1983,Historical,N,261253
440388,Co-Permitee,SB,SLIC,2020-0015-DWQ,9 000000541,07/09/2020,,Active,N,262996
142903,WDR,9,WDRMUNILRG,97-052,9 000000541,10/15/1997,10/15/2014,Active,Y,262996
142808,WDR,9,WDRMUNILRG,87-044,9 000000078,05/04/1987,05/04/1992,Historical,Y,262996
141891,WDR,9,WDRMUNILRG,81-015,9 000000078,03/23/1981,03/23/1986,Historical,Y,262996
389883,WDR,5F,WDRMUNILRG,R5-2011-0007,5D150803001,02/03/2011,02/03/2021,Active,N,263072
143615,WDR,5F,WDRMUNILRG,88-035,5D150803001,02/26/1988,02/23/1998,Historical,N,263072
143881,WDR,5F,WDRMUNILRG,74-282,5D150803001,04/26/1974,12/30/1987,Historical,N,263072
397364,Enrollee - WDR,5R,WDRMUNIOTH,97-010-DWQ,5A520703001,06/06/2014,06/03/2019,Active,N,263080
394500,Letter,5R,WDRMUNIOTH,90-007,5A520703001,01/03/2014,,Historical,N,263080
133623,WDR,5R,WDRMUNIOTH,90-007,5A520703001,01/26/1990,01/26/2005,Historical,N,263080
144989,WDR,5F,WDRMUNIOTH,94-224,5D151014002,08/05/1994,08/02/2004,Active,N,263090
143953,WDR,5F,WDRMUNIOTH,76-140,5D151014002,06/25/1976,09/30/1991,Historical,N,263090
143886,WDR,5F,WDRMUNIOTH,74-425,5D151014002,09/30/1974,09/30/1991,Historical,N,263090
195006,Enrollee - WDR,5F,WDRMUNIENROTH,97-010-DWQ,5D151014001,09/11/1998,09/11/2013,Active,N,263091
143169,WDR,5F,WDRMUNIOTH,67-007,5D151014001,09/23/1967,09/20/1977,Historical,N,263091
408075,WDR,1,WDRMUNIOTH,R1-2016-0019,1A88031RSIS,06/16/2016,06/16/2026,Active,N,263172
137660,WDR,1,WDRMUNIOTH,88-079,1A88031RSIS,06/23/1988,06/21/2012,Historical,N,263172
384931,WDR,5F,WDRMUNIOTH,,5B22NC00009,,,Never Active,N,263168
415420,Enrollee - WDR,5F,WDRMUNIOTH,2014-0153-DWQ,5C221018001,08/09/2017,08/09/2027,Active,N,263168
146000,WDR,5F,WDRMUNILRG,99-086,5C221018001,06/11/1999,06/08/2009,Historical,Y,263168
144081,WDR,5F,WDRMUNILRG,89-106,5C221018001,06/23/1989,06/21/1999,Historical,N,263168
440362,Co-Permitee,SB,SLIC,2020-0015-DWQ,8 332783001,07/09/2020,,Active,N,263145
436205,Enrollee - WRR,9,WDRMUNILRG,2016-0068-DDW,9 000000006,03/05/2020,08/05/2030,Active,N,263145
429367,Enrollee - Waiver,9,REC,R9-2019-0005W2,,03/29/2019,05/08/2024,Historical,N,263145
354386,WDR,8,WDRMUNILRG,R8-2008-0008,8 332783001,09/05/2008,09/05/2023,Active,Y,263145
148086,WDR,9,WDRMUNILRG,00-165,9 000000006,09/13/2000,,Historical,Y,263145
142242,WDR,9,WDRMUNILRG,94-097,9 000000006,08/11/1994,08/11/2004,Historical,Y,263145
142107,WDR,9,WDRMUNILRG,88-094,9 000000006,11/21/1988,03/15/1998,Historical,Y,263145
142766,WDR,9,WDRMUNILRG,86-067,9 000000006,06/16/1986,06/16/1991,Historical,Y,263145
147052,WDR,9,WDRMUNILRG,71-014,9 000000006,04/05/1971,04/05/1976,Historical,Y,263145
141727,WDR,5S,WDRMUNILRG,94-101,5B390112001,04/22/1994,09/13/2004,Active,N,263621
138529,WDR,5S,WDR,58-568,5B390112001,11/21/1958,06/30/1993,Historical,N,263621
323326,401 Certification,1,CERFILLEXC,,1B07035WNSO,08/13/2007,,Historical,N,264524
179154,Enrollee - WDR,1,WDRMUNIENROTH,97-010-DWQ,1B00162RSON,05/20/2005,,Active,N,264524
134027,Individual Monitoring Requirem,1,WDR,05-046,1B00162RSON,05/20/2005,05/20/2015,Active,N,264524
179155,Enrollee,1,WDRMUNIENROTH,97-010-DWQ,1B00162RSON,12/14/2000,,Historical,N,264524
402066,WDR,2,WDRMUNIOTH,R2-2015-0019,2 215072001,05/13/2015,05/13/2030,Active,N,264662
140963,WDR,2,WDRMUNIOTH,86-086,2 215072001,11/19/1986,11/19/2001,Historical,N,264662
146298,WDR,2,WDRMUNIOTH,76-038,2 215072001,04/20/1976,04/20/1986,Historical,N,264662
461163,Enrollee - WDR,5F,WDRMUNIOTH,2014-0153-DWQ,5D540136001,01/14/2025,09/23/2029,Active,N,264740
144030,WDR,5F,WDRMUNIOTH,88-139,5D540136001,08/12/1988,08/10/1998,Historical,N,264740
461449,Enrollee - WDR,5S,WDRMUNIENROTH,2014-0153-DWQ,5B050109001,06/12/2025,,Active,N,264856
146832,WDR,5S,WDRMUNIOTH,97-074,5B050109001,04/25/1997,,Historical,N,264856
139762,WDR,5S,WDR,83-130,5B050109001,10/28/1983,10/25/1993,Historical,N,264856
461129,Enrollee - WDR,5F,WDRNONMUNIPRCS,2014-0153-DWQ,5D540136003,02/26/2025,09/23/2029,Active,N,266310
144017,WDR,5F,WDRMUNIOTH,88-098,5D540136003,06/24/1988,06/22/1998,Historical,N,266310
449574,NPDES Permit,5S,NPDMUNILRG,R5-2022-0073,5B390108001,02/01/2023,01/31/2028,Active,N,266223
446041,Enrollee - WDR,5S,WDRNONMUNIPRCS,2016-0068-DDW,5B39NC00314,11/30/2021,08/05/2026,Active,N,266223
440487,Co-Permitee,SB,SLIC,2020-0015-DWQ,5B390108001,07/09/2020,,Active,N,266223
416413,NPDES Permit,5S,NPDMUNILRG,R5-2017-0113,5B390108001,02/01/2018,01/31/2023,Historical,N,266223
388803,NPDES Permit,5S,NPDMUNILRG,R5-2012-0115,5B390108001,01/26/2013,12/01/2017,Historical,Y,266223
327486,NPDES Permit,5S,NPDMUNILRG,R5-2007-0036,5B390108001,06/23/2007,05/01/2012,Historical,Y,266223
327491,WDR,5S,WDRMUNILRG,R5-2007-0038,5B39NC00164,05/04/2007,05/04/2012,Active,N,266223
146211,NPDES Permit,5S,NPDMUNILRG,R5-1996-0104,5B390108001,05/03/1996,05/01/2001,Historical,Y,266223
141077,NPDES Permit,5S,NPDMUNILRG,91-055,5B390108001,02/22/1991,02/01/1996,Historical,N,266223
139627,NPDES Permit,5S,NPDMUNILRG,85-214,5B390108001,08/23/1985,09/01/1990,Historical,N,266223
438627,NPDES Permit,2,NPDMUNILRG,R2-2020-0020,2 386013001,08/01/2020,07/31/2025,Active,Y,266328
430646,Co-Permitee,2,NPDMUNILRG,R2-2024-0013,2 386013001,07/01/2019,09/30/2029,Active,N,266328
389161,Co-Permitee,2,DODNPDESWW,R2-2017-0041,2 386013001,01/01/2018,12/31/2022,Active,Y,266328
399564,NPDES Permit,2,NPDMUNILRG,R2-2015-0004,2 386013001,04/01/2015,03/31/2020,Historical,N,266328
378834,Co-Permitee,2,DODNPDESWW,R2-2011-0012,2 386013001,04/01/2011,12/31/2012,Historical,N,266328
371821,NPDES Permit,2,DODNPDESWW,R2-2010-0001,2 386013001,03/01/2010,02/28/2015,Historical,Y,266328
360541,Co-Permitee,2,DODNPDESWW,R2-2007-0077,2 386013001,03/01/2008,12/31/2012,Historical,N,266328
132974,NPDES Permit,2,DODNPDESWW,R2-2004-0036,2 386013001,08/01/2004,05/19/2009,Historical,Y,266328
142167,NPDES Permit,2,DODNPDESWW,95-126,2 386013001,06/21/1995,06/21/2000,Historical,N,266328
141823,NPDES Permit,2,DODNPDESWW,90-081,2 386013001,06/20/1990,06/20/1995,Historical,N,266328
145469,NPDES Permit,2,DODNPDESWW,85-061,2 386013001,05/15/1985,05/15/1990,Historical,N,266328
450588,Enrollee - WDR,3,WDRMUNIOTH,2014-0153-DWQ,3 350103001,12/23/2022,09/23/2029,Active,N,266350
384520,WDR,3,WDRMUNIOTH,R3-2012-0015,3 350103001,02/02/2012,02/02/2022,Historical,N,266350
147407,WDR,3,WDRMUNIOTH,99-101,3 350103001,10/22/1999,10/20/2014,Historical,N,266350
143985,WDR,3,WDRMUNIOTH,87-055,3 350103001,04/10/1987,04/06/2002,Historical,N,266350
143583,WDR,3,WDRMUNIOTH,77-016,3 350103001,02/11/1977,02/01/1987,Historical,N,266350
142554,WDR,3,WDRMUNIOTH,62-004,3 350103001,01/01/1962,01/01/1967,Historical,N,266350
146530,WDR,6V,WDRMUNILRG,94-059,6B360115010,05/19/1994,05/19/2004,Active,N,266519
147910,WDR,6V,WDRMUNILRG,80-078,6B360115010,10/09/1980,10/09/1985,Historical,N,266519
148789,WDR,5F,WDRMUNIOTH,5-01-002,5D151054001,01/26/2001,01/26/2011,Active,Y,266620
144103,WDR,5F,WDRMUNIOTH,83-089,5D151054001,08/12/1983,08/09/1993,Historical,N,266620
375560,WDR,5F,WDRMUNILRG,,5C550104001,,,Historical,N,266720
431482,WDR,5F,WDRMUNILRG,R5-2019-0058,5C550104001,06/07/2019,06/07/2029,Active,N,266720
146428,WDR,5F,WDRMUNILRG,95-129,5C550104001,05/26/1995,05/26/2005,Historical,N,266720
139456,WDR,5S,WDRMUNILRG,80-050,5C550104001,04/25/1980,04/23/1990,Historical,N,266720
397123,WDR,1,WDRMUNILRG,R1-2015-0002,1A84002OSIS,12/13/2017,03/12/2025,Active,N,266694
388796,NPDES Permit,1,NPDMUNIOTH,R1-2013-0029,1A84002OSIS,08/01/2013,07/31/2018,Historical,N,266694
132900,NPDES Permit,1,NPDMUNIOTH,R1-2004-0075,1A84002OSIS,10/16/2004,10/16/2013,Historical,N,266694
260681,Letter,1,NPDESWW,001,1A84002OSIS,04/27/2001,,Historical,N,266694
138511,NPDES Permit,1,NPDMUNIOTH,99-062,1A84002OSIS,08/26/1999,08/24/2004,Historical,N,266694
139057,NPDES Permit,1,NPDMUNIOTH,94-081,1A84002OSIS,06/23/1994,06/23/1999,Historical,N,266694
137894,NPDES Permit,1,NPDMUNIOTH,89-047,1A84002OSIS,05/24/1989,05/24/1994,Historical,N,266694
137452,NPDES Permit,1,NPDMUNIOTH,84-002,1A84002OSIS,01/19/1984,01/19/1989,Historical,N,266694
148511,WDR,5F,WDRMUNILRG,86-021,5B55NC00004,01/24/1986,01/24/2001,Active,N,266795
417234,Enrollee - WDR,5F,WDRMUNIOTH,2014-0153-DWQ,5C550705001,06/21/2018,09/23/2029,Active,N,266792
331400,Enrollee,5F,WDRMUNIENROTH,97-010-DWQ,5C550705001,09/20/2004,,Never Active,N,266792
140214,WDR,5F,WDRMUNIOTH,87-084,5C550705001,05/22/1987,05/18/2002,Historical,N,266792
442540,NPDES Permit,5S,NPDMUNILRG,R5-2021-0005,5C500108001,04/01/2021,03/31/2026,Active,N,266737
440462,Co-Permitee,SB,SLIC,2020-0015-DWQ,5C500108001,07/09/2020,,Active,N,266737
401269,Enrollee - WDR,5S,REC,2016-0068-DDW,5B50NC00319,12/22/2015,12/21/2020,Active,N,266737
400734,NPDES Permit,5S,NPDMUNILRG,R5-2015-0027,5C500108001,06/01/2015,05/31/2020,Historical,Y,266737
373254,NPDES Permit,5S,NPDMUNILRG,R5-2010-0002-01,5C500108001,03/19/2010,01/01/2015,Historical,Y,266737
131869,NPDES Permit,5S,NPDMUNILRG,R5-2001-0122,5C500108001,05/11/2001,05/11/2006,Historical,N,266737
141350,NPDES Permit,5S,NPDMUNILRG,95-059,5C500108001,03/24/1995,03/24/2000,Historical,N,266737
141429,NPDES Permit,5S,NPDMUNILRG,89-229,5C500108001,12/08/1989,12/01/1994,Historical,N,266737
139120,NPDES Permit,5S,NPDMUNILRG,84-102,5C500108001,09/28/1984,09/30/1989,Historical,N,266737
465270,NPDES Permit,5S,NPDMUNILRG,R5-2026-0018,5A480108001,06/01/2026,05/31/2031,Active,N,266439
442757,NPDES Permit,5S,NPDMUNILRG,R5-2021-0004,5A480108001,04/01/2021,03/31/2026,Historical,N,266439
440457,Co-Permitee,SB,SLIC,2020-0015-DWQ,5A480108001,07/09/2020,,Active,N,266439
404089,NPDES Permit,5S,NPDMUNILRG,R5-2015-0141,5A480108001,02/01/2016,01/31/2021,Historical,N,266439
375998,NPDES Permit,5S,NPDMUNILRG,R5-2010-0081-02,5A480108001,09/16/2010,09/15/2015,Historical,Y,266439
132912,NPDES Permit,5S,NPDMUNIOTH,R5-2004-0092,5A480108001,07/20/2004,07/20/2009,Historical,N,266439
131504,NPDES Permit,5S,NPDMUNIOTH,02-099,5A480108001,06/07/2002,06/07/2007,Historical,N,266439
147160,NPDES Permit,5S,NPDMUNIOTH,95-215,5A480108001,09/22/1995,09/01/2000,Historical,N,266439
141722,NPDES Permit,5S,NPDMUNIOTH,94-096,5A480108001,04/22/1994,04/19/2004,Historical,N,266439
147537,WDR,4,WDRMUNIOTH,00-053,4B191097001,04/13/2000,,Active,N,267585
135529,WDR,4,WDRMUNIOTH,95-017,4B191097001,01/23/1995,01/20/2005,Historical,N,267585
133562,WDR,4,WDRMUNIOTH,87-017,4B191097001,01/26/1987,01/26/1992,Historical,N,267585
133054,WDR,4,WDRMUNIOTH,72-020,4B191097001,02/23/1972,02/23/1977,Historical,N,267585
452460,Resolution,4,NPDMUNILRG,R23-002,4B190106002,04/27/2023,07/31/2025,Active,N,267130
447792,Resolution,4,NPDMUNILRG,R22-003,4B190106002,04/14/2022,,Historical,N,267130
443776,NPDES Permit,4,NPDMUNILRG,R4-2021-0095,4B190106005,08/01/2021,07/31/2026,Active,N,267130
440289,Co-Permitee,SB,SLIC,2020-0015-DWQ,4B190106005,07/09/2020,,Active,N,267130
437848,Resolution,4,NPDMUNILRG,R20-002,,04/16/2020,,Never Active,N,267130
437841,Resolution,4,NPDMUNILRG,R20-002,4B190106002,04/16/2020,,Historical,N,267130
411846,Resolution,4,NPDMUNILRG,R17-002,,04/06/2017,04/06/2018,Historical,N,267130
404655,Resolution,4,NPDMUNILRG,R16-002,4B190106005,04/14/2016,06/30/2017,Historical,N,267130
399400,NPDES Permit,4,NPDMUNILRG,R4-2015-0119,4B190106005,08/01/2015,07/31/2020,Historical,Y,267130
399442,Resolution,4,NPDMUNILRG,R15-002,4B190106005,03/12/2015,06/30/2016,Historical,N,267130
389612,Resolution,4,NPDMUNILRG,R13-001,4B190106005,03/07/2013,12/31/2014,Historical,N,267130
389843,13267 Letter (Non-Enforcement),4,NPDMUNILRG,R4-2010-0071,4B190106005,02/14/2013,,Historical,N,267130
384632,Resolution,4,NPDMUNILRG,R12-005,4B190106005,04/05/2012,05/15/2013,Historical,N,267130
378720,Resolution,4,NPDMUNILRG,R11-004,4B190106005,04/14/2011,04/10/2015,Historical,N,267130
374185,NPDES Permit,4,NPDMUNILRG,R4-2010-0071,4B190106005,06/25/2010,04/10/2015,Historical,N,267130
376407,Resolution,4,NPDMUNILRG,R10-002,4B190106005,05/06/2010,05/07/2015,Historical,N,267130
364492,Resolution,4,NPDMUNILRG,R09-001,4B190106002,03/05/2009,,Historical,N,267130
395583,Letter,4,NPDMUNILRG,R4-2005-0024,4B190106005,06/26/2008,,Historical,N,267130
376406,Resolution,4,NPDMUNILRG,R06-010,4B190106005,05/11/2006,05/12/2006,Historical,N,267130
304744,NPDES Permit,4,NPDMUNILRG,R4-2005-0024,4B190106005,05/27/2005,06/24/2010,Historical,Y,267130
136137,Resolution,4,NPDMUNILRG,94-009R,4B190106005,10/31/1994,,Historical,N,267130
135404,NPDES Permit,4,NPDMUNILRG,93-014,4B190106005,03/01/1993,02/10/1998,Historical,Y,267130
134365,NPDES Permit,4,NPDMUNILRG,84-09804,4B190106005,10/22/1984,10/10/1989,Historical,N,267130
133444,NPDES Permit,4,NPDMUNILRG,77-113,4B190106005,06/27/1977,06/10/1982,Historical,N,267130
260653,Letter,4,WDR,1,,,,Historical,N,267571
447892,NPDES Permit,4,NPDMUNILRG,R4-2022-0341,4B190106004,02/01/2023,01/31/2028,Active,N,267571
440301,Co-Permitee,SB,SLIC,2020-0015-DWQ,4B190106004,07/09/2020,,Active,N,267571
412169,NPDES Permit,4,NPDMUNILRG,R4-2017-0062,4B190106004,05/01/2017,04/30/2022,Historical,N,267571
389850,13267 Letter (Non-Enforcement),4,NPDMUNILRG,R4-2011-0196,4B190106004,02/14/2013,,Historical,N,267571
382755,NPDES Permit,4,NPDMUNILRG,R4-2011-0196,4B190106004,02/03/2012,11/10/2016,Historical,Y,267571
352065,Letter,4,NPDMUNILRG,R4-2006-0091,4B190106004,08/07/2008,,Historical,N,267571
331272,Enrollee,4,LNDISP,91-93,4B196207008,08/14/2007,,Historical,N,267571
373787,NPDES Permit,4,NPDMUNILRG,R4-2006-0091,4B190106004,02/02/2007,11/10/2011,Historical,Y,267571
323039,WDR,4,WDRMUNILRG,R4-2007-0008,4B190106047,01/12/2007,01/12/2012,Active,Y,267571
321118,Reclamation Requirements,4,REC,R4-2007-0009,4B190106052,01/11/2007,01/11/2012,Active,Y,267571
136357,NPDES Permit,4,NPDMUNILRG,98-046,4B190106004,06/15/1998,05/10/2003,Historical,N,267571
134811,NPDES Permit,4,NPDMUNILRG,91-102,4B190106004,09/09/1991,08/10/1996,Historical,Y,267571
135261,Reclamation Requirements,4,REC,86-039,4B190106047,06/23/1986,06/23/1989,Historical,Y,267571
134433,NPDES Permit,4,NPDMUNILRG,85-034,4B190106004,06/24/1985,06/10/1990,Historical,N,267571
134364,NPDES Permit,4,NPDMUNILRG,84-09803,4B190106004,10/22/1984,10/10/1989,Historical,N,267571
134141,NPDES Permit,4,NPDMUNILRG,80-020,4B190106004,05/19/1980,05/10/1985,Historical,N,267571
134125,Reclamation Requirements,4,REC,79-161,4B190106047,10/22/1979,10/22/1982,Historical,N,267571
458724,WDR,4,WDRMUNIOTH,R4-2024-0358,4A560121001,09/26/2024,,Active,N,267596
377941,WDR,4,WDRMUNIOTH,R4-2011-0193,4A560121001,12/08/2011,12/08/2016,Historical,N,267596
378712,Letter,4,WDR,13260 Letter,4A560121001,12/14/2010,,Historical,N,267596
135438,WDR,4,WDRMUNIOTH,94-084,4A560121001,08/22/1994,08/21/1999,Historical,N,267596
393699,Enrollee - WDR,4,WDRNONMUNIPRCS,R4-2019-0024,4B198202066,04/29/2025,,Historical,N,267637
136800,Reclamation Requirements,4,REC,97-071,4B191012001,05/12/1997,,Active,N,267637
133560,Reclamation Requirements,4,REC,87-013,4B191012001,01/26/1987,01/26/1990,Historical,N,267637
133032,Reclamation Requirements,4,REC,61-057,4B191012001,12/13/1961,12/13/1964,Historical,N,267637
376755,WDR,4,WDRMUNIOTH,R4-2013-0019,4B190107100,02/07/2013,,Active,N,268043
134758,WDR,4,WDRMUNIOTH,91-021,4B190107100,01/28/1991,01/24/2006,Historical,N,268043
440297,Co-Permitee,SB,SLIC,2020-0015-DWQ,4B190104001,07/09/2020,,Active,N,266940
413302,NPDES Permit,4,NPDMUNILRG,R4-2017-0124,4B190104001,08/01/2017,07/31/2022,Active,N,266940
389828,13267 Letter (Non-Enforcement),4,NPDMUNILRG,R4-2010-0165,4B190104001,02/11/2013,,Historical,N,266940
376254,NPDES Permit,4,NPDMUNILRG,R4-2010-0165,4B190104001,10/22/2010,08/10/2015,Historical,Y,266940
297427,NPDES Permit,4,NPDMUNILRG,R4-2005-0074,4B190104001,12/23/2005,10/21/2010,Historical,N,266940
131199,WDR,4,WDRMUNILRG,R4-2002-0158,4B190140005,09/26/2002,09/26/2007,Historical,N,266940
260809,Letter,4,WDR,2,,07/13/2001,,Historical,N,266940
260565,Letter,4,WDR,1,,01/31/2001,,Historical,N,266940
260580,Letter,4,WDR,1,,01/31/2001,,Historical,N,266940
136893,NPDES Permit,4,NPDMUNILRG,99-066,4B190104004,07/08/1999,11/15/2001,Historical,Y,266940
136386,NPDES Permit,4,NPDMUNILRG,97-135,4B190104001,11/03/1997,10/10/2002,Historical,Y,266940
135049,Reclamation Requirements,4,REC,94-055,4B191023001,06/13/1994,,Active,N,266940
193256,Enrollee - NPDES,4,NPDNONMUNIPRCS,R4-2023-0429,4B196000037,03/31/1992,03/21/2029,Active,N,266940
136159,NPDES Permit,4,NPDMUNILRG,89-076,4B190104001,07/24/1989,07/10/1994,Historical,N,266940
133878,Reclamation Requirements,4,REC,87-086-A01,4B190104003,06/22/1987,,Active,Y,266940
133552,Reclamation Requirements,4,REC,86-097,4B191023001,11/24/1986,11/24/1989,Historical,N,266940
133995,NPDES Permit,4,NPDMUNILRG,84-074,4B190104001,09/17/1984,08/10/1989,Historical,N,266940
134140,NPDES Permit,4,NPDMUNILRG,80-01905,4B190104001,11/20/1980,11/10/1985,Historical,N,266940
133434,Reclamation Requirements,4,REC,77-054,4B190104003,02/28/1977,02/23/1980,Historical,N,266940
133242,Reclamation Requirements,4,REC,76-126,4B190104003,08/23/1976,08/23/1979,Historical,N,266940
133238,Reclamation Requirements,4,REC,76-064,4B190104003,04/26/1976,04/26/1979,Historical,N,266940
133182,Reclamation Requirements,4,REC,74-381,4B190104003,11/18/1974,11/18/1977,Historical,N,266940
133055,Reclamation Requirements,4,REC,72-050,4B191023001,09/13/1972,09/13/1975,Historical,N,266940
452463,WDR,4,WDRMUNILRG,R4-2023-0294,4B190107004,06/22/2023,,Active,N,268548
397452,WDR,4,WDRMUNILRG,R4-2014-0188,4B190107004,09/11/2014,09/11/2024,Historical,N,268548
260593,Letter,4,WDR,1,,02/13/2001,,Historical,N,268548
147501,WDR,4,WDRMUNILRG,00-030,4B190107004,03/02/2000,03/02/2010,Historical,N,268548
134674,WDR,4,WDRMUNILRG,89-030,4B190107004,03/27/1989,03/25/1999,Historical,N,268548
135220,WDR,4,WDRMUNILRG,86-023,4B190107004,03/24/1986,03/24/1989,Historical,N,268548
134200,WDR,4,WDRMUNILRG,81-003,4B190107004,01/26/1981,01/26/1984,Historical,N,268548
260538,Letter,1,WDR,000616,1B88049RSON,06/16/2000,06/16/2010,Historical,N,268923
138597,WDR,1,WDRMUNIOTH,89-117,1B88049RSON,11/16/1989,06/16/2017,Active,N,268923
393568,WDR,4,WDRMUNIOTH,R4-2013-0137,4B191002001,09/12/2013,,Active,N,268842
147746,WDR,4,WDRMUNIOTH,00-094,4B191002001,06/29/2000,06/29/2010,Historical,N,268842
134261,WDR,4,WDRMUNIOTH,87-142,4B191002001,10/26/1987,10/23/1997,Historical,N,268842
133036,WDR,4,WDRMUNIOTH,65-021,4B191002001,03/17/1965,03/17/1970,Historical,N,268842
458153,NPDES Permit,1,NPDMUNILRG,R1-2024-0016,1B84029OMEN,10/01/2024,09/30/2029,Active,N,268960
440247,Co-Permitee,SB,SLIC,2020-0015-DWQ,1B84029OMEN,07/09/2020,,Active,N,268960
413425,NPDES Permit,1,NPDMUNILRG,R1-2018-0035,1B84029OMEN,11/01/2018,10/31/2023,Historical,N,268960
378144,NPDES Permit,1,NPDMUNILRG,R1-2012-0068,1B84029OMEN,10/01/2012,09/30/2017,Historical,N,268960
386209,Letter,1,NPDMUNILRG,R1-2006-0049,1B84029OMEN,07/12/2012,,Historical,N,268960
316436,NPDES Permit,1,NPDMUNILRG,R1-2006-0049,1B84029OMEN,09/19/2006,09/18/2011,Historical,N,268960
260625,Letter,1,NPDESWW,001,,04/27/2001,,Historical,N,268960
138512,NPDES Permit,1,NPDMUNILRG,R1-1999-0065,1B84029OMEN,09/23/1999,09/21/2004,Historical,N,268960
138322,NPDES Permit,1,NPDMUNILRG,94-018,1B84029OMEN,03/24/1994,03/24/1999,Historical,N,268960
137885,NPDES Permit,1,NPDMUNILRG,89-024,1B84029OMEN,03/30/1989,03/30/1994,Historical,N,268960
137462,NPDES Permit,1,NPDMUNILRG,84-029,1B84029OMEN,03/29/1984,03/29/1989,Historical,N,268960
465633,Enrollee - NPDES,5S,NPDMUNILRG,R5-2023-0025,5A570800001,10/01/2026,09/30/2031,Active,N,268926
442761,NPDES Permit,5S,NPDMUNILRG,R5-2021-0007,5A570800001,04/01/2021,03/31/2026,Active,N,268926
440454,Co-Permitee,SB,SLIC,2020-0015-DWQ,5A570800001,07/09/2020,,Active,N,268926
399193,NPDES Permit,5S,NPDMUNILRG,R5-2014-0152,5A570800001,02/01/2015,01/31/2020,Historical,N,268926
361660,NPDES Permit,5S,NPDMUNILRG,R5-2008-0183,5A570800001,01/23/2009,12/01/2013,Historical,N,268926
132629,NPDES Permit,5S,NPDMUNILRG,R5-2003-0003A1,5A570800001,01/30/2003,01/30/2008,Historical,N,268926
146897,NPDES Permit,5S,NPDMUNILRG,97-236,5A570800001,10/24/1997,10/01/2002,Historical,N,268926
142005,NPDES Permit,5S,NPDMUNILRG,92-040,5A570800001,02/28/1992,03/01/1997,Historical,N,268926
140388,NPDES Permit,5S,NPDMUNILRG,90-069,5A570800001,03/23/1990,03/01/1995,Historical,N,268926
139547,NPDES Permit,5S,NPDMUNILRG,85-073,5A570800001,04/26/1985,04/01/1990,Historical,N,268926
452513,13267 Letter (Non-Enforcement),5F,WDRMUNIENROTH,,5C54NC00167,04/05/2023,,Active,N,269335
194952,Enrollee - WDR,5F,WDRMUNIENROTH,97-010-DWQ,5C54NC00167,11/18/1997,11/19/2012,Active,N,269335
162519,Unregulated,2,PTPRG,,2 019060001,,,Never Active,N,269042
448549,NPDES Permit,2,NPDMUNILRG,R2-2022-0023,2 019123001,09/01/2022,08/31/2027,Active,N,269042
450832,Co-Permitee,2,NPDMUNILRG,R2-2022-0023,2 019060001,09/01/2022,08/31/2027,Active,N,269042
430645,Co-Permitee,2,NPDMUNILRG,R2-2024-0013,2 019060001,07/01/2019,09/30/2029,Active,N,269042
416689,Co-Permitee,2,NPDMUNILRG,R2-2017-0016,2 019032002,07/01/2017,,Active,N,269042
415019,Co-Permitee,2,NPDMUNILRG,R2-2017-0016,2 019060001,07/01/2017,,Historical,N,269042
413161,NPDES Permit,2,NPDMUNILRG,R2-2017-0016,2 019123001,07/01/2017,07/01/2022,Historical,Y,269042
389160,Co-Permitee,2,NPDMUNILRG,R2-2017-0041,,01/01/2013,12/31/2017,Active,Y,269042
383587,Co-Permitee,2,NPDMUNILRG,R2-2012-0004,2 019060003,03/01/2012,02/28/2017,Historical,N,269042
382900,NPDES Permit,2,NPDMUNILRG,R2-2012-0004,2 019123001,03/01/2012,02/28/2017,Historical,Y,269042
388123,NPDES Permit,2,NPDMUNILRG,R2-2012-0004-05,2 019060001,03/01/2012,02/28/2017,Historical,N,269042
381392,NPDES Permit,2,NPDMUNILRG,R2-2011-0058,2 019209001,11/01/2011,10/31/2016,Historical,N,269042
378848,Co-Permitee,2,NPDMUNILRG,R2-2011-0012,,04/01/2011,12/31/2012,Historical,N,269042
360505,Co-Permitee,2,NPDMUNILRG,R2-2007-0077,,03/01/2008,12/31/2012,Historical,N,269042
307632,NPDES Permit,2,NPDMUNILRG,R2-2006-0053,2 019123001,10/01/2006,09/30/2011,Historical,Y,269042
307733,NPDES Permit,2,NPDMUNILRG,R2-2006-0053-05,2 019060001,10/01/2006,09/30/2011,Historical,N,269042
304108,NPDES Permit,2,NPDMUNIOTH,R2-2006-0031,2 019209001,05/10/2006,05/09/2011,Historical,Y,269042
132717,NPDES Permit,2,NPDMUNIOTH,R2-2004-0002,2 019060002,01/21/2004,01/21/2009,Historical,N,269042
148295,NPDES Permit,2,NPDMUNILRG,R2-2000-0087-05,2 019060001,08/16/2000,08/16/2005,Historical,Y,269042
148293,NPDES Permit,2,NPDMUNILRG,R2-2000-0087-01,2 019123001,08/16/2000,08/16/2005,Historical,Y,269042
142135,NPDES Permit,2,NPDMUNIOTH,95-053,2 019060002,03/15/1995,03/15/2000,Historical,Y,269042
143314,NPDES Permit,2,NPDMUNILRG,94-072-05,2 019060001,06/15/1994,06/15/1999,Historical,Y,269042
141594,NPDES Permit,2,NPDMUNILRG,89-098-05,2 019060001,06/21/1989,06/21/1994,Historical,Y,269042
145977,NPDES Permit,2,NPDMUNILRG,84-030-05,2 019060001,06/20/1984,06/20/1989,Historical,Y,269042
137891,WDR,1,WDRMUNIOTH,89-040,1B79054OSON,04/26/1989,04/24/2014,Active,N,269534
137395,WDR,1,WDRMUNIOTH,79-054,1B79054OSON,02/22/1979,02/22/1984,Historical,N,269534
319158,Individual Monitoring Requirem,1,WDRMUNIOTH,R1-2008-0028,1B73118OHUM,04/24/2008,04/24/2018,Active,N,269584
345109,Enrollee - WDR,1,WDRMUNIENROTH,97-010-DWQ,1B73118OHUM,04/24/2008,04/24/2023,Active,N,269584
137163,WDR,1,WDRMUNIOTH,86-164,1B73118OHUM,09/24/1986,09/20/2001,Historical,N,269584
136912,WDR,1,WDRMUNIOTH,73-118,1B73118OHUM,12/19/1973,12/19/1983,Historical,N,269584
153028,Unregulated,7,TPCA,,7A130703011,,,Historical,N,269449
445859,NPDES Permit,7,NPDMUNIOTH,R7-2021-0045,7A130703011,12/01/2021,11/30/2026,Active,N,269449
407223,NPDES Permit,7,NPDMUNIOTH,R7-2016-0004,7A130703011,07/01/2016,06/30/2021,Historical,N,269449
379978,NPDES Permit,7,NPDMUNIOTH,R7-2011-0021,7A130703011,07/01/2011,06/30/2016,Historical,N,269449
373677,Amendment,7,DODNPDESWW,R7-2010-0010,7A130703011,03/18/2010,,Historical,N,269449
306714,NPDES Permit,7,DODNPDESWW,R7-2006-0048,7A130703011,06/21/2006,06/21/2011,Historical,N,269449
145093,NPDES Permit,7,DODNPDESWW,R7-2001-0001,7A130703011,03/14/2001,03/14/2006,Historical,N,269449
136233,NPDES Permit,7,DODNPDESWW,95-095,7A130703011,11/29/1995,11/27/2000,Historical,N,269449
135133,NPDES Permit,7,DODNPDESWW,90-052,7A130703011,09/19/1990,09/19/1995,Historical,N,269449
135507,NPDES Permit,7,DODNPDESWW,85-076,7A130703011,10/02/1985,09/30/1990,Historical,N,269449
134737,NPDES Permit,7,DODNPDESWW,80-083,7A130703011,11/12/1980,11/12/1985,Historical,Y,269449
405195,WDR,7,WDRMUNILRG,R7-2016-0032,7A360702011,09/15/2016,09/15/2026,Active,Y,269589
385882,WDR,7,WDRMUNILRG,R7-2012-0002,7A360702011,06/21/2012,06/20/2022,Historical,N,269589
131920,WDR,7,WDRMUNILRG,02-006,7A360702011,03/13/2002,03/13/2007,Historical,N,269589
135916,WDR,7,WDRMUNILRG,93-032,7A360702011,05/19/1993,05/18/1998,Historical,N,269589
135757,WDR,7,WDRMUNILRG,88-010,7A360702011,01/27/1988,06/30/1992,Historical,N,269589
134997,WDR,7,WDRMUNILRG,84-085,7A360702011,09/19/1984,09/19/1987,Historical,N,269589
319757,WDR,1,WDRMUNILRG,R1-2012-0033,1B72033OSON,04/26/2012,04/25/2027,Active,Y,269543
385284,Resolution,1,WDRMUNILRG,R1-2012-0052,1B72033OSON,04/26/2012,,Historical,N,269543
377077,Enrollee,1,WDRMUNIENROTH,2004-0012-DWQ,1B10129RSON,03/14/2011,,Historical,N,269543
138229,WDR,1,WDRMUNILRG,85-162,1B72033OSON,12/05/1985,12/03/2012,Historical,N,269543
136907,WDR,1,WDRMUNILRG,72-033,1B72033OSON,06/28/1972,12/05/1985,Historical,N,269543
145259,WDR,6T,WDRMUNILRG,93-072,6A260154101,08/12/1993,08/13/1998,Active,N,269591
144888,WDR,6T,WDRMUNILRG,87-097,6A260154101,09/10/1987,09/10/1992,Historical,N,269591
144767,WDR,6T,WDRMUNILRG,74-128,6A260154101,10/24/1974,08/12/1992,Historical,N,269591
410165,NPDES Permit,2,NPDINDLRG,R2-2016-0043,2 071059001,01/01/2017,12/31/2021,Active,N,269601
389162,Co-Permitee,2,NPDINDLRG,R2-2017-0041,2 071059001,01/01/2013,12/31/2017,Active,N,269601
380277,NPDES Permit,2,NPDINDLRG,R2-2011-0048,2 071059001,09/01/2011,08/31/2016,Historical,N,269601
378849,Co-Permitee,2,NPDINDLRG,R2-2011-0012,2 071059001,04/01/2011,12/31/2012,Historical,N,269601
360953,Co-Permitee,2,NPDINDLRG,R2-2007-0077,2 071059001,03/01/2008,12/31/2012,Historical,N,269601
304104,NPDES Permit,2,NPDINDLRG,R2-2006-0029,2 071059001,07/01/2006,06/30/2011,Historical,Y,269601
148676,NPDES Permit,2,NPDESWW,R2-2000-0130,2 071059001,11/29/2000,11/29/2005,Historical,N,269601
148228,WDR,2,LFNONOPER,R2-2000-0044,2 071059002,06/21/2000,06/21/2010,Historical,N,269601
142754,NPDES Permit,2,NPDESWW,93-107,2 071059001,09/15/1993,09/15/1998,Historical,N,269601
141563,NPDES Permit,2,NPDESWW,88-085,2 071059001,05/18/1988,05/18/1993,Historical,N,269601
145586,NPDES Permit,2,NPDESWW,83-009,2 071059001,03/16/1983,03/16/1988,Historical,Y,269601
145573,WDR,2,LNDISP,82-054,2 071059002,09/15/1982,06/15/1993,Historical,Y,269601
440374,Co-Permitee,SB,SLIC,2020-0015-DWQ,9 000000030,07/09/2020,,Active,N,269989
425154,NPDES Permit,9,NPDMUNILRG,R9-2018-0059,9 000000030,11/01/2018,10/31/2023,Active,N,269989
378933,NPDES Permit,9,NPDMUNILRG,R9-2011-0019,,06/02/2011,06/01/2016,Historical,Y,269989
305385,NPDES Permit,9,NPDMUNILRG,R9-2005-0219,9 000000030,01/01/2006,01/01/2011,Historical,N,269989
161631,Unregulated,2,PTPRG,,2 482012001,,,Never Active,N,270006
451028,NPDES Permit,2,NPDMUNILRG,R2-2023-0001,2 482012001,04/01/2023,03/31/2028,Active,N,270006
430647,Co-Permitee,2,NPDMUNILRG,R2-2024-0013,2 482012001,07/01/2019,09/30/2029,Active,N,270006
416372,NPDES Permit,2,NPDMUNILRG,R2-2017-0035,2 482012001,11/01/2017,10/31/2022,Historical,Y,270006
389164,Co-Permitee,2,NPDMUNILRG,R2-2017-0041,2 482012001,01/01/2013,12/31/2017,Active,Y,270006
383096,NPDES Permit,2,NPDMUNILRG,R2-2012-0017,2 482012001,04/01/2012,03/31/2017,Historical,Y,270006
378836,Co-Permitee,2,NPDMUNILRG,R2-2011-0012,2 482012001,04/01/2011,12/31/2012,Historical,N,270006
360542,Co-Permitee,2,NPDMUNILRG,R2-2007-0077,2 482012001,03/01/2008,12/31/2012,Historical,N,270006
307959,NPDES Permit,2,NPDMUNILRG,R2-2006-0056,2 482012001,10/01/2006,01/31/2012,Historical,Y,270006
147544,NPDES Permit,2,NPDMUNILRG,R2-2000-0026,2 482012001,04/19/2000,04/19/2005,Historical,Y,270006
142199,NPDES Permit,2,NPDMUNILRG,88-153,2 482012001,10/19/1988,10/19/1993,Historical,Y,270006
145604,NPDES Permit,2,NPDMUNILRG,83-024,2 482012001,07/20/1983,07/20/1988,Historical,Y,270006
464130,NPDES Permit,7,NPDMUNILRG,R7-2026-0003,7A330122021,04/01/2026,03/31/2031,Active,N,270096
440324,Co-Permitee,SB,SLIC,2020-0015-DWQ,7A330122021,07/09/2020,,Active,N,270096
434967,NPDES Permit,7,NPDMUNILRG,R7-2020-0007,7A330122021,04/01/2020,03/31/2025,Historical,N,270096
401332,NPDES Permit,7,NPDMUNILRG,R7-2015-0002,7A330122021,06/01/2015,05/31/2020,Historical,N,270096
372761,NPDES Permit,7,NPDMUNILRG,R7-2010-0019,7A330122021,06/17/2010,06/16/2015,Historical,N,270096
261382,NPDES Permit,7,NPDMUNILRG,R7-2005-0081,7A330122021,11/01/2005,06/29/2010,Historical,N,270096
261352,NPDES Permit,7,NPDESWW,R7-2005-0081-ARCHIVED,7A330122021,06/29/2005,06/29/2010,Archived,N,270096
147539,NPDES Permit,7,NPDMUNILRG,R7-2000-0010,7A330122021,04/12/2000,04/12/2005,Historical,N,270096
135873,NPDES Permit,7,NPDMUNILRG,94-077,7A330122021,11/15/1994,11/15/1999,Historical,Y,270096
136786,NPDES Permit,7,NPDMUNILRG,89-077,7A330122021,11/29/1989,11/29/1994,Historical,N,270096
135443,NPDES Permit,7,NPDMUNILRG,85-012,7A330122021,01/23/1985,11/30/1989,Historical,Y,270096
452579,Enrollee - WDR,5S,WDRMUNIENROTH,2014-0153-DWQ,5B050104001,04/28/2023,09/23/2029,Active,N,270105
133379,WDR,5S,WDRMUNIOTH,R5-2005-0066,5B050104001,04/29/2005,04/29/2015,Historical,N,270105
141768,WDR,5S,WDR,94-148,5B050104001,05/20/1994,05/17/2004,Historical,N,270105
140150,WDR,5S,WDR,86-190,5B050104001,09/26/1986,09/26/1991,Historical,N,270105
139311,WDR,5S,WDR,73-065,5B050104001,08/25/1972,,Historical,N,270105
420930,Enrollee - WDR,5R,WDRMUNIOTH,2014-0153-DWQ,5A04NC00001,06/01/2018,09/23/2029,Active,N,270563
367538,WDR,5R,WDR,,5A04NC00001,07/27/2006,,Historical,N,270563
131178,WDR,5R,WDRMUNIOTH,01-276,5A04NC00001,12/07/2001,12/07/2016,Historical,N,270563
259699,Letter,6V,NPDESWW,LT941007,,,,Historical,N,270419
389952,Reclamation Requirements,6V,REC,,6B360109001,,,Never Active,N,270419
440500,Co-Permitee,SB,SLIC,2020-0015-DWQ,6B360109001,07/09/2020,,Active,N,270419
420359,NPDES Permit,6V,NPDMUNILRG,R6V-2020-0028,6B360109001,05/06/2020,05/06/2025,Active,N,270419
400390,Enrollee - WRR,6V,REC,2016-0068-DDW,6B361502002,01/11/2017,08/05/2026,Active,N,270419
389949,NPDES Permit,6V,NPDMUNILRG,R6V-2013-0038,6B360109001,09/05/2013,09/05/2018,Historical,N,270419
388243,WDR,6V,WDRMUNILRG,R6V-2012-0058,6B361911004,11/14/2012,11/17/2027,Active,N,270419
341535,NPDES Permit,6V,NPDMUNILRG,R6V-2008-0004,6B360109001,02/14/2008,02/14/2013,Historical,N,270419
145795,NPDES Permit,6V,NPDMUNILRG,R6V-1999-0058,6B360109001,11/17/1999,11/17/2004,Historical,N,270419
146490,NPDES Permit,6V,NPDMUNILRG,94-030,6B360109001,02/10/1994,02/10/1999,Historical,N,270419
146435,NPDES Permit,6V,NPDMUNILRG,89-019,6B360109001,01/12/1989,01/12/1994,Historical,N,270419
146087,NPDES Permit,6V,NPDMUNILRG,86-059,6B360109001,05/15/1986,05/15/1989,Historical,N,270419
147926,NPDES Permit,6V,NPDMUNILRG,81-052,6B360109001,06/18/1981,06/18/1984,Historical,N,270419
147918,NPDES Permit,6V,NPDMUNILRG,81-024,6B360109001,04/09/1981,04/09/1984,Historical,N,270419
147853,NPDES Permit,6V,NPDMUNILRG,76-020,6B360109001,02/29/1976,02/28/1979,Historical,N,270419
147342,NPDES Permit,6V,NPDMUNILRG,72-069,6B360109001,10/26/1972,10/26/1975,Historical,N,270419
132042,WDR,1,WDRMUNIOTH,R1-2002-0087,1B83045OSON,09/26/2002,09/26/2012,Active,Y,270618
137178,WDR,1,WDR,87-020,1B83045OSON,02/25/1987,02/22/1997,Historical,N,270618
137026,WDR,1,WDR,83-045,1B83045OSON,04/28/1983,04/28/1988,Historical,N,270618
463702,NPDES Permit,4,NPDMUNILRG,R4-2025-0272,4A560107009,12/18/2025,12/17/2030,Active,N,271054
440294,Co-Permitee,SB,SLIC,2020-0015-DWQ,4A560107001,07/09/2020,,Active,N,271054
437203,NPDES Permit,4,NPDMUNILRG,R4-2020-0024,4A560107001,04/01/2020,03/31/2025,Active,N,271054
387812,NPDES Permit,4,NPDMUNILRG,R4-2013-0174,4A560107001,01/01/2014,12/31/2018,Historical,N,271054
389852,13267 Letter (Non-Enforcement),4,NPDMUNILRG,R4-2008-0011,4A560107001,02/14/2013,,Historical,N,271054
343534,NPDES Permit,4,NPDMUNILRG,R4-2008-0011,4A560107001,03/06/2008,02/10/2013,Historical,Y,271054
307126,Letter,4,PTPRG,Letter,,07/25/2006,,Historical,N,271054
260589,Letter,4,WDR,1,,04/02/2001,,Historical,N,271054
148261,NPDES Permit,4,NPDMUNILRG,00-143,4A560107001,10/12/2000,09/10/2005,Historical,Y,271054
193000,Enrollee,4,NPDNONMUNIPRCS,97-045,4A566000381,12/15/1997,,Historical,N,271054
136294,NPDES Permit,4,NPDMUNILRG,95-074,4A560107001,06/12/1995,05/10/2000,Historical,N,271054
135090,NPDES Permit,4,NPDMUNILRG,89-093,4A560107001,09/25/1989,03/10/1994,Historical,N,271054
133823,Reclamation Requirements,4,REC,87-045-A01,4A560107002,04/27/1987,,Active,Y,271054
134370,NPDES Permit,4,NPDMUNILRG,84-09809,4A560107001,10/22/1984,03/10/1989,Historical,N,271054
133942,NPDES Permit,4,NPDMUNILRG,84-027,4A560107001,03/19/1984,03/10/1989,Historical,N,271054
134180,WDR,4,WDR,80-034,4A560311001,07/28/1980,07/26/1990,Historical,N,271054
141936,WDR,2,WDRMUNIOTH,91-092,2 215070001,06/19/1991,06/19/2006,Active,N,271593
141760,WDR,2,WDRMUNIOTH,86-050,2 215070001,07/16/1986,07/16/1991,Historical,N,271593
145967,WDR,2,WDRMUNIOTH,84-016,2 215070001,04/18/1984,04/18/1989,Historical,N,271593
422077,Enrollee - WDR,5S,WDRMUNIOTH,2014-0153-DWQ,5B050107007,06/14/2018,09/23/2029,Active,N,271617
132651,WDR,5S,WDRMUNIOTH,R5-2003-0101,5B050107007,06/06/2003,06/06/2013,Historical,Y,271617
139958,WDR,5S,WDR,87-215,5B050107007,12/11/1987,12/07/2002,Historical,N,271617
260813,Letter,4,WDR,1,,,,Historical,N,270849
435564,NPDES Permit,4,NPDMUNILRG,R4-2022-0174,4A190107023,07/01/2022,06/30/2027,Active,N,270849
440300,Co-Permitee,SB,SLIC,2020-0015-DWQ,4A190107023,07/09/2020,,Active,N,270849
395514,NPDES Permit,4,NPDMUNILRG,R4-2015-0071,4A190107023,05/03/2015,04/30/2020,Historical,N,270849
389840,13267 Letter (Non-Enforcement),4,NPDMUNILRG,R4-2009-0074,4A190107023,01/30/2013,,Historical,N,270849
369513,NPDES Permit,4,NPDMUNILRG,R4-2009-0074,4A190107023,07/24/2009,05/10/2014,Historical,Y,270849
132564,NPDES Permit,4,NPDMUNILRG,R4-2003-0145,4A190107023,12/26/2003,01/01/2010,Historical,Y,270849
136301,NPDES Permit,4,NPDMUNILRG,95-081,4A190107023,06/12/1995,05/10/2000,Historical,Y,270849
192886,Enrollee - NPDES,4,NPDNONMUNIPRCS,R4-2018-0125,4A196000102,07/16/1993,11/13/2023,Active,N,270849
134082,NPDES Permit,4,NPDMUNILRG,89-129,4A190107023,12/04/1989,08/10/1994,Historical,N,270849
133826,Reclamation Requirements,4,REC,87-048-A01,4A190107084,04/27/1987,,Active,Y,270849
133997,NPDES Permit,4,NPDMUNILRG,84-076,4A190107023,09/17/1984,08/10/1989,Historical,N,270849
134833,Reclamation Requirements,4,REC,81-036,4A190107084,07/27/1981,07/27/1984,Historical,N,270849
133754,NPDES Permit,4,NPDMUNILRG,79-126,4A190107023,07/23/1979,07/10/1984,Historical,N,270849
142218,WDR,2,WDRMUNIOTH,89-049,2 283032001,04/19/1989,04/19/2015,Active,N,271771
145992,WDR,2,WDRMUNIOTH,84-050,2 283032001,08/15/1984,08/15/1989,Historical,N,271771
141290,WDR,2,WDRMUNIOTH,87-068,2 283015001,06/17/1987,06/17/1997,Active,N,271772
146246,WDR,2,WDRMUNIOTH,73-043,2 283015001,07/24/1973,07/24/1978,Historical,N,271772
452532,13267 Letter (Non-Enforcement),5F,WDRMUNILRG,,5D150803003,05/04/2023,,Active,N,271740
144441,WDR,5F,WDRMUNILRG,90-217,5D150803003,08/10/1990,08/07/2000,Active,N,271740
440357,Co-Permitee,SB,SLIC,2020-0015-DWQ,8 303652001,07/09/2020,,Active,N,271777
402417,WDR,8,WDRMUNILRG,R8-2015-0023,8 303652001,06/19/2015,06/19/2025,Active,Y,271777
140354,WDR,8,WDRMUNILRG,94-003,8 302798001,03/11/1994,03/08/2004,Historical,N,271777
445985,NPDES Permit,5S,NPDMUNILRG,R5-2022-0004,5B39NP00085,04/01/2022,03/31/2027,Active,N,271781
440476,Co-Permitee,SB,SLIC,2020-0015-DWQ,5B391076001,07/09/2020,,Active,N,271781
438719,Enrollee - WDR,5S,REC,2016-0068-DDW,5B39NC00300,06/09/2020,08/05/2026,Active,N,271781
395597,WDR,5S,WDRMUNILRG,R5-2016-0028-02,5B391076001,04/21/2016,04/21/2026,Historical,Y,271781
395536,WDR,5S,WDRMUNILRG,R5-2015-0006,5B39NC00042,02/05/2015,02/05/2025,Historical,N,271781
329059,WDR,5S,WDRMUNILRG,R5-2006-0094,5B39NC00042,09/22/2006,03/17/2015,Historical,N,271781
133318,WDR,5S,WDRMUNILRG,05-045,5B39NC00042,03/17/2005,03/17/2015,Historical,N,271781
132348,WDR,3,WDRMUNILRG,R3-2003-0081,3 400309097,10/24/2003,10/24/2018,Active,N,271808
438991,NPDES Permit,5R,NPDMUNILRG,R5-2022-0033,5A040102001,08/01/2022,07/31/2027,Active,N,271805
440443,Co-Permitee,SB,SLIC,2020-0015-DWQ,5A040102001,07/09/2020,,Active,N,271805
397469,NPDES Permit,5R,NPDMUNILRG,R5-2016-0023,5A040102001,06/01/2016,05/31/2021,Historical,N,271805
397495,Letter,5R,NPDMUNILRG,,5A040102001,07/23/2014,,Historical,N,271805
396883,Letter,5R,NPDMUNILRG,R5-2010-0019,5A040102001,04/17/2014,,Historical,N,271805
373071,NPDES Permit,5R,NPDMUNILRG,R5-2010-0019,5A040102001,01/29/2010,01/01/2015,Historical,N,271805
371738,Enrollee,5R,NPDNONMUNIPRCS,R5-2008-0081,5A040102001,05/14/2009,05/30/2018,Historical,N,271805
132982,NPDES Permit,5R,NPDMUNILRG,R5-2004-0073,5A040102001,06/04/2004,06/01/2009,Historical,N,271805
148811,NPDES Permit,5R,NPDMUNILRG,R5-1999-0063,5A040102001,06/11/1999,06/01/2004,Historical,N,271805
135289,NPDES Permit,5R,NPDMUNILRG,94-175,5A040102001,06/24/1994,06/01/2004,Historical,Y,271805
134908,NPDES Permit,5R,NPDMUNILRG,89-080,5A040102001,05/26/1989,05/01/1994,Historical,N,271805
133419,NPDES Permit,5R,NPDMUNILRG,84-055,5A040102001,05/25/1984,05/25/1989,Historical,N,271805
466041,13267 Letter (Non-Enforcement),5S,WDRMUNILRG,R5-2026-0032-NRP4-09,5C500113001,07/21/2026,,Active,N,271836
440492,Co-Permitee,SB,SLIC,2020-0015-DWQ,5C500113001,07/09/2020,,Active,N,271836
140995,WDR,5S,WDRMUNILRG,94-273,5C500113001,09/16/1994,09/13/2004,Active,N,271836
139618,WDR,5S,WDRMUNILRG,85-190,5C500113001,06/28/1985,09/01/1991,Historical,N,271836
420594,Enrollee - WDR,5F,WDRMUNIOTH,2014-0153-DWQ,5C220701004,08/31/2018,09/23/2029,Active,N,271887
373917,NPDES Permit,5F,NPDMUNIOTH,R5-2013-0092,5C220701004,09/18/2013,09/01/2018,Historical,N,271887
298725,NPDES Permit,5F,NPDMUNIOTH,R5-2005-0155,5C220701004,10/21/2005,10/21/2010,Historical,Y,271887
147429,NPDES Permit,5F,NPDMUNIOTH,99-137,5C220701004,10/29/1999,10/01/2004,Historical,N,271887
145871,NPDES Permit,5F,NPDMUNIOTH,94-174,5C220701004,06/24/1994,06/01/1999,Historical,N,271887
144077,NPDES Permit,5F,NPDMUNIOTH,89-077,5C220701004,05/26/1989,05/01/1994,Historical,N,271887
144928,NPDES Permit,5F,NPDMUNIOTH,79-111,5C220701004,04/27/1979,06/30/1989,Historical,N,271887
440269,Co-Permitee,SB,SLIC,2020-0015-DWQ,3 440104001,07/09/2020,,Active,N,271872
396491,NPDES Permit,3,NPDMUNILRG,R3-2014-0006,3 440104001,07/11/2014,07/10/2019,Active,N,271872
364303,NPDES Permit,3,NPDMUNILRG,R3-2008-0016x,3 440104001,05/09/2008,05/09/2013,Superceded,N,271872
364301,NPDES Permit,3,NPDMUNILRG,R3-2008-0016,3 440104001,05/09/2008,05/09/2013,Historical,N,271872
346122,NPDES Permit,3,NPDMUNILRG,0016-08/09 Rpts,3 440104001,05/09/2008,02/28/2009,Superceded,N,271872
303265,NPDES Permit,3,NPDMUNILRG,R3-2003-0040,3 440104001,05/16/2003,05/30/2008,Historical,N,271872
147276,NPDES Permit,3,NPDMUNILRG,98-019,,10/23/1998,05/29/2003,Historical,N,271872
147459,NPDES Permit,3,NPDMUNILRG,93-030,3 440104001,05/14/1993,05/14/1998,Historical,N,271872
144915,NPDES Permit,3,NPDMUNILRG,88-009,3 440104001,11/18/1988,11/01/1993,Historical,N,271872
143641,NPDES Permit,3,NPDMUNILRG,84-047,3 440104001,07/13/1984,11/01/1993,Historical,N,271872
381306,WDR,1,WDRMUNILRG,R1-2018-0004,1A84072OTRI,04/19/2018,04/19/2028,Active,N,271915
139225,WDR,1,WDRMUNILRG,97-094,1A84072OTRI,09/25/1997,09/23/2013,Historical,N,271915
137508,WDR,1,WDRMUNILRG,84-072,1A84072OTRI,05/31/1984,09/25/1997,Historical,N,271915
138756,WDR,1,WDRMUNILRG,96-07002,1A80192OSIS,09/26/1996,09/24/2016,Active,N,271942
138176,WDR,1,WDRMUNILRG,85-07701,1A80192OSIS,05/23/1985,05/21/2005,Historical,N,271942
136638,WDR,1,WDRMUNILRG,80-192,1A80192OSIS,12/04/1980,05/23/1985,Historical,N,271942
138755,WDR,1,WDRMUNILRG,96-07001,1A80191OSIS,09/26/1996,09/24/2016,Active,N,271945
138177,WDR,1,WDRMUNILRG,85-07702,1A80191OSIS,05/23/1985,05/21/1996,Historical,N,271945
428683,WDR,1,WDRMUNIOTH,R1-2019-0003,1B87042NHUM,02/21/2019,02/21/2029,Active,N,272009
138331,WDR,1,WDRMUNIOTH,94-032,1B87042NHUM,02/24/1994,07/04/2017,Historical,N,272009
137886,WDR,1,WDRMUNIOTH,89-025,1B87042NHUM,03/30/1989,03/30/1994,Historical,N,272009
161765,Unregulated,2,PTPRG,,2 071040001,,,Never Active,N,272082
457271,NPDES Permit,2,NPDMUNILRG,R2-2024-0008,2 071107001,08/01/2024,07/31/2029,Active,N,272082
458564,Co-Permitee,2,NPDMUNILRG,R2-2024-0008,2 071040001,08/01/2024,,Active,N,272082
430649,Co-Permitee,2,NPDMUNILRG,R2-2024-0013,2 071040001,07/01/2019,09/30/2029,Active,N,272082
430266,Co-Permitee,2,NPDMUNILRG,R2-2019-0003,2 071040001,04/01/2019,03/31/2024,Historical,N,272082
428795,NPDES Permit,2,NPDMUNILRG,R2-2019-0003,2 071107001,04/01/2019,03/31/2024,Historical,Y,272082
390243,NPDES Permit,2,NPDMUNILRG,R2-2013-0016,2 071107001,07/01/2013,06/30/2018,Historical,Y,272082
415014,Co-Permitee,2,NPDMUNILRG,R2-2013-0016,2 071040001,07/01/2013,,Historical,N,272082
349718,NPDES Permit,2,NPDMUNILRG,R2-2008-0003,2 071037001,04/01/2008,03/31/2013,Historical,Y,272082
383684,Co-Permitee,2,NPDMUNILRG,R2-2008-0003,2 071040001,04/01/2008,03/31/2013,Historical,N,272082
131773,NPDES Permit,2,NPDMUNILRG,01-14403,2 071040001,10/31/2001,10/31/2006,Historical,N,272082
131140,NPDES Permit,2,NPDMUNILRG,R2-2001-0144,2 071107001,10/31/2001,11/28/2006,Historical,N,272082
143293,NPDES Permit,2,NPDMUNILRG,94-01403,2 071040001,01/19/1994,01/19/1999,Historical,Y,272082
347494,NPDES Permit,2,NPDESWW,88-071,2 071107001,05/18/1988,05/18/1993,Never Active,N,272082
347497,NPDES Permit,2,NPDESWW,88-071-03,2 071040001,05/18/1988,05/18/1993,Historical,N,272082
438755,Enrollee - WDR,5S,WDRMUNIOTH,2014-0153-DWQ,5B05NC00025,06/18/2020,09/23/2029,Active,N,272109
140868,WDR,5S,WDRMUNIOTH,93-078,5B052009002,06/25/1993,06/23/2003,Historical,N,272109
140871,WDR,5S,WDRMUNILRG,93-087,5C500111001,06/25/1993,06/23/2003,Active,N,272279
139305,WDR,5S,WDRMUNILRG,72-298,5C500111001,06/23/1972,08/01/1990,Historical,N,272279
447749,NPDES Permit,7,NPDMUNIOTH,R7-2023-0002,7A130112012,04/01/2023,03/31/2028,Active,N,272291
416553,NPDES Permit,7,NPDMUNIOTH,R7-2017-0017,7A130112012,10/01/2017,09/30/2022,Historical,N,272291
382957,NPDES Permit,7,NPDMUNIOTH,R7-2012-0013,7A130112012,10/01/2012,09/30/2017,Historical,N,272291
328136,NPDES Permit,7,NPDMUNIOTH,R7-2007-0034,7A130112012,09/19/2007,09/19/2012,Historical,Y,272291
131324,NPDES Permit,7,NPDMUNIOTH,R7-2002-0004,7A130112012,01/16/2002,01/16/2007,Historical,Y,272291
136335,NPDES Permit,7,NPDMUNIOTH,98-001,7A130112012,01/08/1998,01/07/2003,Historical,Y,272291
135614,NPDES Permit,7,NPDMUNIOTH,92-014,7A130112012,03/11/1992,03/11/1997,Historical,N,272291
136279,NPDES Permit,7,NPDMUNIOTH,86-037,7A130112012,05/21/1986,03/30/1992,Historical,N,272291
138704,WDR,1,WDRMUNIOTH,96-028,1B75260OMEN,05/23/1996,05/21/2018,Active,N,272298
138174,WDR,1,WDRMUNIOTH,85-073,1B75260OMEN,05/23/1985,05/21/1995,Historical,N,272298
429567,WDR,5R,WDRMUNILRG,R5-2019-0061,5A180102001,06/07/2019,06/07/2029,Active,N,272344
148512,WDR,5R,WDRMUNILRG,R5-2001-0253,5A180102001,10/19/2001,10/19/2015,Historical,N,272344
135229,WDR,5R,WDRMUNILRG,93-242,5A180102001,12/03/1993,12/03/2003,Historical,N,272344
133474,WDR,5R,WDRMUNILRG,85-081,5A180102001,04/26/1985,01/01/1990,Historical,N,272344
145735,WDR,5R,WDRMUNILRG,78-120,5A180102001,09/08/1978,04/26/1985,Historical,N,272344
142238,WDR,9,WDRMUNILRG,R9-1994-0080,9 000000157,06/09/1994,06/09/2014,Active,N,272418
142725,WDR,9,WDRMUNILRG,85-085,9 000000157,11/04/1985,11/04/1990,Historical,Y,272418
141894,WDR,9,WDRMUNILRG,81-025,9 000000157,06/01/1981,06/01/1986,Historical,N,272418
184989,Enrollee - WDR,3,WDRMUNIENROTH,97-010-DWQ,3 271018003,06/17/2011,06/17/2026,Active,N,272434
147289,WDR,3,WDRMUNIOTH,98-076,3 271018003,07/10/1998,,Historical,N,272434
143002,WDR,3,WDRMUNIOTH,81-014,3 271018003,03/13/1981,05/30/2006,Historical,N,272434
404820,Enrollee - WDR,5R,WDRMUNIOTH,2014-0153-DWQ,5A321018001,12/09/2015,12/01/2031,Active,N,272456
134022,WDR,5R,WDRMUNILRG,92-127,5A321018001,06/26/1992,06/26/2002,Historical,N,272456
194460,Enrollee - WDR,5S,WDRMUNIENROTH,97-010-DWQ,5A310802002,08/22/2002,08/21/2007,Active,N,272480
146426,WDR,5S,WDR,95-127,5A310802002,05/26/1995,05/26/2010,Historical,N,272480
138530,WDR,5S,WDR,59-118,5A310802002,03/19/1959,03/15/1974,Historical,N,272480
456631,Enrollee - WDR,3,WDRMUNILRG,R3-2020-0020,3 401021001,04/18/2024,09/24/2030,Active,N,272525
146997,WDR,3,WDRMUNILRG,95-057,3 401021001,07/14/1995,07/10/2010,Historical,N,272525
146664,WDR,3,WDRMUNILRG,93-092,3 401021001,11/12/1993,11/08/2008,Historical,N,272525
143026,WDR,3,WDRMUNILRG,82-034,3 401021001,03/19/1982,03/01/1992,Historical,N,272525
462451,WDR,5S,WDRMUNILRG,R5-2025-0046,5B390103002,08/22/2025,08/22/2035,Active,N,272444
461529,Enrollee - NPDES,5S,NPDMUNILRG,R5-2023-0025,5B39NP00073,04/01/2025,03/31/2030,Active,N,272444
429451,Enrollee - NPDES,5S,NPDMUNILRG,R5-2017-0085,5B39NP00073,04/01/2025,04/01/2030,Historical,N,272444
440479,Co-Permitee,SB,SLIC,2020-0015-DWQ,5B390103002,07/09/2020,,Active,N,272444
428201,Enrollee - WRR,5S,WDRMUNILRG,2016-0068-DDW,5B39NC00283,12/28/2018,08/05/2026,Active,N,272444
419666,Enrollee - WDR,5S,WDRNONMUNIPRCS,2003-0003-DWQ,5B39NC00242,03/23/2018,03/22/2023,Historical,N,272444
393806,NPDES Permit,5S,NPDMUNILRG,R5-2013-0125,5B39NP00073,11/23/2013,11/01/2018,Historical,Y,272444
333528,WDR,5S,WDRMUNILRG,R5-2007-0113,5B390103002,11/03/2007,09/01/2012,Historical,Y,272444
147733,NPDES Permit,5S,NPDMUNILRG,R5-2000-0031,5B390103002,01/28/2000,01/01/2005,Historical,Y,272444
140829,NPDES Permit,5S,NPDMUNILRG,93-030,5B390103002,02/26/1993,02/01/1998,Historical,N,272444
139851,NPDES Permit,5S,NPDMUNILRG,86-041,5B390103002,02/28/1986,02/01/1991,Historical,N,272444
139466,NPDES Permit,5S,NPDMUNILRG,80-115,5B390103002,09/12/1980,,Historical,N,272444
131300,WDR,5S,WDRMUNILRG,R5-2002-0077,5A57NC00004,04/26/2002,04/26/2012,Active,Y,272537
132029,WDR,5S,WDRMUNIOTH,R5-2002-0168,5B03NC00004,09/06/2002,09/06/2017,Active,N,272563
438175,NPDES Permit,1,NPDMUNILRG,R1-2021-0021,1B80078OMEN,02/01/2022,01/31/2027,Active,Y,272646
440251,Co-Permitee,SB,SLIC,2020-0015-DWQ,1B80078OMEN,07/09/2020,,Active,N,272646
400116,NPDES Permit,1,NPDMUNILRG,R1-2015-0029,1B80078OMEN,12/01/2015,11/30/2020,Historical,N,272646
319156,NPDES Permit,1,NPDMUNILRG,R1-2010-0017,1B80078OMEN,08/01/2010,07/31/2015,Historical,N,272646
261136,Letter,1,NPDESWW,013004,1B80078OMEN,01/30/2004,,Historical,N,272646
148565,NPDES Permit,1,NPDMUNILRG,R1-2001-0071,1B80078OMEN,06/28/2001,09/30/2010,Historical,N,272646
260682,Letter,1,NPDESWW,001,1B80078OMEN,04/27/2001,,Historical,N,272646
138077,NPDES Permit,1,NPDMUNILRG,95-049,1B80078OMEN,06/22/1995,06/20/2000,Historical,N,272646
137280,NPDES Permit,1,NPDMUNILRG,90-092,1B80078OMEN,06/27/1990,06/27/1995,Historical,N,272646
138221,NPDES Permit,1,NPDMUNILRG,85-103,1B80078OMEN,07/25/1985,07/25/1990,Historical,N,272646
422942,Enrollee - WDR,5S,WDRMUNIOTH,2014-0153-DWQ,5B052000001,10/06/2018,09/23/2029,Active,N,272716
146697,WDR,5S,WDRMUNIOTH,98-044,5B052000001,02/27/1998,02/23/2013,Historical,N,272716
139651,WDR,5S,WDR,82-015,5B052000001,02/26/1982,02/22/1997,Historical,N,272716
447786,Enrollee - NPDES,5R,NPDMUNILRG,R5-2023-0025,5A110101001,10/02/2023,10/01/2028,Active,N,272704
440446,Co-Permitee,SB,SLIC,2020-0015-DWQ,5A110101001,07/09/2020,,Active,N,272704
410961,NPDES Permit,5R,NPDMUNILRG,R5-2016-0090,5A110101001,12/06/2016,12/05/2021,Historical,N,272704
400393,Letter,5R,NPDMUNILRG,R5-2011-0072,5A110101001,03/26/2015,,Historical,N,272704
397345,Letter,5R,NPDMUNILRG,R5-2011-0072,5A110101001,07/18/2014,,Historical,N,272704
396110,Letter,5R,NPDMUNILRG,R5-2011-0072,5A110101001,03/24/2014,,Historical,N,272704
395217,Letter,5R,NPDMUNILRG,R5-2011-0072,5A110101001,01/03/2014,,Historical,N,272704
387915,Letter,5R,NPDESWW,,5A110101001,10/29/2012,,Historical,N,272704
374966,NPDES Permit,5R,NPDMUNILRG,R5-2011-0072,5A110101001,12/02/2011,12/01/2016,Historical,N,272704
313234,NPDES Permit,5R,NPDMUNILRG,R5-2006-0009,5A110101001,01/26/2006,02/01/2012,Historical,N,272704
148423,NPDES Permit,5S,NPDESWW,01-066,5A110101001,03/16/2001,03/01/2006,Historical,N,272704
148423,NPDES Permit,5R,NPDESWW,01-066,5A110101001,03/16/2001,03/01/2006,Historical,N,272704
146184,NPDES Permit,5S,NPDMUNILRG,96-102,5A110101001,05/03/1996,05/31/2001,Historical,N,272704
140725,NPDES Permit,5S,NPDMUNILRG,90-210,5A110101001,08/10/1990,08/01/1995,Historical,N,272704
139135,NPDES Permit,5S,NPDMUNILRG,84-135,5A110101001,11/28/1984,08/10/1990,Historical,N,272704
146132,WDR,5S,WDRMUNIOTH,5-00-026,5A171018001,01/27/2000,01/27/2010,Active,N,272758
140318,WDR,5S,WDR,88-148,5A171018001,08/12/1988,08/10/1998,Historical,N,272758
140132,WDR,5S,WDR,86-114,5A171018001,05/30/1986,05/30/1991,Historical,N,272758
139302,WDR,5S,WDR,72-261,5A171018001,05/26/1972,,Historical,N,272758
465540,Individual Monitoring Requirem,5S,NPDMUNIOTH,R5-2026-0803,5A060103001,10/01/2026,,Active,N,272631
433345,Enrollee - NPDES,5S,NPDMUNIOTH,R5-2023-0025,5A060103001,08/01/2019,09/30/2031,Active,N,272631
396977,NPDES Permit,5S,NPDMUNIOTH,R5-2014-0078,5A060103001,08/01/2014,07/31/2019,Historical,N,272631
365337,NPDES Permit,5S,NPDMUNIOTH,R5-2008-0185-01,5A060103001,12/05/2008,12/01/2013,Historical,Y,272631
148425,NPDES Permit,5S,NPDMUNIOTH,R5-2001-0049,5A060103001,03/16/2001,03/01/2006,Historical,Y,272631
146229,NPDES Permit,5S,NPDMUNIOTH,96-148,5A060103001,05/03/1996,05/03/2001,Historical,N,272631
140724,NPDES Permit,5S,NPDMUNIOTH,90-209,5A060103001,08/10/1990,08/01/1995,Historical,N,272631
139602,NPDES Permit,5S,NPDMUNIOTH,85-143,5A060103001,05/31/1985,05/01/1990,Historical,N,272631
397519,Individual Monitoring Requirem,5S,WDRINDIVLRG,R5-2002-0136 (REV 3),5A570104001,07/28/2014,,Active,N,272837
380159,Individual Monitoring Requirem,5S,WDR,R5-2002-0136 (REV 2),5A570104001,07/01/2011,07/19/2012,Historical,N,272837
131692,WDR,5S,WDRMUNILRG,R5-2002-0136,5A570104001,07/19/2002,07/19/2012,Active,Y,272837
141962,WDR,5S,WDR,91-232,5A570104001,11/22/1991,11/19/2001,Historical,N,272837
141381,WDR,5S,WDR,89-174,5A570104001,09/22/1989,09/22/1994,Historical,N,272837
140459,WDR,5S,WDR,84-024,5A570104001,02/24/1984,02/24/1994,Historical,N,272837
141175,WDR,5S,WDRMUNILRG,93-213,5B390109001,10/22/1993,10/20/2003,Active,N,272919
139312,WDR,5S,WDR,73-066,5B390109001,08/25/1972,11/02/1995,Historical,N,272919
427515,NPDES Permit,1,NPDMUNILRG,R1-2020-0010,1B82037OSON,10/01/2020,09/30/2025,Active,Y,272790
440666,Individual Monitoring Requirem,1,WDRMUNIENROTH,R1-2020-0031,1B20091RSON,09/29/2020,08/05/2026,Active,N,272790
440248,Co-Permitee,SB,SLIC,2020-0015-DWQ,1B82037OSON,07/09/2020,,Active,N,272790
382410,NPDES Permit,1,NPDMUNILRG,R1-2013-0042,1B82037OSON,02/01/2014,01/31/2019,Historical,N,272790
323890,NPDES Permit,1,NPDMUNILRG,R1-2007-0013,1B82037OSON,06/14/2007,08/12/2012,Historical,Y,272790
131336,NPDES Permit,1,NPDMUNILRG,R1-2002-0013,1B82037OSON,01/24/2002,01/24/2007,Historical,N,272790
260626,Letter,1,NPDESWW,001,,04/27/2001,,Historical,N,272790
138703,NPDES Permit,1,NPDMUNILRG,96-027,1B82037OSON,05/23/1996,05/22/2001,Historical,N,272790
137702,NPDES Permit,1,NPDMUNILRG,91-034,1B82037OSON,05/23/1991,05/23/1996,Historical,N,272790
137290,NPDES Permit,1,NPDMUNILRG,90-139,1B82037OSON,08/16/1990,08/16/1995,Historical,N,272790
137181,NPDES Permit,1,NPDMUNILRG,87-039,1B82037OSON,03/26/1987,07/01/1990,Historical,N,272790
136707,NPDES Permit,1,NPDMUNILRG,82-037,1B82037OSON,04/22/1982,04/22/1987,Historical,N,272790
145322,WDR,6T,WDRMUNIOTH,95-021,6A020013000,02/09/1995,02/10/2000,Active,N,272945
145052,WDR,6T,WDRMUNIOTH,88-085,6A020013000,06/06/1988,06/06/1993,Historical,N,272945
144753,WDR,6T,WDRMUNIOTH,74-017,6A020013000,02/28/1974,02/28/1979,Historical,N,272945
143798,WDR,5F,WDRMUNILRG,82-006,5D540112003,01/22/1982,01/18/1997,Active,N,272986
143631,WDR,5F,WDRMUNILRG,70-138,5D540112003,03/20/1970,03/30/1992,Historical,N,272986
401770,Enrollee - WDR,9,WDRMUNIOTH,WQO-2014-0090-DWQ,9 000000830,,,Never Active,N,272975
403881,WDR,9,WDRMUNILRG,R9-2015-0104,9 000000830,12/16/2015,12/16/2020,Active,N,272975
308305,WDR,9,WDR,98-09,9 000000830,08/28/2006,,Historical,N,272975
142911,WDR,9,WDRMUNIOTH,98-009,9 000000830,08/12/1998,08/12/2013,Historical,Y,272975
406725,Enrollee - WDR,5S,REC,2016-0068-DDW,5A57NC00046,05/26/2026,,Active,N,272960
464598,NPDES Permit,5S,NPDMUNILRG,R5-2026-0004,5A570105001,04/01/2026,03/31/2031,Active,N,272960
440459,Co-Permitee,SB,SLIC,2020-0015-DWQ,5A570105001,07/09/2020,,Active,N,272960
438341,NPDES Permit,5S,NPDMUNILRG,R5-2020-0015,5A570105001,06/01/2020,05/31/2025,Historical,N,272960
398643,NPDES Permit,5S,NPDMUNILRG,R5-2014-0120-01,5A570105001,12/01/2014,11/30/2019,Historical,Y,272960
362114,NPDES Permit,5S,NPDMUNILRG,R5-2009-0010,5A570105001,03/27/2009,02/01/2014,Historical,N,272960
305260,NPDES Permit,5S,NPDMUNILRG,R5-2003-0031-R01,5A570105001,09/16/2005,03/30/2008,Historical,N,272960
194656,Enrollee,5S,NPDNONMUNIPRCS,2004-0009-DWQ,5A57AP00001,05/19/2005,05/19/2009,Historical,N,272960
131959,NPDES Permit,5S,NPDMUNILRG,R5-2003-0031,5A570105001,03/13/2003,09/14/2005,Historical,N,272960
131666,NPDES Permit,5S,NPDMUNILRG,98-021R1,5A570105001,03/01/2002,03/01/2007,Historical,N,272960
146363,NPDES Permit,5S,NPDMUNILRG,98-021,5A570105001,01/23/1998,01/30/2003,Historical,N,272960
140520,NPDES Permit,5S,NPDMUNILRG,92-093,5A570105001,05/29/1992,05/01/1997,Historical,N,272960
140935,NPDES Permit,5S,NPDMUNILRG,87-093,5A570105001,05/22/1987,05/01/1992,Historical,N,272960
139664,NPDES Permit,5S,NPDMUNILRG,82-092,5A570105001,07/23/1982,,Historical,N,272960
141279,WDR,5S,WDRMUNIOTH,94-359,5C500112001,12/09/1994,12/05/2009,Active,N,272989
140019,WDR,5S,WDRMUNIOTH,75-066,5C500112001,03/21/1975,03/31/1994,Historical,N,272989
440407,Co-Permitee,SB,SLIC,2020-0015-DWQ,5C200100001,07/09/2020,,Active,N,273106
144724,WDR,5F,WDRMUNILRG,90-271,5C200100001,09/28/1990,09/25/2000,Active,N,273106
144431,WDR,5F,WDRMUNILRG,90-180,5C200100001,06/22/1990,06/22/1995,Historical,N,273106
144445,WDR,5F,WDRMUNILRG,72-178,5C200100001,02/25/1972,04/30/1988,Historical,N,273106
440398,Co-Permitee,SB,SLIC,2020-0015-DWQ,5D150107001,07/09/2020,,Active,N,273104
338006,Enrollee,5F,WDR,77-069,5C150107001,07/14/2000,,Historical,N,273104
147823,WDR,5F,WDRMUNILRG,00-093,5D150107001,04/28/2000,04/28/2010,Active,N,273104
144639,WDR,5F,WDRMUNILRG,86-105,5D150107001,05/30/1986,05/27/1996,Historical,N,273104
143560,WDR,5F,WDRMUNILRG,52-128,5D150107001,06/30/1952,06/30/1996,Historical,N,273104
145874,WDR,5F,WDRMUNILRG,94-184,5D100101001,06/24/1994,06/21/2004,Active,N,273107
143395,WDR,5F,WDRMUNILRG,80-064,5D100101001,05/30/1980,09/30/1990,Historical,N,273107
143562,WDR,5F,WDRMUNILRG,53-027,5D100101001,12/30/1953,12/30/1990,Historical,N,273107
443393,WDR,5F,WDRMUNILRG,R5-2021-0025-01,5D160102001,04/22/2021,04/22/2031,Active,Y,273108
440408,Co-Permitee,SB,SLIC,2020-0015-DWQ,5D160102001,07/09/2020,,Active,N,273108
144786,WDR,5F,WDRMUNILRG,91-138,5D160102001,06/28/1991,06/25/2001,Historical,N,273108
143765,WDR,5F,WDRMUNILRG,81-119,5D160102001,12/11/1981,03/30/1990,Historical,N,273108
440403,Co-Permitee,SB,SLIC,2020-0015-DWQ,5D150102001,07/09/2020,,Active,N,273109
375255,WDR,5F,WDRMUNILRG,R5-2017-0052,5D150102001,04/07/2017,04/07/2027,Active,N,273109
132094,WDR,5F,WDRMUNILRG,5-01-247,5D150102001,10/19/2001,10/19/2011,Historical,N,273109
144723,WDR,5F,WDRMUNILRG,90-270,5D150102001,09/28/1990,09/25/2000,Historical,N,273109
144628,WDR,5F,WDRMUNILRG,86-070,5D150102001,03/28/1986,03/30/1991,Historical,N,273109
446840,WDR,5F,WDRMUNILRG,R5-2023-0046,5D540101001,10/12/2023,10/12/2033,Active,N,273110
440405,Co-Permitee,SB,SLIC,2020-0015-DWQ,5D540101001,07/09/2020,,Active,N,273110
334544,WDR,5F,WDRMUNILRG,Never Active,5D540101001,04/04/2008,,Never Active,N,273110
145349,WDR,5F,WDRMUNILRG,95-200,5D540101001,08/17/1995,08/14/2005,Historical,N,273110
143819,WDR,5F,WDRMUNILRG,82-113,5D540101001,09/24/1982,09/21/1992,Historical,N,273110
194921,WDR,5F,WDRMUNILRG,92-094,5C240102001,05/29/1992,05/28/2002,Active,N,273111
360445,WDR,5F,NPDESWW,92-094,5C240102001,05/29/1992,11/15/1992,Historical,N,273111
144728,WDR,5F,NPDESWW,90-284,5C240102H01,11/02/1990,05/29/1992,Historical,N,273111
144114,WDR,5F,NPDESWW,84-141,5C240102H01,11/28/1984,09/30/1989,Historical,N,273111
440404,Co-Permitee,SB,SLIC,2020-0015-DWQ,5D540103001,07/09/2020,,Active,N,273112
389709,Letter,5F,WDRMUNILRG,,5D540103001,04/02/2013,,Active,N,273112
131464,WDR,5F,WDRMUNILRG,02-063,5D540103001,04/26/2002,,Active,Y,273112
145638,NPDES Permit,5F,NPDMUNILRG,96-040,5D540103001,02/23/1996,02/01/2001,Historical,N,273112
144685,NPDES Permit,5F,WDRMUNILRG,90-244,5D540103001,09/28/1990,10/01/1995,Historical,N,273112
144112,NPDES Permit,5F,WDRMUNILRG,84-099,5D540103001,09/28/1984,12/30/1989,Historical,N,273112
144929,NPDES Permit,5F,WDRMUNILRG,79-112,5D540103001,05/25/1979,01/30/1990,Historical,N,273112
441321,WDR,5F,WDRMUNILRG,R5-2022-0026,5D540117001,04/21/2022,04/21/2032,Active,N,273113
440406,Co-Permitee,SB,SLIC,2020-0015-DWQ,5D540117001,07/09/2020,,Active,N,273113
144651,WDR,5F,WDRMUNILRG,86-152,5D540117001,08/08/1986,08/05/1996,Historical,N,273113
143229,WDR,5F,WDRMUNILRG,69-084,5D540117001,12/13/1969,12/13/1974,Historical,N,273113
465326,WDR,5F,WDRMUNILRG,R5-2026-0017,5C100103001,04/17/2026,04/17/2036,Active,N,273114
145593,WDR,5F,WDRMUNILRG,98-230,5C100103001,12/11/1998,12/08/2008,Historical,N,273114
144855,WDR,5F,WDRMUNILRG,92-227,5C100103001,12/04/1992,12/02/2002,Historical,N,273114
144318,WDR,5F,WDRMUNILRG,79-019,5C100103001,01/26/1979,09/30/1989,Historical,N,273114
443811,Letter,5F,WDRMUNILRG,,5D100105001,05/12/2021,,Historical,N,273115
443778,Letter,5F,WDRMUNILRG,,5D100105001,01/28/2021,,Historical,N,273115
440402,Co-Permitee,SB,SLIC,2020-0015-DWQ,5D100105001,07/09/2020,,Active,N,273115
427699,WDR,5F,WDRMUNILRG,R5-2018-0080,5D100105001,12/07/2018,12/07/2023,Active,N,273115
131119,WDR,5F,WDRMUNILRG,5-01-254,5D100105001,10/19/2001,10/19/2011,Historical,N,273115
145643,WDR,5F,WDRMUNILRG,96-054,5D100105001,02/23/1996,02/21/2001,Historical,N,273115
145875,WDR,5F,WDRMUNILRG,94-185,5D100105001,06/24/1994,06/23/1999,Historical,N,273115
144240,WDR,5F,WDRMUNILRG,77-067,5D100105001,04/22/1977,09/30/1989,Historical,N,273115
440420,Co-Permitee,SB,SLIC,2020-0015-DWQ,5D160103001,07/09/2020,,Active,N,273118
453402,Individual Monitoring Requirem,5F,WDRMUNILRG,5-01-153,5D160103001,11/01/2016,,Active,N,273118
170335,Resolution,5F,PTPRG,Get from file,5D16PT00001,06/17/2005,,Active,N,273118
148388,WDR,5F,WDRMUNILRG,5-01-153,5D160103001,06/14/2001,06/14/2011,Active,N,273118
144792,WDR,5F,WDRMUNILRG,91-164,5D160103001,07/26/1991,07/23/2001,Historical,N,273118
143490,WDR,5F,WDRMUNILRG,74-130,5D160103001,12/14/1974,06/30/1990,Historical,N,273118
456233,WDR,5F,WDRMUNILRG,R5-2024-0007,5D165009001,02/16/2024,02/16/2034,Active,N,273120
421938,WDR,5F,WDRMUNILRG,R5-2019-0008,5D165009001,02/08/2019,02/08/2029,Historical,N,273120
392928,Letter,5F,WDRMUNILRG,,5D160104001,09/05/2013,,Active,N,273120
145642,WDR,5F,WDRMUNILRG,96-050,5D160104001,02/23/1996,02/20/2006,Historical,N,273120
144294,WDR,5F,WDRMUNILRG,78-089,5D160104001,07/28/1978,07/25/1988,Historical,N,273120
143739,WDR,5F,WDRMUNILRG,72-097,5D160104001,10/22/1972,06/30/1989,Historical,N,273120
440418,Co-Permitee,SB,SLIC,2020-0015-DWQ,5D100107001,07/09/2020,,Active,N,273119
328068,WDR,5F,WDRMUNILRG,R5-2014-0163,5D100107001,12/05/2014,12/05/2024,Active,N,273119
145160,WDR,5F,WDRMUNILRG,87-012,5D100107001,01/23/1987,01/20/1997,Historical,N,273119
143906,WDR,5F,WDRMUNILRG,75-161,5D100107001,06/25/1975,09/30/1996,Historical,N,273119
440419,Co-Permitee,SB,SLIC,2020-0015-DWQ,5C240103002,07/09/2020,,Active,N,273116
396702,Resolution,5F,WDRMUNILRG,R5-2014-0075,,06/06/2014,,Historical,N,273116
145495,WDR,5F,WDRMUNILRG,98-039,5C240103002,02/27/1998,02/25/2008,Active,N,273116
145700,NPDES Permit,5F,NPDMUNILRG,96-193,5C240103001,08/08/1996,08/08/2001,Historical,N,273116
144789,NPDES Permit,5F,NPDMUNILRG,91-150,5C240103001,06/28/1991,06/01/1996,Historical,N,273116
143758,NPDES Permit,5F,NPDMUNILRG,81-034,5C240103001,03/28/1986,03/01/1991,Historical,N,273116
443394,WDR,5F,WDRMUNILRG,R5-2021-0026,5C240107001,04/22/2021,04/22/2031,Active,N,273122
440415,Co-Permitee,SB,SLIC,2020-0015-DWQ,5C240107001,07/09/2020,,Active,N,273122
145424,WDR,5F,WDRMUNILRG,92-014,5C240107001,01/24/1992,01/21/2002,Historical,N,273122
144106,WDR,5F,WDRMUNILRG,84-005,5C240107001,01/20/1984,03/30/1991,Historical,N,273122
143419,WDR,5F,WDRMUNILRG,72-270,5C240107001,06/23/1972,03/30/1991,Historical,N,273122
440414,Co-Permitee,SB,SLIC,2020-0015-DWQ,5D540105001,07/09/2020,,Active,N,273121
145554,WDR,5F,WDRMUNILRG,98-195,5D540105001,10/23/1998,10/20/2008,Active,N,273121
144873,WDR,5F,WDRMUNILRG,93-096,5D540105001,06/25/1993,06/23/2003,Historical,N,273121
144922,WDR,5F,WDRMUNILRG,79-050,5D540105001,02/23/1979,02/23/1984,Historical,N,273121
143422,WDR,5F,WDRMUNILRG,72-275,5D540105001,09/30/1972,09/30/1995,Historical,N,273121
147834,WDR,5F,WDRMUNILRG,00-153,5D150123001,06/16/2000,06/16/2010,Active,N,273124
143962,WDR,5F,WDRMUNILRG,76-252,5D150123001,12/17/1976,12/15/1986,Historical,N,273124
331394,WDR,5F,WDRMUNILRG,,5C200101001,,,Historical,N,273123
431269,WDR,5F,WDRMUNILRG,R5-2022-0074,5C200101001,12/08/2022,12/08/2032,Active,N,273123
440411,Co-Permitee,SB,SLIC,2020-0015-DWQ,5C200101001,07/09/2020,,Active,N,273123
145289,WDR,5F,WDRMUNILRG,95-046,5C200101001,02/24/1995,02/21/2005,Historical,N,273123
144041,WDR,5F,WDRMUNILRG,89-051,5C200101001,03/31/1989,03/31/1992,Historical,N,273123
143421,WDR,5F,WDRMUNILRG,72-272,5C200101001,05/10/1972,05/10/1975,Historical,N,273123
440425,Co-Permitee,SB,SLIC,2020-0015-DWQ,5D150109001,07/09/2020,,Active,N,273125
330608,WDR,5F,WDRMUNILRG,R5-2008-0072,5D150109001,04/25/2008,04/25/2018,Active,N,273125
144092,WDR,5F,WDRMUNILRG,89-154,5D150109001,08/11/1989,04/24/2008,Historical,N,273125
144300,WDR,5F,WDRMUNILRG,78-174,5D150109001,10/27/1978,12/30/1991,Historical,N,273125
143439,WDR,5F,WDRMUNILRG,73-113,5D150109001,12/30/1973,12/30/1991,Historical,N,273125
443812,Letter,5F,WDRMUNILRG,,5D100110001,05/14/2021,,Historical,N,273127
443581,Letter,5F,WDRMUNILRG,,5D100110001,12/17/2020,,Historical,N,273127
440421,Co-Permitee,SB,SLIC,2020-0015-DWQ,5D100110001,07/09/2020,,Active,N,273127
394173,Letter,5F,WDRMUNILRG,,,12/11/2013,,Historical,N,273127
392369,Letter,5F,WDR,,,07/22/2013,,Historical,N,273127
132495,WDR,5F,WDRMUNILRG,R5-2004-0008,5D100110001,01/29/2004,01/29/2014,Active,N,273127
147818,WDR,5F,WDRMUNILRG,00-078,5D100110001,04/28/2000,04/28/2010,Historical,N,273127
144072,WDR,5F,WDRMUNILRG,89-064,5D100110001,04/28/1989,04/26/1999,Historical,N,273127
144562,WDR,5F,WDRMUNILRG,85-226,5D100110001,08/23/1985,08/23/1990,Historical,N,273127
143958,WDR,5F,WDRMUNILRG,76-181,5D100110001,08/26/1976,08/26/1981,Historical,N,273127
440426,Co-Permitee,SB,SLIC,2020-0015-DWQ,5D100109001,07/09/2020,,Active,N,273126
330730,WDR,5F,WDRMUNILRG,R5-2016-0054,5D100109001,06/24/2016,06/24/2026,Active,N,273126
145377,WDR,5F,WDRMUNILRG,91-192,5D100109001,09/06/1991,09/03/2001,Historical,Y,273126
143755,WDR,5F,WDRMUNILRG,80-191,5D100109001,12/05/1980,03/05/1990,Historical,N,273126
143738,WDR,5F,WDRMUNILRG,72-096,5D100109001,12/30/1972,12/30/1982,Historical,N,273126
164944,Resolution,5F,PTPRG,R5-2003-0163,5C54PT00001,,,Historical,N,273130
440424,Co-Permitee,SB,SLIC,2020-0015-DWQ,5D540107001,07/09/2020,,Active,N,273130
344805,WDR,5F,WDRMUNILRG,R5-2008-0034,5D540107001,03/14/2008,03/14/2013,Active,N,273130
148215,WDR,5F,WDRMUNILRG,01-103,5D540107001,04/27/2001,04/27/2006,Historical,N,273130
144456,WDR,5F,WDRMUNILRG,92-055,5D540107001,03/27/1992,03/26/1997,Historical,N,273130
143442,WDR,5F,WDRMUNILRG,73-148,5D540107001,01/26/1973,04/30/1990,Historical,N,273130
324939,WDR,5F,WDRMUNILRG,R5-2007-0100,5D100116001,08/02/2007,08/02/2017,Active,N,273132
131428,WDR,5F,WDRMUNILRG,R5-2002-0103,5D100116001,06/06/2002,06/06/2012,Historical,N,273132
144319,WDR,5F,WDRMUNILRG,79-020,5D100116001,01/26/1979,01/23/1989,Historical,N,273132
143042,WDR,5F,WDRMUNILRG,65-037,5D100116001,06/30/1965,06/30/1990,Historical,N,273132
446823,Letter,5F,WDRMUNILRG,,5C10NC00167,03/02/2022,,Historical,N,273131
446574,Letter,5F,WDRMUNILRG,,5C10NC00167,02/04/2022,,Historical,N,273131
440431,Co-Permitee,SB,SLIC,2020-0015-DWQ,5C10NC00167,07/09/2020,,Active,N,273131
392551,Letter,5F,WDR,,,08/01/2013,,Historical,N,273131
333271,WDR,5F,WDRMUNILRG,R5-2010-0120,5C10NC00167,12/10/2010,12/09/2020,Active,Y,273131
131184,WDR,5F,WDRMUNILRG,R5-2001-0257,5C10NC00167,09/22/2006,12/07/2011,Historical,N,273131
355592,NPDES Permit,5F,NPDMUNILRG,R5-2001-0257,5D100113001,12/07/2001,09/21/2006,Historical,N,273131
145329,NPDES Permit,5F,NPDMUNILRG,95-110,5D100113001,05/26/1995,05/24/2000,Historical,N,273131
144741,NPDES Permit,5F,NPDMUNILRG,91-057,5D100113001,02/22/1991,02/22/1996,Historical,N,273131
144606,NPDES Permit,5F,NPDMUNILRG,85-279,5D100113001,10/25/1985,10/01/1990,Historical,N,273131
143397,NPDES Permit,5F,NPDMUNILRG,80-117,5D100113001,09/12/1980,09/12/1985,Historical,N,273131
446562,Letter,5F,WDRMUNILRG,,5D100118001,02/08/2022,,Historical,N,273128
446564,Letter,5F,WDRMUNILRG,,5D100118001,02/08/2022,,Historical,N,273128
446453,Letter,5F,WDRMUNILRG,,5D100118001,01/28/2022,,Historical,N,273128
443794,Letter,5F,WDRMUNILRG,,5D100118001,01/06/2021,,Historical,N,273128
440422,Co-Permitee,SB,SLIC,2020-0015-DWQ,5D100118001,07/09/2020,,Active,N,273128
389041,Letter,5F,WDRMUNILRG,,5D100118001,02/12/2013,,Historical,N,273128
145326,WDR,5F,WDRMUNILRG,95-103,5D100118001,04/28/1995,04/25/2005,Active,N,273128
144681,WDR,5F,WDRMUNILRG,90-234,5D100118001,08/10/1990,08/07/2000,Historical,N,273128
144615,WDR,5F,WDRMUNILRG,85-315,5D100118001,12/06/1985,06/30/1992,Historical,N,273128
194960,Enrollee,5F,WDRMUNILRG,72-051,5D100111001,08/27/1972,,Historical,N,273128
143280,WDR,5F,WDRMUNILRG,69-279,5D100118001,05/12/1969,05/12/1974,Historical,N,273128
440429,Co-Permitee,SB,SLIC,2020-0015-DWQ,5D100115001,07/09/2020,,Active,N,273133
394866,WDR,5F,WDRMUNILRG,R5-2014-0004,5D100115001,02/06/2014,02/06/2024,Active,N,273133
170337,Resolution,5F,PTPRG,Get from File,5D10PT00003,06/17/2005,,Active,N,273133
145516,WDR,5F,WDRMUNILRG,98-141,5D100115001,06/05/1998,06/02/2008,Historical,N,273133
144738,WDR,5F,WDRMUNILRG,91-037,5D100115001,01/25/1991,06/04/1998,Historical,N,273133
143692,WDR,5F,WDRMUNILRG,71-233,5D100115001,03/26/1971,11/30/1987,Historical,N,273133
409890,Enrollee - WDR,5F,WDRMUNILRG,2014-0153-DWQ,5D160105001,07/30/2018,09/23/2029,Active,Y,273135
143812,WDR,5F,WDRMUNILRG,82-068,5D160105001,06/25/1982,06/22/1992,Historical,N,273135
142692,WDR,5F,WDRMUNILRG,58-571,5D160105001,03/30/1958,03/30/1992,Historical,N,273135
144455,WDR,5F,WDRMUNILRG,92-047,5D150116001,03/27/1992,03/25/2002,Active,N,273136
144790,WDR,5F,WDRMUNILRG,91-153,5D150116001,06/28/1991,06/28/1999,Historical,N,273136
144940,WDR,5F,WDRMUNILRG,79-203,5D150116001,08/24/1979,08/24/1989,Historical,N,273136
143743,WDR,5F,WDRMUNILRG,72-133,5D150116001,03/30/1972,03/30/1987,Historical,N,273136
440432,Co-Permitee,SB,SLIC,2020-0015-DWQ,5D540114001,07/09/2020,,Active,N,273140
371066,WDR,5F,WDRMUNILRG,R5-2009-0103,5D540114001,10/08/2009,10/08/2019,Active,N,273140
148505,WDR,5F,WDR,01-076,5D540114001,04/27/2001,04/27/2011,Historical,N,273140
144215,WDR,5F,WDRMUNILRG,85-171,5D540114001,06/28/1985,06/26/1995,Historical,N,273140
143887,WDR,5F,WDRMUNILRG,74-442,5D540114001,09/30/1974,09/30/1987,Historical,N,273140
143736,WDR,5F,WDRMUNILRG,72-094,5D540114001,09/30/1972,09/30/1987,Historical,N,273140
375951,WDR,5F,WDRMUNILRG,,5C54NC00311,,,Never Active,N,273138
440434,Co-Permitee,SB,SLIC,2020-0015-DWQ,5D540113001,07/09/2020,,Active,N,273138
409518,WDR,5F,WDRMUNILRG,R5-2018-0046,5D540113001,05/31/2018,05/31/2023,Active,N,273138
383443,NPDES Permit,5F,NPDMUNILRG,R5-2014-0076,5D540113001,08/01/2014,07/31/2019,Historical,N,273138
373847,Letter,5F,NPDMUNIOTH,,5D540113001,09/01/2009,,Historical,N,273138
317935,NPDES Permit,5F,NPDMUNILRG,R5-2006-0091,5D540113001,09/22/2006,09/21/2011,Historical,Y,273138
164945,Resolution,5F,PTPRG,Get from File,5C54PT00003,06/17/2005,,Historical,N,273138
146311,NPDES Permit,5F,NPDMUNILRG,97-061,5D540113001,03/28/1997,04/01/2002,Historical,N,273138
144737,NPDES Permit,5F,NPDMUNILRG,91-034,5D540113001,01/25/1991,01/25/1996,Historical,N,273138
144155,NPDES Permit,5F,NPDMUNILRG,85-048,5D540113001,03/22/1985,03/01/1990,Historical,N,273138
163395,Resolution,5F,PTPRG,Get from File,5C15PT00003,,,Historical,N,273142
452542,13267 Letter (Non-Enforcement),5F,WDRMUNILRG,,5D150105001,05/04/2023,,Active,N,273142
440417,Co-Permitee,SB,SLIC,2020-0015-DWQ,5D150105001,07/09/2020,,Active,N,273142
144791,WDR,5F,WDRMUNILRG,91-155,5D150105001,06/28/1991,06/25/2001,Active,N,273142
143425,WDR,5F,WDRMUNILRG,72-282,5D150105001,06/12/1972,05/30/1987,Historical,N,273142
440423,Co-Permitee,SB,SLIC,2020-0015-DWQ,5C15NC00090,07/09/2020,,Active,N,273143
333653,WDR,5F,WDRMUNILRG,R5-2009-0088,5C15NC00090,08/13/2009,08/12/2019,Active,Y,273143
145425,WDR,5F,WDRMUNILRG,92-016,5D150129001,01/24/1992,01/21/2002,Historical,N,273143
144621,WDR,5F,WDRMUNILRG,86-034,5D150129001,01/24/1986,03/30/1991,Historical,N,273143
143803,WDR,5F,WDRMUNILRG,82-026,5D150129001,03/26/1982,03/26/1985,Historical,N,273143
145993,WDR,5F,WDRMUNILRG,99-077,5C240104002,06/11/1999,06/08/2009,Active,N,273141
145339,WDR,5F,WDRMUNIOTH,95-165,5C101016001,06/23/1995,06/20/2005,Active,Y,273145
144622,WDR,5F,WDRMUNIOTH,86-043,5C101016001,02/28/1986,02/26/1996,Historical,N,273145
162834,WDR,5F,WDRMUNILRG,R5-2019-0084,5C201026001,12/05/2019,12/05/2029,Active,Y,273147
374230,WDR,5F,WDRMUNILRG,R5-2012-0125,5D101112001,12/07/2012,12/07/2022,Active,N,273148
330986,WDR,5F,WDR,,5D101112001,05/23/2003,,Never Active,N,273148
145857,WDR,5F,WDRMUNILRG,94-106,5D101112001,04/22/1994,04/19/2004,Historical,N,273148
144859,WDR,5F,WDRMUNILRG,93-011,5D101112001,01/29/1993,01/29/1998,Historical,N,273148
143821,WDR,5F,WDRMUNILRG,82-134,5D101112001,10/22/1982,12/30/1990,Historical,N,273148
337071,WDR,5F,WDRMUNILRG,R5-2007-0152,5D151006001,10/26/2007,10/26/2017,Active,Y,273149
145229,WDR,5F,WDRMUNILRG,98-005,5D151006001,01/23/1998,01/21/2008,Historical,N,273149
144212,WDR,5F,WDRMUNILRG,85-168,5D151006001,06/28/1985,06/26/1995,Historical,N,273149
417947,Enrollee - WDR,5F,WDRMUNIOTH,2014-0153-DWQ,5D541049001,03/17/2020,09/23/2029,Active,N,273152
144779,WDR,5F,WDRMUNIOTH,91-111,5D541049001,05/29/1991,05/26/2001,Historical,Y,273152
337300,WDR,5F,WDRMUNILRG,R5-2008-0004,5D151014003,01/25/2008,01/25/2018,Active,N,273156
145964,WDR,5F,WDRMUNILRG,99-076,5D151014003,06/11/1999,06/08/2009,Historical,N,273156
420595,Enrollee - WDR,5F,WDRMUNIOTH,2014-0153-DWQ,5C221006001,06/19/2018,09/23/2029,Active,N,273159
145162,WDR,5F,WDRMUNIOTH,87-032,5C221006001,02/27/1987,02/23/2002,Historical,Y,273159
143742,WDR,5F,WDRMUNIOTH,72-102,5C221006001,11/13/1971,02/27/1987,Historical,N,273159
437780,Enrollee - WDR,5F,WDRMUNIOTH,2014-0153-DWQ,5D151049001,06/04/2020,09/23/2029,Active,N,273155
144619,WDR,5F,WDRMUNIOTH,86-032,5D151049001,01/24/1986,01/22/1996,Historical,N,273155
144260,WDR,5F,WDRMUNIOTH,78-050,5D151049001,04/28/1978,03/30/1996,Historical,N,273155
443799,Letter,5F,WDRMUNILRG,,5D160101001,04/29/2021,,Historical,N,273160
440401,Co-Permitee,SB,SLIC,2020-0015-DWQ,5D160101001,07/09/2020,,Active,N,273160
142310,WDR,5F,WDRMUNILRG,00-231,5D160101001,10/27/2000,10/27/2010,Active,N,273160
145050,WDR,5F,WDR,93-182,5D160101001,09/17/1993,09/15/2003,Historical,N,273160
145166,WDR,5F,WDRMUNILRG,87-073,5D160101001,04/24/1987,04/21/1997,Historical,N,273160
144243,WDR,5F,WDRMUNILRG,77-092,5D160101001,05/27/1977,04/24/1992,Historical,N,273160
146263,WDR,5F,WDRMUNILRG,96-288,5D100100001,12/06/1996,12/03/2011,Active,N,273163
144560,WDR,5F,WDRMUNILRG,85-224,5D100100001,08/23/1985,08/19/2000,Historical,N,273163
143038,WDR,5F,WDRMUNILRG,64-089,5D100100001,09/30/1964,09/30/1996,Historical,N,273163
460450,NPDES Permit,5F,NPDMUNILRG,R5-2025-0013,5D540132001,04/01/2025,03/31/2030,Active,N,273166
440396,Co-Permitee,SB,SLIC,2020-0015-DWQ,5D540132001,07/09/2020,,Active,N,273166
420796,NPDES Permit,5F,NPDMUNILRG,R5-2018-0011,5D540132001,06/01/2018,05/31/2022,Historical,N,273166
413876,13267 Letter (Non-Enforcement),5F,NPDMUNILRG,,,06/12/2017,,Historical,N,273166
390403,NPDES Permit,5F,NPDMUNILRG,R5-2013-0047,5D540132001,07/20/2013,07/01/2018,Historical,Y,273166
317938,NPDES Permit,5F,NPDMUNILRG,R5-2006-0092,5D540132001,09/21/2006,09/21/2011,Historical,Y,273166
146318,NPDES Permit,5F,NPDMUNILRG,R5-1997-0106,5D540132001,06/20/1997,06/01/2002,Historical,N,273166
145646,NPDES Permit,5F,NPDMUNILRG,96-060,5D540132001,02/23/1996,02/01/2001,Historical,N,273166
144729,NPDES Permit,5F,NPDMUNILRG,90-287,5D540132001,11/02/1990,10/01/1995,Historical,N,273166
144111,NPDES Permit,5F,NPDMUNILRG,84-082,5D540132001,08/10/1984,08/01/1989,Historical,N,273166
456261,WDR,5F,WDRMUNILRG,R5-2024-0005,5C15NC00279,02/16/2024,02/16/2034,Active,N,273161
399826,NPDES Permit,5F,NPDMUNIOTH,R5-2015-0011,5D152037001,04/01/2015,03/31/2020,Historical,N,273161
373851,Letter,5F,NPDMUNIOTH,,5D152037001,02/10/2010,,Historical,N,273161
351152,NPDES Permit,5F,NPDMUNIOTH,R5-2008-0121,5D152037001,07/31/2008,07/31/2013,Historical,N,273161
131687,NPDES Permit,5F,NPDMUNIOTH,R5-2002-0113,5D152037001,06/06/2002,06/06/2007,Historical,N,273161
145699,NPDES Permit,5F,NPDMUNIOTH,96-190,5D152037001,08/08/1996,08/01/2001,Historical,N,273161
144684,NPDES Permit,5F,NPDMUNIOTH,90-243,5D152037001,09/28/1990,09/28/1995,Historical,N,273161
144022,NPDES Permit,5F,NPDMUNIOTH,88-120,5D152037001,06/24/1988,02/24/1990,Historical,N,273161
143394,NPDES Permit,5F,NPDMUNIOTH,80-057,5D152037001,05/30/1980,12/30/1988,Historical,N,273161
146261,WDR,5F,WDRMUNILRG,96-284,5D100128003,12/06/1996,12/04/2006,Active,N,273167
398521,WDR,5F,WDRMUNILRG,,5C240101001,,,Never Active,N,273168
400654,WDR,5F,WDRMUNILRG,R5-2015-0053,5C240101001,04/17/2015,04/17/2025,Active,N,273168
146269,WDR,5F,WDRMUNILRG,97-013,5C240101001,01/24/1997,01/24/2007,Historical,N,273168
144561,WDR,5F,WDRMUNILRG,85-225,5C240101001,08/23/1985,08/21/1995,Historical,N,273168
143032,WDR,5F,WDRMUNILRG,62-150,5C240101001,10/18/1962,09/30/1991,Historical,N,273168
145515,WDR,5F,WDRMUNILRG,98-140,5D540102001,06/05/1998,06/02/2008,Active,N,273169
145634,WDR,5F,WDRMUNILRG,96-019,5D540102001,01/26/1996,01/23/2006,Historical,N,273169
144608,WDR,5F,WDRMUNILRG,85-299,5D540102001,10/25/1985,10/23/1995,Historical,N,273169
142970,WDR,5F,WDRMUNILRG,59-128,5D540102001,12/30/1959,12/30/1990,Historical,N,273169
366225,Letter,5F,WDR,,5C240109001,03/19/2009,,Historical,N,273170
144097,WDR,5F,WDRMUNILRG,89-171,5C240109001,09/22/1989,09/20/1999,Active,N,273170
144292,WDR,5F,WDRMUNILRG,78-085,5C240109001,07/28/1978,06/30/1989,Historical,N,273170
143029,WDR,5F,WDRMUNILRG,61-162,5C240109001,12/14/1961,09/30/1990,Historical,N,273170
370698,WDR,5F,WDRMUNILRG,R5-2009-0123,5D150101001,12/10/2009,12/10/2019,Active,N,273164
144611,WDR,5F,WDRMUNILRG,85-303,5D150101001,09/27/1985,09/25/1995,Historical,N,273164
143892,WDR,5F,WDRMUNILRG,74-556,5D150101001,12/20/1974,12/20/1984,Historical,N,273164
145507,WDR,5F,WDRMUNILRG,98-090,5D540104001,04/17/1998,04/14/2008,Active,N,273172
145277,WDR,5F,WDRMUNILRG,95-013,5D540104001,01/27/1995,01/24/2005,Historical,N,273172
144218,WDR,5F,WDRMUNILRG,85-174,5D540104001,06/28/1985,06/28/1990,Historical,N,273172
144931,WDR,5F,WDRMUNILRG,79-143,5D160109001,06/22/1979,06/19/1989,Active,N,273173
449789,WDR,5F,WDRMUNILRG,R5-2022-0059,5D150108001,10/14/2022,10/14/2032,Active,N,273174
440410,Co-Permitee,SB,SLIC,2020-0015-DWQ,5D150108001,07/09/2020,,Active,N,273174
385516,WDR,5F,WDRMUNILRG,R5-2012-0043,5D150108001,06/08/2012,06/07/2022,Historical,N,273174
145499,WDR,5F,WDRMUNILRG,98-043,5D150108001,02/27/1998,02/25/2008,Historical,N,273174
144612,WDR,5F,WDRMUNILRG,85-304,5D150108001,09/27/1985,02/25/2008,Historical,N,273174
143744,WDR,5F,WDRMUNILRG,72-134,5D150108001,12/17/1972,12/17/1977,Historical,N,273174
145015,WDR,5F,WDRMUNIOTH,94-348,5D540118001,12/09/1994,12/06/2009,Active,N,273177
144217,WDR,5F,WDRMUNIOTH,85-173,5D540118001,06/28/1985,06/28/1990,Historical,N,273177
409899,WDR,5F,WDRMUNILRG,R5-2016-0079,5D100123001,10/14/2016,10/14/2026,Active,N,273175
144573,WDR,5F,WDRMUNILRG,85-253,5D100123001,09/27/1985,09/25/1995,Historical,N,273175
142976,WDR,5F,WDRMUNILRG,59-321,5D100123001,12/04/1959,12/04/1964,Historical,N,273175
146277,WDR,5F,WDRMUNILRG,97-053,5C240105001,03/28/1997,03/26/2007,Active,N,273176
145167,WDR,5F,WDRMUNILRG,87-079,5C240105001,04/24/1987,04/21/1997,Historical,N,273176
144291,WDR,5F,WDRMUNILRG,78-083,5C240105001,07/28/1978,,Historical,N,273176
142691,WDR,5F,WDRMUNILRG,58-560,5C240105001,11/21/1958,04/24/1997,Historical,N,273176
330555,WDR,5F,WDRMUNIOTH,R5-2017-0109,5D540119001,04/20/2000,10/20/2027,Active,N,273178
145698,WDR,5F,WDRMUNILRG,96-172,5D540119001,06/21/1996,06/19/2006,Historical,N,273178
144213,WDR,5F,WDRMUNILRG,85-169,5D540119001,06/28/1985,06/26/1995,Historical,N,273178
144927,WDR,5F,WDRMUNILRG,79-100,5D540119001,04/27/1979,09/30/1989,Historical,N,273178
143171,WDR,5F,WDRMUNILRG,67-060,5D540119001,09/30/1967,09/30/1989,Historical,N,273178
145589,WDR,5F,WDRMUNILRG,98-214,5D540137001,10/23/1998,10/20/2008,Active,N,273183
145218,WDR,5F,WDRMUNILRG,97-208,5D540137001,09/19/1997,09/17/2007,Historical,N,273183
144461,WDR,5F,WDRMUNILRG,92-072,5D540137001,04/24/1992,04/22/2002,Historical,N,273183
420383,Letter,5F,WDRMUNILRG,,,03/28/2018,,Historical,N,273182
325196,WDR,5F,WDRMUNILRG,R5-2013-0021,5B24NC00303,04/11/2013,04/11/2023,Active,N,273182
371145,NPDES Permit,5F,NPDMUNIOTH,R5-2011-0042,5C240110001,06/10/2011,06/01/2016,Historical,N,273182
373066,Letter,5F,NPDESWW,,5C240110001,02/11/2010,,Historical,N,273182
133350,NPDES Permit,5F,NPDMUNIOTH,R5-2005-0009,5C240110001,01/27/2005,01/26/2010,Historical,N,273182
146323,NPDES Permit,5F,NPDMUNIOTH,97-123,5C240110001,06/20/1997,06/01/2002,Historical,N,273182
144451,NPDES Permit,5F,NPDMUNIOTH,92-026,5C240110001,01/24/1992,01/01/1997,Historical,N,273182
144035,NPDES Permit,5F,NPDMUNIOTH,89-006,5C240110001,01/27/1989,01/27/1994,Historical,N,273182
144109,NPDES Permit,5F,NPDMUNIOTH,84-018,5C240110001,01/20/1984,12/30/1988,Historical,N,273182
143420,NPDES Permit,5F,NPDMUNIOTH,72-271,5C240110001,06/23/1972,12/30/1988,Historical,N,273182
143866,WDR,5F,WDRMUNILRG,83-088,5D541024001,08/12/1983,08/08/1998,Active,N,273184
143752,WDR,5F,WDRMUNILRG,80-158,5D541024001,10/24/1980,09/30/1993,Historical,N,273184
440437,Co-Permitee,SB,SLIC,2020-0015-DWQ,5D100124001,07/09/2020,,Active,N,273180
437060,WDR,5F,WDRMUNILRG,R5-2020-0001,5D100124001,02/20/2020,02/20/2030,Active,N,273180
387532,NPDES Permit,5F,NPDMUNILRG,R5-2014-0145,5D100124001,02/01/2015,01/31/2020,Historical,N,273180
410121,Letter,5F,NPDMUNILRG,,,10/24/2014,,Historical,N,273180
381011,Letter,5F,NPDESWW,,5D100124001,08/25/2011,,Historical,N,273180
344803,NPDES Permit,5F,NPDMUNILRG,R5-2008-0033,5D100124001,03/14/2008,03/14/2013,Historical,Y,273180
146004,NPDES Permit,5F,NPDMUNILRG,99-100,5D100124001,07/28/1999,07/01/2004,Historical,N,273180
144175,NPDES Permit,5F,WDRMUNILRG,85-157,5D100124001,06/28/1985,06/26/1995,Historical,N,273180
331900,WDR,5F,WDRMUNILRG,,5D100114001,,,Never Active,N,273185
446681,Letter,5F,WDRMUNILRG,,5D100114001,02/17/2022,,Historical,N,273185
411621,WDR,5F,WDRMUNILRG,R5-2018-0028,5D100114001,04/06/2018,04/06/2028,Active,N,273185
144572,WDR,5F,WDRMUNILRG,85-252,5D100114001,09/27/1985,,Historical,N,273185
143567,WDR,5F,WDRMUNILRG,58-023,5D100114001,03/24/1958,03/24/1963,Historical,N,273185
145172,WDR,5F,WDRMUNILRG,87-113,5D150114001,06/26/1987,06/23/2002,Active,N,273179
143753,WDR,5F,WDRMUNILRG,80-160,5D150114001,10/24/1980,06/26/1992,Historical,N,273179
331511,WDR,5F,WDR,RWD withdrawn,5C240113001,,,Never Active,N,273186
144018,WDR,5F,WDRMUNILRG,88-104,5C240113001,06/24/1988,06/22/1998,Active,N,273186
143225,WDR,5F,WDRMUNILRG,69-036,5C240113001,12/13/1968,10/30/1987,Historical,N,273186
445552,Letter,5F,WDRMUNILRG,,5D100104001,10/01/2021,,Historical,N,273187
443795,Letter,5F,WDRMUNILRG,,5D100104001,01/06/2021,,Historical,N,273187
440430,Co-Permitee,SB,SLIC,2020-0015-DWQ,5D100104001,07/09/2020,,Active,N,273187
131438,WDR,5F,WDRMUNILRG,5-01-255,5D100104001,10/19/2001,10/19/2011,Active,Y,273187
143800,WDR,5F,WDRMUNILRG,82-008,5D100104001,01/22/1982,01/20/1992,Historical,Y,273187
143429,WDR,5F,WDRMUNILRG,73-033,5D100104001,08/25/1973,06/30/1989,Historical,N,273187
434038,Enrollee - WDR,5F,WDRMUNIOTH,2014-0153-DWQ,5C101003001,08/28/2019,09/23/2029,Active,N,273188
144566,WDR,5F,WDRMUNIOTH,85-230,5C101003001,08/23/1985,08/19/2000,Historical,N,273188
144174,WDR,5F,WDRMUNILRG,85-155,5C240111001,06/28/1985,06/26/1995,Active,N,273189
367276,NPDES Permit,5F,NPDESWW,Pending NPDES permit,5C54NP00017,,,Never Active,N,273190
145701,WDR,5F,WDRMUNIOTH,96-195,5D540130001,08/08/1996,08/06/2006,Active,N,273190
143760,WDR,5F,WDRMUNIOTH,81-050,5D540130001,04/24/1981,04/22/1991,Historical,N,273190
144447,WDR,5F,WDRMUNIOTH,72-181,5D540130001,05/25/1972,06/30/1990,Historical,N,273190
450290,Letter,5F,WDRMUNILRG,,5D540108001,10/13/2022,,Historical,N,273192
408402,WDR,5F,WDRMUNILRG,R5-2016-0061,5D540108001,08/18/2016,08/18/2026,Active,N,273192
144120,WDR,5F,WDRMUNILRG,85-024,5D540108001,01/25/1985,01/25/2015,Historical,N,273192
143034,WDR,5F,WDRMUNILRG,63-142,5D540108001,04/18/1963,09/30/1989,Historical,N,273192
330302,WDR,5F,WDR,11/20/1996 RWD withdrawn,5D540116001,11/20/1996,,Historical,N,273194
144214,WDR,5F,WDRMUNILRG,85-170,5D540116001,06/28/1985,06/26/1995,Active,N,273194
143894,WDR,5F,WDRMUNILRG,75-009,5D540116001,01/24/1975,12/30/1988,Historical,N,273194
143027,WDR,5F,WDRMUNILRG,61-145,5D540116001,12/14/1961,03/30/1987,Historical,N,273194
145280,WDR,5F,WDRMUNILRG,95-029,5D540109001,02/24/1995,02/21/2005,Active,N,273193
144216,WDR,5F,WDRMUNILRG,85-172,5D540109001,06/28/1985,06/26/1995,Historical,N,273193
143695,WDR,5F,WDRMUNILRG,71-311,5D540109001,09/30/1971,09/30/1987,Historical,N,273193
443353,Enrollee - WDR,5F,WDRMUNIOTH,2014-0153-DWQ,5D100117001,06/17/2021,09/23/2029,Active,N,273195
143396,WDR,5F,WDRMUNILRG,80-081,5D100117001,06/26/1980,06/24/1990,Historical,N,273195
143614,WDR,5F,WDRMUNILRG,58-324,5D100117001,06/30/1958,06/30/1992,Historical,N,273195
438647,Individual Monitoring Requirem,5F,WDRMUNILRG,Revised MRP 86-108,5D540115001,03/09/2006,,Active,N,273197
144641,WDR,5F,WDRMUNILRG,86-108,5D540115001,05/30/1986,06/30/1996,Active,N,273197
143234,Reclamation Requirements,5F,REC,69-161,5D540115001,01/10/1969,01/10/1974,Historical,N,273197
440433,Co-Permitee,SB,SLIC,2020-0015-DWQ,5D150117001,07/09/2020,,Active,N,273196
131603,WDR,5F,WDRMUNILRG,R5-2002-0198,5D150117001,10/18/2002,10/18/2012,Active,N,273196
145381,WDR,5F,WDRMUNILRG,91-230,5D150117001,11/22/1991,11/19/2001,Historical,N,273196
144302,WDR,5F,WDRMUNILRG,78-177,5D150117001,10/27/1978,04/30/1990,Historical,N,273196
143424,WDR,5F,WDRMUNILRG,72-279,5D150117001,06/30/1972,06/30/1989,Historical,N,273196
439983,Enrollee - NPDES,5F,NPDMUNIOTH,R5-2023-0025,5D150118002,09/01/2020,08/31/2030,Active,N,273191
390414,NPDES Permit,5F,NPDMUNIOTH,R5-2014-0127,5D150118002,12/01/2014,11/30/2019,Historical,N,273191
379015,Letter,5F,NPDESWW,R5-2008-0091,5D150118002,05/12/2011,,Historical,N,273191
339968,NPDES Permit,5F,NPDMUNIOTH,R5-2008-0091,5D150118002,06/12/2008,06/12/2013,Historical,N,273191
131450,NPDES Permit,5F,NPDMUNIOTH,R5-2002-0054,5D150118002,04/26/2002,04/27/2007,Historical,N,273191
146255,NPDES Permit,5F,NPDMUNIOTH,96-261,5D150118002,10/25/1996,10/01/2001,Historical,N,273191
144787,NPDES Permit,5F,NPDMUNIOTH,91-145,5D150118002,06/28/1991,06/01/1996,Historical,N,273191
143959,NPDES Permit,5F,NPDMUNIOTH,76-211,5D150118002,09/24/1976,03/30/1989,Historical,N,273191
464463,Enrollee - NPDES,5F,NPDMUNIOTH,R5-2023-0025,5C221012001,05/01/2026,04/30/2031,Active,N,273207
441902,Enrollee - NPDES,5F,NPDMUNIOTH,R5-2017-0085,5C221012001,04/01/2021,10/01/2028,Historical,N,273207
385864,NPDES Permit,5F,NPDMUNIOTH,R5-2014-0042,5C221012001,05/01/2014,04/30/2019,Historical,Y,273207
377214,Letter,5F,NPDESWW,,5C221012001,01/20/2011,,Historical,N,273207
343180,NPDES Permit,5F,NPDMUNIOTH,R5-2007-0171,5C221012001,01/25/2008,12/04/2012,Historical,Y,273207
147829,NPDES Permit,5F,NPDMUNIOTH,00-122,5C221012001,06/16/2000,06/16/2005,Historical,N,273207
145003,NPDES Permit,5F,NPDMUNIOTH,94-294,5C221012001,10/28/1994,10/28/1999,Historical,N,273207
144098,NPDES Permit,5F,NPDMUNIOTH,89-194,5C221012001,10/27/1989,10/01/1994,Historical,N,273207
144115,NPDES Permit,5F,NPDMUNIOTH,84-142,5C221012001,11/28/1984,10/30/1989,Historical,N,273207
335932,WDR,5F,WDR,10/13/04 RWD superceded,5D150100001,,,Never Active,N,273208
378984,Letter,5F,WDR,,5D150100001,,,Historical,N,273208
440399,Co-Permitee,SB,SLIC,2020-0015-DWQ,5D150100001,07/09/2020,,Active,N,273208
332777,WDR,5F,WDRMUNILRG,R5-2009-0122,5D150100001,12/10/2009,12/08/2019,Active,N,273208
163721,Resolution,5F,PTPRG,Get from File,5C15PT00001,06/17/2005,,Historical,N,273208
146317,WDR,5F,WDRMUNILRG,97-104,5D150100001,06/20/1997,06/18/2007,Historical,N,273208
408374,Resolution,5F,WDRMUNILRG,96-041,,02/23/1996,,Historical,N,273208
143807,WDR,5F,WDRMUNILRG,82-050,5D150100001,04/23/1982,04/20/1992,Historical,N,273208
334301,WDR,5F,WDR,72-278,5D150100001,01/01/1972,,Historical,N,273208
440400,Co-Permitee,SB,SLIC,2020-0015-DWQ,5D150100002,07/09/2020,,Active,N,273209
343591,WDR,5F,WDRMUNILRG,R5-2009-0087,5D150100002,08/13/2009,08/12/2019,Active,Y,273209
163721,Resolution,5F,PTPRG,Get from File,5C15PT00001,06/17/2005,,Historical,N,273209
148504,WDR,5F,WDRMUNILRG,01-105,5D150100002,04/27/2001,04/27/2011,Historical,Y,273209
144031,WDR,5F,WDRMUNILRG,88-167,5D150100002,09/23/1988,09/21/1998,Historical,N,273209
144161,WDR,5F,WDRMUNILRG,85-103,5D150100002,05/31/1985,06/30/1990,Historical,N,273209
143859,WDR,5F,WDRMUNILRG,83-014,5D150100002,01/28/1983,06/30/1990,Historical,N,273209
452909,NPDES Permit,4,NPDMUNILRG,R4-2023-0368,4B190137001,02/01/2024,02/01/2029,Active,N,273663
421694,NPDES Permit,4,NPDMUNILRG,R4-2018-0089,4B190137001,09/01/2018,08/31/2023,Historical,N,273663
402445,Resolution,4,NPDMUNILRG,R15-009,4B190137001,09/10/2015,,Historical,N,273663
383519,NPDES Permit,4,NPDMUNILRG,R4-2012-0026,4B190137001,03/23/2012,01/10/2017,Historical,N,273663
332296,Enrollee - NPDES,4,NPDNONMUNIPRCS,R4-2009-0068,4B198000024,10/25/2007,06/04/2014,Historical,N,273663
313099,NPDES Permit,4,NPDMUNILRG,R4-2006-0067,4B190137001,09/18/2006,09/17/2011,Historical,N,273663
194280,Enrollee,4,NPDNONMUNIPRCS,R4-2003-0111,4B197500063,04/11/2005,08/07/2008,Historical,N,273663
148034,Reclamation Requirements,4,REC,01-043,4B190137002,03/29/2001,12/31/2012,Active,Y,273663
260546,Letter,4,WDR,,,09/18/2000,,Historical,N,273663
260473,Letter,4,WDR,,,08/22/2000,,Historical,N,273663
148245,NPDES Permit,4,NPDMUNIOTH,00-091,4B190137001,06/29/2000,05/10/2005,Historical,N,273663
193781,Enrollee,4,NPDNONMUNIPRCS,97-047,4B196300039,02/24/1995,04/10/2002,Historical,N,273663
135528,Reclamation Requirements,4,REC,95-014,4B190137003,01/23/1995,01/23/2000,Historical,Y,273663
135479,Reclamation Requirements,4,REC,94-113,4B190137002,10/31/1994,10/31/1999,Historical,Y,273663
135474,NPDES Permit,4,NPDMUNIOTH,94-106,4B190137001,10/31/1994,10/10/1999,Historical,Y,273663
440857,NPDES Permit,2,NPDMUNIOTH,R2-2020-0026,2 283019001,12/01/2020,11/30/2025,Active,Y,274410
445768,Enrollee - WRR,2,REC,2016-0068-DDW,2 283019002,04/08/2020,04/08/2030,Active,N,274410
401478,NPDES Permit,2,NPDMUNIOTH,R2-2015-0029,2 283019001,08/01/2015,07/31/2020,Historical,N,274410
389166,Co-Permitee,2,NPDMUNIOTH,R2-2017-0041,2 283019001,01/01/2013,12/31/2017,Active,Y,274410
378838,Co-Permitee,2,NPDMUNIOTH,R2-2011-0012,2 283019001,04/01/2011,12/31/2012,Historical,N,274410
374206,NPDES Permit,2,NPDMUNIOTH,R2-2010-0072,2 283019001,07/01/2010,06/30/2015,Historical,N,274410
360543,Co-Permitee,2,NPDMUNIOTH,R2-2007-0077,2 283019001,03/01/2008,12/31/2012,Historical,N,274410
378567,Enrollee - WRR,2,REC,,2 283019002,11/04/2005,,Historical,N,274410
132739,NPDES Permit,2,NPDMUNIOTH,R2-2004-0017,2 283019001,06/01/2004,04/30/2009,Historical,N,274410
142788,NPDES Permit,2,NPDMUNIOTH,93-157,2 283019001,12/15/1993,12/15/1998,Historical,N,274410
142205,NPDES Permit,2,NPDMUNIOTH,88-169,2 283019001,12/21/1988,12/21/1993,Historical,N,274410
145613,NPDES Permit,2,NPDMUNIOTH,83-046,2 283019001,11/16/1983,11/16/1988,Historical,N,274410
374254,WDR,5F,WDRMUNIOWTS,Pending,5C551018001,,,Never Active,N,274498
147703,WDR,5F,WDRMUNIOTH,5-00-054,5C551018001,03/17/2000,03/17/2010,Active,Y,274498
140137,WDR,5S,WDRMUNIOTH,86-156,5C551018001,08/08/1986,08/05/1996,Historical,N,274498
139309,WDR,5S,WDRMUNIOTH,73-028,5C551018001,07/28/1972,,Historical,N,274498
383860,Enrollee - WDR,5F,WDRMUNIENROTH,97-010-DWQ,5C550700002,10/07/2011,10/07/2026,Active,N,274503
140863,WDR,5F,WDRMUNIOTH,93-063,5C550700002,05/21/1993,05/19/2003,Historical,N,274503
138994,WDR,5S,WDRMUNIOTH,79-043,5C550700002,02/23/1979,05/31/1990,Historical,N,274503
139316,WDR,5S,WDRMUNIOTH,73-139,5C550700002,01/26/1973,01/26/1978,Historical,N,274503
138821,WDR,5S,WDRMUNIOTH,64-102,5C550700002,07/16/1964,07/16/1969,Historical,N,274503
141997,WDR,5F,WDRMUNILRG,92-015,5C550700001,01/24/1992,01/21/2002,Active,N,274504
138995,WDR,5S,WDRMUNILRG,79-044,5C550700001,02/23/1979,05/31/1990,Historical,N,274504
139321,WDR,5S,WDRMUNILRG,73-190,5C550700001,04/30/1973,04/30/1978,Historical,N,274504
138872,WDR,5S,WDRMUNILRG,70-017,5C550700001,08/28/1969,08/28/1974,Historical,N,274504
448704,Enrollee - WDR,5F,WDRMUNIENROTH,2014-0153-DWQ,5C550700003,11/22/2021,09/23/2029,Active,N,274505
379816,Enrollee - WDR,5F,WDRMUNIENROTH,97-010-DWQ,5C550700003,06/06/2011,06/06/2026,Historical,N,274505
140862,WDR,5F,WDRMUNIOTH,93-062,5C550700003,05/21/1993,05/19/2003,Historical,N,274505
139028,WDR,5S,WDRMUNIOTH,79-045,5C550700003,02/23/1979,05/31/1990,Historical,N,274505
146513,WDR,5F,WDRMUNIOTH,96-216,5C551042001,08/09/1996,08/06/2011,Active,Y,274506
139793,WDR,5S,WDRMUNIOTH,85-313,5C551042001,12/06/1985,12/02/2000,Historical,N,274506
148098,WDR,5F,WDRMUNIOTH,00-201,5C551039001,09/15/2000,09/15/2015,Active,N,274512
139549,WDR,5S,WDRMUNIOTH,85-076,5C551039001,04/26/1985,04/22/2000,Historical,N,274512
147660,WDR,1,WDRMUNIOTH,00-032,1A00016RSIS,04/27/2000,04/27/2010,Active,N,274534
145594,WDR,5F,WDRMUNILRG,99-004,5C221002001,04/30/1999,04/27/2009,Active,N,274513
144168,WDR,5F,WDRMUNILRG,85-111,5C221002001,05/31/1985,05/29/1995,Historical,N,274513
143170,WDR,5F,WDRMUNILRG,67-052,5C221002001,11/18/1966,05/31/1985,Historical,N,274513
423596,WDR,1,WDRMUNILRG,R1-2021-0016,1A84073OSIS,06/17/2021,06/17/2031,Active,N,274538
440256,Co-Permitee,SB,SLIC,2020-0015-DWQ,1A84073OSIS,07/09/2020,,Active,N,274538
132393,WDR,1,WDRMUNILRG,R1-2003-0047,1A84073OSIS,05/15/2003,05/15/2013,Historical,N,274538
138754,WDR,1,WDRMUNILRG,96-069,1A84073OSIS,09/26/1996,09/24/2006,Historical,N,274538
137601,WDR,1,WDRMUNILRG,87-131,1A84073OSIS,10/29/1987,10/26/1997,Historical,N,274538
137509,WDR,1,WDRMUNILRG,84-073,1A84073OSIS,05/31/1984,10/29/1987,Historical,N,274538
140419,WDR,5S,WDRMUNILRG,5-00-076,5A581009001,03/17/2000,03/17/2010,Active,N,274558
327511,WDR,1,WDRMUNIOTH,R1-2006-0053,1B05160RSON,08/09/2006,08/08/2016,Active,N,602220
466035,13267 Letter (Non-Enforcement),5S,WDRMUNIENROTH,R5-2026-0032-NRP4-05,5B50NC00018,07/21/2026,,Active,N,602499
333664,Enrollee - WDR,5S,WDRMUNIENROTH,97-010-DWQ,5B50NC00018,11/15/2005,11/14/2010,Active,N,602499
459255,Enrollee - WDR,2,WDRMUNIOTH,2014-0153-DWQ,2 283102001,07/10/2024,01/01/2040,Active,N,614538
302855,WDR,2,WDRMUNIOTH,R2-2006-0071,2 283102001,10/11/2006,10/11/2016,Historical,N,614538
302855,WDR,2,WDRMUNIOTH,R2-2006-0071,2 283102001,10/11/2006,10/11/2016,Historical,N,614538
141466,WDR,2,WDR,89-072,2 283102001,05/17/1989,05/13/2004,Historical,N,614538
459135,NPDES Permit,5S,NPDMUNILRG,R5-2024-0055,5A510101001,01/01/2025,11/30/2029,Active,N,274556
440466,Co-Permitee,SB,SLIC,2020-0015-DWQ,5A510101001,07/09/2020,,Active,N,274556
428768,NPDES Permit,5S,NPDMUNILRG,R5-2019-0017-01,5A510101001,04/01/2019,03/31/2024,Historical,Y,274556
392719,NPDES Permit,5S,NPDMUNILRG,R5-2013-0094-01,5A510101001,09/13/2013,03/31/2019,Historical,Y,274556
339947,NPDES Permit,5S,NPDMUNILRG,R5-2007-0134,5A510101001,12/14/2007,10/01/2012,Historical,Y,274556
132809,NPDES Permit,5S,NPDMUNILRG,R5-2003-0085,5A510101001,06/06/2003,06/01/2008,Historical,N,274556
146881,NPDES Permit,5S,NPDMUNILRG,97-162,5A510101001,08/08/1997,08/01/2002,Historical,N,274556
146522,NPDES Permit,5S,NPDMUNILRG,96-237,5A510101001,09/20/1996,09/01/2001,Historical,N,274556
140977,NPDES Permit,5S,NPDMUNILRG,94-243,5A510101001,09/16/1994,09/01/1999,Historical,N,274556
141387,NPDES Permit,5S,NPDMUNILRG,89-192,5A510101001,10/27/1989,10/01/1994,Historical,N,274556
140478,NPDES Permit,5S,NPDMUNILRG,84-095,5A510101001,09/28/1984,09/01/1989,Historical,N,274556
307579,WDR,6T,WDRMUNIOTH,R6T-2006-0020,6A180506011,05/11/2006,05/12/2011,Active,Y,638757
310686,WDR,5S,WDRMUNIOTH,R5-2006-0019-001,5B09NC00006,01/26/2006,,Active,Y,641209
419064,Enrollee - Waiver,9,WDRMUNILRG,R9-2014-0041W2,9000001834,,,Never Active,N,638334
422969,NPDES Permit,9,DODNPDESWW,R9-2019-0167,9 000001182,04/01/2020,03/31/2025,Active,Y,638334
414159,WDR,9,WDRMUNILRG,R9-2018-0023,9000001834,05/09/2018,05/09/2033,Active,N,638334
394827,Enrollee - Waiver,9,WDRNONMUNIPRCS,R9-2014-0041W3,,06/26/2014,06/26/2019,Historical,N,638334
391013,NPDES Permit,9,DODNPDESWW,R9-2013-0112,9 000001182,01/01/2014,12/31/2018,Historical,N,638334
377151,Enrollee,9,WDRMUNIENROTH,R9-2007-0104W7,9 000001834,01/12/2011,01/12/2012,Historical,N,638334
350670,WDR,9,WDRMUNILRG,R9-2009-0021,9000001834,03/11/2009,06/29/2019,Historical,Y,638334
354404,NPDES Permit,9,DODNPDESWW,R9-2008-0096,9 000001182,11/01/2008,11/01/2013,Historical,Y,638334
355830,Enrollee,9,WDRMUNIENROTH,R9-2007-0104W7,9 000001834,10/01/2008,,Historical,N,638334
352396,Enrollee,9,WDRMUNIENROTH,R9-2007-0104W7,9 000001834,10/01/2008,,Historical,N,638334
355831,Enrollee,9,WDRMUNIENROTH,R9-2007-0104W7,9 000001834,10/01/2008,,Historical,N,638334
440364,Co-Permitee,SB,SLIC,2020-0015-DWQ,8 362899001,07/09/2020,,Active,N,643085
334494,WDR,8,WDRMUNILRG,R8-2007-0004,8 362899001,04/20/2007,04/01/2017,Active,N,643085
332732,Enrollee - WDR,5F,WDRMUNIENROTH,97-010-DWQ,5B55NC00007,07/11/2008,07/11/2023,Active,N,647162
457469,WDR,7,WDRMUNILRG,R7-2024-0020,7A130117001,06/11/2024,06/11/2039,Active,N,647900
420382,WDR,7,WDRMUNILRG,R7-2018-0013,7A130117001,11/08/2018,11/08/2033,Historical,N,647900
386036,WDR,7,WDRMUNILRG,R7-2012-0034,7A130117001,06/21/2012,06/21/2027,Historical,N,647900
322142,WDR,7,WDRMUNILRG,R7-2008-0002,7A130117001,06/25/2008,,Historical,N,647900
333079,401 Certification,7,CERFILLEXC,,7A133027001,10/05/2007,,Historical,N,647900
440295,Co-Permitee,SB,SLIC,2020-0015-DWQ,4A560108002,07/09/2020,,Active,N,650554
403136,WDR,4,WDRMUNILRG,R4-2018-0022,4A560108002,02/08/2018,,Active,N,650554
325257,WDR,4,WDRMUNILRG,R4-2007-0028,4A560108002,05/03/2007,03/31/2018,Historical,Y,650554
416476,Enrollee - WDR,5F,WDRMUNIENROTH,2014-0153-DWQ,5C10NC00162,02/14/2018,09/23/2029,Active,N,707474
131457,Enrollee,5F,WDRMUNIENROTH,97-010-DWQ,5C10NC00162,04/19/2000,,Historical,N,707474
458486,NPDES Permit,4,NPDMUNILRG,R4-2024-0390,4A190118001,03/01/2025,02/28/2030,Active,N,658148
422406,NPDES Permit,4,NPDMUNILRG,R4-2019-0077,4A190118001,09/01/2019,08/31/2024,Historical,N,658148
383099,NPDES Permit,4,NPDMUNILRG,R4-2013-0180,4A190118001,02/01/2014,01/31/2019,Historical,N,658148
331910,NPDES Permit,4,NPDMUNILRG,R4-2007-0046,4A190118001,10/27/2007,08/10/2012,Historical,N,658148
416477,Enrollee - WDR,5F,WDRMUNIENROTH,2014-0153-DWQ,5C10NC00163,12/13/2017,09/23/2029,Active,N,707492
336534,Enrollee,5F,WDRMUNIENROTH,97-010-DWQ,5C10NC00163,04/19/2000,,Historical,N,707492
402416,Enrollee - WDR,2,WDRMUNIENROTH,2014-0153-DWQ,2 215166001,09/08/2015,09/08/2030,Active,N,709408
338356,Enrollee,2,WDRMUNIENROTH,97-010-DWQ,2 215166001,08/06/2007,,Historical,N,709408
459444,NPDES Permit,5S,NPDMUNIOTH,R5-2024-0067,5B05NP00014,02/01/2025,01/31/2030,Active,N,717684
425736,NPDES Permit,5S,NPDMUNIOTH,R5-2018-0074,5B05NP00014,12/01/2018,11/30/2023,Historical,N,717684
395022,NPDES Permit,5S,NPDMUNIOTH,R5-2014-0011,5B05NP00014,03/29/2014,03/01/2019,Historical,N,717684
345656,NPDES Permit,5S,NPDMUNIOTH,R5-2008-0058,5B05NP00010,06/16/2008,04/01/2013,Historical,N,717684
346646,Enrollee - WDR,5F,WDRMUNIENROTH,97-010-DWQ,5C54NC00297,06/23/2008,06/23/2023,Active,N,719232
346483,Enrollee,5F,WDRMUNIENROTH,97-010-DWQ,5C54NC00296,,,Never Active,N,719040
437786,Enrollee - WDR,5F,WDRMUNIOWTS,2014-0153-DWQ,5C54NC00296,03/28/2019,09/23/2029,Active,Y,719040
395107,Enrollee - WDR,1,WDRMUNIENROTH,97-010-DWQ,1B07094RSON,12/30/2014,12/29/2024,Active,N,718887
399402,Individual Monitoring Requirem,1,WDRMUNIOWTS,R1-2014-0063,1B07094RSON,12/30/2014,12/30/2024,Active,N,718887
361009,Enrollee,1,WDRMUNIENROTH,97-010-DWQ,1B07094RSON,01/27/2009,,Historical,N,718887
361015,Individual Monitoring Requirem,1,WDRMUNIOWTS,R1-2009-0011,1B07094RSON,01/27/2009,01/27/2014,Historical,N,718887
416207,Letter,5F,WDRMUNIENROTH,,,08/21/2017,,Historical,N,721549
394619,Letter,5F,WDR,,5B55NC00012,01/15/2014,,Historical,N,721549
373627,Enrollee - WDR,5F,WDRMUNIENROTH,97-010-DWQ,5B55NC00012,05/09/2012,05/09/2027,Active,N,721549
371928,Unregulated,5F,DISCHLND,,5B55NC00012,01/26/1991,,Historical,N,721549
372239,WDR,5F,WDR,85-306,5B55NC00012,10/25/1985,,Historical,N,721549
372239,WDR,5S,WDR,85-306,5B55NC00012,10/25/1985,,Historical,N,721549
384670,Individual Monitoring Requirem,1,WDRMUNIOWTS,R1-2009-0015,1B08113RSON,02/11/2009,04/23/2027,Active,N,722666
349138,Enrollee - Waiver,1,WDRMUNIOWTS,R1-2022-0031,1B08113RSON,02/11/2009,12/07/2027,Active,N,722666
459245,Enrollee - WRR,2,REC,2016-0068-DDW,2 071013002,06/24/2022,08/05/2032,Active,N,723734
349731,Enrollee - WRR,2,REC,,2 071013002,06/19/2000,,Historical,N,723734
374121,WDR,5F,WDRMUNILRG,R5-2014-0137,5D100121001,10/10/2014,10/10/2024,Active,N,726877
145376,WDR,5F,WDRMUNILRG,91-191,5D100121001,09/06/1991,09/03/2001,Historical,N,726877
144571,WDR,5F,WDRMUNILRG,85-251,5D100121001,09/27/1985,09/30/1996,Historical,N,726877
142995,WDR,5F,WDRMUNILRG,61-135,5D100121001,12/14/1961,12/14/1966,Historical,N,726877
146956,WDR,3,WDRMUNILRG,94-082,3 270108025,09/09/1994,03/10/1999,Active,N,726996
423607,Enrollee - WDR,3,WDRMUNIENROTH,2014-0153-DWQ,3 401108233,07/02/2019,09/23/2029,Active,N,729031
354930,Enrollee - WDR,3,WDRMUNIENROTH,97-010-DWQ,3 401108233,09/22/2008,07/02/2023,Historical,N,729031
440280,Co-Permitee,SB,SLIC,2020-0015-DWQ,3 441208240,07/09/2020,,Active,N,731257
359226,WDR,3,WDRMUNILRG,R3-2008-0039,3 441208240,12/05/2008,12/04/2013,Active,N,731257
443567,Letter,5F,WDRMUNILRG,,5D540106001,06/21/2021,,Active,N,726883
443813,Letter,5F,WDRMUNILRG,,5D540106001,05/21/2021,,Historical,N,726883
336354,WDR,5F,WDRMUNILRG,R5-2007-0123,5D540106001,09/14/2007,09/14/2017,Active,Y,726883
147825,WDR,5F,WDRMUNILRG,00-096,5D540106001,04/28/2000,04/28/2010,Historical,N,726883
144165,Reclamation Requirements,5F,REC,85-108,5D540106001,05/31/1985,06/30/1995,Historical,N,726883
437900,Enrollee - WRR,6V,REC,2016-0068-DDW,6B260903003,05/12/2023,08/05/2026,Active,N,735383
362897,Reclamation Requirements,6V,REC,R6V-2009-0035,6B260903003,06/10/2009,06/10/2019,Historical,N,735383
403596,WDR,4,WDRMUNILRG,,4A560114007,,,Never Active,N,734616
452458,WDR,4,WDRMUNILRG,R4-2023-0292,4A560114007,08/31/2023,,Active,N,734616
362082,WDR,4,WDRMUNILRG,R4-2009-0027,4A560114007,02/05/2009,02/28/2024,Historical,Y,734616
363816,WDR,5S,WDRMUNILRG,R5-2009-0023,5A170101001,02/05/2009,02/05/2019,Active,N,736188
427567,WDR,5F,WDRMUNILRG,R5-2019-0085,5C15NC00247,12/06/2019,12/06/2029,Active,N,739154
367605,Unregulated,5F,DISCHLND,,5B55NC00011,,,Active,N,737529
373545,Enrollee - WDR,5F,WDRMUNIOTH,2014-0153-DWQ,5B55NC00011,08/19/2019,08/19/2033,Active,N,737529
442117,Enrollee - WDR,5S,WDRMUNIOTH,2014-0153-DWQ,5A34NC00041,08/31/2021,09/23/2029,Active,N,739749
367307,Enrollee - WDR,5S,WDRMUNIENROTH,97-010-DWQ,5A34NC00041,06/16/2009,06/15/2014,Historical,N,739749
367761,Individual Monitoring Requirem,5S,WDR,R5-2009-0826,5A34NC00040,06/16/2009,11/18/2012,Historical,N,739749
367512,WDR,5S,WDRMUNIOTH,R5-2009-0062,5A51NC00005,06/12/2009,06/12/2019,Active,N,739902
445274,Enrollee - WRR,2,REC,2016-0068-DDW,2 071008003,04/08/2020,04/08/2030,Active,N,741394
368741,Enrollee - WRR,2,REC,R2-1996-011,2 071008003,05/09/1997,,Historical,N,741394
396404,WDR,5F,WDRMUNILRG,,5C15NC00128,,,Historical,N,740731
420918,Letter,5F,WDRMUNILRG,,,09/11/2015,,Historical,N,740731
368204,WDR,5F,WDRMUNILRG,R5-2011-0066,5C15NC00128,10/13/2011,10/13/2021,Active,N,740731
368626,WDR,5S,WDRMUNIOTH,R5-2012-0023,5B03NC00034,03/30/2012,03/30/2027,Active,N,741089
448253,NPDES Permit,8,NPDMUNILRG,R8-2022-0041,8 362918001,08/01/2022,09/30/2027,Active,N,742794
440355,Co-Permitee,SB,SLIC,2020-0015-DWQ,8 362918001,07/09/2020,,Active,N,742794
394393,NPDES Permit,8,NPDMUNILRG,R8-2015-0036,8 362918001,11/01/2015,10/31/2020,Historical,N,742794
369778,NPDES Permit,8,NPDMUNILRG,R8-2009-0021,8 362918001,07/20/2009,07/01/2014,Historical,Y,742794
440501,Co-Permitee,SB,SLIC,2020-0015-DWQ,6B360911001,07/09/2020,,Active,N,747480
394630,WDR,6V,WDRMUNILRG,R6V-2014-0002,6B360911001,01/09/2014,01/09/2029,Active,Y,747480
372262,WDR,6V,WDRMUNILRG,R6V-2010-0023,6B360911001,06/09/2010,,Historical,N,747480
408405,NPDES Permit,5F,NPDMUNILRG,,5B24NP00017,,,Historical,N,747519
440397,Co-Permitee,SB,SLIC,2020-0015-DWQ,5B24NP00017,07/09/2020,,Active,N,747519
422026,Enrollee - NPDES,5F,NPDMUNILRG,R5-2023-0025,5B24NP00017,05/30/2018,07/31/2029,Active,N,747519
372304,NPDES Permit,5F,NPDMUNILRG,R5-2011-0082,5B24NP00017,01/20/2012,01/01/2017,Historical,N,747519
380929,Waiver,5F,WDRNONMUNIPRCS,,5B24NC00326,08/22/2011,,Historical,N,747519
436195,Waiver,2,WDRMUNIOWTS,2012-0032,2 21CW750984,05/13/2013,05/13/2018,Active,N,750984
141467,Reclamation Requirements,2,REC,89-074,2 283019003,05/17/1989,05/17/2004,Active,N,754176
445735,Enrollee - WRR,2,REC,2016-0068-DDW,2 019014005,04/08/2020,04/08/2030,Active,N,753205
374449,Enrollee - WRR,2,REC,R2-1996-011,2 019014005,06/29/2010,,Historical,N,753205
402182,NPDES Permit,8,NPDMUNILRG,R8-2015-0024,8 302006002,07/01/2015,06/30/2020,Active,Y,758391
140354,WDR,8,WDRMUNILRG,94-003,8 302798001,03/11/1994,03/08/2004,Historical,N,758391
376901,Enrollee - WDR,5F,WDRNONMUNIPRCS,2003-0003-DWQ,5C16NC00138,01/06/2011,04/30/2013,Active,N,759421
422465,NPDES Permit,8,NPDMUNILRG,R8-2021-0010,8 300110002,08/01/2021,07/31/2026,Active,N,758392
440352,Co-Permitee,SB,SLIC,2020-0015-DWQ,8 300110002,07/09/2020,,Active,N,758392
386791,NPDES Permit,8,NPDMUNILRG,R8-2012-0035,8 300110002,07/20/2012,07/19/2017,Historical,N,758392
298337,NPDES Permit,8,NPDMUNILRG,R8-2004-0062,8 300110002,10/31/2004,10/30/2009,Historical,N,758392
376784,Letter,5F,WDR,,5C54NC00314,,,Active,N,759028
379574,Enrollee - WDR,5F,WDRMUNIENROTH,97-010-DWQ,5C54NC00314,06/15/2011,06/15/2026,Active,N,759028
376781,WDR,5F,WDRMUNIOTH,79-163,5C54NC00314,07/27/1979,,Historical,N,759028
376542,WDR,5F,WDRMUNIOTH,74-102,5C54NC00314,12/04/1973,,Historical,N,759028
440499,Co-Permitee,SB,SLIC,2020-0015-DWQ,6B360907005,07/09/2020,,Active,N,761903
377320,WDR,6V,WDRMUNILRG,R6V-2013-0005,6B360907005,01/17/2013,,Active,N,761903
440498,Co-Permitee,SB,SLIC,2020-0015-DWQ,6B360907006,07/09/2020,,Active,N,761913
377321,WDR,6V,WDRMUNILRG,R6V-2013-0004,6B360907006,01/17/2013,01/17/2028,Active,N,761913
445251,Enrollee - WRR,2,REC,2016-0068-DDW,2 283021003,04/08/2020,08/05/2026,Active,N,764886
349009,Enrollee - WRR,2,REC,,2 283021003,07/05/2005,,Historical,N,764886
378562,Enrollee - WRR,2,REC,R2-1996-011,2 215015002,01/19/2000,,Active,N,765314
380595,Enrollee - WRR,2,REC,R2-1996-011,2 283009002,04/09/1996,,Active,N,764881
143298,Reclamation Requirements,2,REC,94-039,2 283009002,03/16/1994,,Historical,N,764881
379115,Individual Monitoring Requirem,1,WDR,R1-2011-0061,1B06162RHUM,05/10/2011,05/10/2021,Active,N,766558
379114,Enrollee - WDR,1,WDRMUNIENROTH,97-010-DWQ,1B06162RHUM,05/10/2011,,Active,N,766558
379174,WDR,4,WDRMUNIOTH,R4-2015-0051,4B190190002,03/12/2015,,Active,N,766648
374155,Individual Monitoring Requirem,1,WDRMUNIENROTH,R1-2010-0051,1B09156RSON,05/04/2010,05/04/2020,Active,N,766948
362509,Enrollee - WDR,1,WDRMUNIENROTH,97-010-DWQ,1B09156RSON,05/04/2010,,Active,N,766948
380045,Enrollee - WDR,5S,WDRMUNIENROTH,2004-0012-DWQ,5A48NC00024,06/27/2011,06/26/2016,Active,N,768050
380584,Enrollee - WRR,2,REC,R2-1996-011,2 215022004,03/30/2012,,Active,N,769213
382037,Enrollee - WRR,2,REC,R2-1996-011,2 215022004,12/15/2011,,Active,N,769213
348891,Individual Monitoring Requirem,1,WDRMUNIENROTH,R1-2008-0078,1B08077RSON,07/11/2008,07/11/2018,Active,N,770632
319558,Enrollee - WDR,1,WDRMUNIENROTH,97-010-DWQ,1B08077RSON,07/11/2008,07/11/2023,Active,N,770632
384428,Individual Monitoring Requirem,1,WDR,R1-2012-0057,1B08022RSON,04/11/2012,04/10/2022,Active,N,771804
349721,Enrollee - WDR,1,WDRMUNIENROTH,97-010-DWQ,1B08022RSON,04/11/2012,,Active,N,771804
383768,Enrollee - WDR,3,WDRMUNIENROTH,97-010-DWQ,3 2703212437,01/09/2012,01/09/2022,Active,N,773960
132376,Individual Monitoring Requirem,1,WDRMUNIOTH,R1-2003-0063,1B03078RHUM,05/07/2003,05/07/2013,Active,N,776914
179214,Enrollee - WDR,1,WDRMUNIENROTH,97-010-DWQ,1B03078RHUM,05/07/2003,,Active,N,776914
459278,Enrollee - WRR,2,REC,2016-0068-DDW,2 438297002,04/08/2020,04/08/2030,Active,N,777018
383082,Enrollee - WRR,2,REC,,2 438297002,12/12/2012,,Historical,N,777018
401769,Enrollee - WDR,9,REC,WQO-2014-0090-DWQ,9 000002500,,,Never Active,N,782065
386848,WDR,9,WDRMUNILRG,R9-2012-0054,9 0000002490,11/13/2012,11/14/2017,Active,Y,782065
386901,Reclamation Requirements,9,REC,R9-2012-0055,9 000002500,11/13/2012,11/14/2017,Active,N,782065
387531,Reclamation Requirements,2,REC,R2-2013-0001,2 019488001,01/09/2013,01/09/2028,Active,N,785242
390074,WDR,5F,WDRMUNILRG,R5-2013-0160,5B10NC00059,12/06/2013,12/06/2023,Active,N,793760
393659,WDR,5R,WDRMUNIOWTS,97-10-DWQ-R5159,5A32NC00006,07/17/2014,07/01/2024,Active,N,800038
386850,Co-Permitee,1,NPDMUNIOTH,R1-2012-0065,1B83104OHUM,07/01/2012,06/30/2017,Active,N,784780
395245,Enrollee - WDR,5F,WDRMUNIOTH,2014-0153-DWQ,5C10NC00192,04/27/2015,04/27/2025,Active,N,804421
462993,WDR,3,REC,R3-2025-0008,3 270417589,10/09/2025,10/09/2040,Active,N,805968
449614,Enrollee - WDR,3,WDRMUNIENROTH,R3-2026-0032,3 271123999,10/18/2022,04/16/2031,Active,N,805968
445557,Enrollee - Waiver,3,REC,R3-2026-0032,3 271121942,10/21/2021,04/16/2031,Active,N,805968
412699,WDR,3,REC,R3-2017-0003,3 270417589,03/09/2017,03/09/2027,Historical,N,805968
434331,WDR,4,WDRMUNIOTH,R4-2020-0049,4A190117002,04/16/2020,,Active,N,805193
395574,WDR,4,WDRMUNIOTH,R4-2016-0220,4A190117002,06/09/2016,06/09/2026,Historical,N,805193
448565,WDR,7,WDRMUNILRG,R7-2022-0014,7A360122001,06/14/2022,06/14/2032,Active,Y,806008
430678,Enrollee - WDR,7,WDRMUNIENROTH,2003-0003-DWQ,7A360129001,05/31/2019,05/31/2029,Historical,N,806008
396169,WDR,7,WDRMUNILRG,R7-2015-0043,7A360122001,09/17/2015,09/17/2025,Historical,N,806008
395792,WDR,1,WDRMUNIOTH,R1-2016-0013,1A14143RSIS,04/07/2016,04/07/2031,Active,N,805724
396966,WDR,5F,WDRMUNIOTH,R5-2015-0018,5B10NC00072,04/16/2015,04/16/2025,Active,N,807214
397392,Enrollee - WDR,5S,REC,2016-0068-DDW,5A57NC00040,07/16/2014,07/15/2019,Active,N,807814
397848,Enrollee - WDR,1,WDRMUNIENROTH,2004-0012-DWQ,1B14083RSON,10/03/2014,10/02/2020,Active,N,808744
425157,Enrollee - WDR,1,WDRMUNIENROTH,2016-0068-DDW,1B14046RMEN,10/18/2018,08/05/2026,Active,N,806315
429764,Individual Monitoring Requirem,1,WDRMUNIENROTH,R1-2018-0058,1B14046RMEN,10/18/2018,08/05/2026,Active,N,806315
396355,Enrollee - Waiver,1,WDRMUNIENROTH,R1-2022-0031,1B14046RMEN,06/23/2014,12/07/2027,Historical,N,806315
399504,WDR,1,WDRMUNIOTH,R1-2024-0005,1B14140RHUM,02/08/2024,02/07/2039,Active,N,812326
400893,Enrollee - WDR,1,WDRMUNIOTH,2004-0012-DWQ,1B06065RSON,,,Never Active,N,815161
332501,Enrollee - WDR,1,WDRMUNIENROTH,2004-0012-DWQ,1B06065RSON,06/06/2007,,Active,N,815161
400194,WDR,6T,WDRMUNIOWTS,R6T-2015-0056,6A261412004,09/17/2015,09/17/2025,Active,N,813804
400896,Enrollee - WDR,1,WDRMUNIOTH,2004-0012-DWQ,1B14141RSON,06/06/2007,06/05/2022,Active,N,815162
463926,Enrollee - WDR,7,WDRMUNIOTH,2014-0153-DWQ,7A130136001,02/10/2026,09/23/2029,Active,N,815299
401044,WDR,7,WDRMUNIOTH,R7-2015-0050,7A130136001,11/19/2015,11/19/2030,Historical,N,815299
401337,Enrollee - WDR,5F,WDRMUNIOTH,2014-0153-DWQ,5C10NC00195,06/19/2015,06/19/2025,Active,N,815678
402043,Enrollee - WDR,5F,WDRMUNIOWTS,2014-0153-DWQ,5B22NC00011,07/23/2015,07/23/2025,Active,N,816491
402041,Enrollee - WDR,1,WDRMUNIOTH,2014-0153-DWQ,1B15087RSON,05/18/2016,05/17/2021,Active,N,816488
406258,Individual Monitoring Requirem,1,WDRMUNIOTH,R1-2016-0026,1B15087RSON,05/16/2016,05/15/2021,Active,N,816488
401725,Reclamation Requirements,2,REC,R2-2017-0036,2 38IWRR401725,09/13/2017,09/13/2027,Active,N,816191
440428,Co-Permitee,SB,SLIC,2020-0015-DWQ,5B20NC00105,07/09/2020,,Active,N,817457
402537,WDR,5F,WDRMUNILRG,R5-2016-0057,5B20NC00105,06/24/2016,06/24/2026,Active,N,817457
194885,Enrollee - WDR,5F,WDRMUNIENROTH,97-010-DWQ,5C10NC00156,11/19/2003,11/19/2018,Active,N,821955
194885,Enrollee - WDR,5F,WDRMUNIENROTH,97-010-DWQ,5C10NC00156,11/19/2003,11/19/2018,Active,N,821955
442694,Enrollee - WRR,3,REC,2016-0068-DDW,3 400421864,03/17/2021,08/05/2026,Active,N,822816
440285,Co-Permitee,SB,SLIC,2020-0015-DWQ,3 400910371,07/09/2020,,Active,N,822816
422955,Enrollee - WRR,3,REC,2016-0068-DDW,3_400718651,09/05/2018,08/05/2026,Historical,N,822816
405028,Enrollee - WDR,3,SSOMUNISML,2022-0103-DWQ,3SSO18100,03/10/2016,04/28/2028,Active,N,822816
395289,Enrollee,3,WDRNONMUNIPRCS,R3-2014-0041,,05/20/2013,09/24/2019,Historical,N,822816
384782,13267 Letter (Non-Enforcement),3,WDR,,3 400910371,07/01/2012,07/01/2015,Historical,N,822816
379559,WDR,3,WDRMUNILRG,R3-2011-0001,3 400910371,05/05/2011,05/05/2026,Active,N,822816
131790,WDR,3,WDRMUNIOTH,R3-2003-0007,3 401078001,02/07/2003,02/07/2018,Historical,N,822816
131791,Resolution,3,WDRMUNIOTH,03-006,3 401078001,02/07/2003,,Historical,N,822816
404013,Enrollee - WDR,5S,WDRMUNIENROTH,2014-0153-DWQ,5B50NC00327,07/09/2019,09/23/2029,Active,N,820261
405097,Enrollee - WDR,2,REC,2014-0153-DWQ,2 21GWDR405097,02/14/2022,02/14/2032,Active,N,822928
298259,Reclamation Requirements,4,REC,R4-2006-0009,4B190137003,01/19/2006,12/31/2013,Active,Y,824178
435501,NPDES Permit,3,NPDMUNIOTH,R3-2020-0004,3 401019759,12/01/2020,11/30/2025,Active,N,824400
407183,Enrollee - Waiver,2,WDRMUNIOWTS,2012-0032,,05/13/2013,05/13/2018,Active,N,825789
407530,Enrollee - Waiver,2,WDRMUNIOWTS,2012-0032,,05/13/2013,05/13/2018,Active,N,826202
407774,Enrollee - WDR,5F,WDRMUNIOWTS,2014-0153-DWQ,5B22NC00012,07/08/2016,07/08/2026,Active,N,826481
411940,WDR,3,REC,R3-2016-0044,3 270217584,12/08/2016,12/07/2026,Active,N,826844
409750,Enrollee - WRR,3,REC,2016-0068-DDW,3 271016578,09/09/2016,07/18/2025,Active,N,826844
410569,Enrollee - WRR,4,REC,2016-0068-DDW,4A569101001,06/14/2017,,Active,N,830415
413154,Enrollee - WDR,5F,WDRMUNIOTH,2014-0153-DWQ,5C10NC00203,03/09/2018,03/09/2033,Active,N,835076
442037,Individual Monitoring Requirem,1,WDRMUNIOTH,R1-2018-0040,1A171868RDN,06/18/2018,09/23/2029,Active,N,833707
420851,Enrollee - WDR,1,WDRMUNIOTH,2014-0153-DWQ,1A171868RDN,06/18/2018,09/23/2029,Active,N,833707
413452,Enrollee - WDR,5F,WDRMUNIOWTS,2014-0153-DWQ,5C54NC00327,08/24/2017,08/24/2032,Active,N,835506
448440,NPDES Permit,5S,NPDMUNILRG,R5-2022-0034,5B50NP00031,08/01/2022,07/31/2027,Active,N,822960
405123,NPDES Permit,5S,NPDMUNILRG,R5-2016-0010,5B50NP00031,04/01/2016,03/31/2021,Historical,N,822960
432116,WDR,8,WDRMUNILRG,R8-2023-0009,8 363000001,12/01/2023,12/01/2033,Active,N,835078
414137,Enrollee - WDR,5F,WDRMUNIOTH,2014-0153-DWQ,5C15NC00218,08/28/2017,08/30/2032,Active,N,836454
419271,Enrollee - WDR,5F,WDRNONMUNIPRCS,2014-0153-DWQ,5B24NC00381,07/20/2018,09/23/2029,Active,N,837951
416661,NPDES Permit,4,NPDNONMUNIPRCS,R4-2019-0053,4B190107087,07/01/2019,06/30/2024,Active,N,840718
415718,Enrollee - WDR,6V,WDRMUNIENROTH,2014-0153-DWQ,6B191602004,08/10/2017,08/10/2022,Active,N,838760
452949,WDR,9,WDRMUNILRG,R9-2023-0131,9000003903,12/13/2023,12/13/2038,Active,N,846371
420777,NPDES Permit,9,NPDMUNILRG,R9-2018-0002,9 000000031,06/01/2018,05/31/2023,Active,N,846371
452807,WDR,4,WDRMUNILRG,R4-2023-0089,4A560103002,04/27/2023,,Active,N,848096
147523,WDR,4,WDRMUNILRG,00-048,4A560103002,04/13/2000,04/13/2010,Historical,N,848096
134524,WDR,4,WDRMUNILRG,90-061,4A560103002,05/21/1990,05/18/2000,Historical,N,848096
135279,WDR,4,WDRMUNILRG,86-071,4A560103002,09/22/1986,09/22/1991,Historical,N,848096
133699,WDR,4,WDRMUNILRG,79-045,4A560103002,03/26/1979,03/26/1984,Historical,N,848096
440606,Individual Monitoring Requirem,1,WDRMUNIENROTH,,1B190006RSON,10/01/2021,09/23/2029,Active,N,855819
428577,Enrollee - WDR,1,WDRMUNIENROTH,2014-0153-DWQ,1B190006RSON,09/28/2020,09/23/2029,Active,N,855819
425537,WDR,6V,WDRMUNILRG,R6V-2021-0022,6B361809001,05/13/2021,05/11/2026,Active,N,851487
422798,WDR,9,WDRMUNILRG,R9-2020-0108,9 000003742,08/12/2020,08/12/2025,Active,Y,849194
424907,NPDES Permit,9,NPDMUNILRG,R9-2020-0001,9 000003607,07/01/2020,06/30/2025,Active,Y,850597
429084,WDR,5F,WDRINDIVSML,R5-2019-0054,5C54NC00363,06/07/2019,06/07/2034,Active,N,856455
457777,NPDES Permit,2,NPDMUNILRG,R2-2024-0013,,10/01/2024,09/30/2029,Active,N,858381
430605,NPDES Permit,2,NPDMUNILRG,R2-2019-0017,,07/01/2019,06/30/2024,Historical,N,858381
432945,Enrollee - WDR,7,WDRMUNIOTH,2014-0153-DWQ,7A130139001,12/13/2019,12/13/2034,Active,N,859673
433375,Enrollee - WDR,2,WDRMUNIOWTS,2014-0153-DWQ,2 43CW860254,07/20/2020,07/19/2030,Active,N,860254
436451,WDR,7,WDRMUNIOWTS,R7-2020-0011,7A330104002,09/03/2020,09/03/2030,Active,Y,864305
440668,Enrollee - WDR,2,WDRMUNIOWTS,2014-0153-DWQ,2 43GWDR440668,07/27/2022,07/27/2032,Active,N,862046
436802,Enrollee - WRR,2,WDRMUNILRG,2016-0068-DDW,2 41GWRR864895,07/24/2021,08/05/2026,Active,N,864895
428561,Reclamation Requirements,4,REC,R4-2020-0051,4A560105002,04/16/2020,04/16/2035,Active,N,866484
369637,Reclamation Requirements,4,REC,R4-2008-0083,4A560105002,10/02/2008,10/02/2023,Historical,Y,866484
438843,Enrollee - WDR,4,WDRNONMUNIPRCS,2014-0153-DWQ,4A568201057,06/14/2022,,Active,N,867598
455575,WDR,4,REC,R4-2023-0366,4B190122003,12/21/2023,12/21/2038,Active,N,869661
440841,WDR,4,REC,R4-2021-0044,4B190122003,02/11/2021,02/11/2031,Historical,N,869661
368890,WDR,5S,WDR,Pending,5B50NC00305,,,Never Active,N,869528
466036,13267 Letter (Non-Enforcement),5S,WDRNONMUNIPRCS,R5-2026-0032-NRP4-06,5B50NC00453,07/21/2026,,Active,N,869528
440750,Enrollee - WDR,5S,WDRNONMUNIPRCS,2014-0153-DWQ,5B50NC00453,12/23/2021,09/23/2029,Active,N,869528
442311,Enrollee - Waiver,1,WDRINDIVSML,R1-2022-0031,1B21033RSON,09/15/2021,12/07/2027,Active,N,872382
448596,NPDES Permit,3,NPDMUNIOTH,R3-2022-0029,3 400322963,08/05/2022,08/04/2027,Active,N,882248
446577,NPDES Permit,2,NPDMUNIOTH,R2-2022-0006,2 01NPI441309,06/01/2022,05/31/2027,Active,N,879361
452952,WDR,4,WDRMUNILRG,R4-2023-0357,4B190106006,10/19/2023,10/19/2028,Active,N,888692
455774,Enrollee - WDR,8,WDRMUNIOWTS,2014-0153-DWQ,8 363015001,10/04/2024,09/23/2029,Active,N,893349
454036,WDR,4,WDRMUNILRG,R4-2023-0426,4A560101001,12/21/2023,,Active,N,889990
456678,Enrollee - WDR,5S,WDRINDIVSML,2014-0153-DWQ,5A17NC00038,06/18/2025,09/23/2029,Active,N,894553
459659,Individual Monitoring Requirem,1,WDRINDIVSML,R1-2025-0004,1B24163RSON,01/06/2025,09/23/2029,Active,N,897866
459355,Enrollee - WDR,1,WDRINDIVSML,2014-0153-DWQ,1B24163RSON,01/06/2025,09/23/2029,Active,N,897866
459357,NPDES Permit,9,NPDMUNILRG,R9-2025-0003,9 000004038,06/01/2026,05/31/2031,Active,N,897869
461122,Enrollee - WDR,5R,WDRNONMUNIPRCS,2003-0003-DWQ,5A04NC00082,07/16/2025,07/17/2027,Active,N,901334
462410,Individual Monitoring Requirem,1,WDRMUNIOTH,R1-2025-0026,1A25094RSIS,08/27/2025,09/23/2029,Active,N,901636
461730,Enrollee - WDR,1,WDRMUNIOTH,2014-0153-DWQ,1A25094RSIS,08/27/2025,09/23/2029,Active,N,901636
462238,Enrollee - Waiver,1,WDRINDIVSML,R1-2022-0031,1A25127RMOD,08/18/2025,12/12/2027,Active,N,902560
462472,Enrollee - Waiver,1,WDRMUNIOWTS,R1-2022-0031,1B25141RHUM,01/12/2026,12/07/2027,Active,N,902801
440435,Co-Permitee,SB,SLIC,2020-0015-DWQ,5D540110001,07/09/2020,,Active,N,872487
367947,WDR,5F,WDRMUNILRG,R5-2013-0019,5D540110001,04/11/2013,04/11/2018,Active,N,872487
378783,Reclamation Requirements,5F,REC,R5-2013-0019,5C54NC00247,07/05/2004,04/11/2023,Never Active,N,872487
163056,Resolution,5F,WDRMUNILRG,R5-2004-0019,5C54PT00002,01/30/2004,,Historical,N,872487
131617,WDR,5F,WDRMUNILRG,R5-2002-0185,5D540110001,10/18/2002,10/18/2007,Historical,N,872487
144784,WDR,5F,WDRMUNILRG,91-133,5D540110001,06/28/1991,06/28/1994,Historical,Y,872487
143939,WDR,5F,WDRMUNILRG,75-231,5D540110001,10/24/1975,12/30/1988,Historical,N,872487
143423,WDR,5F,WDRMUNILRG,72-276,5D540110001,06/30/1972,06/30/1987,Historical,N,872487
462531,WDR,6V,WDRMUNIOTH,R6-2026-0010,6B142509005,05/06/2026,05/13/2076,Active,N,902865
436788,Enrollee - WDR,5R,WDRMUNIOTH,2014-0153-DWQ,5A320104004,04/07/2020,09/23/2029,Active,N,903974
437851,Enrollee - WDR,5F,WDRMUNIOTH,2014-0153-DWQ,5D100102002,02/13/2020,09/23/2029,Active,N,201075
143808,WDR,5F,WDRMUNIOTH,82-062,5D100102002,06/25/1982,06/22/1992,Historical,N,201075
351167,WDR,5F,WDRMUNILRG,R5-2008-0127,5C100106003,07/31/2008,07/31/2018,Active,N,201076
131600,WDR,5F,WDRMUNILRG,R5-2002-0193,5C100106003,10/18/2002,10/18/2017,Historical,N,201076
144742,WDR,5F,WDRMUNILRG,91-068,5C100106003,02/22/1991,02/19/2001,Historical,N,201076
144373,WDR,5F,WDRMUNILRG,90-009,5C100106003,01/26/1990,01/26/1995,Historical,N,201076
440412,Co-Permitee,SB,SLIC,2020-0015-DWQ,5C200102001,07/09/2020,,Active,N,201068
142311,WDR,5F,WDRMUNILRG,00-232,5C200102001,10/27/2000,10/27/2010,Active,N,201068
143949,WDR,5F,WDRMUNILRG,76-025,5C200102001,02/23/1976,02/20/1986,Historical,N,201068
370313,Letter,5F,WDR,,5C200102006,09/01/2009,,Historical,N,201069
145959,NPDES Permit,5F,NPDMUNIOTH,99-052,5C200102012,04/30/1999,04/30/2004,Historical,N,201069
146271,WDR,5F,WDRMUNILRG,97-015,5C200102006,01/24/1997,01/24/2007,Active,N,201069
145182,WDR,5F,WDRMUNILRG,88-027,5C200102006,02/26/1988,02/23/1998,Historical,N,201069
144625,WDR,5F,WDRMUNILRG,86-066,5C200102006,03/28/1986,03/30/1992,Historical,N,201069
143674,WDR,5F,WDRMUNILRG,70-209,5C200102006,03/30/1970,03/30/1992,Historical,N,201069
