Agency,Agency Address,Facility Name,Facility Address,Latitude,Longitude,Place/Project Type,SIC/NAICS,County,Region,Program,Regulatory Measure Status,Regulatory Measure Type,Order No.,WDID,NPDES No.,Adoption Date,Effective Date,Termination Date,Expiration/Review Date,Design Flow,Major/Minor,Complexity,TTWQ,CAF Population,CAF Subtype,AEU,# Enforcement Actions within 5 years,# Violations within 5 years,Unnamed: 29
Happy Camp Sanitation District,"Po Box 378, Happy Camp, CA 96039",Happy Camp WWTP,"Highway 96, Happy Camp, CA 96039",41.77696,-123.39872,Wastewater Treatment Facility,4952,Siskiyou,1,WDRMUNILRG,Active,WDR,R1-2022-0011,1A75211OSIS,,06/09/2022,06/09/2022,,2037-06-09,0.32,,B,3.0,,,,0.0,9.0,
Montague City,"Po Box 428, Montague, CA 96064",Montague STP,"1030 13th Street, Montague, CA 96064",41.73401,-122.53957,Wastewater Treatment Facility,4952,Siskiyou,1,WDRMUNILRG,Active,WDR,96-068,1A76081OSIS,,09/26/1996,09/26/1996,,2014-09-24,0.24,,B,3.0,,,,0.0,6.0,
Dorris City,"Po Box 768, Dorris, CA 96023",Dorris City STP,"Highway 97, Dorris, CA 96023",41.95848,-121.92127,Wastewater Treatment Facility,4952,Siskiyou,1,WDRMUNILRG,Active,WDR,98-004,1A77141OSIS,,02/26/1998,02/26/1998,,2013-02-24,0.12,,B,2.0,,,,1.0,5.0,
Lake Shastina CSD,"16309 Everhart Drive, Weed, CA 96094-9400",Lake Shastina CSD STP,"County Road 20, Weed, CA 96094",41.557222,-122.3775,Wastewater Treatment Facility,4952,Siskiyou,1,WDRMUNILRG,Active,WDR,R1-2012-0029,1A79010OSIS,,06/07/2012,06/07/2012,,2022-06-07,0.132,,B,3.0,,,,0.0,0.0,
Weed City Dept of Public Works,"Po Box 470, Weed, CA 96094",Weed WWTP,"1542 Alameda Street, Weed, CA 96094",41.43869,-122.40343,Wastewater Treatment Facility,4952,Siskiyou,1,WDRMUNILRG,Active,WDR,96-07001,1A80191OSIS,,09/26/1996,09/26/1996,,2016-09-24,0.378,,B,3.0,,,,0.0,0.0,
Weed City Dept of Public Works,"Po Box 470, Weed, CA 96094",Weed Shastina WWTP,"Highway 97, Weed, CA 96094",41.434853,-122.404647,Wastewater Treatment Facility,4952,Siskiyou,1,WDRMUNILRG,Active,WDR,96-07002,1A80192OSIS,,09/26/1996,09/26/1996,,2016-09-24,0.295,,B,3.0,,,,0.0,1.0,
Tulelake City,"Po Box 847, Tulelake, CA 96134",Tulelake City WWTP,"1000 Dean Callas Way, Tulelake, CA 96134",41.94825,-121.47026,Wastewater Treatment Facility,4952,Siskiyou,1,"NPDMUNIOTH, WDRMUNILRG",Active,WDR,R1-2015-0002,1A84002OSIS,CA0023272,03/12/2015,12/13/2017,,2025-03-12,0.18,Minor,B,2.0,,,,1.0,8.0,
Crescent City,"377 J Street, Crescent City, CA 95531",Crescent City WWTP,"210 Battery Street, Crescent City, CA 95531",41.747406,-124.201159,Wastewater Treatment Facility,4952,Del Norte,1,"NPDMUNILRG, SLIC",Active,NPDES Permit,R1-2023-0039,1A84006ODN,CA0022756,12/12/2023,02/01/2024,,2029-01-31,1.86,Major,A,1.0,,,,3.0,128.0,
Weaverville Sanitary District,"Po Box 1269, Weaverville, CA 96093",Weaverville SD WWTP,"630 Mountain View Street, Weaverville, CA 96093",40.71636,-122.93475,Wastewater Treatment Facility,4952,Trinity,1,WDRMUNILRG,Active,WDR,R1-2018-0004,1A84072OTRI,,04/19/2018,04/19/2018,,2028-04-19,0.5,,B,3.0,,,,0.0,0.0,
Yreka City,"701 Fourth Street, Yreka, CA 96097",Yreka City WWTP,"856 North Main  Street, Yreka, CA 96097",41.7441,-122.63073,Wastewater Treatment Facility,4952,Siskiyou,1,"SLIC, WDRMUNILRG",Active,WDR,R1-2021-0016,1A84073OSIS,,06/17/2021,06/17/2021,,2031-06-17,1.4,,B,2.0,,,,0.0,0.0,
Ca Dept of Corrections & Rehabilitation,"9838 Old Placerville Road B, Sacramento, CA 95827",CDC Pelican Bay Prison WWTP,"5905 Lake Earl Drive, Crescent City, CA 95532",41.8501,-124.1529,Wastewater Treatment Facility,9223,Del Norte,1,WDRMUNILRG,Active,Waiver,R1-2005-0074,1A89001NDN,,08/24/2005,08/24/2005,,2020-08-23,0.75,,B,2.0,,,,1.0,36.0,
Trinity County Waterworks District,"Po Box 217, Hayfork, CA 96041",Trinity County Waterworks District #1 Hayfork WWTP,"502 Tule Creek Road, Hayfork, CA 96041",40.54044,-123.20216,Wastewater Treatment Facility,4952,Trinity,1,"WDRMUNILRG, WDRMUNIOTH",Active,WDR,R1-2012-0105,1A97069RTRI,,12/06/2012,12/06/2012,,2022-12-06,0.729,,B,2.0,,,,0.0,0.0,
US Coast Guard Tracen,"599 Tomales Road, Petaluma, CA 94952-5000",US Coast Guard TRACEN - Tomales,"599 Tomales Road, Petaluma, CA 94952",38.25122,-122.78636,Wastewater Treatment Facility,4952,Sonoma,1,"WDRMUNIENROTH, WDRMUNILRG",Active,WDR,R1-2012-0033,1B72033OSON,,04/26/2012,04/26/2012,,2027-04-25,0.1,,B,2.0,,,,0.0,1.0,
Bodega Bay PUD,"Po Box 70, Bodega Bay, CA 94923",Bodega Bay Wastewater Reclamation Facility,"265 Doran Park Road, Bodega Bay, CA 94923",38.31889,-123.03476,Wastewater Treatment Facility,4952,Sonoma,1,WDRMUNILRG,Active,WDR,R1-2023-0011,1B75028OSON,,06/15/2023,06/15/2023,,2033-06-15,0.2,,B,2.0,,,,0.0,2.0,
Santa Rosa City Dept of Public Works,"69 Stony Circle, Santa Rosa, CA 95401",Santa Rosa City Oakmont Plant,"6200 Stonebridge Road, Santa Rosa, CA 95409",38.44856,-122.62483,Wastewater Treatment Facility,4952,Sonoma,1,WDRMUNILRG,Active,WDR,88-052,1B78209OSON,,04/28/1988,04/28/1988,,2014-04-26,0.65,,B,2.0,,,,0.0,0.0,
Point Arena City,"Po Box 67, Point Arena, CA 95468",Point Arena WWTP,"105 Iverson Avenue, Point Arena, CA 95468",38.90839,-123.6966,Wastewater Treatment Facility,4952,Mendocino,1,WDRMUNILRG,Active,WDR,R1-2022-0015,1B80045OMEN,,06/09/2022,06/09/2022,,2032-06-09,0.13,,B,2.0,,,,0.0,7.0,
Willits City,"111 East Commercial Street, Willits, CA 95490",Willits City WWTP,"300 North Lenore Street, Willits, CA 95490",39.41935,-123.3422889,Wastewater Treatment Facility,4952,Mendocino,1,"NPDMUNILRG, SLIC",Active,NPDES Permit,R1-2021-0021,1B80078OMEN,CA0023060,12/02/2021,02/01/2022,,2027-01-31,1.3,Major,A,2.0,,,,1.0,10.0,
Loleta CSD,"Po Box 236, Loleta, CA 95551",Loleta WWTF,"2656 Eel River Drive, Loleta, CA 95551",40.6383,-124.22553,Wastewater Treatment Facility,4952,Humboldt,1,NPDMUNIOTH,Active,NPDES Permit,R1-2020-0002,1B80081OHUM,CA0023671,04/16/2020,06/01/2020,,2025-05-31,0.1,Minor,B,2.0,,,,2.0,170.0,
College of the Redwoods,"7351 Tompkins Hill Road, Eureka, CA 95501","College of the Redwoods, POTW","7351 Tompkins Hill Road, Eureka, CA 95501",40.698944,-124.203269,Wastewater Treatment Facility,8221,Humboldt,1,"NPDMUNIOTH, WDRMUNIOTH",Active,Enrollee - WDR,2014-0153-DWQ,1B80121OHUM,CA0006700,06/07/2018,06/07/2018,,2023-06-06,0.08,Minor,C,3.0,,,,1.0,0.0,
Manila CSD,"1901 Park Street, Arcata, CA 95521",Manila CSD WWTP,"365 Lupin Drive, Arcata, CA 95521",40.85109,-124.16887,Wastewater Treatment Facility,4952,Humboldt,1,WDRMUNILRG,Active,WDR,R1-2023-0003,1B80162OHUM,,06/15/2023,06/15/2023,,2038-06-15,0.14,,B,3.0,,,,0.0,0.0,
Blue Lake City,"Po Box 458, Blue Lake, CA 95525",Blue Lake City POTW,"100 Wastewater Way, Blue Lake, CA 95525",40.88588,-124.00186,Wastewater Treatment Facility,4952,Humboldt,1,WDRMUNILRG,Active,WDR,R1-2012-0050,1B81129OHUM,,06/07/2012,06/07/2012,,2022-06-07,0.18,,B,2.0,,,,0.0,0.0,
Windsor Water District,"Po Box 100, Windsor, CA 95492-0100","Windsor Wastewater Treatment, Reclamation, and Disposal Facility","8400 Windsor Road, Windsor, CA 95492",38.538307,-122.816771,Wastewater Treatment Facility,4952,Sonoma,1,"NPDMUNILRG, SLIC",Active,NPDES Permit,R1-2020-0010,1B82037OSON,CA0023345,08/20/2020,10/01/2020,,2025-09-30,2.25,Major,A,1.0,,,,0.0,44.0,
Sonoma County Water Agency (SCWA),"404 Aviation Boulevard, Santa Rosa, CA 95403",SCWA Russian River CSD,"18400 Neely Road, Guerneville, CA 95446",38.485295,-123.000878,Wastewater Treatment Facility,4952,Sonoma,1,NPDMUNIOTH,Active,NPDES Permit,R1-2021-0002,1B82045OSON,CA0024058,06/17/2021,08/01/2021,,2026-07-31,0.71,Minor,A,1.0,,,,1.0,34.0,
Healdsburg City,"401 Grove Street, Healdsburg, CA 95448",Healdsburg City WWTP,"340 Foreman Lane, Healdsburg, CA 95448",38.58393,-122.86181,Wastewater Treatment Facility,4952,Sonoma,1,"NPDESWW, NPDMUNILRG, SLIC",Active,NPDES Permit,R1-2022-0017,1B82046OSON,CA0025135,10/07/2022,12/01/2022,,2027-11-30,1.4,Major,A,1.0,,,,0.0,2.0,
McKinleyville Community Service District,"Po Box 2037, Mckinleyville, CA 95519",McKinleyville WWTP,"675 Hiller Road, Mckinleyville, CA 95521",40.942438,-124.1224326,Wastewater Treatment Facility,4952,Humboldt,1,"NPDMUNILRG, NPDMUNIOTH, SLIC",Active,NPDES Permit,R1-2024-0023,1B82084OHUM,CA0024490,06/13/2024,08/01/2024,,2029-07-31,1.61,"Major, Minor",A,2.0,,,,1.0,2.0,
Arcata City,"736 F Street, Arcata, CA 95521",Arcata City WWTF,"600 South G Street, Arcata, CA 95521",40.86643,-124.08665,Wastewater Treatment Facility,4952,Humboldt,SB,"NPDMUNILRG, SLIC",Active,Co-Permitee,2020-0015-DWQ,1B82114OHUM,,,07/09/2020,,,,Major,,,,,,3.0,182.0,
Eureka City,"531 K Street, Eureka, CA 95501",Eureka City Elk River WWTP,"4301 Hilfiker Lane, Eureka, CA 95501",40.767,-124.195,Wastewater Treatment Facility,4952,Humboldt,1,"NPDMUNILRG, SLIC, WDRMUNIENROTH",Active,NPDES Permit,R1-2023-0016,1B82151OHUM,CA0024449,10/05/2023,12/01/2023,,2028-11-30,5.24,Major,A,1.0,,,,3.0,49.0,
Covelo CSD,"Po Box 65, Covelo, CA 95428",Covelo POTW,"75997 Commercial Street, Covelo, CA 95428",39.78761,-123.24819,Wastewater Treatment Facility,4952,Mendocino,1,NPDMUNIOTH,Active,NPDES Permit,R1-2023-0006,1B83009OMEN,CA0023574,06/15/2023,08/01/2023,,2028-07-31,0.077,Minor,B,2.0,,,,2.0,55.0,
"Harwood Products, Inc.","Po Box 224, Branscomb, CA 95417",Harwood Products Branscomb Mill,"14210 Branscomb Road, Branscomb, CA 95417",39.65425,-123.62615,Wastewater Treatment Facility,2421,Mendocino,1,"NPDINDSML, WDRINDIVLRG",Active,WDR,R1-2002-0031,1B83056OMEN,,05/16/2002,05/16/2002,,2021-05-16,0.0001,Minor,B,2.0,,,,0.0,0.0,
Santa Rosa City Dept of Public Works,"69 Stony Circle, Santa Rosa, CA 95401",Santa Rosa Laguna Subregional Water Reclamation Facility,"4300 Llano Road, Santa Rosa, CA 95407",38.36877,-122.76594,Wastewater Treatment Facility,4952,Sonoma,1,"NPDMUNILRG, NPDNONMUNIPRCS, SLIC",Active,NPDES Permit,R1-2020-0012,1B83099OSON,CA0022764,08/20/2020,10/01/2020,,2025-09-30,21.34,Major,A,1.0,,,,2.0,64.0,
Forestville Water District,"Po Box 261, Forestville, CA 95436",Forestville Water District,"6194 Forestville Street, Forestville, CA 95436",38.469722,-122.889722,Wastewater Treatment Facility,4952,Sonoma,1,NPDMUNIOTH,Active,NPDES Permit,R1-2024-0004,1B83100OSON,CA0023043,04/04/2024,06/01/2024,,2029-05-31,0.13,Minor,B,1.0,,,,0.0,51.0,
"Scotia Town, LLC","Po Box 245, Scotia, CA 95565",Scotia Town - City,"Williams Street, Scotia, CA 95565",40.485278,-124.1025,Wastewater Treatment Facility,,Humboldt,1,NPDMUNIOTH,Active,Co-Permitee,R1-2012-0065,1B83104OHUM,CA0006017,04/26/2012,07/01/2012,,2017-06-30,0.282,Minor,B,2.0,,,,1.0,39.0,
Mendocino County WWD #2 Anchor Bay,"35501 South Hwy 1 Unit #4, Gualala, CA 95445",Mendocino County WWD#2-Anchor Bay,"46890 Getchell Gulch Road, Gualala, CA 95445",38.80352,-123.57286,Wastewater Treatment Facility,4952,Mendocino,1,NPDMUNIOTH,Active,NPDES Permit,R1-2021-0005,1B83118OMEN,CA0024040,04/15/2021,06/01/2021,,2026-05-31,0.024,Minor,B,2.0,,,,0.0,19.0,
Garberville Sanitary District,"Po Box 211, Garberville, CA 95542",Garberville POTW,"410 Bear Canyon Road, Garberville, CA 95560",40.10471,-123.80029,Wastewater Treatment Facility,4952,Humboldt,1,"WDRMUNILRG, WDRMUNIOTH",Active,WDR,R1-2018-0033,1B83120OHUM,,09/06/2018,09/06/2018,,2028-09-06,0.162,,B,2.0,,,,0.0,0.0,
Mendocino City CSD,"Po Box 1029, Mendocino, CA 95460",Mendocino City CSD,"10500 Kelly Street, Mendocino, CA 95460",39.305282,-123.806256,Wastewater Treatment Facility,4952,Mendocino,1,NPDMUNIOTH,Active,NPDES Permit,R1-2022-0001,1B83129OMEN,CA0022870,08/04/2022,10/01/2022,,2027-09-30,0.3,Minor,B,2.0,,,,0.0,7.0,
Rio Dell City,"675 Wildwood Avenue, Rio Dell, CA 95562",Rio Dell City WWTF,"475 Hilltop Drive, Rio Dell, CA 95562",40.49716,-124.09453,Wastewater Treatment Facility,4952,Humboldt,1,"NPDMUNILRG, NPDMUNIOTH, WDRMUNIENROTH",Active,NPDES Permit,R1-2023-0022,1B83134OHUM,CA0022748,10/05/2023,12/01/2023,,2028-11-30,0.9,"Major, Minor",A,2.0,,,,3.0,65.0,
Fortuna City,"Po Box 545, Fortuna, CA 95540",Fortuna City WWTP,"180 Dinsmore, Fortuna, CA 95540",40.59083,-124.15844,Wastewater Treatment Facility,4952,Humboldt,SB,"NPDMUNILRG, SLIC, WDRMUNILRG",Active,Co-Permitee,2020-0015-DWQ,1B83135OHUM,,,07/09/2020,,,,Major,,,,,,3.0,47.0,
Ferndale City,"Po Box 1095, Ferndale, CA 95536",Ferndale City POTW,"701 Port Kenyon Road, Ferndale, CA 95536",40.59299,-124.25944,Wastewater Treatment Facility,4952,Humboldt,1,"NPDMUNILRG, NPDMUNIOTH",Active,NPDES Permit,R1-2018-0046,1B83136OHUM,CA0022721,11/14/2018,01/01/2019,,2022-12-31,0.576,"Major, Minor",A,2.0,,,,1.0,113.0,
Redway CSD,"Po Box 40, Redway, CA 95560",Redway POTW,"2750 Briceland-Thorne Road, Redway, CA 95560",40.129442,-123.824355,Wastewater Treatment Facility,4952,Humboldt,1,NPDMUNIOTH,Active,NPDES Permit,R1-2023-0004,1B83147OHUM,CA0022781,02/02/2023,04/01/2023,,2028-03-31,0.19,Minor,B,2.0,1250.0,,,1.0,45.0,
Ukiah City,"300 Seminary Avenue, Ukiah, CA 95482",Ukiah City WWTP,"300 Treatment Plant Road, Ukiah, CA 95482",39.11233,-123.19158,Wastewater Treatment Facility,4952,Mendocino,1,"NPDMUNILRG, SLIC",Active,NPDES Permit,R1-2024-0016,1B84029OMEN,CA0022888,08/15/2024,10/01/2024,,2029-09-30,3.01,Major,A,1.0,,,,2.0,51.0,
Cloverdale City,"Po Box 217, Cloverdale, CA 95425-0217",Cloverdale City WWTP,"700 Asti Road, Cloverdale, CA 95425",38.79721,-123.01151,Wastewater Treatment Facility,4952,Sonoma,SB,"NPDMUNILRG, SLIC",Active,Co-Permitee,2020-0015-DWQ,1B84032OSON,,,07/09/2020,,,,Major,,,,,,0.0,1.0,
Graton CSD,"Po Box 534, Graton, CA 95444",Graton CSD,"250 Ross, Sebastopol, CA 95472",38.44973,-122.88082,Wastewater Treatment Facility,4952,Sonoma,1,NPDMUNIOTH,Active,NPDES Permit,R1-2018-0001,1B84060OSON,CA0023639,05/17/2018,08/01/2018,,2023-07-31,0.14,Minor,B,1.0,,,,2.0,40.0,
Fort Bragg City,"416 North Franklin Street, Fort Bragg, CA 95437",Fort Bragg City WWTP,"281 Jere Melo Street, Fort Bragg, CA 95437",39.4387,-123.81478,Wastewater Treatment Facility,4952,Mendocino,SB,"NPDMUNILRG, SLIC",Active,Co-Permitee,2020-0015-DWQ,1B84083OMEN,,,07/09/2020,,,,"Major, Minor",,,,,,2.0,31.0,
Humboldt County Resort Improvement District #1,"9126 Shelter Cove Road, Whitethorn, CA 95589",Shelter Cove POTW,"9126 Shelter Cove Drive, Shelter Cove, CA 95589",40.03333,-124.07778,Wastewater Treatment Facility,4952,Humboldt,1,NPDMUNIOTH,Active,NPDES Permit,R1-2022-0002,1B84086OHUM,CA0023027,02/03/2022,04/01/2022,,2027-03-31,0.17,Minor,B,2.0,,,,0.0,5.0,
Sonoma County Water Agency (SCWA),"404 Aviation Boulevard, Santa Rosa, CA 95403",SCWA Airport WRF (Airport-Larkfield-Wikiup),"Skylane Boulevard, Santa Rosa, CA 95403",38.51816,-122.8013,Wastewater Treatment Facility,4952,Sonoma,1,WDRMUNILRG,Active,WDR,R1-2019-0007,1B84124OSON,,04/18/2019,07/01/2019,,2029-04-18,0.3,,B,2.0,,,,0.0,0.0,
Samoa Pacific Group LLC,"5251 Ericson Way, Arcata, CA 95518-1069",Samoa Pacific WWTP (Samoa Town Site),"3 North Bay View Road, Samoa, CA 95564",40.8185,-124.18551,Wastewater Treatment Facility,4952,Humboldt,1,"NPDMUNIOTH, WDRMUNIOTH",Active,NPDES Permit,R1-2020-0005,1B85017RHUM,CA1000001,04/16/2020,06/01/2020,,2025-05-31,0.0075,Minor,C,3.0,,,,3.0,31.0,
East Bay MUD (WPCP),"Po Box 24055 Ms-62, Oakland, CA 94623",EBMUD WPCP,"2020 Wake Avenue, Oakland, CA 94607",37.824928,-122.293919,Wastewater Treatment Facility,4952,Alameda,2,NPDMUNILRG,Active,NPDES Permit,R2-2020-0024,2 019014001,CA0037702,09/09/2020,11/01/2020,,2025-10-31,120.0,Major,A,1.0,,,,0.0,0.0,
East Bay MUD (WPCP),"Po Box 24055 Ms-62, Oakland, CA 94623",EBMUD SD#1-Wet Wthr Bypass,"2020 Wake, Oakland, CA 94623",,,Wastewater Treatment Facility,4952,Alameda,2,"NPDMUNILRG, NPDMUNIOTH",Active,NPDES Permit,R2-2025-0006,2 019014002,CA0038440,03/12/2025,05/01/2025,,2030-04-30,0.001,"Major, Minor",A,2.0,,,,1.0,10.0,
Hayward City,"777 B Street, Hayward, CA 94541",Hayward WPCF,"3700 Enterprise, Hayward, CA 94545",37.633265,-122.131435,Wastewater Treatment Facility,4952,Alameda,2,NPDMUNILRG,Active,Co-Permitee,R2-2022-0023,2 019022001,,07/13/2022,09/01/2022,,2027-08-31,18.5,Major,A,1.0,,,,0.0,0.0,
Livermore City,"101 West Jack London Boulevard, Livermore, CA 94551",City of Livermore Water Reclamation Plant,"101 West Jack London Boulevard, Livermore, CA 94551",37.69,-121.809,Wastewater Treatment Facility,4952,Alameda,2,"NPDMUNILRG, NPDMUNIOTH",Active,NPDES Permit,R2-2022-0025,2 019025001,CA0038008,07/13/2022,09/01/2022,,2027-08-31,8.5,"Major, Minor",A,2.0,,,,0.0,0.0,
Oro Loma Sanitary District,"2600 Grant Avenue, San Lorenzo, CA 94580",Oro Loma/Castro Valley SD WPCP,"2600 Grant Avenue, San Lorenzo, CA 94580",37.669626,-122.157253,Wastewater Treatment Facility,4952,Alameda,2,NPDMUNILRG,Active,NPDES Permit,R2-2024-0006,2 019032001,CA0037559,05/08/2024,06/01/2024,,2029-05-31,20.0,"Major, Minor",B,3.0,,,,1.0,7.0,
Dublin San Ramon Services District (WWTP NPDES & SSO),"7399 Johnson Drive, Pleasanton, CA 94588",Dublin San Ramon SD WWTP,"7399 Johnson Drive, Pleasanton, CA 94588",37.68709,-121.91506,Wastewater Treatment Facility,4952,Alameda,2,"NPDMUNILRG, NPDMUNIOTH",Active,NPDES Permit,R2-2022-0024,2 019033001,CA0037613,07/13/2022,09/01/2022,,2027-08-31,20.2,"Major, Minor",A,2.0,,,,0.0,0.0,
San Leandro City,"14200 Chapman Road, San Leandro, CA 94578",San Leandro WPCP,"3000 Davis Street, San Leandro, CA 94577",37.714649,-122.192812,Wastewater Treatment Facility,4952,Alameda,2,NPDMUNILRG,Active,Co-Permitee,R2-2022-0023,2 019037001,,07/13/2022,09/01/2022,,2027-08-31,,Major,A,1.0,,,,0.0,0.0,
Union Sanitary District,"5072 Benson Road, Union City, CA 94587-2508",Raymond A. Boege Alvarado WWTP (Union SD),"5072 Benson Road, Union City, CA 94587",37.59323,-122.0901,Wastewater Treatment Facility,4952,Alameda,2,"NPDMUNILRG, NPDMUNIOTH",Active,Co-Permitee,R2-2022-0023,2 019060001,,07/13/2022,09/01/2022,,2027-08-31,,"Major, Minor",A,1.0,,,,0.0,0.0,
US Dept of Veterans Affair (PAHCS),"4951 Arroyo Road, Livermore, CA 94550","V.A. Med Center, Livermore-WWTP","4951 Arroyo Road, Livermore, CA 94550",37.625965,-121.756446,Wastewater Treatment Facility,4952(+),Alameda,2,WDRMUNILRG,Active,WDR,89-125,2 019062001,,07/19/1989,07/19/1989,,2004-11-16,0.5,,B,2.0,,,,0.0,0.0,
East Bay Dischargers Authority,"2651 Grant Avenue, San Lorenzo, CA 94580",EBDA Common Outfall,"14150 Monarch Bay Drive, San Leandro, CA 94577",,,Wastewater Treatment Facility,4952,Alameda,2,NPDMUNILRG,Active,NPDES Permit,R2-2022-0023,2 019123001,CA0037869,07/13/2022,09/01/2022,,2027-08-31,107.8,Major,A,1.0,,,,0.0,5.0,
San Leandro City,"3000 Davis St, San Leandro, CA 94577","San Leandro, City of","3000 Davis Street, San Leandro, CA 94577",37.7134,-122.2005,Wastewater Treatment Facility,,Alameda,2,NPDMUNIOTH,Active,NPDES Permit,R2-2022-0006,2 01NPI441309,CA0038881,02/09/2022,06/01/2022,,2027-05-31,0.95,Minor,B,3.0,,,,0.0,0.0,
Central Contra Costa Sanitary District,"5019 Imhoff Place, Martinez, CA 94553-4392",Central Contra Costa SD WWTP,"5019 Imhoff, Martinez, CA 94553",38.000327,-122.068798,Wastewater Treatment Facility,4952,Contra Costa,2,NPDMUNILRG,Active,NPDES Permit,R2-2022-0020,2 071008001,CA0037648,06/08/2022,08/01/2022,,2027-07-31,53.8,Major,B,1.0,,,,0.0,0.0,
Delta Diablo,"2500 Pittsburg Antioch Highway, Antioch, CA 94509",Delta Diablo WWTP,"2500 Antioch-Pittsburg Highway, Antioch, CA 94509",38.01558,-121.8419,Wastewater Treatment Facility,4952,Contra Costa,2,"NPDMUNILRG, REC",Active,Enrollee - WRR,2016-0068-DDW,2 071013002,,,06/24/2022,,2032-08-05,12.8,"Major, Minor",,,,,,0.0,8.0,
Mt View Sanitary District,"3800 Arthur Road, Martinez, CA 94553",Mt. View Sanitary District WWTP,"End of Arthur Road, Martinez, CA 94553",38.01907,-122.09828,Wastewater Treatment Facility,4952,Contra Costa,2,NPDMUNILRG,Active,NPDES Permit,R2-2021-0026,2 071029001,CA0037770,12/15/2021,02/01/2022,,2027-01-31,3.2,Major,A,2.0,,,,1.0,4.0,
Pinole City,"2131 Pear Street, Pinole, CA 94564",City of Pinole WWTP,"11 Tennent Avenue, Pinole, CA 94564",38.01292,-122.29663,Wastewater Treatment Facility,4952,Contra Costa,2,NPDMUNILRG,Active,NPDES Permit,R2-2023-0008,2 071032001,CA0037796,06/14/2023,08/01/2023,,2028-07-31,4.06,Major,A,3.0,,,,0.0,0.0,
Crockett Community Services District,"Po Box 578, Crockett, CA 94525",Port Costa WWTP,"Canyon Lake Drive, Port Costa, CA 94569",38.04834,-122.18397,Wastewater Treatment Facility,4952,Contra Costa,2,"NPDINDSML, NPDMUNIOTH",Active,NPDES Permit,R2-2024-0009,2 071034001,CA0037885,06/12/2024,08/01/2024,,2029-07-31,0.3,Minor,B,3.0,,,,0.0,10.0,
Richmond City,"450 Civiv Center Plaza, Richmond, CA 94804",Richmond WPCP,"601 Canal, Richmond, CA 94804",37.920896,-122.378081,Wastewater Treatment Facility,4952,Contra Costa,2,"NPDESWW, NPDMUNILRG",Active,Co-Permitee,R2-2024-0008,2 071037001,,06/12/2024,08/01/2024,,,,Major,,,,,,0.0,0.0,
Rodeo Sanitary District,"800 San Pablo Avenue, Rodeo, CA 94572-1232",Rodeo Sanitary District WWTP,"800 San Pablo Avenue, Rodeo, CA 94572",38.040037,-122.26351,Wastewater Treatment Facility,4952,Contra Costa,2,NPDMUNILRG,Active,NPDES Permit,R2-2022-0037,2 071039001,CA0037826,12/14/2022,02/01/2023,,2028-01-31,1.14,Major,A,3.0,,,,1.0,4.0,
West County Wastewater District,"2377 Garden Tract Road, Richmond, CA 94806",West County WW District WPCP,"2377 Garden Tract, Richmond, CA 94801",37.96647,-122.37629,Wastewater Treatment Facility,4952,Contra Costa,2,"NPDESWW, NPDMUNILRG",Active,Co-Permitee,R2-2024-0008,2 071040001,,06/12/2024,08/01/2024,,,,Major,,,,,,0.0,0.0,
Martinez Refining Company LLC,"3485 Pacheco Blvd, Martinez, CA 94553",Martinez Refining Company WWTP,"3485 Pacheco Boulevard, Martinez, CA 94553",38.01324,-122.10662,Wastewater Treatment Facility,2911(+),Contra Costa,2,"NPDESWW, NPDINDLRG, NPDMUNILRG",Active,NPDES Permit,R2-2022-0034,2 071042001,CA0005789,11/09/2022,01/01/2023,,2027-12-31,10.0,Major,A,1.0,,,,2.0,47.0,
USS-Posco Industries,"900 Loveridge Road, Pittsburg, CA 94565",USS-UPI LLC - NPDES/SUB15,"900 Loverdige Road, Pittsburg, CA 94565",38.03,-121.858889,Wastewater Treatment Facility,3312(+),Contra Costa,2,"LFNONOPER, LNDISP, NPDESWW, NPDINDLRG",Active,NPDES Permit,R2-2016-0043,2 071059001,CA0005002,11/09/2016,01/01/2017,,2021-12-31,28.0,Major,A,1.0,,,,0.0,2.0,
West County Agency,"2910 Hilltop Drive, Richmond, CA 94806-1974",West County Agency Outfall,"601 Canal, Richmond, CA 94804",37.920896,-122.378081,Wastewater Treatment Facility,4952,Contra Costa,2,"NPDESWW, NPDMUNILRG",Active,NPDES Permit,R2-2024-0008,2 071107001,CA0038539,06/12/2024,08/01/2024,,2029-07-31,28.5,Major,A,1.0,,,,2.0,158.0,
East Brother Light Station Inc,"117 Park Place, Richmond, CA 94801",East Brother Light StationWWTP,"East Brother Island, Richmond, CA 94805",37.96327,-122.43336,Wastewater Treatment Facility,4952,Contra Costa,2,"NPDMUNIOTH, WDRMUNIOTH",Active,WDR,R2-2010-0113,2 071227001,,11/10/2010,11/10/2010,,2015-11-09,0.00025,Minor,C,3.0,,,,0.0,0.0,
Ca Dept of Parks & Rec Marin District,"Po Box 1016, Novato, CA 94948",Angel Island State Pk - WWTP,"Angel Island, Belvedere Tiburon, CA 94920",37.86842,-122.43484,Wastewater Treatment Facility,4952,Marin,2,"NPDMUNIOTH, WDRMUNIOTH",Active,WDR,R2-2004-0043,2 215002001,,06/16/2004,07/01/2004,,2014-07-01,0.025,Minor,B,2.0,,,,0.0,0.0,
Las Gallinas Valley Sanitary District,"300 Smith Ranch Road, San Rafael, CA 94903",Las Gallinas WWTP,"300 Smith Ranch Road, San Rafael, CA 94903",38.0256618,-122.5189548,Wastewater Treatment Facility,4952,Marin,2,NPDMUNILRG,Active,NPDES Permit,R2-2020-0022,2 215012001,CA0037851,07/08/2020,09/01/2020,,2025-08-31,2.92,Major,A,1.0,,,,1.0,27.0,
Sewerage Agency of Southern Marin,"26 Corte Madera Avenue, Mill Valley, CA 94941",Sewerage Agency of Southern Marin (SASM) WWTP,"450 Sycamore Avenue, Mill Valley, CA 94941",37.895968,-122.52738,Wastewater Treatment Facility,4952,Marin,2,NPDMUNILRG,Active,NPDES Permit,R2-2023-0021,2 215015001,CA0037711,11/08/2023,01/01/2024,,2028-12-31,3.6,Major,A,2.0,,,,2.0,22.0,
Marin Cnty Sanitary District 5,"Po Box 227, Tiburon, CA 94920",Marin CSD 5 - Tiburon WWTP,"Mar West St & Paradise Drive, Tiburon, CA 94920",37.87264,-122.45084,Wastewater Treatment Facility,4952,Marin,2,"NPDINDSML, NPDMUNILRG, NPDMUNIOTH",Active,NPDES Permit,R2-2023-0018,2 215021001,CA0037753,10/11/2023,12/01/2023,,2028-11-30,0.98,"Major, Minor",A,2.0,,,,0.0,0.0,
Marin Cnty Sanitary District 5,"Po Box 227, Tiburon, CA 94920",Marin CSD 5 Paradise Cove WWTP,"3700 Paradise Drive, Tiburon, CA 94920",37.89707,-122.46239,Wastewater Treatment Facility,4952,Marin,2,"NPDINDSML, NPDMUNIOTH",Active,NPDES Permit,R2-2021-0017,2 215021002,CA0037427,09/08/2021,12/01/2021,,2026-11-30,0.04,Minor,B,3.0,,,,0.0,1.0,
Novato Sanitary District,"500 Davidson Street, Novato, CA 94945",Novato and Ignacio WWTP,"500 Davidson Street, Novato, CA 94945",38.10034,-122.55298,Wastewater Treatment Facility,4952,Marin,2,NPDMUNILRG,Active,NPDES Permit,R2-2020-0019,2 215022001,CA0037958,06/10/2020,09/01/2020,,2025-08-31,7.0,Major,A,2.0,,,,0.0,0.0,
Sausalito-Marin City San District,"Po Box 39, Sausalito, CA 94965",Sausalito Marin City STP,"1 East Road, Sausalito, CA 94965",37.84354,-122.4771,Wastewater Treatment Facility,4952,Marin,2,NPDMUNILRG,Active,NPDES Permit,R2-2023-0022,2 215023001,CA0038067,11/08/2023,01/01/2024,,2028-12-31,1.8,Major,A,2.0,,,,0.0,5.0,
Central Marin Sanitation Agency,"1301 Andersen Dr, San Rafael, CA 94901-5339",Central Marin San. Agcy. WWTP,"1301 Anderson Drive, San Rafael, CA 94901",37.948581,-122.497326,Wastewater Treatment Facility,4952,Marin,2,NPDMUNILRG,Active,NPDES Permit,R2-2023-0006,2 215116001,CA0038628,05/10/2023,07/01/2023,,2028-06-30,10.0,Major,A,2.0,,,,0.0,7.0,
Calistoga City Public Works Dept.,"414 Washington Street, Calistoga, CA 94515",Calistoga City Dunaweal WWTP,"1100 Dunaweal Lane, Calistoga, CA 94515",38.578692,-122.579288,Wastewater Treatment Facility,4952,Napa,2,"NPDMUNIOTH, REC",Active,NPDES Permit,R2-2022-0010,2 283003001,CA0037966,03/09/2022,05/01/2022,,2027-04-30,0.84,Minor,B,2.0,,,,0.0,8.0,
Napa Sanitation District,"Po Box 2480, Napa, CA 94558",Napa Sanitation District WWTP (Soscol Water Recycling Facility),"1515 Soscol Ferry Road, Napa, CA 94558",38.23651,-122.28434,Wastewater Treatment Facility,4952,Napa,2,"NPDMUNILRG, REC",Active,NPDES Permit,R2-2022-0003,2 283009001,CA0037575,02/09/2022,04/01/2022,,2027-03-31,15.4,Major,A,1.0,,,,1.0,1.0,
St. Helena City,"1480 Main Street, St. Helena, CA 94574",St. Helena City WWTP,"1 Chaix Lane, St Helena, CA 94574",38.49915,-122.44735,Wastewater Treatment Facility,4952,Napa,2,"NPDMUNIOTH, REC",Active,NPDES Permit,R2-2021-0004,2 283014001,CA0038016,04/14/2021,06/01/2021,,2026-05-30,0.5,Minor,B,2.0,,,,2.0,187.0,
"Yountville, Town of","6550 Yountville Street, Yountville, CA 94599",Yountville / CA Vets Home WWTP,"7501 Solano Avenue, Yountville, CA 94599",38.393512,-122.355478,Wastewater Treatment Facility,4952,Napa,2,"NPDMUNIOTH, REC",Active,NPDES Permit,R2-2020-0026,2 283019001,CA0038121,10/14/2020,12/01/2020,,2025-11-30,0.55,Minor,B,2.0,,,,0.0,18.0,
American Canyon City PWD,"4381 Broadway Street Suite 201, American Canyon, CA 94503",American Canyon Water Reclamation Facility (WRF) (formerly WWTP),"151 Mezzetta Court, American Canyon, CA 94503",38.18883,-122.2782,Wastewater Treatment Facility,4952,Napa,2,NPDMUNILRG,Active,NPDES Permit,R2-2022-0019,2 283021001,CA0038768,06/08/2022,08/01/2022,,2027-07-31,2.5,Major,A,1.0,,,,1.0,1.0,
San Francisco Public Utilities Commission,"525 Golden Gate Avenue Flr 11, San Francisco, CA 94102",SF - OCEANSIDE Water Pollution Control Plant,"3500 Great Highway, San Francisco, CA 94132",37.7278,-122.5047,Wastewater Treatment Facility,4952,San Francisco,2,NPDMUNILRG,Active,NPDES Permit,R2-2019-0028,2 386009001,CA0037681,09/11/2019,11/01/2019,,2024-10-31,43.0,Major,A,2.0,,,,4.0,27.0,
San Francisco Public Utilities Commission,"525 Golden Gate Avenue Flr 11, San Francisco, CA 94102","SF-SE Water Pollution Control Plant, N-Point & Bayside","750 Phelps Avenue, San Francisco, CA 94124",37.740805,-122.390454,Wastewater Treatment Facility,4952,San Francisco,2,NPDMUNILRG,Active,Co-Permitee,R2-2024-0013,2 386010001,CA0038873,03/08/2019,07/01/2019,,2029-09-30,,Major,,,,,,4.0,32.0,
US Navy Treasure Island,"Naval Station Treasure Island, San Francisco, CA 94130",Treasure Island WWTP/DOD,"1220 Avenue M, San Francisco, CA 94130",37.83055,-122.3704,Wastewater Treatment Facility,4952,San Francisco,2,"DODNPDESWW, NPDMUNILRG",Active,Co-Permitee,R2-2024-0013,2 386013001,CA0038873,03/08/2019,07/01/2019,,2029-09-30,,Major,,,,,,1.0,5.0,
Burlingame City PWD,"501 Primrose Road, Burlingame, CA 94010",Burlingame WWTP,"1103 Airport Road, Burlingame, CA 94010",37.591735,-122.359966,Wastewater Treatment Facility,4952,San Mateo,2,NPDMUNILRG,Active,NPDES Permit,R2-2023-0010,2 417005001,CA0037788,07/12/2023,01/01/2024,,2028-12-31,5.5,Major,A,2.0,,,,2.0,13.0,
Millbrae City,"400 East Millbrae Avenue, Millbrae, CA 94030",Millbrae WPCP,"400 East Millbrae Avenue, Millbrae, CA 94010",37.60371,-122.37894,Wastewater Treatment Facility,4952,San Mateo,2,NPDMUNILRG,Active,NPDES Permit,R2-2024-0005,2 417019001,CA0037532,03/13/2024,05/01/2024,,2029-04-30,3.0,Major,A,2.0,,,,1.0,6.0,
North San Mateo County Sanitation District,"333 90th Street, Daly City, CA 94015",North San Mateo County Sanitation District WWTP,"153 Lake Merced Boulevard, Daly City, CA 94015",37.70279,-122.48501,Wastewater Treatment Facility,4952,San Mateo,2,NPDMUNILRG,Active,NPDES Permit,R2-2022-0036,2 417021002,CA0037737,12/14/2022,02/01/2023,,2028-01-31,8.0,Major,A,2.0,,,,1.0,4.0,
City of Pacifica,"170 Santa Maria Avenue, Pacifica, CA 94044-2506",Calera Creek Water Recycling Plant,"700 Coast Highway, Pacifica, CA 94044",37.614722,-122.487778,Wastewater Treatment Facility,4952,San Mateo,2,NPDMUNILRG,Active,NPDES Permit,R2-2022-0029,2 417022002,CA0038776,10/12/2022,12/01/2022,,2027-11-30,4.0,Major,A,1.0,,,,0.0,11.0,
San Francisco International Airport,"676 Mcdonnell Road, San Francsco, CA 94128",SF Airport Mel Leong TP-Sanitary Waste,"Bldg. 924 Clearwater Drive, San Francisco, CA 94080",37.63731,-122.38466,Wastewater Treatment Facility,4952,San Mateo,2,NPDMUNILRG,Active,NPDES Permit,R2-2025-0002,2 417032001,CA0038318,02/12/2025,04/01/2025,,2030-03-31,2.4,Major,A,3.0,,,,1.0,3.0,
San Francisco International Airport,"676 Mcdonnell Road, San Francsco, CA 94128",SF Arprt Mel Leong TP-Industrl,"Bldg. 924 Clearwater Drive, San Francisco, CA 94080",37.63727,-122.38473,Wastewater Treatment Facility,3721(+),San Mateo,2,"NPDINDLRG, NPDMUNILRG",Active,NPDES Permit,R2-2025-0002,2 417032001,CA0038318,02/12/2025,04/01/2025,,2030-03-31,2.4,Major,A,3.0,,,,0.0,0.0,
San Mateo City,"330 West 20th Avenue, San Mateo, CA 94403",San Mateo WWTP,"2050 Detroit Drive, San Mateo, CA 94404",37.56945,-122.29668,Wastewater Treatment Facility,4952,San Mateo,2,NPDMUNILRG,Active,NPDES Permit,R2-2023-0017,2 417035001,CA0037541,10/11/2023,12/01/2023,,2028-11-30,15.7,Major,A,1.0,,,,2.0,17.0,
Silicon Valley Clean Water,"1400 Radio Road, Redwood City, CA 94065-1220",SVCW WWTP,"1400 Radio Road, Redwood City, CA 94065",37.542547,-122.229247,Wastewater Treatment Facility,4952,San Mateo,2,NPDMUNILRG,Active,NPDES Permit,R2-2023-0003,2 417037001,CA0038369,03/08/2023,05/01/2023,,2028-04-30,29.0,Major,A,1.0,,,,0.0,2.0,
South San Francisco City,"400 Grand Avenue, South San Francisco, CA 94080",South San Francisco-San Bruno WQCP,"195 Belle Air Road, South San Francisco, CA 94080",37.64149,-122.399957,Wastewater Treatment Facility,4952,San Mateo,2,NPDMUNILRG,Active,NPDES Permit,R2-2019-0021,2 417038001,CA0038130,07/10/2019,09/01/2019,,2024-08-31,,Major,A,1.0,,,,0.0,3.0,
SEWER AUTHORITY MID-COASTSIDE,"1000 North Cabrillo Highway, Half Moon Bay, CA 94019-1466",SAM WWTP (Sewer Authority Mid-Coastside WWTP),"1000 North Cabrillo Highway, Half Moon Bay, CA 94019",37.47293,-122.44398,Wastewater Treatment Facility,4952,San Mateo,2,NPDMUNILRG,Active,NPDES Permit,R2-2023-0002,2 417068001,CA0038598,03/08/2023,05/01/2023,,2028-04-30,4.0,Major,A,1.0,,,,1.0,18.0,
West Bay Sanitary District,"500 Laurel Street, Menlo Park, CA 94025",Sharon Heights Recycled Water Facility,"2900 Sand Hill Road, Menlo Park, CA 94025",37.420958,-122.222433,Wastewater Treatment Facility,,San Mateo,2,WDRMUNILRG,Active,Enrollee - WRR,2016-0068-DDW,2 41GWRR864895,,,07/24/2021,,2026-08-05,0.5,,C,3.0,,,,0.0,0.0,
Palo Alto City,"250 Hamilton Avenue, Palo Alto, CA 94301",Palo Alto Regional WQCP,"2501 Embarcadero Way, Palo Alto, CA 94303",37.451426,-122.10817,Wastewater Treatment Facility,4952,Santa Clara,2,NPDMUNILRG,Active,NPDES Permit,R2-2025-0003,2 438011001,CA0037834,02/12/2025,04/01/2025,,2030-03-31,39.0,Major,A,1.0,,,,0.0,1.0,
San Jose City,"777 North First Street, San Jose, CA 95112",San Jose/Santa Clara WPCP,"700 Los Esteros Road, San Jose, CA 95134",37.431979,-121.953651,Wastewater Treatment Facility,4952,Santa Clara,2,NPDMUNILRG,Active,NPDES Permit,R2-2025-0027,2 438014001,CA0037842,12/10/2025,02/01/2026,,2031-01-31,167.0,Major,A,1.0,,,,0.0,0.0,
Sunnyvale City,"Po Box 3707, Sunnyvale, CA 94088-3707",Sunnyvale WPCP,"1444 Borregas Avenue, Sunnyvale, CA 94089",37.4189,-122.01606,Wastewater Treatment Facility,4952,Santa Clara,2,"NPDMUNILRG, REC",Active,NPDES Permit,R2-2020-0002,2 438018001,CA0037621,02/12/2020,04/01/2020,,2025-03-31,29.5,Major,A,1.0,146000.0,,,1.0,24.0,
Benicia City,"370 East L Street, Benicia, CA 94510",Benicia WWTP,"614 East 5th Street, Benicia, CA 94510",38.045819,-122.150579,Wastewater Treatment Facility,4952,Solano,2,NPDMUNILRG,Active,NPDES Permit,R2-2025-0001,2 482001001,CA0038091,02/12/2025,04/01/2025,,2030-03-31,4.5,Major,A,2.0,,,,1.0,6.0,
Fairfield Suisun Sewer District,"1010 Chadbourne Road, Fairfield, CA 94534-9700",Fairfield-Suisun Sewer District Subregional WWTP,"1010 Chadbourne Road, Fairfield, CA 94534",38.222082,-122.077374,Wastewater Treatment Facility,4952,Solano,2,"NPDMUNILRG, REC",Active,NPDES Permit,R2-2025-0028,2 482005001,CA0038024,12/10/2025,02/01/2026,,2031-01-31,23.7,Major,A,1.0,,,,0.0,0.0,
Vallejo Flood & Wastewater District (formerly Vallejo San & Flood Control District),"450 Ryder Street, Vallejo, CA 94590",Vallejo Flood & Wastewater District (VFWD) WWTP,"450 Ryder Street, Vallejo, CA 94590",38.091264,-122.251126,Wastewater Treatment Facility,4952,Solano,2,NPDMUNILRG,Active,NPDES Permit,R2-2023-0001,2 482012001,CA0037699,02/08/2023,04/01/2023,,2028-03-31,15.5,Major,A,1.0,,,,1.0,4.0,
Petaluma City PWD,"202 North Mcdowell Boulevard, Petaluma, CA 94954",Petaluma Ellis Creek Water Recycling Facility (NPDES Permit),"3890 Cypress Drive, Petaluma, CA 94954",38.233544,-122.621527,Wastewater Treatment Facility,4952,Sonoma,2,NPDMUNILRG,Active,NPDES Permit,R2-2021-0008,2 494006001,CA0037810,05/12/2021,07/01/2021,,2026-06-30,6.7,Major,A,1.0,,,,0.0,0.0,
Sonoma County Water Agency (SCWA),"404 Aviation Boulevard, Santa Rosa, CA 95403",Sonoma Valley County SD WWTP,"22675 8 th Street, Sonoma, CA 95476",38.25172,-122.44395,Wastewater Treatment Facility,4952,Sonoma,2,NPDMUNILRG,Active,NPDES Permit,R2-2024-0027,2 494009001,CA0037800,12/11/2024,02/01/2025,,2030-01-31,3.0,Major,A,3.0,,,,0.0,16.0,
Hollister City,"375 Fifth St Street, Hollister, CA 95023",Hollister Domestic WWTP,"2690 San Juan Road, Hollister, CA 95023",36.85277,-121.44442,Wastewater Treatment Facility,4952,San Benito,3,"REC, SLIC, WDRMUNILRG",Active,Enrollee - WDR,2016-0068-DDW,3 251223000,,,12/01/2023,,2026-08-05,,,,,,,,1.0,16.0,
Carmel Area Wastewater District,"Po Box 221428, Carmel, CA 93922",Carmel Area WWTP,"26900 State Route One, Carmel-By-The-Sea, CA 93923",36.53939,-121.91913,Wastewater Treatment Facility,4952,Monterey,SB,"NPDMUNILRG, SLIC",Active,Co-Permitee,2020-0015-DWQ,3 270101001,,,07/09/2020,,,,Major,,,,,,1.0,16.0,
"County of Monterey Department of Public Works, Facilities and Parks","1441 Schilling Place, Salinas, CA 93901",Chualar WWTP,"Chualar Dump Road, Chualar, CA 93925",36.55212,-121.54215,Wastewater Treatment Facility,4952,Monterey,3,WDRMUNILRG,Active,Enrollee - WDR,R3-2020-0020,3 270103001,,,09/20/2022,,2030-09-24,0.08,,B,2.0,,,,2.0,39.0,
City of Gonzales,"147 Fourth Street, Gonzales, CA 93926",Gonzales WWTP,"400 Short Road, Gonzales, CA 93926",36.48957,-121.47298,Wastewater Treatment Facility,4952,Monterey,3,"SLIC, WDRMUNILRG",Active,Enrollee - WDR,R3-2020-0020,3 270104001,,,04/11/2023,,2030-09-24,1.2,,B,2.0,,,,3.0,26.0,
Greenfield City,"599 El Camino Real, Greenfield, CA 93927","Greenfield WWTP, City of","41901 Walnut Avenue, Greenfield, CA 93927",36.33984,-121.22671,Wastewater Treatment Facility,4952,Monterey,3,"SLIC, WDRMUNILRG",Active,Enrollee - WDR,R3-2020-0020,3 270105001,,,04/21/2022,,2030-09-24,1.5,,B,2.0,,,,5.0,41.0,
King City,"212 South Vanderhurst, King City, CA 93930",King City Domestic WWTF,"Cemetary Rd & Salinas River, Salinas, CA 93930",36.218,-121.15328,Wastewater Treatment Facility,4952,Monterey,3,"SLIC, WDRMUNILRG",Active,Enrollee - WDR,R3-2020-0020,3 270106001,,,04/12/2024,,2030-09-24,1.2,,B,2.0,,,,2.0,67.0,
Monterey One Water,"5 Harris Court D, Monterey, CA 93940",Monterey Regional Reclamation (Producer),"14201 Del Monte Boulevard, Marina, CA 93933",36.713826,-121.767734,Wastewater Treatment Facility,,Monterey,3,WDRMUNILRG,Active,WDR,94-082,3 270108025,,09/09/1994,09/09/1994,,1999-03-10,29.6,Major,C,2.0,,,,0.0,0.0,
Soledad City,"Po Box 156, Soledad, CA 93960",Soledad Water Reclamation Facility,"34520 Morisoli Road, Soledad , CA 93960",36.41905,-121.33814,Wastewater Treatment Facility,4952,Monterey,SB,"SLIC, WDRMUNILRG",Active,Co-Permitee,2020-0015-DWQ,3 270113001,,,07/09/2020,,,,,,,,,,0.0,59.0,
Little Bear Water Company Inc,"51201 Pine Canyon Road 125, King City, CA 93930",Little Bear WWTP,"51201 Pine Canyon Road 125, King City, CA 93930",36.18588,-121.14364,Wastewater Treatment Facility,4952,Monterey,3,WDRMUNILRG,Active,Enrollee - WDR,2014-0153-DWQ,3 270116001,,,09/28/2023,,2029-09-23,0.09,,B,2.0,,,,2.0,12.0,
Monterey One Water,"5 Harris Court D, Monterey, CA 93940",Monterey One Water Regional WWTP,"14811 Del Monte Boulevard, Marina, CA 93933",36.705579,-121.770115,Wastewater Treatment Facility,4952,Monterey,3,"NPDMUNILRG, SLIC",Active,NPDES Permit,R3-2024-0045,3 270118002,CA0048551,12/13/2024,02/28/2025,,2030-03-01,29.6,Major,A,2.0,,,,2.0,13.0,
San Ardo Water District,"Po Box 238, San Ardo, CA 93450",San Ardo WWTP,"Cattlemen Rd, San Ardo, CA 93450",36.01722,-120.91543,Wastewater Treatment Facility,4952,Monterey,3,WDRMUNILRG,Active,Enrollee - WDR,2014-0153-DWQ,3 270120001,,,04/28/2023,,2029-09-23,0.09,,B,3.0,,,,3.0,4.0,
Canada Woods Reclamation Facility,"Po Box 450, Carmel-By-The-Sea, CA 93921",Canada Woods Reclamation Facility,"6 Este Madera, Carmel-By-The-Sea, CA 93923",36.53662,-121.84475,Wastewater Treatment Facility,4952,Monterey,3,WDRMUNILRG,Active,WDR,97-032,3 270129001,,07/11/1997,07/11/1997,,2007-07-11,0.1,,B,2.0,,,,0.0,154.0,
Monterey Cnty Parks Dept,"1441 Schilling Place, Salinas, CA 93915-5249",Lake San Antonio Southshore WWTP,"2610 Lake San Antonio Road, Bradley, CA 93426",35.81684,-120.95917,Wastewater Treatment Facility,4952,Monterey,3,WDRMUNILRG,Active,WDR,2014-0153-DWQ,3 270302002,,08/12/2022,08/12/2022,,2032-08-12,0.14,,B,2.0,,,,0.0,0.0,
US Army Garrison Fort Hunter Liggett,"Po Box 7090 Afrc-Fmh-Env, Fort Hunter Liggett, CA 93928-7090",Fort Hunter Liggett WWTP,"IMHL-ZA, Fort Hunter Liggett, CA 93928",35.99163,-121.23178,Wastewater Treatment Facility,,Monterey,3,"WDRMUNILRG, WDRMUNIOWTS",Active,Enrollee - WDR,2014-0153-DWQ,3 270422966,,,03/21/2022,,2029-09-23,,,C,3.0,,,,0.0,8.0,
Ca Dept of Parks & Rec Big Sur,"47555 Hwy 1, Big Sur, CA 93920",Pfeiffer Big Sur State Park WWTP,"47177 Ca 1 Highway, Big Sur, CA 93920",36.25751,-121.78784,Wastewater Treatment Facility,7033,Monterey,3,WDRMUNILRG,Active,Enrollee - WDR,2014-0153-DWQ,3 270802001,,,10/02/2025,,2040-10-01,0.08,,B,3.0,,,,1.0,15.0,
California Army National Guard - Camp Roberts,"Highway 101 914, Camp Roberts, CA 93451-5000",Camp Roberts Main (West) Garrison WWTP,"A St., San Miguel, CA 93451",35.79805,-120.73734,Wastewater Treatment Facility,9711,Monterey,3,WDRMUNILRG,Active,WDR,R3-2014-0046,3 270803001,,11/14/2014,11/14/2014,,2024-11-13,0.04,,B,3.0,,,,1.0,23.0,
California Utilities Service,"Po Box 5100, Salinas, CA 93915",California Utilities,"16625 Reservation Road, Salinas, CA 93908",36.62745,-121.68772,Wastewater Treatment Facility,4952,Monterey,3,WDRMUNILRG,Active,Enrollee - WDR,R3-2020-0020,3 271001001,,,01/13/2022,,2030-09-24,,,B,2.0,,,,0.0,39.0,
California American Water Company Monterey,"511 Forest Lodge Road 100, Pacific Grove, CA 93950",Oak Hills Development WWTP,"9152 Cathedral Oak Road, Castroville, CA 93907",36.77967,-121.71819,Wastewater Treatment Facility,4952,Monterey,3,WDRMUNILRG,Active,Enrollee - WDR,R3-2020-0020,3 271007001,,,05/02/2023,,2030-09-24,0.125,,B,2.0,,,,1.0,60.0,
California American Water Company Monterey,"511 Forest Lodge Road 100, Pacific Grove, CA 93950",Carmel Valley Ranch WWTP (Producer),"1 Old Ranch Road, Carmel, CA 93923",36.52041,-121.79925,Wastewater Treatment Facility,4952,Monterey,3,WDRMUNILRG,Active,WDR,01-083,3 271018001,,09/14/2001,09/14/2001,,2011-09-14,0.1,,B,2.0,,,,2.0,47.0,
California American Water Company Monterey,"511 Forest Lodge Road 100, Pacific Grove, CA 93950",Las Palmas Ranch Reclamation Facility,"21702 River Road, Salinas, CA 93908",36.6126,-121.65588,Wastewater Treatment Facility,4952,Monterey,3,WDRMUNILRG,Active,WDR,R3-2006-0041,3 271026001,,12/01/2006,12/01/2006,,2021-12-01,0.2,,B,2.0,,,,2.0,48.0,
California American Water Company Monterey,"511 Forest Lodge Road 100, Pacific Grove, CA 93950",Spreckels WWTP,"121 Spreckels Blvd, Spreckels, CA 93908",36.61478,-121.65175,Wastewater Treatment Facility,4952,Monterey,3,WDRMUNILRG,Active,Enrollee - WDR,R3-2020-0020,3 272015001,,,09/16/2022,,2030-09-24,0.11,,B,2.0,,,,0.0,11.0,
San Juan Bautista City,"Po Box 1420, San Juan Bautista, CA 95054-1086",San Juan Bautista WWTP,"1120 Third Street, San Juan Bautista, CA 95045",36.84967,-121.54413,Wastewater Treatment Facility,4952,San Benito,3,NPDMUNILRG,Active,NPDES Permit,R3-2009-0019,3 350102001,CA0047902,05/08/2009,05/09/2009,,2014-05-08,0.27,"Major, Minor",B,2.0,,,,3.0,195.0,
Sunnyslope County Water District,"3570 Airline Highway, Hollister, CA 95023-9702",Ridgemark Estates WWTP,"10 Georges Drive, Hollister, CA 95023",36.8114,-121.37708,Wastewater Treatment Facility,4952,San Benito,3,WDRMUNILRG,Active,Enrollee - WDR,R3-2020-0020,3 351000001,,,05/27/2022,,2030-09-24,0.35,,B,2.0,,,,0.0,50.0,
Rancho Larios Homeowners Association,"409  Tennant Sta Road  # 240, Morgan Hill, CA 95037",Rancho Larios WWTP,"Avenida Del Piero, San Juan Bautista, CA 95045",36.843921,-121.575067,Wastewater Treatment Facility,,San Benito,3,WDRMUNILRG,Active,Enrollee - WDR,2014-0153-DWQ,3 359803001,,,05/27/2022,,2029-09-23,0.05,,B,3.0,,,,1.0,12.0,
Atascadero City,"6500 Palma Avenue, Atascadero, CA 93422",Atascadero WWTP,"8005 Gabarda, Atascadero, CA 93422",35.48211,-120.64443,Wastewater Treatment Facility,4952,San Luis Obispo,3,"SLIC, WDRMUNILRG",Active,Enrollee - WDR,R3-2020-0020,3 400100001,,,06/06/2023,,2030-09-24,1.4,,B,2.0,,,,0.0,8.0,
Avila Beach CSD,"Po Box 309, Avila Beach, CA 93424",Avila WWTP,"End of San Miguel Street, Avila Beach, CA 93405",35.18224,-120.73327,Wastewater Treatment Facility,4952,San Luis Obispo,3,NPDMUNIOTH,Active,NPDES Permit,R3-2017-0025,3 400101001,CA0047830,09/21/2017,12/01/2017,,2022-11-30,0.2,Minor,B,2.0,,,,1.0,36.0,
Cambria Community Services District,"Po Box 65, Cambria, CA 93428",Cambria CSD WWTP,"5500 Heath Lane, Cambria, CA 93428",35.56323,-121.09079,Wastewater Treatment Facility,4952,San Luis Obispo,3,"SLIC, WDRMUNILRG",Active,Enrollee - WDR,R3-2020-0020,3 400102001,,,12/08/2025,,2039-12-31,0.99,,B,2.0,,,,0.0,14.0,
Morro Bay SD,"590 Harbor Street, Morro Bay, CA 93442",Morro Bay/Cayucos WWTP,"160 Atascadero Road, Morro Bay, CA 93442",35.379281,-120.860776,Wastewater Treatment Facility,4952,San Luis Obispo,SB,"NPDMUNILRG, SLIC",Active,Co-Permitee,2020-0015-DWQ,3 400103001,,,07/09/2020,,,,Major,,,,,,0.0,2.0,
Nipomo CSD,"Po Box 326, Nipomo, CA 93444-0326",Nipomo CSD Southland Treatment Facility,"509 Southland Street, Nipomo, CA 93444",35.02299,-120.47073,Wastewater Treatment Facility,4952,San Luis Obispo,3,WDRMUNILRG,Active,Enrollee - WDR,R3-2020-0020,3 400104001,,,11/14/2024,,2030-09-24,0.9,,B,2.0,,,,0.0,1.0,
Pismo Beach City ,"760 Mattie Road, Pismo Beach, CA 93449",Pismo Beach WWTP,"550 Frady Ln, Pismo Beach, CA 93449",35.140816,-120.634202,Wastewater Treatment Facility,4952,San Luis Obispo,SB,"NPDMUNILRG, NPDMUNIOTH, SLIC",Active,Co-Permitee,2020-0015-DWQ,3 400106001,,,07/09/2020,,,,"Major, Minor",,,,,,0.0,25.0,
San Luis Obispo City,"990 Palm Street, San Luis Obispo, CA 93401",San Luis Obispo WWTP,"35 Prado Road, San Luis Obispo, CA 93401",35.256328,-120.673299,Wastewater Treatment Facility,4952,San Luis Obispo,3,"NPDMUNILRG, SLIC",Active,NPDES Permit,R3-2024-0001,3 400107001,CA0049224,06/20/2024,09/01/2024,,2029-08-31,5.4,Major,A,2.0,,,,6.0,173.0,
Ca Dept of Corrections San Luis Obispo,"Po Box 8101, San Luis Obispo, CA 93409",California Men's Colony WWTP,"Hwy 1 N SLO behind Cuesta College, San Luis Obispo, CA 93405",35.32427,-120.75209,Wastewater Treatment Facility,9223,San Luis Obispo,3,NPDMUNILRG,Active,NPDES Permit,R3-2020-0005,3 400108001,CA0047856,05/28/2020,07/01/2020,,2025-07-31,1.2,Major,A,2.0,,,,10.0,627.0,
San Miguel CSD,"Po Box 87, San Miguel, CA 93451",San Miguel CSD Machado WWTP,"1765 Bonita Place, San Miguel, CA 93451",35.75895,-120.69347,Wastewater Treatment Facility,4952,San Luis Obispo,3,WDRMUNILRG,Active,Enrollee - WDR,R3-2020-0020,3 400109001,,,12/07/2023,,2030-09-24,0.2,,B,2.0,,,,2.0,84.0,
San Simeon CSD,"111 Pico Avenue, San Simeon, CA 93452",San Simeon WWTP,"9245 Balboa Avenue, San Simeon, CA 93452",35.6118,-121.14553,Wastewater Treatment Facility,4952,San Luis Obispo,3,NPDMUNIOTH,Active,NPDES Permit,R3-2022-0003,3 400110001,CA0047961,02/17/2022,05/01/2022,,2027-04-30,0.45,Minor,B,2.0,,,,1.0,19.0,
South San Luis Obispo CSD,"Po Box 339, Oceano, CA 93445",South San Luis Obispo SD WWTP,"1600 Aloha Place, Oceano, CA 93445",35.101266,-120.625755,Wastewater Treatment Facility,4952,San Luis Obispo,SB,"NPDMUNILRG, SLIC",Active,Co-Permitee,2020-0015-DWQ,3 400111001,,,07/09/2020,,,,Major,,,,,,2.0,15.0,
San Luis Obispo CSA #07 Oak Shores,"1055 Monterey Street 207, San Luis Obispo, CA 93408",Oak Shores Development CSA-7A,"2537 Ridge Rider, Bradley, CA 93426",35.75317,-120.98514,Wastewater Treatment Facility,4952,San Luis Obispo,3,WDRMUNILRG,Active,Enrollee - WDR,2014-0153-DWQ,3 400113003,,,09/16/2022,,2029-09-23,0.1,,B,2.0,,,,1.0,49.0,
Templeton CSD,"Po Box 780, Templeton, CA 93465",Meadowbrook WWTF (Templeton CSD),"1394 Shane Lane, Templeton, CA 93465",35.53263,-120.70822,Wastewater Treatment Facility,4941(+),San Luis Obispo,3,"WDRMUNILRG, WDRMUNIOTH",Active,Enrollee - WDR,R3-2020-0020,3 400115001,,,03/23/2026,,2030-09-24,0.6,,B,2.0,,,,1.0,7.0,
San Luis Obispo City,"990 Palm Street, San Luis Obispo, CA 93401",San Luis Obispo Water Reclamation Facility,"35 Prado, San Luis Obispo, CA 93401",35.25616,-120.67292,Wastewater Treatment Facility,,San Luis Obispo,3,WDRMUNILRG,Active,WDR,R3-2003-0081,3 400309097,,10/24/2003,10/24/2003,,2018-10-24,4.0,,C,3.0,,,,0.0,0.0,
City of Morro Bay,"955 Shasta Avenue, Morro Bay, CA 93442",City of Morro Bay Water Reclamation Facility,"555 South Bay Boulevard, Morro Bay, CA 93442",35.36495,-120.82323,Wastewater Treatment Facility,,San Luis Obispo,3,NPDMUNIOTH,Active,NPDES Permit,R3-2022-0029,3 400322963,CA3000002,06/16/2022,08/05/2022,,2027-08-04,0.97,Major,B,2.0,,,,0.0,2.0,
City of El Paso de Robles,"3200 Sulphur Springs Road, Paso Robles, CA 93446",Paso Robles WWTP,"3200 Sulphur Springs Road, Paso Robles, CA 93446",35.648315,-120.687496,Wastewater Treatment Facility,4939,San Luis Obispo,3,"NPDMUNILRG, REC, SLIC",Active,Enrollee - WDR,2016-0068-DDW,3 400722972,,,07/19/2022,,2026-08-05,,Major,C,3.0,,,,2.0,34.0,
California Department of State Hospitals,"10333 El Camino Real, Atascadero, CA 93422",Atascadero State Hospital,"10333 El Camino Real, Atascadero, CA 93422",35.46305,-120.63514,Wastewater Treatment Facility,8063,San Luis Obispo,3,WDRMUNILRG,Active,Enrollee - WDR,R3-2020-0020,3 400801001,,,08/31/2021,,2030-09-24,0.5,,B,2.0,,,,3.0,57.0,
San Luis Obispo CSA #9 Los Osos WTP,"1055 Monterey Street 207, San Luis Obispo, CA 93408",Los Osos Water Recycling Facility,"2300 Los Osos Valley Road, Los Osos, CA 93402",35.30821,-120.80028,Wastewater Treatment Facility,4952,San Luis Obispo,SB,"SLIC, WDRMUNILRG, WDRMUNIOTH, WDRNONMUNIPRCS",Active,Co-Permitee,2020-0015-DWQ,3 400910371,,,07/09/2020,,,,,,,,,,0.0,24.0,
Heritage Ranch CSD,"4870 Heritage Road, Paso Robles, CA 93446",Heritage Ranch WWTP,"4870 Heritage Road, Paso Robles, CA 93446",35.722487,-120.88405,Wastewater Treatment Facility,4952,San Luis Obispo,3,NPDMUNIOTH,Active,NPDES Permit,R3-2017-0026,3 401013001,CA0048941,09/21/2017,12/01/2017,,2022-11-30,0.4,Minor,B,2.0,,,,3.0,31.0,
Cayucos SD,"Po Box 333, Cayucos, CA 93430",Cayucos SD WWTP,"800 Toro Creek Road, Morro Bay, CA 93442",35.42045,-120.86297,Wastewater Treatment Facility,4952,San Luis Obispo,3,NPDMUNIOTH,Active,NPDES Permit,R3-2020-0004,3 401019759,CA3000001,07/16/2020,12/01/2020,,2025-11-30,0.34,Minor,B,2.0,,,,0.0,23.0,
San Miguelito Mutual Water Company,"6680 Bay Laurel Place, Avila Beach, CA 93424",San Miguelito Wild Cherry Canyon,"3560 Wild Cherry Canyon, San Luis Obispo, CA 93405",35.19498,-120.75857,Wastewater Treatment Facility,4952,San Luis Obispo,3,WDRMUNILRG,Active,Enrollee - WDR,R3-2020-0020,3 401021001,,,04/18/2024,,2030-09-24,0.15,,B,2.0,,,,0.0,28.0,
Nipomo CSD,"Po Box 326, Nipomo, CA 93444-0326",Nipomo CSD Black Lake - Reclaimed Water Producer,"1526 Willow, Nipomo, CA 93444",35.047352,-120.546507,Wastewater Treatment Facility,4952,San Luis Obispo,3,WDRMUNILRG,Active,Enrollee - WDR,2014-0153-DWQ,3 401028001,,,05/31/2023,,2029-09-23,0.1,,B,3.0,,,,0.0,17.0,
San Luis Obispo CSA #18 San Luis Obispo Country Club,"1055 Monterey Street 207, San Luis Obispo, CA 93408",Country Club Estates SLO Co CSA-18,"1045 Greystone Place, San Luis Obispo, CA 93401",35.21412,-120.6309,Wastewater Treatment Facility,,San Luis Obispo,3,WDRMUNILRG,Active,Enrollee - WDR,2014-0153-DWQ,3 401039001,,,11/20/2025,,2029-09-23,0.1,,B,3.0,,,,1.0,210.0,
Buellton City,"Po Box 1819, Buellton, CA 93427",Buellton WWTP,"79 Industrial Way, Buellton, CA 93427",34.610047,-120.201847,Wastewater Treatment Facility,4952,Santa Barbara,3,WDRMUNILRG,Active,Enrollee - WDR,R3-2020-0020,3 420100001,,,05/25/2022,,2030-09-24,0.65,,B,2.0,,,,0.0,29.0,
Carpinteria SD,"5300 6th Street, Carpinteria, CA 93013",Carpinteria SD WWTP,"5351 Sixth Street, Carpinteria, CA 93013",34.392202,-119.518033,Wastewater Treatment Facility,4952,Santa Barbara,SB,"NPDMUNILRG, SLIC",Active,Co-Permitee,2020-0015-DWQ,3 420101001,,,07/09/2020,,,,Major,,,,,,0.0,11.0,
Goleta SD,"1 William Moffett Place, Goleta, CA 93117",Goleta SD WWTP,"1 Moffett Place, Goleta, CA 93117",34.4234913,-119.8324455,Wastewater Treatment Facility,4952,Santa Barbara,SB,"NPDMUNILRG, SLIC",Active,Co-Permitee,2020-0015-DWQ,3 420102001,,,07/09/2020,,,,Major,,,,,,0.0,4.0,
Guadalupe City,"918 Obispo Street, Guadalupe, CA 93434",Guadalupe WWTP,"5125 West Main Street, Guadalupe, CA 93434",34.96174,-120.5899,Wastewater Treatment Facility,4952,Santa Barbara,3,WDRMUNILRG,Active,Enrollee - WDR,R3-2020-0020,3 420103001,,,05/30/2023,,2030-09-24,1.5,,B,2.0,,,,2.0,93.0,
Laguna County Sanitation District,"620 West Foster Road, Santa Maria, CA 93455",Laguna County Sanitation District Reclamation Plant,"3500  Black Road, Santa Maria, CA 93455",34.89129,-120.50414,Wastewater Treatment Facility,4952,Santa Barbara,3,"SLIC, WDRMUNILRG",Active,Enrollee - WDR,2016-0068-DDW,3 420104001,,,02/13/2023,,,,,C,3.0,,,,0.0,23.0,
Lompoc City,"Po Box 8001, Lompoc, CA 93438-8001",Lompoc City Regional Wastewater Reclamation Plant,"1801 West Central Avenue, Lompoc, CA 93436",34.66213,-120.483039,Wastewater Treatment Facility,4952,Santa Barbara,3,"NPDMUNILRG, REC, SLIC",Active,NPDES Permit,R3-2022-0004,3 420105001,CA0048127,02/17/2022,05/01/2022,,2027-04-30,5.0,Major,A,2.0,,,,2.0,28.0,
Montecito Sanitary District,"1042 Monte Cristo Lane, Santa Barbara, CA 93108",Montecito SD WWTP,"1042 Monte Cristo Lane, Montecito, CA 93108",34.42059,-119.65052,Wastewater Treatment Facility,4952,Santa Barbara,3,"NPDMUNILRG, SLIC",Active,NPDES Permit,R3-2022-0010,3 420107001,CA0047899,08/25/2022,11/01/2022,,2027-10-31,1.5,Major,A,2.0,,,,0.0,11.0,
Santa Barbara City PWD,"Po Box 1990, Santa Barbara, CA 93102-1990",El Estero Water Resource Center NPDES,"520 East Yanonali Street, Santa Barbara, CA 93103",34.417606,-119.68567,Wastewater Treatment Facility,4952,Santa Barbara,SB,"NPDMUNILRG, SLIC",Active,Co-Permitee,2020-0015-DWQ,3 420108001,,,07/09/2020,,,,Major,,,,,,1.0,32.0,
Santa Barbara City PWD,"Po Box 1990, Santa Barbara, CA 93102-1990","El Estero Reclamation Facility, Recycle Water Use","520 East Yanonali Street, Santa Barbara, CA 93103",34.417642,-119.684622,Wastewater Treatment Facility,4952,Santa Barbara,SB,"REC, SLIC, WDRMUNILRG",Active,Co-Permitee,2020-0015-DWQ,3 420108005,,,07/09/2020,,,,,,,,,,0.0,1.0,
City of Santa Maria,"110 South Pine Street 101, Santa Maria, CA 93458",City of Santa Maria WWTP,"601 Black Road, Santa Maria, CA 93458",34.9489,-120.4908,Wastewater Treatment Facility,4952,Santa Barbara,3,"SLIC, WDRMUNILRG",Active,Enrollee - WDR,R3-2020-0020,3 420109001,,,06/16/2023,,2030-09-24,8.0,,B,2.0,,,,1.0,26.0,
Solvang City,"1644 Oak Street, Solvang, CA 93463",Solvang WWTP,"101 South Alisal Road, Solvang, CA 93463",34.590278,-120.157853,Wastewater Treatment Facility,4952,Santa Barbara,3,"SLIC, WDRMUNILRG",Active,Enrollee - WDR,R3-2020-0020,3 420110001,,,06/10/2022,,2030-09-24,1.5,,B,2.0,,,,1.0,61.0,
Summerland SD,"Po Box 417, Summerland, CA 93067",Summerland SD WWTP,"2435 Wallace Avenue, Summerland, CA 93067",34.419298,-119.596606,Wastewater Treatment Facility,4952,Santa Barbara,3,NPDMUNIOTH,Active,NPDES Permit,R3-2022-0014,3 420111001,CA0048054,08/25/2022,11/01/2022,,2027-10-31,0.3,Minor,B,2.0,,,,0.0,0.0,
Santa Barbara County Parks Dept,"123 East Anapamu Street, Santa Barbara, CA 93101",Cachuma Lake Recreation Area WWTP,"579 San Marcos Pass Road, Santa Barbara, CA 93105",34.57719,-119.97852,Wastewater Treatment Facility,4952,Santa Barbara,3,WDRMUNILRG,Active,Enrollee - WDR,2014-0153-DWQ,3 420113001,,,06/15/2022,,2029-09-23,0.049999,,B,2.0,,,,0.0,20.0,
Mission Hills CSD,"1550 East Burton Mesa Boulevard, Lompoc, CA 93436",Mission Hills La Purisima WWTP,"1550 East Burton Mesa Boulevard, Lompoc, CA 93436",34.68947,-120.43185,Wastewater Treatment Facility,4952,Santa Barbara,3,WDRMUNILRG,Active,WDR,R3-2019-0042,3 420114004,,05/17/2019,05/17/2019,,2029-05-17,0.57,,B,3.0,,,,0.0,11.0,
Los Alamos CSD,"Po Box 675, Los Alamos, CA 93440",Los Alamos WWTP,"8690 Bell Street, Los Alamos, CA 93440",34.75348,-120.29377,Wastewater Treatment Facility,4952,Santa Barbara,3,WDRMUNILRG,Active,Enrollee - WDR,R3-2020-0020,3 420118001,,08/24/2022,08/24/2022,,2032-08-24,0.2,,B,2.0,,,,1.0,76.0,
Cuyama Community Services District,"Po Box 368, Ew Cuyama, CA 93254",Cuyama CSD WWTP,"5033 Highway 166, New Cuyama, CA 93254",34.95129,-119.69422,Wastewater Treatment Facility,4952,Santa Barbara,3,"NPDMUNIOTH, WDRMUNIOTH",Active,Enrollee - WDR,2014-0153-DWQ,3 421003001,,,09/20/2017,,2027-09-19,0.1,Minor,B,3.0,,,,0.0,4.0,
South County Regional WW Authority,"1500 Southside Drive, Gilroy, CA 95020",SCRWA WWTP,"1500 Southside Drive, Gilroy, CA 95020",36.9826174,-121.5328007,Wastewater Treatment Facility,4952,Santa Clara,SB,"NPDMUNILRG, SLIC, WDRMUNILRG",Active,Co-Permitee,2020-0015-DWQ,3 430100001,,,07/09/2020,,,,Major,,,,,,0.0,15.0,
South County Regional WW Authority,"1500 Southside Drive, Gilroy, CA 95020",SCRWA Reclamation Facility and Use Areas,"1500 Southside Drive, Gilroy, CA 95020",36.98759,-121.53745,Wastewater Treatment Facility,4952,Santa Clara,3,"WDR, WDRMUNILRG",Active,WDR,98-052,3 430100003,,05/29/1998,05/29/1998,,2008-05-29,15.0,,B,2.0,,,,0.0,0.0,
Santa Cruz City,"809 Center Street 201, Santa Cruz, CA 95060-3826",Santa Cruz WWTP,"110 California Street, Santa Cruz, CA 95060",36.961587,-122.030999,Wastewater Treatment Facility,4952,Santa Cruz,SB,"NPDMUNILRG, SLIC",Active,Co-Permitee,2020-0015-DWQ,3 440102001,,,07/09/2020,,,,Major,,,,,,1.0,18.0,
Scotts Valley,"2 Civic Center Drive, Scotts Valley, CA 95066",Scotts Valley WWTP,"700 Lundy Lane, Scotts Valley, CA 95066",37.041592,-122.026715,Wastewater Treatment Facility,4952,Santa Cruz,SB,"NPDMUNIOTH, SLIC",Active,Co-Permitee,2020-0015-DWQ,3 440103001,,,07/09/2020,,,,"Major, Minor",,,,,,1.0,13.0,
Watsonville City,"250 Main Street, Watsonville, CA 95077-5000",Watsonville WWTP,"401 Panabaker Lane, Watsonville, CA 95077",36.886751,-121.785478,Wastewater Treatment Facility,4952,Santa Cruz,SB,"NPDMUNILRG, SLIC",Active,Co-Permitee,2020-0015-DWQ,3 440104001,,,07/09/2020,,,,Major,,,,,,1.0,15.0,
City of Santa Cruz,"809 Center Street, Santa Cruz, CA 95060",Santa Cruz WWTP,"110 California Street, Santa Cruz, CA 95060",36.961587,-122.030999,Wastewater Treatment Facility,4952,Santa Cruz,3,NPDMUNILRG,Active,NPDES Permit,R3-2023-0001,3 440124003,CA0048194,12/15/2023,03/01/2024,,2029-02-28,17.0,Major,A,1.0,,,,1.0,18.0,
Santa Cruz CSA 07,"701 Ocean Street, Santa Cruz, CA 95060",Boulder Creek Golf & Cntry Club WWTP,"16901 Big Basin Way, Boulder Creek, CA 95006",37.15394,-122.16183,Wastewater Treatment Facility,4952,Santa Cruz,3,"REC, WDRMUNILRG",Active,Enrollee - WDR,2014-0153-DWQ,3 441000001,,,09/30/2022,,2029-09-23,0.1,,B,2.0,,,,0.0,6.0,
Pajaro Valley Water Management Agency,"36 Brennan Street, Watsonville, CA 95076-4303",Pajaro Valley WMA and City of Watsonville Water Reclamation,"401 Panabaker Lane, Watsonville, CA 95076",36.88617,-121.78613,Wastewater Treatment Facility,,Santa Cruz,SB,"SLIC, WDRMUNILRG",Active,Co-Permitee,2020-0015-DWQ,3 441208240,,,07/09/2020,,,,,,,,,,0.0,10.0,
Scotts Valley,"2 Civic Center Drive, Scotts Valley, CA 95066",Scotts Valley WWTF Producer,"700 Lundy Ln, Scotts Valley, CA 95066",37.041247,-122.02551,Wastewater Treatment Facility,,Santa Cruz,3,WDRMUNILRG,Active,WDR,R3-2001-0066,3 449902003,,07/13/2001,07/13/2001,,2016-07-13,1.0,,C,3.0,,,,1.0,8.0,
Santa Clarita Valley SD of Los Angeles Cnty,"Po Box 4998, Whittier, CA 90607-4998",Saugus Water Reclamation Plant,"26200 Springbrook Avenue, Santa Clarita, CA 91350",34.413831,-118.539766,Wastewater Treatment Facility,4952,Los Angeles,4,"NPDMUNILRG, SLIC",Active,NPDES Permit,R4-2022-0175,4A190107021,CA0054313,05/12/2022,07/01/2022,,2027-06-30,6.5,Major,A,1.0,,,,0.0,39.0,
Santa Clarita Valley SD of Los Angeles Cnty,"Po Box 4998, Whittier, CA 90607-4998",Valencia WRP,"28185 The Old Road, Valencia, CA 91355",34.429975,-118.591001,Wastewater Treatment Facility,4941(+),Los Angeles,4,"NPDMUNILRG, NPDNONMUNIPRCS, SLIC",Active,NPDES Permit,R4-2022-0174,4A190107023,CA0054216,05/12/2022,07/01/2022,,2027-06-30,21.6,"Major, Minor",A,1.0,,,,0.0,46.0,
Los Angeles Cnty Sanitation Districts,"Po Box 4998, Whittier, CA 90607-4998",Saugus Water Reclamation Plant,"26200 Springbrook Avenue, Santa Clarita, CA 91350",34.413831,-118.539766,Wastewater Treatment Facility,4952,Los Angeles,4,"NPDMUNILRG, REC",Active,Reclamation Requirements,87-049-A01,4A190107083,,04/27/1987,04/27/1987,,,6.5,Major,B,2.0,,,,0.0,39.0,
Los Angeles Cnty Sanitation Districts,"Po Box 4998, Whittier, CA 90607-4998",Valencia WRP,"28185 The Old Road, Valencia, CA 91355",34.429975,-118.591001,Wastewater Treatment Facility,4941(+),Los Angeles,4,"NPDMUNILRG, REC",Active,Reclamation Requirements,87-048-A01,4A190107084,,04/27/1987,04/27/1987,,,4.5,Major,B,2.0,,,,0.0,46.0,
Newhall Ranch SD,"1955 Workman Mill Road, Whittier, CA 90601",Newhall Ranch WRP,"Hwy 126 at Los  Angeles/Ventura County Line, Newhall, CA 91355",34.403166,-118.6896667,Wastewater Treatment Facility,4952,Los Angeles,4,NPDMUNILRG,Active,NPDES Permit,R4-2024-0390,4A190118001,CA0064556,12/19/2024,03/01/2025,,2030-02-28,2.0,Major,A,1.0,,,,0.0,5.0,
Camarillo Sanitary District,,Camarillo WRP,"150 East Howard Road, Camarillo, CA 93012",34.193773651637,-119.002139824121,Wastewater Treatment Facility,4952,Ventura,SB,"NPDMUNILRG, NPDNONMUNIPRCS, REC, SLIC",Active,Co-Permitee,2020-0015-DWQ,4A560100001,,,07/09/2020,,,,"Major, Minor",,,,,,2.0,72.0,
Fillmore City,"250 Central Avenue, Fillmore, CA 93015-1907",Fillmore WWTP and Wastewater Recycling Plant,"C Street & River Street, Fillmore, CA 93015",34.39048,-118.94034,Wastewater Treatment Facility,4952,Ventura,SB,"NPDMUNILRG, SLIC, WDRMUNILRG",Active,Co-Permitee,2020-0015-DWQ,4A560101001,,,07/09/2020,,,,Major,,,,,,0.0,0.0,
City of Fillmore,"250 Central Avenue, Fillmore, CA 93015",Fillmore Water Recycling Plant,"1580 River Street, Fillmore, CA 93015",34.39064,-118.94017,Wastewater Treatment Facility,,Ventura,4,WDRMUNILRG,Active,WDR,R4-2023-0426,4A560101001,,12/21/2023,12/21/2023,,,1.8,,A,2.0,,,,0.0,0.0,
Ventura County Water and Sanitation,"6767 Spring Road P.O. Box 250, Moorpark, CA 93020",Moorpark WRF - WDR,"9550 Los Angeles Avenue, Moorpark, CA 93021",34.2714968,-118.936156,Wastewater Treatment Facility,,Ventura,4,WDRMUNILRG,Active,WDR,R4-2023-0089,4A560103002,,04/27/2023,04/27/2023,,,5.0,Major,A,2.0,,,,0.0,0.0,
Ventura Cnty Special Districts,"Po Box 250, Moorpark, CA 93020",Moorpark WRF - WRR,"9550 Los Angeles Avenue, Moorpark, CA 93021",34.271889,-118.935988,Wastewater Treatment Facility,9511(+),Ventura,SB,"NPDMUNILRG, NPDNONMUNIPRCS, REC, SLIC",Active,Co-Permitee,2020-0015-DWQ,4A560103003,,,07/09/2020,,,,Major,,,,,,0.0,0.0,
Ojai Valley Sanitary District,"1072 Tico Road, Ojai, CA 93023",Ojai Valley WWTP,"6363 North Ventura Avenue, Ventura, CA 93001",34.34376667,-119.29798333,Wastewater Treatment Facility,4952,Ventura,4,"NPDMUNILRG, SLIC",Active,NPDES Permit,R4-2023-0430,4A560104001,CA0053961,12/21/2023,02/01/2024,,2029-01-31,3.0,Major,A,1.0,,,,2.0,19.0,
Oxnard City Wastewater Division,"6001 South Perkins Road, Oxnard, CA 93033",Oxnard WWTP,"6001 South Perkins Road, Oxnard, CA 93033",34.141648,-119.185403,Wastewater Treatment Facility,4952,Ventura,4,"NPDMUNILRG, SLIC",Active,NPDES Permit,R4-2024-0252,4A560105001,CA0054097,05/23/2024,07/01/2024,,2029-06-30,31.7,Major,A,1.0,,,,0.0,2.0,
Camrosa Water District,"7385 Santa Rosa Road, Camarillo, CA 93012",Camrosa Water Reclamation Facility,"1900 South Lewis Road, Camarillo, CA 93012",34.17162,-119.053202,Wastewater Treatment Facility,4952,Ventura,SB,"NPDMUNILRG, REC, SLIC",Active,Co-Permitee,2020-0015-DWQ,4A560106003,,,07/09/2020,,,,Major,,,,,,0.0,2.0,
Ventura City,"P.O. Box 2299, Ventura, CA 93002-2299",Ventura WRF,"1400 Spinnaker Drive, Ventura, CA 93002",34.23639,-119.25861,Wastewater Treatment Facility,4953(+),Ventura,SB,"NPDMUNILRG, NPDNONMUNIPRCS, REC, SLIC, WDR",Active,Co-Permitee,2020-0015-DWQ,4A560107001,,,07/09/2020,,,,Major,,,,,,1.0,27.0,
City of Ventura,"501 Poli Street 120, Ventura, CA 93001",Ventura WRF,"1400 Spinnaker Drive, Ventura, CA 93002",34.23639,-119.25861,Wastewater Treatment Facility,4953(+),Ventura,4,NPDMUNILRG,Active,NPDES Permit,R4-2025-0272,4A560107009,CA0064726,12/18/2025,12/18/2025,,2030-12-17,10.0,Major,A,1.0,,,,1.0,27.0,
Santa Paula City,"970 Ventura Street, Santa Paula, CA 93060",Santa Paula WRF,"926 Calpipe Road, Santa Paula, CA 93060",34.3353,-119.08293,Wastewater Treatment Facility,4952,Ventura,SB,"SLIC, WDRMUNILRG",Active,Co-Permitee,2020-0015-DWQ,4A560108002,,,07/09/2020,,,,,,,,,,0.0,6.0,
Ventura Regional Sanitation District,"4105 West Gonzalez Road, Oxnard, CA 93036",Jose Flores WWTP,"14195 Lirio Avenue, Saticoy, CA 93003",34.276133,-119.146775,Wastewater Treatment Facility,4952,Ventura,4,WDRMUNILRG,Active,WDR,R4-2013-0092,4A560109001,,06/06/2013,06/06/2013,,,0.25,,B,2.0,,,,0.0,12.0,
Simi Valley City,"2929 Tapo Canyon Road, Simi Valley, CA 93063",Simi Valley WQCP,"600 West Los Angeles Avenue, Simi Valley, CA 93065",34.28594,-118.814288,Wastewater Treatment Facility,4952,Ventura,SB,"NPDMUNILRG, REC, SLIC",Active,Co-Permitee,2020-0015-DWQ,4A560110001,,,07/09/2020,,,,Major,,,,,,1.0,90.0,
Thousand Oaks City ,"2100 East Thousand Oaks Boulevard, Thousand Oaks, CA 91362",Hill Canyon WWTP,"9600 Santa Rosa Road, Camarillo, CA 93012",34.213194,-118.921167,Wastewater Treatment Facility,4952(+),Ventura,SB,"NPDMUNILRG, NPDNONMUNIPRCS, SLIC",Active,Co-Permitee,2020-0015-DWQ,4A560112001,,,07/09/2020,,,,"Major, Minor",,,,,,1.0,7.0,
Ventura County Water and Sanitation,"6767 Spring Road P.O. Box 250, Moorpark, CA 93020",New Piru WTF,"2815 East Telegraph Road, Piru, CA 93015",34.40082,-118.82542,Wastewater Treatment Facility,,Ventura,4,WDRMUNILRG,Active,WDR,R4-2023-0292,4A560114007,,06/22/2023,08/31/2023,,,0.5,,B,2.0,,,,0.0,23.0,
Limoneira Co,"1411 Cummings Road, Santa Paula, CA 93060",Limoneira WWTP,"1141 Cummings Road, Santa Paula, CA 93060",34.33095,-119.126236,Wastewater Treatment Facility,4952,Ventura,4,"WDRINDIVLRG, WDRMUNILRG",Active,WDR,R4-2024-0300,4A565014002,,06/27/2024,06/27/2024,,,0.18,,B,3.0,,,,0.0,0.0,
Avalon City,"Po Box 707, Avalon, CA 90704",Avalon WWTF,"123 Pebbly Beach Road, Avalon, CA 90704",33.342175,-118.318494,Wastewater Treatment Facility,4952,Los Angeles,4,"NPDMUNILRG, SLIC",Active,NPDES Permit,R4-2024-0253,4B190100001,CA0054372,05/23/2024,07/01/2024,,2029-06-30,1.2,Major,A,1.0,,,,2.0,39.0,
Burbank City DPW,"Po Box 6459, Burbank, CA 91510-6459",Burbank WRP,"740 North Lake Street, Burbank, CA 91502",34.18195,-118.319332,Wastewater Treatment Facility,4952,Los Angeles,4,"NPDMUNILRG, REC, SLIC",Active,NPDES Permit,R4-2023-0358,4B190101001,CA0055531,10/19/2023,01/01/2024,,2028-12-31,12.5,Major,A,1.0,,,,1.0,4.0,
Las Virgenes MWD,"4232 Las Virgenes Road, Calabasas, CA 91302",Tapia WRF,"731 Malibu Canyon Road, Calabasas, CA 91302",34.081499,-118.704268,Wastewater Treatment Facility,4952,Los Angeles,SB,"NPDMUNILRG, NPDNONMUNIPRCS, REC, SLIC, WDRMUNILRG",Active,Co-Permitee,2020-0015-DWQ,4B190104001,,,07/09/2020,,,,"Major, Minor",,,,,,3.0,226.0,
Los Angeles City Bureau of Sanitation,"1149 South Broadway Street 9th Flr, Los Angeles, CA 90015",Los Angeles-Glendale WWRP,"4600 Colorado Boulevard, Los Angeles, CA 90039",34.14081,-118.273975,Wastewater Treatment Facility,4952,Los Angeles,4,"NPDMUNILRG, REC, SLIC, WDRMUNILRG",Active,NPDES Permit,R4-2022-0343,4B190106001,CA0053953,12/08/2022,02/01/2023,,2028-01-31,20.0,Major,A,1.0,,,,1.0,17.0,
Los Angeles City Bureau of Sanitation,"1149 South Broadway Street 9th Flr, Los Angeles, CA 90015",Hyperion WWTP,"12000 Vista del Mar Boulevard, Playa Del Rey, CA 90293",33.924482,-118.431805,Wastewater Treatment Facility,4952,Los Angeles,4,"NPDMUNILRG, REC, SLIC",Active,NPDES Permit,R4-2023-0033,4B190106002,CA0109991,02/23/2023,05/01/2023,,2028-04-30,450.0,Major,A,1.0,,,,5.0,146.0,
Los Angeles City Bureau of Sanitation,"1149 South Broadway Street 9th Flr, Los Angeles, CA 90015",Donald C. Tillman WWRP,"6100 Woodley Avenue, Van Nuys, CA 91406",34.179565,-118.481951,Wastewater Treatment Facility,4952,Los Angeles,4,"LNDISP, NPDMUNILRG, REC, SLIC, WDRMUNILRG",Active,NPDES Permit,R4-2022-0341,4B190106004,CA0056227,12/08/2022,02/01/2023,,2028-01-31,80.0,Major,A,1.0,,,,1.0,47.0,
Los Angeles City Bureau of Sanitation,"1149 South Broadway Street 9th Flr, Los Angeles, CA 90015",Terminal Island Water Reclamation Plant,"445 Ferry Street, San Pedro, CA 90731",33.748967,-118.25265,Wastewater Treatment Facility,4952,Los Angeles,4,"NPDMUNILRG, SLIC",Active,NPDES Permit,R4-2021-0095,4B190106005,CA0053856,06/10/2021,08/01/2021,,2026-07-31,30.0,Major,A,1.0,,,,1.0,14.0,
Los Angeles City Bureau of Sanitation,"1149 South Broadway Street 9th Flr, Los Angeles, CA 90015",Hyperion Advanced Water Purification Facility,"12000 vista del mar Boulevard, Los Angeles, CA 90293",33.92570556,-118.4282611,Wastewater Treatment Facility,,Los Angeles,4,WDRMUNILRG,Active,WDR,R4-2023-0357,4B190106006,,10/19/2023,10/19/2023,,2028-10-19,1.5,,B,3.0,,,,0.0,0.0,
Los Angeles Cnty DPW Sewer Maintenance Div,"900 South Fremont Avenue, Alhambra, CA 91803",Trancas WPCP,"6338 Paseo Canyon Drive, Malibu, CA 90265",34.031602537235,-118.839941425934,Wastewater Treatment Facility,4952,Los Angeles,4,WDRMUNILRG,Active,WDR,R4-2023-0294,4B190107004,,06/22/2023,06/22/2023,,,0.22,,B,2.0,,,,0.0,0.0,
Joint Outfall System,"1955 Workman Mill Road, Whittier, CA 90601",A.K. Warren Water Resource Facility,"24501 South Figueroa Street, Carson, CA 90745",33.802811,-118.283795,Wastewater Treatment Facility,4952,Los Angeles,4,NPDMUNILRG,Active,NPDES Permit,R4-2023-0181,4B190107013,CA0053813,05/25/2023,07/01/2023,,2028-06-30,400.0,Major,A,1.0,,,,0.0,15.0,
Joint Outfall System,"1955 Workman Mill Road, Whittier, CA 90601",Long Beach WRP,"7400 East Willow Street, Long Beach, CA 90815",33.800781,-118.088048,Wastewater Treatment Facility,4952,Los Angeles,4,"NPDMUNILRG, REC",Active,NPDES Permit,R4-2022-0032,4B190107014,CA0054119,02/10/2022,04/01/2022,,2027-03-31,25.0,Major,A,1.0,,,,1.0,21.0,
Joint Outfall System,"1955 Workman Mill Road, Whittier, CA 90601",Los Coyotes WRP,"16515 Piuma Avenue, Cerritos, CA 90703",33.87972,-118.10722,Wastewater Treatment Facility,4952,Los Angeles,4,"NPDMUNILRG, REC",Active,NPDES Permit,R4-2021-0142,4B190107015,CA0054011,12/09/2021,02/01/2022,,2027-01-31,37.5,Major,A,1.0,,,,0.0,10.0,
Joint Outfall System,"1955 Workman Mill Road, Whittier, CA 90601",Whittier Narrows Water Reclamation Plant,"301 North Rosemead Boulevard, El Monte, CA 91733",34.032712,-118.068302,Wastewater Treatment Facility,4952,Los Angeles,4,"NPDMUNILRG, REC",Active,NPDES Permit,R4-2021-0096,4B190107016,CA0053716,06/10/2021,08/01/2021,,2026-07-31,15.0,Major,A,1.0,,,,0.0,9.0,
Joint Outfall System,"1955 Workman Mill Road, Whittier, CA 90601",Pomona Water Reclamation Plant,"295 Humane Way, Pomona, CA 91766",34.055874,-117.790379,Wastewater Treatment Facility,4952,Los Angeles,4,"NPDMUNILRG, REC",Active,NPDES Permit,R4-2021-0097,4B190107019,CA0053619,06/10/2021,08/01/2021,,2026-07-31,15.0,Major,A,1.0,,,,0.0,35.0,
Joint Outfall System,"1955 Workman Mill Road, Whittier, CA 90601",San Jose Creek Water Reclamation Plant,"1965 South Workman Mill Road, Whittier, CA 90601",34.035108,-118.023042,Wastewater Treatment Facility,4952,Los Angeles,4,NPDMUNILRG,Active,NPDES Permit,R4-2021-0131,4B190107020,CA0053911,10/14/2021,12/01/2021,,2026-11-30,100.0,Major,A,1.0,,,,0.0,31.0,
Los Angeles Cnty DPW,"Po Box 1460, Alhambra, CA 91802-5912",Malibu Mesa WRP,"3863 Malibu Country Drive, Malibu, CA 90265",34.035694,-118.710344,Wastewater Treatment Facility,4952,Los Angeles,4,"NPDMUNIOTH, REC",Active,NPDES Permit,R4-2021-0062,4B190107048,CA0059099,04/08/2021,06/01/2021,,2026-05-31,0.6,Minor,B,1.0,,,,0.0,1.0,
Los Angeles Cnty DPW Sewer Maintenance Div,"900 South Fremont Avenue, Alhambra, CA 91803",Malibu Mesa WRP,"3863 Malibu Country Drive, Malibu, CA 90265",34.035694,-118.710344,Wastewater Treatment Facility,4952,Los Angeles,4,"NPDMUNIOTH, REC",Active,Reclamation Requirements,00-167,4B190107055,,11/09/2000,11/09/2000,,2050-11-09,0.2,Minor,B,3.0,,,,0.0,1.0,
Joint Outfall System,"1955 Workman Mill Road, Whittier, CA 90601",White Point Outfall Manifold Construction Dewatering Project,"1800 Kay Fiorentino Drive, Los Angeles, CA 90732",33.71746,-118.31947,Wastewater Treatment Facility,4952,Los Angeles,4,NPDNONMUNIPRCS,Active,NPDES Permit,R4-2019-0053,4B190107087,CA0064661,05/09/2019,07/01/2019,,2024-06-30,1.44,Minor,C,3.0,,,,0.0,0.0,
West Basin MWD,"17140 South Avalon Boulevard 210, Carson, CA 90746-1242",Edward C. Little Water Recycling Plant (Recycled Water Irrigation),"1935 Hughes Way, El Segundo, CA 90245",33.907954,-118.394561,Wastewater Treatment Facility,4952,Los Angeles,4,"NPDMUNILRG, NPDMUNIOTH, NPDNONMUNIPRCS, REC",Active,NPDES Permit,R4-2023-0368,4B190137001,CA0063401,02/01/2024,02/01/2024,,2029-02-01,5.2,"Major, Minor",C,3.0,,,,1.0,4.0,
West Basin MWD,"17140 South Avalon Boulevard 210, Carson, CA 90746-1242",Juanita Millender-McDonald Carson Regional Water Recycling Plant,"21029 South Wilmington Avenue, Carson, CA 90810",33.838705,-118.23703,Wastewater Treatment Facility,4941,Los Angeles,4,"NPDESWW, NPDNONMUNIPRCS",Active,NPDES Permit,R4-2024-0146,4B190137004,CA0064246,02/22/2024,04/01/2024,,2029-03-31,1.2,"Major, Minor",C,3.0,,,,0.0,0.0,
US Navy Naval Facilities Engineering Command Southwest,"750 Pacific Highway, Evcore Floor 11, San Diego, CA 92132",San Clemente Island WWTP,"Naval Auxiliary Landing Field, San Clemente Island, CA",32.99722,-118.54583,Wastewater Treatment Facility,4952,Los Angeles,4,"DODNPDESWW, REC",Active,NPDES Permit,R4-2024-0182,4B190703003,CA0110175,04/25/2024,07/01/2024,,2029-06-30,0.06,Minor,B,1.0,,,,0.0,39.0,
Chico City,"Po Box 3420, Chico, CA 95927",Chico Water Pollution Control Plant,"4827 Chico River Road, Chico, CA 95927",39.700058,-121.908067,Wastewater Treatment Facility,4952,Butte,5R,"NPDMUNILRG, NPDNONMUNIPRCS, SLIC",Active,NPDES Permit,R5-2022-0033,5A040102001,CA0079081,06/10/2022,08/01/2022,,2027-07-31,8.4,Major,A,1.0,,,,3.0,32.0,
City of Gridley,"685 Kentucky Avenue, Gridley, CA 95948",Gridley WWTF,"East Gridley Place, Gridley, CA 95948",39.36352,-121.65453,Wastewater Treatment Facility,4952,Butte,5R,WDRMUNILRG,Active,WDR,R5-2006-0127,5A040103001,,12/08/2006,12/08/2006,,2016-12-08,1.7,,B,2.0,,,,0.0,0.0,
Richvale Sanitary District,"Po Box 1, Richvale, CA 95974",Richvale WWTF,"Eucalyptus Road, Richvale, CA 95974",39.479464,-121.754444,Wastewater Treatment Facility,4952,Butte,5R,"NPDMUNIOTH, WDRMUNIOTH",Active,Enrollee - WDR,2014-0153-DWQ,5A040105002,,,06/01/2018,,2029-09-23,0.03,Minor,C,3.0,,,,0.0,0.0,
Sewerage Commission Oroville Region,"Po Box 1350, Oroville, CA 95965-1350",Sewerage Commission Oroville Region WWTP,"2880 South 5th Avenue, Oroville, CA 95965",39.4863584,-121.5656332,Wastewater Treatment Facility,4952,Butte,5R,"NPDMUNILRG, SLIC",Active,NPDES Permit,R5-2021-0044,5A040106001,CA0079235,08/13/2021,10/01/2021,,2026-09-30,6.5,Major,A,1.0,,,,2.0,5.0,
Butte Community College District,"3536 Butte Campus Drive, Oroville, CA 95965-8399",Butte College WWTP,"3536 Butte Campus Drive, Oroville, CA 95965",39.650585,-121.649239,Wastewater Treatment Facility,4151(+),Butte,5R,WDRMUNILRG,Active,Enrollee - WDR,2014-0153-DWQ,5A040107001,,12/05/2019,12/05/2019,,2029-12-05,0.049,,B,2.0,,,,0.0,0.0,
Rick & Cathy Bowling,"Po Box 2308, Laguna Hills, CA 92654",Chico Mobile Country Club WWTP,"1901 Dayton Place, Chico, CA 95926",39.70168,-121.84642,Wastewater Treatment Facility,6515(+),Butte,5R,WDRMUNILRG,Active,Enrollee - WDR,2014-0153-DWQ,5A041015001,,,02/24/2017,,2027-03-01,0.05,,B,2.0,,,,0.0,0.0,
Biggs City,"Po Box 307, Biggs, CA 95917",City of Biggs WWTP,"3016 Sixth Street, Biggs, CA 95917",39.413736,-121.710953,Wastewater Treatment Facility,4952,Butte,5R,"NPDMUNIOTH, WDRMUNIOTH",Active,WDR,R5-2020-0008,5A04NC00067,,02/20/2020,02/20/2020,,2030-02-20,0.37,Minor,B,2.0,,,,0.0,0.0,
Arbuckle PUD,"Po Box 207, Arbuckle, CA 95912",Arbuckle WWTP,"Bailey Road, Arbuckle, CA 95912",39.02995,-122.05737,Wastewater Treatment Facility,4952,Colusa,5S,WDRMUNILRG,Active,WDR,93-208,5A060100001,,10/22/1993,10/22/1993,,2003-10-22,0.5,,B,2.0,,,,6.0,52.0,
Colusa City,"425 Webster Street, Colusa, CA 95932",City of Colusa WWTP,"2820 Will S Green Avenue, Colusa, CA 95932",39.197222,-122.283333,Wastewater Treatment Facility,4952,Colusa,5S,"NPDMUNIOTH, REC",Active,NPDES Permit,R5-2022-0020,5A060101001,CA0078999,04/21/2022,06/01/2022,,2027-05-31,0.7,Minor,B,2.0,,,,16.0,83.0,
Williams City,"Po Box 310, Williams, CA 95987",Williams WWTP,"700 B Street, Williams, CA 95987",39.1675,-122.153611,Wastewater Treatment Facility,4952,Colusa,5S,NPDMUNIOTH,Active,Enrollee - NPDES,R5-2023-0025,5A060103001,CAC433345,06/28/2019,08/01/2019,,2028-10-01,0.5,Minor,A,2.0,,,,13.0,82.0,
Maxwell PUD,"Po Box 294, Maxwell, CA 95955",Maxwell PUD WWTF,"Intersection of East Ave and South Ave, Maxwell, CA 95955",39.26831,-122.18388,Wastewater Treatment Facility,4952,Colusa,5S,"NPDMUNIOTH, WDRMUNILRG",Active,WDR,R5-2009-0109,5A06NC00010,,10/08/2009,10/08/2009,,2019-10-07,0.22,Minor,B,2.0,,,,2.0,15.0,
Placerville City,"3101 Center Street, Placerville, CA 95667-5607",Hangtown Creek WRF,"2300 Coolwater Creek Road, Placerville, CA 95667",38.7317504,-120.8476377,Wastewater Treatment Facility,4952,El Dorado,5S,"NPDMUNILRG, SLIC",Active,Enrollee - NPDES,R5-2023-0025,5A090100001,CAC439621,06/19/2020,08/01/2020,,2028-10-01,2.3,Major,B,2.0,,,,8.0,8.0,
El Dorado Irrigation District,"2890 Mosquito Road, Placerville, CA 95667-4700",EID Master Reclamation Permit,"1565 Deer Creek, Cameron Park, CA 95682",38.635166,-120.984315,Wastewater Treatment Facility,4952,El Dorado,5S,WDRMUNILRG,Active,WDR,5-01-146,5A09NC00002,,06/14/2001,06/14/2001,,2011-06-14,4.5,,B,2.0,,,,5.0,9.0,
Willows City,"201 North Lassen Street, Willows, CA 95988",Willows WWTP,"1600 South Tehama, Willows, CA 95988",39.502178,-122.192433,Wastewater Treatment Facility,4952,Glenn,5R,"NPDESWW, NPDMUNILRG, SLIC",Active,Enrollee - NPDES,R5-2023-0025,5A110101001,CAC447786,,10/02/2023,,2028-10-01,1.2,"Major, Minor",A,2.0,,,,2.0,1.0,
Hamilton City CSD,"Po Box 116, Hamilton City, CA 95951",Hamilton City CSD WWTP,"98 Sacramento Avenue, Hamilton City, CA 95951",39.740081,-121.997972,Wastewater Treatment Facility,4952,Glenn,5R,WDRMUNILRG,Active,WDR,R5-1998-081,5A110103001,,04/17/1998,04/17/1998,,2008-04-14,0.5,,B,2.0,,,,0.0,0.0,
Clearlake Oaks Cnty Water Dist,"Po Box 709, Clearlake Oaks, CA 95423",Clearlake Oaks Co WTR Dis WWTP,"13705 Jensen Road, Clearlake Oaks, CA 95423",39.01532,-122.65479,Wastewater Treatment Facility,4952,Lake,SB,"SLIC, WDR, WDRMUNILRG",Active,Co-Permitee,2020-0015-DWQ,5A170100002,,,07/09/2020,,,,,,,,,,2.0,3.0,
"Kelseyville Cnty Waterworks, District 3","230a Main Street, Lakeport, CA 95453",Lake Cnty SD Kelseyville WWD No. 3 Kelseyville WWTF,"4395 Gaddy Lane, Kelseyville, CA 95451",38.99126,-122.83065,Wastewater Treatment Facility,4952,Lake,5S,WDRMUNILRG,Active,WDR,R5-2009-0023,5A170101001,,02/05/2009,02/05/2009,,2019-02-05,0.31,,B,2.0,,,,3.0,16.0,
Lake Cnty,"333 North Second Street 309, Lakeport, CA 95453",Southeast Regional WW System,"2485 Old Hwy 53, Clearlake, CA 95422",38.98605,-122.62709,Wastewater Treatment Facility,4952,Lake,SB,"SLIC, WDR, WDRMUNILRG",Active,Co-Permitee,2020-0015-DWQ,5A170102002,,,07/09/2020,,,,,,,,,,2.0,25.0,
Lakeport City Municipal Sewer District,"225 Park Street, Lakeport, CA 95453",Lakeport City WWTP,"795 Linda Lane, Lakeport, CA 95453",39.01478,-122.92353,Wastewater Treatment Facility,4952,Lake,5S,"WDR, WDRMUNILRG",Active,WDR,R5-2012-0025,5A170103001,,03/30/2012,03/30/2012,,2022-03-30,0.53,,B,2.0,,,,2.0,6.0,
Lake Cnty,"333 North Second Street 309, Lakeport, CA 95453",NW Regional Waste Disp Fac,"1155 Whalen Way, Lakeport, CA 95453",39.11406,-122.92255,Wastewater Treatment Facility,4952,Lake,5S,"WDR, WDRMUNILRG",Active,WDR,5-01-111,5A170104001,,05/11/2001,05/11/2001,,2006-05-11,2.0,,B,2.0,,,,2.0,8.0,
Lake Cnty,"333 North Second Street 309, Lakeport, CA 95453",Middletown STP (SD 2-2),"20126 Hwy 175, Middletown, CA 95461",38.76915,-122.6513,Wastewater Treatment Facility,4952,Lake,5S,"WDR, WDRMUNILRG",Active,WDR,97-249,5A170111001,,12/05/1997,12/05/1997,,2007-12-05,0.15,,B,2.0,,,,2.0,28.0,
Russell Hamel Clear Lake Resort  Services LLC Dba Konocti Harbor Resort,"8727 Soda Bay Road, Kelseyville, CA 95451",Konocti Harbor Resort,"8727 Soda Bay Road, Kelseyville, CA 95451",38.98526,-122.74074,Wastewater Treatment Facility,7011,Lake,5S,WDRMUNILRG,Active,WDR,R5-2002-0157,5A171014002,CA0083551,09/06/2002,10/24/2008,,2023-10-24,0.288,,C,3.0,,,,1.0,1.0,
Hidden Valley Lake CSD,"19400 Hartman Road, Middletown, CA 95467",Hidden Valley Lake WRF,"18896 Grange Road, Middletown, CA 95461",38.77239,-122.56625,Wastewater Treatment Facility,4952,Lake,5S,"WDR, WDRMUNILRG",Active,WDR,5-00-019,5A171034001,,01/27/2000,01/27/2000,,2010-01-27,0.894,,C,2.0,,,,2.0,20.0,
Lassen Co Waterworks Dist #1,"Po Box 363, Bieber, CA 96009",Bieber STP,"East 299 Highway, Bieber, CA 96009",41.115775,-121.137611,Wastewater Treatment Facility,4952,Lassen,5R,"WDRMUNILRG, WDRMUNIOTH",Active,Enrollee - WDR,2014-0153-DWQ,5A180100001,,,07/31/2015,,2031-08-01,0.04,,C,3.0,,,,1.0,1.0,
Westwood CSD,"Po Box 319, Westwood, CA 96137",Westwood STP,"First & Fir Street, Westwood, CA 96137",40.294961,-121.013683,Wastewater Treatment Facility,4952,Lassen,5R,WDRMUNILRG,Active,WDR,R5-2019-0061,5A180102001,,06/07/2019,06/07/2019,,2029-06-07,0.333,,B,2.0,,,,0.0,0.0,
Alturas City,"200 West North Street, Alturas, CA 96101",Alturas Municipal WWTP,"20099 CR 54 Road, Alturas, CA 96101",41.483391,-120.543491,Wastewater Treatment Facility,4952,Modoc,5R,NPDMUNIOTH,Active,NPDES Permit,R5-2020-0004,5A250100001,CA0078921,03/18/2020,04/01/2020,,2024-03-31,0.5,Minor,B,3.0,,,,21.0,218.0,
Napa Berryessa Resort IMP Dist,"1195 Third Street 201, Napa, CA 94559-3092",Napa Berryessa WTF,"1465 Steele Canyon Road, Napa, CA 94558",38.509,-122.197,Wastewater Treatment Facility,4952,Napa,5S,WDRMUNILRG,Active,WDR,R5-2013-0065,5A280103002,,05/31/2013,05/31/2013,,2023-05-30,0.15,,B,2.0,,,,2.0,15.0,
Grass Valley City,"125 East Main Street, Grass Valley, CA 95945-6505",Grass Valley City WWTP,"556 C Freeman Lane, Grass Valley, CA 95949",39.20571,-121.06859,Wastewater Treatment Facility,4952,Nevada,5S,"NPDMUNILRG, SLIC",Active,Enrollee - NPDES,R5-2023-0025,5A290100001,CAG585001,,02/01/2022,,2028-10-01,2.78,Major,A,2.0,,,,19.0,35.0,
Nevada City,"317 Broad Street, Nevada City, CA 95959",Nevada City WWTP,"650 Jordan Street, Nevada City, CA 95959",39.25975,-121.03075,Wastewater Treatment Facility,4952,Nevada,5S,NPDMUNIOTH,Active,NPDES Permit,R5-2022-0039,5A290101001,CA0079901,06/10/2022,08/01/2022,,2027-07-31,0.69,Minor,B,2.0,,,,13.0,59.0,
Nevada CSD No 1,"950 Maidu Avenue, Nevada City, CA 95959",Lake Wildwood WWTP,"12622 Pleasant Valley Road, Penn Valley, CA 95946",39.231055,-121.21842,Wastewater Treatment Facility,4952,Nevada,5S,"NPDMUNILRG, NPDMUNIOTH",Active,Enrollee - NPDES,R5-2023-0025,5A290104001,CAC439953,,08/01/2020,,2028-10-01,0.69,"Major, Minor",B,2.0,,,,9.0,18.0,
Nevada CSD No 1,"950 Maidu Avenue, Nevada City, CA 95959",Lake of the Pines WWTP,"10903 Riata Way, Auburn, CA 95602",39.03414,-121.08119,Wastewater Treatment Facility,4952,Nevada,5S,NPDMUNIOTH,Active,Enrollee - NPDES,R5-2023-0025,5A290104003,CAC439955,,08/01/2020,,2028-10-01,0.72,Minor,B,2.0,,,,11.0,34.0,
Donner Summit Public Utilities District,"Po Box 610, Soda Springs, CA 95728",Donner Summit PUD WWTP,"53823 Sherritt Lane, Soda Springs, CA 96161",39.32606,-120.39329,Wastewater Treatment Facility,4952,Nevada,5S,"NPDMUNIOTH, REC, WDRNONMUNIPRCS",Active,Enrollee - WDR,2016-0068-DDW,5A290105001,,,01/22/2023,,2026-08-05,0.52,Minor,C,3.0,,,,10.0,26.0,
Nevada CSD No 1,"950 Maidu Avenue, Nevada City, CA 95959",Cascade Shores WWTP,"14326 Gas Canyon Road, Nevada City, CA 95959",39.25995,-120.90683,Wastewater Treatment Facility,4952,Nevada,5S,NPDMUNIOTH,Active,Enrollee - NPDES,R5-2023-0025,5A290107002,CAC442921,03/18/2021,04/01/2021,,2028-10-01,0.026,Minor,C,3.0,,,,8.0,19.0,
Colfax City,"Po Box 702, Colfax, CA 95713",City of Colfax WWTP,"23550 Grand View Avenue, Colfax, CA 95713",39.08429,-120.94485,Wastewater Treatment Facility,4952,Placer,5S,NPDMUNIOTH,Active,Enrollee - NPDES,R5-2023-0025,5A310101001,CAG585001,,11/01/2023,,2028-10-01,0.8,Minor,B,1.0,,,,10.0,53.0,
Placer Cnty Dept of Facility Services,"11476 C Avenue, Auburn, CA 95603","Placer Cnty SA No 28, ZONE No.6, Sheridan WWTP","E Street, Sheridan, CA 95486",38.97962,-121.37551,Wastewater Treatment Facility,4952,Placer,5S,"NPDMUNIOTH, WDRMUNILRG",Active,Enrollee - WDR,2014-0153-DWQ,5A310104011,,,12/19/2016,,2021-12-18,0.06,Minor,C,3.0,,,,1.0,3.0,
Roseville City,"2005 Hilltop Circle, Roseville, CA 95747",Dry Creek WWTP,"1800 Booth Road, Roseville, CA 95747",38.73647,-121.313656,Wastewater Treatment Facility,4952,Placer,5S,"NPDMUNILRG, SLIC, WDRMUNIENROTH",Active,Enrollee - NPDES,R5-2023-0025,5A310106001,CAC426201,,10/01/2025,,2030-09-30,18.0,Major,A,1.0,,,,5.0,8.0,
Roseville City,"2005 Hilltop Circle, Roseville, CA 95747",Pleasant Grove WWTP,"5051 Westpark Drive, Roseville, CA 95747",38.78536,-121.37736,Wastewater Treatment Facility,4952,Placer,SB,"NPDMUNILRG, SLIC",Active,Co-Permitee,2020-0015-DWQ,5A310106007,,,07/09/2020,,,,Major,,,,,,3.0,6.0,
United Auburn Indian Community,"10720 Indian Hill Road, Auburn, CA 95603-9403",Thunder Valley Casino WWTP,"1200 Athens Avenue, Lincoln, CA 95648",38.839045,-121.307402,Wastewater Treatment Facility,7011(+),Placer,5S,"NPDESWW, NPDMUNIOTH",Active,Enrollee - NPDES,R5-2023-0025,5A31NP00001,CAC442169,,02/01/2021,,2028-10-01,0.7,Minor,B,2.0,,,,4.0,6.0,
Lincoln-SMD1 Wastewater Authority,"600 Sixth Street, Lincoln, CA 95648",Lincoln City WWTF,"1245 Fiddyment Road, Lincoln, CA 95648",38.897257,-121.335423,Wastewater Treatment Facility,4952,Placer,5S,NPDMUNILRG,Active,NPDES Permit,R5-2024-0024,5A31NP00011,CA0084476,04/19/2024,06/01/2024,,2029-05-31,5.9,Major,A,1.0,,,,3.0,6.0,
Auburn City,"1225 Lincoln Way Room 1, Auburn, CA 95603",Auburn WWTP,"10441 Ophir Road, Auburn, CA 95603",38.883523,-121.107111,Wastewater Treatment Facility,4952,Placer,5S,"NPDMUNILRG, SLIC",Active,Enrollee - NPDES,R5-2023-0025,5A31NP00042,CAC448871,,07/01/2022,,2028-10-01,1.67,"Major, Minor",A,1.0,,,,10.0,36.0,
Chester PUD,"Po Box 503, Chester, CA 96020",Chester STP,"881 First Avenue, Chester, CA 96020",40.298614,-121.227087,Wastewater Treatment Facility,4952,Plumas,5R,NPDMUNIOTH,Active,NPDES Permit,R5-2021-0022,5A320100001,CA0077747,04/22/2021,06/01/2021,,2026-05-30,0.75,Minor,B,2.0,,,,5.0,26.0,
Indian Valley CSD,"Po Box 899, Greenville, CA 95947",Greenville Wastewater Ponds,"Hot Springs Road, Greenville, CA 95947",40.13955,-120.929264,Wastewater Treatment Facility,4952,Plumas,5R,"WDRMUNILRG, WDRMUNIOTH",Active,Enrollee - WDR,2014-0153-DWQ,5A320101001,,,09/16/2025,,2035-09-23,0.049,,C,2.0,,,,0.0,0.0,
Portola City,"Po Box 1225, Portola, CA 96122",Portola WWTP,"120 Main Street, Portola, CA 96122",39.805013,-120.471338,Wastewater Treatment Facility,4952,Plumas,5R,"NPDESWW, NPDMUNIOTH",Active,NPDES Permit,R5-2024-0023,5A320102001,CA0077844,04/19/2024,06/01/2024,,2029-05-31,0.5,Minor,B,2.0,,,,10.0,38.0,
American Valley CSD,"900 Spanish Creek Road, Quincy, CA 95971",American Valley WWTP,"900 Spanish Creek Road, Quincy, CA 95971",39.953802,-120.933363,Wastewater Treatment Facility,4952,Plumas,5R,"NPDMUNILRG, SLIC",Active,NPDES Permit,R5-2024-0008,5A320103001,CA0078981,02/16/2024,04/01/2024,,2029-03-31,1.6,Major,B,1.0,,,,4.0,109.0,
West Almanor Mutual Water Co,"Po Box 1640, Chester, CA 96020",Lake Almanor West,"296 Osprey Loop, Chester, CA 96020",40.234842,-121.202445,Wastewater Treatment Facility,4952,Plumas,5R,WDRMUNILRG,Active,WDR,97-254,5A320104002,,12/05/1997,12/05/1997,,2007-12-01,0.15,,C,2.0,,,,0.0,0.0,
Grizzly Lake CSD,,Delleker WWTP,"73821 Industrial Way, Portola, CA 96122",39.80371,-120.50032,Wastewater Treatment Facility,4952,Plumas,5R,NPDMUNIOTH,Active,NPDES Permit,R5-2019-0052,5A321010001,CA0081744,06/07/2019,08/01/2019,,2024-07-31,0.4,Minor,B,2.0,,,,10.0,284.0,
Whitehawk Ranch Mutual Water Company,"Po Box 147, Clio, CA 96106-0147",Whitehawk Ranch WWTP,"100 Miners Passage, Clio, CA 96106",39.72126,-120.54676,Wastewater Treatment Facility,4952,Plumas,5R,"WDRMUNILRG, WDRMUNIOTH",Active,Enrollee - WDR,2014-0153-DWQ,5A321018001,,,12/09/2015,,2031-12-01,0.025,,C,3.0,,,,0.0,0.0,
Grizzly Ranch CSD,"11777 San Vicente Blvd, #900, Los Angeles, CA 90049-5101",Grizzly Ranch CSD,"4456 Grizzly Road, Portola, CA 96122",39.804167,-120.491389,Wastewater Treatment Facility,4952,Plumas,5R,"NPDMUNIOTH, REC, WDRMUNIENROTH",Active,Enrollee - WDR,2014-0153-DWQ,5A32NC00018,,,06/07/2019,,2029-09-23,0.015,Minor,B,3.0,,,,0.0,0.0,
Sacramento Area Sewer District (SacSewer),,EchoWater Resource Recovery Facility,"8521 Laguna Station Road, Elk Grove, CA 95758",38.44865,-121.46367,Wastewater Treatment Facility,4952,Sacramento,5S,NPDMUNILRG,Active,NPDES Permit,R5-2021-0019-02,5A340108002,CA0077682,04/22/2021,06/01/2021,,2026-05-31,181.0,Major,A,1.0,,,,11.0,13.0,
Sacramento City,"1395 35th Avenue, Sacramento, CA 95822",Sac City Combined WW Collection/TRT Sys,"1395 35th Avenue, Sacramento, CA 95822",38.521584,-121.506797,Wastewater Treatment Facility,4952,Sacramento,5S,"NPDMUNILRG, SLIC",Active,NPDES Permit,R5-2026-0003,5A340114001,CA0079111,02/27/2026,04/01/2026,,2031-03-31,380.0,Major,A,1.0,,,,3.0,11.0,
Sacramento Regional County Sanitation District (Regional San),"8521 Laguna Station Road, Elk Grove, CA 95758-4153",EchoWater Resource Recovery Facility,"8521 Laguna Station Road, Elk Grove, CA 95758",38.44865,-121.46367,Wastewater Treatment Facility,4952,Sacramento,5S,"NPDMUNILRG, REC, SLIC",Active,Enrollee - WDR,2016-0068-DDW,5A34NC00114,,,01/30/2023,,2026-08-05,10.0,Major,C,3.0,,,,11.0,13.0,
Shasta CSA #13,"1855 Placer Street, Redding, CA 96001",Alpine Meadows/Whispering Wood,"Hwy 44, Shingletown, CA 96088",40.49369,-121.87808,Wastewater Treatment Facility,4952,Shasta,5R,WDRMUNILRG,Active,Enrollee - WDR,2014-0153-DWQ,5A450001003,,,06/07/2019,,2029-09-23,0.02,,B,3.0,,,,1.0,1.0,
Shasta CSA #17,"1855 Placer Street, Redding, CA 96001",Cottonwood WWTP,"3425 Live Oak, Cottonwood, CA 96022",40.385314,-122.267358,Wastewater Treatment Facility,4952,Shasta,5R,NPDMUNIOTH,Active,NPDES Permit,R5-2024-0026,5A450001005,CA0081507,04/19/2024,06/01/2024,,2029-05-31,0.43,Minor,B,1.0,,,,9.0,129.0,
Anderson City,"1887 Howard Street, Anderson, CA 96007-3340",Anderson WPCP,"3701 Rupert Road, Anderson, CA 96007",40.466044,-122.280904,Wastewater Treatment Facility,4952,Shasta,5R,"NPDMUNILRG, NPDNONMUNIPRCS, SLIC",Active,NPDES Permit,R5 2025-0011,5A450100001,CA0077704,02/21/2025,04/01/2025,,2029-03-31,2.0,Major,A,1.0,,,,2.0,16.0,
City of Redding,"777 Cypress Avenue, Redding, CA 96001-6071",Clear Creek WWTP,"2220 Metz Road, Anderson, CA 96007",40.502262,-122.369704,Wastewater Treatment Facility,4952,Shasta,5R,"NPDMUNILRG, SLIC",Active,NPDES Permit,R5-2022-0040,5A450103001,CA0079731,06/10/2022,08/01/2022,,2027-07-31,8.8,Major,A,1.0,,,,6.0,24.0,
City of Redding,"777 Cypress Avenue, Redding, CA 96001-6071",Stillwater WWTF,"6475 Airport Road, Anderson, CA 96007",40.4722,-122.294071,Wastewater Treatment Facility,4952,Shasta,5R,"NPDMUNILRG, SLIC",Active,NPDES Permit,R5-2023-0017,5A450103004,CA0082589,04/27/2023,06/01/2023,,2028-05-31,3.4,Major,A,1.0,,,,7.0,23.0,
Shasta Lake City,"Po Box 777, Shasta Lake, CA 96019",Shasta Lake WWTF,"3700 Tibbits Road, Shasta Lake, CA 96019",40.664722,-122.379444,Wastewater Treatment Facility,4952,Shasta,5R,"NPDMUNILRG, SLIC",Active,NPDES Permit,R5-2020-0058,5A450105001,CA0079511,12/22/2020,02/01/2021,,2026-01-31,1.3,Major,A,1.0,,,,8.0,89.0,
Burney WD,"20222 Hudson Street, Burney, CA 96013",Burney STP,"20222 Hudson Street, Burney, CA 96013",40.903303,-121.642831,Wastewater Treatment Facility,4952,Shasta,5R,WDRMUNILRG,Active,WDR,R5-2017-0050,5A450107001,,04/07/2017,04/07/2017,,2027-04-07,0.44,,B,2.0,,,,0.0,0.0,
Fall River Mills CSD,"Po Box 427, Fall River Mills, CA 96028",Fall River Mills STP,"Reynolds Road, Fall River Mills, CA 96028",41.012142,-121.442797,Wastewater Treatment Facility,4952,Shasta,5R,"WDR, WDRMUNILRG, WDRMUNIOTH",Active,Enrollee - WDR,2014-0153-DWQ,5A450117001,,,12/05/2014,,2031-12-02,0.076,,C,3.0,,,,0.0,0.0,
Loyalton City,"210 Front Street, Loyalton, CA 96118",City of Loyalton and Grandi Ranch WWTF,"403 Poole Lane, Loyalton, CA 96118",39.668121,-120.254606,Wastewater Treatment Facility,4952,Sierra,5S,"WDR, WDRMUNILRG",Active,WDR,R5-2009-0108,5A460100001,,10/08/2009,10/08/2009,,2019-10-07,0.1825,,B,2.0,,,,0.0,0.0,
Dunsmuir City,"5915 Dunsmuir Avenue, Dunsmuir, CA 96025",Dunsmuir WWTP,"1100 South First Street, Dunsmuir, CA 96025",41.201809,-122.272443,Wastewater Treatment Facility,4952,Siskiyou,5R,"NPDESWW, NPDMUNIOTH",Active,NPDES Permit,R5-2024-0009,5A470101001,CA0078441,02/16/2024,04/01/2024,,2029-03-31,0.3,Minor,B,1.0,,,,4.0,97.0,
McCloud Community Services District,"Po Box 640, Mccloud, CA 96057",McCloud WWTF,"Squaw Valley Road, Mccloud, CA 96057",41.21955,-122.14451,Wastewater Treatment Facility,4952,Siskiyou,5R,WDRMUNILRG,Active,WDR,R5-2017-0078,5A470102002,,06/09/2017,06/09/2017,,2027-06-09,0.3,,C,2.0,,,,0.0,0.0,
Mt Shasta City,"305 North Mt Shasta Boulevard, Mt Shasta, CA 96067",Mount Shasta WWTP,"2500 Grant Road, Mount Shasta, CA 96067",41.278084,-122.302111,Wastewater Treatment Facility,4952,Siskiyou,5R,NPDMUNIOTH,Active,NPDES Permit,R5-2023-0016,5A470105001,CA0078051,04/27/2023,06/01/2023,,2028-05-31,0.8,Minor,B,1.0,,,,18.0,172.0,
Dixon City PWD,"600 East  A Street, Dixon, CA 95620",Dixon WWTF,"6915 Pedrick Road, Dixon, CA 95620",38.398092,-121.811078,Wastewater Treatment Facility,4952,Solano,SB,"SLIC, WDR, WDRMUNILRG",Active,Co-Permitee,2020-0015-DWQ,5A480101001,,,07/09/2020,,,,,,,,,,0.0,0.0,
Rio Vista City,"3000 Airport Road, Rio Vista, CA 94571",Beach WWTF,"1000 Beach Drive, Rio Vista, CA 94571",38.150105,-121.695111,Wastewater Treatment Facility,4952,Solano,5S,NPDMUNIOTH,Active,NPDES Permit,R5-2024-0054,5A480104001,CA0079588,10/18/2024,12/01/2024,,2029-11-30,0.65,Minor,B,2.0,,,,19.0,73.0,
Vacaville City DPW,"650 Merchant Street, Vacaville, CA 95688",Easterly WWTP,"6040 Vaca Station Road, Elmira, CA 95687",38.345504526656,-121.903859722691,Wastewater Treatment Facility,4952,Solano,5S,"NPDMUNILRG, SLIC",Active,NPDES Permit,R5-2025-0028,5A480105002,CA0077691,06/20/2025,08/01/2025,,2030-07-31,15.0,Major,A,1.0,,,,9.0,22.0,
Rio Vista City,"3000 Airport Road, Rio Vista, CA 94571",Northwest WWTF,"3000 Airport Road, Rio Vista, CA 94571",38.193879,-121.712801,Wastewater Treatment Facility,4952,Solano,5S,"NPDMUNILRG, NPDMUNIOTH, SLIC",Active,NPDES Permit,R5-2021-0004,5A480108001,CA0083771,02/18/2021,04/01/2021,,2026-03-31,3.0,"Major, Minor",B,2.0,,,,8.0,21.0,
Vacaville City DPW,"650 Merchant Street, Vacaville, CA 95688",Gibson Canyon Creek WWTP,"7050 Leasure Town Road, Vacaville, CA 95688",38.351027,-121.993718,Wastewater Treatment Facility,4952,Solano,5S,"LNDISPOTH, NPDMUNIOTH",Active,WDR,R5-2004-0021,5A48SC00002,,02/05/2004,02/05/2004,,2019-02-05,,Minor,B,3.0,,,,0.0,0.0,
Live Oak City,"9955 Live Oak Boulevard, Live Oak, CA 95953",Live Oak City WWTP,"3450 Treatment Road, Live Oak, CA 95953",39.275407,-121.661039,Wastewater Treatment Facility,4952,Sutter,5S,"NPDMUNILRG, SLIC",Active,Enrollee - NPDES,R5-2023-0025,5A510100001,CAC444735,,09/01/2021,,2028-10-01,1.4,Major,B,1.0,,,,7.0,10.0,
Yuba City,"302 Burns Drive, Yuba City, CA 95991",Yuba City WWTF,"302 Burns Drive, Yuba City, CA 95991",39.10729,-121.61249,Wastewater Treatment Facility,4952,Sutter,5S,"NPDMUNILRG, SLIC",Active,NPDES Permit,R5-2024-0055,5A510101001,CA0079260,10/18/2024,01/01/2025,,2029-11-30,10.5,Major,A,1.0,,,,16.0,35.0,
Sutter Cnty DPW,"1130 Civic Center Boulevard, Yuba City, CA 95993",Rio Ramaza WW Disposal Ponds,"South end of Rio Ramaza Drive, Pleasant Grove, CA 95668",38.7414,-121.59509,Wastewater Treatment Facility,4952,Sutter,5S,"WDR, WDRMUNILRG",Active,WDR,88-012,5A510102002,,01/29/1988,01/29/1988,,2003-01-25,0.168,,B,3.0,,,,0.0,0.0,
Corning City,"794 3rd Street, Corning, CA 96021",City of Corning WWTP,"25010 Gardiner Ferry Road, Corning, CA 96021",39.914327,-122.12076,Wastewater Treatment Facility,4952,Tehama,5R,"NPDMUNILRG, SLIC",Active,NPDES Permit,R5-2022-0022,5A520100001,CA0004995,04/21/2022,06/01/2022,,2027-05-31,1.4,Major,A,1.0,,,,3.0,16.0,
Red Bluff City ,"555 Washington Street, Red Bluff, CA 96080",Red Bluff WW Reclamation Plant,"700 Messer Drive, Red Bluff, CA 96080",40.162944,-122.221228,Wastewater Treatment Facility,4952,Tehama,5R,"NPDESWW, NPDMUNILRG, SLIC",Active,NPDES Permit,R5-2023-0048,5A520101001,CA0078891,10/12/2023,12/01/2023,,2028-11-30,2.5,Major,A,1.0,,,,1.0,9.0,
Tehama  Co SD #1,"9380 San Benito Avenue, Gerber, CA 96035",Mineral WWTP,"37735 Hwy 36E, Mineral, CA 96063",40.34833,-121.62444,Wastewater Treatment Facility,4952,Tehama,5R,"NPDESWW, NPDMUNIOTH",Active,NPDES Permit,R5-2023-0040,5A520102001,CA0084069,08/10/2023,10/01/2023,,2027-09-30,0.07,Minor,B,2.0,,,,0.0,0.0,
Rio Alto WD,"22099 River View Drive, Cottonwood, CA 96022",Lake California WWTP,"22099 River View Drive, Cottonwood, CA 96080",40.33475,-122.21147,Wastewater Treatment Facility,4952,Tehama,5R,"NPDMUNIOTH, WDRMUNILRG",Active,WDR,R5-2016-0033,5A520104001,,04/21/2016,04/21/2016,,2026-04-21,0.27,Minor,B,2.0,,,,0.0,0.0,
Gerber-Las Flores CSD,"331 San Benito Avenue, Gerber, CA 96035",Gerber STP,"Levee Road, Gerber, CA 96035",40.09035,-122.1729,Wastewater Treatment Facility,4952,Tehama,5R,WDRMUNILRG,Active,WDR,93-033,5A520105001,,02/26/1993,02/26/1993,,2029-05-15,0.132,,B,2.0,,,,0.0,0.0,
Davis City,"23 Russell Boulevard, Davis, CA 95616",City of Davis WWTP,"45400 County Road 28H, Davis, CA 95776",38.59316,-121.67089,Wastewater Treatment Facility,4952,Yolo,5S,"NPDMUNILRG, SLIC",Active,NPDES Permit,R5-2025-0026,5A570100001,CA0079049,06/20/2025,08/01/2025,,2030-07-31,7.5,Major,A,1.0,,,,7.0,6.0,
Knights Landing Service Dist,"Po Box 548, Knights Landing, CA 95645",Knights Landing CSD WWTP,"1/2 M south of Cnty Rd 116, just east of Knights Landing, Knights Landing, CA 95645",38.78892,-121.71671,Wastewater Treatment Facility,4952,Yolo,5S,"WDR, WDRMUNILRG",Active,WDR,R5-2007-0149,5A570101001,,10/26/2007,10/26/2007,,2017-10-26,0.105,,B,2.0,,,,1.0,0.0,
Madison Service District,"Po Box 40, Madison, CA 95653",Madison WWTF,"9 Hwy 16 & Co Rd 89, Madison, CA 95653",38.67975,-121.96276,Wastewater Treatment Facility,4952,Yolo,5S,"WDR, WDRMUNILRG",Active,WDR,5-00-039,5A570102001,,03/17/2000,03/17/2000,,2010-03-17,0.141,,B,2.0,,,,0.0,0.0,
Winters City,"318 First Street, Winters, CA 95694",Winters WWTF,"201 East Street, Winters, CA 95694",38.54332,-121.9918,Wastewater Treatment Facility,4952,Yolo,5S,"WDR, WDRMUNILRG",Active,WDR,R5-2002-0136,5A570104001,,07/19/2002,07/19/2002,,2012-07-19,0.8,,B,2.0,,,,0.0,0.0,
Woodland City,"655 North Pioneer Avenue, Woodland, CA 95776",Woodland Water Pollution Control Facility,"42929 County Road 24, Woodland, CA 95776",38.66169,-121.7136,Wastewater Treatment Facility,4952,Yolo,5S,"NPDMUNILRG, NPDNONMUNIPRCS, REC, SLIC",Active,NPDES Permit,R5-2026-0004,5A570105001,CA0077950,02/27/2026,04/01/2026,,2031-03-31,10.4,"Major, Minor",A,1.0,,,,13.0,31.0,
Esparto CSD,"Po Box 349, Esparto, CA 95627",Esparto CSD WWTF,"27228 Hwy 16, Esparto, CA 95627",38.68755,-122.00709,Wastewater Treatment Facility,4952,Yolo,5S,"WDR, WDRMUNILRG",Active,WDR,5-01-112,5A570108001,,05/11/2001,05/11/2001,,2011-05-11,0.36,,B,2.0,,,,0.0,0.0,
Yolo Cnty Housing Authority,"147 West Main Street, Woodland, CA 95695",Davis Migrant Center WWTF,"31150 County Road 105, Davis, CA 95618",38.57392,-121.67519,Wastewater Treatment Facility,4952,Yolo,5S,"WDR, WDRMUNILRG",Active,WDR,2014-0153-DWQ,5A570112001,,10/25/2022,10/25/2022,,2037-10-25,0.034,,C,3.0,,,,0.0,0.0,
UC Davis,"One Shields Avenue, Davis, CA 95616",UC Davis Main WWTP,"561 Trotter Way, Davis, CA 95616",38.52227,-121.75569,Wastewater Treatment Facility,4952,Solano,5S,"NPDMUNILRG, SLIC",Active,NPDES Permit,R5-2021-0007,5A570800001,CA0077895,02/18/2021,04/01/2021,,2026-03-31,3.6,Major,A,1.0,,,,10.0,23.0,
California American Water Company Sacramento,"4701 Beloit Drive, Sacramento, CA 95838",Dunnigan WWTF,"5011 Road 7, Dunnigan, CA 95937",38.863889,-121.865278,Wastewater Treatment Facility,4952,Yolo,5S,WDRMUNILRG,Active,WDR,R5-2021-0045,5A571005001,,08/13/2021,08/13/2021,,2031-08-13,0.28,,B,2.0,,,,0.0,0.0,
Yolo Cnty,"625 Court Street 202, Woodland, CA 95695",Wild Wings Water Recycling Facility,"State Hwy 16 & County Rd 94B, Woodland, CA 95695",38.67456,-121.88563,Wastewater Treatment Facility,4952,Yolo,5S,WDRMUNILRG,Active,WDR,R5-2002-0077,5A57NC00004,,04/26/2002,04/26/2002,,2012-04-26,0.101,,B,2.0,,,,0.0,0.0,
Linda Cnty Water District,"1280 Scales Street, Marysville, CA 95901",Linda Cnty Water District WWTP,"909 Myrna Avenue, Marysville, CA 95901",39.0977967,-121.5844613,Wastewater Treatment Facility,4952,Yuba,5S,"NPDMUNILRG, SLIC",Active,NPDES Permit,R5-2022-0070,5A580100002,CA0079651,12/08/2022,02/01/2023,,2028-01-31,5.0,Major,A,2.0,,,,11.0,20.0,
Marysville City,"Po Box 150, Marysville, CA 95901",Marysville WWTP,"1 B122 Johnson Drive, Marysville, CA 95901",39.13541,-121.59346,Wastewater Treatment Facility,4952,Yuba,SB,"SLIC, WDR, WDRMUNILRG",Active,Co-Permitee,2020-0015-DWQ,5A580101001,,,07/09/2020,,,,,,,,,,0.0,0.0,
Olivehurst PUD,"Po Box 670, Olivehurst, CA 95961",Olivehurst WWTP,"3908 Mary Avenue, Olivehurst, CA 95961",39.06506,-121.55068,Wastewater Treatment Facility,4952,Yuba,5S,"NPDMUNILRG, SLIC",Active,NPDES Permit,R5-2021-0024,5A580102001,CA0077836,04/22/2021,06/01/2021,,2026-05-31,3.0,Major,A,2.0,,,,16.0,90.0,
Wheatland City,"313 Main Street, Wheatland, CA 95692",City of Wheatland WWTP,"800 Malone Avenue, Wheatland, CA 95692",38.99865,-121.41521,Wastewater Treatment Facility,4952,Yuba,5S,"WDR, WDRMUNILRG",Active,WDR,91-069,5A580103001,,02/22/1991,02/22/1991,,2001-02-19,0.62,,B,2.0,,,,0.0,0.0,
River Highlands CSD,"915 Eighth Street 125, Marysville, CA 95901",Hammonton Gold Village WWTP,"8204 Platinum Circle, Smartsville, CA 95977",39.1945413,-121.3068047,Wastewater Treatment Facility,4952,Yuba,5S,NPDMUNIOTH,Active,NPDES Permit,R5-2022-0024,5A581007001,CA0081574,04/21/2022,06/01/2022,,2027-05-31,0.026,Minor,C,2.0,,,,10.0,11.0,
Yuba Cnty Motorplex LLC,"Po Box 1387, Marysville, CA 95901",Yuba Cnty Motorplex WWTF,"2793 Forty Mile Road, Marysville, CA 95901",39.04263,-121.4925,Wastewater Treatment Facility,7948,Yuba,5S,WDRMUNILRG,Active,WDR,5-00-076,5A581009001,,03/17/2000,03/17/2000,,2010-03-17,0.575,,B,2.0,,,,0.0,0.0,
US Air Force Beale Air Force Base CES/CEAN,"6601 B Street, Beale Afb, CA 95903-1708",Beale AFB WWTP,"6451 B, Beale Air Force Base, CA 95903",39.08873,-121.42396,Wastewater Treatment Facility,9711,Yuba,5S,"DODNPDESWW, NPDMUNILRG, WDRMUNILRG",Active,WDR,R5-2019-0086,5A58NC00037,,12/05/2019,12/05/2019,,2029-12-05,0.1,Major,B,2.0,,,,0.0,1.0,
Kirkwood Meadows PUD,"Po Box 247, Kirkwood, CA 95646",Kirkwood Meadows WWTF,"33540 Loop Road, Kirkwood, CA 95646",38.69093,-120.07189,Wastewater Treatment Facility,4952,Alpine,5S,"WDR, WDRMUNILRG",Active,WDR,R5-2007-0125,5B020101002,,09/14/2007,09/14/2007,,2017-09-14,0.19,,B,2.0,,,,0.0,0.0,
"Bear Valley Water District (Bear Valley, CA)","P.O. Box 5027, Bear Valley, CA 95223",Bear Valley WWTF,"441 Creekside Drive, Bear Valley, CA 95223",38.45584,-120.0362,Wastewater Treatment Facility,4952,Alpine,5S,"NPDMUNIOTH, WDR, WDRMUNILRG",Active,NPDES Permit,R5-2022-0037,5B02NP00001,CA0085146,06/10/2022,08/01/2022,,2027-07-31,0.5,Minor,A,2.0,,,,0.0,2.0,
Jackson Rancheria Development Corporation,"P O Box 1090, Jackson, CA 95642",Ione WWTF,"1600 West Marlette Street, Ione, CA 95640",38.35085,-120.95776,Wastewater Treatment Facility,4952,Amador,5S,WDRMUNILRG,Active,WDR,R5-2013-0022,5B030102001,,04/11/2013,04/11/2013,,2023-04-11,0.5,,B,2.0,,,,0.0,7.0,
Jackson City,"33 Broadway, Jackson, CA 95642",City of Jackson WWTP,"39 North Highway 49-88, Jackson, CA 95642",38.3442278,-120.784045,Wastewater Treatment Facility,4952,Amador,5S,NPDMUNIOTH,Active,Enrollee - NPDES,R5-2023-0025,5B030103001,CAC455508,,01/01/2024,,2029-12-31,0.71,Minor,A,1.0,,,,6.0,10.0,
Sutter Creek City,"18 Main Street, Sutter Creek, CA 95685",Sutter Creek WWTP,"18 Main Street, Sutter Creek, CA 95685",38.39478,-120.81578,Wastewater Treatment Facility,4952,Amador,5S,"WDR, WDRMUNILRG",Active,WDR,94-152,5B030104001,,05/20/1994,05/20/1994,,2004-05-20,0.48,,B,2.0,,,,0.0,0.0,
Amador Water Agency,"12800 Ridge Road, Sutter Creek, CA 95685-9630",Plymouth WWTP,"7784 Old Sacramento Road, Plymouth, CA 95669",38.48185,-120.84466,Wastewater Treatment Facility,4952,Amador,5S,WDRMUNILRG,Active,WDR,R5-2011-0092,5B030106001,,12/01/2011,12/01/2011,,2021-12-01,0.185,,B,2.0,,,,0.0,0.0,
Amador Water Agency,"12800 Ridge Road, Sutter Creek, CA 95685-9630",CSA 3-Lake Camanche WWTP,"2710 Curran Road, Ione, CA 95640",38.24955,-120.94998,Wastewater Treatment Facility,4952,Amador,5S,"REC, WDRMUNILRG",Active,WDR,5-01-033,5B031010001,,01/26/2001,01/26/2001,,2011-01-26,0.281,,B,2.0,,,,0.0,0.0,
Ione City,"1 Main Street, Ione, CA 95640",Ione WWTF,"1600 West Marlette Street, Ione, CA 95640",38.35085,-120.95776,Wastewater Treatment Facility,4952,Amador,5S,"WDR, WDRMUNIENROTH, WDRMUNILRG",Active,Enrollee - WDR,2004-0012-DWQ,5B03NC00042,,,10/07/2013,,2018-10-06,,,C,3.0,,,,0.0,7.0,
Plymouth City,"Po Box 429, Plymouth, CA 95669",Plymouth WWTP,"7784 Old Sacramento Road, Plymouth, CA 95669",38.48185,-120.84466,Wastewater Treatment Facility,4952,Amador,5S,"REC, WDR, WDRMUNILRG",Active,Enrollee - WDR,2016-0068-DDW,5B03NC00048,,,03/09/2016,,2021-03-08,,,C,3.0,,,,0.0,0.0,
East Bay MUD (EBMUD),"1804 West Main Street, Stockton, CA 95203",Camanche North Shore WWTP,"2000 Camanche, Ione, CA 95640",38.239166,-120.954238,Wastewater Treatment Facility,4952,Amador,5S,"WDR, WDRMUNILRG, WDRMUNIOTH",Active,Enrollee - WDR,2014-0153-DWQ,5B03NC00053,,,06/12/2020,,2029-09-23,0.032,,C,3.0,,,,0.0,0.0,
Mokelumne Hill SD,"Po Box 209, Mokelumne Hill, CA 95245",Mokelumne Hill WWTF,"8970 Old Toll Road, Mokelumne Hill, CA 95245",38.30411,-120.71657,Wastewater Treatment Facility,4952,Calaveras,5S,"WDR, WDRMUNILRG",Active,WDR,91-098,5B050101001,,04/26/1991,04/26/1991,,2001-04-22,0.15,,B,2.0,,,,0.0,0.0,
Murphys SD,"90 Big Trees Road B, Murphys, CA 95247",Murphys WWTF,"735 Six Mile Road, Murphys, CA 95247",38.12669,-120.4616,Wastewater Treatment Facility,4952,Calaveras,5S,"WDR, WDRMUNILRG",Active,WDR,5-00-264,5B050102001,,12/08/2000,12/08/2000,,2023-05-31,0.45,,B,2.0,,,,0.0,0.0,
San Andreas SD,"P.O. Box 1630, San Andreas, CA 95249",San Andreas SD WWTP,"675 Gold Oak Road, San Andreas, CA 95249",38.210833,-120.705556,Wastewater Treatment Facility,4952,Calaveras,5S,"NPDMUNIOTH, SLIC",Active,NPDES Permit,R5-2024-0025,5B050103001,CA0079464,04/19/2024,06/01/2024,,2029-05-31,1.5,Minor,A,1.0,,,,3.0,6.0,
Calaveras Cnty Water District,"Po Box 846, San Andreas, CA 95249",Copper Cove WWRF,"5130 Kiva Place, Copperopolis, CA 95228",37.908333,-120.623611,Wastewater Treatment Facility,4952,Calaveras,5S,"WDR, WDRMUNILRG",Active,WDR,R5-2010-0070,5B050105001,,05/27/2010,05/27/2010,,2020-05-27,0.35,,B,2.0,,,,0.0,0.0,
Calaveras Cnty Water District,"Po Box 846, San Andreas, CA 95249",Forest Meadows WWT & RP,"1040 Forest Meadows Drive, Murphys, CA 95247",38.16368,-120.41881,Wastewater Treatment Facility,4952,Calaveras,5S,"WDR, WDRMUNILRG",Active,WDR,5-00-066,5B050107004,,03/17/2000,03/17/2000,,2010-03-17,0.19,,B,2.0,,,,0.0,0.0,
Calaveras Cnty Water District,"Po Box 846, San Andreas, CA 95249",La Contenta WWT & RF,"1525 Campbell Court, Valley Springs, CA 95252",38.179325,-120.817575,Wastewater Treatment Facility,4952,Calaveras,5S,"WDR, WDRMUNIENROTH, WDRMUNILRG",Active,WDR,R5-2013-0133-01,5B051012001,,10/04/2013,10/04/2013,,2023-10-04,0.2,,B,2.0,,,,0.0,0.0,
Rite of Passage,"10400 Fricot City Road, San Andreas, CA 95249",Sierra Ridge WWTP,"Fricot City Rd, Off Hwy 49, San Andreas, CA 95249",38.19603,-120.68049,Wastewater Treatment Facility,4952,Calaveras,5S,"WDR, WDRMUNILRG",Active,WDR,5-01-056,5B051013001,,03/16/2001,03/16/2001,,2011-03-16,0.011,,B,2.0,,,,0.0,0.0,
Calaveras Cnty Water District,"Po Box 846, San Andreas, CA 95249",Arnold WWTP,"3294 Hwy 4, Arnold, CA 95223",38.22533,-120.36967,Wastewater Treatment Facility,4952,Calaveras,5S,"WDR, WDRMUNILRG",Active,Enrollee - WDR,2014-0153-DWQ,5B05NC00022,,,01/20/2016,,2021-01-19,0.1,,B,3.0,,,,0.0,0.0,
Calaveras Cnty Water District,"Po Box 846, San Andreas, CA 95249",Copper Cove WWRF,"5130 Kiva Place, Copperopolis, CA 95228",37.92487,-120.635969,Wastewater Treatment Facility,4952,Calaveras,5S,NPDMUNIOTH,Active,NPDES Permit,R5-2023-0013,5B05NP00001,CA0084620,04/27/2023,06/01/2023,,2028-05-31,0.95,Minor,B,2.0,,,,1.0,6.0,
Angels City,"Po Box 667, Angels, CA 95370",Angels City WWTP,"3000 Centennial Road, Angels Camp, CA 95222",38.09449,-120.53717,Wastewater Treatment Facility,4952,Calaveras,5S,"NPDMUNIOTH, WDR, WDRMUNILRG",Active,NPDES Permit,R5-2022-0038,5B05NP00007,CA0085201,06/10/2022,08/01/2022,,2027-07-31,0.6,Minor,B,3.0,,,,3.0,14.0,
Calaveras Cnty Water District,"Po Box 846, San Andreas, CA 95249",Forest Meadows WWRP,"1040 Forest Meadows Drive, Murphys, CA 95247",38.16368,-120.41881,Wastewater Treatment Facility,4952,Calaveras,5S,NPDMUNIOTH,Active,NPDES Permit,R5-2024-0067,5B05NP00014,CA0085278,12/13/2024,02/01/2025,,2030-01-31,0.19,Minor,C,2.0,,,,0.0,0.0,
Brentwood City,"2251 Elkins Way, Brentwood, CA 94513",Brentwood WWTP,"2251 Elkins Way, Brentwood, CA 94513",37.95792,-121.68634,Wastewater Treatment Facility,4952,Contra Costa,5S,"NPDMUNILRG, REC, SLIC",Active,NPDES Permit,R5-2024-0020,5B070101001,CA0082660,04/19/2024,06/01/2024,,2029-05-31,5.0,Major,B,2.0,,,,10.0,42.0,
Byron Sanitary District,"7995 Bruns Avenue, Byron, CA 94514",Byron Sanitary District WWTF,"4200 Camino Diablo Road, Byron, CA 94514",37.86694,-121.61733,Wastewater Treatment Facility,4952,Contra Costa,5S,"WDR, WDRMUNILRG",Active,WDR,R5-2009-0002,5B070102002,,02/05/2009,02/05/2009,,2019-02-05,0.1,,B,2.0,,,,0.0,0.0,
Town of Discovery Bay CSD,"1800 Willow Lake Road, Discovery Bay, CA 94505",Discovery Bay WWTP,"Ship Channel Rd, North of Highway 4 and West of Old River, Discovery Bay, CA 94514",37.8145,-121.6169,Wastewater Treatment Facility,4952,Contra Costa,5S,"NPDMUNILRG, SLIC",Active,NPDES Permit,R5-2024-0068,5B070105003,CA0078590,12/13/2024,02/01/2025,,2030-01-31,2.35,Major,A,2.0,,,,7.0,24.0,
Ironhouse Sanitary District,"450 Walnut Meadows Drive, Oakley, CA 94561",Ironhouse WWTF,"450 Walnut Meadows Drive, Oakley, CA 94561",38.00115,-121.7023,Wastewater Treatment Facility,4952,Contra Costa,5S,"NPDMUNILRG, REC, SLIC, WDR, WDRMUNILRG",Active,NPDES Permit,R5-2024-0038,5B07NP00013,CA0085260,06/21/2024,08/01/2024,,2029-07-31,4.3,Major,A,1.0,,,,3.0,10.0,
El Dorado Irrigation District,"2890 Mosquito Road, Placerville, CA 95667-4700",Deer Creek WWTP,"1565 Deer Creek Road, Cameron Park, CA 95682",38.62947,-120.98715,Wastewater Treatment Facility,4952,El Dorado,5S,"NPDMUNILRG, SLIC",Active,Enrollee - NPDES,R5-2023-0025,5B090102001,CAC433255,08/23/2024,10/01/2024,,2029-09-30,3.6,Major,A,1.0,,,,5.0,7.0,
El Dorado Irrigation District,"2890 Mosquito Road, Placerville, CA 95667-4700",El Dorado Hills WWTP,"4625 Latrobe Road, El Dorado Hills, CA 95762",38.63735,-121.06022,Wastewater Treatment Facility,4952,El Dorado,SB,"NPDMUNILRG, SLIC",Active,Co-Permitee,2020-0015-DWQ,5B090102005,,,07/09/2020,,,,Major,,,,,,1.0,2.0,
County of Fresno,"2220 Tulare Street 6th Floor, Fresno, CA 93721",Fresno Cnty Juvenile Justice WWTF,"3333 American Avenue, Fresno, CA 93725",36.65705556,-119.7313889,Wastewater Treatment Facility,4952,Fresno,5F,WDRMUNILRG,Active,WDR,R5-2007-0150,5B10NC00011,,10/26/2007,10/26/2007,,2012-10-26,0.12,,A,2.0,,,,1.0,155.0,
Fresno County Water Works District No. 18,"17836 Friant Road, Friant, CA 93626",Friant Ranch WWTF,"15755 North Friant Road, Friant, CA 93626",36.96814,-119.72973,Wastewater Treatment Facility,4952,Fresno,5F,WDRMUNILRG,Active,WDR,R5-2013-0160,5B10NC00059,,12/06/2013,12/06/2013,,2023-12-06,0.4,,B,3.0,,,,0.0,0.0,
Tesoro Viejo Master Mutual Water Company,"7020 North Van Ness Boulevard, Fresno, CA 93711",Tesoro Viejo WWTP,"NW Corner Avenue 14 and Espienada, Madera, CA 93636",36.95449,-119.78866,Wastewater Treatment Facility,9511,Madera,SB,"SLIC, WDRMUNILRG",Active,Co-Permitee,2020-0015-DWQ,5B20NC00105,,,07/09/2020,,,,,,,,,,0.0,6.0,
Madera County Public Works Department - Special Districts,"200 West 4th Street, Madera, CA 93637",Madera Cnty #19-Parkwood WWTF,"Georgia Avenue and Watt Street, Madera, CA 93637",36.931183,-120.050997,Wastewater Treatment Facility,6552,Madera,5F,"WDRMUNILRG, WDRMUNIOTH",Active,Enrollee - WDR,2014-0153-DWQ,5B20NC00127,,,08/08/2024,,2029-09-23,0.09,,B,2.0,,,,0.0,0.0,
Planada CSD,"Po Box 905, Planada, CA 95365",Planada WWTF,"8597 East Toews, Planada, CA 95365",37.27692,-120.33191,Wastewater Treatment Facility,4952,Merced,5F,"NPDMUNIOTH, WDRMUNILRG",Active,WDR,R5-2013-0021,5B24NC00303,,04/11/2013,04/11/2013,,2023-04-11,0.58,Minor,B,2.0,,,,0.0,6.0,
Atwater City,"750 Bellevue Road, Atwater, CA 95301",Atwater Regional WWTF,"530 South Bert Crane Road, Atwater, CA 95340",37.276,-120.63126,Wastewater Treatment Facility,,Merced,SB,"NPDMUNILRG, SLIC, WDRNONMUNIPRCS",Active,Co-Permitee,2020-0015-DWQ,5B24NP00017,,,07/09/2020,,,,Major,,,39018.0,,,0.0,7.0,
Galt City,"495 Industrial Drive, Galt, CA 95632-2039",Galt WWTP & Reclamation Facility,"10059 Twin Cities Road, Galt, CA 95632",38.29794,-121.32752,Wastewater Treatment Facility,4952(+),Sacramento,5S,"NPDMUNILRG, SLIC, WDRMUNILRG",Active,Enrollee - NPDES,R5-2023-0025,5B340101001,CAC443249,07/01/2021,07/01/2021,,2028-10-01,4.5,Major,A,1.0,,,,11.0,37.0,
Isleton City,"210 Jackson Boulevard, Isleton, CA 95641",Isleton WWTP,"210 Jackson Boulevard, Isleton, CA 95641",38.15911,-121.58991,Wastewater Treatment Facility,4952,Sacramento,5S,"WDR, WDRMUNILRG",Active,WDR,90-186,5B340103001,,06/22/1990,06/22/1990,,2000-06-19,0.43,,B,2.0,,,,1.0,1.0,
Rancho Murieta CSD,"Po Box 1050, Rancho Murieta, CA 95683",Rancho Murieta CSD WWT & Rec,"15160 Jackson Road, Rancho Murieta, CA 95683",38.490532,-121.088797,Wastewater Treatment Facility,4952,Sacramento,5S,"REC, WDRMUNILRG",Active,WDR,R5-2014-0149,5B340109001,,12/04/2014,12/04/2014,,2024-12-04,2.4,,B,2.0,,,,1.0,1.0,
Ca Dept of Corrections & Rehabilitation,"9838 Old Placerville Road B, Sacramento, CA 95827",Deuel Vocational Institution,"23500 Kasson Road, Tracy, CA 95304",37.750556,-121.326389,Wastewater Treatment Facility,4952(+),San Joaquin,5S,"NPDMUNIOTH, NPDNONMUNIPRCS, UST",Active,Enrollee - NPDES,R5-2022-0006-02,5B390100001,CAG995002,,02/24/2025,,2027-03-31,0.06,Minor,C,3.0,,,,3.0,12.0,
Escalon City,"2060 Mchenry Avenue, Escalon, CA 95320",Escalon Treatment Plant,"25100 West River Road, Escalon, CA 95320",37.75659,-121.00295,Wastewater Treatment Facility,4952,San Joaquin,SB,"SLIC, WDR, WDRMUNILRG",Active,Co-Permitee,2020-0015-DWQ,5B390101001,,,07/09/2020,,,,,,,,,,0.0,0.0,
Lockeford CSD,"Po Box Z, Lockeford, CA 95237-0809",Lockeford CSD WWTP,"17725 North Tully Road, Lockeford, CA 95237",38.14495,-121.13579,Wastewater Treatment Facility,4952,San Joaquin,5S,"WDR, WDRMUNILRG",Active,WDR,R5-2007-0179,5B390102002,,12/06/2007,12/06/2007,,2017-12-06,0.3,,B,2.0,,,,0.0,0.0,
Lodi City,"221 West Pine Street, Lodi, CA 95240",White Slough Water Pollution Control Facility,"12751 North Thornton Road, Lodi, CA 95242",38.094431,-121.381226,Wastewater Treatment Facility,1799,San Joaquin,5S,"NPDMUNILRG, SLIC, WDRMUNILRG, WDRNONMUNIPRCS",Active,WDR,R5-2025-0046,5B390103002,,08/22/2025,08/22/2025,,2035-08-22,8.5,Major,B,2.0,,,,18.0,103.0,
Manteca City,"1001 West Center Street, Manteca, CA 95337",City of Manteca WW Quality Control Facility,"2450 West Yosemite Avenue, Manteca, CA 95337",37.79559,-121.26001,Wastewater Treatment Facility,4952,San Joaquin,5S,"NPDMUNILRG, SLIC, WDRMUNILRG",Active,NPDES Permit,R5-2021-0003,5B390104001,CA0081558,02/18/2021,04/01/2021,,2026-03-31,9.87,Major,A,1.0,,,,8.0,25.0,
Ripon City,"259 North Wilma Avenue, Ripon, CA 95366",Ripon Industrial & Domestic TP,"1220 Vera Avenue, Ripon, CA 95366",37.72919,-121.132976,Wastewater Treatment Facility,4952,San Joaquin,SB,"SLIC, WDR, WDRMUNILRG",Active,Co-Permitee,2020-0015-DWQ,5B390105001,,,07/09/2020,,,,,,,,,,0.0,0.0,
Stockton City,"2500 Navy Drive, Stockton, CA 95206",Wastewater Recovery Center,"2500 Navy Drive, Stockton, CA 95206",37.936547,-121.329178,Wastewater Treatment Facility,4952(+),San Joaquin,5S,"NPDMUNILRG, SLIC",Active,NPDES Permit,R5-2025-0027,5B390107001,CA0079138,06/20/2025,08/01/2025,,2030-07-31,55.0,Major,A,1.0,,,,21.0,140.0,
Tracy City,"3900 Holly Drive, Tracy, CA 95304",Tracy WWTP,"3900 Holly Drive, Tracy, CA 95304",37.76519,-121.42489,Wastewater Treatment Facility,4952,San Joaquin,5S,"NPDMUNILRG, SLIC, WDRMUNILRG, WDRNONMUNIPRCS",Active,NPDES Permit,R5-2022-0073,5B390108001,CA0079154,12/09/2022,02/01/2023,,2028-01-31,10.8,Major,A,1.0,,,,12.0,39.0,
Woodbridge Sanitary District,"19720 Benedict Drive, Woodbridge, CA 95258",Woodbridge SD-Sewage Treatment,"19720 Benedict Drive, Woodbridge, CA 95258",38.16545,-121.31718,Wastewater Treatment Facility,4952,San Joaquin,5S,"WDR, WDRMUNILRG",Active,WDR,93-213,5B390109001,,10/22/1993,10/22/1993,,2003-10-20,0.5,,B,2.0,,,,0.0,0.0,
San Joaquin Cnty Housing Authority,"Po Box 447, Stockton, CA 95201",Thornton Farm Labor Camp,"26188 North Manor Drive, Thornton, CA 95686",38.21928,-121.42736,Wastewater Treatment Facility,6514,San Joaquin,5S,"WDR, WDRMUNILRG",Active,WDR,94-101,5B390112001,,04/22/1994,04/22/1994,,2004-09-13,0.115,,B,2.0,,,,0.0,0.0,
"US Dept of Defense, Defense Logistics Agency","Po Box 960001, Stockton, CA 95296-0250","DDJC, Tracy - WWTP, Stormwater","25600 North Chrisman Road, Tracy, CA 95304",37.7221,-121.39726,Wastewater Treatment Facility,9711,San Joaquin,5S,WDRMUNILRG,Active,WDR,96-122,5B390701004,,05/03/1996,05/03/1996,,2011-05-02,0.5,,B,3.0,,,,0.0,0.0,
San Joaquin Cnty,"Po Box 1810, Stockton, CA 95201",CSA 15 - STP,"4327 Waterloo Road, Stockton, CA 95215",37.99875,-121.25142,Wastewater Treatment Facility,4952,San Joaquin,5S,"WDR, WDRMUNILRG",Active,WDR,94-264,5B391008002,,09/16/1994,09/16/1994,,2004-09-13,0.125,,B,2.0,,,,0.0,0.0,
Mountain House City,"251 East Main Street, Mountain House, CA 95391",Mountain House WWTP,"251 East Mountain House Road, Mountain House, CA 95391",37.785348,-121.51968,Wastewater Treatment Facility,4952,San Joaquin,5S,NPDMUNILRG,Active,NPDES Permit,R5-2023-0033,5B391078003,CA0084271,06/22/2023,08/01/2023,,2028-07-31,3.0,Major,A,1.0,,,,11.0,84.0,
Leprino Foods Company,"Po Box 173400, Denver, CO 80217-2200",Tracy WWTP,"3900 Holly Drive, Tracy, CA 95304",37.76519,-121.42489,Wastewater Treatment Facility,4952,San Joaquin,5S,WDRMUNILRG,Active,WDR,R5-2007-0038,5B39NC00164,,05/04/2007,05/04/2007,,2012-05-04,16.0,,A,1.0,,,,12.0,39.0,
Lathrop City,"390 Towne Centre Drive, Lathrop, CA 95330",City of Lathrop Consolidated Treatment Facility,"18800 Christopher Way, Lathrop, CA 95330",37.79504,-121.28658,Wastewater Treatment Facility,4952,San Joaquin,5S,"NPDMUNILRG, REC, SLIC, WDRMUNILRG",Active,NPDES Permit,R5-2022-0004,5B39NP00085,CA0085359,02/17/2022,04/01/2022,,2027-03-31,2.5,Major,A,1.0,,,,7.0,42.0,
Patterson City,"33 South Del Puerto Avenue, Patterson, CA 95363",City of Patterson WQCF,"14901 Poplar Avenue, Patterson, CA 95363",37.49636,-121.09183,Wastewater Treatment Facility,4952,Stanislaus,SB,"NPDMUNILRG, SLIC, WDRMUNILRG",Active,Co-Permitee,2020-0015-DWQ,5B50NC00002,,,07/09/2020,,,,Major,,,,,,2.0,5.0,
Modesto City,"Po Box 642, Modesto, CA 95353",North Valley Regional Recycled Water Program - Modesto WWTP & Turlock RWQCF,"1221 Sutter Avenue, Modesto, CA 95351",37.61373,-121.01177,Wastewater Treatment Facility,4952,Stanislaus,5S,NPDMUNILRG,Active,NPDES Permit,R5-2022-0034,5B50NP00031,CA0085316,06/10/2022,08/01/2022,,2027-07-31,20.0,Major,A,1.0,,,,13.0,65.0,
Tuolumne Utilities District,"Po Box 372844, Sonora, CA 95370",Twain Harte WWTP,"22363 Longeway Road, Twain Harte, CA 95370",38.030985,-120.256779,Wastewater Treatment Facility,4952,Tuolumne,5F,WDRMUNILRG,Active,WDR,86-021,5B55NC00004,,01/24/1986,01/24/1986,,2001-01-24,0.5,,B,3.0,,,,0.0,0.0,
Firebaugh City,"1575 Eleventh Street, Firebaugh, CA 93622",Firebaugh WWTF,"8000 Helm Canal Road, Firebaugh, CA 93622",36.839007,-120.437363,Wastewater Treatment Facility,4952,Fresno,5F,WDRMUNILRG,Active,WDR,98-230,5C100103001,,12/11/1998,12/11/1998,,2008-12-08,0.5,,A,2.0,,,,1.0,48.0,
County of Fresno,"2220 Tulare Street 6th Floor, Fresno, CA 93721",Fresno Cnty #41-Shaver Lake WWTF,"Solitude, Shaver Lake, CA 93664",37.08325,-119.3446389,Wastewater Treatment Facility,4952,Fresno,5F,WDRMUNILRG,Active,WDR,95-264,5C100106002,,12/08/1995,12/08/1995,,2005-12-05,1.46,,A,2.0,,,,2.0,1.0,
County of Fresno,"2220 Tulare Street 6th Floor, Fresno, CA 93721",Fresno Cnty #34-Millerton New Town WWTF,"Brighton Crest, Friant, CA 93626",36.97347222,-119.6657222,Wastewater Treatment Facility,4952,Fresno,5F,WDRMUNILRG,Active,WDR,R5-2008-0127,5C100106003,,07/31/2008,07/31/2008,,2018-07-31,0.709,,B,2.0,,,,1.0,0.0,
County of Fresno,"2220 Tulare Street 6th Floor, Fresno, CA 93721",Fresno Cnty #31B-Shaver Lake WWTF,"39360 Solitude Lane, Shaver Lake, CA 93664",37.08325,-119.3446389,Wastewater Treatment Facility,4952,Fresno,5F,WDRMUNILRG,Active,WDR,95-263,5C100106004,,12/08/1995,12/08/1995,,2005-12-05,0.23,,A,2.0,,,,1.0,1.0,
Southern California Edison,"2244 Walnut Grove Avenue, Rosemead, CA 91770",Big Creek Powerhouse No 1 WWTF,"Spruce Avenue, Big Creek, CA 93605",37.202222,-119.243889,Wastewater Treatment Facility,4952,Fresno,5F,"NPDMUNIOTH, WDRMUNIENROTH",Active,Enrollee - WDR,2014-0153-DWQ,5C102009001,CA0079545,,07/06/2015,,2020-07-06,0.023,Minor,C,3.0,,,,0.0,0.0,
Ca Dept of Mental Health,"1600 9th Street 250, Sacramento, CA 95814",Coalinga State Hospital WWTF,"West Jayne Avenue, Coalinga, CA 93210",36.13729,-120.23248,Wastewater Treatment Facility,8063(+),Fresno,5F,WDRMUNILRG,Active,WDR,R5-2013-0055,5C10NC00045,,05/31/2013,05/31/2013,,2023-05-31,0.4,,B,2.0,,,,1.0,73.0,
Reedley City,"845 G Street, Reedley, CA 93654",Reedley WWTF,"1701 West Huntsman, Reedley, CA 93654",36.58189,-119.46542,Wastewater Treatment Facility,4952,Fresno,SB,"NPDMUNILRG, SLIC, WDRMUNILRG",Active,Co-Permitee,2020-0015-DWQ,5C10NC00167,,,07/09/2020,,,,Major,,,,,,0.0,25.0,
Clovis City,"908 Villa Avenue, Clovis, CA 93612",Clovis WWTF,"9700 East Ashlan Avenue, Clovis, CA 93619",36.79481,-119.61455,Wastewater Treatment Facility,,Fresno,5F,"NPDMUNILRG, SLIC",Active,NPDES Permit,R5-2024-0036,5C10NP00012,CA0085235,06/21/2024,08/01/2024,,2029-07-31,2.8,Major,B,2.0,,,,2.0,34.0,
Ca Dept of Corrections & Rehabilitation,"9838 Old Placerville Road B, Sacramento, CA 95827",Kern Valley State Prison WWTF,"3000 West Cecil Avenue, Delano, CA 93215",35.76656,-119.31754,Wastewater Treatment Facility,4952(+),Kern,5F,WDRMUNILRG,Active,WDR,R5-2007-0090,5C15NC00056,,06/22/2007,06/22/2007,,2017-06-22,0.77,,A,2.0,,,,0.0,1.0,
North of River SD #1,"5001 Olive Drive, Bakersfield, CA 93308",North of River WWTF,"28970 7th Standard Road, Shafter, CA 93264",35.452888,-119.345684,Wastewater Treatment Facility,4952,Kern,SB,"SLIC, WDRMUNILRG",Active,Co-Permitee,2020-0015-DWQ,5C15NC00090,,,07/09/2020,,,,,,,,,,0.0,0.0,
Taft City,"Po Box 413, Taft, CA 93268",Taft WWTF,"Airport, Taft, CA 93268",35.15011,-119.42701,Wastewater Treatment Facility,4952,Kern,SB,"NPDESWW, NPDMUNIOTH, SLIC, WDRMUNILRG",Active,Co-Permitee,2020-0015-DWQ,5C15NC00095,,,07/09/2020,,,,Minor,,,,,,0.0,71.0,
Tejon Castac Water District,,Tejon Industrial Complex East WWTF,"Near Wheeler Ridge road and 1st Street, Lebec, CA 93243",34.84164,-118.86482,Wastewater Treatment Facility,4952,Kern,5F,WDRMUNILRG,Active,WDR,R5-2011-0066,5C15NC00128,,10/13/2011,10/13/2011,,2021-10-13,0.2,,B,2.0,,,,0.0,0.0,
Tejon Castac Water District,,Tejon Mountain Village,"1401 Crane Canyon, Lebec, CA 93243",34.82881,-118.8565,Wastewater Treatment Facility,,Kern,5F,WDRMUNILRG,Active,WDR,R5-2019-0085,5C15NC00247,,12/06/2019,12/06/2019,,2029-12-06,,,B,2.0,,,,0.0,0.0,
Bear Valley CSD,"28999 South Lower Valley Road, Tehachapi, CA 93561",Bear Valley CSD WWTF,"29951 North Lower Valley Road, Tehachapi, CA 93561",35.16531,-118.6662,Wastewater Treatment Facility,4952,Kern,5F,"NPDMUNIOTH, WDRMUNILRG",Active,WDR,R5-2024-0005,5C15NC00279,,02/16/2024,02/16/2024,,2034-02-16,0.25,Minor,B,2.0,,,,0.0,32.0,
Chowchilla City,"130 South 2nd Street, Chowchilla, CA 93610",Chowchilla WWTF,"Ave 24 1/2 & Rd 16, Chowchilla, CA 93610",37.10552,-120.25674,Wastewater Treatment Facility,4952,Madera,SB,"SLIC, WDRMUNILRG",Active,Co-Permitee,2020-0015-DWQ,5C200100001,,,07/09/2020,,,,,,,,,,1.0,12.0,
Madera City,"205 West 4th Street, Madera, CA 93637",Madera WWTF,"13048 Road 21 1/2, Madera, CA 93637",36.93969,-120.15693,Wastewater Treatment Facility,4952,Madera,5F,"SLIC, WDRMUNILRG",Active,WDR,R5-2022-0074,5C200101001,,12/08/2022,12/08/2022,,2032-12-08,7.0,,B,2.0,,,,1.0,83.0,
Madera County Public Works Department - Special Districts,"200 West 4th Street, Madera, CA 93637",Madera Cnty #2-Bass Lake WWTF,"40601 Road 274, Bass Lake, CA 93604",37.338596,-119.581827,Wastewater Treatment Facility,4952,Madera,SB,"SLIC, WDRMUNILRG",Active,Co-Permitee,2020-0015-DWQ,5C200102001,,,07/09/2020,,,,,,,,,,1.0,48.0,
Madera County Public Works Department - Special Districts,"200 West 4th Street, Madera, CA 93637",Madera Cnty #22A-Oakhurst WWTF,"48382 Black Oak River Road, Oakhurst, CA 93644",37.3284,-119.66704,Wastewater Treatment Facility,4952,Madera,5F,"NPDMUNIOTH, WDRMUNILRG",Active,WDR,97-015,5C200102006,,01/24/1997,01/24/1997,,2007-01-24,0.25,Minor,A,2.0,,,,2.0,148.0,
Ca Dept of Corrections Chowchilla,"Po Box 1501, Chowchilla, CA 93610",CDC CCWF & VSP WWTF,"23370 Road 22, Chowchilla, CA 93610",37.09036,-120.14971,Wastewater Treatment Facility,4952(+),Madera,5F,WDRMUNILRG,Active,WDR,93-235,5C200800001,,12/03/1993,12/03/1993,,2003-12-01,1.454,,A,2.0,,,,0.0,12.0,
Madera County Service Area # 22C Zone of Benefit C,,Gunner Ranch Water Reclamation Plant,"39522 Ave 9, Madera, CA 93636",36.87468,-119.81741,Wastewater Treatment Facility,4952,Madera,5F,WDRMUNILRG,Active,WDR,R5-2019-0084,5C201026001,,12/05/2019,12/05/2019,,2029-12-05,0.25,,B,2.0,,,,0.0,0.0,
Merced Irrigation District,,McSwain Rec Area WWTF,"9090 Lake McClure Road, Snelling, CA 95369",37.522547,-120.300564,Wastewater Treatment Facility,7999,Mariposa,5F,"WDRMUNIENROTH, WDRMUNILRG",Active,Enrollee - WDR,97-010-DWQ,5C220100003,,,01/10/2014,,2029-01-10,0.15,,B,3.0,,,,0.0,0.0,
USDI National Park Service Yosemite National Park,"Po Box 700, El Portal, CA 95318",El Portal WWTF,"5083 Foresta Road BLDG 750, El Portal, CA 95318",37.66838,-119.81175,Wastewater Treatment Facility,4952,Mariposa,5F,"NPDMUNILRG, NPDNONMUNIPRCS, SLIC",Active,Enrollee - NPDES,R5-2022-0006-02,5C220701002,CA0081759,,02/13/2026,,2031-02-13,0.45,"Major, Minor",C,3.0,,,,2.0,107.0,
USDI National Park Service Yosemite National Park,"Po Box 700, El Portal, CA 95318",Wawona WWTF,"4004 Chilnualna Falls Road, Yosemite National Park, CA 95389",37.54332,-119.6517,Wastewater Treatment Facility,4952,Mariposa,5F,"NPDMUNIOTH, WDRMUNIOTH",Active,Enrollee - WDR,2014-0153-DWQ,5C220701004,CAG995002,,08/31/2018,,2029-09-23,0.1,Minor,C,3.0,,,,0.0,0.0,
Mariposa Cnty DPW,"4639 Ben Hur Road, Mariposa, CA 95338",Yosemite West MD WWTF,"7168 Yosemite Park Way, Yosemite, CA 95389",37.65637,-119.72624,Wastewater Treatment Facility,4952,Mariposa,5F,WDRMUNILRG,Active,WDR,99-004,5C221002001,,04/30/1999,04/30/1999,,2009-04-27,0.1,,B,2.0,,,,0.0,0.0,
Mariposa PUD,"Po Box 494, Mariposa, CA 95338",Mariposa WWTP,"4956 Miller Road, Mariposa, CA 95338",37.479169,-119.959518,Wastewater Treatment Facility,4952,Mariposa,5F,NPDMUNIOTH,Active,Enrollee - NPDES,R5-2023-0025,5C221012001,CAC441902,,04/01/2021,,2028-10-01,0.61,Minor,B,2.0,,,,3.0,11.0,
DNC Parks & Resorts at Tenya Inc,"40 Fountain Plaza, Buffalo, NY 14202",Tenaya Lodge WWTP,"1122 Hwy 41, Fish Camp, CA 93623",37.47817,-119.63914,Wastewater Treatment Facility,4952,Mariposa,5F,"WDRMUNILRG, WDRMUNIOTH",Active,Enrollee - WDR,2014-0153-DWQ,5C221018001,,,08/09/2017,,2027-08-09,0.078,,B,2.0,,,,0.0,34.0,
Delhi CWD,"Po Box 639, Delhi, CA 95315",Delhi WWTF,"8668 Pinewood Street, Delhi, CA 95315",37.4148,-120.75625,Wastewater Treatment Facility,4952,Merced,5F,WDRMUNILRG,Active,WDR,R5-2015-0053,5C240101001,,04/17/2015,04/17/2015,,2025-04-17,0.8,,A,2.0,,,,0.0,0.0,
Dos Palos City,"2174 Blossom Street, Dos Palos, CA 93620",Dos Palos WWTF,"Swift Avenue, Dos Palos, CA 93620",36.98841,-120.6829,Wastewater Treatment Facility,4952,Merced,5F,"NPDESWW, WDRMUNILRG",Active,WDR,92-094,5C240102001,,05/29/1992,05/29/1992,,2002-05-28,0.54,Minor,A,2.0,,,,1.0,35.0,
Gustine City,"682 Third Avenue, Gustine, CA 95322-0016",Gustine WWTF,"26501 Carnation Road, Gustine, CA 95322",37.25295,-120.96484,Wastewater Treatment Facility,4952,Merced,SB,"NPDMUNILRG, SLIC, WDRMUNILRG",Active,Co-Permitee,2020-0015-DWQ,5C240103002,,,07/09/2020,,,,Major,,,,,,2.0,177.0,
Hilmar CWD,"Po Box 446, Hilmar, CA 95324",Hilmar CWD WWTF,"Nr Griffith & Williams, Hilmar, CA 95324",37.38664,-120.81392,Wastewater Treatment Facility,4952,Merced,5F,WDRMUNILRG,Active,WDR,99-077,5C240104002,,06/11/1999,06/11/1999,,2009-06-08,0.3,,B,2.0,,,,0.0,130.0,
Le Grand CSD,"13039 Jefferson Street, Le Grand, CA 95333",Le Grand WWTF,"5529 McKee Street, Le Grand, CA 95333",37.207015,-120.253036,Wastewater Treatment Facility,4952,Merced,5F,WDRMUNILRG,Active,WDR,97-053,5C240105001,,03/28/1997,03/28/1997,,2007-03-26,0.35,,B,2.0,,,,1.0,0.0,
Livingston City,"1416 C Street, Livingston, CA 95334",Livingston Domestic WWTF,"7160 North Gallo Road, Livingston, CA 95334",37.3931511,-120.7536461,Wastewater Treatment Facility,4952,Merced,SB,"SLIC, WDRMUNILRG",Active,Co-Permitee,2020-0015-DWQ,5C240106002,,,07/09/2020,,,,,,,,,,1.0,17.0,
Los Banos City,"520 J Street, Los Banos, CA 93635",Los Banos WWTF,"17963 West Henry Miller Avenue, Los Banos, CA 93635",37.085219,-120.814612,Wastewater Treatment Facility,4952,Merced,5F,"SLIC, WDRMUNILRG",Active,WDR,R5-2021-0026,5C240107001,,04/22/2021,04/22/2021,,2031-04-22,4.9,,B,2.0,,,,1.0,14.0,
Merced City,"678 West 18th Street, Merced, CA 95340",Merced WWTF,"10260 Gove Road, Merced, CA 95340",37.25455,-120.52594,Wastewater Treatment Facility,4952,Merced,5F,"NPDMUNILRG, SLIC",Active,NPDES Permit,R5-2026-0005,5C240108001,CA0079219,02/27/2026,04/01/2026,,2031-03-31,12.0,Major,A,2.0,,,,3.0,33.0,
Franklin CWD,"2126 North Drake Avenue, Merced, CA 95348",Franklin WWTF,"2126 North Drake Avenue, Merced, CA 95348",37.31903,-120.52354,Wastewater Treatment Facility,4952,Merced,5F,WDRMUNILRG,Active,WDR,89-171,5C240109001,,09/22/1989,09/22/1989,,1999-09-20,0.4,,A,2.0,,,,1.0,22.0,
Snelling CSD,"Po Box 323, Snelling, CA 95369",Snelling WWTF,"Hwy 59, Snelling, CA 95369",37.520705,-120.4466835,Wastewater Treatment Facility,4952,Merced,5F,WDRMUNILRG,Active,WDR,85-155,5C240111001,,06/28/1985,06/28/1985,,1995-06-26,0.3,,B,2.0,,,,0.0,0.0,
Santa Nella CWD,"12931 South Hwy 33, Santa Nella, CA 95322",Santa Nella WWTF,"29300 Bayview Road, Santa Nella, CA 95322",37.10061,-121.02239,Wastewater Treatment Facility,4952,Merced,5F,WDRMUNILRG,Active,WDR,88-104,5C240113001,,06/24/1988,06/24/1988,,1998-06-22,0.45,,B,2.0,,,,0.0,1.0,
Ceres City,"2220 Magnolia Street, Ceres, CA 95307",Ceres WWTP,"4200 Morgan, Ceres, CA 95307",37.5796,-120.96723,Wastewater Treatment Facility,4952,Stanislaus,SB,"SLIC, WDRMUNILRG",Active,Co-Permitee,2020-0015-DWQ,5C500100001,,,07/09/2020,,,,,,,,,,0.0,0.0,
Hughson City,"Po Box 9, Hughson, CA 95326",Hughson WWTF,"6700 Leedom Road, Hughson, CA 95326",37.62185,-120.87046,Wastewater Treatment Facility,4952,Stanislaus,SB,"SLIC, WDRMUNILRG",Active,Co-Permitee,2020-0015-DWQ,5C500101002,,,07/09/2020,,,,,,,,,,1.0,2.0,
Modesto City,"Po Box 642, Modesto, CA 95353",City of Modesto WQCF,"1221 Sutter Avenue, Modesto, CA 95351",37.613764,-121.011772,Wastewater Treatment Facility,4952,Stanislaus,5S,"NPDMUNILRG, SLIC",Active,Enrollee - NPDES,R5-2023-0025,5C500102001,CAC448536,,08/01/2022,,2028-10-01,19.1,Major,A,1.0,,,,1.0,7.0,
Newman City,"1162 Main Street, Newman, CA 95360-0787",City of Newman WWTF,"2600 Hills Ferry Road, Newman, CA 95360",37.332757,-120.99154,Wastewater Treatment Facility,4952,Stanislaus,SB,"SLIC, WDRMUNILRG",Active,Co-Permitee,2020-0015-DWQ,5C500103001,,,07/09/2020,,,,,,,,,,2.0,9.0,
Oakdale City,"455 South Fifth Avenue, Oakdale, CA 95361",Oakdale WWTF,"9700 Liberini Avenue, Oakdale, CA 95361",37.77598,-120.86713,Wastewater Treatment Facility,4952,Stanislaus,SB,"SLIC, WDRMUNILRG",Active,Co-Permitee,2020-0015-DWQ,5C500104001,,,07/09/2020,,,,,,,,,,1.0,2.0,
Riverbank City,"6707 Third Street, Riverbank, CA 95367",Riverbank WWTP,"23865 South Santa Fe Road, Riverbank, CA 95367",37.74459,-120.94579,Wastewater Treatment Facility,4952,San Joaquin,SB,"SLIC, WDRMUNILRG",Active,Co-Permitee,2020-0015-DWQ,5C500106002,,,07/09/2020,,,,,,,,,,2.0,11.0,
Salida Sanitary District,"Po Box 445, Salida, CA 95368",Salida WWTP,"6200 Pirrone Road, Salida, CA 95368",37.72739,-121.10156,Wastewater Treatment Facility,4952,Stanislaus,SB,"SLIC, WDRMUNILRG",Active,Co-Permitee,2020-0015-DWQ,5C500107001,,,07/09/2020,,,,,,,,,,0.0,0.0,
Turlock City,"156 South Broadway 270, Turlock, CA 95380","Turlock City, Turlock Regional Water Quality Control Facility","901 South Walnut Road, Turlock, CA 95380",37.481169,-120.867218,Wastewater Treatment Facility,4952,Stanislaus,5S,"NPDMUNILRG, REC, SLIC",Active,NPDES Permit,R5-2021-0005,5C500108001,CA0078948,02/18/2021,04/01/2021,,2026-03-31,20.0,Major,A,1.0,,,,3.0,17.0,
Grayson CSD,"Po Box 158, Westley, CA 95387",Grayson Comm Serv Dist WTF,"River Road, Grayson, CA 95363",37.57481,-121.17843,Wastewater Treatment Facility,4952,Stanislaus,5S,WDRMUNILRG,Active,WDR,93-088,5C500110001,,06/25/1993,06/25/1993,,2003-06-23,0.1,,B,2.0,,,,0.0,0.0,
Westley Community Service District,"Po Box 206, Westley, CA 95387",Westley Comm Sewage Trt Fac,"Westley, CA 95387",37.54938,-121.1991,Wastewater Treatment Facility,4952,Stanislaus,5S,WDRMUNILRG,Active,WDR,93-087,5C500111001,,06/25/1993,06/25/1993,,2003-06-23,0.11,,B,2.0,,,,2.0,12.0,
Waterford City,"Po Box 199, Waterford, CA 95386",Waterford WWTP,"335 South Western Avenue, Waterford, CA 95386",37.63348,-120.76674,Wastewater Treatment Facility,4952,Stanislaus,SB,"SLIC, WDRMUNILRG",Active,Co-Permitee,2020-0015-DWQ,5C500113001,,,07/09/2020,,,,,,,,,,1.0,3.0,
Ca Dept of Forestry Springville,"Po Box 648, Springville, CA 93265",Mountain Home Conservation Camp,"45260 Bear Creek, Springville, CA 93265",36.23766,-118.68545,Wastewater Treatment Facility,9223,Tulare,5F,"NPDMUNIOTH, WDRMUNIENROTH",Active,Enrollee - WDR,97-010-DWQ,5C54NC00299,,01/23/2009,01/23/2009,,2024-01-23,0.0001,Minor,B,3.0,,,,0.0,0.0,
Groveland CSD,"Po Box 350, Groveland, CA 95321-0350",Groveland WWTF,"18966 Ferretti Road, Groveland, CA 95321",37.84458,-120.22898,Wastewater Treatment Facility,4952,Tuolumne,5F,WDRMUNILRG,Active,WDR,87-121,5C550100001,,06/26/1987,06/26/1987,,1997-06-23,0.15,,B,2.0,,,,1.0,26.0,
Jamestown SD,"Po Box 247, Jamestown, CA 95327",Jamestown Sanitary District Wastewater Treatment Facilities,"10190 Karlee Lane, Jamestown, CA 95327",37.93175,-120.42976,Wastewater Treatment Facility,4952,Tuolumne,5F,"SLIC, WDRMUNILRG",Active,WDR,R5-2021-0046,5C550101001,,08/13/2021,08/13/2021,,2031-08-13,1.01,,B,2.0,,,,0.0,2.0,
Tuolumne City SD,"Po Box 1238, Tuolumne, CA 95379",Tuolumne City WWTP,"18050 Box Factory Road, Tuolumne, CA 95379",37.955025,-120.246063,Wastewater Treatment Facility,4952,Tuolumne,5F,WDRMUNILRG,Active,WDR,R5-2019-0058,5C550104001,,06/07/2019,06/07/2019,,2029-06-07,,,B,2.0,,,,0.0,0.0,
Tuolumne Utilities District,"Po Box 372844, Sonora, CA 95370",Sonora Regional WWTF,"1400 Southgate, Sonora, CA 95370",37.966394,-120.388012,Wastewater Treatment Facility,4952,Tuolumne,5F,"SLIC, WDRMUNILRG",Active,WDR,R5-2024-0016,5C550106004,,04/19/2024,04/19/2024,,2034-04-19,2.5,,B,2.0,,,,0.0,0.0,
Pinecrest Permit Assoc & US Forest Service,"Po Box 1248, Pinecrest, CA 95364",Pinecrest WWTP,"Forest Service Rd 4N11, Pinecrest, CA 95346",38.17148,-120.00164,Wastewater Treatment Facility,4952,Tuolumne,5F,WDRMUNILRG,Active,WDR,5-01-061,5C550106006,,03/16/2001,03/16/2001,,2011-03-16,0.17,,B,2.0,,,,0.0,1.0,
USDI National Park Service Yosemite National Park,"Po Box 700, El Portal, CA 95318",Tuolumne Meadows WWTF,"Toulomne Mdw, Yosemite Natl Park, CA 95321",37.79724,-119.8608,Wastewater Treatment Facility,4952(+),Tuolumne,5F,WDRMUNILRG,Active,WDR,92-015,5C550700001,,01/24/1992,01/24/1992,,2002-01-21,0.1,,B,2.0,,,,0.0,0.0,
Ca Dept of Corrections & Rehabilitation,"9838 Old Placerville Road B, Sacramento, CA 95827",Sierra Conservation CTR-WWTP-1 (NON15),"5100 O'Byrnes Ferry, Jamestown, CA 95327",37.893591,-120.551725,Wastewater Treatment Facility,4952(+),Tuolumne,5F,WDRMUNILRG,Active,WDR,5-01-017,5C550801001,,01/26/2001,01/26/2001,,2011-01-26,0.6,,B,2.0,,,,1.0,4.0,
Biola CSD,"Po Box 57, Biola, CA 93606",Biola WWTF,"Howard Road, Biola, CA 93606",36.80018,-120.02492,Wastewater Treatment Facility,4952,Fresno,5F,WDRMUNILRG,Active,WDR,96-288,5D100100001,,12/06/1996,12/06/1996,,2011-12-03,0.2,,B,2.0,,,,1.0,39.0,
Coalinga City,"155 West Durian Avenue, Coalinga, CA 93210",Coalinga WWTF,"South of Los Gatos Creek, 1000 Feet East of Wartham Creek, CA",36.14357,-120.338,Wastewater Treatment Facility,4952,Fresno,5F,WDRMUNILRG,Active,WDR,94-184,5D100101001,,06/24/1994,06/24/1994,,2004-06-21,0.93,,B,2.0,,,,1.0,48.0,
Selma-Kings-Fowler CSD,"Po Box 158, Kingsburg, CA 93631",SKF CSD WWTF,"11301 Conejo, Kingsburg, CA 93631",36.517963,-119.587906,Wastewater Treatment Facility,4952,Fresno,SB,"SLIC, WDRMUNILRG",Active,Co-Permitee,2020-0015-DWQ,5D100104001,,,07/09/2020,,,,,,,,,,2.0,49.0,
Fresno City Department of Public Utilities,"2101 G Street Bldg A, Fresno, CA 93706-1620",Fresno Regional WWTF,"5607 Jensen, Fresno, CA 93706",36.70638,-119.890539,Wastewater Treatment Facility,4952,Fresno,SB,"SLIC, WDRMUNILRG",Active,Co-Permitee,2020-0015-DWQ,5D100105001,,,07/09/2020,,,,,,,,,,0.0,0.0,
Huron City,"Po Box 339, Huron, CA 93234",Huron WWTF,"16100 9th Street, Huron, CA 93234",36.206021,-120.10357,Wastewater Treatment Facility,4952,Fresno,SB,"SLIC, WDRMUNILRG",Active,Co-Permitee,2020-0015-DWQ,5D100107001,,,07/09/2020,,,,,,,,,,1.0,40.0,
Kerman City,"850 South Madera Avenue, Kerman, CA 93630",Kerman WWTF,"15480 Church, Kerman, CA 93630",36.712629,-120.201032,Wastewater Treatment Facility,4952,Fresno,SB,"SLIC, WDRMUNILRG",Active,Co-Permitee,2020-0015-DWQ,5D100108001,,,07/09/2020,,,,,,,,,,1.0,28.0,
Mendota City,"643 Quince Street, Mendota, CA 93640",Mendota WWTF,"3699 Bass Avenue, Mendota, CA 93640",36.76875,-120.36786,Wastewater Treatment Facility,4952,Fresno,SB,"SLIC, WDRMUNILRG",Active,Co-Permitee,2020-0015-DWQ,5D100109001,,,07/09/2020,,,,,,,,,,1.0,56.0,
Orange Cove City,"633 Sixth Street, Orange Cove, CA 93646",Orange Cove WWTF,"1805 Monson Avenue, Orange Cove, CA 93646",36.60686,-119.33601,Wastewater Treatment Facility,4952,Fresno,SB,"SLIC, WDRMUNILRG",Active,Co-Permitee,2020-0015-DWQ,5D100110001,,,07/09/2020,,,,,,,,,,0.0,41.0,
Riverdale PUD,"20945 Haslam, Riverdale, CA 93656",Riverdale WWTF,"20896 Malsbary, Riverdale, CA 93656",36.43186,-119.86139,Wastewater Treatment Facility,4952,Fresno,5F,WDRMUNILRG,Active,WDR,R5-2018-0028,5D100114001,,04/06/2018,04/06/2018,,2028-04-06,0.325,,B,2.0,,,,1.0,17.0,
Sanger City,"1700 7th Street, Sanger, CA 93657",Sanger WWTF,"333 North, Parlier, CA 93648",36.64588,-119.53989,Wastewater Treatment Facility,4952,Fresno,SB,"SLIC, WDRMUNILRG",Active,Co-Permitee,2020-0015-DWQ,5D100115001,,,07/09/2020,,,,,,,,,,2.0,132.0,
San Joaquin City,"Po Box 758, San Joaquin, CA 93660",San Joaquin WWTF,"23599 Manning, San Joaquin, CA 93660",36.60311,-120.19741,Wastewater Treatment Facility,4952,Fresno,5F,WDRMUNILRG,Active,WDR,R5-2007-0100,5D100116001,,08/02/2007,08/02/2007,,2017-08-02,0.5,,B,2.0,,,,0.0,19.0,
Tranquillity PUD,"Po Box 622, Tranquillity, CA 93668",Tranquillity WWTF,"1 South Leeve Road, Tranquillity, CA 93668",36.65329,-120.23979,Wastewater Treatment Facility,4952,Fresno,5F,"WDRMUNILRG, WDRMUNIOTH",Active,Enrollee - WDR,2014-0153-DWQ,5D100117001,,,06/17/2021,,2029-09-23,0.1,,B,3.0,,,,0.0,0.0,
Parlier City,"1100 East Parlier Avenue, Parlier, CA 93646",Parlier WWTF,"1101 East Parlier Avenue, Parlier, CA 93648",36.5991,-119.567715,Wastewater Treatment Facility,4952,Fresno,SB,"SLIC, WDRMUNILRG",Active,Co-Permitee,2020-0015-DWQ,5D100118001,,,07/09/2020,,,,,,,,,,0.0,254.0,
Caruthers CSD,"Po Box 218, Caruthers, CA 93609",Caruthers WWTF,"Clemenseau and Marks, Caruthers, CA 93609",36.5364,-119.85251,Wastewater Treatment Facility,4952,Fresno,5F,WDRMUNILRG,Active,WDR,R5-2014-0137,5D100121001,,10/10/2014,10/10/2014,,2024-10-10,0.37,,A,2.0,,,,0.0,0.0,
Laton CSD,"6501 East Latonia Street, Laton, CA 93242",Laton WWTF,"6331 Dewoody, Laton, CA 93242",36.43476,-119.68459,Wastewater Treatment Facility,4952,Fresno,5F,WDRMUNILRG,Active,WDR,R5-2016-0079,5D100123001,,10/14/2016,10/14/2016,,2026-10-14,0.2,,B,2.0,,,,0.0,126.0,
Malaga CWD,"3580 South Frank Street, Fresno, CA 93725",Malaga CWD WWTF,"3749 South Maple Avenue, Fresno, CA 93725",36.680154,-119.745713,Wastewater Treatment Facility,4952,Fresno,SB,"NPDMUNILRG, SLIC, WDRMUNILRG",Active,Co-Permitee,2020-0015-DWQ,5D100124001,,,07/09/2020,,,,Major,,,,,,0.0,4.0,
Del Rey CSD,"Po Box 186, Del Rey, CA 93616",Del Rey WWTF,"11495 American, Del Rey, CA 93616",36.663215,-119.5831,Wastewater Treatment Facility,4952,Fresno,5F,WDRMUNILRG,Active,WDR,96-284,5D100128003,,12/06/1996,12/06/1996,,2006-12-04,0.2,,A,2.0,,,,1.0,2.0,
Ca Dept of Corrections Coalinga,"24863 West Jayne Avenue, Coalinga, CA 93210",Pleasant Valley State Prison WWTF,"24863 West Jayne Avenue, Coalinga, CA 93210",36.137222,-120.243421,Wastewater Treatment Facility,9223(+),Fresno,5F,WDRMUNILRG,Active,WDR,R5-2016-0092,5D100805001,,12/06/2016,12/06/2016,,2026-12-06,0.63,,B,2.0,,,,1.0,29.0,
Hume Lake Chistian Camps,"64144 Hume Lake Road, Hume, CA 93628",Hume Lake WWTF,"64144 Hume Lake, Hume, CA 93628",36.78771,-118.91349,Wastewater Treatment Facility,4952(+),Fresno,5F,WDRMUNILRG,Active,WDR,R5-2012-0125,5D101112001,,12/07/2012,12/07/2012,,2022-12-07,0.275,,B,2.0,,,,0.0,0.0,
County of Fresno,"2220 Tulare Street 6th Floor, Fresno, CA 93721",Fresno Cnty #47-Quail Lake WWTF,"4121 Quail Lake Drive, Clovis, CA 93611",36.7957557,-119.6007306,Wastewater Treatment Facility,4952,Fresno,5F,WDRMUNILRG,Active,WDR,96-120,5D101122001,,05/03/1996,05/03/1996,,2006-05-01,0.16,,B,2.0,,,,0.0,0.0,
Fresno City Department of Public Utilities,"2101 G Street Bldg A, Fresno, CA 93706-1620",North Fresno WWRF,"1660 East Copper Avenue, Fresno, CA 93720",36.89566,-119.7526,Wastewater Treatment Facility,4952,Fresno,5F,WDRMUNILRG,Active,WDR,R5-2014-0162,5D101129001,,12/05/2014,12/05/2014,,2024-12-05,0.71,Minor,B,2.0,,,,0.0,34.0,
Bakersfield City,"6901 Mccutchen Road, Bakersfield, CA 93313",Bakersfield WWTP #2,"1700 Planz, Bakersfield, CA 93307",35.32496,-118.98541,Wastewater Treatment Facility,4952,Kern,SB,"SLIC, WDR, WDRMUNILRG",Active,Co-Permitee,2020-0015-DWQ,5D150100001,,,07/09/2020,,,,,,,,,,1.0,2.0,
Bakersfield City,"6901 Mccutchen Road, Bakersfield, CA 93313",Bakersfield WWTP #3,"6901 McCutchen Road, Bakersfield, CA 93313",35.281561,-119.074431,Wastewater Treatment Facility,4952,Kern,SB,"SLIC, WDRMUNILRG",Active,Co-Permitee,2020-0015-DWQ,5D150100002,,,07/09/2020,,,,,,,,,,0.0,0.0,
Buttonwillow CWD,"Po Box 874, Buttonwillow, CA 93206",Buttonwillow WWTF,"Sullivan Road - 1 1/2 Miles East off Buttonwillow Drive, Buttonwillow, CA 93206",35.40976,-119.46051,Wastewater Treatment Facility,4952,Kern,5F,WDRMUNILRG,Active,WDR,R5-2009-0123,5D150101001,,12/10/2009,12/10/2009,,2019-12-10,0.2,,B,2.0,,,,0.0,475.0,
Delano City,"725 South Lexington Street, Delano, CA 93215",Delano WWTF,"1107 Lytle Road, Delano, CA 93216",35.770228,-119.303253,Wastewater Treatment Facility,4952,Kern,SB,"SLIC, WDRMUNILRG",Active,Co-Permitee,2020-0015-DWQ,5D150102001,,,07/09/2020,,,,,,,,,,0.0,6.0,
Kern Cnty Eng & Surveying Services Dept,"2700 M Street 570, Bakersfield, CA 93301-2370",Kern Co CSA 40-Pine Mountain Club,"2524 Beechwood, Frazier Park, CA 93225",34.85534,-119.16129,Wastewater Treatment Facility,6552,Kern,5F,WDRMUNILRG,Active,WDR,75-235,5D150103001,,10/24/1975,10/24/1975,,1990-10-20,0.385,,C,3.0,,,,0.0,0.0,
Kern Sanitation Authority,"4101 Kimber Avenue, Bakersfield, CA 93307",Kern Sanitation Authority WWTF,"Hwy 58 & Quantico, Bakersfield, CA",35.35213,-118.95876,Wastewater Treatment Facility,4952,Kern,SB,"SLIC, WDRMUNILRG",Active,Co-Permitee,2020-0015-DWQ,5D150105001,,,07/09/2020,,,,,,,,,,0.0,0.0,
Kern County Public Works Department,"2700 M Street Suite 400, Bakersfield, CA 93301-2372",Kern Cnty Sheriff's Lerdo WWTF,"17824 Quality Road, Bakersfield, CA 93308",35.50525,-119.11562,Wastewater Treatment Facility,4952(+),Kern,5F,"REC, WDRMUNILRG",Active,WDR,R5-2018-0014,5D150106001,,04/05/2018,04/05/2018,,2028-04-05,0.5,,B,2.0,,,,0.0,1.0,
Arvin City,"18500 Rancho Drive, Arvin, CA 93203",Arvin WWTF,"North Rancho Drive, Arvin, CA 93203",35.1864,-118.84748,Wastewater Treatment Facility,4952,Kern,SB,"SLIC, WDR, WDRMUNILRG",Active,Co-Permitee,2020-0015-DWQ,5D150107001,,,07/09/2020,,,,,,,,,,5.0,25.0,
Lamont PUD,"8624 Segrue Road, Lamont, CA 93241",Lamont WWTF,"6525 East Bear Mountain Road, Lamont, CA 93307",35.20866,-118.93225,Wastewater Treatment Facility,4952,Kern,5F,"SLIC, WDRMUNILRG",Active,WDR,R5-2022-0059,5D150108001,,10/14/2022,10/14/2022,,2032-10-14,2.0,,B,2.0,,,,0.0,42.0,
McFarland City,"401 West Kern Alley, Mcfarlnd, CA 93250",McFarland WWTF,"12941 Melcher  Road, Mcfarland, CA 93250",35.68274,-119.27844,Wastewater Treatment Facility,4952,Kern,SB,"SLIC, WDRMUNILRG",Active,Co-Permitee,2020-0015-DWQ,5D150109001,,,07/09/2020,,,,,,,,,,1.0,175.0,
Lost Hills Utility District,"Po Box 246, Lost Hills, CA 93249",Lost Hills WWTF,"21331 Hwy 46, Lost Hills, CA 93249",35.620158128572,-119.683133744821,Wastewater Treatment Facility,4952,Kern,5F,WDRMUNILRG,Active,WDR,87-113,5D150114001,,06/26/1987,06/26/1987,,2002-06-23,0.2,,B,3.0,,,,1.0,93.0,
Tehachapi City,"115 South Robinson Street, Tehachapi, CA 93561",Tehachapi WWTF,"750 Enterprise Way, Tehachapi, CA 93561",35.138333,-118.455556,Wastewater Treatment Facility,4952,Kern,5F,WDRMUNILRG,Active,WDR,92-047,5D150116001,,03/27/1992,03/27/1992,,2002-03-25,0.85,,A,2.0,,,,0.0,47.0,
Wasco City,"764 E Street, Wasco, CA 93280",Wasco WWTF,"5410 7th Street, Wasco, CA 93280",35.59618,-119.3876,Wastewater Treatment Facility,4952,Kern,SB,"SLIC, WDRMUNILRG",Active,Co-Permitee,2020-0015-DWQ,5D150117001,,,07/09/2020,,,,,,,,,,1.0,18.0,
Stallion Springs CSD,"27800 Stallion Springs Drive, Tehachapi, CA 93561",Stallion Springs WWTF,"28500 Stallion Springs, Tehachapi, CA 93561",35.08252,-118.637492,Wastewater Treatment Facility,4952,Kern,5F,NPDMUNIOTH,Active,Enrollee - NPDES,R5-2023-0025,5D150118002,CAC439983,,09/01/2025,,2030-08-31,0.1,Minor,B,2.0,,,,2.0,10.0,
Maricopa City,"Po Box 548, Maricopa, CA 93252",Maricopa Wastewater Disposal Facility,"NW 1/4, of Sect 7,T11N,R23W,Sbm, Maricopa, CA",35.0609837,-119.3832433,Wastewater Treatment Facility,4952,Kern,5F,WDRMUNILRG,Active,WDR,00-153,5D150123001,,06/16/2000,06/16/2000,,2010-06-16,0.2,,B,2.0,,,,0.0,8.0,
Ca Dept of Corrections & Rehabilitation,"9838 Old Placerville Road B, Sacramento, CA 95827",Tehachapi Correctional Inst WWTF,"End of Highway 202, Tehachapi, CA 93561",35.116667,-118.58333,Wastewater Treatment Facility,4952(+),Kern,5F,WDRMUNILRG,Active,WDR,R5-2011-0007,5D150803001,,02/03/2011,02/03/2011,,2021-02-03,1.1,,B,2.0,,,,2.0,61.0,
Ca Dept of Corrections & Rehabilitation,"9838 Old Placerville Road B, Sacramento, CA 95827",Wasco State Prison WWTF,"701 Scofield Avenue, Wasco, CA 93280",35.589574,-119.406452,Wastewater Treatment Facility,4952(+),Kern,5F,WDRMUNILRG,Active,WDR,90-217,5D150803003,,08/10/1990,08/10/1990,,2000-08-07,1.0,,B,2.0,,,,0.0,0.0,
McMor Chlorination,"6734 Charity Avenue 8, Bakersfield, CA 93308",I-5 & Highway 58 WWTF,"Hwy 58 at I-5, Buttonwillow, CA 93206",35.40468,-119.39708,Wastewater Treatment Facility,4952,Kern,5F,WDRMUNILRG,Active,WDR,R5-2007-0152,5D151006001,,10/26/2007,10/26/2007,,2017-10-26,0.13,,B,2.0,,,,1.0,106.0,
Tejon Castac Water District,,Tejon Industrial Complex West WWTF,"I-5 at Wheeler Ridge, Lebec, CA 93203",34.98907,-118.94462,Wastewater Treatment Facility,5541(+),Kern,5F,WDRMUNILRG,Active,WDR,R5-2008-0004,5D151014003,,01/25/2008,01/25/2008,,2018-01-25,0.1,,B,2.0,,,,1.0,0.0,
Armona CSD,"Po Box 486, Armona, CA 93202",Armona CSD WWTF,"13545 Hume Avenue, Hanford, CA 93230",36.30566,-119.70093,Wastewater Treatment Facility,4952,Kings,5F,WDRMUNILRG,Active,WDR,92-017,5D160100001,,01/24/1992,01/24/1992,,2002-01-21,0.4,,B,2.0,,,,1.0,0.0,
Avenal City,"919 Southwest Skyline Boulevard, Avenal, CA 93204",Avenal WWTF,"1 Effluent Wy, Avenal, CA 93204",36.00412,-120.12903,Wastewater Treatment Facility,4952,Kings,SB,"SLIC, WDR, WDRMUNILRG",Active,Co-Permitee,2020-0015-DWQ,5D160101001,,,07/09/2020,,,,,,,,,,0.0,12.0,
Corcoran City,"1033 Chittenden Avenue, Corcoran, CA 93212",Corcoran WWTF,"895 Pueblo  Avenue, Corcoran, CA 93212",36.079556,-119.557722,Wastewater Treatment Facility,4952,Kings,5F,"SLIC, WDRMUNILRG",Active,WDR,R5-2021-0025-01,5D160102001,,04/22/2021,04/22/2021,,2031-04-22,1.75,,B,2.0,,,,0.0,78.0,
Hanford City,"900 South 10th Avenue, Hanford, CA 93230",Hanford WWTF,"10555 Houston Avenue, Hanford, CA 93230",36.2984,-119.64984,Wastewater Treatment Facility,4952,Kings,SB,"SLIC, WDRMUNILRG",Active,Co-Permitee,2020-0015-DWQ,5D160103001,,,07/09/2020,,,,,,,,,,0.0,112.0,
Stratford PUD,"Po Box 85, Stratford, CA 93266",Stratford WWTF,"SE 1/4 of Section 17, T20S, R20E MDB&M, Stratford, CA 93266",36.18654,-119.81629,Wastewater Treatment Facility,4952,Kings,5F,WDRMUNILRG,Active,Enrollee - WDR,2014-0153-DWQ,5D160105001,,,07/30/2018,,2029-09-23,0.15,,B,2.0,,,,1.0,44.0,
Kettleman City CSD,"Po Box 179, Kettleman City, CA 93239",Kettleman City WWTF,"2000 Racine Avenue, Kettleman City, CA 93239",36.00686,-119.94555,Wastewater Treatment Facility,4952,Kings,5F,WDRMUNILRG,Active,WDR,79-143,5D160109001,,06/22/1979,06/22/1979,,1989-06-19,0.22,,B,2.0,,,,0.0,0.0,
US Navy Naval Air Station Lemoore,"730 Naval Station Boulevard Rm 111, Lemoore, CA 93246",Lemoore NAS WWTF,"Hwy 198, Lemoore, CA 93245",36.27557,-119.82353,Wastewater Treatment Facility,4952(+),Kings,5F,WDRMUNILRG,Active,WDR,R5-2002-0062,5D160700001,,04/26/2002,04/26/2002,,2012-04-26,4.0,,A,2.0,,,,0.0,268.0,
Ca Dept of Corrections Corcoran,"Po Box 12050, Bakersfield, CA 93389",Corcoran State Prison WWTF,"4001 King Avenue, Corcoran, CA 93212",36.06023,-119.55285,Wastewater Treatment Facility,4952(+),Kings,5F,WDRMUNILRG,Active,WDR,R5-2016-0027,5D160801001,,04/21/2016,04/21/2016,,2026-04-21,2.7,,B,2.0,,,,0.0,52.0,
Lemoore City,"711 West Cinnamon Drive, Lemoore, CA 93245",Lemoore WWTF,"351 North Bell Haven Drive, Lemoore, CA 93245",36.30022,-119.81534,Wastewater Treatment Facility,2022(+),Kings,5F,WDRMUNILRG,Active,WDR,R5-2024-0007,5D165009001,,02/16/2024,02/16/2024,,2034-02-16,5.0,,B,2.0,,,,0.0,0.0,
Dinuba City,"405 East El Monte  Way, Dinuba, CA 93618",Dinuba WWTF,"6675 Ave 412, Dinuba, CA 93618",36.53883,-119.40863,Wastewater Treatment Facility,4952,Tulare,5F,"SLIC, WDRMUNILRG",Active,WDR,R5-2023-0046,5D540101001,,10/12/2023,10/12/2023,,2033-10-12,3.0,,B,2.0,,,,0.0,26.0,
Earlimart PUD,"Po Box 10148, Earlimart, CA 93219-0148",Earlimart WWTF,"396 North Church Road 6, Earlimart, CA 93219",35.88313,-119.29868,Wastewater Treatment Facility,4952,Tulare,5F,WDRMUNILRG,Active,WDR,98-140,5D540102001,,06/05/1998,06/05/1998,,2008-06-02,0.6,,B,2.0,,,,1.0,0.0,
Exeter City,"Po Box 237, Exeter, CA 93221",Exeter WWTF,"1906 West Meyers, Exeter, CA 93221",36.28927,-119.14325,Wastewater Treatment Facility,4952,Tulare,SB,"NPDMUNILRG, SLIC, WDRMUNILRG",Active,Co-Permitee,2020-0015-DWQ,5D540103001,,,07/09/2020,,,,Major,,,,,,1.0,22.0,
Ivanhoe PUD,"15867 Azalea Avenue, Ivanhoe, CA 93235",Ivanhoe WWTF,"15180 Avenue 324, Ivanhoe, CA 93235",36.3807,-119.23343,Wastewater Treatment Facility,4952,Tulare,5F,WDRMUNILRG,Active,WDR,98-090,5D540104001,,04/17/1998,04/17/1998,,2008-04-14,0.56,,B,2.0,,,,0.0,0.0,
Lindsay City,"Po Box 369, Lindsay, CA 93247-0369",Lindsay WWTF,"23611 Road 196, Lindsay, CA 93247",36.21826,-119.13634,Wastewater Treatment Facility,4952,Tulare,SB,"SLIC, WDRMUNILRG",Active,Co-Permitee,2020-0015-DWQ,5D540105001,,,07/09/2020,,,,,,,,,,1.0,48.0,
Pixley PUD,"Po Box 535, Pixley, CA 93256",Pixley WWTF,"2051 West Terra Bella, Pixley, CA 93256",35.95744,-119.30914,Wastewater Treatment Facility,4952,Tulare,5F,"REC, WDRMUNILRG",Active,WDR,R5-2007-0123,5D540106001,,09/14/2007,09/14/2007,,2017-09-14,0.2,,A,2.0,,,,1.0,65.0,
Porterville City,"291 North Main Street, Porterville, CA 93257",Porterville WWTF,"555 Prospect, Porterville, CA 93257",36.075954,-119.043986,Wastewater Treatment Facility,4952,Tulare,SB,"SLIC, WDRMUNILRG",Active,Co-Permitee,2020-0015-DWQ,5D540107001,,,07/09/2020,,,,,,,,,,0.0,61.0,
Strathmore PUD,"Po Box 425, Strathmore, CA 93267",Strathmore  WWTF,"19481 Road 224, Strathmore, CA 93267",36.14346,-119.07172,Wastewater Treatment Facility,4952,Tulare,5F,WDRMUNILRG,Active,WDR,R5-2016-0061,5D540108001,,08/18/2016,08/18/2016,,2026-08-18,0.4,,B,2.0,,,,2.0,85.0,
Terra Bella Sewer MD,"County Civic Center 10, Visalia, CA 93291",Terra Bella WWTF,"9832 Road 238, Terra Bella, CA 93270",35.96421,-119.03995,Wastewater Treatment Facility,4952,Tulare,5F,WDRMUNILRG,Active,WDR,95-029,5D540109001,,02/24/1995,02/24/1995,,2005-02-21,0.1,,B,2.0,,,,1.0,94.0,
Tulare City,"3981 South K Street, Tulare, CA 93274",City of Tulare WWTF,"1875 South West Street, Tulare, CA 93274",36.2294,-119.366758,Wastewater Treatment Facility,4952,Tulare,SB,"SLIC, WDRMUNILRG",Active,Co-Permitee,2020-0015-DWQ,5D540110001,,,07/09/2020,,,,,,,,,,1.0,493.0,
Tulare Cnty Housing Authority,"Po Box 791, Visalia, CA 93279",Woodville Farm Labor Center,"Ave 160 at Rd 192, Woodville, CA 93257",36.08037,-119.14311,Wastewater Treatment Facility,0761,Tulare,5F,WDRMUNILRG,Active,WDR,82-006,5D540112003,,01/22/1982,01/22/1982,,1997-01-18,0.12,,B,3.0,,,,0.0,0.0,
Visalia City,"707 West Acequia Avenue, Visalia, CA 93291",Visalia Water Reclamation Facility (WRF),"7579 Ave 288, Visalia, CA 93277",36.31234,-119.40435,Wastewater Treatment Facility,4952,Tulare,SB,"NPDMUNILRG, SLIC, WDRMUNILRG",Active,Co-Permitee,2020-0015-DWQ,5D540113001,,,07/09/2020,,,,Major,,,,,,0.0,114.0,
Woodlake City,"350 North Valencia Boulevard, Woodlake, CA 93286",Woodlake WWTF,"811 South Valencia Boulevard, Woodlake, CA 93286",36.40101,-119.09892,Wastewater Treatment Facility,4952,Tulare,SB,"SLIC, WDR, WDRMUNILRG",Active,Co-Permitee,2020-0015-DWQ,5D540114001,,,07/09/2020,,,,,,,,,,0.0,0.0,
Woodville PUD,"Po Box 4567, Woodville, CA 93257",Woodville WWTF,"ave 160, Woodville, CA 93274",36.08372,-119.21095,Wastewater Treatment Facility,4952,Tulare,5F,"REC, WDRMUNILRG",Active,WDR,86-108,5D540115001,,05/30/1986,05/30/1986,,1996-06-30,0.33,,B,2.0,,,,1.0,1.0,
Tipton CSD,"Po Box 266, Tipton, CA 93272",Tipton WWTF,"1 M N of Poplar Av, W of Hy 99, Tipton, CA 93272",36.0594,-119.31206,Wastewater Treatment Facility,4952,Tulare,5F,"WDR, WDRMUNILRG",Active,WDR,85-170,5D540116001,,06/28/1985,06/28/1985,,1995-06-26,0.4,,B,2.0,,,,0.0,3.0,
Farmersville City,"909 West Visalia Road, Farmersville, CA 93223",Farmersville WWTF,"1 Mi South of Farmersville, Farmersville, CA 93223",36.29773,-119.20678,Wastewater Treatment Facility,4952,Tulare,5F,"SLIC, WDRMUNILRG",Active,WDR,R5-2022-0026,5D540117001,,04/21/2022,04/21/2022,,2032-04-21,,,B,2.0,,,,0.0,21.0,
London CSD,"37835 Kate Road, Dinuba, CA 93618",London WWTF,"Rd 60 at Ave 376, Dinuba, CA 93618",36.472194,-119.436414,Wastewater Treatment Facility,4952,Tulare,5F,"WDRMUNILRG, WDRMUNIOTH",Active,WDR,R5-2017-0109,5D540119001,,10/20/2017,04/20/2000,,2027-10-20,0.3,,B,2.0,,,,1.0,0.0,
Cutler-Orosi JT Powers WW Authority,"40401 Road 120, Cutler, CA 93615",Cutler-Orosi WWTF,"40401 Road 120, Cutler, CA 93615",36.52323,-119.30489,Wastewater Treatment Facility,4952,Tulare,5F,"NPDMUNILRG, SLIC",Active,NPDES Permit,R5-2025-0013,5D540132001,CA0081485,02/21/2025,04/01/2025,,2030-03-31,2.0,Major,A,2.0,,,,1.0,35.0,
Poplar CSD,"Po Box 3849, Poplar, CA 93257",Poplar WWTF,"avenue 144, Poplar, CA 93257",36.04784,-119.1523,Wastewater Treatment Facility,4952,Tulare,5F,WDRMUNILRG,Active,WDR,98-214,5D540137001,,10/23/1998,10/23/1998,,2008-10-20,0.34,,B,2.0,,,,0.0,0.0,
Tulare Cnty Housing Authority,"Po Box 791, Visalia, CA 93279",Linnell Farm Labor Center,"1436-3 North Mariposa Avenue, Visalia, CA 93292",36.30957,-119.22437,Wastewater Treatment Facility,0761,Tulare,5F,WDRMUNILRG,Active,WDR,82-007,5D541012001,,01/22/1982,01/22/1982,,1997-01-18,0.13,,B,3.0,,,,1.0,1.0,
Richgrove CSD,"Po Box 300, Richgrove, CA 93261",Richgrove WWTF,"Along Southern Pacific Railroad, Richgrove, CA 93215",35.79521,-119.11223,Wastewater Treatment Facility,4952,Tulare,5F,WDRMUNILRG,Active,WDR,83-088,5D541024001,,08/12/1983,08/12/1983,,1998-08-08,0.22,,B,3.0,,,,2.0,41.0,
South Tahoe PUD,"1275 Meadow Crest Drive, South Lake Tahoe, CA 96150",STPUD WWTP,"1275 Meadow Crest Drive, South Lake Tahoe, CA 96150",38.921379,-119.971178,Wastewater Treatment Facility,4952,El Dorado,SB,"SLIC, WDRMUNILRG",Active,Co-Permitee,2020-0015-DWQ,6A021008003,,,07/09/2020,,,,,,,,,,3.0,2.0,
Leavitt Lake CSD,"471 830 Buffum Lane, Susanville, CA 96130",Leavitt Lake Sewage Treatment Ponds,"471-830 Buffum Lane, Susanville, CA 96130",40.374337,-120.519579,Wastewater Treatment Facility,4952,Lassen,6T,"WDRMUNILRG, WDRMUNIOTH",Active,WDR,96-018,6A180004501,,03/14/1996,03/14/1996,,2002-03-15,0.049,,C,2.0,,,,5.0,8.0,
US Army Sierra Army Depot,"74 C Street Building 63, Herlong, CA 96113",Sierra Army Depot Sewage Treatment Plant,"Sierra Army Depot, Herlong, CA",40.1544823,-120.1376009,Wastewater Treatment Facility,4952,Lassen,6T,WDRMUNILRG,Active,WDR,01-025,6A180020000,,05/10/2001,05/10/2001,,2006-05-11,0.16,,C,2.0,,,,4.0,4.0,
Herlong PUD,"Po Box 115, Herlong, CA 96113",Herlong Public Utility District WWTF,"Poleline Road, Herlong, CA 96113",40.1601647,-120.176765,Wastewater Treatment Facility,4952,Lassen,6T,WDRMUNILRG,Active,WDR,R6T-2016-0036,6A180208004,,06/09/2016,06/09/2016,,2026-06-09,0.375,,C,2.0,,,,0.0,1.0,
Susanville SD,"45 Northwest Roop Street, Susanville, CA 96130",Susanville Sanitary District WWTP,"476-200 Bunyan Road, Susanville, CA 96130",40.41453,-120.63095,Wastewater Treatment Facility,4952,Lassen,SB,"NPDMUNILRG, SLIC",Active,Co-Permitee,2020-0015-DWQ,6A181554001,,,07/09/2020,,,,Major,,,,,,9.0,28.0,
Ca Dept of Corrections & Rehabilitation,"9838 Old Placerville Road B, Sacramento, CA 95827","CCC @ Susanville, CSP-LC WTF","PO Box 790, Susanville, CA 96130",40.4021,-120.51432,Wastewater Treatment Facility,4952,Lassen,6T,WDRMUNILRG,Active,WDR,R6T-2008-0024,6A186000500,,07/23/2008,07/23/2008,,2013-07-24,1.8,,B,2.0,,,,2.0,2.0,
US Marine Corps Coleville,"700 Champagne Avenue, Coleville, CA 96107",USMC-MWTC WWTC,"MWTC HC83, Bridgeport, CA 93517",38.35765,-119.51451,Wastewater Treatment Facility,4952,Mono,6T,WDRMUNILRG,Active,WDR,93-072,6A260154101,,08/12/1993,08/12/1993,,1998-08-13,0.14,,B,2.0,,,,5.0,5.0,
Bridgeport PUD,"Po Box 473, Bridgeport, CA 93517",Bridgeport PUD Treatment Plant,"PO Box 91, Bridgeport, CA 93517",38.2681521,-119.209621,Wastewater Treatment Facility,4952,Mono,6T,WDRMUNILRG,Active,WDR,01-012,6A265300900,,03/14/2001,03/14/2001,,2006-03-15,0.2,,B,2.0,,,,1.0,2.0,
Tahoe Truckee Sanitation Agency,"Po  Box 669 Drive, Truckee, CA 96160-0669",Tahoe Truckee Sanitation Agency,"13720 Butterfield Drive, Truckee, CA 96161",39.3390439,-120.1277733,Wastewater Treatment Facility,4952,Nevada,SB,"SLIC, WDRMUNILRG",Active,Co-Permitee,2020-0015-DWQ,6A290011000,,,07/09/2020,,,,Major,,,,,,0.0,0.0,
Big Pine CSD,"Po Box 639, Big Pine, CA 93513",Big Pine STP,"0.5 Mi Ne of Big Pine, Big Pine, CA 93514",37.17189,-118.278224,Wastewater Treatment Facility,4952,Inyo,6V,WDRMUNILRG,Active,WDR,95-035,6B140100001,,03/09/1995,03/09/1995,,2005-03-09,0.15,,B,2.0,,,,0.0,1.0,
Bishop City,"377 West Line Street 1236, Bishop, CA 93514",Bishop Sewage Treatment Plant,"Poletta, Bishop, CA 93514",37.356287,-118.374855,Wastewater Treatment Facility,4952,Inyo,SB,"SLIC, WDR, WDRMUNILRG",Active,Co-Permitee,2020-0015-DWQ,6B140101001,,,07/09/2020,,,,,,,,,,0.0,0.0,
Lone Pine CSD,"Po Box 36, Lone Pine, CA 93545",Lone Pine WWTF,"PO Box 36, Lone Pine, CA 93545",36.605982,-118.044725,Wastewater Treatment Facility,4952,Inyo,6V,WDRMUNILRG,Active,WDR,95-036,6B140104001,,03/09/1995,03/09/1995,,2005-03-09,0.5,,C,2.0,,,,0.0,0.0,
Eastern Sierra CSD,"301 West Line Street Suite D, Bishop, CA 93514",Eastern Sierra CSD WWTF,"301 West Line Street, Bishop, CA 93514",37.355471,-118.369097,Wastewater Treatment Facility,4952,Inyo,6V,"REC, WDRMUNILRG",Active,WDR,94-024,6B140108001,,02/10/1994,02/10/1994,,2004-02-10,0.85,,B,2.0,,,,0.0,269.0,
Big Pine Indian Reservation,"Po Box 700, Big Pine, CA 93513",Big Pine Indian RES WTF,"825 S Main St, Big Pine, CA 93513",37.167149,-118.277024,Wastewater Treatment Facility,4952,Inyo,6V,"WDRMUNILRG, WDRMUNIOTH",Active,WDR,02-039,6B149107005,,06/14/2002,06/14/2002,,2012-06-14,0.047,,C,2.0,,,,0.0,1.0,
Desert Lake CSD,"12200 Del Oro Street, Boron, CA 93516",Desert Lake CSD WTF,"W of Boron, Boron, CA 93516",35.008962,-117.70697,Wastewater Treatment Facility,4952,Kern,6V,WDRMUNILRG,Active,WDR,01-055,6B150103001,,10/10/2001,10/10/2001,,2016-10-10,0.14,,B,3.0,,,,0.0,0.0,
Inyokern CSD,"Po Box 1418, Inyokern, CA 93527",Inyokern CSD WTF,"Northeast Of Inyokern, Inyokern, CA 93527",35.66359,-117.81366,Wastewater Treatment Facility,4952,Kern,6V,WDRMUNILRG,Active,WDR,93-077,6B150104001,,08/12/1993,08/12/1993,,2003-08-12,0.15,,C,2.0,,,,0.0,0.0,
Mojave PUD,"15844 K Street, Mojave, CA 93501",Mojave STP,"Se of Mojave, Mojave, CA 93501",35.030014,-118.146276,Wastewater Treatment Facility,4952,Kern,6V,WDRMUNILRG,Active,WDR,01-036,6B150111001,,06/13/2001,06/13/2001,,2011-06-13,0.6,,B,2.0,,,,0.0,0.0,
Rosamond CSD,,Rosamond WTF (Ponds),"875 Southeast Patterson Road, Rosamond, CA 93560",34.83554,-118.14903,Wastewater Treatment Facility,4952,Kern,SB,"SLIC, WDRMUNILRG",Active,Co-Permitee,2020-0015-DWQ,6B150112001,,,07/09/2020,,,,,,,,,,2.0,9.0,
Ridgecrest City,"100 West California Avenue, Ridgecrest, CA 93555",Ridgecrest WTF,"Pole Line Rd and Knox Rd, China Lake, CA 93555",35.670026,-117.638706,Wastewater Treatment Facility,4952,Kern,SB,"REC, SLIC, WDRMUNILRG",Active,Co-Permitee,2020-0015-DWQ,6B150116001,,,07/09/2020,,,,,,,,,,0.0,4.0,
California City,"21000 Hacienda Boulevard, California City, CA 93505",California City WTF,"10835 Nelson Drive, California City, CA 93595",35.14196,-117.935665,Wastewater Treatment Facility,4952,Kern,SB,"SLIC, WDRMUNILRG",Active,Co-Permitee,2020-0015-DWQ,6B150118001,,,07/09/2020,,,,,,,,,,0.0,0.0,
Boron CSD,"Po Box 1060, Boron, CA 93596",Boron STP,"West Boron, Boron, CA 93596",35.003954,-117.676913,Wastewater Treatment Facility,4952,Kern,6V,"WDRMUNILRG, WDRNONMUNIPRCS",Active,WDR,02-037,6B150126001,,06/12/2002,06/12/2002,,2017-06-12,0.21,,B,3.0,,,,0.0,0.0,
Los Angeles Cnty Sanitation District 14,"Po Box 4998, Whittier, CA 90607-4998",Lancaster Water Reclamation Plant,"1865 W Ave D, Lancaster, CA 93534",34.781603,-118.158364,Wastewater Treatment Facility,4952,Los Angeles,6V,"SLIC, WDRMUNILRG, WDRMUNIOTH, WDRMUNIOWTS",Active,WDR,R6V-2022-0023,6B190107017,,06/08/2022,06/08/2022,,,18.0,,A,1.0,,,,0.0,1.0,
Los Angeles Cnty Sanitation District 20,"Po Box 4998, Whittier, CA 90607",Palmdale Water Reclamation Plant,"39300 30th St E & Ave P Street, Palmdale, CA 93550",34.596859,-118.069945,Wastewater Treatment Facility,4952,Los Angeles,SB,"REC, SLIC, WDRMUNILRG",Active,Co-Permitee,2020-0015-DWQ,6B190107069,,,07/09/2020,,,,,,,,,,0.0,0.0,
June Lake PUD,"Po Box 99, June Lake, CA 93529",June Lake PUD STP,"45125 Highway 395, June Lake, CA 93529",37.875698,-119.092331,Wastewater Treatment Facility,4952,Mono,SB,"SLIC, WDRMUNILRG",Active,Co-Permitee,2020-0015-DWQ,6B260101002,,,07/09/2020,,,,,,,,,,0.0,0.0,
Mammoth Water District,"Po Box 597, Mammoth Lakes, CA 93546",Mammoth CWD STP,"1315 Meridian Boulevard, Mammoth Lakes, CA 93546",37.639349,-118.944544,Wastewater Treatment Facility,4952,Mono,SB,"SLIC, WDRMUNILRG",Active,Co-Permitee,2020-0015-DWQ,6B260103001,,,07/09/2020,,,,,,,,,,1.0,1.0,
Baker CSD,"Po Box 590, Baker, CA 92309",Baker WTF,"Kelbaker Rd & I-15, Baker, CA 92309",35.259279,-116.072756,Wastewater Treatment Facility,4952,San Bernardino,6V,WDRMUNILRG,Active,WDR,97-095,6B360100001,,10/08/1997,10/08/1997,,2012-10-08,0.4,,B,3.0,,,,1.0,75.0,
Barstow City,"220 East Mt View Street, Barstow, CA 92311",Barstow WWTP,"2200 E Riverside Dr, Barstow, CA 92311",34.884568,-116.980925,Wastewater Treatment Facility,4952,San Bernardino,SB,"SLIC, WDRMUNILRG",Active,Co-Permitee,2020-0015-DWQ,6B360101001,,,07/09/2020,,,,,,,,,,0.0,0.0,
Crestline SD,"Po Box 3395, Crestline, CA 92325",Crestline SD Three WTF's,"24516 Lake Drive, Crestline, CA 92325",34.254284,-117.270822,Wastewater Treatment Facility,4952,San Bernardino,6V,"REC, WDRMUNILRG",Active,WDR,94-057,6B360106001,,05/19/1994,05/19/1994,,2004-05-19,1.4,,B,2.0,,,,0.0,0.0,
Lake Arrowhead Community Services District,"Po Box 700, Lake Arrowhead, CA 92352",Lake Arrowhead CSD WTFS,"West Ridge and Hesperia Lane Street, Lake Arrowhead, CA 92352",34.286859,-117.219578,Wastewater Treatment Facility,4952,San Bernardino,SB,"REC, SLIC, WDRMUNILRG",Active,Co-Permitee,2020-0015-DWQ,6B360107001,,,07/09/2020,,,,,,,,,,0.0,23.0,
Victor Valley Wastewater Reclamation Authority,"20111 Shay Road, Victorville, CA 92394",Victor Valley Wastewater Reclamation Authority WTP,"20111 Shay Road, Victorville, CA 92394",34.618009,-117.357746,Wastewater Treatment Facility,4952,San Bernardino,SB,"NPDMUNILRG, REC, SLIC, WDRMUNILRG",Active,Co-Permitee,2020-0015-DWQ,6B360109001,,,07/09/2020,,,,Major,,,,,,2.0,8.0,
San Bernardino Cnty Airports - Dagget,"12402 Industrial Boulevard Unit D6, Victorville, CA 92393-5004",Barstow/Daggett Airport WTF,"39500 National Trails Hwy, Daggett, CA 92327",34.864554,-116.784148,Wastewater Treatment Facility,4952,San Bernardino,6V,WDRMUNILRG,Active,WDR,99-037,6B360115002,,09/09/1999,09/09/1999,,2009-09-09,0.15,,C,2.0,,,,0.0,1.0,
San Bernardino Cnty CSA 82,"222 West Hospitality  Lane 2nd Floor, San Bernardino, CA 92415",Trona & Pioneer Point WTF,"Trona Road, Searles Valley, CA 93562",35.789039,-117.36373,Wastewater Treatment Facility,4952,San Bernardino,6V,WDRMUNILRG,Active,WDR,94-059,6B360115010,,05/19/1994,05/19/1994,,2004-05-19,0.247,,B,2.0,,,,0.0,0.0,
Victor Valley Wastewater Reclamation Authority,"20111 Shay Road, Victorville, CA 92394",VVWRA- Sub-Regional Plant-Hesperia,"Intersection of Mojave Rd & Tamarisk Road, Hesperia, CA",34.442628,-117.352494,Wastewater Treatment Facility,4952,San Bernardino,SB,"SLIC, WDRMUNILRG",Active,Co-Permitee,2020-0015-DWQ,6B360907005,,,07/09/2020,,,,,,,,,,0.0,1.0,
Victor Valley Wastewater Reclamation Authority,"20111 Shay Road, Victorville, CA 92394",VVWRA Sub-Regional Plant-Apple Valley,"21012 Otoe Road, Apple Valley, CA",34.544278,-117.204514,Wastewater Treatment Facility,4952,San Bernardino,SB,"SLIC, WDRMUNILRG",Active,Co-Permitee,2020-0015-DWQ,6B360907006,,,07/09/2020,,,,,,,,,,0.0,0.0,
Victorville City,"14343 Civic Drive, Victorville, CA 92392-2399",SCLA Central WWTP-Victorville Water Dist,"14343 Civic Center Drive, Victorville, CA 92392",34.614722,-117.373056,Wastewater Treatment Facility,4952,San Bernardino,SB,"SLIC, WDRMUNILRG",Active,Co-Permitee,2020-0015-DWQ,6B360911001,,,07/09/2020,,,,,,,,,,0.0,2.0,
Helendale CSD,"Po Box 2608, Helendale, CA 92342",Helendale Silverlakes STP,"Wild Road and Helendale Road, Helendale, CA 92342",34.775366,-117.328502,Wastewater Treatment Facility,4952,San Bernardino,SB,"SLIC, WDRMUNILRG",Active,Co-Permitee,2020-0015-DWQ,6B361111001,,,07/09/2020,,,,,,,,,,0.0,2.0,
CA Dept of Transportation DO8 (San Bernardino-Riverside Office) Caltrans,"464 West 4th Street 8th Floor Ms833, San Bernardino, CA 92401",Valley Wells Rest Area,"C8M2+G6, Yucca Grove, CA 92364",35.43651,-115.70034,Wastewater Treatment Facility,,San Bernardino,6V,WDRMUNILRG,Active,WDR,R6V-2021-0022,6B361809001,,05/13/2021,05/13/2021,,2026-05-11,,,C,3.0,,,,0.0,0.0,
Adelanto Public Utility Authority,"11600 Air Base Road, Adelanto, CA 92301",Adelanto WWTP,"Ne Corner of Auburn & Jonathan, Adelanto, CA 92301",34.595221,-117.408261,Wastewater Treatment Facility,4952,San Bernardino,SB,"SLIC, WDRMUNILRG",Active,Co-Permitee,2020-0015-DWQ,6B369805001,,,07/09/2020,,,,,,,,,,1.0,1.0,
Brawley City,"180 South Western Avenue, Brawley, CA 92227",Brawley City WWTP,"5015 Best Road, Brawley, CA 92227",33.01713,-115.51704,Wastewater Treatment Facility,4952,Imperial,7,"NPDMUNILRG, SLIC",Active,NPDES Permit,R7-2021-0005,7A130100011,CA0104523,06/15/2021,07/01/2021,,2026-06-30,6.0,Major,A,1.0,,,,2.0,21.0,
Calexico City ,"608 Heber Avenue, Calexico, CA 92231-2840",Calexico City WWTP,"298 East Anza Road, Calexico, CA 92231",32.664611,-115.550889,Wastewater Treatment Facility,4952,Imperial,7,"NPDMUNILRG, SLIC",Active,NPDES Permit,R7-2025-0007,7A130101011,CA7000009,04/01/2025,05/01/2025,,2029-05-30,4.3,Major,A,1.0,,,,3.0,41.0,
Calipatria City,"125 North Park Avenue, Calipatria, CA 92233",Calipatria City WWTP,"106 Lindsey Road, Calipatria, CA 92233",33.1478,-115.55137,Wastewater Treatment Facility,4952,Imperial,7,"NPDMUNILRG, SLIC",Active,NPDES Permit,R7-2020-0010,7A130102041,CA0105015,11/12/2020,12/01/2020,,2025-11-30,1.7,Major,A,2.0,,,,1.0,9.0,
El Centro City,"1275 Main Street, El Centro, CA 92243",El Centro City WWTP,"2255 La Brucherie Road, El Centro, CA 92243",32.8145,-115.578194,Wastewater Treatment Facility,4952,Imperial,7,"NPDMUNILRG, SLIC",Active,NPDES Permit,R7-2024-0041,7A130103011,CA0104426,12/10/2024,01/02/2025,,2030-01-01,8.0,Major,A,1.0,,,,0.0,4.0,
Heber PUD,"1078 Dogwood Road 103, Heber, CA 92249",Heber PUD WWTP,"1184 Rockwood Avenue, Heber, CA 92249",32.736639,-115.523917,Wastewater Treatment Facility,4952,Imperial,7,NPDMUNIOTH,Active,NPDES Permit,R7-2022-0007,7A130104011,CA0104370,06/14/2022,07/01/2022,,2027-06-30,0.81,"Major, Minor",B,2.0,,,,1.0,9.0,
Holtville City,"121 West 5th Street, Holtville, CA 92250",Holtville City WWTP,"1250 Kamm Road, Holtville, CA 92250",32.82572,-115.42993,Wastewater Treatment Facility,4952,Imperial,7,NPDMUNIOTH,Active,NPDES Permit,R7-2022-0005,7A130105011,CA0104361,02/08/2022,03/01/2022,,2027-04-30,0.85,Minor,B,2.0,,,,1.0,3.0,
Imperial City,"420 South Imperial Avenue, Imperial, CA 92251",Imperial City WWTP,"701 East 14th Street, Imperial, CA 92251",32.853917,-115.56275,Wastewater Treatment Facility,4952,Imperial,7,"NPDMUNILRG, SLIC",Active,NPDES Permit,R7-2021-0002,7A130106011,CA0104400,04/13/2021,05/01/2021,,2026-04-30,2.4,Major,A,2.0,,,,2.0,0.0,
Niland County Sanitation District,"155 South 11th Street, El Centro, CA 92243",Niland SD WWTP,"125 West Alcott Road, Niland, CA 92257",33.227333,-115.561667,Wastewater Treatment Facility,4952,Imperial,7,NPDMUNIOTH,Active,NPDES Permit,R7-2025-0017,7A130109011,CA0104451,07/01/2025,08/01/2025,,2030-07-31,0.5,Minor,B,2.0,,,,1.0,17.0,
Salton Community Services Dist,"Po Box 5268, Salton City, CA 92275",SCSD Desert Shores WWTP,"Cooledge Springs Rd/Hwy 86, Desert Shores, CA 92274",,,Wastewater Treatment Facility,4952,Imperial,7,WDRMUNILRG,Active,WDR,R7-2025-0016,7A130110031,,06/03/2025,06/03/2025,,2040-06-03,0.2,,B,3.0,,,,3.0,52.0,
Seeley Cnty WD,"Po Box 161, Seeley, CA 92273",Seeley CWD WWTP,"1898 West 5th Street, Seeley, CA 92273",32.79427,-115.69997,Wastewater Treatment Facility,4952,Imperial,7,NPDMUNIOTH,Active,NPDES Permit,R7-2023-0003,7A130111013,CA0105023,06/27/2023,08/01/2023,,2028-07-30,0.25,Minor,B,2.0,,,,1.0,70.0,
Westmorland City,"Po Box 699, Westmorland, CA 92281",Westmorland City WWTP,"5295 Martin Road, Westmorland, CA 92281",33.037306,-115.630083,Wastewater Treatment Facility,4952,Imperial,7,NPDMUNIOTH,Active,NPDES Permit,R7-2023-0002,7A130112012,CA0105007,03/14/2023,04/01/2023,,2028-03-31,0.5,Minor,B,2.0,,,,0.0,3.0,
Salton Community Services Dist,"Po Box 5268, Salton City, CA 92275",SCSD Thomas R. Cannell WWTP,"2196 Palm View Avenue, Salton City, CA 92275",,,Wastewater Treatment Facility,,Imperial,7,"CERFILLEXC, WDRMUNILRG",Active,WDR,R7-2024-0020,7A130117001,,06/11/2024,06/11/2024,,2039-06-11,0.25,,B,3.0,,,,4.0,39.0,
Imperial CCD,"Po Box 158, Imperial, CA 92251-0158",Imperial CCD WWTP,"380 East Aten Road, Imperial, CA 92251",32.825361,-115.567417,Wastewater Treatment Facility,8222,Imperial,7,"NPDMUNIOTH, WDRMUNILRG",Active,WDR,R7-2025-0019,7A130135001,,07/01/2025,07/01/2025,,2040-07-01,0.1,Minor,B,3.0,,,,0.0,0.0,
US Navy Naval Air Station El Centro,"1605 3rd Street 504, El Centro, CA 92243",US Navy Naval Air Facility WWTP,"1605 3rd Street B 504, El Centro, CA 92243",32.83863,-115.68086,Wastewater Treatment Facility,4952,Imperial,7,"DODNPDESWW, NPDMUNIOTH",Active,NPDES Permit,R7-2021-0045,7A130703011,CA0104906,11/02/2021,12/01/2021,,2026-11-30,0.34,Minor,B,2.0,,,,0.0,15.0,
"Country Life MHRVP Asset Partners, L.P.","23117 Plaza Pointe Drive 100, Laguna Hills, CA 92653-1473",Country Life MHPRV Asset Partners LP WWTP,"375 East Ross Road, El Centro, CA 92243",32.781111,-115.503139,Wastewater Treatment Facility,6515,Imperial,7,NPDMUNIOTH,Active,NPDES Permit,R7-2023-0041,7A131001011,CA0104264,10/10/2023,11/01/2023,,2028-10-30,0.15,Minor,B,3.0,,,,0.0,2.0,
Date Gardens Asset Partners LP,"16209 Quemada Road, Encino, CA 91436",Date Gardens MHP WWTP,"1020 West Evan Hewes Highway, El Centro, CA 92243",32.79716,-115.62129,Wastewater Treatment Facility,6515(+),Imperial,7,NPDMUNIOTH,Active,NPDES Permit,R7-2023-0046,7A131057011,CA0104841,12/12/2023,12/26/2023,,2028-11-30,0.02,Minor,B,3.0,,,,0.0,5.0,
Ca Dept of Corrections Imperial,"Po Box 731, Imperial, CA 92251",CA Dept of Corrections Centinela WWTP,"2302 Brown Road, Imperial, CA 92251",32.792028,-115.774306,Wastewater Treatment Facility,9223,Imperial,7,"NPDINDLRG, NPDMUNIOTH",Active,NPDES Permit,R7-2024-0019,7A131337001,CA7000001,05/14/2024,06/03/2024,,2029-06-02,0.73,Minor,B,2.0,,,,2.0,24.0,
"Veolia Water Contract Operations USA, Inc","2242 East Charles Street, Banning, CA 92220",Banning STP-Non NPDES,"2242 East Charles Street, Banning, CA 92220",,,Wastewater Treatment Facility,4952,Riverside,7,WDRMUNILRG,Active,WDR,R7-2016-0015,7A330100015,,06/30/2016,06/30/2016,,2026-06-30,3.6,,A,2.0,,,,0.0,0.0,
Coachella SD,"53462 Enterprise Way, Coachella, CA 92236",Coachella SD WWTP,"87075 Avenue 54, Coachella, CA 92236",33.656556,-116.140056,Wastewater Treatment Facility,4952,Riverside,SB,"NPDMUNILRG, SLIC",Active,Co-Permitee,2020-0015-DWQ,7A330104012,,,07/09/2020,,,,Major,,,,,,0.0,1.0,
Coachella Valley WD,"Po Box 1058, Coachella, CA 92236",Bombay Beach STP,"2201 Honey Wagon Rd, Calipatria, CA 92233",33.36343,-115.7264,Wastewater Treatment Facility,4952,Imperial,7,WDRMUNILRG,Active,WDR,R7-2013-0024,7A330105021,,03/21/2013,03/21/2013,,2028-03-21,0.15,,B,3.0,,,,0.0,0.0,
Coachella Valley WD,"Po Box 1058, Coachella, CA 92236",Coachella Valley WD WWTP,"63-002 Filmore Street, Thermal, CA 92274",33.353111,-116.121389,Wastewater Treatment Facility,4952,Riverside,7,"NPDMUNILRG, SLIC",Active,NPDES Permit,R7-2023-0013,7A330105091,CA0104973,04/11/2023,05/01/2023,,2028-04-30,9.9,Major,A,1.0,,,,1.0,13.0,
Mission Springs Water District,"66575 Second Street, Desert Hot Springs, CA 92240",Alan Horton WWTP,"14601 Verbena, Desert Hot Springs, CA 92240",33.94311,-116.49331,Wastewater Treatment Facility,4952,Riverside,7,"SLIC, WDRMUNILRG",Active,WDR,R7-2022-0008,7A330109012,,04/12/2022,04/12/2022,,2032-04-12,1.0,,B,2.0,,,,2.0,0.0,
Mission Springs Water District,"66575 Second Street, Desert Hot Springs, CA 92240",Desert Crest WWTP,"17400 Sunrise Road, Desert Hot Springs, CA 92241",33.92206,-116.4484,Wastewater Treatment Facility,4952,Riverside,7,WDRMUNILRG,Active,WDR,R7-2014-0048,7A330109021,,06/26/2014,06/26/2014,,2024-06-26,0.18,,B,2.0,,,,0.0,0.0,
Palm Springs City,"3200 East Tahquitz Canyon Way, Palm Springs, CA 92262",Palm Springs WWTF,"4375 Mesquite Avenue, Palm Springs, CA 92264",33.808618,-116.498749,Wastewater Treatment Facility,4952,Riverside,7,"SLIC, WDRMUNILRG",Active,WDR,R7-2024-0009,7A330114012,,02/13/2024,02/13/2024,,2029-02-13,16.5,,B,2.0,,,,0.0,0.0,
Valley Sanitary District,"45500 Van Buren Street, Indio, CA 92201",Valley SD WWTP,"45500 Van Buren Street, Indio, CA 92201",33.715444,-116.198833,Wastewater Treatment Facility,4952,Riverside,7,"NPDMUNILRG, SLIC",Active,NPDES Permit,R7-2026-0003,7A330122021,CA0104477,02/10/2026,04/01/2026,,2031-03-31,,Major,A,1.0,,,,2.0,16.0,
Desert Water Agency,"Po Box 1710, Palm Springs, CA 92263-1710",Desert Water Agency Recycled Water Facility,"1500 Gene Autry Trail, Palm Springs, CA 92264",33.80406,-116.48824,Wastewater Treatment Facility,4941(+),Riverside,7,WDRMUNILRG,Active,WDR,R7-2014-0008,7A330132001,,01/16/2014,01/16/2014,,2024-01-16,10.0,,A,2.0,,,,0.0,0.0,
Big Bear Area Regional WW Agency,"Po Box 517, Big Bear City, CA 92314",BB Reg WWA-Lucerne Vly,"122 Palomino Drive, Big Bear City, CA 92314",,,Wastewater Treatment Facility,4952,San Bernardino,7,"SLIC, WDRMUNILRG",Active,WDR,R7-2021-0023,7A360100011,,05/11/2021,05/11/2021,,2026-05-11,3.2,,A,1.0,,,,0.0,0.0,
Hi Desert Water Dist,"55439 29 Palms Hwy, Yucca Valley, CA 92284",Hi-Desert WD Reclamation Facility,"59000 Sunnyslope Drive, Yucca Valley, CA 92284",34.12803,-116.37449,Wastewater Treatment Facility,,San Bernardino,7,"WDRMUNIENROTH, WDRMUNILRG",Active,WDR,R7-2022-0014,7A360122001,,06/14/2022,06/14/2022,,2032-06-14,,,B,2.0,,,,0.0,0.0,
US Marine Corps Twentynine Palms NREA AGCC,"Bldg 1451 Box 788110, Twentynine Palms, CA 92278-8100",USMC - Mainside WWTF,"Mcagcc Box 788110, Twentynine Palms, CA 92278",,,Wastewater Treatment Facility,4952(+),San Bernardino,7,WDRMUNILRG,Active,WDR,R7-2016-0032,7A360702011,,09/15/2016,09/15/2016,,2026-09-15,1.25,,A,2.0,,,,4.0,14.0,
Blythe City,"440 South Main Street, Blythe, CA 92225",Blythe Regional WW Reclamation Facilities,"15901 South Broadway, Blythe, CA 92225",33.587905,-114.59634,Wastewater Treatment Facility,4952,Riverside,SB,"SLIC, WDRMUNILRG",Active,Co-Permitee,2020-0015-DWQ,7B330102012,,,07/09/2020,,,,,,,,,,0.0,0.0,
Needles City,"817 3rd Street, Needles, CA 92363",Needles WWTP,"516 Broadway, Needles, CA 92363",34.837269,-114.601922,Wastewater Treatment Facility,4952,San Bernardino,SB,"SLIC, WDRMUNILRG",Active,Co-Permitee,2020-0015-DWQ,7B360110014,,,07/09/2020,,,,,,,,,,0.0,0.0,
San Bernardino Cnty Regional Parks,"777 East Rialto Avenue, San Bernardino, CA 92415-0763",Park Moabi WWTF,"Park Moabi Road, Needles, CA 92363",,,Wastewater Treatment Facility,7033(+),San Bernardino,7,WDRMUNILRG,Active,WDR,R7-2016-0017,7B360115051,,06/30/2016,06/30/2016,,2026-06-30,1.0,,B,2.0,,,,0.0,0.0,
Orange CSD,"10844 Ellis Avenue, Fountain Valley, CA 92728-8127",OCSD Plant 1,"10844 Ellis Avenue, Fountain Valley, CA 92708",33.69189,-117.93927,Wastewater Treatment Facility,4952,Orange,8,"NPDMUNILRG, SLIC",Active,NPDES Permit,R8-2021-0010,8 300110002,CA0110604,06/18/2021,08/01/2021,,2026-07-31,332.0,Major,A,1.0,,,,0.0,1.0,
Orange CSD,"10844 Ellis Avenue, Fountain Valley, CA 92728-8127",OCSD Plant 2,"22212 Brookhurst Street, Huntington Beach, CA 92646",33.63745,-117.96124,Wastewater Treatment Facility,4952,Orange,8,"NPDMUNILRG, SLIC",Active,NPDES Permit,R8-2021-0010,8 300110002,CA0110604,06/18/2021,08/01/2021,,2026-07-31,332.0,Major,A,1.0,,,,0.0,1.0,
Orange County Water District,"1810 Ward Street, Fountain Valley, CA 92708",Groundwater Replenishment System - Advanced WTF,"18700 Ward Street, Fountain Valley, CA 92708",33.69319,-117.94512,Wastewater Treatment Facility,9511,Orange,8,"CERFILLEXC, NPDMUNIOTH, REC, WDRMUNILRG",Active,WDR,R8-2022-0050,8 300112001,,12/02/2022,12/02/2022,,2032-12-02,130.0,Minor,A,2.0,,,,0.0,0.0,
Irvine Ranch Water District,"Po Box 57000, Irvine, CA 92619-7000",Los Alisos WD WWTP,"22312 Muirlands Boulevard, Lake Forest, CA 92630",,,Wastewater Treatment Facility,4952,Orange,8,NPDMUNILRG,Active,NPDES Permit,R8-2015-0024,8 302006002,CA8000326,06/19/2015,07/01/2015,,2020-06-30,33.5,Major,A,1.0,,,,0.0,6.0,
Irvine Ranch Water District,"Po Box 57000, Irvine, CA 92619-7000",Michelson WWRF,"3512 Michelson Drive, Irvine, CA 92612",33.662111,-117.795806,Wastewater Treatment Facility,4952,Orange,SB,"NPDMUNILRG, SLIC",Active,Co-Permitee,2020-0015-DWQ,8 302006002,,,07/09/2020,,,,Major,,,,,,0.0,27.0,
El Toro Water District,"Po Box 4000, Laguna Hills, CA 92654-4000",El Toro Water Dist WWRF,"23542 Moulton Parkway, Laguna Hills, CA 92653",33.61932,-117.72637,Wastewater Treatment Facility,4952,Orange,SB,"SLIC, WDRMUNILRG",Active,Co-Permitee,2020-0015-DWQ,8 303652001,,,07/09/2020,,,,,,,,,,0.0,0.0,
Beaumont City,"550 East 6th Street, Beaumont, CA 92223",Beaumont WWTP No. 1,"715 West 4th Street, Beaumont, CA 92223",33.92488,-116.99108,Wastewater Treatment Facility,4952,Riverside,8,"NPDMUNILRG, SLIC",Active,NPDES Permit,R8-2022-0042,8 330101001,CA0105376,10/21/2022,11/01/2022,,2027-10-31,6.0,Major,A,1.0,,,,1.0,17.0,
Idyllwild Water District,"Po Box 397, Idyllwild, CA 92549-0397",Idyllwild WD WWTP,"52335 Apela Drive, Idyllwild, CA 92549",33.732677,-116.748417,Wastewater Treatment Facility,4952,Riverside,8,WDRMUNILRG,Active,WDR,R8-2015-0028,8 330105001,,06/19/2015,07/01/2015,,2025-06-19,0.2,,B,2.0,,,,0.0,0.0,
Corona City DWP,"755 Public Safety Way, Corona, CA 92878",Corona WWRF #1,"2205 Railroad Street, Corona, CA 92880",33.89160648661,-117.609708185597,Wastewater Treatment Facility,4952,Riverside,SB,"NPDMUNILRG, SLIC",Active,Co-Permitee,2020-0015-DWQ,8 330108001,,,07/09/2020,,,,Major,,,,,,2.0,66.0,
Elsinore Valley Municipal Water District,"Po Box 3000, Lake Elsinore, CA 92531-3000",EVMWD Regional WWRF,"14980 Strickland Road, Lake Elsinore, CA 92530",33.68411,-117.34403,Wastewater Treatment Facility,4952,Riverside,SB,"NPDMUNILRG, SLIC",Active,Co-Permitee,2020-0015-DWQ,8 330112001,,,07/09/2020,,,,Major,,,,,,0.0,2.0,
Elsinore Valley Municipal Water District,"Po Box 3000, Lake Elsinore, CA 92531-3000",EVMWD Horsethief Canyon WWTP,"13200 Shotgun Trail, Corona, CA 92883",33.73311,-117.42754,Wastewater Treatment Facility,4952,Riverside,8,WDRMUNILRG,Active,WDR,96-063,8 330112003,,11/22/1996,11/22/1996,,2024-11-20,0.5,,B,2.0,,,,0.0,0.0,
Riverside City,"3900 Main Street, Riverside, CA 92522",Riverside City WWRF,"5950 Acorn Street, Riverside, CA 92504",33.9615,-117.4575,Wastewater Treatment Facility,4952,Riverside,SB,"NPDESWW, NPDMUNILRG, SLIC",Active,Co-Permitee,2020-0015-DWQ,8 330117003,,,07/09/2020,,,,Major,,,,,,1.0,1.0,
Lake Hemet Municipal Water District,"Po Box 5039, Hemet, CA 92544-0039",Lake Hemet MWD WWTP,"56570 HWY 74, Mountain Center, CA 92561",33.66986,-116.67455,Wastewater Treatment Facility,4952,Riverside,8,WDRMUNILRG,Active,WDR,98-084,8 330139001,,08/28/1998,08/28/1998,,2018-08-25,0.1,,B,2.0,,,,0.0,0.0,
Western Municipal Water District,"14205 Meridian Parkway, Riverside, CA 92518",Western Water Recycling Facility,"22751  Nandina Avenue, Riverside, CA 92518",33.867,-117.2647,Wastewater Treatment Facility,4952,Riverside,8,WDRMUNILRG,Active,WDR,R8-2003-0113,8 330700001,,11/21/2003,11/21/2003,,2018-11-21,1.25,,B,2.0,,,,0.0,0.0,
Rancho Caballero,"15181 Van Buren Boulevard, Riverside, CA 92504",Rancho Caballero WWTP,"15181 Van Buren Boulevard, Riverside, CA 92504",33.87918,-117.39396,Wastewater Treatment Facility,6515,Riverside,8,WDRMUNILRG,Active,WDR,98-006,8 331003001,,01/23/1998,01/23/1998,,2008-01-21,0.1,,B,2.0,,,,0.0,0.0,
Farm Mutual Water Company,"33383 Mill Pond Drive, Wildomar, CA 92595",Farm MWC WWTP,"33383 Mill Pond Drive, Wildomar, CA 92595",33.63542,-117.22858,Wastewater Treatment Facility,6515,Riverside,8,WDRMUNILRG,Active,WDR,97-079,8 331058001,,12/05/1997,12/05/1997,,2018-12-03,0.4,,B,2.0,,,,0.0,0.0,
"Silent Valley Club, Inc.","46305 Poppet Flat Road, Banning, CA 92220",Silent Valley RV Park WWTP,"46305 Poppet Flat Road, Banning, CA 92220",33.857563,-116.844169,Wastewater Treatment Facility,7033,Riverside,8,WDRMUNILRG,Active,WDR,99-041,8 332029001,,03/05/1999,03/05/1999,,2019-03-02,0.15,,B,2.0,,,,0.0,0.0,
Elsinore Valley Municipal Water District,"Po Box 3000, Lake Elsinore, CA 92531-3000",EVMWD Railroad Canyon WWRF,"29182 Railroad Canyon Road, Lake Elsinore, CA 92532",33.66713,-117.26453,Wastewater Treatment Facility,4952,Riverside,SB,"SLIC, WDRMUNILRG, WDRMUNIOTH",Active,Co-Permitee,2020-0015-DWQ,8 332122003,,,07/09/2020,,,,,,,,,,0.0,0.0,
Corona City DWP,"755 Public Safety Way, Corona, CA 92878",Corona WWRF #2,"650 Harrison Street, Corona, CA 92879",33.882111942262,-117.556315549706,Wastewater Treatment Facility,4952,Riverside,SB,"SLIC, WDRMUNILRG",Active,Co-Permitee,2020-0015-DWQ,8 332181001,,,07/09/2020,,,,,,,,,,0.0,0.0,
MHC NAC LP,"2 North Riverside Plaza 800, Chicago, IL 60606",Wilderness Lakes WWTP,"30605 Briggs Road, Menifee, CA 92584",33.67483,-117.13767,Wastewater Treatment Facility,7033,Riverside,8,WDRMUNILRG,Active,WDR,R8-2009-0046,8 332199001,,12/10/2009,12/10/2009,,2024-12-01,0.1,,B,2.0,,,,0.0,0.0,
Temescal Valley Water District,"22646 Temescal Canyon Road, Corona, CA 91719",Temescal Valley WD WWRF,"22646 Temescal Canyon Road, Corona, CA 92883",33.79449,-117.49537,Wastewater Treatment Facility,4952,Riverside,SB,"CERFILLEXC, NPDMUNILRG, NPDMUNIOTH, SLIC",Active,Co-Permitee,2020-0015-DWQ,8 332253001,,,07/09/2020,,,,"Major, Minor",,,,,,0.0,1.0,
Eastern Municipal Water District,"Po Box 8300, Perris, CA 92572-8300",Temescal Creek Outfall,"Lake Elsinore, CA",33.681111,-117.331667,Wastewater Treatment Facility,4952,Riverside,8,NPDMUNILRG,Active,NPDES Permit,R8-2015-0006,8 332303001,CA8000188,09/18/2015,10/01/2015,,2020-09-30,26.0,Major,A,1.0,,,,0.0,31.0,
Western Riverside County Regional Wastewater Authority,"14205 Meridian Parkway, Riverside, CA 92518-3045",WRCRWA Regional WWRF,"14634 River Road, Corona, CA 92880",33.93153,-117.60594,Wastewater Treatment Facility,4952,Riverside,SB,"NPDMUNILRG, SLIC",Active,Co-Permitee,2020-0015-DWQ,8 332353001,,,07/09/2020,,,,Major,,,,,,1.0,12.0,
Corona City DWP,"755 Public Safety Way, Corona, CA 92878",Corona WWRF #3,"3997 Temescal Canyon Road, Corona, CA 92883",33.822200826163,-117.507659891703,Wastewater Treatment Facility,4952,Riverside,SB,"CERFILLEXC, NPDMUNILRG, SLIC",Active,Co-Permitee,2020-0015-DWQ,8 332476001,,,07/09/2020,,,,Major,,,,,,0.0,5.0,
Eastern Municipal Water District,"Po Box 8300, Perris, CA 92572-8300",Moreno Valley RWRF,"17140 Kitching Street, Moreno Valley, CA 92551",33.87195,-117.21607,Wastewater Treatment Facility,4952,Riverside,SB,"SLIC, WDRMUNILRG",Active,Co-Permitee,2020-0015-DWQ,8 332783001,,,07/09/2020,,,,,,,,,,0.0,0.0,
Eastern Municipal Water District,"Po Box 8300, Perris, CA 92572-8300",Perris Valley RWRF,"1301 Case Road, Perris, CA 92570",33.76375,-117.20571,Wastewater Treatment Facility,4952,Riverside,SB,"SLIC, WDRMUNILRG",Active,Co-Permitee,2020-0015-DWQ,8 332783001,,,07/09/2020,,,,,,,,,,0.0,0.0,
Eastern Municipal Water District,"Po Box 8300, Perris, CA 92572-8300",San Jacinto Valley RWRF,"770 North Sanderson, San Jacinto, CA 92582",33.79804,-117.01189,Wastewater Treatment Facility,4952,Riverside,SB,"SLIC, WDRMUNILRG",Active,Co-Permitee,2020-0015-DWQ,8 332783001,,,07/09/2020,,,,,,,,,,0.0,0.0,
Eastern Municipal Water District,"Po Box 8300, Perris, CA 92572-8300",Sun City RWRF,"29285 Valley Boulevard, Menifee, CA 92584",33.69659,-117.21116,Wastewater Treatment Facility,4952,Riverside,8,WDRMUNILRG,Active,WDR,R8-2008-0008,8 332783001,,09/05/2008,09/05/2008,,2023-09-05,50.0,,A,2.0,,,,0.0,0.0,
Eastern Municipal Water District,"Po Box 8300, Perris, CA 92572-8300",Temecula Valley RWRF,"42565 Avenida Alvarado, Temecula, CA 92590",33.50722,-117.17148,Wastewater Treatment Facility,4952(+),Riverside,SB,"REC, SLIC, WDRMUNILRG",Active,Co-Permitee,2020-0015-DWQ,8 332783001,,,07/09/2020,,,,,,,,,,0.0,1.0,
Colton City,"650 North La Cadena Drive, Colton, CA 92324",Colton WRF,"1201 South Rancho Avenue, Colton, CA 92324",34.050668,-117.333214,Wastewater Treatment Facility,4952,San Bernardino,8,NPDMUNILRG,Active,NPDES Permit,R8-2012-0050,8 360105001,CA0105236,12/14/2012,01/01/2013,,2017-12-31,0.0,Major,B,1.0,,,,0.0,5.0,
Big Bear Area Regional WW Agency,"Po Box 517, Big Bear City, CA 92314",Big Bear WWRF,"122 Palomino Drive, Big Bear, CA 92314",34.26563,-116.81496,Wastewater Treatment Facility,4952,San Bernardino,SB,"NPDMUNILRG, SLIC, WDRMUNILRG",Active,Co-Permitee,2020-0015-DWQ,8 360108001,,,07/09/2020,,,,Major,,,,,,0.0,0.0,
Redlands City,"Po Box 3005, Redlands, CA 92373",Redlands WWRF,"1950 Nevada Street, Redlands, CA 92373",34.08986,-117.2174,Wastewater Treatment Facility,4952,San Bernardino,SB,"SLIC, WDRMUNILRG",Active,Co-Permitee,2020-0015-DWQ,8 360111001,,,07/09/2020,,,,,,,,,,0.0,0.0,
Rialto City,"325 West Rialto Avenue, Rialto, CA 92376",Rialto WWRF,"501 East Santa Ana Avenue, Bloomington, CA 92316",34.05524,-117.36499,Wastewater Treatment Facility,4952,San Bernardino,SB,"NPDMUNILRG, SLIC",Active,Co-Permitee,2020-0015-DWQ,8 360112001,,,07/09/2020,,,,Major,,,,,,0.0,44.0,
Running Springs Water Dist,"Po Box 2206, Running Springs, CA 92382",Running Springs WWTP,"3400 Sewer Plant Road, Running Springs, CA 92382",34.19462,-117.13738,Wastewater Treatment Facility,4952,San Bernardino,SB,"SLIC, WDRMUNILRG",Active,Co-Permitee,2020-0015-DWQ,8 360113001,,,07/09/2020,,,,,,,,,,0.0,1.0,
San Bernardino City Municipal Water Dept,"Po Box 710, San Bernardino, CA 92402",Margaret H Chandler WWRF,"399 Chandler Place, San Bernardino, CA 92408",34.077521,-117.291249,Wastewater Treatment Facility,4952,San Bernardino,SB,"NPDMUNILRG, SLIC",Active,Co-Permitee,2020-0015-DWQ,8 360114003,,,07/09/2020,,,,Major,,,,,,0.0,4.0,
CA Institution for Men Chino,"Po Box 128, Chino, CA 91708",CIM WWTP,"14901 Central Avenue, Chino, CA 91710",33.982673,-117.688912,Wastewater Treatment Facility,9223(+),San Bernardino,8,WDRMUNILRG,Active,WDR,95-024,8 360800001,,10/13/1995,10/13/1995,,2018-10-30,1.0,,B,2.0,,,,0.0,0.0,
San Bernardino Cnty Special Districts,"Po Box 11969, San Bernardino, CA 92423-1969",Lytle Creek WWTP,"30 Lytle Creek Road, Lytle Creek, CA 92358",34.20179,-117.44881,Wastewater Treatment Facility,4952,San Bernardino,8,WDRMUNILRG,Active,WDR,95-032,8 362200001,,09/01/1995,09/01/1995,,2005-08-29,0.16,,B,2.0,,,,0.0,0.0,
Yucaipa Valley Water District,"Po Box 730, Yucaipa, CA 92399-0730",Henry N. Wochholz WWRF,"880 West County Line Road, Calimesa, CA 92320",34.0023,-117.07465,Wastewater Treatment Facility,4952,Riverside,SB,"NPDESWW, NPDMUNILRG, SLIC",Active,Co-Permitee,2020-0015-DWQ,8 362222001,,,07/09/2020,,,,Major,,,,,,0.0,5.0,
Colton/San Bernardino RTT&WRA,"1350 South E Street, San Bernardino, CA 92408","Colton/San Bernadino STP, RIX","1990 Agua Mansa Road, Colton, CA 92324",34.041083,-117.353889,Wastewater Treatment Facility,4952,San Bernardino,SB,"NPDMUNILRG, SLIC",Active,Co-Permitee,2020-0015-DWQ,8 362375001,,,07/09/2020,,,,Major,,,,,,0.0,3.0,
San Bernardino Cnty Special Districts,"Po Box 11969, San Bernardino, CA 92423-1969",Lytle Creek North WWTP,"18100 Institution Road, San Bernardino, CA 92407",34.17631,-117.38887,Wastewater Treatment Facility,4952,San Bernardino,SB,"SLIC, WDRMUNILRG",Active,Co-Permitee,2020-0015-DWQ,8 362899001,,,07/09/2020,,,,Major,,,,,,0.0,0.0,
Inland Empire Utilities Agency,"Po Box 9020, Chino Hills, CA 91709",IEUA Carbon Canyon WWRF,"14950 Telephone Avenue, Chino, CA 91710",33.981437,-117.694789,Wastewater Treatment Facility,4952,San Bernardino,8,"NPDMUNILRG, SLIC",Active,NPDES Permit,R8-2022-0041,8 362918001,CA8000409,06/03/2022,08/01/2022,,2027-09-30,85.0,Major,A,1.0,,,,0.0,10.0,
Inland Empire Utilities Agency,"Po Box 9020, Chino Hills, CA 91709",IEUA Regional Plant No. 1,"2450 East Philadelphia Street, Ontario, CA 91761",34.027852,-117.600396,Wastewater Treatment Facility,4952,San Bernardino,8,"NPDMUNILRG, SLIC",Active,NPDES Permit,R8-2022-0041,8 362918001,CA8000409,06/03/2022,08/01/2022,,2027-09-30,85.0,Major,A,1.0,,,,0.0,9.0,
Inland Empire Utilities Agency,"Po Box 9020, Chino Hills, CA 91709",IEUA Regional Plant No. 2,"Chino, CA",,,Wastewater Treatment Facility,4952,San Bernardino,8,NPDMUNILRG,Active,NPDES Permit,R8-2022-0041,8 362918001,CA8000409,06/03/2022,08/01/2022,,2027-09-30,85.0,Major,A,1.0,,,,0.0,4.0,
Inland Empire Utilities Agency,"Po Box 9020, Chino Hills, CA 91709",IEUA Regional Plant No. 4,"12811 Sixth Street, Rancho Cucamonga, CA 91739",34.084564,-117.525855,Wastewater Treatment Facility,4952,San Bernardino,8,"NPDMUNILRG, SLIC",Active,NPDES Permit,R8-2022-0041,8 362918001,CA8000409,06/03/2022,08/01/2022,,2027-09-30,85.0,Major,A,1.0,,,,0.0,4.0,
Inland Empire Utilities Agency,"Po Box 9020, Chino Hills, CA 91709",IEUA Regional Plant No. 5,"6068 Kimball Avenue C, Chino, CA 91710",33.965592,-117.673391,Wastewater Treatment Facility,4952,San Bernardino,8,"NPDMUNILRG, SLIC",Active,NPDES Permit,R8-2022-0041,8 362918001,CA8000409,06/03/2022,08/01/2022,,2027-09-30,85.0,Major,A,1.0,,,,0.0,19.0,
East Valley Water District,"31111 Greenspot Road, Highland, CA 92346",Sterling Natural Resource Center WWTF,"25376 5th Street, San Bernardino, CA 92410",34.10854,-117.25055,Wastewater Treatment Facility,4952,San Bernardino,8,WDRMUNILRG,Active,WDR,R8-2023-0009,8 363000001,,12/01/2023,12/01/2023,,2033-12-01,8.0,Major,A,2.0,,,,0.0,0.0,
Encina Wastewater Authority,"6200 Avenida Encinas, Carlsbad, CA 92011",Carlsbad WRF,"6220 Avenida Encinas, Carlsbad, CA 92009",33.114837,-117.319736,Wastewater Treatment Facility,4952,San Diego,9,NPDMUNILRG,Active,NPDES Permit,R9-2018-0059,9 000000030,CA0107395,09/12/2018,11/01/2018,,2023-10-31,48.0,Major,A,1.0,,,,1.0,5.0,
Encina Wastewater Authority,"6200 Avenida Encinas, Carlsbad, CA 92011",Encina Ocean Outfall,"6200 Avenida Encinas, Carlsbad, CA 92009",33.11658,-117.32166,Wastewater Treatment Facility,4952,San Diego,9,NPDMUNILRG,Active,NPDES Permit,R9-2018-0059,9 000000030,CA0107395,09/12/2018,11/01/2018,,2023-10-31,48.0,Major,A,1.0,,,,0.0,3.0,
Encina Wastewater Authority,"6200 Avenida Encinas, Carlsbad, CA 92011",Encina Water Pollution Control Facility,"6200 Avenida Encinas, Carlsbad, CA 92009",33.11658,-117.32166,Wastewater Treatment Facility,4952,San Diego,SB,"NPDMUNILRG, SLIC",Active,Co-Permitee,2020-0015-DWQ,9 000000030,,,07/09/2020,,,,Major,,,,,,1.0,11.0,
Encina Wastewater Authority,"6200 Avenida Encinas, Carlsbad, CA 92011",Vallecitos WD Meadowlark WRP,"7941 Corintia Street, Carlsbad, CA 92009",33.10342,-117.22802,Wastewater Treatment Facility,4952,San Diego,SB,"NPDMUNILRG, SLIC",Active,Co-Permitee,2020-0015-DWQ,9 000000030,,,07/09/2020,,,,Major,,,,,,0.0,6.0,
Escondido City,"201 North Broadway, Escondido, CA 92025",HARRF DISCH to San Elijo Ocean Outfall,"1521 Hale Avenue, Escondido, CA 92029",33.104533,-117.111778,Wastewater Treatment Facility,4952,San Diego,SB,"NPDMUNILRG, SLIC",Active,Co-Permitee,2020-0015-DWQ,9 000000031,,,07/09/2020,,,,Major,,,,,,3.0,35.0,
Ramona MWD,"105 West Earlham Street, Ramona, CA 92065-1599",San Vicente WWTP,"22758 San Vicente Road, Ramona, CA 92065",32.99921,-116.84008,Wastewater Treatment Facility,4952,San Diego,9,WDRMUNILRG,Active,WDR,R9-2009-0005,9 000000076,,03/11/2009,03/11/2009,,2014-03-11,0.8,,B,1.0,,,,0.0,0.0,
Ramona MWD,"105 West Earlham Street, Ramona, CA 92065-1599",Santa Maria WWTP,"260 Sawday Street, Ramona, CA 92065",33.02993,-116.900549,Wastewater Treatment Facility,4952,San Diego,SB,"SLIC, WDRMUNILRG",Active,Co-Permitee,2020-0015-DWQ,9 000000077,,,07/09/2020,,,,,,,,,,0.0,0.0,
Fallbrook Public Utility District,"990 East Mission Road, Fallbrook, CA 92088",Fallbrook Water Reclamation Plant,"1425 South Alturas Street, Fallbrook, CA 92028",33.36712,-117.25798,Wastewater Treatment Facility,4952,San Diego,SB,"NPDMUNILRG, REC, SLIC, WDRMUNILRG",Active,Co-Permitee,2020-0015-DWQ,9 000000115,,,07/09/2020,,,,Major,,,,,,2.0,16.0,
SOCWA-Aliso Creek Ocean O/F,,El Toro WD WRP,"23542 Moulton Parkway, Laguna Hills, CA 92653",33.620609,-117.731458,Wastewater Treatment Facility,4952,Orange,9,NPDMUNILRG,Active,NPDES Permit,R9-2022-0006,9 000000117,CA0107611,03/09/2022,05/01/2022,,2027-04-30,34.37,Major,A,1.0,,,,1.0,8.0,
SOCWA-Aliso Creek Ocean O/F,,IRWD Los Alisos WRP,"15600 Sand Canyon Avenue, Irvine, CA 92618",33.66798,-117.76688,Wastewater Treatment Facility,4952,Orange,9,"NPDMUNILRG, SLIC",Active,NPDES Permit,R9-2022-0006,9 000000117,CA0107611,03/09/2022,05/01/2022,,2027-04-30,34.37,Major,A,1.0,,,,0.0,10.0,
SOCWA-Aliso Creek Ocean O/F,,SOCWA - Coastal TP,"28303 Alicia Parkway, Laguna Niguel, CA 92677",33.54587,-117.716339,Wastewater Treatment Facility,4952,Orange,9,NPDMUNILRG,Active,NPDES Permit,R9-2022-0006,9 000000117,CA0107611,03/09/2022,05/01/2022,,2027-04-30,34.37,Major,A,1.0,,,,0.0,37.0,
SOCWA-Aliso Creek Ocean O/F,,SOCWA - Regional TP,"29201 La Paz Rd, Laguna Niguel, CA 92677",33.536498,-117.698911,Wastewater Treatment Facility,4952,Orange,9,"NPDMUNILRG, SLIC",Active,NPDES Permit,R9-2022-0006,9 000000117,CA0107611,03/09/2022,05/01/2022,,2027-04-30,34.37,Major,A,1.0,,,,0.0,102.0,
SOCWA-Aliso Creek Ocean O/F,,SOCWA Aliso Creek Ocean Outfall,"34156 Del Obispo Street, Dana Point, CA 92629",33.466786,-117.685536,Wastewater Treatment Facility,4952,Orange,9,NPDMUNILRG,Active,NPDES Permit,R9-2022-0006,9 000000117,CA0107611,03/09/2022,05/01/2022,,2027-04-30,34.37,Major,A,1.0,,,,0.0,6.0,
San Diego County Sanitation District,"5500 Overland Avenue Ste 315, San Diego, CA 92123",Rancho Del Campo WPCF OWTS,"31035 Forest Gate, Campo, CA 92006",32.603591,-116.47027,Wastewater Treatment Facility,4952,San Diego,9,"WDRMUNIENROTH, WDRMUNILRG",Active,Enrollee - WDR,2014-0153-DWQ,9 000000123,,,12/11/2019,,2029-09-23,0.1,,B,2.0,,,,0.0,0.0,
San Elijo Joint Powers,"2695 Manchester Avenue, Cardiff By The Sea, CA 92007",San Elijo Water Campus,"2695 Manchester Avenue, Encinitas, CA 92007",33.01373,-117.27371,Wastewater Treatment Facility,4952,San Diego,SB,"NPDMUNILRG, SLIC, WDRMUNIENROTH, WDRMUNILRG",Active,Co-Permitee,2020-0015-DWQ,9 000000125,,,07/09/2020,,,,Major,,,,,,0.0,14.0,
Pauma Valley Community Services District,"33129 Cole Grade Road, Pauma Valley, CA 92061",Pauma Valley Treatment Plant,"33129 Cole Grade Road, Pauma Valley, CA 92061",33.3129,-117.00436,Wastewater Treatment Facility,4952,San Diego,9,"WDRMUNIENROTH, WDRMUNILRG",Active,Enrollee - WDR,2014-0153-DWQ,9 000000145,,,06/09/2021,,2029-09-23,0.1,,B,2.0,,,,0.0,0.0,
Oceanside City,"300 North Coast Highway, Oceanside, CA 92054","La Salina WWTP, Oceanside Ocean Outfall","1330 South Tait Street, Oceanside, CA 92054",33.179992,-117.370735,Wastewater Treatment Facility,4952,San Diego,SB,"NPDMUNILRG, SLIC",Active,Co-Permitee,2020-0015-DWQ,9 000000146,,,07/09/2020,,,,Major,,,,,,2.0,9.0,
Oceanside City,"300 North Coast Highway, Oceanside, CA 92054",Oceanside Ocean Outfall,"1330 South Tait Street, Oceanside, CA 92054",33.244925,-117.325703,Wastewater Treatment Facility,4952,San Diego,9,NPDMUNILRG,Active,NPDES Permit,R9-2019-0166,9 000000146,CA0107433,02/12/2020,04/01/2020,,2025-03-31,16.6,Major,A,1.0,,,,0.0,62.0,
Oceanside City,"300 North Coast Highway, Oceanside, CA 92054",San Luis Rey Water Reclamation Facility (NPDES - Ocean Discharge),"3950 North River Road, Oceanside, CA 92058",33.244925,-117.325703,Wastewater Treatment Facility,4952,San Diego,SB,"NPDMUNILRG, SLIC",Active,Co-Permitee,2020-0015-DWQ,9 000000146,,,07/09/2020,,,,Major,,,,,,1.0,9.0,
Whispering Palms Community Services District,"605 Third Street, Encinitas, CA 92024",Whispering Palms WPCF,"15525 Via De Santa Fe, Rancho Santa Fe, CA 92067",33.00127,-117.2002,Wastewater Treatment Facility,4952,San Diego,9,WDRMUNILRG,Active,WDR,R9-1994-0080,9 000000157,,06/09/1994,06/09/1994,,2014-06-09,0.4,,B,2.0,,,,1.0,78.0,
SOCWA-San Juan Creek Ocean O/F,"34156 Del Obispo Street, Dana Point, CA 92629",City of San Clemente WRP,"380 Avenida Pico, San Clemente, CA 92672",33.435947,-117.627018,Wastewater Treatment Facility,4952,Orange,9,"NPDMUNILRG, NPDNONMUNIPRCS, SLIC",Active,NPDES Permit,R9-2022-0005,9 000000175,CA0107417,03/09/2022,05/01/2022,,2027-04-30,43.78,Major,A,1.0,,,,0.0,12.0,
SOCWA-San Juan Creek Ocean O/F,"34156 Del Obispo Street, Dana Point, CA 92629",J.B. Latham Wastewater Treatment Plant,"34152 Del Obispo, Dana Point, CA 92629",33.466838,-117.685495,Wastewater Treatment Facility,4952,Orange,9,"NPDMUNILRG, NPDNONMUNIPRCS, SLIC",Active,NPDES Permit,R9-2022-0005,9 000000175,CA0107417,03/09/2022,05/01/2022,,2027-04-30,43.78,Major,A,1.0,,,,0.0,7.0,
SOCWA-San Juan Creek Ocean O/F,"34156 Del Obispo Street, Dana Point, CA 92629",SMWD - Chiquita WRP,"28793 Ortega Highway, San Juan Capistrano, CA 92675",33.517265,-117.629322,Wastewater Treatment Facility,4952,Orange,9,"NPDMUNILRG, NPDNONMUNIPRCS, SLIC",Active,NPDES Permit,R9-2022-0005,9 000000175,CA0107417,03/09/2022,05/01/2022,,2027-04-30,43.78,Major,A,1.0,,,,0.0,11.0,
SOCWA-San Juan Creek Ocean O/F,"34156 Del Obispo Street, Dana Point, CA 92629",SMWD Oso Creek WRP,"27204 La Paz Rd, Mission Viejo, CA 92692",33.59444,-117.65566,Wastewater Treatment Facility,4952,Orange,9,"NPDESWW, NPDMUNILRG",Active,NPDES Permit,R9-2022-0005,9 000000175,CA0107417,03/09/2022,05/01/2022,,2027-04-30,43.78,Major,A,1.0,,,,0.0,1.0,
SOCWA-San Juan Creek Ocean O/F,"34156 Del Obispo Street, Dana Point, CA 92629",SOCWA - 3A Treatment Plant,"26801 Camino Capistrano, Mission Viejo, CA 92653",33.570296,-117.673718,Wastewater Treatment Facility,4952,Orange,9,NPDMUNILRG,Active,NPDES Permit,R9-2022-0005,9 000000175,CA0107417,03/09/2022,05/01/2022,,2027-04-30,43.78,Major,A,1.0,,,,0.0,64.0,
SOCWA-San Juan Creek Ocean O/F,"34156 Del Obispo Street, Dana Point, CA 92629",SOCWA San Juan Creek Ocean Outfall,"30290 Rancho Viejo Rd, San Juan Capistrano, CA 92675",33.522454,-117.665743,Wastewater Treatment Facility,4952,Orange,9,"NPDESWW, NPDMUNILRG",Active,NPDES Permit,R9-2022-0005,9 000000175,CA0107417,03/09/2022,05/01/2022,,2027-04-30,43.78,Major,A,1.0,,,,2.0,8.0,
Rancho Santa Fe Community Services District,"605 Third Street, Encinitas, CA 92024-3513",Rancho Santa Fe San Dist Plant,"16105 Via De Santa Fe, Rancho Santa Fe, CA 92067",33.006,-117.208457,Wastewater Treatment Facility,4952,San Diego,9,WDRMUNILRG,Active,WDR,R9-1992-0004,9 000000177,,05/18/1992,05/18/1992,,2013-05-18,0.45,,B,2.0,,,,0.0,1.0,
Leucadia Wastewater District,"1960 La Costa Avenue, Carlsbad, CA 92009",Gafner Water Reclamation Facility,"1960 La Costa Avenue, Carlsbad, CA 92009",33.08677,-117.26634,Wastewater Treatment Facility,4952,San Diego,9,WDRMUNILRG,Active,WDR,R9-2004-0223,9 000000206,,09/08/2004,09/08/2004,,2013-09-08,1.0,,B,2.0,,,,0.0,0.0,
Otay MWD,"2554 Sweetwater Springs Boulevard, Spring Valley, CA 91978-2004",Ralph W Chapman WRF,"11901 Singer Lane, Spring Valley, CA 91978",32.72827,-116.94724,Wastewater Treatment Facility,4952,San Diego,SB,"REC, SLIC, WDRMUNILRG",Active,Co-Permitee,2020-0015-DWQ,9 000000217,,,07/09/2020,,,,,,,,,,0.0,0.0,
Valley Center MWD,"29300 Valley Center Road, Valley Center, CA 92082",Lower Moosa Canyon Recl Facil,"8711 Circle R Drive, Escondido, CA 92026",33.254895,-117.152751,Wastewater Treatment Facility,4952,San Diego,9,WDRMUNILRG,Active,WDR,95-032,9 000000236,,02/09/1995,02/09/1995,,2013-02-09,0.5,,B,2.0,,,,0.0,0.0,
Vallecitos Water District,"201 Vallecitos De Oro, San Marcos, CA 92069",Meadowlark WRF,"7941 Corintia Street, Carlsbad, CA 92009",33.106357,-117.227356,Wastewater Treatment Facility,4952,San Diego,9,WDRMUNILRG,Active,WDR,R9-2007-0018,9 000000247,,04/11/2007,04/11/2007,,2017-04-11,5.0,,B,2.0,,,,1.0,2.0,
Rincon Del Diablo Municipal Water District,"1920 North Iris Lane, Escondido, CA 92026",Harmony Grove Water Reclamation Plant,"2540 Country Club Drive, Escondido, CA 92029",33.1003126,-117.1301589,Wastewater Treatment Facility,,San Diego,9,WDRMUNILRG,Active,WDR,R9-2012-0054,9 0000002490,,11/13/2012,11/13/2012,,2017-11-14,0.541,Minor,B,2.0,,,,0.0,2.0,
Fairbanks Ranch Community Services District,"605 Third Street, Encinitas, CA 92024",Fairbanks Ranch WPCF,"16556 Circa Del Norte, Del Mar, CA 92014",32.99908,-117.19086,Wastewater Treatment Facility,4952,San Diego,9,WDRMUNILRG,Active,WDR,R9-1993-0005,9 000000257,,02/01/1993,02/01/1993,,2013-02-01,0.27,,B,2.0,,,,0.0,0.0,
San Diego City Metropolitan Wastewater Dept (Public Utilities),"9192 Topaz Way, San Diego, CA 92123-1119",Point Loma WWTP & Ocean Outfall,"1902 Gatchell Road, San Diego, CA 92106",32.68726,-117.24912,Wastewater Treatment Facility,4952,San Diego,9,"NPDMUNILRG, SLIC",Active,NPDES Permit,R9-2026-0002,9 000000275,CA0107409,03/11/2026,05/01/2026,,2031-04-30,240.0,Major,A,1.0,,,,8.0,82.0,
San Clemente City,"100 North Calle Seville, San Clemente, CA 92040",City of San Clemente WRP,"380 Avenida Pico, San Clemente, CA 92672",33.435947,-117.627018,Wastewater Treatment Facility,4952,Orange,9,"REC, WDRMUNILRG",Active,Enrollee - WDR,2016-0068-DDW,9 000000290,,,10/05/2015,,2020-10-05,,,,,,,,0.0,12.0,
Olivenhain Municipal Water District,"1966 Olivenhain Road, Encinitas, CA 92024-5699",4-S Ranch Water Reclamation Facility,"16595 Dove Canyon Road, San Diego, CA 92127",33.014402,-117.112003,Wastewater Treatment Facility,4952,San Diego,SB,"REC, SLIC, WDRMUNILRG",Active,Co-Permitee,2020-0015-DWQ,9 000000371,,,07/09/2020,,,,,,,,,,0.0,0.0,
SOCWA-Recycled Water Use,"34156 Del Obispo Street, Dana Point, CA 92629",IRWD Los Alisos WRP,"15600 Sand Canyon Avenue, Irvine, CA 92618",33.66798,-117.76688,Wastewater Treatment Facility,4952,Orange,9,WDRMUNILRG,Active,WDR,97-052,9 000000541,,10/15/1997,10/15/1997,,2014-10-15,6.0,,B,2.0,,,,0.0,10.0,
SOCWA-Recycled Water Use,"34156 Del Obispo Street, Dana Point, CA 92629",SMWD - Chiquita WRP,"28793 Ortega Highway, San Juan Capistrano, CA 92675",33.517265,-117.629322,Wastewater Treatment Facility,4952,Orange,9,WDRMUNILRG,Active,WDR,97-052,9 000000541,,10/15/1997,10/15/1997,,2014-10-15,6.0,,B,2.0,,,,0.0,11.0,
SOCWA-Recycled Water Use,"34156 Del Obispo Street, Dana Point, CA 92629",SMWD Oso Creek WRP,"27204 La Paz Rd, Mission Viejo, CA 92692",33.59444,-117.65566,Wastewater Treatment Facility,4952,Orange,SB,"SLIC, WDRMUNILRG",Active,Co-Permitee,2020-0015-DWQ,9 000000541,,,07/09/2020,,,,,,,,,,0.0,1.0,
SOCWA-Recycled Water Use,"34156 Del Obispo Street, Dana Point, CA 92629",SMWD-Nichols Reseach Inst WRF,"33608 Ortega Highway, San Juan Capistrano, CA 92675",33.56205,-117.54391,Wastewater Treatment Facility,4952,Orange,9,"WDRMUNILRG, WDRMUNIOTH",Active,WDR,97-052,9 000000541,,10/15/1997,10/15/1997,,2014-10-15,6.0,,B,2.0,,,,0.0,0.0,
SOCWA-Recycled Water Use,"34156 Del Obispo Street, Dana Point, CA 92629",SOCWA - 3A Treatment Plant,"26801 Camino Capistrano, Mission Viejo, CA 92653",33.570296,-117.673718,Wastewater Treatment Facility,4952,Orange,SB,"SLIC, WDR, WDRMUNILRG",Active,Co-Permitee,2020-0015-DWQ,9 000000541,,,07/09/2020,,,,,,,,,,0.0,64.0,
SOCWA-Recycled Water Use,"34156 Del Obispo Street, Dana Point, CA 92629",SOCWA - Coastal TP,"28303 Alicia Parkway, Laguna Niguel, CA 92677",33.54587,-117.716339,Wastewater Treatment Facility,4952,Orange,SB,"REC, SLIC, WDRMUNILRG",Active,Co-Permitee,2020-0015-DWQ,9 000000541,,,07/09/2020,,,,,,,,,,0.0,37.0,
SOCWA-Recycled Water Use,"34156 Del Obispo Street, Dana Point, CA 92629",SOCWA - Regional TP,"29201 La Paz Rd, Laguna Niguel, CA 92677",33.536498,-117.698911,Wastewater Treatment Facility,4952,Orange,9,"REC, WDRMUNILRG",Active,Enrollee - WDR,2016-0068-DDW,9 000000541,,,10/05/2015,,2020-10-05,,,C,,,,,0.0,102.0,
SOCWA-Recycled Water Use,"34156 Del Obispo Street, Dana Point, CA 92629",TCWD - Crystal Canyon WRP (Formerly Goren WWTP),"Live Oak Canyon Road, Trabuco Canyon, CA 92679",33.67023,-117.60242,Wastewater Treatment Facility,4952,Orange,SB,"CERFILLEXC, SLIC, WDRMUNILRG",Active,Co-Permitee,2020-0015-DWQ,9 000000541,,,07/09/2020,,,,,,,,,,0.0,1.0,
SOCWA-Recycled Water Use,"34156 Del Obispo Street, Dana Point, CA 92629",TCWD Robinson Ranch WRF,"21397 Heritage Rd, Trabuco Canyon, CA 92679",33.64534,-117.56208,Wastewater Treatment Facility,4952,Orange,SB,"SLIC, WDRMUNILRG",Active,Co-Permitee,2020-0015-DWQ,9 000000541,,,07/09/2020,,,,,,,,,,0.0,29.0,
Padre Dam Municipal Water District,"Po Box 719003, Santee, CA 92072",East County Water Recycling Facility,"12001 North Fanita Parkway, Santee, CA 92071",32.85834,-117.0061,Wastewater Treatment Facility,4952,San Diego,SB,"NPDMUNILRG, REC, SLIC, WDRMUNILRG",Active,Co-Permitee,2020-0015-DWQ,9 000000542,,,07/09/2020,,,,Major,,,,,,2.0,14.0,
Santa Rosa Regional Resources Authority,"42135 Winchester Road, Temecula, CA 92590-4800",Santa Rosa WRF-Recycled WTR,"26266 Washington Avenue, Murrieta, CA 92589",33.530592,-117.188652,Wastewater Treatment Facility,4952,Riverside,9,WDRMUNILRG,Active,WDR,94-092,9 000000564,,08/11/1994,04/16/2003,,2013-08-11,5.0,,B,2.0,,,,5.0,219.0,
Escondido City,"201 North Broadway, Escondido, CA 92025",Hale Avenue Resource Recovery Facility (HARRF) Recycled Water,"1521 South Hale Avenue, Escondido, CA 92029",33.10508,-117.11184,Wastewater Treatment Facility,4952,San Diego,9,WDRMUNILRG,Active,WDR,R9-2010-0032,9 000000592,,07/14/2010,07/14/2010,,2015-07-14,9.0,,B,2.0,,,,2.0,46.0,
"AC/S Environmental Security, MCB Camp Pendleton","Po Box 555151, Camp Pendleton, CA 92055-5151",Plant #12,"3950 N River Road, Oceanside, CA 92058",33.24482,-117.33143,Wastewater Treatment Facility,4952(+),San Diego,9,WDRMUNILRG,Active,Enrollee - Waiver,R9-2024-0001W2,9 000000671,,,08/13/2014,,2029-03-13,,,,,,,,0.0,0.0,
San Diego City Metropolitan Wastewater Dept (Public Utilities),"9192 Topaz Way, San Diego, CA 92123-1119",North City WRP,"4949 Eastgate Mall, San Diego, CA 92121",32.88063,-117.19854,Wastewater Treatment Facility,4952,San Diego,SB,"NPDMUNILRG, SLIC, WDRMUNILRG",Active,Co-Permitee,2020-0015-DWQ,9 000000730,,,07/09/2020,,,,Major,,,,,,0.0,36.0,
United States Section of the International Boundary and Water Commission (USIBWC),"2225 Dairy Mart Road, San Diego, CA 92173",South Bay International WWTP,"2995 Clearwater Way, San Diego, CA 92154",32.55614,-117.062422,Wastewater Treatment Facility,4952,San Diego,9,"NPDMUNILRG, SLIC",Active,NPDES Permit,R9-2021-0001,9 000000732,CA0108928,05/12/2021,07/01/2021,,2026-06-30,25.0,Major,A,1.0,,,,21.0,837.0,
"AC/S Environmental Security, MCB Camp Pendleton","Po Box 555151, Camp Pendleton, CA 92055-5151",STP 10 & 11,"Building #52831, Camp Pendleton North, CA 92055",33.3122,-117.36811,Wastewater Treatment Facility,4952,San Diego,9,WDRMUNILRG,Active,Enrollee - Waiver,R9-2024-0001W2,9 000000792,,,08/13/2014,,2029-03-13,,,,,,,,0.0,0.0,
Valley Center MWD,"29300 Valley Center Road, Valley Center, CA 92082",Woods Valley Ranch Water Reclamation Facility,"27743 Valley Center Road, Valley Center, CA 92082",33.21303,-117.03347,Wastewater Treatment Facility,4952,San Diego,9,"WDR, WDRMUNILRG, WDRMUNIOTH",Active,WDR,R9-2015-0104,9 000000830,,12/16/2015,12/16/2015,,2020-12-16,0.25,,B,2.0,,,,1.0,3.0,
Rancho Santa Fe Community Services District,"605 Third Street, Encinitas, CA 92024-3513",Santa Fe Valley WTP,"9062 Maranatha Drive, San Diego, CA 92127",33.025199,-117.135651,Wastewater Treatment Facility,4952,San Diego,9,WDRMUNILRG,Active,WDR,R9-2002-0013,9 000000899,,04/10/2002,04/10/2002,,2014-04-10,0.485,,B,2.0,,,,0.0,0.0,
San Diego City Metropolitan Wastewater Dept (Public Utilities),"9192 Topaz Way, San Diego, CA 92123-1119",South Bay WRP,"2411 Dairy Mart Road, San Diego, CA 92154",32.545457,-117.069647,Wastewater Treatment Facility,4952,San Diego,9,"NPDMUNILRG, SLIC, WDRMUNILRG",Active,NPDES Permit,R9-2021-0011,9 000000900,CA0109045,05/12/2021,07/01/2021,,2026-06-30,15.0,Major,A,1.0,,,,0.0,38.0,
Carlsbad MWD,"5950 El Camino Real, Carlsbad, CA 92008",Carlsbad WRF,"6220 Avenida Encinas, Carlsbad, CA 92009",33.114837,-117.319736,Wastewater Treatment Facility,4952,San Diego,SB,"REC, SLIC, WDRMUNILRG",Active,Co-Permitee,2020-0015-DWQ,9 000000929,,,07/09/2020,,,,,,,,,,1.0,5.0,
US Marine Corps Base Camp Pendleton,"Po Box 555008, Camp Pendleton, CA 92055",USMC Camp Pendleton Southern Regional Tertiary Treatment Plant,,33.23149,-117.39143,Wastewater Treatment Facility,4952,,9,"DODNPDESWW, WDRNONMUNIPRCS",Active,NPDES Permit,R9-2019-0167,9 000001182,CA0109347,02/12/2020,04/01/2020,,2025-03-31,7.5,Major,A,1.0,,,,5.0,118.0,
San Diego City Metropolitan Wastewater Dept (Public Utilities),"9192 Topaz Way, San Diego, CA 92123-1119",City of San Diego North City Pure Water Facility,"4950 Eastgate Mall, San Diego, CA 92121",32.9156,-117.0947,Wastewater Treatment Facility,,San Diego,9,NPDMUNILRG,Active,NPDES Permit,R9-2020-0001,9 000003607,CA0109398,05/13/2020,07/01/2020,,2025-06-30,32.8,Major,B,3.0,,,,0.0,45.0,
Oceanside City,"300 North Coast Highway, Oceanside, CA 92054",San Luis Rey Water Reclamation Facility - Recycled Water and Pure Water,"3950 North River Road, Oceanside, CA 92058",33.24537,-117.33103,Wastewater Treatment Facility,4952,San Diego,9,"REC, WDRMUNILRG",Active,WDR,R9-2021-0100,9 000003689,,12/08/2021,12/08/2021,,2031-12-08,4.5,,A,2.0,,,,3.0,24.0,
"Civita Water Recycling Company, LLC","5465 Morehouse Drive Ste 260, San Diego , CA 92121",Civita Water Reclamation Facility,"Friars Road and Russell Parkway (Northeast Corner), San Diego, CA 92108",32.77545,-117.14742,Wastewater Treatment Facility,,San Diego,9,WDRMUNILRG,Active,WDR,R9-2020-0108,9 000003742,,08/12/2020,08/12/2020,,2025-08-12,0.33,,B,2.0,,,,0.0,0.0,
East County Advanced Water Purification Joint Powers Authority,"9300 Fanita Parkway, Santee, CA 92071",East County Advanced Water Purification (AWP) Project,"12001 North Fanita Parkway, Santee, CA 92071",32.86596,-117.00634,Wastewater Treatment Facility,,San Diego,9,NPDMUNILRG,Active,NPDES Permit,R9-2025-0003,9 000004038,CA9000001,11/12/2025,06/01/2026,,2031-05-31,13.7,Major,A,1.0,,,,0.0,0.0,
East County Advanced Water Purification Joint Powers Authority,"9300 Fanita Parkway, Santee, CA 92071",East County Water Recycling Facility,"12001 North Fanita Parkway, Santee, CA 92071",32.85834,-117.0061,Wastewater Treatment Facility,4952,San Diego,9,WDRMUNILRG,Active,WDR,R9-2025-0060,9 000004083,,11/12/2025,06/01/2026,,2035-11-12,16.0,,B,2.0,,,,2.0,14.0,
"AC/S Environmental Security, MCB Camp Pendleton","Po Box 555151, Camp Pendleton, CA 92055-5151",USMC Camp Pendleton Southern Regional Tertiary Treatment Plant,,33.23149,-117.39143,Wastewater Treatment Facility,4952,,9,WDRMUNILRG,Active,WDR,R9-2018-0023,9000001834,,05/09/2018,05/09/2018,,2033-05-09,7.5,,B,3.0,,,,5.0,118.0,
Escondido City,"201 North Broadway, Escondido, CA 92025",Membrane Filtration/Reverse Osmosis Facility - Escondido,"901 West Washington Avenue, Escondido, CA 92025",33.12236,-117.09802,Wastewater Treatment Facility,,San Diego,9,"NPDMUNILRG, WDRMUNILRG",Active,WDR,R9-2023-0131,9000003903,,12/13/2023,12/13/2023,,2038-12-13,3.1,Major,B,3.0,,,,1.0,1.0,
Organizations Under Region 2 Watershed Permit,,Region 2 Watershed Nutrient Permittees,CA,,,Wastewater Treatment Facility,,San Francisco,2,NPDMUNILRG,Active,NPDES Permit,R2-2024-0013,,CA0038873,07/10/2024,10/01/2024,,2029-09-30,,Minor,,,,,,0.0,0.0,
