AGENCY_NAME,FACILITY_NAME,PERMIT_NUMBER,PDF_File,Shared_PDF,Comminution,Primary Clarification,Secondary Clarification,Chemical Precipitation,Unspecified Clarification,Screening/Microstrainer,Grit Removal,Equalization,Flotation,SBR,Oxidation Ditch,Pure Oxygen,Extended Aeration,Stepfeed,Unspecified AS,Facultative Lagoon,Aerated Lagoon,Anaerobic Lagoon,Polishing Lagoon,Stabilization Pond,Unspecified Lagoon,AO,A2O,MLE,UCT,Four Stage Bardenpho,Five Stage Bardenpho,Unspecified BNR,Chemical N Removal,Chemical P Removal,Unspecified Nutrient Removal,Secondary Filtration,Media Filtration,Biologically Active Filtration,Trickling Filter,Rotating Biological Contactor,Anaerobic Filter,Membrane Aerated Biofilm Reactor,Unspecified FFR,Nanofiltration,Electrodialysis Reversal,Electrodialysis,Reverse Osmosis,Ultrafiltration,Microfiltration,Membrane Bioreactor,Unspecified Membrane Process,Unspecified Filtration,Wetland,UV-AOP,Coagulation,Flocculation,Ion Exchange,Activated Carbon,Chlorination,Dechlorination,UV Disinfection,Ozonation,Thermal Disinfection,Unspecified Disinfection,Alum Addition,Ferric Chloride Addition,Polymer Addition,Lime Addition,Neutralization,Unspecified Chemical Addition,Anaerobic Digestion,Aerobic Digestion,Unspecified Digestion,Mechanical Dewatering,Centrifuge,Drying,Elutriation,Unspecified Dewatering,Thickening,Land Application,Biosolids Lagoon,Biosolids Landfill,Unspecified Disposal,MHI,FBI,Unspecified Incineration,Cogeneration,Heat Recovery
Alturas City,Alturas Municipal WWTP,CA0078921,r5-2020-0004_npdes_minor_mod.pdf,No,PRESENT,PRESENT,PRESENT,0,PRESENT,0,PRESENT,0,0,0,0,0,0,0,0,0,0,0,0,0,0,0,0,0,0,0,0,0,0,0,0,0,0,0,PRESENT,0,0,0,0,0,0,0,0,0,0,0,0,0,0,0,PRESENT,0,0,0,PRESENT,PRESENT,0,0,0,PRESENT,PRESENT,PRESENT,0,0,0,0,PRESENT,0,PRESENT,0,0,PRESENT,0,0,0,0,0,PRESENT,0,0,0,0,0,0
American Canyon City PWD,American Canyon Water Reclamation Facility (WRF) (formerly WWTP),CA0038768,Order R2-2022-0019 AmCan NPDES reissue Jun-2022.pdf,No,0,0,0,0,0,PRESENT,PRESENT,PRESENT,0,0,0,0,0,0,0,0,0,0,0,0,PRESENT,0,0,0,0,0,0,0,0,0,0,0,0,0,0,0,0,0,0,0,0,0,0,0,0,0,0,0,PRESENT,0,0,0,0,0,0,0,0,0,0,PRESENT,0,0,0,0,0,0,0,0,0,PRESENT,0,0,0,0,0,0,0,PRESENT,0,0,0,0,0,0
American Valley CSD,American Valley WWTP,CA0078981,r5-2024-0008_npdes.pdf,No,PRESENT,0,PRESENT,0,PRESENT,PRESENT,0,PRESENT,0,0,0,0,0,0,PRESENT,0,0,0,0,0,PRESENT,0,0,0,0,0,0,0,0,0,0,0,0,0,0,0,0,0,0,0,0,0,0,0,0,0,0,0,0,0,0,0,0,0,PRESENT,PRESENT,0,0,0,PRESENT,0,0,PRESENT,0,0,0,0,PRESENT,PRESENT,PRESENT,0,PRESENT,0,PRESENT,0,0,PRESENT,PRESENT,0,0,0,0,0,0
Anderson City,Anderson WPCP,CA0077704,R5-2025-0011_npdes.pdf,No,0,0,PRESENT,0,PRESENT,PRESENT,0,PRESENT,0,0,0,0,0,0,PRESENT,0,0,0,0,PRESENT,PRESENT,0,0,0,0,0,0,0,0,0,0,0,PRESENT,0,0,0,0,0,0,0,0,0,0,0,0,0,0,0,0,0,0,0,0,0,PRESENT,PRESENT,0,0,0,PRESENT,0,0,0,0,0,PRESENT,0,PRESENT,PRESENT,0,0,PRESENT,0,0,0,0,0,PRESENT,0,0,0,0,0,0
Angels City,Angels City WWTP,CA0085201,r5-2022-0038_npdes.pdf,No,0,0,0,0,PRESENT,PRESENT,PRESENT,PRESENT,0,PRESENT,0,0,0,0,0,0,0,0,0,0,0,0,0,0,0,0,0,PRESENT,0,0,0,0,PRESENT,0,0,0,0,0,0,0,0,0,0,0,0,0,0,0,0,0,PRESENT,PRESENT,0,0,PRESENT,0,PRESENT,0,0,PRESENT,0,0,0,0,0,0,0,PRESENT,PRESENT,PRESENT,0,PRESENT,0,0,0,0,0,0,0,0,0,0,0,0
Arcata City,Arcata City WWTF,,19_0006_Arcata_NPDES.pdf,No,0,PRESENT,PRESENT,0,PRESENT_AND_FUTURE,PRESENT,PRESENT,0,0,0,PRESENT_AND_FUTURE,0,0,0,PRESENT,0,0,0,0,0,PRESENT_AND_FUTURE,0,0,0,0,0,0,PRESENT,0,0,0,0,0,0,0,0,0,0,0,0,0,0,0,0,0,0,0,0,PRESENT,0,0,0,0,0,PRESENT_AND_FUTURE,PRESENT,PRESENT_AND_FUTURE,0,0,PRESENT_AND_FUTURE,0,0,0,0,0,0,PRESENT,0,PRESENT,0,0,PRESENT,0,0,PRESENT,PRESENT_AND_FUTURE,0,0,0,0,0,0,0,PRESENT
Atwater City,Atwater Regional WWTF,,city of atwater_wwtf.pdf,No,0,0,PRESENT,0,PRESENT,PRESENT,PRESENT,0,0,0,PRESENT,0,0,0,PRESENT,0,0,0,0,0,PRESENT,0,0,0,0,0,0,PRESENT,0,0,0,0,0,0,0,0,0,0,0,0,0,0,0,0,0,0,0,0,0,0,0,0,0,0,0,0,PRESENT,0,0,PRESENT,0,0,0,0,0,0,0,PRESENT,PRESENT,0,0,PRESENT,0,0,0,0,0,0,0,0,0,0,0,0
Avalon City,Avalon WWTF,CA0054372,Adopted Avalon NPDES Permit_CI 0066 05232024_ADAchecked_signed.pdf,No,0,0,0,0,PRESENT,0,0,0,0,0,0,0,0,0,PRESENT,0,0,0,0,0,0,0,0,0,0,0,0,0,0,0,0,0,0,0,PRESENT,0,0,0,0,0,0,0,0,0,0,0,0,0,0,0,0,0,0,0,PRESENT,PRESENT,0,0,0,PRESENT,0,0,0,0,0,0,0,0,0,0,PRESENT,PRESENT,0,0,0,0,0,PRESENT,0,0,0,0,0,0
Avila Beach CSD,Avila WWTP,CA0047830,R3-2017-0025 FINAL.pdf,No,PRESENT,PRESENT,PRESENT,0,PRESENT,PRESENT,0,0,0,0,0,0,0,0,0,0,0,0,0,0,0,0,0,0,0,0,0,0,0,0,0,0,0,0,0,0,0,0,PRESENT,0,0,0,FUTURE,0,0,0,0,0,0,0,0,0,0,0,PRESENT,PRESENT,0,0,0,0,0,0,0,0,0,0,PRESENT,0,PRESENT,0,0,0,0,0,0,0,0,0,0,0,0,0,0,0
"Bear Valley Water District (Bear Valley, CA)",Bear Valley WWTF,CA0085146,r5-2022-0037_npdes.pdf,No,0,0,0,PRESENT,0,0,0,0,0,0,0,0,0,0,0,0,0,0,PRESENT,0,PRESENT,0,0,0,0,0,0,0,0,0,0,0,0,0,0,0,0,0,0,0,0,0,0,0,0,0,0,0,0,0,0,0,0,0,0,0,0,0,0,PRESENT,PRESENT,0,0,0,0,0,0,0,0,0,0,0,0,0,0,0,0,0,0,0,0,0,0,0
Beaumont City,Beaumont WWTP No. 1,CA0105376,R8-2022-0042_City of Beaumont_Order_NPDES_Final 11-30-2022_esigned.pdf,No,0,0,0,0,0,0,PRESENT,PRESENT,0,0,0,0,0,0,0,0,0,0,0,0,0,0,0,0,0,0,0,0,0,0,0,0,0,0,0,0,0,0,0,0,0,0,PRESENT,0,FUTURE,PRESENT_AND_FUTURE,0,0,0,0,0,0,0,0,0,0,0,0,0,PRESENT,0,0,0,0,0,0,0,0,0,0,PRESENT,0,0,0,0,0,0,0,0,0,0,0,0,0
Benicia City,Benicia WWTP,CA0038091,Benicia R2-2025-0001.pdf,No,PRESENT,PRESENT,PRESENT,0,PRESENT,PRESENT,PRESENT,PRESENT,PRESENT,0,0,0,0,0,PRESENT,0,0,0,0,0,0,0,0,0,0,0,0,0,0,0,0,0,0,0,0,PRESENT,0,0,0,0,0,0,0,0,0,0,0,0,0,0,0,0,0,0,PRESENT,PRESENT,0,0,0,PRESENT,0,0,0,0,0,0,0,0,0,PRESENT,0,0,0,0,0,0,0,0,0,0,0,0,0,0
Brawley City,Brawley City WWTP,CA0104523,R7-2021-0005.pdf,No,0,PRESENT,PRESENT,0,PRESENT,PRESENT,0,0,0,0,0,0,PRESENT,0,PRESENT,0,0,0,0,0,0,0,0,0,0,0,0,0,0,0,0,0,0,0,0,0,0,0,0,0,0,0,0,0,0,0,0,0,0,0,0,0,0,0,0,0,PRESENT,0,0,PRESENT,0,0,0,0,0,0,0,0,0,0,PRESENT,PRESENT,0,PRESENT,PRESENT,0,0,0,0,0,0,0,0,0
Brentwood City,Brentwood WWTP,CA0082660,r5-2024-0020_npdes.pdf,Yes,0,0,PRESENT_AND_FUTURE,0,PRESENT_AND_FUTURE,PRESENT,PRESENT,0,0,0,FUTURE,0,PRESENT,0,PRESENT_AND_FUTURE,0,0,0,0,0,PRESENT,0,0,0,0,0,0,PRESENT,0,0,0,0,PRESENT,0,0,0,0,0,0,0,0,0,0,0,0,0,0,0,0,0,0,0,0,0,PRESENT_AND_FUTURE,PRESENT,0,0,0,PRESENT_AND_FUTURE,0,0,PRESENT,0,0,0,PRESENT_AND_FUTURE,0,PRESENT_AND_FUTURE,PRESENT_AND_FUTURE,PRESENT_AND_FUTURE,PRESENT_AND_FUTURE,0,PRESENT_AND_FUTURE,0,0,0,PRESENT,PRESENT_AND_FUTURE,0,0,0,0,0
Burbank City DPW,Burbank WRP,CA0055531,4424_R4-2023-0358_WDR_PKG.pdf,No,0,PRESENT,PRESENT,0,PRESENT,PRESENT,FUTURE,PRESENT,0,0,0,0,0,0,PRESENT,0,0,0,0,0,0,0,0,PRESENT,0,0,0,PRESENT,0,0,0,0,0,0,0,0,0,0,0,0,0,0,0,0,0,0,0,0,0,0,PRESENT,0,0,0,PRESENT,PRESENT,0,0,0,PRESENT,0,0,0,0,0,PRESENT,0,0,0,0,0,0,0,0,0,0,0,0,0,0,0,0,0,0
Burlingame City PWD,Burlingame WWTP,CA0037788,Burlingame R2-2023-0010.pdf,No,0,PRESENT,PRESENT,0,PRESENT,PRESENT,PRESENT,0,0,0,0,0,0,0,PRESENT,0,0,0,0,0,0,0,0,0,0,0,0,0,0,0,0,0,0,0,0,0,0,0,0,0,0,0,0,0,0,0,0,0,0,0,0,0,0,0,PRESENT,PRESENT,0,0,0,PRESENT,0,0,0,0,0,0,PRESENT,0,PRESENT,PRESENT,PRESENT,0,0,0,0,PRESENT,0,PRESENT,0,0,0,0,0,0
Ca Dept of Corrections Imperial,CA Dept of Corrections Centinela WWTP,CA7000001,R7-2024-0019.pdf,No,0,0,0,0,0,PRESENT,0,0,0,0,0,0,0,0,0,0,PRESENT,0,0,0,PRESENT,0,0,0,0,0,0,0,0,0,0,0,0,0,0,0,0,0,0,0,0,0,0,0,0,0,0,0,0,0,0,0,0,0,PRESENT,PRESENT,0,0,0,PRESENT,0,0,0,0,0,0,0,0,0,0,0,PRESENT,0,0,0,PRESENT,0,PRESENT,0,0,0,0,0,0
Ca Dept of Corrections San Luis Obispo,California Men's Colony WWTP,CA0047856,CMC NPDES Order R3-2020-0005 amended for new MRP.pdf,No,0,0,0,0,0,0,0,0,0,0,0,0,0,0,0,0,0,0,0,0,PRESENT,0,0,0,0,0,0,0,0,0,0,0,0,0,0,0,0,0,0,0,0,0,0,0,0,0,0,0,0,0,0,0,0,0,PRESENT,PRESENT,0,0,0,0,0,0,0,0,0,0,0,0,0,0,0,0,0,0,0,PRESENT,0,0,0,0,0,0,0,0
Calaveras Cnty Water District,Forest Meadows WWRP,CA0085278,r5-2024-0067_npdes.pdf,No,0,0,0,0,PRESENT,PRESENT,0,0,PRESENT,0,0,0,0,0,0,0,0,0,0,0,PRESENT,0,0,0,0,0,0,0,0,0,0,0,PRESENT,0,0,0,0,0,0,0,0,0,0,0,0,0,0,0,0,0,0,0,0,0,0,0,0,0,0,PRESENT,0,0,0,0,0,0,0,0,0,PRESENT,0,0,0,0,0,0,0,0,0,0,0,0,0,0
Calaveras Cnty Water District,Copper Cove WWRF,CA0084620,r5-2023-0013_npdes.pdf,No,0,0,0,0,PRESENT,PRESENT,0,0,0,0,0,0,0,0,0,0,PRESENT,0,0,0,PRESENT_AND_FUTURE,0,0,0,0,0,0,0,0,0,0,0,0,0,0,0,0,0,0,0,0,0,0,0,0,0,0,0,0,0,0,0,0,0,0,0,FUTURE,0,0,PRESENT_AND_FUTURE,0,0,0,0,0,0,0,0,0,0,0,0,0,0,0,PRESENT,0,0,0,0,0,0,0,0
Calexico City,Calexico City WWTP,CA7000009,R7-2025-0007.pdf,No,0,PRESENT,PRESENT,0,PRESENT,PRESENT,0,0,PRESENT,0,0,0,PRESENT,0,PRESENT,0,PRESENT,0,0,0,PRESENT,0,0,0,0,0,0,0,0,0,0,0,0,0,0,0,0,0,0,0,0,0,0,0,0,0,0,0,0,0,0,0,0,0,0,0,0,0,0,PRESENT,0,0,0,0,0,0,PRESENT,0,PRESENT,0,0,PRESENT,0,0,0,PRESENT,0,0,0,0,0,0,0,0
Calipatria City,Calipatria City WWTP,CA0105015,R7-2020-0010.pdf,No,0,0,0,0,PRESENT,PRESENT,0,0,0,0,0,0,0,0,0,0,PRESENT,0,0,0,PRESENT,0,0,0,0,0,0,0,0,0,0,0,0,0,0,0,0,0,0,0,0,0,0,0,0,0,0,0,0,0,0,0,0,0,PRESENT,PRESENT,0,0,0,PRESENT,0,0,0,0,0,0,0,0,0,0,0,0,0,0,0,0,0,0,0,0,0,0,0,0
Calistoga City Public Works Dept.,Calistoga City Dunaweal WWTP,CA0037966,R2-2022-0010.pdf,Yes,0,0,PRESENT_AND_FUTURE,0,PRESENT_AND_FUTURE,PRESENT_AND_FUTURE,0,PRESENT,0,0,0,0,0,0,0,0,0,0,0,0,PRESENT_AND_FUTURE,0,0,0,0,0,0,0,0,0,0,0,0,0,0,0,0,0,0,0,0,0,0,0,0,0,0,0,0,0,0,0,0,0,PRESENT_AND_FUTURE,PRESENT,0,0,0,PRESENT_AND_FUTURE,0,0,PRESENT,0,0,0,PRESENT,0,PRESENT,FUTURE,0,PRESENT,0,FUTURE,0,PRESENT,0,PRESENT,0,0,0,0,0,0
Camarillo Sanitary District,Camarillo WRP,,1278_R4-2019-0136_WDR_PKG.pdf,No,0,PRESENT,PRESENT,0,PRESENT_AND_FUTURE,PRESENT,PRESENT,PRESENT,0,0,0,0,0,0,PRESENT,0,0,0,0,0,PRESENT_AND_FUTURE,0,0,0,0,0,0,PRESENT,0,0,0,PRESENT,PRESENT,0,0,0,0,0,0,0,0,0,0,0,0,0,0,0,0,0,0,0,0,0,PRESENT,PRESENT,0,0,0,PRESENT,PRESENT,0,0,0,0,0,PRESENT,PRESENT,PRESENT,0,0,PRESENT,0,0,0,PRESENT,0,PRESENT,0,0,0,0,0,0
Carpinteria SD,Carpinteria SD WWTP,,Revised_CA0047364_Carpinteria.pdf,No,0,PRESENT,PRESENT,0,PRESENT,PRESENT,PRESENT,0,0,0,0,0,0,0,PRESENT,0,0,0,0,0,0,0,0,0,0,0,0,0,0,0,0,0,0,0,0,0,0,0,0,0,0,0,FUTURE,0,0,0,0,0,0,0,0,0,0,0,PRESENT,0,0,0,0,PRESENT,0,0,0,0,0,PRESENT,0,PRESENT,PRESENT,PRESENT,0,0,0,0,0,PRESENT,0,0,0,0,0,0,0,0
Castro Valley Sanitary District,Oro Loma/Castro Valley SD WPCP,CA0038849,Order R2-2024-0006.pdf,Yes,0,PRESENT,PRESENT,0,PRESENT,PRESENT,PRESENT,PRESENT,0,0,0,0,0,0,PRESENT,0,0,0,0,0,0,0,0,PRESENT,0,0,0,PRESENT,0,0,0,0,0,0,0,0,0,0,0,0,0,0,0,0,0,0,0,0,0,0,0,0,0,0,PRESENT,PRESENT,0,0,0,PRESENT,0,0,0,0,0,0,0,0,0,0,0,0,0,0,0,0,0,0,0,0,0,0,0,0
Oro Loma Sanitary District,Oro Loma/Castro Valley SD WPCP,CA0037559,Order R2-2024-0006.pdf,Yes,0,PRESENT,PRESENT,0,PRESENT,PRESENT,PRESENT,PRESENT,0,0,0,0,0,0,PRESENT,0,0,0,0,0,0,0,0,PRESENT,0,0,0,PRESENT,0,0,0,0,0,0,0,0,0,0,0,0,0,0,0,0,0,0,0,0,0,0,0,0,0,0,PRESENT,PRESENT,0,0,0,PRESENT,0,0,0,0,0,0,0,0,0,0,0,0,0,0,0,0,0,0,0,0,0,0,0,0
Cayucos SD,Cayucos SD WWTP,CA3000001,Order R3-2020-0004_final.pdf,No,0,0,0,0,0,PRESENT,PRESENT,PRESENT,0,0,0,0,0,0,PRESENT,0,0,0,0,0,0,0,0,0,0,0,0,0,0,0,0,0,0,0,0,0,0,0,0,0,0,0,0,0,0,PRESENT,0,0,0,0,0,0,0,0,0,0,0,0,0,PRESENT,0,0,0,0,0,0,0,0,0,PRESENT,0,0,0,PRESENT,0,PRESENT,0,PRESENT,0,0,0,0,0,0
Central Contra Costa Sanitary District,Central Contra Costa SD WWTP,CA0037648,R2-2022-0020.pdf,No,0,PRESENT,PRESENT,0,PRESENT,PRESENT,PRESENT,0,PRESENT,0,0,0,0,0,0,0,0,0,0,0,0,0,0,0,0,0,0,FUTURE,0,0,FUTURE,0,0,0,0,0,0,0,0,0,0,0,0,0,0,0,0,0,0,0,0,0,0,0,PRESENT,0,0,0,0,PRESENT,0,0,0,0,0,0,0,0,0,0,PRESENT,0,0,0,0,0,0,PRESENT,0,0,0,PRESENT,0,0
Central Marin Sanitation Agency,Central Marin San. Agcy. WWTP,CA0038628,Final Order Central Marin Sanitation Agency.pdf,No,0,PRESENT,PRESENT,PRESENT,PRESENT,PRESENT,PRESENT,0,0,0,0,0,0,0,0,0,0,0,0,0,PRESENT,0,0,0,0,0,0,0,0,0,0,0,0,0,PRESENT,0,0,0,0,0,0,0,0,0,0,0,0,0,0,0,0,0,0,0,PRESENT,PRESENT,0,0,0,PRESENT,0,0,0,0,0,0,PRESENT,0,PRESENT,PRESENT,PRESENT,0,0,PRESENT,0,0,0,PRESENT,0,0,0,0,PRESENT,0
Chester PUD,Chester STP,CA0077747,r5-2021-0022_npdes.pdf,No,0,0,0,0,0,PRESENT,0,0,0,0,0,0,0,0,0,0,0,0,0,PRESENT,PRESENT,0,0,0,0,0,0,0,0,0,0,0,0,0,0,0,0,0,0,0,0,0,0,0,0,0,0,0,0,0,0,0,0,0,0,PRESENT,0,0,0,0,0,0,0,0,0,0,0,0,0,0,0,0,0,0,0,0,0,0,0,0,0,0,0,0
Chico City,Chico Water Pollution Control Plant,CA0079081,r5-2022-0033_npdes.pdf,No,0,PRESENT,PRESENT,0,PRESENT,PRESENT,PRESENT,0,0,0,0,0,0,0,PRESENT_AND_FUTURE,0,0,0,0,0,PRESENT_AND_FUTURE,0,0,FUTURE,0,0,0,FUTURE,0,0,FUTURE,0,0,0,0,0,0,0,0,0,0,0,0,0,0,0,0,0,0,0,0,0,0,0,PRESENT,PRESENT,0,0,0,PRESENT_AND_FUTURE,0,0,0,0,0,0,0,0,PRESENT,0,PRESENT,PRESENT,0,0,0,PRESENT,0,0,0,0,0,0,0,0
City of El Paso de Robles,Paso Robles WWTP,,Order R3-2021-0001_final.pdf,Yes,0,PRESENT,PRESENT,0,PRESENT,PRESENT,PRESENT,PRESENT,PRESENT,0,0,0,0,0,PRESENT,0,0,0,PRESENT,0,PRESENT,0,0,0,0,0,0,PRESENT,0,0,PRESENT,0,PRESENT,0,PRESENT,0,0,0,0,0,0,0,PRESENT,0,0,0,0,0,0,0,0,0,PRESENT,0,PRESENT_AND_FUTURE,PRESENT_AND_FUTURE,PRESENT,0,0,PRESENT,0,0,0,0,0,0,PRESENT,0,PRESENT,PRESENT,0,PRESENT,0,0,0,0,0,PRESENT,0,0,0,0,PRESENT,0
City of Morro Bay,City of Morro Bay Water Reclamation Facility,CA3000002,7-18-22_MorroBay_finalorder.pdf,No,0,0,0,0,PRESENT,PRESENT,PRESENT,0,0,0,0,0,0,0,PRESENT,0,0,0,0,0,0,0,0,0,0,0,0,PRESENT,0,0,PRESENT,0,0,0,0,0,0,0,0,0,0,0,PRESENT,0,0,PRESENT,0,0,0,0,0,0,0,0,PRESENT,PRESENT,PRESENT,0,0,PRESENT,0,0,PRESENT,0,0,0,0,0,0,PRESENT,0,0,0,PRESENT,0,0,0,PRESENT,0,0,0,0,0,0
City of Pacifica,Calera Creek Water Recycling Plant,CA0038776,CA0038776 R2-2022-0029 NPDES Permit.pdf,No,0,0,0,0,0,PRESENT,PRESENT,PRESENT,0,PRESENT,0,0,0,0,PRESENT,0,0,0,0,0,PRESENT,0,0,0,0,0,0,0,0,0,0,0,0,0,0,0,0,0,0,0,0,0,0,0,0,0,0,0,PRESENT,0,0,0,0,0,PRESENT,PRESENT,PRESENT,0,0,PRESENT,0,0,0,0,0,0,0,PRESENT,PRESENT,0,PRESENT,0,0,0,0,PRESENT,0,PRESENT,0,0,0,0,0,0
City of Redding,Clear Creek WWTP,CA0079731,r5-2022-0040_npdes.pdf,No,0,PRESENT,PRESENT,0,PRESENT,PRESENT,PRESENT,PRESENT,0,0,0,0,0,0,PRESENT,0,0,0,0,0,PRESENT,0,0,PRESENT,0,0,0,PRESENT,0,0,0,0,PRESENT,0,0,0,0,0,0,0,0,0,0,0,0,0,0,PRESENT,0,0,PRESENT,PRESENT,0,0,PRESENT,PRESENT,0,0,0,PRESENT,0,PRESENT,PRESENT,0,0,0,PRESENT,0,PRESENT,0,PRESENT,PRESENT,0,PRESENT,0,0,PRESENT,PRESENT_AND_FUTURE,0,0,0,0,0,0
City of Redding,Stillwater WWTF,CA0082589,r5-2023-0017_npdes.pdf,No,0,PRESENT,PRESENT_AND_FUTURE,0,PRESENT_AND_FUTURE,PRESENT,0,0,0,0,0,0,0,0,PRESENT,0,0,0,0,0,FUTURE,0,0,0,0,0,0,PRESENT,0,0,0,0,0,0,0,0,0,0,0,0,0,0,0,0,0,0,0,0,0,0,0,0,0,0,PRESENT,PRESENT,0,0,0,PRESENT,0,0,0,0,0,0,0,FUTURE,FUTURE,PRESENT_AND_FUTURE,0,FUTURE,0,FUTURE,0,0,FUTURE,PRESENT,0,0,0,0,0,0
City of Santa Cruz,Santa Cruz WWTP,CA0048194,R3-2023-0001.pdf,Yes,0,PRESENT,PRESENT,0,PRESENT,PRESENT,PRESENT,0,0,0,0,0,0,0,0,0,0,0,0,0,PRESENT,0,0,0,0,0,0,0,0,0,0,0,0,0,PRESENT,0,0,0,0,0,0,0,PRESENT,0,0,0,0,0,0,0,0,0,0,0,PRESENT,0,PRESENT,0,0,PRESENT,0,0,0,0,0,0,PRESENT,0,PRESENT,0,PRESENT,0,0,PRESENT,0,0,0,0,0,0,0,0,0,0
Santa Cruz City,Santa Cruz WWTP,,R3-2023-0001.pdf,Yes,0,PRESENT,PRESENT,0,PRESENT,PRESENT,PRESENT,0,0,0,0,0,0,0,0,0,0,0,0,0,PRESENT,0,0,0,0,0,0,0,0,0,0,0,0,0,PRESENT,0,0,0,0,0,0,0,PRESENT,0,0,0,0,0,0,0,0,0,0,0,PRESENT,0,PRESENT,0,0,PRESENT,0,0,0,0,0,0,PRESENT,0,PRESENT,0,PRESENT,0,0,PRESENT,0,0,0,0,0,0,0,0,0,0
City of Ventura,Ventura WRF,CA0064726,VWRF Adopted NPDES CI-10859.pdf,Yes,0,PRESENT,PRESENT,0,PRESENT,PRESENT,PRESENT,PRESENT,PRESENT,0,0,0,0,0,PRESENT,0,0,0,0,0,PRESENT,0,0,0,0,0,0,PRESENT,0,0,PRESENT,0,PRESENT,0,0,0,0,0,0,0,0,0,PRESENT,0,0,FUTURE,0,0,0,0,0,0,0,0,PRESENT_AND_FUTURE,PRESENT,0,0,0,PRESENT_AND_FUTURE,0,0,0,0,0,0,PRESENT,0,PRESENT,0,PRESENT,0,0,PRESENT,PRESENT,PRESENT,0,0,0,0,0,0,0,PRESENT
Ventura City,Ventura WRF,,VWRF Adopted NPDES CI-10859.pdf,Yes,0,PRESENT,PRESENT,0,PRESENT,PRESENT,PRESENT,PRESENT,PRESENT,0,0,0,0,0,PRESENT,0,0,0,0,0,PRESENT,0,0,0,0,0,0,PRESENT,0,0,PRESENT,0,PRESENT,0,0,0,0,0,0,0,0,0,PRESENT,0,0,FUTURE,0,0,0,0,0,0,0,0,PRESENT_AND_FUTURE,PRESENT,0,0,0,PRESENT_AND_FUTURE,0,0,0,0,0,0,PRESENT,0,PRESENT,0,PRESENT,0,0,PRESENT,PRESENT,PRESENT,0,0,0,0,0,0,0,PRESENT
Cloverdale City,Cloverdale City WWTP,,18_0034_City of Cloverdale_WWTF_NPDES.pdf,No,0,0,0,0,PRESENT,PRESENT,0,0,0,0,0,0,PRESENT,0,0,0,0,0,PRESENT,0,PRESENT,0,0,0,0,0,0,0,0,0,0,0,0,0,0,0,0,0,0,0,0,0,0,0,0,0,0,0,0,0,0,0,0,0,PRESENT,0,0,0,0,0,0,0,0,0,0,0,0,0,0,0,0,0,0,0,0,0,0,PRESENT,0,0,0,0,0,0
Clovis City,Clovis WWTF,CA0085235,r5-2024-0036_npdes.pdf,No,0,0,0,0,0,0,PRESENT,0,0,0,0,0,0,0,PRESENT,0,0,0,0,0,0,0,0,0,0,0,0,0,0,0,0,0,0,0,0,0,0,0,0,0,0,0,0,0,0,0,0,0,0,0,0,0,0,0,0,0,0,0,0,PRESENT,0,0,0,0,0,0,0,0,PRESENT,0,PRESENT,0,0,PRESENT,0,PRESENT,0,PRESENT,0,0,0,0,0,0
Coachella SD,Coachella SD WWTP,,R7-2020-0008.pdf,No,0,0,PRESENT,0,PRESENT,PRESENT,PRESENT,0,0,0,PRESENT,0,PRESENT,0,PRESENT,0,0,0,0,0,PRESENT_AND_FUTURE,0,0,0,0,0,0,PRESENT,0,0,0,0,0,0,0,0,0,0,0,0,0,0,0,0,0,0,0,0,0,0,0,0,0,0,0,PRESENT,0,0,0,PRESENT,0,0,0,0,0,0,0,0,PRESENT,0,0,PRESENT,0,0,0,0,0,0,0,0,0,0,0,0
Coachella Valley WD,Coachella Valley WD WWTP,CA0104973,R7-2023-0013.pdf,No,PRESENT,0,PRESENT,0,PRESENT,PRESENT,0,0,0,0,0,0,0,0,PRESENT,0,PRESENT,0,PRESENT,0,PRESENT,0,0,0,0,0,0,0,0,0,0,0,0,0,0,0,0,0,0,0,0,0,0,0,0,0,0,FUTURE,0,0,0,0,0,0,PRESENT_AND_FUTURE,PRESENT,0,0,0,FUTURE,0,0,PRESENT,0,0,0,0,0,0,PRESENT,0,PRESENT,0,0,0,PRESENT,0,PRESENT,0,0,0,0,0,0
Colfax City,City of Colfax WWTP,CAG585001,r5-2023-0025-001_noa.pdf,No,0,0,PRESENT,PRESENT,PRESENT,PRESENT,0,PRESENT,0,0,0,0,0,0,PRESENT,0,0,0,0,0,PRESENT,0,0,0,0,0,0,PRESENT,0,0,0,0,0,0,0,0,0,0,0,0,0,0,0,0,0,0,0,0,0,0,0,0,0,0,0,0,0,0,0,PRESENT,0,0,0,0,0,0,0,0,PRESENT,PRESENT,0,0,0,PRESENT,0,0,0,PRESENT,0,0,0,0,0,0
Colton City,Colton WRF,CA0105236,12-0050_City_of_Colton_WDR.pdf,No,0,PRESENT,PRESENT,0,PRESENT,PRESENT,PRESENT,0,0,0,PRESENT,0,0,0,PRESENT,0,0,0,0,0,0,0,0,0,0,0,0,PRESENT,0,0,0,0,0,0,0,0,0,0,0,0,0,0,0,0,0,0,0,0,0,0,0,0,0,0,PRESENT,0,0,0,0,PRESENT,0,0,0,0,0,0,PRESENT,0,PRESENT,0,0,0,0,PRESENT,0,0,0,PRESENT,0,0,0,0,0,0
Colton/San Bernardino RTT&WRA,"Colton/San Bernadino STP, RIX",,13-0032_Coton-San_Bernardino_RTT_Water_Reclam_Auth.pdf,No,0,0,0,0,0,0,0,0,0,0,0,0,0,0,0,0,0,0,0,0,PRESENT,0,0,0,0,0,0,0,0,0,0,0,PRESENT,0,0,0,0,0,0,0,0,0,0,0,0,0,0,0,0,0,0,0,0,0,0,0,PRESENT,0,0,PRESENT,0,0,0,0,0,0,0,0,0,0,0,0,0,0,0,0,0,0,0,0,0,0,0,0
Colusa City,City of Colusa WWTP,CA0078999,r5-2022-0020_npdes.pdf,Yes,0,0,PRESENT,0,PRESENT,PRESENT,0,PRESENT,0,0,0,0,0,0,0,0,0,0,0,0,PRESENT,0,0,0,0,0,0,PRESENT,0,0,0,0,PRESENT,0,0,0,0,0,0,0,0,0,0,0,0,0,0,0,0,0,0,PRESENT,0,0,0,0,0,0,0,PRESENT_AND_FUTURE,0,0,0,0,0,PRESENT,0,0,0,0,0,0,0,0,0,0,PRESENT,PRESENT,0,0,0,0,0,0
Corning City,City of Corning WWTP,CA0004995,r5-2022-0022_npdes.pdf,No,0,0,PRESENT,0,PRESENT,PRESENT,0,PRESENT,0,0,PRESENT,0,0,0,PRESENT,0,0,0,0,0,0,0,0,0,0,0,0,0,0,0,0,0,0,0,0,0,0,0,0,0,0,0,0,0,0,0,0,0,0,0,0,0,0,0,PRESENT,PRESENT,0,0,0,PRESENT,0,0,0,0,0,0,0,0,0,0,0,PRESENT,0,0,0,0,0,PRESENT,0,0,0,0,0,0
Corona City DWP,Corona WWRF #3,,14-0015_City_of_Corona_DW&P_WD&RR_WRF_No_3.pdf,No,0,0,0,0,0,PRESENT,0,0,0,0,0,0,0,0,PRESENT,0,0,0,0,0,0,0,0,0,0,0,0,0,0,0,0,0,0,0,0,0,0,0,0,0,0,0,0,0,PRESENT,0,0,0,0,0,0,0,0,0,PRESENT,PRESENT,0,0,0,0,0,0,0,0,0,0,0,0,0,0,0,0,0,0,0,0,0,0,0,0,0,0,0,0
Corona City DWP,Corona WWRF #1,,R8-2020-0021_City_of_ Corona_ (final version).pdf,No,0,PRESENT,PRESENT,0,PRESENT,PRESENT,PRESENT,PRESENT,0,0,PRESENT,0,0,0,PRESENT,0,0,0,0,0,PRESENT,0,0,0,0,0,0,PRESENT,0,0,PRESENT,0,0,0,0,0,0,0,0,0,0,0,0,0,0,0,0,0,0,0,PRESENT,0,0,0,PRESENT,PRESENT,0,0,0,PRESENT,0,0,0,0,0,0,PRESENT,0,PRESENT,PRESENT,PRESENT,0,0,0,0,PRESENT,0,0,0,0,0,0,0,0
"Country Life MHRVP Asset Partners, L.P.",Country Life MHPRV Asset Partners LP WWTP,CA0104264,R7-2023-0041.pdf,No,0,0,0,0,PRESENT,PRESENT,0,0,0,0,0,0,PRESENT,0,PRESENT,0,0,0,0,0,0,0,0,0,0,0,0,0,0,0,0,0,0,0,0,0,0,0,0,0,0,0,0,0,0,0,0,0,0,0,0,0,0,0,0,0,0,0,0,PRESENT,0,0,0,0,0,0,0,0,PRESENT,0,0,PRESENT,0,0,0,0,0,PRESENT,0,0,0,0,0,0
Covelo CSD,Covelo POTW,CA0023574,23_0006_covelo_csd_06.20.2023_eosigned.pdf,No,PRESENT,0,0,0,0,PRESENT_AND_FUTURE,0,0,0,0,0,0,0,0,0,0,0,0,0,0,PRESENT,0,0,0,0,0,0,0,0,0,0,0,0,0,0,0,0,0,0,0,0,0,0,0,0,0,0,0,PRESENT,0,0,0,0,0,PRESENT,0,0,PRESENT,0,PRESENT,0,0,0,0,0,0,0,0,0,0,0,0,0,0,0,PRESENT,0,0,0,0,0,0,0,0
Crescent City,Crescent City WWTP,CA0022756,23_0039_CrescentCity_NPDES.pdf,No,0,PRESENT,PRESENT,0,PRESENT,PRESENT,PRESENT,0,0,0,0,0,0,0,0,0,0,0,0,0,0,0,0,0,0,0,0,0,0,0,0,0,0,0,0,PRESENT,0,0,0,0,0,0,0,0,0,PRESENT,0,0,0,0,0,0,0,0,PRESENT,PRESENT,FUTURE,0,0,PRESENT_AND_FUTURE,0,0,0,0,0,0,PRESENT,0,PRESENT,PRESENT,0,0,0,0,PRESENT,0,0,PRESENT,0,0,0,0,0,0
Crockett Community Services District,Port Costa WWTP,CA0037885,R2-2024-0009 Port Costa NPDES Order.pdf,No,0,PRESENT,0,0,PRESENT,PRESENT,0,0,0,0,0,0,0,0,0,0,0,0,0,0,0,0,0,0,0,0,0,0,0,0,0,0,0,0,0,0,0,0,0,0,0,0,0,0,0,0,0,0,0,0,0,0,0,0,0,PRESENT,0,0,0,0,0,0,0,0,0,0,0,0,0,0,0,0,0,0,0,0,0,PRESENT,0,0,0,0,0,0
Cutler-Orosi JT Powers WW Authority,Cutler-Orosi WWTF,CA0081485,r5-2025-0013_ndpes.pdf,No,0,0,PRESENT,PRESENT,PRESENT,PRESENT,0,0,0,0,PRESENT,0,0,0,PRESENT,0,0,0,0,0,PRESENT,0,0,0,0,0,0,0,0,0,0,0,0,0,PRESENT,0,0,0,0,0,0,0,0,0,0,0,0,0,0,0,0,0,0,0,0,0,0,0,0,PRESENT,0,0,0,0,0,0,0,0,0,0,0,PRESENT,0,FUTURE,0,PRESENT,PRESENT,PRESENT,0,0,0,0,0,0
Date Gardens Asset Partners LP,Date Gardens MHP WWTP,CA0104841,Order R7-2023-0046- Date Gardens MHPWWTP_NPDES.pdf,No,0,0,0,0,PRESENT,PRESENT,PRESENT,0,0,0,0,0,0,0,PRESENT,0,0,0,0,0,0,0,0,0,0,0,0,0,0,0,0,0,PRESENT,0,0,0,0,0,0,0,0,0,0,0,0,0,0,0,0,0,0,0,0,0,0,0,0,0,0,PRESENT,0,0,0,0,0,0,0,0,PRESENT,PRESENT,0,PRESENT,0,0,0,0,0,PRESENT,0,0,0,0,0,0
Davis City,City of Davis WWTP,CA0079049,r5-2025-0026_npdes.pdf,No,0,PRESENT,PRESENT,0,PRESENT,PRESENT,PRESENT,0,0,0,0,0,0,0,0,0,0,0,0,0,PRESENT,0,0,0,0,0,0,PRESENT,0,0,0,0,0,0,0,0,0,0,0,0,0,0,0,0,0,0,0,0,PRESENT,0,0,0,0,0,PRESENT,PRESENT,0,0,0,PRESENT,0,0,0,0,PRESENT,0,PRESENT,0,PRESENT,PRESENT,0,0,0,PRESENT,0,0,PRESENT,PRESENT,0,0,0,0,0,0
Delta Diablo,Delta Diablo WWTP,,R2-2019-0035.pdf,Yes,0,PRESENT,PRESENT,0,PRESENT,PRESENT_AND_FUTURE,PRESENT_AND_FUTURE,PRESENT,0,0,0,0,0,0,0,0,0,0,0,0,0,0,0,0,0,0,0,0,0,0,0,0,0,0,PRESENT,0,0,0,0,0,0,0,0,0,0,0,0,0,0,0,0,PRESENT,0,0,PRESENT,PRESENT_AND_FUTURE,0,0,0,PRESENT,0,0,0,0,0,0,PRESENT,0,PRESENT_AND_FUTURE,0,PRESENT,0,0,0,0,PRESENT,0,PRESENT_AND_FUTURE,0,0,0,0,0,0
Donner Summit Public Utilities District,Donner Summit PUD WWTP,,R5-2021-0023_npdes.pdf,Yes,0,0,0,0,0,0,0,PRESENT,0,0,0,0,0,0,PRESENT,0,0,0,0,0,0,0,0,0,0,0,0,PRESENT,0,0,PRESENT,0,0,0,0,0,0,0,0,0,0,0,0,0,0,0,0,0,0,0,0,0,0,0,0,0,0,0,0,PRESENT,0,0,0,PRESENT,0,0,0,PRESENT,PRESENT,0,0,PRESENT,0,0,0,0,0,PRESENT,0,0,0,0,0,0
Dublin San Ramon Services District (WWTP NPDES & SSO),Dublin San Ramon SD WWTP,CA0037613,DSRSD - R2-2022-2024.pdf,No,0,0,PRESENT,0,PRESENT,PRESENT_AND_FUTURE,PRESENT,PRESENT,0,0,0,0,0,0,PRESENT,0,0,0,0,0,PRESENT,0,0,0,0,0,0,0,0,0,0,0,0,0,0,0,0,0,0,0,0,0,PRESENT_AND_FUTURE,0,0,0,0,0,0,0,0,0,0,0,PRESENT,PRESENT,0,0,0,PRESENT,0,0,0,0,0,0,0,0,0,0,0,0,0,0,0,0,PRESENT,0,0,0,0,0,0,0
Dunsmuir City,Dunsmuir WWTP,CA0078441,r5-2024-0009_npdes.pdf,No,0,0,PRESENT,0,PRESENT,0,PRESENT,0,0,0,PRESENT_AND_FUTURE,0,0,0,0,0,0,0,0,0,PRESENT,0,0,0,0,0,0,0,0,0,0,0,0,0,0,0,0,0,0,0,0,0,0,0,0,0,0,0,0,0,0,0,0,0,PRESENT,PRESENT,0,0,0,FUTURE,0,0,0,0,0,0,0,PRESENT,PRESENT,0,0,PRESENT,0,0,0,0,PRESENT,PRESENT,0,0,0,0,0,0
East Bay Dischargers Authority,EBDA Common Outfall,CA0037869,EBDA - R2-2022-0023.pdf,Yes,0,PRESENT,PRESENT_AND_FUTURE,0,PRESENT_AND_FUTURE,PRESENT_AND_FUTURE,PRESENT,PRESENT_AND_FUTURE,0,0,0,0,0,0,PRESENT_AND_FUTURE,0,0,0,0,0,PRESENT_AND_FUTURE,0,0,PRESENT,0,0,0,PRESENT_AND_FUTURE,0,0,FUTURE,0,0,0,PRESENT_AND_FUTURE,0,0,0,0,0,0,0,PRESENT,0,0,0,0,0,FUTURE,0,0,0,0,0,PRESENT_AND_FUTURE,PRESENT_AND_FUTURE,0,0,0,PRESENT,0,0,0,0,0,0,0,0,FUTURE,FUTURE,FUTURE,FUTURE,0,FUTURE,0,FUTURE,0,FUTURE,0,0,0,0,0,0
Hayward City,Hayward WPCF,,EBDA - R2-2022-0023.pdf,Yes,0,PRESENT,PRESENT_AND_FUTURE,0,PRESENT_AND_FUTURE,PRESENT_AND_FUTURE,PRESENT,PRESENT_AND_FUTURE,0,0,0,0,0,0,PRESENT_AND_FUTURE,0,0,0,0,0,PRESENT_AND_FUTURE,0,0,PRESENT,0,0,0,PRESENT_AND_FUTURE,0,0,FUTURE,0,0,0,PRESENT_AND_FUTURE,0,0,0,0,0,0,0,PRESENT,0,0,0,0,0,FUTURE,0,0,0,0,0,PRESENT_AND_FUTURE,PRESENT_AND_FUTURE,0,0,0,PRESENT,0,0,0,0,0,0,0,0,FUTURE,FUTURE,FUTURE,FUTURE,0,FUTURE,0,FUTURE,0,FUTURE,0,0,0,0,0,0
San Leandro City,San Leandro WPCP,,EBDA - R2-2022-0023.pdf,Yes,0,PRESENT,PRESENT_AND_FUTURE,0,PRESENT_AND_FUTURE,PRESENT_AND_FUTURE,PRESENT,PRESENT_AND_FUTURE,0,0,0,0,0,0,PRESENT_AND_FUTURE,0,0,0,0,0,PRESENT_AND_FUTURE,0,0,PRESENT,0,0,0,PRESENT_AND_FUTURE,0,0,FUTURE,0,0,0,PRESENT_AND_FUTURE,0,0,0,0,0,0,0,PRESENT,0,0,0,0,0,FUTURE,0,0,0,0,0,PRESENT_AND_FUTURE,PRESENT_AND_FUTURE,0,0,0,PRESENT,0,0,0,0,0,0,0,0,FUTURE,FUTURE,FUTURE,FUTURE,0,FUTURE,0,FUTURE,0,FUTURE,0,0,0,0,0,0
Union Sanitary District,Raymond A. Boege Alvarado WWTP (Union SD),,EBDA - R2-2022-0023.pdf,Yes,0,PRESENT,PRESENT_AND_FUTURE,0,PRESENT_AND_FUTURE,PRESENT_AND_FUTURE,PRESENT,PRESENT_AND_FUTURE,0,0,0,0,0,0,PRESENT_AND_FUTURE,0,0,0,0,0,PRESENT_AND_FUTURE,0,0,PRESENT,0,0,0,PRESENT_AND_FUTURE,0,0,FUTURE,0,0,0,PRESENT_AND_FUTURE,0,0,0,0,0,0,0,PRESENT,0,0,0,0,0,FUTURE,0,0,0,0,0,PRESENT_AND_FUTURE,PRESENT_AND_FUTURE,0,0,0,PRESENT,0,0,0,0,0,0,0,0,FUTURE,FUTURE,FUTURE,FUTURE,0,FUTURE,0,FUTURE,0,FUTURE,0,0,0,0,0,0
East Bay MUD (WPCP),EBMUD SD#1-Wet Wthr Bypass,CA0038440,R2-2025-0006.pdf,No,0,0,0,0,PRESENT,PRESENT,PRESENT,0,0,0,0,0,0,0,0,0,0,0,0,0,0,0,0,0,0,0,0,0,0,0,0,0,0,0,0,0,0,0,0,0,0,0,0,0,0,0,0,0,0,0,0,0,0,0,0,PRESENT,0,0,0,PRESENT,0,0,0,0,0,0,0,0,0,0,0,0,0,0,0,0,0,PRESENT,0,0,0,0,0,0
East Bay MUD (WPCP),EBMUD WPCP,CA0037702,R2-2020-0024.pdf,No,0,PRESENT,PRESENT,0,PRESENT,PRESENT,PRESENT,0,0,0,0,0,0,0,PRESENT,0,0,0,0,0,0,0,0,0,0,0,0,0,0,0,0,0,0,0,0,0,0,0,0,0,0,0,0,0,PRESENT,0,0,0,0,0,0,0,0,0,PRESENT,PRESENT,0,0,0,PRESENT,0,0,0,0,0,0,0,0,0,0,0,0,0,0,0,PRESENT,0,PRESENT,0,0,0,0,0,0
Eastern Municipal Water District,Temescal Creek Outfall,CA8000188,R8-2015-0006_EMWD_Temescal_Creek_Discharge.pdf,No,0,PRESENT,PRESENT,0,PRESENT,0,PRESENT,0,0,0,0,0,0,0,PRESENT,0,0,0,0,0,PRESENT,0,0,0,0,0,PRESENT,PRESENT,0,0,0,0,PRESENT,0,0,0,0,0,0,0,0,0,0,0,0,0,0,0,0,0,PRESENT,0,0,0,PRESENT,PRESENT,0,0,0,0,PRESENT,0,0,0,0,0,PRESENT,PRESENT,PRESENT,PRESENT,PRESENT,PRESENT,0,0,PRESENT,0,0,0,0,0,0,0,0,0
El Centro City,El Centro City WWTP,CA0104426,R7-2024-0041.pdf,No,0,PRESENT,PRESENT_AND_FUTURE,0,PRESENT_AND_FUTURE,PRESENT,0,0,0,0,0,0,0,0,0,0,0,0,0,0,0,0,0,0,0,0,0,0,0,0,0,0,0,0,0,0,0,0,0,0,0,0,0,0,0,0,0,0,0,0,0,0,0,0,0,0,0,0,0,0,0,PRESENT,PRESENT,0,0,0,PRESENT,0,PRESENT,PRESENT,0,PRESENT,0,0,0,0,0,0,0,0,0,0,0,0
El Dorado Irrigation District,Deer Creek WWTP,CAC433255,eid_deercreek_wwtp_mgo_noa_revised.pdf,No,0,PRESENT,PRESENT,0,PRESENT,PRESENT,PRESENT,PRESENT,0,0,0,0,0,0,PRESENT,0,0,0,0,0,0,0,0,0,0,0,0,PRESENT,0,0,PRESENT,0,0,0,0,0,0,0,0,0,0,0,0,0,0,0,0,0,0,0,0,0,0,0,0,0,PRESENT,0,0,PRESENT,0,0,PRESENT,PRESENT,0,0,0,0,PRESENT,PRESENT,0,0,0,0,0,0,0,PRESENT,0,0,0,0,0,0
El Dorado Irrigation District,El Dorado Hills WWTP,,eid_edh_wwtp_mgo_noa_final.pdf,No,0,PRESENT,PRESENT,0,PRESENT,PRESENT,PRESENT,PRESENT,PRESENT,0,0,0,0,0,PRESENT,0,0,0,0,0,PRESENT,0,0,0,0,0,0,PRESENT,0,0,PRESENT,0,0,0,PRESENT,0,0,0,0,0,0,0,0,0,0,0,0,0,0,0,PRESENT,0,0,0,0,0,PRESENT,0,0,PRESENT,0,0,PRESENT,0,0,0,0,0,PRESENT,PRESENT,0,0,0,0,0,0,0,PRESENT,0,0,0,0,0,0
Elsinore Valley Municipal Water District,EVMWD Regional WWRF,,13-0017_Elsinore_Valley_MWD_RWRF_Renewal_WDR_&_NPDES_Permit.pdf,No,0,0,0,0,0,PRESENT,PRESENT,0,0,0,PRESENT,0,PRESENT,0,PRESENT,0,0,0,0,0,PRESENT,0,0,0,0,0,0,0,0,0,0,0,0,0,0,0,0,0,0,0,0,0,0,0,0,0,0,0,PRESENT,0,0,0,0,0,0,0,PRESENT,0,0,PRESENT,PRESENT,0,0,0,0,0,0,0,0,PRESENT,0,PRESENT,0,0,0,0,0,0,0,0,0,0,0,0
Encina Wastewater Authority,Vallecitos WD Meadowlark WRP,,EncinaOO_FinalOrderR9-2018-0059.pdf,Yes,PRESENT,PRESENT,PRESENT,0,PRESENT,PRESENT,PRESENT,0,PRESENT,0,0,0,0,0,PRESENT,0,0,0,0,0,0,0,0,0,0,0,0,0,0,0,0,0,PRESENT,0,0,0,0,0,0,0,0,0,PRESENT,PRESENT,PRESENT,0,0,0,0,0,0,0,0,0,PRESENT,0,0,0,0,PRESENT,0,0,0,0,0,0,PRESENT,0,PRESENT,PRESENT,PRESENT,PRESENT,0,PRESENT,PRESENT,PRESENT,0,PRESENT,0,0,0,0,PRESENT,0
Encina Wastewater Authority,Encina Water Pollution Control Facility,,EncinaOO_FinalOrderR9-2018-0059.pdf,Yes,PRESENT,PRESENT,PRESENT,0,PRESENT,PRESENT,PRESENT,0,PRESENT,0,0,0,0,0,PRESENT,0,0,0,0,0,0,0,0,0,0,0,0,0,0,0,0,0,PRESENT,0,0,0,0,0,0,0,0,0,PRESENT,PRESENT,PRESENT,0,0,0,0,0,0,0,0,0,PRESENT,0,0,0,0,PRESENT,0,0,0,0,0,0,PRESENT,0,PRESENT,PRESENT,PRESENT,PRESENT,0,PRESENT,PRESENT,PRESENT,0,PRESENT,0,0,0,0,PRESENT,0
Encina Wastewater Authority,Encina Ocean Outfall,CA0107395,EncinaOO_FinalOrderR9-2018-0059.pdf,Yes,PRESENT,PRESENT,PRESENT,0,PRESENT,PRESENT,PRESENT,0,PRESENT,0,0,0,0,0,PRESENT,0,0,0,0,0,0,0,0,0,0,0,0,0,0,0,0,0,PRESENT,0,0,0,0,0,0,0,0,0,PRESENT,PRESENT,PRESENT,0,0,0,0,0,0,0,0,0,PRESENT,0,0,0,0,PRESENT,0,0,0,0,0,0,PRESENT,0,PRESENT,PRESENT,PRESENT,PRESENT,0,PRESENT,PRESENT,PRESENT,0,PRESENT,0,0,0,0,PRESENT,0
Encina Wastewater Authority,Carlsbad WRF,CA0107395,EncinaOO_FinalOrderR9-2018-0059.pdf,Yes,PRESENT,PRESENT,PRESENT,0,PRESENT,PRESENT,PRESENT,0,PRESENT,0,0,0,0,0,PRESENT,0,0,0,0,0,0,0,0,0,0,0,0,0,0,0,0,0,PRESENT,0,0,0,0,0,0,0,0,0,PRESENT,PRESENT,PRESENT,0,0,0,0,0,0,0,0,0,PRESENT,0,0,0,0,PRESENT,0,0,0,0,0,0,PRESENT,0,PRESENT,PRESENT,PRESENT,PRESENT,0,PRESENT,PRESENT,PRESENT,0,PRESENT,0,0,0,0,PRESENT,0
Carlsbad MWD,Carlsbad WRF,,EncinaOO_FinalOrderR9-2018-0059.pdf,Yes,PRESENT,PRESENT,PRESENT,0,PRESENT,PRESENT,PRESENT,0,PRESENT,0,0,0,0,0,PRESENT,0,0,0,0,0,0,0,0,0,0,0,0,0,0,0,0,0,PRESENT,0,0,0,0,0,0,0,0,0,PRESENT,PRESENT,PRESENT,0,0,0,0,0,0,0,0,0,PRESENT,0,0,0,0,PRESENT,0,0,0,0,0,0,PRESENT,0,PRESENT,PRESENT,PRESENT,PRESENT,0,PRESENT,PRESENT,PRESENT,0,PRESENT,0,0,0,0,PRESENT,0
Escondido City,Membrane Filtration/Reverse Osmosis Facility - Escondido,,CA0107981_OrderR920180002.pdf,Yes,0,0,PRESENT,0,PRESENT,PRESENT,PRESENT,PRESENT,0,0,0,0,0,0,PRESENT,0,0,0,0,0,PRESENT_AND_FUTURE,0,0,0,0,0,0,0,0,0,0,0,FUTURE,0,0,0,0,0,0,0,0,0,PRESENT_AND_FUTURE,PRESENT,PRESENT,0,0,0,0,0,PRESENT,PRESENT,0,0,PRESENT_AND_FUTURE,PRESENT_AND_FUTURE,0,0,0,PRESENT_AND_FUTURE,0,0,0,0,0,PRESENT,FUTURE,0,PRESENT_AND_FUTURE,0,PRESENT,0,0,0,FUTURE,0,0,PRESENT,0,0,0,0,0,0
Escondido City,HARRF DISCH to San Elijo Ocean Outfall,,CA0107981_OrderR920180002.pdf,Yes,0,0,PRESENT,0,PRESENT,PRESENT,PRESENT,PRESENT,0,0,0,0,0,0,PRESENT,0,0,0,0,0,PRESENT_AND_FUTURE,0,0,0,0,0,0,0,0,0,0,0,FUTURE,0,0,0,0,0,0,0,0,0,PRESENT_AND_FUTURE,PRESENT,PRESENT,0,0,0,0,0,PRESENT,PRESENT,0,0,PRESENT_AND_FUTURE,PRESENT_AND_FUTURE,0,0,0,PRESENT_AND_FUTURE,0,0,0,0,0,PRESENT,FUTURE,0,PRESENT_AND_FUTURE,0,PRESENT,0,0,0,FUTURE,0,0,PRESENT,0,0,0,0,0,0
Eureka City,Eureka City Elk River WWTP,CA0024449,23_0016_Eureka_WWTP_NPDES_09.21.23.pdf,Yes,0,PRESENT,PRESENT,0,PRESENT,PRESENT,PRESENT,0,0,0,0,0,0,0,0,0,0,0,0,0,PRESENT,0,0,0,0,0,0,0,0,0,0,0,0,0,PRESENT_AND_FUTURE,0,0,0,0,0,0,0,0,0,0,0,0,0,0,0,0,0,0,0,PRESENT,PRESENT,0,0,0,PRESENT,0,0,0,0,0,0,PRESENT,0,PRESENT,0,PRESENT,0,0,0,0,0,PRESENT,0,0,0,0,0,0,0
Fairfield Suisun Sewer District,Fairfield-Suisun Sewer District Subregional WWTP,CA0038024,Order R2-2025-0028.pdf,No,0,PRESENT,PRESENT,0,PRESENT,PRESENT,PRESENT,PRESENT,0,0,0,0,0,0,PRESENT,0,0,0,0,0,PRESENT,0,0,0,0,0,0,FUTURE,0,0,0,0,PRESENT,0,0,0,0,0,0,0,0,0,0,0,0,0,0,0,0,0,0,0,0,0,0,0,PRESENT,0,0,PRESENT,0,0,0,0,0,0,PRESENT,0,PRESENT,PRESENT,0,0,0,PRESENT,PRESENT,0,0,0,0,0,0,0,0,0
Fallbrook Public Utility District,Fallbrook Water Reclamation Plant,,AmendedOrderR9-2019-0169_DigitalSignature signed dwg 12-14-21.pdf,Yes,0,PRESENT,0,PRESENT,PRESENT,PRESENT,PRESENT,PRESENT,0,0,0,0,0,0,PRESENT,0,0,0,0,0,PRESENT,0,0,0,0,0,0,0,0,0,0,0,0,0,0,0,0,0,0,0,0,0,0,0,0,0,0,0,0,0,PRESENT,0,0,0,PRESENT,PRESENT,0,0,0,PRESENT,0,0,0,0,PRESENT,0,0,0,0,0,0,PRESENT,0,0,0,PRESENT,0,PRESENT,0,0,0,0,0,0
Fallbrook Public Utility District,Fallbrook Water Reclamation Plant,,AmendingOrderR920210204_DigitalSignature signed dwg 12-17-21.pdf,Yes,0,PRESENT,0,PRESENT,PRESENT,PRESENT,PRESENT,PRESENT,0,0,0,0,0,0,PRESENT,0,0,0,0,0,PRESENT,0,0,0,0,0,0,0,0,0,0,0,0,0,0,0,0,0,0,0,0,0,0,0,0,0,0,0,0,0,PRESENT,0,0,0,PRESENT,PRESENT,0,0,0,PRESENT,0,0,0,0,PRESENT,0,0,0,0,0,0,PRESENT,0,0,0,PRESENT,0,PRESENT,0,0,0,0,0,0
Fallbrook Public Utility District,Fallbrook Water Reclamation Plant,,Fallbrook_Final_Adopted_Order_R9-2019-0169.pdf,Yes,0,PRESENT,PRESENT,PRESENT,PRESENT,PRESENT,PRESENT,PRESENT,0,0,0,0,0,0,PRESENT,0,0,0,0,0,PRESENT,0,0,0,0,0,0,0,0,0,0,0,0,0,0,0,0,0,0,0,0,0,PRESENT,0,0,0,0,0,0,0,PRESENT,0,0,0,PRESENT,PRESENT,0,0,0,PRESENT,0,0,0,0,PRESENT,0,0,0,0,0,0,PRESENT,0,0,0,PRESENT,0,PRESENT,0,0,0,0,0,0
Fallbrook Public Utility District,Fallbrook Water Reclamation Plant,,R9-2019-0169_Amended2020 signed dwg 08-17-20.pdf,Yes,0,PRESENT,PRESENT,PRESENT,PRESENT,PRESENT,PRESENT,PRESENT,0,0,0,0,0,0,PRESENT,0,0,0,0,0,PRESENT,0,0,0,0,0,0,0,0,0,0,0,0,0,0,0,0,0,0,0,0,0,PRESENT,0,0,0,0,0,0,0,PRESENT,0,0,0,PRESENT,PRESENT,0,0,0,PRESENT,0,0,0,0,PRESENT,0,0,0,0,0,PRESENT,PRESENT,0,0,0,PRESENT,0,PRESENT,0,0,0,0,0,0
Fallbrook Public Utility District,Fallbrook Water Reclamation Plant,,R9-2020-0193_Final_Order signed dwg 08-17-20.pdf,Yes,0,PRESENT,PRESENT,PRESENT,PRESENT,PRESENT,PRESENT,PRESENT,0,0,0,0,0,0,PRESENT,0,0,0,0,0,PRESENT,0,0,0,0,0,0,0,0,0,0,0,0,0,0,0,0,0,0,0,0,0,PRESENT,0,0,0,0,0,0,0,PRESENT,0,0,0,PRESENT,PRESENT,0,0,0,PRESENT,0,0,0,0,PRESENT,0,0,0,0,0,PRESENT,PRESENT,0,0,0,PRESENT,0,PRESENT,0,0,0,0,0,0
Ferndale City,Ferndale City POTW,CA0022721,18_0046_Ferndale_NPDES.pdf,No,0,0,0,0,PRESENT,PRESENT,0,PRESENT_AND_FUTURE,0,0,0,0,PRESENT,0,PRESENT,0,0,0,0,0,PRESENT_AND_FUTURE,0,0,0,0,0,0,0,0,0,0,0,0,0,0,0,0,0,0,0,0,0,0,0,0,0,0,0,0,0,0,0,0,0,0,0,PRESENT_AND_FUTURE,0,0,PRESENT_AND_FUTURE,0,0,0,0,0,0,0,0,PRESENT,PRESENT,0,0,0,PRESENT,0,0,0,PRESENT,0,0,0,0,0,0
Forestville Water District,Forestville Water District,CA0023043,2024_0004_forestville_npdes_signed.pdf,No,0,0,0,0,PRESENT,PRESENT,0,0,0,0,0,0,0,0,0,0,0,0,0,0,PRESENT,0,0,0,0,0,0,0,0,0,0,0,0,0,0,0,0,0,0,0,0,0,0,0,PRESENT,0,0,0,0,0,0,0,0,0,PRESENT,PRESENT,0,0,0,PRESENT,0,0,0,0,0,0,PRESENT,0,PRESENT,0,0,0,0,0,0,0,0,PRESENT,0,0,0,0,0,0
Fort Bragg City,Fort Bragg City WWTP,,19_0020_FortBragg_NPDES.pdf,No,0,PRESENT,PRESENT,0,PRESENT,PRESENT,PRESENT,PRESENT,0,0,0,0,PRESENT,0,PRESENT,0,0,0,0,0,PRESENT,0,0,0,0,0,0,PRESENT,0,0,0,0,0,0,PRESENT,0,0,0,0,0,0,0,0,0,0,0,0,0,0,0,0,0,0,0,PRESENT,PRESENT,0,0,0,PRESENT,PRESENT,0,0,0,0,0,PRESENT,0,PRESENT,PRESENT,0,PRESENT,0,0,0,PRESENT,0,PRESENT,0,0,0,0,0,0
Fortuna City,Fortuna City WWTP,,17_0005_Fortuna_NPDES.pdf,No,0,PRESENT,0,0,PRESENT,PRESENT,0,PRESENT,0,0,0,0,0,0,PRESENT,0,0,0,0,0,PRESENT,0,0,0,0,0,0,0,0,0,0,0,0,0,0,0,0,0,0,0,0,0,0,0,0,0,0,0,0,0,0,0,0,0,PRESENT,PRESENT,0,0,0,PRESENT,0,0,0,0,0,0,PRESENT,0,PRESENT,0,0,0,0,0,0,PRESENT,0,0,0,0,0,0,0,0
Galt City,Galt WWTP & Reclamation Facility,CAC443249,r5-2017-0085-016.pdf,No,0,0,PRESENT,0,PRESENT,PRESENT,PRESENT,PRESENT,0,0,PRESENT,0,0,0,0,0,0,0,0,0,PRESENT,0,0,0,0,0,0,0,0,0,0,0,PRESENT,0,0,0,0,0,0,0,0,0,0,0,0,0,0,0,0,0,0,0,0,0,0,0,0,0,0,PRESENT,0,0,0,0,0,0,0,0,0,PRESENT,0,PRESENT,0,PRESENT,PRESENT,0,0,0,0,0,0,0,0,0
Goleta SD,Goleta SD WWTP,,R3-2017-021_Goleta_finalCA0048160.pdf,No,0,PRESENT,0,0,PRESENT,PRESENT,0,0,0,0,0,0,0,0,0,0,0,0,0,0,0,0,0,0,0,0,0,0,0,0,0,0,0,0,PRESENT,0,0,0,0,0,0,0,0,0,0,0,0,0,0,0,PRESENT,PRESENT,0,0,PRESENT,PRESENT,0,0,0,PRESENT,0,0,0,0,0,0,PRESENT,0,PRESENT,PRESENT,0,0,0,PRESENT,0,0,0,PRESENT,0,0,0,0,0,0
Grass Valley City,Grass Valley City WWTP,CAG585001,r5-2017-0085-019.pdf,No,0,PRESENT,PRESENT,0,PRESENT,PRESENT,0,PRESENT,0,0,0,0,0,0,PRESENT,0,0,0,0,0,0,0,0,0,0,0,0,PRESENT,0,0,0,0,0,0,0,0,0,0,0,0,0,0,0,0,0,0,0,0,0,0,0,0,0,0,0,0,0,0,0,PRESENT,0,0,0,0,0,0,PRESENT,0,PRESENT,PRESENT,0,0,0,PRESENT,0,0,0,0,0,0,0,0,0,0
Graton CSD,Graton CSD,CA0023639,18_0001_Graton_NPDES.pdf,No,0,0,0,0,PRESENT,PRESENT,PRESENT,PRESENT,PRESENT,0,0,0,0,0,0,0,PRESENT,0,0,0,PRESENT,0,0,0,0,0,0,PRESENT,0,0,0,0,0,0,0,0,0,0,0,0,0,0,0,0,0,0,0,0,0,0,0,0,0,0,0,0,0,0,PRESENT,PRESENT,0,0,0,0,0,0,PRESENT,0,PRESENT,0,0,0,0,0,0,PRESENT,0,PRESENT,0,0,0,0,0,PRESENT
Grizzly Lake CSD,Delleker WWTP,CA0081744,R5-2019-0052.pdf,No,0,0,0,0,0,PRESENT,0,0,0,0,0,0,0,0,0,0,0,0,0,0,PRESENT_AND_FUTURE,0,0,0,0,0,0,0,0,0,0,0,0,0,0,0,0,0,0,0,0,0,0,0,0,0,0,0,0,0,0,0,0,0,PRESENT,PRESENT,0,0,0,0,0,0,0,0,0,0,0,0,0,0,0,0,0,0,0,0,0,PRESENT,0,0,0,0,0,0
Healdsburg City,Healdsburg City WWTP,CA0025135,22_0017_Healdsburg_WWTF_NPDES.pdf,No,PRESENT,0,0,0,0,PRESENT,PRESENT,PRESENT,0,0,0,0,0,0,PRESENT,0,0,0,0,0,PRESENT_AND_FUTURE,0,0,0,0,0,0,0,0,0,0,0,0,0,0,0,0,0,0,0,0,0,0,0,PRESENT,PRESENT,PRESENT,0,0,0,0,0,0,0,0,0,PRESENT,0,0,PRESENT,0,0,PRESENT,0,0,0,0,0,PRESENT,PRESENT,PRESENT,0,0,PRESENT,PRESENT,0,0,PRESENT,0,0,0,0,0,0
Heber PUD,Heber PUD WWTP,CA0104370,R7-2022-0007.pdf,No,0,0,PRESENT,0,PRESENT,PRESENT,0,0,0,0,PRESENT,0,0,0,PRESENT,0,0,0,0,0,PRESENT,0,0,0,0,0,0,0,0,0,0,0,0,0,0,0,0,0,0,0,0,0,0,0,0,0,0,0,0,0,0,0,0,0,0,0,PRESENT,0,0,PRESENT,0,0,0,0,0,0,0,PRESENT,PRESENT,PRESENT,0,PRESENT,0,PRESENT,PRESENT,0,0,PRESENT,0,0,0,0,0,0
Heritage Ranch CSD,Heritage Ranch WWTP,CA0048941,R3-2017-0026 Final.pdf,No,0,0,0,0,0,PRESENT,PRESENT,0,0,0,0,0,0,0,0,PRESENT,PRESENT,0,PRESENT,0,PRESENT,0,0,0,0,0,0,0,0,0,0,0,PRESENT,0,0,0,0,0,0,0,0,0,0,0,0,0,0,0,0,0,0,0,0,0,0,PRESENT,0,0,0,0,PRESENT,0,0,0,0,0,0,0,0,0,0,0,0,0,0,0,0,0,0,0,0,0,0,0
Holtville City,Holtville City WWTP,CA0104361,R7-2022-0005.pdf,No,0,0,PRESENT,0,PRESENT,PRESENT,PRESENT,0,0,0,0,0,0,0,0,0,0,0,0,0,0,0,0,0,0,0,0,0,0,0,0,0,PRESENT,0,0,0,0,0,0,0,0,0,0,0,0,0,0,0,0,0,0,0,0,0,0,0,0,0,0,PRESENT,0,0,0,0,0,0,0,0,0,PRESENT,0,PRESENT,0,0,0,0,0,0,0,0,0,0,0,0
Humboldt County Resort Improvement District #1,Shelter Cove POTW,CA0023027,22_0002shltrCvNPDES.pdf,No,0,0,FUTURE,0,PRESENT_AND_FUTURE,0,0,0,0,0,PRESENT_AND_FUTURE,0,PRESENT,0,PRESENT,0,0,0,0,0,PRESENT_AND_FUTURE,0,0,0,0,0,0,FUTURE,0,0,0,0,PRESENT,0,0,0,0,0,0,0,0,0,0,0,0,0,0,0,0,0,PRESENT,0,0,0,PRESENT_AND_FUTURE,PRESENT_AND_FUTURE,0,0,0,0,0,0,PRESENT,0,0,0,0,0,0,0,0,PRESENT,0,0,0,0,0,PRESENT,0,0,0,0,0,0
Ironhouse Sanitary District,Ironhouse WWTF,CA0085260,R5-2024-0038.pdf,Yes,0,0,0,0,0,PRESENT,PRESENT,0,0,0,0,0,0,0,0,0,0,0,0,0,0,0,0,0,0,0,0,PRESENT,0,0,0,0,0,0,0,0,0,0,0,0,0,0,0,0,0,PRESENT,0,0,0,0,0,0,0,0,0,0,0,0,0,PRESENT,0,0,PRESENT,0,0,0,0,0,0,PRESENT,0,0,0,0,0,PRESENT,0,0,0,0,0,0,0,0
Irvine Ranch Water District,Los Alisos WD WWTP,CA8000326,R8-2015-0024_Irvine Ranch Water District.pdf,Yes,0,PRESENT,PRESENT,0,PRESENT,PRESENT,0,PRESENT,0,0,0,0,0,0,PRESENT,0,PRESENT,0,0,0,PRESENT,0,0,0,0,0,0,PRESENT,0,0,PRESENT,0,PRESENT,0,0,0,0,0,0,0,0,0,PRESENT,0,PRESENT,PRESENT,PRESENT,0,0,0,0,PRESENT,0,0,PRESENT,PRESENT,PRESENT,0,0,PRESENT,PRESENT,0,0,0,PRESENT,0,PRESENT_AND_FUTURE,0,PRESENT_AND_FUTURE,0,PRESENT_AND_FUTURE,PRESENT_AND_FUTURE,0,PRESENT_AND_FUTURE,PRESENT_AND_FUTURE,PRESENT,0,PRESENT,0,0,0,0,0,0
Irvine Ranch Water District,Michelson WWRF,,R8-2015-0024_Irvine Ranch Water District.pdf,Yes,0,PRESENT,PRESENT,0,PRESENT,PRESENT,0,PRESENT,0,0,0,0,0,0,PRESENT,0,PRESENT,0,0,0,PRESENT,0,0,0,0,0,0,PRESENT,0,0,PRESENT,0,PRESENT,0,0,0,0,0,0,0,0,0,PRESENT,0,PRESENT,PRESENT,PRESENT,0,0,0,0,PRESENT,0,0,PRESENT,PRESENT,PRESENT,0,0,PRESENT,PRESENT,0,0,0,PRESENT,0,PRESENT_AND_FUTURE,0,PRESENT_AND_FUTURE,0,PRESENT_AND_FUTURE,PRESENT_AND_FUTURE,0,PRESENT_AND_FUTURE,PRESENT_AND_FUTURE,PRESENT,0,PRESENT,0,0,0,0,0,0
Jackson City,City of Jackson WWTP,CAC455508,r5-2023-0025-002_noa.pdf,No,PRESENT,0,PRESENT,0,PRESENT,PRESENT,0,0,0,0,PRESENT,0,0,0,0,0,0,0,0,0,PRESENT,0,0,0,0,0,0,PRESENT,0,0,0,0,0,0,0,0,0,0,0,0,0,0,0,0,0,0,0,PRESENT,0,0,0,0,0,0,0,0,PRESENT,0,0,PRESENT,0,0,0,0,0,0,0,PRESENT,PRESENT,PRESENT,0,PRESENT,0,PRESENT,0,0,0,0,0,0,0,0,0,0
Joint Outfall System,A.K. Warren Water Resource Facility,CA0053813,Adopted JWPCP PERMIT NPDES CI-1758 05252023.pdf,Yes,0,PRESENT,PRESENT,0,PRESENT,PRESENT,PRESENT,0,PRESENT,0,0,PRESENT,0,0,PRESENT,0,0,0,0,0,0,0,0,0,0,0,0,0,0,0,0,0,0,0,0,0,0,0,0,0,0,0,PRESENT,0,0,PRESENT,0,0,0,0,0,PRESENT,0,0,PRESENT,0,0,0,0,0,0,0,PRESENT,0,PRESENT,0,PRESENT,0,PRESENT,0,PRESENT,0,0,PRESENT,PRESENT,PRESENT,0,PRESENT,0,0,0,0,0,PRESENT
Los Angeles Cnty Sanitation Districts,A.K. Warren Water Resource Facility,,Adopted JWPCP PERMIT NPDES CI-1758 05252023.pdf,Yes,0,PRESENT,PRESENT,0,PRESENT,PRESENT,PRESENT,0,PRESENT,0,0,PRESENT,0,0,PRESENT,0,0,0,0,0,0,0,0,0,0,0,0,0,0,0,0,0,0,0,0,0,0,0,0,0,0,0,PRESENT,0,0,PRESENT,0,0,0,0,0,PRESENT,0,0,PRESENT,0,0,0,0,0,0,0,PRESENT,0,PRESENT,0,PRESENT,0,PRESENT,0,PRESENT,0,0,PRESENT,PRESENT,PRESENT,0,PRESENT,0,0,0,0,0,PRESENT
Joint Outfall System,San Jose Creek Water Reclamation Plant,CA0053911,5542_R4-2021-0131_WDR_PKG.pdf,Yes,0,PRESENT,PRESENT,0,PRESENT,PRESENT,0,0,0,0,0,0,0,0,PRESENT,0,0,0,0,0,0,0,0,0,0,0,0,PRESENT,0,0,PRESENT,0,0,0,0,0,0,0,0,0,0,0,0,0,0,0,0,0,0,0,PRESENT,0,0,0,PRESENT,PRESENT,0,0,0,PRESENT,0,0,0,0,0,0,0,0,0,0,0,0,0,0,0,0,0,0,0,0,0,0,0,0
Los Angeles Cnty Sanitation Districts,San Jose Creek Water Reclamation Plant,,5542_R4-2021-0131_WDR_PKG.pdf,Yes,0,PRESENT,PRESENT,0,PRESENT,PRESENT,0,0,0,0,0,0,0,0,PRESENT,0,0,0,0,0,0,0,0,0,0,0,0,PRESENT,0,0,PRESENT,0,0,0,0,0,0,0,0,0,0,0,0,0,0,0,0,0,0,0,PRESENT,0,0,0,PRESENT,PRESENT,0,0,0,PRESENT,0,0,0,0,0,0,0,0,0,0,0,0,0,0,0,0,0,0,0,0,0,0,0,0
Joint Outfall System,Pomona Water Reclamation Plant,CA0053619,0755_R4-2021-0097_WDR_PKG.pdf,Yes,0,PRESENT,PRESENT,0,PRESENT,0,0,0,0,0,0,0,0,0,PRESENT,0,0,0,0,0,0,0,0,PRESENT,0,0,0,PRESENT,0,0,0,0,0,0,0,0,0,0,0,0,0,0,0,0,0,0,0,0,0,0,0,0,0,0,PRESENT,PRESENT,0,0,0,PRESENT,PRESENT,0,PRESENT,0,0,0,0,0,0,0,0,0,0,0,0,0,0,0,0,0,0,0,0,0
Los Angeles Cnty Sanitation Districts,Pomona Water Reclamation Plant,,0755_R4-2021-0097_WDR_PKG.pdf,Yes,0,PRESENT,PRESENT,0,PRESENT,0,0,0,0,0,0,0,0,0,PRESENT,0,0,0,0,0,0,0,0,PRESENT,0,0,0,PRESENT,0,0,0,0,0,0,0,0,0,0,0,0,0,0,0,0,0,0,0,0,0,0,0,0,0,0,PRESENT,PRESENT,0,0,0,PRESENT,PRESENT,0,PRESENT,0,0,0,0,0,0,0,0,0,0,0,0,0,0,0,0,0,0,0,0,0
Joint Outfall System,Los Coyotes WRP,CA0054011,5059_R4-2021-0142_WDR_PKG (signed).pdf,Yes,0,PRESENT,PRESENT,0,PRESENT,0,0,0,0,0,0,0,0,0,PRESENT,0,0,0,0,0,0,0,0,0,0,0,0,PRESENT,0,0,PRESENT,0,PRESENT,0,0,0,0,0,0,0,0,0,0,0,0,0,0,0,0,0,0,0,0,0,PRESENT,PRESENT,0,0,0,0,0,0,0,0,0,0,0,0,0,0,0,0,0,0,0,0,0,0,0,0,0,0,0,0
Los Angeles Cnty Sanitation Districts,Los Coyotes WRP,,5059_R4-2021-0142_WDR_PKG (signed).pdf,Yes,0,PRESENT,PRESENT,0,PRESENT,0,0,0,0,0,0,0,0,0,PRESENT,0,0,0,0,0,0,0,0,0,0,0,0,PRESENT,0,0,PRESENT,0,PRESENT,0,0,0,0,0,0,0,0,0,0,0,0,0,0,0,0,0,0,0,0,0,PRESENT,PRESENT,0,0,0,0,0,0,0,0,0,0,0,0,0,0,0,0,0,0,0,0,0,0,0,0,0,0,0,0
Joint Outfall System,Long Beach WRP,CA0054119,5662_R4-2022-0032_WDR_PKG.pdf,Yes,0,PRESENT,PRESENT,0,PRESENT,0,0,0,0,0,0,0,0,0,PRESENT,0,0,0,0,0,0,0,0,0,0,0,0,PRESENT,0,0,PRESENT,0,PRESENT,0,0,0,0,0,0,0,0,0,0,0,0,0,0,0,0,0,PRESENT,0,0,0,PRESENT,PRESENT,0,0,0,PRESENT,0,0,0,0,0,0,0,0,0,0,0,0,0,0,0,0,0,0,0,0,0,0,0,0
Los Angeles Cnty Sanitation Districts,Long Beach WRP,,5662_R4-2022-0032_WDR_PKG.pdf,Yes,0,PRESENT,PRESENT,0,PRESENT,0,0,0,0,0,0,0,0,0,PRESENT,0,0,0,0,0,0,0,0,0,0,0,0,PRESENT,0,0,PRESENT,0,PRESENT,0,0,0,0,0,0,0,0,0,0,0,0,0,0,0,0,0,PRESENT,0,0,0,PRESENT,PRESENT,0,0,0,PRESENT,0,0,0,0,0,0,0,0,0,0,0,0,0,0,0,0,0,0,0,0,0,0,0,0
Joint Outfall System,Whittier Narrows Water Reclamation Plant,CA0053716,2848_R4-2021-0096_WDR_PKG.pdf,Yes,0,PRESENT,PRESENT,0,PRESENT,0,0,0,0,0,0,0,0,0,PRESENT,0,0,0,0,0,0,0,0,0,0,0,0,PRESENT,0,0,PRESENT,0,PRESENT,0,0,0,0,0,0,0,0,0,0,0,0,0,0,0,0,0,0,0,0,0,0,PRESENT,PRESENT,0,0,PRESENT,0,0,0,0,0,0,0,0,0,0,0,0,0,0,0,0,0,0,0,0,0,0,0,0
Los Angeles Cnty Sanitation Districts,Whittier Narrows Water Reclamation Plant,,2848_R4-2021-0096_WDR_PKG.pdf,Yes,0,PRESENT,PRESENT,0,PRESENT,0,0,0,0,0,0,0,0,0,PRESENT,0,0,0,0,0,0,0,0,0,0,0,0,PRESENT,0,0,PRESENT,0,PRESENT,0,0,0,0,0,0,0,0,0,0,0,0,0,0,0,0,0,0,0,0,0,0,PRESENT,PRESENT,0,0,PRESENT,0,0,0,0,0,0,0,0,0,0,0,0,0,0,0,0,0,0,0,0,0,0,0,0
Las Gallinas Valley Sanitary District,Las Gallinas WWTP,CA0037851,R2-2020-0022.pdf,No,0,PRESENT,PRESENT_AND_FUTURE,0,PRESENT_AND_FUTURE,PRESENT,PRESENT,PRESENT_AND_FUTURE,0,0,0,0,0,0,PRESENT_AND_FUTURE,0,0,0,0,0,PRESENT,0,0,0,0,0,0,PRESENT_AND_FUTURE,0,0,0,0,0,0,PRESENT_AND_FUTURE,0,0,0,FUTURE,0,0,0,0,PRESENT,0,0,0,0,0,0,0,0,0,0,PRESENT_AND_FUTURE,PRESENT_AND_FUTURE,PRESENT,0,0,PRESENT_AND_FUTURE,0,0,0,0,0,0,PRESENT,0,PRESENT,0,0,0,0,0,PRESENT,0,0,PRESENT,0,0,0,0,0,0
Las Virgenes MWD,Tapia WRF,,4760_R4-2017-0124_WDR_PKG.pdf,No,0,PRESENT,PRESENT,0,PRESENT,PRESENT,PRESENT,0,0,0,0,0,0,0,PRESENT,0,0,0,0,0,PRESENT,0,0,0,0,0,0,PRESENT,0,0,0,0,PRESENT,0,0,0,0,0,0,0,0,0,FUTURE,0,FUTURE,0,0,0,0,0,PRESENT,0,0,0,PRESENT,PRESENT,0,0,0,PRESENT,PRESENT,0,0,0,0,0,0,PRESENT,PRESENT,0,0,0,0,0,0,PRESENT,0,PRESENT,0,0,0,0,0,0
Lathrop City,City of Lathrop Consolidated Treatment Facility,CA0085359,r5-2022-0004-01_npdes.pdf,Yes,0,0,0,0,0,PRESENT,PRESENT,0,0,0,0,0,0,0,0,0,0,0,0,0,PRESENT,0,0,0,0,0,0,0,0,0,0,0,0,0,0,0,0,0,0,0,0,0,0,0,0,PRESENT,0,0,0,0,0,0,0,0,PRESENT,PRESENT,0,0,0,0,0,0,0,0,0,0,0,0,0,PRESENT,0,PRESENT,0,PRESENT,0,0,0,0,0,0,0,0,0,0
Lathrop City,City of Lathrop Consolidated Treatment Facility,CA0085359,r5-2022-0004_npdes.pdf,Yes,0,0,0,0,0,PRESENT,PRESENT,PRESENT,0,0,0,0,0,0,PRESENT,0,0,0,0,0,PRESENT,0,0,0,0,0,0,0,0,0,0,0,0,0,0,0,0,0,0,0,0,0,0,0,0,PRESENT,0,0,0,0,0,0,0,0,PRESENT,PRESENT,0,0,0,0,0,0,0,0,0,0,0,0,0,PRESENT,0,PRESENT,0,PRESENT,0,PRESENT,0,0,0,0,0,0,0,0
Lincoln City,Lincoln City WWTF,,r5-2024-0024_npdes.pdf,Yes,0,0,PRESENT_AND_FUTURE,0,PRESENT_AND_FUTURE,PRESENT,FUTURE,PRESENT,PRESENT_AND_FUTURE,0,PRESENT_AND_FUTURE,0,0,0,FUTURE,0,0,0,PRESENT_AND_FUTURE,0,PRESENT_AND_FUTURE,0,0,0,0,0,0,PRESENT,0,0,0,0,0,0,0,0,0,0,0,0,0,0,0,0,0,0,0,0,0,0,PRESENT,PRESENT,0,0,0,0,0,0,0,PRESENT,0,0,0,0,0,0,0,0,0,0,PRESENT,0,0,PRESENT,0,PRESENT,0,PRESENT,0,0,0,0,0,0
Lincoln-SMD1 Wastewater Authority,Lincoln City WWTF,CA0084476,r5-2024-0024_npdes.pdf,Yes,0,0,PRESENT_AND_FUTURE,0,PRESENT_AND_FUTURE,PRESENT,FUTURE,PRESENT,PRESENT_AND_FUTURE,0,PRESENT_AND_FUTURE,0,0,0,FUTURE,0,0,0,PRESENT_AND_FUTURE,0,PRESENT_AND_FUTURE,0,0,0,0,0,0,PRESENT,0,0,0,0,0,0,0,0,0,0,0,0,0,0,0,0,0,0,0,0,0,0,PRESENT,PRESENT,0,0,0,0,0,0,0,PRESENT,0,0,0,0,0,0,0,0,0,0,PRESENT,0,0,PRESENT,0,PRESENT,0,PRESENT,0,0,0,0,0,0
Linda Cnty Water District,Linda Cnty Water District WWTP,CA0079651,r5-2022-0070_npdes.pdf,No,0,PRESENT_AND_FUTURE,PRESENT,0,PRESENT_AND_FUTURE,PRESENT,FUTURE,PRESENT_AND_FUTURE,0,0,0,0,0,0,PRESENT,0,0,0,0,0,PRESENT_AND_FUTURE,0,0,0,0,0,0,PRESENT,0,0,0,0,PRESENT,0,0,0,0,0,0,0,0,0,0,0,0,0,0,0,0,0,0,0,0,0,PRESENT,PRESENT,0,0,0,0,0,0,0,0,0,0,PRESENT,0,PRESENT,PRESENT,0,PRESENT_AND_FUTURE,0,0,0,0,PRESENT_AND_FUTURE,PRESENT,0,0,0,0,0,0
Live Oak City,Live Oak City WWTP,CAC444735,R5-2017-0085-018.pdf,No,0,0,0,0,0,0,0,0,0,0,0,0,0,0,0,0,0,0,0,0,0,0,0,0,0,0,0,0,0,0,0,0,0,0,0,0,0,0,0,0,0,0,0,0,0,0,0,0,0,0,0,0,0,0,0,0,PRESENT,0,0,PRESENT,0,0,0,0,0,0,0,0,0,0,0,0,0,0,0,0,0,0,0,0,0,0,0,0
Livermore City,City of Livermore Water Reclamation Plant,CA0038008,City of Livermore - R2-2022-2025.pdf,No,0,PRESENT,PRESENT,0,PRESENT,PRESENT,0,PRESENT,0,0,0,0,0,0,PRESENT,0,0,0,0,0,0,0,0,0,0,0,0,0,0,0,0,0,0,0,0,0,0,0,0,0,0,0,0,0,0,0,0,0,0,0,0,0,0,0,PRESENT,PRESENT,0,0,0,PRESENT,0,0,0,0,0,0,0,0,0,0,0,0,0,0,0,0,0,0,0,0,0,0,0,0
Lodi City,White Slough Water Pollution Control Facility,,R5-2023-0025-010.pdf,Yes,0,PRESENT,PRESENT,0,PRESENT,PRESENT,PRESENT,0,0,0,0,0,0,0,PRESENT,0,0,0,0,PRESENT,PRESENT,0,0,0,0,0,0,PRESENT,0,0,0,0,PRESENT,0,0,0,0,0,0,0,0,0,0,0,0,0,0,0,0,0,0,0,0,0,0,0,PRESENT,0,0,PRESENT,0,0,0,0,0,0,0,0,0,PRESENT,0,0,0,0,0,0,0,0,0,0,0,0,0,0
Loleta CSD,Loleta WWTF,CA0023671,20_0002_Loleta_CSD_WDR and Recycling NPDES.pdf,No,0,0,PRESENT,0,PRESENT,PRESENT,0,0,0,0,0,0,PRESENT_AND_FUTURE,0,0,0,0,0,0,0,0,0,0,0,0,0,0,0,0,0,0,0,0,0,0,0,0,0,0,0,0,0,0,0,0,0,0,0,0,0,0,0,0,0,0,0,0,0,0,PRESENT_AND_FUTURE,0,0,PRESENT,0,0,0,0,0,0,PRESENT,0,0,0,PRESENT,0,0,0,PRESENT,0,0,0,0,0,0
Lompoc City,Lompoc City Regional Wastewater Reclamation Plant,CA0048127,lompoc_finalorder.pdf,Yes,0,0,0,0,0,0,0,0,0,0,0,0,0,0,0,PRESENT,0,0,0,0,PRESENT,0,0,0,0,0,0,0,0,0,0,0,0,0,0,0,0,0,0,0,0,0,0,0,0,0,0,0,0,0,0,0,0,0,0,0,0,0,0,PRESENT,PRESENT,0,0,0,0,0,0,PRESENT,PRESENT,0,0,PRESENT,0,0,0,PRESENT,0,0,0,0,0,0,0,0
Los Angeles City Bureau of Sanitation,Hyperion WWTP,CA0109991,Hyperion NPDES CA0109991 CI-1492_FINAL+SIGNED.pdf,No,0,PRESENT_AND_FUTURE,PRESENT,PRESENT,PRESENT_AND_FUTURE,PRESENT_AND_FUTURE,PRESENT,0,0,0,0,0,0,0,PRESENT_AND_FUTURE,0,0,0,0,0,0,0,0,0,0,0,0,0,0,0,0,0,0,0,0,0,0,0,0,0,0,0,PRESENT_AND_FUTURE,0,PRESENT,PRESENT_AND_FUTURE,0,0,0,0,PRESENT,PRESENT,0,0,0,0,FUTURE,0,0,FUTURE,0,PRESENT,PRESENT,0,0,PRESENT,PRESENT,0,PRESENT,0,PRESENT,0,0,0,0,PRESENT,0,PRESENT,0,0,0,0,0,0
Los Angeles City Bureau of Sanitation,Donald C. Tillman WWRP,CA0056227,Adopted DCTWRP NPDES CI-5695_01242023.pdf,No,0,PRESENT,PRESENT_AND_FUTURE,0,PRESENT_AND_FUTURE,PRESENT_AND_FUTURE,PRESENT,PRESENT_AND_FUTURE,0,0,0,0,0,0,PRESENT,0,0,0,0,0,PRESENT,0,0,PRESENT,0,0,0,PRESENT,0,0,0,0,0,0,0,0,0,0,0,0,0,0,0,0,0,0,0,0,0,0,PRESENT,0,0,0,PRESENT_AND_FUTURE,PRESENT,0,PRESENT,0,PRESENT,0,0,0,0,0,0,0,0,0,0,0,0,0,0,0,0,0,0,0,0,0,0,0,0
Los Angeles City Bureau of Sanitation,Terminal Island Water Reclamation Plant,CA0053856,TIWRP Adopted Permit 06102021_signed.pdf,No,0,PRESENT,PRESENT,PRESENT,PRESENT,PRESENT,PRESENT,PRESENT,0,0,0,0,0,0,PRESENT_AND_FUTURE,0,0,0,0,0,PRESENT,0,0,0,0,0,0,0,0,0,0,0,0,0,0,0,0,0,0,0,0,0,PRESENT,0,PRESENT,0,0,0,0,0,0,0,0,0,PRESENT,0,0,0,0,PRESENT,PRESENT,0,0,0,0,0,FUTURE,0,FUTURE,0,0,0,0,0,0,PRESENT,0,0,0,0,0,0,0,0
Los Angeles City Bureau of Sanitation,Los Angeles-Glendale WWRP,CA0053953,Final LAG NPDES permit_CI 5675 Final_Signed.pdf,No,0,PRESENT,PRESENT,0,PRESENT,PRESENT,PRESENT,FUTURE,0,0,0,0,0,0,PRESENT,0,0,0,0,0,0,0,0,0,0,0,0,PRESENT,0,0,PRESENT,0,0,0,0,0,0,0,0,0,0,0,FUTURE,0,FUTURE,0,0,0,0,0,PRESENT,0,0,FUTURE,PRESENT,PRESENT,0,0,0,PRESENT,0,0,0,0,0,0,0,0,0,0,0,0,0,0,0,0,0,0,0,0,0,0,0,0
Los Angeles Cnty DPW,Malibu Mesa WRP,CA0059099,6599_R4-2021-0062_WDR.pdf,Yes,0,0,PRESENT,0,PRESENT,PRESENT,0,PRESENT,0,0,0,0,0,0,PRESENT,0,0,0,0,0,0,0,0,0,0,0,0,0,0,0,0,0,0,0,0,0,0,0,0,0,0,0,0,0,0,FUTURE,0,0,0,0,PRESENT,PRESENT,0,0,0,0,PRESENT,0,0,PRESENT,0,0,0,0,0,0,0,PRESENT,PRESENT,0,PRESENT,0,0,0,PRESENT,0,0,0,0,0,0,0,0,0
Los Angeles Cnty DPW Sewer Maintenance Div,Malibu Mesa WRP,,6599_R4-2021-0062_WDR.pdf,Yes,0,0,PRESENT,0,PRESENT,PRESENT,0,PRESENT,0,0,0,0,0,0,PRESENT,0,0,0,0,0,0,0,0,0,0,0,0,0,0,0,0,0,0,0,0,0,0,0,0,0,0,0,0,0,0,FUTURE,0,0,0,0,PRESENT,PRESENT,0,0,0,0,PRESENT,0,0,PRESENT,0,0,0,0,0,0,0,PRESENT,PRESENT,0,PRESENT,0,0,0,PRESENT,0,0,0,0,0,0,0,0,0
Los Angeles Cnty Sanitation Districts,Valencia WRP,,4993_R4-2022-0174_WDR_PKG.pdf,Yes,0,PRESENT,PRESENT,0,PRESENT,PRESENT,0,PRESENT,PRESENT,0,0,0,0,0,PRESENT,0,0,0,0,0,PRESENT,0,0,0,0,0,0,PRESENT,0,0,PRESENT,0,PRESENT,0,0,0,0,0,0,0,0,0,PRESENT,0,0,0,0,0,0,0,0,0,0,0,PRESENT,PRESENT,PRESENT,0,0,PRESENT_AND_FUTURE,0,0,0,0,0,0,0,0,0,0,0,0,0,0,0,PRESENT,0,PRESENT,0,0,0,0,0,0
Santa Clarita Valley SD of Los Angeles Cnty,Valencia WRP,CA0054216,4993_R4-2022-0174_WDR_PKG.pdf,Yes,0,PRESENT,PRESENT,0,PRESENT,PRESENT,0,PRESENT,PRESENT,0,0,0,0,0,PRESENT,0,0,0,0,0,PRESENT,0,0,0,0,0,0,PRESENT,0,0,PRESENT,0,PRESENT,0,0,0,0,0,0,0,0,0,PRESENT,0,0,0,0,0,0,0,0,0,0,0,PRESENT,PRESENT,PRESENT,0,0,PRESENT_AND_FUTURE,0,0,0,0,0,0,0,0,0,0,0,0,0,0,0,PRESENT,0,PRESENT,0,0,0,0,0,0
Los Angeles Cnty Sanitation Districts,Saugus Water Reclamation Plant,,2960_R4-2022-0175_WDR_PKG.pdf,Yes,0,PRESENT,PRESENT,0,PRESENT,PRESENT,0,0,PRESENT,0,0,0,0,0,PRESENT,0,0,0,0,0,PRESENT,0,0,0,0,0,0,PRESENT,0,0,PRESENT,0,0,0,0,0,0,0,0,0,0,0,0,0,0,0,0,0,0,0,0,0,0,0,PRESENT,PRESENT,PRESENT,0,0,PRESENT_AND_FUTURE,0,0,0,0,0,0,0,0,0,0,0,0,0,0,0,PRESENT,0,PRESENT,0,0,0,0,0,0
Santa Clarita Valley SD of Los Angeles Cnty,Saugus Water Reclamation Plant,CA0054313,2960_R4-2022-0175_WDR_PKG.pdf,Yes,0,PRESENT,PRESENT,0,PRESENT,PRESENT,0,0,PRESENT,0,0,0,0,0,PRESENT,0,0,0,0,0,PRESENT,0,0,0,0,0,0,PRESENT,0,0,PRESENT,0,0,0,0,0,0,0,0,0,0,0,0,0,0,0,0,0,0,0,0,0,0,0,PRESENT,PRESENT,PRESENT,0,0,PRESENT_AND_FUTURE,0,0,0,0,0,0,0,0,0,0,0,0,0,0,0,PRESENT,0,PRESENT,0,0,0,0,0,0
Manteca City,City of Manteca WW Quality Control Facility,CA0081558,r5-2021-0003_npdes.pdf,Yes,0,PRESENT,PRESENT,0,PRESENT,PRESENT,PRESENT,0,PRESENT,0,0,0,0,0,PRESENT,0,0,0,0,0,PRESENT,0,0,0,0,0,0,PRESENT_AND_FUTURE,0,0,0,0,PRESENT,0,0,0,0,0,0,0,0,0,0,0,0,0,0,0,0,0,0,PRESENT,0,0,0,0,0,0,0,PRESENT,0,0,0,0,0,0,PRESENT,0,PRESENT,0,PRESENT,0,0,0,0,PRESENT,0,PRESENT,0,0,0,0,0,0
Marin Cnty Sanitary District 5,Marin CSD 5 - Tiburon WWTP,CA0037753,R2-2023-0018.pdf,No,PRESENT,PRESENT,PRESENT,PRESENT,PRESENT,PRESENT,0,0,0,0,0,0,0,0,PRESENT,0,0,0,0,0,0,0,0,0,0,0,0,0,0,0,0,0,0,0,0,0,0,0,0,0,0,0,0,0,0,0,0,0,0,0,0,0,0,0,PRESENT,PRESENT,0,0,0,PRESENT,0,0,0,0,0,0,PRESENT,0,PRESENT,PRESENT,0,0,0,0,0,0,0,PRESENT,0,0,0,0,0,0
Marin Cnty Sanitary District 5,Marin CSD 5 Paradise Cove WWTP,CA0037427,Paradise Cove - R2-2021-0017.pdf,No,PRESENT,PRESENT,PRESENT,0,PRESENT,PRESENT,0,PRESENT,0,0,0,0,PRESENT,0,0,0,0,0,0,0,0,0,0,0,0,0,0,0,0,0,0,0,0,0,0,0,0,0,0,0,0,0,0,0,0,0,0,0,0,0,0,0,0,0,PRESENT,PRESENT,0,0,0,PRESENT_AND_FUTURE,0,0,0,0,0,0,0,0,0,0,0,0,0,0,0,0,0,0,0,0,0,0,0,0
Mariposa PUD,Mariposa WWTP,CAC441902,r5-2017-0085-017.pdf,No,0,0,PRESENT,0,PRESENT,PRESENT,0,0,0,0,PRESENT,0,0,0,0,0,0,0,0,0,0,0,0,0,0,0,0,0,0,0,0,0,PRESENT,0,0,0,0,0,0,0,0,0,0,0,0,0,0,0,0,0,0,0,0,0,0,0,PRESENT,0,0,PRESENT,PRESENT,0,0,0,0,PRESENT,0,0,0,PRESENT,0,0,0,0,0,0,0,PRESENT,0,0,0,0,0,0
McKinleyville Community Service District,McKinleyville WWTP,CA0024490,2024_0023_mckinleyville_sc_npdes_signed.pdf,No,0,0,PRESENT,0,PRESENT,PRESENT,0,0,0,0,0,0,0,0,PRESENT,0,0,0,0,0,PRESENT,0,0,0,0,0,0,PRESENT,0,0,0,0,0,0,0,0,0,0,0,0,0,0,0,0,0,0,0,0,PRESENT,0,0,PRESENT,0,0,PRESENT,0,0,0,0,PRESENT,0,0,0,0,0,0,0,0,0,0,0,0,0,0,0,PRESENT_AND_FUTURE,0,0,0,0,0,0,0,0
Mendocino City CSD,Mendocino City CSD,CA0022870,22_01mendo_npdes.pdf,No,0,0,PRESENT,0,PRESENT,PRESENT,0,PRESENT,0,0,0,0,PRESENT,0,PRESENT,0,0,0,0,0,PRESENT,0,0,0,0,0,0,0,0,0,0,0,0,0,0,0,0,0,0,0,0,0,0,0,0,0,0,0,0,0,0,0,0,0,0,PRESENT,0,0,0,0,0,0,0,0,0,0,0,0,0,PRESENT,0,0,0,0,0,0,0,PRESENT,0,0,0,0,0,0
Mendocino County WWD #2 Anchor Bay,Mendocino County WWD#2-Anchor Bay,CA0024040,21_0005_AnchorBay_WWTF_NPDES.pdf,No,0,0,0,0,PRESENT,PRESENT,0,0,0,0,0,0,0,0,0,0,0,0,0,0,PRESENT_AND_FUTURE,0,0,0,0,0,0,0,0,0,0,0,0,0,0,0,0,0,0,0,0,0,0,0,0,0,0,0,0,0,0,0,0,0,PRESENT,PRESENT,0,0,0,PRESENT,0,0,0,0,0,0,0,0,0,0,0,0,0,0,0,0,0,0,0,0,0,0,0,0
Merced City,Merced WWTF,CA0079219,r5-2026-0005_npdes.pdf,No,0,PRESENT_AND_FUTURE,PRESENT_AND_FUTURE,0,PRESENT_AND_FUTURE,PRESENT_AND_FUTURE,PRESENT,PRESENT,PRESENT,0,0,0,0,0,PRESENT_AND_FUTURE,0,0,0,0,0,PRESENT,0,0,0,0,0,0,PRESENT,0,0,0,0,0,0,0,0,0,0,0,0,0,0,0,0,0,0,0,0,PRESENT,0,0,PRESENT,0,0,0,0,0,0,0,PRESENT,0,0,0,0,0,0,0,0,PRESENT_AND_FUTURE,0,0,PRESENT,0,PRESENT,0,PRESENT,0,0,0,0,0,0,0,0
Millbrae City,Millbrae WPCP,CA0037532,R2-2024-0005 (Millbrae NPDES Permit).pdf,No,0,PRESENT,PRESENT,0,PRESENT,PRESENT,PRESENT,PRESENT,0,0,0,0,0,0,PRESENT,0,0,0,0,0,0,0,0,0,0,0,0,0,0,0,0,0,0,0,0,0,0,0,0,0,0,0,0,0,0,0,0,0,0,0,0,0,0,0,PRESENT,PRESENT,0,0,0,PRESENT,0,0,0,0,0,0,PRESENT,0,PRESENT,PRESENT,0,0,0,0,0,PRESENT,0,0,0,0,0,0,0,0
Modesto City,City of Modesto WQCF,CAC448536,mgo_amend_strike.pdf,No,0,0,0,0,0,0,0,0,0,0,0,0,0,0,0,0,0,0,0,0,0,0,0,0,0,0,0,0,0,0,0,0,0,0,0,0,0,0,0,0,0,0,0,0,0,0,0,0,0,0,0,0,0,0,0,0,PRESENT,0,0,PRESENT,0,0,0,0,0,0,0,0,0,0,0,0,0,0,0,0,0,0,0,0,0,0,0,0
Modesto City,City of Modesto WQCF,CAC448536,modesto_wqcf_mgo_noa.pdf,No,0,PRESENT,0,0,PRESENT,PRESENT,PRESENT,0,0,0,PRESENT,0,0,0,PRESENT,PRESENT,0,0,0,0,PRESENT,0,0,0,0,0,0,PRESENT,0,0,PRESENT,0,0,0,0,0,0,0,PRESENT,0,0,0,0,0,0,PRESENT,0,0,0,0,0,0,0,0,0,0,PRESENT,0,0,PRESENT,0,0,0,0,0,0,PRESENT,0,PRESENT,0,0,PRESENT,0,0,0,0,0,0,0,0,0,0,0,0
Montecito Sanitary District,Montecito SD WWTP,CA0047899,20220829_Order R3-2022-0010_Final (ACC).pdf,No,PRESENT,0,PRESENT,0,PRESENT,PRESENT,0,0,0,0,0,0,0,0,PRESENT,0,0,0,0,0,0,0,0,0,0,0,0,0,0,0,0,0,0,0,0,0,0,0,0,0,0,0,PRESENT,PRESENT,0,0,0,0,0,0,0,0,0,0,PRESENT,PRESENT,0,0,0,0,0,0,0,0,0,0,0,PRESENT,PRESENT,PRESENT,0,0,0,0,0,PRESENT,0,0,0,0,0,0,0,0
Mountain House CSD,Mountain House WWTP,,r5-2023-0033-01_npdes.pdf,Yes,0,0,0,0,0,PRESENT,PRESENT,0,0,PRESENT,0,0,0,0,0,0,0,0,0,0,0,0,0,0,0,0,0,0,0,0,0,0,0,0,0,0,0,0,0,0,0,0,0,0,0,PRESENT,0,PRESENT,0,0,0,0,0,0,0,0,PRESENT,0,0,PRESENT,0,0,0,0,0,0,0,PRESENT,PRESENT,0,PRESENT,0,0,0,0,0,0,0,0,0,0,0,0,0
Mountain House City,Mountain House WWTP,CA0084271,r5-2023-0033-01_npdes.pdf,Yes,0,0,0,0,0,PRESENT,PRESENT,0,0,PRESENT,0,0,0,0,0,0,0,0,0,0,0,0,0,0,0,0,0,0,0,0,0,0,0,0,0,0,0,0,0,0,0,0,0,0,0,PRESENT,0,PRESENT,0,0,0,0,0,0,0,0,PRESENT,0,0,PRESENT,0,0,0,0,0,0,0,PRESENT,PRESENT,0,PRESENT,0,0,0,0,0,0,0,0,0,0,0,0,0
Mountain House CSD,Mountain House WWTP,,r5-2023-0033_npdes.pdf,Yes,0,0,0,0,0,PRESENT_AND_FUTURE,PRESENT_AND_FUTURE,PRESENT,0,PRESENT,0,0,0,0,0,0,0,0,0,0,0,0,0,0,0,0,0,PRESENT,0,0,0,0,PRESENT,0,0,0,0,0,0,0,0,0,0,0,0,0,0,0,0,0,0,0,0,0,0,0,PRESENT_AND_FUTURE,0,0,PRESENT_AND_FUTURE,0,0,0,0,0,PRESENT,0,PRESENT,PRESENT,0,PRESENT,0,0,0,0,0,0,0,0,0,0,0,0,0
Mountain House City,Mountain House WWTP,CA0084271,r5-2023-0033_npdes.pdf,Yes,0,0,0,0,0,PRESENT_AND_FUTURE,PRESENT_AND_FUTURE,PRESENT,0,PRESENT,0,0,0,0,0,0,0,0,0,0,0,0,0,0,0,0,0,PRESENT,0,0,0,0,PRESENT,0,0,0,0,0,0,0,0,0,0,0,0,0,0,0,0,0,0,0,0,0,0,0,PRESENT_AND_FUTURE,0,0,PRESENT_AND_FUTURE,0,0,0,0,0,PRESENT,0,PRESENT,PRESENT,0,PRESENT,0,0,0,0,0,0,0,0,0,0,0,0,0
Mountain House CSD,Mountain House WWTP,,r5-2023-0033_npdes_mod.pdf,Yes,0,0,0,0,0,PRESENT_AND_FUTURE,PRESENT_AND_FUTURE,PRESENT,0,PRESENT,0,0,0,0,0,0,0,0,0,0,0,0,0,0,0,0,0,PRESENT,0,0,0,0,PRESENT,0,0,0,0,0,0,0,0,0,0,0,0,0,0,0,0,0,0,0,0,0,0,0,PRESENT_AND_FUTURE,0,0,PRESENT_AND_FUTURE,0,0,0,0,0,PRESENT,0,PRESENT,PRESENT,0,PRESENT,0,0,0,0,0,0,0,0,0,0,0,0,0
Mountain House City,Mountain House WWTP,CA0084271,r5-2023-0033_npdes_mod.pdf,Yes,0,0,0,0,0,PRESENT_AND_FUTURE,PRESENT_AND_FUTURE,PRESENT,0,PRESENT,0,0,0,0,0,0,0,0,0,0,0,0,0,0,0,0,0,PRESENT,0,0,0,0,PRESENT,0,0,0,0,0,0,0,0,0,0,0,0,0,0,0,0,0,0,0,0,0,0,0,PRESENT_AND_FUTURE,0,0,PRESENT_AND_FUTURE,0,0,0,0,0,PRESENT,0,PRESENT,PRESENT,0,PRESENT,0,0,0,0,0,0,0,0,0,0,0,0,0
Mt Shasta City,Mount Shasta WWTP,CA0078051,r5-2023-0016_npdes.pdf,No,0,0,0,0,PRESENT_AND_FUTURE,PRESENT_AND_FUTURE,PRESENT,0,PRESENT,0,0,0,0,0,PRESENT_AND_FUTURE,0,0,0,0,0,PRESENT_AND_FUTURE,0,0,0,0,0,0,FUTURE,0,0,0,0,0,0,0,0,0,0,0,0,0,0,0,0,0,0,0,PRESENT,0,0,0,0,0,0,PRESENT_AND_FUTURE,PRESENT,PRESENT_AND_FUTURE,0,0,PRESENT_AND_FUTURE,PRESENT,0,0,0,0,0,0,PRESENT,PRESENT,0,0,0,0,PRESENT,0,0,0,PRESENT,0,0,0,0,0,0
Mt View Sanitary District,Mt. View Sanitary District WWTP,CA0037770,MVSD Final Order ADA.pdf,No,0,PRESENT,PRESENT,0,PRESENT,PRESENT_AND_FUTURE,0,0,0,0,0,0,0,0,0,0,0,0,0,0,PRESENT,0,0,0,0,0,0,PRESENT_AND_FUTURE,0,0,FUTURE,0,0,0,PRESENT,0,0,0,0,0,0,0,0,0,0,0,0,0,PRESENT,0,0,0,0,0,0,0,FUTURE,0,0,PRESENT_AND_FUTURE,0,0,0,0,0,0,0,0,PRESENT,0,PRESENT_AND_FUTURE,PRESENT,0,PRESENT_AND_FUTURE,0,0,0,PRESENT,0,0,0,0,0,0
Napa Sanitation District,Napa Sanitation District WWTP (Soscol Water Recycling Facility),CA0037575,Order_R2-2022-0003.pdf,No,0,PRESENT_AND_FUTURE,PRESENT,0,PRESENT_AND_FUTURE,0,0,PRESENT,PRESENT,0,0,0,0,0,PRESENT,0,0,0,0,0,PRESENT_AND_FUTURE,0,0,0,0,0,0,0,0,0,0,0,0,0,0,0,0,0,0,0,0,0,0,0,0,0,0,0,0,0,PRESENT,PRESENT,0,0,PRESENT,PRESENT,0,0,0,PRESENT,0,0,0,0,0,0,PRESENT,0,PRESENT,PRESENT,0,0,0,PRESENT,0,PRESENT,0,0,0,0,0,0,PRESENT_AND_FUTURE,0
Nevada CSD No 1,Cascade Shores WWTP,CAC442921,r5-2017-0085-015.pdf,No,0,0,PRESENT,0,PRESENT,PRESENT,0,PRESENT,0,0,0,0,0,0,0,0,0,0,0,0,PRESENT,0,0,0,0,0,0,0,0,0,0,0,0,0,0,0,0,0,0,0,0,0,0,PRESENT,0,0,PRESENT,0,0,0,0,0,0,0,0,0,0,0,0,0,0,0,0,0,0,0,0,0,0,0,0,0,0,0,0,0,0,PRESENT,0,0,0,0,0,0
Nevada CSD No 1,Lake Wildwood WWTP,CAC439953,nvcosd1_wildwood_wwtp_final_noa.pdf,No,0,0,0,0,0,0,0,0,0,0,0,0,0,0,0,0,0,0,0,0,0,0,0,0,0,0,0,0,0,0,0,0,0,0,0,0,0,0,0,0,0,0,0,0,0,0,0,0,0,0,0,0,0,0,0,0,0,0,0,0,0,0,0,0,0,0,0,0,0,0,0,0,0,0,0,0,0,0,0,0,0,0,0,0
Nevada City,Nevada City WWTP,CA0079901,r5-2022-0039_npdes.pdf,No,0,PRESENT,PRESENT,0,PRESENT,PRESENT,PRESENT,PRESENT,0,0,0,0,0,0,PRESENT,0,0,0,0,0,0,0,0,0,0,0,0,PRESENT,0,0,0,0,PRESENT,0,0,0,0,0,0,0,0,0,0,0,0,0,0,PRESENT,0,0,0,0,0,0,PRESENT,PRESENT,0,0,0,PRESENT,0,0,0,0,0,0,PRESENT,0,PRESENT,PRESENT,0,0,0,PRESENT,0,0,0,PRESENT,0,0,0,0,0,0
Niland County Sanitation District,Niland SD WWTP,CA0104451,R7-2025-0017.pdf,No,0,0,0,0,0,PRESENT,0,0,0,0,0,0,0,0,0,0,0,0,0,0,PRESENT_AND_FUTURE,0,0,0,0,0,0,0,0,0,0,0,0,0,0,0,0,0,0,0,0,0,0,0,0,0,0,0,0,0,0,0,0,0,PRESENT,PRESENT,0,0,0,FUTURE,0,0,0,0,0,0,0,0,0,0,0,PRESENT,0,0,0,0,0,PRESENT,0,0,0,0,0,0
North San Mateo County Sanitation District,North San Mateo County Sanitation District WWTP,CA0037737,CA0037737 NSMCSD Order R2-2022-0036.pdf,No,0,PRESENT,PRESENT,0,PRESENT,PRESENT,0,PRESENT,PRESENT,0,0,PRESENT,0,0,PRESENT,0,0,0,0,0,0,0,0,0,0,0,0,0,0,0,0,0,0,0,0,0,0,0,0,0,0,0,0,0,0,0,0,0,0,0,0,PRESENT,0,0,PRESENT,PRESENT,0,0,0,PRESENT,PRESENT,0,PRESENT,0,0,0,PRESENT,0,PRESENT,0,PRESENT,0,0,PRESENT,0,0,0,PRESENT,0,0,0,0,0,0
Novato Sanitary District,Novato and Ignacio WWTP,CA0037958,R2-2020-0019.pdf,No,0,PRESENT,PRESENT,0,PRESENT,PRESENT,PRESENT,0,0,0,0,0,0,0,PRESENT,0,0,0,0,0,PRESENT,0,0,0,0,0,0,PRESENT,0,0,0,0,0,0,0,0,0,0,0,0,0,0,0,0,0,0,0,0,0,0,0,0,0,0,0,0,0,0,0,PRESENT,0,0,0,0,0,0,PRESENT,0,PRESENT,0,0,0,0,0,PRESENT,0,PRESENT,0,0,0,0,0,0,0
Oceanside City,San Luis Rey Water Reclamation Facility (NPDES - Ocean Discharge),,AmendedOrderR920190166_Digitally Signed signed dwg 12-14-21.pdf,Yes,0,PRESENT,PRESENT,0,PRESENT,PRESENT,PRESENT,PRESENT,0,0,0,0,0,0,PRESENT,0,0,0,0,0,PRESENT,0,0,0,0,0,0,PRESENT,0,0,0,0,0,0,0,0,0,0,0,0,0,0,0,0,0,0,0,0,0,0,0,0,0,0,PRESENT,0,0,0,0,PRESENT,0,0,0,0,0,0,PRESENT,0,PRESENT,PRESENT,PRESENT,0,0,PRESENT,PRESENT,PRESENT,0,PRESENT,0,0,0,0,0,0
Oceanside City,Oceanside Ocean Outfall,CA0107433,AmendedOrderR920190166_Digitally Signed signed dwg 12-14-21.pdf,Yes,0,PRESENT,PRESENT,0,PRESENT,PRESENT,PRESENT,PRESENT,0,0,0,0,0,0,PRESENT,0,0,0,0,0,PRESENT,0,0,0,0,0,0,PRESENT,0,0,0,0,0,0,0,0,0,0,0,0,0,0,0,0,0,0,0,0,0,0,0,0,0,0,PRESENT,0,0,0,0,PRESENT,0,0,0,0,0,0,PRESENT,0,PRESENT,PRESENT,PRESENT,0,0,PRESENT,PRESENT,PRESENT,0,PRESENT,0,0,0,0,0,0
Oceanside City,"La Salina WWTP, Oceanside Ocean Outfall",,AmendedOrderR920190166_Digitally Signed signed dwg 12-14-21.pdf,Yes,0,PRESENT,PRESENT,0,PRESENT,PRESENT,PRESENT,PRESENT,0,0,0,0,0,0,PRESENT,0,0,0,0,0,PRESENT,0,0,0,0,0,0,PRESENT,0,0,0,0,0,0,0,0,0,0,0,0,0,0,0,0,0,0,0,0,0,0,0,0,0,0,PRESENT,0,0,0,0,PRESENT,0,0,0,0,0,0,PRESENT,0,PRESENT,PRESENT,PRESENT,0,0,PRESENT,PRESENT,PRESENT,0,PRESENT,0,0,0,0,0,0
Oceanside City,San Luis Rey Water Reclamation Facility (NPDES - Ocean Discharge),,AmendingOrderR920210199_Digitally Signed signed dwg 12-14-21.pdf,Yes,0,PRESENT,PRESENT,0,PRESENT,PRESENT,PRESENT,PRESENT,0,0,0,0,0,0,PRESENT,0,0,0,0,0,PRESENT,0,0,0,0,0,0,PRESENT,0,0,0,0,0,0,0,0,0,0,0,0,0,0,0,0,0,0,0,0,0,0,0,0,0,0,PRESENT,0,0,0,0,PRESENT,0,0,0,0,0,0,PRESENT,0,PRESENT,PRESENT,PRESENT,0,0,PRESENT,PRESENT,PRESENT,0,PRESENT,0,0,0,0,0,0
Oceanside City,Oceanside Ocean Outfall,CA0107433,AmendingOrderR920210199_Digitally Signed signed dwg 12-14-21.pdf,Yes,0,PRESENT,PRESENT,0,PRESENT,PRESENT,PRESENT,PRESENT,0,0,0,0,0,0,PRESENT,0,0,0,0,0,PRESENT,0,0,0,0,0,0,PRESENT,0,0,0,0,0,0,0,0,0,0,0,0,0,0,0,0,0,0,0,0,0,0,0,0,0,0,PRESENT,0,0,0,0,PRESENT,0,0,0,0,0,0,PRESENT,0,PRESENT,PRESENT,PRESENT,0,0,PRESENT,PRESENT,PRESENT,0,PRESENT,0,0,0,0,0,0
Oceanside City,"La Salina WWTP, Oceanside Ocean Outfall",,AmendingOrderR920210199_Digitally Signed signed dwg 12-14-21.pdf,Yes,0,PRESENT,PRESENT,0,PRESENT,PRESENT,PRESENT,PRESENT,0,0,0,0,0,0,PRESENT,0,0,0,0,0,PRESENT,0,0,0,0,0,0,PRESENT,0,0,0,0,0,0,0,0,0,0,0,0,0,0,0,0,0,0,0,0,0,0,0,0,0,0,PRESENT,0,0,0,0,PRESENT,0,0,0,0,0,0,PRESENT,0,PRESENT,PRESENT,PRESENT,0,0,PRESENT,PRESENT,PRESENT,0,PRESENT,0,0,0,0,0,0
Oceanside City,San Luis Rey Water Reclamation Facility (NPDES - Ocean Discharge),,Oceanside_Final_Adopted_Order_R9-2019-0166 (1).pdf,Yes,0,PRESENT,PRESENT,0,PRESENT,PRESENT,PRESENT,PRESENT,0,0,0,0,0,0,PRESENT,0,0,0,0,0,PRESENT,0,0,0,0,0,0,0,0,0,0,0,0,0,0,0,0,0,0,0,0,0,PRESENT,0,0,0,0,0,0,0,0,0,0,PRESENT,PRESENT,0,0,0,0,PRESENT,0,0,0,0,0,0,PRESENT,0,PRESENT,PRESENT,0,0,0,PRESENT,PRESENT,PRESENT,0,PRESENT,0,0,0,0,0,0
Oceanside City,Oceanside Ocean Outfall,CA0107433,Oceanside_Final_Adopted_Order_R9-2019-0166 (1).pdf,Yes,0,PRESENT,PRESENT,0,PRESENT,PRESENT,PRESENT,PRESENT,0,0,0,0,0,0,PRESENT,0,0,0,0,0,PRESENT,0,0,0,0,0,0,0,0,0,0,0,0,0,0,0,0,0,0,0,0,0,PRESENT,0,0,0,0,0,0,0,0,0,0,PRESENT,PRESENT,0,0,0,0,PRESENT,0,0,0,0,0,0,PRESENT,0,PRESENT,PRESENT,0,0,0,PRESENT,PRESENT,PRESENT,0,PRESENT,0,0,0,0,0,0
Oceanside City,"La Salina WWTP, Oceanside Ocean Outfall",,Oceanside_Final_Adopted_Order_R9-2019-0166 (1).pdf,Yes,0,PRESENT,PRESENT,0,PRESENT,PRESENT,PRESENT,PRESENT,0,0,0,0,0,0,PRESENT,0,0,0,0,0,PRESENT,0,0,0,0,0,0,0,0,0,0,0,0,0,0,0,0,0,0,0,0,0,PRESENT,0,0,0,0,0,0,0,0,0,0,PRESENT,PRESENT,0,0,0,0,PRESENT,0,0,0,0,0,0,PRESENT,0,PRESENT,PRESENT,0,0,0,PRESENT,PRESENT,PRESENT,0,PRESENT,0,0,0,0,0,0
Oceanside City,San Luis Rey Water Reclamation Facility (NPDES - Ocean Discharge),,R9-2019-0166_Amended2020 signed dwg 08-17-20.pdf,Yes,0,PRESENT,PRESENT,0,PRESENT,PRESENT,PRESENT,PRESENT,0,0,0,0,0,0,PRESENT,0,0,0,0,0,PRESENT,0,0,0,0,0,0,0,0,0,0,0,0,0,0,0,0,0,0,0,0,0,PRESENT,0,0,0,0,0,0,0,0,0,0,PRESENT,PRESENT,0,0,0,0,PRESENT,0,0,0,0,0,0,PRESENT,0,PRESENT,PRESENT,PRESENT,0,0,PRESENT,PRESENT,PRESENT,0,PRESENT,0,0,0,0,0,0
Oceanside City,Oceanside Ocean Outfall,CA0107433,R9-2019-0166_Amended2020 signed dwg 08-17-20.pdf,Yes,0,PRESENT,PRESENT,0,PRESENT,PRESENT,PRESENT,PRESENT,0,0,0,0,0,0,PRESENT,0,0,0,0,0,PRESENT,0,0,0,0,0,0,0,0,0,0,0,0,0,0,0,0,0,0,0,0,0,PRESENT,0,0,0,0,0,0,0,0,0,0,PRESENT,PRESENT,0,0,0,0,PRESENT,0,0,0,0,0,0,PRESENT,0,PRESENT,PRESENT,PRESENT,0,0,PRESENT,PRESENT,PRESENT,0,PRESENT,0,0,0,0,0,0
Oceanside City,"La Salina WWTP, Oceanside Ocean Outfall",,R9-2019-0166_Amended2020 signed dwg 08-17-20.pdf,Yes,0,PRESENT,PRESENT,0,PRESENT,PRESENT,PRESENT,PRESENT,0,0,0,0,0,0,PRESENT,0,0,0,0,0,PRESENT,0,0,0,0,0,0,0,0,0,0,0,0,0,0,0,0,0,0,0,0,0,PRESENT,0,0,0,0,0,0,0,0,0,0,PRESENT,PRESENT,0,0,0,0,PRESENT,0,0,0,0,0,0,PRESENT,0,PRESENT,PRESENT,PRESENT,0,0,PRESENT,PRESENT,PRESENT,0,PRESENT,0,0,0,0,0,0
Oceanside City,San Luis Rey Water Reclamation Facility (NPDES - Ocean Discharge),,R9-2020-0190_Final_Order signed dwg 08-17-20.pdf,Yes,0,PRESENT,PRESENT,0,PRESENT,PRESENT,PRESENT,PRESENT,0,0,0,0,0,0,PRESENT,0,0,0,0,0,PRESENT,0,0,0,0,0,0,0,0,0,0,0,0,0,0,0,0,0,0,0,0,0,PRESENT,0,0,0,0,0,0,0,0,0,0,PRESENT,PRESENT,0,0,0,0,PRESENT,0,0,0,0,0,0,PRESENT,0,PRESENT,PRESENT,PRESENT,0,0,PRESENT,PRESENT,PRESENT,0,PRESENT,0,0,0,0,0,0
Oceanside City,Oceanside Ocean Outfall,CA0107433,R9-2020-0190_Final_Order signed dwg 08-17-20.pdf,Yes,0,PRESENT,PRESENT,0,PRESENT,PRESENT,PRESENT,PRESENT,0,0,0,0,0,0,PRESENT,0,0,0,0,0,PRESENT,0,0,0,0,0,0,0,0,0,0,0,0,0,0,0,0,0,0,0,0,0,PRESENT,0,0,0,0,0,0,0,0,0,0,PRESENT,PRESENT,0,0,0,0,PRESENT,0,0,0,0,0,0,PRESENT,0,PRESENT,PRESENT,PRESENT,0,0,PRESENT,PRESENT,PRESENT,0,PRESENT,0,0,0,0,0,0
Oceanside City,"La Salina WWTP, Oceanside Ocean Outfall",,R9-2020-0190_Final_Order signed dwg 08-17-20.pdf,Yes,0,PRESENT,PRESENT,0,PRESENT,PRESENT,PRESENT,PRESENT,0,0,0,0,0,0,PRESENT,0,0,0,0,0,PRESENT,0,0,0,0,0,0,0,0,0,0,0,0,0,0,0,0,0,0,0,0,0,PRESENT,0,0,0,0,0,0,0,0,0,0,PRESENT,PRESENT,0,0,0,0,PRESENT,0,0,0,0,0,0,PRESENT,0,PRESENT,PRESENT,PRESENT,0,0,PRESENT,PRESENT,PRESENT,0,PRESENT,0,0,0,0,0,0
Ojai Valley Sanitary District,Ojai Valley WWTP,CA0053961,Adopted Order Ojai NPDES CI 4245 12212023_ADAchecked.pdf,No,PRESENT,0,PRESENT,0,PRESENT,PRESENT,PRESENT,PRESENT,0,0,PRESENT_AND_FUTURE,0,0,0,PRESENT,0,0,0,0,0,PRESENT,0,0,0,0,0,0,PRESENT_AND_FUTURE,0,0,PRESENT,0,0,0,0,0,0,0,0,0,0,0,0,0,0,0,0,FUTURE,0,0,0,0,0,0,PRESENT,PRESENT,PRESENT,0,0,PRESENT,0,0,0,0,0,PRESENT_AND_FUTURE,0,0,0,PRESENT,0,PRESENT,0,PRESENT,0,PRESENT,0,PRESENT,0,0,0,0,0,0
Olivehurst PUD,Olivehurst WWTP,CA0077836,r5-2021-0024_npdes.pdf,No,0,0,PRESENT_AND_FUTURE,0,PRESENT_AND_FUTURE,PRESENT,PRESENT,PRESENT_AND_FUTURE,0,0,PRESENT,0,0,0,0,0,0,0,0,0,PRESENT,0,0,0,0,0,0,0,0,0,0,0,0,0,0,0,0,0,0,0,0,0,0,0,0,0,0,0,0,0,0,0,0,0,0,0,PRESENT,0,0,PRESENT,0,0,0,0,0,0,0,0,0,0,0,PRESENT,0,0,0,0,PRESENT,PRESENT,0,0,0,0,0,0
Orange County Water District,Groundwater Replenishment System - Advanced WTF,,R8-2022-0002_OCWD_NPDES.pdf,No,0,0,0,0,0,PRESENT,0,0,0,0,0,0,0,0,0,0,0,0,0,0,0,0,0,0,0,0,0,0,0,0,0,0,0,0,0,0,0,0,0,0,0,0,PRESENT,0,PRESENT,0,0,0,0,0,0,0,0,0,PRESENT,PRESENT,PRESENT,0,0,PRESENT,0,0,0,PRESENT,PRESENT,PRESENT,0,0,0,0,0,0,0,0,0,0,0,0,0,0,0,0,0,0
Oxnard City Wastewater Division,Oxnard WWTP,CA0054097,Adopted OWRRF NPDES CI-2022 06172024 signed.pdf,No,0,PRESENT_AND_FUTURE,PRESENT_AND_FUTURE,0,PRESENT_AND_FUTURE,PRESENT_AND_FUTURE,PRESENT_AND_FUTURE,PRESENT,PRESENT,0,0,0,0,0,PRESENT_AND_FUTURE,0,0,0,0,0,PRESENT,0,0,0,0,0,0,0,0,0,0,0,0,0,PRESENT,0,0,0,0,0,0,0,PRESENT,0,PRESENT,0,0,0,0,0,0,PRESENT,0,0,PRESENT,PRESENT,0,0,0,PRESENT,0,PRESENT,PRESENT,0,0,0,PRESENT,0,PRESENT_AND_FUTURE,PRESENT,0,0,0,PRESENT,PRESENT,0,0,PRESENT,0,0,0,0,PRESENT,FUTURE
Palo Alto City,Palo Alto Regional WQCP,CA0037834,CA0037834 Palo Alto Order R2-2025-0003.pdf,No,0,PRESENT,PRESENT,0,PRESENT,PRESENT,PRESENT,0,0,0,0,0,0,0,PRESENT,0,0,0,0,0,PRESENT,0,0,0,0,0,0,0,0,0,0,0,PRESENT,0,0,0,0,FUTURE,PRESENT_AND_FUTURE,0,0,0,PRESENT_AND_FUTURE,0,FUTURE,0,0,0,0,0,0,0,0,0,PRESENT,0,0,0,0,PRESENT,0,0,0,0,0,0,0,0,0,PRESENT,0,0,0,0,PRESENT,0,0,0,0,0,0,0,0,0
Petaluma City PWD,Petaluma Ellis Creek Water Recycling Facility (NPDES Permit),CA0037810,Order R2-2021-0008 (1).pdf,No,0,0,PRESENT,0,PRESENT,PRESENT,PRESENT,0,0,0,0,0,0,0,PRESENT,0,PRESENT,0,0,0,PRESENT,0,0,0,0,0,0,PRESENT,0,0,0,0,0,0,0,0,0,0,0,0,0,0,0,0,0,0,0,0,PRESENT,0,0,PRESENT,0,0,0,PRESENT,0,0,0,PRESENT,PRESENT,0,0,0,0,0,0,0,0,0,0,0,0,0,0,PRESENT,0,PRESENT,0,0,0,0,0,0
Pinole City,City of Pinole WWTP,CA0037796,R2-2023-0008.pdf,No,0,PRESENT,PRESENT,0,PRESENT,PRESENT,PRESENT,0,0,0,0,0,0,0,PRESENT,0,0,0,0,0,0,0,0,PRESENT,0,0,0,PRESENT,0,0,0,0,0,0,0,0,0,0,0,0,0,0,0,0,0,0,0,0,0,0,0,0,0,0,PRESENT,PRESENT,0,0,0,PRESENT,0,0,0,0,0,0,0,0,0,0,PRESENT,0,0,0,0,PRESENT,0,PRESENT,0,0,0,0,0,0
Pismo Beach City,Pismo Beach WWTP,,2015_0016_npdes.pdf.pdf,No,0,0,PRESENT,0,PRESENT,PRESENT,0,0,PRESENT,0,PRESENT,0,0,0,0,0,0,0,0,0,0,0,0,0,0,0,0,0,0,0,0,0,0,0,0,0,0,0,0,0,0,0,0,0,0,0,0,0,0,0,0,0,0,0,0,PRESENT,0,0,0,0,0,0,0,0,0,0,0,0,0,PRESENT,0,0,0,0,0,PRESENT,0,0,0,0,0,0,0,0
Placerville City,Hangtown Creek WRF,CAC439621,r5-2017-0085-007.pdf,No,0,PRESENT,PRESENT,0,PRESENT,PRESENT,0,0,0,0,0,0,0,0,PRESENT,0,0,0,0,0,0,0,0,0,0,0,0,0,0,0,0,0,PRESENT,0,0,0,0,0,0,0,0,0,0,0,0,0,0,0,0,0,0,0,0,0,0,0,0,0,0,PRESENT,0,0,0,0,0,0,PRESENT,0,PRESENT,PRESENT,0,0,0,0,0,0,0,0,0,0,0,0,0,0
Portola City,Portola WWTP,CA0077844,r5-2024-0023_npdes.pdf,No,0,0,0,0,0,PRESENT,0,0,0,0,0,0,0,0,0,0,0,0,0,0,PRESENT,0,0,0,0,0,0,0,0,0,0,0,0,0,0,0,0,0,0,0,0,0,0,0,0,0,0,0,0,0,0,0,0,0,0,PRESENT,0,0,0,PRESENT,PRESENT,0,0,0,0,0,0,0,0,0,0,0,0,0,0,PRESENT,0,PRESENT,0,0,0,0,0,0
Red Bluff City,Red Bluff WW Reclamation Plant,CA0078891,r5_2023-0048_npdes.pdf,No,0,0,PRESENT_AND_FUTURE,0,PRESENT_AND_FUTURE,PRESENT_AND_FUTURE,PRESENT,PRESENT,0,0,0,0,0,0,PRESENT,0,0,0,0,0,PRESENT,0,0,0,0,0,0,0,0,0,0,0,0,0,0,0,0,0,0,0,0,0,0,0,0,0,0,0,0,0,0,0,0,0,PRESENT,PRESENT,0,0,0,PRESENT,0,0,0,0,0,0,0,PRESENT,PRESENT,0,0,PRESENT,0,0,0,PRESENT,0,PRESENT,0,0,0,0,0,0
Redway CSD,Redway POTW,CA0022781,23_0004_Redway_CSD_NPDES_01.26.23_EOsigned.pdf,No,0,0,PRESENT,0,PRESENT_AND_FUTURE,FUTURE,0,0,0,0,PRESENT,0,0,0,0,0,0,0,0,0,PRESENT,0,0,0,0,0,0,0,0,0,0,0,0,0,0,0,0,0,0,0,0,0,0,0,0,0,0,0,0,0,0,0,0,0,PRESENT,PRESENT,0,0,0,PRESENT,0,0,0,0,0,0,0,0,0,0,0,PRESENT_AND_FUTURE,0,0,0,PRESENT,0,PRESENT,0,0,0,0,0,0
Rialto City,Rialto WWRF,,14-0010_Rialto_City_of_Renewal_WDR_MWWTP.pdf,No,0,0,PRESENT,0,PRESENT,PRESENT,0,PRESENT,0,0,0,0,0,0,PRESENT,0,0,0,0,0,0,0,0,0,0,PRESENT,PRESENT,0,0,0,0,0,0,0,0,0,0,0,0,0,0,0,0,0,0,0,0,0,0,0,0,0,0,0,PRESENT,PRESENT,PRESENT,0,0,PRESENT,0,0,PRESENT,0,0,0,PRESENT,0,PRESENT,PRESENT,0,PRESENT,0,0,0,PRESENT,0,0,0,0,0,0,0,0
Richmond City,Richmond WPCP,,R2-2024-0008 West County.pdf,Yes,PRESENT,PRESENT,PRESENT,PRESENT,PRESENT,PRESENT,PRESENT,PRESENT,PRESENT,0,0,0,0,0,PRESENT,0,0,0,0,0,PRESENT,0,0,PRESENT,0,0,0,PRESENT,0,0,PRESENT,0,0,0,0,0,0,0,0,0,0,0,0,0,0,0,0,0,0,0,0,0,0,0,PRESENT,PRESENT,0,0,0,PRESENT,0,0,0,0,0,0,PRESENT,0,PRESENT,PRESENT,PRESENT,PRESENT,0,0,PRESENT,PRESENT,PRESENT,PRESENT,0,0,0,0,PRESENT,0
West County Agency,West County Agency Outfall,CA0038539,R2-2024-0008 West County.pdf,Yes,PRESENT,PRESENT,PRESENT,PRESENT,PRESENT,PRESENT,PRESENT,PRESENT,PRESENT,0,0,0,0,0,PRESENT,0,0,0,0,0,PRESENT,0,0,PRESENT,0,0,0,PRESENT,0,0,PRESENT,0,0,0,0,0,0,0,0,0,0,0,0,0,0,0,0,0,0,0,0,0,0,0,PRESENT,PRESENT,0,0,0,PRESENT,0,0,0,0,0,0,PRESENT,0,PRESENT,PRESENT,PRESENT,PRESENT,0,0,PRESENT,PRESENT,PRESENT,PRESENT,0,0,0,0,PRESENT,0
West County Wastewater District,West County WW District WPCP,,R2-2024-0008 West County.pdf,Yes,PRESENT,PRESENT,PRESENT,PRESENT,PRESENT,PRESENT,PRESENT,PRESENT,PRESENT,0,0,0,0,0,PRESENT,0,0,0,0,0,PRESENT,0,0,PRESENT,0,0,0,PRESENT,0,0,PRESENT,0,0,0,0,0,0,0,0,0,0,0,0,0,0,0,0,0,0,0,0,0,0,0,PRESENT,PRESENT,0,0,0,PRESENT,0,0,0,0,0,0,PRESENT,0,PRESENT,PRESENT,PRESENT,PRESENT,0,0,PRESENT,PRESENT,PRESENT,PRESENT,0,0,0,0,PRESENT,0
Rio Dell City,Rio Dell City WWTF,CA0022748,Order No. 2023-0022 Combined.pdf,No,0,0,0,0,0,PRESENT,PRESENT,0,0,0,0,0,0,0,0,0,0,0,0,0,PRESENT,0,0,0,0,0,0,0,0,0,0,0,0,0,0,0,0,0,0,0,0,0,0,0,0,0,0,0,0,0,0,0,0,0,PRESENT_AND_FUTURE,PRESENT,0,0,0,PRESENT_AND_FUTURE,0,0,0,0,0,0,0,0,PRESENT,PRESENT,0,0,0,0,0,0,0,0,0,0,0,0,0,0
Rio Vista City,Beach WWTF,CA0079588,r5-2024-0054_npdes.pdf,No,0,PRESENT,PRESENT,0,PRESENT,PRESENT,PRESENT,0,0,0,0,0,0,0,PRESENT,0,0,0,0,0,0,0,0,0,0,0,0,0,0,0,0,0,0,0,0,0,0,0,0,0,0,0,0,0,0,0,0,0,0,0,0,0,0,0,PRESENT,0,0,0,0,PRESENT,0,0,0,0,0,0,0,0,0,PRESENT,0,PRESENT,0,PRESENT,0,0,0,0,0,0,0,0,0,0
Rio Vista City,Northwest WWTF,CA0083771,r5-2021-0004.pdf,No,0,0,0,0,0,PRESENT,0,0,0,0,0,0,0,0,PRESENT,0,0,0,0,0,0,0,0,0,0,0,0,0,0,0,0,0,0,0,0,0,0,0,0,0,0,0,0,0,0,0,0,0,0,0,0,0,0,0,0,0,0,0,0,PRESENT,0,0,0,0,0,0,0,0,0,PRESENT,0,PRESENT,0,0,0,PRESENT,0,PRESENT,0,0,0,0,0,0
River Highlands CSD,Hammonton Gold Village WWTP,CA0081574,r5-2022-0024_npdes.pdf,No,0,0,0,0,0,PRESENT,0,0,0,0,0,0,0,0,0,0,0,0,0,0,0,0,0,0,0,0,0,PRESENT,0,0,0,0,0,0,0,0,0,0,0,0,0,0,0,0,PRESENT,PRESENT,PRESENT,0,0,0,0,0,0,0,0,0,PRESENT,0,0,PRESENT,0,0,0,0,0,0,0,0,0,0,0,0,0,0,0,0,0,0,0,0,0,0,0,0
Riverside City,Riverside City WWRF,,13-0016_Riverside_City_of_Dept_of_Public_Works.pdf,No,0,PRESENT,PRESENT,0,PRESENT,PRESENT,PRESENT,PRESENT,PRESENT,0,0,0,0,0,0,0,0,0,0,0,0,0,0,0,0,0,0,0,0,0,0,0,PRESENT,0,0,0,0,0,0,0,0,0,0,0,0,PRESENT,0,0,0,0,0,0,0,0,PRESENT,PRESENT,0,0,0,0,PRESENT,0,PRESENT,0,0,0,PRESENT,0,PRESENT,PRESENT,PRESENT,0,0,PRESENT,0,0,0,0,0,0,0,0,0,0
Rodeo Sanitary District,Rodeo Sanitary District WWTP,CA0037826,R2-2022-0037.pdf,No,0,PRESENT,PRESENT,0,PRESENT,PRESENT,PRESENT,0,0,0,0,0,0,0,FUTURE,0,0,0,0,0,PRESENT,0,0,0,0,0,0,FUTURE,0,0,0,0,0,0,0,0,0,0,0,0,0,0,0,0,0,0,0,0,0,0,0,0,0,0,PRESENT,PRESENT,0,0,0,PRESENT,0,0,0,0,0,0,PRESENT,0,PRESENT,PRESENT_AND_FUTURE,PRESENT_AND_FUTURE,PRESENT_AND_FUTURE,0,FUTURE,0,PRESENT,0,PRESENT,0,0,0,0,0,0
Roseville City,Dry Creek WWTP,CAC426201,roseville_drycreek_wwtp_mgo_noa_final.pdf,Yes,0,PRESENT,PRESENT,0,PRESENT,PRESENT,PRESENT,0,0,0,0,0,0,0,0,0,0,0,0,0,PRESENT,0,0,0,0,0,0,PRESENT,0,0,0,0,0,0,0,0,0,0,0,0,0,0,0,0,0,0,0,0,0,0,0,0,0,0,0,0,PRESENT,0,0,PRESENT,0,0,0,0,0,0,0,0,PRESENT,PRESENT,0,0,0,0,0,PRESENT,0,0,0,0,0,0,0,0
SEWER AUTHORITY MID-COASTSIDE,SAM WWTP (Sewer Authority Mid-Coastside WWTP),CA0038598,CA0038598 SAM Order R2-2023-0002.pdf,No,0,PRESENT,PRESENT,0,PRESENT,PRESENT,PRESENT,PRESENT,0,0,0,0,0,0,PRESENT,0,0,0,0,0,0,0,0,0,0,0,0,0,0,0,0,0,0,0,0,0,0,0,0,0,0,0,PRESENT,PRESENT,0,0,0,0,0,0,0,0,0,0,PRESENT,PRESENT,PRESENT,0,0,PRESENT,0,0,PRESENT,0,0,0,PRESENT,0,PRESENT,PRESENT,0,0,0,0,0,0,0,PRESENT,0,0,0,0,0,0
SOCWA-Aliso Creek Ocean O/F,El Toro WD WRP,CA0107611,r9_2022_0006_acoo_signature signed dwg 03-18-21.pdf,Yes,0,0,0,0,0,0,0,0,0,0,0,0,0,0,0,0,0,0,0,0,0,0,0,0,0,0,0,0,0,0,0,0,0,0,0,0,0,0,0,0,0,0,0,0,0,0,0,0,0,0,0,0,0,0,0,0,0,0,0,0,0,0,0,0,0,0,0,0,0,0,0,0,0,0,0,0,0,0,0,0,0,0,0,0
SOCWA-Aliso Creek Ocean O/F,SOCWA - Coastal TP,CA0107611,r9_2022_0006_acoo_signature signed dwg 03-18-21.pdf,Yes,0,0,0,0,0,0,0,0,0,0,0,0,0,0,0,0,0,0,0,0,0,0,0,0,0,0,0,0,0,0,0,0,0,0,0,0,0,0,0,0,0,0,0,0,0,0,0,0,0,0,0,0,0,0,0,0,0,0,0,0,0,0,0,0,0,0,0,0,0,0,0,0,0,0,0,0,0,0,0,0,0,0,0,0
SOCWA-Recycled Water Use,SOCWA - Coastal TP,,r9_2022_0006_acoo_signature signed dwg 03-18-21.pdf,Yes,0,0,0,0,0,0,0,0,0,0,0,0,0,0,0,0,0,0,0,0,0,0,0,0,0,0,0,0,0,0,0,0,0,0,0,0,0,0,0,0,0,0,0,0,0,0,0,0,0,0,0,0,0,0,0,0,0,0,0,0,0,0,0,0,0,0,0,0,0,0,0,0,0,0,0,0,0,0,0,0,0,0,0,0
SOCWA-Aliso Creek Ocean O/F,SOCWA Aliso Creek Ocean Outfall,CA0107611,r9_2022_0006_acoo_signature signed dwg 03-18-21.pdf,Yes,0,0,0,0,0,0,0,0,0,0,0,0,0,0,0,0,0,0,0,0,0,0,0,0,0,0,0,0,0,0,0,0,0,0,0,0,0,0,0,0,0,0,0,0,0,0,0,0,0,0,0,0,0,0,0,0,0,0,0,0,0,0,0,0,0,0,0,0,0,0,0,0,0,0,0,0,0,0,0,0,0,0,0,0
SOCWA-Aliso Creek Ocean O/F,SOCWA - Regional TP,CA0107611,r9_2022_0006_acoo_signature signed dwg 03-18-21.pdf,Yes,0,0,0,0,0,0,0,0,0,0,0,0,0,0,0,0,0,0,0,0,0,0,0,0,0,0,0,0,0,0,0,0,0,0,0,0,0,0,0,0,0,0,0,0,0,0,0,0,0,0,0,0,0,0,0,0,0,0,0,0,0,0,0,0,0,0,0,0,0,0,0,0,0,0,0,0,0,0,0,0,0,0,0,0
SOCWA-Recycled Water Use,SOCWA - Regional TP,,r9_2022_0006_acoo_signature signed dwg 03-18-21.pdf,Yes,0,0,0,0,0,0,0,0,0,0,0,0,0,0,0,0,0,0,0,0,0,0,0,0,0,0,0,0,0,0,0,0,0,0,0,0,0,0,0,0,0,0,0,0,0,0,0,0,0,0,0,0,0,0,0,0,0,0,0,0,0,0,0,0,0,0,0,0,0,0,0,0,0,0,0,0,0,0,0,0,0,0,0,0
SOCWA-Aliso Creek Ocean O/F,IRWD Los Alisos WRP,CA0107611,r9_2022_0006_acoo_signature signed dwg 03-18-21.pdf,Yes,0,0,0,0,0,0,0,0,0,0,0,0,0,0,0,0,0,0,0,0,0,0,0,0,0,0,0,0,0,0,0,0,0,0,0,0,0,0,0,0,0,0,0,0,0,0,0,0,0,0,0,0,0,0,0,0,0,0,0,0,0,0,0,0,0,0,0,0,0,0,0,0,0,0,0,0,0,0,0,0,0,0,0,0
SOCWA-San Juan Creek Ocean O/F,SOCWA San Juan Creek Ocean Outfall,CA0107417,amended_order_sjcoo signed dwg 03-19-25.pdf,Yes,0,0,0,0,0,0,0,0,0,0,0,0,0,0,0,0,0,0,0,0,0,0,0,0,0,0,0,0,0,0,0,0,0,0,0,0,0,0,0,0,0,0,0,0,0,0,0,0,0,0,0,0,0,0,0,0,0,0,0,0,0,0,0,0,0,0,0,0,0,0,0,0,0,0,0,0,0,0,0,0,0,0,0,0
SOCWA-San Juan Creek Ocean O/F,SMWD Oso Creek WRP,CA0107417,amended_order_sjcoo signed dwg 03-19-25.pdf,Yes,0,0,0,0,0,0,0,0,0,0,0,0,0,0,0,0,0,0,0,0,0,0,0,0,0,0,0,0,0,0,0,0,0,0,0,0,0,0,0,0,0,0,0,0,0,0,0,0,0,0,0,0,0,0,0,0,0,0,0,0,0,0,0,0,0,0,0,0,0,0,0,0,0,0,0,0,0,0,0,0,0,0,0,0
SOCWA-San Juan Creek Ocean O/F,SMWD - Chiquita WRP,CA0107417,amended_order_sjcoo signed dwg 03-19-25.pdf,Yes,0,0,0,0,0,0,0,0,0,0,0,0,0,0,0,0,0,0,0,0,0,0,0,0,0,0,0,0,0,0,0,0,0,0,0,0,0,0,0,0,0,0,0,0,0,0,0,0,0,0,0,0,0,0,0,0,0,0,0,0,0,0,0,0,0,0,0,0,0,0,0,0,0,0,0,0,0,0,0,0,0,0,0,0
SOCWA-San Juan Creek Ocean O/F,City of San Clemente WRP,CA0107417,amended_order_sjcoo signed dwg 03-19-25.pdf,Yes,0,0,0,0,0,0,0,0,0,0,0,0,0,0,0,0,0,0,0,0,0,0,0,0,0,0,0,0,0,0,0,0,0,0,0,0,0,0,0,0,0,0,0,0,0,0,0,0,0,0,0,0,0,0,0,0,0,0,0,0,0,0,0,0,0,0,0,0,0,0,0,0,0,0,0,0,0,0,0,0,0,0,0,0
San Clemente City,City of San Clemente WRP,,amended_order_sjcoo signed dwg 03-19-25.pdf,Yes,0,0,0,0,0,0,0,0,0,0,0,0,0,0,0,0,0,0,0,0,0,0,0,0,0,0,0,0,0,0,0,0,0,0,0,0,0,0,0,0,0,0,0,0,0,0,0,0,0,0,0,0,0,0,0,0,0,0,0,0,0,0,0,0,0,0,0,0,0,0,0,0,0,0,0,0,0,0,0,0,0,0,0,0
SOCWA-San Juan Creek Ocean O/F,SOCWA - 3A Treatment Plant,CA0107417,amended_order_sjcoo signed dwg 03-19-25.pdf,Yes,0,0,0,0,0,0,0,0,0,0,0,0,0,0,0,0,0,0,0,0,0,0,0,0,0,0,0,0,0,0,0,0,0,0,0,0,0,0,0,0,0,0,0,0,0,0,0,0,0,0,0,0,0,0,0,0,0,0,0,0,0,0,0,0,0,0,0,0,0,0,0,0,0,0,0,0,0,0,0,0,0,0,0,0
SOCWA-San Juan Creek Ocean O/F,J.B. Latham Wastewater Treatment Plant,CA0107417,amended_order_sjcoo signed dwg 03-19-25.pdf,Yes,0,0,0,0,0,0,0,0,0,0,0,0,0,0,0,0,0,0,0,0,0,0,0,0,0,0,0,0,0,0,0,0,0,0,0,0,0,0,0,0,0,0,0,0,0,0,0,0,0,0,0,0,0,0,0,0,0,0,0,0,0,0,0,0,0,0,0,0,0,0,0,0,0,0,0,0,0,0,0,0,0,0,0,0
SOCWA-San Juan Creek Ocean O/F,SOCWA San Juan Creek Ocean Outfall,CA0107417,att._1_to_amending_order_sjcoo.pdf,Yes,0,0,0,0,0,0,0,0,0,0,0,0,0,0,0,0,0,0,0,0,0,0,0,0,0,0,0,0,0,0,0,0,0,0,0,0,0,0,0,0,0,0,0,0,0,0,0,0,0,0,0,0,0,0,0,0,0,0,0,0,0,0,0,0,0,0,0,0,0,0,0,0,0,0,0,0,0,0,0,0,0,0,0,0
SOCWA-San Juan Creek Ocean O/F,SMWD Oso Creek WRP,CA0107417,att._1_to_amending_order_sjcoo.pdf,Yes,0,0,0,0,0,0,0,0,0,0,0,0,0,0,0,0,0,0,0,0,0,0,0,0,0,0,0,0,0,0,0,0,0,0,0,0,0,0,0,0,0,0,0,0,0,0,0,0,0,0,0,0,0,0,0,0,0,0,0,0,0,0,0,0,0,0,0,0,0,0,0,0,0,0,0,0,0,0,0,0,0,0,0,0
SOCWA-San Juan Creek Ocean O/F,SMWD - Chiquita WRP,CA0107417,att._1_to_amending_order_sjcoo.pdf,Yes,0,0,0,0,0,0,0,0,0,0,0,0,0,0,0,0,0,0,0,0,0,0,0,0,0,0,0,0,0,0,0,0,0,0,0,0,0,0,0,0,0,0,0,0,0,0,0,0,0,0,0,0,0,0,0,0,0,0,0,0,0,0,0,0,0,0,0,0,0,0,0,0,0,0,0,0,0,0,0,0,0,0,0,0
SOCWA-San Juan Creek Ocean O/F,City of San Clemente WRP,CA0107417,att._1_to_amending_order_sjcoo.pdf,Yes,0,0,0,0,0,0,0,0,0,0,0,0,0,0,0,0,0,0,0,0,0,0,0,0,0,0,0,0,0,0,0,0,0,0,0,0,0,0,0,0,0,0,0,0,0,0,0,0,0,0,0,0,0,0,0,0,0,0,0,0,0,0,0,0,0,0,0,0,0,0,0,0,0,0,0,0,0,0,0,0,0,0,0,0
San Clemente City,City of San Clemente WRP,,att._1_to_amending_order_sjcoo.pdf,Yes,0,0,0,0,0,0,0,0,0,0,0,0,0,0,0,0,0,0,0,0,0,0,0,0,0,0,0,0,0,0,0,0,0,0,0,0,0,0,0,0,0,0,0,0,0,0,0,0,0,0,0,0,0,0,0,0,0,0,0,0,0,0,0,0,0,0,0,0,0,0,0,0,0,0,0,0,0,0,0,0,0,0,0,0
SOCWA-San Juan Creek Ocean O/F,SOCWA - 3A Treatment Plant,CA0107417,att._1_to_amending_order_sjcoo.pdf,Yes,0,0,0,0,0,0,0,0,0,0,0,0,0,0,0,0,0,0,0,0,0,0,0,0,0,0,0,0,0,0,0,0,0,0,0,0,0,0,0,0,0,0,0,0,0,0,0,0,0,0,0,0,0,0,0,0,0,0,0,0,0,0,0,0,0,0,0,0,0,0,0,0,0,0,0,0,0,0,0,0,0,0,0,0
SOCWA-San Juan Creek Ocean O/F,J.B. Latham Wastewater Treatment Plant,CA0107417,att._1_to_amending_order_sjcoo.pdf,Yes,0,0,0,0,0,0,0,0,0,0,0,0,0,0,0,0,0,0,0,0,0,0,0,0,0,0,0,0,0,0,0,0,0,0,0,0,0,0,0,0,0,0,0,0,0,0,0,0,0,0,0,0,0,0,0,0,0,0,0,0,0,0,0,0,0,0,0,0,0,0,0,0,0,0,0,0,0,0,0,0,0,0,0,0
SOCWA-San Juan Creek Ocean O/F,SOCWA San Juan Creek Ocean Outfall,CA0107417,r9-2022-0005-a1_v3 signed dwg 03-28-24.pdf,Yes,0,0,0,0,0,0,0,0,0,0,0,0,0,0,0,0,0,0,0,0,0,0,0,0,0,0,0,0,0,0,0,0,0,0,0,0,0,0,0,0,0,0,0,0,0,0,0,0,0,0,0,0,0,0,0,0,0,0,0,0,0,0,0,0,0,0,0,0,0,0,0,0,0,0,0,0,0,0,0,0,0,0,0,0
SOCWA-San Juan Creek Ocean O/F,SMWD Oso Creek WRP,CA0107417,r9-2022-0005-a1_v3 signed dwg 03-28-24.pdf,Yes,0,0,0,0,0,0,0,0,0,0,0,0,0,0,0,0,0,0,0,0,0,0,0,0,0,0,0,0,0,0,0,0,0,0,0,0,0,0,0,0,0,0,0,0,0,0,0,0,0,0,0,0,0,0,0,0,0,0,0,0,0,0,0,0,0,0,0,0,0,0,0,0,0,0,0,0,0,0,0,0,0,0,0,0
SOCWA-San Juan Creek Ocean O/F,SMWD - Chiquita WRP,CA0107417,r9-2022-0005-a1_v3 signed dwg 03-28-24.pdf,Yes,0,0,0,0,0,0,0,0,0,0,0,0,0,0,0,0,0,0,0,0,0,0,0,0,0,0,0,0,0,0,0,0,0,0,0,0,0,0,0,0,0,0,0,0,0,0,0,0,0,0,0,0,0,0,0,0,0,0,0,0,0,0,0,0,0,0,0,0,0,0,0,0,0,0,0,0,0,0,0,0,0,0,0,0
SOCWA-San Juan Creek Ocean O/F,City of San Clemente WRP,CA0107417,r9-2022-0005-a1_v3 signed dwg 03-28-24.pdf,Yes,0,0,0,0,0,0,0,0,0,0,0,0,0,0,0,0,0,0,0,0,0,0,0,0,0,0,0,0,0,0,0,0,0,0,0,0,0,0,0,0,0,0,0,0,0,0,0,0,0,0,0,0,0,0,0,0,0,0,0,0,0,0,0,0,0,0,0,0,0,0,0,0,0,0,0,0,0,0,0,0,0,0,0,0
San Clemente City,City of San Clemente WRP,,r9-2022-0005-a1_v3 signed dwg 03-28-24.pdf,Yes,0,0,0,0,0,0,0,0,0,0,0,0,0,0,0,0,0,0,0,0,0,0,0,0,0,0,0,0,0,0,0,0,0,0,0,0,0,0,0,0,0,0,0,0,0,0,0,0,0,0,0,0,0,0,0,0,0,0,0,0,0,0,0,0,0,0,0,0,0,0,0,0,0,0,0,0,0,0,0,0,0,0,0,0
SOCWA-San Juan Creek Ocean O/F,SOCWA - 3A Treatment Plant,CA0107417,r9-2022-0005-a1_v3 signed dwg 03-28-24.pdf,Yes,0,0,0,0,0,0,0,0,0,0,0,0,0,0,0,0,0,0,0,0,0,0,0,0,0,0,0,0,0,0,0,0,0,0,0,0,0,0,0,0,0,0,0,0,0,0,0,0,0,0,0,0,0,0,0,0,0,0,0,0,0,0,0,0,0,0,0,0,0,0,0,0,0,0,0,0,0,0,0,0,0,0,0,0
SOCWA-San Juan Creek Ocean O/F,J.B. Latham Wastewater Treatment Plant,CA0107417,r9-2022-0005-a1_v3 signed dwg 03-28-24.pdf,Yes,0,0,0,0,0,0,0,0,0,0,0,0,0,0,0,0,0,0,0,0,0,0,0,0,0,0,0,0,0,0,0,0,0,0,0,0,0,0,0,0,0,0,0,0,0,0,0,0,0,0,0,0,0,0,0,0,0,0,0,0,0,0,0,0,0,0,0,0,0,0,0,0,0,0,0,0,0,0,0,0,0,0,0,0
SOCWA-San Juan Creek Ocean O/F,SOCWA San Juan Creek Ocean Outfall,CA0107417,r9_2022_0005_sjcoo_signature signed dwg 03-18-22.pdf,Yes,0,0,0,0,0,0,0,0,0,0,0,0,0,0,0,0,0,0,0,0,0,0,0,0,0,0,0,0,0,0,0,0,0,0,0,0,0,0,0,0,0,0,0,0,0,0,0,0,0,0,0,0,0,0,0,0,0,0,0,0,0,0,0,0,0,0,0,0,0,0,0,0,0,0,0,0,0,0,0,0,0,0,0,0
SOCWA-San Juan Creek Ocean O/F,SMWD Oso Creek WRP,CA0107417,r9_2022_0005_sjcoo_signature signed dwg 03-18-22.pdf,Yes,0,0,0,0,0,0,0,0,0,0,0,0,0,0,0,0,0,0,0,0,0,0,0,0,0,0,0,0,0,0,0,0,0,0,0,0,0,0,0,0,0,0,0,0,0,0,0,0,0,0,0,0,0,0,0,0,0,0,0,0,0,0,0,0,0,0,0,0,0,0,0,0,0,0,0,0,0,0,0,0,0,0,0,0
SOCWA-San Juan Creek Ocean O/F,SMWD - Chiquita WRP,CA0107417,r9_2022_0005_sjcoo_signature signed dwg 03-18-22.pdf,Yes,0,0,0,0,0,0,0,0,0,0,0,0,0,0,0,0,0,0,0,0,0,0,0,0,0,0,0,0,0,0,0,0,0,0,0,0,0,0,0,0,0,0,0,0,0,0,0,0,0,0,0,0,0,0,0,0,0,0,0,0,0,0,0,0,0,0,0,0,0,0,0,0,0,0,0,0,0,0,0,0,0,0,0,0
SOCWA-San Juan Creek Ocean O/F,City of San Clemente WRP,CA0107417,r9_2022_0005_sjcoo_signature signed dwg 03-18-22.pdf,Yes,0,0,0,0,0,0,0,0,0,0,0,0,0,0,0,0,0,0,0,0,0,0,0,0,0,0,0,0,0,0,0,0,0,0,0,0,0,0,0,0,0,0,0,0,0,0,0,0,0,0,0,0,0,0,0,0,0,0,0,0,0,0,0,0,0,0,0,0,0,0,0,0,0,0,0,0,0,0,0,0,0,0,0,0
San Clemente City,City of San Clemente WRP,,r9_2022_0005_sjcoo_signature signed dwg 03-18-22.pdf,Yes,0,0,0,0,0,0,0,0,0,0,0,0,0,0,0,0,0,0,0,0,0,0,0,0,0,0,0,0,0,0,0,0,0,0,0,0,0,0,0,0,0,0,0,0,0,0,0,0,0,0,0,0,0,0,0,0,0,0,0,0,0,0,0,0,0,0,0,0,0,0,0,0,0,0,0,0,0,0,0,0,0,0,0,0
SOCWA-San Juan Creek Ocean O/F,SOCWA - 3A Treatment Plant,CA0107417,r9_2022_0005_sjcoo_signature signed dwg 03-18-22.pdf,Yes,0,0,0,0,0,0,0,0,0,0,0,0,0,0,0,0,0,0,0,0,0,0,0,0,0,0,0,0,0,0,0,0,0,0,0,0,0,0,0,0,0,0,0,0,0,0,0,0,0,0,0,0,0,0,0,0,0,0,0,0,0,0,0,0,0,0,0,0,0,0,0,0,0,0,0,0,0,0,0,0,0,0,0,0
SOCWA-San Juan Creek Ocean O/F,J.B. Latham Wastewater Treatment Plant,CA0107417,r9_2022_0005_sjcoo_signature signed dwg 03-18-22.pdf,Yes,0,0,0,0,0,0,0,0,0,0,0,0,0,0,0,0,0,0,0,0,0,0,0,0,0,0,0,0,0,0,0,0,0,0,0,0,0,0,0,0,0,0,0,0,0,0,0,0,0,0,0,0,0,0,0,0,0,0,0,0,0,0,0,0,0,0,0,0,0,0,0,0,0,0,0,0,0,0,0,0,0,0,0,0
Sacramento Area Sewer District (SacSewer),EchoWater Resource Recovery Facility,CA0077682,r5-2021-0019-01_npdes.pdf,Yes,0,0,0,0,0,0,0,0,0,0,0,0,0,0,0,0,0,0,0,0,0,0,0,0,0,0,0,0,0,0,0,0,0,0,0,0,0,0,0,0,0,0,0,0,0,0,0,0,0,0,0,0,0,0,PRESENT,0,0,0,0,PRESENT,0,0,0,0,0,0,PRESENT,0,PRESENT,0,0,0,0,0,0,0,0,0,0,0,0,0,0,0
Sacramento Regional County Sanitation District (Regional San),EchoWater Resource Recovery Facility,,r5-2021-0019-01_npdes.pdf,Yes,0,0,0,0,0,0,0,0,0,0,0,0,0,0,0,0,0,0,0,0,0,0,0,0,0,0,0,0,0,0,0,0,0,0,0,0,0,0,0,0,0,0,0,0,0,0,0,0,0,0,0,0,0,0,PRESENT,0,0,0,0,PRESENT,0,0,0,0,0,0,PRESENT,0,PRESENT,0,0,0,0,0,0,0,0,0,0,0,0,0,0,0
Sacramento Area Sewer District (SacSewer),EchoWater Resource Recovery Facility,CA0077682,r5-2021-0019-02.pdf,Yes,0,0,0,0,0,0,0,0,0,0,0,0,0,0,0,0,0,0,0,0,0,0,0,0,0,0,0,0,0,0,0,0,0,0,0,0,0,0,0,0,0,0,0,0,0,0,0,0,0,0,0,0,0,0,PRESENT,0,0,0,0,PRESENT,0,0,0,0,0,0,PRESENT,0,PRESENT,0,0,0,0,0,0,0,0,0,0,0,0,0,0,0
Sacramento Regional County Sanitation District (Regional San),EchoWater Resource Recovery Facility,,r5-2021-0019-02.pdf,Yes,0,0,0,0,0,0,0,0,0,0,0,0,0,0,0,0,0,0,0,0,0,0,0,0,0,0,0,0,0,0,0,0,0,0,0,0,0,0,0,0,0,0,0,0,0,0,0,0,0,0,0,0,0,0,PRESENT,0,0,0,0,PRESENT,0,0,0,0,0,0,PRESENT,0,PRESENT,0,0,0,0,0,0,0,0,0,0,0,0,0,0,0
Sacramento Area Sewer District (SacSewer),EchoWater Resource Recovery Facility,CA0077682,r5-2021-0019_npdes.pdf,Yes,0,0,0,0,0,0,0,0,0,0,0,0,0,0,0,0,0,0,0,0,0,0,0,0,0,0,0,0,0,0,0,0,0,0,0,0,0,0,0,0,0,0,0,0,0,0,0,0,0,0,0,0,0,0,0,0,0,0,0,PRESENT,0,0,0,0,0,0,PRESENT,0,PRESENT,0,0,0,0,0,0,0,0,0,0,0,0,0,0,0
Sacramento Regional County Sanitation District (Regional San),EchoWater Resource Recovery Facility,,r5-2021-0019_npdes.pdf,Yes,0,0,0,0,0,0,0,0,0,0,0,0,0,0,0,0,0,0,0,0,0,0,0,0,0,0,0,0,0,0,0,0,0,0,0,0,0,0,0,0,0,0,0,0,0,0,0,0,0,0,0,0,0,0,0,0,0,0,0,PRESENT,0,0,0,0,0,0,PRESENT,0,PRESENT,0,0,0,0,0,0,0,0,0,0,0,0,0,0,0
Sacramento City,Sac City Combined WW Collection/TRT Sys,CA0079111,r5-2026-0003_npdes.pdf,No,0,PRESENT,0,PRESENT,PRESENT,0,0,0,0,0,0,0,0,0,0,0,0,0,0,0,0,0,0,0,0,0,0,0,0,0,0,0,0,0,0,0,0,0,0,0,0,0,0,0,0,0,0,0,0,0,0,0,0,0,PRESENT,PRESENT,0,0,0,PRESENT,0,0,0,0,0,0,0,0,0,0,0,0,0,0,0,0,0,0,0,0,0,0,0,0
Samoa Pacific Group LLC,Samoa Pacific WWTP (Samoa Town Site),CA1000001,20_0005_Samoa WWTF_NPDES.pdf,No,0,0,0,0,PRESENT,0,0,PRESENT,0,0,0,0,0,0,0,0,0,0,0,0,PRESENT,0,0,0,0,0,0,PRESENT,0,0,0,0,0,0,0,0,0,0,0,0,0,0,0,0,0,0,0,0,0,0,0,0,0,0,0,0,PRESENT,0,0,PRESENT,0,0,0,0,0,0,0,0,0,0,0,0,0,PRESENT,0,0,0,PRESENT,0,0,0,0,0,0
San Andreas SD,San Andreas SD WWTP,CA0079464,R5-2024-0025_npdes.pdf,No,0,PRESENT,PRESENT,PRESENT,PRESENT,PRESENT_AND_FUTURE,0,0,0,0,0,0,0,0,PRESENT,0,0,0,0,0,PRESENT,0,0,0,0,0,0,PRESENT,0,0,0,0,0,0,PRESENT,0,0,0,0,0,0,0,0,0,0,0,0,PRESENT,0,0,0,0,0,0,PRESENT,0,0,0,0,PRESENT,0,0,0,0,PRESENT,PRESENT,0,PRESENT,PRESENT,PRESENT_AND_FUTURE,0,PRESENT,0,PRESENT,0,0,0,0,PRESENT,0,0,0,0,0
San Bernardino City Municipal Water Dept,Margaret H Chandler WWRF,,R8-2017-0049_SBMWDWRF.pdf,No,0,PRESENT,PRESENT,0,PRESENT,PRESENT,PRESENT,0,0,0,0,0,0,0,0,0,0,0,0,0,0,0,0,0,0,0,0,PRESENT,0,0,0,0,0,0,0,0,0,0,0,0,0,0,0,0,0,0,0,0,0,0,0,0,0,0,PRESENT,0,0,0,0,PRESENT,0,0,0,0,0,0,0,0,0,PRESENT,PRESENT,0,0,0,0,0,0,0,0,0,0,0,0,0
San Diego City Metropolitan Wastewater Dept (Public Utilities),City of San Diego North City Pure Water Facility,CA0109398,Adopted Amended OrderNo.R9-2020-0001 signed dwg 08-13-20.pdf,Yes,0,PRESENT,PRESENT,0,PRESENT,PRESENT,PRESENT,PRESENT,0,0,0,0,0,0,0,0,0,0,0,0,0,0,0,0,0,PRESENT,PRESENT,PRESENT,0,0,PRESENT,0,0,0,0,0,0,0,0,0,0,0,PRESENT,PRESENT,PRESENT,0,0,0,0,0,PRESENT,0,0,PRESENT,PRESENT,PRESENT,PRESENT,PRESENT,0,PRESENT,0,0,0,0,0,0,0,0,0,0,0,0,0,0,0,0,0,0,0,0,0,0,0,0
San Diego City Metropolitan Wastewater Dept (Public Utilities),North City WRP,,Adopted Amended OrderNo.R9-2020-0001 signed dwg 08-13-20.pdf,Yes,0,PRESENT,PRESENT,0,PRESENT,PRESENT,PRESENT,PRESENT,0,0,0,0,0,0,0,0,0,0,0,0,0,0,0,0,0,PRESENT,PRESENT,PRESENT,0,0,PRESENT,0,0,0,0,0,0,0,0,0,0,0,PRESENT,PRESENT,PRESENT,0,0,0,0,0,PRESENT,0,0,PRESENT,PRESENT,PRESENT,PRESENT,PRESENT,0,PRESENT,0,0,0,0,0,0,0,0,0,0,0,0,0,0,0,0,0,0,0,0,0,0,0,0
San Diego City Metropolitan Wastewater Dept (Public Utilities),South Bay WRP,CA0109045,r9-2021-0011.pdf,Yes,0,PRESENT,PRESENT,0,PRESENT,PRESENT,PRESENT,PRESENT,0,0,0,0,0,0,PRESENT,0,0,0,0,0,0,0,0,0,0,0,0,0,0,0,0,0,0,0,0,0,0,0,0,0,0,0,0,0,0,0,0,0,0,0,0,0,0,0,0,0,PRESENT,0,0,PRESENT,0,0,0,0,0,0,PRESENT,0,PRESENT,0,0,0,0,0,0,0,0,PRESENT,0,0,0,0,0,0
San Elijo Joint Powers,San Elijo Water Campus,,CA0107999_OrderR920180003.pdf,Yes,0,PRESENT,PRESENT,0,PRESENT,PRESENT_AND_FUTURE,PRESENT,PRESENT,PRESENT,0,0,0,0,0,PRESENT,0,0,0,0,0,PRESENT,0,0,0,0,0,0,0,0,0,0,0,PRESENT,0,0,0,0,0,0,0,0,0,PRESENT,0,PRESENT,0,0,0,0,0,PRESENT,PRESENT,0,0,PRESENT,0,0,0,0,PRESENT,0,0,0,0,0,0,0,0,PRESENT,0,0,0,0,PRESENT,PRESENT,0,0,PRESENT,0,0,0,0,0,0
San Francisco International Airport,SF Arprt Mel Leong TP-Industrl,CA0038318,SFO Aiport NPDES Permit Order R2-2025-0002.pdf,Yes,0,0,0,0,0,PRESENT,PRESENT,PRESENT,PRESENT,PRESENT,0,0,0,0,0,0,0,0,0,0,0,0,0,0,0,0,0,FUTURE,0,0,0,0,0,0,0,0,0,0,0,0,0,0,FUTURE,0,0,0,0,0,0,0,PRESENT,PRESENT,FUTURE,FUTURE,PRESENT,PRESENT,FUTURE,0,0,PRESENT_AND_FUTURE,0,0,PRESENT,0,PRESENT,0,PRESENT,0,PRESENT,PRESENT,PRESENT,PRESENT,0,PRESENT,PRESENT,PRESENT,0,PRESENT,0,0,0,0,0,0
San Francisco International Airport,SF Airport Mel Leong TP-Sanitary Waste,CA0038318,SFO Aiport NPDES Permit Order R2-2025-0002.pdf,Yes,0,0,0,0,0,PRESENT,PRESENT,PRESENT,PRESENT,PRESENT,0,0,0,0,0,0,0,0,0,0,0,0,0,0,0,0,0,FUTURE,0,0,0,0,0,0,0,0,0,0,0,0,0,0,FUTURE,0,0,0,0,0,0,0,PRESENT,PRESENT,FUTURE,FUTURE,PRESENT,PRESENT,FUTURE,0,0,PRESENT_AND_FUTURE,0,0,PRESENT,0,PRESENT,0,PRESENT,0,PRESENT,PRESENT,PRESENT,PRESENT,0,PRESENT,PRESENT,PRESENT,0,PRESENT,0,0,0,0,0,0
San Francisco Public Utilities Commission,"SF-SE Water Pollution Control Plant, N-Point & Bayside",CA0038873,R2-2013-0029.pdf,No,0,PRESENT,PRESENT,0,PRESENT,PRESENT,PRESENT,0,0,0,0,0,0,0,PRESENT,0,0,0,0,0,PRESENT,0,0,0,0,0,0,0,0,0,0,0,0,0,0,0,0,0,0,0,0,0,0,0,0,0,0,0,0,0,0,0,0,0,PRESENT,PRESENT,0,0,0,FUTURE,0,PRESENT,PRESENT,0,0,0,PRESENT,0,PRESENT,0,PRESENT,0,0,PRESENT_AND_FUTURE,PRESENT,PRESENT,0,PRESENT,0,0,0,0,0,0
San Francisco Public Utilities Commission,SF - OCEANSIDE Water Pollution Control Plant,CA0037681,R2-2019-0028.pdf,No,0,PRESENT,PRESENT,0,PRESENT,PRESENT,PRESENT,PRESENT,0,0,0,0,0,0,PRESENT,0,0,0,0,0,PRESENT,0,0,0,0,0,0,PRESENT,0,0,0,0,0,0,0,0,0,0,0,0,0,0,PRESENT,0,0,0,0,0,0,0,0,0,0,0,0,0,0,0,0,PRESENT,0,0,0,0,0,0,PRESENT,0,PRESENT,PRESENT,0,0,0,0,0,PRESENT,0,PRESENT,0,0,0,0,0,0
San Jose City,San Jose/Santa Clara WPCP,CA0037842,CA0037842 San Jose Order R2-2025-0027.pdf,No,0,PRESENT,PRESENT,0,PRESENT,PRESENT,PRESENT,PRESENT,PRESENT,0,0,0,0,0,PRESENT,0,0,0,0,0,PRESENT_AND_FUTURE,0,0,0,0,0,0,PRESENT,0,0,PRESENT,0,PRESENT,0,0,0,0,0,0,0,0,0,PRESENT,0,PRESENT,0,0,0,0,0,0,PRESENT,0,0,PRESENT,PRESENT,0,0,0,PRESENT,0,PRESENT,FUTURE,0,0,0,PRESENT,0,PRESENT_AND_FUTURE,PRESENT,PRESENT_AND_FUTURE,PRESENT_AND_FUTURE,0,PRESENT_AND_FUTURE,PRESENT,PRESENT,0,PRESENT,0,0,0,0,0,0
San Juan Bautista City,San Juan Bautista WWTP,CA0047902,NPDES R3-2009-0019 for San Juan Bautista WWTP.pdf,No,0,0,0,0,0,0,0,PRESENT,0,0,0,0,0,0,0,0,0,0,0,0,PRESENT,0,0,0,0,0,0,0,0,0,0,0,PRESENT,0,0,0,0,0,0,0,0,0,0,PRESENT,PRESENT,0,0,0,0,0,PRESENT,0,0,0,PRESENT,0,0,0,0,PRESENT,0,0,0,0,0,PRESENT,0,0,0,0,0,0,0,0,0,0,0,0,0,0,0,0,0,0
San Leandro City,"San Leandro, City of",CA0038881,R2-2022-0006.pdf,No,0,PRESENT,PRESENT,0,PRESENT,PRESENT,PRESENT,PRESENT,0,0,0,0,0,0,PRESENT,0,0,0,0,0,0,0,0,0,0,0,0,PRESENT_AND_FUTURE,0,0,0,0,0,0,PRESENT,0,0,PRESENT_AND_FUTURE,0,0,0,0,0,0,0,0,0,0,PRESENT_AND_FUTURE,0,0,0,0,0,PRESENT_AND_FUTURE,PRESENT_AND_FUTURE,0,0,0,PRESENT_AND_FUTURE,0,0,0,0,0,0,0,0,0,PRESENT,0,0,0,0,0,PRESENT,0,0,0,0,0,0,0,0
San Luis Obispo City,San Luis Obispo WWTP,CA0049224,Order R3-2024-0001.pdf,No,0,PRESENT,PRESENT,0,PRESENT,PRESENT,PRESENT,PRESENT,0,0,0,0,0,0,PRESENT,0,0,0,0,0,PRESENT,0,0,PRESENT,0,0,0,PRESENT,0,0,PRESENT,0,PRESENT,0,0,0,0,0,0,0,0,0,0,0,0,0,0,0,0,0,0,0,0,0,PRESENT,PRESENT,PRESENT,0,0,PRESENT,0,0,0,0,0,0,PRESENT,0,PRESENT,PRESENT,0,PRESENT,0,0,0,PRESENT,0,0,0,0,0,0,0,0
San Mateo City,San Mateo WWTP,CA0037541,R2-2023-0017.pdf,No,0,PRESENT,PRESENT,0,PRESENT,PRESENT_AND_FUTURE,PRESENT_AND_FUTURE,PRESENT_AND_FUTURE,PRESENT,0,0,0,0,0,PRESENT,0,0,0,0,0,PRESENT,0,0,0,0,0,0,PRESENT_AND_FUTURE,0,0,PRESENT_AND_FUTURE,0,0,0,0,0,0,0,0,0,0,0,0,0,0,PRESENT_AND_FUTURE,0,0,0,0,0,PRESENT,0,0,PRESENT,PRESENT,0,0,0,PRESENT,0,0,0,0,0,0,0,0,0,0,PRESENT,0,0,0,0,0,0,0,0,0,0,0,0,0
San Simeon CSD,San Simeon WWTP,CA0047961,Order R3-2022-0003_signed.pdf,No,0,0,0,0,PRESENT,0,0,PRESENT,0,0,0,0,0,0,PRESENT,0,0,0,0,0,0,0,0,0,0,0,0,0,0,0,0,0,0,0,0,0,0,0,0,0,0,0,PRESENT,0,0,0,0,0,0,0,0,0,PRESENT,0,PRESENT,PRESENT,0,0,0,0,0,0,0,0,0,0,0,PRESENT,PRESENT,0,0,0,0,0,0,PRESENT,0,0,0,0,0,0,0,0
Santa Barbara City PWD,El Estero Water Resource Center NPDES,,El Estero_Final_Permit_2019-0046 pkg eff 2-1-20.pdf,No,0,PRESENT,PRESENT,0,PRESENT,0,PRESENT,0,0,0,0,0,0,0,PRESENT,0,0,0,0,0,0,0,0,0,0,0,0,0,0,0,0,0,PRESENT,0,0,0,0,0,0,0,0,0,PRESENT,PRESENT,PRESENT,0,0,0,0,0,0,0,0,0,PRESENT,PRESENT,0,0,PRESENT,PRESENT,0,0,PRESENT,PRESENT,0,PRESENT,PRESENT,0,PRESENT,PRESENT,0,0,0,PRESENT,PRESENT,0,0,PRESENT,0,0,0,0,0,0
Santa Rosa City Dept of Public Works,Santa Rosa Laguna Subregional Water Reclamation Facility,CA0022764,20_0012_SantaRosa-LagunaWWTF_NPDES.pdf,No,0,PRESENT,0,0,PRESENT,0,PRESENT,0,0,0,0,0,0,0,PRESENT,0,0,0,0,0,PRESENT_AND_FUTURE,0,0,0,0,0,0,0,0,0,0,0,0,0,0,0,0,0,0,0,0,0,0,0,0,0,0,0,0,0,PRESENT,PRESENT,0,0,0,0,FUTURE,0,0,PRESENT_AND_FUTURE,PRESENT,0,PRESENT,0,0,0,0,0,FUTURE,0,0,0,0,0,0,PRESENT,0,PRESENT,0,0,0,0,0,0
Sausalito-Marin City San District,Sausalito Marin City STP,CA0038067,NPDES Order R2-2023-0022.pdf,No,0,PRESENT,PRESENT,PRESENT,PRESENT,PRESENT,PRESENT,PRESENT,0,0,0,0,0,0,0,0,0,0,0,0,0,0,0,0,0,0,0,0,0,0,0,0,0,0,0,0,0,0,PRESENT,0,0,0,0,0,0,0,0,PRESENT,0,0,0,0,0,0,PRESENT,PRESENT,0,0,0,PRESENT,0,PRESENT,0,0,0,0,0,0,PRESENT,PRESENT,0,0,0,0,0,0,0,0,0,0,0,0,0,0
Scotts Valley,Scotts Valley WWTP,,Scotts Valley WWTP NPDES Permit R3-2013-0001.pdf,No,0,0,0,0,PRESENT,PRESENT,PRESENT,PRESENT,0,0,0,0,0,0,0,0,0,0,0,0,0,0,0,0,0,0,0,0,0,0,0,0,0,0,0,0,0,0,0,0,0,0,0,0,0,0,0,0,0,0,0,0,0,0,0,0,0,0,0,PRESENT,0,0,0,0,0,0,0,0,0,0,0,0,0,0,0,0,0,PRESENT,0,0,0,0,0,0
Seeley Cnty WD,Seeley CWD WWTP,CA0105023,R7-2023-0003.pdf,No,PRESENT,0,0,0,PRESENT,PRESENT,0,PRESENT,0,0,0,0,0,0,0,0,PRESENT,0,0,0,PRESENT_AND_FUTURE,0,0,0,0,0,0,0,0,0,0,0,PRESENT,0,0,0,0,0,0,0,0,0,0,0,0,FUTURE,0,0,0,0,0,0,0,0,0,0,PRESENT_AND_FUTURE,0,0,PRESENT_AND_FUTURE,0,0,0,0,0,0,0,0,0,0,0,PRESENT,0,FUTURE,0,0,0,0,0,0,0,0,0,0
Sewerage Agency of Southern Marin,Sewerage Agency of Southern Marin (SASM) WWTP,CA0037711,R2-2023-0021.pdf,No,0,PRESENT,PRESENT,0,PRESENT,PRESENT,PRESENT,PRESENT,0,0,0,0,0,0,0,0,0,0,0,0,PRESENT,0,0,0,0,0,0,PRESENT,0,0,0,0,0,0,PRESENT,0,0,0,0,0,0,0,0,0,0,0,0,0,0,0,PRESENT,0,0,0,PRESENT,PRESENT,0,0,0,PRESENT,0,0,0,0,0,PRESENT,0,0,PRESENT,PRESENT,0,0,0,PRESENT,PRESENT,PRESENT,0,PRESENT,0,0,0,0,0,0
Sewerage Commission Oroville Region,Sewerage Commission Oroville Region WWTP,CA0079235,r5-2021-0044_npdes.pdf,No,0,PRESENT,PRESENT_AND_FUTURE,0,PRESENT_AND_FUTURE,PRESENT,PRESENT_AND_FUTURE,0,0,0,0,0,0,0,PRESENT,0,0,0,0,0,0,0,0,0,0,0,0,FUTURE,0,0,0,0,0,0,0,0,0,0,0,0,0,0,0,0,0,0,0,0,0,0,0,0,0,0,PRESENT_AND_FUTURE,PRESENT,FUTURE,0,0,PRESENT_AND_FUTURE,0,0,0,0,0,0,0,0,0,0,0,0,0,0,0,0,0,PRESENT,0,0,0,0,0,0
Shasta CSA #17,Cottonwood WWTP,CA0081507,r5-2024-0026_npdes.pdf,No,PRESENT,0,0,0,PRESENT,PRESENT,0,0,0,0,PRESENT,0,0,0,0,0,0,0,0,0,PRESENT,0,0,0,0,0,0,0,0,0,0,0,0,0,0,0,0,0,0,0,0,0,0,0,0,0,0,0,0,0,0,0,0,0,PRESENT,PRESENT,0,0,0,0,0,0,0,0,0,0,0,0,0,0,0,PRESENT_AND_FUTURE,0,PRESENT,0,0,0,PRESENT,0,0,0,0,0,0
Shasta Lake City,Shasta Lake WWTF,CA0079511,r5-2020-0058_npdes.pdf,No,0,0,PRESENT,0,PRESENT,PRESENT,0,0,0,0,0,0,0,0,0,0,0,0,0,0,0,0,0,0,0,0,0,PRESENT,0,0,0,0,PRESENT,0,0,0,0,0,0,0,0,0,0,0,0,0,0,0,0,0,0,0,0,0,0,0,0,0,0,PRESENT,0,0,0,0,0,0,0,PRESENT,PRESENT,0,0,PRESENT,0,0,0,0,0,PRESENT,0,0,0,0,0,0
Silicon Valley Clean Water,SVCW WWTP,CA0038369,SVCW Order R2-2023-0003 (1).pdf,No,0,PRESENT_AND_FUTURE,PRESENT,0,PRESENT_AND_FUTURE,PRESENT_AND_FUTURE,PRESENT_AND_FUTURE,PRESENT,0,0,0,0,0,0,0,0,0,0,0,0,0,0,0,0,0,0,0,0,0,0,0,0,PRESENT,0,0,0,0,0,PRESENT_AND_FUTURE,0,0,0,0,0,0,0,0,0,0,0,PRESENT,0,0,0,PRESENT,PRESENT,0,0,0,PRESENT,0,PRESENT,PRESENT,0,0,PRESENT,PRESENT_AND_FUTURE,0,PRESENT_AND_FUTURE,0,0,PRESENT,0,0,0,0,0,0,0,0,0,0,0,0
Simi Valley City,Simi Valley WQCP,,3021_R4-2019-0135_WDR_PKG.pdf,No,0,PRESENT,PRESENT,0,PRESENT,0,0,0,0,0,0,0,0,0,PRESENT,0,0,0,0,0,PRESENT,0,0,0,0,0,0,PRESENT,0,0,PRESENT,0,PRESENT,0,0,0,0,0,0,0,0,0,0,0,0,0,0,0,0,0,0,0,0,0,PRESENT,PRESENT,0,0,0,0,0,0,0,0,0,0,0,0,0,0,0,0,0,0,0,0,0,PRESENT,0,0,0,0,0,0
Sonoma County Water Agency (SCWA),Sonoma Valley County SD WWTP,CA0037800,Final Order Sonoma_NPDES permit_Dec 2024.pdf,Yes,0,0,PRESENT,0,PRESENT,PRESENT,PRESENT,PRESENT,0,0,0,0,0,0,0,0,0,0,0,0,PRESENT_AND_FUTURE,0,0,0,0,0,0,0,0,0,0,0,PRESENT,0,0,0,0,0,0,0,0,0,0,0,0,0,0,0,0,0,0,0,0,0,PRESENT_AND_FUTURE,PRESENT_AND_FUTURE,0,0,0,PRESENT_AND_FUTURE,0,0,PRESENT,0,0,PRESENT,0,0,0,PRESENT,0,0,0,PRESENT,0,0,0,PRESENT,0,0,0,0,0,0
Sonoma Valley County Sanitation District,Sonoma Valley County SD WWTP,CA0038873,Final Order Sonoma_NPDES permit_Dec 2024.pdf,Yes,0,0,PRESENT,0,PRESENT,PRESENT,PRESENT,PRESENT,0,0,0,0,0,0,0,0,0,0,0,0,PRESENT_AND_FUTURE,0,0,0,0,0,0,0,0,0,0,0,PRESENT,0,0,0,0,0,0,0,0,0,0,0,0,0,0,0,0,0,0,0,0,0,PRESENT_AND_FUTURE,PRESENT_AND_FUTURE,0,0,0,PRESENT_AND_FUTURE,0,0,PRESENT,0,0,PRESENT,0,0,0,PRESENT,0,0,0,PRESENT,0,0,0,PRESENT,0,0,0,0,0,0
Sonoma County Water Agency (SCWA),SCWA Russian River CSD,CA0024058,21_0002_Russian River CSD and Sonoma Water WWTF NPDES.pdf,No,0,0,PRESENT,0,PRESENT_AND_FUTURE,PRESENT_AND_FUTURE,PRESENT,0,0,0,0,0,0,0,PRESENT_AND_FUTURE,0,0,0,0,0,PRESENT,0,0,0,0,0,0,PRESENT,0,0,PRESENT,0,PRESENT,0,0,0,0,0,0,0,0,0,0,0,0,0,0,0,0,0,0,0,0,0,PRESENT,0,PRESENT,0,0,PRESENT,0,0,FUTURE,0,0,0,0,0,0,PRESENT_AND_FUTURE,0,0,0,0,0,0,0,PRESENT,0,0,0,0,0,0
South County Regional WW Authority,SCRWA WWTP,,SCRWA 2017 adopted.pdf,No,0,0,PRESENT,0,PRESENT,PRESENT_AND_FUTURE,0,0,0,0,PRESENT_AND_FUTURE,0,0,0,0,0,0,0,0,0,PRESENT_AND_FUTURE,0,0,0,0,0,0,FUTURE,0,0,0,0,PRESENT,0,0,0,0,0,0,0,0,0,0,0,0,FUTURE,0,0,0,0,0,0,0,0,PRESENT_AND_FUTURE,PRESENT,PRESENT_AND_FUTURE,0,0,PRESENT_AND_FUTURE,0,0,0,0,0,0,0,0,0,PRESENT_AND_FUTURE,0,0,0,0,0,PRESENT,0,0,0,0,0,0,0,0
South San Francisco City,South San Francisco-San Bruno WQCP,CA0038130,SSFSB_Order_Finalsigned.pdf,No,0,PRESENT,PRESENT_AND_FUTURE,0,PRESENT_AND_FUTURE,PRESENT_AND_FUTURE,PRESENT,0,0,0,0,0,0,0,PRESENT,0,0,0,0,0,PRESENT,0,0,0,0,0,0,0,0,0,0,0,0,0,0,0,0,0,0,0,0,0,0,0,0,0,0,0,0,0,0,PRESENT,0,0,PRESENT,PRESENT,0,0,0,PRESENT,0,PRESENT,PRESENT,0,0,0,PRESENT,0,PRESENT_AND_FUTURE,PRESENT,0,0,0,PRESENT,PRESENT,0,0,PRESENT,0,0,0,0,0,0
South San Luis Obispo CSD,South San Luis Obispo SD WWTP,,So_SLO_Order R3-2019-0002_final.pdf,No,0,PRESENT,PRESENT_AND_FUTURE,0,PRESENT_AND_FUTURE,0,0,0,0,0,0,0,0,0,0,0,0,0,0,0,0,0,0,0,0,0,0,0,0,0,0,0,0,0,0,0,0,0,PRESENT_AND_FUTURE,0,0,0,0,0,0,0,0,0,0,0,0,0,0,0,PRESENT,PRESENT,0,0,0,PRESENT,0,0,0,0,0,0,0,0,0,0,PRESENT,PRESENT,0,0,0,PRESENT,0,0,0,0,0,0,0,0
St. Helena City,St. Helena City WWTP,CA0038016,st. helena_order r2-2021-0004.pdf,No,PRESENT,0,0,FUTURE,PRESENT,PRESENT_AND_FUTURE,0,PRESENT,0,0,0,0,0,0,PRESENT,0,0,0,0,0,PRESENT_AND_FUTURE,0,0,0,0,0,0,FUTURE,0,0,FUTURE,0,0,0,0,0,0,0,0,0,0,0,0,0,0,PRESENT_AND_FUTURE,0,0,0,0,0,0,0,0,PRESENT_AND_FUTURE,FUTURE,PRESENT_AND_FUTURE,0,0,PRESENT_AND_FUTURE,0,0,0,0,0,0,0,0,PRESENT,0,0,0,0,PRESENT,0,FUTURE,0,0,0,0,0,0,0,0
Stallion Springs CSD,Stallion Springs WWTF,CAC439983,r5-2023-0025-012.pdf,No,0,0,0,0,PRESENT,PRESENT,0,0,0,0,PRESENT,0,0,0,0,0,0,0,0,0,PRESENT,0,0,0,0,0,0,PRESENT,0,0,0,0,0,0,0,0,0,0,0,0,0,0,0,0,0,0,0,0,0,0,PRESENT,0,0,0,PRESENT,PRESENT,0,0,0,PRESENT,0,0,0,0,0,0,0,0,0,0,0,PRESENT,0,0,0,PRESENT,0,0,0,0,0,0,0,0
Stockton City,Wastewater Recovery Center,CA0079138,r5-2025-0027_npdes.pdf,No,0,0,0,0,0,0,0,0,0,0,0,0,0,0,0,0,0,0,0,0,FUTURE,0,0,0,0,0,0,0,0,0,0,0,0,0,0,0,0,0,0,0,0,0,0,0,0,0,0,0,0,0,0,0,0,0,0,0,0,0,0,0,0,0,0,0,0,0,0,0,0,0,0,0,0,0,0,0,0,0,0,0,0,0,0,0
Summerland SD,Summerland SD WWTP,CA0048054,R3-2022-0014-(ACC).pdf,No,PRESENT,PRESENT,PRESENT,0,PRESENT,PRESENT,0,PRESENT,0,0,0,0,0,0,PRESENT,0,0,0,0,0,0,0,0,0,0,0,0,0,0,0,0,0,0,0,0,0,0,0,0,0,0,0,0,0,0,0,0,0,0,0,0,0,0,0,PRESENT,0,0,0,0,0,0,0,0,0,0,0,0,PRESENT,PRESENT,PRESENT,0,0,0,0,0,PRESENT,0,0,0,0,0,0,0,0
Sunnyvale City,Sunnyvale WPCP,CA0037621,CA0037621 Sunnyvale Order R2-2020-0002.pdf,No,PRESENT,PRESENT_AND_FUTURE,FUTURE,0,PRESENT_AND_FUTURE,PRESENT_AND_FUTURE,PRESENT,PRESENT,PRESENT,0,0,0,0,0,FUTURE,0,0,0,0,0,PRESENT_AND_FUTURE,0,0,0,0,0,0,PRESENT,0,0,0,0,PRESENT,0,PRESENT,0,0,0,0,0,0,0,0,0,0,0,0,0,0,0,0,0,0,0,PRESENT_AND_FUTURE,PRESENT_AND_FUTURE,0,0,0,PRESENT_AND_FUTURE,0,0,PRESENT,0,0,0,PRESENT,0,PRESENT,PRESENT,0,0,0,PRESENT,0,PRESENT,0,PRESENT,0,0,0,0,0,0
Tehama  Co SD #1,Mineral WWTP,CA0084069,r5-2023-0040_npdes.pdf,No,0,0,0,0,0,PRESENT,0,0,0,0,0,0,0,0,0,0,0,0,0,0,PRESENT,0,0,0,0,0,0,0,0,0,0,0,0,0,0,0,0,0,0,0,0,0,0,0,0,0,0,0,0,0,0,0,0,0,0,0,0,0,0,0,0,0,0,0,0,0,0,0,0,0,0,0,0,0,0,0,0,0,0,0,0,0,0,0
Temescal Valley Water District,Temescal Valley WD WWRF,,12-0028_Lee_Lake_Water_Dist_WDR.pdf,No,0,0,PRESENT,0,PRESENT,PRESENT,PRESENT,PRESENT,0,PRESENT,0,0,0,0,PRESENT,0,0,0,0,0,PRESENT,0,0,0,0,0,0,0,0,0,0,0,0,0,0,0,0,0,0,0,0,0,0,0,0,0,0,0,0,0,0,PRESENT,0,0,PRESENT,PRESENT,0,0,0,0,0,0,0,0,0,0,0,PRESENT,PRESENT,0,PRESENT,PRESENT,0,PRESENT,0,PRESENT,0,0,0,0,0,0,0,0
Thousand Oaks City,Hill Canyon WWTP,,4917_R4-2019-0137_WDR.pdf,No,0,PRESENT,PRESENT,0,PRESENT,PRESENT,0,PRESENT,0,0,0,0,0,0,PRESENT,0,0,0,0,0,PRESENT,0,0,0,0,0,0,PRESENT,0,0,0,0,0,0,0,0,0,0,0,0,0,0,0,0,0,0,0,0,0,0,0,0,0,0,PRESENT,PRESENT,0,0,0,PRESENT,0,0,PRESENT,0,0,0,PRESENT,0,PRESENT,PRESENT,0,0,0,0,0,0,0,PRESENT,0,0,0,0,0,0
Town of Discovery Bay CSD,Discovery Bay WWTP,CA0078590,R5-2024-0068_npdes.pdf,No,0,0,PRESENT,0,PRESENT,PRESENT,0,0,0,0,PRESENT,0,0,0,0,0,0,0,0,0,PRESENT,0,0,0,0,0,0,0,0,0,0,0,PRESENT,0,0,0,0,0,0,0,0,0,0,0,0,0,0,0,0,0,0,0,0,0,0,0,0,0,0,PRESENT,0,0,0,0,0,0,0,PRESENT,PRESENT,PRESENT,0,PRESENT,0,0,0,0,PRESENT,PRESENT,0,0,0,0,0,0
Treasure Island Development Authority,Treasure Island WWTP/DOD,CA0110116,R2-2020-0020.pdf,Yes,0,PRESENT,PRESENT,0,PRESENT,PRESENT,PRESENT,PRESENT,0,0,0,0,0,0,PRESENT,0,0,0,0,0,0,0,0,0,0,0,0,0,0,0,0,0,0,0,PRESENT,0,0,0,0,0,0,0,0,0,0,PRESENT,0,0,PRESENT,0,0,0,0,0,PRESENT,PRESENT,PRESENT,0,0,PRESENT,0,0,0,0,0,0,0,0,0,0,0,0,0,0,0,PRESENT,0,0,0,0,0,0,0,0
US Navy Treasure Island,Treasure Island WWTP/DOD,CA0038873,R2-2020-0020.pdf,Yes,0,PRESENT,PRESENT,0,PRESENT,PRESENT,PRESENT,PRESENT,0,0,0,0,0,0,PRESENT,0,0,0,0,0,0,0,0,0,0,0,0,0,0,0,0,0,0,0,PRESENT,0,0,0,0,0,0,0,0,0,0,PRESENT,0,0,PRESENT,0,0,0,0,0,PRESENT,PRESENT,PRESENT,0,0,PRESENT,0,0,0,0,0,0,0,0,0,0,0,0,0,0,0,PRESENT,0,0,0,0,0,0,0,0
Turlock City,"Turlock City, Turlock Regional Water Quality Control Facility",CA0078948,r5-2021-0005_npdes.pdf,Yes,0,0,PRESENT,0,PRESENT,PRESENT,PRESENT,0,PRESENT,0,0,0,0,0,PRESENT,0,0,0,0,0,0,0,0,0,0,0,0,PRESENT,0,0,0,0,0,0,0,0,0,0,0,0,0,0,0,0,0,0,0,PRESENT,0,0,0,0,0,0,PRESENT,PRESENT_AND_FUTURE,0,0,0,PRESENT,PRESENT,0,0,0,0,PRESENT,0,0,0,0,0,PRESENT,0,0,0,PRESENT,0,0,0,0,0,0,0,0
UC Davis,UC Davis Main WWTP,CA0077895,r5-2021-0007_npdes.pdf,No,0,0,PRESENT,0,PRESENT,PRESENT,0,0,0,0,PRESENT,0,0,0,PRESENT,0,0,0,0,0,0,0,0,0,0,0,0,PRESENT,0,0,0,0,PRESENT,0,0,0,0,0,0,0,0,0,0,0,0,0,0,0,0,0,0,0,0,0,0,0,FUTURE,0,0,PRESENT_AND_FUTURE,0,0,0,0,0,0,0,0,0,0,0,PRESENT,0,PRESENT,0,0,0,PRESENT,0,0,0,0,0,0
US Navy Naval Air Station El Centro,US Navy Naval Air Facility WWTP,CA0104906,R7-2021-0045.pdf,No,0,0,PRESENT,0,PRESENT,PRESENT,0,PRESENT,0,0,PRESENT,0,0,0,0,0,0,0,0,0,PRESENT,0,0,0,0,0,0,0,0,0,0,0,0,0,0,0,0,0,0,0,0,0,0,0,0,0,0,0,0,0,0,0,0,0,PRESENT,PRESENT,0,0,0,0,0,0,0,0,0,0,0,0,0,0,0,PRESENT,0,0,0,0,0,PRESENT,0,0,0,0,0,0
USDI National Park Service Yosemite National Park,El Portal WWTF,CA0081759,r5-2025-0031_npdes.pdf,No,PRESENT,PRESENT,PRESENT,0,PRESENT,PRESENT,PRESENT,PRESENT_AND_FUTURE,0,0,0,0,0,0,PRESENT,0,0,0,0,0,PRESENT,0,0,0,0,0,0,0,0,0,0,0,0,0,0,0,0,0,0,0,0,0,0,0,0,0,0,0,0,0,PRESENT,PRESENT,0,0,0,0,FUTURE,0,0,FUTURE,0,0,0,0,0,0,0,0,FUTURE,FUTURE,0,0,0,FUTURE,0,PRESENT,0,0,0,0,0,0,0,0
USS-Posco Industries,USS-UPI LLC - NPDES/SUB15,CA0005002,R2-2016-0043.pdf,No,0,0,0,PRESENT,PRESENT,0,0,0,0,0,0,0,0,0,0,0,0,0,0,0,0,0,0,0,0,0,0,0,0,0,0,0,0,0,0,0,0,0,0,0,0,0,0,0,0,0,0,0,0,0,0,0,0,0,0,0,0,0,0,0,0,0,0,0,PRESENT,0,0,0,0,0,0,0,0,0,0,0,0,PRESENT,0,0,0,0,0,0
Ukiah City,Ukiah City WWTP,CA0022888,24_0016_Ukiah_NPDES_07.18.2024_signed.pdf,No,0,PRESENT,PRESENT,0,PRESENT,PRESENT,PRESENT,0,PRESENT,0,0,0,0,0,0,0,0,0,0,0,PRESENT,0,0,0,0,0,0,0,0,0,0,0,PRESENT,0,PRESENT,0,0,0,0,0,0,0,0,0,0,0,0,0,0,0,0,0,0,0,PRESENT,PRESENT,0,0,0,PRESENT,0,PRESENT,PRESENT,0,0,0,PRESENT,0,PRESENT,PRESENT_AND_FUTURE,0,0,0,PRESENT,PRESENT,0,0,PRESENT,0,0,0,0,0,0
United Auburn Indian Community,Thunder Valley Casino WWTP,CAC442169,thundervalley_wwtp_mgo_noa.pdf,No,0,0,0,0,PRESENT,PRESENT,0,0,0,0,0,0,0,0,0,0,0,0,0,0,0,0,0,0,0,0,0,0,0,0,0,0,0,0,0,0,0,0,0,0,0,0,0,0,0,PRESENT,0,0,0,0,0,0,0,0,0,0,0,0,0,PRESENT,0,0,0,0,0,0,0,0,0,0,0,0,0,0,0,0,0,PRESENT,0,0,0,0,0,0
United States Section of the International Boundary and Water Commission (USIBWC),South Bay International WWTP,CA0108928,r9-2021-0001.pdf,No,0,PRESENT,PRESENT,0,PRESENT,PRESENT,PRESENT,0,PRESENT,0,0,0,0,0,PRESENT,0,0,0,0,0,0,0,0,0,0,0,0,0,0,0,0,0,0,0,0,0,0,0,0,0,0,0,0,0,0,0,0,0,0,0,0,0,0,0,PRESENT,0,0,0,0,0,0,PRESENT,PRESENT,PRESENT,0,0,0,0,0,0,0,0,0,PRESENT,PRESENT,0,0,0,0,0,0,0,0,0
Vacaville City DPW,Easterly WWTP,CA0077691,r5-2025-0028_npdes.pdf,No,0,PRESENT,0,0,PRESENT,PRESENT,0,PRESENT,0,0,0,0,0,0,0,0,0,0,0,0,0,0,0,0,0,0,0,PRESENT,0,0,0,0,PRESENT,0,0,0,0,0,0,0,0,0,0,0,0,0,0,0,0,0,0,0,0,0,PRESENT,PRESENT,0,0,0,PRESENT,0,0,0,0,0,0,0,0,0,PRESENT,0,0,0,0,0,0,0,PRESENT,0,0,0,0,0,0
Vallejo Flood & Wastewater District (formerly Vallejo San & Flood Control District),Vallejo Flood & Wastewater District (VFWD) WWTP,CA0037699,Order R2-2023-0001.pdf,No,0,PRESENT,PRESENT,0,PRESENT,PRESENT,PRESENT,PRESENT,0,0,0,0,0,0,PRESENT,0,0,0,0,0,0,0,0,0,0,0,0,0,0,0,0,0,0,0,PRESENT,0,0,0,0,0,0,0,0,0,0,0,0,0,0,0,0,0,0,0,PRESENT,PRESENT,0,0,0,PRESENT,0,0,0,PRESENT,0,0,0,0,0,0,0,0,0,PRESENT,PRESENT,PRESENT,0,0,0,0,0,0,0,0
Valley Sanitary District,Valley SD WWTP,CA0104477,R7-2026-0003.pdf,No,PRESENT,PRESENT,PRESENT,0,PRESENT,PRESENT_AND_FUTURE,PRESENT_AND_FUTURE,0,0,0,0,0,0,0,PRESENT_AND_FUTURE,0,0,0,0,0,PRESENT_AND_FUTURE,0,0,0,0,0,0,0,0,0,0,0,0,0,0,0,0,0,0,0,0,0,0,0,0,0,0,0,0,0,0,0,0,0,PRESENT,PRESENT,0,0,0,0,0,0,0,0,0,0,PRESENT,0,PRESENT_AND_FUTURE,PRESENT,0,PRESENT_AND_FUTURE,0,PRESENT_AND_FUTURE,0,PRESENT,0,PRESENT,0,0,0,0,FUTURE,0
Victor Valley Wastewater Reclamation Authority,Victor Valley Wastewater Reclamation Authority WTP,,r6v_2020_0028_vvwra_npdes_permit.pdf,Yes,0,PRESENT,PRESENT,PRESENT,PRESENT,PRESENT,PRESENT,PRESENT,PRESENT,0,0,0,0,0,PRESENT,0,0,0,0,0,PRESENT,0,0,0,0,0,0,0,0,0,0,0,PRESENT,0,0,0,0,0,0,0,0,0,0,0,0,0,0,0,0,0,0,0,0,0,0,0,PRESENT,0,0,PRESENT,0,0,PRESENT,0,0,0,PRESENT,0,PRESENT,0,0,PRESENT,0,PRESENT,PRESENT,PRESENT,PRESENT,PRESENT,0,0,0,0,0,0
Watsonville City,Watsonville WWTP,,Watsonville WWTP 14-0006 FINAL.pdf,No,0,PRESENT,PRESENT,0,PRESENT,PRESENT,PRESENT,0,0,0,0,0,0,0,PRESENT,0,0,0,0,0,0,0,0,0,0,0,0,0,0,0,0,0,PRESENT,0,PRESENT,0,0,0,0,0,0,0,0,0,0,0,0,0,0,0,PRESENT,PRESENT,0,0,0,0,PRESENT,0,0,PRESENT,0,0,0,0,0,0,PRESENT,0,PRESENT,PRESENT,0,PRESENT,0,PRESENT,PRESENT,0,0,PRESENT,0,0,0,0,0,0
West Basin MWD,Edward C. Little Water Recycling Plant (Recycled Water Irrigation),CA0063401,Adopted ECLWRF NPDES CI-7449 111623.pdf,No,0,0,0,0,0,0,0,0,0,0,0,0,0,0,0,0,0,0,0,0,PRESENT,0,0,0,0,0,0,0,0,0,0,0,0,0,0,0,0,0,0,0,0,0,PRESENT,0,PRESENT,0,0,0,0,0,0,0,0,0,0,0,0,0,0,0,0,0,0,PRESENT,0,0,0,0,0,0,0,0,0,PRESENT,0,PRESENT,0,0,0,0,0,0,0,0
West Basin MWD,Juanita Millender-McDonald Carson Regional Water Recycling Plant,CA0064246,Adopted JMMCRWRP CI-7972 03012024.pdf,No,0,0,0,0,0,0,0,0,0,0,0,0,0,0,0,0,0,0,0,0,PRESENT,0,0,0,0,0,0,PRESENT,0,0,0,0,0,0,0,0,0,0,0,0,0,0,PRESENT,0,PRESENT_AND_FUTURE,0,0,0,0,0,0,0,0,0,PRESENT,0,0,0,0,0,0,0,0,0,0,0,0,0,0,0,0,0,0,0,0,0,0,0,0,0,0,0,0,0
Western Riverside County Regional Wastewater Authority,WRCRWA Regional WWRF,,R8-2015-0013_WRCRWWA.pdf,No,0,0,0,0,0,0,0,0,0,0,0,0,0,0,0,0,0,0,0,0,0,0,0,0,0,0,0,0,0,0,0,0,0,0,0,0,0,0,0,0,0,0,0,0,0,0,0,0,0,0,0,0,0,0,0,0,0,0,0,0,0,0,0,0,0,0,0,0,0,0,0,0,0,0,0,PRESENT,0,0,0,0,0,0,0,0
Westmorland City,Westmorland City WWTP,CA0105007,R7-2023-0002.pdf,No,PRESENT,0,PRESENT,0,PRESENT,PRESENT,PRESENT,0,0,0,PRESENT,0,0,0,PRESENT,0,0,0,0,0,0,0,0,0,0,0,0,0,0,0,0,0,0,0,0,0,0,0,0,0,0,0,0,0,0,0,0,0,0,0,0,0,0,0,PRESENT,PRESENT,0,0,0,PRESENT,0,0,0,0,0,0,0,0,0,0,0,PRESENT,0,0,0,0,0,PRESENT,0,0,0,0,0,0
Willits City,Willits City WWTP,CA0023060,21_0021_Willits_WWTF_NPDES.pdf,No,0,0,0,0,PRESENT,PRESENT,PRESENT,PRESENT,0,0,0,0,PRESENT,0,PRESENT,0,0,0,0,0,PRESENT_AND_FUTURE,0,0,0,0,0,0,PRESENT,0,0,PRESENT,0,0,0,0,0,0,0,0,0,0,0,0,0,0,0,0,0,0,0,0,0,0,0,0,0,PRESENT,0,0,PRESENT,0,0,0,0,0,0,0,PRESENT,PRESENT,0,0,PRESENT,0,PRESENT,0,PRESENT,0,0,FUTURE,0,0,0,0,0
Willows City,Willows WWTP,CAC447786,R5-2017-0085-01.pdf,No,0,0,0,0,0,0,0,0,0,0,0,0,0,0,0,0,0,0,0,0,0,0,0,0,0,0,0,0,0,0,0,0,0,0,0,0,0,0,0,0,0,0,0,0,0,0,0,0,0,0,0,0,0,0,0,0,PRESENT,0,0,PRESENT,0,0,0,0,0,0,0,0,0,0,0,0,0,0,0,0,0,0,0,0,0,0,0,0
Willows City,Willows WWTP,CAC447786,willows_wwtp_noa_signed.pdf,No,0,0,PRESENT,0,PRESENT,PRESENT,0,PRESENT,0,0,0,0,PRESENT,0,0,0,0,0,0,0,PRESENT,0,0,0,0,0,0,0,0,0,0,0,PRESENT,0,0,0,0,0,0,0,0,0,0,0,0,0,0,0,0,0,0,0,0,0,PRESENT,PRESENT,0,0,0,PRESENT,0,0,0,0,0,0,0,0,0,0,0,0,0,0,0,0,PRESENT,0,0,0,0,0,0,0
Windsor Water District,"Windsor Wastewater Treatment, Reclamation, and Disposal Facility",CA0023345,20_0010_Windsor Water District_NPDES.pdf,No,0,0,PRESENT,0,PRESENT,PRESENT_AND_FUTURE,0,PRESENT,0,0,0,0,0,0,PRESENT,0,0,0,0,PRESENT,PRESENT_AND_FUTURE,0,0,0,0,0,0,0,0,0,0,0,PRESENT,0,0,0,0,0,0,0,0,0,0,0,0,0,0,0,0,0,0,PRESENT,0,0,0,0,0,0,0,PRESENT,0,0,0,0,0,PRESENT,0,0,0,0,0,0,0,PRESENT,0,PRESENT,0,PRESENT,0,0,0,0,0,0
Woodland City,Woodland Water Pollution Control Facility,CA0077950,r5-2026-0004_npdes.pdf,Yes,0,0,PRESENT,PRESENT,PRESENT,PRESENT_AND_FUTURE,PRESENT,0,0,0,PRESENT,0,0,0,PRESENT,PRESENT,0,0,0,PRESENT,PRESENT,0,0,0,0,0,0,PRESENT,0,0,0,0,PRESENT,0,0,0,0,0,0,0,0,0,0,0,0,0,0,0,0,0,0,0,0,0,0,0,0,0,0,PRESENT,0,0,0,0,0,0,PRESENT,0,PRESENT,0,0,PRESENT,0,0,0,PRESENT_AND_FUTURE,PRESENT,PRESENT,0,0,0,0,0,0
"Yountville, Town of",Yountville / CA Vets Home WWTP,CA0038121,Town of Yountville Order R2-2020-0026.pdf,Yes,PRESENT,PRESENT,0,0,PRESENT,0,PRESENT,PRESENT,PRESENT,0,0,0,0,0,0,0,0,0,0,0,PRESENT_AND_FUTURE,0,0,0,0,0,0,0,0,0,0,PRESENT,PRESENT,0,PRESENT_AND_FUTURE,0,0,0,0,0,0,0,0,0,0,0,0,0,0,0,PRESENT,PRESENT,0,0,PRESENT_AND_FUTURE,PRESENT,0,PRESENT_AND_FUTURE,0,PRESENT_AND_FUTURE,0,0,0,0,0,0,0,0,PRESENT,0,0,PRESENT,0,0,0,0,0,PRESENT,0,0,0,0,0,0
Yuba City,Yuba City WWTF,CA0079260,r5-2024-0055_npdes.pdf,No,0,PRESENT,PRESENT,0,PRESENT,PRESENT,PRESENT,0,0,0,0,0,0,0,0,0,0,0,0,0,PRESENT_AND_FUTURE,0,0,0,0,0,0,0,0,0,0,0,0,0,PRESENT,0,0,0,0,0,0,0,0,0,0,0,0,0,0,0,0,0,0,0,PRESENT,PRESENT,0,0,0,PRESENT,0,0,PRESENT,0,0,0,PRESENT,0,PRESENT,PRESENT,0,PRESENT,0,PRESENT_AND_FUTURE,0,0,0,PRESENT,0,0,0,0,0,0
Yucaipa Valley Water District,Henry N. Wochholz WWRF,,R8-2015-0027_YVWD_Henry_N_Wochholz_RWRF.pdf,No,0,PRESENT,PRESENT,0,PRESENT,PRESENT,PRESENT,PRESENT,PRESENT,0,0,0,0,0,PRESENT,0,0,0,0,0,0,0,0,0,0,0,0,PRESENT,0,0,0,0,0,0,PRESENT,0,0,0,0,0,0,0,PRESENT,0,PRESENT,PRESENT,0,0,0,0,0,0,0,0,0,0,PRESENT,0,0,PRESENT,0,0,0,0,0,0,PRESENT,0,PRESENT,PRESENT,0,0,0,PRESENT,0,0,0,0,0,0,0,0,0,0
US Marine Corps Base Camp Pendleton,USMC Camp Pendleton Southern Regional Tertiary Treatment Plant,CA0109347,AmendedOrderR92019167_DigitalSignature signed dwg 12-14-21.pdf,No,0,0,0,0,PRESENT,PRESENT,0,PRESENT,0,PRESENT,0,0,0,0,PRESENT,0,0,0,0,0,0,0,0,0,0,0,0,0,0,0,0,0,0,0,0,0,0,0,0,0,0,0,PRESENT,0,0,0,0,PRESENT,0,0,0,0,0,PRESENT,PRESENT,0,0,0,0,PRESENT,PRESENT,0,PRESENT,0,0,0,0,PRESENT,PRESENT,0,PRESENT,0,0,PRESENT,PRESENT,0,0,PRESENT,0,0,0,0,0,0
US Marine Corps Base Camp Pendleton,USMC Camp Pendleton Southern Regional Tertiary Treatment Plant,CA0109347,AmendingOrderR920210205_DigitalSignature signed dwg 12-17-21.pdf,No,0,0,0,0,PRESENT,PRESENT,0,PRESENT,0,PRESENT,0,0,0,0,PRESENT,0,0,0,0,0,0,0,0,0,0,0,0,0,0,0,0,0,0,0,0,0,0,0,0,0,0,0,PRESENT,0,0,0,0,PRESENT,0,0,0,0,0,PRESENT,PRESENT,0,0,0,0,PRESENT,PRESENT,0,PRESENT,0,0,0,0,PRESENT,PRESENT,0,PRESENT,0,0,PRESENT,PRESENT,0,0,PRESENT,0,0,0,0,0,0
US Marine Corps Base Camp Pendleton,USMC Camp Pendleton Southern Regional Tertiary Treatment Plant,CA0109347,MCBCP_Final_Adopted_Order_R9-2019-0167.pdf,No,0,0,0,0,PRESENT,PRESENT,0,PRESENT,0,PRESENT,0,0,0,0,PRESENT,0,0,0,0,0,0,0,0,0,0,0,0,0,0,0,0,0,0,0,0,0,0,0,0,0,0,0,PRESENT,0,0,0,0,PRESENT,0,0,0,0,0,PRESENT,PRESENT,0,0,0,0,PRESENT,PRESENT,0,PRESENT,0,0,0,0,PRESENT,PRESENT,0,PRESENT,0,0,PRESENT,PRESENT,0,0,PRESENT,0,0,0,0,0,0
US Marine Corps Base Camp Pendleton,USMC Camp Pendleton Southern Regional Tertiary Treatment Plant,CA0109347,R9-2019-0167_Amended2020 signed dwg 08-17-20.pdf,No,0,0,0,0,PRESENT,PRESENT,0,PRESENT,0,PRESENT,0,0,0,0,PRESENT,0,0,0,0,0,0,0,0,0,0,0,0,0,0,0,0,0,0,0,0,0,0,0,0,0,0,0,PRESENT,0,0,0,0,PRESENT,0,0,0,0,0,PRESENT,PRESENT,0,0,0,0,PRESENT,PRESENT,0,PRESENT,0,0,0,0,PRESENT,PRESENT,0,PRESENT,0,0,PRESENT,PRESENT,0,0,PRESENT,0,0,0,0,0,0
US Marine Corps Base Camp Pendleton,USMC Camp Pendleton Southern Regional Tertiary Treatment Plant,CA0109347,R9-2020-0191_Final_Order signed dwg 08-17-20.pdf,No,0,0,0,0,PRESENT,PRESENT,0,PRESENT,0,PRESENT,0,0,0,0,PRESENT,0,0,0,0,0,0,0,0,0,0,0,0,0,0,0,0,0,0,0,0,0,0,0,0,0,0,0,PRESENT,0,0,0,0,PRESENT,0,0,0,0,0,PRESENT,PRESENT,0,0,0,0,PRESENT,PRESENT,0,PRESENT,0,0,0,0,PRESENT,PRESENT,0,PRESENT,0,0,PRESENT,PRESENT,0,0,PRESENT,0,0,0,0,0,0
Carmel Area Wastewater District,Carmel Area WWTP,,Carmel_Area_WWTP_final.pdf,No,0,PRESENT,PRESENT,0,PRESENT,PRESENT,0,PRESENT,0,0,0,0,0,0,PRESENT,0,0,0,0,0,FUTURE,0,0,0,0,0,0,0,0,0,0,0,0,0,0,0,0,0,0,0,0,0,PRESENT,0,PRESENT,0,0,0,0,0,0,0,0,0,PRESENT,PRESENT,0,0,0,0,0,0,0,0,0,0,PRESENT,0,PRESENT_AND_FUTURE,PRESENT_AND_FUTURE,0,0,0,FUTURE,PRESENT,0,0,PRESENT,0,0,0,0,0,0
