CWNS_ID,A2O,Activated Carbon,Aerated Lagoon,Aerobic Digestion,Alum Addition,Anaerobic Digestion,Anaerobic Lagoon,Biologically Active Filtration,Biosolids Lagoon,Biosolids Landfill,Centrifuge,Chemical P Removal,Chemical Precipitation,Chlorination,Coagulation,Comminution,Dechlorination,Drying,Electrodialysis,Elutriation,Equalization,Extended Aeration,FBI,Facultative Lagoon,Ferric Chloride Addition,Flocculation,Flotation,Four Stage Bardenpho,Grit Removal,Heat Recovery,Ion Exchange,Land Application,Lime Addition,MHI,Mechanical Dewatering,Media Filtration,Membrane Bioreactor,Neutralization,Oxidation Ditch,Ozonation,Polishing Lagoon,Polymer Addition,Primary Clarification,Pure Oxygen,Reverse Osmosis,Rotating Biological Contactor,SBR,Screening/Microstrainer,Secondary Clarification,Secondary Filtration,Stabilization Pond,Stepfeed,Thickening,Trickling Filter,UV Disinfection,Unspecified AS,Unspecified BNR,Unspecified Chemical Addition,Unspecified Clarification,Unspecified Dewatering,Unspecified Digestion,Unspecified Disinfection,Unspecified Disposal,Unspecified FFR,Unspecified Filtration,Unspecified Incineration,Unspecified Lagoon,Unspecified Membrane Process,Wetland,AO,MLE,UCT,Five Stage Bardenpho,Chemical N Removal,Unspecified Nutrient Removal,Anaerobic Filter,Membrane Aerated Biofilm Reactor,Nanofiltration,Electrodialysis Reversal,Ultrafiltration,Microfiltration,UV-AOP,Thermal Disinfection,Cogeneration,FACILITY_NAME,PERMIT_NUMBER,STATE_CODE,NPDES_PERMIT,FACILITY_ID
06001001001,0,0,PRESENT_AND_FUTURE,0,0,0,0,0,0,0,0,0,0,PRESENT_AND_FUTURE,0,PRESENT_AND_FUTURE,0,0,0,0,0,0,0,0,0,0,0,0,0,0,0,0,0,0,0,0,0,0,0,0,0,0,0,0,0,0,0,PRESENT_AND_FUTURE,0,0,0,0,0,PRESENT_AND_FUTURE,0,0,0,0,0,0,0,0,0,0,0,0,0,0,0,0,0,0,0,0,0,0,0,0,0,0,0,0,0,0,TULELAKE STP,CA0023272,CA,CA0023272,1175167
06001002001,0,0,PRESENT_AND_FUTURE,0,0,0,0,0,0,0,0,0,0,PRESENT_AND_FUTURE,0,0,0,0,0,0,0,0,0,0,0,0,0,0,0,0,0,0,0,0,0,0,0,0,0,0,0,0,0,0,0,0,0,PRESENT_AND_FUTURE,0,0,0,0,0,0,0,0,0,0,0,0,0,0,0,0,0,0,0,0,0,0,0,0,0,0,0,0,0,0,0,0,0,0,0,0,MONTAGUE WWTF,WDR 96-068,CA,,1175168
06001003001,0,0,0,PRESENT_AND_FUTURE,0,0,0,0,0,0,0,0,0,PRESENT_AND_FUTURE,0,0,0,0,0,0,0,0,0,0,0,0,0,0,0,0,0,PRESENT_AND_FUTURE,0,0,0,0,0,0,0,0,0,0,0,0,0,0,0,PRESENT_AND_FUTURE,0,0,0,0,0,0,0,PRESENT_AND_FUTURE,0,0,0,0,0,0,0,0,0,0,0,0,0,0,0,0,0,0,0,0,0,0,0,0,0,0,0,0,WEAVERVILLE WWTF,ORDER No. R1-2018-00,CA,,1175169
06001004001,0,0,PRESENT_AND_FUTURE,0,0,0,0,0,0,0,0,0,0,PRESENT_AND_FUTURE,0,PRESENT_AND_FUTURE,0,0,0,0,0,0,0,0,0,0,0,0,0,0,0,0,0,0,0,0,0,0,0,0,0,0,0,0,0,0,0,PRESENT_AND_FUTURE,0,0,0,0,0,0,0,0,0,0,0,0,0,0,0,0,0,0,0,0,0,0,0,0,0,0,0,0,0,0,0,0,0,0,0,0,Westport STF,NO.96-28,CA,,1175170
06001007001,0,0,PRESENT_AND_FUTURE,0,0,PRESENT_AND_FUTURE,0,0,0,PRESENT_AND_FUTURE,0,0,0,0,0,0,0,PRESENT_AND_FUTURE,0,0,0,0,0,0,0,0,0,0,0,0,0,0,0,0,0,0,0,0,0,0,0,0,0,0,0,0,0,PRESENT_AND_FUTURE,0,0,PRESENT_AND_FUTURE,0,0,0,0,0,0,0,PRESENT_AND_FUTURE,0,0,0,0,0,0,0,0,0,0,0,0,0,0,0,0,0,0,0,0,0,0,0,0,0,BLUE LAKE WWTF,R1-2012-0050,CA,,1175174
06001008001,0,0,PRESENT_AND_FUTURE,0,0,0,0,0,0,0,0,0,0,PRESENT_AND_FUTURE,0,PRESENT_AND_FUTURE,0,0,0,0,0,0,0,0,0,0,0,0,PRESENT_AND_FUTURE,0,0,0,0,0,0,0,0,0,0,0,0,0,0,0,0,0,0,PRESENT_AND_FUTURE,0,0,0,0,0,0,0,0,0,0,0,0,0,0,0,0,0,0,0,0,0,0,0,0,0,0,0,0,0,0,0,0,0,0,0,0,Ferndale WWTF,CA0022721,CA,CA0022721,1175175
06001009001,0,0,0,0,0,PRESENT_AND_FUTURE,0,0,0,PRESENT_AND_FUTURE,0,0,0,PRESENT_AND_FUTURE,0,PRESENT_AND_FUTURE,0,0,0,0,0,0,0,0,0,0,0,0,PRESENT_AND_FUTURE,0,0,0,0,0,0,0,0,0,0,0,0,0,0,0,0,0,0,PRESENT_AND_FUTURE,0,0,PRESENT_AND_FUTURE,0,0,0,0,PRESENT_AND_FUTURE,0,0,0,0,0,0,0,0,0,0,0,0,0,0,0,0,0,0,0,0,0,0,0,0,0,0,0,0,FORESTVILLE WWTF,CA0023043,CA,CA0023043,1175176
06001010005,0,0,0,0,0,PRESENT_AND_FUTURE,0,0,0,0,0,0,0,PRESENT_AND_FUTURE,0,PRESENT_AND_FUTURE,0,0,0,0,PRESENT_AND_FUTURE,0,0,0,0,0,0,0,PRESENT_AND_FUTURE,0,0,PRESENT_AND_FUTURE,PRESENT_AND_FUTURE,0,0,0,0,0,0,0,0,PRESENT_AND_FUTURE,PRESENT_AND_FUTURE,0,0,PRESENT_AND_FUTURE,0,PRESENT_AND_FUTURE,0,0,PRESENT_AND_FUTURE,0,0,0,0,0,0,0,0,PRESENT_AND_FUTURE,0,0,PRESENT_AND_FUTURE,0,0,0,0,0,0,0,0,0,0,0,0,0,0,0,0,0,0,0,0,0,ELK RIVER WWTF,CA0024449,CA,CA0024449,1175180
06001011001,0,0,0,0,0,PRESENT_AND_FUTURE,0,0,0,PRESENT_AND_FUTURE,0,0,0,PRESENT_AND_FUTURE,0,PRESENT_AND_FUTURE,0,PRESENT_AND_FUTURE,0,0,0,0,0,0,0,0,0,0,PRESENT_AND_FUTURE,0,0,0,0,0,0,0,0,0,0,0,0,0,0,0,0,0,0,0,0,0,0,0,PRESENT_AND_FUTURE,0,0,PRESENT_AND_FUTURE,0,0,0,0,0,0,0,0,0,0,0,0,0,0,0,0,0,0,0,0,0,0,0,0,0,0,0,0,FORTUNA WWTF,CA0022730,CA,CA0022730,1175181
06001012001,0,0,PRESENT_AND_FUTURE,0,0,0,0,0,0,0,0,0,0,PRESENT_AND_FUTURE,0,PRESENT_AND_FUTURE,0,0,0,0,0,0,0,0,0,0,0,0,0,0,0,0,0,0,0,0,0,0,0,0,0,0,0,0,0,0,0,PRESENT_AND_FUTURE,0,0,PRESENT_AND_FUTURE,0,0,0,0,0,0,0,0,0,0,0,0,0,0,0,0,0,0,0,0,0,0,0,0,0,0,0,0,0,0,0,0,0,GARBERVILLE WWTF,R1-2011-0096,CA,,1175182
06001013001,0,0,PRESENT_AND_FUTURE,0,0,0,0,0,0,0,0,0,0,PRESENT_AND_FUTURE,0,PRESENT_AND_FUTURE,0,0,0,0,0,0,0,0,0,0,0,0,0,0,0,0,0,0,0,0,0,0,0,0,0,0,0,0,0,0,0,PRESENT_AND_FUTURE,0,0,0,0,0,0,0,0,0,0,0,0,0,0,0,0,0,0,0,0,0,0,0,0,0,0,0,0,0,0,0,0,0,0,0,0,HOPLAND WWTF,R1-2008-0003,CA,,1175183
06001015001,0,0,0,0,0,0,0,0,0,0,0,0,0,PRESENT_AND_FUTURE,0,PRESENT_AND_FUTURE,0,0,0,0,0,0,0,0,0,0,0,0,PRESENT_AND_FUTURE,0,0,0,0,0,0,0,0,0,0,0,0,0,0,0,0,0,0,PRESENT_AND_FUTURE,0,0,PRESENT_AND_FUTURE,0,0,0,0,0,0,0,0,0,0,0,0,0,0,0,0,0,0,0,0,0,0,0,0,0,0,0,0,0,0,0,0,0,MCKINLEYVILLE WWTF,CA0024490,CA,CA0024490,1175184
06001016001,0,0,0,0,0,0,0,0,0,0,0,0,0,PRESENT_AND_FUTURE,0,0,0,0,0,0,PRESENT_AND_FUTURE,0,0,0,0,0,0,0,0,0,0,0,0,0,0,0,0,0,0,0,0,0,0,0,0,0,0,0,0,0,PRESENT_AND_FUTURE,0,0,PRESENT_AND_FUTURE,0,0,0,0,0,0,0,0,0,0,0,0,0,0,0,0,0,0,0,0,0,0,0,0,0,0,0,0,0,0,MIRANDA WWTF,No. R1-2019-0002,CA,,1175185
06001020001,0,0,0,PRESENT_AND_FUTURE,0,0,0,0,0,PRESENT_AND_FUTURE,0,0,0,PRESENT_AND_FUTURE,0,PRESENT_AND_FUTURE,0,PRESENT_AND_FUTURE,0,0,0,0,0,0,0,0,0,0,0,0,0,0,0,0,0,0,0,0,0,0,0,0,PRESENT_AND_FUTURE,0,0,PRESENT_AND_FUTURE,0,0,0,0,PRESENT_AND_FUTURE,0,0,0,0,0,0,0,0,0,0,0,0,0,0,0,0,0,0,0,0,0,0,0,0,0,0,0,0,0,0,0,0,0,RIO DELL WWTF,CA0022748,CA,CA0022748,1175189
06001027001,0,0,PRESENT_AND_FUTURE,0,0,PRESENT_AND_FUTURE,0,0,PRESENT_AND_FUTURE,0,0,0,0,0,0,0,0,0,0,0,0,0,0,0,0,0,0,0,0,0,0,0,0,0,0,0,0,0,0,0,0,0,0,0,0,0,0,PRESENT_AND_FUTURE,0,0,0,0,0,0,0,PRESENT_AND_FUTURE,0,0,0,0,0,0,0,0,0,0,0,0,0,0,0,0,0,0,0,0,0,0,0,0,0,0,0,0,Willits WWTF,R1-01-071,CA,CA0023060,1175195
06001028001,0,0,0,0,0,PRESENT_AND_FUTURE,0,0,0,PRESENT_AND_FUTURE,0,0,0,PRESENT_AND_FUTURE,0,0,0,PRESENT_AND_FUTURE,0,0,0,0,0,0,0,0,0,0,0,0,0,0,0,0,0,0,0,0,0,0,0,0,0,0,0,0,0,PRESENT_AND_FUTURE,0,0,0,0,PRESENT_AND_FUTURE,PRESENT_AND_FUTURE,0,0,0,0,0,0,0,0,0,0,0,0,0,0,0,0,0,0,0,0,0,0,0,0,0,0,0,0,0,0,Fort Bragg WWTP,CA0023078,CA,CA0023078,1175196
06001032001,0,0,PRESENT_AND_FUTURE,0,0,0,0,0,0,PRESENT_AND_FUTURE,0,0,0,PRESENT_AND_FUTURE,0,PRESENT_AND_FUTURE,0,0,0,0,0,0,0,0,0,0,0,0,0,0,0,0,0,0,0,0,0,0,0,0,0,0,0,0,0,0,0,0,0,0,0,0,0,0,0,0,0,0,0,0,0,0,0,0,0,0,0,0,0,0,0,0,0,0,0,0,0,0,0,0,0,0,0,0,GRATON WWTF,CA0023639,CA,CA0023639,1175200
06001035001,0,0,PRESENT_AND_FUTURE,0,0,0,0,0,0,PRESENT_AND_FUTURE,0,0,0,PRESENT_AND_FUTURE,0,0,0,PRESENT_AND_FUTURE,0,0,0,0,0,0,0,0,0,0,0,0,0,0,0,0,0,0,0,0,0,0,0,0,0,0,0,0,0,PRESENT_AND_FUTURE,0,0,PRESENT_AND_FUTURE,0,0,0,0,PRESENT_AND_FUTURE,0,0,0,0,0,0,0,0,0,0,0,0,0,0,0,0,0,0,0,0,0,0,0,0,0,0,0,0,CLOVERDALE WWTF,CA0022977,CA,CA0022977,1175201
06001036001,0,0,0,PRESENT_AND_FUTURE,0,0,0,0,0,PRESENT_AND_FUTURE,0,0,0,PRESENT_AND_FUTURE,0,0,0,PRESENT_AND_FUTURE,0,0,0,0,0,0,0,0,0,0,0,0,0,0,0,0,0,0,0,0,0,0,0,0,0,0,0,0,0,PRESENT_AND_FUTURE,0,0,PRESENT_AND_FUTURE,0,0,0,0,PRESENT_AND_FUTURE,0,0,0,0,0,0,0,0,0,0,0,0,0,0,0,0,0,0,0,0,0,0,0,0,0,0,0,0,WINDSOR WWTF,CA0023345,CA,CA0023345,1175202
06001038001,0,0,0,PRESENT_AND_FUTURE,0,0,0,0,0,PRESENT_AND_FUTURE,0,0,0,PRESENT_AND_FUTURE,0,PRESENT_AND_FUTURE,0,PRESENT_AND_FUTURE,0,0,0,0,0,0,0,0,0,0,0,0,0,0,0,0,0,0,0,0,0,0,0,0,0,0,0,0,0,PRESENT_AND_FUTURE,0,0,PRESENT_AND_FUTURE,0,0,PRESENT_AND_FUTURE,0,0,0,0,0,0,0,0,0,0,0,0,0,0,0,0,0,0,0,0,0,0,0,0,0,0,0,0,0,0,BODEGA BAY WWTF,NO. 91-130,CA,,1175204
06001040001,0,0,0,0,0,0,0,0,0,0,0,0,0,PRESENT_AND_FUTURE,0,0,0,0,0,0,0,0,0,0,0,0,0,0,0,0,0,0,0,0,0,0,0,0,0,0,0,0,0,0,0,0,0,PRESENT_AND_FUTURE,0,0,PRESENT_AND_FUTURE,0,0,PRESENT_AND_FUTURE,0,0,0,0,0,0,0,0,0,0,0,0,0,0,0,0,0,0,0,0,0,0,0,0,0,0,0,0,0,0,Covelo WWTP,CA0023574,CA,CA0023574,1175205
06001041001,0,0,0,0,0,PRESENT_AND_FUTURE,0,0,0,PRESENT_AND_FUTURE,0,0,0,PRESENT_AND_FUTURE,0,0,0,0,0,0,0,0,0,0,0,0,0,0,PRESENT_AND_FUTURE,0,0,0,0,0,0,0,0,0,0,0,0,0,PRESENT_AND_FUTURE,0,0,PRESENT_AND_FUTURE,0,PRESENT_AND_FUTURE,0,0,0,0,PRESENT_AND_FUTURE,0,0,0,0,0,0,0,0,0,0,0,0,0,0,0,0,0,0,0,0,0,0,0,0,0,0,0,0,0,0,0,Crescent City WWTF,CA0022756,CA,CA0022756,1175206
06001042001,0,0,0,PRESENT_AND_FUTURE,0,0,0,0,0,PRESENT_AND_FUTURE,0,0,0,PRESENT_AND_FUTURE,0,PRESENT_AND_FUTURE,0,PRESENT_AND_FUTURE,0,0,0,0,0,0,0,0,0,0,0,0,0,0,0,0,0,0,0,0,0,0,0,0,0,0,0,0,0,0,0,0,0,0,0,0,0,PRESENT_AND_FUTURE,0,0,0,0,0,0,0,0,0,0,0,0,0,0,0,0,0,0,0,0,0,0,0,0,0,0,0,0,Yreka WWTF,CAL010509,CA,CAL010509,1175207
06001045001,0,0,0,0,0,PRESENT_AND_FUTURE,0,0,PRESENT_AND_FUTURE,0,0,0,0,PRESENT_AND_FUTURE,0,PRESENT_AND_FUTURE,0,0,0,0,0,0,0,0,0,0,PRESENT_AND_FUTURE,0,PRESENT_AND_FUTURE,0,0,PRESENT_AND_FUTURE,0,0,0,0,0,0,0,0,0,0,PRESENT_AND_FUTURE,0,0,0,0,PRESENT_AND_FUTURE,PRESENT_AND_FUTURE,0,PRESENT_AND_FUTURE,0,PRESENT_AND_FUTURE,0,0,PRESENT_AND_FUTURE,0,0,0,0,0,0,0,0,0,0,0,0,0,0,0,0,0,0,0,0,0,0,0,0,0,0,0,0,Laguna Wastewater Treatment Plant,CA0022764,CA,CA0022764,1175209
06001045003,0,0,0,PRESENT_AND_FUTURE,0,0,0,0,PRESENT_AND_FUTURE,PRESENT_AND_FUTURE,0,0,0,PRESENT_AND_FUTURE,0,0,0,0,0,0,0,0,0,0,0,0,0,0,0,0,0,0,0,0,0,0,0,0,0,0,0,0,0,0,0,0,0,PRESENT_AND_FUTURE,0,0,PRESENT_AND_FUTURE,0,0,PRESENT_AND_FUTURE,0,PRESENT_AND_FUTURE,0,0,0,0,0,0,0,0,0,0,0,0,0,0,0,0,0,0,0,0,0,0,0,0,0,0,0,0,Oakmont WWTP,NO.88-052,CA,,1175211
06001047001,0,0,0,0,0,PRESENT_AND_FUTURE,0,0,0,PRESENT_AND_FUTURE,0,0,0,PRESENT_AND_FUTURE,0,0,0,PRESENT_AND_FUTURE,0,0,0,0,0,0,0,0,0,0,0,0,0,0,0,0,0,0,0,0,0,0,0,0,PRESENT_AND_FUTURE,0,0,0,0,PRESENT_AND_FUTURE,0,0,PRESENT_AND_FUTURE,0,0,0,0,0,0,0,0,0,0,0,0,0,0,0,0,0,0,0,0,0,0,0,0,0,0,0,0,0,0,0,0,0,Arcata WWTF,CA0022713,CA,CA0022713,1175213
06001048001,0,0,PRESENT_AND_FUTURE,0,0,0,0,0,0,0,0,0,0,PRESENT_AND_FUTURE,0,0,0,0,0,0,0,0,0,0,0,0,0,0,0,0,0,0,0,0,0,0,0,0,0,0,0,0,0,0,0,0,0,PRESENT_AND_FUTURE,0,0,PRESENT_AND_FUTURE,0,0,0,0,0,0,0,0,0,0,0,0,0,0,0,0,0,0,0,0,0,0,0,0,0,0,0,0,0,0,0,0,0,POINT ARENA WWTF,R1-2022-0015,CA,,1175214
06001049001,0,0,0,PRESENT_AND_FUTURE,0,0,0,0,0,PRESENT_AND_FUTURE,0,0,0,PRESENT_AND_FUTURE,0,PRESENT_AND_FUTURE,0,PRESENT_AND_FUTURE,0,0,0,PRESENT_AND_FUTURE,0,0,0,0,0,0,0,0,0,0,0,0,0,0,0,0,0,0,0,0,0,0,0,0,0,0,0,0,0,0,0,0,0,0,0,0,0,0,0,0,0,0,0,0,0,0,0,0,0,0,0,0,0,0,0,0,0,0,0,0,0,0,ANCHOR BAY WWTF,CA0024040,CA,CA0024040,1175215
06001050001,0,0,PRESENT_AND_FUTURE,0,0,0,0,0,0,0,0,0,0,PRESENT_AND_FUTURE,0,0,0,0,0,0,PRESENT_AND_FUTURE,0,0,0,0,0,0,0,0,0,0,0,0,0,0,0,0,0,0,0,0,0,0,0,0,0,0,PRESENT_AND_FUTURE,0,0,0,0,0,0,0,0,0,0,0,0,0,0,0,0,0,0,0,0,0,0,0,0,0,0,0,0,0,0,0,0,0,0,0,0,CALPELLA WWTP,ORDER No. R1-2019-00,CA,,1175216
06001054001,0,0,PRESENT_AND_FUTURE,0,0,0,0,0,0,PRESENT_AND_FUTURE,0,0,0,PRESENT_AND_FUTURE,0,0,0,PRESENT_AND_FUTURE,0,0,0,0,0,0,0,0,0,0,0,0,0,0,0,0,0,0,0,0,0,0,0,0,PRESENT_AND_FUTURE,0,0,0,0,PRESENT_AND_FUTURE,0,0,0,0,0,PRESENT_AND_FUTURE,0,0,0,0,0,0,0,0,0,0,0,0,0,0,0,0,0,0,0,0,0,0,0,0,0,0,0,0,0,0,WEED WWTF,NO.96-070,CA,,1175220
06001055001,0,0,0,0,0,PRESENT_AND_FUTURE,0,0,0,PRESENT_AND_FUTURE,0,0,0,PRESENT_AND_FUTURE,0,0,0,0,0,0,0,0,0,0,0,0,0,0,0,0,0,0,0,0,0,0,0,0,0,0,0,0,0,0,0,0,0,0,0,0,PRESENT_AND_FUTURE,0,0,0,0,PRESENT_AND_FUTURE,0,0,0,0,0,0,0,0,0,0,0,0,0,0,0,0,0,0,0,0,0,0,0,0,0,0,0,0,Shelter Cove WWTF,CA0023027,CA,CA0023027,1175221
06001064001,0,0,PRESENT_AND_FUTURE,0,0,0,0,0,0,0,0,0,0,PRESENT_AND_FUTURE,0,0,0,0,0,0,0,0,0,0,0,0,0,0,0,0,0,0,0,0,0,0,0,0,0,0,0,0,0,0,0,0,0,PRESENT_AND_FUTURE,0,0,PRESENT_AND_FUTURE,0,0,0,0,0,0,0,0,0,0,0,0,0,0,0,0,0,0,0,0,0,0,0,0,0,0,0,0,0,0,0,0,0,DORRIS WWTF,WDR 98-004,CA,,1175223
06001065001,0,0,PRESENT_AND_FUTURE,0,0,0,0,0,0,0,0,0,0,PRESENT_AND_FUTURE,0,0,0,0,0,0,0,0,0,0,0,0,0,0,0,0,0,0,0,0,0,0,0,0,0,0,0,0,0,0,0,0,0,PRESENT_AND_FUTURE,0,0,PRESENT_AND_FUTURE,0,0,0,0,0,0,0,0,0,0,0,0,0,0,0,0,0,0,0,0,0,0,0,0,0,0,0,0,0,0,0,0,0,Etna Wastewater Treatment Facility,R1‐2015‐0026,CA,,1175224
06001069001,0,0,0,0,0,PRESENT_AND_FUTURE,0,0,0,PRESENT_AND_FUTURE,0,0,0,PRESENT_AND_FUTURE,0,PRESENT_AND_FUTURE,0,PRESENT_AND_FUTURE,0,0,0,PRESENT_AND_FUTURE,0,0,0,0,0,0,0,0,0,0,0,0,0,0,0,0,0,0,0,0,0,0,0,0,0,PRESENT_AND_FUTURE,0,0,0,0,0,0,0,0,0,0,0,0,0,0,0,0,0,0,0,0,0,0,0,0,0,0,0,0,0,0,0,0,0,0,0,0,LOLETA WWTF,CA0023671,CA,CA0023671,1175228
06001070001,0,0,0,PRESENT_AND_FUTURE,0,0,0,0,PRESENT_AND_FUTURE,PRESENT_AND_FUTURE,0,0,0,PRESENT_AND_FUTURE,0,PRESENT_AND_FUTURE,0,PRESENT_AND_FUTURE,0,0,0,PRESENT_AND_FUTURE,0,0,0,0,0,0,0,0,0,0,0,0,0,0,0,0,0,0,0,0,0,0,0,0,0,PRESENT_AND_FUTURE,0,0,0,0,0,PRESENT_AND_FUTURE,0,0,0,0,0,0,0,0,0,0,0,0,0,0,0,0,0,0,0,0,0,0,0,0,0,0,0,0,0,0,Mendocino City WWTF,CA0022870,CA,CA0022870,1175229
06001079001,0,0,0,0,0,PRESENT_AND_FUTURE,0,0,PRESENT_AND_FUTURE,PRESENT_AND_FUTURE,0,0,0,PRESENT_AND_FUTURE,0,0,0,PRESENT_AND_FUTURE,0,0,0,0,0,0,0,0,0,0,0,0,0,0,0,0,0,0,0,0,0,0,0,0,PRESENT_AND_FUTURE,0,0,0,0,PRESENT_AND_FUTURE,0,0,0,0,0,PRESENT_AND_FUTURE,0,0,0,0,0,0,0,0,0,0,0,0,0,0,0,0,0,0,0,0,0,0,0,0,0,0,0,0,0,0,Ukiah WWTF,CA0022888,CA,CA0022888,1175232
06001082001,0,0,PRESENT_AND_FUTURE,0,0,PRESENT_AND_FUTURE,0,0,0,PRESENT_AND_FUTURE,0,0,0,PRESENT_AND_FUTURE,0,PRESENT_AND_FUTURE,0,0,0,0,0,0,0,0,0,0,0,0,0,0,0,0,0,0,0,0,0,0,0,0,0,0,0,0,0,0,0,0,0,0,PRESENT_AND_FUTURE,0,0,0,0,0,0,0,0,0,0,0,0,0,0,0,0,0,0,0,0,0,0,0,0,0,0,0,0,0,0,0,0,0,HEALDSBURG WWTF,CA0025135,CA,CA0025135,1175233
06001085001,0,0,0,0,0,0,0,0,0,0,0,0,0,0,0,0,0,0,0,0,0,0,0,0,0,0,0,0,0,0,0,0,0,0,0,0,0,0,0,0,0,0,0,0,0,0,0,PRESENT_AND_FUTURE,0,0,PRESENT_AND_FUTURE,0,0,0,0,0,0,0,0,0,0,0,0,0,0,0,0,0,0,0,0,0,0,0,0,0,0,0,0,0,0,0,0,0,NEWELL WWTF,WDR Order No. 97-093,CA,,1175236
06001096001,0,0,PRESENT_AND_FUTURE,0,0,0,0,0,0,0,0,0,0,PRESENT_AND_FUTURE,0,PRESENT_AND_FUTURE,0,0,0,0,0,0,0,0,0,0,0,0,0,0,0,0,0,0,0,0,0,0,0,0,0,0,0,0,0,0,0,0,0,0,0,0,0,0,0,0,0,0,0,0,0,0,0,0,0,0,0,0,0,0,0,0,0,0,0,0,0,0,0,0,0,0,0,0,Geyserville WWTF,2006-0003-DWQ,CA,,1175243
06001099001,0,0,0,PRESENT_AND_FUTURE,0,0,0,0,0,PRESENT_AND_FUTURE,0,0,0,PRESENT_AND_FUTURE,0,0,0,PRESENT_AND_FUTURE,0,0,0,0,0,0,0,0,0,0,0,0,0,0,0,0,0,0,0,0,0,0,0,0,0,0,0,0,0,PRESENT_AND_FUTURE,0,0,0,0,0,0,0,PRESENT_AND_FUTURE,0,0,0,0,0,0,0,0,0,0,0,0,0,0,0,0,0,0,0,0,0,0,0,0,0,0,0,0,LARKFIELD-WIKIUP WWTF,No. R1-2019-0007,CA,,1175246
06002006001,0,0,0,0,0,PRESENT_AND_FUTURE,0,PRESENT_AND_FUTURE,PRESENT_AND_FUTURE,PRESENT_AND_FUTURE,0,0,0,PRESENT_AND_FUTURE,0,PRESENT_AND_FUTURE,0,0,0,0,PRESENT_AND_FUTURE,PRESENT_AND_FUTURE,0,0,0,0,PRESENT_AND_FUTURE,0,PRESENT_AND_FUTURE,0,0,0,0,0,0,0,0,0,0,0,0,0,PRESENT_AND_FUTURE,0,0,0,0,PRESENT_AND_FUTURE,PRESENT_AND_FUTURE,0,0,0,PRESENT_AND_FUTURE,PRESENT_AND_FUTURE,PRESENT_AND_FUTURE,0,0,0,0,0,0,0,0,0,0,0,0,0,0,0,0,0,0,0,0,0,0,0,0,0,0,0,0,0,Dublin-San Ramon WWTF,CA0037613,CA,CA0037613,1175267
06002008001,0,0,PRESENT_AND_FUTURE,0,PRESENT_AND_FUTURE,PRESENT_AND_FUTURE,0,0,PRESENT_AND_FUTURE,PRESENT_AND_FUTURE,0,0,0,PRESENT_AND_FUTURE,PRESENT_AND_FUTURE,PRESENT_AND_FUTURE,0,0,0,0,0,0,0,0,0,0,PRESENT_AND_FUTURE,0,PRESENT_AND_FUTURE,0,0,0,0,0,0,0,0,PRESENT_AND_FUTURE,PRESENT_AND_FUTURE,0,0,0,PRESENT_AND_FUTURE,0,0,0,0,PRESENT_AND_FUTURE,0,0,PRESENT_AND_FUTURE,0,PRESENT_AND_FUTURE,PRESENT_AND_FUTURE,0,0,0,0,PRESENT_AND_FUTURE,0,0,0,0,0,0,0,0,0,0,0,0,0,0,0,0,0,0,0,0,0,0,0,0,0,"Sunnyvale, City of (WPCP)",CA0037621,CA,CA0037621,1175269
06002011001,0,0,0,PRESENT_AND_FUTURE,PRESENT_AND_FUTURE,PRESENT_AND_FUTURE,0,0,0,PRESENT_AND_FUTURE,PRESENT_AND_FUTURE,0,0,PRESENT_AND_FUTURE,PRESENT_AND_FUTURE,0,0,0,0,0,0,0,0,0,0,0,0,0,0,0,0,0,0,0,0,0,0,0,0,0,0,0,PRESENT_AND_FUTURE,0,0,0,0,PRESENT_AND_FUTURE,PRESENT_AND_FUTURE,0,0,0,PRESENT_AND_FUTURE,0,0,PRESENT_AND_FUTURE,0,0,0,0,0,0,0,0,0,0,0,0,0,0,0,0,0,0,0,0,0,0,0,0,0,0,0,0,Burlingame WWTP,CA0037788,CA,CA0037788,1175272
06002012001,0,0,0,0,0,0,0,PRESENT_AND_FUTURE,0,PRESENT_AND_FUTURE,0,0,0,PRESENT_AND_FUTURE,0,0,0,0,0,0,0,0,0,0,0,0,0,0,0,0,0,0,0,PRESENT_AND_FUTURE,PRESENT_AND_FUTURE,0,0,0,0,0,0,0,PRESENT_AND_FUTURE,0,0,0,0,PRESENT_AND_FUTURE,0,0,0,0,PRESENT_AND_FUTURE,PRESENT_AND_FUTURE,0,PRESENT_AND_FUTURE,0,0,0,0,0,PRESENT_AND_FUTURE,0,0,PRESENT_AND_FUTURE,0,0,0,0,0,0,0,0,0,0,0,0,0,0,0,0,0,0,0,Palo Alto Regional WQCP,CA0037834,CA,CA0037834,1175273
06002015001,0,PRESENT_AND_FUTURE,0,PRESENT_AND_FUTURE,0,PRESENT_AND_FUTURE,0,0,0,PRESENT_AND_FUTURE,0,0,0,PRESENT_AND_FUTURE,0,PRESENT_AND_FUTURE,0,0,0,0,PRESENT_AND_FUTURE,0,0,0,0,0,0,0,PRESENT_AND_FUTURE,0,0,0,0,0,PRESENT_AND_FUTURE,0,0,0,0,0,0,0,PRESENT_AND_FUTURE,0,0,0,0,PRESENT_AND_FUTURE,PRESENT_AND_FUTURE,PRESENT_AND_FUTURE,0,0,PRESENT_AND_FUTURE,PRESENT_AND_FUTURE,0,0,0,0,0,0,0,0,0,0,PRESENT_AND_FUTURE,0,0,0,0,0,0,0,0,0,0,0,0,0,0,0,0,0,0,0,SASM WWTF,CA0037711,CA,CA0037711,1175274
06002021001,0,0,0,0,0,PRESENT_AND_FUTURE,0,0,0,PRESENT_AND_FUTURE,0,0,0,PRESENT_AND_FUTURE,0,PRESENT_AND_FUTURE,0,0,0,0,0,0,0,0,0,0,0,0,0,0,0,0,0,0,0,0,0,0,0,0,0,0,PRESENT_AND_FUTURE,0,0,0,0,0,0,0,0,0,0,PRESENT_AND_FUTURE,0,0,0,0,0,0,0,0,0,0,0,0,0,0,0,0,0,0,0,0,0,0,0,0,0,0,0,0,0,0,Port Costa WWTF,CA0037885,CA,CA0037885,1175279
06002024001,0,0,0,0,0,PRESENT_AND_FUTURE,0,0,0,0,0,0,0,PRESENT_AND_FUTURE,0,PRESENT_AND_FUTURE,0,PRESENT_AND_FUTURE,0,0,0,0,0,0,0,0,0,0,0,0,0,PRESENT_AND_FUTURE,0,0,PRESENT_AND_FUTURE,0,0,0,0,0,0,0,PRESENT_AND_FUTURE,0,0,0,0,PRESENT_AND_FUTURE,0,0,0,0,PRESENT_AND_FUTURE,PRESENT_AND_FUTURE,0,0,0,0,0,0,0,0,0,0,PRESENT_AND_FUTURE,0,0,0,0,0,0,0,0,0,0,0,0,0,0,0,0,0,0,0,MOUNTAIN VIEW WWTF,CA0037770,CA,CA0037770,1175282
06002025001,0,0,0,0,PRESENT_AND_FUTURE,PRESENT_AND_FUTURE,0,0,0,PRESENT_AND_FUTURE,0,0,0,PRESENT_AND_FUTURE,PRESENT_AND_FUTURE,PRESENT_AND_FUTURE,0,0,0,0,0,0,0,0,0,0,PRESENT_AND_FUTURE,0,PRESENT_AND_FUTURE,0,0,0,PRESENT_AND_FUTURE,PRESENT_AND_FUTURE,0,0,0,PRESENT_AND_FUTURE,0,0,0,0,PRESENT_AND_FUTURE,0,0,0,0,PRESENT_AND_FUTURE,PRESENT_AND_FUTURE,0,0,0,PRESENT_AND_FUTURE,PRESENT_AND_FUTURE,0,PRESENT_AND_FUTURE,0,0,0,0,0,PRESENT_AND_FUTURE,0,0,0,0,0,0,0,0,0,0,0,0,0,0,0,0,0,0,0,0,0,0,Central Contra Costa WWTF,CA0037648,CA,CA0037648,1175283
06002029001,0,0,PRESENT_AND_FUTURE,0,0,PRESENT_AND_FUTURE,0,0,PRESENT_AND_FUTURE,PRESENT_AND_FUTURE,0,0,0,PRESENT_AND_FUTURE,0,PRESENT_AND_FUTURE,0,PRESENT_AND_FUTURE,0,0,0,0,0,0,0,0,PRESENT_AND_FUTURE,0,PRESENT_AND_FUTURE,0,0,0,0,0,PRESENT_AND_FUTURE,0,0,0,0,0,0,0,PRESENT_AND_FUTURE,0,0,0,0,PRESENT_AND_FUTURE,PRESENT_AND_FUTURE,0,PRESENT_AND_FUTURE,0,PRESENT_AND_FUTURE,PRESENT_AND_FUTURE,0,0,0,0,0,0,0,0,PRESENT_AND_FUTURE,0,PRESENT_AND_FUTURE,0,0,0,0,0,0,0,0,0,0,0,0,0,0,0,0,0,0,0,"Hayward, City of (WPCF)",CA0037869,CA,CA0037869,1175287
06002030001,0,0,0,0,0,PRESENT_AND_FUTURE,0,0,0,PRESENT_AND_FUTURE,0,0,0,PRESENT_AND_FUTURE,0,PRESENT_AND_FUTURE,0,0,0,0,PRESENT_AND_FUTURE,0,0,0,0,0,PRESENT_AND_FUTURE,0,PRESENT_AND_FUTURE,0,0,0,0,PRESENT_AND_FUTURE,0,0,0,0,0,0,0,0,PRESENT_AND_FUTURE,0,0,0,0,PRESENT_AND_FUTURE,0,0,0,0,PRESENT_AND_FUTURE,0,0,PRESENT_AND_FUTURE,0,0,0,0,0,0,PRESENT_AND_FUTURE,0,0,0,0,0,0,0,0,0,0,0,0,0,0,0,0,0,0,0,0,0,Richmond Municipal Sewer District Water Pollution Control Plant,CA0038539,CA,CA0038539,1238810
06002032003,0,0,0,0,0,PRESENT_AND_FUTURE,0,0,0,PRESENT_AND_FUTURE,0,0,0,PRESENT_AND_FUTURE,0,0,0,0,0,0,0,0,0,0,PRESENT_AND_FUTURE,0,PRESENT_AND_FUTURE,0,PRESENT_AND_FUTURE,0,0,0,0,0,PRESENT_AND_FUTURE,0,0,0,0,0,0,0,PRESENT_AND_FUTURE,0,0,0,0,PRESENT_AND_FUTURE,PRESENT_AND_FUTURE,0,0,0,PRESENT_AND_FUTURE,0,PRESENT_AND_FUTURE,0,0,0,0,0,0,0,0,0,PRESENT_AND_FUTURE,0,0,0,0,0,0,0,0,0,0,0,0,0,0,0,0,0,0,0,Southeast WPCP,CA0037664,CA,CA0037664,1175289
06002032005,0,0,0,0,0,0,0,0,0,0,0,0,0,PRESENT_AND_FUTURE,0,0,0,0,0,0,0,0,0,0,0,0,0,0,PRESENT_AND_FUTURE,0,0,0,0,0,0,0,0,0,0,0,0,0,0,0,0,0,0,0,0,0,0,0,0,0,0,0,0,0,0,0,0,0,0,0,0,0,0,0,0,0,0,0,0,0,0,0,0,0,0,0,0,0,0,0,Oceanside WPCP,CA0037681,CA,CA0037681,443709
06002033001,0,0,0,0,PRESENT_AND_FUTURE,0,0,PRESENT_AND_FUTURE,0,PRESENT_AND_FUTURE,0,0,0,PRESENT_AND_FUTURE,PRESENT_AND_FUTURE,0,0,0,0,0,0,0,0,0,0,0,0,0,PRESENT_AND_FUTURE,0,0,0,PRESENT_AND_FUTURE,0,0,0,0,0,0,0,0,0,PRESENT_AND_FUTURE,0,0,0,0,PRESENT_AND_FUTURE,PRESENT_AND_FUTURE,0,PRESENT_AND_FUTURE,0,PRESENT_AND_FUTURE,PRESENT_AND_FUTURE,0,PRESENT_AND_FUTURE,0,0,0,0,0,PRESENT_AND_FUTURE,0,0,0,0,0,0,0,0,0,0,0,0,0,0,0,0,0,0,0,0,0,0,NAPA SANIT. DIST WWRF,2006-0003-DWQ,CA,CA0037575,1175290
06002034002,0,0,0,PRESENT_AND_FUTURE,0,0,0,0,0,PRESENT_AND_FUTURE,PRESENT_AND_FUTURE,0,0,PRESENT_AND_FUTURE,0,0,0,0,0,0,PRESENT_AND_FUTURE,0,0,0,0,0,0,0,PRESENT_AND_FUTURE,0,0,0,0,0,0,0,0,0,0,0,0,0,0,0,0,0,0,0,0,0,0,0,0,PRESENT_AND_FUTURE,0,PRESENT_AND_FUTURE,0,0,0,0,0,0,PRESENT_AND_FUTURE,0,0,0,0,0,0,0,0,0,0,0,0,0,0,0,0,0,0,0,0,0,C & H SUGAR JOINT WWTP,CA0005240,CA,CA0005240,1175292
06002036001,0,0,0,PRESENT_AND_FUTURE,0,PRESENT_AND_FUTURE,0,0,0,PRESENT_AND_FUTURE,0,0,0,PRESENT_AND_FUTURE,0,0,0,0,0,0,0,0,0,0,0,0,0,0,PRESENT_AND_FUTURE,0,0,0,0,0,PRESENT_AND_FUTURE,0,0,0,0,0,0,0,PRESENT_AND_FUTURE,PRESENT_AND_FUTURE,0,0,0,PRESENT_AND_FUTURE,0,0,0,0,0,PRESENT_AND_FUTURE,0,PRESENT_AND_FUTURE,0,0,0,0,0,0,0,0,PRESENT_AND_FUTURE,0,0,0,0,0,0,0,0,0,0,0,0,0,0,0,0,0,0,0,East Bay MUD Main WWTP,CA0037702,CA,CA0037702,1175294
06002038001,0,0,0,0,0,0,0,PRESENT_AND_FUTURE,PRESENT_AND_FUTURE,PRESENT_AND_FUTURE,0,0,0,PRESENT_AND_FUTURE,0,PRESENT_AND_FUTURE,0,PRESENT_AND_FUTURE,0,0,0,0,0,0,0,0,PRESENT_AND_FUTURE,0,PRESENT_AND_FUTURE,0,0,0,0,0,0,0,0,0,0,0,0,0,PRESENT_AND_FUTURE,0,0,0,0,PRESENT_AND_FUTURE,0,0,0,0,PRESENT_AND_FUTURE,PRESENT_AND_FUTURE,0,PRESENT_AND_FUTURE,0,0,0,0,0,PRESENT_AND_FUTURE,0,0,0,0,0,0,0,0,0,0,0,0,0,0,0,0,0,0,0,0,0,0,Fairfield-Suisun Sewer District,CA0038024,CA,CA0038024,1175296
06002039001,0,0,0,0,0,PRESENT_AND_FUTURE,0,0,0,PRESENT_AND_FUTURE,0,0,0,PRESENT_AND_FUTURE,0,PRESENT_AND_FUTURE,0,0,0,0,0,0,0,0,0,0,PRESENT_AND_FUTURE,0,0,0,0,0,0,0,0,0,0,0,0,0,0,0,PRESENT_AND_FUTURE,0,0,0,0,PRESENT_AND_FUTURE,0,PRESENT_AND_FUTURE,0,0,PRESENT_AND_FUTURE,0,0,PRESENT_AND_FUTURE,0,0,0,0,0,0,PRESENT_AND_FUTURE,0,0,0,0,0,0,0,0,0,0,0,0,0,0,0,0,0,0,0,0,0,MILLBRAE MADRONE WWTF,CA0037532,CA,CA0037532,1175297
06002040001,0,0,0,0,0,PRESENT_AND_FUTURE,0,0,0,PRESENT_AND_FUTURE,PRESENT_AND_FUTURE,0,0,PRESENT_AND_FUTURE,0,PRESENT_AND_FUTURE,0,0,0,0,0,0,0,0,0,0,PRESENT_AND_FUTURE,0,0,0,0,0,0,0,0,0,0,0,0,0,0,0,PRESENT_AND_FUTURE,PRESENT_AND_FUTURE,0,0,0,PRESENT_AND_FUTURE,0,0,0,0,PRESENT_AND_FUTURE,0,0,0,0,0,0,0,0,0,0,0,0,0,0,0,0,0,0,0,0,0,0,0,0,0,0,0,0,0,0,0,North San Mateo County Sanitation District WWTP,CA0037737,CA,CA0037737,1175298
06002041001,0,0,0,0,0,PRESENT_AND_FUTURE,0,PRESENT_AND_FUTURE,PRESENT_AND_FUTURE,PRESENT_AND_FUTURE,PRESENT_AND_FUTURE,0,0,PRESENT_AND_FUTURE,0,PRESENT_AND_FUTURE,0,PRESENT_AND_FUTURE,0,0,0,0,0,0,0,0,0,0,PRESENT_AND_FUTURE,0,0,0,0,0,0,0,0,0,0,0,0,0,PRESENT_AND_FUTURE,0,0,0,0,PRESENT_AND_FUTURE,0,0,0,0,0,0,0,PRESENT_AND_FUTURE,0,0,0,0,0,0,0,0,PRESENT_AND_FUTURE,0,0,0,0,0,0,0,0,0,0,0,0,0,0,0,0,0,0,0,San Jose/Santa Clara WPCP,CA0037842,CA,CA0037842,1175299
06002042001,0,0,PRESENT_AND_FUTURE,0,0,PRESENT_AND_FUTURE,0,0,0,PRESENT_AND_FUTURE,PRESENT_AND_FUTURE,0,0,PRESENT_AND_FUTURE,0,PRESENT_AND_FUTURE,0,0,0,0,0,0,0,0,0,0,PRESENT_AND_FUTURE,0,0,0,0,0,0,PRESENT_AND_FUTURE,0,0,0,0,0,0,0,0,PRESENT_AND_FUTURE,0,0,0,0,0,PRESENT_AND_FUTURE,0,0,0,PRESENT_AND_FUTURE,PRESENT_AND_FUTURE,0,PRESENT_AND_FUTURE,0,0,0,0,0,0,0,0,0,0,0,0,0,0,0,0,0,0,0,0,0,0,0,0,0,0,0,0,"San Leandro, City of (WPCP)",CA0038881,CA,CA0038881,1175300
06002043001,0,0,0,0,0,PRESENT_AND_FUTURE,0,0,0,PRESENT_AND_FUTURE,0,0,0,PRESENT_AND_FUTURE,0,PRESENT_AND_FUTURE,0,0,0,0,0,0,0,0,0,0,PRESENT_AND_FUTURE,0,PRESENT_AND_FUTURE,0,0,0,0,0,PRESENT_AND_FUTURE,0,0,PRESENT_AND_FUTURE,0,0,0,0,PRESENT_AND_FUTURE,0,0,0,0,PRESENT_AND_FUTURE,PRESENT_AND_FUTURE,0,0,0,PRESENT_AND_FUTURE,PRESENT_AND_FUTURE,0,0,0,0,0,0,0,0,0,0,PRESENT_AND_FUTURE,0,0,0,0,0,0,0,0,0,0,0,0,0,0,0,0,0,0,0,San Mateo WWTF,CA0037541,CA,CA0037541,1175301
06002046001,0,0,0,PRESENT_AND_FUTURE,0,PRESENT_AND_FUTURE,0,0,0,PRESENT_AND_FUTURE,PRESENT_AND_FUTURE,0,0,PRESENT_AND_FUTURE,0,0,0,PRESENT_AND_FUTURE,0,0,0,0,0,0,0,0,PRESENT_AND_FUTURE,0,PRESENT_AND_FUTURE,0,0,0,0,0,0,0,0,0,0,0,0,0,PRESENT_AND_FUTURE,0,0,0,0,PRESENT_AND_FUTURE,0,0,0,0,PRESENT_AND_FUTURE,0,0,PRESENT_AND_FUTURE,0,0,0,0,0,0,0,0,0,0,0,0,0,0,0,0,0,0,0,0,0,0,0,0,0,0,0,0,SO SF-SAN BRUNO WWTF,CA0038130,CA,CA0038130,1175306
06002047001,0,PRESENT_AND_FUTURE,0,0,0,0,0,0,0,0,0,0,0,PRESENT_AND_FUTURE,0,0,0,0,0,0,0,0,0,0,0,0,0,0,PRESENT_AND_FUTURE,0,0,0,PRESENT_AND_FUTURE,0,PRESENT_AND_FUTURE,0,0,PRESENT_AND_FUTURE,0,0,0,0,PRESENT_AND_FUTURE,0,0,0,0,PRESENT_AND_FUTURE,PRESENT_AND_FUTURE,0,0,0,0,PRESENT_AND_FUTURE,0,PRESENT_AND_FUTURE,0,0,0,0,0,0,PRESENT_AND_FUTURE,0,PRESENT_AND_FUTURE,0,0,0,0,0,0,0,0,0,0,0,0,0,0,0,0,0,0,0,VSFCD WWTF,CA0037699,CA,CA0037699,1175307
06002053001,0,0,0,0,PRESENT_AND_FUTURE,PRESENT_AND_FUTURE,0,0,0,PRESENT_AND_FUTURE,0,0,0,PRESENT_AND_FUTURE,PRESENT_AND_FUTURE,PRESENT_AND_FUTURE,0,PRESENT_AND_FUTURE,0,0,0,0,0,0,0,0,0,0,0,0,0,0,0,0,0,0,0,0,0,0,0,0,PRESENT_AND_FUTURE,0,0,0,0,0,0,0,PRESENT_AND_FUTURE,0,0,0,0,PRESENT_AND_FUTURE,0,0,0,PRESENT_AND_FUTURE,0,0,0,0,0,0,0,0,0,0,0,0,0,0,0,0,0,0,0,0,0,0,0,0,Calistoga WWTP,CA0037966,CA,CA0037966,1175311
06002057001,0,0,0,0,0,PRESENT_AND_FUTURE,0,0,PRESENT_AND_FUTURE,PRESENT_AND_FUTURE,PRESENT_AND_FUTURE,0,0,0,0,0,0,PRESENT_AND_FUTURE,0,0,PRESENT_AND_FUTURE,0,0,0,0,0,PRESENT_AND_FUTURE,0,PRESENT_AND_FUTURE,0,0,0,0,0,0,0,0,0,0,0,0,0,PRESENT_AND_FUTURE,0,0,0,0,PRESENT_AND_FUTURE,0,0,0,0,PRESENT_AND_FUTURE,PRESENT_AND_FUTURE,0,PRESENT_AND_FUTURE,0,0,0,0,0,0,0,0,0,0,0,0,0,0,0,0,0,0,0,0,0,0,0,0,0,0,0,0,West County Plant,CA0038539,CA,,1175314
06002058001,0,0,0,0,0,PRESENT_AND_FUTURE,0,0,0,PRESENT_AND_FUTURE,0,0,0,PRESENT_AND_FUTURE,0,PRESENT_AND_FUTURE,0,0,0,0,0,PRESENT_AND_FUTURE,0,0,0,0,0,0,PRESENT_AND_FUTURE,0,0,0,0,0,PRESENT_AND_FUTURE,0,0,0,0,0,0,0,PRESENT_AND_FUTURE,0,0,0,0,PRESENT_AND_FUTURE,0,0,0,0,PRESENT_AND_FUTURE,0,0,0,0,0,0,0,0,0,0,0,PRESENT_AND_FUTURE,0,0,0,0,0,0,0,0,0,0,0,0,0,0,0,0,0,0,0,Sewer Authority Mid-Coastside WWTF,R2-00-016,CA,CA0038598,1175315
06002060003,0,0,PRESENT_AND_FUTURE,0,0,0,0,0,0,0,0,0,0,PRESENT_AND_FUTURE,0,PRESENT_AND_FUTURE,0,0,0,0,0,0,0,0,0,0,0,0,0,0,0,0,0,0,0,0,0,0,0,0,0,0,PRESENT_AND_FUTURE,0,0,0,0,0,0,0,PRESENT_AND_FUTURE,0,0,0,0,0,0,0,0,0,0,0,0,0,0,0,0,0,0,0,0,0,0,0,0,0,0,0,0,0,0,0,0,0,OCEANA MARIN WWTF,2006-0003-DWQ,CA,,1175317
06002060007,0,0,PRESENT_AND_FUTURE,0,0,0,0,0,0,0,0,0,0,PRESENT_AND_FUTURE,0,PRESENT_AND_FUTURE,0,0,0,0,0,0,0,0,0,0,0,0,0,0,0,0,0,0,0,0,0,0,0,0,0,0,0,0,0,0,0,PRESENT_AND_FUTURE,0,0,0,0,0,PRESENT_AND_FUTURE,0,0,0,0,0,0,0,0,0,0,0,0,0,0,0,0,0,0,0,0,0,0,0,0,0,0,0,0,0,0,Tomales WWTP,R2-86-86 ,CA,,1175319
06002063001,0,0,0,0,0,PRESENT_AND_FUTURE,0,0,0,PRESENT_AND_FUTURE,0,0,0,PRESENT_AND_FUTURE,0,0,0,0,0,0,0,0,0,0,0,0,0,0,0,0,0,0,0,0,PRESENT_AND_FUTURE,0,0,0,0,0,0,0,PRESENT_AND_FUTURE,0,0,0,0,PRESENT_AND_FUTURE,PRESENT_AND_FUTURE,0,0,0,0,0,0,PRESENT_AND_FUTURE,0,0,0,0,0,0,0,0,PRESENT_AND_FUTURE,0,0,0,0,0,0,0,0,0,0,0,0,0,0,0,0,0,0,0,Marin Co. SD #5 WWTF,2006-0003-DWQ,CA,CA0037753,1175322
06002063002,0,0,0,0,0,0,0,0,0,0,0,0,0,0,0,0,0,0,0,0,0,0,0,0,0,0,0,0,0,0,0,0,0,0,0,0,0,0,0,0,0,0,0,0,0,0,0,0,0,0,0,0,0,0,0,PRESENT_AND_FUTURE,0,0,0,0,0,0,PRESENT_AND_FUTURE,0,0,0,0,0,0,0,0,0,0,0,0,0,0,0,0,0,0,0,0,0,PARADISE COVE WWTF,2006-0003-DWQ,CA,CA0037427,1175323
06002064001,0,0,0,0,0,PRESENT_AND_FUTURE,0,0,0,PRESENT_AND_FUTURE,0,0,0,PRESENT_AND_FUTURE,0,PRESENT_AND_FUTURE,0,PRESENT_AND_FUTURE,0,0,0,0,0,0,0,0,0,0,PRESENT_AND_FUTURE,0,0,0,0,0,0,0,0,0,0,0,0,0,PRESENT_AND_FUTURE,0,0,0,0,0,0,0,0,0,PRESENT_AND_FUTURE,0,0,PRESENT_AND_FUTURE,0,0,0,0,0,0,0,0,0,0,0,0,0,0,0,0,0,0,0,0,0,0,0,0,0,0,0,0,RODEO WWTF,CA0037826,CA,CA0037826,1175324
06002069001,0,0,PRESENT_AND_FUTURE,PRESENT_AND_FUTURE,0,0,0,0,0,PRESENT_AND_FUTURE,0,0,0,PRESENT_AND_FUTURE,0,PRESENT_AND_FUTURE,0,0,0,0,PRESENT_AND_FUTURE,0,0,0,0,0,PRESENT_AND_FUTURE,0,PRESENT_AND_FUTURE,0,0,0,0,0,PRESENT_AND_FUTURE,0,0,0,0,0,0,0,PRESENT_AND_FUTURE,0,0,0,0,PRESENT_AND_FUTURE,0,0,PRESENT_AND_FUTURE,0,PRESENT_AND_FUTURE,0,0,PRESENT_AND_FUTURE,0,0,0,0,0,0,0,0,PRESENT_AND_FUTURE,0,0,0,0,0,0,0,0,0,0,0,0,0,0,0,0,0,0,0,Sonoma Valley WWTF,CA0037800,CA,CA0037800,1175329
06002071001,0,0,0,0,PRESENT_AND_FUTURE,PRESENT_AND_FUTURE,0,0,0,PRESENT_AND_FUTURE,PRESENT_AND_FUTURE,0,0,PRESENT_AND_FUTURE,PRESENT_AND_FUTURE,0,0,0,0,0,0,0,0,0,0,0,PRESENT_AND_FUTURE,0,PRESENT_AND_FUTURE,0,0,0,0,0,0,0,0,PRESENT_AND_FUTURE,0,0,0,0,PRESENT_AND_FUTURE,0,0,0,0,0,0,0,PRESENT_AND_FUTURE,0,PRESENT_AND_FUTURE,PRESENT_AND_FUTURE,0,PRESENT_AND_FUTURE,0,0,0,0,0,0,0,0,PRESENT_AND_FUTURE,0,0,0,0,0,0,0,0,0,0,0,0,0,0,0,0,0,0,0,Novato WWTF,CA0037958,CA,CA0037958,1175331
06002072001,0,0,0,0,0,PRESENT_AND_FUTURE,0,0,0,PRESENT_AND_FUTURE,0,0,0,PRESENT_AND_FUTURE,0,PRESENT_AND_FUTURE,0,0,0,0,0,0,0,0,0,0,0,0,PRESENT_AND_FUTURE,0,0,PRESENT_AND_FUTURE,0,0,PRESENT_AND_FUTURE,0,0,0,0,0,0,0,PRESENT_AND_FUTURE,0,0,0,0,PRESENT_AND_FUTURE,0,0,0,0,PRESENT_AND_FUTURE,PRESENT_AND_FUTURE,0,0,0,0,0,0,0,0,0,0,PRESENT_AND_FUTURE,0,0,0,0,0,0,0,0,0,0,0,0,0,0,0,0,0,0,0,SAUSALITO-MARIN CITY WWTF,2006-0003-DWQ,CA,CA0038067,1175334
06002074001,0,0,PRESENT_AND_FUTURE,0,0,0,0,0,0,0,0,0,0,PRESENT_AND_FUTURE,0,PRESENT_AND_FUTURE,0,0,0,0,0,0,0,0,0,0,0,0,0,0,0,0,0,0,0,0,0,0,0,0,0,0,PRESENT_AND_FUTURE,0,0,0,0,PRESENT_AND_FUTURE,0,0,PRESENT_AND_FUTURE,0,0,0,0,0,0,0,0,0,0,0,0,0,0,0,0,0,0,0,0,0,0,0,0,0,0,0,0,0,0,0,0,0,ST. HELENA WWTF,CA0038016,CA,CA0038016,1175336
06002081001,0,0,0,0,0,PRESENT_AND_FUTURE,0,0,0,PRESENT_AND_FUTURE,0,0,0,PRESENT_AND_FUTURE,0,PRESENT_AND_FUTURE,0,0,0,0,0,0,0,0,0,0,PRESENT_AND_FUTURE,0,PRESENT_AND_FUTURE,0,0,0,0,0,0,0,0,0,0,0,0,0,PRESENT_AND_FUTURE,0,0,PRESENT_AND_FUTURE,0,PRESENT_AND_FUTURE,PRESENT_AND_FUTURE,0,PRESENT_AND_FUTURE,0,PRESENT_AND_FUTURE,0,0,0,0,0,0,PRESENT_AND_FUTURE,0,0,0,0,0,0,0,0,0,0,0,0,0,0,0,0,0,0,0,0,0,0,0,0,Union Sanitary District (Alvarado WWTF),CA0038733,CA,CA0038733,1175339
06002082001,0,0,0,0,0,PRESENT_AND_FUTURE,0,0,0,PRESENT_AND_FUTURE,0,0,0,PRESENT_AND_FUTURE,0,PRESENT_AND_FUTURE,0,PRESENT_AND_FUTURE,0,0,0,0,0,0,0,0,PRESENT_AND_FUTURE,0,PRESENT_AND_FUTURE,0,0,0,0,0,0,0,0,0,0,0,0,0,PRESENT_AND_FUTURE,0,0,0,0,PRESENT_AND_FUTURE,0,0,0,0,PRESENT_AND_FUTURE,0,0,PRESENT_AND_FUTURE,0,0,0,0,0,0,0,0,0,0,0,0,0,0,0,0,0,0,0,0,0,0,0,0,0,0,0,0,BENICIA WWTF,CA0038091,CA,CA0038091,1175340
06002108001,0,0,0,0,0,PRESENT_AND_FUTURE,0,0,PRESENT_AND_FUTURE,PRESENT_AND_FUTURE,0,0,0,PRESENT_AND_FUTURE,0,PRESENT_AND_FUTURE,0,0,0,0,0,0,0,0,0,0,0,0,PRESENT_AND_FUTURE,0,0,0,0,0,PRESENT_AND_FUTURE,0,0,PRESENT_AND_FUTURE,0,0,0,0,PRESENT_AND_FUTURE,0,0,0,0,PRESENT_AND_FUTURE,0,0,0,0,PRESENT_AND_FUTURE,PRESENT_AND_FUTURE,0,0,0,0,0,0,0,0,0,0,PRESENT_AND_FUTURE,0,0,0,0,0,0,0,0,0,0,0,0,0,0,0,0,0,0,0,Las Gallinas Valley Sanitary District Sewage Treatment Plant,CA0037851,CA,CA0037851,1175347
06002109001,0,0,0,0,0,PRESENT_AND_FUTURE,0,0,0,PRESENT_AND_FUTURE,PRESENT_AND_FUTURE,0,0,PRESENT_AND_FUTURE,0,PRESENT_AND_FUTURE,0,0,0,0,0,0,0,0,0,0,PRESENT_AND_FUTURE,0,PRESENT_AND_FUTURE,0,0,0,0,0,PRESENT_AND_FUTURE,0,0,0,0,0,0,0,PRESENT_AND_FUTURE,0,0,0,0,0,0,0,0,0,PRESENT_AND_FUTURE,0,0,0,0,0,0,0,0,0,0,0,PRESENT_AND_FUTURE,0,0,0,0,0,0,0,0,0,0,0,0,0,0,0,0,0,0,0,Livermore WRP,CA0038008,CA,CA0038008,1175348
06002118001,0,0,PRESENT_AND_FUTURE,PRESENT_AND_FUTURE,0,PRESENT_AND_FUTURE,0,0,PRESENT_AND_FUTURE,PRESENT_AND_FUTURE,0,0,0,PRESENT_AND_FUTURE,0,PRESENT_AND_FUTURE,0,PRESENT_AND_FUTURE,0,0,0,0,0,0,0,0,0,0,PRESENT_AND_FUTURE,0,0,0,0,0,0,0,0,0,0,0,0,0,0,0,0,PRESENT_AND_FUTURE,0,PRESENT_AND_FUTURE,0,0,PRESENT_AND_FUTURE,0,0,PRESENT_AND_FUTURE,0,PRESENT_AND_FUTURE,0,0,0,0,0,0,0,0,0,0,0,0,0,0,0,0,0,0,0,0,0,0,0,0,0,0,0,0,Ellis Creek WRF,CA0037810,CA,CA0037810,1175353
06002120001,0,0,0,0,0,PRESENT_AND_FUTURE,0,0,0,PRESENT_AND_FUTURE,PRESENT_AND_FUTURE,0,0,PRESENT_AND_FUTURE,0,PRESENT_AND_FUTURE,0,0,0,0,0,0,0,0,0,0,PRESENT_AND_FUTURE,0,PRESENT_AND_FUTURE,0,0,0,0,0,0,0,0,PRESENT_AND_FUTURE,0,0,0,0,PRESENT_AND_FUTURE,0,0,0,0,0,0,0,0,0,PRESENT_AND_FUTURE,0,0,PRESENT_AND_FUTURE,0,0,0,0,0,0,0,0,0,0,0,0,0,0,0,0,0,0,0,0,0,0,0,0,0,0,0,0,Pinole-Hercules Water Pollution Control Plant,CA0037796,CA,CA0037796,1175354
06002123001,0,0,0,PRESENT_AND_FUTURE,0,PRESENT_AND_FUTURE,0,0,0,PRESENT_AND_FUTURE,0,0,0,PRESENT_AND_FUTURE,0,PRESENT_AND_FUTURE,0,PRESENT_AND_FUTURE,0,0,0,0,0,0,0,0,0,0,PRESENT_AND_FUTURE,0,0,0,0,0,PRESENT_AND_FUTURE,0,0,0,0,0,0,0,PRESENT_AND_FUTURE,0,0,0,0,PRESENT_AND_FUTURE,0,0,0,0,0,0,0,PRESENT_AND_FUTURE,0,0,0,0,0,0,0,0,PRESENT_AND_FUTURE,0,0,0,0,0,0,0,0,0,0,0,0,0,0,0,0,0,0,0,S.F. International Airport WQCP,CA0038318,CA,CA0038318,1175357
06002125001,0,0,0,0,0,PRESENT_AND_FUTURE,0,PRESENT_AND_FUTURE,0,PRESENT_AND_FUTURE,0,0,0,PRESENT_AND_FUTURE,0,PRESENT_AND_FUTURE,0,0,0,0,0,0,0,0,0,0,PRESENT_AND_FUTURE,0,0,0,0,0,0,0,PRESENT_AND_FUTURE,0,0,0,0,0,0,0,PRESENT_AND_FUTURE,0,0,0,0,PRESENT_AND_FUTURE,PRESENT_AND_FUTURE,0,0,0,PRESENT_AND_FUTURE,PRESENT_AND_FUTURE,0,PRESENT_AND_FUTURE,0,0,0,0,0,0,0,0,PRESENT_AND_FUTURE,0,0,0,0,0,0,0,0,0,0,0,0,0,0,0,0,0,0,0,S BAYSIDE WWTP,CA0038369,CA,CA0038369,1175358
06002127001,0,0,0,0,0,PRESENT_AND_FUTURE,0,0,0,PRESENT_AND_FUTURE,0,0,0,PRESENT_AND_FUTURE,0,PRESENT_AND_FUTURE,0,PRESENT_AND_FUTURE,0,0,0,0,0,0,0,0,0,0,PRESENT_AND_FUTURE,0,0,0,0,0,0,0,0,0,0,0,0,0,PRESENT_AND_FUTURE,0,0,0,0,PRESENT_AND_FUTURE,0,0,PRESENT_AND_FUTURE,0,0,PRESENT_AND_FUTURE,0,PRESENT_AND_FUTURE,0,0,0,0,0,0,0,0,0,0,0,0,0,0,0,0,0,0,0,0,0,0,0,0,0,0,0,0,YOUNTVILLE-VETERANS WWTF,CA0038121,CA,CA0038121,1175359
06003003001,0,0,0,0,0,0,0,0,0,PRESENT_AND_FUTURE,0,0,0,PRESENT_AND_FUTURE,0,PRESENT_AND_FUTURE,0,PRESENT_AND_FUTURE,0,0,0,PRESENT_AND_FUTURE,0,0,0,0,0,0,0,0,0,0,0,0,0,0,0,0,0,0,0,0,0,0,0,0,0,PRESENT_AND_FUTURE,0,0,PRESENT_AND_FUTURE,0,0,0,0,0,0,0,0,0,0,0,0,0,0,0,0,0,0,0,0,0,0,0,0,0,0,0,0,0,0,0,0,0,Lake Cachuma County Park WWTF,NO. R3-2002-0012,CA,,1175374
06003004001,0,0,PRESENT_AND_FUTURE,0,0,PRESENT_AND_FUTURE,0,0,PRESENT_AND_FUTURE,PRESENT_AND_FUTURE,0,0,0,PRESENT_AND_FUTURE,0,0,0,PRESENT_AND_FUTURE,0,0,PRESENT_AND_FUTURE,0,0,0,0,0,0,0,PRESENT_AND_FUTURE,0,0,0,0,0,0,0,0,PRESENT_AND_FUTURE,0,0,0,0,PRESENT_AND_FUTURE,0,0,0,0,0,0,0,PRESENT_AND_FUTURE,0,PRESENT_AND_FUTURE,PRESENT_AND_FUTURE,0,0,0,0,0,0,0,0,0,0,0,0,0,0,0,0,0,0,0,0,0,0,0,0,0,0,0,0,0,0,San Luis Obispo WRF,CA0049224,CA,CA0049224,1175375
06003005001,0,0,PRESENT_AND_FUTURE,0,0,0,0,0,PRESENT_AND_FUTURE,PRESENT_AND_FUTURE,0,0,0,PRESENT_AND_FUTURE,0,PRESENT_AND_FUTURE,0,PRESENT_AND_FUTURE,0,0,0,0,0,0,0,0,0,0,0,0,0,0,0,0,0,0,0,0,0,0,0,0,0,0,0,0,0,PRESENT_AND_FUTURE,0,0,0,0,0,PRESENT_AND_FUTURE,0,0,0,0,0,0,0,0,0,0,0,0,0,0,0,0,0,0,0,0,0,0,0,0,0,0,0,0,0,0,ATASCADERO WWTF,CAL010561,CA,CAL010561,1175376
06003008001,0,0,0,0,0,0,0,0,0,PRESENT_AND_FUTURE,0,0,0,PRESENT_AND_FUTURE,0,PRESENT_AND_FUTURE,0,0,0,0,PRESENT_AND_FUTURE,0,0,0,0,0,0,0,PRESENT_AND_FUTURE,0,0,0,0,0,0,0,0,0,0,0,0,0,PRESENT_AND_FUTURE,0,0,0,0,PRESENT_AND_FUTURE,0,0,0,0,0,0,0,PRESENT_AND_FUTURE,0,0,0,PRESENT_AND_FUTURE,0,0,0,0,0,0,0,0,0,0,0,0,0,0,0,0,0,0,0,0,0,0,0,0,SCOTTS VALLEY WWTF,CA0048828,CA,CA0048828,1175377
06003010001,0,0,0,0,0,PRESENT_AND_FUTURE,0,0,0,PRESENT_AND_FUTURE,PRESENT_AND_FUTURE,0,0,PRESENT_AND_FUTURE,0,0,0,0,0,0,0,0,0,0,0,0,0,0,PRESENT_AND_FUTURE,0,0,0,0,0,0,0,0,0,0,0,0,0,PRESENT_AND_FUTURE,0,0,0,0,PRESENT_AND_FUTURE,PRESENT_AND_FUTURE,0,0,0,PRESENT_AND_FUTURE,PRESENT_AND_FUTURE,0,PRESENT_AND_FUTURE,0,0,0,0,0,PRESENT_AND_FUTURE,0,0,0,0,0,0,0,0,0,0,0,0,0,0,0,0,0,0,0,0,0,0,SANTA CRUZ WWTF,CA0048194,CA,CA0048194,1175379
06003012001,0,0,0,0,0,PRESENT_AND_FUTURE,0,0,0,PRESENT_AND_FUTURE,0,0,0,PRESENT_AND_FUTURE,0,0,0,PRESENT_AND_FUTURE,0,0,0,0,0,0,0,0,0,0,PRESENT_AND_FUTURE,0,0,0,0,0,0,0,0,0,0,0,0,0,PRESENT_AND_FUTURE,0,0,0,0,PRESENT_AND_FUTURE,PRESENT_AND_FUTURE,0,0,0,0,PRESENT_AND_FUTURE,0,PRESENT_AND_FUTURE,0,0,0,0,0,0,0,0,0,0,0,0,0,0,0,0,0,0,0,0,0,0,0,0,0,0,0,0,Monterey One Water (Regional WWTP and Advanced Water Purification Facility),CA0048551,CA,CA0048551,1175381
06003014001,0,0,0,0,0,PRESENT_AND_FUTURE,0,0,0,PRESENT_AND_FUTURE,0,0,0,PRESENT_AND_FUTURE,0,PRESENT_AND_FUTURE,0,PRESENT_AND_FUTURE,0,0,0,PRESENT_AND_FUTURE,0,0,0,0,0,0,PRESENT_AND_FUTURE,0,0,0,0,0,0,0,0,0,0,0,0,0,0,0,0,0,0,PRESENT_AND_FUTURE,0,0,0,0,PRESENT_AND_FUTURE,PRESENT_AND_FUTURE,0,0,0,0,0,0,0,0,0,0,0,0,0,0,0,0,0,0,0,0,0,0,0,0,0,0,0,0,0,0,Morro Bay Cayucos WWTF,CA0047881,CA,CA0047881,1175382
06003017001,0,0,0,PRESENT_AND_FUTURE,0,PRESENT_AND_FUTURE,0,0,0,PRESENT_AND_FUTURE,0,0,0,PRESENT_AND_FUTURE,0,PRESENT_AND_FUTURE,0,PRESENT_AND_FUTURE,0,0,0,0,0,0,0,0,PRESENT_AND_FUTURE,0,PRESENT_AND_FUTURE,0,0,0,0,0,0,0,0,0,0,0,0,0,PRESENT_AND_FUTURE,0,0,0,0,PRESENT_AND_FUTURE,0,0,PRESENT_AND_FUTURE,0,PRESENT_AND_FUTURE,0,0,PRESENT_AND_FUTURE,0,0,0,0,0,0,0,0,0,0,0,0,0,0,0,0,0,0,0,0,0,0,0,0,0,0,0,0,Carmel Area Wastewater Treatment Plant,CA0047996,CA,CA0047996,1238812
06003019001,0,0,0,0,0,0,0,0,0,0,0,0,0,0,0,PRESENT_AND_FUTURE,0,0,0,0,0,0,0,0,0,0,0,0,0,0,0,0,0,0,0,0,0,0,0,0,0,0,0,0,0,0,0,PRESENT_AND_FUTURE,0,0,0,0,0,0,0,0,0,0,0,0,0,0,0,0,0,0,0,0,0,0,0,0,0,0,0,0,0,0,0,0,0,0,0,0,CHUALAR TREATMENT PONDS,CA0049981,CA,CA0049981,1175386
06003021001,0,0,0,0,0,0,0,0,PRESENT_AND_FUTURE,PRESENT_AND_FUTURE,0,0,0,PRESENT_AND_FUTURE,0,PRESENT_AND_FUTURE,0,PRESENT_AND_FUTURE,0,0,0,0,0,0,0,0,0,0,PRESENT_AND_FUTURE,0,0,0,0,0,0,0,0,0,0,0,0,0,PRESENT_AND_FUTURE,0,0,0,0,PRESENT_AND_FUTURE,0,0,0,0,0,PRESENT_AND_FUTURE,0,0,0,0,0,0,0,0,0,0,0,0,0,0,0,0,0,0,0,0,0,0,0,0,0,0,0,0,0,0,Goleta Sanitary District Water Resource Recovery Facility,CA0048160,CA,CA0048160,1175388
06003022001,0,0,0,PRESENT_AND_FUTURE,0,0,0,0,0,PRESENT_AND_FUTURE,0,0,0,0,0,PRESENT_AND_FUTURE,0,PRESENT_AND_FUTURE,0,0,0,0,0,0,0,0,0,0,PRESENT_AND_FUTURE,0,0,0,0,0,0,0,0,0,0,0,0,0,PRESENT_AND_FUTURE,0,0,0,0,PRESENT_AND_FUTURE,0,0,0,0,0,0,0,0,0,0,0,0,0,0,0,0,0,0,0,0,0,0,0,0,0,0,0,0,0,0,0,0,0,0,0,0,GREENFIELD WWTF,R3-2002-0062,CA,,1175389
06003027001,0,0,0,0,0,PRESENT_AND_FUTURE,0,0,0,PRESENT_AND_FUTURE,0,0,0,PRESENT_AND_FUTURE,0,0,0,PRESENT_AND_FUTURE,0,0,0,0,0,0,0,0,0,0,0,0,0,0,0,0,0,0,0,0,0,0,0,0,0,0,0,0,0,PRESENT_AND_FUTURE,0,0,PRESENT_AND_FUTURE,0,0,PRESENT_AND_FUTURE,0,0,0,0,0,0,0,0,0,0,0,0,0,0,0,0,0,0,0,0,0,0,0,0,0,0,0,0,0,0,PASO ROBLES WWTP,CA0047953,CA,CA0047953,1175394
06003028001,0,0,0,0,0,PRESENT_AND_FUTURE,0,0,PRESENT_AND_FUTURE,PRESENT_AND_FUTURE,0,0,0,PRESENT_AND_FUTURE,0,PRESENT_AND_FUTURE,0,PRESENT_AND_FUTURE,0,0,0,0,0,0,0,0,0,0,PRESENT_AND_FUTURE,0,0,0,0,0,0,0,0,0,0,0,0,0,0,0,0,0,0,PRESENT_AND_FUTURE,0,0,0,0,0,0,0,PRESENT_AND_FUTURE,0,0,0,0,0,0,0,0,0,0,0,0,0,0,0,0,0,0,0,0,0,0,0,0,0,0,0,0,"Pismo Beach, City of (Collection & WWTF)",2006-0003-DWQ,CA,CA0048151,1175395
06003030001,0,0,0,PRESENT_AND_FUTURE,0,0,0,0,0,0,0,0,0,PRESENT_AND_FUTURE,0,PRESENT_AND_FUTURE,0,0,0,0,0,PRESENT_AND_FUTURE,0,0,0,0,0,0,0,0,0,PRESENT_AND_FUTURE,0,0,0,0,0,0,0,0,0,0,0,0,0,0,0,PRESENT_AND_FUTURE,0,0,PRESENT_AND_FUTURE,0,0,0,0,0,0,0,0,0,0,0,0,0,0,0,0,0,0,0,0,0,0,0,0,0,0,0,0,0,0,0,0,0,Cambria WQCP,ORDER NO. R3-2019-00,CA,CAL010562,1175398
06003035001,0,0,0,0,0,0,0,0,0,0,0,0,0,PRESENT_AND_FUTURE,0,PRESENT_AND_FUTURE,0,0,0,0,0,0,0,0,0,0,0,0,0,0,0,0,0,0,0,0,0,0,0,0,0,0,0,0,0,0,0,PRESENT_AND_FUTURE,0,0,0,0,0,0,0,0,0,0,0,0,0,0,0,0,0,0,0,0,0,0,0,0,0,0,0,0,0,0,0,0,0,0,0,0,SAN MIGUEL STP,CAC407893,CA,CAC407893,1238813
06003036001,0,0,0,0,0,PRESENT_AND_FUTURE,0,0,0,PRESENT_AND_FUTURE,0,0,0,PRESENT_AND_FUTURE,0,PRESENT_AND_FUTURE,0,PRESENT_AND_FUTURE,0,0,0,PRESENT_AND_FUTURE,0,0,0,0,0,0,0,0,0,0,0,0,0,0,0,0,0,0,0,0,0,0,0,0,0,PRESENT_AND_FUTURE,0,0,0,0,0,0,0,0,0,0,0,0,0,0,0,0,0,0,0,0,0,0,0,0,0,0,0,0,0,0,0,0,0,0,0,0,SAN SIMEON ACRES WWTF,CA0047961,CA,CA0047961,1175401
06003037001,0,0,0,0,0,PRESENT_AND_FUTURE,0,0,0,PRESENT_AND_FUTURE,0,0,0,PRESENT_AND_FUTURE,0,PRESENT_AND_FUTURE,0,0,0,0,0,0,0,0,0,0,0,0,PRESENT_AND_FUTURE,0,0,0,0,0,PRESENT_AND_FUTURE,0,0,0,0,0,0,0,PRESENT_AND_FUTURE,0,0,0,0,PRESENT_AND_FUTURE,PRESENT_AND_FUTURE,0,0,0,PRESENT_AND_FUTURE,0,0,PRESENT_AND_FUTURE,0,0,0,0,0,0,0,0,PRESENT_AND_FUTURE,0,0,0,0,0,0,0,0,0,0,0,0,0,0,0,0,0,0,0,El Estero Wastewater Treatment Facility,CA0048143,CA,CA0048143,1175402
06003040001,0,0,0,0,0,PRESENT_AND_FUTURE,0,0,0,PRESENT_AND_FUTURE,0,0,0,0,0,0,0,PRESENT_AND_FUTURE,0,0,0,0,0,0,0,0,0,0,PRESENT_AND_FUTURE,0,0,0,0,0,0,0,0,0,0,0,0,0,PRESENT_AND_FUTURE,0,0,0,0,PRESENT_AND_FUTURE,0,0,PRESENT_AND_FUTURE,0,PRESENT_AND_FUTURE,PRESENT_AND_FUTURE,0,0,0,0,0,0,0,0,0,0,0,0,0,0,0,0,0,0,0,0,0,0,0,0,0,0,0,0,0,0,SANTA MARIA WWTF,R3-2010-0001,CA,,1175407
06003042001,0,0,0,0,0,PRESENT_AND_FUTURE,0,0,0,PRESENT_AND_FUTURE,0,0,0,0,0,PRESENT_AND_FUTURE,0,PRESENT_AND_FUTURE,0,0,0,PRESENT_AND_FUTURE,0,0,0,0,0,0,0,0,0,0,0,0,0,0,0,0,0,0,0,0,PRESENT_AND_FUTURE,0,0,0,0,PRESENT_AND_FUTURE,0,0,0,0,0,PRESENT_AND_FUTURE,0,0,0,0,0,0,0,0,0,0,0,0,0,0,0,0,0,0,0,0,0,0,0,0,0,0,0,0,0,0,Summerland WWTP,R3-03-012,CA,CA0048054,1175409
06003044001,0,0,0,0,0,PRESENT_AND_FUTURE,0,PRESENT_AND_FUTURE,0,PRESENT_AND_FUTURE,0,0,0,PRESENT_AND_FUTURE,0,PRESENT_AND_FUTURE,0,0,0,0,0,0,0,0,0,0,0,0,PRESENT_AND_FUTURE,0,0,0,0,0,PRESENT_AND_FUTURE,0,0,0,0,0,0,0,PRESENT_AND_FUTURE,0,0,0,0,PRESENT_AND_FUTURE,PRESENT_AND_FUTURE,0,0,0,PRESENT_AND_FUTURE,PRESENT_AND_FUTURE,0,0,0,0,0,0,0,0,0,0,PRESENT_AND_FUTURE,0,0,0,0,0,0,0,0,0,0,0,0,0,0,0,0,0,0,0,Watsonville WWTF,CA0048216,CA,CA0048216,1175412
06003046001,0,0,0,0,0,PRESENT_AND_FUTURE,0,0,0,0,0,0,0,0,0,PRESENT_AND_FUTURE,0,0,0,0,0,PRESENT_AND_FUTURE,0,0,0,0,0,0,0,0,0,0,0,0,0,0,0,0,0,0,0,0,0,0,0,0,0,PRESENT_AND_FUTURE,0,0,0,0,0,0,0,0,0,0,0,0,0,0,PRESENT_AND_FUTURE,0,0,0,0,0,0,0,0,0,0,0,0,0,0,0,0,0,0,0,0,0,Pfeiffer Big Sur WWTF,NO.98-62,CA,,1175414
06003047001,0,0,PRESENT_AND_FUTURE,0,0,0,0,0,0,0,0,0,0,PRESENT_AND_FUTURE,0,0,0,PRESENT_AND_FUTURE,0,0,0,0,0,0,0,0,0,0,0,0,0,PRESENT_AND_FUTURE,0,0,0,0,0,0,0,0,0,0,PRESENT_AND_FUTURE,0,0,0,0,PRESENT_AND_FUTURE,0,0,0,0,0,PRESENT_AND_FUTURE,0,0,0,0,0,0,0,0,0,0,0,0,0,0,0,0,0,0,0,0,0,0,0,0,0,0,0,0,0,0,SAN JUAN BAUTISTA WWTF,CA0047902,CA,CA0047902,1175415
06003049001,0,0,PRESENT_AND_FUTURE,0,0,PRESENT_AND_FUTURE,0,0,PRESENT_AND_FUTURE,PRESENT_AND_FUTURE,0,0,0,PRESENT_AND_FUTURE,0,PRESENT_AND_FUTURE,0,PRESENT_AND_FUTURE,0,0,0,0,0,0,0,0,0,0,PRESENT_AND_FUTURE,0,0,0,0,0,0,0,0,0,0,0,0,0,PRESENT_AND_FUTURE,0,0,0,0,PRESENT_AND_FUTURE,0,0,PRESENT_AND_FUTURE,0,0,PRESENT_AND_FUTURE,0,0,0,0,0,0,0,0,0,0,0,0,0,0,0,0,0,0,0,0,0,0,0,0,0,0,0,0,0,0,Laguna CSD WWTF,R3-2011-0217,CA,,1175417
06003050001,0,0,0,0,0,PRESENT_AND_FUTURE,0,0,PRESENT_AND_FUTURE,PRESENT_AND_FUTURE,0,0,0,PRESENT_AND_FUTURE,0,PRESENT_AND_FUTURE,0,0,0,0,PRESENT_AND_FUTURE,0,0,0,0,0,0,0,PRESENT_AND_FUTURE,0,0,0,0,0,0,0,0,PRESENT_AND_FUTURE,0,0,0,0,PRESENT_AND_FUTURE,0,0,0,0,PRESENT_AND_FUTURE,0,0,0,0,PRESENT_AND_FUTURE,PRESENT_AND_FUTURE,0,PRESENT_AND_FUTURE,0,0,0,0,0,0,0,0,0,0,0,0,0,0,0,0,0,0,0,0,0,0,0,0,0,0,0,0,City of Lompoc WWTP,2006-0003-DWQ,CA,CA0048127,1175418
06003053001,0,0,0,PRESENT_AND_FUTURE,0,0,0,0,0,PRESENT_AND_FUTURE,0,0,0,0,0,PRESENT_AND_FUTURE,0,PRESENT_AND_FUTURE,0,0,0,PRESENT_AND_FUTURE,0,0,0,0,0,0,0,0,0,0,0,0,0,0,0,0,0,0,0,0,0,0,0,0,0,PRESENT_AND_FUTURE,0,0,0,0,0,0,0,PRESENT_AND_FUTURE,0,0,0,0,0,0,0,0,0,0,0,0,0,0,0,0,0,0,0,0,0,0,0,0,0,0,0,0,MONTECITO WWTF,CA0047899,CA,CA0047899,1175421
06003054002,0,0,0,PRESENT_AND_FUTURE,0,0,0,0,0,PRESENT_AND_FUTURE,0,0,0,PRESENT_AND_FUTURE,0,0,0,0,0,0,0,PRESENT_AND_FUTURE,0,0,0,0,0,0,0,0,0,0,0,0,0,0,0,0,0,0,0,0,0,0,0,0,0,0,0,0,0,0,0,0,0,0,0,0,0,0,0,0,0,0,0,0,0,0,0,0,0,0,0,0,0,0,0,0,0,0,0,0,0,0,BEAR CREEK ESTATES WWTF,R3-00-043,CA,,1175423
06003058001,0,0,0,0,0,0,0,0,0,0,0,0,0,PRESENT_AND_FUTURE,0,PRESENT_AND_FUTURE,0,0,0,0,0,0,0,0,0,0,0,0,0,0,0,0,0,0,0,0,0,0,0,0,0,0,PRESENT_AND_FUTURE,0,0,0,0,PRESENT_AND_FUTURE,0,0,0,0,0,0,0,0,0,0,0,0,0,0,0,0,0,0,0,0,0,0,0,0,0,0,0,0,0,0,0,0,0,0,0,0,AVILA BEACH WWTF,CA0047830,CA,CA0047830,1175426
06003060001,0,0,0,0,0,0,0,0,0,PRESENT_AND_FUTURE,0,0,0,0,0,PRESENT_AND_FUTURE,0,0,0,0,0,0,0,0,0,0,0,0,PRESENT_AND_FUTURE,0,0,0,0,0,0,0,0,0,0,0,0,0,0,0,0,0,0,PRESENT_AND_FUTURE,0,0,0,0,0,0,0,0,0,0,0,0,0,0,0,0,0,0,0,0,0,0,0,0,0,0,0,0,0,0,0,0,0,0,0,0,South County Regional Wastewater Treatment and Reclamation Facility,CA0049964,CA,CA0049964,1175427
06003061001,0,0,0,0,0,PRESENT_AND_FUTURE,0,0,0,PRESENT_AND_FUTURE,0,0,0,PRESENT_AND_FUTURE,0,0,0,PRESENT_AND_FUTURE,0,0,0,0,0,0,0,0,0,0,PRESENT_AND_FUTURE,0,0,0,0,0,0,0,0,0,PRESENT_AND_FUTURE,0,0,0,PRESENT_AND_FUTURE,0,0,0,0,PRESENT_AND_FUTURE,0,0,0,0,0,0,0,0,0,0,0,0,0,0,0,0,0,0,0,0,0,0,0,0,0,0,0,0,0,0,0,0,0,0,0,0,Carpinteria WWTF,CA0047364,CA,CA0047364,1175428
06003063001,0,0,PRESENT_AND_FUTURE,0,0,0,0,0,0,0,0,0,0,0,0,0,0,0,0,0,0,0,0,0,0,0,0,0,0,0,0,0,0,0,0,0,0,0,0,0,0,0,0,0,0,0,0,PRESENT_AND_FUTURE,0,0,0,0,0,0,0,0,0,0,0,0,0,0,0,0,0,0,0,0,0,0,0,0,0,0,0,0,0,0,0,0,0,0,0,0,Hollister Domestic WWTP,NO. R3-2008-0069,CA,,1175430
06003068001,0,0,0,0,0,PRESENT_AND_FUTURE,0,0,0,PRESENT_AND_FUTURE,0,0,0,PRESENT_AND_FUTURE,0,PRESENT_AND_FUTURE,0,PRESENT_AND_FUTURE,0,0,0,0,0,0,0,0,0,0,0,0,0,0,0,0,0,0,0,0,0,0,0,0,PRESENT_AND_FUTURE,0,0,0,0,PRESENT_AND_FUTURE,0,0,0,0,0,PRESENT_AND_FUTURE,0,0,0,0,0,0,0,0,0,0,0,0,0,0,0,0,0,0,0,0,0,0,0,0,0,0,0,0,0,0,CUYAMA WWTF,CA0048089,CA,CA0048089,1175436
06003070001,0,0,0,PRESENT_AND_FUTURE,0,0,0,0,0,PRESENT_AND_FUTURE,0,0,0,0,0,PRESENT_AND_FUTURE,0,PRESENT_AND_FUTURE,0,0,0,0,0,0,0,0,0,0,0,0,0,0,0,0,0,0,0,0,0,0,0,0,PRESENT_AND_FUTURE,0,0,0,0,PRESENT_AND_FUTURE,0,0,PRESENT_AND_FUTURE,0,0,0,0,0,0,0,0,0,0,0,0,0,0,0,0,0,0,0,0,0,0,0,0,0,0,0,0,0,0,0,0,0,GONZALES WWTF,CAS000002,CA,,1175438
06003072001,0,0,PRESENT_AND_FUTURE,0,0,PRESENT_AND_FUTURE,0,0,0,PRESENT_AND_FUTURE,0,0,0,PRESENT_AND_FUTURE,0,PRESENT_AND_FUTURE,0,PRESENT_AND_FUTURE,0,0,0,0,0,0,0,0,0,0,PRESENT_AND_FUTURE,0,0,0,0,0,0,0,0,0,0,0,0,0,PRESENT_AND_FUTURE,0,0,0,0,PRESENT_AND_FUTURE,0,0,PRESENT_AND_FUTURE,0,0,0,0,0,0,0,0,0,0,0,0,0,0,0,0,0,0,0,0,0,0,0,0,0,0,0,0,0,0,0,0,0,GUADALUPE WWTF,2006-0003-DWQ,CA,,1175440
06003081001,0,0,0,0,0,PRESENT_AND_FUTURE,0,0,PRESENT_AND_FUTURE,PRESENT_AND_FUTURE,PRESENT_AND_FUTURE,0,0,PRESENT_AND_FUTURE,0,0,0,0,0,0,0,0,0,0,0,0,0,0,PRESENT_AND_FUTURE,0,0,0,0,0,0,0,0,0,0,0,0,0,PRESENT_AND_FUTURE,0,0,0,0,PRESENT_AND_FUTURE,0,0,0,0,PRESENT_AND_FUTURE,0,0,PRESENT_AND_FUTURE,0,0,0,0,0,0,0,0,0,0,0,0,0,0,0,0,0,0,0,0,0,0,0,0,0,0,0,0,SO SAN LUIS OB CO WWTF,CA0048003,CA,CA0048003,1175445
06003083001,0,0,0,0,0,0,0,0,0,0,0,0,0,PRESENT_AND_FUTURE,0,0,0,0,0,0,0,0,0,0,0,0,0,0,0,0,0,0,0,0,0,0,0,0,0,0,0,0,0,0,0,0,0,PRESENT_AND_FUTURE,0,0,PRESENT_AND_FUTURE,0,0,0,0,0,0,0,0,0,0,0,0,0,0,0,0,0,0,0,0,0,0,0,0,0,0,0,0,0,0,0,0,0,TRES PINOS WWTF,2014-0153-DWQ,CA,,1175446
06004002001,0,0,0,0,0,PRESENT_AND_FUTURE,0,0,0,PRESENT_AND_FUTURE,0,0,0,PRESENT_AND_FUTURE,0,PRESENT_AND_FUTURE,0,PRESENT_AND_FUTURE,0,0,PRESENT_AND_FUTURE,0,0,0,0,0,0,0,0,0,0,0,0,0,0,0,0,0,0,0,0,0,PRESENT_AND_FUTURE,0,0,PRESENT_AND_FUTURE,0,PRESENT_AND_FUTURE,0,0,PRESENT_AND_FUTURE,0,0,PRESENT_AND_FUTURE,0,0,0,0,0,0,0,0,0,0,0,0,0,0,0,0,0,0,0,0,0,0,0,0,0,0,0,0,0,0,OJAI VALLEY SD WWTF,CA0053961,CA,CA0053961,1175457
06004003001,0,0,0,0,0,PRESENT_AND_FUTURE,0,PRESENT_AND_FUTURE,PRESENT_AND_FUTURE,PRESENT_AND_FUTURE,PRESENT_AND_FUTURE,0,0,PRESENT_AND_FUTURE,0,PRESENT_AND_FUTURE,0,0,0,0,0,0,0,0,0,0,0,0,PRESENT_AND_FUTURE,0,0,0,0,0,PRESENT_AND_FUTURE,0,0,0,0,0,0,0,PRESENT_AND_FUTURE,0,0,0,0,PRESENT_AND_FUTURE,PRESENT_AND_FUTURE,0,PRESENT_AND_FUTURE,0,0,PRESENT_AND_FUTURE,0,PRESENT_AND_FUTURE,0,0,0,0,0,0,0,0,PRESENT_AND_FUTURE,0,0,0,0,0,0,0,0,0,0,0,0,0,0,0,0,0,0,0,Simi Valley WWTP,CA0055221,CA,CA0055221,1175458
06004006001,0,0,0,0,0,PRESENT_AND_FUTURE,0,PRESENT_AND_FUTURE,0,PRESENT_AND_FUTURE,0,0,0,PRESENT_AND_FUTURE,0,0,0,0,0,0,PRESENT_AND_FUTURE,0,0,0,0,0,PRESENT_AND_FUTURE,0,PRESENT_AND_FUTURE,0,0,0,0,0,PRESENT_AND_FUTURE,0,0,0,0,0,0,0,PRESENT_AND_FUTURE,0,0,0,0,PRESENT_AND_FUTURE,0,0,PRESENT_AND_FUTURE,0,PRESENT_AND_FUTURE,PRESENT_AND_FUTURE,0,PRESENT_AND_FUTURE,PRESENT_AND_FUTURE,0,0,0,0,0,0,0,PRESENT_AND_FUTURE,0,0,0,0,0,0,0,0,0,0,0,0,0,0,0,0,0,0,0,Ventura Water Reclamation Facility,CA0053651,CA,CA0053651,1175461
06004007001,0,0,0,0,PRESENT_AND_FUTURE,PRESENT_AND_FUTURE,0,PRESENT_AND_FUTURE,PRESENT_AND_FUTURE,PRESENT_AND_FUTURE,0,0,0,PRESENT_AND_FUTURE,PRESENT_AND_FUTURE,PRESENT_AND_FUTURE,0,0,0,0,0,0,0,0,0,0,PRESENT_AND_FUTURE,0,PRESENT_AND_FUTURE,0,0,0,0,0,0,0,0,0,0,0,0,0,PRESENT_AND_FUTURE,0,0,0,0,PRESENT_AND_FUTURE,PRESENT_AND_FUTURE,0,PRESENT_AND_FUTURE,0,PRESENT_AND_FUTURE,PRESENT_AND_FUTURE,0,PRESENT_AND_FUTURE,0,0,0,0,0,0,0,0,0,0,0,0,0,0,0,0,0,0,0,0,0,0,0,0,0,0,0,0,Hill Canyon WWTP,CA0056294,CA,CA0056294,1175462
06004008010,0,0,0,0,0,0,0,0,0,0,0,0,0,0,0,0,0,0,0,0,0,PRESENT_AND_FUTURE,0,0,0,0,0,0,0,0,0,0,0,0,0,0,0,0,0,0,0,0,0,0,0,0,0,PRESENT_AND_FUTURE,0,0,0,0,0,PRESENT_AND_FUTURE,0,0,0,0,0,0,0,0,PRESENT_AND_FUTURE,0,0,0,0,0,0,0,0,0,0,0,0,0,0,0,0,0,0,0,0,0,MALIBU WWTF,R4-2015-0051,CA,,1175469
06004009001,0,0,0,0,0,PRESENT_AND_FUTURE,0,0,0,PRESENT_AND_FUTURE,PRESENT_AND_FUTURE,0,0,PRESENT_AND_FUTURE,0,0,0,PRESENT_AND_FUTURE,0,0,0,0,0,0,0,0,PRESENT_AND_FUTURE,0,PRESENT_AND_FUTURE,0,0,0,0,PRESENT_AND_FUTURE,0,0,0,0,0,0,0,PRESENT_AND_FUTURE,PRESENT_AND_FUTURE,PRESENT_AND_FUTURE,0,0,0,PRESENT_AND_FUTURE,PRESENT_AND_FUTURE,0,0,0,PRESENT_AND_FUTURE,0,0,0,0,0,0,0,0,0,0,0,0,0,0,0,0,0,0,0,0,0,0,0,0,0,0,0,0,0,0,0,LACSD (Joint Water Pollution Control Plant),CA0053813,CA,CA0053813,1175477
06004009002,0,PRESENT_AND_FUTURE,0,0,0,0,0,PRESENT_AND_FUTURE,0,0,0,0,PRESENT_AND_FUTURE,PRESENT_AND_FUTURE,0,PRESENT_AND_FUTURE,0,0,0,0,0,0,0,0,0,0,0,0,PRESENT_AND_FUTURE,0,0,0,0,0,0,0,0,0,0,0,0,0,PRESENT_AND_FUTURE,0,0,0,0,PRESENT_AND_FUTURE,PRESENT_AND_FUTURE,0,0,0,0,0,0,PRESENT_AND_FUTURE,PRESENT_AND_FUTURE,0,0,0,0,0,0,0,0,0,0,0,0,0,0,0,0,0,0,0,0,0,0,0,0,0,0,0,LACSD (Pomona WRP),CA0053619,CA,CA0053619,1175478
06004009003,0,0,0,0,0,0,0,PRESENT_AND_FUTURE,0,0,0,0,PRESENT_AND_FUTURE,PRESENT_AND_FUTURE,0,0,0,0,0,0,0,0,0,0,0,0,0,0,PRESENT_AND_FUTURE,0,0,0,0,0,0,0,0,0,0,0,0,0,PRESENT_AND_FUTURE,0,0,0,0,PRESENT_AND_FUTURE,0,0,0,0,0,PRESENT_AND_FUTURE,0,PRESENT_AND_FUTURE,PRESENT_AND_FUTURE,0,0,0,0,0,0,0,PRESENT_AND_FUTURE,0,0,0,0,0,0,0,0,0,0,0,0,0,0,0,0,0,0,0,LACSD (San Jose Creek WRP),CA0053911,CA,CA0053911,1175479
06004009004,0,0,0,0,0,0,0,PRESENT_AND_FUTURE,0,0,0,0,PRESENT_AND_FUTURE,PRESENT_AND_FUTURE,0,PRESENT_AND_FUTURE,0,0,0,0,0,0,0,0,0,0,0,0,PRESENT_AND_FUTURE,0,0,0,0,0,0,0,0,0,0,0,0,0,PRESENT_AND_FUTURE,0,0,0,0,PRESENT_AND_FUTURE,PRESENT_AND_FUTURE,0,0,0,0,PRESENT_AND_FUTURE,0,PRESENT_AND_FUTURE,PRESENT_AND_FUTURE,0,0,0,0,0,0,0,0,0,0,0,0,0,0,0,0,0,0,0,0,0,0,0,0,0,0,0,LACSD (Whittier Narrows WRP),CA0053716,CA,CA0053716,1175480
06004009005,0,0,0,0,0,0,0,PRESENT_AND_FUTURE,0,0,0,0,PRESENT_AND_FUTURE,PRESENT_AND_FUTURE,0,0,0,0,0,0,0,0,0,0,0,0,0,0,PRESENT_AND_FUTURE,0,0,0,0,0,0,0,0,0,0,0,0,0,PRESENT_AND_FUTURE,0,0,0,0,PRESENT_AND_FUTURE,PRESENT_AND_FUTURE,0,0,0,0,PRESENT_AND_FUTURE,0,PRESENT_AND_FUTURE,PRESENT_AND_FUTURE,0,0,0,0,0,0,0,0,0,0,0,0,0,0,0,0,0,0,0,0,0,0,0,0,0,0,0,LACSD (Los Coyotes WRP),CA0054011,CA,CA0054011,1175481
06004009006,0,0,0,0,0,0,0,PRESENT_AND_FUTURE,0,0,0,0,PRESENT_AND_FUTURE,PRESENT_AND_FUTURE,0,0,0,0,0,0,0,0,0,0,0,0,0,0,PRESENT_AND_FUTURE,0,0,0,0,0,0,0,0,0,0,PRESENT_AND_FUTURE,0,0,PRESENT_AND_FUTURE,0,0,0,0,PRESENT_AND_FUTURE,PRESENT_AND_FUTURE,0,0,0,0,PRESENT_AND_FUTURE,0,PRESENT_AND_FUTURE,PRESENT_AND_FUTURE,0,0,0,0,0,0,0,0,0,0,0,0,0,0,0,0,0,0,0,0,0,0,0,0,0,0,0,LACSD (Long Beach WRP),CA0054119,CA,CA0054119,1175482
06004009007,0,0,0,0,0,PRESENT_AND_FUTURE,0,0,0,0,0,0,0,PRESENT_AND_FUTURE,0,PRESENT_AND_FUTURE,0,PRESENT_AND_FUTURE,0,0,0,0,0,0,0,0,0,0,PRESENT_AND_FUTURE,0,0,PRESENT_AND_FUTURE,0,0,0,0,0,0,0,0,0,0,PRESENT_AND_FUTURE,0,0,0,0,0,PRESENT_AND_FUTURE,0,0,0,0,PRESENT_AND_FUTURE,0,PRESENT_AND_FUTURE,0,0,0,0,0,0,PRESENT_AND_FUTURE,0,0,0,0,0,0,0,0,0,0,0,0,0,0,0,0,0,0,0,0,0,LACSD (Saugus WRP),CA0054313,CA,CA0054313,1175483
06004009008,0,0,0,0,0,PRESENT_AND_FUTURE,0,PRESENT_AND_FUTURE,0,0,0,0,PRESENT_AND_FUTURE,PRESENT_AND_FUTURE,0,PRESENT_AND_FUTURE,0,PRESENT_AND_FUTURE,0,0,0,0,0,0,0,0,PRESENT_AND_FUTURE,0,PRESENT_AND_FUTURE,0,0,PRESENT_AND_FUTURE,0,0,0,0,0,0,0,0,0,0,PRESENT_AND_FUTURE,0,0,0,0,0,PRESENT_AND_FUTURE,0,0,0,PRESENT_AND_FUTURE,PRESENT_AND_FUTURE,0,PRESENT_AND_FUTURE,PRESENT_AND_FUTURE,0,0,0,0,0,0,0,0,0,0,0,0,0,0,0,0,0,0,0,0,0,0,0,0,0,0,0,LACSD (Valencia WRP),CA0054216,CA,CA0054216,1175484
06004009009,0,0,0,0,PRESENT_AND_FUTURE,PRESENT_AND_FUTURE,0,PRESENT_AND_FUTURE,0,PRESENT_AND_FUTURE,0,0,0,PRESENT_AND_FUTURE,PRESENT_AND_FUTURE,PRESENT_AND_FUTURE,0,PRESENT_AND_FUTURE,0,0,0,0,0,0,0,0,0,0,PRESENT_AND_FUTURE,0,0,PRESENT_AND_FUTURE,0,0,0,0,0,0,0,0,0,0,PRESENT_AND_FUTURE,0,0,0,0,PRESENT_AND_FUTURE,0,0,PRESENT_AND_FUTURE,0,0,PRESENT_AND_FUTURE,0,PRESENT_AND_FUTURE,0,0,0,0,0,0,0,0,0,0,0,0,0,0,0,0,0,0,0,0,0,0,0,0,0,0,0,0,LACSD (Lancaster WRP),R6V-2002-053,CA,,1175485
06004009010,0,0,0,0,0,PRESENT_AND_FUTURE,0,PRESENT_AND_FUTURE,0,PRESENT_AND_FUTURE,0,0,0,PRESENT_AND_FUTURE,0,PRESENT_AND_FUTURE,0,PRESENT_AND_FUTURE,0,0,0,0,0,0,0,0,0,0,PRESENT_AND_FUTURE,0,0,0,0,0,0,0,0,0,0,0,0,0,PRESENT_AND_FUTURE,0,0,0,0,PRESENT_AND_FUTURE,0,0,PRESENT_AND_FUTURE,0,0,0,0,PRESENT_AND_FUTURE,0,0,0,0,0,0,0,0,0,0,0,0,0,0,0,0,0,0,0,0,0,0,0,0,0,0,0,0,LACSD (Palmdale WRP),R6T-2011-0012,CA,,1175486
06004010001,0,0,0,0,0,PRESENT_AND_FUTURE,0,0,0,PRESENT_AND_FUTURE,PRESENT_AND_FUTURE,0,0,PRESENT_AND_FUTURE,0,0,0,0,0,0,0,0,0,0,0,0,PRESENT_AND_FUTURE,0,PRESENT_AND_FUTURE,0,0,0,0,0,0,0,0,0,0,0,0,0,PRESENT_AND_FUTURE,0,0,0,0,PRESENT_AND_FUTURE,PRESENT_AND_FUTURE,0,0,0,PRESENT_AND_FUTURE,0,0,PRESENT_AND_FUTURE,0,0,0,0,0,0,0,0,0,0,0,0,0,0,0,0,0,0,0,0,0,0,0,0,0,0,0,0,Hyperion WRP,CA0109991,CA,CA0109991,1175491
06004010002,0,0,0,0,0,PRESENT_AND_FUTURE,0,0,0,PRESENT_AND_FUTURE,0,0,0,PRESENT_AND_FUTURE,0,0,0,PRESENT_AND_FUTURE,0,0,0,PRESENT_AND_FUTURE,0,0,0,0,0,0,PRESENT_AND_FUTURE,0,0,0,0,0,0,0,0,0,0,0,0,0,PRESENT_AND_FUTURE,0,0,0,0,PRESENT_AND_FUTURE,0,0,0,0,0,PRESENT_AND_FUTURE,0,0,0,0,0,0,0,0,0,0,0,0,0,0,0,0,0,0,0,0,0,0,0,0,0,0,0,0,0,0,Terminal Island WRP,CA0053856,CA,CA0053856,1175492
06004010003,0,0,0,0,PRESENT_AND_FUTURE,0,0,0,0,0,0,0,0,PRESENT_AND_FUTURE,PRESENT_AND_FUTURE,0,0,0,0,0,0,0,0,0,0,0,0,0,0,0,0,0,0,0,0,0,0,0,0,0,0,0,PRESENT_AND_FUTURE,0,0,0,0,PRESENT_AND_FUTURE,PRESENT_AND_FUTURE,0,0,0,0,PRESENT_AND_FUTURE,0,PRESENT_AND_FUTURE,0,0,0,0,0,0,PRESENT_AND_FUTURE,0,0,0,0,0,0,0,0,0,0,0,0,0,0,0,0,0,0,0,0,0,L.A.-Glendale WRP,CA0053953,CA,CA0053953,1175493
06004010004,0,0,0,0,0,0,0,0,0,0,0,0,0,PRESENT_AND_FUTURE,0,0,0,0,0,0,0,0,0,0,0,0,0,0,PRESENT_AND_FUTURE,0,0,0,0,0,0,0,0,0,0,0,0,PRESENT_AND_FUTURE,PRESENT_AND_FUTURE,0,0,0,0,PRESENT_AND_FUTURE,0,0,0,PRESENT_AND_FUTURE,0,PRESENT_AND_FUTURE,0,PRESENT_AND_FUTURE,0,0,0,0,0,0,PRESENT_AND_FUTURE,0,0,0,0,0,0,0,0,0,0,0,0,0,0,0,0,0,0,0,0,0,Tillman WRP,CA0056227,CA,CA0056227,1175494
06004014001,0,0,0,0,0,PRESENT_AND_FUTURE,0,0,PRESENT_AND_FUTURE,PRESENT_AND_FUTURE,0,0,0,PRESENT_AND_FUTURE,0,PRESENT_AND_FUTURE,0,0,0,0,0,0,0,0,0,0,0,0,PRESENT_AND_FUTURE,0,0,0,0,0,0,0,0,0,0,0,0,0,PRESENT_AND_FUTURE,0,0,PRESENT_AND_FUTURE,0,PRESENT_AND_FUTURE,0,0,0,0,0,PRESENT_AND_FUTURE,0,0,0,0,0,0,0,0,0,0,0,0,0,0,0,0,0,0,0,0,0,0,0,0,0,0,0,0,0,0,Moorpark WWTF,CA0063274,CA,CA0063274,1175501
06004016001,0,0,0,PRESENT_AND_FUTURE,0,0,0,0,0,PRESENT_AND_FUTURE,0,0,0,PRESENT_AND_FUTURE,0,0,0,PRESENT_AND_FUTURE,0,0,0,PRESENT_AND_FUTURE,0,0,0,0,0,0,0,0,0,0,0,0,0,0,0,0,0,0,0,0,PRESENT_AND_FUTURE,0,0,0,0,PRESENT_AND_FUTURE,0,0,PRESENT_AND_FUTURE,0,0,0,0,0,0,0,0,0,0,0,0,0,0,0,0,0,0,0,0,0,0,0,0,0,0,0,0,0,0,0,0,0,AVALON WWRF,CA0054372,CA,CA0054372,1175503
06004020001,0,PRESENT_AND_FUTURE,0,PRESENT_AND_FUTURE,0,0,0,0,0,PRESENT_AND_FUTURE,0,0,0,PRESENT_AND_FUTURE,0,0,0,PRESENT_AND_FUTURE,0,0,0,0,0,0,0,0,0,0,0,0,0,0,0,0,0,0,0,0,0,0,0,0,0,0,0,0,0,0,0,0,0,0,0,0,0,PRESENT_AND_FUTURE,0,0,0,0,0,0,0,0,0,0,0,0,0,0,0,0,0,0,0,0,0,0,0,0,0,0,0,0,New Piru WWTF,R4-2009-0027-A02,CA,,1175507
06004022002,0,0,PRESENT_AND_FUTURE,0,0,0,0,0,0,0,0,0,0,PRESENT_AND_FUTURE,0,0,0,0,0,0,0,0,0,0,0,0,0,0,0,0,0,0,0,0,0,0,0,0,0,0,0,0,0,0,0,0,0,PRESENT_AND_FUTURE,0,0,0,0,0,0,0,0,0,0,0,0,0,0,0,0,0,0,0,0,0,0,0,0,0,0,0,0,0,0,0,0,0,0,0,0,NYELAND ACRES WWTF,CA0104451,CA,CA0104451,1175509
06004026001,0,0,0,PRESENT_AND_FUTURE,0,0,0,0,0,0,0,0,0,PRESENT_AND_FUTURE,0,PRESENT_AND_FUTURE,0,0,0,0,0,0,0,0,0,0,PRESENT_AND_FUTURE,0,0,0,0,PRESENT_AND_FUTURE,0,0,0,0,0,0,0,0,0,0,PRESENT_AND_FUTURE,0,0,0,0,PRESENT_AND_FUTURE,0,0,PRESENT_AND_FUTURE,0,PRESENT_AND_FUTURE,PRESENT_AND_FUTURE,0,PRESENT_AND_FUTURE,0,0,0,0,0,0,0,0,0,0,0,0,0,0,0,0,0,0,0,0,0,0,0,0,0,0,0,0,Tapia Water Reclamation Facility,CA0056014,CA,CA0056014,1175512
06004027001,0,0,0,0,0,PRESENT_AND_FUTURE,0,0,0,PRESENT_AND_FUTURE,0,0,0,PRESENT_AND_FUTURE,0,0,0,0,0,0,0,0,0,0,0,0,PRESENT_AND_FUTURE,0,PRESENT_AND_FUTURE,0,0,0,0,0,PRESENT_AND_FUTURE,0,0,0,0,0,0,0,PRESENT_AND_FUTURE,0,0,0,0,PRESENT_AND_FUTURE,0,0,0,0,PRESENT_AND_FUTURE,PRESENT_AND_FUTURE,0,0,0,0,0,0,0,0,0,0,PRESENT_AND_FUTURE,0,0,0,0,0,0,0,0,0,0,0,0,0,0,0,0,0,0,0,Oxnard WWTP,CA0054097,CA,CA0054097,1175513
06004029001,0,0,0,PRESENT_AND_FUTURE,0,PRESENT_AND_FUTURE,0,0,PRESENT_AND_FUTURE,PRESENT_AND_FUTURE,0,0,0,PRESENT_AND_FUTURE,0,PRESENT_AND_FUTURE,0,PRESENT_AND_FUTURE,0,0,0,0,0,0,0,0,0,0,0,0,0,0,0,0,0,0,0,0,0,0,0,0,PRESENT_AND_FUTURE,0,0,0,0,PRESENT_AND_FUTURE,0,0,PRESENT_AND_FUTURE,0,0,PRESENT_AND_FUTURE,0,PRESENT_AND_FUTURE,0,0,0,0,0,0,0,0,0,0,0,0,0,0,0,0,0,0,0,0,0,0,0,0,0,0,0,0,CAMARILLO Water Reclamation Plant,CA0053597,CA,CA0053597,1175514
06004032001,0,0,0,0,0,0,0,PRESENT_AND_FUTURE,0,0,0,0,0,PRESENT_AND_FUTURE,0,PRESENT_AND_FUTURE,0,0,0,0,0,0,0,0,0,0,0,0,0,0,0,0,0,0,0,0,0,0,0,0,0,0,PRESENT_AND_FUTURE,0,0,0,0,PRESENT_AND_FUTURE,0,0,0,PRESENT_AND_FUTURE,0,PRESENT_AND_FUTURE,0,PRESENT_AND_FUTURE,0,0,0,0,0,0,PRESENT_AND_FUTURE,0,0,0,0,0,0,0,0,0,0,0,0,0,0,0,0,0,0,0,0,0,Burbank WRP,CA0055531,CA,CA0055531,1175516
06004044001,0,0,0,0,0,0,0,0,0,PRESENT_AND_FUTURE,0,0,0,PRESENT_AND_FUTURE,0,0,0,0,0,0,0,0,0,0,0,0,0,0,0,0,0,0,0,0,0,0,0,0,0,0,0,0,PRESENT_AND_FUTURE,0,0,0,0,0,0,0,0,0,PRESENT_AND_FUTURE,PRESENT_AND_FUTURE,0,0,0,0,0,0,0,0,0,0,0,0,0,0,0,0,0,0,0,0,0,0,0,0,0,0,0,0,0,0,Santa Paula WRF,R4-97-041,CA,,1175519
06005001001,0,0,0,0,0,PRESENT_AND_FUTURE,0,0,0,PRESENT_AND_FUTURE,0,0,0,PRESENT_AND_FUTURE,0,0,0,PRESENT_AND_FUTURE,0,0,0,PRESENT_AND_FUTURE,0,0,0,0,0,0,0,0,0,0,0,0,0,0,0,0,0,0,0,0,0,0,0,0,0,PRESENT_AND_FUTURE,0,0,PRESENT_AND_FUTURE,0,0,0,0,0,0,0,0,0,0,0,0,0,0,0,0,0,0,0,0,0,0,0,0,0,0,0,0,0,0,0,0,0,OAKDALE WWTF,R5-2012-0063,CA,,1175523
06005004001,0,0,0,0,0,0,0,0,0,0,0,0,0,PRESENT_AND_FUTURE,0,0,0,0,0,0,0,0,0,0,0,0,0,0,0,0,0,0,0,0,0,0,0,0,PRESENT_AND_FUTURE,0,0,0,0,0,0,0,0,PRESENT_AND_FUTURE,PRESENT_AND_FUTURE,0,PRESENT_AND_FUTURE,0,0,0,0,0,0,0,0,0,0,0,0,0,0,0,0,0,0,0,0,0,0,0,0,0,0,0,0,0,0,0,0,0,WOODLAND WWTF,CA0077950,CA,CA0077950,1238814
06005008001,0,0,0,0,0,PRESENT_AND_FUTURE,0,0,0,0,0,0,0,PRESENT_AND_FUTURE,0,PRESENT_AND_FUTURE,0,PRESENT_AND_FUTURE,0,0,0,0,0,0,0,0,0,0,PRESENT_AND_FUTURE,0,0,PRESENT_AND_FUTURE,0,0,0,0,0,0,0,0,0,0,PRESENT_AND_FUTURE,0,0,0,0,PRESENT_AND_FUTURE,0,0,PRESENT_AND_FUTURE,0,0,PRESENT_AND_FUTURE,0,0,0,0,0,0,0,0,0,0,0,0,0,0,0,0,0,0,0,0,0,0,0,0,0,0,0,0,0,0,HANFORD WWTF,Order No. 91-164,CA,,1175528
06005009001,0,0,0,0,0,PRESENT_AND_FUTURE,0,0,0,PRESENT_AND_FUTURE,0,0,0,PRESENT_AND_FUTURE,PRESENT_AND_FUTURE,PRESENT_AND_FUTURE,0,0,0,0,0,0,0,0,PRESENT_AND_FUTURE,0,0,0,PRESENT_AND_FUTURE,0,0,0,0,0,PRESENT_AND_FUTURE,0,0,PRESENT_AND_FUTURE,0,0,0,0,PRESENT_AND_FUTURE,PRESENT_AND_FUTURE,0,0,0,PRESENT_AND_FUTURE,PRESENT_AND_FUTURE,0,0,0,PRESENT_AND_FUTURE,0,0,0,0,0,0,0,0,0,0,0,PRESENT_AND_FUTURE,0,0,FUTURE,0,0,0,0,0,0,0,0,0,0,0,0,0,0,0,0,Sacramento Regional County Sanitation District (Sacramento Regional Treatment Plant),CA0077682,CA,CA0077682,1175529
06005010001,0,0,PRESENT_AND_FUTURE,0,0,PRESENT_AND_FUTURE,0,0,0,PRESENT_AND_FUTURE,0,0,0,PRESENT_AND_FUTURE,0,0,0,PRESENT_AND_FUTURE,0,0,0,0,0,0,0,0,0,0,PRESENT_AND_FUTURE,0,0,0,0,0,0,0,0,0,0,0,0,0,PRESENT_AND_FUTURE,0,0,0,0,PRESENT_AND_FUTURE,0,0,0,0,0,0,0,0,0,0,0,0,0,0,0,0,0,0,0,0,0,0,0,0,0,0,0,0,0,0,0,0,0,0,0,0,Bakersfield WWTP #2,CAL000407,CA,CAL000407,1175530
06005010002,0,0,PRESENT_AND_FUTURE,0,0,PRESENT_AND_FUTURE,0,0,0,PRESENT_AND_FUTURE,0,0,0,PRESENT_AND_FUTURE,0,PRESENT_AND_FUTURE,0,PRESENT_AND_FUTURE,0,0,0,0,0,0,0,0,0,0,PRESENT_AND_FUTURE,0,0,0,0,0,0,0,0,0,0,0,0,0,PRESENT_AND_FUTURE,0,0,PRESENT_AND_FUTURE,0,PRESENT_AND_FUTURE,PRESENT_AND_FUTURE,0,0,0,0,PRESENT_AND_FUTURE,0,0,0,0,0,0,0,0,0,0,0,0,0,0,0,0,0,0,0,0,0,0,0,0,0,0,0,0,0,0,Bakersfield WWTP #3,CAL000476,CA,CAL000476,1175531
06005011001,0,0,PRESENT_AND_FUTURE,0,0,PRESENT_AND_FUTURE,0,0,PRESENT_AND_FUTURE,PRESENT_AND_FUTURE,0,0,0,PRESENT_AND_FUTURE,0,PRESENT_AND_FUTURE,0,PRESENT_AND_FUTURE,0,0,0,0,0,0,0,0,0,0,PRESENT_AND_FUTURE,0,0,0,0,0,0,0,0,0,0,0,0,0,PRESENT_AND_FUTURE,0,0,0,0,PRESENT_AND_FUTURE,0,0,PRESENT_AND_FUTURE,0,0,0,0,PRESENT_AND_FUTURE,0,0,0,0,0,0,0,0,0,0,0,0,0,0,0,0,0,0,0,0,0,0,0,0,0,0,0,0,Chico WPCP,CA0079081,CA,CA0079081,1175532
06005012001,0,0,0,PRESENT_AND_FUTURE,0,0,0,0,0,PRESENT_AND_FUTURE,0,0,0,0,0,PRESENT_AND_FUTURE,0,PRESENT_AND_FUTURE,0,0,0,0,0,0,0,0,0,0,0,0,0,0,0,0,0,0,0,0,0,0,0,0,PRESENT_AND_FUTURE,0,0,0,0,PRESENT_AND_FUTURE,0,0,0,0,0,0,0,PRESENT_AND_FUTURE,0,0,0,0,0,0,0,0,0,0,0,0,0,0,0,0,0,0,0,0,0,0,0,0,0,0,0,0,KERMAN WWTF,CAL010541,CA,CAL010541,1175534
06005014001,0,0,PRESENT_AND_FUTURE,0,0,0,0,0,0,0,0,0,0,0,0,0,0,0,0,0,0,0,0,0,0,0,0,0,0,0,0,0,0,0,0,0,0,0,0,0,0,0,0,0,0,0,0,0,0,0,PRESENT_AND_FUTURE,0,0,0,0,0,0,0,0,0,0,0,0,0,0,0,0,0,0,0,0,0,0,0,0,0,0,0,0,0,0,0,0,0,COULTERVILLE WWTF,N0.·5-00-193,CA,,1175536
06005018001,0,0,PRESENT_AND_FUTURE,0,0,0,0,0,0,0,0,0,0,0,0,0,0,0,0,0,0,0,0,0,0,0,0,0,0,0,0,0,0,0,0,0,0,0,0,0,0,0,0,0,0,0,0,PRESENT_AND_FUTURE,0,0,0,0,0,PRESENT_AND_FUTURE,0,0,0,0,0,0,0,0,0,0,0,0,0,0,0,0,0,0,0,0,0,0,0,0,0,0,0,0,0,0,PORTOLA WWTF,CA0077844,CA,CA0077844,1175539
06005022001,0,0,0,0,0,0,0,0,0,PRESENT_AND_FUTURE,0,0,0,0,0,0,0,PRESENT_AND_FUTURE,0,0,0,0,0,0,0,0,0,0,PRESENT_AND_FUTURE,0,0,0,0,0,0,0,0,0,0,0,0,0,PRESENT_AND_FUTURE,0,0,0,0,PRESENT_AND_FUTURE,0,0,0,0,0,PRESENT_AND_FUTURE,0,0,0,0,0,0,0,0,0,0,0,0,0,0,0,0,0,0,0,0,0,0,0,0,0,0,0,0,0,0,ORANGE COVE WWTF,R5-2004-0008,CA,,1175543
06005023002,0,0,0,PRESENT_AND_FUTURE,0,0,0,0,0,PRESENT_AND_FUTURE,0,0,0,PRESENT_AND_FUTURE,0,0,0,PRESENT_AND_FUTURE,0,0,0,0,0,0,0,0,0,0,0,0,0,PRESENT_AND_FUTURE,0,0,0,0,0,0,0,0,0,0,PRESENT_AND_FUTURE,0,0,0,0,PRESENT_AND_FUTURE,0,0,0,0,0,PRESENT_AND_FUTURE,0,PRESENT_AND_FUTURE,0,0,0,0,0,0,0,0,0,0,0,0,0,0,0,0,0,0,0,0,0,0,0,0,0,0,0,0,Anderson WWTF,CA0077704,CA,CA0077704,1175544
06005024001,0,0,PRESENT_AND_FUTURE,0,0,PRESENT_AND_FUTURE,0,0,PRESENT_AND_FUTURE,PRESENT_AND_FUTURE,0,0,0,PRESENT_AND_FUTURE,0,0,0,PRESENT_AND_FUTURE,0,0,0,0,0,0,0,0,0,0,0,0,0,0,0,0,0,0,0,0,0,0,0,0,0,0,0,0,0,PRESENT_AND_FUTURE,0,0,0,0,0,0,0,0,0,0,0,0,0,0,0,0,0,0,0,0,0,0,0,0,0,0,0,0,0,0,0,0,0,0,0,0,Live Oak WWTP,R5-04-097,CA,CA0079022,1175545
06005025001,0,PRESENT_AND_FUTURE,0,0,PRESENT_AND_FUTURE,0,0,PRESENT_AND_FUTURE,PRESENT_AND_FUTURE,PRESENT_AND_FUTURE,0,0,0,PRESENT_AND_FUTURE,PRESENT_AND_FUTURE,PRESENT_AND_FUTURE,0,PRESENT_AND_FUTURE,0,0,0,0,0,0,0,0,PRESENT_AND_FUTURE,0,PRESENT_AND_FUTURE,0,0,0,0,0,0,0,0,0,0,0,0,0,PRESENT_AND_FUTURE,0,0,0,0,PRESENT_AND_FUTURE,0,0,0,0,PRESENT_AND_FUTURE,PRESENT_AND_FUTURE,0,PRESENT_AND_FUTURE,0,0,0,0,0,0,0,0,PRESENT_AND_FUTURE,0,0,0,0,0,0,0,0,0,0,0,0,0,0,0,0,0,0,0,Stockton Regional WWCF,CA0079138,CA,CA0079138,1175546
06005026001,0,0,PRESENT_AND_FUTURE,0,0,0,0,0,0,0,0,0,0,PRESENT_AND_FUTURE,0,PRESENT_AND_FUTURE,0,0,0,0,0,0,0,0,0,0,0,0,0,0,0,0,0,0,0,0,0,0,0,0,0,0,0,0,0,0,0,PRESENT_AND_FUTURE,0,0,PRESENT_AND_FUTURE,0,0,0,0,0,0,0,0,0,0,0,0,0,0,0,0,0,0,0,0,0,0,0,0,0,0,0,0,0,0,0,0,0,LOS BANOS WWTF,R5-2021-0026,CA,,1175548
06005031001,0,0,0,PRESENT_AND_FUTURE,0,0,0,0,PRESENT_AND_FUTURE,PRESENT_AND_FUTURE,0,0,0,PRESENT_AND_FUTURE,0,PRESENT_AND_FUTURE,0,0,0,0,0,0,0,0,0,0,0,0,0,0,0,0,0,0,0,0,0,0,0,0,0,0,PRESENT_AND_FUTURE,0,0,0,0,PRESENT_AND_FUTURE,0,0,0,0,0,0,0,PRESENT_AND_FUTURE,0,0,0,0,0,0,0,0,0,0,0,0,0,0,0,0,0,0,0,0,0,0,0,0,0,0,0,0,OLIVEHURST WWTF,CA0077836,CA,CA0077836,1175553
06005032001,0,0,PRESENT_AND_FUTURE,0,0,0,0,0,0,0,0,0,0,0,0,PRESENT_AND_FUTURE,0,0,0,0,0,0,0,0,0,0,0,0,0,0,0,0,0,0,0,0,0,0,0,0,0,0,0,0,0,0,0,PRESENT_AND_FUTURE,0,0,PRESENT_AND_FUTURE,0,0,0,0,0,0,0,0,0,0,0,0,0,0,0,0,0,0,0,0,0,0,0,0,0,0,0,0,0,0,0,0,0,Woodlake WWTF,CAL010550,CA,CAL010550,1175554
06005033001,0,0,PRESENT_AND_FUTURE,PRESENT_AND_FUTURE,0,0,0,0,0,PRESENT_AND_FUTURE,0,0,0,PRESENT_AND_FUTURE,0,PRESENT_AND_FUTURE,0,PRESENT_AND_FUTURE,0,0,0,PRESENT_AND_FUTURE,0,0,0,0,0,0,0,0,0,0,0,0,0,0,0,0,0,0,0,0,0,0,0,0,0,PRESENT_AND_FUTURE,0,0,0,0,0,0,0,0,0,0,0,0,0,0,0,0,0,0,0,0,0,0,0,0,0,0,0,0,0,0,0,0,0,0,0,0,Williams WWTF,CA0077933,CA,CA0077933,1238815
06005035001,0,0,PRESENT_AND_FUTURE,0,0,0,0,0,0,0,0,0,0,0,0,0,0,0,0,0,0,0,0,0,0,0,0,0,0,0,0,0,0,0,0,0,0,0,0,0,0,0,0,0,0,0,0,PRESENT_AND_FUTURE,0,0,PRESENT_AND_FUTURE,0,0,0,0,0,0,0,0,0,0,0,0,0,0,0,0,0,0,0,0,0,0,0,0,0,0,0,0,0,0,0,0,0,WILLOWS WWTF,CA0078034,CA,CA0078034,1175556
06005039001,0,0,0,0,0,PRESENT_AND_FUTURE,0,0,0,PRESENT_AND_FUTURE,0,0,0,PRESENT_AND_FUTURE,0,0,0,PRESENT_AND_FUTURE,0,0,0,0,0,0,0,0,0,0,0,0,0,0,0,0,0,0,0,0,PRESENT_AND_FUTURE,0,0,0,PRESENT_AND_FUTURE,0,0,0,0,PRESENT_AND_FUTURE,0,0,0,0,0,0,0,0,0,0,0,0,0,0,0,0,0,0,0,0,0,0,0,0,0,0,0,0,0,0,0,0,0,0,0,0,LINDSAY WWTF,2006-0003-DWQ,CA,,1175559
06005040001,0,0,0,PRESENT_AND_FUTURE,0,0,0,0,0,PRESENT_AND_FUTURE,0,0,0,PRESENT_AND_FUTURE,0,0,0,PRESENT_AND_FUTURE,0,0,0,PRESENT_AND_FUTURE,0,0,0,0,0,0,PRESENT_AND_FUTURE,0,0,0,0,0,0,0,0,0,0,0,0,0,0,0,0,0,0,PRESENT_AND_FUTURE,0,0,0,0,0,0,0,0,0,0,PRESENT_AND_FUTURE,0,0,0,0,0,0,0,0,0,0,0,0,0,0,0,0,0,0,0,0,0,0,0,0,0,AUBURN WWTF,CA0077712,CA,CA0077712,1175560
06005041001,0,0,PRESENT_AND_FUTURE,0,0,PRESENT_AND_FUTURE,0,0,0,PRESENT_AND_FUTURE,0,0,0,PRESENT_AND_FUTURE,0,PRESENT_AND_FUTURE,0,PRESENT_AND_FUTURE,0,0,0,0,0,0,0,0,0,0,0,0,0,0,0,0,0,0,0,0,0,0,0,0,PRESENT_AND_FUTURE,0,0,0,0,PRESENT_AND_FUTURE,0,0,PRESENT_AND_FUTURE,0,0,0,0,0,0,0,0,0,0,0,0,0,0,0,0,0,0,0,0,0,0,0,0,0,0,0,0,0,0,0,0,0,Colusa WWTP,R5-02-020,CA,CA0078999,1175561
06005042003,0,0,0,0,0,PRESENT_AND_FUTURE,0,0,0,PRESENT_AND_FUTURE,0,0,0,0,0,PRESENT_AND_FUTURE,0,PRESENT_AND_FUTURE,0,0,0,0,0,0,0,0,0,0,PRESENT_AND_FUTURE,0,0,0,0,0,0,0,0,0,0,0,0,0,PRESENT_AND_FUTURE,0,0,0,0,PRESENT_AND_FUTURE,0,0,0,0,PRESENT_AND_FUTURE,PRESENT_AND_FUTURE,0,0,0,0,0,0,0,0,0,0,0,0,0,0,0,0,0,0,0,0,0,0,0,0,0,0,0,0,0,0,Delano WWTF,R5-2017-0052,CA,,1175562
06005043001,0,0,0,PRESENT_AND_FUTURE,PRESENT_AND_FUTURE,0,0,0,0,0,0,0,0,0,PRESENT_AND_FUTURE,PRESENT_AND_FUTURE,0,PRESENT_AND_FUTURE,0,0,0,0,0,0,0,0,0,0,PRESENT_AND_FUTURE,0,0,PRESENT_AND_FUTURE,0,0,0,0,0,0,0,0,0,0,PRESENT_AND_FUTURE,0,0,0,0,0,0,0,0,0,PRESENT_AND_FUTURE,0,0,PRESENT_AND_FUTURE,0,0,0,0,0,0,0,0,0,0,0,0,0,0,0,0,0,0,0,0,0,0,0,0,0,0,0,0,Chowchilla WWTP,WDR 90-271,CA,,1175563
06005045001,0,0,0,PRESENT_AND_FUTURE,0,0,0,0,PRESENT_AND_FUTURE,PRESENT_AND_FUTURE,0,0,0,PRESENT_AND_FUTURE,0,PRESENT_AND_FUTURE,0,0,0,0,0,0,0,0,0,0,0,0,0,0,0,0,0,0,0,0,0,0,0,0,0,0,PRESENT_AND_FUTURE,0,0,0,0,PRESENT_AND_FUTURE,0,0,0,0,0,0,0,PRESENT_AND_FUTURE,0,0,0,0,0,0,0,0,0,0,0,0,0,0,0,0,0,0,0,0,0,0,0,0,0,0,0,0,DONNER SUMMIT WWTF,CA0081621,CA,CA0081621,1175565
06005046001,0,0,PRESENT_AND_FUTURE,PRESENT_AND_FUTURE,0,0,0,0,PRESENT_AND_FUTURE,PRESENT_AND_FUTURE,0,0,0,PRESENT_AND_FUTURE,0,PRESENT_AND_FUTURE,0,0,0,0,0,0,0,0,0,0,0,0,PRESENT_AND_FUTURE,0,0,0,0,0,0,0,0,0,0,0,0,0,PRESENT_AND_FUTURE,0,0,0,0,PRESENT_AND_FUTURE,0,0,0,0,0,0,0,PRESENT_AND_FUTURE,0,0,0,0,0,0,0,0,0,0,0,0,0,0,0,0,0,0,0,0,0,0,0,0,0,0,0,0,DOS PALOS STP,ORDER NO. 92-094,CA,,1175566
06005051001,0,0,0,0,0,0,0,0,0,0,0,0,0,PRESENT_AND_FUTURE,0,0,0,0,0,0,0,0,0,0,0,0,0,0,0,0,0,0,0,0,0,0,0,0,0,0,0,0,0,0,0,0,0,0,0,0,PRESENT_AND_FUTURE,0,0,0,0,0,0,0,0,0,0,0,0,0,0,0,0,0,0,0,0,0,0,0,0,0,0,0,0,0,0,0,0,0,FRANKLIN WWTF,89-171,CA,,1175570
06005053001,0,0,0,0,0,PRESENT_AND_FUTURE,0,0,0,PRESENT_AND_FUTURE,PRESENT_AND_FUTURE,0,0,FUTURE,0,0,0,PRESENT_AND_FUTURE,0,0,0,PRESENT_AND_FUTURE,0,0,0,0,PRESENT_AND_FUTURE,0,PRESENT_AND_FUTURE,0,0,0,0,0,0,0,0,0,0,0,0,0,PRESENT_AND_FUTURE,0,0,0,0,PRESENT_AND_FUTURE,PRESENT_AND_FUTURE,0,PRESENT_AND_FUTURE,PRESENT_AND_FUTURE,PRESENT_AND_FUTURE,PRESENT_AND_FUTURE,0,0,0,0,0,0,0,0,0,0,0,0,0,0,0,0,0,0,0,0,0,0,0,0,0,0,0,0,0,0,Fresno-Clovis Regional WRF,R5-2018-0080,CA,,1175571
06005054001,0,0,PRESENT_AND_FUTURE,0,0,0,0,0,0,0,0,0,0,0,0,0,0,0,0,0,0,0,0,0,0,0,0,0,0,0,0,0,0,0,0,0,0,0,0,0,0,0,0,0,0,0,0,PRESENT_AND_FUTURE,0,0,PRESENT_AND_FUTURE,0,0,0,0,0,0,0,0,0,0,0,0,0,0,0,0,0,0,0,0,0,0,0,0,0,0,0,0,0,0,0,0,0,GALT WWTF,CA0081434,CA,CA0081434,1175573
06005055001,0,0,0,0,0,PRESENT_AND_FUTURE,0,0,0,PRESENT_AND_FUTURE,0,0,0,0,0,0,0,0,0,0,0,0,0,0,0,0,0,0,0,0,0,0,0,0,0,0,0,0,0,0,0,0,0,0,0,0,0,PRESENT_AND_FUTURE,0,0,0,0,0,PRESENT_AND_FUTURE,0,0,0,0,0,0,0,0,0,0,0,0,0,0,0,0,0,0,0,0,0,0,0,0,0,0,0,0,0,0,GRAYSON WWTF,93-088,CA,,1175574
06005056001,0,0,0,0,0,0,0,0,0,0,0,0,0,0,0,PRESENT_AND_FUTURE,0,0,0,0,0,0,0,0,0,0,0,0,0,0,0,0,0,0,0,0,0,0,0,0,0,0,0,0,0,0,0,0,0,0,0,0,0,0,0,0,0,0,0,0,0,0,0,0,0,0,0,0,0,0,0,0,0,0,0,0,0,0,0,0,0,0,0,0,HURON WWTF,R5-2014-0163,CA,,1175575
06005057001,0,0,PRESENT_AND_FUTURE,0,0,0,0,0,0,0,0,0,0,0,0,PRESENT_AND_FUTURE,0,0,0,0,0,0,0,0,0,0,0,0,0,0,0,0,0,0,0,0,0,0,0,0,0,0,0,0,0,0,0,PRESENT_AND_FUTURE,0,0,PRESENT_AND_FUTURE,0,0,0,0,PRESENT_AND_FUTURE,0,0,0,0,0,0,0,0,0,0,0,0,0,0,0,0,0,0,0,0,0,0,0,0,0,0,0,0,ISLETON WWTF,NO. R5-2012-0006,CA,,1175576
06005058001,0,0,0,0,0,PRESENT_AND_FUTURE,0,0,0,PRESENT_AND_FUTURE,0,0,0,0,0,0,0,0,0,0,0,0,0,0,0,0,0,0,0,0,0,0,0,0,0,0,0,0,0,0,0,0,PRESENT_AND_FUTURE,0,0,0,0,PRESENT_AND_FUTURE,0,0,0,0,0,0,0,0,0,0,0,0,0,0,0,0,0,0,0,0,0,0,0,0,0,0,0,0,0,0,0,0,0,0,0,0,IVANHOE WWTF,NO. 98-090,CA,,1175577
06005060004,0,0,0,0,0,0,0,0,PRESENT_AND_FUTURE,PRESENT_AND_FUTURE,0,0,0,PRESENT_AND_FUTURE,0,PRESENT_AND_FUTURE,0,0,0,0,0,0,0,0,0,0,0,0,0,0,0,0,0,0,0,0,0,0,PRESENT_AND_FUTURE,0,0,0,0,0,0,0,0,PRESENT_AND_FUTURE,0,0,0,0,0,0,0,0,0,0,0,0,0,0,0,0,0,0,0,0,0,0,0,0,0,0,0,0,0,0,0,0,0,0,0,0,LAKE CO NW REG WWTP,WDR Order No. 97-249,CA,,1175582
06005061001,0,0,PRESENT_AND_FUTURE,0,0,PRESENT_AND_FUTURE,0,0,PRESENT_AND_FUTURE,PRESENT_AND_FUTURE,0,0,0,0,0,PRESENT_AND_FUTURE,0,PRESENT_AND_FUTURE,0,0,PRESENT_AND_FUTURE,0,0,0,0,0,0,0,PRESENT_AND_FUTURE,0,0,0,0,0,0,0,0,0,0,0,0,0,PRESENT_AND_FUTURE,0,0,0,0,PRESENT_AND_FUTURE,0,0,PRESENT_AND_FUTURE,0,0,PRESENT_AND_FUTURE,0,0,0,0,0,0,0,0,0,0,0,0,0,0,0,0,0,0,0,0,0,0,0,0,0,0,0,0,0,0,Brentwood WWTP,2006-0003-DWQ,CA,CA0082660,1238816
06005062001,0,0,0,0,0,PRESENT_AND_FUTURE,0,0,0,PRESENT_AND_FUTURE,0,0,0,PRESENT_AND_FUTURE,0,PRESENT_AND_FUTURE,0,PRESENT_AND_FUTURE,0,0,0,0,0,0,0,0,0,0,PRESENT_AND_FUTURE,0,0,0,0,0,0,0,0,0,0,0,0,0,PRESENT_AND_FUTURE,0,0,0,0,PRESENT_AND_FUTURE,PRESENT_AND_FUTURE,0,0,0,0,0,0,PRESENT_AND_FUTURE,0,0,0,0,0,0,0,0,0,0,0,0,0,0,0,0,0,0,0,0,0,0,0,0,0,0,0,0,Lodi WPCF,CA0079243,CA,CA0079243,1175583
06005063001,0,0,PRESENT_AND_FUTURE,0,0,0,0,0,0,0,0,0,0,PRESENT_AND_FUTURE,0,PRESENT_AND_FUTURE,0,0,0,0,0,0,0,0,0,0,0,0,0,0,0,0,0,0,0,0,0,0,0,0,0,0,0,0,0,0,0,0,0,0,PRESENT_AND_FUTURE,0,0,PRESENT_AND_FUTURE,0,0,0,0,0,0,0,0,0,0,0,0,0,0,0,0,0,0,0,0,0,0,0,0,0,0,0,0,0,0,Maxwell WWTP,R5-2009-0109,CA,,1175584
06005064001,0,0,0,0,0,PRESENT_AND_FUTURE,0,0,0,PRESENT_AND_FUTURE,0,0,0,PRESENT_AND_FUTURE,0,0,0,PRESENT_AND_FUTURE,0,0,0,0,0,0,0,0,PRESENT_AND_FUTURE,0,PRESENT_AND_FUTURE,0,0,0,0,0,0,0,0,0,0,0,0,0,PRESENT_AND_FUTURE,0,0,0,0,PRESENT_AND_FUTURE,0,0,0,0,PRESENT_AND_FUTURE,0,0,PRESENT_AND_FUTURE,0,0,0,0,0,0,0,0,0,0,0,0,0,0,0,0,0,0,0,0,0,0,0,0,0,0,0,0,Merced WWTP,2006-0003-DWQ,CA,CA0079219,1175585
06005065001,0,0,PRESENT_AND_FUTURE,0,PRESENT_AND_FUTURE,PRESENT_AND_FUTURE,0,0,0,PRESENT_AND_FUTURE,PRESENT_AND_FUTURE,0,0,PRESENT_AND_FUTURE,PRESENT_AND_FUTURE,PRESENT_AND_FUTURE,0,PRESENT_AND_FUTURE,0,0,0,0,0,0,0,PRESENT_AND_FUTURE,0,0,PRESENT_AND_FUTURE,0,0,0,0,0,0,0,0,PRESENT_AND_FUTURE,0,0,0,0,PRESENT_AND_FUTURE,0,0,0,0,PRESENT_AND_FUTURE,PRESENT_AND_FUTURE,PRESENT_AND_FUTURE,0,0,0,PRESENT_AND_FUTURE,PRESENT_AND_FUTURE,0,PRESENT_AND_FUTURE,0,0,0,0,0,0,0,0,0,0,0,0,0,0,0,0,0,0,0,0,0,0,0,0,0,0,0,"Modesto, City of (Sutter WWTF)",CA0079103,CA,CA0079103,1175586
06005066001,0,0,PRESENT_AND_FUTURE,0,0,0,0,0,0,0,0,0,0,PRESENT_AND_FUTURE,0,0,0,0,0,0,0,0,0,0,0,0,0,0,0,0,0,0,0,0,0,0,0,0,0,0,0,0,0,0,0,0,0,0,0,0,PRESENT_AND_FUTURE,0,0,PRESENT_AND_FUTURE,0,0,0,0,0,0,0,0,0,0,0,0,0,0,0,0,0,0,0,0,0,0,0,0,0,0,0,0,0,0,Planada WWTF,CA0078950,CA,CA0078950,1175587
06005068001,0,0,0,0,0,0,0,0,0,0,0,0,0,0,0,PRESENT_AND_FUTURE,0,0,0,0,0,0,0,0,0,0,0,0,0,0,0,0,0,0,0,0,0,0,0,0,0,0,0,0,0,0,0,PRESENT_AND_FUTURE,0,0,0,0,0,0,0,0,0,0,0,0,0,0,0,0,0,0,0,0,0,0,0,0,0,0,0,0,0,0,0,0,0,0,0,0,RIVERBANK WWTF,94-100,CA,,1175588
06005071001,0,0,0,0,0,0,0,0,0,PRESENT_AND_FUTURE,0,0,0,PRESENT_AND_FUTURE,0,PRESENT_AND_FUTURE,0,PRESENT_AND_FUTURE,0,0,PRESENT_AND_FUTURE,0,0,0,0,0,0,0,PRESENT_AND_FUTURE,0,0,0,0,0,0,0,0,0,0,0,0,0,0,0,0,0,0,PRESENT_AND_FUTURE,0,0,0,0,PRESENT_AND_FUTURE,0,0,PRESENT_AND_FUTURE,0,0,0,0,0,0,0,0,0,0,0,0,0,0,0,0,0,0,0,0,0,0,0,0,0,0,0,0,Selma-Kingsburg-Fowler CSD WWTF,5-01-255,CA,,1175590
06005077001,0,0,0,PRESENT_AND_FUTURE,0,0,0,0,PRESENT_AND_FUTURE,PRESENT_AND_FUTURE,0,0,0,PRESENT_AND_FUTURE,0,PRESENT_AND_FUTURE,0,PRESENT_AND_FUTURE,0,0,0,0,0,0,0,0,PRESENT_AND_FUTURE,0,0,0,0,0,0,0,0,0,0,0,0,0,0,0,PRESENT_AND_FUTURE,0,0,PRESENT_AND_FUTURE,0,PRESENT_AND_FUTURE,0,0,0,0,PRESENT_AND_FUTURE,0,0,PRESENT_AND_FUTURE,0,0,0,0,0,0,0,0,0,0,0,0,0,0,0,0,0,0,0,0,0,0,0,0,0,0,0,0,TURLOCK WWTF,CA0078948,CA,CA0078948,1175595
06005078001,0,0,0,0,0,PRESENT_AND_FUTURE,0,0,PRESENT_AND_FUTURE,PRESENT_AND_FUTURE,0,0,0,0,0,0,0,PRESENT_AND_FUTURE,0,0,0,0,0,0,0,0,0,0,0,0,0,0,0,0,0,0,0,0,0,0,0,0,PRESENT_AND_FUTURE,0,0,0,0,PRESENT_AND_FUTURE,0,0,0,0,PRESENT_AND_FUTURE,PRESENT_AND_FUTURE,0,PRESENT_AND_FUTURE,0,0,0,0,0,0,PRESENT_AND_FUTURE,0,0,0,0,0,0,0,0,0,0,0,0,0,0,0,0,0,0,0,0,0,Visalia WWTP,CA0079189,CA,CA0079189,1175596
06005079001,0,0,PRESENT_AND_FUTURE,0,0,PRESENT_AND_FUTURE,0,0,0,PRESENT_AND_FUTURE,0,0,0,PRESENT_AND_FUTURE,0,PRESENT_AND_FUTURE,0,PRESENT_AND_FUTURE,0,0,0,0,0,0,0,0,0,0,PRESENT_AND_FUTURE,0,0,0,0,0,0,0,0,0,0,0,0,0,PRESENT_AND_FUTURE,0,0,0,0,PRESENT_AND_FUTURE,0,0,PRESENT_AND_FUTURE,0,0,0,0,0,0,0,0,0,0,0,0,0,0,0,0,0,0,0,0,0,0,0,0,0,0,0,0,0,0,0,0,0,WASCO WWTF,R5-2002-0198,CA,,1175597
06005080001,0,0,PRESENT_AND_FUTURE,0,0,0,0,0,0,0,0,0,0,0,0,0,0,0,0,0,0,0,0,0,0,0,0,0,0,0,0,0,0,0,0,0,0,0,0,0,0,0,0,0,0,0,0,PRESENT_AND_FUTURE,0,0,0,0,0,0,0,0,0,0,0,0,0,0,0,0,0,0,0,0,0,0,0,0,0,0,0,0,0,0,0,0,0,0,0,0,WATERFORD WWTP,NO. 94-273,CA,CAL010535,1238817
06005081001,0,0,PRESENT_AND_FUTURE,0,0,PRESENT_AND_FUTURE,0,0,0,PRESENT_AND_FUTURE,0,0,0,PRESENT_AND_FUTURE,0,0,0,PRESENT_AND_FUTURE,0,0,0,0,0,0,0,0,0,0,0,0,0,0,0,0,0,0,0,0,0,0,0,0,0,PRESENT_AND_FUTURE,0,0,0,PRESENT_AND_FUTURE,0,0,0,0,0,0,0,0,0,0,0,0,0,0,0,0,0,0,0,0,0,0,0,0,0,0,0,0,0,0,0,0,0,0,0,0,Yuba City WRP,CA0079260,CA,CA0079260,1175598
06005082002,0,0,0,0,0,0,0,0,0,0,0,0,0,PRESENT_AND_FUTURE,0,0,0,0,0,0,0,0,0,0,0,0,0,0,0,0,0,0,0,0,0,0,0,0,0,0,0,0,0,0,0,0,0,PRESENT_AND_FUTURE,0,0,0,0,0,0,0,0,0,0,0,0,0,0,0,0,0,0,0,0,0,0,0,0,0,0,0,0,0,0,0,0,0,0,0,0,Vallecito/Douglas Flat WWTF,ORDER R5-2013-0009,CA,,1175599
06005088002,0,0,0,PRESENT_AND_FUTURE,0,0,0,0,PRESENT_AND_FUTURE,PRESENT_AND_FUTURE,0,0,0,0,0,PRESENT_AND_FUTURE,0,PRESENT_AND_FUTURE,0,0,0,0,0,0,0,0,0,0,0,0,0,0,0,0,0,0,0,0,0,0,0,0,PRESENT_AND_FUTURE,0,0,0,0,PRESENT_AND_FUTURE,0,0,PRESENT_AND_FUTURE,0,0,PRESENT_AND_FUTURE,0,PRESENT_AND_FUTURE,0,0,0,0,0,0,0,0,0,0,0,0,0,0,0,0,0,0,0,0,0,0,0,0,0,0,0,0,Sewerage Commis.-Oroville Reg. WWTP,CA0079235,CA,CA0079235,1175609
06005094001,0,0,0,PRESENT_AND_FUTURE,0,0,0,0,0,PRESENT_AND_FUTURE,0,0,0,0,0,0,0,PRESENT_AND_FUTURE,0,0,0,0,0,0,0,0,0,0,0,0,0,0,0,0,0,0,0,0,0,0,0,0,0,0,0,0,0,PRESENT_AND_FUTURE,0,0,PRESENT_AND_FUTURE,0,0,0,0,PRESENT_AND_FUTURE,0,0,0,0,0,0,0,0,0,0,0,0,0,0,0,0,0,0,0,0,0,0,0,0,0,0,0,0,PLYMOUTH WWTF,R5-2011-0092,CA,,1238819
06005098001,0,0,0,0,0,PRESENT_AND_FUTURE,0,0,0,PRESENT_AND_FUTURE,0,0,0,PRESENT_AND_FUTURE,0,0,0,0,0,0,PRESENT_AND_FUTURE,0,0,0,0,0,PRESENT_AND_FUTURE,0,PRESENT_AND_FUTURE,0,0,0,0,0,PRESENT_AND_FUTURE,0,0,0,0,0,0,0,PRESENT_AND_FUTURE,0,0,0,0,PRESENT_AND_FUTURE,0,0,PRESENT_AND_FUTURE,0,PRESENT_AND_FUTURE,PRESENT_AND_FUTURE,0,PRESENT_AND_FUTURE,0,0,0,0,0,0,0,0,PRESENT_AND_FUTURE,0,0,0,0,0,0,0,0,0,0,0,0,0,0,0,0,0,0,0,Clear Creek WWTF,CA0079731,CA,CA0079731,1175618
06005099001,0,0,0,PRESENT_AND_FUTURE,0,0,0,0,0,PRESENT_AND_FUTURE,0,0,0,PRESENT_AND_FUTURE,0,0,0,PRESENT_AND_FUTURE,0,0,0,0,0,0,0,0,0,0,PRESENT_AND_FUTURE,0,0,0,0,0,0,0,0,0,0,0,0,0,PRESENT_AND_FUTURE,0,0,0,0,PRESENT_AND_FUTURE,0,0,0,0,0,0,0,PRESENT_AND_FUTURE,0,0,0,0,0,0,0,0,0,0,0,0,0,0,0,0,0,0,0,0,0,0,0,0,0,0,0,0,JACKSON WWTF,CA0079391,CA,CA0079391,1175619
06005105001,0,0,PRESENT_AND_FUTURE,PRESENT_AND_FUTURE,0,PRESENT_AND_FUTURE,0,0,0,PRESENT_AND_FUTURE,0,0,0,0,0,PRESENT_AND_FUTURE,0,PRESENT_AND_FUTURE,0,0,0,PRESENT_AND_FUTURE,0,0,0,0,PRESENT_AND_FUTURE,0,PRESENT_AND_FUTURE,0,0,0,0,0,0,0,0,0,0,0,0,0,PRESENT_AND_FUTURE,0,0,0,0,PRESENT_AND_FUTURE,PRESENT_AND_FUTURE,0,0,0,PRESENT_AND_FUTURE,PRESENT_AND_FUTURE,0,0,0,0,0,0,0,0,0,0,0,0,0,0,0,0,0,0,0,0,0,0,0,0,0,0,0,0,0,0,Tracy WWTP,CA0079154,CA,CA0079154,1175637
06005106001,0,0,PRESENT_AND_FUTURE,0,0,PRESENT_AND_FUTURE,0,0,PRESENT_AND_FUTURE,PRESENT_AND_FUTURE,0,0,0,PRESENT_AND_FUTURE,0,PRESENT_AND_FUTURE,0,0,0,0,0,PRESENT_AND_FUTURE,0,0,0,0,0,0,0,0,0,0,0,0,0,0,0,0,0,0,0,0,PRESENT_AND_FUTURE,0,0,0,0,PRESENT_AND_FUTURE,0,0,0,0,0,PRESENT_AND_FUTURE,0,0,0,0,0,0,0,0,0,0,0,0,0,0,0,0,0,0,0,0,0,0,0,0,0,0,0,0,0,0,Atwater Regional Wastewater Treatment Facility,R5-2017-0085-001,CA,,1175638
06005108001,0,0,PRESENT_AND_FUTURE,0,0,0,0,0,0,PRESENT_AND_FUTURE,0,0,0,0,0,0,0,PRESENT_AND_FUTURE,0,0,0,0,0,0,0,0,0,0,0,0,0,0,0,0,0,0,0,0,0,0,0,0,0,0,0,0,0,0,0,0,0,0,0,0,0,0,0,0,0,0,0,0,PRESENT_AND_FUTURE,0,0,0,0,0,0,0,0,0,0,0,0,0,0,0,0,0,0,0,0,0,Hughson WWTF,CAL010521,CA,CAL010521,1175640
06005109001,0,0,0,0,0,PRESENT_AND_FUTURE,0,0,0,0,0,0,0,PRESENT_AND_FUTURE,0,0,0,PRESENT_AND_FUTURE,0,0,0,0,0,0,0,0,0,0,0,0,0,PRESENT_AND_FUTURE,0,0,0,0,0,0,0,0,0,0,0,0,0,0,0,PRESENT_AND_FUTURE,0,0,PRESENT_AND_FUTURE,0,0,PRESENT_AND_FUTURE,0,0,0,0,0,0,0,0,0,0,0,0,0,0,0,0,0,0,0,0,0,0,0,0,0,0,0,0,0,0,SONORA WWTP,WDR R5-2002-0202,CA,,1175641
06005112001,0,0,PRESENT_AND_FUTURE,PRESENT_AND_FUTURE,0,0,0,0,0,PRESENT_AND_FUTURE,0,0,0,0,0,PRESENT_AND_FUTURE,0,PRESENT_AND_FUTURE,0,0,0,0,0,0,0,0,0,0,PRESENT_AND_FUTURE,0,0,0,0,0,0,0,0,0,0,0,0,0,PRESENT_AND_FUTURE,0,0,0,0,PRESENT_AND_FUTURE,0,0,PRESENT_AND_FUTURE,0,0,0,0,0,0,0,0,0,0,0,0,0,0,0,0,0,0,0,0,0,0,0,0,0,0,0,0,0,0,0,0,0,IONE WWTF,Order 95-125,CA,,1175643
06005113001,0,0,0,0,0,PRESENT_AND_FUTURE,0,0,0,PRESENT_AND_FUTURE,0,0,0,PRESENT_AND_FUTURE,0,0,0,PRESENT_AND_FUTURE,0,0,0,0,0,0,0,0,0,0,PRESENT_AND_FUTURE,0,0,0,0,0,0,0,0,0,0,0,0,0,PRESENT_AND_FUTURE,0,0,0,0,PRESENT_AND_FUTURE,0,0,PRESENT_AND_FUTURE,0,0,0,0,PRESENT_AND_FUTURE,0,0,0,0,0,0,0,0,0,0,0,0,0,0,0,0,0,0,0,0,0,0,0,0,0,0,0,0,DEL REY WWTF,2000-0003-DWQ,CA,,1175644
06005114001,0,0,0,0,0,PRESENT_AND_FUTURE,0,0,0,PRESENT_AND_FUTURE,0,0,0,PRESENT_AND_FUTURE,0,PRESENT_AND_FUTURE,0,0,0,0,PRESENT_AND_FUTURE,0,0,0,0,0,0,0,0,0,0,0,0,0,0,0,0,0,0,0,0,0,PRESENT_AND_FUTURE,0,0,0,0,PRESENT_AND_FUTURE,0,0,0,0,0,0,0,PRESENT_AND_FUTURE,0,0,0,0,0,0,0,0,0,0,0,0,0,0,0,0,0,0,0,0,0,0,0,0,0,0,0,0,BEAR VALLEY WWTF,CA0081213,CA,CA0081213,1175645
06005123001,0,0,0,0,0,PRESENT_AND_FUTURE,0,0,0,PRESENT_AND_FUTURE,0,0,0,PRESENT_AND_FUTURE,0,PRESENT_AND_FUTURE,0,PRESENT_AND_FUTURE,0,0,0,0,0,0,0,0,0,0,PRESENT_AND_FUTURE,0,0,PRESENT_AND_FUTURE,0,0,0,0,0,0,0,0,0,0,PRESENT_AND_FUTURE,0,0,0,0,PRESENT_AND_FUTURE,0,0,0,0,0,PRESENT_AND_FUTURE,0,0,0,0,0,0,0,0,0,0,0,0,0,0,0,0,0,0,0,0,0,0,0,0,0,0,0,0,0,0,KETTLEMAN CITY STP,NO. 79-143,CA,,1175654
06005125001,0,0,0,0,0,0,0,0,PRESENT_AND_FUTURE,PRESENT_AND_FUTURE,0,0,0,0,0,0,0,PRESENT_AND_FUTURE,0,0,0,0,0,0,0,0,0,0,0,0,0,0,0,0,0,0,0,0,0,0,0,0,PRESENT_AND_FUTURE,0,0,0,0,PRESENT_AND_FUTURE,0,0,0,0,0,PRESENT_AND_FUTURE,0,0,0,0,0,0,0,0,0,0,0,0,0,0,0,0,0,0,0,0,0,0,0,0,0,0,0,0,0,0,Marysville WWTF,NO.5-01-071,CA,,1175656
06005126001,0,0,PRESENT_AND_FUTURE,0,0,0,0,0,0,PRESENT_AND_FUTURE,0,0,0,PRESENT_AND_FUTURE,0,PRESENT_AND_FUTURE,0,PRESENT_AND_FUTURE,0,0,0,0,0,0,0,0,0,0,PRESENT_AND_FUTURE,0,0,0,0,0,0,0,0,0,PRESENT_AND_FUTURE,0,0,0,PRESENT_AND_FUTURE,0,0,0,0,PRESENT_AND_FUTURE,0,0,0,0,0,0,0,0,0,0,0,0,0,0,0,0,0,0,0,0,0,0,0,0,0,0,0,0,0,0,0,0,0,0,0,0,PATTERSON WWTF,R5-2007-0147,CA,,1175657
06005142001,0,0,0,0,0,0,0,0,0,0,0,0,0,PRESENT_AND_FUTURE,0,PRESENT_AND_FUTURE,0,0,0,0,0,0,0,0,0,0,0,0,PRESENT_AND_FUTURE,0,0,0,0,0,0,0,0,0,PRESENT_AND_FUTURE,0,0,0,0,0,0,0,0,0,0,0,PRESENT_AND_FUTURE,0,0,0,0,0,0,0,0,0,0,0,0,0,0,0,0,0,0,0,0,0,0,0,0,0,0,0,0,0,0,0,0,0,ARVIN WWTF,Order No. 5-00-093,CA,,1175663
06005143001,0,0,0,0,0,0,0,0,0,0,0,0,0,0,0,0,0,0,0,0,0,0,0,0,0,0,0,0,0,0,0,0,0,0,0,0,0,0,0,0,0,0,0,0,0,0,0,PRESENT_AND_FUTURE,0,0,0,0,0,0,0,0,0,0,0,0,0,0,0,0,0,0,0,0,0,0,0,0,0,0,0,0,0,0,0,0,0,0,0,0,DELHI STP,ORDER R5-2015-0053,CA,,1175664
06005145001,0,0,0,0,0,PRESENT_AND_FUTURE,0,0,PRESENT_AND_FUTURE,PRESENT_AND_FUTURE,0,0,0,PRESENT_AND_FUTURE,0,PRESENT_AND_FUTURE,0,0,0,0,0,0,0,0,0,0,0,0,PRESENT_AND_FUTURE,0,0,0,0,0,0,0,0,0,0,0,0,0,PRESENT_AND_FUTURE,0,0,0,0,PRESENT_AND_FUTURE,0,0,0,0,0,PRESENT_AND_FUTURE,0,0,0,0,0,0,0,0,0,0,0,0,0,0,0,0,0,0,0,0,0,0,0,0,0,0,0,0,0,0,LAKEPORT SOUTH WWTF,R5-2012-0025,CA,,1175665
06005146001,0,0,0,0,0,PRESENT_AND_FUTURE,0,0,PRESENT_AND_FUTURE,PRESENT_AND_FUTURE,0,0,0,PRESENT_AND_FUTURE,0,0,0,0,0,0,0,0,0,0,0,0,PRESENT_AND_FUTURE,0,PRESENT_AND_FUTURE,0,0,0,0,0,0,0,0,0,0,0,0,0,PRESENT_AND_FUTURE,0,0,0,0,PRESENT_AND_FUTURE,PRESENT_AND_FUTURE,0,PRESENT_AND_FUTURE,0,PRESENT_AND_FUTURE,PRESENT_AND_FUTURE,0,PRESENT_AND_FUTURE,0,0,0,0,0,0,0,0,0,0,0,0,0,0,0,0,0,0,0,0,0,0,0,0,0,0,0,0,Manteca WQCF,CA0081558,CA,CA0081558,1175666
06005157001,0,0,0,0,0,0,0,0,0,0,0,0,0,PRESENT_AND_FUTURE,0,0,0,0,0,0,0,0,0,0,0,0,0,0,0,0,0,0,0,0,0,0,0,0,0,0,0,0,0,0,0,0,0,PRESENT_AND_FUTURE,0,0,0,0,0,PRESENT_AND_FUTURE,0,0,0,0,0,0,0,0,0,0,0,0,0,0,0,0,0,0,0,0,0,0,0,0,0,0,0,0,0,0,Mt. Shasta WWTF,CA0078051,CA,CA0078051,1175675
06005158001,0,0,PRESENT_AND_FUTURE,0,0,0,0,0,0,0,0,0,0,PRESENT_AND_FUTURE,0,0,0,0,0,0,0,0,0,0,0,0,0,0,0,0,0,0,0,0,0,0,0,0,0,0,0,0,0,0,0,0,0,PRESENT_AND_FUTURE,0,0,0,0,0,0,0,0,0,0,0,0,0,0,0,0,0,0,0,0,0,0,0,0,0,0,0,0,0,0,0,0,0,0,0,0,ESCALON WWTF,ORDER NO: R5-2014-01,CA,,1175676
06005159001,0,0,0,PRESENT_AND_FUTURE,0,0,0,0,0,PRESENT_AND_FUTURE,0,0,0,0,0,0,0,0,0,0,0,0,0,0,0,0,0,0,0,0,0,0,0,0,0,0,0,0,0,0,0,0,0,0,0,0,0,PRESENT_AND_FUTURE,0,0,PRESENT_AND_FUTURE,0,0,0,0,PRESENT_AND_FUTURE,0,0,0,0,0,0,0,0,0,0,0,0,0,0,0,0,0,0,0,0,0,0,0,0,0,0,0,0,GROVELAND WWTF,2006-0003-DWQ,CA,,1175677
06005160001,0,0,0,PRESENT_AND_FUTURE,0,PRESENT_AND_FUTURE,0,0,0,PRESENT_AND_FUTURE,0,0,0,PRESENT_AND_FUTURE,0,PRESENT_AND_FUTURE,0,PRESENT_AND_FUTURE,0,0,0,0,0,0,0,0,0,0,0,0,0,0,0,0,PRESENT_AND_FUTURE,0,0,0,0,0,0,0,PRESENT_AND_FUTURE,0,0,0,0,PRESENT_AND_FUTURE,PRESENT_AND_FUTURE,0,PRESENT_AND_FUTURE,0,0,0,0,0,0,0,0,0,0,0,0,0,PRESENT_AND_FUTURE,0,0,0,0,0,0,0,0,0,0,0,0,0,0,0,0,0,0,0,JAMESTOWN WWTF,CAL010540,CA,CAL010540,1175678
06005161001,0,0,0,0,0,PRESENT_AND_FUTURE,0,0,0,PRESENT_AND_FUTURE,0,0,0,0,0,PRESENT_AND_FUTURE,0,PRESENT_AND_FUTURE,0,0,0,0,0,0,0,0,0,0,PRESENT_AND_FUTURE,0,0,0,0,0,0,0,0,0,0,0,0,0,PRESENT_AND_FUTURE,0,0,PRESENT_AND_FUTURE,0,PRESENT_AND_FUTURE,0,0,0,0,0,0,0,PRESENT_AND_FUTURE,0,0,0,0,0,0,0,0,0,0,0,0,0,0,0,0,0,0,0,0,0,0,0,0,0,0,0,0,MARIPOSA WWTF,CA0079430,CA,CA0079430,1175679
06005162001,0,0,0,0,0,PRESENT_AND_FUTURE,0,0,PRESENT_AND_FUTURE,PRESENT_AND_FUTURE,0,0,0,PRESENT_AND_FUTURE,0,0,0,PRESENT_AND_FUTURE,0,0,0,0,0,0,0,0,0,0,PRESENT_AND_FUTURE,0,0,0,0,0,0,0,0,0,0,0,0,0,PRESENT_AND_FUTURE,0,0,0,0,PRESENT_AND_FUTURE,0,0,PRESENT_AND_FUTURE,0,0,PRESENT_AND_FUTURE,0,0,0,0,0,0,0,0,0,0,0,0,0,0,0,0,0,0,0,0,0,0,0,0,0,0,0,0,0,0,San Andreas Sanitary District WWTP,CA0079464,CA,CA0079464,1175680
06005164001,0,0,0,0,0,PRESENT_AND_FUTURE,0,0,0,PRESENT_AND_FUTURE,0,0,0,PRESENT_AND_FUTURE,0,0,0,PRESENT_AND_FUTURE,0,0,0,0,0,0,0,0,0,0,0,0,0,0,0,0,0,0,0,0,0,0,0,0,PRESENT_AND_FUTURE,0,0,0,0,PRESENT_AND_FUTURE,0,0,0,0,0,PRESENT_AND_FUTURE,0,0,0,0,0,0,0,0,0,0,0,0,0,0,0,0,0,0,0,0,0,0,0,0,0,0,0,0,0,0,WOODBRIDGE WWTF,NO. 93-213,CA,,1175682
06005169001,0,0,0,0,0,PRESENT_AND_FUTURE,0,0,0,PRESENT_AND_FUTURE,0,0,0,0,0,0,0,0,0,0,0,0,0,0,0,0,0,0,0,0,0,0,0,0,0,0,0,0,0,0,0,0,PRESENT_AND_FUTURE,0,0,0,0,0,0,0,0,0,0,0,0,0,0,0,0,0,0,0,0,0,0,0,0,0,0,0,0,0,0,0,0,0,0,0,0,0,0,0,0,0,KNIGHTS LANDING WWTF,R5-2007-0149,CA,,1175684
06005177001,0,0,PRESENT_AND_FUTURE,0,0,PRESENT_AND_FUTURE,0,0,0,PRESENT_AND_FUTURE,0,0,0,0,0,0,0,PRESENT_AND_FUTURE,0,0,0,0,0,0,0,0,0,0,0,0,0,0,0,0,0,0,0,0,0,0,0,0,PRESENT_AND_FUTURE,0,0,0,0,PRESENT_AND_FUTURE,0,0,PRESENT_AND_FUTURE,0,0,PRESENT_AND_FUTURE,0,0,0,0,0,0,0,0,0,0,0,0,0,0,0,0,0,0,0,0,0,0,0,0,0,0,0,0,0,0,DINUBA WWTF,95-200,CA,,1175687
06005178001,0,0,0,0,0,PRESENT_AND_FUTURE,0,0,0,PRESENT_AND_FUTURE,0,0,0,PRESENT_AND_FUTURE,0,PRESENT_AND_FUTURE,0,PRESENT_AND_FUTURE,0,0,0,0,0,0,0,0,0,0,0,0,0,0,0,0,0,0,0,0,PRESENT_AND_FUTURE,0,0,0,0,0,0,0,0,PRESENT_AND_FUTURE,0,0,PRESENT_AND_FUTURE,0,0,0,0,0,0,0,0,0,0,0,0,0,0,0,0,0,0,0,0,0,0,0,0,0,0,0,0,0,0,0,0,0,Exeter WWTF,2020-0015-DWQ,CA,,1175688
06005184001,0,0,0,PRESENT_AND_FUTURE,0,PRESENT_AND_FUTURE,0,0,0,PRESENT_AND_FUTURE,0,0,0,PRESENT_AND_FUTURE,0,PRESENT_AND_FUTURE,0,PRESENT_AND_FUTURE,0,0,0,0,0,0,0,0,PRESENT_AND_FUTURE,0,PRESENT_AND_FUTURE,0,0,0,0,0,0,0,0,0,0,0,0,0,PRESENT_AND_FUTURE,0,0,0,0,0,0,0,0,0,PRESENT_AND_FUTURE,PRESENT_AND_FUTURE,0,PRESENT_AND_FUTURE,0,0,0,0,0,0,0,0,0,0,0,0,0,0,0,0,0,0,0,0,0,0,0,0,0,0,0,0,Easterly Wastewater Treatment Plant,CA0077691,CA,CA0077691,1175693
06005187001,0,0,0,0,0,0,0,0,0,0,0,0,0,0,0,PRESENT_AND_FUTURE,0,0,0,0,0,0,0,0,0,0,0,0,0,0,0,0,0,0,0,0,0,0,0,0,0,0,0,0,0,0,0,PRESENT_AND_FUTURE,0,0,PRESENT_AND_FUTURE,0,0,0,0,0,0,0,0,0,0,0,0,0,0,0,0,0,0,0,0,0,0,0,0,0,0,0,0,0,0,0,0,0,ANGELS CAMP WWTF,CA0085201,CA,CA0085201,1175696
06005197001,0,0,0,0,0,PRESENT_AND_FUTURE,0,0,0,PRESENT_AND_FUTURE,0,0,0,0,0,PRESENT_AND_FUTURE,0,PRESENT_AND_FUTURE,0,0,0,0,0,0,0,0,0,0,0,0,0,0,0,0,0,0,0,0,0,0,0,0,PRESENT_AND_FUTURE,0,0,0,0,PRESENT_AND_FUTURE,0,0,0,0,0,PRESENT_AND_FUTURE,0,0,0,0,0,0,0,0,0,0,0,0,0,0,0,0,0,0,0,0,0,0,0,0,0,0,0,0,0,0,MADERA STP,R5-2022-0074,CA,,1175701
06005198001,0,0,PRESENT_AND_FUTURE,PRESENT_AND_FUTURE,0,0,0,0,0,PRESENT_AND_FUTURE,0,0,0,PRESENT_AND_FUTURE,0,PRESENT_AND_FUTURE,0,PRESENT_AND_FUTURE,0,0,0,0,0,0,0,0,0,0,PRESENT_AND_FUTURE,0,0,0,0,0,0,0,0,0,0,0,0,0,PRESENT_AND_FUTURE,0,0,0,0,0,0,0,0,0,0,PRESENT_AND_FUTURE,0,0,0,0,0,PRESENT_AND_FUTURE,0,0,0,0,PRESENT_AND_FUTURE,0,0,0,0,0,0,0,0,0,0,0,0,0,0,0,0,0,0,0,Grass Valley WWTF,R5-2010-0050,CA,CA0079898,1175702
06005200001,0,0,0,PRESENT_AND_FUTURE,0,0,0,0,PRESENT_AND_FUTURE,PRESENT_AND_FUTURE,0,0,0,PRESENT_AND_FUTURE,0,0,0,0,0,0,0,0,0,0,0,0,0,0,PRESENT_AND_FUTURE,0,0,0,0,0,0,0,0,0,0,0,0,0,PRESENT_AND_FUTURE,0,0,0,0,PRESENT_AND_FUTURE,0,0,0,0,0,PRESENT_AND_FUTURE,0,0,0,0,0,0,0,0,0,0,0,0,0,0,0,0,0,0,0,0,0,0,0,0,0,0,0,0,0,0,NEVADA CITY WWTF,CA0079901,CA,CA0079901,1175704
06005204001,0,0,0,0,0,0,0,0,PRESENT_AND_FUTURE,PRESENT_AND_FUTURE,0,0,0,0,0,0,0,PRESENT_AND_FUTURE,0,0,0,0,0,0,0,0,0,0,PRESENT_AND_FUTURE,0,0,0,0,0,0,0,0,0,PRESENT_AND_FUTURE,0,0,0,0,0,0,0,0,PRESENT_AND_FUTURE,PRESENT_AND_FUTURE,0,PRESENT_AND_FUTURE,0,0,PRESENT_AND_FUTURE,0,0,0,0,0,0,0,0,0,0,0,0,0,0,0,0,0,0,0,0,0,0,0,0,0,0,0,0,0,0,DUNSMUIR WWTF,CA0078441,CA,CA0078441,1175707
06005205001,0,0,PRESENT_AND_FUTURE,0,0,PRESENT_AND_FUTURE,0,0,0,PRESENT_AND_FUTURE,0,0,0,0,0,0,0,PRESENT_AND_FUTURE,0,0,0,0,0,0,0,0,0,0,0,0,0,0,0,0,0,0,0,0,0,0,0,0,PRESENT_AND_FUTURE,0,0,0,0,PRESENT_AND_FUTURE,0,0,0,0,0,PRESENT_AND_FUTURE,0,0,0,0,0,0,0,0,0,0,0,0,0,0,0,0,0,0,0,0,0,0,0,0,0,0,0,0,0,0,"Davis, City of WWTP",CA0079049,CA,CA0079049,1175708
06005218001,0,0,0,0,0,0,0,0,0,PRESENT_AND_FUTURE,0,0,0,PRESENT_AND_FUTURE,0,0,0,PRESENT_AND_FUTURE,0,0,0,0,0,0,0,0,0,0,PRESENT_AND_FUTURE,0,0,0,0,0,0,0,0,0,0,0,0,0,0,0,0,0,0,PRESENT_AND_FUTURE,0,0,PRESENT_AND_FUTURE,0,0,0,0,0,0,0,0,0,0,0,0,0,0,0,0,0,0,0,0,0,0,0,0,0,0,0,0,0,0,0,0,0,Sheridan WWTF,R5-02-208,CA,,1175712
06005226001,0,0,0,0,0,PRESENT_AND_FUTURE,0,0,0,PRESENT_AND_FUTURE,0,0,0,PRESENT_AND_FUTURE,0,PRESENT_AND_FUTURE,0,PRESENT_AND_FUTURE,0,0,0,0,0,0,0,0,0,0,0,0,0,0,0,0,PRESENT_AND_FUTURE,0,0,0,PRESENT_AND_FUTURE,0,0,0,0,0,0,0,0,PRESENT_AND_FUTURE,0,0,PRESENT_AND_FUTURE,0,0,PRESENT_AND_FUTURE,0,0,0,0,0,0,0,0,0,0,PRESENT_AND_FUTURE,0,0,0,0,0,0,0,0,0,0,0,0,0,0,0,0,0,0,0,Cutler-Orosi WWTF,CA0081485,CA,CA0081485,1175717
06005227001,0,0,0,PRESENT_AND_FUTURE,0,0,0,0,0,PRESENT_AND_FUTURE,0,0,0,PRESENT_AND_FUTURE,0,0,0,PRESENT_AND_FUTURE,0,0,0,0,0,0,0,0,PRESENT_AND_FUTURE,0,PRESENT_AND_FUTURE,0,0,0,0,0,0,0,0,0,0,0,0,PRESENT_AND_FUTURE,PRESENT_AND_FUTURE,0,0,0,0,PRESENT_AND_FUTURE,PRESENT_AND_FUTURE,0,PRESENT_AND_FUTURE,0,PRESENT_AND_FUTURE,PRESENT_AND_FUTURE,0,PRESENT_AND_FUTURE,0,0,PRESENT_AND_FUTURE,0,0,0,0,0,0,0,0,0,0,0,0,0,0,0,0,0,0,0,0,0,0,0,0,0,Dry Creek WWTP,CA0079502,CA,CA0079502,1238820
06005227002,0,0,0,0,0,0,0,0,0,0,0,0,0,0,0,0,0,0,0,0,0,0,0,0,0,0,0,0,PRESENT_AND_FUTURE,0,0,0,0,0,0,0,0,0,0,0,0,0,PRESENT_AND_FUTURE,0,0,0,0,0,PRESENT_AND_FUTURE,0,0,0,0,0,0,0,0,0,0,0,0,0,0,0,0,0,0,0,0,0,0,0,0,0,0,0,0,0,0,0,0,0,0,0,Pleasant Grove WWTP,CA0084573,CA,CA0084573,3520617
06005232001,0,0,0,0,0,0,0,0,PRESENT_AND_FUTURE,PRESENT_AND_FUTURE,0,0,0,PRESENT_AND_FUTURE,0,PRESENT_AND_FUTURE,0,PRESENT_AND_FUTURE,0,0,0,0,0,0,0,0,PRESENT_AND_FUTURE,0,0,0,0,PRESENT_AND_FUTURE,0,0,0,0,0,0,PRESENT_AND_FUTURE,0,0,0,0,0,0,0,0,PRESENT_AND_FUTURE,0,0,PRESENT_AND_FUTURE,0,PRESENT_AND_FUTURE,PRESENT_AND_FUTURE,0,0,0,0,0,0,0,0,0,0,0,0,0,0,0,0,0,0,0,0,0,0,0,0,0,0,0,0,0,0,SHASTA LAKE WWTF,CA0079511,CA,CA0079511,1175720
06005233001,0,0,0,PRESENT_AND_FUTURE,0,PRESENT_AND_FUTURE,0,0,0,PRESENT_AND_FUTURE,0,0,0,PRESENT_AND_FUTURE,0,PRESENT_AND_FUTURE,0,0,0,0,0,PRESENT_AND_FUTURE,0,0,0,0,0,0,0,0,0,0,0,0,0,0,0,0,0,0,0,0,0,0,0,0,0,PRESENT_AND_FUTURE,0,0,PRESENT_AND_FUTURE,0,0,0,0,0,0,0,0,0,0,0,0,0,0,0,0,0,0,0,0,0,0,0,0,0,0,0,0,0,0,0,0,0,Colfax WWTF,CA0079529,CA,CA0079529,1175721
06005234001,0,0,PRESENT_AND_FUTURE,0,0,0,0,0,0,0,0,0,0,PRESENT_AND_FUTURE,0,0,0,0,0,0,0,0,0,0,0,0,0,0,0,0,0,0,0,0,0,0,0,0,0,0,0,0,0,0,0,0,0,PRESENT_AND_FUTURE,0,0,PRESENT_AND_FUTURE,0,0,0,0,0,0,0,0,0,0,0,0,0,0,0,0,0,0,0,0,0,0,0,0,0,0,0,0,0,0,0,0,0,LINCOLN WWTF,CA0084476,CA,CA0084476,1238821
06005235001,0,0,0,PRESENT_AND_FUTURE,0,0,0,0,0,PRESENT_AND_FUTURE,0,0,0,PRESENT_AND_FUTURE,0,PRESENT_AND_FUTURE,0,PRESENT_AND_FUTURE,0,0,0,0,0,0,0,0,0,0,PRESENT_AND_FUTURE,0,0,0,0,0,0,0,0,0,0,0,0,0,PRESENT_AND_FUTURE,0,0,0,0,PRESENT_AND_FUTURE,0,0,PRESENT_AND_FUTURE,0,0,0,0,PRESENT_AND_FUTURE,0,0,0,0,0,0,0,0,0,0,0,0,0,0,0,0,0,0,0,0,0,0,0,0,0,0,0,0,DIXON WWTF,R5-2014-0098,CA,,1175722
06005236001,0,0,PRESENT_AND_FUTURE,0,0,0,0,0,0,0,0,0,0,0,0,PRESENT_AND_FUTURE,0,0,0,0,0,0,0,0,0,0,0,0,0,0,0,0,0,0,0,0,0,0,0,0,0,0,0,0,0,0,0,0,0,0,PRESENT_AND_FUTURE,0,0,0,0,0,0,0,0,0,0,0,0,0,0,0,0,0,0,0,0,0,0,0,0,0,0,0,0,0,0,0,0,0,WINTERS WWTF,RS-2002-0136,CA,,1175723
06005238001,0,0,0,0,0,0,0,0,0,0,0,0,0,PRESENT_AND_FUTURE,0,PRESENT_AND_FUTURE,0,0,0,0,0,0,0,0,0,0,0,0,0,0,0,0,0,0,0,0,0,0,0,0,0,0,0,0,0,0,0,PRESENT_AND_FUTURE,0,0,PRESENT_AND_FUTURE,0,0,0,0,0,0,0,0,0,0,0,0,0,0,0,0,0,0,0,0,0,0,0,0,0,0,0,0,0,0,0,0,0,MOKELUMNE HILL WWTF,NO. 91-098,CA,,1175725
06005240001,0,0,0,0,0,PRESENT_AND_FUTURE,0,0,0,0,0,0,0,0,0,PRESENT_AND_FUTURE,0,PRESENT_AND_FUTURE,0,0,0,0,0,0,0,0,0,0,PRESENT_AND_FUTURE,0,0,PRESENT_AND_FUTURE,0,0,0,0,0,0,0,0,0,0,PRESENT_AND_FUTURE,0,0,0,0,0,0,0,PRESENT_AND_FUTURE,0,0,PRESENT_AND_FUTURE,0,PRESENT_AND_FUTURE,0,0,0,0,0,0,PRESENT_AND_FUTURE,0,0,0,0,0,0,0,0,0,0,0,0,0,0,0,0,0,0,0,0,0,Alturas WWTP,CA0078921,CA,CA0078921,1175727
06005243001,0,0,0,0,0,0,0,0,0,0,0,0,0,PRESENT_AND_FUTURE,0,PRESENT_AND_FUTURE,0,PRESENT_AND_FUTURE,0,0,0,0,0,0,0,0,0,0,PRESENT_AND_FUTURE,0,0,0,0,0,0,0,0,0,0,0,0,0,0,0,0,PRESENT_AND_FUTURE,0,PRESENT_AND_FUTURE,0,0,PRESENT_AND_FUTURE,0,0,0,0,0,0,0,0,0,0,0,PRESENT_AND_FUTURE,0,0,0,0,0,0,0,0,0,0,0,0,0,0,0,0,0,0,0,0,0,QUINCY TREATMENT PLANT,CA0078981,CA,CA0078981,1175729
06005244001,0,0,0,PRESENT_AND_FUTURE,0,0,0,0,0,PRESENT_AND_FUTURE,0,0,0,PRESENT_AND_FUTURE,0,0,0,PRESENT_AND_FUTURE,0,0,0,0,0,0,0,0,0,0,PRESENT_AND_FUTURE,0,0,0,0,0,0,0,0,0,PRESENT_AND_FUTURE,0,0,0,PRESENT_AND_FUTURE,0,0,0,0,PRESENT_AND_FUTURE,0,0,0,0,0,PRESENT_AND_FUTURE,0,0,0,0,0,0,0,0,0,0,0,0,0,0,0,0,0,0,0,0,0,0,0,0,0,0,0,0,0,0,REEDLEY WWTP,CA0081230,CA,CA0081230,1175730
06005245002,0,0,0,0,0,PRESENT_AND_FUTURE,0,0,0,PRESENT_AND_FUTURE,0,0,0,PRESENT_AND_FUTURE,0,0,0,PRESENT_AND_FUTURE,0,0,0,0,0,0,0,0,0,0,0,0,0,0,0,0,0,0,0,0,0,0,0,0,0,0,0,0,0,PRESENT_AND_FUTURE,0,0,0,0,0,0,0,PRESENT_AND_FUTURE,0,0,0,0,0,0,0,0,0,0,0,0,0,0,0,0,0,0,0,0,0,0,0,0,0,0,0,0,Corning WWTP,CA0004995,CA,CA0004995,1175731
06005246001,0,0,0,0,0,PRESENT_AND_FUTURE,0,0,0,PRESENT_AND_FUTURE,0,0,0,0,0,PRESENT_AND_FUTURE,0,PRESENT_AND_FUTURE,0,0,0,0,0,0,0,0,0,0,PRESENT_AND_FUTURE,0,0,0,0,0,0,0,0,0,0,0,0,0,PRESENT_AND_FUTURE,0,0,0,0,PRESENT_AND_FUTURE,0,0,0,0,0,PRESENT_AND_FUTURE,0,0,0,0,0,0,0,0,0,0,0,0,0,0,0,0,0,0,0,0,0,0,0,0,0,0,0,0,0,0,Corcoran WWTF,R5-2021-0025,CA,,1175732
06005249001,0,0,0,0,0,PRESENT_AND_FUTURE,0,0,PRESENT_AND_FUTURE,PRESENT_AND_FUTURE,0,0,0,0,0,PRESENT_AND_FUTURE,0,PRESENT_AND_FUTURE,0,0,0,PRESENT_AND_FUTURE,0,0,0,0,0,0,0,0,0,0,0,0,0,0,0,0,0,0,0,0,PRESENT_AND_FUTURE,0,0,0,0,0,0,0,PRESENT_AND_FUTURE,0,0,PRESENT_AND_FUTURE,0,0,0,0,0,0,0,0,0,0,0,0,0,0,0,0,0,0,0,0,0,0,0,0,0,0,0,0,0,0,Deer Creek WWTP,R5-2008-0173,CA,CA0078662,1175733
06005249003,0,0,0,0,0,PRESENT_AND_FUTURE,0,0,0,PRESENT_AND_FUTURE,0,0,0,PRESENT_AND_FUTURE,0,0,0,PRESENT_AND_FUTURE,0,0,0,0,0,0,0,0,0,0,PRESENT_AND_FUTURE,0,0,0,0,0,0,0,0,0,0,0,0,0,PRESENT_AND_FUTURE,0,0,0,0,PRESENT_AND_FUTURE,0,0,0,0,0,PRESENT_AND_FUTURE,0,0,0,0,0,0,0,0,0,0,0,0,0,0,0,0,0,0,0,0,0,0,0,0,0,0,0,0,0,0,El Dorado Hills WWTP,R5-2007-0069,CA,CA0078671,1175735
06005253001,0,0,0,0,0,PRESENT_AND_FUTURE,0,0,0,PRESENT_AND_FUTURE,0,0,0,PRESENT_AND_FUTURE,0,0,0,PRESENT_AND_FUTURE,0,0,0,0,0,0,0,0,0,0,PRESENT_AND_FUTURE,0,0,0,0,0,0,0,0,0,0,0,0,0,PRESENT_AND_FUTURE,0,0,0,0,PRESENT_AND_FUTURE,0,0,0,0,0,0,0,PRESENT_AND_FUTURE,0,0,0,0,0,0,0,0,0,0,0,0,0,0,0,0,0,0,0,0,0,0,0,0,0,0,0,0,RIO VISTA WWTF,CA0079588,CA,CA0079588,1175738
06005257001,0,0,0,0,0,PRESENT_AND_FUTURE,0,0,0,PRESENT_AND_FUTURE,0,0,0,0,0,0,0,PRESENT_AND_FUTURE,0,0,0,0,0,0,0,0,0,0,0,0,0,0,0,0,0,0,0,0,0,0,0,0,0,0,0,0,0,PRESENT_AND_FUTURE,0,0,0,0,0,0,0,PRESENT_AND_FUTURE,0,0,0,0,0,0,0,0,0,0,0,0,0,0,0,0,0,0,0,0,0,0,0,0,0,0,0,0,LINDA WWTF,CA0079651,CA,CA0079651,1175740
06005261001,0,0,0,0,0,PRESENT_AND_FUTURE,0,0,0,PRESENT_AND_FUTURE,0,0,0,0,0,0,0,PRESENT_AND_FUTURE,0,0,0,0,0,0,0,0,0,0,0,0,0,0,0,0,0,0,0,0,0,0,0,0,PRESENT_AND_FUTURE,0,0,0,0,PRESENT_AND_FUTURE,0,0,PRESENT_AND_FUTURE,0,0,PRESENT_AND_FUTURE,0,0,0,0,0,0,0,0,0,0,0,0,0,0,0,0,0,0,0,0,0,0,0,0,0,0,0,0,0,0,AVENAL WWTF,CAL038610,CA,CAL038610,1175742
06005265001,0,0,PRESENT_AND_FUTURE,0,0,0,0,0,0,0,0,0,0,PRESENT_AND_FUTURE,0,PRESENT_AND_FUTURE,0,0,0,0,0,0,0,0,0,0,0,0,0,0,0,0,0,0,0,0,0,0,0,0,0,0,0,0,0,0,0,PRESENT_AND_FUTURE,0,0,PRESENT_AND_FUTURE,0,0,PRESENT_AND_FUTURE,0,0,0,0,0,0,0,0,0,0,0,0,0,0,0,0,0,0,0,0,0,0,0,0,0,0,0,0,0,0,BIGGS WWTF,CA0078930,CA,CA0078930,1175744
06005271001,0,0,0,0,0,0,0,0,0,PRESENT_AND_FUTURE,0,0,0,0,0,0,0,PRESENT_AND_FUTURE,0,0,0,0,0,0,0,0,0,0,0,0,0,0,0,0,0,0,0,0,0,0,0,0,PRESENT_AND_FUTURE,0,0,0,0,PRESENT_AND_FUTURE,0,0,PRESENT_AND_FUTURE,0,0,0,0,0,0,0,0,0,0,0,0,0,0,0,0,0,0,0,0,0,0,0,0,0,0,0,0,0,0,0,0,0,BYRON SAN DIS WWTF,R5-2009-000,CA,,1175746
06005279001,0,0,0,0,0,0,0,0,0,PRESENT_AND_FUTURE,0,0,0,PRESENT_AND_FUTURE,0,0,0,PRESENT_AND_FUTURE,0,0,0,0,0,0,0,0,0,0,0,0,0,0,0,0,0,0,0,0,0,0,0,0,0,0,0,0,0,PRESENT_AND_FUTURE,0,0,PRESENT_AND_FUTURE,0,0,0,0,0,0,0,0,0,0,0,0,0,0,0,0,0,0,0,0,0,0,0,0,0,0,0,0,0,0,0,0,0,CHESTER WWTF,CA0077747,CA,CA0077747,1238822
06005282001,0,0,0,0,0,0,0,0,PRESENT_AND_FUTURE,PRESENT_AND_FUTURE,0,0,0,PRESENT_AND_FUTURE,0,0,0,0,0,0,0,0,0,0,0,0,0,0,0,0,0,0,0,0,0,0,0,0,PRESENT_AND_FUTURE,0,0,0,0,0,0,0,0,PRESENT_AND_FUTURE,0,0,0,0,0,0,0,0,0,0,0,0,0,0,0,0,0,0,0,0,0,0,0,0,0,0,0,0,0,0,0,0,0,0,0,0,CLEARLAKE OAKS WWTF,R5-2014-0707,CA,CAL010533,1175749
06005284001,0,0,PRESENT_AND_FUTURE,0,0,0,0,0,0,PRESENT_AND_FUTURE,0,0,0,0,0,PRESENT_AND_FUTURE,0,0,0,0,0,0,0,0,0,0,0,0,0,0,0,0,0,0,0,0,0,0,0,0,0,0,0,0,0,0,0,PRESENT_AND_FUTURE,0,0,PRESENT_AND_FUTURE,0,0,0,0,0,0,0,0,0,0,0,0,0,0,0,0,0,0,0,0,0,0,0,0,0,0,0,0,0,0,0,0,0,COALINGA WWTF,ORDER NO. 94-184,CA,,1175750
06005285001,0,0,0,0,0,0,0,0,0,0,0,0,0,PRESENT_AND_FUTURE,0,PRESENT_AND_FUTURE,0,PRESENT_AND_FUTURE,0,0,0,0,0,0,0,0,0,0,0,0,0,PRESENT_AND_FUTURE,0,0,0,0,0,0,PRESENT_AND_FUTURE,0,0,0,0,0,0,0,0,PRESENT_AND_FUTURE,0,0,PRESENT_AND_FUTURE,0,0,0,0,0,0,0,0,0,0,0,0,0,0,0,0,0,0,0,0,0,0,0,0,0,0,0,0,0,0,0,0,0,Cottonwood WWTP,R5-93-220,CA,CA0081507,1238823
06005297001,0,0,PRESENT_AND_FUTURE,0,0,0,0,0,0,0,0,0,0,PRESENT_AND_FUTURE,0,0,0,0,0,0,PRESENT_AND_FUTURE,0,0,0,0,0,0,0,0,0,0,PRESENT_AND_FUTURE,0,0,0,0,0,0,0,0,0,0,0,0,0,0,0,PRESENT_AND_FUTURE,0,0,0,0,0,0,0,0,0,0,0,0,0,0,0,0,0,0,0,0,0,0,0,0,0,0,0,0,0,0,0,0,0,0,0,0,Gustine WWTF,CAL081272,CA,CAL081272,1175754
06005299001,0,0,PRESENT_AND_FUTURE,0,0,0,0,0,0,0,0,0,0,0,0,0,0,0,0,0,0,0,0,0,0,0,0,0,0,0,0,0,0,0,0,0,0,0,0,0,0,0,0,0,0,0,0,PRESENT_AND_FUTURE,0,0,PRESENT_AND_FUTURE,0,0,0,0,0,0,0,0,0,0,0,0,0,0,0,0,0,0,0,0,0,0,0,0,0,0,0,0,0,0,0,0,0,HAMILTON CITY WWTF,WDR98-81,CA,,1175755
06005306001,0,0,PRESENT_AND_FUTURE,0,0,0,0,0,0,0,0,0,0,PRESENT_AND_FUTURE,0,0,0,0,0,0,0,0,0,0,0,0,0,0,0,0,0,0,0,0,0,0,0,0,0,0,0,0,0,0,0,0,0,0,0,0,PRESENT_AND_FUTURE,0,0,0,0,0,0,0,0,0,0,0,0,0,0,0,0,0,0,0,0,0,0,0,0,0,0,0,0,0,0,0,0,0,Lamont WWTF,CAL000433,CA,CAL000433,1175758
06005310001,0,0,PRESENT_AND_FUTURE,0,0,0,0,0,0,0,0,0,0,PRESENT_AND_FUTURE,0,0,0,0,0,0,0,0,0,0,0,0,0,0,0,0,0,0,0,0,0,0,0,0,0,0,0,0,0,0,0,0,0,0,0,0,0,0,0,0,0,0,0,0,0,0,0,0,PRESENT_AND_FUTURE,0,0,0,0,0,0,0,0,0,0,0,0,0,0,0,0,0,0,0,0,0,LEMOORE STP,CAL000435,CA,CAL000435,1175761
06005316001,0,0,PRESENT_AND_FUTURE,0,0,0,0,0,0,0,0,0,0,PRESENT_AND_FUTURE,0,0,0,0,0,0,0,0,0,0,0,0,0,0,PRESENT_AND_FUTURE,0,0,0,0,0,0,0,0,0,0,0,0,0,0,0,0,0,0,PRESENT_AND_FUTURE,0,0,0,0,0,0,0,0,0,0,0,0,0,0,0,0,0,0,0,0,0,0,0,0,0,0,0,0,0,0,0,0,0,0,0,0,LONDON WWTF,R5-2017-0109,CA,,1175765
06005319001,0,0,PRESENT_AND_FUTURE,0,0,0,0,0,0,0,0,0,0,0,0,0,0,0,0,0,0,0,0,0,0,0,0,0,0,0,0,0,0,0,0,0,0,0,0,0,0,0,0,0,0,0,0,PRESENT_AND_FUTURE,0,0,PRESENT_AND_FUTURE,0,0,0,0,0,0,0,0,0,0,0,0,0,0,0,0,0,0,0,0,0,0,0,0,0,0,0,0,0,0,0,0,0,McCloud WWTF,R5-2017-0078,CA,,1175766
06005322001,0,0,0,0,0,0,0,0,0,0,0,0,0,PRESENT_AND_FUTURE,0,0,0,0,0,0,0,0,0,0,0,0,0,0,0,0,0,0,0,0,0,0,0,0,0,0,0,0,0,0,0,0,0,PRESENT_AND_FUTURE,0,0,PRESENT_AND_FUTURE,0,0,0,0,0,0,0,0,0,0,0,0,0,0,0,0,0,0,0,0,0,0,0,0,0,0,0,0,0,0,0,0,0,MURPHYS WWTF,2006-0003-DWQ,CA,,1175769
06005325001,0,0,PRESENT_AND_FUTURE,0,0,0,0,0,0,0,0,0,0,0,0,0,0,0,0,0,0,0,0,0,0,0,0,0,0,0,0,0,0,0,0,0,0,0,0,0,0,0,0,0,0,0,0,PRESENT_AND_FUTURE,0,0,0,0,0,0,0,0,0,0,0,0,0,0,0,0,0,0,0,0,0,0,0,0,0,0,0,0,0,0,0,0,0,0,0,0,ORLAND WWTF,R5-2010-0087,CA,,1175771
06005329001,0,0,0,0,0,PRESENT_AND_FUTURE,0,0,PRESENT_AND_FUTURE,PRESENT_AND_FUTURE,0,0,0,PRESENT_AND_FUTURE,0,0,0,PRESENT_AND_FUTURE,0,0,0,0,0,0,0,0,0,0,0,0,0,0,0,0,0,0,0,0,0,0,0,0,PRESENT_AND_FUTURE,0,0,0,0,PRESENT_AND_FUTURE,0,0,0,0,0,PRESENT_AND_FUTURE,0,PRESENT_AND_FUTURE,0,0,0,0,0,0,0,0,0,0,0,0,0,0,0,0,0,0,0,0,0,0,0,0,0,0,0,0,Hangtown Creek WWTP,CA0078956,CA,CA0078956,1175773
06005347001,0,0,PRESENT_AND_FUTURE,0,0,0,0,0,0,PRESENT_AND_FUTURE,0,0,0,PRESENT_AND_FUTURE,0,PRESENT_AND_FUTURE,0,PRESENT_AND_FUTURE,0,0,0,0,0,0,0,0,0,0,0,0,0,0,0,0,0,0,0,0,0,0,0,0,0,0,0,0,0,PRESENT_AND_FUTURE,0,0,0,0,0,PRESENT_AND_FUTURE,0,0,0,0,0,0,0,0,0,0,0,0,0,0,0,0,0,0,0,0,0,0,0,0,0,0,0,0,0,0,TAFT WWTF,CA0080161,CA,CA0080161,1175782
06005351001,0,0,0,0,0,PRESENT_AND_FUTURE,0,0,0,PRESENT_AND_FUTURE,0,0,0,PRESENT_AND_FUTURE,0,0,0,0,0,0,0,0,0,0,0,0,0,0,0,0,0,0,0,0,PRESENT_AND_FUTURE,0,0,0,0,0,0,0,PRESENT_AND_FUTURE,0,0,0,0,PRESENT_AND_FUTURE,0,0,0,0,0,PRESENT_AND_FUTURE,0,0,0,0,0,0,0,0,0,0,PRESENT_AND_FUTURE,0,0,0,0,0,0,0,0,0,0,0,0,0,0,0,0,0,0,0,Tipton WWTF,85-170,CA,,1175785
06005357001,0,0,0,0,0,0,0,0,PRESENT_AND_FUTURE,PRESENT_AND_FUTURE,0,0,0,PRESENT_AND_FUTURE,0,PRESENT_AND_FUTURE,0,0,0,0,0,0,0,0,0,0,0,0,0,0,0,0,0,0,0,0,0,0,0,0,0,0,PRESENT_AND_FUTURE,0,0,0,0,0,0,0,PRESENT_AND_FUTURE,0,0,0,0,0,0,0,0,0,0,0,0,0,0,0,0,0,0,0,0,0,0,0,0,0,0,0,0,0,0,0,0,0,WHEATLAND WWTF,WDR 91-069,CA,,1175790
06005360001,0,0,0,0,0,0,0,0,0,0,0,0,0,0,0,PRESENT_AND_FUTURE,0,0,0,0,0,0,0,0,0,0,0,0,0,0,0,0,0,0,0,0,0,0,0,0,0,0,0,0,0,0,0,PRESENT_AND_FUTURE,0,0,0,0,0,0,0,0,0,0,0,0,0,0,0,0,0,0,0,0,0,0,0,0,0,0,0,0,0,0,0,0,0,0,0,0,Woodville WWTF,Order No. 86-108,CA,,1238827
06005366001,0,0,PRESENT_AND_FUTURE,0,0,0,0,0,0,0,0,0,0,0,0,0,0,0,0,0,0,0,0,0,0,0,0,0,0,0,0,0,0,0,0,0,0,0,0,0,0,0,0,0,0,0,0,PRESENT_AND_FUTURE,0,0,0,0,0,0,0,0,0,0,0,0,0,0,0,0,0,0,0,0,0,0,0,0,0,0,0,0,0,0,0,0,0,0,0,0,LOYALTON WWTF,R5-2009-0108,CA,,1175793
06005367001,0,0,0,0,0,PRESENT_AND_FUTURE,0,0,0,0,0,0,0,0,0,0,0,PRESENT_AND_FUTURE,0,0,0,PRESENT_AND_FUTURE,0,0,0,0,0,0,PRESENT_AND_FUTURE,0,0,PRESENT_AND_FUTURE,0,0,0,0,0,0,0,0,0,0,PRESENT_AND_FUTURE,0,0,0,0,PRESENT_AND_FUTURE,0,0,0,0,0,0,0,0,0,0,0,0,0,0,0,0,0,0,0,0,0,0,0,0,0,0,0,0,0,0,0,0,0,0,0,0,Malaga WWTF,R5-99-100,CA,CA0084239,1175794
06005368001,0,0,0,PRESENT_AND_FUTURE,PRESENT_AND_FUTURE,PRESENT_AND_FUTURE,0,0,PRESENT_AND_FUTURE,PRESENT_AND_FUTURE,0,0,0,PRESENT_AND_FUTURE,PRESENT_AND_FUTURE,PRESENT_AND_FUTURE,0,PRESENT_AND_FUTURE,0,0,0,0,0,0,0,0,0,0,PRESENT_AND_FUTURE,0,0,0,0,0,0,0,0,PRESENT_AND_FUTURE,0,0,0,0,PRESENT_AND_FUTURE,0,0,0,0,PRESENT_AND_FUTURE,0,0,0,0,PRESENT_AND_FUTURE,PRESENT_AND_FUTURE,0,PRESENT_AND_FUTURE,0,0,0,0,0,0,0,0,0,0,0,0,0,0,0,0,0,0,0,0,0,0,0,0,0,0,0,0,RED BLUFF WWTF,CA0078891,CA,CA0078891,1175795
06005421001,0,0,PRESENT_AND_FUTURE,0,0,0,0,0,0,0,0,0,0,PRESENT_AND_FUTURE,0,0,0,0,0,0,0,0,0,0,0,0,0,0,0,0,0,0,0,0,0,0,0,0,0,0,0,0,0,0,0,0,0,PRESENT_AND_FUTURE,0,0,PRESENT_AND_FUTURE,0,0,PRESENT_AND_FUTURE,0,0,0,0,0,0,0,0,0,0,0,0,0,0,0,0,0,0,0,0,0,0,0,0,0,0,0,0,0,0,Lake of the Pines WWTP,R5-2017-0085-011,CA,,1175804
06005551001,0,0,PRESENT_AND_FUTURE,0,0,0,0,0,0,0,0,0,0,PRESENT_AND_FUTURE,0,0,0,0,0,0,0,PRESENT_AND_FUTURE,0,0,0,0,0,0,0,0,0,0,0,0,0,0,0,0,0,0,0,0,0,0,0,0,0,PRESENT_AND_FUTURE,0,0,PRESENT_AND_FUTURE,0,0,0,0,0,0,0,0,0,0,0,0,0,0,0,0,0,0,0,0,0,0,0,0,0,0,0,0,0,0,0,0,0,Camino Heights Wastewater Treatment Plant,"R5-2012-0045,",CA,,1175825
06005607001,0,0,0,0,0,0,0,0,0,0,0,0,0,PRESENT_AND_FUTURE,0,0,0,0,0,0,0,0,0,0,0,0,0,0,0,0,0,0,0,0,0,0,0,0,0,0,0,0,0,0,0,0,0,PRESENT_AND_FUTURE,0,0,0,0,0,0,0,0,0,0,0,0,0,0,0,0,0,0,0,0,0,0,0,0,0,0,0,0,0,0,0,0,0,0,0,0,POPLAR WWTF,ORDER NO. 98-214,CA,,1175831
06005681001,0,0,0,0,0,0,0,0,PRESENT_AND_FUTURE,PRESENT_AND_FUTURE,0,0,0,PRESENT_AND_FUTURE,0,0,0,0,0,0,0,0,0,0,0,0,0,0,PRESENT_AND_FUTURE,0,0,0,0,0,0,0,0,0,0,0,0,0,PRESENT_AND_FUTURE,0,0,0,0,PRESENT_AND_FUTURE,0,0,PRESENT_AND_FUTURE,0,0,0,0,PRESENT_AND_FUTURE,0,0,0,0,0,0,0,0,0,0,0,0,0,0,0,0,0,0,0,0,0,0,0,0,0,0,0,0,Lake Wildwood WWTP,CA0077828,CA,CA0077828,1175845
06005682001,0,0,0,0,0,0,0,0,PRESENT_AND_FUTURE,PRESENT_AND_FUTURE,0,0,0,0,0,0,0,0,0,0,0,0,0,0,0,0,0,0,PRESENT_AND_FUTURE,0,0,0,0,0,0,0,0,0,0,0,0,0,PRESENT_AND_FUTURE,0,0,0,0,PRESENT_AND_FUTURE,0,0,0,0,0,0,0,0,0,0,0,0,0,0,0,0,0,0,0,0,0,0,0,0,0,0,0,0,0,0,0,0,0,0,0,0,Cascade Shores WWTP,CA0083241,CA,CA0083241,1175846
06005693001,0,0,0,0,0,0,0,0,0,PRESENT_AND_FUTURE,0,0,0,0,0,0,0,0,0,0,0,0,0,0,0,0,0,0,0,0,0,0,0,0,0,0,0,0,0,0,0,0,0,0,0,0,0,0,0,0,0,0,0,0,0,0,0,0,0,0,0,0,0,0,0,0,0,0,0,0,0,0,0,0,0,0,0,0,0,0,0,0,0,0,Reeder Tract  WWTF,2014-0153-DWQ-R5303,CA,,1175847
06005780001,0,0,0,0,0,0,0,0,0,0,0,0,0,0,0,0,0,0,0,0,0,0,0,0,0,0,0,0,0,0,0,0,0,0,0,0,0,0,0,0,0,0,0,0,0,0,0,0,0,0,PRESENT_AND_FUTURE,0,0,0,0,0,0,0,0,0,0,0,0,0,0,0,0,0,0,0,0,0,0,0,0,0,0,0,0,0,0,0,0,0,BIEBER WWTF,CA0000000,CA,,1175851
06005783001,0,0,0,0,0,0,0,0,0,0,0,0,0,PRESENT_AND_FUTURE,0,0,0,0,0,0,0,0,0,0,0,0,0,0,0,0,0,0,0,0,0,0,0,0,0,0,0,0,0,0,0,0,0,PRESENT_AND_FUTURE,0,0,0,0,0,0,0,0,0,0,0,0,0,0,0,0,0,0,0,0,0,0,0,0,0,0,0,0,0,0,0,0,0,0,0,0,Stallion Springs CSD WWTF,CA0080489,CA,CA0080489,1175853
06006002001,0,0,PRESENT_AND_FUTURE,0,0,PRESENT_AND_FUTURE,0,0,PRESENT_AND_FUTURE,0,0,0,0,PRESENT_AND_FUTURE,0,PRESENT_AND_FUTURE,0,0,0,0,0,0,0,0,0,0,0,0,PRESENT_AND_FUTURE,0,0,0,0,0,0,0,0,0,PRESENT_AND_FUTURE,0,0,0,0,0,0,0,0,PRESENT_AND_FUTURE,0,0,PRESENT_AND_FUTURE,0,0,0,0,0,0,0,0,0,0,0,PRESENT_AND_FUTURE,0,0,0,0,0,0,0,0,0,0,0,0,0,0,0,0,0,0,0,0,0,SUSANVILLE REG WWTF,CA0102695,CA,CA0102695,1175855
06006004001,0,PRESENT_AND_FUTURE,0,0,0,PRESENT_AND_FUTURE,0,0,0,PRESENT_AND_FUTURE,PRESENT_AND_FUTURE,0,0,0,0,PRESENT_AND_FUTURE,0,0,0,0,0,0,0,0,0,0,0,0,0,0,0,0,PRESENT_AND_FUTURE,PRESENT_AND_FUTURE,0,0,0,PRESENT_AND_FUTURE,0,0,0,0,PRESENT_AND_FUTURE,0,0,0,0,0,0,0,PRESENT_AND_FUTURE,0,PRESENT_AND_FUTURE,PRESENT_AND_FUTURE,0,PRESENT_AND_FUTURE,0,0,0,0,0,0,0,0,0,0,0,0,0,0,0,0,0,0,0,0,0,0,0,0,0,0,0,0,South Tahoe WWTF,R6T-2004-0010,CA,,1175857
06006005001,0,0,0,PRESENT_AND_FUTURE,0,0,0,0,0,PRESENT_AND_FUTURE,PRESENT_AND_FUTURE,0,0,0,0,PRESENT_AND_FUTURE,0,PRESENT_AND_FUTURE,0,0,PRESENT_AND_FUTURE,0,PRESENT_AND_FUTURE,0,0,0,0,0,0,0,0,0,0,0,0,0,0,0,0,0,0,0,PRESENT_AND_FUTURE,0,0,0,0,0,0,0,PRESENT_AND_FUTURE,0,PRESENT_AND_FUTURE,0,0,PRESENT_AND_FUTURE,0,0,0,0,0,0,0,0,0,0,0,0,0,0,0,0,0,0,0,0,0,0,0,0,0,0,0,0,Barstow WRF,R6V-2019-0252,CA,,1175858
06006008001,0,0,0,0,0,0,0,0,0,PRESENT_AND_FUTURE,0,0,0,PRESENT_AND_FUTURE,0,PRESENT_AND_FUTURE,0,0,0,0,0,0,0,0,0,0,0,0,PRESENT_AND_FUTURE,0,0,0,PRESENT_AND_FUTURE,PRESENT_AND_FUTURE,PRESENT_AND_FUTURE,0,0,0,0,0,0,0,PRESENT_AND_FUTURE,PRESENT_AND_FUTURE,0,0,0,PRESENT_AND_FUTURE,0,0,PRESENT_AND_FUTURE,0,0,0,0,0,0,0,0,0,0,0,0,0,PRESENT_AND_FUTURE,0,0,0,0,0,0,0,0,0,0,0,0,0,0,0,0,0,0,0,Tahoe-Truckee WWTP,R6T-2002-0030,CA,,1175861
06006009001,0,0,0,0,0,PRESENT_AND_FUTURE,0,0,0,PRESENT_AND_FUTURE,0,0,0,PRESENT_AND_FUTURE,0,PRESENT_AND_FUTURE,0,PRESENT_AND_FUTURE,0,0,0,0,0,0,0,0,PRESENT_AND_FUTURE,0,PRESENT_AND_FUTURE,0,0,0,0,0,0,0,0,0,0,0,0,0,PRESENT_AND_FUTURE,0,0,0,0,PRESENT_AND_FUTURE,0,0,0,0,PRESENT_AND_FUTURE,PRESENT_AND_FUTURE,0,PRESENT_AND_FUTURE,0,0,0,0,0,0,0,0,0,0,0,0,0,0,0,0,0,0,0,0,0,0,0,0,0,0,0,0,Victor Valley Regional WWRP,CA0102822,CA,CA0102822,1175862
06006010001,0,0,0,0,0,PRESENT_AND_FUTURE,0,0,PRESENT_AND_FUTURE,PRESENT_AND_FUTURE,0,0,0,PRESENT_AND_FUTURE,0,0,0,0,0,0,0,PRESENT_AND_FUTURE,0,0,0,0,0,0,PRESENT_AND_FUTURE,0,0,0,0,0,PRESENT_AND_FUTURE,0,0,0,0,0,0,0,PRESENT_AND_FUTURE,0,0,0,0,PRESENT_AND_FUTURE,0,0,0,0,0,PRESENT_AND_FUTURE,0,0,0,0,0,0,0,0,0,0,PRESENT_AND_FUTURE,0,0,0,0,0,0,0,0,0,0,0,0,0,0,0,0,0,0,0,Mammoth Community WWTF,R6V-2009-0035,CA,,1175863
06006011001,0,0,0,0,0,PRESENT_AND_FUTURE,0,0,0,PRESENT_AND_FUTURE,0,0,0,PRESENT_AND_FUTURE,0,0,0,PRESENT_AND_FUTURE,0,0,0,0,0,0,0,0,0,0,0,0,0,0,0,0,0,0,0,0,PRESENT_AND_FUTURE,0,0,0,0,0,0,0,0,PRESENT_AND_FUTURE,0,0,0,0,0,0,0,0,0,0,0,0,0,0,0,0,0,0,0,0,0,0,0,0,0,0,0,0,0,0,0,0,0,0,0,0,JUNE LAKE WWTF,2016-0039-DWQ,CA,,1175864
06006012001,0,0,0,0,0,PRESENT_AND_FUTURE,0,0,0,PRESENT_AND_FUTURE,0,0,0,0,0,PRESENT_AND_FUTURE,0,PRESENT_AND_FUTURE,0,0,0,PRESENT_AND_FUTURE,0,0,0,0,0,0,0,0,0,0,0,0,0,0,0,0,0,0,0,0,0,0,0,0,0,PRESENT_AND_FUTURE,0,0,0,0,0,0,0,0,0,0,0,0,0,0,0,0,0,0,0,0,0,0,0,0,0,0,0,0,0,0,0,0,0,0,0,0,HILTON CREEK WWTF,2006-0003-DWQ,CA,,1175865
06006013001,0,0,0,0,0,0,0,0,0,PRESENT_AND_FUTURE,0,0,0,PRESENT_AND_FUTURE,0,PRESENT_AND_FUTURE,0,0,0,0,0,0,0,0,0,0,0,0,PRESENT_AND_FUTURE,0,0,0,0,PRESENT_AND_FUTURE,PRESENT_AND_FUTURE,0,0,0,0,0,0,0,PRESENT_AND_FUTURE,0,0,0,0,0,0,0,0,0,PRESENT_AND_FUTURE,0,0,PRESENT_AND_FUTURE,0,0,0,0,0,0,0,0,PRESENT_AND_FUTURE,0,0,0,0,0,0,0,0,0,0,0,0,0,0,0,0,0,0,0,L. ARROWHEAD WWTF,2013-0002-DWQ,CA,,1175866
06006021001,0,0,0,PRESENT_AND_FUTURE,0,0,0,0,0,PRESENT_AND_FUTURE,0,0,0,PRESENT_AND_FUTURE,0,0,0,0,0,0,0,0,0,0,0,0,0,0,PRESENT_AND_FUTURE,0,0,0,0,0,0,0,0,0,0,0,0,0,PRESENT_AND_FUTURE,0,0,0,0,0,0,0,0,0,PRESENT_AND_FUTURE,PRESENT_AND_FUTURE,0,0,0,0,0,0,0,0,0,0,0,0,0,0,0,0,0,0,0,0,0,0,0,0,0,0,0,0,0,0,HOUSTON CREEK WWTF,WDR-R6-1994-0057,CA,,1175876
06006027001,0,0,PRESENT_AND_FUTURE,0,0,0,0,0,0,0,0,0,0,PRESENT_AND_FUTURE,0,PRESENT_AND_FUTURE,0,0,0,0,0,0,0,0,0,0,0,0,0,0,0,0,0,0,0,0,0,0,0,0,0,0,0,0,0,0,0,PRESENT_AND_FUTURE,0,0,0,0,0,0,0,0,0,0,0,0,0,0,0,0,0,0,0,0,0,0,0,0,0,0,0,0,0,0,0,0,0,0,0,0,BRIDGEPORT WWTF,WDID No.: 6A26530090,CA,,1175883
06006031001,0,0,PRESENT_AND_FUTURE,0,0,0,0,0,0,0,0,0,0,0,0,0,0,0,0,0,0,0,0,0,0,0,0,0,0,0,0,0,0,0,0,0,0,0,0,0,0,0,0,0,0,0,0,PRESENT_AND_FUTURE,0,0,0,0,0,PRESENT_AND_FUTURE,0,0,0,0,0,0,0,0,0,0,0,0,0,0,0,0,0,0,0,0,0,0,0,0,0,0,0,0,0,0,DESERT LAKE WWTF,6-01-55,CA,,1175885
06006041001,0,0,PRESENT_AND_FUTURE,0,0,0,0,0,0,PRESENT_AND_FUTURE,0,0,0,0,0,0,0,PRESENT_AND_FUTURE,0,0,0,0,0,0,0,0,0,0,0,0,0,0,0,0,0,0,0,0,0,0,0,0,0,0,0,0,0,0,0,0,PRESENT_AND_FUTURE,0,0,0,0,0,0,0,0,0,0,0,0,0,0,0,0,0,0,0,0,0,0,0,0,0,0,0,0,0,0,0,0,0,Rosamond WWTF,R6V-2019-0251,CA,,1175894
06006049001,0,0,PRESENT_AND_FUTURE,0,0,0,0,0,0,0,0,0,0,0,0,0,0,0,0,0,0,0,0,0,0,0,0,0,0,0,0,0,0,0,0,0,0,0,0,0,0,0,0,0,0,0,0,PRESENT_AND_FUTURE,0,0,PRESENT_AND_FUTURE,0,0,0,0,0,0,0,0,0,0,0,0,0,0,0,0,0,0,0,0,0,0,0,0,0,0,0,0,0,0,0,0,0,MOJAVE WWTF,NO. 6-01-36,CA,,1175898
06007002001,0,0,0,0,0,PRESENT_AND_FUTURE,0,0,0,PRESENT_AND_FUTURE,0,0,0,PRESENT_AND_FUTURE,0,PRESENT_AND_FUTURE,0,PRESENT_AND_FUTURE,0,0,0,0,0,0,0,0,0,0,PRESENT_AND_FUTURE,0,0,0,0,0,0,0,0,0,0,0,0,0,PRESENT_AND_FUTURE,0,0,0,0,PRESENT_AND_FUTURE,0,0,0,0,0,0,0,PRESENT_AND_FUTURE,0,0,0,0,0,0,0,0,0,0,0,0,0,0,0,0,0,0,0,0,0,0,0,0,0,0,0,0,EL CENTRO WWTF,CA0104426,CA,CA0104426,1175909
06007003001,0,0,0,0,0,PRESENT_AND_FUTURE,0,0,0,PRESENT_AND_FUTURE,0,0,0,PRESENT_AND_FUTURE,0,PRESENT_AND_FUTURE,0,PRESENT_AND_FUTURE,0,0,0,0,0,0,0,0,0,0,PRESENT_AND_FUTURE,0,0,0,0,0,PRESENT_AND_FUTURE,0,0,0,0,0,0,0,PRESENT_AND_FUTURE,0,0,0,0,PRESENT_AND_FUTURE,0,0,0,0,PRESENT_AND_FUTURE,PRESENT_AND_FUTURE,0,0,0,0,0,0,0,0,0,0,PRESENT_AND_FUTURE,0,0,0,0,0,0,0,0,0,0,0,0,0,0,0,0,0,0,0,PALM SPRINGS WWRF,R7-2015-0013,CA,,1175910
06007005001,0,0,0,0,0,PRESENT_AND_FUTURE,0,0,0,PRESENT_AND_FUTURE,0,0,0,PRESENT_AND_FUTURE,0,PRESENT_AND_FUTURE,0,PRESENT_AND_FUTURE,0,0,0,PRESENT_AND_FUTURE,0,0,0,0,0,0,0,0,0,0,0,0,0,0,0,0,0,0,0,0,PRESENT_AND_FUTURE,0,0,0,0,0,0,0,0,0,0,0,0,0,0,0,0,0,0,0,0,0,0,0,0,0,0,0,0,0,0,0,0,0,0,0,0,0,0,0,0,0,CALEXICO WWTF,CA7000009,CA,CA7000009,1175911
06007007001,0,0,PRESENT_AND_FUTURE,0,0,0,0,0,0,PRESENT_AND_FUTURE,0,0,0,PRESENT_AND_FUTURE,0,PRESENT_AND_FUTURE,0,PRESENT_AND_FUTURE,0,0,0,0,0,0,0,0,0,0,PRESENT_AND_FUTURE,0,0,0,0,0,0,0,0,0,0,0,0,0,0,0,0,0,0,PRESENT_AND_FUTURE,0,0,PRESENT_AND_FUTURE,0,0,0,0,0,0,0,0,0,0,0,0,0,0,0,0,0,0,0,0,0,0,0,0,0,0,0,0,0,0,0,0,0,CALIPATRIA WWTF,CA0105015,CA,CA0105015,1175913
06007010001,0,0,0,0,0,PRESENT_AND_FUTURE,0,0,PRESENT_AND_FUTURE,PRESENT_AND_FUTURE,0,0,0,PRESENT_AND_FUTURE,0,0,0,PRESENT_AND_FUTURE,0,0,0,0,0,0,0,0,0,0,0,0,0,0,0,0,0,0,0,0,0,0,0,0,0,0,0,0,0,PRESENT_AND_FUTURE,0,0,0,0,0,0,0,0,0,0,0,0,0,0,0,0,0,0,0,0,0,0,0,0,0,0,0,0,0,0,0,0,0,0,0,0,Blythe Regional WWTF,CAL000372,CA,CAL000372,1175920
06007011001,0,0,0,PRESENT_AND_FUTURE,0,0,0,0,0,PRESENT_AND_FUTURE,0,0,0,PRESENT_AND_FUTURE,0,PRESENT_AND_FUTURE,0,PRESENT_AND_FUTURE,0,0,0,0,0,0,0,0,0,0,0,0,0,0,0,0,0,0,0,0,PRESENT_AND_FUTURE,0,0,0,PRESENT_AND_FUTURE,0,0,0,0,PRESENT_AND_FUTURE,0,0,PRESENT_AND_FUTURE,0,0,0,0,0,0,0,0,0,0,0,0,0,0,0,0,0,0,0,0,0,0,0,0,0,0,0,0,0,0,0,0,0,HEBER WWTF,CA0104370,CA,CA0104370,1238829
06007013001,0,0,0,0,0,0,0,0,PRESENT_AND_FUTURE,0,0,0,0,PRESENT_AND_FUTURE,0,0,0,0,0,0,0,0,0,0,0,0,0,0,PRESENT_AND_FUTURE,0,0,0,0,0,0,0,0,0,0,0,0,0,PRESENT_AND_FUTURE,0,0,0,0,PRESENT_AND_FUTURE,0,0,PRESENT_AND_FUTURE,0,0,PRESENT_AND_FUTURE,0,0,0,0,0,0,0,0,0,0,0,0,0,0,0,0,0,0,0,0,0,0,0,0,0,0,0,0,0,0,HOLTVILLE WWTF,CA0104361,CA,CA0104361,1175921
06007014001,0,0,0,PRESENT_AND_FUTURE,0,0,0,0,0,PRESENT_AND_FUTURE,0,0,0,PRESENT_AND_FUTURE,0,0,0,PRESENT_AND_FUTURE,0,0,0,0,0,0,0,0,0,0,PRESENT_AND_FUTURE,0,0,0,0,0,0,0,0,0,PRESENT_AND_FUTURE,0,0,0,PRESENT_AND_FUTURE,0,0,0,0,PRESENT_AND_FUTURE,0,0,0,0,0,0,0,0,0,0,0,0,0,0,0,0,0,0,0,0,0,0,0,0,0,0,0,0,0,0,0,0,0,0,0,0,IMPERIAL WWTF,CA0104400,CA,CA0104400,1175922
06007018001,0,0,0,0,0,0,0,0,0,PRESENT_AND_FUTURE,0,0,0,0,0,PRESENT_AND_FUTURE,0,PRESENT_AND_FUTURE,0,0,0,0,0,0,0,0,0,0,0,0,0,0,0,0,0,0,0,0,0,0,0,0,0,0,0,0,0,PRESENT_AND_FUTURE,0,0,PRESENT_AND_FUTURE,0,0,0,0,0,0,0,0,0,0,0,0,0,0,0,0,0,0,0,0,0,0,0,0,0,0,0,0,0,0,0,0,0,SEELEY CWD WWTF,CA0105023,CA,CA0105023,1175927
06007019001,0,0,0,PRESENT_AND_FUTURE,0,0,0,0,0,PRESENT_AND_FUTURE,0,0,0,PRESENT_AND_FUTURE,0,0,0,PRESENT_AND_FUTURE,0,0,0,0,0,0,0,0,0,0,PRESENT_AND_FUTURE,0,0,0,0,0,0,0,0,0,0,0,0,0,PRESENT_AND_FUTURE,0,0,0,0,PRESENT_AND_FUTURE,PRESENT_AND_FUTURE,0,0,0,0,0,0,PRESENT_AND_FUTURE,0,0,0,0,0,0,0,0,0,0,0,0,0,0,0,0,0,0,0,0,0,0,0,0,0,0,0,0,WESTMORLAND WWTF,CA0105007,CA,CA0105007,1175928
06007021001,0,0,0,0,0,0,0,0,0,PRESENT_AND_FUTURE,0,0,0,0,0,PRESENT_AND_FUTURE,0,PRESENT_AND_FUTURE,0,0,0,PRESENT_AND_FUTURE,0,0,0,0,0,0,PRESENT_AND_FUTURE,0,0,0,0,0,0,0,0,0,0,0,0,0,0,0,0,0,0,PRESENT_AND_FUTURE,PRESENT_AND_FUTURE,0,0,0,0,0,0,0,0,0,0,0,0,0,0,0,0,0,0,0,0,0,0,0,0,0,0,0,0,0,0,0,0,0,0,0,Alan Horton WWTF,R7-2022-0008,CA,,1175929
06007022001,0,0,PRESENT_AND_FUTURE,0,0,PRESENT_AND_FUTURE,0,0,0,PRESENT_AND_FUTURE,0,0,0,PRESENT_AND_FUTURE,0,PRESENT_AND_FUTURE,0,PRESENT_AND_FUTURE,0,0,0,0,0,0,0,0,0,0,PRESENT_AND_FUTURE,0,0,0,0,0,0,0,0,0,0,0,0,0,PRESENT_AND_FUTURE,0,0,0,0,PRESENT_AND_FUTURE,0,0,PRESENT_AND_FUTURE,0,0,0,0,0,0,0,0,0,0,0,0,0,0,0,0,0,0,0,0,0,0,0,0,0,0,0,0,0,0,0,0,0,Brawley WWTP,CA0104523,CA,CA0104523,1175930
06007023001,0,0,0,0,0,PRESENT_AND_FUTURE,0,0,0,PRESENT_AND_FUTURE,0,0,0,PRESENT_AND_FUTURE,0,0,0,PRESENT_AND_FUTURE,0,0,0,0,0,0,0,0,0,0,PRESENT_AND_FUTURE,0,0,0,0,0,0,0,0,0,0,0,0,0,PRESENT_AND_FUTURE,0,0,0,0,PRESENT_AND_FUTURE,0,0,0,0,0,0,0,PRESENT_AND_FUTURE,0,0,0,0,0,0,0,0,0,0,0,0,0,0,0,0,0,0,0,0,0,0,0,0,0,0,0,0,Imperial Commun Colleges Dist WWTF,CA0104299,CA,CA0104299,1175931
06007025001,0,0,0,PRESENT_AND_FUTURE,0,0,0,0,0,PRESENT_AND_FUTURE,0,0,0,PRESENT_AND_FUTURE,0,0,0,PRESENT_AND_FUTURE,0,0,0,0,0,0,0,0,0,0,0,0,0,0,0,0,0,0,0,0,0,0,0,0,0,0,0,0,0,PRESENT_AND_FUTURE,0,0,0,0,0,0,0,PRESENT_AND_FUTURE,0,0,0,0,0,0,0,0,0,0,0,0,0,0,0,0,0,0,0,0,0,0,0,0,0,0,0,0,Coachella WWTP,CA0104493,CA,CA0104493,1175933
06007029001,0,0,0,0,0,PRESENT_AND_FUTURE,0,0,0,PRESENT_AND_FUTURE,0,0,0,PRESENT_AND_FUTURE,0,0,0,0,0,0,0,0,0,0,0,0,0,0,PRESENT_AND_FUTURE,0,0,0,0,0,PRESENT_AND_FUTURE,0,0,0,0,0,0,0,PRESENT_AND_FUTURE,0,0,0,0,PRESENT_AND_FUTURE,0,0,PRESENT_AND_FUTURE,0,0,0,0,PRESENT_AND_FUTURE,0,0,0,0,0,0,PRESENT_AND_FUTURE,0,PRESENT_AND_FUTURE,0,0,0,0,0,0,0,0,0,0,0,0,0,0,0,0,0,0,0,VALLEY SD WWTF,CA0104477,CA,CA0104477,1175936
06007032001,0,0,0,0,0,PRESENT_AND_FUTURE,0,0,0,PRESENT_AND_FUTURE,0,0,0,PRESENT_AND_FUTURE,0,0,0,PRESENT_AND_FUTURE,0,0,0,0,0,0,0,0,PRESENT_AND_FUTURE,0,PRESENT_AND_FUTURE,0,0,0,0,0,0,0,0,0,0,0,0,0,PRESENT_AND_FUTURE,0,0,0,0,PRESENT_AND_FUTURE,0,0,0,0,PRESENT_AND_FUTURE,PRESENT_AND_FUTURE,0,0,0,0,0,PRESENT_AND_FUTURE,0,0,0,0,0,0,0,0,0,0,0,0,0,0,0,0,0,0,0,0,0,0,0,0,BANNING WWTF,CAL000410,CA,CAL000410,1175939
06008001001,0,0,0,0,PRESENT_AND_FUTURE,PRESENT_AND_FUTURE,0,0,0,PRESENT_AND_FUTURE,PRESENT_AND_FUTURE,0,0,PRESENT_AND_FUTURE,PRESENT_AND_FUTURE,PRESENT_AND_FUTURE,0,PRESENT_AND_FUTURE,0,0,0,0,0,0,PRESENT_AND_FUTURE,0,PRESENT_AND_FUTURE,0,PRESENT_AND_FUTURE,0,0,0,PRESENT_AND_FUTURE,0,PRESENT_AND_FUTURE,0,0,PRESENT_AND_FUTURE,0,0,PRESENT_AND_FUTURE,PRESENT_AND_FUTURE,PRESENT_AND_FUTURE,0,0,0,0,PRESENT_AND_FUTURE,PRESENT_AND_FUTURE,0,PRESENT_AND_FUTURE,0,PRESENT_AND_FUTURE,PRESENT_AND_FUTURE,0,PRESENT_AND_FUTURE,0,0,PRESENT_AND_FUTURE,0,0,0,0,0,PRESENT_AND_FUTURE,0,0,0,0,0,0,0,0,0,0,0,0,0,0,0,0,0,0,0,"Riverside, City of (Regional Water Quality Control Plant)",CA0105350,CA,CA0105350,1175945
06008004001,0,0,0,0,0,PRESENT_AND_FUTURE,0,0,0,0,PRESENT_AND_FUTURE,0,0,PRESENT_AND_FUTURE,0,0,0,PRESENT_AND_FUTURE,0,0,0,0,0,0,0,0,PRESENT_AND_FUTURE,0,PRESENT_AND_FUTURE,0,0,PRESENT_AND_FUTURE,0,0,0,0,0,PRESENT_AND_FUTURE,0,0,0,0,PRESENT_AND_FUTURE,0,0,0,0,PRESENT_AND_FUTURE,PRESENT_AND_FUTURE,PRESENT_AND_FUTURE,0,0,PRESENT_AND_FUTURE,PRESENT_AND_FUTURE,0,PRESENT_AND_FUTURE,PRESENT_AND_FUTURE,0,0,0,0,0,0,0,0,0,0,0,0,0,0,0,0,0,0,0,0,0,0,0,0,0,0,0,San Bernardino WRP,CA0105392,CA,CA0105392,1175948
06008006001,0,0,0,0,0,PRESENT_AND_FUTURE,0,0,0,PRESENT_AND_FUTURE,0,0,0,PRESENT_AND_FUTURE,0,PRESENT_AND_FUTURE,0,PRESENT_AND_FUTURE,0,0,PRESENT_AND_FUTURE,0,0,0,0,0,0,0,PRESENT_AND_FUTURE,0,0,0,0,0,0,0,0,0,0,0,0,0,PRESENT_AND_FUTURE,0,0,0,0,PRESENT_AND_FUTURE,0,0,0,0,0,0,0,PRESENT_AND_FUTURE,0,0,0,0,0,0,PRESENT_AND_FUTURE,0,0,0,0,0,0,0,0,0,0,0,0,0,0,0,0,0,0,0,0,0,San Jacinto Regional WRF,CA8000188,CA,CA8000188,1175950
06008006002,0,0,PRESENT_AND_FUTURE,PRESENT_AND_FUTURE,0,0,0,0,0,PRESENT_AND_FUTURE,0,0,0,PRESENT_AND_FUTURE,0,0,0,PRESENT_AND_FUTURE,0,0,0,0,0,0,0,0,0,PRESENT_AND_FUTURE,PRESENT_AND_FUTURE,0,0,0,0,0,0,0,0,0,0,0,0,0,PRESENT_AND_FUTURE,0,0,0,0,PRESENT_AND_FUTURE,0,0,0,0,0,0,0,PRESENT_AND_FUTURE,0,0,0,0,0,0,0,0,0,0,0,0,0,0,0,0,0,0,0,0,0,0,0,0,0,0,0,0,Moreno Valley Regional WRF,CA8000188,CA,CA8000188,1175951
06008006006,0,0,0,0,0,0,0,0,PRESENT_AND_FUTURE,PRESENT_AND_FUTURE,0,0,0,PRESENT_AND_FUTURE,0,PRESENT_AND_FUTURE,0,PRESENT_AND_FUTURE,0,0,0,PRESENT_AND_FUTURE,0,0,0,0,0,0,PRESENT_AND_FUTURE,0,0,0,0,0,0,0,0,0,0,0,0,PRESENT_AND_FUTURE,PRESENT_AND_FUTURE,0,0,0,0,PRESENT_AND_FUTURE,0,0,0,0,0,0,0,PRESENT_AND_FUTURE,0,0,0,0,0,0,0,0,0,0,0,0,0,0,0,0,0,0,0,0,0,0,0,0,0,0,0,0,Perris Valley Regional WRF,CA8000188,CA,CA8000188,1175954
06008007001,0,0,0,0,0,0,0,0,0,PRESENT_AND_FUTURE,0,0,0,PRESENT_AND_FUTURE,0,0,0,PRESENT_AND_FUTURE,0,0,0,PRESENT_AND_FUTURE,0,0,0,0,PRESENT_AND_FUTURE,0,PRESENT_AND_FUTURE,0,0,0,0,0,0,0,0,PRESENT_AND_FUTURE,0,0,0,0,PRESENT_AND_FUTURE,0,0,0,0,PRESENT_AND_FUTURE,0,0,0,0,PRESENT_AND_FUTURE,0,0,0,0,0,0,0,0,0,0,0,0,0,0,0,0,0,0,0,0,0,0,0,0,0,0,0,0,0,0,0,BIG BEAR AREA REG WWTF,CA8000344,CA,,1175956
06008010001,0,0,0,0,PRESENT_AND_FUTURE,PRESENT_AND_FUTURE,0,PRESENT_AND_FUTURE,0,PRESENT_AND_FUTURE,PRESENT_AND_FUTURE,0,0,PRESENT_AND_FUTURE,PRESENT_AND_FUTURE,PRESENT_AND_FUTURE,0,0,0,0,PRESENT_AND_FUTURE,0,0,0,0,0,PRESENT_AND_FUTURE,0,0,0,0,0,0,0,0,0,0,PRESENT_AND_FUTURE,0,0,0,0,PRESENT_AND_FUTURE,0,0,0,0,PRESENT_AND_FUTURE,0,0,0,0,PRESENT_AND_FUTURE,PRESENT_AND_FUTURE,0,PRESENT_AND_FUTURE,PRESENT_AND_FUTURE,0,0,0,0,0,0,0,0,0,0,0,0,0,0,0,0,0,0,0,0,0,0,0,0,0,0,0,IEUA Regional Plant No.1,CA0105279,CA,CA8000409,1175959
06008010005,0,0,0,0,0,0,0,PRESENT_AND_FUTURE,0,0,0,0,0,PRESENT_AND_FUTURE,0,0,0,0,0,0,0,0,0,0,0,0,0,0,0,0,0,0,0,0,0,0,0,0,0,0,0,0,PRESENT_AND_FUTURE,0,0,0,0,PRESENT_AND_FUTURE,PRESENT_AND_FUTURE,0,0,0,0,0,0,0,0,0,0,0,0,0,0,0,0,0,0,0,0,0,0,0,0,0,0,0,0,0,0,0,0,0,0,0,IEUA Regional Plant No.5,R8-04-006,CA,CA8000409,3486593
06008010006,0,0,0,0,0,0,0,PRESENT_AND_FUTURE,0,0,0,0,0,0,0,0,0,0,0,0,0,0,0,0,0,0,0,0,PRESENT_AND_FUTURE,0,0,0,0,0,0,0,0,0,0,0,0,0,PRESENT_AND_FUTURE,0,0,0,0,PRESENT_AND_FUTURE,PRESENT_AND_FUTURE,0,0,0,0,0,0,0,0,0,0,0,0,0,0,0,0,0,0,0,0,0,0,0,0,0,0,0,0,0,0,0,0,0,0,0,IEUA Carbon Canyon WRF,R8-04-020,CA,CA8000073,3486596
06008012001,0,0,0,0,0,PRESENT_AND_FUTURE,0,0,0,PRESENT_AND_FUTURE,0,0,0,PRESENT_AND_FUTURE,0,PRESENT_AND_FUTURE,0,PRESENT_AND_FUTURE,0,0,0,0,0,0,0,0,0,0,0,0,0,0,0,0,0,0,0,0,0,0,0,0,PRESENT_AND_FUTURE,0,0,0,0,PRESENT_AND_FUTURE,0,0,PRESENT_AND_FUTURE,0,0,PRESENT_AND_FUTURE,0,PRESENT_AND_FUTURE,0,0,0,0,0,0,0,0,0,0,0,0,0,0,0,0,0,0,0,0,0,0,0,0,0,0,0,0,BEAUMONT WWTF,CA0105376,CA,CA0105376,1175963
06008019001,0,0,0,0,0,PRESENT_AND_FUTURE,0,0,0,PRESENT_AND_FUTURE,0,0,0,PRESENT_AND_FUTURE,0,0,0,PRESENT_AND_FUTURE,0,0,PRESENT_AND_FUTURE,0,0,0,0,0,PRESENT_AND_FUTURE,0,PRESENT_AND_FUTURE,0,0,0,0,0,0,0,0,0,0,0,0,0,PRESENT_AND_FUTURE,0,0,0,0,PRESENT_AND_FUTURE,0,0,0,0,PRESENT_AND_FUTURE,0,0,PRESENT_AND_FUTURE,0,0,0,0,0,0,0,0,0,0,0,0,0,0,0,0,0,0,0,0,0,0,0,0,0,0,0,0,Yucaipa Valley WD WWTP,R8-01-009,CA,CA0105619,1175972
06008020001,0,0,0,0,0,PRESENT_AND_FUTURE,0,PRESENT_AND_FUTURE,0,PRESENT_AND_FUTURE,0,0,0,0,0,PRESENT_AND_FUTURE,0,PRESENT_AND_FUTURE,0,0,0,0,0,0,0,0,0,0,PRESENT_AND_FUTURE,0,0,0,0,0,PRESENT_AND_FUTURE,0,0,0,0,0,0,0,PRESENT_AND_FUTURE,0,0,0,0,PRESENT_AND_FUTURE,PRESENT_AND_FUTURE,0,PRESENT_AND_FUTURE,0,0,0,0,PRESENT_AND_FUTURE,0,0,0,0,0,PRESENT_AND_FUTURE,0,0,PRESENT_AND_FUTURE,0,0,0,0,0,0,0,0,0,0,0,0,0,0,0,0,0,0,0,Corona WWTF #1,CA8000383,CA,CA8000383,1175973
06008020002,0,0,0,0,0,0,0,0,0,0,0,0,0,0,0,0,0,0,0,0,0,0,0,0,0,0,0,0,0,0,0,0,0,0,0,0,0,0,0,0,0,0,0,0,0,0,0,0,0,0,0,0,0,0,0,PRESENT_AND_FUTURE,0,0,0,0,0,0,0,0,0,0,0,0,0,0,0,0,0,0,0,0,0,0,0,0,0,0,0,0,Corona WWTF #2,R8-2011-0015,CA,,1175974
06008022001,0,0,0,0,0,PRESENT_AND_FUTURE,0,0,0,PRESENT_AND_FUTURE,0,0,0,PRESENT_AND_FUTURE,0,0,0,0,0,0,PRESENT_AND_FUTURE,0,0,0,0,0,PRESENT_AND_FUTURE,0,PRESENT_AND_FUTURE,0,0,0,0,0,PRESENT_AND_FUTURE,0,0,0,0,0,0,0,PRESENT_AND_FUTURE,0,0,0,0,PRESENT_AND_FUTURE,PRESENT_AND_FUTURE,0,0,0,PRESENT_AND_FUTURE,PRESENT_AND_FUTURE,0,0,0,0,0,0,0,0,0,0,PRESENT_AND_FUTURE,0,0,0,0,0,0,0,0,0,0,0,0,0,0,0,0,0,0,0,OCSD WRP No. 1,CA0110604,CA,CA0110604,1175976
06008022002,0,0,0,0,0,PRESENT_AND_FUTURE,0,0,0,PRESENT_AND_FUTURE,PRESENT_AND_FUTURE,0,0,PRESENT_AND_FUTURE,0,0,0,PRESENT_AND_FUTURE,0,0,0,0,0,0,0,0,0,0,PRESENT_AND_FUTURE,0,0,0,0,0,0,0,0,0,0,0,0,0,PRESENT_AND_FUTURE,0,0,0,0,PRESENT_AND_FUTURE,PRESENT_AND_FUTURE,0,0,0,0,0,0,PRESENT_AND_FUTURE,0,0,0,0,0,0,0,0,0,0,0,0,0,0,0,0,0,0,0,0,0,0,0,0,0,0,0,0,OCSD WWTP No. 2,CA0110604,CA,CA0110604,1175977
06008024001,0,0,0,0,0,PRESENT_AND_FUTURE,0,0,0,PRESENT_AND_FUTURE,0,0,0,PRESENT_AND_FUTURE,0,0,0,PRESENT_AND_FUTURE,0,0,0,0,0,0,0,0,0,0,PRESENT_AND_FUTURE,0,0,0,0,0,0,0,0,0,0,0,0,0,PRESENT_AND_FUTURE,0,0,0,0,0,0,0,0,0,0,0,0,PRESENT_AND_FUTURE,0,0,0,0,0,0,0,0,0,0,0,0,0,0,0,0,0,0,0,0,0,0,0,0,0,0,0,0,COLTON WWTF,CA0105236,CA,CA0105236,1175978
06008033001,0,0,0,PRESENT_AND_FUTURE,0,0,0,0,0,0,0,0,0,PRESENT_AND_FUTURE,0,PRESENT_AND_FUTURE,0,PRESENT_AND_FUTURE,0,0,0,0,0,0,0,0,PRESENT_AND_FUTURE,0,PRESENT_AND_FUTURE,0,0,PRESENT_AND_FUTURE,0,0,0,0,0,0,0,0,0,0,PRESENT_AND_FUTURE,0,0,0,0,PRESENT_AND_FUTURE,0,0,0,0,PRESENT_AND_FUTURE,PRESENT_AND_FUTURE,0,PRESENT_AND_FUTURE,0,0,0,0,0,0,0,0,0,0,0,0,0,0,0,0,0,0,0,0,0,0,0,0,0,0,0,0,Michelson WRP,CA8000326,CA,CA8000326,1175988
06008034001,0,0,0,0,0,0,0,0,0,PRESENT_AND_FUTURE,0,0,0,PRESENT_AND_FUTURE,0,PRESENT_AND_FUTURE,0,PRESENT_AND_FUTURE,0,0,0,0,0,0,0,0,0,0,0,0,0,0,0,0,0,0,0,0,0,0,0,0,0,0,0,0,0,0,0,0,PRESENT_AND_FUTURE,0,0,0,0,PRESENT_AND_FUTURE,0,0,0,0,0,0,0,0,0,0,0,0,0,0,0,0,0,0,0,0,0,0,0,0,0,0,0,0,Railroad Canyon WWTP,96-34,CA,,1175989
06008041002,0,0,0,PRESENT_AND_FUTURE,0,0,0,0,0,PRESENT_AND_FUTURE,0,0,0,PRESENT_AND_FUTURE,0,PRESENT_AND_FUTURE,0,PRESENT_AND_FUTURE,0,0,0,0,0,0,0,0,0,0,0,0,0,0,0,0,0,0,0,0,PRESENT_AND_FUTURE,0,0,0,0,0,0,0,0,PRESENT_AND_FUTURE,0,0,0,0,PRESENT_AND_FUTURE,PRESENT_AND_FUTURE,0,0,0,0,0,0,0,0,0,0,0,0,0,0,0,0,0,0,0,0,0,0,0,0,0,0,0,0,0,0,Lake Elsinore Regional WWTP,CA8000027,CA,CA8000027,1175996
06008052001,0,0,0,0,0,PRESENT_AND_FUTURE,0,0,0,PRESENT_AND_FUTURE,0,0,0,PRESENT_AND_FUTURE,0,PRESENT_AND_FUTURE,0,PRESENT_AND_FUTURE,0,0,0,0,0,0,0,0,0,0,0,0,0,0,0,0,0,0,0,PRESENT_AND_FUTURE,0,0,0,0,PRESENT_AND_FUTURE,0,0,0,0,PRESENT_AND_FUTURE,0,0,0,0,0,0,0,PRESENT_AND_FUTURE,0,0,0,0,0,0,0,0,0,0,0,0,0,0,0,0,0,0,0,0,0,0,0,0,0,0,0,0,Rialto WWTP,CA0105295,CA,CA0105295,1176004
06008085001,0,0,0,0,0,0,0,0,0,0,0,0,0,PRESENT_AND_FUTURE,0,0,0,0,0,0,0,0,0,0,0,0,0,0,PRESENT_AND_FUTURE,0,0,0,0,0,0,0,0,0,0,0,0,PRESENT_AND_FUTURE,PRESENT_AND_FUTURE,0,0,0,0,PRESENT_AND_FUTURE,0,0,0,0,0,0,0,PRESENT_AND_FUTURE,0,0,0,0,0,0,0,0,0,0,0,0,0,0,0,0,0,0,0,0,0,0,0,0,0,0,0,0,Temecula Valley Regional WRF,CA8000188,CA,CA8000188,1176028
06008100001,0,0,0,0,0,0,0,0,0,0,0,0,0,PRESENT_AND_FUTURE,0,0,0,0,0,0,PRESENT_AND_FUTURE,0,0,0,0,0,0,0,PRESENT_AND_FUTURE,0,0,0,0,0,0,0,0,0,0,0,0,0,PRESENT_AND_FUTURE,0,0,0,0,PRESENT_AND_FUTURE,0,0,PRESENT_AND_FUTURE,0,0,0,0,PRESENT_AND_FUTURE,0,0,0,0,0,0,0,0,0,0,0,0,0,0,0,0,0,0,0,0,0,0,0,0,0,0,0,0,El Toro Water District (Water Reclamation Plant),RB-2015-0023,CA,CA0107611,1176031
06009004001,0,0,0,PRESENT_AND_FUTURE,0,PRESENT_AND_FUTURE,0,0,0,PRESENT_AND_FUTURE,0,0,0,PRESENT_AND_FUTURE,0,PRESENT_AND_FUTURE,0,PRESENT_AND_FUTURE,0,0,0,0,0,0,0,0,0,0,PRESENT_AND_FUTURE,0,0,PRESENT_AND_FUTURE,0,0,0,0,0,0,0,0,0,0,0,0,0,0,0,PRESENT_AND_FUTURE,0,0,0,0,0,PRESENT_AND_FUTURE,0,PRESENT_AND_FUTURE,0,0,0,0,0,0,0,0,0,0,0,0,0,0,0,0,0,0,0,0,0,0,0,0,0,0,0,0,FALLBROOK WWTF #1,CA0108031,CA,CA0108031,1176034
06009006001,0,0,0,0,0,0,0,0,0,0,0,0,0,PRESENT_AND_FUTURE,0,0,0,0,0,0,0,0,0,0,0,0,PRESENT_AND_FUTURE,0,PRESENT_AND_FUTURE,0,0,0,0,0,0,0,0,PRESENT_AND_FUTURE,0,0,0,0,PRESENT_AND_FUTURE,0,0,0,0,PRESENT_AND_FUTURE,0,0,0,0,PRESENT_AND_FUTURE,PRESENT_AND_FUTURE,0,PRESENT_AND_FUTURE,0,0,0,0,0,0,PRESENT_AND_FUTURE,0,0,0,0,0,0,0,0,0,0,0,0,0,0,0,0,0,0,0,0,0,South Orange County Wastewater Authority (Coastal Treatment Plant),CA0107611,CA,CA0107611,1176037
06009011001,0,0,0,0,0,PRESENT_AND_FUTURE,0,0,PRESENT_AND_FUTURE,PRESENT_AND_FUTURE,PRESENT_AND_FUTURE,0,0,PRESENT_AND_FUTURE,0,PRESENT_AND_FUTURE,0,0,0,0,0,0,0,0,0,0,0,0,PRESENT_AND_FUTURE,0,0,0,0,0,0,0,0,0,0,0,0,0,PRESENT_AND_FUTURE,0,0,0,0,PRESENT_AND_FUTURE,PRESENT_AND_FUTURE,0,0,0,0,PRESENT_AND_FUTURE,0,0,0,0,0,0,0,0,0,0,0,0,0,0,0,0,0,0,0,0,0,0,0,0,0,0,0,0,0,0,Encina Water Pollution Control Facility,CA0107395,CA,CA0107395,1176042
06009014002,0,0,0,0,0,PRESENT_AND_FUTURE,0,0,0,PRESENT_AND_FUTURE,0,0,0,PRESENT_AND_FUTURE,0,0,0,PRESENT_AND_FUTURE,0,0,0,0,0,0,0,0,0,0,0,0,0,0,0,0,0,0,0,0,0,0,0,PRESENT_AND_FUTURE,PRESENT_AND_FUTURE,0,0,0,0,PRESENT_AND_FUTURE,0,0,0,0,0,PRESENT_AND_FUTURE,0,0,0,0,0,0,0,0,0,0,0,0,0,0,0,0,0,0,0,0,0,0,0,0,0,0,0,0,0,0,Gafner Water Recycling Facility,R9-2004-0223,CA,,1176046
06009015003,0,0,0,0,0,PRESENT_AND_FUTURE,0,0,0,PRESENT_AND_FUTURE,0,0,0,PRESENT_AND_FUTURE,0,PRESENT_AND_FUTURE,0,PRESENT_AND_FUTURE,0,0,0,PRESENT_AND_FUTURE,0,0,0,0,0,0,0,0,0,0,0,0,0,0,0,0,0,0,0,0,PRESENT_AND_FUTURE,0,0,0,0,PRESENT_AND_FUTURE,0,0,0,0,0,0,0,0,0,0,0,0,0,0,0,0,0,0,0,0,0,0,0,0,0,0,0,0,0,0,0,0,0,0,0,0,Ralph W. Chapman WRF,2006-0003-DWQ,CA,,1176047
06009016001,0,0,0,0,0,0,0,0,PRESENT_AND_FUTURE,PRESENT_AND_FUTURE,0,0,0,PRESENT_AND_FUTURE,0,0,0,PRESENT_AND_FUTURE,0,0,0,0,0,0,0,0,0,0,PRESENT_AND_FUTURE,0,0,0,0,0,0,0,0,0,0,0,0,0,0,0,0,0,0,PRESENT_AND_FUTURE,0,0,0,0,0,0,0,PRESENT_AND_FUTURE,0,0,0,0,0,0,0,0,0,0,0,0,0,0,0,0,0,0,0,0,0,0,0,0,0,0,0,0,Rancho Santa Fe WWTF,Order No. 92-04,CA,,1176048
06009019001,0,0,0,PRESENT_AND_FUTURE,0,PRESENT_AND_FUTURE,0,0,0,0,PRESENT_AND_FUTURE,0,0,PRESENT_AND_FUTURE,0,PRESENT_AND_FUTURE,0,0,0,0,0,PRESENT_AND_FUTURE,0,0,0,0,PRESENT_AND_FUTURE,0,PRESENT_AND_FUTURE,0,0,0,0,0,PRESENT_AND_FUTURE,0,0,0,0,0,0,0,PRESENT_AND_FUTURE,0,0,0,0,PRESENT_AND_FUTURE,0,0,0,0,PRESENT_AND_FUTURE,0,0,PRESENT_AND_FUTURE,0,0,0,PRESENT_AND_FUTURE,0,0,0,0,PRESENT_AND_FUTURE,PRESENT_AND_FUTURE,0,0,0,0,0,0,0,0,0,0,0,0,0,0,0,0,0,0,South Orange County Wastewater Authority  (Latham WWTP),CA0107417,CA,,1176050
06009020001,0,0,0,0,0,PRESENT_AND_FUTURE,0,0,PRESENT_AND_FUTURE,PRESENT_AND_FUTURE,0,0,0,0,0,PRESENT_AND_FUTURE,0,PRESENT_AND_FUTURE,0,0,0,0,0,0,0,0,0,0,PRESENT_AND_FUTURE,0,0,0,0,0,0,0,0,0,0,0,0,0,0,0,0,0,0,PRESENT_AND_FUTURE,0,0,0,0,0,0,0,PRESENT_AND_FUTURE,0,0,0,0,0,0,0,0,0,0,0,0,0,0,0,0,0,0,0,0,0,0,0,0,0,0,0,0,Whispering Palms WPCF,NO. 94-80,CA,,1176052
06009028001,0,0,0,0,0,PRESENT_AND_FUTURE,0,0,0,PRESENT_AND_FUTURE,PRESENT_AND_FUTURE,0,0,PRESENT_AND_FUTURE,0,PRESENT_AND_FUTURE,0,0,0,0,0,0,0,0,0,0,PRESENT_AND_FUTURE,0,PRESENT_AND_FUTURE,0,0,0,0,0,0,0,0,0,0,0,0,0,PRESENT_AND_FUTURE,0,0,0,0,PRESENT_AND_FUTURE,0,0,0,0,PRESENT_AND_FUTURE,PRESENT_AND_FUTURE,0,0,0,0,0,0,0,0,0,0,0,0,0,0,0,0,0,0,0,0,0,0,0,0,0,0,0,0,0,0,San Elijo WRF,CA0107999,CA,CA0107999,1176063
06009031001,0,0,0,0,0,PRESENT_AND_FUTURE,0,0,0,PRESENT_AND_FUTURE,0,0,0,0,0,PRESENT_AND_FUTURE,0,PRESENT_AND_FUTURE,0,0,0,0,0,0,PRESENT_AND_FUTURE,0,0,0,PRESENT_AND_FUTURE,0,0,PRESENT_AND_FUTURE,0,0,0,0,0,0,0,0,0,0,PRESENT_AND_FUTURE,0,0,0,0,PRESENT_AND_FUTURE,PRESENT_AND_FUTURE,0,0,0,0,0,0,0,0,0,0,0,0,0,0,0,0,0,0,0,0,0,0,0,0,0,0,0,0,0,0,0,0,0,0,0,Point Loma WRP,CA0107409,CA,CA0107409,1176066
06009031002,0,0,0,0,0,0,0,PRESENT_AND_FUTURE,0,0,0,0,0,PRESENT_AND_FUTURE,0,0,0,0,0,0,0,0,0,0,0,0,0,0,PRESENT_AND_FUTURE,0,0,0,0,0,0,0,0,0,0,0,0,0,0,0,0,0,0,PRESENT_AND_FUTURE,PRESENT_AND_FUTURE,0,0,0,0,0,0,0,0,0,0,0,0,0,0,0,0,0,0,0,0,0,0,0,0,0,0,0,0,0,0,0,0,0,0,0,North City WRP,CA0109398,CA,CA0109398,1176067
06009031004,0,0,0,0,0,0,0,PRESENT_AND_FUTURE,0,0,0,0,0,0,0,0,0,0,0,0,0,0,0,0,0,0,0,0,PRESENT_AND_FUTURE,0,0,0,0,0,0,0,0,0,0,0,0,0,0,0,0,0,0,PRESENT_AND_FUTURE,PRESENT_AND_FUTURE,0,0,0,0,0,PRESENT_AND_FUTURE,0,0,0,0,0,0,0,0,0,0,0,0,0,0,0,0,0,0,0,0,0,0,0,0,0,0,0,0,0,South Bay WRP,CA0108928,CA,CA0108928,1176069
06009032001,0,0,0,0,0,PRESENT_AND_FUTURE,0,PRESENT_AND_FUTURE,0,PRESENT_AND_FUTURE,0,0,PRESENT_AND_FUTURE,PRESENT_AND_FUTURE,0,PRESENT_AND_FUTURE,0,0,0,0,0,0,0,0,0,0,PRESENT_AND_FUTURE,0,PRESENT_AND_FUTURE,0,0,0,0,0,PRESENT_AND_FUTURE,0,0,0,0,0,0,0,PRESENT_AND_FUTURE,0,0,0,0,PRESENT_AND_FUTURE,0,0,0,0,PRESENT_AND_FUTURE,0,0,PRESENT_AND_FUTURE,0,0,PRESENT_AND_FUTURE,0,0,0,0,0,PRESENT_AND_FUTURE,0,0,0,0,0,0,0,0,0,0,0,0,0,0,0,0,0,0,0,Hale Avenue RRF,CA0107981,CA,CA0107981,1176070
06009036001,0,0,0,PRESENT_AND_FUTURE,0,0,0,0,0,0,0,0,0,PRESENT_AND_FUTURE,0,PRESENT_AND_FUTURE,0,0,0,0,0,0,0,0,0,0,0,0,PRESENT_AND_FUTURE,0,0,PRESENT_AND_FUTURE,0,0,0,0,0,0,0,0,0,0,PRESENT_AND_FUTURE,0,0,0,0,PRESENT_AND_FUTURE,0,0,PRESENT_AND_FUTURE,0,0,0,0,PRESENT_AND_FUTURE,0,0,0,0,0,0,PRESENT_AND_FUTURE,0,0,0,0,0,0,0,0,0,0,0,0,0,0,0,0,0,0,0,0,0,Padre Dam WRF,CA0107492,CA,CA0107492,1176075
06009038001,0,0,0,0,PRESENT_AND_FUTURE,PRESENT_AND_FUTURE,0,0,0,PRESENT_AND_FUTURE,0,0,0,PRESENT_AND_FUTURE,PRESENT_AND_FUTURE,PRESENT_AND_FUTURE,0,0,0,0,0,0,0,0,0,0,PRESENT_AND_FUTURE,0,PRESENT_AND_FUTURE,0,0,0,0,PRESENT_AND_FUTURE,PRESENT_AND_FUTURE,0,0,0,0,0,0,0,PRESENT_AND_FUTURE,0,0,0,0,0,0,0,0,0,PRESENT_AND_FUTURE,PRESENT_AND_FUTURE,0,PRESENT_AND_FUTURE,0,0,0,PRESENT_AND_FUTURE,0,0,0,0,PRESENT_AND_FUTURE,0,0,0,0,0,0,0,0,0,0,0,0,0,0,0,0,0,0,0,"San Clemente, City of (Water Reclamation Plant)",CA0107417,CA,CA0107417,1176076
06009040001,0,0,0,0,0,PRESENT_AND_FUTURE,0,0,0,PRESENT_AND_FUTURE,0,0,0,PRESENT_AND_FUTURE,0,0,0,PRESENT_AND_FUTURE,0,0,0,0,0,0,0,0,0,0,0,0,0,0,0,0,0,0,0,0,0,0,0,0,PRESENT_AND_FUTURE,0,0,0,0,PRESENT_AND_FUTURE,0,0,0,0,0,PRESENT_AND_FUTURE,0,0,0,0,0,0,0,0,0,0,0,0,0,0,0,0,0,0,0,0,0,0,0,0,0,0,0,0,0,0,Meadowlark Water Reclam. Facility,R9-2007-0018,CA,CA0107395,1176078
06009041001,0,0,0,0,0,PRESENT_AND_FUTURE,0,0,0,0,0,0,0,PRESENT_AND_FUTURE,0,PRESENT_AND_FUTURE,0,0,0,0,0,0,0,0,PRESENT_AND_FUTURE,0,0,0,PRESENT_AND_FUTURE,0,0,0,0,0,PRESENT_AND_FUTURE,0,0,0,0,0,0,0,PRESENT_AND_FUTURE,0,0,0,0,PRESENT_AND_FUTURE,0,0,PRESENT_AND_FUTURE,0,0,0,0,PRESENT_AND_FUTURE,0,0,0,PRESENT_AND_FUTURE,0,0,PRESENT_AND_FUTURE,0,PRESENT_AND_FUTURE,0,0,0,0,0,0,0,0,0,0,0,0,0,0,0,0,0,0,0,"Oceanside, City of (La Salina WWTF)",CA0107433,CA,CA0107433,1176079
06009041002,0,0,0,PRESENT_AND_FUTURE,0,0,0,0,0,PRESENT_AND_FUTURE,0,0,0,PRESENT_AND_FUTURE,0,PRESENT_AND_FUTURE,0,0,0,0,PRESENT_AND_FUTURE,0,0,0,0,0,0,0,PRESENT_AND_FUTURE,0,0,0,0,0,PRESENT_AND_FUTURE,0,0,0,0,0,0,0,PRESENT_AND_FUTURE,0,0,0,0,PRESENT_AND_FUTURE,PRESENT_AND_FUTURE,0,PRESENT_AND_FUTURE,0,0,0,0,PRESENT_AND_FUTURE,0,0,0,0,0,0,0,0,PRESENT_AND_FUTURE,0,0,0,0,0,0,0,0,0,0,0,0,0,0,0,0,0,0,0,"Oceanside, City of (San Luis Rey WWTF)",CA0107433,CA,CA0107433,1176080
06009058001,0,0,0,0,0,0,0,0,0,PRESENT_AND_FUTURE,0,0,0,PRESENT_AND_FUTURE,0,PRESENT_AND_FUTURE,0,PRESENT_AND_FUTURE,0,0,0,0,0,0,0,0,0,0,0,0,0,0,0,0,0,0,0,0,0,0,0,0,PRESENT_AND_FUTURE,0,0,0,0,PRESENT_AND_FUTURE,0,0,0,0,0,PRESENT_AND_FUTURE,0,0,0,0,0,0,0,0,0,0,0,0,0,0,0,0,0,0,0,0,0,0,0,0,0,0,0,0,0,0,RANCHO DEL CAMPO WWTF,Order WQ 2014-0153-D,CA,,1176089
06009074001,0,0,0,0,0,0,0,0,0,0,0,0,0,PRESENT_AND_FUTURE,0,PRESENT_AND_FUTURE,0,0,0,0,0,0,0,0,0,0,0,0,0,0,0,0,0,0,0,0,0,0,0,0,0,0,PRESENT_AND_FUTURE,0,0,0,0,PRESENT_AND_FUTURE,0,0,0,0,0,PRESENT_AND_FUTURE,0,PRESENT_AND_FUTURE,0,0,0,0,0,0,PRESENT_AND_FUTURE,0,0,0,0,0,0,0,0,0,0,0,0,0,0,0,0,0,0,0,0,0,Santa Margarita Water District (Oso Creek WRP),CA0107417,CA,CA0107417,1176093
06009075001,0,0,0,0,0,0,0,0,0,0,0,0,0,PRESENT_AND_FUTURE,0,PRESENT_AND_FUTURE,0,0,0,0,PRESENT_AND_FUTURE,0,0,0,0,0,0,0,PRESENT_AND_FUTURE,0,0,0,0,0,0,0,0,0,0,0,0,0,PRESENT_AND_FUTURE,0,0,0,0,PRESENT_AND_FUTURE,PRESENT_AND_FUTURE,0,PRESENT_AND_FUTURE,0,0,PRESENT_AND_FUTURE,0,PRESENT_AND_FUTURE,0,0,0,0,0,0,PRESENT_AND_FUTURE,0,0,0,0,0,0,0,0,0,0,0,0,0,0,0,0,0,0,0,0,0,MNWD WWTP 3A,CA0107417,CA,CA0107417,1176094
06009076001,0,0,PRESENT_AND_FUTURE,0,0,0,0,0,0,0,0,0,0,PRESENT_AND_FUTURE,0,0,0,0,0,0,0,0,0,0,0,0,0,0,PRESENT_AND_FUTURE,0,0,0,0,0,0,0,0,0,0,0,0,0,0,0,0,0,0,PRESENT_AND_FUTURE,0,0,PRESENT_AND_FUTURE,0,0,PRESENT_AND_FUTURE,0,0,0,0,0,0,0,0,PRESENT_AND_FUTURE,0,0,0,0,0,0,0,0,0,0,0,0,0,0,0,0,0,0,0,0,0,Irvine Ranch Water District (Los Alisos WRP),CA8000326,CA,CA8000326,1176095
06000000065,0,0,0,0,0,0,0,0,0,0,0,0,0,0,0,0,0,0,0,0,0,0,0,0,0,0,0,0,0,0,0,0,0,0,0,0,0,0,0,0,0,0,0,0,0,0,0,0,0,0,0,0,0,0,0,0,0,0,0,0,0,0,0,0,0,0,0,0,0,0,0,0,0,0,0,0,0,0,0,0,0,0,0,0,"Modesto, City of (Jennings WWTF)",CA0079103,CA,CA0079103,3606861
06000000068,0,0,0,0,0,0,0,0,0,0,0,0,0,0,0,0,0,0,0,0,0,0,0,0,0,0,0,0,0,0,0,0,0,0,0,0,0,0,0,0,0,0,0,0,0,0,0,0,0,0,0,0,0,0,0,0,0,0,0,0,0,0,0,0,0,0,0,0,0,0,0,0,0,0,0,0,0,0,0,0,0,0,0,0,Oro Loma and Castro Valley Sanitary Districts (WPCP),CA0037869,CA,CA0037869,3606909
06000000091,0,0,0,0,0,0,0,0,0,0,0,0,0,0,0,0,0,0,0,0,0,0,0,0,0,0,0,0,0,0,0,0,0,0,0,0,0,0,0,0,0,0,0,0,0,0,0,0,0,0,0,0,0,0,0,0,0,0,0,0,0,0,0,0,0,0,0,0,0,0,0,0,0,0,0,0,0,0,0,0,0,0,0,0,Calera Creek Water Recycling Plant,CA0038776,CA,CA0038776,3607829
06000000098,0,0,0,0,0,0,0,0,0,0,0,0,0,0,0,0,0,0,0,0,0,0,0,0,0,0,0,0,0,0,0,0,0,0,0,0,0,0,0,0,0,0,0,0,0,0,0,0,0,0,0,0,0,0,0,0,0,0,0,0,0,0,0,0,0,0,0,0,0,0,0,0,0,0,0,0,0,0,0,0,0,0,0,0,Town of Discovery Bay (Plant 2),CA0078590,CA,CA0078590,3607877
06000000099,0,0,0,0,0,0,0,0,0,0,0,0,0,0,0,0,0,0,0,0,0,0,0,0,0,0,0,0,0,0,0,0,0,0,0,0,0,0,0,0,0,0,0,0,0,0,0,0,0,0,0,0,0,0,0,0,0,0,0,0,0,0,0,0,0,0,0,0,0,0,0,0,0,0,0,0,0,0,0,0,0,0,0,0,Town of Discovery Bay (Plant 1),CA0078590,CA,CA0078590,3607878
06000000105,0,0,0,0,0,0,0,0,0,0,0,0,0,0,0,0,0,0,0,0,0,0,0,0,0,0,0,0,0,0,0,0,0,0,0,0,0,0,0,0,0,0,0,0,0,0,0,0,0,0,0,0,0,0,0,0,0,0,0,0,0,0,0,0,0,0,0,0,0,0,0,0,0,0,0,0,0,0,0,0,0,0,0,0,Regional Tertiary Treatment Rapid Infiltration and Extraction Facility,CA8000304,CA,CA8000304,3607961
06000000114,0,0,0,0,0,0,0,0,0,0,0,0,0,0,0,0,0,0,0,0,0,0,0,0,0,0,0,0,0,0,0,0,0,0,0,0,0,0,0,0,0,0,0,0,0,0,0,0,0,0,0,0,0,0,0,0,0,0,0,0,0,0,0,0,0,0,0,0,0,0,0,0,0,0,0,0,0,0,0,0,0,0,0,0,Point Isabel WWF,CA0038440,CA,CA0038440,3608100
06000000115,0,0,0,0,0,0,0,0,0,0,0,0,0,0,0,0,0,0,0,0,0,0,0,0,0,0,0,0,0,0,0,0,0,0,0,0,0,0,0,0,0,0,0,0,0,0,0,0,0,0,0,0,0,0,0,0,0,0,0,0,0,0,0,0,0,0,0,0,0,0,0,0,0,0,0,0,0,0,0,0,0,0,0,0,San Antonio Creek WWF,CA0038440,CA,CA0038440,3608101
06000000116,0,0,0,0,0,0,0,0,0,0,0,0,0,0,0,0,0,0,0,0,0,0,0,0,0,0,0,0,0,0,0,0,0,0,0,0,0,0,0,0,0,0,0,0,0,0,0,0,0,0,0,0,0,0,0,0,0,0,0,0,0,0,0,0,0,0,0,0,0,0,0,0,0,0,0,0,0,0,0,0,0,0,0,0,Oakport WWF,CA0038440,CA,CA0038440,3608102
06000000124,0,0,0,0,0,0,0,0,0,0,0,0,0,0,0,0,0,0,0,0,0,0,0,0,0,0,0,0,0,0,0,0,0,0,0,0,0,0,0,0,0,0,0,0,0,0,0,0,0,0,0,0,0,0,0,0,0,0,0,0,0,0,0,0,0,0,0,0,0,0,0,0,0,0,0,0,0,0,0,0,0,0,0,0,Santa Rosa WRF,CA8000188,CA,CA8000188,3608283
06000000165,0,0,0,0,0,0,0,0,0,0,0,0,0,0,0,0,0,0,0,0,0,0,0,0,0,0,0,0,0,0,0,0,0,0,0,0,0,0,0,0,0,0,0,0,0,0,0,0,0,0,0,0,0,0,0,0,0,0,0,0,0,0,0,0,0,0,0,0,0,0,0,0,0,0,0,0,0,0,0,0,0,0,0,0,North of River Sanitary District,CAL000443,CA,CAL000443,3609119
06000000171,0,0,0,0,0,0,0,0,0,0,0,0,0,0,0,0,0,0,0,0,0,0,0,0,0,0,0,0,0,0,0,0,0,0,0,0,0,0,0,0,0,0,0,0,0,0,0,0,0,0,0,0,0,0,0,0,0,0,0,0,0,0,0,0,0,0,0,0,0,0,0,0,0,0,0,0,0,0,0,0,0,0,0,0,Silicon Valley Clean Water ,CA0038369,CA,CA0038369,3609136
06000000302,0,0,0,0,0,0,0,0,0,0,0,0,0,0,0,0,0,0,0,0,0,0,0,0,0,0,0,0,0,0,0,0,0,0,0,0,0,0,0,0,0,0,0,0,0,0,0,0,0,0,0,0,0,0,0,0,0,0,0,0,0,0,0,0,0,0,0,0,0,0,0,0,0,0,0,0,0,0,0,0,0,0,0,0,Mineral Wastewater Treatment Plant,CA0084069,CA,CA0084069,3612659
06000000307,0,0,0,0,0,0,0,0,0,0,0,0,0,0,0,0,0,0,0,0,0,0,0,0,0,0,0,0,0,0,0,0,0,0,0,0,0,0,0,0,0,0,0,0,0,0,0,0,0,0,0,0,0,0,0,0,0,0,0,0,0,0,0,0,0,0,0,0,0,0,0,0,0,0,0,0,0,0,0,0,0,0,0,0,Redlands WWRF,CAL000490,CA,CAL000490,3612790
06002023001,0,0,0,0,0,0,0,0,0,0,0,0,0,0,0,0,0,0,0,0,0,0,0,0,0,0,0,0,0,0,0,0,0,0,0,0,0,0,0,0,0,0,0,0,0,0,0,0,0,0,0,0,0,0,0,0,0,0,0,0,0,0,0,0,0,0,0,0,0,0,0,0,0,0,0,0,0,0,0,0,0,0,0,0,Delta Diablo Wastewater Treatment Plant,CA0038547,CA,CA0038547,1175281
06002032004,0,0,0,0,0,0,0,0,0,0,0,0,0,0,0,0,0,0,0,0,0,0,0,0,0,0,0,0,0,0,0,0,0,0,0,0,0,0,0,0,0,0,0,0,0,0,0,0,0,0,0,0,0,0,0,0,0,0,0,0,0,0,0,0,0,0,0,0,0,0,0,0,0,0,0,0,0,0,0,0,0,0,0,0,Treasure Island WWTF,CA0110116,CA,CA0110116,442052
06002044004,0,0,0,0,0,0,0,0,0,0,0,0,0,0,0,0,0,0,0,0,0,0,0,0,0,0,0,0,0,0,0,0,0,0,0,0,0,0,0,0,0,0,0,0,0,0,0,0,0,0,0,0,0,0,0,0,0,0,0,0,0,0,0,0,0,0,0,0,0,0,0,0,0,0,0,0,0,0,0,0,0,0,0,0,Central Marin San. Agency WWTF,CA0038628,CA,CA0038628,1175304
06002054001,0,0,0,0,0,0,0,0,0,0,0,0,0,0,0,0,0,0,0,0,0,0,0,0,0,0,0,0,0,0,0,0,0,0,0,0,0,0,0,0,0,0,0,0,0,0,0,0,0,0,0,0,0,0,0,0,0,0,0,0,0,0,0,0,0,0,0,0,0,0,0,0,0,0,0,0,0,0,0,0,0,0,0,0,American Canyon WWTF,CA0038768,CA,CA0038768,3486530
06002090001,0,0,0,0,0,0,0,0,0,0,0,0,0,0,0,0,0,0,0,0,0,0,0,0,0,0,0,0,0,0,0,0,0,0,0,0,0,0,0,0,0,0,0,0,0,0,0,0,0,0,0,0,0,0,0,0,0,0,0,0,0,0,0,0,0,0,0,0,0,0,0,0,0,0,0,0,0,0,0,0,0,0,0,0,Ironhouse WRF,CA0085260,CA,CA0085260,3521216
06002155001,0,0,0,0,0,0,0,0,0,0,0,0,0,0,0,0,0,0,0,0,0,0,0,0,0,0,0,0,0,0,0,0,0,0,0,0,0,0,0,0,0,0,0,0,0,0,0,0,0,0,0,0,0,0,0,0,0,0,0,0,0,0,0,0,0,0,0,0,0,0,0,0,0,0,0,0,0,0,0,0,0,0,0,0,S. MARIN SUBREG OUTFALL,CA0037711,CA,CA0037711,1175365
06003033001,0,0,0,0,0,0,0,0,0,0,0,0,0,0,0,0,0,0,0,0,0,0,0,0,0,0,0,0,0,0,0,0,0,0,0,0,0,0,0,0,0,0,0,0,0,0,0,0,0,0,0,0,0,0,0,0,0,0,0,0,0,0,0,0,0,0,0,0,0,0,0,0,0,0,0,0,0,0,0,0,0,0,0,0,Heritage Ranch Sewer Treatm Plant,CA0048941,CA,CA0048941,3486842
06005019002,0,0,0,0,0,0,0,0,0,0,0,0,0,0,0,0,0,0,0,0,0,0,0,0,0,0,0,0,0,0,0,0,0,0,0,0,0,0,0,0,0,0,0,0,0,0,0,0,0,0,0,0,0,0,0,0,0,0,0,0,0,0,0,0,0,0,0,0,0,0,0,0,0,0,0,0,0,0,0,0,0,0,0,0,Lathrop Consolidated Treatment Facility,CA0085359,CA,CA0085359,3478130
06005082021,0,0,0,0,0,0,0,0,0,0,0,0,0,0,0,0,0,0,0,0,0,0,0,0,0,0,0,0,0,0,0,0,0,0,0,0,0,0,0,0,0,0,0,0,0,0,0,0,0,0,0,0,0,0,0,0,0,0,0,0,0,0,0,0,0,0,0,0,0,0,0,0,0,0,0,0,0,0,0,0,0,0,0,0,Forest Meadows STP,CA0085278,CA,CA0085278,3489196
06005098002,0,0,0,0,0,0,0,0,0,0,0,0,0,0,0,0,0,0,0,0,0,0,0,0,0,0,0,0,0,0,0,0,0,0,0,0,0,0,0,0,0,0,0,0,0,0,0,0,0,0,0,0,0,0,0,0,0,0,0,0,0,0,0,0,0,0,0,0,0,0,0,0,0,0,0,0,0,0,0,0,0,0,0,0,Stillwater WWTF,CA0082589,CA,CA0082589,3479031
06005294001,0,0,0,0,0,0,0,0,0,0,0,0,0,0,0,0,0,0,0,0,0,0,0,0,0,0,0,0,0,0,0,0,0,0,0,0,0,0,0,0,0,0,0,0,0,0,0,0,0,0,0,0,0,0,0,0,0,0,0,0,0,0,0,0,0,0,0,0,0,0,0,0,0,0,0,0,0,0,0,0,0,0,0,0,Delleker WWTF,CA0081744,CA,CA0081744,3478111
06008010004,0,0,0,0,0,0,0,0,0,0,0,0,0,0,0,0,0,0,0,0,0,0,0,0,0,0,0,0,0,0,0,0,0,0,0,0,0,0,0,0,0,0,0,0,0,0,0,0,0,0,0,0,0,0,0,0,0,0,0,0,0,0,0,0,0,0,0,0,0,0,0,0,0,0,0,0,0,0,0,0,0,0,0,0,IEUA Regional Plant No.4,CA8000409,CA,CA8000409,3486590
06008016003,0,0,0,0,0,0,0,0,0,0,0,0,0,0,0,0,0,0,0,0,0,0,0,0,0,0,0,0,0,0,0,0,0,0,0,0,0,0,0,0,0,0,0,0,0,0,0,0,0,0,0,0,0,0,0,0,0,0,0,0,0,0,0,0,0,0,0,0,0,0,0,0,0,0,0,0,0,0,0,0,0,0,0,0,Western Riverside Co Reg WWTP,CA8000316,CA,CA8000316,1175969
06008020003,0,0,0,0,0,0,0,0,0,0,0,0,0,0,0,0,0,0,0,0,0,0,0,0,0,0,0,0,0,0,0,0,0,0,0,0,0,0,0,0,0,0,0,0,0,0,0,0,0,0,0,0,0,0,0,0,0,0,0,0,0,0,0,0,0,0,0,0,0,0,0,0,0,0,0,0,0,0,0,0,0,0,0,0,Corona WWTP #3,CA8000395,CA,CA8000395,3518636
06008086001,0,0,0,0,0,0,0,0,0,0,0,0,0,0,0,0,0,0,0,0,0,0,0,0,0,0,0,0,0,0,0,0,0,0,0,0,0,0,0,0,0,0,0,0,0,0,0,0,0,0,0,0,0,0,0,0,0,0,0,0,0,0,0,0,0,0,0,0,0,0,0,0,0,0,0,0,0,0,0,0,0,0,0,0,Temescal Valley WD WWTP,CA8000100,CA,CA8000100,3380875
06009074002,0,0,0,0,0,0,0,0,0,0,0,0,0,0,0,0,0,0,0,0,0,0,0,0,0,0,0,0,0,0,0,0,0,0,0,0,0,0,0,0,0,0,0,0,0,0,0,0,0,0,0,0,0,0,0,0,0,0,0,0,0,0,0,0,0,0,0,0,0,0,0,0,0,0,0,0,0,0,0,0,0,0,0,0,Santa Margarita Water District (Chiquita WRP),CA0107417,CA,CA0107417,3334975
