WDID,Place ID,Facility Name,NPDES No.,Region,Latitude_CIWQS,Longitude_CIWQS,Latitude_CWNS,Longitude_CWNS,CWNS_ID,FACILITY_ID,CWNS Facility Name
1A84006ODN,216106,Crescent City WWTP,CA0022756,1,41.747406,-124.201159,41.747030,-124.201770,06001041001,1175206,Crescent City WWTF
1B83129OMEN,240307,Mendocino City CSD,CA0022870,1,39.305282,-123.806256,39.3051924,-123.80712,06001070001,1175229,Mendocino City WWTF
1B83134OHUM,252750,Rio Dell City WWTF,CA0022748,1,40.49716,-124.09453,40.4975,-124.0956,06001020001,1175189,RIO DELL WWTF
1B83136OHUM,224348,Ferndale City POTW,CA0022721,1,40.59299,-124.25944,40.593,-124.2597,06001008001,1175175,Ferndale WWTF
1B83147OHUM,252211,Redway POTW,CA0022781,1,40.129442,-123.824355,,,,,
1B84029OMEN,268960,Ukiah City WWTP,CA0022888,1,39.11233,-123.19158,39.1123,-123.1892,06001079001,1175232,Ukiah WWTF
1B82037OSON,272790,"Windsor Wastewater Treatment, Reclamation, and Disposal Facility",CA0023345,1,38.538307,-122.816771,38.5408,-122.8168,06001036001,1175202,WINDSOR WWTF
1B82084OHUM,240093,McKinleyville WWTP,CA0024490,1,40.942438,-124.1224326,40.943764,-124.121733,06001015001,1175184,MCKINLEYVILLE WWTF
1B80081OHUM,237295,Loleta WWTF,CA0023671,1,40.6383,-124.22553,40.639480,-124.226682,06001069001,1175228,LOLETA WWTF
1B82151OHUM,223010,Eureka City Elk River WWTP,CA0024449,1,40.767,-124.195,40.766290,-124.195290,06001010005,1175180,ELK RIVER WWTF
1B80078OMEN,272646,Willits City WWTP,CA0023060,1,39.41935,-123.3422889,39.418094,-123.346510,06001027001,1175195,Willits WWTF
1B83009OMEN,215966,Covelo POTW,CA0023574,1,39.78761,-123.24819,39.7861028,-123.2450909,06001040001,1175205,Covelo WWTP
1B83099OSON,255703,Santa Rosa Laguna Subregional Water Reclamation Facility,CA0022764,1,38.36877,-122.76594,38.3688,-122.7686,06001045001,1175209,Laguna Wastewater Treatment Plant
1B83100OSON,224901,Forestville Water District,CA0023043,1,38.469722,-122.889722,38.4713,-122.8894,06001009001,1175176,FORESTVILLE WWTF
1B83104OHUM,784780,Scotia Town - City,CA0006017,1,40.485278,-124.1025,,,,,
1B83118OMEN,240318,Mendocino County WWD#2-Anchor Bay,CA0024040,1,38.80352,-123.57286,38.8034,-123.5785,06001049001,1175215,ANCHOR BAY WWTF
1B84060OSON,256050,Graton CSD,CA0023639,1,38.44973,-122.88082,38.4376,-122.8699,06001032001,1175200,GRATON WWTF
2 019123001,222123,EBDA Common Outfall,CA0037869,2,,,,,,,
3 270118002,241740,Monterey One Water Regional WWTP,CA0048551,3,36.705579,-121.770115,36.7192,-121.7877,06003012001,1175381,Monterey One Water (Regional WWTP and Advanced Water Purification Facility)
3 400101001,206888,Avila WWTP,CA0047830,3,35.18224,-120.73327,35.182240,-120.732923,06003058001,1175426,AVILA BEACH WWTF
2 071008001,213875,Central Contra Costa SD WWTP,CA0037648,2,38.000327,-122.068798,37.9971,-122.0697,06002025001,1175283,Central Contra Costa WWTF
1B85017RHUM,255165,Samoa Pacific WWTP (Samoa Town Site),CA1000001,1,40.8185,-124.18551,,,,,
2 386010001,256499,"SF-SE Water Pollution Control Plant, N-Point & Bayside",CA0038873,2,37.740805,-122.390454,37.741128,-122.390571,06002032003,1175289,Southeast WPCP
2 283003001,212750,Calistoga City Dunaweal WWTP,CA0037966,2,38.578692,-122.579288,38.5673,-122.5562,06002053001,1175311,Calistoga WWTP
2 283021001,205477,American Canyon Water Reclamation Facility (WRF) (formerly WWTP),CA0038768,2,38.18883,-122.2782,38.1892,-122.2758,06002054001,3486530,American Canyon WWTF
2 215012001,236598,Las Gallinas WWTP,CA0037851,2,38.0256618,-122.5189548,38.025,-122.5169,06002108001,1175347,Las Gallinas Valley Sanitary District Sewage Treatment Plant
5B340101001,226690,Galt WWTP & Reclamation Facility,CAC443249,5S,38.29794,-121.32752,38.291419,-121.278248,06005054001,1175573,GALT WWTF
2 071029001,241815,Mt. View Sanitary District WWTP,CA0037770,2,38.01907,-122.09828,38.019097,-122.097775,06002024001,1175282,MOUNTAIN VIEW WWTF
2 215021002,239498,Marin CSD 5 Paradise Cove WWTP,CA0037427,2,37.89707,-122.46239,37.8973607,-122.4660442,06002063002,1175323,PARADISE COVE WWTF
3 400107001,255380,San Luis Obispo WWTP,CA0049224,3,35.256328,-120.673299,35.286685,-120.660095,06003004001,1175375,San Luis Obispo WRF
2 215023001,255802,Sausalito Marin City STP,CA0038067,2,37.84354,-122.4771,37.8433,-122.4775,06002072001,1175334,SAUSALITO-MARIN CITY WWTF
1B84086OHUM,256749,Shelter Cove POTW,CA0023027,1,40.03333,-124.07778,40.033702,-124.077229,06001055001,1175221,Shelter Cove WWTF
2 019014002,222130,EBMUD SD#1-Wet Wthr Bypass,CA0038440,2,,,,,,,
2 071039001,253174,Rodeo Sanitary District WWTP,CA0037826,2,38.040037,-122.26351,38.0401,-122.2636,06002064001,1175324,RODEO WWTF
2 019025001,237195,City of Livermore Water Reclamation Plant,CA0038008,2,37.69,-121.809,37.6894,-121.8075,06002109001,1175348,Livermore WRP
3 350102001,255337,San Juan Bautista WWTP,CA0047902,3,36.84967,-121.54413,36.849142,-121.544760,06003047001,1175415,SAN JUAN BAUTISTA WWTF
2 386009001,256498,SF - OCEANSIDE Water Pollution Control Plant,CA0037681,2,37.7278,-122.5047,37.7284,-122.5063,06002032005,443709,Oceanside WPCP
3 420111001,259377,Summerland SD WWTP,CA0048054,3,34.419298,-119.596606,34.4202,-119.5982,06003042001,1175409,Summerland WWTP
2 386013001,266328,Treasure Island WWTP/DOD,CA0110116,2,37.83055,-122.3704,37.8187,-122.3734,06002032004,442052,Treasure Island WWTF
2 215021001,239497,Marin CSD 5 - Tiburon WWTP,CA0037753,2,37.87264,-122.45084,37.8726463,-122.4508308,06002063001,1175322,Marin Co. SD #5 WWTF
2 417022002,212585,Calera Creek Water Recycling Plant,CA0038776,2,37.614722,-122.487778,37.615506,-122.487860,06000000091,3607829,Calera Creek Water Recycling Plant
2 215015001,255788,Sewerage Agency of Southern Marin (SASM) WWTP,CA0037711,2,37.895968,-122.52738,37.8967,-122.5274,06002015001,1175274,SASM WWTF
2 417032001,256506,SF Arprt Mel Leong TP-Industrl,CA0038318,2,37.63727,-122.38473,,,,,
5A520100001,215750,City of Corning WWTP,CA0004995,5R,39.914327,-122.12076,39.9139,-122.1027,06005245002,1175731,Corning WWTP
2 417037001,255833,SVCW WWTP,CA0038369,2,37.542547,-122.229247,37.545224,-122.227492,06000000171,3609136,Silicon Valley Clean Water
3 440124003,255632,Santa Cruz WWTP,CA0048194,3,36.961587,-122.030999,36.961685,-122.030345,06003010001,1175379,SANTA CRUZ WWTF
2 417068001,255139,SAM WWTP (Sewer Authority Mid-Coastside WWTP),CA0038598,2,37.47293,-122.44398,37.4753,-122.4388,06002058001,1175315,Sewer Authority Mid-Coastside WWTF
2 019033001,220792,Dublin San Ramon SD WWTP,CA0037613,2,37.68709,-121.91506,37.6894,-121.9147,06002006001,1175267,Dublin-San Ramon WWTF
1B82046OSON,229922,Healdsburg City WWTP,CA0025135,1,38.58393,-122.86181,38.5824,-122.8695,06001082001,1175233,HEALDSBURG WWTF
2 071032001,217831,City of Pinole WWTP,CA0037796,2,38.01292,-122.29663,38.0129,-122.2963,06002120001,1175354,Pinole-Hercules Water Pollution Control Plant
2 019032001,246217,Oro Loma/Castro Valley SD WPCP,CA0037559,2,37.669626,-122.157253,37.667822,-122.159128,06000000068,3606909,Oro Loma and Castro Valley Sanitary Districts (WPCP)
2 438011001,247457,Palo Alto Regional WQCP,CA0037834,2,37.451426,-122.10817,37.4583,-122.1108,06002012001,1175273,Palo Alto Regional WQCP
2 071034001,248886,Port Costa WWTP,CA0037885,2,38.04834,-122.18397,38.0482,-122.1839,06002021001,1175279,Port Costa WWTF
3 420107001,241288,Montecito SD WWTP,CA0047899,3,34.42059,-119.65052,34.4208504,-119.650533,06003053001,1175421,MONTECITO WWTF
3 420105001,237315,Lompoc City Regional Wastewater Reclamation Plant,CA0048127,3,34.66213,-120.483039,34.662473,-120.481245,06003050001,1175418,City of Lompoc WWTP
3 401013001,230132,Heritage Ranch WWTP,CA0048941,3,35.722487,-120.88405,35.7208,-120.8838,06003033001,3486842,Heritage Ranch Sewer Treatm Plant
3 400322963,882248,City of Morro Bay Water Reclamation Facility,CA3000002,3,35.36495,-120.82323,35.38,-120.8601,06003014001,1175382,Morro Bay Cayucos WWTF
3 400110001,255462,San Simeon WWTP,CA0047961,3,35.6118,-121.14553,35.6116,-121.1462,06003036001,1175401,SAN SIMEON ACRES WWTF
2 215116001,213889,Central Marin San. Agcy. WWTP,CA0038628,2,37.948581,-122.497326,37.948445,-122.495724,06002044004,1175304,Central Marin San. Agency WWTF
2 417035001,255420,San Mateo WWTP,CA0037541,2,37.56945,-122.29668,37.5694,-122.2966,06002043001,1175301,San Mateo WWTF
2 417032001,256507,SF Airport Mel Leong TP-Sanitary Waste,CA0038318,2,37.63731,-122.38466,37.6216,-122.3996,06002123001,1175357,S.F. International Airport WQCP
2 417037001,255833,SVCW WWTP,CA0038369,2,37.542547,-122.229247,37.5446859,-122.2286944,06002125001,1175358,S BAYSIDE WWTP
2 482012001,270006,Vallejo Flood & Wastewater District (VFWD) WWTP,CA0037699,2,38.091264,-122.251126,38.0841973,-122.2617489,06002047001,1175307,VSFCD WWTF
2 482001001,209253,Benicia WWTP,CA0038091,2,38.045819,-122.150579,38.044762,-122.146533,06002082001,1175340,BENICIA WWTF
2 438018001,259507,Sunnyvale WPCP,CA0037621,2,37.4189,-122.01606,37.418845,-122.015362,06002008001,1175269,"Sunnyvale, City of (WPCP)"
2 438014001,255333,San Jose/Santa Clara WPCP,CA0037842,2,37.431979,-121.953651,37.433806,-121.944809,06002041001,1175299,San Jose/Santa Clara WPCP
2 417021002,244566,North San Mateo County Sanitation District WWTP,CA0037737,2,37.70279,-122.48501,37.702336,-122.484233,06002040001,1175298,North San Mateo County Sanitation District WWTP
2 283009001,243858,Napa Sanitation District WWTP (Soscol Water Recycling Facility),CA0037575,2,38.23651,-122.28434,38.2356096,-122.2843624,06002033001,1175290,NAPA SANIT. DIST WWRF
2 019014001,222132,EBMUD WPCP,CA0037702,2,37.824928,-122.293919,37.8232,-122.2976,06002036001,1175294,East Bay MUD Main WWTP
5A520102001,240864,Mineral WWTP,CA0084069,5R,40.34833,-121.62444,40.347092,-121.614844,06000000302,3612659,Mineral Wastewater Treatment Plant
4B190106002,232063,Hyperion WWTP,CA0109991,4,33.924482,-118.431805,33.9308,-118.4349,06004010001,1175491,Hyperion WRP
5A31NP00001,206730,Thunder Valley Casino WWTP,CAC442169,5S,38.839045,-121.307402,,,,,
5A310106001,220768,Dry Creek WWTP,CAC426201,5S,38.73647,-121.313656,38.737348,-121.316614,06005227001,1238820,Dry Creek WWTP
5A290104003,236236,Lake of the Pines WWTP,CAC439955,5S,39.03414,-121.08119,39.0407,-121.0669,06005421001,1175804,Lake of the Pines WWTP
5A470101001,220850,Dunsmuir WWTP,CA0078441,5R,41.201809,-122.272443,41.1836,-122.2842,06005204001,1175707,DUNSMUIR WWTF
5A31NP00042,206733,Auburn WWTP,CAC448871,5S,38.883523,-121.107111,38.884569,-121.108174,06005040001,1175560,AUBURN WWTF
4B190106001,235738,Los Angeles-Glendale WWRP,CA0053953,4,34.14081,-118.273975,34.1412,-118.2731,06004010003,1175493,L.A.-Glendale WRP
5A31NP00011,238365,Lincoln City WWTF,CA0084476,5S,38.897257,-121.335423,38.8972,-121.3272,06005234001,1238821,LINCOLN WWTF
5A040106001,246251,Sewerage Commission Oroville Region WWTP,CA0079235,5R,39.4863584,-121.5656332,39.4857,-121.5634,06005088002,1175609,Sewerage Commis.-Oroville Reg. WWTP
4B190106004,267571,Donald C. Tillman WWRP,CA0056227,4,34.179565,-118.481951,34.1801,-118.4827,06004010004,1175494,Tillman WRP
4A560107009,271054,Ventura WRF,CA0064726,4,34.23639,-119.25861,34.24,-119.2612,06004006001,1175461,Ventura Water Reclamation Facility
4B190137001,273663,Edward C. Little Water Recycling Plant (Recycled Water Irrigation),CA0063401,4,33.907954,-118.394561,,,,,
4B190107048,242162,Malibu Mesa WRP,CA0059099,4,34.035694,-118.710344,34.036320,-118.698617,06004008010,1175469,MALIBU WWTF
4B190107015,238646,Los Coyotes WRP,CA0054011,4,33.87972,-118.10722,33.8799,-118.1035,06004009005,1175481,LACSD (Los Coyotes WRP)
5A040102001,271805,Chico Water Pollution Control Plant,CA0079081,5R,39.700058,-121.908067,39.6996,-121.9108,06005011001,1175532,Chico WPCP
4B190101001,212135,Burbank WRP,CA0055531,4,34.18195,-118.319332,34.1822,-118.3181,06004032001,1175516,Burbank WRP
4B190100001,208276,Avalon WWTF,CA0054372,4,33.342175,-118.318494,33.344260,-118.322239,06004016001,1175503,AVALON WWRF
4B190107020,260156,San Jose Creek Water Reclamation Plant,CA0053911,4,34.035108,-118.023042,34.0322,-118.0212,06004009003,1175479,LACSD (San Jose Creek WRP)
5A090100001,229595,Hangtown Creek WRF,CAC439621,5S,38.7317504,-120.8476377,38.7308,-120.8467,06005329001,1175773,Hangtown Creek WWTP
5A290107002,213432,Cascade Shores WWTP,CAC442921,5S,39.25995,-120.90683,39.2587,-120.9061,06005682001,1175846,Cascade Shores WWTP
4A560104001,246616,Ojai Valley WWTP,CA0053961,4,34.34376667,-119.29798333,34.346767,-119.296803,06004002001,1175457,OJAI VALLEY SD WWTF
5A290104001,236292,Lake Wildwood WWTP,CAC439953,5S,39.231055,-121.21842,39.2348,-121.2187,06005681001,1175845,Lake Wildwood WWTP
5A290101001,244141,Nevada City WWTP,CA0079901,5S,39.25975,-121.03075,39.2598,-121.0308,06005200001,1175704,NEVADA CITY WWTF
4A560105001,246946,Oxnard WWTP,CA0054097,4,34.141648,-119.185403,34.141610,-119.185739,06004027001,1175513,Oxnard WWTP
5A060101001,215225,City of Colusa WWTP,CA0078999,5S,39.197222,-122.283333,39.187861,-122.023387,06005041001,1175561,Colusa WWTP
4A190118001,658148,Newhall Ranch WRP,CA0064556,4,34.403166,-118.6896667,,,,,
5A250100001,205325,Alturas Municipal WWTP,CA0078921,5R,41.483391,-120.543491,41.4733,-120.558,06005240001,1175727,Alturas WWTP
5A110101001,272704,Willows WWTP,CAC447786,5R,39.502178,-122.192433,39.4996,-122.1886,06005035001,1175556,WILLOWS WWTF
5A290100001,227818,Grass Valley City WWTP,CAC446876,5S,39.20571,-121.06859,39.206129,-121.068681,06005198001,1175702,Grass Valley WWTF
4B190106005,267130,Terminal Island Water Reclamation Plant,CA0053856,4,33.748967,-118.25265,33.7453,-118.261,06004010002,1175492,Terminal Island WRP
4B190107016,235826,Whittier Narrows Water Reclamation Plant,CA0053716,4,34.032712,-118.068302,34.0302,-118.0671,06004009004,1175480,LACSD (Whittier Narrows WRP)
4B190107014,238562,Long Beach WRP,CA0054119,4,33.800781,-118.088048,33.8042,-118.0882,06004009006,1175482,LACSD (Long Beach WRP)
4B190107013,234156,A.K. Warren Water Resource Facility,CA0053813,4,33.802811,-118.283795,33.8044,-118.2839,06004009001,1175477,LACSD (Joint Water Pollution Control Plant)
5A340108002,254981,EchoWater Resource Recovery Facility,CA0077682,5S,38.44865,-121.46367,38.4485,-121.4617,06005009001,1175529,Sacramento Regional County Sanitation District (Sacramento Regional Treatment Plant)
5B050103001,255180,San Andreas SD WWTP,CA0079464,5S,38.210833,-120.705556,38.2023,-120.6889,06005162001,1175680,San Andreas Sanitary District WWTP
5A520101001,252119,Red Bluff WW Reclamation Plant,CA0078891,5R,40.162944,-122.221228,40.1625,-122.2167,06005368001,1175795,RED BLUFF WWTF
5B02NP00001,209035,Bear Valley WWTF,CA0085146,5S,38.45584,-120.0362,38.466207,-120.038906,06005114001,1175645,BEAR VALLEY WWTF
5A570100001,219223,City of Davis WWTP,CA0079049,5S,38.59316,-121.67089,38.5906,-121.6708,06005205001,1175708,"Davis, City of WWTP"
1B82045OSON,256061,SCWA Russian River CSD,CA0024058,1,38.485295,-123.000878,,,,,
5B05NP00007,205793,Angels City WWTP,CA0085201,5S,38.058126,-120.541998,38.058687,-120.540614,06005187001,1175696,ANGELS CAMP WWTF
4A190107023,270849,Valencia WRP,CA0054216,4,34.429975,-118.591001,34.4324,-118.5919,06004009008,1175484,LACSD (Valencia WRP)
5B05NP00014,717684,Forest Meadows WWRP,CA0085278,5S,38.16368,-120.41881,38.1499,-120.4419,06005082021,3489196,Forest Meadows STP
5A480104001,252771,Beach WWTF,CA0079588,5S,38.150105,-121.695111,38.1453,-121.6954,06005253001,1175738,RIO VISTA WWTF
5A480105002,222057,Easterly WWTP,CA0077691,5S,38.345504526656,-121.903859722691,38.3453,-121.9042,06005184001,1175693,Easterly Wastewater Treatment Plant
4A190107021,260494,Saugus Water Reclamation Plant,CA0054313,4,34.413831,-118.539766,34.4127,-118.5393,06004009007,1175483,LACSD (Saugus WRP)
5A470105001,241800,Mount Shasta WWTP,CA0078051,5R,41.278084,-122.302111,41.2928,-122.3122,06005157001,1175675,Mt. Shasta WWTF
5A450103004,258676,Stillwater WWTF,CA0082589,5R,40.4722,-122.294071,40.4969,-122.3565,06005098002,3479031,Stillwater WWTF
5A450105001,256627,Shasta Lake WWTF,CA0079511,5R,40.664722,-122.379444,40.6855,-122.391,06005232001,1175720,SHASTA LAKE WWTF
5A450103001,214802,Clear Creek WWTP,CA0079731,5R,40.502262,-122.369704,40.496917,-122.356472,06005098001,1175618,Clear Creek WWTF
5A480108001,266439,Northwest WWTF,CA0083771,5S,38.193879,-121.712801,,,,,
5A340114001,215236,Sac City Combined WW Collection/TRT Sys,CA0079111,5S,38.521584,-121.506797,,,,,
5A450001005,215903,Cottonwood WWTP,CA0081507,5R,40.385314,-122.267358,40.3855,-122.2672,06005285001,1238823,Cottonwood WWTP
5A320103001,251217,American Valley WWTP,CA0078981,5R,39.953802,-120.933363,39.9457,-120.9408,06005243001,1175729,QUINCY TREATMENT PLANT
5A570800001,268926,UC Davis Main WWTP,CA0077895,5S,38.52227,-121.75569,,,,,
5A580100002,237060,Linda Cnty Water District WWTP,CA0079651,5S,39.0977967,-121.5844613,39.101458,-121.580780,06005257001,1175740,LINDA WWTF
5A580102001,245949,Olivehurst WWTP,CA0077836,5S,39.06506,-121.55068,39.065148,-121.550546,06005031001,1175553,OLIVEHURST WWTF
5A581007001,229559,Hammonton Gold Village WWTP,CA0081574,5S,39.1945413,-121.3068047,,,,,
5A510100001,214647,Live Oak City WWTP,CAC444735,5S,39.275407,-121.661039,39.2594,-121.6786,06005024001,1175545,Live Oak WWTP
5A320102001,248936,Portola WWTP,CA0077844,5R,39.805013,-120.471338,39.80548,-120.47149,06005018001,1175539,PORTOLA WWTF
5A450100001,205741,Anderson WPCP,CA0077704,5R,40.466044,-122.280904,40.465429,-122.276266,06005023002,1175544,Anderson WWTF
5A510101001,274556,Yuba City WWTF,CA0079260,5S,39.10729,-121.61249,39.1075,-121.6123,06005081001,1175598,Yuba City WRP
5B070101001,210322,Brentwood WWTP,CA0082660,5S,37.95792,-121.68634,37.9579278,-121.6885454,06005061001,1238816,Brentwood WWTP
5B070105003,220315,Discovery Bay WWTP,CA0078590,5S,37.8145,-121.6169,37.9252742,-121.6412752,06000000099,3607878,Town of Discovery Bay (Plant 1)
5B070105003,220315,Discovery Bay WWTP,CA0078590,5S,37.8145,-121.6169,37.8894329,-121.5861765,06000000098,3607877,Town of Discovery Bay (Plant 2)
5B07NP00013,232656,Ironhouse WWTF,CA0085260,5S,38.00115,-121.7023,38.0444,-121.6944,06002090001,3521216,Ironhouse WRF
5A321010001,219530,Delleker WWTP,CA0081744,5R,39.80371,-120.50032,39.8076607,-120.4630672,06005294001,3478111,Delleker WWTF
5B090102001,219398,Deer Creek WWTP,CAC433255,5S,38.62947,-120.98715,38.628522,-120.985340,06005249001,1175733,Deer Creek WWTP
2 071107001,215234,West County Agency Outfall,CA0038539,2,37.920896,-122.378081,37.9732,-122.3371,06002057001,1175314,West County Plant
5B390104001,239343,City of Manteca WW Quality Control Facility,CA0081558,5S,37.79559,-121.26001,37.7958,-121.2606,06005146001,1175666,Manteca WQCF
5C10NP00012,214899,Clovis WWTF,CA0085235,5F,36.79481,-119.61455,,,,,
9 000000030,222754,Encina Ocean Outfall,CA0107395,9,33.11658,-117.32166,33.1188,-117.3235,06009011001,1176042,Encina WPCF
5C500102001,241146,City of Modesto WQCF,CAC448536,5S,37.613764,-121.011772,37.6137,-121.0118,06005065001,1175586,"Modesto, City of (Sutter WWTF)"
9 000000117,222509,El Toro WD WRP,CA0107611,9,33.620609,-117.731458,33.619212,-117.726477,06008100001,1176031,El Toro Water District (Water Reclamation Plant)
5D150118002,273191,Stallion Springs WWTF,CAC439983,5F,35.08252,-118.637492,35.0824,-118.6371,06005783001,1175853,Stallion Springs CSD WWTF
9 000000117,237396,IRWD Los Alisos WRP,CA0107611,9,33.66798,-117.76688,33.636488,-117.717390,06009076001,1176095,Los Alisos WRP
7A130102041,212739,Calipatria City WWTP,CA0105015,7,33.1478,-115.55137,33.147532,-115.54533,06007007001,1175913,CALIPATRIA WWTF
9 000000175,236649,J.B. Latham Wastewater Treatment Plant,CA0107417,9,33.466838,-117.685495,33.466569,-117.684742,06009019001,1176050,South Orange County Wastewater Authority  (Latham WWTP)
7A130105011,230588,Holtville City WWTP,CA0104361,7,32.82572,-115.42993,32.8257,-115.4297,06007013001,1175921,HOLTVILLE WWTF
2 01NPI441309,879361,"San Leandro, City of",CA0038881,2,37.7134,-122.2005,37.714814,-122.193031,06002042001,1175300,"San Leandro, City of (WPCP)"
7A130112012,272291,Westmorland City WWTP,CA0105007,7,33.037306,-115.630083,33.0323,-115.6301,06007019001,1175928,WESTMORLAND WWTF
7A130109011,244348,Niland SD WWTP,CA0104451,7,33.227333,-115.561667,,,,,
7A130703011,269449,US Navy Naval Air Facility WWTP,CA0104906,7,32.83863,-115.68086,,,,,
7A130106011,232297,Imperial City WWTP,CA0104400,7,32.853917,-115.56275,32.8537,-115.5639,06007014001,1175922,IMPERIAL WWTF
9 000000030,213270,Carlsbad WRF,CA0107395,9,33.114837,-117.319736,,,,,
2 215022001,244705,Novato and Ignacio WWTP,CA0037958,2,38.10034,-122.55298,38.100396,-122.553231,06002071001,1175331,Novato WWTF
2 482005001,225526,Fairfield-Suisun Sewer District Subregional WWTP,CA0038024,2,38.222082,-122.077374,38.2203,-122.0803,06002038001,1175296,Fairfield-Suisun Sewer District
7A131001011,215925,Country Life MHPRV Asset Partners LP WWTP,CA0104264,7,32.781111,-115.503139,,,,,
7A131057011,219146,Date Gardens MHP WWTP,CA0104841,7,32.79716,-115.62129,,,,,
7A330105091,216446,Coachella Valley WD WWTP,CA0104973,7,33.353111,-116.121389,,,,,
8 300110002,758392,OCSD Plant 1,CA0110604,8,33.69189,-117.93927,33.692,-117.939,06008022001,1175976,OCSD WRP No. 1
8 300110002,259158,OCSD Plant 2,CA0110604,8,33.63745,-117.96124,33.637596,-117.958274,06008022002,1175977,OCSD WWTP No. 2
5B390108001,266223,Tracy WWTP,CA0079154,5S,37.76519,-121.42489,37.7656,-121.4208,06005105001,1175637,Tracy WWTP
7A130104011,229967,Heber PUD WWTP,CA0104370,7,32.736639,-115.523917,32.7364,-115.5251,06007011001,1238829,HEBER WWTF
5D540132001,273166,Cutler-Orosi WWTF,CA0081485,5F,36.52323,-119.30489,36.5231,-119.3049,06005226001,1175717,Cutler-Orosi WWTF
7A130111013,256217,Seeley CWD WWTP,CA0105023,7,32.79427,-115.69997,32.7958,-115.6957,06007018001,1175927,SEELEY CWD WWTF
8 362918001,259184,IEUA Carbon Canyon WWRF,CA8000409,8,33.981437,-117.694789,34.0133,-117.3556,06008010006,3486596,IEUA Carbon Canyon WRF
8 362918001,259165,IEUA Regional Plant No. 1,CA8000409,8,34.027852,-117.600396,34.026824,-117.598922,06008010001,1175959,IEUA Regional Plant No.1
8 362918001,259166,IEUA Regional Plant No. 2,CA8000409,8,,,,,,,
8 362918001,742794,IEUA Regional Plant No. 4,CA8000409,8,34.084564,-117.525855,,,,,
8 362918001,259169,IEUA Regional Plant No. 5,CA8000409,8,33.965592,-117.673391,33.9683,-117.6749,06008010005,3486593,IEUA Regional Plant No.5
9 000000146,245795,Oceanside Ocean Outfall,CA0107433,9,33.2451823,-117.3310785,33.1802,-117.371,06009041001,1176079,"Oceanside, City of (La Salina WWTF)"
7A130103011,222407,El Centro City WWTP,CA0104426,7,32.8145,-115.578194,32.8164,-115.5787,06007002001,1175909,EL CENTRO WWTF
9 000000146,245795,Oceanside Ocean Outfall,CA0107433,9,33.2451823,-117.3310785,33.180233,-117.370986,06009041002,1176080,"Oceanside, City of (San Luis Rey WWTF)"
9 000004038,897869,East County Advanced Water Purification (AWP) Project,CA9000001,9,32.86596,-117.00634,,,,,
9000003903,206164,Arcata City WWTF,CA0022713,,40.855111,-124.088430,40.855111,-124.088430,06001047001,1175213,Arcata WWTF
7A130100011,210272,Brawley City WWTP,CA0104523,7,33.01713,-115.51704,33.016149,-115.517775,06007022001,1175930,Brawley WWTP
7A131337001,213850,CA Dept of Corrections Centinela WWTP,CA7000001,7,32.792028,-115.774306,,,,,
3 400108001,212681,California Men's Colony WWTP,CA0047856,3,35.32427,-120.75209,,,,,
5B05NP00001,215671,Copper Cove WWRF,CA0084620,5S,37.92487,-120.635969,,,,,
9 000000117,,Irvine Desalter Project Shallow GW Unit,CA0107611,,,,,,,,
9 000000117,257850,SOCWA - Coastal TP,CA0107611,9,33.54587,-117.716339,33.553797,-117.719504,06009006001,1176037,South Orange County Wastewater Authority (Coastal Treatment Plant)
9 000000117,241053,SOCWA - Regional TP,CA0107611,9,33.536498,-117.698911,,,,,
9 000000117,257590,SOCWA Aliso Creek Ocean Outfall,CA0107611,9,33.466786,-117.685536,,,,,
9 000000175,255218,City of San Clemente WRP,CA0107417,9,33.435947,-117.627018,33.4364,-117.6256,06009038001,1176076,"San Clemente, City of (Water Reclamation Plant)"
9 000000175,257518,SMWD - Chiquita WRP,CA0107417,9,33.517265,-117.629322,33.541895,-117.607355,06009074002,3334975,Santa Margarita Water District (Chiquita WRP)
9 000000175,257520,SMWD Oso Creek WRP,CA0107417,9,33.59444,-117.65566,33.5967,-117.6558,06009074001,1176093,Santa Margarita Water District (Oso Creek WRP)
9 000000175,241540,SOCWA - 3A Treatment Plant,CA0107417,9,33.570296,-117.673718,33.5711,-117.6736,06009075001,1176094,MNWD WWTP 3A
9 000000175,257592,SOCWA San Juan Creek Ocean Outfall,CA0107417,9,33.522454,-117.665743,,,,,
9 000000900,257831,South Bay WRP,CA0109045,9,32.545457,-117.069647,32.544552,-117.070688,06009031004,1176069,South Bay WRP
7A130101011,212589,Calexico City WWTP,CA7000009,7,32.664611,-115.550889,32.670376,-115.513344,06007005001,1175911,CALEXICO WWTF
3 401019759,824400,Cayucos SD WWTP,CA3000001,3,35.42045,-120.86297,,,,,
5B390107001,258739,Wastewater Recovery Center,CA0079138,5S,37.936547,-121.329178,37.937778,-121.335556,06005025001,1175546,Stockton Regional WWCF
8 302006002,758391,Los Alisos WD WWTP,CA8000326,8,,,33.636488,-117.717390,06009076001,1176095,Irvine Ranch Water District (Los Alisos WRP)
8 330101001,259170,Beaumont WWTP No. 1,CA0105376,8,33.92488,-116.99108,33.9314,-116.9872,06008012001,1175963,BEAUMONT WWTF
4B190107019,250700,Pomona Water Reclamation Plant,CA0053619,4,34.055874,-117.790379,34.0557,-117.7903,06004009002,1175478,LACSD (Pomona WRP)
5C240108001,214652,Merced WWTF,CA0079219,5F,37.25455,-120.52594,37.2527,-120.5249,06005064001,1175585,Merced WWTP
5C500108001,266737,"Turlock City, Turlock Regional Water Quality Control Facility",CA0078948,5S,37.481169,-120.867218,37.484,-120.8712,06005077001,1175595,TURLOCK WWTF
5B50NP00031,822960,North Valley Regional Recycled Water Program - Modesto WWTP & Turlock RWQCF,CA0085316,5S,37.61373,-121.01177,37.534301,-121.067362,06000000065,3606861,"Modesto, City of (Jennings WWTF)"
5C220701002,222491,El Portal WWTF,CA0081759,5F,37.66838,-119.81175,,,,,
9 000003607,850597,City of San Diego North City Pure Water Facility,CA0109398,9,32.9156,-117.0947,32.8813,-117.1989,06009031002,1176067,North City WRP
2 417019001,240791,Millbrae WPCP,CA0037532,2,37.60371,-122.37894,37.603284,-122.379198,06002039001,1175297,MILLBRAE MADRONE WWTF
8 332303001,259196,Temescal Creek Outfall,CA8000188,8,33.681111,-117.331667,33.522363,-117.189617,06008085001,1176028,Temecula Valley Regional WRF
8 360105001,259146,Colton WRF,CA0105236,8,34.050668,-117.333214,34.0506,-117.3331,06008024001,1175978,COLTON WWTF
9 000003607,850597,City of San Diego North City Pure Water Facility,CA0109398,9,32.9156,-117.0947,32.877875,-117.198071,06000000102,3607908,North City Pure Water Facility
5B391078003,241598,Mountain House WWTP,CA0084271,5S,37.785348,-121.51968,,,,,
5B39NP00085,271781,City of Lathrop Consolidated Treatment Facility,CA0085359,5S,37.79504,-121.28658,37.796017,-121.286530,06005019002,3478130,Lathrop Consolidated Treatment Facility
5A320100001,214199,Chester STP,CA0077747,5R,40.298614,-121.227087,40.2987,-121.2271,06005279001,1238822,CHESTER WWTF
5C221012001,273207,Mariposa WWTP,CAC441902,5F,37.479169,-119.959518,37.4789,-119.9598,06005161001,1175679,MARIPOSA WWTF
9000003903,236019,"La Salina WWTP, Oceanside Ocean Outfall",CA0107433,,33.180233,-117.370986,33.180233,-117.370986,06009041002,1176080,"Oceanside, City of (San Luis Rey WWTF)"
9000003903,225089,Fortuna City WWTP,CA0022730,,40.5911,-124.1578,40.5911,-124.1578,06001011001,1175181,FORTUNA WWTF
9000003903,266940,Tapia WRF,CA0056014,,34.089061,-118.685303,34.089061,-118.685303,06004026001,1175512,Tapia Water Reclamation Facility
2 494009001,257754,Sonoma Valley County SD WWTP,CA0037800,2,38.25172,-122.44395,38.2519,-122.4413,06002069001,1175329,Sonoma Valley WWTF
9000003903,224137,Fallbrook Water Reclamation Plant,CA0108031,,33.367596,-117.258904,33.367596,-117.258904,06009004001,1176034,FALLBROOK WWTF #1
2 417038001,254881,South San Francisco-San Bruno WQCP,CA0038130,2,37.64149,-122.399957,37.6413,-122.4,06002046001,1175306,SO SF-SAN BRUNO WWTF
9000003903,269989,Vallecitos WD Meadowlark WRP,CA0107395,,33.2527,-116.9954,33.2527,-116.9954,06009040001,1176078,Meadowlark Water Reclam. Facility
2 071059001,269601,USS-UPI LLC - NPDES/SUB15,CA0005002,2,38.03,-121.858889,,,,,
2 283014001,258386,St. Helena City WWTP,CA0038016,2,38.49915,-122.44735,38.5005,-122.440861,06002074001,1175336,ST. HELENA WWTF
4B190137004,217061,Juanita Millender-McDonald Carson Regional Water Recycling Plant,CA0064246,4,33.838705,-118.23703,,,,,
9 000000732,257821,South Bay International WWTP,CA0108928,9,32.55614,-117.062422,32.544552,-117.070688,06009031004,1176069,South Bay WRP
2 283019001,274410,Yountville / CA Vets Home WWTP,CA0038121,2,38.393512,-122.355478,38.3958,-122.3579,06002127001,1175359,YOUNTVILLE-VETERANS WWTF
5A570105001,272960,Woodland Water Pollution Control Facility,CA0077950,5S,38.66169,-121.7136,38.6628,-121.7147,06005004001,1238814,WOODLAND WWTF
3 430100001,256039,SCRWA WWTP,CA0049964,SB,36.9826174,-121.5328007,36.9890709,-121.5344416,06003060001,1175427,South County Regional Wastewater Treatment and Reclamation Facility
3 440104001,271872,Watsonville WWTP,CA0048216,SB,36.886751,-121.785478,36.886966,-121.785116,06003044001,1175412,Watsonville WWTF
5C220701004,219701,Deuel Vocational Institution,CAG995002,,,,,,,,
2 417005001,210839,Burlingame WWTP,CA0037788,2,37.591735,-122.359966,37.588153,-122.360144,06002011001,1175272,Burlingame WWTP
9000003903,213281,Carmel Area WWTP,CA0047996,,36.5397,-121.9189,36.5397,-121.9189,06003017001,1238812,Carmel Area Wastewater Treatment Plant
2 494006001,248087,Petaluma Ellis Creek Water Recycling Facility (NPDES Permit),CA0037810,2,38.233544,-122.621527,38.2334,-122.6226,06002118001,1175353,Ellis Creek WRF
9000003903,259171,Corona WWRF #1,CA8000383,,33.8923,-117.6067,33.8923,-117.6067,06008020001,1175973,Corona WWTF #1
9000003903,219552,Delta Diablo WWTP,CA0038547,,38.0128,-121.8343,38.0128,-121.8343,06002023001,1175281,Delta Diablo Wastewater Treatment Plant
9000003903,220548,Donner Summit PUD WWTP,CA0081621,,39.3344,-120.4025,39.3344,-120.4025,06005045001,1175565,DONNER SUMMIT WWTF
9000003903,259214,EVMWD Regional WWRF,CA8000027,,33.6808,-117.3409,33.6808,-117.3409,06008041002,1175996,Lake Elsinore Regional WWTP
9000003903,225055,Fort Bragg City WWTP,CA0023078,,39.439025,-123.814722,39.439025,-123.814722,06001028001,1175196,Fort Bragg WWTP
9000003903,259174,Corona WWRF #3,CA8000395,,33.821242,-117.509020,33.821242,-117.509020,06008020003,3518636,Corona WWTP #3
9000003903,214888,Cloverdale City WWTP,CA0022977,,38.7962843,-123.0104353,38.7962843,-123.0104353,06001035001,1175201,CLOVERDALE WWTF
5A310101001,215106,City of Colfax WWTP,CAG585001,5S,39.08429,-120.94485,39.0899518,-120.9462555,06005233001,1175721,Colfax WWTF
9000003903,227568,Goleta SD WWTP,CA0048160,,34.4246,-119.8361,34.4246,-119.8361,06003021001,1175388,Goleta Sanitary District Water Resource Recovery Facility
9000003903,229882,Hayward WPCF,CA0037869,,37.634218,-122.134581,37.634218,-122.134581,06002029001,1175287,"Hayward, City of (WPCF)"
9000003903,259156,Michelson WWRF,CA8000326,,33.6707,-117.8348,33.6707,-117.8348,06008033001,1175988,Michelson WRP
5B030103001,214642,City of Jackson WWTP,CAC455508,5S,38.3442278,-120.784045,38.3440962,-120.775215,06005099001,1175619,JACKSON WWTF
9000003903,214933,Coachella SD WWTP,CA0104493,,33.6566,-116.1453,33.6566,-116.1453,06007025001,1175933,Coachella WWTP
9000003903,216719,Camarillo WRP,CA0053597,,34.1909,-119.0151,34.1909,-119.0151,06004029001,1175514,CAMARILLO Water Reclamation Plant
9000003903,213332,Carpinteria SD WWTP,CA0047364,,34.4052219,-119.527500,34.4052219,-119.527500,06003061001,1175428,Carpinteria WWTF
9000003903,256011,Scotts Valley WWTP,CA0048828,,37.0411,-122.0269,37.0411,-122.0269,06003008001,1175377,SCOTTS VALLEY WWTF
9000003903,257887,South San Luis Obispo SD WWTP,CA0048003,,35.100868,-120.624250,35.100868,-120.624250,06003081001,1175445,SO SAN LUIS OB CO WWTF
9000003903,222443,El Estero Water Resource Center NPDES,CA0048143,,34.418907,-119.684742,34.418907,-119.684742,06003037001,1175402,El Estero Wastewater Treatment Facility
9000003903,255265,San Elijo Water Campus,CA0107999,,33.0136,-117.2728,33.0136,-117.2728,06009028001,1176063,San Elijo WRF
9000003903,259220,Margaret H Chandler WWRF,CA0105392,,34.0775,-117.2926,34.0775,-117.2926,06008004001,1175948,San Bernardino WRP
9000003903,270419,Victor Valley Wastewater Reclamation Authority WTP,CA0102822,,34.608486,-117.355571,34.608486,-117.355571,06006009001,1175862,Victor Valley Regional WWRP
9 000001182,638334,USMC Camp Pendleton Southern Regional Tertiary Treatment Plant,CA0109347,9,33.23149,-117.39143,,,,,
9000003903,272082,West County WW District WPCP,CA0038539,,37.9732,-122.3371,37.9732,-122.3371,06002057001,1175314,West County Plant
9000003903,259149,Rialto WWRF,CA0105295,,34.0559,-117.3613,34.0559,-117.3613,06008052001,1176004,Rialto WWTP
9000003903,248519,Pismo Beach WWTP,CA0048151,,35.138319,-120.632821,35.138319,-120.632821,06003028001,1175395,"Pismo Beach, City of (Collection & WWTF)"
9000003903,252657,Richmond WPCP,CA0038539,,37.9209,-122.3781,37.9209,-122.3781,06002030001,1238810,Richmond Municipal Sewer District Water Pollution Control Plant
5A060103001,272631,Williams WWTP,CAC433345,5S,39.1675,-122.153611,39.1697,-122.1536,06005033001,1238815,Williams WWTF
9000003903,259150,Riverside City WWRF,CA0105350,,33.9639,-117.4575,33.9639,-117.4575,06008001001,1175945,"Riverside, City of (Regional Water Quality Control Plant)"
9000003903,261253,Simi Valley WQCP,CA0055221,,34.285021,-118.813105,34.285021,-118.813105,06004003001,1175458,Simi Valley WWTP
7A330122021,270096,Valley SD WWTP,CA0104477,7,33.715444,-116.198833,33.7153,-116.1969,06007029001,1175936,VALLEY SD WWTF
9000003903,269042,Raymond A. Boege Alvarado WWTP (Union SD),CA0038733,,37.591383,-122.088833,37.591383,-122.088833,06002081001,1175339,Union Sanitary District (Alvarado WWTF)
9000003903,259205,WRCRWA Regional WWRF,CA8000316,,33.9318,-117.6046,33.9318,-117.6046,06008016003,1175969,Western Riverside Co Reg WWTP
9 000000275,248796,Point Loma WWTP & Ocean Outfall,CA0107409,9,32.68726,-117.24912,32.6667,-117.2434,06009031001,1176066,Point Loma WRP
9000003903,259216,Temescal Valley WD WWRF,CA8000100,,33.7899,-117.4956,33.7899,-117.4956,06008086001,3380875,Temescal Valley WD WWTP
9000003903,259689,Susanville Sanitary District WWTP,CA0102695,,40.4143,-120.6297,40.4143,-120.6297,06006002001,1175855,SUSANVILLE REG WWTF
8 362918001,742794,IEUA Regional Plant No. 4,CA8000409,8,34.084564,-117.525855,34.0862,-117.526,06008010004,3486590,IEUA Regional Plant No.4
,858381,Region 2 Watershed Nutrient Permittees,CA0038873,2,,,,,,,
5C220701004,271887,Wawona WWTF,CAG995002,5F,37.54332,-119.6517,,,,,
5C102009001,209509,Big Creek Powerhouse No 1 WWTF,CA0079545,5F,37.202222,-119.243889,,,,,
4B190703003,260064,San Clemente Island WWTP,CA0110175,4,32.99722,-118.54583,,,,,
2 071042001,256695,Martinez Refining Company WWTP,CA0005789,2,38.01324,-122.10662,,,,,
1A84002OSIS,266694,Tulelake City WWTP,CA0023272,1,41.94825,-121.47026,41.949249,-121.4735957,06001001001,1175167,TULELAKE WWTF
1B80121OHUM,215141,"College of the Redwoods, POTW",CA0006700,1,40.698944,-124.203269,,,,,
2 019014002,222130,EBMUD SD#1-Wet Wthr Bypass,CA0038440,2,,,37.795085,-122.254819,06000000115,3608101,San Antonio Creek WWF
2 019014002,222130,EBMUD SD#1-Wet Wthr Bypass,CA0038440,2,,,37.897682,-122.323108,06000000114,3608100,Point Isabel WWF
2 019014002,222130,EBMUD SD#1-Wet Wthr Bypass,CA0038440,2,,,37.760741,-122.215133,06000000116,3608102,Oakport WWF
5A171014002,235208,Konocti Harbor Resort,CA0083551,5S,38.98526,-122.74074,,,,,
9000003903,255368,San Leandro WPCP,CA0038881,,37.714814,-122.193031,37.714814,-122.193031,06002042001,1175300,"San Leandro, City of (WPCP)"
9000003903,222434,El Dorado Hills WWTP,,,38.635863,-121.059294,38.635863,-121.059294,06005249003,1175735,El Dorado Hills WWTP
9000003903,228046,Groundwater Replenishment System - Advanced WTF,,,,,,,,,
5A250102001,212397,California Pines CSD,,5R,41.349544,-120.731728,,,,,
9000003903,222758,Encina Water Pollution Control Facility,,,33.1188,-117.3235,33.1188,-117.3235,06009011001,1176042,Encina Water Pollution Control Facility
9000003903,244506,North City WRP,,,32.8813,-117.1989,32.8813,-117.1989,06009031002,1176067,North City WRP
9000003903,259161,Henry N. Wochholz WWRF,,,34.0018,-117.0761,34.0018,-117.0761,06008019001,1175972,Yucaipa Valley WD WWTP
9000003903,231693,Hill Canyon WWTP,,,34.2157,-118.9288,34.2157,-118.9288,06004007001,1175462,Hill Canyon WWTP
9 000000542,247351,East County Water Recycling Facility,,SB,32.85834,-117.0061,,,,,
9000003903,846371,Membrane Filtration/Reverse Osmosis Facility - Escondido,,9,33.12236,-117.09802,,,,,
9 000000031,229726,HARRF DISCH to San Elijo Ocean Outfall,,SB,33.104533,-117.111778,,,,,
9000003903,272444,White Slough Water Pollution Control Facility,,,,,38.0883,-121.3836,06005062001,1175583,Lodi WPCF
9000003903,255392,San Luis Rey Water Reclamation Facility (NPDES - Ocean Discharge),,,33.180233,-117.370986,33.180233,-117.370986,06009041002,1176080,"Oceanside, City of (San Luis Rey WWTF)"
9000003903,259178,"Colton/San Bernadino STP, RIX",,,34.043236,-117.357845,34.043236,-117.357845,06000000105,3607961,Regional Tertiary Treatment Rapid Infiltration and Extraction Facility
9000003903,247750,Paso Robles WWTP,,,35.6486,-120.6879,35.6486,-120.6879,06003027001,1175394,PASO ROBLES WWTP
8 332783001,259203,Moreno Valley RWRF,,SB,33.87195,-117.21607,33.871663,-117.214165,06008006002,1175951,Moreno Valley Regional WRF
8 332783001,259209,Perris Valley RWRF,,SB,33.76375,-117.20571,33.6797,-117.3393,06008006006,1175954,Perris Valley Regional WRF
1B81129OHUM,209801,Blue Lake City POTW,,1,40.88588,-124.00186,40.882866,-123.996109,06001007001,1175174,BLUE LAKE WWTF
5D100105001,273115,Fresno Regional WWTF,,SB,36.70638,-119.890539,36.7061,-119.8903,06005053001,1175571,Fresno-Clovis Regional WRF
5A310104011,254925,"Placer Cnty SA No 28, ZONE No.6, Sheridan WWTP",,5S,38.97962,-121.37551,38.584,-121.2214,06005218001,1175712,Sheridan WWTF
9 000000177,251714,Rancho Santa Fe San Dist Plant,,9,33.006,-117.208457,33.0065,-117.1988,06009016001,1176048,Rancho Santa Fe WWTF
7A330114012,247435,Palm Springs WWTF,,7,33.808618,-116.498749,33.819927,-116.5267,06007003001,1175910,PALM SPRINGS WWRF
5C15NC00095,214665,Taft WWTF,,SB,35.15011,-119.42701,35.1489,-119.4264,06005347001,1175782,TAFT WWTF
5A180100001,209473,Bieber STP,,5R,41.115775,-121.137611,41.121754,-121.142184,06005780001,1175851,BIEBER WWTF
5C15NC00218,836454,Buttonwillow Safety Roadside Rest Area,,5F,35.41857,-119.42225,,,,,
5D150801001,236772,Lebec SRRA (Tejon Pass),,5F,34.8658,-118.88346,,,,,
5A090102010,212899,Camino Heights WWTP,,5S,38.73313,-120.71487,38.731657,-120.847517,06005551001,1175825,Camino Heights Wastewater Treatment Plant
5D100124001,273180,Malaga CWD WWTF,,SB,36.680154,-119.745713,36.6786,-119.7447,06005367001,1175794,Malaga WWTF
5A460100001,214650,City of Loyalton and Grandi Ranch WWTF,,5S,39.668121,-120.254606,39.683,-120.254,06005366001,1175793,LOYALTON WWTF
6B360101001,208769,Barstow WWTP,,SB,34.884568,-116.980925,34.883713,-116.976972,06006005001,1175858,Barstow WRF
6B150112001,253293,Rosamond WTF (Ponds),,SB,34.83554,-118.14903,34.8753,-118.1503,06006041001,1175894,Rosamond WWTF
7A330100015,208668,Banning STP-Non NPDES,,7,,,33.9161,-116.8439,06007032001,1175939,BANNING WWTF
5D540115001,273197,Woodville WWTF,,5F,36.08372,-119.21095,36.3518803,-119.3521046,06005360001,1238827,Woodville WWTF
5D540116001,273194,Tipton WWTF,,5F,36.0594,-119.31206,36.0567,-119.3122,06005351001,1175785,Tipton WWTF
5D540137001,273183,Poplar WWTF,,5F,36.04784,-119.1523,36.178,-119.3685,06005607001,1175831,POPLAR WWTF
5D150303029,252277,Kern Cnty CSA 39.8-Reeder Tract,,5F,35.609073296696,-118.488369252093,35.610488,-118.488370,06005693001,1175847,Reeder Tract  WWTF
9 000000206,226637,Gafner Water Reclamation Facility,,9,33.08677,-117.26634,33.0869,-117.2592,06009014002,1176046,Gafner Water Recycling Facility
7B330102012,209847,Blythe Regional WW Reclamation Facilities,,SB,33.587905,-114.59634,33.612747,-114.597847,06007010001,1175920,Blythe Regional WWTF
6B260103001,239283,Mammoth CWD STP,,SB,37.639349,-118.944544,37.6583,-118.8989,06006010001,1175863,Mammoth Community WWTF
8 362375001,259178,"Colton/San Bernadino STP, RIX",,SB,34.041083,-117.353889,,,,,
5A580103001,214671,City of Wheatland WWTP,,5S,38.99865,-121.41521,39.0070413,-121.4231901,06005357001,1175790,WHEATLAND WWTF
9000003903,747519,Atwater Regional WWTF,,,37.270945,-120.633059,37.270945,-120.633059,06005106001,1175638,Atwater Regional Wastewater Treatment Facility
9000003903,269543,US Coast Guard TRACEN - Tomales,,,38.2442,-122.8814,38.2442,-122.8814,06002060007,1175319,Tomales WWTP
3 270802001,248169,Pfeiffer Big Sur State Park WWTP,,3,36.25751,-121.78784,36.1831,-121.5372,06003046001,1175414,Pfeiffer Big Sur WWTF
3 400100001,206653,Atascadero WWTP,,3,35.48211,-120.64443,35.4839,-120.6444,06003005001,1175376,ATASCADERO WWTF
5B051003002,232360,Indian Rock Vineyards Subdivision (IRVS) WWTF,,5S,38.126111,-120.436667,,,,,
5B050107007,271617,Wallace Lake Estates WWTF,,5S,38.19467,-120.97253,,,,,
5B051012001,235798,La Contenta WWT & RF,,5S,38.179325,-120.817575,,,,,
3 420110001,257687,Solvang WWTP,,3,34.590278,-120.157853,,,,,
1B77117OSON,256049,SCWA Geyserville CSD,,1,38.70289,-122.89461,38.7060937,-122.8974918,06001096001,1175243,Geyserville WWTF
3 400801001,206651,Atascadero State Hospital,,3,35.46305,-120.63514,,,,,
6A290011000,262840,Tahoe Truckee Sanitation Agency,,SB,39.3390439,-120.1277733,39.339069,-120.128261,06006008001,1175861,Tahoe-Truckee WWTP
5D150803001,263072,Tehachapi Correctional Inst WWTF,,5F,35.116667,-118.58333,,,,,
1B77162OMEN,212776,Calpella CWD WWTP,,1,39.22441,-123.20174,39.2247,-123.2039,06001050001,1175216,CALPELLA WWTP
5B05NC00022,206381,Arnold WWTP,,5S,38.22533,-120.36967,,,,,
5C100800001,240826,Millerton Lake State Rec Area,,5F,36.98595,-119.69037,,,,,
5A323001004,210656,Bucks Creek Sewer Facility,,5R,39.8725,-121.17806,,,,,
5A250101001,204486,Adin CSD,,5R,41.18548,-120.94687,,,,,
3 420100001,210685,Buellton WWTP,,3,34.610047,-120.201847,,,,,
5B051003004,258004,Southworth Ranch Estates WWTF,,5S,38.16053,-120.948,,,,,
5C220800001,241545,Mount Bullion Conservation Camp,,5F,37.54135,-120.03533,,,,,
3 272015001,258186,Spreckels WWTP,,3,36.61478,-121.65175,,,,,
5D540801001,248269,Philip S Raine SRRA,,5F,36.1067,-119.3239,,,,,
6B140109001,230429,Hilton Creek CSD Package STP,,6V,37.570569,-118.760306,37.8133,-118.9971,06006012001,1175865,HILTON CREEK WWTF
1B77108OMEN,213604,CDF Parlin Fork Conservation Camp,,1,39.36955,-123.65624,,,,,
5A320104003,209086,Beckwourth WW Ponds,,5R,39.8137,-120.3706,,,,,
5B20NC00127,201067,Madera Cnty #19-Parkwood WWTF,,5F,36.931183,-120.050997,,,,,
5C200103001,214483,Madera Cnty #14-Chukchansi WWTF,,5F,37.03137,-120.03605,,,,,
3 271001001,212424,California Utilities,,3,36.62745,-121.68772,,,,,
5A041020001,213409,Casa Del Rey HA,,5R,39.702082,-121.574156,,,,,
5C220101001,215910,Coulterville WWTF,,5F,37.69202,-120.19462,37.7178,-120.2025,06005014001,1175536,COULTERVILLE WWTF
5D540136001,264740,Tooleville WWTF,,5F,35.93936,-119.06927,,,,,
4A560101001,889990,Fillmore Water Recycling Plant,,4,34.39064,-118.94017,,,,,
5A280106001,214559,Circle Oaks WWTF,,5S,38.41247,-122.20211,,,,,
3 420109001,255678,City of Santa Maria WWTP,,3,34.9489,-120.4908,34.9479158,-120.4944744,06003040001,1175407,SANTA MARIA WWTF
3 270104001,227602,Gonzales WWTP,,3,36.48957,-121.47298,36.5086,-121.4417,06003070001,1175438,GONZALES WWTF
8 332181001,259173,Corona WWRF #2,,SB,33.882111942262,-117.556315549706,33.882955,-117.556836,06008020002,1175974,Corona WWTF #2
9 000003742,849194,Civita Water Reclamation Facility,,9,32.77545,-117.14742,,,,,
5D100139001,201081,Fresno Cnty #44-D Monte Verdi Estates WWTF,,5F,36.91515,-119.72893,,,,,
5C101017001,201082,Fresno Cnty #44A-Millerton Lake MHV WWTF,,5F,36.982595,-119.71424,,,,,
5D100102001,201073,Fresno Cnty #30-El Porvenir WWTF,,5F,36.50458333,-120.3898611,,,,,
5D100102002,201075,Fresno Cnty #32-Cantua Creek WWTF,,5F,36.4865,-120.3249722,,,,,
3 401076001,216491,Cypress Ridge Sewer Facility,,3,35.062556,-120.577322,,,,,
3 270103001,241305,Chualar WWTP,,3,36.55212,-121.54215,36.489558,-121.470165,06003019001,1175386,CHUALAR TREATMENT PONDS
3 271002001,232363,Indian Springs Wastewater Treatment Facility,,3,36.60091,-121.63717,,,,,
5C221018001,263168,Tenaya Lodge WWTP,,5F,37.47817,-119.63914,,,,,
3 271007001,245564,Oak Hills Development WWTP,,3,36.77967,-121.71819,,,,,
1B15087RSON,816488,Silver Oak Cellars - Highway 128 Alexander Valley (Domestic Waste),,1,38.6722,-122.80424,,,,,
6B260101002,234123,June Lake PUD STP,,SB,37.875698,-119.092331,37.8133,-118.9972,06006011001,1175864,JUNE LAKE WWTF
5C200102007,201070,Madera Cnty #24 Teaford Meadow Lakes WWTF,,5F,37.295637,-119.524754,,,,,
8 332783001,259203,Moreno Valley RWRF,,SB,33.87195,-117.21607,,,,,
5A321011002,227713,Graeagle Meadows Townhomes,,5R,39.76941,-120.61972,,,,,
8 332783001,259193,San Jacinto Valley RWRF,,SB,33.79804,-117.01189,33.804110,-117.010317,06008006001,1175950,San Jacinto Regional WRF
5C10NC00195,815678,"Greek Orthodox Monestery of the Theotokos, The Life Giving Spring",,5F,36.7421,-119.13418,,,,,
3 270105001,227893,"Greenfield WWTP, City of",,3,36.33984,-121.22671,36.2936,-121.2014,06003022001,1175389,GREENFIELD WWTF
5A321001001,216157,Crocker Mountain Estates STP,,5R,39.86131,-120.44089,,,,,
3 420103001,228104,Guadalupe WWTP,,3,34.96174,-120.5899,34.9594,-120.6258,06003072001,1175440,GUADALUPE WWTF
5C200102009,201087,Madera Cnty #7-Marina View Heights WWTF,,5F,37.295967,-119.524614,,,,,
8 332783001,263145,Temecula Valley RWRF,,SB,33.50722,-117.17148,,,,,
5C200102010,201077,Madera Cnty #37-La Vina WWTF,,5F,36.879944,-120.118793,,,,,
5A520106001,227507,Golden Meadows STP (sand filter),,5R,40.215978,-122.192575,,,,,
3 270120001,255190,San Ardo WWTP,,3,36.01722,-120.91543,,,,,
5A040105002,252660,Richvale WWTF,,5R,39.479464,-121.754444,,,,,
9 000000592,229727,Hale Avenue Resource Recovery Facility (HARRF) Recycled Water,,9,33.10508,-117.11184,33.1052,-117.1114,06009032001,1176070,Hale Avenue RRF
6A265300900,210365,Bridgeport PUD Treatment Plant,,6T,38.2681521,-119.209621,38.2639,-119.0956,06006027001,1175883,BRIDGEPORT WWTF
1B89005RMEN,228109,Gualala WWTF,,1,38.76485,-123.51037,,,,,
3 441004001,241299,Monterey Bay Academy WWTP,,3,36.90513,-121.8399,,,,,
5C550801001,256920,Sierra Conservation CTR-WWTP-1 (NON15),,5F,37.893591,-120.551725,,,,,
6B360107001,236181,Lake Arrowhead CSD WTFS,,SB,34.286859,-117.219578,34.2432,-117.1704,06006013001,1175866,L. ARROWHEAD WWTF
5A041034001,228152,Toribio Gutierrez Sewage Ponds,,5R,39.851869,-121.947628,,,,,
8 332783001,259223,Sun City RWRF,,8,33.69659,-117.21116,,,,,
1B84124OSON,256045,SCWA Airport WRF (Airport-Larkfield-Wikiup),,1,38.51816,-122.8013,38.519899,-122.795863,06001099001,1175246,LARKFIELD-WIKIUP WWTF
3 420118001,237395,Los Alamos WWTP,,3,34.75348,-120.29377,,,,,
8 332199001,259218,Wilderness Lakes WWTP,,8,33.67483,-117.13767,,,,,
3 270116001,237149,Little Bear WWTP,,3,36.18588,-121.14364,,,,,
5A320104007,262987,Taylorsville STP,,5R,40.085414,-120.831494,,,,,
1A14143RSIS,805724,JH Ranch,,1,41.36561,-122.90496,,,,,
3 270106001,235021,King City Domestic WWTF,,3,36.218,-121.15328,,,,,
5D101042002,224179,Harris Farms Farm Labor Housing Facility,,5F,36.34186,-120.21406,,,,,
5D151091001,236222,Lake Isabella WWTF,,5F,35.618111,-118.475067,,,,,
1A79010OSIS,236258,Lake Shastina CSD STP,,1,41.557222,-122.3775,,,,,
1A83052OTRI,236941,"Lewiston CSD WWTP, POTW",,1,40.70358,-122.80943,,,,,
5D101032002,232098,I-5 & Panoche Road WWTF,,5F,36.64001,-120.62544,,,,,
4B190106006,888692,Hyperion Advanced Water Purification Facility,,4,33.92570556,-118.4282611,,,,,
8 303652001,271777,El Toro Water Dist WWRF,,SB,33.61932,-117.72637,,,,,
9 000000109,234117,Julian Water Pollution Facility,,9,33.08019,-116.61971,,,,,
5A450117001,224125,Fall River Mills STP,,5R,41.012142,-121.442797,,,,,
5B10NC00014,240892,Mira Bella WWTF,,5F,36.98948,-119.69746,,,,,
5A321021001,227440,Gold Mountain WWTF,,5R,39.78101,-120.61661,,,,,
5A321019001,227445,"Gold Ridge HA, UNIT III",,5R,39.7922,-120.64547,,,,,
1A82104OSIS,222998,Etna STP,,1,41.46602,-122.88522,41.5703,-122.8411,06001065001,1175224,Etna Wastewater Treatment Facility
1A81157OSIS,225072,Fort Jones City WWTP,,1,41.60539,-122.8588,,,,,
1B83120OHUM,226719,Garberville POTW,,1,40.10471,-123.80029,40.104665,-123.799503,06001012001,1175182,GARBERVILLE WWTF
5A090102008,227444,Gold Ridge Forest Unit 3,,5S,38.7332,-120.57118,,,,,
1B80002OHUM,240917,Miranda POTW,,1,40.23308,-123.82784,40.7693,-124.2201,06001016001,1175185,MIRANDA WWTF
5B03NC00053,212847,Camanche North Shore WWTP,,5S,38.239166,-120.954238,,,,,
7A130136001,815299,McCabe Municipal WWTP,,7,,,,,,,
5B55NC00011,737529,Camp Mather,,5F,37.88242,-119.85573,,,,,
6B150103001,219661,Desert Lake CSD WTF,,6V,35.008962,-117.70697,40.3084,-120.7117,06006031001,1175885,DESERT LAKE WWTF
3 270302001,244646,Lake San Antonio Northshore WWTP,,3,35.86666,-120.96741,,,,,
3 400113003,245581,Oak Shores Development CSA-7A,,3,35.75317,-120.98514,,,,,
3 271011001,241306,Monterey Dunes Colony WWTP,,3,36.75839,-121.80123,,,,,
3 270302002,236252,Lake San Antonio Southshore WWTP,,3,35.81684,-120.95917,,,,,
3 401028001,244360,Nipomo CSD Black Lake - Reclaimed Water Producer,,3,35.047352,-120.546507,,,,,
3 400104001,244361,Nipomo CSD Southland Treatment Facility,,3,35.02299,-120.47073,,,,,
5A320104004,248742,Plumas Eureka Estates WWTF - WWTP 7,,5R,39.7886111,-120.6466667,,,,,
5C10NC00203,835076,EZ Trip 1277,,5F,36.07474,-120.10347,,,,,
1B80045OMEN,248791,Point Arena WWTP,,1,38.90839,-123.6966,38.9086,-123.6961,06001048001,1175214,POINT ARENA WWTF
5A320104004,903974,Plumas Eureka Estates WWTF - WWTP 6,,5R,39.7966667,-120.6511111,,,,,
9 000000077,255678,Santa Maria WWTP,,SB,33.02993,-116.900549,,,,,
5C201011001,220279,"Diocese of San Joaquin, Episcopal Conference Center Oakhurst (ECCO)",,5F,37.33122,-119.65169,,,,,
3 359803001,251675,Rancho Larios WWTP,,3,36.843921,-121.575067,,,,,
3 401019001,251631,Rancho Colina MH Estates STP,,3,35.39066,-120.83933,,,,,
8 363000001,835078,Sterling Natural Resource Center WWTF,,8,34.10854,-117.25055,,,,,
5C201005001,201072,Madera Cnty #28 Ripperdan WWTF,,5F,36.853973,-120.056534,,,,,
5B051022001,222129,EBMUD Pardee Center WWTF,,5S,38.24354,-120.84308,,,,,
5A321020001,216087,Creekside Subdivision,,5R,40.26393,-121.08597,,,,,
1A75211OSIS,229643,Happy Camp WWTP,,1,41.77696,-123.39872,,,,,
5C221007001,239543,Mariposa Pines WWTF,,5F,37.46221,-119.94741,,,,,
3 441000001,210116,Boulder Creek Golf & Cntry Club WWTP,,3,37.15394,-122.16183,,,,,
3 401039001,215915,Country Club Estates SLO Co CSA-18,,3,35.21412,-120.6309,,,,,
3 400109001,255430,San Miguel CSD Machado WWTP,,3,35.75895,-120.69347,35.7553,-120.6958,06003035001,1238813,SAN MIGUEL STP
3 401021001,272525,San Miguelito Wild Cherry Canyon,,3,35.19498,-120.75857,,,,,
5A34NC00041,739749,Rancho Seco Recreational Area WWTF,,5S,38.35111,-121.11714,,,,,
3 420108005,222442,"El Estero Reclamation Facility, Recycle Water Use",,SB,34.417642,-119.684622,,,,,
3 420116002,233409,Jalama Beach County Park WWTP,,3,34.51026,-120.50098,,,,,
3 441001001,209483,Big Basin Woods Subdivision WWTP,,3,37.14488,-122.15683,,,,,
3 270619758,255306,San Jerardo WWTP,,3,36.64221,-121.53721,,,,,
5C221011001,227501,Golden Hills Mobile Home Park,,5F,37.690137,-120.316413,,,,,
1B80162OHUM,239317,Manila CSD WWTP,,1,40.85109,-124.16887,,,,,
1B89051RSON,255836,"Sonoma Co Service Area 41, Zone 2, Sea Ranch Onsite Wastewater Management Zone",,1,38.70563,-123.44862,,,,,
5C101109001,224827,Foothill Elementary School WWTF,,5F,37.03695,-119.51967,,,,,
5C101003001,273188,Sierra High School WWTF,,5F,37.03762,-119.45378,,,,,
3 420113001,212455,Cachuma Lake Recreation Area WWTP,,3,34.57719,-119.97852,34.576126,-119.917316,06003003001,1175374,Lake Cachuma County Park WWTF
5D541049001,273152,River Island East WWTF,,5F,36.100597,-118.850604,,,,,
5A041015001,214327,Chico Mobile Country Club WWTP,,5R,39.70168,-121.84642,,,,,
5B20NC00059,244531,The Preserve at Millerton Lake,,5F,37.0092,-119.728,,,,,
3 270316559,255653,Santa Lucia WW Recycling Facility (Prod/User),,3,36.45362,-121.80188,,,,,
3 420104001,236124,Laguna County Sanitation District Reclamation Plant,,3,34.89129,-120.50414,34.8925,-120.5039,06003049001,1175417,Laguna CSD WWTF
5B031025001,226847,Gayla Manor WWTP,,5S,38.403755,-120.627291,,,,,
5A041010001,252613,Richardson Springs CSD,,5R,39.828303,-121.822063,,,,,
5D160801001,215698,Corcoran State Prison WWTF,,5F,36.06023,-119.55285,,,,,
3 400115001,240168,Meadowbrook WWTF (Templeton CSD),,3,35.53263,-120.70822,,,,,
1A88031RSIS,263172,Tennant CSD ST/LF,,1,41.588056,-121.90888,,,,,
5A04NC00001,270563,The Villas at Butte Creek WWTP,,5R,39.6894,-121.77431,,,,,
5D100117001,273195,Tranquillity WWTF,,5F,36.65329,-120.23979,,,,,
3 350103001,266350,Tres Pinos WWTP,,3,36.790553,-121.326822,36.79,-121.32,06003083001,1175446,TRES PINOS WWTF
1A97069RTRI,229873,Trinity County Waterworks District #1 Hayfork WWTP,,1,40.54044,-123.20216,,,,,
5D540136004,219515,Delft Colony WWTF,,5F,36.507749,-119.447132,,,,,
5C201008001,212973,Camp Sugar Pine,,5F,37.45175,-119.63714,,,,,
5D540136003,266310,Traver WWTF,,5F,36.453405,-119.473043,,,,,
7A130139001,859673,Calexico Border Patrol Station,,7,32.689499,-115.430999,,,,,
5A280700001,204492,Admin Center & Oak Shores Day Use Area,,5S,38.55074,-122.22914,,,,,
5D541003004,206529,Ash Mountain WWTF,,5F,36.490311,-118.830268,,,,,
5D540700001,227781,Grant Grove WWTF,,5F,36.743413,-118.975874,,,,,
5D541003003,214873,Clover Creek WWTF,,5F,36.605664,-118.750193,,,,,
5A32NC00018,228018,Grizzly Ranch CSD,,5R,39.804167,-120.491389,,,,,
5C240103002,273116,Gustine WWTF,,SB,37.25295,-120.96484,37.2458,-121.0219,06005297001,1175754,Gustine WWTF
7A130135001,232259,Imperial CCD WWTP,,7,32.825361,-115.567417,32.8255,-115.5054,06007023001,1175931,Imperial Commun Colleges Dist WWTF
5C200701001,230092,Hensley Lake,,5F,37.11521,-119.89489,,,,,
5C200102006,201069,Madera Cnty #22A-Oakhurst WWTF,,5F,37.3284,-119.66704,,,,,
3 351000001,252700,Ridgemark Estates WWTP,,3,36.8114,-121.37708,,,,,
5D160105001,273135,Stratford WWTF,,5F,36.18654,-119.81629,,,,,
5D151049001,273155,National Chavez Center WWTF,,5F,35.22357,-118.56231,,,,,
4A560106003,216832,Camrosa Water Reclamation Facility,,SB,34.17162,-119.053202,,,,,
1B14140RHUM,812326,Willow Creek CSD WWTF,,1,40.94112,-123.63234,,,,,
1A84073OSIS,274538,Yreka City WWTP,,1,41.7441,-122.63073,41.747174,-122.628493,06001042001,1175207,Yreka WWTF
5C15NC00279,273161,Bear Valley CSD WWTF,,5F,35.16531,-118.6662,,,,,
4A560103002,848096,Moorpark WRF - WDR,,4,34.2714968,-118.936156,34.278975,-118.893700,06004014001,1175501,Moorpark WWTF
8 360108001,259181,Big Bear WWRF,,SB,34.26563,-116.81496,34.267733,-116.815846,06008007001,1175956,BIG BEAR AREA REG WWTF
5C54NC00299,241826,Mountain Home Conservation Camp,,5F,36.23766,-118.68545,,,,,
2 215002001,205781,Angel Island State Pk - WWTP,,2,37.86842,-122.43484,,,,,
1B87042NHUM,272009,Weott WWTP,,1,40.32245,-123.92474,,,,,
5C240102001,273111,Dos Palos WWTF,,5F,36.98841,-120.6829,36.997549,-120.682669,06005046001,1175566,DOS PALOS STP
5A323001003,210659,Bucks Lake Sewer Facilities,,5R,39.92961,-121.06079,,,,,
2 071227001,223236,East Brother Light StationWWTP,,2,37.96327,-122.43336,,,,,
5D540103001,273112,Exeter WWTF,,SB,36.28927,-119.14325,36.2756,-119.1603,06005178001,1175688,Exeter WWTF
4A560101001,225881,Fillmore WWTP and Wastewater Recycling Plant,,SB,34.39048,-118.94034,,,,,
5A04NC00067,209551,City of Biggs WWTP,,5R,39.413736,-121.710953,39.410203,-121.716800,06005265001,1175744,BIGGS WWTF
9 000000830,272975,Woods Valley Ranch Water Reclamation Facility,,9,33.21303,-117.03347,,,,,
5C220701001,227217,Glacier Point WWTF,,5F,37.73042,-119.57365,,,,,
5C550700003,274505,White Wolf WWTF,,5F,37.87223,-119.6513,,,,,
3 421003001,216428,Cuyama CSD WWTP,,3,34.95129,-119.69422,34.9522,-119.6961,06003068001,1175436,CUYAMA WWTF
5D160700001,236857,Lemoore NAS WWTF,,5F,36.27557,-119.82353,,,,,
5B031026001,239038,Mace Meadows Leachfield/Fairway Pines Leachfield,,5S,38.456986,-120.547962,,,,,
5D100115001,273133,Sanger WWTF,,SB,36.64588,-119.53989,,,,,
6B150116001,252695,Ridgecrest WTF,,SB,35.670026,-117.638706,,,,,
5C10NC00167,273131,Reedley WWTF,,SB,36.58189,-119.46542,36.5797,-119.4654,06005244001,1175730,REEDLEY WWTP
5A520104001,236190,Lake California WWTP,,5R,40.33475,-122.21147,,,,,
5A310106007,248706,Pleasant Grove WWTP,,SB,38.78536,-121.37736,38.786204,-121.378326,06005227002,3520617,Pleasant Grove WWTP
5A58NC00037,209007,Beale AFB WWTP,,5S,39.08873,-121.42396,,,,,
5A48SC00002,227140,Gibson Canyon Creek WWTP,,5S,38.351027,-121.993718,,,,,
4A560103003,243377,Moorpark WRF - WRR,,SB,34.271889,-118.935988,,,,,
5D540113001,273138,Visalia Water Reclamation Facility (WRF),,SB,36.31234,-119.40435,36.3119,-119.4121,06005078001,1175596,Visalia WWTP
5B50NC00002,247782,City of Patterson WQCF,,SB,37.49636,-121.09183,37.4983,-121.0953,06005126001,1175657,PATTERSON WWTF
5C101016001,273145,Canyon Fork WWTF,,5F,37.08078,-119.48541,,,,,
2 283102001,614538,Mustards Grill WWTP,,2,38.41895,-122.38822,,,,,
5C221006001,273159,Yosemite-Mariposa KOA WWTF,,5F,37.54343,-119.9231,,,,,
9 000000792,259163,STP 10 & 11,,9,33.3122,-117.36811,,,,,
9 000000671,248629,Plant #12,,9,33.24482,-117.33143,,,,,
6B369805001,204475,Adelanto WWTP,,SB,34.595221,-117.408261,,,,,
8 332196001,259187,Creekside MHP WWTP,,8,33.80612,-117.50295,,,,,
5B03NC00004,272563,Wildwood Est Leachfield,,5S,38.394975,-120.635869,,,,,
,242162,,,,nan,nan,,,,,
5D101028001,235051,Kings Canyon MHP,,5F,36.760916,-119.112263,,,,,
5A581009001,274558,Yuba Cnty Motorplex WWTF,,5S,39.04263,-121.4925,,,,,
5B24NC00303,273182,Planada WWTF,,5F,37.27692,-120.33191,37.2892448,-120.3241137,06005066001,1175587,Planada WWTF
1B80154OMEN,230693,Hopland Public Utilities District,,1,38.96684,-123.11246,38.9528,-123.0983,06001013001,1175183,HOPLAND WWTF
3 400103001,241479,Morro Bay/Cayucos WWTP,,SB,35.379281,-120.860776,,,,,
4A560114007,734616,New Piru WTF,,4,34.40082,-118.82542,34.4008,-118.8267,06004020001,1175507,New Piru WWTF
5A060100001,206149,Arbuckle WWTP,,5S,39.02995,-122.05737,,,,,
5D160100001,206355,Armona CSD WWTF,,5F,36.30566,-119.70093,,,,,
5D150107001,273104,Arvin WWTF,,SB,35.1864,-118.84748,35.210020,-118.832277,06005142001,1175663,ARVIN WWTF
2 283096001,256477,Auberge Du Soleil WWTP,,2,38.49354,-122.40609,,,,,
5A311009001,206732,Auburn Valley CSD WWTF,,5S,39.0045212,-121.1520213,,,,,
5D160101001,273160,Avenal WWTF,,SB,35.97727,-120.11307,35.978909,-120.114727,06005261001,1175742,AVENAL WWTF
4B190107100,268043,Encinal Canyon Water Recycling Plant on Tract 46277,,4,34.051389,-118.871667,,,,,
5D541023001,256301,Badger Hill Septic Tank Management Program,,5F,36.2959,-119.10199,,,,,
5C221004001,209726,Black Oak General Store,,5F,37.71022,-120.31481,,,,,
6B360100001,208572,Baker WTF,,6V,35.259279,-116.072756,,,,,
5D150100002,273209,Bakersfield WWTP #3,,SB,35.27829,-119.07755,35.2758,-119.0742,06005010002,1175531,Bakersfield WWTP #3
5D150100001,273208,Bakersfield WWTP #2,,SB,35.32496,-118.98541,35.3251,-118.9844,06005010001,1175530,Bakersfield WWTP #2
5A281001001,209349,Berryessa Pines WWTF,,5S,38.533295,-122.227678,,,,,
7A360100011,208930,BB Reg WWA-Lucerne Vly,,7,,,,,,,
5B05NP00005,248424,Pine Grove Community Leachfield System,,5S,38.41141,-120.667305,,,,,
6B149107005,209527,Big Pine Indian RES WTF,,6V,37.167149,-118.277024,,,,,
5B030106001,248753,Plymouth WWTP,,5S,38.48185,-120.84466,38.4939,-120.8886,06005094001,1238819,PLYMOUTH WWTF
5C240114001,240362,Housing Authority Cnty of Merced - Los Banos,,5F,37.09967,-120.83346,37.100372,-120.869179,06005026001,1175548,LOS BANOS WWTF
5A090102009,205543,American River Resort WWTP,,5S,38.79886,-120.88596,,,,,
5B031010001,216284,CSA 3-Lake Camanche WWTP,,5S,38.24955,-120.94998,,,,,
1B73118OHUM,269584,USFS Orleans Ranger Station STP,,1,41.3038,-123.53723,,,,,
5A320119001,208536,Bailey Creek WWTF,,5R,40.295483,-121.133542,,,,,
5B05NC00004,227381,New Melones Lake Glory Hole Recreation Area,,5S,38.04594,-120.52594,,,,,
5A450107001,210854,Burney STP,,5R,40.90354,-121.64292,,,,,
5A040108001,210925,Butte CSA 21 Skansen Ponds and Rocky Bluffs,,5R,39.709478,-121.736667,,,,,
5A040107001,210913,Butte College WWTP,,5R,39.650585,-121.649239,,,,,
5D150101001,273164,Buttonwillow WWTF,,5F,35.40964,-119.46041,,,,,
5B070102002,210972,Byron Sanitary District WWTF,,5S,37.86694,-121.61733,37.866723,-121.615970,06005271001,1175746,BYRON SAN DIS WWTF
5B390106002,240716,Harney Lane Migrant Center,,5S,38.102254,-121.141207,,,,,
1B05160RSON,602220,Bohemian Grove,,1,38.4664,-122.9998,,,,,
5A480107001,220385,Dixon Migrant Center WWTF,,5S,38.38732,-121.77781,,,,,
5A450805006,245524,I-5 @ O'Brien SRRA,,5R,40.793694,-122.317717,,,,,
5A450805007,236297,I-5 @ Lakehead SRRA,,5R,40.91745,-122.39784,,,,,
5A060800001,239875,Maxwell Roadside Rest Station,,5S,39.362,-121.87976,,,,,
5A310802001,227451,Gold Run Roadside Rests,,5S,39.18073,-120.85577,,,,,
5A34NC00017,222624,Elkhorn Safety Roadside Rest Area,,5S,38.6718,-121.6123,,,,,
8 362370001,259226,Wagon Train Road Package Plant,,8,34.30711,-117.46731,,,,,
5B052000001,272716,Wilseyville WWTP,,5S,38.37459,-120.50968,,,,,
5B05NC00025,272109,West Point WWTF,,5S,38.378917,-120.529699,,,,,
1A171868RDN,833707,CDOT Collier Tunnel Rest Area,,1,41.89934,-123.7697,,,,,
1B75028OSON,209949,Bodega Bay Wastewater Reclamation Facility,,1,38.31889,-123.03476,38.319303,-123.034558,06001038001,1175204,BODEGA BAY WWTF
5D100101001,273107,Coalinga WWTF,,5F,36.14357,-120.338,36.143108,-120.337007,06005284001,1175750,COALINGA WWTF
6B150126001,210082,Boron STP,,6V,35.003954,-117.676913,,,,,
2 215126001,209809,Blue Mountain Center WWTP Ponds,,2,38.25126,-122.88265,,,,,
6B140101001,209662,Bishop Sewage Treatment Plant,,SB,37.356287,-118.374855,,,,,
5C240801003,255396,San Luis State REC Area,,5F,37.08206115793,-121.074785020827,,,,,
3 440801001,209225,Ben Lomond Conservation Camp,,3,37.131197,-122.168028,,,,,
5C550802001,247966,Peoria Flat Baseline Conservation Camp,,5F,37.897431,-120.50278,,,,,
5D150803003,271740,Wasco State Prison WWTF,,5F,35.589574,-119.406452,,,,,
5D100802001,240914,Miramonte Conservation Camp,,5F,36.66183,-119.080891,,,,,
5C10NC00045,214957,Coalinga State Hospital WWTF,,5F,36.13729,-120.23248,,,,,
5A310801001,229145,Granite Bay State Park,,5S,38.7124,-121.17464,,,,,
5C240801004,255383,San Luis Rec Area/Basalt Camp,,5F,37.0313,-121.0644,,,,,
5D100805001,248717,Pleasant Valley State Prison WWTF,,5F,36.137222,-120.243421,,,,,
5D540700003,215073,Colonel Allensworth State Historic Park,,5F,35.8632,-119.39032,,,,,
5C200800001,213592,CDC CCWF & VSP WWTF,,5F,37.09036,-120.14971,,,,,
2 215053001,255172,Samuel P Taylor St Pk WWTP,,2,38.02691,-122.73589,,,,,
5C240701001,255382,Gianelli (San Luis) Pump-Generate Plant WWTF,,5F,37.06683,-121.07627,,,,,
5A480800001,219551,Delta Conservation Camp,,5S,38.220175,-121.849365,,,,,
6A186000500,213580,"CCC @ Susanville, CSP-LC WTF",,6T,40.4021,-120.51432,,,,,
8 360800001,259185,CIM WWTP,,8,33.982673,-117.688912,,,,,
6B361809001,851487,Valley Wells Rest Area,,6V,35.43651,-115.70034,,,,,
5B051004001,256316,Sequoia Woods/Mountain Retreat WWTF,,5S,38.26519,-120.8366,,,,,
2 417025001,248933,Portola Redwood State Park WWTP,,2,37.28793,-122.21289,,,,,
2 071184001,258777,Stonehurst SD-6 WWTP,,2,37.971852,-122.142701,,,,,
5A09NC00009,215637,Cool Village WWTF,,5S,38.88802,-121.01623,,,,,
5B050109001,264856,Toyon Middle School,,5S,38.21366,-120.75719,,,,,
5C101012001,201064,Fresno Cnty #1-Tamarack Estates WWTF,,5F,37.19918,-119.20104,,,,,
3 271018003,272434,WHITE OAKS SUBDIVISION Onsite WW Treatment System,,3,36.47755,-121.73067,,,,,
3 270100009,247731,Pasadera Reclamation Facility (Producer),,3,36.57046,-121.77372,,,,,
3 271026001,236601,Las Palmas Ranch Reclamation Facility,,3,36.6126,-121.65588,,,,,
5A571005001,220844,Dunnigan WWTF,,5S,38.863889,-121.865278,,,,,
3 270803001,212962,Camp Roberts Main (West) Garrison WWTP,,3,35.79805,-120.73734,,,,,
6B150118001,212648,California City WTF,,SB,35.14196,-117.935665,,,,,
2 215091001,239451,Marconi Conference Center WWTP,,2,38.14347,-122.87914,,,,,
3 400102001,212858,Cambria CSD WWTP,,3,35.56323,-121.09079,35.567,-121.104,06003030001,1175398,Cambria WQCP
3 270129001,213029,Canada Woods Reclamation Facility,,3,36.53662,-121.84475,,,,,
5D100121001,726877,Caruthers WWTF,,5F,36.53648,-119.85232,,,,,
1B82076OMEN,213470,Caspar South Water District,,1,39.355221,-123.816529,,,,,
5C500100001,213947,Ceres WWTP,,SB,37.5796,-120.96723,,,,,
5C200100001,273106,Chowchilla WWTF,,SB,37.10552,-120.25674,37.1035684,-120.2667223,06005043001,1175563,Chowchilla WWTP
2 438538001,214541,Cinnabar Hills Golf Club WWTP,,2,37.165796,-121.755667,,,,,
4A190117002,805193,Vista Canyon Water Factory,,4,34.4146744,-118.4396601,,,,,
5C240101001,273168,Delhi WWTF,,5F,37.4148,-120.75625,37.409829,-120.750647,06005143001,1175664,DELHI STP
5A571008001,209595,Bill/Kathy's WWTF,,5S,38.88187,-121.97078,,,,,
5B050106001,209539,Big Trees County Houses WWTP,,5S,38.30331,-120.25827,,,,,
5B051003001,220618,Douglas Flat/Vallecito WWTP,,5S,38.10828,-120.45809,38.108744,-120.45728,06005082002,1175599,Vallecito/Douglas Flat WWTF
3 271018001,213294,Carmel Valley Ranch WWTP (Producer),,3,36.52041,-121.79925,,,,,
5D150102001,273109,Delano WWTF,,SB,35.770228,-119.303253,35.7632897,-119.3030814,06005042003,1175562,Delano WWTF
5C15NC00056,234915,Kern Valley State Prison WWTF,,5F,35.76656,-119.31754,,,,,
2 215004001,209987,Bolinas Community WWTP Pond System,,2,37.9097852,-122.6955255,,,,,
5B10NC00011,234146,Fresno Cnty Juvenile Justice WWTF,,5F,36.65705556,-119.7313889,,,,,
5D101122001,201083,Fresno Cnty #47-Quail Lake WWTF,,5F,36.7957557,-119.6007306,,,,,
5C100106002,201080,Fresno Cnty #41-Shaver Lake WWTF,,5F,37.08325,-119.3446389,,,,,
5D101026001,201079,Fresno Cnty #40-Shaver Springs WWTF,,5F,37.04375,-119.37625,,,,,
5C100106001,201078,Fresno Cnty #38-Sky Harbour WWTF,,5F,37.03561111,-119.6515556,,,,,
5C100106003,201076,Fresno Cnty #34-Millerton New Town WWTF,,5F,36.97347222,-119.6657222,,,,,
5C100106004,201074,Fresno Cnty #31B-Shaver Lake WWTF,,5F,37.08325,-119.3446389,,,,,
5D541041001,219395,Deer Creek RV Park,,5F,35.98334,-119.04905,,,,,
5A041025001,251660,Creekside Village,,5R,39.78034,-121.88911,,,,,
6B360106001,216135,Crestline SD Three WTF's,,6V,34.254284,-117.270822,,,,,
2 283114001,216322,CWMS WWTP (at Markham Vineyards),,2,38.515933,-122.485209,,,,,
3 440813511,219169,Davenport WWTP,,3,37.0188,-122.20502,,,,,
5D541013001,236755,Deer Meadow Leachfield,,5F,36.44952,-118.7198,,,,,
5D100128003,273167,Del Rey WWTF,,5F,36.663215,-119.5831,36.6632,-119.585,06005113001,1175644,DEL REY WWTF
7A330105021,209999,Bombay Beach STP,,7,33.36343,-115.7264,,,,,
5D100100001,273163,Biola WWTF,,5F,36.80008,-120.02536,,,,,
5A170100002,214812,Clearlake Oaks Co WTR Dis WWTP,,SB,39.01532,-122.65479,39.014857,-122.655133,06005282001,1175749,CLEARLAKE OAKS WWTF
5B050107004,224889,Forest Meadows WWT & RP,,5S,38.16368,-120.41881,,,,,
5D160102001,273108,Corcoran WWTF,,5F,36.079556,-119.557722,36.080078,-119.558887,06005246001,1175732,Corcoran WWTF
2 41GWRR864895,864895,Sharon Heights Recycled Water Facility,,2,37.420958,-122.222433,,,,,
5A341051001,252813,River City WWTF,,5S,38.3004,-121.22915,,,,,
1A80191OSIS,271945,Weed WWTP,,1,41.43869,-122.40343,41.431755,-122.375035,06001054001,1175220,WEED WWTF
1A89001NDN,213596,CDC Pelican Bay Prison WWTP,,1,41.8501,-124.1529,,,,,
5B051015002,212853,Camanche South Shore WWTP,,5S,38.2155,-120.92442,,,,,
2 019425001,216797,Camp Arroyo at Del Valle R.P.,,2,37.61811,-121.75559,,,,,
2 019117001,219502,Del Valle Regional Park WWTP,,2,37.58683,-121.70328,,,,,
6B140108001,222071,Eastern Sierra CSD WWTF,,6V,37.355471,-118.369097,,,,,
5B09NC00006,641209,Union Mine Disposal Site,,5S,38.64276,-120.831,,,,,
5A09NC00002,239773,EID Master Reclamation Permit,,5S,38.635166,-120.984315,,,,,
5A090102012,236985,Lift Station Equalization Pond,,5S,38.79537,-120.94956,,,,,
5B03NC00034,741089,Camanche North Shore Recreation Area Water Treatment Plant Land Application,,5S,38.23694,-120.94215,,,,,
8 332122003,259210,EVMWD Railroad Canyon WWRF,,SB,33.66713,-117.26453,33.664247,-117.276134,06008034001,1175989,Railroad Canyon WWTP
5B390101001,222916,Escalon Treatment Plant,,SB,37.75659,-121.00295,37.761148,-121.138859,06005158001,1175676,ESCALON WWTF
5D150105001,273142,Kern Sanitation Authority WWTF,,SB,35.35213,-118.95876,,,,,
5A520105001,227080,Gerber STP,,5R,40.09035,-122.1729,,,,,
5A091003001,227425,Gold Beach Park,,5S,38.74264,-120.43576,,,,,
4A190107001,229051,Gorman WWTP,,4,34.793,-118.8447,,,,,
5C500110001,227843,Grayson Comm Serv Dist WTF,,5S,37.57481,-121.17843,37.5693093,-121.1887016,06005055001,1175574,GRAYSON WWTF
5A091007001,206726,Auburn LK Onsite WW Disp,,5S,38.88802,-121.01623,,,,,
2 494011001,247509,Papas Taverna WWTP OWTS,,2,38.181008,-122.533246,,,,,
5D151027001,227503,Golden Hills WWTF,,5F,35.14871,-118.47561,,,,,
5D101140001,210829,Burger King/Texaco Leachfield,,5F,36.833273,-119.914318,,,,,
5A570108001,222947,Esparto CSD WWTF,,5S,38.68755,-122.00709,,,,,
8 330112003,259194,EVMWD Horsethief Canyon WWTP,,8,33.73311,-117.42754,,,,,
5D540102001,273169,Earlimart WWTF,,5F,35.88313,-119.29868,,,,,
5A480101001,220396,Dixon WWTF,,SB,38.398092,-121.811078,38.3917,-121.8044,06005235001,1175722,DIXON WWTF
5C550100001,228057,Groveland WWTF,,5F,37.84458,-120.22898,37.8204,-121.0122,06005159001,1175677,GROVELAND WWTF
5A110103001,229544,Hamilton City CSD WWTP,,5R,39.740081,-121.997972,37.2013,-120.9621,06005299001,1175755,HAMILTON CITY WWTF
5D160103001,273118,Hanford WWTF,,SB,36.2984,-119.64984,36.2983,-119.6489,06005008001,1175528,HANFORD WWTF
5D541020001,236336,Lakeside Trailer Park,,5F,36.05502,-118.92204,,,,,
5C100103001,273114,Firebaugh WWTF,,5F,36.839007,-120.437363,,,,,
5D541048001,246381,Hartland Christian OWTS,,5F,36.65179,-118.95709,,,,,
3 401023001,224429,"Fiero Lane Water Company, Inc.",,3,35.24412,-120.64282,,,,,
8 331058001,259201,Farm MWC WWTP,,8,33.63542,-117.22858,,,,,
5D150106001,256772,Kern Cnty Sheriff's Lerdo WWTF,,5F,35.50525,-119.11562,,,,,
5D151006001,273149,I-5 & Highway 58 WWTF,,5F,35.40468,-119.39708,,,,,
5C201031001,245554,Oak Creek MHP WWTF,,5F,37.26534,-119.70752,,,,,
5A171034001,230282,Hidden Valley Lake WRF,,5S,38.77239,-122.56625,,,,,
9 000000217,251548,Ralph W Chapman WRF,,SB,32.72827,-116.94724,32.7328,-116.9458,06009015003,1176047,Ralph W. Chapman WRF
5B020101002,235088,Kirkwood Meadows WWTF,,5S,38.69093,-120.07189,,,,,
5D540110001,872487,City of Tulare WWTF,,SB,36.2294,-119.366758,,,,,
5C240109001,273170,Franklin WWTF,,5F,37.31903,-120.52354,37.3186,-120.5236,06005051001,1175570,FRANKLIN WWTF
5C221010001,240003,McClure Lake Boat Club Trailer Park,,5F,37.62121,-120.27941,,,,,
1A77141OSIS,220567,Dorris City STP,,1,41.95848,-121.92127,41.967659,-121.910648,06001064001,1175223,DORRIS WWTF
5C200702001,236967,Liberty High School WWTF,,5F,36.92521,-119.90063,,,,,
1A76162OSIS,227962,Grenada Sanitary District STP,,1,41.64724,-122.53064,,,,,
5D160109001,273173,Kettleman City WWTF,,5F,36.00686,-119.94555,35.9425,-119.7719,06005123001,1175654,KETTLEMAN CITY STP
7A360122001,806008,Hi-Desert WD Reclamation Facility,,7,34.12803,-116.37449,,,,,
5D101112001,273148,Hume Lake WWTF,,5F,36.78771,-118.91349,,,,,
5C101005001,230914,Huntington Pines Mutual Water Company,,5F,37.25302,-119.16708,,,,,
5D100107001,273119,Huron WWTF,,SB,36.206021,-120.10357,36.2842,-120.0919,06005056001,1175575,HURON WWTF
7A131006001,248787,Poe Colonia (Cady Subdivision),,7,,,,,,,
5A320101001,227918,Greenville Wastewater Ponds,,5R,40.13955,-120.929264,,,,,
2 215117001,232151,Institute Noetic Science WWTP Mound System,,2,38.187006,-122.602385,,,,,
6B150104001,232625,Inyokern CSD WTF,,6V,35.66359,-117.81366,,,,,
5C201016001,244529,North Fork Mill Housing Facility,,5F,37.23101,-119.49523,,,,,
5B03NC00042,214640,Ione WWTF,,5S,38.35085,-120.95776,38.3528,-120.9334,06005112001,1175643,IONE WWTF
5B340103001,235068,Isleton WWTP,,5S,38.15911,-121.58991,38.155,-121.6114,06005057001,1175576,ISLETON WWTF
5D540104001,273172,Ivanhoe WWTF,,5F,36.3807,-119.23343,36.3899,-119.2177,06005058001,1175577,IVANHOE WWTF
5A04NC00003,248242,Pheasant Landing III HA WWTP,,5R,39.8017,-121.89115,,,,,
5C550101001,233460,Jamestown Sanitary District Wastewater Treatment Facilities,,5F,37.93175,-120.42976,37.8383,-120.0758,06005160001,1175678,JAMESTOWN WWTF
5D100108001,234841,Kerman WWTF,,SB,36.710489,-120.069581,36.711779,-120.074472,06005012001,1175534,KERMAN WWTF
5B031015001,248476,Pioneer Creek MH Community,,5S,38.43186,-120.57187,,,,,
6A180020000,256893,Sierra Army Depot Sewage Treatment Plant,,6T,40.1544823,-120.1376009,,,,,
3 441208240,731257,Pajaro Valley WMA and City of Watsonville Water Reclamation,,SB,36.88617,-121.78613,,,,,
1B80023OMEN,232641,"Irish Beach Subdivision Units 1,2,3,4",,1,39.02469,-123.68795,,,,,
5A171038001,239190,Hoberg's Resort,,5S,38.84168,-122.72446,,,,,
5C240104002,273141,Hilmar CWD WWTF,,5F,37.38664,-120.81392,,,,,
6A180004501,236765,Leavitt Lake Sewage Treatment Ponds,,6T,40.374337,-120.519579,,,,,
6B361111001,230011,Helendale Silverlakes STP,,SB,34.775366,-117.328502,,,,,
5D151163001,234913,Kern Valley Healthcare District WWTF,,5F,35.634783,-118.405137,,,,,
5B10NC00059,793760,Friant Ranch WWTF,,5F,36.96814,-119.72973,,,,,
1A84118ODN,235102,Klamath CSD STP (Del Norte Community Development),,1,41.53492,-124.04454,,,,,
5C500101002,230812,Hughson WWTF,,SB,37.62185,-120.87046,37.619602,-120.874586,06005108001,1175640,Hughson WWTF
5A320121001,205205,Almanor Lakeside Villas WWTF,,5R,40.245633,-121.145583,,,,,
5A570101001,235144,Knights Landing CSD WWTP,,5S,38.78892,-121.71671,38.7956,-121.7219,06005169001,1175684,KNIGHTS LANDING WWTF
5A170102002,257927,Southeast Regional WW System,,SB,38.98605,-122.62709,,,,,
2 438090001,236192,Lake Canyon Community WWTP,,2,37.197177,-121.99988,,,,,
5A170111001,240655,Middletown STP (SD 2-2),,5S,38.76915,-122.6513,39.1119,-122.9092,06005060004,1175582,LAKE CO NW REG WWTP
5A170104001,244785,NW Regional Waste Disp Fac,,5S,39.11406,-122.92255,,,,,
8 330139001,259157,Lake Hemet MWD WWTP,,8,33.66986,-116.67455,,,,,
5C552007001,229466,Hacienda WWTP,,5F,37.785993,-120.463944,,,,,
5A321023001,236309,Lakeshore Resort at Bucks Lake,,5R,39.90854,-121.11427,,,,,
5A170103001,241869,Lakeport City WWTP,,5S,39.01478,-122.92353,39.0431,-122.9139,06005145001,1175665,LAKEPORT SOUTH WWTF
5D100123001,273175,Laton WWTF,,5F,36.43476,-119.68459,,,,,
5D150108001,273174,Lamont WWTF,,5F,35.20866,-118.93225,35.201236,-118.955584,06005306001,1175758,Lamont WWTF
1B88069RMEN,230118,Heritage House,,1,39.24245,-123.77494,,,,,
5D150111001,244567,North Shafter Farm Labor Camp,,5F,35.52799,-119.30556,,,,,
5A170101001,736188,Lake Cnty SD Kelseyville WWD No. 3 Kelseyville WWTF,,5S,38.99126,-122.83065,,,,,
5D150103001,234854,Kern Co CSA 40-Pine Mountain Club,,5F,34.85534,-119.16129,,,,,
5D101129001,215677,North Fresno WWRF,,5F,36.89566,-119.7526,,,,,
6A180208004,230784,Herlong Public Utility District WWTF,,6T,40.1601647,-120.176765,,,,,
6B140104001,237325,Lone Pine WWTF,,6V,36.605982,-118.044725,,,,,
5C500103001,244250,City of Newman WWTF,,SB,37.332757,-120.99154,,,,,
5A091103001,236888,Leoni Meadows Retreat Camp,,5S,38.620798,-120.494032,,,,,
4A190107076,242706,Mendenhall-Munz Boys Camp WWTP,,4,34.651587,-118.481539,,,,,
6B190107017,236378,Lancaster Water Reclamation Plant,,6V,34.781603,-118.158364,34.827966,-118.160791,06004009009,1175485,LACSD (Lancaster WRP)
6B190107069,247448,Palmdale Water Reclamation Plant,,SB,34.596859,-118.069945,34.5908,-118.0761,06004009010,1175486,LACSD (Palmdale WRP)
4B190107004,268548,Trancas WPCP,,4,34.031602537235,-118.839941425934,,,,,
4A565014002,238315,Limoneira WWTP,,4,34.33095,-119.126236,,,,,
5C15NC00090,273143,North of River WWTF,,SB,35.452888,-119.345684,35.442684,-119.344783,06000000165,3609119,North of River Sanitary District
5D165009001,273120,Lemoore WWTF,,5F,36.30022,-119.81534,36.300600,-119.814920,06005310001,1175761,LEMOORE STP
5C240107001,273122,Los Banos WWTF,,5F,37.085219,-120.814612,,,,,
5D540118001,273177,Lemon Cove WWTF,,5F,36.46896,-119.02272,,,,,
8 332125001,259219,Thousand Trails RV Park - Idyllwild,,8,33.76674,-116.73321,,,,,
5D540119001,273178,London WWTF,,5F,36.472194,-119.436414,36.471977,-119.435441,06005316001,1175765,LONDON WWTF
5B390111001,237069,Linden Co Water Dist WWTF,,5S,38.01942,-121.06468,,,,,
3 431018001,237123,Lion's Gate Reserve,,3,37.06829,-121.61994,,,,,
5D161005001,222436,El Dorado MHP WWTF,,5F,36.33226,-119.81053,,,,,
5A171018001,272758,Windflower Point STP,,5S,39.00772,-122.7307,,,,,
5C240106002,220469,Livingston Domestic WWTF,,SB,37.3931511,-120.7536461,,,,,
5D150114001,273179,Lost Hills WWTF,,5F,35.620158128572,-119.683133744821,,,,,
5C551018001,274498,Yosemite Lakes Campground,,5F,37.812106,-119.943485,,,,,
5C200102004,201088,Madera Cnty #8A-North Fork WWTF,,5F,37.227067,-119.507364,,,,,
5C221002001,274513,Yosemite West MD WWTF,,5F,37.65637,-119.72624,,,,,
4B190107003,242186,Malibu WPCP,,4,34.036339,-118.697714,,,,,
5C201026001,273147,Gunner Ranch Water Reclamation Plant,,5F,36.87468,-119.81741,,,,,
5A29NC00004,230290,Higgins Village WWTF,,5S,39.021407,-121.049906,,,,,
5C200102001,201068,Madera Cnty #2-Bass Lake WWTF,,SB,37.338596,-119.581827,,,,,
6B261026001,239291,Mammoth Mtn Ski Area WTF,,6V,37.655602,-119.037096,,,,,
4B190190002,766648,Malibu Civic Center WWTF,,4,34.035804,-118.697727,,,,,
5D150123001,273124,Maricopa Wastewater Disposal Facility,,5F,35.0609837,-119.3832433,,,,,
6A020008000,239591,Markleeville Wstwtr Trtmnt Sys,,6T,38.695069,-119.7759479,,,,,
5C551042001,274506,Yosemite Pines RV Park,,5F,37.82589,-120.19596,,,,,
5C200101001,273123,Madera WWTF,,5F,36.93969,-120.15693,36.9622,-120.0636,06005197001,1175701,MADERA STP
4B561004001,242135,Malibu Bay Club WWTP,,4,34.04946,-118.95381,,,,,
5A570102001,239130,Madison WWTF,,5S,38.67975,-121.96276,,,,,
2 215079001,210068,Millerton Creek Ranch Sewage Pond Facility,,2,38.10984,-122.83968,,,,,
7B360110014,244080,Needles WWTP,,SB,34.837269,-114.601922,,,,,
2 215070001,271593,Walker Creek Ranch WWTP,,2,38.17374,-122.81402,,,,,
5C221003001,220495,Don Pedro Sewer Zone 1,,5F,37.63008,-120.36428,,,,,
5A580101001,239729,Marysville WWTP,,SB,39.13541,-121.59346,39.1406,-121.5872,06005125001,1175656,Marysville WWTF
5B390102002,237252,Lockeford CSD WWTP,,5S,38.14495,-121.13579,,,,,
5C200102002,201085,Madera Cnty #6-Lake Shore Park WWTF,,5F,37.31275,-119.538067,,,,,
5C200102003,201071,Madera Cnty #27-Goldside Estates WWTF,,5F,37.33596,-119.70742,,,,,
5C500104001,245602,Oakdale WWTF,,SB,37.77598,-120.86713,37.777974,-120.866990,06005001001,1175523,OAKDALE WWTF
5B391070001,241099,Oakwood Lake WWTF,,5S,37.775257,-121.28854,,,,,
5C240105001,273176,Le Grand WWTF,,5F,37.207015,-120.253036,,,,,
5D100109001,273126,Mendota WWTF,,SB,36.76875,-120.36786,,,,,
2 215072001,264662,Tomales Village WWTP,,2,38.243775,-122.898688,,,,,
5C240109003,255535,Sandy Mush WWTF,,5F,37.190224761749,-120.535279909673,,,,,
5C551029002,244174,New Don Pedro WW Facilities,,5F,37.83349,-120.33769,,,,,
5C220100001,208746,BARRET COVE Recreation Area,,5F,37.64532,-120.29537,,,,,
5C220100003,239947,McSwain Rec Area WWTF,,5F,37.522547,-120.300564,,,,,
5C220100002,240004,McClure Pt Rec Area,,5F,37.5252,-120.322,,,,,
3 420114004,240951,Mission Hills La Purisima WWTP,,3,34.68947,-120.43185,,,,,
5C220100004,230706,Horseshoe Bend REC Area,,5F,37.7069,-120.23821,,,,,
7A330109021,219649,Desert Crest WWTP,,7,33.92206,-116.4484,,,,,
7A330109012,204870,Alan Horton WWTP,,7,33.94311,-116.49331,33.9425,-116.4919,06007021001,1175929,Alan Horton WWTF
5B050101001,241192,Mokelumne Hill WWTF,,5S,38.30411,-120.71657,38.306069,-120.713460,06005238001,1175725,MOKELUMNE HILL WWTF
6B150111001,241188,Mojave STP,,6V,35.030014,-118.146276,35.0517,-118.1719,06006049001,1175898,MOJAVE WWTF
1A81131OSIS,241266,"Montair Subdivision, STP",,1,41.72695,-122.57033,,,,,
1A76081OSIS,241264,Montague STP,,1,41.73401,-122.53957,41.725,-122.5331,06001002001,1175168,MONTAGUE WWTF
2 019291001,239789,Mata Amritanandamayi WWTP Pond System,,2,37.75065,-122.030401,,,,,
3 270108025,726996,Monterey Regional Reclamation (Producer),,3,36.713826,-121.767734,,,,,
2 283008001,220804,Duffy's Myrtledale WW Ponds,,2,38.595411,-122.599289,,,,,
6B260102001,236786,Lee Vining WTF,,6V,37.96086,-119.11831,,,,,
8 361068001,259190,Forest Home CC WWTP,,8,34.08871,-116.93144,,,,,
5D540117001,273113,Farmersville WWTF,,5F,36.29773,-119.20678,,,,,
5C10NC00192,804421,"Family Ranch, Inc.",,5F,36.13789,-120.07538,,,,,
5A292026001,209670,Nevada City School of the Arts WWTF,,5S,39.255293,-121.155459,,,,,
9 000000371,202611,4-S Ranch Water Reclamation Facility,,SB,33.014402,-117.112003,,,,,
5C550111001,236838,Leland Meadow WWTP,,5F,38.23463,-119.97779,,,,,
5A280103002,243845,Napa Berryessa WTF,,5S,38.509,-122.197,,,,,
2 283025001,241376,Moore's Resort WWTP Sewage Ponds,,2,38.22652,-122.30749,,,,,
5D540105001,273121,Lindsay WWTF,,SB,36.21826,-119.13634,36.2181,-119.1364,06005039001,1175559,LINDSAY WWTF
4B190134001,237922,Lake Hughes Community WWTF,,4,34.674201,-118.434688,,,,,
5A290104006,247940,Penn Valley WWTP,,5S,39.17526,-121.19634,,,,,
5A290107001,244565,North San Juan WW Facility,,5S,39.37169,-121.10391,,,,,
1B98055RSON,245805,Odd Fellows WWTF,,1,38.5039,-122.9459,,,,,
9 000003689,255386,San Luis Rey Water Reclamation Facility - Recycled Water and Pure Water,,9,33.2451823,-117.3310785,,,,,
5A290106001,253256,Rollins Reservoir Rec Areas,,5S,39.16461,-120.95246,,,,,
5D150109001,273125,McFarland WWTF,,SB,35.68274,-119.27844,,,,,
5A290106002,256005,Scotts Flat Reservoir Rec Area,,5S,39.27814,-120.9389,,,,,
5D100110001,273127,Orange Cove WWTF,,SB,36.60686,-119.33601,36.6092,-119.3369,06005022001,1175543,ORANGE COVE WWTF
1A78041OMOD,244240,Newell CWD STP,,1,41.89846,-121.36382,41.8883,-121.3711,06001085001,1175236,NEWELL WWTF
1B80173OMAR,245775,Oceana Marin (North Marin CWD),,1,38.25667,-122.95904,38.1136,-122.5658,06002060003,1175317,OCEANA MARIN WWTF
2 283032001,271771,Napa Valley Country Club WWTP Ponds,,2,38.323508,-122.245392,,,,,
5B050102001,241907,Murphys WWTF,,5S,38.12669,-120.4616,38.1247,-120.4631,06005322001,1175769,MURPHYS WWTF
5A470102002,240000,McCloud WWTF,,5R,41.21955,-122.14451,41.2436,-122.1311,06005319001,1175766,McCloud WWTF
9 000000257,224057,Fairbanks Ranch WPCF,,9,32.99908,-117.19086,,,,,
5D540135001,256309,Sequoia Field WWTF,,5F,36.44358,-119.32263,,,,,
5A321018001,272456,Whitehawk Ranch WWTP,,5R,39.72126,-120.54676,,,,,
5D151178001,224692,Flying J #613,,5F,35.53207,-119.18857,,,,,
5C550106006,248442,Pinecrest WWTP,,5F,38.17148,-120.00164,,,,,
5D540106001,726883,Pixley WWTF,,5F,35.95744,-119.30914,,,,,
5A291006001,248573,Pla-Vada Community Assoc STP,,5S,39.13467,-121.17104,,,,,
1A25094RSIS,901636,"Plant Sciences, Inc. Juniper Village 2, Macdoel Middle School",,1,41.81352,-122.00554,,,,,
5A290103001,248713,Pleasant Ridge Elementary School WWTP,,5S,39.07406,-121.11212,,,,,
4B191025004,251021,Point Dume Club WWRP,,4,34.014191,-118.811949,,,,,
9 000000145,247809,Pauma Valley Treatment Plant,,9,33.3129,-117.00436,,,,,
2 494033001,248903,Port Sonoma Marina WWTP Pond,,2,38.119,-122.49716,,,,,
5A060104001,249211,Princeton WWTP,,5S,39.40043,-122.01724,,,,,
9 000000076,255468,San Vicente WWTP,,9,32.99921,-116.84008,,,,,
8 331003001,259152,Rancho Caballero WWTP,,8,33.87918,-117.39396,,,,,
5B340109001,251695,Rancho Murieta CSD WWT & Rec,,5S,38.490532,-121.088797,,,,,
9 000000899,255649,Santa Fe Valley WTP,,9,33.025199,-117.135651,,,,,
8 360111001,259148,Redlands WWRF,,SB,34.08986,-117.2174,34.088422,-117.216482,06000000307,3612790,Redlands WWRF
5D102011001,230037,PG&E Helms Plant,,5F,37.042902,-119.095606,,,,,
7B360115051,247644,Park Moabi WWTF,,7,,,,,,,
5D540107001,273130,Porterville WWTF,,SB,36.075954,-119.043986,,,,,
5D100118001,273128,Parlier WWTF,,SB,36.5991,-119.567715,,,,,
4A560108002,650554,Santa Paula WRF,,SB,34.3353,-119.08293,34.3357,-119.0837,06004044001,1175519,Santa Paula WRF
8 331061001,259204,Pine Springs Ranch WWTP,,8,33.70511,-116.65032,,,,,
4A191030001,249771,Paradise Ranch WWTP,,4,34.572265,-118.689749,,,,,
5C221022001,257153,"Palm Springs Village-309, LLC Silvertip Resort Village WWTF",,5F,37.480482,-119.638592,,,,,
5A340111001,210156,Boys Ranch WWTF,,5S,38.55699,-121.11837,,,,,
5C500106002,252871,Riverbank WWTP,,SB,37.74459,-120.94579,37.749408,-120.942736,06005068001,1175588,RIVERBANK WWTF
5D100114001,273185,Riverdale WWTF,,5F,36.43186,-119.86139,,,,,
5B10NC00072,807214,Riverstone WWTF,,5F,36.90594,-119.82253,,,,,
8 360113001,259160,Running Springs WWTP,,SB,34.19462,-117.13738,,,,,
9 000000541,262996,TCWD Robinson Ranch WRF,,SB,33.64534,-117.56208,,,,,
9 000000541,262995,TCWD - Crystal Canyon WRP (Formerly Goren WWTP),,SB,33.67023,-117.60242,,,,,
9 000000541,257519,SMWD-Nichols Reseach Inst WRF,,9,33.56205,-117.54391,,,,,
5B051013001,256972,Sierra Ridge WWTP,,5S,38.19603,-120.68049,,,,,
7A130110031,219671,SCSD Desert Shores WWTP,,7,,,,,,,
5B390105001,252782,Ripon Industrial & Domestic TP,,SB,37.72919,-121.132976,,,,,
7A130117001,647900,SCSD Thomas R. Cannell WWTP,,7,,,,,,,
6B360115002,208771,Barstow/Daggett Airport WTF,,6V,34.864554,-116.784148,,,,,
1B88049RSON,268923,"UC Davis, Bodega Marine Lab (WDR)",,1,38.31838,-123.07156,,,,,
6B360115010,266519,Trona & Pioneer Point WTF,,6V,35.789039,-117.36373,,,,,
1A88030RDN,252254,Redwood Park STP,,1,41.67316,-124.11389,,,,,
5C551026001,251805,Rawhide Mobile Home Park WWTF,,5F,37.950366,-120.460839,,,,,
8 362899001,643085,Lytle Creek North WWTP,,SB,34.17631,-117.38887,,,,,
5C500107001,255081,Salida WWTP,,SB,37.72739,-121.10156,,,,,
1B78209OSON,255697,Santa Rosa City Oakmont Plant,,1,38.44856,-122.62483,38.4458,-122.6181,06001045003,1175211,Oakmont WWTP
1B14141RSON,815162,Santa Rosa City Biosolids - Brown Farm,,1,38.40587,-122.79465,,,,,
5B55NC00003,221988,Early Intake Wastewater System,,5F,37.96604,-119.92504,,,,,
3 449902003,256012,Scotts Valley WWTF Producer,,3,37.041247,-122.02551,,,,,
5C551001001,241111,Moccasin Powerhouse,,5F,37.80594,-120.29651,,,,,
5D100116001,273132,San Joaquin WWTF,,5F,36.60311,-120.19741,,,,,
5B39NC00035,237113,CSA 44-Zone G (Linne),,5S,37.70561,-121.40077,,,,,
5B391008002,216283,CSA 15 - STP,,5S,37.99875,-121.25142,,,,,
5B390112001,263621,Thornton Farm Labor Camp,,5S,38.21928,-121.42736,,,,,
5C550108001,214660,San Jose City Family Camp,,5F,37.82993,-120.20318,,,,,
3 440107001,209014,Bear Creek Estates WWF,,3,37.144717767719,-122.087802367706,37.1693,-122.1537,06003054002,1175423,BEAR CREEK ESTATES WWTF
3 270125001,255372,San Lucas WWTF,,3,36.142,-121.01026,,,,,
3 400910371,822816,Los Osos Water Recycling Facility,,SB,35.30821,-120.80028,,,,,
3 400309097,271808,San Luis Obispo Water Reclamation Facility,,3,35.25616,-120.67292,,,,,
5C240116001,260176,San Luis Hills WWTF,,5F,37.055327,-121.012368,,,,,
2 417041001,240289,San Mateo Memorial Park WWTP,,2,37.27773,-122.29304,,,,,
2 417042001,227352,Glenwood Boys Ranch WWTP,,2,37.30666,-122.26935,,,,,
2 417059001,255417,San Mateo Co Honor Camp WWTP,,2,37.262936,-122.248757,,,,,
4B191002001,268842,"Two Harbors STP, Catalina Island",,4,33.438661,-118.495086,,,,,
7A330132001,220932,Desert Water Agency Recycled Water Facility,,7,33.80406,-116.48824,,,,,
5A06NC00010,239874,Maxwell PUD WWTF,,5S,39.26831,-122.18388,39.2653,-122.1844,06005063001,1175584,Maxwell WWTP
2 417016001,237286,Log Cabin Ranch WWTP,,2,37.30495,-122.25694,,,,,
9 000000123,251653,Rancho Del Campo WPCF OWTS,,9,32.603591,-116.47027,32.8356,-117.13,06009058001,1176089,RANCHO DEL CAMPO WWTF
5C550114001,245520,O'Shaughnessy WWTP,,5F,37.81196,-120.30112,,,,,
5A571010001,209383,Motel 6 and Americas Best Value Inn Wastewater Treatment System,,5S,38.88169,-121.97753,,,,,
9 0000002490,782065,Harmony Grove Water Reclamation Plant,,9,33.1003126,-117.1301589,,,,,
5D541012001,237114,Linnell Farm Labor Center,,5F,36.30957,-119.22437,,,,,
2 482059001,256218,Seeno Duck Club WWTP Evap Pond,,2,38.193167,-122.066517,,,,,
5D100104001,273187,SKF CSD WWTF,,SB,36.517963,-119.587906,36.5179,-119.5874,06005071001,1175590,Selma-Kingsburg-Fowler CSD WWTF
5A450001003,205259,Alpine Meadows/Whispering Wood,,5R,40.49369,-121.87808,,,,,
5A450001004,247464,Palo Cedro WWTF,,5R,40.52617,-122.25293,,,,,
5A321022001,228016,Grizzly Creek Ranch WWTF,,5R,39.837308,-120.420619,,,,,
8 332029001,259212,Silent Valley RV Park WWTP,,8,33.857563,-116.844169,,,,,
2 215119001,257388,Skywalker Ranch WWTPs,,2,38.056282,-122.659623,,,,,
5D541009001,251110,Quail Valley REC Park,,5F,35.87481,-118.69996,,,,,
5C240111001,273189,Snelling WWTF,,5F,37.520705,-120.4466835,,,,,
4B190107080,254304,River Community STP,,4,34.23833,-117.77222,,,,,
3 270113001,256483,Soledad Water Reclamation Facility,,SB,36.41905,-121.33814,,,,,
5D101043001,232097,I-5 & Jayne Avenue Facility,,5F,36.13553,-120.15627,,,,,
1B71011OSON,256057,SCWA Oceanic Properties Sea Ranch Central Plant,,1,38.71706,-123.45545,,,,,
3 430100003,256038,SCRWA Reclamation Facility and Use Areas,,3,36.98759,-121.53745,,,,,
5C240113001,273186,Santa Nella WWTF,,5F,37.10061,-121.02239,,,,,
8 362200001,259197,Lytle Creek WWTP,,8,34.20179,-117.44881,,,,,
2 438083001,239542,Mariposa Lodge- Onsite Sewage System,,2,37.22557,-121.73295,,,,,
9 000000099,248439,Pine Valley WW Polltn Cntl Fac (Pine Valley Sanitation District) OWTS,,9,32.82663,-116.53084,,,,,
9 000000564,255735,Santa Rosa WRF-Recycled WTR,,9,33.530592,-117.188652,33.531540,-117.189424,06000000124,3608283,Santa Rosa WRF
8 330105001,259155,Idyllwild WD WWTP,,8,33.732677,-116.748417,,,,,
5A040103001,227980,Gridley WWTF,,5R,39.36352,-121.65453,,,,,
3 251223000,230555,Hollister Domestic WWTP,,3,36.85277,-121.44442,36.852428,-121.441841,06003063001,1175430,Hollister Domestic WWTP
5A320104002,236178,Lake Almanor West,,5R,40.234842,-121.202445,,,,,
5D152000001,258743,Stoco WWTF,,5F,35.35123,-119.32545,,,,,
6A188812008,258792,Stones-Bengard Sewage Treatment Ponds,,6T,40.7204613,-120.7409477,,,,,
5D540108001,273192,Strathmore  WWTF,,5F,36.14346,-119.07172,,,,,
5A291012001,224893,Forest Springs WWTF,,5S,39.13467,-121.17104,,,,,
5A510102002,252762,Rio Ramaza WW Disposal Ponds,,5S,38.7414,-121.59509,,,,,
5B030104001,259717,Sutter Creek WWTP,,5S,38.39478,-120.81578,,,,,
5A51NC00005,739902,SYSCO Food Services of Sacramento,,5S,38.77773,-121.52283,,,,,
5C500112003,241143,Modesto Reservoir WWTP,,5S,37.66052,-120.65597,,,,,
5D150116001,273136,Tehachapi WWTF,,5F,35.138333,-118.455556,,,,,
5C15NC00128,740731,Tejon Industrial Complex East WWTF,,5F,34.84164,-118.86482,,,,,
5C15NC00247,739154,Tejon Mountain Village,,5F,34.82881,-118.8565,,,,,
5D151014003,273156,Tejon Industrial Complex West WWTF,,5F,34.98907,-118.94462,,,,,
5D151014001,263091,Tejon Headquarters WWTF,,5F,35.33468,-119.00346,,,,,
5B390701004,219280,"DDJC, Tracy - WWTP, Stormwater",,5S,37.7221,-121.39726,,,,,
2 019062001,237194,"V.A. Med Center, Livermore-WWTP",,2,37.625965,-121.756446,,,,,
5A520703001,263080,Tehama-Colusa Canal Facility Sewage,,5R,40.114985,-122.16802,,,,,
6A260154101,269591,USMC-MWTC WWTC,,6T,38.35765,-119.51451,,,,,
5D151054001,266620,I5 Eastside Wastewater Discharge Ponds,,5F,34.989738,-118.942911,,,,,
5C500112001,272989,Woodward Reservoir Reg Park,,5S,37.84712,-120.87701,,,,,
2 283015001,271772,St Helena Hospital WWTP,,2,38.543351,-122.475852,,,,,
5D540130001,273190,Springville WWTF,,5F,36.12191,-118.82295,,,,,
5D540112003,272986,Woodville Farm Labor Center,,5F,36.08037,-119.14311,,,,,
5C54NC00314,759028,SCICON WWTF,,5F,36.18669,-118.79688,,,,,
5C550104001,266720,Tuolumne City WWTP,,5F,37.955025,-120.246063,,,,,
5C550106003,240555,Mi-Wuk Village WW System,,5F,37.987588,-120.38538,,,,,
4B191097001,267585,Tivoli Cove WWTP,,4,34.029114,-118.753541,,,,,
5B55NC00004,266795,Twain Harte WWTP,,5F,38.030985,-120.256779,,,,,
2 482034001,257648,Twin Creek Condominiums (Solano Co) WWTP,,2,38.26119,-122.16613,,,,,
2 417133001,222628,Elkus Youth Ranch WWTP,,2,37.414544,-122.401077,,,,,
5A340700001,220470,Domestic WWTF (SAC CO SD 1),,5S,38.54194,-121.32184,,,,,
5B051027001,244186,New Hogan Lake Recreational Areas,,5S,38.139575,-120.810524,,,,,
1B79054OSON,269534,USACOE Lake Sonoma Waste System,,1,38.71644,-122.99773,,,,,
5D540112004,259325,Success Reservoir Campground,,5F,36.06911,-118.92175,,,,,
3 270422966,225534,Fort Hunter Liggett WWTP,,3,35.99163,-121.23178,,,,,
5D540101001,273110,Dinuba WWTF,,5F,36.53883,-119.40863,36.5386,-119.3961,06005177001,1175687,DINUBA WWTF
5C550106004,257763,Sonora Regional WWTF,,5F,37.966394,-120.388012,37.9751218,-120.3925809,06005109001,1175641,SONORA WWTP
5B20NC00105,817457,Tesoro Viejo WWTP,,SB,36.95449,-119.78866,,,,,
5D540109001,273193,Terra Bella WWTF,,5F,35.96421,-119.03995,,,,,
5D151014002,263090,Tejon Ranch - Grapevine,,5F,34.946139,-118.92749,,,,,
2 215132001,258159,Spirit Rock Meditation Center WWTP,,2,38.014835,-122.652017,,,,,
1A80192OSIS,271942,Weed Shastina WWTP,,1,41.434853,-122.404647,,,,,
6A021008003,259230,STPUD WWTP,,SB,38.921379,-119.971178,38.922207,-119.971111,06006004001,1175857,South Tahoe WWTF
2 215027001,258683,"Stinson Beach- OWTS in Stinson Beach, Marin County",,2,37.92515,-122.677858,,,,,
6B140100001,209528,Big Pine STP,,6V,37.17189,-118.278224,,,,,
5B030100001,205396,Amador City WW Export System,,5S,38.4198333333,-120.829633333,,,,,
5C200700001,219738,USDI NPD Devils Postpile Facilities,,5F,37.63,-119.08352,,,,,
5D540700002,213791,Cedar Grove WWTF,,5F,36.802996,-118.695825,,,,,
5C220701003,208519,Badger Pass WWTF,,5F,37.66576,-119.65461,,,,,
5C550700001,274504,Tuolumne Meadows WWTF,,5F,37.79724,-119.8608,,,,,
5C550700002,274503,Yosemite Nat Prk Hodgdon MDW,,5F,37.80174,-119.85892,,,,,
1B83045OSON,270618,Vintners Inn,,1,38.49554,-122.75944,,,,,
9 000000247,240177,Meadowlark WRF,,9,33.106357,-117.227356,,,,,
9 000000236,237543,Lower Moosa Canyon Recl Facil,,9,33.254895,-117.152751,,,,,
5B050104001,270105,Valley Springs SD WWTF,,5S,38.19159,-120.8291,,,,,
4A560121001,267596,Todd Road Jail WWTP,,4,34.30704,-119.111235,,,,,
4A560109001,260486,Jose Flores WWTP,,4,34.276133,-119.146775,,,,,
6B360907006,761913,VVWRA Sub-Regional Plant-Apple Valley,,SB,34.544278,-117.204514,,,,,
6B360907005,761903,VVWRA- Sub-Regional Plant-Hesperia,,SB,34.442628,-117.352494,,,,,
5D150117001,273196,Wasco WWTF,,SB,35.59618,-119.3876,35.5942,-119.3894,06005079001,1175597,WASCO WWTF
5A280108001,258043,Spanish Flat WWT & Disposal Facility,,5S,38.53625,-122.22276,,,,,
6A180506011,638757,Spalding Tract Sewer System,,6T,40.68568,-120.79955,,,,,
6A021008003,259230,STPUD WWTP,,SB,38.921379,-119.971178,,,,,
5C550705001,266792,Tuttletown Recreation Area,,5F,38.003976,-120.484292,,,,,
5B031009001,247616,Pardee Reservoir Recreation Area,,5S,38.29161,-120.8717,,,,,
6B140704001,259143,Stovepipe Wells Village,,6V,36.610282,-117.144411,,,,,
5A291025001,235068,Kingsbury Greens CSD WWTP,,5S,39.145418,-121.040748,,,,,
5D541024001,273184,Richgrove WWTF,,5F,35.79521,-119.11223,,,,,
7A360702011,269589,USMC - Mainside WWTF,,7,,,,,,,
8 330700001,259198,Western Water Recycling Facility,,8,33.867,-117.2647,,,,,
5C500111001,272279,Westley Comm Sewage Trt Fac,,5S,37.54938,-121.1991,,,,,
1B75260OMEN,272298,Westport CWD,,1,39.64219,-123.78339,39.6831,-123.7619,06001004001,1175170,Westport STF
5A180102001,272344,Westwood STP,,5R,40.294961,-121.013683,,,,,
9 000000157,272418,Whispering Palms WPCF,,9,33.00127,-117.2002,33.008124,-117.190433,06009020001,1176052,Whispering Palms WPCF
5A570104001,272837,Winters WWTF,,5S,38.54332,-121.9918,38.523014,-121.966685,06005236001,1175723,WINTERS WWTF
5B390109001,272919,Woodbridge SD-Sewage Treatment,,5S,38.16545,-121.31718,38.1617,-121.3158,06005164001,1175682,WOODBRIDGE WWTF
5D540114001,273140,Woodlake WWTF,,SB,36.40101,-119.09892,36.399800,-119.100777,06005032001,1175554,Woodlake WWTF
8 361066001,259153,Western Hills WWRF,,8,33.960677,-117.765009,,,,,
5A57NC00004,272537,Wild Wings Water Recycling Facility,,5S,38.67456,-121.88563,,,,,
5C201007001,214903,Yosemite Lakes Clubhouse Facility,,5F,37.187758,-119.766794,,,,,
5C221019001,213792,Cedar Lodge WWTF,,5F,37.66033,-119.85218,,,,,
5C551039001,274512,Yosemite Vista Estates,,5F,37.853408,-120.225756,,,,,
1A00016RSIS,274534,Yreka Biosolids Disposal Facility,,1,41.71535,-122.61038,,,,,
5C500113001,271836,Waterford WWTP,,SB,37.63348,-120.76674,37.634065,-120.766182,06005080001,1238817,WATERFORD WWTP
2 494001001,256154,Sonoma Raceway WWTP Ponds & Recycled Water,,2,38.15836,-122.45341,,,,,
6A020013000,272945,Woodfords Indian Colony WTDF,,6T,38.7983716,-119.74823,,,,,
6B360911001,747480,SCLA Central WWTP-Victorville Water Dist,,SB,34.614722,-117.373056,,,,,
5A570112001,219219,Davis Migrant Center WWTF,,5S,38.57392,-121.67519,,,,,
1A84072OTRI,271915,Weaverville SD WWTP,,1,40.71636,-122.93475,40.717013,-122.933922,06001003001,1175169,WEAVERVILLE WWTF
6B142509005,902865,DVNP Cow Creek RO Plant,,6V,36.50885,-116.84794,,,,,
4B190107087,840718,White Point Outfall Manifold Construction Dewatering Project,,,nan,nan,,,,,
,205398,Amador County Regional Outfall,,,nan,nan,,,,,
5B030120003,221974,Eagles Nest Leachfield,,,nan,nan,,,,,
,764886,American Canyon Water Recycling Program,,,nan,nan,,,,,
,856455,B & R Livestock Washout,,,nan,nan,,,,,
1B07094RSON,718887,The Farmhouse Inn,,,nan,nan,,,,,
,229817,Atlas Business Park,,,nan,nan,,,,,
1B09156RSON,766948,"Sonoma-Cutrer Vineyards, Inc. Domestic Waste",,,nan,nan,,,,,
,872382,"Burke Property, OWTS",,,nan,nan,,,,,
,213154,Caples Lake Maint Station,,,nan,nan,,,,,
5B50NC00327,820261,Westley Safety Roadside Rest Area,,,nan,nan,,,,,
5A310802002,272480,Whitmore Maintenance Station,,,nan,nan,,,,,
,220841,Dunnigan Roadside Rest WWTF,,,nan,nan,,,,,
3 401108233,729031,Shandon Roadside Rest Area,,,nan,nan,,,,,
5C54NC00296,719040,Warlow SRRA WWTF,,,nan,nan,,,,,
,813804,Crestview Maintenance Station Wash Rock,,,nan,nan,,,,,
5B24NC00381,837951,"John ""Chuck"" Erreca SRRA",,,nan,nan,,,,,
,222359,Avenal State Prison-Effluent Storage Reservoir,,,nan,nan,,,,,
5A090111001,228067,Growlersburg Conservation Camp,,,nan,nan,,,,,
1B04044RMEN,214008,CDF Chamberlain Creek Conservation Camp,,,nan,nan,,,,,
1B03078RHUM,776914,CDPR Prairie Creek Redwoods (WDR),,,nan,nan,,,,,
,213561,Carmel Reclamation,,,nan,nan,,,,,
5B55NC00012,721549,Cascade MHP WWTF,,,nan,nan,,,,,
,741394,Central Contra Costa SD Water Recycling,,,nan,nan,,,,,
,754176,Chimney Rock Winery WW Pond,,,nan,nan,,,,,
,826844,City of Pacific Grove WWTF,,,nan,nan,,,,,
,258677,Stillwater WWTP Reclamation,,,nan,nan,,,,,
,232429,Industrial WWTP,,,nan,nan,,,,,
1B02084RMEN,215515,"Consolidated Tribal Health Project, Inc.",,,nan,nan,,,,,
1B06162RHUM,766558,Willow Creek Apartments,,,nan,nan,,,,,
5B50NC00018,602499,Del Rio East HOA WWTP,,,nan,nan,,,,,
5B50NC00453,869528,Del Rio Lago Wastewater System,,,nan,nan,,,,,
5B50NC00001,219497,Del Rio CSD WWTF,,,nan,nan,,,,,
,723734,Delta Diablo SD Recycled Water Program (RB2),,,nan,nan,,,,,
5C551013001,220429,Dodge Ridge Resort WWTF,,,nan,nan,,,,,
,753205,EBMUD Recycled Water - RARE WTP,,,nan,nan,,,,,
,244392,EBMUD Recycled Water- North Richmond Water Reclamation Plant,,,nan,nan,,,,,
5A17NC00038,894553,Esther Formula USA,,,nan,nan,,,,,
,224084,Fairfield-Suisun Water Recycling,,,nan,nan,,,,,
2 215147001,225411,French Ranch Community WWTP,,,nan,nan,,,,,
5D540112001,256307,Sequoia Dawn Apartments WWTF,,,nan,nan,,,,,
2 43GWDR440668,862046,Google Bay View Campus,,,nan,nan,,,,,
,800038,Graeagle WWTP,,,nan,nan,,,,,
,230181,Hess Winery WWTP Pond System,,,nan,nan,,,,,
,230825,Humane Society of Sonoma County,,,nan,nan,,,,,
1B08077RSON,770632,Jordan Winery Onsite Wastewater Treatment System (Domestic Waste),,,nan,nan,,,,,
1B08022RSON,771804,Kendall-Jackson Wine Center Domestic Waste,,,nan,nan,,,,,
5C54NC00297,719232,Kings River UESD OWTS,,,nan,nan,,,,,
1B190006RSON,855819,Knights Bridge Winery - Domestic,,,nan,nan,,,,,
8 363015001,893349,LPC Arrowhead Area 1 LP OWTS,,,nan,nan,,,,,
,237867,Lagunitas School WWTP,,,nan,nan,,,,,
,236596,LAS GALLINAS Recycled Water- Pasture Irrigation,,,nan,nan,,,,,
2 21GWDR450979,236597,Las Gallinas Sludge App,,,nan,nan,,,,,
,253766,Rancho Las Virgenes Farm,,,nan,nan,,,,,
5A58NC00005,236926,Lewis Carroll School,,,nan,nan,,,,,
,237748,La Canada WWRP,,,nan,nan,,,,,
5C241001001,255393,Oasis West RV Park,,,nan,nan,,,,,
1B01139RSON,255136,Lytton Rancheria Lytton Springs Facility,,,nan,nan,,,,,
2 215166001,709408,Marshall Community WWTP,,,nan,nan,,,,,
,220454,DOMESTIC WASTEWATER T&DFs,,,nan,nan,,,,,
,234126,June Mtn Ski Area Chalet,,,nan,nan,,,,,
,735383,Mammoth Lakes WTP Teritiary Unit,,,nan,nan,,,,,
5A48NC00024,768050,Maxwell PUD and Francis Crinella Biosolids Land Application Proj,,,nan,nan,,,,,
,239889,Mayacama Golf Club LLC,,,nan,nan,,,,,
,242648,Meadowood Resort WWTP & Reuse,,,nan,nan,,,,,
2 43CW860254,860254,Microsoft Silicon Valley Recycled Water System,,,nan,nan,,,,,
,864305,Nancy Wright Regional Water Reclamation Facility,,,nan,nan,,,,,
3 271123999,805968,Pure Water Monterey Groundwater Replenishment Project,,,nan,nan,,,,,
,222144,Echo Mars Ponds,,,nan,nan,,,,,
,764881,Napa Sanitation District Recycled Water Program,,,nan,nan,,,,,
,258160,Napa Valley Marina Sewage Ponds,,,nan,nan,,,,,
,902560,Bailey Ranch Biosolid Land Application Project,,,nan,nan,,,,,
,244703,Novato SD Recycled Water (2y) to Pasture,,,nan,nan,,,,,
,769213,Novato Sanitary District Recycled Water (3y),,,nan,nan,,,,,
,722666,Mayacama Ranch,,,nan,nan,,,,,
,251975,"Reclam,OCWD-Green Acres",,,nan,nan,,,,,
,246203,Orland WWTP,,,nan,nan,,,,,
,825789,"OWTS at 100 Lagunitas Road, Lagunitas, Marin County",,,nan,nan,,,,,
,826202,"OWTS at 195 Resaca Ave, Forest Knolls, Marin Co",,,nan,nan,,,,,
,866484,Oxnard Advanced Water Purification Facility (AWPF),,,nan,nan,,,,,
5C10NC00059,230034,Helms Housing & Support Facility,,,nan,nan,,,,,
,247301,Pacific Union College WWTP,,,nan,nan,,,,,
,750984,Nick's Cove & Cottages WWTP,,,nan,nan,,,,,
5C551044001,220494,Don Pedro Houseboats/Mini Mart,,,nan,nan,,,,,
,236887,Leonhardt Ranch Reclamation,,,nan,nan,,,,,
5D542043001,256315,Rush Creek OWTS,,,nan,nan,,,,,
3 2703212437,773960,Rancho Cielo Youth Campus,,,nan,nan,,,,,
,251857,Richardson Bay SD- Recycled Water,,,nan,nan,,,,,
,785242,Russell City Energy Center Recycled Water Facility,,,nan,nan,,,,,
3 271028001,224503,FIRESTONE BUSINESS PARK Onsite WW Treatment System,,,nan,nan,,,,,
,816191,San Francisco PUC HQ Living Machine RW Facility,,,nan,nan,,,,,
5B39NC00240,216287,County Service Area (CSA) 44 Zone E (Castello),,,nan,nan,,,,,
,232428,Sanger Industrial WWTF,,,nan,nan,,,,,
,869661,SWIP - Advanced Water Treatment Facility,,,nan,nan,,,,,
,830415,Santa Paula Water Recycling Facility,,,nan,nan,,,,,
1B14083RSON,808744,Santa Rosa City Biosolids - Stone Farm,,,nan,nan,,,,,
1B06065RSON,815161,Santa Rosa City Biosolids - Alpha Farm,,,nan,nan,,,,,
,765314,SASM Recycled Water Program,,,nan,nan,,,,,
5A04NC00082,901334,Oroville Wastewater Treatment Plant Construction Dewatering Project,,,nan,nan,,,,,
2 21GWDR405097,822928,Big Rock Ranch Recycled Water,,,nan,nan,,,,,
5C10NC00156,821955,Teen Challenge of Southern California,,,nan,nan,,,,,
1B24163RSON,897866,Sonoma West Holdings Wastewater Treatment Facility Plant No. 2 - Domestic,,,nan,nan,,,,,
5B55NC00007,647162,Foothill Horizons School,,,nan,nan,,,,,
5B20UR00001,259336,Sugar Pine OWTS,,,nan,nan,,,,,
,259508,Sunnyvale Recycled Water Program,,,nan,nan,,,,,
5B39NC00038,232170,Super Store Industries Stockton,,,nan,nan,,,,,
,902801,Swafford OWTS,,,nan,nan,,,,,
1B00162RSON,264524,Ratna Ling Retreat Center,,,nan,nan,,,,,
,267637,Top O'Topanga Community Association WWTP,,,nan,nan,,,,,
5C10NC00162,707474,Trimmer Recreation Area - Pine Flat Lake,,,nan,nan,,,,,
5C10NC00163,707492,Island Park Recreation Area - Pine Flat Lake,,,nan,nan,,,,,
5D540701001,236225,Lake Kaweah/Terminus Dam,,,nan,nan,,,,,
5A290600001,222803,Englebright Lake WWTF,,,nan,nan,,,,,
5A48NC00001,243988,Naval Radio Transmitting Fac,,,nan,nan,,,,,
4A568201057,867598,San Nicolas Island WWTP,,,nan,nan,,,,,
5C54NC00167,269335,Upper Sherman Tree OWTS,,,nan,nan,,,,,
5B22NC00012,826481,South Entrance Wastewater Facility,,,nan,nan,,,,,
5B22NC00011,816491,"Lower Grove OWTS, Mariposa Grove of Giant Sequoias",,,nan,nan,,,,,
1B14046RMEN,806315,Ukiah City Recycled Water Program,,,nan,nan,,,,,
5C54NC00327,835506,University of California Animal Health and Food Safety (CAHFS) Laboratory,,,nan,nan,,,,,
,777018,Silicon Valley Advanced Water Purification Center (Valley Water),,,nan,nan,,,,,
6B191602004,838760,Antelope Acres Commercial Center,,,nan,nan,,,,,
5C16NC00138,759421,Wal-Mart Hanford Pharmacy Distribution Facility,,,nan,nan,,,,,
,824178,Edward C. Little WRP- West Coast Basin Barrier Project - Expansion Phase III,,,nan,nan,,,,,
5A57NC00040,807814,Winters City WTF,,,nan,nan,,,,,
