Place ID,WDID,Facility Name,Agency,Region,Major/Minor,Order_No,NPDES No.,Facility_URL,Reg_Measure_ID,Reg_Measure_Type,Addtl_Reg_Measure_ID,Addtl_WDID,PDF_File,Shared_PDF,Total_PDFs_Available
205325,5A250100001,Alturas Municipal WWTP,Alturas City,5R,Minor,R5-2020-0004,CA0078921,https://ciwqs.waterboards.ca.gov/ciwqs/readOnly/CiwqsReportServlet?reportName=facilityAtAGlance&placeID=205325,428906,NPDES PERMIT,396049,5A250100001,r5-2020-0004_npdes_minor_mod.pdf,No,9.0
205325,5A250100001,Alturas Municipal WWTP,Alturas City,5R,Minor,R5-2020-0004,CA0078921,https://ciwqs.waterboards.ca.gov/ciwqs/readOnly/CiwqsReportServlet?reportName=facilityAtAGlance&placeID=205325,428906,NPDES PERMIT,396049,5A250100001,R5-2014-0033.pdf,No,9.0
205477,2 283021001,American Canyon Water Reclamation Facility (WRF) (formerly WWTP),American Canyon City PWD,2,Major,R2-2022-0019,CA0038768,https://ciwqs.waterboards.ca.gov/ciwqs/readOnly/CiwqsReportServlet?reportName=facilityAtAGlance&placeID=205477,448119,NPDES PERMIT,304952,2 283021001,Order R2-2022-0019 AmCan NPDES reissue Jun-2022.pdf,No,1.0
205477,2 283021001,American Canyon Water Reclamation Facility (WRF) (formerly WWTP),American Canyon City PWD,2,Major,R2-2022-0019,CA0038768,https://ciwqs.waterboards.ca.gov/ciwqs/readOnly/CiwqsReportServlet?reportName=facilityAtAGlance&placeID=205477,448119,NPDES PERMIT,304952,2 283021001,american canyon R2-2006-0036.pdf,No,1.0
251217,5A320103001,American Valley WWTP,American Valley CSD,5R,Major,R5-2024-0008,CA0078981,https://ciwqs.waterboards.ca.gov/ciwqs/readOnly/CiwqsReportServlet?reportName=facilityAtAGlance&placeID=251217,456253,NPDES PERMIT,"407661,407661","5A320103001,5A320103001",r5-2024-0008_npdes.pdf,No,1.0
251217,5A320103001,American Valley WWTP,American Valley CSD,5R,Major,R5-2024-0008,CA0078981,https://ciwqs.waterboards.ca.gov/ciwqs/readOnly/CiwqsReportServlet?reportName=facilityAtAGlance&placeID=251217,456253,NPDES PERMIT,"407661,407661","5A320103001,5A320103001",r5-2016-0049.pdf,Yes,1.0
251217,5A320103001,American Valley WWTP,American Valley CSD,5R,Major,R5-2024-0008,CA0078981,https://ciwqs.waterboards.ca.gov/ciwqs/readOnly/CiwqsReportServlet?reportName=facilityAtAGlance&placeID=251217,456253,NPDES PERMIT,"407661,407661","5A320103001,5A320103001",r5-2016-0049.pdf,Yes,1.0
205741,5A450100001,Anderson WPCP,Anderson City,5R,Major,R5-2019-0068,CA0077704,https://ciwqs.waterboards.ca.gov/ciwqs/readOnly/CiwqsReportServlet?reportName=facilityAtAGlance&placeID=205741,429568,NPDES PERMIT,383767,5A450100001,r5-2019-0068_npdes.pdf,No,2.0
205741,5A450100001,Anderson WPCP,Anderson City,5R,Major,R5-2019-0068,CA0077704,https://ciwqs.waterboards.ca.gov/ciwqs/readOnly/CiwqsReportServlet?reportName=facilityAtAGlance&placeID=205741,429568,NPDES PERMIT,383767,5A450100001,R5-2014-0100.pdf,No,2.0
205793,5B05NP00007,Angels City WWTP,Angels City,5S,Minor,R5-2022-0038,CA0085201,https://ciwqs.waterboards.ca.gov/ciwqs/readOnly/CiwqsReportServlet?reportName=facilityAtAGlance&placeID=205793,448453,NPDES PERMIT,"413895,388190,326429","5B05NP00007,5B05NP00007,5B05NP00007",r5-2022-0038_npdes.pdf,No,1.0
205793,5B05NP00007,Angels City WWTP,Angels City,5S,Minor,R5-2022-0038,CA0085201,https://ciwqs.waterboards.ca.gov/ciwqs/readOnly/CiwqsReportServlet?reportName=facilityAtAGlance&placeID=205793,448453,NPDES PERMIT,"413895,388190,326429","5B05NP00007,5B05NP00007,5B05NP00007",r5-2017-0063.pdf,No,1.0
205793,5B05NP00007,Angels City WWTP,Angels City,5S,Minor,R5-2022-0038,CA0085201,https://ciwqs.waterboards.ca.gov/ciwqs/readOnly/CiwqsReportServlet?reportName=facilityAtAGlance&placeID=205793,448453,NPDES PERMIT,"413895,388190,326429","5B05NP00007,5B05NP00007,5B05NP00007",r5-2012-0088.pdf,No,1.0
205793,5B05NP00007,Angels City WWTP,Angels City,5S,Minor,R5-2022-0038,CA0085201,https://ciwqs.waterboards.ca.gov/ciwqs/readOnly/CiwqsReportServlet?reportName=facilityAtAGlance&placeID=205793,448453,NPDES PERMIT,"413895,388190,326429","5B05NP00007,5B05NP00007,5B05NP00007",R5-2009-0074.pdf,Yes,1.0
205793,5B05NP00007,Angels City WWTP,Angels City,5S,Minor,R5-2022-0038,CA0085201,https://ciwqs.waterboards.ca.gov/ciwqs/readOnly/CiwqsReportServlet?reportName=facilityAtAGlance&placeID=205793,448453,NPDES PERMIT,"413895,388190,326429","5B05NP00007,5B05NP00007,5B05NP00007",R5-2009-0074.pdf,Yes,1.0
205793,5B05NP00007,Angels City WWTP,Angels City,5S,Minor,R5-2022-0038,CA0085201,https://ciwqs.waterboards.ca.gov/ciwqs/readOnly/CiwqsReportServlet?reportName=facilityAtAGlance&placeID=205793,448453,NPDES PERMIT,"413895,388190,326429","5B05NP00007,5B05NP00007,5B05NP00007",r5-2007-0031.pdf,No,1.0
206164,1B82114OHUM,Arcata City WWTF,Arcata City,SB,Major,R1-2019-0006,,https://ciwqs.waterboards.ca.gov/ciwqs/readOnly/CiwqsReportServlet?reportName=facilityAtAGlance&placeID=206164,436548,NPDES PERMIT,321411,1B82114OHUM,19_0006_Arcata_NPDES.pdf,No,1.0
206164,1B82114OHUM,Arcata City WWTF,Arcata City,SB,Major,R1-2019-0006,,https://ciwqs.waterboards.ca.gov/ciwqs/readOnly/CiwqsReportServlet?reportName=facilityAtAGlance&placeID=206164,436548,NPDES PERMIT,321411,1B82114OHUM,12_0031_ArcataWWTF_revisedNPDES.pdf,No,1.0
206164,1B82114OHUM,Arcata City WWTF,Arcata City,SB,Major,R1-2019-0006,,https://ciwqs.waterboards.ca.gov/ciwqs/readOnly/CiwqsReportServlet?reportName=facilityAtAGlance&placeID=206164,436548,NPDES PERMIT,321411,1B82114OHUM,14_0050_Arcata_Resolution_WERModOrder.pdf,No,1.0
747519,5B24NP00017,Atwater Regional WWTF,Atwater City,SB,Major,R5-2011-0082,,https://ciwqs.waterboards.ca.gov/ciwqs/readOnly/CiwqsReportServlet?reportName=facilityAtAGlance&placeID=747519,372304,NPDES PERMIT,,,r5-2011-0082.pdf,No,3.0
206733,5A31NP00042,Auburn WWTP,Auburn City,5S,"Major, Minor",R5-2016-0038,CAC448871,https://ciwqs.waterboards.ca.gov/ciwqs/readOnly/CiwqsReportServlet?reportName=facilityAtAGlance&placeID=206733,407662,NPDES PERMIT,"376633,133340","5A310100001,5A310100001",r5-2016-0038.pdf,No,2.0
206733,5A31NP00042,Auburn WWTP,Auburn City,5S,"Major, Minor",R5-2016-0038,CAC448871,https://ciwqs.waterboards.ca.gov/ciwqs/readOnly/CiwqsReportServlet?reportName=facilityAtAGlance&placeID=206733,407662,NPDES PERMIT,"376633,133340","5A310100001,5A310100001",R5-2010-0090.pdf,No,2.0
206733,5A31NP00042,Auburn WWTP,Auburn City,5S,"Major, Minor",R5-2016-0038,CAC448871,https://ciwqs.waterboards.ca.gov/ciwqs/readOnly/CiwqsReportServlet?reportName=facilityAtAGlance&placeID=206733,407662,NPDES PERMIT,"376633,133340","5A310100001,5A310100001",R5-2011-0003.pdf,No,2.0
206733,5A31NP00042,Auburn WWTP,Auburn City,5S,"Major, Minor",R5-2016-0038,CAC448871,https://ciwqs.waterboards.ca.gov/ciwqs/readOnly/CiwqsReportServlet?reportName=facilityAtAGlance&placeID=206733,407662,NPDES PERMIT,"376633,133340","5A310100001,5A310100001",r5-2005-0030.pdf,No,2.0
208276,4B190100001,Avalon WWTF,Avalon City,4,Major,R4-2019-0023,CA0054372,https://ciwqs.waterboards.ca.gov/ciwqs/readOnly/CiwqsReportServlet?reportName=facilityAtAGlance&placeID=208276,424707,NPDES PERMIT,"388401,349073","4B190100001,4B190100001",0066_R4-2019-0023_WDR_PKG.pdf,No,1.0
208276,4B190100001,Avalon WWTF,Avalon City,4,Major,R4-2019-0023,CA0054372,https://ciwqs.waterboards.ca.gov/ciwqs/readOnly/CiwqsReportServlet?reportName=facilityAtAGlance&placeID=208276,424707,NPDES PERMIT,"388401,349073","4B190100001,4B190100001",0066_R4-2013-0182_WDR_PKG.pdf,No,1.0
208276,4B190100001,Avalon WWTF,Avalon City,4,Major,R4-2019-0023,CA0054372,https://ciwqs.waterboards.ca.gov/ciwqs/readOnly/CiwqsReportServlet?reportName=facilityAtAGlance&placeID=208276,424707,NPDES PERMIT,"388401,349073","4B190100001,4B190100001",0066_R4-2008-0028_WDR_PKG.pdf,No,1.0
206888,3 400101001,Avila WWTP,Avila Beach CSD,3,Minor,R3-2017-0025,CA0047830,https://ciwqs.waterboards.ca.gov/ciwqs/readOnly/CiwqsReportServlet?reportName=facilityAtAGlance&placeID=206888,418016,NPDES PERMIT,"371965,132728","3 400101001,3 400101001",R3-2017-0025 FINAL.pdf,No,1.0
206888,3 400101001,Avila WWTP,Avila Beach CSD,3,Minor,R3-2017-0025,CA0047830,https://ciwqs.waterboards.ca.gov/ciwqs/readOnly/CiwqsReportServlet?reportName=facilityAtAGlance&placeID=206888,418016,NPDES PERMIT,"371965,132728","3 400101001,3 400101001",AvilaNPDESPermit.pdf,No,1.0
206888,3 400101001,Avila WWTP,Avila Beach CSD,3,Minor,R3-2017-0025,CA0047830,https://ciwqs.waterboards.ca.gov/ciwqs/readOnly/CiwqsReportServlet?reportName=facilityAtAGlance&placeID=206888,418016,NPDES PERMIT,"371965,132728","3 400101001,3 400101001",WDR _NPDES_.pdf,No,1.0
273161,5D152037001,Bear Valley CSD WWTF,,,,R5-2015-0011,,https://ciwqs.waterboards.ca.gov/ciwqs/readOnly/CiwqsReportServlet?reportName=facilityAtAGlance&placeID=273161,399826,NPDES PERMIT,351152,5D152037001,r5-2015-0011.pdf,No,1.0
273161,5D152037001,Bear Valley CSD WWTF,,,,R5-2015-0011,,https://ciwqs.waterboards.ca.gov/ciwqs/readOnly/CiwqsReportServlet?reportName=facilityAtAGlance&placeID=273161,399826,NPDES PERMIT,351152,5D152037001,BEAR_VALLEY_CSD_DIST_WWTF_ROWDNPDES_APP-MSS.pdf,No,1.0
273161,5D152037001,Bear Valley CSD WWTF,,,,R5-2015-0011,,https://ciwqs.waterboards.ca.gov/ciwqs/readOnly/CiwqsReportServlet?reportName=facilityAtAGlance&placeID=273161,399826,NPDES PERMIT,351152,5D152037001,r5-2008-0121_npdes.pdf,No,1.0
209035,5B02NP00001,Bear Valley WWTF,"Bear Valley Water District (Bear Valley, CA)",5S,Minor,R5-2022-0037,CA0085146,https://ciwqs.waterboards.ca.gov/ciwqs/readOnly/CiwqsReportServlet?reportName=facilityAtAGlance&placeID=209035,448452,NPDES PERMIT,"407542,381076,164998","5B02NP00001,5B02NP00001,5B02NP00001",r5-2022-0037_npdes.pdf,No,1.0
209035,5B02NP00001,Bear Valley WWTF,"Bear Valley Water District (Bear Valley, CA)",5S,Minor,R5-2022-0037,CA0085146,https://ciwqs.waterboards.ca.gov/ciwqs/readOnly/CiwqsReportServlet?reportName=facilityAtAGlance&placeID=209035,448452,NPDES PERMIT,"407542,381076,164998","5B02NP00001,5B02NP00001,5B02NP00001",R5-2016-0045-01.pdf,No,1.0
209035,5B02NP00001,Bear Valley WWTF,"Bear Valley Water District (Bear Valley, CA)",5S,Minor,R5-2022-0037,CA0085146,https://ciwqs.waterboards.ca.gov/ciwqs/readOnly/CiwqsReportServlet?reportName=facilityAtAGlance&placeID=209035,448452,NPDES PERMIT,"407542,381076,164998","5B02NP00001,5B02NP00001,5B02NP00001",R5-2016-0045-02.pdf,No,1.0
209035,5B02NP00001,Bear Valley WWTF,"Bear Valley Water District (Bear Valley, CA)",5S,Minor,R5-2022-0037,CA0085146,https://ciwqs.waterboards.ca.gov/ciwqs/readOnly/CiwqsReportServlet?reportName=facilityAtAGlance&placeID=209035,448452,NPDES PERMIT,"407542,381076,164998","5B02NP00001,5B02NP00001,5B02NP00001",r5-2016-0045.pdf,No,1.0
209035,5B02NP00001,Bear Valley WWTF,"Bear Valley Water District (Bear Valley, CA)",5S,Minor,R5-2022-0037,CA0085146,https://ciwqs.waterboards.ca.gov/ciwqs/readOnly/CiwqsReportServlet?reportName=facilityAtAGlance&placeID=209035,448452,NPDES PERMIT,"407542,381076,164998","5B02NP00001,5B02NP00001,5B02NP00001",R5-2011-0053.pdf,No,1.0
259170,8 330101001,Beaumont WWTP No. 1,Beaumont City,8,Major,R8-2022-0042,CA0105376,https://ciwqs.waterboards.ca.gov/ciwqs/readOnly/CiwqsReportServlet?reportName=facilityAtAGlance&placeID=259170,451859,NPDES PERMIT,"387658,297240","8 330101001,8 330101001",R8-2022-0042_City of Beaumont_Order_NPDES_Final 11-30-2022_esigned.pdf,No,1.0
259170,8 330101001,Beaumont WWTP No. 1,Beaumont City,8,Major,R8-2022-0042,CA0105376,https://ciwqs.waterboards.ca.gov/ciwqs/readOnly/CiwqsReportServlet?reportName=facilityAtAGlance&placeID=259170,451859,NPDES PERMIT,"387658,297240","8 330101001,8 330101001",R8-2015-0026_City_of_Beaumont_WWTP.pdf,No,1.0
259170,8 330101001,Beaumont WWTP No. 1,Beaumont City,8,Major,R8-2022-0042,CA0105376,https://ciwqs.waterboards.ca.gov/ciwqs/readOnly/CiwqsReportServlet?reportName=facilityAtAGlance&placeID=259170,451859,NPDES PERMIT,"387658,297240","8 330101001,8 330101001",06-0003 WTP#1 Beaumont.pdf,No,1.0
259170,8 330101001,Beaumont WWTP No. 1,Beaumont City,8,Major,R8-2022-0042,CA0105376,https://ciwqs.waterboards.ca.gov/ciwqs/readOnly/CiwqsReportServlet?reportName=facilityAtAGlance&placeID=259170,451859,NPDES PERMIT,"387658,297240","8 330101001,8 330101001",09-0002 The City of Beaumont WTP No. 1-Amendment of Order 06-0003.pdf,No,1.0
209253,2 482001001,Benicia WWTP,Benicia City,2,Major,R2-2019-0034,CA0038091,https://ciwqs.waterboards.ca.gov/ciwqs/readOnly/CiwqsReportServlet?reportName=facilityAtAGlance&placeID=209253,,NPDES PERMIT,"396744,345906","2 482001001,2 482001001",,No,0.0
259181,8 360108001,Big Bear WWRF,Big Bear Area Regional WW Agency,SB,Major,R8-2000-0012,,https://ciwqs.waterboards.ca.gov/ciwqs/readOnly/CiwqsReportServlet?reportName=facilityAtAGlance&placeID=259181,,NPDES PERMIT,,,,No,0.0
209551,5A040100001,City of Biggs WWTP,,,,R5-2012-0083,,https://ciwqs.waterboards.ca.gov/ciwqs/readOnly/CiwqsReportServlet?reportName=facilityAtAGlance&placeID=209551,387827,NPDES PERMIT,327376,5A040100001,r5-2012-0083.pdf,No,2.0
209551,5A040100001,City of Biggs WWTP,,,,R5-2012-0083,,https://ciwqs.waterboards.ca.gov/ciwqs/readOnly/CiwqsReportServlet?reportName=facilityAtAGlance&placeID=209551,387827,NPDES PERMIT,327376,5A040100001,2007-0032.pdf,No,2.0
210272,7A130100011,Brawley City WWTP,Brawley City,7,Major,R7-2021-0005,CA0104523,https://ciwqs.waterboards.ca.gov/ciwqs/readOnly/CiwqsReportServlet?reportName=facilityAtAGlance&placeID=210272,444249,NPDES PERMIT,399799,7A130100011,R7-2021-0005.pdf,No,3.0
210272,7A130100011,Brawley City WWTP,Brawley City,7,Major,R7-2021-0005,CA0104523,https://ciwqs.waterboards.ca.gov/ciwqs/readOnly/CiwqsReportServlet?reportName=facilityAtAGlance&placeID=210272,444249,NPDES PERMIT,399799,7A130100011,R7-2015-0004.pdf,No,3.0
210322,5B070101001,Brentwood WWTP,Brentwood City,5S,Major,R5-2024-0020,CA0082660,https://ciwqs.waterboards.ca.gov/ciwqs/readOnly/CiwqsReportServlet?reportName=facilityAtAGlance&placeID=210322,456852,NPDES PERMIT,"430031,392726,344253","5B070101001,5B070101001,5B070101001",r5-2024-0020_npdes.pdf,No,2.0
210322,5B070101001,Brentwood WWTP,Brentwood City,5S,Major,R5-2024-0020,CA0082660,https://ciwqs.waterboards.ca.gov/ciwqs/readOnly/CiwqsReportServlet?reportName=facilityAtAGlance&placeID=210322,456852,NPDES PERMIT,"430031,392726,344253","5B070101001,5B070101001,5B070101001",R5S-2019-0029.pdf,No,2.0
210322,5B070101001,Brentwood WWTP,Brentwood City,5S,Major,R5-2024-0020,CA0082660,https://ciwqs.waterboards.ca.gov/ciwqs/readOnly/CiwqsReportServlet?reportName=facilityAtAGlance&placeID=210322,456852,NPDES PERMIT,"430031,392726,344253","5B070101001,5B070101001,5B070101001",r5-2013-0106.pdf,No,2.0
210322,5B070101001,Brentwood WWTP,Brentwood City,5S,Major,R5-2024-0020,CA0082660,https://ciwqs.waterboards.ca.gov/ciwqs/readOnly/CiwqsReportServlet?reportName=facilityAtAGlance&placeID=210322,456852,NPDES PERMIT,"430031,392726,344253","5B070101001,5B070101001,5B070101001",r5-2014-0122.pdf,Yes,2.0
210322,5B070101001,Brentwood WWTP,Brentwood City,5S,Major,R5-2024-0020,CA0082660,https://ciwqs.waterboards.ca.gov/ciwqs/readOnly/CiwqsReportServlet?reportName=facilityAtAGlance&placeID=210322,456852,NPDES PERMIT,"430031,392726,344253","5B070101001,5B070101001,5B070101001",r5-2008-0006.pdf,No,2.0
210322,5B070101001,Brentwood WWTP,Brentwood City,5S,Major,R5-2024-0020,CA0082660,https://ciwqs.waterboards.ca.gov/ciwqs/readOnly/CiwqsReportServlet?reportName=facilityAtAGlance&placeID=210322,456852,NPDES PERMIT,"430031,392726,344253","5B070101001,5B070101001,5B070101001",r5-2012-0113.pdf,No,2.0
212135,4B190101001,Burbank WRP,Burbank City DPW,4,Major,R4-2023-0358,CA0055531,https://ciwqs.waterboards.ca.gov/ciwqs/readOnly/CiwqsReportServlet?reportName=facilityAtAGlance&placeID=212135,452357,NPDES PERMIT,"408326,381037,315720","4B190101001,4B190101001,4B190101001",4424_R4-2023-0358_WDR_PKG.pdf,No,1.0
212135,4B190101001,Burbank WRP,Burbank City DPW,4,Major,R4-2023-0358,CA0055531,https://ciwqs.waterboards.ca.gov/ciwqs/readOnly/CiwqsReportServlet?reportName=facilityAtAGlance&placeID=212135,452357,NPDES PERMIT,"408326,381037,315720","4B190101001,4B190101001,4B190101001",4424_R4-2017-0064_WDR_PKG.pdf,No,1.0
212135,4B190101001,Burbank WRP,Burbank City DPW,4,Major,R4-2023-0358,CA0055531,https://ciwqs.waterboards.ca.gov/ciwqs/readOnly/CiwqsReportServlet?reportName=facilityAtAGlance&placeID=212135,452357,NPDES PERMIT,"408326,381037,315720","4B190101001,4B190101001,4B190101001",4424_R4-2012-0059_WDR_PKG.pdf,No,1.0
212135,4B190101001,Burbank WRP,Burbank City DPW,4,Major,R4-2023-0358,CA0055531,https://ciwqs.waterboards.ca.gov/ciwqs/readOnly/CiwqsReportServlet?reportName=facilityAtAGlance&placeID=212135,452357,NPDES PERMIT,"408326,381037,315720","4B190101001,4B190101001,4B190101001",4424_R4-2006-0085_FS.pdf,No,1.0
212135,4B190101001,Burbank WRP,Burbank City DPW,4,Major,R4-2023-0358,CA0055531,https://ciwqs.waterboards.ca.gov/ciwqs/readOnly/CiwqsReportServlet?reportName=facilityAtAGlance&placeID=212135,452357,NPDES PERMIT,"408326,381037,315720","4B190101001,4B190101001,4B190101001",4424_R4-2006-0085_WDR.pdf,No,1.0
212135,4B190101001,Burbank WRP,Burbank City DPW,4,Major,R4-2023-0358,CA0055531,https://ciwqs.waterboards.ca.gov/ciwqs/readOnly/CiwqsReportServlet?reportName=facilityAtAGlance&placeID=212135,452357,NPDES PERMIT,"408326,381037,315720","4B190101001,4B190101001,4B190101001",4424_R4-2010-0058_FS_amd.pdf,No,1.0
212135,4B190101001,Burbank WRP,Burbank City DPW,4,Major,R4-2023-0358,CA0055531,https://ciwqs.waterboards.ca.gov/ciwqs/readOnly/CiwqsReportServlet?reportName=facilityAtAGlance&placeID=212135,452357,NPDES PERMIT,"408326,381037,315720","4B190101001,4B190101001,4B190101001",4424_R4-2010-0058_WDR_amd.pdf,No,1.0
210839,2 417005001,Burlingame WWTP,Burlingame City PWD,2,Major,R2-2023-0010,CA0037788,https://ciwqs.waterboards.ca.gov/ciwqs/readOnly/CiwqsReportServlet?reportName=facilityAtAGlance&placeID=210839,453437,NPDES PERMIT,"422030,390151","2 417005001,2 417005001",Burlingame R2-2023-0010.pdf,No,1.0
210839,2 417005001,Burlingame WWTP,Burlingame City PWD,2,Major,R2-2023-0010,CA0037788,https://ciwqs.waterboards.ca.gov/ciwqs/readOnly/CiwqsReportServlet?reportName=facilityAtAGlance&placeID=210839,453437,NPDES PERMIT,"422030,390151","2 417005001,2 417005001",Burlingame - Order No. R2-2018-0024.pdf,No,1.0
210839,2 417005001,Burlingame WWTP,Burlingame City PWD,2,Major,R2-2023-0010,CA0037788,https://ciwqs.waterboards.ca.gov/ciwqs/readOnly/CiwqsReportServlet?reportName=facilityAtAGlance&placeID=210839,453437,NPDES PERMIT,"422030,390151","2 417005001,2 417005001",Nutrient Watershed Permit - R2-2014-0014.pdf,Yes,1.0
210839,2 417005001,Burlingame WWTP,Burlingame City PWD,2,Major,R2-2023-0010,CA0037788,https://ciwqs.waterboards.ca.gov/ciwqs/readOnly/CiwqsReportServlet?reportName=facilityAtAGlance&placeID=210839,453437,NPDES PERMIT,"422030,390151","2 417005001,2 417005001",R2-2013-0015.pdf,No,1.0
219701,5B390100001,Deuel Vocational Institution,Ca Dept of Corrections & Rehabilitation,5S,Minor,R5-2019-0047,CAG995002,https://ciwqs.waterboards.ca.gov/ciwqs/readOnly/CiwqsReportServlet?reportName=facilityAtAGlance&placeID=219701,432991,NPDES PERMIT,"394937,354998","5B390100001,5B390100001",R5-2019-0047.pdf,No,2.0
219701,5B390100001,Deuel Vocational Institution,Ca Dept of Corrections & Rehabilitation,5S,Minor,R5-2019-0047,CAG995002,https://ciwqs.waterboards.ca.gov/ciwqs/readOnly/CiwqsReportServlet?reportName=facilityAtAGlance&placeID=219701,432991,NPDES PERMIT,"394937,354998","5B390100001,5B390100001",r5-2014-0014.pdf,No,2.0
219701,5B390100001,Deuel Vocational Institution,Ca Dept of Corrections & Rehabilitation,5S,Minor,R5-2019-0047,CAG995002,https://ciwqs.waterboards.ca.gov/ciwqs/readOnly/CiwqsReportServlet?reportName=facilityAtAGlance&placeID=219701,432991,NPDES PERMIT,"394937,354998","5B390100001,5B390100001",r5-2014-0122.pdf,Yes,2.0
219701,5B390100001,Deuel Vocational Institution,Ca Dept of Corrections & Rehabilitation,5S,Minor,R5-2019-0047,CAG995002,https://ciwqs.waterboards.ca.gov/ciwqs/readOnly/CiwqsReportServlet?reportName=facilityAtAGlance&placeID=219701,432991,NPDES PERMIT,"394937,354998","5B390100001,5B390100001",R5-2008-0164.pdf,No,2.0
213850,7A131337001,CA Dept of Corrections Centinela WWTP,Ca Dept of Corrections Imperial,7,Minor,R7-2019-0003,CA7000001,https://ciwqs.waterboards.ca.gov/ciwqs/readOnly/CiwqsReportServlet?reportName=facilityAtAGlance&placeID=213850,,NPDES PERMIT,,,,No,0.0
212681,3 400108001,California Men's Colony WWTP,Ca Dept of Corrections San Luis Obispo,3,Major,R3-2020-0005,CA0047856,https://ciwqs.waterboards.ca.gov/ciwqs/readOnly/CiwqsReportServlet?reportName=facilityAtAGlance&placeID=212681,439321,NPDES PERMIT,"388775,306594","3 400108001,3 400108001",CMC NPDES Order R3-2020-0005 amended for new MRP.pdf,No,1.0
212681,3 400108001,California Men's Colony WWTP,Ca Dept of Corrections San Luis Obispo,3,Major,R3-2020-0005,CA0047856,https://ciwqs.waterboards.ca.gov/ciwqs/readOnly/CiwqsReportServlet?reportName=facilityAtAGlance&placeID=212681,439321,NPDES PERMIT,"388775,306594","3 400108001,3 400108001",CMC WWTP NPDES Permit R3-2012-0027.pdf,No,1.0
212681,3 400108001,California Men's Colony WWTP,Ca Dept of Corrections San Luis Obispo,3,Major,R3-2020-0005,CA0047856,https://ciwqs.waterboards.ca.gov/ciwqs/readOnly/CiwqsReportServlet?reportName=facilityAtAGlance&placeID=212681,439321,NPDES PERMIT,"388775,306594","3 400108001,3 400108001",CMC Adopted WDR.pdf,No,1.0
241826,5D540800001,Mountain Home Conservation Camp,,,,R5-2003-0171,,https://ciwqs.waterboards.ca.gov/ciwqs/readOnly/CiwqsReportServlet?reportName=facilityAtAGlance&placeID=241826,,NPDES PERMIT,,,,No,0.0
205781,2 215002001,Angel Island State Pk - WWTP,Ca Dept of Parks & Rec Marin District,2,Minor,R2-1993-0022,,https://ciwqs.waterboards.ca.gov/ciwqs/readOnly/CiwqsReportServlet?reportName=facilityAtAGlance&placeID=205781,,NPDES PERMIT,,,,No,0.0
717684,5B05NP00014,Forest Meadows WWRP,Calaveras Cnty Water District,5S,Minor,R5-2018-0074,CA0085278,https://ciwqs.waterboards.ca.gov/ciwqs/readOnly/CiwqsReportServlet?reportName=facilityAtAGlance&placeID=717684,425736,NPDES PERMIT,"395022,345656","5B05NP00014,5B05NP00010",R5-2018-0074.pdf,No,2.0
717684,5B05NP00014,Forest Meadows WWRP,Calaveras Cnty Water District,5S,Minor,R5-2018-0074,CA0085278,https://ciwqs.waterboards.ca.gov/ciwqs/readOnly/CiwqsReportServlet?reportName=facilityAtAGlance&placeID=717684,425736,NPDES PERMIT,"395022,345656","5B05NP00014,5B05NP00010",r5-2014-0011.pdf,No,2.0
717684,5B05NP00014,Forest Meadows WWRP,Calaveras Cnty Water District,5S,Minor,R5-2018-0074,CA0085278,https://ciwqs.waterboards.ca.gov/ciwqs/readOnly/CiwqsReportServlet?reportName=facilityAtAGlance&placeID=717684,425736,NPDES PERMIT,"395022,345656","5B05NP00014,5B05NP00010",r5-2008-0058.pdf,No,2.0
255003,5B05NP00001,Copper Cove WWRF,Calaveras Cnty Water District,5S,Minor,R5-2023-0013,CA0084620,https://ciwqs.waterboards.ca.gov/ciwqs/readOnly/CiwqsReportServlet?reportName=facilityAtAGlance&placeID=255003,452543,NPDES PERMIT,"422099,391307,354321","5B05NP00001,5B05NP00001,5B05NP00001",r5-2023-0013_npdes.pdf,No,1.0
255003,5B05NP00001,Copper Cove WWRF,Calaveras Cnty Water District,5S,Minor,R5-2023-0013,CA0084620,https://ciwqs.waterboards.ca.gov/ciwqs/readOnly/CiwqsReportServlet?reportName=facilityAtAGlance&placeID=255003,452543,NPDES PERMIT,"422099,391307,354321","5B05NP00001,5B05NP00001,5B05NP00001",r5-2018-0040.pdf,No,1.0
255003,5B05NP00001,Copper Cove WWRF,Calaveras Cnty Water District,5S,Minor,R5-2023-0013,CA0084620,https://ciwqs.waterboards.ca.gov/ciwqs/readOnly/CiwqsReportServlet?reportName=facilityAtAGlance&placeID=255003,452543,NPDES PERMIT,"422099,391307,354321","5B05NP00001,5B05NP00001,5B05NP00001",r5-2013-0072.pdf,No,1.0
255003,5B05NP00001,Copper Cove WWRF,Calaveras Cnty Water District,5S,Minor,R5-2023-0013,CA0084620,https://ciwqs.waterboards.ca.gov/ciwqs/readOnly/CiwqsReportServlet?reportName=facilityAtAGlance&placeID=255003,452543,NPDES PERMIT,"422099,391307,354321","5B05NP00001,5B05NP00001,5B05NP00001",r5-2016-0065.pdf,No,1.0
255003,5B05NP00001,Copper Cove WWRF,Calaveras Cnty Water District,5S,Minor,R5-2023-0013,CA0084620,https://ciwqs.waterboards.ca.gov/ciwqs/readOnly/CiwqsReportServlet?reportName=facilityAtAGlance&placeID=255003,452543,NPDES PERMIT,"422099,391307,354321","5B05NP00001,5B05NP00001,5B05NP00001",r5-2006-0081.pdf,No,1.0
212589,7A130101011,Calexico City WWTP,Calexico City ,7,Major,R7-2019-0004,CA7000009,https://ciwqs.waterboards.ca.gov/ciwqs/readOnly/CiwqsReportServlet?reportName=facilityAtAGlance&placeID=212589,427929,NPDES PERMIT,"396226,370704","7A130101011,7A130101011",R7-2019-0004.pdf,No,1.0
212589,7A130101011,Calexico City WWTP,Calexico City ,7,Major,R7-2019-0004,CA7000009,https://ciwqs.waterboards.ca.gov/ciwqs/readOnly/CiwqsReportServlet?reportName=facilityAtAGlance&placeID=212589,427929,NPDES PERMIT,"396226,370704","7A130101011,7A130101011",R7-2014-0004.pdf,No,1.0
212589,7A130101011,Calexico City WWTP,Calexico City ,7,Major,R7-2019-0004,CA7000009,https://ciwqs.waterboards.ca.gov/ciwqs/readOnly/CiwqsReportServlet?reportName=facilityAtAGlance&placeID=212589,427929,NPDES PERMIT,"396226,370704","7A130101011,7A130101011",0018calexico.pdf,No,1.0
212739,7A130102041,Calipatria City WWTP,Calipatria City,7,Major,R7-2020-0010,CA0105015,https://ciwqs.waterboards.ca.gov/ciwqs/readOnly/CiwqsReportServlet?reportName=facilityAtAGlance&placeID=212739,402049,NPDES PERMIT,402048,7A130102041,R7-2020-0010.pdf,No,1.0
212739,7A130102041,Calipatria City WWTP,Calipatria City,7,Major,R7-2020-0010,CA0105015,https://ciwqs.waterboards.ca.gov/ciwqs/readOnly/CiwqsReportServlet?reportName=facilityAtAGlance&placeID=212739,402049,NPDES PERMIT,402048,7A130102041,R7-2015-0005.pdf,No,1.0
212750,2 283003001,Calistoga City Dunaweal WWTP,Calistoga City Public Works Dept.,2,Minor,R2-2022-0010,CA0037966,https://ciwqs.waterboards.ca.gov/ciwqs/readOnly/CiwqsReportServlet?reportName=facilityAtAGlance&placeID=212750,446901,NPDES PERMIT,,,R2-2022-0010.pdf,No,1.0
216719,4A560100001,Camarillo WRP,Camarillo Sanitary District,SB,"Major, Minor",R4-2019-0136,,https://ciwqs.waterboards.ca.gov/ciwqs/readOnly/CiwqsReportServlet?reportName=facilityAtAGlance&placeID=216719,428243,NPDES PERMIT,379804,4A560100001,1278_R4-2019-0136_WDR_PKG.pdf,No,2.0
216719,4A560100001,Camarillo WRP,Camarillo Sanitary District,SB,"Major, Minor",R4-2019-0136,,https://ciwqs.waterboards.ca.gov/ciwqs/readOnly/CiwqsReportServlet?reportName=facilityAtAGlance&placeID=216719,428243,NPDES PERMIT,379804,4A560100001,1278_R4-2014-0062-A0l-WDR_PKG_amd.pdf,No,2.0
216719,4A560100001,Camarillo WRP,Camarillo Sanitary District,SB,"Major, Minor",R4-2019-0136,,https://ciwqs.waterboards.ca.gov/ciwqs/readOnly/CiwqsReportServlet?reportName=facilityAtAGlance&placeID=216719,428243,NPDES PERMIT,379804,4A560100001,1278_R4-2014-0062_WDR_PKG.pdf,No,2.0
216832,4A560106003,Camrosa Water Reclamation Facility,Camrosa Water District,SB,Major,R4-2020-0078,,https://ciwqs.waterboards.ca.gov/ciwqs/readOnly/CiwqsReportServlet?reportName=facilityAtAGlance&placeID=216832,436958,NPDES PERMIT,"395318,132599","4A560106003,4A560106003",6769_R4-2020-0078_WDR.pdf,No,5.0
216832,4A560106003,Camrosa Water Reclamation Facility,Camrosa Water District,SB,Major,R4-2020-0078,,https://ciwqs.waterboards.ca.gov/ciwqs/readOnly/CiwqsReportServlet?reportName=facilityAtAGlance&placeID=216832,436958,NPDES PERMIT,"395318,132599","4A560106003,4A560106003",6769_R4-2014-0210-A01_WDR_PKG_amd.pdf,No,5.0
216832,4A560106003,Camrosa Water Reclamation Facility,Camrosa Water District,SB,Major,R4-2020-0078,,https://ciwqs.waterboards.ca.gov/ciwqs/readOnly/CiwqsReportServlet?reportName=facilityAtAGlance&placeID=216832,436958,NPDES PERMIT,"395318,132599","4A560106003,4A560106003",6769_R4-2014-0210_WDR_PKG.pdf,No,5.0
216832,4A560106003,Camrosa Water Reclamation Facility,Camrosa Water District,SB,Major,R4-2020-0078,,https://ciwqs.waterboards.ca.gov/ciwqs/readOnly/CiwqsReportServlet?reportName=facilityAtAGlance&placeID=216832,436958,NPDES PERMIT,"395318,132599","4A560106003,4A560106003",6769_R4-2003-0156_FS.pdf,No,5.0
216832,4A560106003,Camrosa Water Reclamation Facility,Camrosa Water District,SB,Major,R4-2020-0078,,https://ciwqs.waterboards.ca.gov/ciwqs/readOnly/CiwqsReportServlet?reportName=facilityAtAGlance&placeID=216832,436958,NPDES PERMIT,"395318,132599","4A560106003,4A560106003",6769_R4-2003-0156_WDR.pdf,No,5.0
213281,3 270101001,Carmel Area WWTP,Carmel Area Wastewater District,SB,Major,R3-2014-0012,,https://ciwqs.waterboards.ca.gov/ciwqs/readOnly/CiwqsReportServlet?reportName=facilityAtAGlance&placeID=213281,396646,NPDES PERMIT,360658,3 270101001,Carmel_Area_WWTP_final.pdf,No,1.0
213281,3 270101001,Carmel Area WWTP,Carmel Area Wastewater District,SB,Major,R3-2014-0012,,https://ciwqs.waterboards.ca.gov/ciwqs/readOnly/CiwqsReportServlet?reportName=facilityAtAGlance&placeID=213281,396646,NPDES PERMIT,360658,3 270101001,NPDES R3-2008-0007 for Carmel Area WW-Pebble Bch CSD.pdf,No,1.0
213332,3 420101001,Carpinteria SD WWTP,Carpinteria SD,SB,Major,R3-2017-0032,,https://ciwqs.waterboards.ca.gov/ciwqs/readOnly/CiwqsReportServlet?reportName=facilityAtAGlance&placeID=213332,418040,NPDES PERMIT,379350,3 420101001,Revised_CA0047364_Carpinteria.pdf,No,1.0
213332,3 420101001,Carpinteria SD WWTP,Carpinteria SD,SB,Major,R3-2017-0032,,https://ciwqs.waterboards.ca.gov/ciwqs/readOnly/CiwqsReportServlet?reportName=facilityAtAGlance&placeID=213332,418040,NPDES PERMIT,379350,3 420101001,NPDES_Permit_R3_2011_0003_CA0047364_CarpinteriaSanitaryDistrict_WWTP.pdf,No,1.0
246217,2 019032001,Oro Loma/Castro Valley SD WPCP,Oro Loma Sanitary District,2,"Major, Minor",R2-2024-0006,CA0037559,https://ciwqs.waterboards.ca.gov/ciwqs/readOnly/CiwqsReportServlet?reportName=facilityAtAGlance&placeID=246217,456854,NPDES PERMIT,"448549,420108,413161,382900","2 019123001,2 019032001,2 019123001,2 019123001",Order R2-2024-0006.pdf,No,1.0
246217,2 019032001,Oro Loma/Castro Valley SD WPCP,Oro Loma Sanitary District,2,"Major, Minor",R2-2024-0006,CA0037559,https://ciwqs.waterboards.ca.gov/ciwqs/readOnly/CiwqsReportServlet?reportName=facilityAtAGlance&placeID=246217,456854,NPDES PERMIT,"448549,420108,413161,382900","2 019123001,2 019032001,2 019123001,2 019123001",EBDA - R2-2022-0023.pdf,Yes,1.0
246217,2 019032001,Oro Loma/Castro Valley SD WPCP,Oro Loma Sanitary District,2,"Major, Minor",R2-2024-0006,CA0037559,https://ciwqs.waterboards.ca.gov/ciwqs/readOnly/CiwqsReportServlet?reportName=facilityAtAGlance&placeID=246217,456854,NPDES PERMIT,"448549,420108,413161,382900","2 019123001,2 019032001,2 019123001,2 019123001",R2-2018-0010.pdf,No,1.0
246217,2 019032001,Oro Loma/Castro Valley SD WPCP,Oro Loma Sanitary District,2,"Major, Minor",R2-2024-0006,CA0037559,https://ciwqs.waterboards.ca.gov/ciwqs/readOnly/CiwqsReportServlet?reportName=facilityAtAGlance&placeID=246217,456854,NPDES PERMIT,"448549,420108,413161,382900","2 019123001,2 019032001,2 019123001,2 019123001",EBDA - R2-2017-0016.pdf,Yes,1.0
246217,2 019032001,Oro Loma/Castro Valley SD WPCP,Oro Loma Sanitary District,2,"Major, Minor",R2-2024-0006,CA0037559,https://ciwqs.waterboards.ca.gov/ciwqs/readOnly/CiwqsReportServlet?reportName=facilityAtAGlance&placeID=246217,456854,NPDES PERMIT,"448549,420108,413161,382900","2 019123001,2 019032001,2 019123001,2 019123001",Nutrient Watershed Permit - R2-2014-0014.pdf,Yes,1.0
246217,2 019032001,Oro Loma/Castro Valley SD WPCP,Oro Loma Sanitary District,2,"Major, Minor",R2-2024-0006,CA0037559,https://ciwqs.waterboards.ca.gov/ciwqs/readOnly/CiwqsReportServlet?reportName=facilityAtAGlance&placeID=246217,456854,NPDES PERMIT,"448549,420108,413161,382900","2 019123001,2 019032001,2 019123001,2 019123001",R2-2012-0004.pdf,Yes,1.0
824400,3 401019759,Cayucos SD WWTP,Cayucos SD,3,Minor,R3-2020-0004,CA3000001,https://ciwqs.waterboards.ca.gov/ciwqs/readOnly/CiwqsReportServlet?reportName=facilityAtAGlance&placeID=824400,435501,NPDES PERMIT,,,Order R3-2020-0004_final.pdf,No,1.0
213875,2 071008001,Central Contra Costa SD WWTP,Central Contra Costa Sanitary District,2,Major,R2-2022-0020,CA0037648,https://ciwqs.waterboards.ca.gov/ciwqs/readOnly/CiwqsReportServlet?reportName=facilityAtAGlance&placeID=213875,448059,NPDES PERMIT,383409,2 071008001,R2-2022-0020.pdf,No,1.0
213875,2 071008001,Central Contra Costa SD WWTP,Central Contra Costa Sanitary District,2,Major,R2-2022-0020,CA0037648,https://ciwqs.waterboards.ca.gov/ciwqs/readOnly/CiwqsReportServlet?reportName=facilityAtAGlance&placeID=213875,448059,NPDES PERMIT,383409,2 071008001,Nutrient Watershed Permit - R2-2014-0014.pdf,Yes,1.0
213875,2 071008001,Central Contra Costa SD WWTP,Central Contra Costa Sanitary District,2,Major,R2-2022-0020,CA0037648,https://ciwqs.waterboards.ca.gov/ciwqs/readOnly/CiwqsReportServlet?reportName=facilityAtAGlance&placeID=213875,448059,NPDES PERMIT,383409,2 071008001,R2-2012-0016.pdf,No,1.0
213889,2 215116001,Central Marin San. Agcy. WWTP,Central Marin Sanitation Agency,2,Major,R2-2023-0006,CA0038628,https://ciwqs.waterboards.ca.gov/ciwqs/readOnly/CiwqsReportServlet?reportName=facilityAtAGlance&placeID=213889,452582,NPDES PERMIT,385980,2 215116001,Final Order Central Marin Sanitation Agency.pdf,No,1.0
213889,2 215116001,Central Marin San. Agcy. WWTP,Central Marin Sanitation Agency,2,Major,R2-2023-0006,CA0038628,https://ciwqs.waterboards.ca.gov/ciwqs/readOnly/CiwqsReportServlet?reportName=facilityAtAGlance&placeID=213889,452582,NPDES PERMIT,385980,2 215116001,Nutrient Watershed Permit - R2-2014-0014.pdf,Yes,1.0
213889,2 215116001,Central Marin San. Agcy. WWTP,Central Marin Sanitation Agency,2,Major,R2-2023-0006,CA0038628,https://ciwqs.waterboards.ca.gov/ciwqs/readOnly/CiwqsReportServlet?reportName=facilityAtAGlance&placeID=213889,452582,NPDES PERMIT,385980,2 215116001,R2-2012-0051.pdf,No,1.0
214199,5A320100001,Chester STP,Chester PUD,5R,Minor,R5-2021-0022,CA0077747,https://ciwqs.waterboards.ca.gov/ciwqs/readOnly/CiwqsReportServlet?reportName=facilityAtAGlance&placeID=214199,442945,NPDES PERMIT,392735,5A320100001,r5-2021-0022_npdes.pdf,No,3.0
214199,5A320100001,Chester STP,Chester PUD,5R,Minor,R5-2021-0022,CA0077747,https://ciwqs.waterboards.ca.gov/ciwqs/readOnly/CiwqsReportServlet?reportName=facilityAtAGlance&placeID=214199,442945,NPDES PERMIT,392735,5A320100001,Chester-npdes-final-original signed by.pdf,No,3.0
271805,5A040102001,Chico Water Pollution Control Plant,Chico City,5R,Major,R5-2022-0033,CA0079081,https://ciwqs.waterboards.ca.gov/ciwqs/readOnly/CiwqsReportServlet?reportName=facilityAtAGlance&placeID=271805,438991,NPDES PERMIT,397469,5A040102001,r5-2022-0033_npdes.pdf,No,3.0
271805,5A040102001,Chico Water Pollution Control Plant,Chico City,5R,Major,R5-2022-0033,CA0079081,https://ciwqs.waterboards.ca.gov/ciwqs/readOnly/CiwqsReportServlet?reportName=facilityAtAGlance&placeID=271805,438991,NPDES PERMIT,397469,5A040102001,R5-2016-0023.pdf,No,3.0
247750,3 400105001,Paso Robles WWTP,,,,R3-2021-0001,,https://ciwqs.waterboards.ca.gov/ciwqs/readOnly/CiwqsReportServlet?reportName=facilityAtAGlance&placeID=247750,443460,NPDES PERMIT,"379360,132958","3 400105001,3 400105001",Order R3-2021-0001_final.pdf,No,1.0
247750,3 400105001,Paso Robles WWTP,,,,R3-2021-0001,,https://ciwqs.waterboards.ca.gov/ciwqs/readOnly/CiwqsReportServlet?reportName=facilityAtAGlance&placeID=247750,443460,NPDES PERMIT,"379360,132958","3 400105001,3 400105001",R3-2011-0002 _Final_Adopted_Revised.pdf,No,1.0
247750,3 400105001,Paso Robles WWTP,,,,R3-2021-0001,,https://ciwqs.waterboards.ca.gov/ciwqs/readOnly/CiwqsReportServlet?reportName=facilityAtAGlance&placeID=247750,443460,NPDES PERMIT,"379360,132958","3 400105001,3 400105001",Paso Robles NPDES permit.pdf,No,1.0
882248,3 400322963,City of Morro Bay Water Reclamation Facility,City of Morro Bay,3,Major,R3-2022-0029,CA3000002,https://ciwqs.waterboards.ca.gov/ciwqs/readOnly/CiwqsReportServlet?reportName=facilityAtAGlance&placeID=882248,448596,NPDES PERMIT,,,7-18-22_MorroBay_finalorder.pdf,No,2.0
212585,2 417022002,Calera Creek Water Recycling Plant,City of Pacifica,2,Major,R2-2022-0029,CA0038776,https://ciwqs.waterboards.ca.gov/ciwqs/readOnly/CiwqsReportServlet?reportName=facilityAtAGlance&placeID=212585,449576,NPDES PERMIT,"412822,382908","2 417022002,2 417022002",CA0038776 R2-2022-0029 NPDES Permit.pdf,No,1.0
212585,2 417022002,Calera Creek Water Recycling Plant,City of Pacifica,2,Major,R2-2022-0029,CA0038776,https://ciwqs.waterboards.ca.gov/ciwqs/readOnly/CiwqsReportServlet?reportName=facilityAtAGlance&placeID=212585,449576,NPDES PERMIT,"412822,382908","2 417022002,2 417022002",CA0038776 Pacifica - Final Order R2-2017-0013.pdf,No,1.0
212585,2 417022002,Calera Creek Water Recycling Plant,City of Pacifica,2,Major,R2-2022-0029,CA0038776,https://ciwqs.waterboards.ca.gov/ciwqs/readOnly/CiwqsReportServlet?reportName=facilityAtAGlance&placeID=212585,449576,NPDES PERMIT,"412822,382908","2 417022002,2 417022002",Pacifica Order R2-2012-0002 .pdf,No,1.0
214802,5A450103001,Clear Creek WWTP,City of Redding,5R,Major,R5-2022-0040,CA0079731,https://ciwqs.waterboards.ca.gov/ciwqs/readOnly/CiwqsReportServlet?reportName=facilityAtAGlance&placeID=214802,445181,NPDES PERMIT,"412195,376556","5A450103001,5A450103001",r5-2022-0040_npdes.pdf,No,1.0
214802,5A450103001,Clear Creek WWTP,City of Redding,5R,Major,R5-2022-0040,CA0079731,https://ciwqs.waterboards.ca.gov/ciwqs/readOnly/CiwqsReportServlet?reportName=facilityAtAGlance&placeID=214802,445181,NPDES PERMIT,"412195,376556","5A450103001,5A450103001",r5-2017-0010.pdf,No,1.0
214802,5A450103001,Clear Creek WWTP,City of Redding,5R,Major,R5-2022-0040,CA0079731,https://ciwqs.waterboards.ca.gov/ciwqs/readOnly/CiwqsReportServlet?reportName=facilityAtAGlance&placeID=214802,445181,NPDES PERMIT,"412195,376556","5A450103001,5A450103001",r5-2010-0096.pdf,No,1.0
258676,5A450103004,Stillwater WWTF,City of Redding,5R,Major,R5-2023-0017,CA0082589,https://ciwqs.waterboards.ca.gov/ciwqs/readOnly/CiwqsReportServlet?reportName=facilityAtAGlance&placeID=258676,448380,NPDES PERMIT,"422002,382348","5A450103004,5A450103004",r5-2023-0017_npdes.pdf,No,1.0
258676,5A450103004,Stillwater WWTF,City of Redding,5R,Major,R5-2023-0017,CA0082589,https://ciwqs.waterboards.ca.gov/ciwqs/readOnly/CiwqsReportServlet?reportName=facilityAtAGlance&placeID=258676,448380,NPDES PERMIT,"422002,382348","5A450103004,5A450103004",r5-2018-0042.pdf,No,1.0
258676,5A450103004,Stillwater WWTF,City of Redding,5R,Major,R5-2023-0017,CA0082589,https://ciwqs.waterboards.ca.gov/ciwqs/readOnly/CiwqsReportServlet?reportName=facilityAtAGlance&placeID=258676,448380,NPDES PERMIT,"422002,382348","5A450103004,5A450103004",R5-2013-0043.pdf,No,1.0
255632,3 440124003,Santa Cruz WWTP,City of Santa Cruz,3,Major,R3-2023-0001,CA0048194,https://ciwqs.waterboards.ca.gov/ciwqs/readOnly/CiwqsReportServlet?reportName=facilityAtAGlance&placeID=255632,455558,NPDES PERMIT,"418035,377174","3 440102001,3 440102001",R3-2023-0001.pdf,No,1.0
255632,3 440124003,Santa Cruz WWTP,City of Santa Cruz,3,Major,R3-2023-0001,CA0048194,https://ciwqs.waterboards.ca.gov/ciwqs/readOnly/CiwqsReportServlet?reportName=facilityAtAGlance&placeID=255632,455558,NPDES PERMIT,"418035,377174","3 440102001,3 440102001",Final Order 2017-0030_Santa Cruz WWTP.pdf,No,1.0
255632,3 440124003,Santa Cruz WWTP,City of Santa Cruz,3,Major,R3-2023-0001,CA0048194,https://ciwqs.waterboards.ca.gov/ciwqs/readOnly/CiwqsReportServlet?reportName=facilityAtAGlance&placeID=255632,455558,NPDES PERMIT,"418035,377174","3 440102001,3 440102001",combined final Order R3-2010-0043.pdf,No,1.0
271054,4A560107001,Ventura WRF,Ventura City,SB,Major,R4-2020-0024,,https://ciwqs.waterboards.ca.gov/ciwqs/readOnly/CiwqsReportServlet?reportName=facilityAtAGlance&placeID=271054,437203,NPDES PERMIT,"387812,343534","4A560107001,4A560107001",1822_R4-2020-0024_WDR.pdf,No,2.0
271054,4A560107001,Ventura WRF,Ventura City,SB,Major,R4-2020-0024,,https://ciwqs.waterboards.ca.gov/ciwqs/readOnly/CiwqsReportServlet?reportName=facilityAtAGlance&placeID=271054,437203,NPDES PERMIT,"387812,343534","4A560107001,4A560107001",1822_R4-2013-0174_WDR_PKG.pdf,No,2.0
271054,4A560107001,Ventura WRF,Ventura City,SB,Major,R4-2020-0024,,https://ciwqs.waterboards.ca.gov/ciwqs/readOnly/CiwqsReportServlet?reportName=facilityAtAGlance&placeID=271054,437203,NPDES PERMIT,"387812,343534","4A560107001,4A560107001",1822_R4-2008-0011_WDR_PKG.pdf,No,2.0
214888,1B84032OSON,Cloverdale City WWTP,Cloverdale City,SB,Major,R1-2018-0034,,https://ciwqs.waterboards.ca.gov/ciwqs/readOnly/CiwqsReportServlet?reportName=facilityAtAGlance&placeID=214888,425653,NPDES PERMIT,"377093,316381","1B84032OSON,1B84032OSON",18_0034_City of Cloverdale_WWTF_NPDES.pdf,No,1.0
214888,1B84032OSON,Cloverdale City WWTP,Cloverdale City,SB,Major,R1-2018-0034,,https://ciwqs.waterboards.ca.gov/ciwqs/readOnly/CiwqsReportServlet?reportName=facilityAtAGlance&placeID=214888,425653,NPDES PERMIT,"377093,316381","1B84032OSON,1B84032OSON",12_0048_NPDES_Cloverdale_WWTF_CAG_120620.pdf,No,1.0
214888,1B84032OSON,Cloverdale City WWTP,Cloverdale City,SB,Major,R1-2018-0034,,https://ciwqs.waterboards.ca.gov/ciwqs/readOnly/CiwqsReportServlet?reportName=facilityAtAGlance&placeID=214888,425653,NPDES PERMIT,"377093,316381","1B84032OSON,1B84032OSON",060804_0004_NPDESPermit.pdf,No,1.0
214899,5C10NP00012,Clovis WWTF,Clovis City,5F,Major,R5-2019-0021,CA0085235,https://ciwqs.waterboards.ca.gov/ciwqs/readOnly/CiwqsReportServlet?reportName=facilityAtAGlance&placeID=214899,429278,NPDES PERMIT,"390415,173793","5C10NP00012,5C10NP00012",r5-2019-0021.pdf,No,3.0
214899,5C10NP00012,Clovis WWTF,Clovis City,5F,Major,R5-2019-0021,CA0085235,https://ciwqs.waterboards.ca.gov/ciwqs/readOnly/CiwqsReportServlet?reportName=facilityAtAGlance&placeID=214899,429278,NPDES PERMIT,"390415,173793","5C10NP00012,5C10NP00012",r5_2014-0005.pdf,No,3.0
214899,5C10NP00012,Clovis WWTF,Clovis City,5F,Major,R5-2019-0021,CA0085235,https://ciwqs.waterboards.ca.gov/ciwqs/readOnly/CiwqsReportServlet?reportName=facilityAtAGlance&placeID=214899,429278,NPDES PERMIT,"390415,173793","5C10NP00012,5C10NP00012",r5-2008-0036.pdf,No,3.0
214933,7A330104012,Coachella SD WWTP,Coachella SD,7,Major,R7-2020-0008,CA0104493,https://ciwqs.waterboards.ca.gov/ciwqs/readOnly/CiwqsReportServlet?reportName=facilityAtAGlance&placeID=214933,439951,NPDES PERMIT,"400532,372759","7A330104012,7A330104012",R7-2020-0008.pdf,No,2.0
214933,7A330104012,Coachella SD WWTP,Coachella SD,7,Major,R7-2020-0008,CA0104493,https://ciwqs.waterboards.ca.gov/ciwqs/readOnly/CiwqsReportServlet?reportName=facilityAtAGlance&placeID=214933,439951,NPDES PERMIT,"400532,372759","7A330104012,7A330104012",R7-2015-0003.pdf,No,2.0
214933,7A330104012,Coachella SD WWTP,Coachella SD,7,Major,R7-2020-0008,CA0104493,https://ciwqs.waterboards.ca.gov/ciwqs/readOnly/CiwqsReportServlet?reportName=facilityAtAGlance&placeID=214933,439951,NPDES PERMIT,"400532,372759","7A330104012,7A330104012",0021_coach_sanitary.pdf,No,2.0
216446,7A330105091,Coachella Valley WD WWTP,Coachella Valley WD,7,Major,R7-2023-0013,CA0104973,https://ciwqs.waterboards.ca.gov/ciwqs/readOnly/CiwqsReportServlet?reportName=facilityAtAGlance&placeID=216446,452383,NPDES PERMIT,,,R7-2023-0013.pdf,No,3.0
215106,5A310101001,City of Colfax WWTP,Colfax City,5S,Minor,R5-2018-0012,CAG585001,https://ciwqs.waterboards.ca.gov/ciwqs/readOnly/CiwqsReportServlet?reportName=facilityAtAGlance&placeID=215106,421035,NPDES PERMIT,"391270,339936","5A310101001,5A310101001",R5-2018-0012.pdf,No,2.0
215106,5A310101001,City of Colfax WWTP,Colfax City,5S,Minor,R5-2018-0012,CAG585001,https://ciwqs.waterboards.ca.gov/ciwqs/readOnly/CiwqsReportServlet?reportName=facilityAtAGlance&placeID=215106,421035,NPDES PERMIT,"391270,339936","5A310101001,5A310101001",r5-2013-0045.pdf,No,2.0
215106,5A310101001,City of Colfax WWTP,Colfax City,5S,Minor,R5-2018-0012,CAG585001,https://ciwqs.waterboards.ca.gov/ciwqs/readOnly/CiwqsReportServlet?reportName=facilityAtAGlance&placeID=215106,421035,NPDES PERMIT,"391270,339936","5A310101001,5A310101001",R5-2007-0130.pdf,No,2.0
215141,1B80121OHUM,"College of the Redwoods, POTW",College of the Redwoods,1,Minor,R1-2016-0041,CA0006700,https://ciwqs.waterboards.ca.gov/ciwqs/readOnly/CiwqsReportServlet?reportName=facilityAtAGlance&placeID=215141,399908,NPDES PERMIT,373642,1B80121OHUM,16_0041_College_of_the_Redwoods_NPDES.pdf,No,2.0
215141,1B80121OHUM,"College of the Redwoods, POTW",College of the Redwoods,1,Minor,R1-2016-0041,CA0006700,https://ciwqs.waterboards.ca.gov/ciwqs/readOnly/CiwqsReportServlet?reportName=facilityAtAGlance&placeID=215141,399908,NPDES PERMIT,373642,1B80121OHUM,10_0003_NPDES_CollegeoftheRedwoods_signed.pdf,No,2.0
259146,8 360105001,Colton WRF,Colton City,8,Major,R8-2012-0050,CA0105236,https://ciwqs.waterboards.ca.gov/ciwqs/readOnly/CiwqsReportServlet?reportName=facilityAtAGlance&placeID=259146,388624,NPDES PERMIT,261370,8 360105001,12-0050_City_of_Colton_WDR.pdf,No,1.0
259146,8 360105001,Colton WRF,Colton City,8,Major,R8-2012-0050,CA0105236,https://ciwqs.waterboards.ca.gov/ciwqs/readOnly/CiwqsReportServlet?reportName=facilityAtAGlance&placeID=259146,388624,NPDES PERMIT,261370,8 360105001,05-0075 City of Colton Water Reclaim.pdf,No,1.0
259178,8 362375001,"Colton/San Bernadino STP, RIX",Colton/San Bernardino RTT&WRA,SB,Major,R8-2013-0032,,https://ciwqs.waterboards.ca.gov/ciwqs/readOnly/CiwqsReportServlet?reportName=facilityAtAGlance&placeID=259178,392658,NPDES PERMIT,371841,8 362375001,13-0032_Coton-San_Bernardino_RTT_Water_Reclam_Auth.pdf,No,1.0
259178,8 362375001,"Colton/San Bernadino STP, RIX",Colton/San Bernardino RTT&WRA,SB,Major,R8-2013-0032,,https://ciwqs.waterboards.ca.gov/ciwqs/readOnly/CiwqsReportServlet?reportName=facilityAtAGlance&placeID=259178,392658,NPDES PERMIT,371841,8 362375001,06-0052 RIX Fac.pdf,No,1.0
215225,5A060101001,City of Colusa WWTP,Colusa City,5S,Minor,R5-2022-0020,CA0078999,https://ciwqs.waterboards.ca.gov/ciwqs/readOnly/CiwqsReportServlet?reportName=facilityAtAGlance&placeID=215225,447828,NPDES PERMIT,"409145,365379","5A060101001,5A060101001",r5-2022-0020_npdes.pdf,No,1.0
215225,5A060101001,City of Colusa WWTP,Colusa City,5S,Minor,R5-2022-0020,CA0078999,https://ciwqs.waterboards.ca.gov/ciwqs/readOnly/CiwqsReportServlet?reportName=facilityAtAGlance&placeID=215225,447828,NPDES PERMIT,"409145,365379","5A060101001,5A060101001",Order R5-2020-0006.pdf,No,1.0
215225,5A060101001,City of Colusa WWTP,Colusa City,5S,Minor,R5-2022-0020,CA0078999,https://ciwqs.waterboards.ca.gov/ciwqs/readOnly/CiwqsReportServlet?reportName=facilityAtAGlance&placeID=215225,447828,NPDES PERMIT,"409145,365379","5A060101001,5A060101001",R5-2016-0062.pdf,No,1.0
215225,5A060101001,City of Colusa WWTP,Colusa City,5S,Minor,R5-2022-0020,CA0078999,https://ciwqs.waterboards.ca.gov/ciwqs/readOnly/CiwqsReportServlet?reportName=facilityAtAGlance&placeID=215225,447828,NPDES PERMIT,"409145,365379","5A060101001,5A060101001",R5-2018-0018.pdf,No,1.0
215225,5A060101001,City of Colusa WWTP,Colusa City,5S,Minor,R5-2022-0020,CA0078999,https://ciwqs.waterboards.ca.gov/ciwqs/readOnly/CiwqsReportServlet?reportName=facilityAtAGlance&placeID=215225,447828,NPDES PERMIT,"409145,365379","5A060101001,5A060101001",r5-2016-0062-02_npdes.pdf,No,1.0
215225,5A060101001,City of Colusa WWTP,Colusa City,5S,Minor,R5-2022-0020,CA0078999,https://ciwqs.waterboards.ca.gov/ciwqs/readOnly/CiwqsReportServlet?reportName=facilityAtAGlance&placeID=215225,447828,NPDES PERMIT,"409145,365379","5A060101001,5A060101001",R5-2008-0184.pdf,No,1.0
215750,5A520100001,City of Corning WWTP,Corning City,5R,Major,R5-2022-0022,CA0004995,https://ciwqs.waterboards.ca.gov/ciwqs/readOnly/CiwqsReportServlet?reportName=facilityAtAGlance&placeID=215750,447832,NPDES PERMIT,399898,5A520100001,r5-2022-0022_npdes.pdf,No,3.0
215750,5A520100001,City of Corning WWTP,Corning City,5R,Major,R5-2022-0022,CA0004995,https://ciwqs.waterboards.ca.gov/ciwqs/readOnly/CiwqsReportServlet?reportName=facilityAtAGlance&placeID=215750,447832,NPDES PERMIT,399898,5A520100001,r5-2016-0047.pdf,No,3.0
259174,8 332476001,Corona WWRF #3,Corona City DWP,SB,Major,R8-2014-0015,,https://ciwqs.waterboards.ca.gov/ciwqs/readOnly/CiwqsReportServlet?reportName=facilityAtAGlance&placeID=259174,395382,NPDES PERMIT,327035,8 332476001,14-0015_City_of_Corona_DW&P_WD&RR_WRF_No_3.pdf,No,1.0
259174,8 332476001,Corona WWRF #3,Corona City DWP,SB,Major,R8-2014-0015,,https://ciwqs.waterboards.ca.gov/ciwqs/readOnly/CiwqsReportServlet?reportName=facilityAtAGlance&placeID=259174,395382,NPDES PERMIT,327035,8 332476001,07-0007.pdf,No,1.0
259171,8 330108001,Corona WWRF #1,Corona City DWP,SB,Major,R8-2020-0021,,https://ciwqs.waterboards.ca.gov/ciwqs/readOnly/CiwqsReportServlet?reportName=facilityAtAGlance&placeID=259171,422466,NPDES PERMIT,"388613,327028","8 330108001,8 330108001",R8-2020-0021_City_of_ Corona_ (final version).pdf,No,2.0
259171,8 330108001,Corona WWRF #1,Corona City DWP,SB,Major,R8-2020-0021,,https://ciwqs.waterboards.ca.gov/ciwqs/readOnly/CiwqsReportServlet?reportName=facilityAtAGlance&placeID=259171,422466,NPDES PERMIT,"388613,327028","8 330108001,8 330108001",12-0008_City_of_Corona_DW&P_WDR.pdf,No,2.0
259171,8 330108001,Corona WWRF #1,Corona City DWP,SB,Major,R8-2020-0021,,https://ciwqs.waterboards.ca.gov/ciwqs/readOnly/CiwqsReportServlet?reportName=facilityAtAGlance&placeID=259171,422466,NPDES PERMIT,"388613,327028","8 330108001,8 330108001",07-0005.pdf,No,2.0
215925,7A131001011,Country Life MHPRV Asset Partners LP WWTP,"Country Life MHRVP Asset Partners, L.P.",7,Minor,R7-2023-0041,CA0104264,https://ciwqs.waterboards.ca.gov/ciwqs/readOnly/CiwqsReportServlet?reportName=facilityAtAGlance&placeID=215925,454742,NPDES PERMIT,,,R7-2023-0041.pdf,No,1.0
215966,1B83009OMEN,Covelo POTW,Covelo CSD,1,Minor,R1-2023-0006,CA0023574,https://ciwqs.waterboards.ca.gov/ciwqs/readOnly/CiwqsReportServlet?reportName=facilityAtAGlance&placeID=215966,453119,NPDES PERMIT,"403824,372322,147226","1B83009OMEN,1B83009OMEN,1B83009OMEN",23_0006_covelo_csd_06.20.2023_eosigned.pdf,No,1.0
215966,1B83009OMEN,Covelo POTW,Covelo CSD,1,Minor,R1-2023-0006,CA0023574,https://ciwqs.waterboards.ca.gov/ciwqs/readOnly/CiwqsReportServlet?reportName=facilityAtAGlance&placeID=215966,453119,NPDES PERMIT,"403824,372322,147226","1B83009OMEN,1B83009OMEN,1B83009OMEN",17_0004_CoveloCSD_WWTP_NPDES.pdf,No,1.0
215966,1B83009OMEN,Covelo POTW,Covelo CSD,1,Minor,R1-2023-0006,CA0023574,https://ciwqs.waterboards.ca.gov/ciwqs/readOnly/CiwqsReportServlet?reportName=facilityAtAGlance&placeID=215966,453119,NPDES PERMIT,"403824,372322,147226","1B83009OMEN,1B83009OMEN,1B83009OMEN",11_0001_NPDES_COVELO_LMB_signed.pdf,No,1.0
215966,1B83009OMEN,Covelo POTW,Covelo CSD,1,Minor,R1-2023-0006,CA0023574,https://ciwqs.waterboards.ca.gov/ciwqs/readOnly/CiwqsReportServlet?reportName=facilityAtAGlance&placeID=215966,453119,NPDES PERMIT,"403824,372322,147226","1B83009OMEN,1B83009OMEN,1B83009OMEN",060315_0007_COVELONPDESPERMIT.pdf,No,1.0
216106,1A84006ODN,Crescent City WWTP,Crescent City,1,Major,R1-2023-0039,CA0022756,https://ciwqs.waterboards.ca.gov/ciwqs/readOnly/CiwqsReportServlet?reportName=facilityAtAGlance&placeID=216106,455297,NPDES PERMIT,"404228,375275,316384","1A84006ODN,1A84006ODN,1A84006ODN",23_0039_CrescentCity_NPDES.pdf,No,2.0
216106,1A84006ODN,Crescent City WWTP,Crescent City,1,Major,R1-2023-0039,CA0022756,https://ciwqs.waterboards.ca.gov/ciwqs/readOnly/CiwqsReportServlet?reportName=facilityAtAGlance&placeID=216106,455297,NPDES PERMIT,"404228,375275,316384","1A84006ODN,1A84006ODN,1A84006ODN",17_0002_CrescentCity_WWTF_NPDES.pdf,No,2.0
216106,1A84006ODN,Crescent City WWTP,Crescent City,1,Major,R1-2023-0039,CA0022756,https://ciwqs.waterboards.ca.gov/ciwqs/readOnly/CiwqsReportServlet?reportName=facilityAtAGlance&placeID=216106,455297,NPDES PERMIT,"404228,375275,316384","1A84006ODN,1A84006ODN,1A84006ODN",11_0019_NPDES_CrescentCityWWTF_CER_110627.pdf,No,2.0
248886,2 071034001,Port Costa WWTP,Crockett Community Services District,2,Minor,R2-2018-0053,CA0037885,https://ciwqs.waterboards.ca.gov/ciwqs/readOnly/CiwqsReportServlet?reportName=facilityAtAGlance&placeID=248886,427684,NPDES PERMIT,"393543,340410","2 071034001,2 071034001",CA0037885 Port Costa R2-2018-0053.pdf,No,1.0
248886,2 071034001,Port Costa WWTP,Crockett Community Services District,2,Minor,R2-2018-0053,CA0037885,https://ciwqs.waterboards.ca.gov/ciwqs/readOnly/CiwqsReportServlet?reportName=facilityAtAGlance&placeID=248886,427684,NPDES PERMIT,"393543,340410","2 071034001,2 071034001",Nutrient Watershed Permit - R2-2014-0014.pdf,Yes,1.0
248886,2 071034001,Port Costa WWTP,Crockett Community Services District,2,Minor,R2-2018-0053,CA0037885,https://ciwqs.waterboards.ca.gov/ciwqs/readOnly/CiwqsReportServlet?reportName=facilityAtAGlance&placeID=248886,427684,NPDES PERMIT,"393543,340410","2 071034001,2 071034001",Port Costa Final Order - 10-13.pdf,No,1.0
248886,2 071034001,Port Costa WWTP,Crockett Community Services District,2,Minor,R2-2018-0053,CA0037885,https://ciwqs.waterboards.ca.gov/ciwqs/readOnly/CiwqsReportServlet?reportName=facilityAtAGlance&placeID=248886,427684,NPDES PERMIT,"393543,340410","2 071034001,2 071034001",Port Costa WWTP - Final Order  (01-08).pdf,No,1.0
273166,5D540132001,Cutler-Orosi WWTF,Cutler-Orosi JT Powers WW Authority,5F,Major,R5-2018-0011,CA0081485,https://ciwqs.waterboards.ca.gov/ciwqs/readOnly/CiwqsReportServlet?reportName=facilityAtAGlance&placeID=273166,420796,NPDES PERMIT,"390403,317938","5D540132001,5D540132001",r5-2018-0011.pdf,No,1.0
273166,5D540132001,Cutler-Orosi WWTF,Cutler-Orosi JT Powers WW Authority,5F,Major,R5-2018-0011,CA0081485,https://ciwqs.waterboards.ca.gov/ciwqs/readOnly/CiwqsReportServlet?reportName=facilityAtAGlance&placeID=273166,420796,NPDES PERMIT,"390403,317938","5D540132001,5D540132001",r5-2013-0047_npdes.pdf,No,1.0
273166,5D540132001,Cutler-Orosi WWTF,Cutler-Orosi JT Powers WW Authority,5F,Major,R5-2018-0011,CA0081485,https://ciwqs.waterboards.ca.gov/ciwqs/readOnly/CiwqsReportServlet?reportName=facilityAtAGlance&placeID=273166,420796,NPDES PERMIT,"390403,317938","5D540132001,5D540132001",r5-2015-0048_npdes_ao.pdf,No,1.0
273166,5D540132001,Cutler-Orosi WWTF,Cutler-Orosi JT Powers WW Authority,5F,Major,R5-2018-0011,CA0081485,https://ciwqs.waterboards.ca.gov/ciwqs/readOnly/CiwqsReportServlet?reportName=facilityAtAGlance&placeID=273166,420796,NPDES PERMIT,"390403,317938","5D540132001,5D540132001",r5-2006-0092.pdf,No,1.0
216428,3 421003001,Cuyama CSD WWTP,Cuyama Community Services District,3,Minor,R3-2007-0020,,https://ciwqs.waterboards.ca.gov/ciwqs/readOnly/CiwqsReportServlet?reportName=facilityAtAGlance&placeID=216428,364359,NPDES PERMIT,,,CuyamaPermit.pdf,No,2.0
219146,7A131057011,Date Gardens MHP WWTP,Date Gardens Asset Partners LP,7,Minor,R7-2023-0046,CA0104841,https://ciwqs.waterboards.ca.gov/ciwqs/readOnly/CiwqsReportServlet?reportName=facilityAtAGlance&placeID=219146,455499,NPDES PERMIT,"388674,348180","7A131057011,7A131057011",Order R7-2023-0046- Date Gardens MHPWWTP_NPDES.pdf,No,1.0
219146,7A131057011,Date Gardens MHP WWTP,Date Gardens Asset Partners LP,7,Minor,R7-2023-0046,CA0104841,https://ciwqs.waterboards.ca.gov/ciwqs/readOnly/CiwqsReportServlet?reportName=facilityAtAGlance&placeID=219146,455499,NPDES PERMIT,"388674,348180","7A131057011,7A131057011",0009date_garden.pdf,No,1.0
219146,7A131057011,Date Gardens MHP WWTP,Date Gardens Asset Partners LP,7,Minor,R7-2023-0046,CA0104841,https://ciwqs.waterboards.ca.gov/ciwqs/readOnly/CiwqsReportServlet?reportName=facilityAtAGlance&placeID=219146,455499,NPDES PERMIT,"388674,348180","7A131057011,7A131057011",08_0010dategardens.pdf,No,1.0
219223,5A570100001,City of Davis WWTP,Davis City,5S,Major,R5-2018-0086,CA0079049,https://ciwqs.waterboards.ca.gov/ciwqs/readOnly/CiwqsReportServlet?reportName=facilityAtAGlance&placeID=219223,428211,NPDES PERMIT,"393808,365996","5A570100001,5A570100001",R5-2018-0086.pdf,No,2.0
219223,5A570100001,City of Davis WWTP,Davis City,5S,Major,R5-2018-0086,CA0079049,https://ciwqs.waterboards.ca.gov/ciwqs/readOnly/CiwqsReportServlet?reportName=facilityAtAGlance&placeID=219223,428211,NPDES PERMIT,"393808,365996","5A570100001,5A570100001",r5-2013-0127_npdes.pdf,No,2.0
219223,5A570100001,City of Davis WWTP,Davis City,5S,Major,R5-2018-0086,CA0079049,https://ciwqs.waterboards.ca.gov/ciwqs/readOnly/CiwqsReportServlet?reportName=facilityAtAGlance&placeID=219223,428211,NPDES PERMIT,"393808,365996","5A570100001,5A570100001",r5-2014-0122.pdf,Yes,2.0
219223,5A570100001,City of Davis WWTP,Davis City,5S,Major,R5-2018-0086,CA0079049,https://ciwqs.waterboards.ca.gov/ciwqs/readOnly/CiwqsReportServlet?reportName=facilityAtAGlance&placeID=219223,428211,NPDES PERMIT,"393808,365996","5A570100001,5A570100001",R5-2010-0097.pdf,No,2.0
219223,5A570100001,City of Davis WWTP,Davis City,5S,Major,R5-2018-0086,CA0079049,https://ciwqs.waterboards.ca.gov/ciwqs/readOnly/CiwqsReportServlet?reportName=facilityAtAGlance&placeID=219223,428211,NPDES PERMIT,"393808,365996","5A570100001,5A570100001",r5-2007-0132-01.pdf,No,2.0
219552,2 071013001,Delta Diablo WWTP,,,,R2-2019-0035,,https://ciwqs.waterboards.ca.gov/ciwqs/readOnly/CiwqsReportServlet?reportName=facilityAtAGlance&placeID=219552,435913,NPDES PERMIT,"397694,365245","2 071013001,2 071013001",R2-2019-0035.pdf,No,1.0
219552,2 071013001,Delta Diablo WWTP,,,,R2-2019-0035,,https://ciwqs.waterboards.ca.gov/ciwqs/readOnly/CiwqsReportServlet?reportName=facilityAtAGlance&placeID=219552,435913,NPDES PERMIT,"397694,365245","2 071013001,2 071013001",dd order R2-2014-0030.pdf,No,1.0
219552,2 071013001,Delta Diablo WWTP,,,,R2-2019-0035,,https://ciwqs.waterboards.ca.gov/ciwqs/readOnly/CiwqsReportServlet?reportName=facilityAtAGlance&placeID=219552,435913,NPDES PERMIT,"397694,365245","2 071013001,2 071013001",Nutrient Watershed Permit - R2-2014-0014.pdf,Yes,1.0
220548,5A290105001,Donner Summit PUD WWTP,Donner Summit Public Utilities District,5S,Minor,R5-2021-0023,,https://ciwqs.waterboards.ca.gov/ciwqs/readOnly/CiwqsReportServlet?reportName=facilityAtAGlance&placeID=220548,443214,NPDES PERMIT,"401602,365530","5A290105001,5A290105001",R5-2021-0023_npdes.pdf,No,1.0
220548,5A290105001,Donner Summit PUD WWTP,Donner Summit Public Utilities District,5S,Minor,R5-2021-0023,,https://ciwqs.waterboards.ca.gov/ciwqs/readOnly/CiwqsReportServlet?reportName=facilityAtAGlance&placeID=220548,443214,NPDES PERMIT,"401602,365530","5A290105001,5A290105001",Order R5-2015-0068-01.pdf,No,1.0
220548,5A290105001,Donner Summit PUD WWTP,Donner Summit Public Utilities District,5S,Minor,R5-2021-0023,,https://ciwqs.waterboards.ca.gov/ciwqs/readOnly/CiwqsReportServlet?reportName=facilityAtAGlance&placeID=220548,443214,NPDES PERMIT,"401602,365530","5A290105001,5A290105001",Order R5-2017-0114.pdf,No,1.0
220548,5A290105001,Donner Summit PUD WWTP,Donner Summit Public Utilities District,5S,Minor,R5-2021-0023,,https://ciwqs.waterboards.ca.gov/ciwqs/readOnly/CiwqsReportServlet?reportName=facilityAtAGlance&placeID=220548,443214,NPDES PERMIT,"401602,365530","5A290105001,5A290105001",r5-2015-0068.pdf,No,1.0
220548,5A290105001,Donner Summit PUD WWTP,Donner Summit Public Utilities District,5S,Minor,R5-2021-0023,,https://ciwqs.waterboards.ca.gov/ciwqs/readOnly/CiwqsReportServlet?reportName=facilityAtAGlance&placeID=220548,443214,NPDES PERMIT,"401602,365530","5A290105001,5A290105001",R5-2009-0034.pdf,No,1.0
273111,5C240102001,Dos Palos WWTF,Dos Palos City,5F,Minor,92-094,,https://ciwqs.waterboards.ca.gov/ciwqs/readOnly/CiwqsReportServlet?reportName=facilityAtAGlance&placeID=273111,194921,WDR,,,,No,0.0
220792,2 019033001,Dublin San Ramon SD WWTP,Dublin San Ramon Services District (WWTP NPDES & SSO),2,"Major, Minor",R2-2022-0024,CA0037613,https://ciwqs.waterboards.ca.gov/ciwqs/readOnly/CiwqsReportServlet?reportName=facilityAtAGlance&placeID=220792,448550,NPDES PERMIT,"448549,443265,413161,413162,405705,382903,382900,379074","2 019123001,2 019129001,2 019123001,2 019033001,2 019129001,2 019033001,2 019123001,2 019129001",DSRSD - R2-2022-2024.pdf,No,1.0
220792,2 019033001,Dublin San Ramon SD WWTP,Dublin San Ramon Services District (WWTP NPDES & SSO),2,"Major, Minor",R2-2022-0024,CA0037613,https://ciwqs.waterboards.ca.gov/ciwqs/readOnly/CiwqsReportServlet?reportName=facilityAtAGlance&placeID=220792,448550,NPDES PERMIT,"448549,443265,413161,413162,405705,382903,382900,379074","2 019123001,2 019129001,2 019123001,2 019033001,2 019129001,2 019033001,2 019123001,2 019129001",EBDA - R2-2022-0023.pdf,Yes,1.0
220792,2 019033001,Dublin San Ramon SD WWTP,Dublin San Ramon Services District (WWTP NPDES & SSO),2,"Major, Minor",R2-2022-0024,CA0037613,https://ciwqs.waterboards.ca.gov/ciwqs/readOnly/CiwqsReportServlet?reportName=facilityAtAGlance&placeID=220792,448550,NPDES PERMIT,"448549,443265,413161,413162,405705,382903,382900,379074","2 019123001,2 019129001,2 019123001,2 019033001,2 019129001,2 019033001,2 019123001,2 019129001",LAVWMA - R2-2021-0007.pdf,Yes,1.0
220792,2 019033001,Dublin San Ramon SD WWTP,Dublin San Ramon Services District (WWTP NPDES & SSO),2,"Major, Minor",R2-2022-0024,CA0037613,https://ciwqs.waterboards.ca.gov/ciwqs/readOnly/CiwqsReportServlet?reportName=facilityAtAGlance&placeID=220792,448550,NPDES PERMIT,"448549,443265,413161,413162,405705,382903,382900,379074","2 019123001,2 019129001,2 019123001,2 019033001,2 019129001,2 019033001,2 019123001,2 019129001",EBDA - R2-2017-0016.pdf,Yes,1.0
220792,2 019033001,Dublin San Ramon SD WWTP,Dublin San Ramon Services District (WWTP NPDES & SSO),2,"Major, Minor",R2-2022-0024,CA0037613,https://ciwqs.waterboards.ca.gov/ciwqs/readOnly/CiwqsReportServlet?reportName=facilityAtAGlance&placeID=220792,448550,NPDES PERMIT,"448549,443265,413161,413162,405705,382903,382900,379074","2 019123001,2 019129001,2 019123001,2 019033001,2 019129001,2 019033001,2 019123001,2 019129001",DSRSD - R2-2017-0017.pdf,No,1.0
220792,2 019033001,Dublin San Ramon SD WWTP,Dublin San Ramon Services District (WWTP NPDES & SSO),2,"Major, Minor",R2-2022-0024,CA0037613,https://ciwqs.waterboards.ca.gov/ciwqs/readOnly/CiwqsReportServlet?reportName=facilityAtAGlance&placeID=220792,448550,NPDES PERMIT,"448549,443265,413161,413162,405705,382903,382900,379074","2 019123001,2 019129001,2 019123001,2 019033001,2 019129001,2 019033001,2 019123001,2 019129001",R2-2016-0015.pdf,Yes,1.0
220792,2 019033001,Dublin San Ramon SD WWTP,Dublin San Ramon Services District (WWTP NPDES & SSO),2,"Major, Minor",R2-2022-0024,CA0037613,https://ciwqs.waterboards.ca.gov/ciwqs/readOnly/CiwqsReportServlet?reportName=facilityAtAGlance&placeID=220792,448550,NPDES PERMIT,"448549,443265,413161,413162,405705,382903,382900,379074","2 019123001,2 019129001,2 019123001,2 019033001,2 019129001,2 019033001,2 019123001,2 019129001",Nutrient Watershed Permit - R2-2014-0014.pdf,Yes,1.0
220792,2 019033001,Dublin San Ramon SD WWTP,Dublin San Ramon Services District (WWTP NPDES & SSO),2,"Major, Minor",R2-2022-0024,CA0037613,https://ciwqs.waterboards.ca.gov/ciwqs/readOnly/CiwqsReportServlet?reportName=facilityAtAGlance&placeID=220792,448550,NPDES PERMIT,"448549,443265,413161,413162,405705,382903,382900,379074","2 019123001,2 019129001,2 019123001,2 019033001,2 019129001,2 019033001,2 019123001,2 019129001",Nutrient Watershed Permit - R2-2014-0014.pdf,Yes,1.0
220792,2 019033001,Dublin San Ramon SD WWTP,Dublin San Ramon Services District (WWTP NPDES & SSO),2,"Major, Minor",R2-2022-0024,CA0037613,https://ciwqs.waterboards.ca.gov/ciwqs/readOnly/CiwqsReportServlet?reportName=facilityAtAGlance&placeID=220792,448550,NPDES PERMIT,"448549,443265,413161,413162,405705,382903,382900,379074","2 019123001,2 019129001,2 019123001,2 019033001,2 019129001,2 019033001,2 019123001,2 019129001",R2-2012-0004.pdf,Yes,1.0
220792,2 019033001,Dublin San Ramon SD WWTP,Dublin San Ramon Services District (WWTP NPDES & SSO),2,"Major, Minor",R2-2022-0024,CA0037613,https://ciwqs.waterboards.ca.gov/ciwqs/readOnly/CiwqsReportServlet?reportName=facilityAtAGlance&placeID=220792,448550,NPDES PERMIT,"448549,443265,413161,413162,405705,382903,382900,379074","2 019123001,2 019129001,2 019123001,2 019033001,2 019129001,2 019033001,2 019123001,2 019129001",Nutrient Watershed Permit - R2-2014-0014.pdf,Yes,1.0
220850,5A470101001,Dunsmuir WWTP,Dunsmuir City,5R,Minor,R5-2024-0009,CA0078441,https://ciwqs.waterboards.ca.gov/ciwqs/readOnly/CiwqsReportServlet?reportName=facilityAtAGlance&placeID=220850,452141,NPDES PERMIT,"427817,378951","5A470101001,5A470101001",r5-2024-0009_npdes.pdf,No,1.0
220850,5A470101001,Dunsmuir WWTP,Dunsmuir City,5R,Minor,R5-2024-0009,CA0078441,https://ciwqs.waterboards.ca.gov/ciwqs/readOnly/CiwqsReportServlet?reportName=facilityAtAGlance&placeID=220850,452141,NPDES PERMIT,"427817,378951","5A470101001,5A470101001",dunsmuir_wwtp_npdes_osb.pdf,No,1.0
220850,5A470101001,Dunsmuir WWTP,Dunsmuir City,5R,Minor,R5-2024-0009,CA0078441,https://ciwqs.waterboards.ca.gov/ciwqs/readOnly/CiwqsReportServlet?reportName=facilityAtAGlance&placeID=220850,452141,NPDES PERMIT,"427817,378951","5A470101001,5A470101001",r5-2012-0085_npdes.pdf,No,1.0
222123,2 019123001,EBDA Common Outfall,East Bay Dischargers Authority,2,Major,R2-2022-0023,CA0037869,https://ciwqs.waterboards.ca.gov/ciwqs/readOnly/CiwqsReportServlet?reportName=facilityAtAGlance&placeID=222123,,,,,EBDA - R2-2022-0023.pdf,Yes,
222130,2 019014002,EBMUD SD#1-Wet Wthr Bypass,East Bay MUD (WPCP),2,"Major, Minor",R2-2020-0003,CA0038440,https://ciwqs.waterboards.ca.gov/ciwqs/readOnly/CiwqsReportServlet?reportName=facilityAtAGlance&placeID=222130,,NPDES PERMIT,398831,2 019014002,,No,0.0
222132,2 019014001,EBMUD WPCP,East Bay MUD (WPCP),2,Major,R2-2020-0024,CA0037702,https://ciwqs.waterboards.ca.gov/ciwqs/readOnly/CiwqsReportServlet?reportName=facilityAtAGlance&placeID=222132,440133,NPDES PERMIT,373407,2 019014001,R2-2020-0024.pdf,No,1.0
222132,2 019014001,EBMUD WPCP,East Bay MUD (WPCP),2,Major,R2-2020-0024,CA0037702,https://ciwqs.waterboards.ca.gov/ciwqs/readOnly/CiwqsReportServlet?reportName=facilityAtAGlance&placeID=222132,440133,NPDES PERMIT,373407,2 019014001,Nutrient Watershed Permit - R2-2014-0014.pdf,Yes,1.0
223236,2 071227001,East Brother Light StationWWTP,East Brother Light Station Inc,2,Minor,R2-2004-0079,,https://ciwqs.waterboards.ca.gov/ciwqs/readOnly/CiwqsReportServlet?reportName=facilityAtAGlance&placeID=223236,,NPDES PERMIT,,,,No,0.0
897869,,East County Advanced Water Purification (AWP) Project,,,,,,https://ciwqs.waterboards.ca.gov/ciwqs/readOnly/CiwqsReportServlet?reportName=facilityAtAGlance&placeID=897869,,,,,,No,0.0
259196,8 332303001,Temescal Creek Outfall,Eastern Municipal Water District,8,Major,R8-2015-0006,CA8000188,https://ciwqs.waterboards.ca.gov/ciwqs/readOnly/CiwqsReportServlet?reportName=facilityAtAGlance&placeID=259196,394108,NPDES PERMIT,369770,8 332303001,R8-2015-0006_EMWD_Temescal_Creek_Discharge.pdf,No,1.0
259196,8 332303001,Temescal Creek Outfall,Eastern Municipal Water District,8,Major,R8-2015-0006,CA8000188,https://ciwqs.waterboards.ca.gov/ciwqs/readOnly/CiwqsReportServlet?reportName=facilityAtAGlance&placeID=259196,394108,NPDES PERMIT,369770,8 332303001,09-0014 EMWD WDR-Temescal Creek.pdf,No,1.0
222407,7A130103011,El Centro City WWTP,El Centro City,7,Major,R7-2019-0002,CA0104426,https://ciwqs.waterboards.ca.gov/ciwqs/readOnly/CiwqsReportServlet?reportName=facilityAtAGlance&placeID=222407,429474,NPDES PERMIT,396224,7A130103011,0002elcentro_npdes.pdf,No,2.0
222407,7A130103011,El Centro City WWTP,El Centro City,7,Major,R7-2019-0002,CA0104426,https://ciwqs.waterboards.ca.gov/ciwqs/readOnly/CiwqsReportServlet?reportName=facilityAtAGlance&placeID=222407,429474,NPDES PERMIT,396224,7A130103011,12.14.2023_City of El Centro_NPDES Permit Application.pdf,No,2.0
222407,7A130103011,El Centro City WWTP,El Centro City,7,Major,R7-2019-0002,CA0104426,https://ciwqs.waterboards.ca.gov/ciwqs/readOnly/CiwqsReportServlet?reportName=facilityAtAGlance&placeID=222407,429474,NPDES PERMIT,396224,7A130103011,R7-2014-0002.pdf,No,2.0
219398,5B090102001,Deer Creek WWTP,El Dorado Irrigation District,5S,Major,R5-2014-0081,CAC433255,https://ciwqs.waterboards.ca.gov/ciwqs/readOnly/CiwqsReportServlet?reportName=facilityAtAGlance&placeID=219398,396979,NPDES PERMIT,361703,5B090102001,r5-2014-0081.pdf,No,3.0
219398,5B090102001,Deer Creek WWTP,El Dorado Irrigation District,5S,Major,R5-2014-0081,CAC433255,https://ciwqs.waterboards.ca.gov/ciwqs/readOnly/CiwqsReportServlet?reportName=facilityAtAGlance&placeID=219398,396979,NPDES PERMIT,361703,5B090102001,R5-2008-0173.pdf,No,3.0
219398,5B090102001,Deer Creek WWTP,El Dorado Irrigation District,5S,Major,R5-2014-0081,CAC433255,https://ciwqs.waterboards.ca.gov/ciwqs/readOnly/CiwqsReportServlet?reportName=facilityAtAGlance&placeID=219398,396979,NPDES PERMIT,361703,5B090102001,R5-2011-0038.pdf,No,3.0
219398,5B090102001,Deer Creek WWTP,El Dorado Irrigation District,5S,Major,R5-2014-0081,CAC433255,https://ciwqs.waterboards.ca.gov/ciwqs/readOnly/CiwqsReportServlet?reportName=facilityAtAGlance&placeID=219398,396979,NPDES PERMIT,361703,5B090102001,r5-2008-0173-01.pdf,No,3.0
222434,5B090102005,El Dorado Hills WWTP,El Dorado Irrigation District,SB,Major,R5-2013-0003,,https://ciwqs.waterboards.ca.gov/ciwqs/readOnly/CiwqsReportServlet?reportName=facilityAtAGlance&placeID=222434,389302,NPDES PERMIT,352394,5B090102005,r5-2013-0003.pdf,No,2.0
222434,5B090102005,El Dorado Hills WWTP,El Dorado Irrigation District,SB,Major,R5-2013-0003,,https://ciwqs.waterboards.ca.gov/ciwqs/readOnly/CiwqsReportServlet?reportName=facilityAtAGlance&placeID=222434,389302,NPDES PERMIT,352394,5B090102005,r5-2007-0069.pdf,No,2.0
259214,8 330112001,EVMWD Regional WWRF,Elsinore Valley Municipal Water District,SB,Major,R8-2013-0017,,https://ciwqs.waterboards.ca.gov/ciwqs/readOnly/CiwqsReportServlet?reportName=facilityAtAGlance&placeID=259214,371955,NPDES PERMIT,371850,8 330112001,13-0017_Elsinore_Valley_MWD_RWRF_Renewal_WDR_&_NPDES_Permit.pdf,No,3.0
259214,8 330112001,EVMWD Regional WWRF,Elsinore Valley Municipal Water District,SB,Major,R8-2013-0017,,https://ciwqs.waterboards.ca.gov/ciwqs/readOnly/CiwqsReportServlet?reportName=facilityAtAGlance&placeID=259214,371955,NPDES PERMIT,371850,8 330112001,05-0003 EVMWD.pdf,No,3.0
269989,9 000000030,Vallecitos WD Meadowlark WRP,Encina Wastewater Authority,SB,Major,R9-2018-0059,,https://ciwqs.waterboards.ca.gov/ciwqs/readOnly/CiwqsReportServlet?reportName=facilityAtAGlance&placeID=269989,425154,NPDES PERMIT,378933,,EncinaOO_FinalOrderR9-2018-0059.pdf,Yes,2.0
269989,9 000000030,Vallecitos WD Meadowlark WRP,Encina Wastewater Authority,SB,Major,R9-2018-0059,,https://ciwqs.waterboards.ca.gov/ciwqs/readOnly/CiwqsReportServlet?reportName=facilityAtAGlance&placeID=269989,425154,NPDES PERMIT,378933,,R9-2011-0019.pdf,Yes,2.0
222758,9 000000030,Encina Water Pollution Control Facility,Encina Wastewater Authority,SB,Major,R9-2018-0059,,https://ciwqs.waterboards.ca.gov/ciwqs/readOnly/CiwqsReportServlet?reportName=facilityAtAGlance&placeID=222758,425154,NPDES PERMIT,378933,,EncinaOO_FinalOrderR9-2018-0059.pdf,Yes,2.0
222758,9 000000030,Encina Water Pollution Control Facility,Encina Wastewater Authority,SB,Major,R9-2018-0059,,https://ciwqs.waterboards.ca.gov/ciwqs/readOnly/CiwqsReportServlet?reportName=facilityAtAGlance&placeID=222758,425154,NPDES PERMIT,378933,,R9-2011-0019.pdf,Yes,2.0
222754,9 000000030,Encina Ocean Outfall,Encina Wastewater Authority,9,Major,R9-2018-0059,CA0107395,https://ciwqs.waterboards.ca.gov/ciwqs/readOnly/CiwqsReportServlet?reportName=facilityAtAGlance&placeID=222754,425154,NPDES PERMIT,378933,,EncinaOO_FinalOrderR9-2018-0059.pdf,Yes,2.0
222754,9 000000030,Encina Ocean Outfall,Encina Wastewater Authority,9,Major,R9-2018-0059,CA0107395,https://ciwqs.waterboards.ca.gov/ciwqs/readOnly/CiwqsReportServlet?reportName=facilityAtAGlance&placeID=222754,425154,NPDES PERMIT,378933,,R9-2011-0019.pdf,Yes,2.0
213270,9 000000030,Carlsbad WRF,Encina Wastewater Authority,9,Major,R9-2018-0059,CA0107395,https://ciwqs.waterboards.ca.gov/ciwqs/readOnly/CiwqsReportServlet?reportName=facilityAtAGlance&placeID=213270,425154,NPDES PERMIT,378933,,EncinaOO_FinalOrderR9-2018-0059.pdf,Yes,2.0
213270,9 000000030,Carlsbad WRF,Encina Wastewater Authority,9,Major,R9-2018-0059,CA0107395,https://ciwqs.waterboards.ca.gov/ciwqs/readOnly/CiwqsReportServlet?reportName=facilityAtAGlance&placeID=213270,425154,NPDES PERMIT,378933,,R9-2011-0019.pdf,Yes,2.0
846371,9 000000031,Membrane Filtration/Reverse Osmosis Facility - Escondido,,,,R9-2018-0002,,https://ciwqs.waterboards.ca.gov/ciwqs/readOnly/CiwqsReportServlet?reportName=facilityAtAGlance&placeID=846371,420777,NPDES PERMIT,,,CA0107981_OrderR920180002.pdf,Yes,2.0
229726,9 000000031,HARRF DISCH to San Elijo Ocean Outfall,Escondido City,SB,Major,R9-2018-0002,,https://ciwqs.waterboards.ca.gov/ciwqs/readOnly/CiwqsReportServlet?reportName=facilityAtAGlance&placeID=229726,420777,NPDES PERMIT,,,CA0107981_OrderR920180002.pdf,Yes,2.0
223010,1B82151OHUM,Eureka City Elk River WWTP,Eureka City,1,Major,R1-2023-0016,CA0024449,https://ciwqs.waterboards.ca.gov/ciwqs/readOnly/CiwqsReportServlet?reportName=facilityAtAGlance&placeID=223010,454778,NPDES PERMIT,"405560,366420","1B82151OHUM,1B82151OHUM",23_0016_Eureka_WWTP_NPDES_09.21.23.pdf,No,1.0
223010,1B82151OHUM,Eureka City Elk River WWTP,Eureka City,1,Major,R1-2023-0016,CA0024449,https://ciwqs.waterboards.ca.gov/ciwqs/readOnly/CiwqsReportServlet?reportName=facilityAtAGlance&placeID=223010,454778,NPDES PERMIT,"405560,366420","1B82151OHUM,1B82151OHUM",16_0001_City_of_Eureka_Elk_River_WWTP_NPDES.pdf,No,1.0
223010,1B82151OHUM,Eureka City Elk River WWTP,Eureka City,1,Major,R1-2023-0016,CA0024449,https://ciwqs.waterboards.ca.gov/ciwqs/readOnly/CiwqsReportServlet?reportName=facilityAtAGlance&placeID=223010,454778,NPDES PERMIT,"405560,366420","1B82151OHUM,1B82151OHUM",090605_0033_NPDES_EurekaElkRiver.pdf,No,1.0
273112,5D540103001,Exeter WWTF,Exeter City,SB,Major,96-040,,https://ciwqs.waterboards.ca.gov/ciwqs/readOnly/CiwqsReportServlet?reportName=facilityAtAGlance&placeID=273112,,NPDES PERMIT,,,,No,0.0
225526,2 482005001,Fairfield-Suisun Sewer District Subregional WWTP,Fairfield Suisun Sewer District,2,Major,R2-2020-0012,CA0038024,https://ciwqs.waterboards.ca.gov/ciwqs/readOnly/CiwqsReportServlet?reportName=facilityAtAGlance&placeID=225526,437189,NPDES PERMIT,363771,2 482005001,FSSD R2-2020-0012.pdf,No,1.0
225526,2 482005001,Fairfield-Suisun Sewer District Subregional WWTP,Fairfield Suisun Sewer District,2,Major,R2-2020-0012,CA0038024,https://ciwqs.waterboards.ca.gov/ciwqs/readOnly/CiwqsReportServlet?reportName=facilityAtAGlance&placeID=225526,437189,NPDES PERMIT,363771,2 482005001,Nutrient Watershed Permit - R2-2014-0014.pdf,Yes,1.0
224137,9 000000115,Fallbrook Water Reclamation Plant,Fallbrook Public Utility District,SB,Major,R9-2019-0169,,https://ciwqs.waterboards.ca.gov/ciwqs/readOnly/CiwqsReportServlet?reportName=facilityAtAGlance&placeID=224137,434522,NPDES PERMIT,"387144,301241","9 000000115,9 000000115",AmendedOrderR9-2019-0169_DigitalSignature signed dwg 12-14-21.pdf,No,5.0
224137,9 000000115,Fallbrook Water Reclamation Plant,Fallbrook Public Utility District,SB,Major,R9-2019-0169,,https://ciwqs.waterboards.ca.gov/ciwqs/readOnly/CiwqsReportServlet?reportName=facilityAtAGlance&placeID=224137,434522,NPDES PERMIT,"387144,301241","9 000000115,9 000000115",AmendingOrderR920210204_DigitalSignature signed dwg 12-17-21.pdf,No,5.0
224137,9 000000115,Fallbrook Water Reclamation Plant,Fallbrook Public Utility District,SB,Major,R9-2019-0169,,https://ciwqs.waterboards.ca.gov/ciwqs/readOnly/CiwqsReportServlet?reportName=facilityAtAGlance&placeID=224137,434522,NPDES PERMIT,"387144,301241","9 000000115,9 000000115",Fallbrook_Final_Adopted_Order_R9-2019-0169.pdf,No,5.0
224137,9 000000115,Fallbrook Water Reclamation Plant,Fallbrook Public Utility District,SB,Major,R9-2019-0169,,https://ciwqs.waterboards.ca.gov/ciwqs/readOnly/CiwqsReportServlet?reportName=facilityAtAGlance&placeID=224137,434522,NPDES PERMIT,"387144,301241","9 000000115,9 000000115",R9-2019-0169_Amended2020 signed dwg 08-17-20.pdf,No,5.0
224137,9 000000115,Fallbrook Water Reclamation Plant,Fallbrook Public Utility District,SB,Major,R9-2019-0169,,https://ciwqs.waterboards.ca.gov/ciwqs/readOnly/CiwqsReportServlet?reportName=facilityAtAGlance&placeID=224137,434522,NPDES PERMIT,"387144,301241","9 000000115,9 000000115",R9-2020-0193_Final_Order signed dwg 08-17-20.pdf,No,5.0
224137,9 000000115,Fallbrook Water Reclamation Plant,Fallbrook Public Utility District,SB,Major,R9-2019-0169,,https://ciwqs.waterboards.ca.gov/ciwqs/readOnly/CiwqsReportServlet?reportName=facilityAtAGlance&placeID=224137,434522,NPDES PERMIT,"387144,301241","9 000000115,9 000000115",R9-2012-0004.pdf,No,5.0
224137,9 000000115,Fallbrook Water Reclamation Plant,Fallbrook Public Utility District,SB,Major,R9-2019-0169,,https://ciwqs.waterboards.ca.gov/ciwqs/readOnly/CiwqsReportServlet?reportName=facilityAtAGlance&placeID=224137,434522,NPDES PERMIT,"387144,301241","9 000000115,9 000000115",R9-2006-0002.pdf,No,5.0
224348,1B83136OHUM,Ferndale City POTW,Ferndale City,1,"Major, Minor",R1-2018-0046,CA0022721,https://ciwqs.waterboards.ca.gov/ciwqs/readOnly/CiwqsReportServlet?reportName=facilityAtAGlance&placeID=224348,428678,NPDES PERMIT,"388489,369181","1B83136OHUM,1B83136OHUM",18_0046_Ferndale_NPDES.pdf,No,1.0
224348,1B83136OHUM,Ferndale City POTW,Ferndale City,1,"Major, Minor",R1-2018-0046,CA0022721,https://ciwqs.waterboards.ca.gov/ciwqs/readOnly/CiwqsReportServlet?reportName=facilityAtAGlance&placeID=224348,428678,NPDES PERMIT,"388489,369181","1B83136OHUM,1B83136OHUM",12_0097_NPDES_Ferndale.pdf,No,1.0
224348,1B83136OHUM,Ferndale City POTW,Ferndale City,1,"Major, Minor",R1-2018-0046,CA0022721,https://ciwqs.waterboards.ca.gov/ciwqs/readOnly/CiwqsReportServlet?reportName=facilityAtAGlance&placeID=224348,428678,NPDES PERMIT,"388489,369181","1B83136OHUM,1B83136OHUM",r1-2009-0036 Ferndale NPDES.pdf,No,1.0
225881,4A560101002,Fillmore WWTP and Wastewater Recycling Plant,,,,R4-2003-0136,,https://ciwqs.waterboards.ca.gov/ciwqs/readOnly/CiwqsReportServlet?reportName=facilityAtAGlance&placeID=225881,132299,NPDES PERMIT,,,,No,0.0
224901,1B83100OSON,Forestville Water District,Forestville Water District,1,Minor,R1-2024-0004,CA0023043,https://ciwqs.waterboards.ca.gov/ciwqs/readOnly/CiwqsReportServlet?reportName=facilityAtAGlance&placeID=224901,456503,NPDES PERMIT,"406960,362241,132898","1B83100OSON,1B83100OSON,1B83100OSON",2024_0004_forestville_npdes_signed.pdf,No,1.0
224901,1B83100OSON,Forestville Water District,Forestville Water District,1,Minor,R1-2024-0004,CA0023043,https://ciwqs.waterboards.ca.gov/ciwqs/readOnly/CiwqsReportServlet?reportName=facilityAtAGlance&placeID=224901,456503,NPDES PERMIT,"406960,362241,132898","1B83100OSON,1B83100OSON,1B83100OSON",18_0002_Forestville_NPDES.pdf,No,1.0
224901,1B83100OSON,Forestville Water District,Forestville Water District,1,Minor,R1-2024-0004,CA0023043,https://ciwqs.waterboards.ca.gov/ciwqs/readOnly/CiwqsReportServlet?reportName=facilityAtAGlance&placeID=224901,456503,NPDES PERMIT,"406960,362241,132898","1B83100OSON,1B83100OSON,1B83100OSON",12_0012_NPDES_Forestville_CAG_osb.pdf,No,1.0
224901,1B83100OSON,Forestville Water District,Forestville Water District,1,Minor,R1-2024-0004,CA0023043,https://ciwqs.waterboards.ca.gov/ciwqs/readOnly/CiwqsReportServlet?reportName=facilityAtAGlance&placeID=224901,456503,NPDES PERMIT,"406960,362241,132898","1B83100OSON,1B83100OSON,1B83100OSON",102204-ForestvilleNPDES.pdf,No,1.0
225055,1B84083OMEN,Fort Bragg City WWTP,Fort Bragg City,SB,"Major, Minor",R1-2019-0020,,https://ciwqs.waterboards.ca.gov/ciwqs/readOnly/CiwqsReportServlet?reportName=facilityAtAGlance&placeID=225055,430202,NPDES PERMIT,"394063,366415","1B84083OMEN,1B84083OMEN",19_0020_FortBragg_NPDES.pdf,No,1.0
225055,1B84083OMEN,Fort Bragg City WWTP,Fort Bragg City,SB,"Major, Minor",R1-2019-0020,,https://ciwqs.waterboards.ca.gov/ciwqs/readOnly/CiwqsReportServlet?reportName=facilityAtAGlance&placeID=225055,430202,NPDES PERMIT,"394063,366415","1B84083OMEN,1B84083OMEN",15_0024_FortBragg_NPDES.pdf,No,1.0
225055,1B84083OMEN,Fort Bragg City WWTP,Fort Bragg City,SB,"Major, Minor",R1-2019-0020,,https://ciwqs.waterboards.ca.gov/ciwqs/readOnly/CiwqsReportServlet?reportName=facilityAtAGlance&placeID=225055,430202,NPDES PERMIT,"394063,366415","1B84083OMEN,1B84083OMEN",090605_0030_NPDES_FortBragg.pdf,No,1.0
225089,1B83135OHUM,Fortuna City WWTP,Fortuna City,SB,Major,R1-2017-0005,,https://ciwqs.waterboards.ca.gov/ciwqs/readOnly/CiwqsReportServlet?reportName=facilityAtAGlance&placeID=225089,401784,NPDES PERMIT,"372927,333098","1B83135OHUM,1B83135OHUM",17_0005_Fortuna_NPDES.pdf,No,1.0
225089,1B83135OHUM,Fortuna City WWTP,Fortuna City,SB,Major,R1-2017-0005,,https://ciwqs.waterboards.ca.gov/ciwqs/readOnly/CiwqsReportServlet?reportName=facilityAtAGlance&placeID=225089,401784,NPDES PERMIT,"372927,333098","1B83135OHUM,1B83135OHUM",11_0004_NPDES_Fortuna.pdf,No,1.0
225089,1B83135OHUM,Fortuna City WWTP,Fortuna City,SB,Major,R1-2017-0005,,https://ciwqs.waterboards.ca.gov/ciwqs/readOnly/CiwqsReportServlet?reportName=facilityAtAGlance&placeID=225089,401784,NPDES PERMIT,"372927,333098","1B83135OHUM,1B83135OHUM",070926_07_0007_NPDES_Fortuna.pdf,No,1.0
226690,5B340101001,Galt WWTP & Reclamation Facility,Galt City,5S,Major,R5-2015-0123,CAC443249,https://ciwqs.waterboards.ca.gov/ciwqs/readOnly/CiwqsReportServlet?reportName=facilityAtAGlance&placeID=226690,404159,NPDES PERMIT,"376190,132504","5B340101001,5B340101001",r5-2015-0123.pdf,No,2.0
226690,5B340101001,Galt WWTP & Reclamation Facility,Galt City,5S,Major,R5-2015-0123,CAC443249,https://ciwqs.waterboards.ca.gov/ciwqs/readOnly/CiwqsReportServlet?reportName=facilityAtAGlance&placeID=226690,404159,NPDES PERMIT,"376190,132504","5B340101001,5B340101001",r5-2010-0099.pdf,No,2.0
226690,5B340101001,Galt WWTP & Reclamation Facility,Galt City,5S,Major,R5-2015-0123,CAC443249,https://ciwqs.waterboards.ca.gov/ciwqs/readOnly/CiwqsReportServlet?reportName=facilityAtAGlance&placeID=226690,404159,NPDES PERMIT,"376190,132504","5B340101001,5B340101001",r5-2004-0001.pdf,No,2.0
227568,3 420102001,Goleta SD WWTP,Goleta SD,SB,Major,R3-2017-0021,,https://ciwqs.waterboards.ca.gov/ciwqs/readOnly/CiwqsReportServlet?reportName=facilityAtAGlance&placeID=227568,418037,NPDES PERMIT,374332,3 420102001,R3-2017-021_Goleta_finalCA0048160.pdf,No,1.0
227568,3 420102001,Goleta SD WWTP,Goleta SD,SB,Major,R3-2017-0021,,https://ciwqs.waterboards.ca.gov/ciwqs/readOnly/CiwqsReportServlet?reportName=facilityAtAGlance&placeID=227568,418037,NPDES PERMIT,374332,3 420102001,GoletaSD_NPDES Permit_FinalOrder.pdf,No,1.0
227818,5A290100001,Grass Valley City WWTP,Grass Valley City,5S,Major,R5-2016-0012,CAG585001,https://ciwqs.waterboards.ca.gov/ciwqs/readOnly/CiwqsReportServlet?reportName=facilityAtAGlance&placeID=227818,405024,NPDES PERMIT,367978,5A290100001,r5-2016-0012.pdf,No,2.0
227818,5A290100001,Grass Valley City WWTP,Grass Valley City,5S,Major,R5-2016-0012,CAG585001,https://ciwqs.waterboards.ca.gov/ciwqs/readOnly/CiwqsReportServlet?reportName=facilityAtAGlance&placeID=227818,405024,NPDES PERMIT,367978,5A290100001,R5-2009-0067_npdes.pdf,No,2.0
256050,1B84060OSON,Graton CSD,Graton CSD,1,Minor,R1-2018-0001,CA0023639,https://ciwqs.waterboards.ca.gov/ciwqs/readOnly/CiwqsReportServlet?reportName=facilityAtAGlance&placeID=256050,408066,NPDES PERMIT,"382873,132897","1B84060OSON,1B84060OSON",18_0001_Graton_NPDES.pdf,No,1.0
256050,1B84060OSON,Graton CSD,Graton CSD,1,Minor,R1-2018-0001,CA0023639,https://ciwqs.waterboards.ca.gov/ciwqs/readOnly/CiwqsReportServlet?reportName=facilityAtAGlance&placeID=256050,408066,NPDES PERMIT,"382873,132897","1B84060OSON,1B84060OSON",12_0016_NPDES_Graton_CSD_120320_CAG.pdf,No,1.0
256050,1B84060OSON,Graton CSD,Graton CSD,1,Minor,R1-2018-0001,CA0023639,https://ciwqs.waterboards.ca.gov/ciwqs/readOnly/CiwqsReportServlet?reportName=facilityAtAGlance&placeID=256050,408066,NPDES PERMIT,"382873,132897","1B84060OSON,1B84060OSON",Order No R1-2004-0038.pdf,No,1.0
219530,5A321010001,Delleker WWTP,Grizzly Lake CSD,5R,Minor,R5-2019-0052,CA0081744,https://ciwqs.waterboards.ca.gov/ciwqs/readOnly/CiwqsReportServlet?reportName=facilityAtAGlance&placeID=219530,433307,NPDES PERMIT,"385642,323249","5A321010001,5A321010001",R5-2019-0052.pdf,No,3.0
219530,5A321010001,Delleker WWTP,Grizzly Lake CSD,5R,Minor,R5-2019-0052,CA0081744,https://ciwqs.waterboards.ca.gov/ciwqs/readOnly/CiwqsReportServlet?reportName=facilityAtAGlance&placeID=219530,433307,NPDES PERMIT,"385642,323249","5A321010001,5A321010001",R5-2012-0046_npdes.pdf,No,3.0
219530,5A321010001,Delleker WWTP,Grizzly Lake CSD,5R,Minor,R5-2019-0052,CA0081744,https://ciwqs.waterboards.ca.gov/ciwqs/readOnly/CiwqsReportServlet?reportName=facilityAtAGlance&placeID=219530,433307,NPDES PERMIT,"385642,323249","5A321010001,5A321010001",2007-0019.pdf,No,3.0
228018,5A32NP00001,Grizzly Ranch CSD,,,,R5-2011-0081,,https://ciwqs.waterboards.ca.gov/ciwqs/readOnly/CiwqsReportServlet?reportName=facilityAtAGlance&placeID=228018,375936,NPDES PERMIT,,,r5-2011-0081.pdf,No,2.0
273116,5C240103001,Gustine WWTF,,,,96-193,,https://ciwqs.waterboards.ca.gov/ciwqs/readOnly/CiwqsReportServlet?reportName=facilityAtAGlance&placeID=273116,145700,NPDES PERMIT,,,,No,0.0
229882,2 019123001,Hayward WPCF,,,,,,https://ciwqs.waterboards.ca.gov/ciwqs/readOnly/CiwqsReportServlet?reportName=facilityAtAGlance&placeID=229882,,,,,EBDA - R2-2022-0023.pdf,Yes,
229922,1B82046OSON,Healdsburg City WWTP,Healdsburg City,1,Major,R1-2022-0017,CA0025135,https://ciwqs.waterboards.ca.gov/ciwqs/readOnly/CiwqsReportServlet?reportName=facilityAtAGlance&placeID=229922,441149,NPDES PERMIT,"399916,376474,308397,132899","1B82046OSON,1B82046OSON,1B82046OSON,1B82046OSON",22_0017_Healdsburg_WWTF_NPDES.pdf,No,1.0
229922,1B82046OSON,Healdsburg City WWTP,Healdsburg City,1,Major,R1-2022-0017,CA0025135,https://ciwqs.waterboards.ca.gov/ciwqs/readOnly/CiwqsReportServlet?reportName=facilityAtAGlance&placeID=229922,441149,NPDES PERMIT,"399916,376474,308397,132899","1B82046OSON,1B82046OSON,1B82046OSON,1B82046OSON",16_0015_City_of_Healdsburg_WWTF_NPDES.pdf,No,1.0
229922,1B82046OSON,Healdsburg City WWTP,Healdsburg City,1,Major,R1-2022-0017,CA0025135,https://ciwqs.waterboards.ca.gov/ciwqs/readOnly/CiwqsReportServlet?reportName=facilityAtAGlance&placeID=229922,441149,NPDES PERMIT,"399916,376474,308397,132899","1B82046OSON,1B82046OSON,1B82046OSON,1B82046OSON",16_0015_City_of_Healdsburg_WWTF_NPDES_Modification.pdf,No,1.0
229922,1B82046OSON,Healdsburg City WWTP,Healdsburg City,1,Major,R1-2022-0017,CA0025135,https://ciwqs.waterboards.ca.gov/ciwqs/readOnly/CiwqsReportServlet?reportName=facilityAtAGlance&placeID=229922,441149,NPDES PERMIT,"399916,376474,308397,132899","1B82046OSON,1B82046OSON,1B82046OSON,1B82046OSON",17_0047_HealdsburgWWTF_NPDES.pdf,No,1.0
229922,1B82046OSON,Healdsburg City WWTP,Healdsburg City,1,Major,R1-2022-0017,CA0025135,https://ciwqs.waterboards.ca.gov/ciwqs/readOnly/CiwqsReportServlet?reportName=facilityAtAGlance&placeID=229922,441149,NPDES PERMIT,"399916,376474,308397,132899","1B82046OSON,1B82046OSON,1B82046OSON,1B82046OSON",10_0034_NPDESPermit_CityofHealdsburg_WWTP_Adopted_signed.pdf,No,1.0
229922,1B82046OSON,Healdsburg City WWTP,Healdsburg City,1,Major,R1-2022-0017,CA0025135,https://ciwqs.waterboards.ca.gov/ciwqs/readOnly/CiwqsReportServlet?reportName=facilityAtAGlance&placeID=229922,441149,NPDES PERMIT,"399916,376474,308397,132899","1B82046OSON,1B82046OSON,1B82046OSON,1B82046OSON",080617_05_0084_HealdsburgNPDES.pdf,No,1.0
229922,1B82046OSON,Healdsburg City WWTP,Healdsburg City,1,Major,R1-2022-0017,CA0025135,https://ciwqs.waterboards.ca.gov/ciwqs/readOnly/CiwqsReportServlet?reportName=facilityAtAGlance&placeID=229922,441149,NPDES PERMIT,"399916,376474,308397,132899","1B82046OSON,1B82046OSON,1B82046OSON,1B82046OSON",102204-HealdsburgNPDES.pdf,No,1.0
229967,7A130104011,Heber PUD WWTP,Heber PUD,7,"Major, Minor",R7-2022-0007,CA0104370,https://ciwqs.waterboards.ca.gov/ciwqs/readOnly/CiwqsReportServlet?reportName=facilityAtAGlance&placeID=229967,448568,NPDES PERMIT,,,R7-2022-0007.pdf,No,2.0
230132,3 401013001,Heritage Ranch WWTP,Heritage Ranch CSD,3,Minor,R3-2017-0026,CA0048941,https://ciwqs.waterboards.ca.gov/ciwqs/readOnly/CiwqsReportServlet?reportName=facilityAtAGlance&placeID=230132,418018,NPDES PERMIT,379540,3 401013001,R3-2017-0026 Final.pdf,No,1.0
230132,3 401013001,Heritage Ranch WWTP,Heritage Ranch CSD,3,Minor,R3-2017-0026,CA0048941,https://ciwqs.waterboards.ca.gov/ciwqs/readOnly/CiwqsReportServlet?reportName=facilityAtAGlance&placeID=230132,418018,NPDES PERMIT,379540,3 401013001,R3-2011-0007_Heritage_Ranch_Final_Adopted.pdf,No,1.0
230588,7A130105011,Holtville City WWTP,Holtville City,7,Minor,R7-2022-0005,CA0104361,https://ciwqs.waterboards.ca.gov/ciwqs/readOnly/CiwqsReportServlet?reportName=facilityAtAGlance&placeID=230588,446737,NPDES PERMIT,"404868,379218","7A130105011,7A130105011",R7-2022-0005.pdf,No,2.0
230588,7A130105011,Holtville City WWTP,Holtville City,7,Minor,R7-2022-0005,CA0104361,https://ciwqs.waterboards.ca.gov/ciwqs/readOnly/CiwqsReportServlet?reportName=facilityAtAGlance&placeID=230588,446737,NPDES PERMIT,"404868,379218","7A130105011,7A130105011",R7-2011-0020 Holtville NPDES.pdf,No,2.0
256749,1B84086OHUM,Shelter Cove POTW,Humboldt County Resort Improvement District #1,1,Minor,R1-2022-0002,CA0023027,https://ciwqs.waterboards.ca.gov/ciwqs/readOnly/CiwqsReportServlet?reportName=facilityAtAGlance&placeID=256749,440156,NPDES PERMIT,"400323,372295","1B84086OHUM,1B84086OHUM",22_0002shltrCvNPDES.pdf,No,1.0
256749,1B84086OHUM,Shelter Cove POTW,Humboldt County Resort Improvement District #1,1,Minor,R1-2022-0002,CA0023027,https://ciwqs.waterboards.ca.gov/ciwqs/readOnly/CiwqsReportServlet?reportName=facilityAtAGlance&placeID=256749,440156,NPDES PERMIT,"400323,372295","1B84086OHUM,1B84086OHUM",15_0017_ShelterCover_NPDES.pdf,No,1.0
256749,1B84086OHUM,Shelter Cove POTW,Humboldt County Resort Improvement District #1,1,Minor,R1-2022-0002,CA0023027,https://ciwqs.waterboards.ca.gov/ciwqs/readOnly/CiwqsReportServlet?reportName=facilityAtAGlance&placeID=256749,440156,NPDES PERMIT,"400323,372295","1B84086OHUM,1B84086OHUM",09_0094_NPDES_HCRIDShelterCove_TTmodified_091215.pdf,No,1.0
232259,7A130113011,Imperial CCD WWTP,,,,R7-2014-0026,,https://ciwqs.waterboards.ca.gov/ciwqs/readOnly/CiwqsReportServlet?reportName=facilityAtAGlance&placeID=232259,396944,NPDES PERMIT,,,R7-2014-0026.pdf,No,2.0
232297,7A130106011,Imperial City WWTP,Imperial City,7,Major,R7-2021-0002,CA0104400,https://ciwqs.waterboards.ca.gov/ciwqs/readOnly/CiwqsReportServlet?reportName=facilityAtAGlance&placeID=232297,443074,NPDES PERMIT,"402991,372762","7A130106011,7A130106011",R7-2021-0002.pdf,No,2.0
232297,7A130106011,Imperial City WWTP,Imperial City,7,Major,R7-2021-0002,CA0104400,https://ciwqs.waterboards.ca.gov/ciwqs/readOnly/CiwqsReportServlet?reportName=facilityAtAGlance&placeID=232297,443074,NPDES PERMIT,"402991,372762","7A130106011,7A130106011",0030imperial.pdf,No,2.0
232297,7A130106011,Imperial City WWTP,Imperial City,7,Major,R7-2021-0002,CA0104400,https://ciwqs.waterboards.ca.gov/ciwqs/readOnly/CiwqsReportServlet?reportName=facilityAtAGlance&placeID=232297,443074,NPDES PERMIT,"402991,372762","7A130106011,7A130106011",0020imperial_npdes.pdf,No,2.0
742794,8 362918001,IEUA Regional Plant No. 4,Inland Empire Utilities Agency,8,Major,R8-2022-0041,CA8000409,https://ciwqs.waterboards.ca.gov/ciwqs/readOnly/CiwqsReportServlet?reportName=facilityAtAGlance&placeID=742794,448253,NPDES PERMIT,"394393,369778","8 362918001,8 362918001",R8-2022-0041_IEUA_ RWRFs_WDR_and_MRP.pdf,Yes,1.0
742794,8 362918001,IEUA Regional Plant No. 4,Inland Empire Utilities Agency,8,Major,R8-2022-0041,CA8000409,https://ciwqs.waterboards.ca.gov/ciwqs/readOnly/CiwqsReportServlet?reportName=facilityAtAGlance&placeID=742794,448253,NPDES PERMIT,"394393,369778","8 362918001,8 362918001",R8-2015-0036_IEUA_Regional_Water_Recycling_Facilities.pdf,Yes,1.0
742794,8 362918001,IEUA Regional Plant No. 4,Inland Empire Utilities Agency,8,Major,R8-2022-0041,CA8000409,https://ciwqs.waterboards.ca.gov/ciwqs/readOnly/CiwqsReportServlet?reportName=facilityAtAGlance&placeID=742794,448253,NPDES PERMIT,"394393,369778","8 362918001,8 362918001",09-0021 IEUA.pdf,Yes,1.0
259184,8 362918001,IEUA Carbon Canyon WWRF,Inland Empire Utilities Agency,8,Major,R8-2022-0041,CA8000409,https://ciwqs.waterboards.ca.gov/ciwqs/readOnly/CiwqsReportServlet?reportName=facilityAtAGlance&placeID=259184,448253,NPDES PERMIT,"394393,369778,132875","8 362918001,8 362918001,8 362283001",R8-2022-0041_IEUA_ RWRFs_WDR_and_MRP.pdf,Yes,1.0
259184,8 362918001,IEUA Carbon Canyon WWRF,Inland Empire Utilities Agency,8,Major,R8-2022-0041,CA8000409,https://ciwqs.waterboards.ca.gov/ciwqs/readOnly/CiwqsReportServlet?reportName=facilityAtAGlance&placeID=259184,448253,NPDES PERMIT,"394393,369778,132875","8 362918001,8 362918001,8 362283001",R8-2015-0036_IEUA_Regional_Water_Recycling_Facilities.pdf,Yes,1.0
259184,8 362918001,IEUA Carbon Canyon WWRF,Inland Empire Utilities Agency,8,Major,R8-2022-0041,CA8000409,https://ciwqs.waterboards.ca.gov/ciwqs/readOnly/CiwqsReportServlet?reportName=facilityAtAGlance&placeID=259184,448253,NPDES PERMIT,"394393,369778,132875","8 362918001,8 362918001,8 362283001",09-0021 IEUA.pdf,Yes,1.0
259184,8 362918001,IEUA Carbon Canyon WWRF,Inland Empire Utilities Agency,8,Major,R8-2022-0041,CA8000409,https://ciwqs.waterboards.ca.gov/ciwqs/readOnly/CiwqsReportServlet?reportName=facilityAtAGlance&placeID=259184,448253,NPDES PERMIT,"394393,369778,132875","8 362918001,8 362918001,8 362283001",04-0020 Carbon Canyon.pdf,No,1.0
259169,8 362918001,IEUA Regional Plant No. 5,Inland Empire Utilities Agency,8,Major,R8-2022-0041,CA8000409,https://ciwqs.waterboards.ca.gov/ciwqs/readOnly/CiwqsReportServlet?reportName=facilityAtAGlance&placeID=259169,448253,NPDES PERMIT,"394393,369778","8 362918001,8 362918001",R8-2022-0041_IEUA_ RWRFs_WDR_and_MRP.pdf,Yes,1.0
259169,8 362918001,IEUA Regional Plant No. 5,Inland Empire Utilities Agency,8,Major,R8-2022-0041,CA8000409,https://ciwqs.waterboards.ca.gov/ciwqs/readOnly/CiwqsReportServlet?reportName=facilityAtAGlance&placeID=259169,448253,NPDES PERMIT,"394393,369778","8 362918001,8 362918001",R8-2015-0036_IEUA_Regional_Water_Recycling_Facilities.pdf,Yes,1.0
259169,8 362918001,IEUA Regional Plant No. 5,Inland Empire Utilities Agency,8,Major,R8-2022-0041,CA8000409,https://ciwqs.waterboards.ca.gov/ciwqs/readOnly/CiwqsReportServlet?reportName=facilityAtAGlance&placeID=259169,448253,NPDES PERMIT,"394393,369778","8 362918001,8 362918001",09-0021 IEUA.pdf,Yes,1.0
259166,8 362918001,IEUA Regional Plant No. 2,Inland Empire Utilities Agency,8,Major,R8-2022-0041,CA8000409,https://ciwqs.waterboards.ca.gov/ciwqs/readOnly/CiwqsReportServlet?reportName=facilityAtAGlance&placeID=259166,448253,NPDES PERMIT,394393,8 362918001,R8-2022-0041_IEUA_ RWRFs_WDR_and_MRP.pdf,Yes,1.0
259166,8 362918001,IEUA Regional Plant No. 2,Inland Empire Utilities Agency,8,Major,R8-2022-0041,CA8000409,https://ciwqs.waterboards.ca.gov/ciwqs/readOnly/CiwqsReportServlet?reportName=facilityAtAGlance&placeID=259166,448253,NPDES PERMIT,394393,8 362918001,R8-2015-0036_IEUA_Regional_Water_Recycling_Facilities.pdf,Yes,1.0
259165,8 362918001,IEUA Regional Plant No. 1,Inland Empire Utilities Agency,8,Major,R8-2022-0041,CA8000409,https://ciwqs.waterboards.ca.gov/ciwqs/readOnly/CiwqsReportServlet?reportName=facilityAtAGlance&placeID=259165,448253,NPDES PERMIT,"394393,369778","8 362918001,8 362918001",R8-2022-0041_IEUA_ RWRFs_WDR_and_MRP.pdf,Yes,1.0
259165,8 362918001,IEUA Regional Plant No. 1,Inland Empire Utilities Agency,8,Major,R8-2022-0041,CA8000409,https://ciwqs.waterboards.ca.gov/ciwqs/readOnly/CiwqsReportServlet?reportName=facilityAtAGlance&placeID=259165,448253,NPDES PERMIT,"394393,369778","8 362918001,8 362918001",R8-2015-0036_IEUA_Regional_Water_Recycling_Facilities.pdf,Yes,1.0
259165,8 362918001,IEUA Regional Plant No. 1,Inland Empire Utilities Agency,8,Major,R8-2022-0041,CA8000409,https://ciwqs.waterboards.ca.gov/ciwqs/readOnly/CiwqsReportServlet?reportName=facilityAtAGlance&placeID=259165,448253,NPDES PERMIT,"394393,369778","8 362918001,8 362918001",09-0021 IEUA.pdf,Yes,1.0
232656,5B07NP00013,Ironhouse WWTF,Ironhouse Sanitary District,5S,Major,R5-2018-0090,CA0085260,https://ciwqs.waterboards.ca.gov/ciwqs/readOnly/CiwqsReportServlet?reportName=facilityAtAGlance&placeID=232656,428157,NPDES PERMIT,"394298,345347","5B07NP00013,5B07NP00013",R5-2018-0090_npdes permit.pdf,No,2.0
232656,5B07NP00013,Ironhouse WWTF,Ironhouse Sanitary District,5S,Major,R5-2018-0090,CA0085260,https://ciwqs.waterboards.ca.gov/ciwqs/readOnly/CiwqsReportServlet?reportName=facilityAtAGlance&placeID=232656,428157,NPDES PERMIT,"394298,345347","5B07NP00013,5B07NP00013",r5-2013-0157.pdf,No,2.0
232656,5B07NP00013,Ironhouse WWTF,Ironhouse Sanitary District,5S,Major,R5-2018-0090,CA0085260,https://ciwqs.waterboards.ca.gov/ciwqs/readOnly/CiwqsReportServlet?reportName=facilityAtAGlance&placeID=232656,428157,NPDES PERMIT,"394298,345347","5B07NP00013,5B07NP00013",r5-2014-0122.pdf,Yes,2.0
232656,5B07NP00013,Ironhouse WWTF,Ironhouse Sanitary District,5S,Major,R5-2018-0090,CA0085260,https://ciwqs.waterboards.ca.gov/ciwqs/readOnly/CiwqsReportServlet?reportName=facilityAtAGlance&placeID=232656,428157,NPDES PERMIT,"394298,345347","5B07NP00013,5B07NP00013",r5-2008-0057.pdf,No,2.0
758391,8 302006002,Los Alisos WD WWTP,Irvine Ranch Water District,8,Major,R8-2015-0024,CA8000326,https://ciwqs.waterboards.ca.gov/ciwqs/readOnly/CiwqsReportServlet?reportName=facilityAtAGlance&placeID=758391,402182,NPDES PERMIT,,,R8-2015-0024_Irvine Ranch Water District.pdf,Yes,2.0
758391,8 302006002,Los Alisos WD WWTP,Irvine Ranch Water District,8,Major,R8-2015-0024,CA8000326,https://ciwqs.waterboards.ca.gov/ciwqs/readOnly/CiwqsReportServlet?reportName=facilityAtAGlance&placeID=758391,402182,NPDES PERMIT,,,R8-2018-0070_IRWD__Amending_R8-2015-0024.pdf,Yes,2.0
259156,8 302006002,Michelson WWRF,Irvine Ranch Water District,SB,Major,R8-2015-0024,,https://ciwqs.waterboards.ca.gov/ciwqs/readOnly/CiwqsReportServlet?reportName=facilityAtAGlance&placeID=259156,402182,NPDES PERMIT,348467,8 302006002,R8-2015-0024_Irvine Ranch Water District.pdf,Yes,2.0
259156,8 302006002,Michelson WWRF,Irvine Ranch Water District,SB,Major,R8-2015-0024,,https://ciwqs.waterboards.ca.gov/ciwqs/readOnly/CiwqsReportServlet?reportName=facilityAtAGlance&placeID=259156,402182,NPDES PERMIT,348467,8 302006002,R8-2018-0070_IRWD__Amending_R8-2015-0024.pdf,Yes,2.0
259156,8 302006002,Michelson WWRF,Irvine Ranch Water District,SB,Major,R8-2015-0024,,https://ciwqs.waterboards.ca.gov/ciwqs/readOnly/CiwqsReportServlet?reportName=facilityAtAGlance&placeID=259156,402182,NPDES PERMIT,348467,8 302006002,07-0003 IRWD Michelson.pdf,No,2.0
259156,8 302006002,Michelson WWRF,Irvine Ranch Water District,SB,Major,R8-2015-0024,,https://ciwqs.waterboards.ca.gov/ciwqs/readOnly/CiwqsReportServlet?reportName=facilityAtAGlance&placeID=259156,402182,NPDES PERMIT,348467,8 302006002,12-0004_IRWD_Michelson_Amending_07-03.pdf,No,2.0
214642,5B030103001,City of Jackson WWTP,Jackson City,5S,Minor,R5-2018-0036,CAC455508,https://ciwqs.waterboards.ca.gov/ciwqs/readOnly/CiwqsReportServlet?reportName=facilityAtAGlance&placeID=214642,422113,NPDES PERMIT,"394299,339946","5B030103001,5B030103001",r5-2018-0036.pdf,No,3.0
214642,5B030103001,City of Jackson WWTP,Jackson City,5S,Minor,R5-2018-0036,CAC455508,https://ciwqs.waterboards.ca.gov/ciwqs/readOnly/CiwqsReportServlet?reportName=facilityAtAGlance&placeID=214642,422113,NPDES PERMIT,"394299,339946","5B030103001,5B030103001",r5-2022-0062_npdes_ao.pdf,No,3.0
214642,5B030103001,City of Jackson WWTP,Jackson City,5S,Minor,R5-2018-0036,CAC455508,https://ciwqs.waterboards.ca.gov/ciwqs/readOnly/CiwqsReportServlet?reportName=facilityAtAGlance&placeID=214642,422113,NPDES PERMIT,"394299,339946","5B030103001,5B030103001",R5-2013-0146.pdf,No,3.0
214642,5B030103001,City of Jackson WWTP,Jackson City,5S,Minor,R5-2018-0036,CAC455508,https://ciwqs.waterboards.ca.gov/ciwqs/readOnly/CiwqsReportServlet?reportName=facilityAtAGlance&placeID=214642,422113,NPDES PERMIT,"394299,339946","5B030103001,5B030103001",R5-2007-0133.pdf,No,3.0
214642,5B030103001,City of Jackson WWTP,Jackson City,5S,Minor,R5-2018-0036,CAC455508,https://ciwqs.waterboards.ca.gov/ciwqs/readOnly/CiwqsReportServlet?reportName=facilityAtAGlance&placeID=214642,422113,NPDES PERMIT,"394299,339946","5B030103001,5B030103001",r5-2007-0133-01.pdf,No,3.0
234156,4B190107013,A.K. Warren Water Resource Facility,Joint Outfall System,4,Major,R4-2023-0181,CA0053813,https://ciwqs.waterboards.ca.gov/ciwqs/readOnly/CiwqsReportServlet?reportName=facilityAtAGlance&placeID=234156,452398,NPDES PERMIT,"416544,381433,305093","4B190107013,4B190107013,4B190107013",Adopted JWPCP PERMIT NPDES CI-1758 05252023.pdf,No,2.0
234156,4B190107013,A.K. Warren Water Resource Facility,Joint Outfall System,4,Major,R4-2023-0181,CA0053813,https://ciwqs.waterboards.ca.gov/ciwqs/readOnly/CiwqsReportServlet?reportName=facilityAtAGlance&placeID=234156,452398,NPDES PERMIT,"416544,381433,305093","4B190107013,4B190107013,4B190107013",1758_R4-2017-0180_WDR_PKG.pdf,No,2.0
234156,4B190107013,A.K. Warren Water Resource Facility,Joint Outfall System,4,Major,R4-2023-0181,CA0053813,https://ciwqs.waterboards.ca.gov/ciwqs/readOnly/CiwqsReportServlet?reportName=facilityAtAGlance&placeID=234156,452398,NPDES PERMIT,"416544,381433,305093","4B190107013,4B190107013,4B190107013",1758_R4-2011-0151_WDR_PKG.pdf,No,2.0
234156,4B190107013,A.K. Warren Water Resource Facility,Joint Outfall System,4,Major,R4-2023-0181,CA0053813,https://ciwqs.waterboards.ca.gov/ciwqs/readOnly/CiwqsReportServlet?reportName=facilityAtAGlance&placeID=234156,452398,NPDES PERMIT,"416544,381433,305093","4B190107013,4B190107013,4B190107013",1758_R4-2006-0042_WDR PCK.pdf,No,2.0
840718,4B190107087,White Point Outfall Manifold Construction Dewatering Project,,,,R4-2019-0053,,https://ciwqs.waterboards.ca.gov/ciwqs/readOnly/CiwqsReportServlet?reportName=facilityAtAGlance&placeID=840718,416661,NPDES PERMIT,,,10371_R4-2019-0053_WDR_PKG.pdf,No,1.0
260156,4B190107020,San Jose Creek Water Reclamation Plant,Joint Outfall System,4,Major,R4-2021-0131,CA0053911,https://ciwqs.waterboards.ca.gov/ciwqs/readOnly/CiwqsReportServlet?reportName=facilityAtAGlance&placeID=260156,443109,NPDES PERMIT,"400696,369509,303833","4B190107020,4B190107020,4B190107020",5542_R4-2021-0131_WDR_PKG.pdf,No,2.0
260156,4B190107020,San Jose Creek Water Reclamation Plant,Joint Outfall System,4,Major,R4-2021-0131,CA0053911,https://ciwqs.waterboards.ca.gov/ciwqs/readOnly/CiwqsReportServlet?reportName=facilityAtAGlance&placeID=260156,443109,NPDES PERMIT,"400696,369509,303833","4B190107020,4B190107020,4B190107020",5542_R4-2015-0070_WDR_PKG.pdf,No,2.0
260156,4B190107020,San Jose Creek Water Reclamation Plant,Joint Outfall System,4,Major,R4-2021-0131,CA0053911,https://ciwqs.waterboards.ca.gov/ciwqs/readOnly/CiwqsReportServlet?reportName=facilityAtAGlance&placeID=260156,443109,NPDES PERMIT,"400696,369509,303833","4B190107020,4B190107020,4B190107020",5542_R4-2009-0078_WDR.pdf,No,2.0
260156,4B190107020,San Jose Creek Water Reclamation Plant,Joint Outfall System,4,Major,R4-2021-0131,CA0053911,https://ciwqs.waterboards.ca.gov/ciwqs/readOnly/CiwqsReportServlet?reportName=facilityAtAGlance&placeID=260156,443109,NPDES PERMIT,"400696,369509,303833","4B190107020,4B190107020,4B190107020",5542_R4-2004-0097_FS.pdf,No,2.0
260156,4B190107020,San Jose Creek Water Reclamation Plant,Joint Outfall System,4,Major,R4-2021-0131,CA0053911,https://ciwqs.waterboards.ca.gov/ciwqs/readOnly/CiwqsReportServlet?reportName=facilityAtAGlance&placeID=260156,443109,NPDES PERMIT,"400696,369509,303833","4B190107020,4B190107020,4B190107020",5542_R4-2004-0097_WDR.pdf,No,2.0
250700,4B190107019,Pomona Water Reclamation Plant,Joint Outfall System,4,Major,R4-2021-0097,CA0053619,https://ciwqs.waterboards.ca.gov/ciwqs/readOnly/CiwqsReportServlet?reportName=facilityAtAGlance&placeID=250700,432902,NPDES PERMIT,"395506,369524","4B190107019,4B190107019",0755_R4-2021-0097_WDR_PKG.pdf,No,3.0
250700,4B190107019,Pomona Water Reclamation Plant,Joint Outfall System,4,Major,R4-2021-0097,CA0053619,https://ciwqs.waterboards.ca.gov/ciwqs/readOnly/CiwqsReportServlet?reportName=facilityAtAGlance&placeID=250700,432902,NPDES PERMIT,"395506,369524","4B190107019,4B190107019",0755_R4-2014-0212-A01_WDR_PKG_amd.pdf,No,3.0
250700,4B190107019,Pomona Water Reclamation Plant,Joint Outfall System,4,Major,R4-2021-0097,CA0053619,https://ciwqs.waterboards.ca.gov/ciwqs/readOnly/CiwqsReportServlet?reportName=facilityAtAGlance&placeID=250700,432902,NPDES PERMIT,"395506,369524","4B190107019,4B190107019",0755_R4-2014-0212_WDR_PKG.pdf,No,3.0
250700,4B190107019,Pomona Water Reclamation Plant,Joint Outfall System,4,Major,R4-2021-0097,CA0053619,https://ciwqs.waterboards.ca.gov/ciwqs/readOnly/CiwqsReportServlet?reportName=facilityAtAGlance&placeID=250700,432902,NPDES PERMIT,"395506,369524","4B190107019,4B190107019",0755_R4-2009-0076_WDR.pdf,No,3.0
238646,4B190107015,Los Coyotes WRP,Joint Outfall System,4,Major,R4-2021-0142,CA0054011,https://ciwqs.waterboards.ca.gov/ciwqs/readOnly/CiwqsReportServlet?reportName=facilityAtAGlance&placeID=238646,445113,NPDES PERMIT,"385612,332745","4B190107015,4B190107015",5059_R4-2021-0142_WDR_PKG (signed).pdf,No,1.0
238646,4B190107015,Los Coyotes WRP,Joint Outfall System,4,Major,R4-2021-0142,CA0054011,https://ciwqs.waterboards.ca.gov/ciwqs/readOnly/CiwqsReportServlet?reportName=facilityAtAGlance&placeID=238646,445113,NPDES PERMIT,"385612,332745","4B190107015,4B190107015",5059_R4-2015-0124_WDR_PKG.pdf,No,1.0
238646,4B190107015,Los Coyotes WRP,Joint Outfall System,4,Major,R4-2021-0142,CA0054011,https://ciwqs.waterboards.ca.gov/ciwqs/readOnly/CiwqsReportServlet?reportName=facilityAtAGlance&placeID=238646,445113,NPDES PERMIT,"385612,332745","4B190107015,4B190107015",5059_R4-2007-0048_WDR_PKG.pdf,No,1.0
238562,4B190107014,Long Beach WRP,Joint Outfall System,4,Major,R4-2022-0032,CA0054119,https://ciwqs.waterboards.ca.gov/ciwqs/readOnly/CiwqsReportServlet?reportName=facilityAtAGlance&placeID=238562,447474,NPDES PERMIT,"385694,332744","4B190107014,4B190107014",5662_R4-2022-0032_WDR_PKG.pdf,No,4.0
238562,4B190107014,Long Beach WRP,Joint Outfall System,4,Major,R4-2022-0032,CA0054119,https://ciwqs.waterboards.ca.gov/ciwqs/readOnly/CiwqsReportServlet?reportName=facilityAtAGlance&placeID=238562,447474,NPDES PERMIT,"385694,332744","4B190107014,4B190107014",5662_R4-2015-0123_WDR_PKG.pdf,No,4.0
238562,4B190107014,Long Beach WRP,Joint Outfall System,4,Major,R4-2022-0032,CA0054119,https://ciwqs.waterboards.ca.gov/ciwqs/readOnly/CiwqsReportServlet?reportName=facilityAtAGlance&placeID=238562,447474,NPDES PERMIT,"385694,332744","4B190107014,4B190107014",5662_R4-2007-0047_WDR_PKG.pdf,No,4.0
235826,4B190107016,Whittier Narrows Water Reclamation Plant,Joint Outfall System,4,Major,R4-2021-0096,CA0053716,https://ciwqs.waterboards.ca.gov/ciwqs/readOnly/CiwqsReportServlet?reportName=facilityAtAGlance&placeID=235826,443746,NPDES PERMIT,"397484,367530","4B190107016,4B190107016",2848_R4-2021-0096_WDR_PKG.pdf,No,3.0
235826,4B190107016,Whittier Narrows Water Reclamation Plant,Joint Outfall System,4,Major,R4-2021-0096,CA0053716,https://ciwqs.waterboards.ca.gov/ciwqs/readOnly/CiwqsReportServlet?reportName=facilityAtAGlance&placeID=235826,443746,NPDES PERMIT,"397484,367530","4B190107016,4B190107016",2848_R4-2014-0213-A01_WDR_PKG_amd.pdf,No,3.0
235826,4B190107016,Whittier Narrows Water Reclamation Plant,Joint Outfall System,4,Major,R4-2021-0096,CA0053716,https://ciwqs.waterboards.ca.gov/ciwqs/readOnly/CiwqsReportServlet?reportName=facilityAtAGlance&placeID=235826,443746,NPDES PERMIT,"397484,367530","4B190107016,4B190107016",2848_R4-2014-0213_WDR_PKG.pdf,No,3.0
235826,4B190107016,Whittier Narrows Water Reclamation Plant,Joint Outfall System,4,Major,R4-2021-0096,CA0053716,https://ciwqs.waterboards.ca.gov/ciwqs/readOnly/CiwqsReportServlet?reportName=facilityAtAGlance&placeID=235826,443746,NPDES PERMIT,"397484,367530","4B190107016,4B190107016",2848_R4-2009-0077_WDR_PKG.pdf,No,3.0
236598,2 215012001,Las Gallinas WWTP,Las Gallinas Valley Sanitary District,2,Major,R2-2020-0022,CA0037851,https://ciwqs.waterboards.ca.gov/ciwqs/readOnly/CiwqsReportServlet?reportName=facilityAtAGlance&placeID=236598,439063,NPDES PERMIT,"402221,371770","2 215012001,2 215012001",R2-2020-0022.pdf,No,1.0
236598,2 215012001,Las Gallinas WWTP,Las Gallinas Valley Sanitary District,2,Major,R2-2020-0022,CA0037851,https://ciwqs.waterboards.ca.gov/ciwqs/readOnly/CiwqsReportServlet?reportName=facilityAtAGlance&placeID=236598,439063,NPDES PERMIT,"402221,371770","2 215012001,2 215012001",R2-2015-0021.pdf,No,1.0
236598,2 215012001,Las Gallinas WWTP,Las Gallinas Valley Sanitary District,2,Major,R2-2020-0022,CA0037851,https://ciwqs.waterboards.ca.gov/ciwqs/readOnly/CiwqsReportServlet?reportName=facilityAtAGlance&placeID=236598,439063,NPDES PERMIT,"402221,371770","2 215012001,2 215012001",Nutrient Watershed Permit - R2-2014-0014.pdf,Yes,1.0
266940,4B190104001,Tapia WRF,Las Virgenes MWD,SB,"Major, Minor",R4-2017-0124,,https://ciwqs.waterboards.ca.gov/ciwqs/readOnly/CiwqsReportServlet?reportName=facilityAtAGlance&placeID=266940,413302,NPDES PERMIT,"376254,297427","4B190104001,4B190104001",4760_R4-2017-0124_WDR_PKG.pdf,No,2.0
266940,4B190104001,Tapia WRF,Las Virgenes MWD,SB,"Major, Minor",R4-2017-0124,,https://ciwqs.waterboards.ca.gov/ciwqs/readOnly/CiwqsReportServlet?reportName=facilityAtAGlance&placeID=266940,413302,NPDES PERMIT,"376254,297427","4B190104001,4B190104001",4760_R4-2010-0165_WDR_PKG.pdf,No,2.0
266940,4B190104001,Tapia WRF,Las Virgenes MWD,SB,"Major, Minor",R4-2017-0124,,https://ciwqs.waterboards.ca.gov/ciwqs/readOnly/CiwqsReportServlet?reportName=facilityAtAGlance&placeID=266940,413302,NPDES PERMIT,"376254,297427","4B190104001,4B190104001",4760_R4-2005-0074_FS.pdf,No,2.0
266940,4B190104001,Tapia WRF,Las Virgenes MWD,SB,"Major, Minor",R4-2017-0124,,https://ciwqs.waterboards.ca.gov/ciwqs/readOnly/CiwqsReportServlet?reportName=facilityAtAGlance&placeID=266940,413302,NPDES PERMIT,"376254,297427","4B190104001,4B190104001",4760_R4-2005-0074_WDR.pdf,No,2.0
271781,5B39NP00085,City of Lathrop Consolidated Treatment Facility,Lathrop City,5S,Major,R5-2022-0004,CA0085359,https://ciwqs.waterboards.ca.gov/ciwqs/readOnly/CiwqsReportServlet?reportName=facilityAtAGlance&placeID=271781,445985,NPDES PERMIT,,,r5-2022-0004-01_npdes.pdf,No,3.0
271781,5B39NP00085,City of Lathrop Consolidated Treatment Facility,Lathrop City,5S,Major,R5-2022-0004,CA0085359,https://ciwqs.waterboards.ca.gov/ciwqs/readOnly/CiwqsReportServlet?reportName=facilityAtAGlance&placeID=271781,445985,NPDES PERMIT,,,r5-2022-0004_npdes.pdf,No,3.0
271781,5B39NP00085,City of Lathrop Consolidated Treatment Facility,Lathrop City,5S,Major,R5-2022-0004,CA0085359,https://ciwqs.waterboards.ca.gov/ciwqs/readOnly/CiwqsReportServlet?reportName=facilityAtAGlance&placeID=271781,445985,NPDES PERMIT,,,r5-2023-0032_npdes_ao.pdf,No,3.0
238365,5A31NP00011,Lincoln City WWTF,Lincoln-SMD1 Wastewater Authority,5S,Major,R5-2024-0024,CA0084476,https://ciwqs.waterboards.ca.gov/ciwqs/readOnly/CiwqsReportServlet?reportName=facilityAtAGlance&placeID=238365,456827,NPDES PERMIT,"428207,395005,355022","5A31NP00011,5A31NP00011,5A31NP00011",r5-2024-0024_npdes.pdf,No,1.0
238365,5A31NP00011,Lincoln City WWTF,Lincoln-SMD1 Wastewater Authority,5S,Major,R5-2024-0024,CA0084476,https://ciwqs.waterboards.ca.gov/ciwqs/readOnly/CiwqsReportServlet?reportName=facilityAtAGlance&placeID=238365,456827,NPDES PERMIT,"428207,395005,355022","5A31NP00011,5A31NP00011,5A31NP00011",r5-2018-0081-01_npdes.pdf,No,1.0
238365,5A31NP00011,Lincoln City WWTF,Lincoln-SMD1 Wastewater Authority,5S,Major,R5-2024-0024,CA0084476,https://ciwqs.waterboards.ca.gov/ciwqs/readOnly/CiwqsReportServlet?reportName=facilityAtAGlance&placeID=238365,456827,NPDES PERMIT,"428207,395005,355022","5A31NP00011,5A31NP00011,5A31NP00011",r5-2018-0081.pdf,No,1.0
238365,5A31NP00011,Lincoln City WWTF,Lincoln-SMD1 Wastewater Authority,5S,Major,R5-2024-0024,CA0084476,https://ciwqs.waterboards.ca.gov/ciwqs/readOnly/CiwqsReportServlet?reportName=facilityAtAGlance&placeID=238365,456827,NPDES PERMIT,"428207,395005,355022","5A31NP00011,5A31NP00011,5A31NP00011",r5-2023-0014_npdes_ao.pdf,No,1.0
238365,5A31NP00011,Lincoln City WWTF,Lincoln-SMD1 Wastewater Authority,5S,Major,R5-2024-0024,CA0084476,https://ciwqs.waterboards.ca.gov/ciwqs/readOnly/CiwqsReportServlet?reportName=facilityAtAGlance&placeID=238365,456827,NPDES PERMIT,"428207,395005,355022","5A31NP00011,5A31NP00011,5A31NP00011",r5-2014-0007_npdes.pdf,No,1.0
238365,5A31NP00011,Lincoln City WWTF,Lincoln-SMD1 Wastewater Authority,5S,Major,R5-2024-0024,CA0084476,https://ciwqs.waterboards.ca.gov/ciwqs/readOnly/CiwqsReportServlet?reportName=facilityAtAGlance&placeID=238365,456827,NPDES PERMIT,"428207,395005,355022","5A31NP00011,5A31NP00011,5A31NP00011",r5-2008-0156.pdf,No,1.0
237060,5A580100002,Linda Cnty Water District WWTP,Linda Cnty Water District,5S,Major,R5-2022-0070,CA0079651,https://ciwqs.waterboards.ca.gov/ciwqs/readOnly/CiwqsReportServlet?reportName=facilityAtAGlance&placeID=237060,450326,NPDES PERMIT,"415997,385648,313674","5A580100002,5A580100002,5A580100002",r5-2022-0070_npdes.pdf,No,1.0
237060,5A580100002,Linda Cnty Water District WWTP,Linda Cnty Water District,5S,Major,R5-2022-0070,CA0079651,https://ciwqs.waterboards.ca.gov/ciwqs/readOnly/CiwqsReportServlet?reportName=facilityAtAGlance&placeID=237060,450326,NPDES PERMIT,"415997,385648,313674","5A580100002,5A580100002,5A580100002",lindacwd_wwtp_npdes_osb.pdf,No,1.0
237060,5A580100002,Linda Cnty Water District WWTP,Linda Cnty Water District,5S,Major,R5-2022-0070,CA0079651,https://ciwqs.waterboards.ca.gov/ciwqs/readOnly/CiwqsReportServlet?reportName=facilityAtAGlance&placeID=237060,450326,NPDES PERMIT,"415997,385648,313674","5A580100002,5A580100002,5A580100002",r5-2017-0094-01_npdes.pdf,No,1.0
237060,5A580100002,Linda Cnty Water District WWTP,Linda Cnty Water District,5S,Major,R5-2022-0070,CA0079651,https://ciwqs.waterboards.ca.gov/ciwqs/readOnly/CiwqsReportServlet?reportName=facilityAtAGlance&placeID=237060,450326,NPDES PERMIT,"415997,385648,313674","5A580100002,5A580100002,5A580100002",r5-2012-0034.pdf,No,1.0
237060,5A580100002,Linda Cnty Water District WWTP,Linda Cnty Water District,5S,Major,R5-2022-0070,CA0079651,https://ciwqs.waterboards.ca.gov/ciwqs/readOnly/CiwqsReportServlet?reportName=facilityAtAGlance&placeID=237060,450326,NPDES PERMIT,"415997,385648,313674","5A580100002,5A580100002,5A580100002",r5-2006-0096.pdf,No,1.0
214647,5A510100001,Live Oak City WWTP,Live Oak City,5S,Major,R5-2016-0039,CAC444735,https://ciwqs.waterboards.ca.gov/ciwqs/readOnly/CiwqsReportServlet?reportName=facilityAtAGlance&placeID=214647,407656,NPDES PERMIT,"379970,132460","5A510100001,5A510100001",r5-2016-0039.pdf,No,2.0
214647,5A510100001,Live Oak City WWTP,Live Oak City,5S,Major,R5-2016-0039,CAC444735,https://ciwqs.waterboards.ca.gov/ciwqs/readOnly/CiwqsReportServlet?reportName=facilityAtAGlance&placeID=214647,407656,NPDES PERMIT,"379970,132460","5A510100001,5A510100001",R5-2011-0034.pdf,No,2.0
214647,5A510100001,Live Oak City WWTP,Live Oak City,5S,Major,R5-2016-0039,CAC444735,https://ciwqs.waterboards.ca.gov/ciwqs/readOnly/CiwqsReportServlet?reportName=facilityAtAGlance&placeID=214647,407656,NPDES PERMIT,"379970,132460","5A510100001,5A510100001",r5-2004-0096.pdf,No,2.0
237195,2 019025001,City of Livermore Water Reclamation Plant,Livermore City,2,"Major, Minor",R2-2022-0025,CA0038008,https://ciwqs.waterboards.ca.gov/ciwqs/readOnly/CiwqsReportServlet?reportName=facilityAtAGlance&placeID=237195,448551,NPDES PERMIT,"448549,443265,413161,413164,405705,382904,382900,379074","2 019123001,2 019129001,2 019123001,2 019025001,2 019129001,2 019025001,2 019123001,2 019129001",City of Livermore - R2-2022-2025.pdf,No,1.0
237195,2 019025001,City of Livermore Water Reclamation Plant,Livermore City,2,"Major, Minor",R2-2022-0025,CA0038008,https://ciwqs.waterboards.ca.gov/ciwqs/readOnly/CiwqsReportServlet?reportName=facilityAtAGlance&placeID=237195,448551,NPDES PERMIT,"448549,443265,413161,413164,405705,382904,382900,379074","2 019123001,2 019129001,2 019123001,2 019025001,2 019129001,2 019025001,2 019123001,2 019129001",EBDA - R2-2022-0023.pdf,Yes,1.0
237195,2 019025001,City of Livermore Water Reclamation Plant,Livermore City,2,"Major, Minor",R2-2022-0025,CA0038008,https://ciwqs.waterboards.ca.gov/ciwqs/readOnly/CiwqsReportServlet?reportName=facilityAtAGlance&placeID=237195,448551,NPDES PERMIT,"448549,443265,413161,413164,405705,382904,382900,379074","2 019123001,2 019129001,2 019123001,2 019025001,2 019129001,2 019025001,2 019123001,2 019129001",LAVWMA - R2-2021-0007.pdf,Yes,1.0
237195,2 019025001,City of Livermore Water Reclamation Plant,Livermore City,2,"Major, Minor",R2-2022-0025,CA0038008,https://ciwqs.waterboards.ca.gov/ciwqs/readOnly/CiwqsReportServlet?reportName=facilityAtAGlance&placeID=237195,448551,NPDES PERMIT,"448549,443265,413161,413164,405705,382904,382900,379074","2 019123001,2 019129001,2 019123001,2 019025001,2 019129001,2 019025001,2 019123001,2 019129001",EBDA - R2-2017-0016.pdf,Yes,1.0
237195,2 019025001,City of Livermore Water Reclamation Plant,Livermore City,2,"Major, Minor",R2-2022-0025,CA0038008,https://ciwqs.waterboards.ca.gov/ciwqs/readOnly/CiwqsReportServlet?reportName=facilityAtAGlance&placeID=237195,448551,NPDES PERMIT,"448549,443265,413161,413164,405705,382904,382900,379074","2 019123001,2 019129001,2 019123001,2 019025001,2 019129001,2 019025001,2 019123001,2 019129001",City of Livermore - R2-2017-0018.pdf,No,1.0
237195,2 019025001,City of Livermore Water Reclamation Plant,Livermore City,2,"Major, Minor",R2-2022-0025,CA0038008,https://ciwqs.waterboards.ca.gov/ciwqs/readOnly/CiwqsReportServlet?reportName=facilityAtAGlance&placeID=237195,448551,NPDES PERMIT,"448549,443265,413161,413164,405705,382904,382900,379074","2 019123001,2 019129001,2 019123001,2 019025001,2 019129001,2 019025001,2 019123001,2 019129001",R2-2016-0015.pdf,Yes,1.0
237195,2 019025001,City of Livermore Water Reclamation Plant,Livermore City,2,"Major, Minor",R2-2022-0025,CA0038008,https://ciwqs.waterboards.ca.gov/ciwqs/readOnly/CiwqsReportServlet?reportName=facilityAtAGlance&placeID=237195,448551,NPDES PERMIT,"448549,443265,413161,413164,405705,382904,382900,379074","2 019123001,2 019129001,2 019123001,2 019025001,2 019129001,2 019025001,2 019123001,2 019129001",Nutrient Watershed Permit - R2-2014-0014.pdf,Yes,1.0
237195,2 019025001,City of Livermore Water Reclamation Plant,Livermore City,2,"Major, Minor",R2-2022-0025,CA0038008,https://ciwqs.waterboards.ca.gov/ciwqs/readOnly/CiwqsReportServlet?reportName=facilityAtAGlance&placeID=237195,448551,NPDES PERMIT,"448549,443265,413161,413164,405705,382904,382900,379074","2 019123001,2 019129001,2 019123001,2 019025001,2 019129001,2 019025001,2 019123001,2 019129001",R2-2012-0006.pdf,No,1.0
237195,2 019025001,City of Livermore Water Reclamation Plant,Livermore City,2,"Major, Minor",R2-2022-0025,CA0038008,https://ciwqs.waterboards.ca.gov/ciwqs/readOnly/CiwqsReportServlet?reportName=facilityAtAGlance&placeID=237195,448551,NPDES PERMIT,"448549,443265,413161,413164,405705,382904,382900,379074","2 019123001,2 019129001,2 019123001,2 019025001,2 019129001,2 019025001,2 019123001,2 019129001",Nutrient Watershed Permit - R2-2014-0014.pdf,Yes,1.0
237195,2 019025001,City of Livermore Water Reclamation Plant,Livermore City,2,"Major, Minor",R2-2022-0025,CA0038008,https://ciwqs.waterboards.ca.gov/ciwqs/readOnly/CiwqsReportServlet?reportName=facilityAtAGlance&placeID=237195,448551,NPDES PERMIT,"448549,443265,413161,413164,405705,382904,382900,379074","2 019123001,2 019129001,2 019123001,2 019025001,2 019129001,2 019025001,2 019123001,2 019129001",R2-2012-0004.pdf,Yes,1.0
237195,2 019025001,City of Livermore Water Reclamation Plant,Livermore City,2,"Major, Minor",R2-2022-0025,CA0038008,https://ciwqs.waterboards.ca.gov/ciwqs/readOnly/CiwqsReportServlet?reportName=facilityAtAGlance&placeID=237195,448551,NPDES PERMIT,"448549,443265,413161,413164,405705,382904,382900,379074","2 019123001,2 019129001,2 019123001,2 019025001,2 019129001,2 019025001,2 019123001,2 019129001",Nutrient Watershed Permit - R2-2014-0014.pdf,Yes,1.0
272444,5B39NP00073,White Slough Water Pollution Control Facility,,,,R5-2013-0125,,https://ciwqs.waterboards.ca.gov/ciwqs/readOnly/CiwqsReportServlet?reportName=facilityAtAGlance&placeID=272444,393806,NPDES PERMIT,,,r5-2013-0125.pdf,No,3.0
272444,5B39NP00073,White Slough Water Pollution Control Facility,,,,R5-2013-0125,,https://ciwqs.waterboards.ca.gov/ciwqs/readOnly/CiwqsReportServlet?reportName=facilityAtAGlance&placeID=272444,393806,NPDES PERMIT,,,r5-2014-0122.pdf,Yes,3.0
237295,1B80081OHUM,Loleta WWTF,Loleta CSD,1,Minor,R1-2020-0002,CA0023671,https://ciwqs.waterboards.ca.gov/ciwqs/readOnly/CiwqsReportServlet?reportName=facilityAtAGlance&placeID=237295,416904,NPDES PERMIT,"388671,319760","1B80081OHUM,1B80081OHUM",20_0002_Loleta_CSD_WDR and Recycling NPDES.pdf,No,1.0
237295,1B80081OHUM,Loleta WWTF,Loleta CSD,1,Minor,R1-2020-0002,CA0023671,https://ciwqs.waterboards.ca.gov/ciwqs/readOnly/CiwqsReportServlet?reportName=facilityAtAGlance&placeID=237295,416904,NPDES PERMIT,"388671,319760","1B80081OHUM,1B80081OHUM",R1-2008-0001.pdf,No,1.0
237315,3 420105001,Lompoc City Regional Wastewater Reclamation Plant,Lompoc City,3,Major,R3-2022-0004,CA0048127,https://ciwqs.waterboards.ca.gov/ciwqs/readOnly/CiwqsReportServlet?reportName=facilityAtAGlance&placeID=237315,447545,NPDES PERMIT,"383021,306590","3 420105001,3 420105001",lompoc_finalorder.pdf,No,2.0
237315,3 420105001,Lompoc City Regional Wastewater Reclamation Plant,Lompoc City,3,Major,R3-2022-0004,CA0048127,https://ciwqs.waterboards.ca.gov/ciwqs/readOnly/CiwqsReportServlet?reportName=facilityAtAGlance&placeID=237315,447545,NPDES PERMIT,"383021,306590","3 420105001,3 420105001",NPDES_R3-2011-0211_Lompoc_WW_Reclamation.pdf,No,2.0
237315,3 420105001,Lompoc City Regional Wastewater Reclamation Plant,Lompoc City,3,Major,R3-2022-0004,CA0048127,https://ciwqs.waterboards.ca.gov/ciwqs/readOnly/CiwqsReportServlet?reportName=facilityAtAGlance&placeID=237315,447545,NPDES PERMIT,"383021,306590","3 420105001,3 420105001",Lompoc Order No. R3-2006-0037.pdf,No,2.0
232063,4B190106002,Hyperion WWTP,Los Angeles City Bureau of Sanitation,4,Major,R4-2023-0033,CA0109991,https://ciwqs.waterboards.ca.gov/ciwqs/readOnly/CiwqsReportServlet?reportName=facilityAtAGlance&placeID=232063,447793,NPDES PERMIT,"384601,377020,133335","4B190106002,4B190106002,4B190106002",Hyperion NPDES CA0109991 CI-1492_FINAL+SIGNED.pdf,No,2.0
232063,4B190106002,Hyperion WWTP,Los Angeles City Bureau of Sanitation,4,Major,R4-2023-0033,CA0109991,https://ciwqs.waterboards.ca.gov/ciwqs/readOnly/CiwqsReportServlet?reportName=facilityAtAGlance&placeID=232063,447793,NPDES PERMIT,"384601,377020,133335","4B190106002,4B190106002,4B190106002",1492_R4-2017-0045_WDR_PKG.pdf,No,2.0
232063,4B190106002,Hyperion WWTP,Los Angeles City Bureau of Sanitation,4,Major,R4-2023-0033,CA0109991,https://ciwqs.waterboards.ca.gov/ciwqs/readOnly/CiwqsReportServlet?reportName=facilityAtAGlance&placeID=232063,447793,NPDES PERMIT,"384601,377020,133335","4B190106002,4B190106002,4B190106002",1492_R4-2010-0200_WDR_PKG.pdf,No,2.0
232063,4B190106002,Hyperion WWTP,Los Angeles City Bureau of Sanitation,4,Major,R4-2023-0033,CA0109991,https://ciwqs.waterboards.ca.gov/ciwqs/readOnly/CiwqsReportServlet?reportName=facilityAtAGlance&placeID=232063,447793,NPDES PERMIT,"384601,377020,133335","4B190106002,4B190106002,4B190106002",1492_R4-2005-0020_FS.pdf,No,2.0
232063,4B190106002,Hyperion WWTP,Los Angeles City Bureau of Sanitation,4,Major,R4-2023-0033,CA0109991,https://ciwqs.waterboards.ca.gov/ciwqs/readOnly/CiwqsReportServlet?reportName=facilityAtAGlance&placeID=232063,447793,NPDES PERMIT,"384601,377020,133335","4B190106002,4B190106002,4B190106002",1492_R4-2005-0020_WDR.pdf,No,2.0
267571,4B190106004,Donald C. Tillman WWRP,Los Angeles City Bureau of Sanitation,4,Major,R4-2022-0341,CA0056227,https://ciwqs.waterboards.ca.gov/ciwqs/readOnly/CiwqsReportServlet?reportName=facilityAtAGlance&placeID=267571,447892,NPDES PERMIT,"412169,382755,373787","4B190106004,4B190106004,4B190106004",Adopted DCTWRP NPDES CI-5695_01242023.pdf,No,2.0
267571,4B190106004,Donald C. Tillman WWRP,Los Angeles City Bureau of Sanitation,4,Major,R4-2022-0341,CA0056227,https://ciwqs.waterboards.ca.gov/ciwqs/readOnly/CiwqsReportServlet?reportName=facilityAtAGlance&placeID=267571,447892,NPDES PERMIT,"412169,382755,373787","4B190106004,4B190106004,4B190106004",5695_R4-2017-0062_WDR_PKG.pdf,No,2.0
267571,4B190106004,Donald C. Tillman WWRP,Los Angeles City Bureau of Sanitation,4,Major,R4-2022-0341,CA0056227,https://ciwqs.waterboards.ca.gov/ciwqs/readOnly/CiwqsReportServlet?reportName=facilityAtAGlance&placeID=267571,447892,NPDES PERMIT,"412169,382755,373787","4B190106004,4B190106004,4B190106004",5695_R4-2006-0091_FS.pdf,No,2.0
267571,4B190106004,Donald C. Tillman WWRP,Los Angeles City Bureau of Sanitation,4,Major,R4-2022-0341,CA0056227,https://ciwqs.waterboards.ca.gov/ciwqs/readOnly/CiwqsReportServlet?reportName=facilityAtAGlance&placeID=267571,447892,NPDES PERMIT,"412169,382755,373787","4B190106004,4B190106004,4B190106004",5695_R4-2006-0091_WDR.pdf,No,2.0
267571,4B190106004,Donald C. Tillman WWRP,Los Angeles City Bureau of Sanitation,4,Major,R4-2022-0341,CA0056227,https://ciwqs.waterboards.ca.gov/ciwqs/readOnly/CiwqsReportServlet?reportName=facilityAtAGlance&placeID=267571,447892,NPDES PERMIT,"412169,382755,373787","4B190106004,4B190106004,4B190106004",5695_R4-2010-0060_FS_amd.pdf,No,2.0
267571,4B190106004,Donald C. Tillman WWRP,Los Angeles City Bureau of Sanitation,4,Major,R4-2022-0341,CA0056227,https://ciwqs.waterboards.ca.gov/ciwqs/readOnly/CiwqsReportServlet?reportName=facilityAtAGlance&placeID=267571,447892,NPDES PERMIT,"412169,382755,373787","4B190106004,4B190106004,4B190106004",5695_R4-2010-0060_WDR_amd.pdf,No,2.0
267130,4B190106005,Terminal Island Water Reclamation Plant,Los Angeles City Bureau of Sanitation,4,Major,R4-2021-0095,CA0053856,https://ciwqs.waterboards.ca.gov/ciwqs/readOnly/CiwqsReportServlet?reportName=facilityAtAGlance&placeID=267130,443776,NPDES PERMIT,"399400,374185,304744","4B190106005,4B190106005,4B190106005",TIWRP Adopted Permit 06102021_signed.pdf,No,4.0
267130,4B190106005,Terminal Island Water Reclamation Plant,Los Angeles City Bureau of Sanitation,4,Major,R4-2021-0095,CA0053856,https://ciwqs.waterboards.ca.gov/ciwqs/readOnly/CiwqsReportServlet?reportName=facilityAtAGlance&placeID=267130,443776,NPDES PERMIT,"399400,374185,304744","4B190106005,4B190106005,4B190106005",2171_R4-2015-0119-A01_WDR_PKG_amd.pdf,No,4.0
267130,4B190106005,Terminal Island Water Reclamation Plant,Los Angeles City Bureau of Sanitation,4,Major,R4-2021-0095,CA0053856,https://ciwqs.waterboards.ca.gov/ciwqs/readOnly/CiwqsReportServlet?reportName=facilityAtAGlance&placeID=267130,443776,NPDES PERMIT,"399400,374185,304744","4B190106005,4B190106005,4B190106005",2171_R4-2015-0119_WDR_PKG.pdf,No,4.0
267130,4B190106005,Terminal Island Water Reclamation Plant,Los Angeles City Bureau of Sanitation,4,Major,R4-2021-0095,CA0053856,https://ciwqs.waterboards.ca.gov/ciwqs/readOnly/CiwqsReportServlet?reportName=facilityAtAGlance&placeID=267130,443776,NPDES PERMIT,"399400,374185,304744","4B190106005,4B190106005,4B190106005",2171_R4-2010-0071_ATT.pdf,No,4.0
267130,4B190106005,Terminal Island Water Reclamation Plant,Los Angeles City Bureau of Sanitation,4,Major,R4-2021-0095,CA0053856,https://ciwqs.waterboards.ca.gov/ciwqs/readOnly/CiwqsReportServlet?reportName=facilityAtAGlance&placeID=267130,443776,NPDES PERMIT,"399400,374185,304744","4B190106005,4B190106005,4B190106005",2171_R4-2010-0071_WDR_PKG.pdf,No,4.0
267130,4B190106005,Terminal Island Water Reclamation Plant,Los Angeles City Bureau of Sanitation,4,Major,R4-2021-0095,CA0053856,https://ciwqs.waterboards.ca.gov/ciwqs/readOnly/CiwqsReportServlet?reportName=facilityAtAGlance&placeID=267130,443776,NPDES PERMIT,"399400,374185,304744","4B190106005,4B190106005,4B190106005",2171_R4-2005-0024_FS.pdf,No,4.0
267130,4B190106005,Terminal Island Water Reclamation Plant,Los Angeles City Bureau of Sanitation,4,Major,R4-2021-0095,CA0053856,https://ciwqs.waterboards.ca.gov/ciwqs/readOnly/CiwqsReportServlet?reportName=facilityAtAGlance&placeID=267130,443776,NPDES PERMIT,"399400,374185,304744","4B190106005,4B190106005,4B190106005",2171_R4-2005-0024_WDR.pdf,No,4.0
235738,4B190106001,Los Angeles-Glendale WWRP,Los Angeles City Bureau of Sanitation,4,Major,R4-2022-0343,CA0053953,https://ciwqs.waterboards.ca.gov/ciwqs/readOnly/CiwqsReportServlet?reportName=facilityAtAGlance&placeID=235738,452152,NPDES PERMIT,"407633,381070,318277","4B190106001,4B190106001,4B190106001",Final LAG NPDES permit_CI 5675 Final_Signed.pdf,No,1.0
235738,4B190106001,Los Angeles-Glendale WWRP,Los Angeles City Bureau of Sanitation,4,Major,R4-2022-0343,CA0053953,https://ciwqs.waterboards.ca.gov/ciwqs/readOnly/CiwqsReportServlet?reportName=facilityAtAGlance&placeID=235738,452152,NPDES PERMIT,"407633,381070,318277","4B190106001,4B190106001,4B190106001",5675_R4-2017-0063_WDR_PKG.pdf,No,1.0
235738,4B190106001,Los Angeles-Glendale WWRP,Los Angeles City Bureau of Sanitation,4,Major,R4-2022-0343,CA0053953,https://ciwqs.waterboards.ca.gov/ciwqs/readOnly/CiwqsReportServlet?reportName=facilityAtAGlance&placeID=235738,452152,NPDES PERMIT,"407633,381070,318277","4B190106001,4B190106001,4B190106001",5675_R4-2011-0197_WDR_PKG.pdf,No,1.0
235738,4B190106001,Los Angeles-Glendale WWRP,Los Angeles City Bureau of Sanitation,4,Major,R4-2022-0343,CA0053953,https://ciwqs.waterboards.ca.gov/ciwqs/readOnly/CiwqsReportServlet?reportName=facilityAtAGlance&placeID=235738,452152,NPDES PERMIT,"407633,381070,318277","4B190106001,4B190106001,4B190106001",5675_R4-2006-0092_FS.pdf,No,1.0
235738,4B190106001,Los Angeles-Glendale WWRP,Los Angeles City Bureau of Sanitation,4,Major,R4-2022-0343,CA0053953,https://ciwqs.waterboards.ca.gov/ciwqs/readOnly/CiwqsReportServlet?reportName=facilityAtAGlance&placeID=235738,452152,NPDES PERMIT,"407633,381070,318277","4B190106001,4B190106001,4B190106001",5675_R4-2006-0092_WDR.pdf,No,1.0
235738,4B190106001,Los Angeles-Glendale WWRP,Los Angeles City Bureau of Sanitation,4,Major,R4-2022-0343,CA0053953,https://ciwqs.waterboards.ca.gov/ciwqs/readOnly/CiwqsReportServlet?reportName=facilityAtAGlance&placeID=235738,452152,NPDES PERMIT,"407633,381070,318277","4B190106001,4B190106001,4B190106001",5675_R4-2010-0059_WDR_amd.pdf,No,1.0
242162,4B190107048,Malibu Mesa WRP,Los Angeles Cnty DPW,4,Minor,R4-2021-0062,CA0059099,https://ciwqs.waterboards.ca.gov/ciwqs/readOnly/CiwqsReportServlet?reportName=facilityAtAGlance&placeID=242162,413232,NPDES PERMIT,"381071,319250","4B190107048,4B190107048",6599_R4-2021-0062_WDR.pdf,No,3.0
242162,4B190107048,Malibu Mesa WRP,Los Angeles Cnty DPW,4,Minor,R4-2021-0062,CA0059099,https://ciwqs.waterboards.ca.gov/ciwqs/readOnly/CiwqsReportServlet?reportName=facilityAtAGlance&placeID=242162,413232,NPDES PERMIT,"381071,319250","4B190107048,4B190107048",6599_R4-2012-0181_WDR_PKG.pdf,No,3.0
242162,4B190107048,Malibu Mesa WRP,Los Angeles Cnty DPW,4,Minor,R4-2021-0062,CA0059099,https://ciwqs.waterboards.ca.gov/ciwqs/readOnly/CiwqsReportServlet?reportName=facilityAtAGlance&placeID=242162,413232,NPDES PERMIT,"381071,319250","4B190107048,4B190107048",6599_R4-2007-0002_WDR_PKG.pdf,No,3.0
270849,4A190107023,Valencia WRP,Santa Clarita Valley SD of Los Angeles Cnty,4,"Major, Minor",R4-2022-0174,CA0054216,https://ciwqs.waterboards.ca.gov/ciwqs/readOnly/CiwqsReportServlet?reportName=facilityAtAGlance&placeID=270849,435564,NPDES PERMIT,"395514,369513","4A190107023,4A190107023",4993_R4-2022-0174_WDR_PKG.pdf,No,2.0
270849,4A190107023,Valencia WRP,Santa Clarita Valley SD of Los Angeles Cnty,4,"Major, Minor",R4-2022-0174,CA0054216,https://ciwqs.waterboards.ca.gov/ciwqs/readOnly/CiwqsReportServlet?reportName=facilityAtAGlance&placeID=270849,435564,NPDES PERMIT,"395514,369513","4A190107023,4A190107023",4993_R4-2015-0071_WDR_PKG.pdf,No,2.0
270849,4A190107023,Valencia WRP,Santa Clarita Valley SD of Los Angeles Cnty,4,"Major, Minor",R4-2022-0174,CA0054216,https://ciwqs.waterboards.ca.gov/ciwqs/readOnly/CiwqsReportServlet?reportName=facilityAtAGlance&placeID=270849,435564,NPDES PERMIT,"395514,369513","4A190107023,4A190107023",4993_R4-2009-0074_WDR.pdf,No,2.0
260494,4A190107021,Saugus Water Reclamation Plant,Santa Clarita Valley SD of Los Angeles Cnty,4,Major,R4-2022-0175,CA0054313,https://ciwqs.waterboards.ca.gov/ciwqs/readOnly/CiwqsReportServlet?reportName=facilityAtAGlance&placeID=260494,442544,NPDES PERMIT,"396158,369505","4A190107021,4A190107021",2960_R4-2022-0175_WDR_PKG.pdf,No,2.0
260494,4A190107021,Saugus Water Reclamation Plant,Santa Clarita Valley SD of Los Angeles Cnty,4,Major,R4-2022-0175,CA0054313,https://ciwqs.waterboards.ca.gov/ciwqs/readOnly/CiwqsReportServlet?reportName=facilityAtAGlance&placeID=260494,442544,NPDES PERMIT,"396158,369505","4A190107021,4A190107021",2960_R4-2015-0072_WDR_PKG.pdf,No,2.0
260494,4A190107021,Saugus Water Reclamation Plant,Santa Clarita Valley SD of Los Angeles Cnty,4,Major,R4-2022-0175,CA0054313,https://ciwqs.waterboards.ca.gov/ciwqs/readOnly/CiwqsReportServlet?reportName=facilityAtAGlance&placeID=260494,442544,NPDES PERMIT,"396158,369505","4A190107021,4A190107021",2960_R4-2009-0075_WDR_PKG.pdf,No,2.0
201069,5C200102012,Madera Cnty #22A-Oakhurst WWTF,,,,99-052,,https://ciwqs.waterboards.ca.gov/ciwqs/readOnly/CiwqsReportServlet?reportName=facilityAtAGlance&placeID=201069,,NPDES PERMIT,,,,No,0.0
273180,5D100124001,Malaga CWD WWTF,Malaga CWD,SB,Major,R5-2014-0145,,https://ciwqs.waterboards.ca.gov/ciwqs/readOnly/CiwqsReportServlet?reportName=facilityAtAGlance&placeID=273180,387532,NPDES PERMIT,344803,5D100124001,r5-2014-0145.pdf,No,1.0
273180,5D100124001,Malaga CWD WWTF,Malaga CWD,SB,Major,R5-2014-0145,,https://ciwqs.waterboards.ca.gov/ciwqs/readOnly/CiwqsReportServlet?reportName=facilityAtAGlance&placeID=273180,387532,NPDES PERMIT,344803,5D100124001,r5-2008-0033.pdf,No,1.0
239343,5B390104001,City of Manteca WW Quality Control Facility,Manteca City,5S,Major,R5-2021-0003,CA0081558,https://ciwqs.waterboards.ca.gov/ciwqs/readOnly/CiwqsReportServlet?reportName=facilityAtAGlance&placeID=239343,442750,NPDES PERMIT,"400860,371931","5B390104001,5B390104001",r5-2021-0003_npdes.pdf,No,1.0
239343,5B390104001,City of Manteca WW Quality Control Facility,Manteca City,5S,Major,R5-2021-0003,CA0081558,https://ciwqs.waterboards.ca.gov/ciwqs/readOnly/CiwqsReportServlet?reportName=facilityAtAGlance&placeID=239343,442750,NPDES PERMIT,"400860,371931","5B390104001,5B390104001",r5-2015-0026.pdf,No,1.0
239343,5B390104001,City of Manteca WW Quality Control Facility,Manteca City,5S,Major,R5-2021-0003,CA0081558,https://ciwqs.waterboards.ca.gov/ciwqs/readOnly/CiwqsReportServlet?reportName=facilityAtAGlance&placeID=239343,442750,NPDES PERMIT,"400860,371931","5B390104001,5B390104001",R5-2009-0095.pdf,No,1.0
239343,5B390104001,City of Manteca WW Quality Control Facility,Manteca City,5S,Major,R5-2021-0003,CA0081558,https://ciwqs.waterboards.ca.gov/ciwqs/readOnly/CiwqsReportServlet?reportName=facilityAtAGlance&placeID=239343,442750,NPDES PERMIT,"400860,371931","5B390104001,5B390104001",R5-2015-0044.pdf,No,1.0
239497,2 215021001,Marin CSD 5 - Tiburon WWTP,Marin Cnty Sanitary District 5,2,"Major, Minor",R2-2023-0018,CA0037753,https://ciwqs.waterboards.ca.gov/ciwqs/readOnly/CiwqsReportServlet?reportName=facilityAtAGlance&placeID=239497,454699,NPDES PERMIT,"423353,393997","2 215021001,2 215021001",R2-2023-0018.pdf,No,1.0
239497,2 215021001,Marin CSD 5 - Tiburon WWTP,Marin Cnty Sanitary District 5,2,"Major, Minor",R2-2023-0018,CA0037753,https://ciwqs.waterboards.ca.gov/ciwqs/readOnly/CiwqsReportServlet?reportName=facilityAtAGlance&placeID=239497,454699,NPDES PERMIT,"423353,393997","2 215021001,2 215021001",Tiburon R2-2018-0038.pdf,No,1.0
239497,2 215021001,Marin CSD 5 - Tiburon WWTP,Marin Cnty Sanitary District 5,2,"Major, Minor",R2-2023-0018,CA0037753,https://ciwqs.waterboards.ca.gov/ciwqs/readOnly/CiwqsReportServlet?reportName=facilityAtAGlance&placeID=239497,454699,NPDES PERMIT,"423353,393997","2 215021001,2 215021001",Final Order_Tiburon (R2-2013-0027) (signed copy).pdf,No,1.0
239497,2 215021001,Marin CSD 5 - Tiburon WWTP,Marin Cnty Sanitary District 5,2,"Major, Minor",R2-2023-0018,CA0037753,https://ciwqs.waterboards.ca.gov/ciwqs/readOnly/CiwqsReportServlet?reportName=facilityAtAGlance&placeID=239497,454699,NPDES PERMIT,"423353,393997","2 215021001,2 215021001",Nutrient Watershed Permit - R2-2014-0014.pdf,Yes,1.0
239498,2 215021002,Marin CSD 5 Paradise Cove WWTP,Marin Cnty Sanitary District 5,2,Minor,R2-2021-0017,CA0037427,https://ciwqs.waterboards.ca.gov/ciwqs/readOnly/CiwqsReportServlet?reportName=facilityAtAGlance&placeID=239498,444891,NPDES PERMIT,"409704,378638","2 215021002,2 215021002",Paradise Cove - R2-2021-0017.pdf,No,1.0
239498,2 215021002,Marin CSD 5 Paradise Cove WWTP,Marin Cnty Sanitary District 5,2,Minor,R2-2021-0017,CA0037427,https://ciwqs.waterboards.ca.gov/ciwqs/readOnly/CiwqsReportServlet?reportName=facilityAtAGlance&placeID=239498,444891,NPDES PERMIT,"409704,378638","2 215021002,2 215021002",R2-2016-0042.pdf,No,1.0
239498,2 215021002,Marin CSD 5 Paradise Cove WWTP,Marin Cnty Sanitary District 5,2,Minor,R2-2021-0017,CA0037427,https://ciwqs.waterboards.ca.gov/ciwqs/readOnly/CiwqsReportServlet?reportName=facilityAtAGlance&placeID=239498,444891,NPDES PERMIT,"409704,378638","2 215021002,2 215021002",Nutrient Watershed Permit - R2-2014-0014.pdf,Yes,1.0
273207,5C221012001,Mariposa WWTP,Mariposa PUD,5F,Minor,R5-2014-0042,CAC441902,https://ciwqs.waterboards.ca.gov/ciwqs/readOnly/CiwqsReportServlet?reportName=facilityAtAGlance&placeID=273207,385864,NPDES PERMIT,343180,5C221012001,R5-2017-0104.pdf,No,5.0
273207,5C221012001,Mariposa WWTP,Mariposa PUD,5F,Minor,R5-2014-0042,CAC441902,https://ciwqs.waterboards.ca.gov/ciwqs/readOnly/CiwqsReportServlet?reportName=facilityAtAGlance&placeID=273207,385864,NPDES PERMIT,343180,5C221012001,r5-2014-0042-01_mm.pdf,No,5.0
273207,5C221012001,Mariposa WWTP,Mariposa PUD,5F,Minor,R5-2014-0042,CAC441902,https://ciwqs.waterboards.ca.gov/ciwqs/readOnly/CiwqsReportServlet?reportName=facilityAtAGlance&placeID=273207,385864,NPDES PERMIT,343180,5C221012001,r5-2014-0042_npdes.pdf,No,5.0
273207,5C221012001,Mariposa WWTP,Mariposa PUD,5F,Minor,R5-2014-0042,CAC441902,https://ciwqs.waterboards.ca.gov/ciwqs/readOnly/CiwqsReportServlet?reportName=facilityAtAGlance&placeID=273207,385864,NPDES PERMIT,343180,5C221012001,r5-2007-0171.pdf,No,5.0
256695,2 071042001,Martinez Refining Company WWTP,Martinez Refining Company LLC,2,Major,R2-2022-0034,CA0005789,https://ciwqs.waterboards.ca.gov/ciwqs/readOnly/CiwqsReportServlet?reportName=facilityAtAGlance&placeID=256695,,NPDES PERMIT,,,,No,0.0
239874,5A060102001,Maxwell PUD WWTF,,,,R5-2009-0009,,https://ciwqs.waterboards.ca.gov/ciwqs/readOnly/CiwqsReportServlet?reportName=facilityAtAGlance&placeID=239874,362045,NPDES PERMIT,,,R5-2009-0009.pdf,No,2.0
240093,1B82084OHUM,McKinleyville WWTP,McKinleyville Community Service District,1,"Major, Minor",R1-2018-0032,CA0024490,https://ciwqs.waterboards.ca.gov/ciwqs/readOnly/CiwqsReportServlet?reportName=facilityAtAGlance&placeID=240093,402457,NPDES PERMIT,"376956,319160","1B82084OHUM,1B82084OHUM",18_0032_McKinleyville_NPDES.pdf,No,1.0
240093,1B82084OHUM,McKinleyville WWTP,McKinleyville Community Service District,1,"Major, Minor",R1-2018-0032,CA0024490,https://ciwqs.waterboards.ca.gov/ciwqs/readOnly/CiwqsReportServlet?reportName=facilityAtAGlance&placeID=240093,402457,NPDES PERMIT,"376956,319160","1B82084OHUM,1B82084OHUM",wqo2011_0008.pdf,No,1.0
240093,1B82084OHUM,McKinleyville WWTP,McKinleyville Community Service District,1,"Major, Minor",R1-2018-0032,CA0024490,https://ciwqs.waterboards.ca.gov/ciwqs/readOnly/CiwqsReportServlet?reportName=facilityAtAGlance&placeID=240093,402457,NPDES PERMIT,"376956,319160","1B82084OHUM,1B82084OHUM",080618_0039_NPDES_McKinleyvilleCSD.pdf,No,1.0
240307,1B83129OMEN,Mendocino City CSD,Mendocino City CSD,1,Minor,R1-2022-0001,CA0022870,https://ciwqs.waterboards.ca.gov/ciwqs/readOnly/CiwqsReportServlet?reportName=facilityAtAGlance&placeID=240307,446770,NPDES PERMIT,"399815,373079","1B83129OMEN,1B83129OMEN",22_01mendo_npdes.pdf,No,1.0
240307,1B83129OMEN,Mendocino City CSD,Mendocino City CSD,1,Minor,R1-2022-0001,CA0022870,https://ciwqs.waterboards.ca.gov/ciwqs/readOnly/CiwqsReportServlet?reportName=facilityAtAGlance&placeID=240307,446770,NPDES PERMIT,"399815,373079","1B83129OMEN,1B83129OMEN",15_0039_MendocinoCityCSD_WWTP_.pdf,No,1.0
240307,1B83129OMEN,Mendocino City CSD,Mendocino City CSD,1,Minor,R1-2022-0001,CA0022870,https://ciwqs.waterboards.ca.gov/ciwqs/readOnly/CiwqsReportServlet?reportName=facilityAtAGlance&placeID=240307,446770,NPDES PERMIT,"399815,373079","1B83129OMEN,1B83129OMEN",10_0020_NPDES_WDR_MendocinoCityCSD_EPA_copy.pdf,No,1.0
240318,1B83118OMEN,Mendocino County WWD#2-Anchor Bay,Mendocino County WWD #2 Anchor Bay,1,Minor,R1-2021-0005,CA0024040,https://ciwqs.waterboards.ca.gov/ciwqs/readOnly/CiwqsReportServlet?reportName=facilityAtAGlance&placeID=240318,443040,NPDES PERMIT,"405526,371496,133365","1B83118OMEN,1B83118OMEN,1B83118OMEN",21_0005_AnchorBay_WWTF_NPDES.pdf,No,1.0
240318,1B83118OMEN,Mendocino County WWD#2-Anchor Bay,Mendocino County WWD #2 Anchor Bay,1,Minor,R1-2021-0005,CA0024040,https://ciwqs.waterboards.ca.gov/ciwqs/readOnly/CiwqsReportServlet?reportName=facilityAtAGlance&placeID=240318,443040,NPDES PERMIT,"405526,371496,133365","1B83118OMEN,1B83118OMEN,1B83118OMEN",16_0006_AnchorBayWWTF_NPDES.pdf,No,1.0
240318,1B83118OMEN,Mendocino County WWD#2-Anchor Bay,Mendocino County WWD #2 Anchor Bay,1,Minor,R1-2021-0005,CA0024040,https://ciwqs.waterboards.ca.gov/ciwqs/readOnly/CiwqsReportServlet?reportName=facilityAtAGlance&placeID=240318,443040,NPDES PERMIT,"405526,371496,133365","1B83118OMEN,1B83118OMEN,1B83118OMEN",10_0038_NPDES_MCWWD2_AnchorBay.pdf,No,1.0
240318,1B83118OMEN,Mendocino County WWD#2-Anchor Bay,Mendocino County WWD #2 Anchor Bay,1,Minor,R1-2021-0005,CA0024040,https://ciwqs.waterboards.ca.gov/ciwqs/readOnly/CiwqsReportServlet?reportName=facilityAtAGlance&placeID=240318,443040,NPDES PERMIT,"405526,371496,133365","1B83118OMEN,1B83118OMEN,1B83118OMEN",051105-AnchorBayWWTF_WDRs.pdf,No,1.0
214652,5C240108001,Merced WWTF,Merced City,5F,Major,R5-2020-0014,CA0079219,https://ciwqs.waterboards.ca.gov/ciwqs/readOnly/CiwqsReportServlet?reportName=facilityAtAGlance&placeID=214652,438006,NPDES PERMIT,"397512,344699","5C240108001,5C240108001",Merced City r5-2020-0014_npdes.pdf,No,1.0
214652,5C240108001,Merced WWTF,Merced City,5F,Major,R5-2020-0014,CA0079219,https://ciwqs.waterboards.ca.gov/ciwqs/readOnly/CiwqsReportServlet?reportName=facilityAtAGlance&placeID=214652,438006,NPDES PERMIT,"397512,344699","5C240108001,5C240108001",r5-2014-0096_npdes.pdf,No,1.0
214652,5C240108001,Merced WWTF,Merced City,5F,Major,R5-2020-0014,CA0079219,https://ciwqs.waterboards.ca.gov/ciwqs/readOnly/CiwqsReportServlet?reportName=facilityAtAGlance&placeID=214652,438006,NPDES PERMIT,"397512,344699","5C240108001,5C240108001",r5-2008-0027.pdf,No,1.0
240791,2 417019001,Millbrae WPCP,Millbrae City,2,Major,R2-2024-0005,CA0037532,https://ciwqs.waterboards.ca.gov/ciwqs/readOnly/CiwqsReportServlet?reportName=facilityAtAGlance&placeID=240791,456225,NPDES PERMIT,"429384,394236","2 417019001,2 417019001",R2-2024-0005 (Millbrae NPDES Permit).pdf,No,1.0
240791,2 417019001,Millbrae WPCP,Millbrae City,2,Major,R2-2024-0005,CA0037532,https://ciwqs.waterboards.ca.gov/ciwqs/readOnly/CiwqsReportServlet?reportName=facilityAtAGlance&placeID=240791,456225,NPDES PERMIT,"429384,394236","2 417019001,2 417019001",Millbrae - Final Ordersigned.pdf,No,1.0
240791,2 417019001,Millbrae WPCP,Millbrae City,2,Major,R2-2024-0005,CA0037532,https://ciwqs.waterboards.ca.gov/ciwqs/readOnly/CiwqsReportServlet?reportName=facilityAtAGlance&placeID=240791,456225,NPDES PERMIT,"429384,394236","2 417019001,2 417019001",Nutrient Watershed Permit - R2-2014-0014.pdf,Yes,1.0
822960,5B50NP00031,North Valley Regional Recycled Water Program - Modesto WWTP & Turlock RWQCF,Modesto City,5S,Major,R5-2022-0034,CA0085316,https://ciwqs.waterboards.ca.gov/ciwqs/readOnly/CiwqsReportServlet?reportName=facilityAtAGlance&placeID=822960,448440,NPDES PERMIT,405123,5B50NP00031,r5-2022-0034.pdf,No,1.0
822960,5B50NP00031,North Valley Regional Recycled Water Program - Modesto WWTP & Turlock RWQCF,Modesto City,5S,Major,R5-2022-0034,CA0085316,https://ciwqs.waterboards.ca.gov/ciwqs/readOnly/CiwqsReportServlet?reportName=facilityAtAGlance&placeID=822960,448440,NPDES PERMIT,405123,5B50NP00031,r5-2016-0010.pdf,No,1.0
241146,5C500102001,City of Modesto WQCF,Modesto City,5S,Major,R5-2017-0064,CAC448536,https://ciwqs.waterboards.ca.gov/ciwqs/readOnly/CiwqsReportServlet?reportName=facilityAtAGlance&placeID=241146,413899,NPDES PERMIT,"385662,345668","5C500102001,5C500102001",r5-2017-0064.pdf,No,1.0
241146,5C500102001,City of Modesto WQCF,Modesto City,5S,Major,R5-2017-0064,CAC448536,https://ciwqs.waterboards.ca.gov/ciwqs/readOnly/CiwqsReportServlet?reportName=facilityAtAGlance&placeID=241146,413899,NPDES PERMIT,"385662,345668","5C500102001,5C500102001",r5-2012-0031.pdf,No,1.0
241146,5C500102001,City of Modesto WQCF,Modesto City,5S,Major,R5-2017-0064,CAC448536,https://ciwqs.waterboards.ca.gov/ciwqs/readOnly/CiwqsReportServlet?reportName=facilityAtAGlance&placeID=241146,413899,NPDES PERMIT,"385662,345668","5C500102001,5C500102001",R5-2008-0059-01.pdf,No,1.0
241146,5C500102001,City of Modesto WQCF,Modesto City,5S,Major,R5-2017-0064,CAC448536,https://ciwqs.waterboards.ca.gov/ciwqs/readOnly/CiwqsReportServlet?reportName=facilityAtAGlance&placeID=241146,413899,NPDES PERMIT,"385662,345668","5C500102001,5C500102001",r5-2008-0059-01.pdf,No,1.0
241288,3 420107001,Montecito SD WWTP,Montecito Sanitary District,3,Major,R3-2022-0010,CA0047899,https://ciwqs.waterboards.ca.gov/ciwqs/readOnly/CiwqsReportServlet?reportName=facilityAtAGlance&placeID=241288,449423,NPDES PERMIT,"388741,317063","3 420107001,3 420107001",20220829_Order R3-2022-0010_Final (ACC).pdf,No,1.0
241288,3 420107001,Montecito SD WWTP,Montecito Sanitary District,3,Major,R3-2022-0010,CA0047899,https://ciwqs.waterboards.ca.gov/ciwqs/readOnly/CiwqsReportServlet?reportName=facilityAtAGlance&placeID=241288,449423,NPDES PERMIT,"388741,317063","3 420107001,3 420107001",Montecito SD WWTP NPDES Permit R3-2012-0016.pdf,No,1.0
241288,3 420107001,Montecito SD WWTP,Montecito Sanitary District,3,Major,R3-2022-0010,CA0047899,https://ciwqs.waterboards.ca.gov/ciwqs/readOnly/CiwqsReportServlet?reportName=facilityAtAGlance&placeID=241288,449423,NPDES PERMIT,"388741,317063","3 420107001,3 420107001",Montecito.pdf,No,1.0
241740,3 270118002,Monterey One Water Regional WWTP,Monterey One Water,3,Major,R3-2018-0017,CA0048551,https://ciwqs.waterboards.ca.gov/ciwqs/readOnly/CiwqsReportServlet?reportName=facilityAtAGlance&placeID=241740,429636,NPDES PERMIT,"396653,366060","3 270118002,3 270118002",Final_Order_M1W.pdf,No,1.0
241740,3 270118002,Monterey One Water Regional WWTP,Monterey One Water,3,Major,R3-2018-0017,CA0048551,https://ciwqs.waterboards.ca.gov/ciwqs/readOnly/CiwqsReportServlet?reportName=facilityAtAGlance&placeID=241740,429636,NPDES PERMIT,"396653,366060","3 270118002,3 270118002",MRWPCA_final.pdf,No,1.0
241740,3 270118002,Monterey One Water Regional WWTP,Monterey One Water,3,Major,R3-2018-0017,CA0048551,https://ciwqs.waterboards.ca.gov/ciwqs/readOnly/CiwqsReportServlet?reportName=facilityAtAGlance&placeID=241740,429636,NPDES PERMIT,"396653,366060","3 270118002,3 270118002",signed R3-2008-0008final[1].pdf,No,1.0
241479,3 400103001,Morro Bay/Cayucos WWTP,Morro Bay SD,SB,Major,R3-2017-0050,,https://ciwqs.waterboards.ca.gov/ciwqs/readOnly/CiwqsReportServlet?reportName=facilityAtAGlance&placeID=241479,418033,NPDES PERMIT,357056,3 400103001,Final R3-2017-0050.pdf,No,2.0
241479,3 400103001,Morro Bay/Cayucos WWTP,Morro Bay SD,SB,Major,R3-2017-0050,,https://ciwqs.waterboards.ca.gov/ciwqs/readOnly/CiwqsReportServlet?reportName=facilityAtAGlance&placeID=241479,418033,NPDES PERMIT,357056,3 400103001,MorroBayCayucosAdoptedPermit.pdf,No,2.0
241598,5B391078003,Mountain House WWTP,Mountain House City,5S,Major,R5-2023-0033,CA0084271,https://ciwqs.waterboards.ca.gov/ciwqs/readOnly/CiwqsReportServlet?reportName=facilityAtAGlance&placeID=241598,453528,NPDES PERMIT,"416414,389443,327492","5B391078003,5B391078003,5B391078003",r5-2023-0033-01_npdes.pdf,No,4.0
241598,5B391078003,Mountain House WWTP,Mountain House City,5S,Major,R5-2023-0033,CA0084271,https://ciwqs.waterboards.ca.gov/ciwqs/readOnly/CiwqsReportServlet?reportName=facilityAtAGlance&placeID=241598,453528,NPDES PERMIT,"416414,389443,327492","5B391078003,5B391078003,5B391078003",r5-2023-0033_npdes.pdf,No,4.0
241598,5B391078003,Mountain House WWTP,Mountain House City,5S,Major,R5-2023-0033,CA0084271,https://ciwqs.waterboards.ca.gov/ciwqs/readOnly/CiwqsReportServlet?reportName=facilityAtAGlance&placeID=241598,453528,NPDES PERMIT,"416414,389443,327492","5B391078003,5B391078003,5B391078003",r5-2023-0033_npdes_mod.pdf,No,4.0
241598,5B391078003,Mountain House WWTP,Mountain House City,5S,Major,R5-2023-0033,CA0084271,https://ciwqs.waterboards.ca.gov/ciwqs/readOnly/CiwqsReportServlet?reportName=facilityAtAGlance&placeID=241598,453528,NPDES PERMIT,"416414,389443,327492","5B391078003,5B391078003,5B391078003",R5-2017-0119.pdf,No,4.0
241598,5B391078003,Mountain House WWTP,Mountain House City,5S,Major,R5-2023-0033,CA0084271,https://ciwqs.waterboards.ca.gov/ciwqs/readOnly/CiwqsReportServlet?reportName=facilityAtAGlance&placeID=241598,453528,NPDES PERMIT,"416414,389443,327492","5B391078003,5B391078003,5B391078003",r5-2013-0004.pdf,No,4.0
241598,5B391078003,Mountain House WWTP,Mountain House City,5S,Major,R5-2023-0033,CA0084271,https://ciwqs.waterboards.ca.gov/ciwqs/readOnly/CiwqsReportServlet?reportName=facilityAtAGlance&placeID=241598,453528,NPDES PERMIT,"416414,389443,327492","5B391078003,5B391078003,5B391078003",r5-2014-0122.pdf,Yes,4.0
241598,5B391078003,Mountain House WWTP,Mountain House City,5S,Major,R5-2023-0033,CA0084271,https://ciwqs.waterboards.ca.gov/ciwqs/readOnly/CiwqsReportServlet?reportName=facilityAtAGlance&placeID=241598,453528,NPDES PERMIT,"416414,389443,327492","5B391078003,5B391078003,5B391078003",r5-2007-0039.pdf,No,4.0
241800,5A470105001,Mount Shasta WWTP,Mt Shasta City,5R,Minor,R5-2023-0016,CA0078051,https://ciwqs.waterboards.ca.gov/ciwqs/readOnly/CiwqsReportServlet?reportName=facilityAtAGlance&placeID=241800,448201,NPDES PERMIT,"379099,387897","5A470105001,5A470105001",r5-2023-0016_npdes.pdf,No,6.0
241800,5A470105001,Mount Shasta WWTP,Mt Shasta City,5R,Minor,R5-2023-0016,CA0078051,https://ciwqs.waterboards.ca.gov/ciwqs/readOnly/CiwqsReportServlet?reportName=facilityAtAGlance&placeID=241800,448201,NPDES PERMIT,"379099,387897","5A470105001,5A470105001",R5-2017-0117.pdf,No,6.0
241800,5A470105001,Mount Shasta WWTP,Mt Shasta City,5R,Minor,R5-2023-0016,CA0078051,https://ciwqs.waterboards.ca.gov/ciwqs/readOnly/CiwqsReportServlet?reportName=facilityAtAGlance&placeID=241800,448201,NPDES PERMIT,"379099,387897","5A470105001,5A470105001",r5-2012-0086_npdes.pdf,No,6.0
241815,2 071029001,Mt. View Sanitary District WWTP,Mt View Sanitary District,2,Major,R2-2021-0026,CA0037770,https://ciwqs.waterboards.ca.gov/ciwqs/readOnly/CiwqsReportServlet?reportName=facilityAtAGlance&placeID=241815,446024,NPDES PERMIT,376645,2 071029001,MVSD Final Order ADA.pdf,No,1.0
241815,2 071029001,Mt. View Sanitary District WWTP,Mt View Sanitary District,2,Major,R2-2021-0026,CA0037770,https://ciwqs.waterboards.ca.gov/ciwqs/readOnly/CiwqsReportServlet?reportName=facilityAtAGlance&placeID=241815,446024,NPDES PERMIT,376645,2 071029001,Nutrient Watershed Permit - R2-2014-0014.pdf,Yes,1.0
243858,2 283009001,Napa Sanitation District WWTP (Soscol Water Recycling Facility),Napa Sanitation District,2,Major,R2-2022-0003,CA0037575,https://ciwqs.waterboards.ca.gov/ciwqs/readOnly/CiwqsReportServlet?reportName=facilityAtAGlance&placeID=243858,446586,NPDES PERMIT,407648,2 283009001,Order_R2-2022-0003.pdf,No,1.0
243858,2 283009001,Napa Sanitation District WWTP (Soscol Water Recycling Facility),Napa Sanitation District,2,Major,R2-2022-0003,CA0037575,https://ciwqs.waterboards.ca.gov/ciwqs/readOnly/CiwqsReportServlet?reportName=facilityAtAGlance&placeID=243858,446586,NPDES PERMIT,407648,2 283009001,CA0037575 Napa SD - Final Order - 7-16.pdf,No,1.0
213432,5A290107002,Cascade Shores WWTP,Nevada CSD No 1,5S,Minor,R5-2015-0031,CAC442921,https://ciwqs.waterboards.ca.gov/ciwqs/readOnly/CiwqsReportServlet?reportName=facilityAtAGlance&placeID=213432,400787,NPDES PERMIT,351555,5A290107002,r5-2015-0031_npdes.pdf,No,3.0
213432,5A290107002,Cascade Shores WWTP,Nevada CSD No 1,5S,Minor,R5-2015-0031,CAC442921,https://ciwqs.waterboards.ca.gov/ciwqs/readOnly/CiwqsReportServlet?reportName=facilityAtAGlance&placeID=213432,400787,NPDES PERMIT,351555,5A290107002,r5-2008-0111_npdes.pdf,No,3.0
236292,5A290104001,Lake Wildwood WWTP,Nevada CSD No 1,5S,"Major, Minor",R5-2015-0029,CAC439953,https://ciwqs.waterboards.ca.gov/ciwqs/readOnly/CiwqsReportServlet?reportName=facilityAtAGlance&placeID=236292,400917,NPDES PERMIT,366367,5A290104001,r5-2015-0029.pdf,No,2.0
236292,5A290104001,Lake Wildwood WWTP,Nevada CSD No 1,5S,"Major, Minor",R5-2015-0029,CAC439953,https://ciwqs.waterboards.ca.gov/ciwqs/readOnly/CiwqsReportServlet?reportName=facilityAtAGlance&placeID=236292,400917,NPDES PERMIT,366367,5A290104001,R5-2009-0004.pdf,No,2.0
236236,5A290104003,Lake of the Pines WWTP,Nevada CSD No 1,5S,Minor,R5-2015-0028,CAC439955,https://ciwqs.waterboards.ca.gov/ciwqs/readOnly/CiwqsReportServlet?reportName=facilityAtAGlance&placeID=236236,400796,NPDES PERMIT,367119,5A290104003,r5-2015-0028_npdes.pdf,No,1.0
236236,5A290104003,Lake of the Pines WWTP,Nevada CSD No 1,5S,Minor,R5-2015-0028,CAC439955,https://ciwqs.waterboards.ca.gov/ciwqs/readOnly/CiwqsReportServlet?reportName=facilityAtAGlance&placeID=236236,400796,NPDES PERMIT,367119,5A290104003,R5-2009-0031_npdes.pdf,No,1.0
244141,5A290101001,Nevada City WWTP,Nevada City,5S,Minor,R5-2022-0039,CA0079901,https://ciwqs.waterboards.ca.gov/ciwqs/readOnly/CiwqsReportServlet?reportName=facilityAtAGlance&placeID=244141,448476,NPDES PERMIT,"413894,385618,361715","5A290101001,5A290101001,5A290101001",r5-2022-0039_npdes.pdf,No,1.0
244141,5A290101001,Nevada City WWTP,Nevada City,5S,Minor,R5-2022-0039,CA0079901,https://ciwqs.waterboards.ca.gov/ciwqs/readOnly/CiwqsReportServlet?reportName=facilityAtAGlance&placeID=244141,448476,NPDES PERMIT,"413894,385618,361715","5A290101001,5A290101001,5A290101001",r5-2017-0060.pdf,No,1.0
244141,5A290101001,Nevada City WWTP,Nevada City,5S,Minor,R5-2022-0039,CA0079901,https://ciwqs.waterboards.ca.gov/ciwqs/readOnly/CiwqsReportServlet?reportName=facilityAtAGlance&placeID=244141,448476,NPDES PERMIT,"413894,385618,361715","5A290101001,5A290101001,5A290101001",r5-2012-0033.pdf,No,1.0
244141,5A290101001,Nevada City WWTP,Nevada City,5S,Minor,R5-2022-0039,CA0079901,https://ciwqs.waterboards.ca.gov/ciwqs/readOnly/CiwqsReportServlet?reportName=facilityAtAGlance&placeID=244141,448476,NPDES PERMIT,"413894,385618,361715","5A290101001,5A290101001,5A290101001",R5-2008-0177.pdf,No,1.0
658148,4A190118001,Newhall Ranch WRP,Newhall Ranch SD,4,Major,R4-2019-0077,CA0064556,https://ciwqs.waterboards.ca.gov/ciwqs/readOnly/CiwqsReportServlet?reportName=facilityAtAGlance&placeID=658148,422406,NPDES PERMIT,"383099,331910","4A190118001,4A190118001",9322_R4-2019-0077_WDR_PKG.pdf,No,1.0
658148,4A190118001,Newhall Ranch WRP,Newhall Ranch SD,4,Major,R4-2019-0077,CA0064556,https://ciwqs.waterboards.ca.gov/ciwqs/readOnly/CiwqsReportServlet?reportName=facilityAtAGlance&placeID=658148,422406,NPDES PERMIT,"383099,331910","4A190118001,4A190118001",9322_R4-2013-0180_WDR_PKG.pdf,No,1.0
658148,4A190118001,Newhall Ranch WRP,Newhall Ranch SD,4,Major,R4-2019-0077,CA0064556,https://ciwqs.waterboards.ca.gov/ciwqs/readOnly/CiwqsReportServlet?reportName=facilityAtAGlance&placeID=658148,422406,NPDES PERMIT,"383099,331910","4A190118001,4A190118001",9322_R4-2007-0046_ATT1.pdf,No,1.0
658148,4A190118001,Newhall Ranch WRP,Newhall Ranch SD,4,Major,R4-2019-0077,CA0064556,https://ciwqs.waterboards.ca.gov/ciwqs/readOnly/CiwqsReportServlet?reportName=facilityAtAGlance&placeID=658148,422406,NPDES PERMIT,"383099,331910","4A190118001,4A190118001",9322_R4-2007-0046_WDR_PKG.pdf,No,1.0
244348,7A130109011,Niland SD WWTP,Niland County Sanitation District,7,Minor,R7-2019-0005,CA0104451,https://ciwqs.waterboards.ca.gov/ciwqs/readOnly/CiwqsReportServlet?reportName=facilityAtAGlance&placeID=244348,430972,NPDES PERMIT,430972,7A130109011,0005niland_npdes.pdf,No,2.0
244566,2 417021002,North San Mateo County Sanitation District WWTP,North San Mateo County Sanitation District,2,Major,R2-2022-0036,CA0037737,https://ciwqs.waterboards.ca.gov/ciwqs/readOnly/CiwqsReportServlet?reportName=facilityAtAGlance&placeID=244566,450528,NPDES PERMIT,414390,2 417021001,CA0037737 NSMCSD Order R2-2022-0036.pdf,No,1.0
244566,2 417021002,North San Mateo County Sanitation District WWTP,North San Mateo County Sanitation District,2,Major,R2-2022-0036,CA0037737,https://ciwqs.waterboards.ca.gov/ciwqs/readOnly/CiwqsReportServlet?reportName=facilityAtAGlance&placeID=244566,450528,NPDES PERMIT,414390,2 417021001,R2-2017-0026 Final.pdf,No,1.0
244705,2 215022001,Novato and Ignacio WWTP,Novato Sanitary District,2,Major,R2-2020-0019,CA0037958,https://ciwqs.waterboards.ca.gov/ciwqs/readOnly/CiwqsReportServlet?reportName=facilityAtAGlance&placeID=244705,438539,NPDES PERMIT,"402040,374208","2 215022001,2 215022001",R2-2020-0019.pdf,No,1.0
244705,2 215022001,Novato and Ignacio WWTP,Novato Sanitary District,2,Major,R2-2020-0019,CA0037958,https://ciwqs.waterboards.ca.gov/ciwqs/readOnly/CiwqsReportServlet?reportName=facilityAtAGlance&placeID=244705,438539,NPDES PERMIT,"402040,374208","2 215022001,2 215022001",Novato SD - Order No. R2-2015-0034.pdf,No,1.0
244705,2 215022001,Novato and Ignacio WWTP,Novato Sanitary District,2,Major,R2-2020-0019,CA0037958,https://ciwqs.waterboards.ca.gov/ciwqs/readOnly/CiwqsReportServlet?reportName=facilityAtAGlance&placeID=244705,438539,NPDES PERMIT,"402040,374208","2 215022001,2 215022001",Novato_R2-2010-0074.pdf,No,1.0
255392,9 000000146,San Luis Rey Water Reclamation Facility (NPDES - Ocean Discharge),Oceanside City,SB,Major,R9-2019-0166,,https://ciwqs.waterboards.ca.gov/ciwqs/readOnly/CiwqsReportServlet?reportName=facilityAtAGlance&placeID=255392,434521,NPDES PERMIT,377272,9 000000146,AmendedOrderR920190166_Digitally Signed signed dwg 12-14-21.pdf,Yes,5.0
255392,9 000000146,San Luis Rey Water Reclamation Facility (NPDES - Ocean Discharge),Oceanside City,SB,Major,R9-2019-0166,,https://ciwqs.waterboards.ca.gov/ciwqs/readOnly/CiwqsReportServlet?reportName=facilityAtAGlance&placeID=255392,434521,NPDES PERMIT,377272,9 000000146,AmendingOrderR920210199_Digitally Signed signed dwg 12-14-21.pdf,Yes,5.0
255392,9 000000146,San Luis Rey Water Reclamation Facility (NPDES - Ocean Discharge),Oceanside City,SB,Major,R9-2019-0166,,https://ciwqs.waterboards.ca.gov/ciwqs/readOnly/CiwqsReportServlet?reportName=facilityAtAGlance&placeID=255392,434521,NPDES PERMIT,377272,9 000000146,Oceanside_Final_Adopted_Order_R9-2019-0166 (1).pdf,Yes,5.0
255392,9 000000146,San Luis Rey Water Reclamation Facility (NPDES - Ocean Discharge),Oceanside City,SB,Major,R9-2019-0166,,https://ciwqs.waterboards.ca.gov/ciwqs/readOnly/CiwqsReportServlet?reportName=facilityAtAGlance&placeID=255392,434521,NPDES PERMIT,377272,9 000000146,R9-2019-0166_Amended2020 signed dwg 08-17-20.pdf,Yes,5.0
255392,9 000000146,San Luis Rey Water Reclamation Facility (NPDES - Ocean Discharge),Oceanside City,SB,Major,R9-2019-0166,,https://ciwqs.waterboards.ca.gov/ciwqs/readOnly/CiwqsReportServlet?reportName=facilityAtAGlance&placeID=255392,434521,NPDES PERMIT,377272,9 000000146,R9-2020-0190_Final_Order signed dwg 08-17-20.pdf,Yes,5.0
255392,9 000000146,San Luis Rey Water Reclamation Facility (NPDES - Ocean Discharge),Oceanside City,SB,Major,R9-2019-0166,,https://ciwqs.waterboards.ca.gov/ciwqs/readOnly/CiwqsReportServlet?reportName=facilityAtAGlance&placeID=255392,434521,NPDES PERMIT,377272,9 000000146,R9-2011-0016_amended2.pdf,Yes,5.0
255392,9 000000146,San Luis Rey Water Reclamation Facility (NPDES - Ocean Discharge),Oceanside City,SB,Major,R9-2019-0166,,https://ciwqs.waterboards.ca.gov/ciwqs/readOnly/CiwqsReportServlet?reportName=facilityAtAGlance&placeID=255392,434521,NPDES PERMIT,377272,9 000000146,R9_2011_0016New2014.pdf,Yes,5.0
255392,9 000000146,San Luis Rey Water Reclamation Facility (NPDES - Ocean Discharge),Oceanside City,SB,Major,R9-2019-0166,,https://ciwqs.waterboards.ca.gov/ciwqs/readOnly/CiwqsReportServlet?reportName=facilityAtAGlance&placeID=255392,434521,NPDES PERMIT,377272,9 000000146,R9_2014_0108.pdf,Yes,5.0
245795,9 000000146,Oceanside Ocean Outfall,Oceanside City,9,Major,R9-2019-0166,CA0107433,https://ciwqs.waterboards.ca.gov/ciwqs/readOnly/CiwqsReportServlet?reportName=facilityAtAGlance&placeID=245795,434521,NPDES PERMIT,377272,9 000000146,AmendedOrderR920190166_Digitally Signed signed dwg 12-14-21.pdf,Yes,5.0
245795,9 000000146,Oceanside Ocean Outfall,Oceanside City,9,Major,R9-2019-0166,CA0107433,https://ciwqs.waterboards.ca.gov/ciwqs/readOnly/CiwqsReportServlet?reportName=facilityAtAGlance&placeID=245795,434521,NPDES PERMIT,377272,9 000000146,AmendingOrderR920210199_Digitally Signed signed dwg 12-14-21.pdf,Yes,5.0
245795,9 000000146,Oceanside Ocean Outfall,Oceanside City,9,Major,R9-2019-0166,CA0107433,https://ciwqs.waterboards.ca.gov/ciwqs/readOnly/CiwqsReportServlet?reportName=facilityAtAGlance&placeID=245795,434521,NPDES PERMIT,377272,9 000000146,Oceanside_Final_Adopted_Order_R9-2019-0166 (1).pdf,Yes,5.0
245795,9 000000146,Oceanside Ocean Outfall,Oceanside City,9,Major,R9-2019-0166,CA0107433,https://ciwqs.waterboards.ca.gov/ciwqs/readOnly/CiwqsReportServlet?reportName=facilityAtAGlance&placeID=245795,434521,NPDES PERMIT,377272,9 000000146,R9-2019-0166_Amended2020 signed dwg 08-17-20.pdf,Yes,5.0
245795,9 000000146,Oceanside Ocean Outfall,Oceanside City,9,Major,R9-2019-0166,CA0107433,https://ciwqs.waterboards.ca.gov/ciwqs/readOnly/CiwqsReportServlet?reportName=facilityAtAGlance&placeID=245795,434521,NPDES PERMIT,377272,9 000000146,R9-2020-0190_Final_Order signed dwg 08-17-20.pdf,Yes,5.0
245795,9 000000146,Oceanside Ocean Outfall,Oceanside City,9,Major,R9-2019-0166,CA0107433,https://ciwqs.waterboards.ca.gov/ciwqs/readOnly/CiwqsReportServlet?reportName=facilityAtAGlance&placeID=245795,434521,NPDES PERMIT,377272,9 000000146,R9-2011-0016_amended2.pdf,Yes,5.0
245795,9 000000146,Oceanside Ocean Outfall,Oceanside City,9,Major,R9-2019-0166,CA0107433,https://ciwqs.waterboards.ca.gov/ciwqs/readOnly/CiwqsReportServlet?reportName=facilityAtAGlance&placeID=245795,434521,NPDES PERMIT,377272,9 000000146,R9_2011_0016New2014.pdf,Yes,5.0
245795,9 000000146,Oceanside Ocean Outfall,Oceanside City,9,Major,R9-2019-0166,CA0107433,https://ciwqs.waterboards.ca.gov/ciwqs/readOnly/CiwqsReportServlet?reportName=facilityAtAGlance&placeID=245795,434521,NPDES PERMIT,377272,9 000000146,R9_2014_0108.pdf,Yes,5.0
236019,9 000000146,"La Salina WWTP, Oceanside Ocean Outfall",Oceanside City,SB,Major,R9-2019-0166,,https://ciwqs.waterboards.ca.gov/ciwqs/readOnly/CiwqsReportServlet?reportName=facilityAtAGlance&placeID=236019,434521,NPDES PERMIT,377272,9 000000146,AmendedOrderR920190166_Digitally Signed signed dwg 12-14-21.pdf,Yes,5.0
236019,9 000000146,"La Salina WWTP, Oceanside Ocean Outfall",Oceanside City,SB,Major,R9-2019-0166,,https://ciwqs.waterboards.ca.gov/ciwqs/readOnly/CiwqsReportServlet?reportName=facilityAtAGlance&placeID=236019,434521,NPDES PERMIT,377272,9 000000146,AmendingOrderR920210199_Digitally Signed signed dwg 12-14-21.pdf,Yes,5.0
236019,9 000000146,"La Salina WWTP, Oceanside Ocean Outfall",Oceanside City,SB,Major,R9-2019-0166,,https://ciwqs.waterboards.ca.gov/ciwqs/readOnly/CiwqsReportServlet?reportName=facilityAtAGlance&placeID=236019,434521,NPDES PERMIT,377272,9 000000146,Oceanside_Final_Adopted_Order_R9-2019-0166 (1).pdf,Yes,5.0
236019,9 000000146,"La Salina WWTP, Oceanside Ocean Outfall",Oceanside City,SB,Major,R9-2019-0166,,https://ciwqs.waterboards.ca.gov/ciwqs/readOnly/CiwqsReportServlet?reportName=facilityAtAGlance&placeID=236019,434521,NPDES PERMIT,377272,9 000000146,R9-2019-0166_Amended2020 signed dwg 08-17-20.pdf,Yes,5.0
236019,9 000000146,"La Salina WWTP, Oceanside Ocean Outfall",Oceanside City,SB,Major,R9-2019-0166,,https://ciwqs.waterboards.ca.gov/ciwqs/readOnly/CiwqsReportServlet?reportName=facilityAtAGlance&placeID=236019,434521,NPDES PERMIT,377272,9 000000146,R9-2020-0190_Final_Order signed dwg 08-17-20.pdf,Yes,5.0
236019,9 000000146,"La Salina WWTP, Oceanside Ocean Outfall",Oceanside City,SB,Major,R9-2019-0166,,https://ciwqs.waterboards.ca.gov/ciwqs/readOnly/CiwqsReportServlet?reportName=facilityAtAGlance&placeID=236019,434521,NPDES PERMIT,377272,9 000000146,R9-2011-0016_amended2.pdf,Yes,5.0
236019,9 000000146,"La Salina WWTP, Oceanside Ocean Outfall",Oceanside City,SB,Major,R9-2019-0166,,https://ciwqs.waterboards.ca.gov/ciwqs/readOnly/CiwqsReportServlet?reportName=facilityAtAGlance&placeID=236019,434521,NPDES PERMIT,377272,9 000000146,R9_2011_0016New2014.pdf,Yes,5.0
236019,9 000000146,"La Salina WWTP, Oceanside Ocean Outfall",Oceanside City,SB,Major,R9-2019-0166,,https://ciwqs.waterboards.ca.gov/ciwqs/readOnly/CiwqsReportServlet?reportName=facilityAtAGlance&placeID=236019,434521,NPDES PERMIT,377272,9 000000146,R9_2014_0108.pdf,Yes,5.0
246616,4A560104001,Ojai Valley WWTP,Ojai Valley Sanitary District,4,Major,R4-2023-0430,CA0053961,https://ciwqs.waterboards.ca.gov/ciwqs/readOnly/CiwqsReportServlet?reportName=facilityAtAGlance&placeID=246616,455050,NPDES PERMIT,"424638,388393,345520","4A560104001,4A560104001,4A560104001",Adopted Order Ojai NPDES CI 4245 12212023_ADAchecked.pdf,No,5.0
246616,4A560104001,Ojai Valley WWTP,Ojai Valley Sanitary District,4,Major,R4-2023-0430,CA0053961,https://ciwqs.waterboards.ca.gov/ciwqs/readOnly/CiwqsReportServlet?reportName=facilityAtAGlance&placeID=246616,455050,NPDES PERMIT,"424638,388393,345520","4A560104001,4A560104001,4A560104001",4245_R4-2018-0170_WDR_PKG.pdf,No,5.0
246616,4A560104001,Ojai Valley WWTP,Ojai Valley Sanitary District,4,Major,R4-2023-0430,CA0053961,https://ciwqs.waterboards.ca.gov/ciwqs/readOnly/CiwqsReportServlet?reportName=facilityAtAGlance&placeID=246616,455050,NPDES PERMIT,"424638,388393,345520","4A560104001,4A560104001,4A560104001",4245_R4-2013-0173_WDR_PKG.pdf,No,5.0
246616,4A560104001,Ojai Valley WWTP,Ojai Valley Sanitary District,4,Major,R4-2023-0430,CA0053961,https://ciwqs.waterboards.ca.gov/ciwqs/readOnly/CiwqsReportServlet?reportName=facilityAtAGlance&placeID=246616,455050,NPDES PERMIT,"424638,388393,345520","4A560104001,4A560104001,4A560104001",4245_R4-2008-0039_WDR_PKG.pdf,No,5.0
245949,5A580102001,Olivehurst WWTP,Olivehurst PUD,5S,Major,R5-2021-0024,CA0077836,https://ciwqs.waterboards.ca.gov/ciwqs/readOnly/CiwqsReportServlet?reportName=facilityAtAGlance&placeID=245949,443216,NPDES PERMIT,"405016,374864,133347","5A580102001,5A580102001,5A580102001",r5-2021-0024_npdes.pdf,No,1.0
245949,5A580102001,Olivehurst WWTP,Olivehurst PUD,5S,Major,R5-2021-0024,CA0077836,https://ciwqs.waterboards.ca.gov/ciwqs/readOnly/CiwqsReportServlet?reportName=facilityAtAGlance&placeID=245949,443216,NPDES PERMIT,"405016,374864,133347","5A580102001,5A580102001,5A580102001",r5-2016-0001.pdf,No,1.0
245949,5A580102001,Olivehurst WWTP,Olivehurst PUD,5S,Major,R5-2021-0024,CA0077836,https://ciwqs.waterboards.ca.gov/ciwqs/readOnly/CiwqsReportServlet?reportName=facilityAtAGlance&placeID=245949,443216,NPDES PERMIT,"405016,374864,133347","5A580102001,5A580102001,5A580102001",r5-2010-0074.pdf,No,1.0
245949,5A580102001,Olivehurst WWTP,Olivehurst PUD,5S,Major,R5-2021-0024,CA0077836,https://ciwqs.waterboards.ca.gov/ciwqs/readOnly/CiwqsReportServlet?reportName=facilityAtAGlance&placeID=245949,443216,NPDES PERMIT,"405016,374864,133347","5A580102001,5A580102001,5A580102001",r5-2004-0094.pdf,No,1.0
758392,8 300110002,OCSD Plant 1,Orange CSD,8,Major,R8-2021-0010,CA0110604,https://ciwqs.waterboards.ca.gov/ciwqs/readOnly/CiwqsReportServlet?reportName=facilityAtAGlance&placeID=758392,422465,NPDES PERMIT,"386791,298337","8 300110002,8 300110002",R8-2021-0010_OCSD.pdf,Yes,1.0
758392,8 300110002,OCSD Plant 1,Orange CSD,8,Major,R8-2021-0010,CA0110604,https://ciwqs.waterboards.ca.gov/ciwqs/readOnly/CiwqsReportServlet?reportName=facilityAtAGlance&placeID=758392,422465,NPDES PERMIT,"386791,298337","8 300110002,8 300110002",12-0035_OCSD_WDR_&_NPDES.pdf,Yes,1.0
758392,8 300110002,OCSD Plant 1,Orange CSD,8,Major,R8-2021-0010,CA0110604,https://ciwqs.waterboards.ca.gov/ciwqs/readOnly/CiwqsReportServlet?reportName=facilityAtAGlance&placeID=758392,422465,NPDES PERMIT,"386791,298337","8 300110002,8 300110002",04-62.pdf,Yes,1.0
259158,8 300110002,OCSD Plant 2,Orange CSD,8,Major,R8-2021-0010,CA0110604,https://ciwqs.waterboards.ca.gov/ciwqs/readOnly/CiwqsReportServlet?reportName=facilityAtAGlance&placeID=259158,422465,NPDES PERMIT,"386791,298337","8 300110002,8 300110002",R8-2021-0010_OCSD.pdf,Yes,1.0
259158,8 300110002,OCSD Plant 2,Orange CSD,8,Major,R8-2021-0010,CA0110604,https://ciwqs.waterboards.ca.gov/ciwqs/readOnly/CiwqsReportServlet?reportName=facilityAtAGlance&placeID=259158,422465,NPDES PERMIT,"386791,298337","8 300110002,8 300110002",12-0035_OCSD_WDR_&_NPDES.pdf,Yes,1.0
259158,8 300110002,OCSD Plant 2,Orange CSD,8,Major,R8-2021-0010,CA0110604,https://ciwqs.waterboards.ca.gov/ciwqs/readOnly/CiwqsReportServlet?reportName=facilityAtAGlance&placeID=259158,422465,NPDES PERMIT,"386791,298337","8 300110002,8 300110002",04-62.pdf,Yes,1.0
228046,8 303545001,Groundwater Replenishment System - Advanced WTF,,,,R8-2022-0002,,https://ciwqs.waterboards.ca.gov/ciwqs/readOnly/CiwqsReportServlet?reportName=facilityAtAGlance&placeID=228046,447591,NPDES PERMIT,"399185,349566","8 303545001,8 303545001",R8-2022-0002_OCWD_NPDES.pdf,No,1.0
228046,8 303545001,Groundwater Replenishment System - Advanced WTF,,,,R8-2022-0002,,https://ciwqs.waterboards.ca.gov/ciwqs/readOnly/CiwqsReportServlet?reportName=facilityAtAGlance&placeID=228046,447591,NPDES PERMIT,"399185,349566","8 303545001,8 303545001",14-0069_OCWD_AWPF_NPDES.pdf,No,1.0
228046,8 303545001,Groundwater Replenishment System - Advanced WTF,,,,R8-2022-0002,,https://ciwqs.waterboards.ca.gov/ciwqs/readOnly/CiwqsReportServlet?reportName=facilityAtAGlance&placeID=228046,447591,NPDES PERMIT,"399185,349566","8 303545001,8 303545001",08-0004 OCWD Groundwater Replenishment System_Emergency Disch to R1_final.pdf,No,1.0
858381,,Region 2 Watershed Nutrient Permittees,Organizations Under Region 2 Watershed Permit,2,Minor,R2-2019-0017,CA0038873,https://ciwqs.waterboards.ca.gov/ciwqs/readOnly/CiwqsReportServlet?reportName=facilityAtAGlance&placeID=858381,430605,NPDES PERMIT,,,R2-2019-0017.pdf,No,1.0
246946,4A560105001,Oxnard WWTP,Oxnard City Wastewater Division,4,Major,R4-2018-0140,CA0054097,https://ciwqs.waterboards.ca.gov/ciwqs/readOnly/CiwqsReportServlet?reportName=facilityAtAGlance&placeID=246946,419071,NPDES PERMIT,"392492,349158","4A560105001,4A560105001",2022_R4-2018-0140_WDR_PKG.pdf,No,2.0
246946,4A560105001,Oxnard WWTP,Oxnard City Wastewater Division,4,Major,R4-2018-0140,CA0054097,https://ciwqs.waterboards.ca.gov/ciwqs/readOnly/CiwqsReportServlet?reportName=facilityAtAGlance&placeID=246946,419071,NPDES PERMIT,"392492,349158","4A560105001,4A560105001",2022_R4-2013-0094_WDR_PKG.pdf,No,2.0
246946,4A560105001,Oxnard WWTP,Oxnard City Wastewater Division,4,Major,R4-2018-0140,CA0054097,https://ciwqs.waterboards.ca.gov/ciwqs/readOnly/CiwqsReportServlet?reportName=facilityAtAGlance&placeID=246946,419071,NPDES PERMIT,"392492,349158","4A560105001,4A560105001",2022_R4-2008-0029_WDR.pdf,No,2.0
246946,4A560105001,Oxnard WWTP,Oxnard City Wastewater Division,4,Major,R4-2018-0140,CA0054097,https://ciwqs.waterboards.ca.gov/ciwqs/readOnly/CiwqsReportServlet?reportName=facilityAtAGlance&placeID=246946,419071,NPDES PERMIT,"392492,349158","4A560105001,4A560105001",2022_R4-2010-0048_AMD.pdf,No,2.0
247351,9 000000053,East County Water Recycling Facility,,,,R9-2022-0003,,https://ciwqs.waterboards.ca.gov/ciwqs/readOnly/CiwqsReportServlet?reportName=facilityAtAGlance&placeID=247351,445333,NPDES PERMIT,"400978,364714","9 000000053,9 000000053",Finalorder_r9_2022_0003 signed dwg 02-11-22.pdf,No,1.0
247351,9 000000053,East County Water Recycling Facility,,,,R9-2022-0003,,https://ciwqs.waterboards.ca.gov/ciwqs/readOnly/CiwqsReportServlet?reportName=facilityAtAGlance&placeID=247351,445333,NPDES PERMIT,"400978,364714","9 000000053,9 000000053",AdoptedOrderR9-2015-0002.pdf,No,1.0
247351,9 000000053,East County Water Recycling Facility,,,,R9-2022-0003,,https://ciwqs.waterboards.ca.gov/ciwqs/readOnly/CiwqsReportServlet?reportName=facilityAtAGlance&placeID=247351,445333,NPDES PERMIT,"400978,364714","9 000000053,9 000000053",CA0107492_FinalAmendedOrder.pdf,No,1.0
247351,9 000000053,East County Water Recycling Facility,,,,R9-2022-0003,,https://ciwqs.waterboards.ca.gov/ciwqs/readOnly/CiwqsReportServlet?reportName=facilityAtAGlance&placeID=247351,445333,NPDES PERMIT,"400978,364714","9 000000053,9 000000053",Padre Dam 2009 NPDES Permit.pdf,No,1.0
247457,2 438011001,Palo Alto Regional WQCP,Palo Alto City,2,Major,R2-2019-0015,CA0037834,https://ciwqs.waterboards.ca.gov/ciwqs/readOnly/CiwqsReportServlet?reportName=facilityAtAGlance&placeID=247457,,NPDES PERMIT,,,,No,0.0
247782,5C500105001,City of Patterson WQCF,,,,94-242,,https://ciwqs.waterboards.ca.gov/ciwqs/readOnly/CiwqsReportServlet?reportName=facilityAtAGlance&placeID=247782,,NPDES PERMIT,,,,No,0.0
248087,2 494006001,Petaluma Ellis Creek Water Recycling Facility (NPDES Permit),Petaluma City PWD,2,Major,R2-2021-0008,CA0037810,https://ciwqs.waterboards.ca.gov/ciwqs/readOnly/CiwqsReportServlet?reportName=facilityAtAGlance&placeID=248087,443296,NPDES PERMIT,377655,2 494006001,Order R2-2021-0008 (1).pdf,No,1.0
248087,2 494006001,Petaluma Ellis Creek Water Recycling Facility (NPDES Permit),Petaluma City PWD,2,Major,R2-2021-0008,CA0037810,https://ciwqs.waterboards.ca.gov/ciwqs/readOnly/CiwqsReportServlet?reportName=facilityAtAGlance&placeID=248087,443296,NPDES PERMIT,377655,2 494006001,petaluma R2-2011-0003.pdf,No,1.0
217831,2 071032001,City of Pinole WWTP,Pinole City,2,Major,R2-2023-0008,CA0037796,https://ciwqs.waterboards.ca.gov/ciwqs/readOnly/CiwqsReportServlet?reportName=facilityAtAGlance&placeID=217831,453054,NPDES PERMIT,419500,2 071032001,R2-2023-0008.pdf,No,1.0
217831,2 071032001,City of Pinole WWTP,Pinole City,2,Major,R2-2023-0008,CA0037796,https://ciwqs.waterboards.ca.gov/ciwqs/readOnly/CiwqsReportServlet?reportName=facilityAtAGlance&placeID=217831,453054,NPDES PERMIT,419500,2 071032001,City of Pinole - Order No. R2-2018-0004.pdf,No,1.0
248519,3 400106001,Pismo Beach WWTP,Pismo Beach City ,SB,"Major, Minor",R3-2015-0016,,https://ciwqs.waterboards.ca.gov/ciwqs/readOnly/CiwqsReportServlet?reportName=facilityAtAGlance&placeID=248519,403753,NPDES PERMIT,371964,3 400106001,2015_0016_npdes.pdf.pdf,No,1.0
254925,5A310104011,"Placer Cnty SA No 28, ZONE No.6, Sheridan WWTP",Placer Cnty Dept of Facility Services,5S,Minor,R5-2002-0208,,https://ciwqs.waterboards.ca.gov/ciwqs/readOnly/CiwqsReportServlet?reportName=facilityAtAGlance&placeID=254925,,NPDES PERMIT,,,,No,0.0
229595,5A090100001,Hangtown Creek WRF,Placerville City,5S,Major,R5-2014-0015-01,CAC439621,https://ciwqs.waterboards.ca.gov/ciwqs/readOnly/CiwqsReportServlet?reportName=facilityAtAGlance&placeID=229595,395004,NPDES PERMIT,345322,5A090100001,r5-2014-0015-01.pdf,No,4.0
229595,5A090100001,Hangtown Creek WRF,Placerville City,5S,Major,R5-2014-0015-01,CAC439621,https://ciwqs.waterboards.ca.gov/ciwqs/readOnly/CiwqsReportServlet?reportName=facilityAtAGlance&placeID=229595,395004,NPDES PERMIT,345322,5A090100001,r5-2014-0015.pdf,No,4.0
229595,5A090100001,Hangtown Creek WRF,Placerville City,5S,Major,R5-2014-0015-01,CAC439621,https://ciwqs.waterboards.ca.gov/ciwqs/readOnly/CiwqsReportServlet?reportName=facilityAtAGlance&placeID=229595,395004,NPDES PERMIT,345322,5A090100001,R5-2010-0026.pdf,No,4.0
229595,5A090100001,Hangtown Creek WRF,Placerville City,5S,Major,R5-2014-0015-01,CAC439621,https://ciwqs.waterboards.ca.gov/ciwqs/readOnly/CiwqsReportServlet?reportName=facilityAtAGlance&placeID=229595,395004,NPDES PERMIT,345322,5A090100001,r5-2008-0053.pdf,No,4.0
273182,5C240110001,Planada WWTF,,,,R5-2011-0042,,https://ciwqs.waterboards.ca.gov/ciwqs/readOnly/CiwqsReportServlet?reportName=facilityAtAGlance&placeID=273182,371145,NPDES PERMIT,133350,5C240110001,r5-2011-0042.pdf,No,2.0
273182,5C240110001,Planada WWTF,,,,R5-2011-0042,,https://ciwqs.waterboards.ca.gov/ciwqs/readOnly/CiwqsReportServlet?reportName=facilityAtAGlance&placeID=273182,371145,NPDES PERMIT,133350,5C240110001,r5-2005-0009.pdf,No,2.0
248936,5A320102001,Portola WWTP,Portola City,5R,Minor,R5-2024-0023,CA0077844,https://ciwqs.waterboards.ca.gov/ciwqs/readOnly/CiwqsReportServlet?reportName=facilityAtAGlance&placeID=248936,451326,NPDES PERMIT,"397557,334608","5A320102001,5A320102001",r5-2024-0023_npdes.pdf,No,1.0
248936,5A320102001,Portola WWTP,Portola City,5R,Minor,R5-2024-0023,CA0077844,https://ciwqs.waterboards.ca.gov/ciwqs/readOnly/CiwqsReportServlet?reportName=facilityAtAGlance&placeID=248936,451326,NPDES PERMIT,"397557,334608","5A320102001,5A320102001",r5-2018-0088.pdf,No,1.0
248936,5A320102001,Portola WWTP,Portola City,5R,Minor,R5-2024-0023,CA0077844,https://ciwqs.waterboards.ca.gov/ciwqs/readOnly/CiwqsReportServlet?reportName=facilityAtAGlance&placeID=248936,451326,NPDES PERMIT,"397557,334608","5A320102001,5A320102001",r5-2009-0093.pdf,No,1.0
252119,5A520101001,Red Bluff WW Reclamation Plant,Red Bluff City ,5R,Major,R5-2023-0048,CA0078891,https://ciwqs.waterboards.ca.gov/ciwqs/readOnly/CiwqsReportServlet?reportName=facilityAtAGlance&placeID=252119,448935,NPDES PERMIT,"421692,378830","5A520101001,5A520101001",r5_2023-0048_npdes.pdf,No,1.0
252119,5A520101001,Red Bluff WW Reclamation Plant,Red Bluff City ,5R,Major,R5-2023-0048,CA0078891,https://ciwqs.waterboards.ca.gov/ciwqs/readOnly/CiwqsReportServlet?reportName=facilityAtAGlance&placeID=252119,448935,NPDES PERMIT,"421692,378830","5A520101001,5A520101001",R5-2018-0041.pdf,No,1.0
252119,5A520101001,Red Bluff WW Reclamation Plant,Red Bluff City ,5R,Major,R5-2023-0048,CA0078891,https://ciwqs.waterboards.ca.gov/ciwqs/readOnly/CiwqsReportServlet?reportName=facilityAtAGlance&placeID=252119,448935,NPDES PERMIT,"421692,378830","5A520101001,5A520101001",R5-2013-0044.pdf,No,1.0
252211,1B83147OHUM,Redway POTW,Redway CSD,1,Minor,R1-2023-0004,CA0022781,https://ciwqs.waterboards.ca.gov/ciwqs/readOnly/CiwqsReportServlet?reportName=facilityAtAGlance&placeID=252211,451223,NPDES PERMIT,"416349,376682,316387","1B83147OHUM,1B83147OHUM,1B83147OHUM",23_0004_Redway_CSD_NPDES_01.26.23_EOsigned.pdf,No,1.0
252211,1B83147OHUM,Redway POTW,Redway CSD,1,Minor,R1-2023-0004,CA0022781,https://ciwqs.waterboards.ca.gov/ciwqs/readOnly/CiwqsReportServlet?reportName=facilityAtAGlance&placeID=252211,451223,NPDES PERMIT,"416349,376682,316387","1B83147OHUM,1B83147OHUM,1B83147OHUM",17_0006_Redway CSD_WWTF_NPDES.pdf,No,1.0
252211,1B83147OHUM,Redway POTW,Redway CSD,1,Minor,R1-2023-0004,CA0022781,https://ciwqs.waterboards.ca.gov/ciwqs/readOnly/CiwqsReportServlet?reportName=facilityAtAGlance&placeID=252211,451223,NPDES PERMIT,"416349,376682,316387","1B83147OHUM,1B83147OHUM,1B83147OHUM",11_0046_NPDES_Redway_LMB_110627.pdf,No,1.0
252211,1B83147OHUM,Redway POTW,Redway CSD,1,Minor,R1-2023-0004,CA0022781,https://ciwqs.waterboards.ca.gov/ciwqs/readOnly/CiwqsReportServlet?reportName=facilityAtAGlance&placeID=252211,451223,NPDES PERMIT,"416349,376682,316387","1B83147OHUM,1B83147OHUM,1B83147OHUM",060802_0022_RedwayNPDES.pdf,No,1.0
252211,1B83147OHUM,Redway POTW,Redway CSD,1,Minor,R1-2023-0004,CA0022781,https://ciwqs.waterboards.ca.gov/ciwqs/readOnly/CiwqsReportServlet?reportName=facilityAtAGlance&placeID=252211,451223,NPDES PERMIT,"416349,376682,316387","1B83147OHUM,1B83147OHUM,1B83147OHUM",060804_0022_RedwayNPDES_Fact_Sheet.pdf,No,1.0
273131,5D100113001,Reedley WWTF,,,,R5-2001-0257,,https://ciwqs.waterboards.ca.gov/ciwqs/readOnly/CiwqsReportServlet?reportName=facilityAtAGlance&placeID=273131,355592,NPDES PERMIT,,,,No,0.0
259149,8 360112001,Rialto WWRF,Rialto City,SB,Major,R8-2014-0010,,https://ciwqs.waterboards.ca.gov/ciwqs/readOnly/CiwqsReportServlet?reportName=facilityAtAGlance&placeID=259149,381374,NPDES PERMIT,327033,8 360112001,14-0010_Rialto_City_of_Renewal_WDR_MWWTP.pdf,No,1.0
259149,8 360112001,Rialto WWRF,Rialto City,SB,Major,R8-2014-0010,,https://ciwqs.waterboards.ca.gov/ciwqs/readOnly/CiwqsReportServlet?reportName=facilityAtAGlance&placeID=259149,381374,NPDES PERMIT,327033,8 360112001,07-0006.pdf,No,1.0
252657,2 071107001,Richmond WPCP,,,,R2-2019-0003,,https://ciwqs.waterboards.ca.gov/ciwqs/readOnly/CiwqsReportServlet?reportName=facilityAtAGlance&placeID=252657,428795,NPDES PERMIT,349718,2 071037001,WCA R2-2019-0003 - 02-2019.pdf,Yes,1.0
252657,2 071107001,Richmond WPCP,,,,R2-2019-0003,,https://ciwqs.waterboards.ca.gov/ciwqs/readOnly/CiwqsReportServlet?reportName=facilityAtAGlance&placeID=252657,428795,NPDES PERMIT,349718,2 071037001,WCA R2-2008-0003.pdf,Yes,1.0
252660,5A040105001,Richvale WWTF,,,,90-167,,https://ciwqs.waterboards.ca.gov/ciwqs/readOnly/CiwqsReportServlet?reportName=facilityAtAGlance&placeID=252660,,NPDES PERMIT,,,,No,0.0
236190,5A520104001,Lake California WWTP,Rio Alto WD,5R,Minor,R5-2010-0103,,https://ciwqs.waterboards.ca.gov/ciwqs/readOnly/CiwqsReportServlet?reportName=facilityAtAGlance&placeID=236190,371737,NPDES PERMIT,,,r5-2010-0103.pdf,No,2.0
252750,1B83134OHUM,Rio Dell City WWTF,Rio Dell City,1,"Major, Minor",R1-2023-0022,CA0022748,https://ciwqs.waterboards.ca.gov/ciwqs/readOnly/CiwqsReportServlet?reportName=facilityAtAGlance&placeID=252750,454754,NPDES PERMIT,"406955,376936,316390","1B83134OHUM,1B83134OHUM,1B83134OHUM",Order No. 2023-0022 Combined.pdf,No,1.0
252750,1B83134OHUM,Rio Dell City WWTF,Rio Dell City,1,"Major, Minor",R1-2023-0022,CA0022748,https://ciwqs.waterboards.ca.gov/ciwqs/readOnly/CiwqsReportServlet?reportName=facilityAtAGlance&placeID=252750,454754,NPDES PERMIT,"406955,376936,316390","1B83134OHUM,1B83134OHUM,1B83134OHUM",17_0007_City_of_RioDell_WWTP_NPDES.pdf,No,1.0
252750,1B83134OHUM,Rio Dell City WWTF,Rio Dell City,1,"Major, Minor",R1-2023-0022,CA0022748,https://ciwqs.waterboards.ca.gov/ciwqs/readOnly/CiwqsReportServlet?reportName=facilityAtAGlance&placeID=252750,454754,NPDES PERMIT,"406955,376936,316390","1B83134OHUM,1B83134OHUM,1B83134OHUM",11_0054_NPDES_RioDell_LMB_110930.pdf,No,1.0
252750,1B83134OHUM,Rio Dell City WWTF,Rio Dell City,1,"Major, Minor",R1-2023-0022,CA0022748,https://ciwqs.waterboards.ca.gov/ciwqs/readOnly/CiwqsReportServlet?reportName=facilityAtAGlance&placeID=252750,454754,NPDES PERMIT,"406955,376936,316390","1B83134OHUM,1B83134OHUM,1B83134OHUM",06_0021_NPDES_RioDell_permit_Modified_110201_LMB.pdf,No,1.0
252750,1B83134OHUM,Rio Dell City WWTF,Rio Dell City,1,"Major, Minor",R1-2023-0022,CA0022748,https://ciwqs.waterboards.ca.gov/ciwqs/readOnly/CiwqsReportServlet?reportName=facilityAtAGlance&placeID=252750,454754,NPDES PERMIT,"406955,376936,316390","1B83134OHUM,1B83134OHUM,1B83134OHUM",11_0003_RESOLUTION_RioDell_WERModOrder_110201_LMB.pdf,No,1.0
252771,5A480104001,Beach WWTF,Rio Vista City,5S,Minor,R5-2019-0016,CA0079588,https://ciwqs.waterboards.ca.gov/ciwqs/readOnly/CiwqsReportServlet?reportName=facilityAtAGlance&placeID=252771,428745,NPDES PERMIT,"395363,366405","5A480104001,5A480104001",R5-2019-0016.pdf,No,2.0
252771,5A480104001,Beach WWTF,Rio Vista City,5S,Minor,R5-2019-0016,CA0079588,https://ciwqs.waterboards.ca.gov/ciwqs/readOnly/CiwqsReportServlet?reportName=facilityAtAGlance&placeID=252771,428745,NPDES PERMIT,"395363,366405","5A480104001,5A480104001",r5-2014-0122.pdf,Yes,2.0
252771,5A480104001,Beach WWTF,Rio Vista City,5S,Minor,R5-2019-0016,CA0079588,https://ciwqs.waterboards.ca.gov/ciwqs/readOnly/CiwqsReportServlet?reportName=facilityAtAGlance&placeID=252771,428745,NPDES PERMIT,"395363,366405","5A480104001,5A480104001",r5-2014_0012.pdf,No,2.0
252771,5A480104001,Beach WWTF,Rio Vista City,5S,Minor,R5-2019-0016,CA0079588,https://ciwqs.waterboards.ca.gov/ciwqs/readOnly/CiwqsReportServlet?reportName=facilityAtAGlance&placeID=252771,428745,NPDES PERMIT,"395363,366405","5A480104001,5A480104001",R5-2008-0108-01.pdf,No,2.0
266439,5A480108001,Northwest WWTF,Rio Vista City,5S,"Major, Minor",R5-2021-0004,CA0083771,https://ciwqs.waterboards.ca.gov/ciwqs/readOnly/CiwqsReportServlet?reportName=facilityAtAGlance&placeID=266439,442757,NPDES PERMIT,"404089,375998","5A480108001,5A480108001",r5-2021-0004.pdf,No,1.0
266439,5A480108001,Northwest WWTF,Rio Vista City,5S,"Major, Minor",R5-2021-0004,CA0083771,https://ciwqs.waterboards.ca.gov/ciwqs/readOnly/CiwqsReportServlet?reportName=facilityAtAGlance&placeID=266439,442757,NPDES PERMIT,"404089,375998","5A480108001,5A480108001",r5-2015-0141.pdf,No,1.0
266439,5A480108001,Northwest WWTF,Rio Vista City,5S,"Major, Minor",R5-2021-0004,CA0083771,https://ciwqs.waterboards.ca.gov/ciwqs/readOnly/CiwqsReportServlet?reportName=facilityAtAGlance&placeID=266439,442757,NPDES PERMIT,"404089,375998","5A480108001,5A480108001",R5-2010-0081.pdf,No,1.0
266439,5A480108001,Northwest WWTF,Rio Vista City,5S,"Major, Minor",R5-2021-0004,CA0083771,https://ciwqs.waterboards.ca.gov/ciwqs/readOnly/CiwqsReportServlet?reportName=facilityAtAGlance&placeID=266439,442757,NPDES PERMIT,"404089,375998","5A480108001,5A480108001",r5-2014-0122.pdf,Yes,1.0
229559,5A581007001,Hammonton Gold Village WWTP,River Highlands CSD,5S,Minor,R5-2022-0024,CA0081574,https://ciwqs.waterboards.ca.gov/ciwqs/readOnly/CiwqsReportServlet?reportName=facilityAtAGlance&placeID=229559,447871,NPDES PERMIT,"412827,382772","5A581007001,5A581007001",r5-2022-0024_npdes.pdf,No,1.0
229559,5A581007001,Hammonton Gold Village WWTP,River Highlands CSD,5S,Minor,R5-2022-0024,CA0081574,https://ciwqs.waterboards.ca.gov/ciwqs/readOnly/CiwqsReportServlet?reportName=facilityAtAGlance&placeID=229559,447871,NPDES PERMIT,"412827,382772","5A581007001,5A581007001",r5-2017-0037.pdf,No,1.0
229559,5A581007001,Hammonton Gold Village WWTP,River Highlands CSD,5S,Minor,R5-2022-0024,CA0081574,https://ciwqs.waterboards.ca.gov/ciwqs/readOnly/CiwqsReportServlet?reportName=facilityAtAGlance&placeID=229559,447871,NPDES PERMIT,"412827,382772","5A581007001,5A581007001",r5-2011-0086.pdf,No,1.0
259150,8 330117003,Riverside City WWRF,Riverside City,SB,Major,R8-2013-0016,,https://ciwqs.waterboards.ca.gov/ciwqs/readOnly/CiwqsReportServlet?reportName=facilityAtAGlance&placeID=259150,376054,NPDES PERMIT,303260,8 330117003,13-0016_Riverside_City_of_Dept_of_Public_Works.pdf,No,2.0
259150,8 330117003,Riverside City WWRF,Riverside City,SB,Major,R8-2013-0016,,https://ciwqs.waterboards.ca.gov/ciwqs/readOnly/CiwqsReportServlet?reportName=facilityAtAGlance&placeID=259150,376054,NPDES PERMIT,303260,8 330117003,06-0009.pdf,No,2.0
253174,2 071039001,Rodeo Sanitary District WWTP,Rodeo Sanitary District,2,Major,R2-2022-0037,CA0037826,https://ciwqs.waterboards.ca.gov/ciwqs/readOnly/CiwqsReportServlet?reportName=facilityAtAGlance&placeID=253174,450497,NPDES PERMIT,416321,2 071039001,R2-2022-0037.pdf,No,1.0
253174,2 071039001,Rodeo Sanitary District WWTP,Rodeo Sanitary District,2,Major,R2-2022-0037,CA0037826,https://ciwqs.waterboards.ca.gov/ciwqs/readOnly/CiwqsReportServlet?reportName=facilityAtAGlance&placeID=253174,450497,NPDES PERMIT,416321,2 071039001,R2-2017-0034.pdf,No,1.0
248706,5A310106007,Pleasant Grove WWTP,Roseville City,SB,Major,R5-2014-0051,,https://ciwqs.waterboards.ca.gov/ciwqs/readOnly/CiwqsReportServlet?reportName=facilityAtAGlance&placeID=248706,395741,NPDES PERMIT,350593,5A310106007,r5-2014-0051.pdf,No,2.0
248706,5A310106007,Pleasant Grove WWTP,Roseville City,SB,Major,R5-2014-0051,,https://ciwqs.waterboards.ca.gov/ciwqs/readOnly/CiwqsReportServlet?reportName=facilityAtAGlance&placeID=248706,395741,NPDES PERMIT,350593,5A310106007,r5-2008-0079.pdf,No,2.0
220768,5A310106001,Dry Creek WWTP,Roseville City,5S,Major,R5-2014-0049,CAC426201,https://ciwqs.waterboards.ca.gov/ciwqs/readOnly/CiwqsReportServlet?reportName=facilityAtAGlance&placeID=220768,395737,NPDES PERMIT,349268,5A310106001,r5-2014-0049.pdf,No,2.0
220768,5A310106001,Dry Creek WWTP,Roseville City,5S,Major,R5-2014-0049,CAC426201,https://ciwqs.waterboards.ca.gov/ciwqs/readOnly/CiwqsReportServlet?reportName=facilityAtAGlance&placeID=220768,395737,NPDES PERMIT,349268,5A310106001,r5-2008-0077.pdf,No,2.0
255139,2 417068001,SAM WWTP (Sewer Authority Mid-Coastside WWTP),SEWER AUTHORITY MID-COASTSIDE,2,Major,R2-2023-0002,CA0038598,https://ciwqs.waterboards.ca.gov/ciwqs/readOnly/CiwqsReportServlet?reportName=facilityAtAGlance&placeID=255139,451900,NPDES PERMIT,"417027,386885","2 417068001,2 417068001",CA0038598 SAM Order R2-2023-0002.pdf,No,1.0
255139,2 417068001,SAM WWTP (Sewer Authority Mid-Coastside WWTP),SEWER AUTHORITY MID-COASTSIDE,2,Major,R2-2023-0002,CA0038598,https://ciwqs.waterboards.ca.gov/ciwqs/readOnly/CiwqsReportServlet?reportName=facilityAtAGlance&placeID=255139,451900,NPDES PERMIT,"417027,386885","2 417068001,2 417068001",SAM R2-2017-0040.pdf,No,1.0
255139,2 417068001,SAM WWTP (Sewer Authority Mid-Coastside WWTP),SEWER AUTHORITY MID-COASTSIDE,2,Major,R2-2023-0002,CA0038598,https://ciwqs.waterboards.ca.gov/ciwqs/readOnly/CiwqsReportServlet?reportName=facilityAtAGlance&placeID=255139,451900,NPDES PERMIT,"417027,386885","2 417068001,2 417068001",SAM R2-2012-0061.pdf,No,1.0
222509,9 000000117,El Toro WD WRP,SOCWA-Aliso Creek Ocean O/F,9,Major,R9-2022-0006,CA0107611,https://ciwqs.waterboards.ca.gov/ciwqs/readOnly/CiwqsReportServlet?reportName=facilityAtAGlance&placeID=222509,446048,NPDES PERMIT,384629,9 000000117,r9_2022_0006_acoo_signature signed dwg 03-18-21.pdf,Yes,1.0
222509,9 000000117,El Toro WD WRP,SOCWA-Aliso Creek Ocean O/F,9,Major,R9-2022-0006,CA0107611,https://ciwqs.waterboards.ca.gov/ciwqs/readOnly/CiwqsReportServlet?reportName=facilityAtAGlance&placeID=222509,446048,NPDES PERMIT,384629,9 000000117,ACOOFinalAmendedOrder.pdf,Yes,1.0
222509,9 000000117,El Toro WD WRP,SOCWA-Aliso Creek Ocean O/F,9,Major,R9-2022-0006,CA0107611,https://ciwqs.waterboards.ca.gov/ciwqs/readOnly/CiwqsReportServlet?reportName=facilityAtAGlance&placeID=222509,446048,NPDES PERMIT,384629,9 000000117,ACOOFinalAmendingOrder.pdf,Yes,1.0
257850,9 000000117,SOCWA - Coastal TP,SOCWA-Aliso Creek Ocean O/F,9,Major,R9-2022-0006,CA0107611,https://ciwqs.waterboards.ca.gov/ciwqs/readOnly/CiwqsReportServlet?reportName=facilityAtAGlance&placeID=257850,446048,NPDES PERMIT,384629,9 000000117,r9_2022_0006_acoo_signature signed dwg 03-18-21.pdf,Yes,1.0
257850,9 000000117,SOCWA - Coastal TP,SOCWA-Aliso Creek Ocean O/F,9,Major,R9-2022-0006,CA0107611,https://ciwqs.waterboards.ca.gov/ciwqs/readOnly/CiwqsReportServlet?reportName=facilityAtAGlance&placeID=257850,446048,NPDES PERMIT,384629,9 000000117,ACOOFinalAmendedOrder.pdf,Yes,1.0
257850,9 000000117,SOCWA - Coastal TP,SOCWA-Aliso Creek Ocean O/F,9,Major,R9-2022-0006,CA0107611,https://ciwqs.waterboards.ca.gov/ciwqs/readOnly/CiwqsReportServlet?reportName=facilityAtAGlance&placeID=257850,446048,NPDES PERMIT,384629,9 000000117,ACOOFinalAmendingOrder.pdf,Yes,1.0
257590,9 000000117,SOCWA Aliso Creek Ocean Outfall,SOCWA-Aliso Creek Ocean O/F,9,Major,R9-2022-0006,CA0107611,https://ciwqs.waterboards.ca.gov/ciwqs/readOnly/CiwqsReportServlet?reportName=facilityAtAGlance&placeID=257590,446048,NPDES PERMIT,384629,9 000000117,r9_2022_0006_acoo_signature signed dwg 03-18-21.pdf,Yes,1.0
257590,9 000000117,SOCWA Aliso Creek Ocean Outfall,SOCWA-Aliso Creek Ocean O/F,9,Major,R9-2022-0006,CA0107611,https://ciwqs.waterboards.ca.gov/ciwqs/readOnly/CiwqsReportServlet?reportName=facilityAtAGlance&placeID=257590,446048,NPDES PERMIT,384629,9 000000117,ACOOFinalAmendedOrder.pdf,Yes,1.0
257590,9 000000117,SOCWA Aliso Creek Ocean Outfall,SOCWA-Aliso Creek Ocean O/F,9,Major,R9-2022-0006,CA0107611,https://ciwqs.waterboards.ca.gov/ciwqs/readOnly/CiwqsReportServlet?reportName=facilityAtAGlance&placeID=257590,446048,NPDES PERMIT,384629,9 000000117,ACOOFinalAmendingOrder.pdf,Yes,1.0
241053,9 000000117,SOCWA - Regional TP,SOCWA-Aliso Creek Ocean O/F,9,Major,R9-2022-0006,CA0107611,https://ciwqs.waterboards.ca.gov/ciwqs/readOnly/CiwqsReportServlet?reportName=facilityAtAGlance&placeID=241053,446048,NPDES PERMIT,384629,9 000000117,r9_2022_0006_acoo_signature signed dwg 03-18-21.pdf,Yes,1.0
241053,9 000000117,SOCWA - Regional TP,SOCWA-Aliso Creek Ocean O/F,9,Major,R9-2022-0006,CA0107611,https://ciwqs.waterboards.ca.gov/ciwqs/readOnly/CiwqsReportServlet?reportName=facilityAtAGlance&placeID=241053,446048,NPDES PERMIT,384629,9 000000117,ACOOFinalAmendedOrder.pdf,Yes,1.0
241053,9 000000117,SOCWA - Regional TP,SOCWA-Aliso Creek Ocean O/F,9,Major,R9-2022-0006,CA0107611,https://ciwqs.waterboards.ca.gov/ciwqs/readOnly/CiwqsReportServlet?reportName=facilityAtAGlance&placeID=241053,446048,NPDES PERMIT,384629,9 000000117,ACOOFinalAmendingOrder.pdf,Yes,1.0
237396,9 000000117,IRWD Los Alisos WRP,SOCWA-Aliso Creek Ocean O/F,9,Major,R9-2022-0006,CA0107611,https://ciwqs.waterboards.ca.gov/ciwqs/readOnly/CiwqsReportServlet?reportName=facilityAtAGlance&placeID=237396,446048,NPDES PERMIT,384629,9 000000117,r9_2022_0006_acoo_signature signed dwg 03-18-21.pdf,Yes,1.0
237396,9 000000117,IRWD Los Alisos WRP,SOCWA-Aliso Creek Ocean O/F,9,Major,R9-2022-0006,CA0107611,https://ciwqs.waterboards.ca.gov/ciwqs/readOnly/CiwqsReportServlet?reportName=facilityAtAGlance&placeID=237396,446048,NPDES PERMIT,384629,9 000000117,ACOOFinalAmendedOrder.pdf,Yes,1.0
237396,9 000000117,IRWD Los Alisos WRP,SOCWA-Aliso Creek Ocean O/F,9,Major,R9-2022-0006,CA0107611,https://ciwqs.waterboards.ca.gov/ciwqs/readOnly/CiwqsReportServlet?reportName=facilityAtAGlance&placeID=237396,446048,NPDES PERMIT,384629,9 000000117,ACOOFinalAmendingOrder.pdf,Yes,1.0
257592,9 000000175,SOCWA San Juan Creek Ocean Outfall,SOCWA-San Juan Creek Ocean O/F,9,Major,R9-2022-0005,CA0107417,https://ciwqs.waterboards.ca.gov/ciwqs/readOnly/CiwqsReportServlet?reportName=facilityAtAGlance&placeID=257592,438059,NPDES PERMIT,384618,9 000000175,amended_order_sjcoo signed dwg 03-19-25.pdf,Yes,5.0
257592,9 000000175,SOCWA San Juan Creek Ocean Outfall,SOCWA-San Juan Creek Ocean O/F,9,Major,R9-2022-0005,CA0107417,https://ciwqs.waterboards.ca.gov/ciwqs/readOnly/CiwqsReportServlet?reportName=facilityAtAGlance&placeID=257592,438059,NPDES PERMIT,384618,9 000000175,att._1_to_amending_order_sjcoo.pdf,Yes,5.0
257592,9 000000175,SOCWA San Juan Creek Ocean Outfall,SOCWA-San Juan Creek Ocean O/F,9,Major,R9-2022-0005,CA0107417,https://ciwqs.waterboards.ca.gov/ciwqs/readOnly/CiwqsReportServlet?reportName=facilityAtAGlance&placeID=257592,438059,NPDES PERMIT,384618,9 000000175,r9-2022-0005-a1_v3 signed dwg 03-28-24.pdf,Yes,5.0
257592,9 000000175,SOCWA San Juan Creek Ocean Outfall,SOCWA-San Juan Creek Ocean O/F,9,Major,R9-2022-0005,CA0107417,https://ciwqs.waterboards.ca.gov/ciwqs/readOnly/CiwqsReportServlet?reportName=facilityAtAGlance&placeID=257592,438059,NPDES PERMIT,384618,9 000000175,r9_2022_0005_sjcoo_signature signed dwg 03-18-22.pdf,Yes,5.0
257592,9 000000175,SOCWA San Juan Creek Ocean Outfall,SOCWA-San Juan Creek Ocean O/F,9,Major,R9-2022-0005,CA0107417,https://ciwqs.waterboards.ca.gov/ciwqs/readOnly/CiwqsReportServlet?reportName=facilityAtAGlance&placeID=257592,438059,NPDES PERMIT,384618,9 000000175,AmendedOrder.pdf,Yes,5.0
257592,9 000000175,SOCWA San Juan Creek Ocean Outfall,SOCWA-San Juan Creek Ocean O/F,9,Major,R9-2022-0005,CA0107417,https://ciwqs.waterboards.ca.gov/ciwqs/readOnly/CiwqsReportServlet?reportName=facilityAtAGlance&placeID=257592,438059,NPDES PERMIT,384618,9 000000175,AmendingOrder.pdf,Yes,5.0
257592,9 000000175,SOCWA San Juan Creek Ocean Outfall,SOCWA-San Juan Creek Ocean O/F,9,Major,R9-2022-0005,CA0107417,https://ciwqs.waterboards.ca.gov/ciwqs/readOnly/CiwqsReportServlet?reportName=facilityAtAGlance&placeID=257592,438059,NPDES PERMIT,384618,9 000000175,SJCOOFinalAmendingOrder.pdf,Yes,5.0
257520,9 000000175,SMWD Oso Creek WRP,SOCWA-San Juan Creek Ocean O/F,9,Major,R9-2022-0005,CA0107417,https://ciwqs.waterboards.ca.gov/ciwqs/readOnly/CiwqsReportServlet?reportName=facilityAtAGlance&placeID=257520,438059,NPDES PERMIT,384618,9 000000175,amended_order_sjcoo signed dwg 03-19-25.pdf,Yes,5.0
257520,9 000000175,SMWD Oso Creek WRP,SOCWA-San Juan Creek Ocean O/F,9,Major,R9-2022-0005,CA0107417,https://ciwqs.waterboards.ca.gov/ciwqs/readOnly/CiwqsReportServlet?reportName=facilityAtAGlance&placeID=257520,438059,NPDES PERMIT,384618,9 000000175,att._1_to_amending_order_sjcoo.pdf,Yes,5.0
257520,9 000000175,SMWD Oso Creek WRP,SOCWA-San Juan Creek Ocean O/F,9,Major,R9-2022-0005,CA0107417,https://ciwqs.waterboards.ca.gov/ciwqs/readOnly/CiwqsReportServlet?reportName=facilityAtAGlance&placeID=257520,438059,NPDES PERMIT,384618,9 000000175,r9-2022-0005-a1_v3 signed dwg 03-28-24.pdf,Yes,5.0
257520,9 000000175,SMWD Oso Creek WRP,SOCWA-San Juan Creek Ocean O/F,9,Major,R9-2022-0005,CA0107417,https://ciwqs.waterboards.ca.gov/ciwqs/readOnly/CiwqsReportServlet?reportName=facilityAtAGlance&placeID=257520,438059,NPDES PERMIT,384618,9 000000175,r9_2022_0005_sjcoo_signature signed dwg 03-18-22.pdf,Yes,5.0
257520,9 000000175,SMWD Oso Creek WRP,SOCWA-San Juan Creek Ocean O/F,9,Major,R9-2022-0005,CA0107417,https://ciwqs.waterboards.ca.gov/ciwqs/readOnly/CiwqsReportServlet?reportName=facilityAtAGlance&placeID=257520,438059,NPDES PERMIT,384618,9 000000175,AmendedOrder.pdf,Yes,5.0
257520,9 000000175,SMWD Oso Creek WRP,SOCWA-San Juan Creek Ocean O/F,9,Major,R9-2022-0005,CA0107417,https://ciwqs.waterboards.ca.gov/ciwqs/readOnly/CiwqsReportServlet?reportName=facilityAtAGlance&placeID=257520,438059,NPDES PERMIT,384618,9 000000175,AmendingOrder.pdf,Yes,5.0
257520,9 000000175,SMWD Oso Creek WRP,SOCWA-San Juan Creek Ocean O/F,9,Major,R9-2022-0005,CA0107417,https://ciwqs.waterboards.ca.gov/ciwqs/readOnly/CiwqsReportServlet?reportName=facilityAtAGlance&placeID=257520,438059,NPDES PERMIT,384618,9 000000175,SJCOOFinalAmendingOrder.pdf,Yes,5.0
257518,9 000000175,SMWD - Chiquita WRP,SOCWA-San Juan Creek Ocean O/F,9,Major,R9-2022-0005,CA0107417,https://ciwqs.waterboards.ca.gov/ciwqs/readOnly/CiwqsReportServlet?reportName=facilityAtAGlance&placeID=257518,438059,NPDES PERMIT,384618,9 000000175,amended_order_sjcoo signed dwg 03-19-25.pdf,Yes,5.0
257518,9 000000175,SMWD - Chiquita WRP,SOCWA-San Juan Creek Ocean O/F,9,Major,R9-2022-0005,CA0107417,https://ciwqs.waterboards.ca.gov/ciwqs/readOnly/CiwqsReportServlet?reportName=facilityAtAGlance&placeID=257518,438059,NPDES PERMIT,384618,9 000000175,att._1_to_amending_order_sjcoo.pdf,Yes,5.0
257518,9 000000175,SMWD - Chiquita WRP,SOCWA-San Juan Creek Ocean O/F,9,Major,R9-2022-0005,CA0107417,https://ciwqs.waterboards.ca.gov/ciwqs/readOnly/CiwqsReportServlet?reportName=facilityAtAGlance&placeID=257518,438059,NPDES PERMIT,384618,9 000000175,r9-2022-0005-a1_v3 signed dwg 03-28-24.pdf,Yes,5.0
257518,9 000000175,SMWD - Chiquita WRP,SOCWA-San Juan Creek Ocean O/F,9,Major,R9-2022-0005,CA0107417,https://ciwqs.waterboards.ca.gov/ciwqs/readOnly/CiwqsReportServlet?reportName=facilityAtAGlance&placeID=257518,438059,NPDES PERMIT,384618,9 000000175,r9_2022_0005_sjcoo_signature signed dwg 03-18-22.pdf,Yes,5.0
257518,9 000000175,SMWD - Chiquita WRP,SOCWA-San Juan Creek Ocean O/F,9,Major,R9-2022-0005,CA0107417,https://ciwqs.waterboards.ca.gov/ciwqs/readOnly/CiwqsReportServlet?reportName=facilityAtAGlance&placeID=257518,438059,NPDES PERMIT,384618,9 000000175,AmendedOrder.pdf,Yes,5.0
257518,9 000000175,SMWD - Chiquita WRP,SOCWA-San Juan Creek Ocean O/F,9,Major,R9-2022-0005,CA0107417,https://ciwqs.waterboards.ca.gov/ciwqs/readOnly/CiwqsReportServlet?reportName=facilityAtAGlance&placeID=257518,438059,NPDES PERMIT,384618,9 000000175,AmendingOrder.pdf,Yes,5.0
257518,9 000000175,SMWD - Chiquita WRP,SOCWA-San Juan Creek Ocean O/F,9,Major,R9-2022-0005,CA0107417,https://ciwqs.waterboards.ca.gov/ciwqs/readOnly/CiwqsReportServlet?reportName=facilityAtAGlance&placeID=257518,438059,NPDES PERMIT,384618,9 000000175,SJCOOFinalAmendingOrder.pdf,Yes,5.0
255218,9 000000175,City of San Clemente WRP,SOCWA-San Juan Creek Ocean O/F,9,Major,R9-2022-0005,CA0107417,https://ciwqs.waterboards.ca.gov/ciwqs/readOnly/CiwqsReportServlet?reportName=facilityAtAGlance&placeID=255218,438059,NPDES PERMIT,384618,9 000000175,amended_order_sjcoo signed dwg 03-19-25.pdf,Yes,5.0
255218,9 000000175,City of San Clemente WRP,SOCWA-San Juan Creek Ocean O/F,9,Major,R9-2022-0005,CA0107417,https://ciwqs.waterboards.ca.gov/ciwqs/readOnly/CiwqsReportServlet?reportName=facilityAtAGlance&placeID=255218,438059,NPDES PERMIT,384618,9 000000175,att._1_to_amending_order_sjcoo.pdf,Yes,5.0
255218,9 000000175,City of San Clemente WRP,SOCWA-San Juan Creek Ocean O/F,9,Major,R9-2022-0005,CA0107417,https://ciwqs.waterboards.ca.gov/ciwqs/readOnly/CiwqsReportServlet?reportName=facilityAtAGlance&placeID=255218,438059,NPDES PERMIT,384618,9 000000175,r9-2022-0005-a1_v3 signed dwg 03-28-24.pdf,Yes,5.0
255218,9 000000175,City of San Clemente WRP,SOCWA-San Juan Creek Ocean O/F,9,Major,R9-2022-0005,CA0107417,https://ciwqs.waterboards.ca.gov/ciwqs/readOnly/CiwqsReportServlet?reportName=facilityAtAGlance&placeID=255218,438059,NPDES PERMIT,384618,9 000000175,r9_2022_0005_sjcoo_signature signed dwg 03-18-22.pdf,Yes,5.0
255218,9 000000175,City of San Clemente WRP,SOCWA-San Juan Creek Ocean O/F,9,Major,R9-2022-0005,CA0107417,https://ciwqs.waterboards.ca.gov/ciwqs/readOnly/CiwqsReportServlet?reportName=facilityAtAGlance&placeID=255218,438059,NPDES PERMIT,384618,9 000000175,AmendedOrder.pdf,Yes,5.0
255218,9 000000175,City of San Clemente WRP,SOCWA-San Juan Creek Ocean O/F,9,Major,R9-2022-0005,CA0107417,https://ciwqs.waterboards.ca.gov/ciwqs/readOnly/CiwqsReportServlet?reportName=facilityAtAGlance&placeID=255218,438059,NPDES PERMIT,384618,9 000000175,AmendingOrder.pdf,Yes,5.0
255218,9 000000175,City of San Clemente WRP,SOCWA-San Juan Creek Ocean O/F,9,Major,R9-2022-0005,CA0107417,https://ciwqs.waterboards.ca.gov/ciwqs/readOnly/CiwqsReportServlet?reportName=facilityAtAGlance&placeID=255218,438059,NPDES PERMIT,384618,9 000000175,SJCOOFinalAmendingOrder.pdf,Yes,5.0
241540,9 000000175,SOCWA - 3A Treatment Plant,SOCWA-San Juan Creek Ocean O/F,9,Major,R9-2022-0005,CA0107417,https://ciwqs.waterboards.ca.gov/ciwqs/readOnly/CiwqsReportServlet?reportName=facilityAtAGlance&placeID=241540,438059,NPDES PERMIT,384618,9 000000175,amended_order_sjcoo signed dwg 03-19-25.pdf,Yes,5.0
241540,9 000000175,SOCWA - 3A Treatment Plant,SOCWA-San Juan Creek Ocean O/F,9,Major,R9-2022-0005,CA0107417,https://ciwqs.waterboards.ca.gov/ciwqs/readOnly/CiwqsReportServlet?reportName=facilityAtAGlance&placeID=241540,438059,NPDES PERMIT,384618,9 000000175,att._1_to_amending_order_sjcoo.pdf,Yes,5.0
241540,9 000000175,SOCWA - 3A Treatment Plant,SOCWA-San Juan Creek Ocean O/F,9,Major,R9-2022-0005,CA0107417,https://ciwqs.waterboards.ca.gov/ciwqs/readOnly/CiwqsReportServlet?reportName=facilityAtAGlance&placeID=241540,438059,NPDES PERMIT,384618,9 000000175,r9-2022-0005-a1_v3 signed dwg 03-28-24.pdf,Yes,5.0
241540,9 000000175,SOCWA - 3A Treatment Plant,SOCWA-San Juan Creek Ocean O/F,9,Major,R9-2022-0005,CA0107417,https://ciwqs.waterboards.ca.gov/ciwqs/readOnly/CiwqsReportServlet?reportName=facilityAtAGlance&placeID=241540,438059,NPDES PERMIT,384618,9 000000175,r9_2022_0005_sjcoo_signature signed dwg 03-18-22.pdf,Yes,5.0
241540,9 000000175,SOCWA - 3A Treatment Plant,SOCWA-San Juan Creek Ocean O/F,9,Major,R9-2022-0005,CA0107417,https://ciwqs.waterboards.ca.gov/ciwqs/readOnly/CiwqsReportServlet?reportName=facilityAtAGlance&placeID=241540,438059,NPDES PERMIT,384618,9 000000175,AmendedOrder.pdf,Yes,5.0
241540,9 000000175,SOCWA - 3A Treatment Plant,SOCWA-San Juan Creek Ocean O/F,9,Major,R9-2022-0005,CA0107417,https://ciwqs.waterboards.ca.gov/ciwqs/readOnly/CiwqsReportServlet?reportName=facilityAtAGlance&placeID=241540,438059,NPDES PERMIT,384618,9 000000175,AmendingOrder.pdf,Yes,5.0
241540,9 000000175,SOCWA - 3A Treatment Plant,SOCWA-San Juan Creek Ocean O/F,9,Major,R9-2022-0005,CA0107417,https://ciwqs.waterboards.ca.gov/ciwqs/readOnly/CiwqsReportServlet?reportName=facilityAtAGlance&placeID=241540,438059,NPDES PERMIT,384618,9 000000175,SJCOOFinalAmendingOrder.pdf,Yes,5.0
236649,9 000000175,J.B. Latham Wastewater Treatment Plant,SOCWA-San Juan Creek Ocean O/F,9,Major,R9-2022-0005,CA0107417,https://ciwqs.waterboards.ca.gov/ciwqs/readOnly/CiwqsReportServlet?reportName=facilityAtAGlance&placeID=236649,438059,NPDES PERMIT,384618,9 000000175,amended_order_sjcoo signed dwg 03-19-25.pdf,Yes,5.0
236649,9 000000175,J.B. Latham Wastewater Treatment Plant,SOCWA-San Juan Creek Ocean O/F,9,Major,R9-2022-0005,CA0107417,https://ciwqs.waterboards.ca.gov/ciwqs/readOnly/CiwqsReportServlet?reportName=facilityAtAGlance&placeID=236649,438059,NPDES PERMIT,384618,9 000000175,att._1_to_amending_order_sjcoo.pdf,Yes,5.0
236649,9 000000175,J.B. Latham Wastewater Treatment Plant,SOCWA-San Juan Creek Ocean O/F,9,Major,R9-2022-0005,CA0107417,https://ciwqs.waterboards.ca.gov/ciwqs/readOnly/CiwqsReportServlet?reportName=facilityAtAGlance&placeID=236649,438059,NPDES PERMIT,384618,9 000000175,r9-2022-0005-a1_v3 signed dwg 03-28-24.pdf,Yes,5.0
236649,9 000000175,J.B. Latham Wastewater Treatment Plant,SOCWA-San Juan Creek Ocean O/F,9,Major,R9-2022-0005,CA0107417,https://ciwqs.waterboards.ca.gov/ciwqs/readOnly/CiwqsReportServlet?reportName=facilityAtAGlance&placeID=236649,438059,NPDES PERMIT,384618,9 000000175,r9_2022_0005_sjcoo_signature signed dwg 03-18-22.pdf,Yes,5.0
236649,9 000000175,J.B. Latham Wastewater Treatment Plant,SOCWA-San Juan Creek Ocean O/F,9,Major,R9-2022-0005,CA0107417,https://ciwqs.waterboards.ca.gov/ciwqs/readOnly/CiwqsReportServlet?reportName=facilityAtAGlance&placeID=236649,438059,NPDES PERMIT,384618,9 000000175,AmendedOrder.pdf,Yes,5.0
236649,9 000000175,J.B. Latham Wastewater Treatment Plant,SOCWA-San Juan Creek Ocean O/F,9,Major,R9-2022-0005,CA0107417,https://ciwqs.waterboards.ca.gov/ciwqs/readOnly/CiwqsReportServlet?reportName=facilityAtAGlance&placeID=236649,438059,NPDES PERMIT,384618,9 000000175,AmendingOrder.pdf,Yes,5.0
236649,9 000000175,J.B. Latham Wastewater Treatment Plant,SOCWA-San Juan Creek Ocean O/F,9,Major,R9-2022-0005,CA0107417,https://ciwqs.waterboards.ca.gov/ciwqs/readOnly/CiwqsReportServlet?reportName=facilityAtAGlance&placeID=236649,438059,NPDES PERMIT,384618,9 000000175,SJCOOFinalAmendingOrder.pdf,Yes,5.0
254981,5A340108002,EchoWater Resource Recovery Facility,Sacramento Area Sewer District (SacSewer),5S,Major,R5-2021-0019-02,CA0077682,https://ciwqs.waterboards.ca.gov/ciwqs/readOnly/CiwqsReportServlet?reportName=facilityAtAGlance&placeID=254981,443209,NPDES PERMIT,"405960,377040","5A340108002,5A340108002",r5-2021-0019-01_npdes.pdf,No,5.0
254981,5A340108002,EchoWater Resource Recovery Facility,Sacramento Area Sewer District (SacSewer),5S,Major,R5-2021-0019-02,CA0077682,https://ciwqs.waterboards.ca.gov/ciwqs/readOnly/CiwqsReportServlet?reportName=facilityAtAGlance&placeID=254981,443209,NPDES PERMIT,"405960,377040","5A340108002,5A340108002",r5-2021-0019-02.pdf,No,5.0
254981,5A340108002,EchoWater Resource Recovery Facility,Sacramento Area Sewer District (SacSewer),5S,Major,R5-2021-0019-02,CA0077682,https://ciwqs.waterboards.ca.gov/ciwqs/readOnly/CiwqsReportServlet?reportName=facilityAtAGlance&placeID=254981,443209,NPDES PERMIT,"405960,377040","5A340108002,5A340108002",r5-2021-0019_npdes.pdf,No,5.0
254981,5A340108002,EchoWater Resource Recovery Facility,Sacramento Area Sewer District (SacSewer),5S,Major,R5-2021-0019-02,CA0077682,https://ciwqs.waterboards.ca.gov/ciwqs/readOnly/CiwqsReportServlet?reportName=facilityAtAGlance&placeID=254981,443209,NPDES PERMIT,"405960,377040","5A340108002,5A340108002",r5-2022-0064_npdes_ao.pdf,No,5.0
254981,5A340108002,EchoWater Resource Recovery Facility,Sacramento Area Sewer District (SacSewer),5S,Major,R5-2021-0019-02,CA0077682,https://ciwqs.waterboards.ca.gov/ciwqs/readOnly/CiwqsReportServlet?reportName=facilityAtAGlance&placeID=254981,443209,NPDES PERMIT,"405960,377040","5A340108002,5A340108002",R5-2016-0020-01.pdf,No,5.0
254981,5A340108002,EchoWater Resource Recovery Facility,Sacramento Area Sewer District (SacSewer),5S,Major,R5-2021-0019-02,CA0077682,https://ciwqs.waterboards.ca.gov/ciwqs/readOnly/CiwqsReportServlet?reportName=facilityAtAGlance&placeID=254981,443209,NPDES PERMIT,"405960,377040","5A340108002,5A340108002",r5-2016-0020.pdf,No,5.0
254981,5A340108002,EchoWater Resource Recovery Facility,Sacramento Area Sewer District (SacSewer),5S,Major,R5-2021-0019-02,CA0077682,https://ciwqs.waterboards.ca.gov/ciwqs/readOnly/CiwqsReportServlet?reportName=facilityAtAGlance&placeID=254981,443209,NPDES PERMIT,"405960,377040","5A340108002,5A340108002",R5-2010-0114.pdf,No,5.0
254981,5A340108002,EchoWater Resource Recovery Facility,Sacramento Area Sewer District (SacSewer),5S,Major,R5-2021-0019-02,CA0077682,https://ciwqs.waterboards.ca.gov/ciwqs/readOnly/CiwqsReportServlet?reportName=facilityAtAGlance&placeID=254981,443209,NPDES PERMIT,"405960,377040","5A340108002,5A340108002",R5-2011-0083.pdf,No,5.0
254981,5A340108002,EchoWater Resource Recovery Facility,Sacramento Area Sewer District (SacSewer),5S,Major,R5-2021-0019-02,CA0077682,https://ciwqs.waterboards.ca.gov/ciwqs/readOnly/CiwqsReportServlet?reportName=facilityAtAGlance&placeID=254981,443209,NPDES PERMIT,"405960,377040","5A340108002,5A340108002",r5-2013-0124.pdf,No,5.0
254981,5A340108002,EchoWater Resource Recovery Facility,Sacramento Area Sewer District (SacSewer),5S,Major,R5-2021-0019-02,CA0077682,https://ciwqs.waterboards.ca.gov/ciwqs/readOnly/CiwqsReportServlet?reportName=facilityAtAGlance&placeID=254981,443209,NPDES PERMIT,"405960,377040","5A340108002,5A340108002",r5-2014-0103.pdf,No,5.0
254981,5A340108002,EchoWater Resource Recovery Facility,Sacramento Area Sewer District (SacSewer),5S,Major,R5-2021-0019-02,CA0077682,https://ciwqs.waterboards.ca.gov/ciwqs/readOnly/CiwqsReportServlet?reportName=facilityAtAGlance&placeID=254981,443209,NPDES PERMIT,"405960,377040","5A340108002,5A340108002",r5-2014-0122.pdf,Yes,5.0
215236,5A340114001,Sac City Combined WW Collection/TRT Sys,Sacramento City,5S,Major,R5-2020-0039,CA0079111,https://ciwqs.waterboards.ca.gov/ciwqs/readOnly/CiwqsReportServlet?reportName=facilityAtAGlance&placeID=215236,440651,NPDES PERMIT,"400866,373190","5A340114001,5A340114001",R5-2020-0039_npdes.pdf,No,1.0
215236,5A340114001,Sac City Combined WW Collection/TRT Sys,Sacramento City,5S,Major,R5-2020-0039,CA0079111,https://ciwqs.waterboards.ca.gov/ciwqs/readOnly/CiwqsReportServlet?reportName=facilityAtAGlance&placeID=215236,440651,NPDES PERMIT,"400866,373190","5A340114001,5A340114001",r5-2015-0045.pdf,No,1.0
215236,5A340114001,Sac City Combined WW Collection/TRT Sys,Sacramento City,5S,Major,R5-2020-0039,CA0079111,https://ciwqs.waterboards.ca.gov/ciwqs/readOnly/CiwqsReportServlet?reportName=facilityAtAGlance&placeID=215236,440651,NPDES PERMIT,"400866,373190","5A340114001,5A340114001",R5-2010-0004.pdf,No,1.0
255165,1B85017RHUM,Samoa Pacific WWTP (Samoa Town Site),Samoa Pacific Group LLC,1,Minor,R1-2020-0005,CA1000001,https://ciwqs.waterboards.ca.gov/ciwqs/readOnly/CiwqsReportServlet?reportName=facilityAtAGlance&placeID=255165,416629,NPDES PERMIT,,,20_0005_Samoa WWTF_NPDES.pdf,No,1.0
255180,5B050103001,San Andreas SD WWTP,San Andreas SD,5S,Minor,R5-2024-0025,CA0079464,https://ciwqs.waterboards.ca.gov/ciwqs/readOnly/CiwqsReportServlet?reportName=facilityAtAGlance&placeID=255180,456864,NPDES PERMIT,"425799,397708,361642","5B050103001,5B050103001,5B050103001",R5-2024-0025_npdes.pdf,No,1.0
255180,5B050103001,San Andreas SD WWTP,San Andreas SD,5S,Minor,R5-2024-0025,CA0079464,https://ciwqs.waterboards.ca.gov/ciwqs/readOnly/CiwqsReportServlet?reportName=facilityAtAGlance&placeID=255180,456864,NPDES PERMIT,"425799,397708,361642","5B050103001,5B050103001,5B050103001",R5-2018-0075_SignedOrder.pdf,No,1.0
255180,5B050103001,San Andreas SD WWTP,San Andreas SD,5S,Minor,R5-2024-0025,CA0079464,https://ciwqs.waterboards.ca.gov/ciwqs/readOnly/CiwqsReportServlet?reportName=facilityAtAGlance&placeID=255180,456864,NPDES PERMIT,"425799,397708,361642","5B050103001,5B050103001,5B050103001",r5-2014-0104.pdf,No,1.0
255180,5B050103001,San Andreas SD WWTP,San Andreas SD,5S,Minor,R5-2024-0025,CA0079464,https://ciwqs.waterboards.ca.gov/ciwqs/readOnly/CiwqsReportServlet?reportName=facilityAtAGlance&placeID=255180,456864,NPDES PERMIT,"425799,397708,361642","5B050103001,5B050103001,5B050103001",r5-2016-0067.pdf,No,1.0
255180,5B050103001,San Andreas SD WWTP,San Andreas SD,5S,Minor,R5-2024-0025,CA0079464,https://ciwqs.waterboards.ca.gov/ciwqs/readOnly/CiwqsReportServlet?reportName=facilityAtAGlance&placeID=255180,456864,NPDES PERMIT,"425799,397708,361642","5B050103001,5B050103001,5B050103001",R5-2009-0007.pdf,No,1.0
259220,8 360114003,Margaret H Chandler WWRF,San Bernardino City Municipal Water Dept,SB,Major,R8-2017-0049,,https://ciwqs.waterboards.ca.gov/ciwqs/readOnly/CiwqsReportServlet?reportName=facilityAtAGlance&placeID=259220,418662,NPDES PERMIT,"388625,261369","8 360114003,8 360114003",R8-2017-0049_SBMWDWRF.pdf,No,1.0
259220,8 360114003,Margaret H Chandler WWRF,San Bernardino City Municipal Water Dept,SB,Major,R8-2017-0049,,https://ciwqs.waterboards.ca.gov/ciwqs/readOnly/CiwqsReportServlet?reportName=facilityAtAGlance&placeID=259220,418662,NPDES PERMIT,"388625,261369","8 360114003,8 360114003",12-0051_City_of_San_Bernardino_WDR.pdf,No,1.0
259220,8 360114003,Margaret H Chandler WWRF,San Bernardino City Municipal Water Dept,SB,Major,R8-2017-0049,,https://ciwqs.waterboards.ca.gov/ciwqs/readOnly/CiwqsReportServlet?reportName=facilityAtAGlance&placeID=259220,418662,NPDES PERMIT,"388625,261369","8 360114003,8 360114003",SB05-74.pdf,No,1.0
850597,9 000003607,City of San Diego North City Pure Water Facility,San Diego City Metropolitan Wastewater Dept (Public Utilities),9,Major,R9-2020-0001,CA0109398,https://ciwqs.waterboards.ca.gov/ciwqs/readOnly/CiwqsReportServlet?reportName=facilityAtAGlance&placeID=850597,424907,NPDES PERMIT,,,Adopted Amended OrderNo.R9-2020-0001 signed dwg 08-13-20.pdf,Yes,2.0
257831,9 000000900,South Bay WRP,San Diego City Metropolitan Wastewater Dept (Public Utilities),9,Major,R9-2021-0011,CA0109045,https://ciwqs.waterboards.ca.gov/ciwqs/readOnly/CiwqsReportServlet?reportName=facilityAtAGlance&placeID=257831,437319,NPDES PERMIT,"388394,317515","9 000000900,9 000000900",r9-2021-0011-amended-r9-2026-0006.pdf,No,3.0
257831,9 000000900,South Bay WRP,San Diego City Metropolitan Wastewater Dept (Public Utilities),9,Major,R9-2021-0011,CA0109045,https://ciwqs.waterboards.ca.gov/ciwqs/readOnly/CiwqsReportServlet?reportName=facilityAtAGlance&placeID=257831,437319,NPDES PERMIT,"388394,317515","9 000000900,9 000000900",r9-2021-0011.pdf,No,3.0
257831,9 000000900,South Bay WRP,San Diego City Metropolitan Wastewater Dept (Public Utilities),9,Major,R9-2021-0011,CA0109045,https://ciwqs.waterboards.ca.gov/ciwqs/readOnly/CiwqsReportServlet?reportName=facilityAtAGlance&placeID=257831,437319,NPDES PERMIT,"388394,317515","9 000000900,9 000000900",CA0109045_Final.pdf,No,3.0
257831,9 000000900,South Bay WRP,San Diego City Metropolitan Wastewater Dept (Public Utilities),9,Major,R9-2021-0011,CA0109045,https://ciwqs.waterboards.ca.gov/ciwqs/readOnly/CiwqsReportServlet?reportName=facilityAtAGlance&placeID=257831,437319,NPDES PERMIT,"388394,317515","9 000000900,9 000000900",FinalAmendedOrder_SanDiegoSBWRP.pdf,No,3.0
257831,9 000000900,South Bay WRP,San Diego City Metropolitan Wastewater Dept (Public Utilities),9,Major,R9-2021-0011,CA0109045,https://ciwqs.waterboards.ca.gov/ciwqs/readOnly/CiwqsReportServlet?reportName=facilityAtAGlance&placeID=257831,437319,NPDES PERMIT,"388394,317515","9 000000900,9 000000900",FinalOrderNoR9-2014-0071.pdf,No,3.0
257831,9 000000900,South Bay WRP,San Diego City Metropolitan Wastewater Dept (Public Utilities),9,Major,R9-2021-0011,CA0109045,https://ciwqs.waterboards.ca.gov/ciwqs/readOnly/CiwqsReportServlet?reportName=facilityAtAGlance&placeID=257831,437319,NPDES PERMIT,"388394,317515","9 000000900,9 000000900",SBWRPAmendedOrder_R9-2013-0006.pdf,No,3.0
257831,9 000000900,South Bay WRP,San Diego City Metropolitan Wastewater Dept (Public Utilities),9,Major,R9-2021-0011,CA0109045,https://ciwqs.waterboards.ca.gov/ciwqs/readOnly/CiwqsReportServlet?reportName=facilityAtAGlance&placeID=257831,437319,NPDES PERMIT,"388394,317515","9 000000900,9 000000900",SBWRPAmendingOrder_R9-2017-0023.pdf,No,3.0
257831,9 000000900,South Bay WRP,San Diego City Metropolitan Wastewater Dept (Public Utilities),9,Major,R9-2021-0011,CA0109045,https://ciwqs.waterboards.ca.gov/ciwqs/readOnly/CiwqsReportServlet?reportName=facilityAtAGlance&placeID=257831,437319,NPDES PERMIT,"388394,317515","9 000000900,9 000000900",2006_0067.pdf,No,3.0
248796,9 000000275,Point Loma WWTP & Ocean Outfall,San Diego City Metropolitan Wastewater Dept (Public Utilities),9,Major,R9-2017-0007,CA0107409,https://ciwqs.waterboards.ca.gov/ciwqs/readOnly/CiwqsReportServlet?reportName=facilityAtAGlance&placeID=248796,414988,NPDES PERMIT,414988,9 000000275,Pt Loma permit mod_CA0107409_signed_08.23.2022.pdf,No,3.0
248796,9 000000275,Point Loma WWTP & Ocean Outfall,San Diego City Metropolitan Wastewater Dept (Public Utilities),9,Major,R9-2017-0007,CA0107409,https://ciwqs.waterboards.ca.gov/ciwqs/readOnly/CiwqsReportServlet?reportName=facilityAtAGlance&placeID=248796,414988,NPDES PERMIT,414988,9 000000275,PtLomaWWTP_2017FinalOrder.pdf,No,3.0
244506,9 000003607,North City WRP,,,,R9-2020-0001,,https://ciwqs.waterboards.ca.gov/ciwqs/readOnly/CiwqsReportServlet?reportName=facilityAtAGlance&placeID=244506,424907,NPDES PERMIT,,,Adopted Amended OrderNo.R9-2020-0001 signed dwg 08-13-20.pdf,Yes,2.0
255265,9 000000125,San Elijo Water Campus,San Elijo Joint Powers,SB,Major,R9-2018-0003,,https://ciwqs.waterboards.ca.gov/ciwqs/readOnly/CiwqsReportServlet?reportName=facilityAtAGlance&placeID=255265,420803,NPDES PERMIT,305389,9 000000125,CA0107999_OrderR920180003.pdf,No,2.0
255265,9 000000125,San Elijo Water Campus,San Elijo Joint Powers,SB,Major,R9-2018-0003,,https://ciwqs.waterboards.ca.gov/ciwqs/readOnly/CiwqsReportServlet?reportName=facilityAtAGlance&placeID=255265,420803,NPDES PERMIT,305389,9 000000125,R9-2005-0100 San Elijo NPDES ocean outfall.pdf,No,2.0
256506,2 417032001,SF Arprt Mel Leong TP-Industrl,San Francisco International Airport,2,Major,R2-2018-0045,CA0038318,https://ciwqs.waterboards.ca.gov/ciwqs/readOnly/CiwqsReportServlet?reportName=facilityAtAGlance&placeID=256506,425630,NPDES PERMIT,425630,2 417032001,SFIA Order No. R2-2018-0045.pdf,Yes,1.0
256507,2 417032001,SF Airport Mel Leong TP-Sanitary Waste,San Francisco International Airport,2,Major,R2-2018-0045,CA0038318,https://ciwqs.waterboards.ca.gov/ciwqs/readOnly/CiwqsReportServlet?reportName=facilityAtAGlance&placeID=256507,425630,NPDES PERMIT,425630,2 417032001,SFIA Order No. R2-2018-0045.pdf,Yes,1.0
256499,2 386010001,"SF-SE Water Pollution Control Plant, N-Point & Bayside",San Francisco Public Utilities Commission,2,Major,R2-2013-0029,CA0038873,https://ciwqs.waterboards.ca.gov/ciwqs/readOnly/CiwqsReportServlet?reportName=facilityAtAGlance&placeID=256499,392750,NPDES PERMIT,337351,2 386010001,R2-2013-0029.pdf,No,1.0
256499,2 386010001,"SF-SE Water Pollution Control Plant, N-Point & Bayside",San Francisco Public Utilities Commission,2,Major,R2-2013-0029,CA0038873,https://ciwqs.waterboards.ca.gov/ciwqs/readOnly/CiwqsReportServlet?reportName=facilityAtAGlance&placeID=256499,392750,NPDES PERMIT,337351,2 386010001,R2-2008-0007 SF SE WPCP NPDESsfsefinalorder.pdf,No,1.0
256498,2 386009001,SF - OCEANSIDE Water Pollution Control Plant,San Francisco Public Utilities Commission,2,Major,R2-2019-0028,CA0037681,https://ciwqs.waterboards.ca.gov/ciwqs/readOnly/CiwqsReportServlet?reportName=facilityAtAGlance&placeID=256498,437599,NPDES PERMIT,360578,2 386009001,R2-2019-0028.pdf,No,1.0
256498,2 386009001,SF - OCEANSIDE Water Pollution Control Plant,San Francisco Public Utilities Commission,2,Major,R2-2019-0028,CA0037681,https://ciwqs.waterboards.ca.gov/ciwqs/readOnly/CiwqsReportServlet?reportName=facilityAtAGlance&placeID=256498,437599,NPDES PERMIT,360578,2 386009001,SF SW Order R2-2009-0062 signed Aug 12'09.pdf,No,1.0
255333,2 438014001,San Jose/Santa Clara WPCP,San Jose City,2,Major,R2-2020-0001,CA0037842,https://ciwqs.waterboards.ca.gov/ciwqs/readOnly/CiwqsReportServlet?reportName=facilityAtAGlance&placeID=255333,436745,NPDES PERMIT,398075,2 438014001,CA0037842 SJ-SC Order R2-2020-0001.pdf,No,1.0
255333,2 438014001,San Jose/Santa Clara WPCP,San Jose City,2,Major,R2-2020-0001,CA0037842,https://ciwqs.waterboards.ca.gov/ciwqs/readOnly/CiwqsReportServlet?reportName=facilityAtAGlance&placeID=255333,436745,NPDES PERMIT,398075,2 438014001,R2-2014-0034.pdf,No,1.0
255337,3 350102001,San Juan Bautista WWTP,San Juan Bautista City,3,"Major, Minor",R3-2009-0019,CA0047902,https://ciwqs.waterboards.ca.gov/ciwqs/readOnly/CiwqsReportServlet?reportName=facilityAtAGlance&placeID=255337,364328,NPDES PERMIT,,,NPDES R3-2009-0019 for San Juan Bautista WWTP.pdf,No,2.0
879361,2 01NPI441309,"San Leandro, City of",San Leandro City,2,Minor,R2-2022-0006,CA0038881,https://ciwqs.waterboards.ca.gov/ciwqs/readOnly/CiwqsReportServlet?reportName=facilityAtAGlance&placeID=879361,446577,NPDES PERMIT,,,R2-2022-0006.pdf,No,1.0
255368,2 019123001,San Leandro WPCP,,,,,,https://ciwqs.waterboards.ca.gov/ciwqs/readOnly/CiwqsReportServlet?reportName=facilityAtAGlance&placeID=255368,,,,,EBDA - R2-2022-0023.pdf,Yes,
255380,3 400107001,San Luis Obispo WWTP,San Luis Obispo City,3,Major,R3-2014-0033,CA0049224,https://ciwqs.waterboards.ca.gov/ciwqs/readOnly/CiwqsReportServlet?reportName=facilityAtAGlance&placeID=255380,399576,NPDES PERMIT,261358,3 400107001,R3-2014-0033 FINAL.pdf,No,2.0
255380,3 400107001,San Luis Obispo WWTP,San Luis Obispo City,3,Major,R3-2014-0033,CA0049224,https://ciwqs.waterboards.ca.gov/ciwqs/readOnly/CiwqsReportServlet?reportName=facilityAtAGlance&placeID=255380,399576,NPDES PERMIT,261358,3 400107001,R3-2002-0043.pdf,No,2.0
255420,2 417035001,San Mateo WWTP,San Mateo City,2,Major,R2-2023-0017,CA0037541,https://ciwqs.waterboards.ca.gov/ciwqs/readOnly/CiwqsReportServlet?reportName=facilityAtAGlance&placeID=255420,454700,NPDES PERMIT,421205,2 417035001,R2-2023-0017.pdf,No,1.0
255420,2 417035001,San Mateo WWTP,San Mateo City,2,Major,R2-2023-0017,CA0037541,https://ciwqs.waterboards.ca.gov/ciwqs/readOnly/CiwqsReportServlet?reportName=facilityAtAGlance&placeID=255420,454700,NPDES PERMIT,421205,2 417035001,San Mateo (R2-2018-0016).pdf,No,1.0
255462,3 400110001,San Simeon WWTP,San Simeon CSD,3,Minor,R3-2022-0003,CA0047961,https://ciwqs.waterboards.ca.gov/ciwqs/readOnly/CiwqsReportServlet?reportName=facilityAtAGlance&placeID=255462,445991,NPDES PERMIT,"392787,326116","3 400110001,3 400110001",Order R3-2022-0003_signed.pdf,No,2.0
255462,3 400110001,San Simeon WWTP,San Simeon CSD,3,Minor,R3-2022-0003,CA0047961,https://ciwqs.waterboards.ca.gov/ciwqs/readOnly/CiwqsReportServlet?reportName=facilityAtAGlance&placeID=255462,445991,NPDES PERMIT,"392787,326116","3 400110001,3 400110001",R3-2013-0021_SanSimeon_NPDES.pdf,No,2.0
255462,3 400110001,San Simeon WWTP,San Simeon CSD,3,Minor,R3-2022-0003,CA0047961,https://ciwqs.waterboards.ca.gov/ciwqs/readOnly/CiwqsReportServlet?reportName=facilityAtAGlance&placeID=255462,445991,NPDES PERMIT,"392787,326116","3 400110001,3 400110001",San Simeon.pdf,No,2.0
222443,3 420108001,El Estero Water Resource Center NPDES,Santa Barbara City PWD,SB,Major,R3-2019-0046,,https://ciwqs.waterboards.ca.gov/ciwqs/readOnly/CiwqsReportServlet?reportName=facilityAtAGlance&placeID=222443,436198,NPDES PERMIT,"374330,133114,360738","3 420108001,3 420108001,3 420108001",El Estero_Final_Permit_2019-0046 pkg eff 2-1-20.pdf,No,1.0
222443,3 420108001,El Estero Water Resource Center NPDES,Santa Barbara City PWD,SB,Major,R3-2019-0046,,https://ciwqs.waterboards.ca.gov/ciwqs/readOnly/CiwqsReportServlet?reportName=facilityAtAGlance&placeID=222443,436198,NPDES PERMIT,"374330,133114,360738","3 420108001,3 420108001,3 420108001",ElEstero.pdf,No,1.0
222443,3 420108001,El Estero Water Resource Center NPDES,Santa Barbara City PWD,SB,Major,R3-2019-0046,,https://ciwqs.waterboards.ca.gov/ciwqs/readOnly/CiwqsReportServlet?reportName=facilityAtAGlance&placeID=222443,436198,NPDES PERMIT,"374330,133114,360738","3 420108001,3 420108001,3 420108001",SB NPDES R3-2004-0122.pdf,No,1.0
255703,1B83099OSON,Santa Rosa Laguna Subregional Water Reclamation Facility,Santa Rosa City Dept of Public Works,1,Major,R1-2020-0012,CA0022764,https://ciwqs.waterboards.ca.gov/ciwqs/readOnly/CiwqsReportServlet?reportName=facilityAtAGlance&placeID=255703,427520,NPDES PERMIT,"378138,315598","1B83099OSON,1B83099OSON",20_0012_SantaRosa-LagunaWWTF_NPDES.pdf,No,3.0
255703,1B83099OSON,Santa Rosa Laguna Subregional Water Reclamation Facility,Santa Rosa City Dept of Public Works,1,Major,R1-2020-0012,CA0022764,https://ciwqs.waterboards.ca.gov/ciwqs/readOnly/CiwqsReportServlet?reportName=facilityAtAGlance&placeID=255703,427520,NPDES PERMIT,"378138,315598","1B83099OSON,1B83099OSON",13_0001_SantaRosaNPDES_Final.pdf,No,3.0
255703,1B83099OSON,Santa Rosa Laguna Subregional Water Reclamation Facility,Santa Rosa City Dept of Public Works,1,Major,R1-2020-0012,CA0022764,https://ciwqs.waterboards.ca.gov/ciwqs/readOnly/CiwqsReportServlet?reportName=facilityAtAGlance&placeID=255703,427520,NPDES PERMIT,"378138,315598","1B83099OSON,1B83099OSON",061003_0045_SantaRosaWDRs.pdf,No,3.0
255703,1B83099OSON,Santa Rosa Laguna Subregional Water Reclamation Facility,Santa Rosa City Dept of Public Works,1,Major,R1-2020-0012,CA0022764,https://ciwqs.waterboards.ca.gov/ciwqs/readOnly/CiwqsReportServlet?reportName=facilityAtAGlance&placeID=255703,427520,NPDES PERMIT,"378138,315598","1B83099OSON,1B83099OSON",091203_06-0045_NPDES_Attachment_F-Fact_Sheet.pdf,No,3.0
255802,2 215023001,Sausalito Marin City STP,Sausalito-Marin City San District,2,Major,R2-2023-0022,CA0038067,https://ciwqs.waterboards.ca.gov/ciwqs/readOnly/CiwqsReportServlet?reportName=facilityAtAGlance&placeID=255802,454995,NPDES PERMIT,422035,,NPDES Order R2-2023-0022.pdf,No,1.0
255802,2 215023001,Sausalito Marin City STP,Sausalito-Marin City San District,2,Major,R2-2023-0022,CA0038067,https://ciwqs.waterboards.ca.gov/ciwqs/readOnly/CiwqsReportServlet?reportName=facilityAtAGlance&placeID=255802,454995,NPDES PERMIT,422035,,R2-2018-0025.pdf,No,1.0
784780,,Scotia Town - City,,,,,,https://ciwqs.waterboards.ca.gov/ciwqs/readOnly/CiwqsReportServlet?reportName=facilityAtAGlance&placeID=784780,,,,,,No,0.0
256011,3 440103001,Scotts Valley WWTP,Scotts Valley,SB,"Major, Minor",R3-2013-0001,,https://ciwqs.waterboards.ca.gov/ciwqs/readOnly/CiwqsReportServlet?reportName=facilityAtAGlance&placeID=256011,389665,NPDES PERMIT,360605,3 440103001,Scotts Valley WWTP NPDES Permit R3-2013-0001.pdf,No,2.0
256011,3 440103001,Scotts Valley WWTP,Scotts Valley,SB,"Major, Minor",R3-2013-0001,,https://ciwqs.waterboards.ca.gov/ciwqs/readOnly/CiwqsReportServlet?reportName=facilityAtAGlance&placeID=256011,389665,NPDES PERMIT,360605,3 440103001,Scotts Valley NPDES No. R3-2007-0013.pdf,No,2.0
256217,7A130111013,Seeley CWD WWTP,Seeley Cnty WD,7,Minor,R7-2023-0003,CA0105023,https://ciwqs.waterboards.ca.gov/ciwqs/readOnly/CiwqsReportServlet?reportName=facilityAtAGlance&placeID=256217,453492,NPDES PERMIT,417936,7A130111013,R7-2023-0003.pdf,No,2.0
256217,7A130111013,Seeley CWD WWTP,Seeley Cnty WD,7,Minor,R7-2023-0003,CA0105023,https://ciwqs.waterboards.ca.gov/ciwqs/readOnly/CiwqsReportServlet?reportName=facilityAtAGlance&placeID=256217,453492,NPDES PERMIT,417936,7A130111013,0016seeley_wdr.pdf,No,2.0
255788,2 215015001,Sewerage Agency of Southern Marin (SASM) WWTP,Sewerage Agency of Southern Marin,2,Major,R2-2023-0021,CA0037711,https://ciwqs.waterboards.ca.gov/ciwqs/readOnly/CiwqsReportServlet?reportName=facilityAtAGlance&placeID=255788,454994,NPDES PERMIT,"423343,388491","2 215015001,2 215015001",R2-2023-0021.pdf,No,1.0
255788,2 215015001,Sewerage Agency of Southern Marin (SASM) WWTP,Sewerage Agency of Southern Marin,2,Major,R2-2023-0021,CA0037711,https://ciwqs.waterboards.ca.gov/ciwqs/readOnly/CiwqsReportServlet?reportName=facilityAtAGlance&placeID=255788,454994,NPDES PERMIT,"423343,388491","2 215015001,2 215015001",CA0037711 SASM Final R2-2018-0039.pdf,No,1.0
255788,2 215015001,Sewerage Agency of Southern Marin (SASM) WWTP,Sewerage Agency of Southern Marin,2,Major,R2-2023-0021,CA0037711,https://ciwqs.waterboards.ca.gov/ciwqs/readOnly/CiwqsReportServlet?reportName=facilityAtAGlance&placeID=255788,454994,NPDES PERMIT,"423343,388491","2 215015001,2 215015001",R2-2012-0094.pdf,No,1.0
246251,5A040106001,Sewerage Commission Oroville Region WWTP,Sewerage Commission Oroville Region,5R,Major,R5-2021-0044,CA0079235,https://ciwqs.waterboards.ca.gov/ciwqs/readOnly/CiwqsReportServlet?reportName=facilityAtAGlance&placeID=246251,442332,NPDES PERMIT,397468,5A040106001,r5-2021-0044_npdes.pdf,No,2.0
246251,5A040106001,Sewerage Commission Oroville Region WWTP,Sewerage Commission Oroville Region,5R,Major,R5-2021-0044,CA0079235,https://ciwqs.waterboards.ca.gov/ciwqs/readOnly/CiwqsReportServlet?reportName=facilityAtAGlance&placeID=246251,442332,NPDES PERMIT,397468,5A040106001,R5-2016-0024.pdf,No,2.0
215903,5A450001005,Cottonwood WWTP,Shasta CSA #17,5R,Minor,R5-2024-0026,CA0081507,https://ciwqs.waterboards.ca.gov/ciwqs/readOnly/CiwqsReportServlet?reportName=facilityAtAGlance&placeID=215903,445663,NPDES PERMIT,"400033,374786","5A450001005,5A450001005",r5-2024-0026_npdes.pdf,No,3.0
215903,5A450001005,Cottonwood WWTP,Shasta CSA #17,5R,Minor,R5-2024-0026,CA0081507,https://ciwqs.waterboards.ca.gov/ciwqs/readOnly/CiwqsReportServlet?reportName=facilityAtAGlance&placeID=215903,445663,NPDES PERMIT,"400033,374786","5A450001005,5A450001005",R5-2016-0066.pdf,No,3.0
215903,5A450001005,Cottonwood WWTP,Shasta CSA #17,5R,Minor,R5-2024-0026,CA0081507,https://ciwqs.waterboards.ca.gov/ciwqs/readOnly/CiwqsReportServlet?reportName=facilityAtAGlance&placeID=215903,445663,NPDES PERMIT,"400033,374786","5A450001005,5A450001005",r5-2010-0044.pdf,No,3.0
256627,5A450105001,Shasta Lake WWTF,Shasta Lake City,5R,Major,R5-2020-0058,CA0079511,https://ciwqs.waterboards.ca.gov/ciwqs/readOnly/CiwqsReportServlet?reportName=facilityAtAGlance&placeID=256627,442020,NPDES PERMIT,"395785,344522","5A450105001,5A450105001",r5-2020-0058_npdes.pdf,No,1.0
256627,5A450105001,Shasta Lake WWTF,Shasta Lake City,5R,Major,R5-2020-0058,CA0079511,https://ciwqs.waterboards.ca.gov/ciwqs/readOnly/CiwqsReportServlet?reportName=facilityAtAGlance&placeID=256627,442020,NPDES PERMIT,"395785,344522","5A450105001,5A450105001",R5-2014-0052-02.pdf,No,1.0
256627,5A450105001,Shasta Lake WWTF,Shasta Lake City,5R,Major,R5-2020-0058,CA0079511,https://ciwqs.waterboards.ca.gov/ciwqs/readOnly/CiwqsReportServlet?reportName=facilityAtAGlance&placeID=256627,442020,NPDES PERMIT,"395785,344522","5A450105001,5A450105001",R5-2014-0052.pdf,No,1.0
256627,5A450105001,Shasta Lake WWTF,Shasta Lake City,5R,Major,R5-2020-0058,CA0079511,https://ciwqs.waterboards.ca.gov/ciwqs/readOnly/CiwqsReportServlet?reportName=facilityAtAGlance&placeID=256627,442020,NPDES PERMIT,"395785,344522","5A450105001,5A450105001",R5-2018-0089 Attachment 1.pdf,No,1.0
256627,5A450105001,Shasta Lake WWTF,Shasta Lake City,5R,Major,R5-2020-0058,CA0079511,https://ciwqs.waterboards.ca.gov/ciwqs/readOnly/CiwqsReportServlet?reportName=facilityAtAGlance&placeID=256627,442020,NPDES PERMIT,"395785,344522","5A450105001,5A450105001",2008-0037.pdf,No,1.0
255833,2 417037001,SVCW WWTP,Silicon Valley Clean Water,2,Major,R2-2023-0003,CA0038369,https://ciwqs.waterboards.ca.gov/ciwqs/readOnly/CiwqsReportServlet?reportName=facilityAtAGlance&placeID=255833,451899,NPDES PERMIT,421384,2 417037001,SVCW Order R2-2023-0003 (1).pdf,No,1.0
255833,2 417037001,SVCW WWTP,Silicon Valley Clean Water,2,Major,R2-2023-0003,CA0038369,https://ciwqs.waterboards.ca.gov/ciwqs/readOnly/CiwqsReportServlet?reportName=facilityAtAGlance&placeID=255833,451899,NPDES PERMIT,421384,2 417037001,SVCW_Order No. R2-2018-0005.pdf,No,1.0
261253,4A560110001,Simi Valley WQCP,Simi Valley City,SB,Major,R4-2019-0135,,https://ciwqs.waterboards.ca.gov/ciwqs/readOnly/CiwqsReportServlet?reportName=facilityAtAGlance&placeID=261253,427894,NPDES PERMIT,395592,4A560110001,3021_R4-2019-0135_WDR_PKG.pdf,No,1.0
261253,4A560110001,Simi Valley WQCP,Simi Valley City,SB,Major,R4-2019-0135,,https://ciwqs.waterboards.ca.gov/ciwqs/readOnly/CiwqsReportServlet?reportName=facilityAtAGlance&placeID=261253,427894,NPDES PERMIT,395592,4A560110001,3021_R4-2014-0066-A01_WDR_PKG_amd.pdf,No,1.0
257754,2 494009001,Sonoma Valley County SD WWTP,Sonoma County Water Agency (SCWA),2,Major,R2-2019-0019,CA0037800,https://ciwqs.waterboards.ca.gov/ciwqs/readOnly/CiwqsReportServlet?reportName=facilityAtAGlance&placeID=257754,432957,NPDES PERMIT,396238,2 494009001,R2-2019-0019.pdf,No,1.0
257754,2 494009001,Sonoma Valley County SD WWTP,Sonoma County Water Agency (SCWA),2,Major,R2-2019-0019,CA0037800,https://ciwqs.waterboards.ca.gov/ciwqs/readOnly/CiwqsReportServlet?reportName=facilityAtAGlance&placeID=257754,432957,NPDES PERMIT,396238,2 494009001,sonoma R2-2014-0020.pdf,No,1.0
256061,1B82045OSON,SCWA Russian River CSD,Sonoma County Water Agency (SCWA),1,Minor,R1-2021-0002,CA0024058,https://ciwqs.waterboards.ca.gov/ciwqs/readOnly/CiwqsReportServlet?reportName=facilityAtAGlance&placeID=256061,427524,NPDES PERMIT,"392149,331310","1B82045OSON,1B82045OSON",21_0002_Russian River CSD and Sonoma Water WWTF NPDES.pdf,No,2.0
256061,1B82045OSON,SCWA Russian River CSD,Sonoma County Water Agency (SCWA),1,Minor,R1-2021-0002,CA0024058,https://ciwqs.waterboards.ca.gov/ciwqs/readOnly/CiwqsReportServlet?reportName=facilityAtAGlance&placeID=256061,427524,NPDES PERMIT,"392149,331310","1B82045OSON,1B82045OSON",14_0002_RRCSD_NPDES_Permit_MRP_Revision.pdf,No,2.0
256061,1B82045OSON,SCWA Russian River CSD,Sonoma County Water Agency (SCWA),1,Minor,R1-2021-0002,CA0024058,https://ciwqs.waterboards.ca.gov/ciwqs/readOnly/CiwqsReportServlet?reportName=facilityAtAGlance&placeID=256061,427524,NPDES PERMIT,"392149,331310","1B82045OSON,1B82045OSON",14_0002_RRCSD_NPDES_Permit_adopted_with_revisions_accepted.pdf,No,2.0
256061,1B82045OSON,SCWA Russian River CSD,Sonoma County Water Agency (SCWA),1,Minor,R1-2021-0002,CA0024058,https://ciwqs.waterboards.ca.gov/ciwqs/readOnly/CiwqsReportServlet?reportName=facilityAtAGlance&placeID=256061,427524,NPDES PERMIT,"392149,331310","1B82045OSON,1B82045OSON",09_0003_NPDES_RRCSD_CAG_020209.pdf,No,2.0
256039,3 430100001,SCRWA WWTP,South County Regional WW Authority,SB,Major,R3-2017-0028,,https://ciwqs.waterboards.ca.gov/ciwqs/readOnly/CiwqsReportServlet?reportName=facilityAtAGlance&placeID=256039,418038,NPDES PERMIT,373671,3 430100001,SCRWA 2017 adopted.pdf,No,1.0
256039,3 430100001,SCRWA WWTP,South County Regional WW Authority,SB,Major,R3-2017-0028,,https://ciwqs.waterboards.ca.gov/ciwqs/readOnly/CiwqsReportServlet?reportName=facilityAtAGlance&placeID=256039,418038,NPDES PERMIT,373671,3 430100001,SCRWApermit.pdf,No,1.0
254881,2 417038001,South San Francisco-San Bruno WQCP,South San Francisco City,2,Major,R2-2019-0021,CA0038130,https://ciwqs.waterboards.ca.gov/ciwqs/readOnly/CiwqsReportServlet?reportName=facilityAtAGlance&placeID=254881,432955,NPDES PERMIT,"395656,355399","2 417038001,2 417038001",SSFSB_Order_Finalsigned.pdf,No,1.0
254881,2 417038001,South San Francisco-San Bruno WQCP,South San Francisco City,2,Major,R2-2019-0021,CA0038130,https://ciwqs.waterboards.ca.gov/ciwqs/readOnly/CiwqsReportServlet?reportName=facilityAtAGlance&placeID=254881,432955,NPDES PERMIT,"395656,355399","2 417038001,2 417038001",SSFSB Order R2-2014-0012 signed.pdf,No,1.0
254881,2 417038001,South San Francisco-San Bruno WQCP,South San Francisco City,2,Major,R2-2019-0021,CA0038130,https://ciwqs.waterboards.ca.gov/ciwqs/readOnly/CiwqsReportServlet?reportName=facilityAtAGlance&placeID=254881,432955,NPDES PERMIT,"395656,355399","2 417038001,2 417038001",SSFSB - Final Order (11-08).pdf,No,1.0
257887,3 400111001,South San Luis Obispo SD WWTP,South San Luis Obispo CSD,SB,Major,R3-2019-0002,,https://ciwqs.waterboards.ca.gov/ciwqs/readOnly/CiwqsReportServlet?reportName=facilityAtAGlance&placeID=257887,430003,NPDES PERMIT,"371962,132864","3 400111001,3 400111001",So_SLO_Order R3-2019-0002_final.pdf,No,1.0
257887,3 400111001,South San Luis Obispo SD WWTP,South San Luis Obispo CSD,SB,Major,R3-2019-0002,,https://ciwqs.waterboards.ca.gov/ciwqs/readOnly/CiwqsReportServlet?reportName=facilityAtAGlance&placeID=257887,430003,NPDES PERMIT,"371962,132864","3 400111001,3 400111001",2009_0046_soslocosandistwdr.pdf,No,1.0
257887,3 400111001,South San Luis Obispo SD WWTP,South San Luis Obispo CSD,SB,Major,R3-2019-0002,,https://ciwqs.waterboards.ca.gov/ciwqs/readOnly/CiwqsReportServlet?reportName=facilityAtAGlance&placeID=257887,430003,NPDES PERMIT,"371962,132864","3 400111001,3 400111001",WDR No. R3-2004-0050.pdf,No,1.0
209509,5C102009001,Big Creek Powerhouse No 1 WWTF,Southern California Edison,5F,Minor,R5-2012-0048,CA0079545,https://ciwqs.waterboards.ca.gov/ciwqs/readOnly/CiwqsReportServlet?reportName=facilityAtAGlance&placeID=209509,373954,NPDES PERMIT,261515,5C102009001,r5-2012-0048.pdf,No,3.0
209509,5C102009001,Big Creek Powerhouse No 1 WWTF,Southern California Edison,5F,Minor,R5-2012-0048,CA0079545,https://ciwqs.waterboards.ca.gov/ciwqs/readOnly/CiwqsReportServlet?reportName=facilityAtAGlance&placeID=209509,373954,NPDES PERMIT,261515,5C102009001,r5-2005-0156.pdf,No,3.0
258386,2 283014001,St. Helena City WWTP,St. Helena City,2,Minor,R2-2021-0004,CA0038016,https://ciwqs.waterboards.ca.gov/ciwqs/readOnly/CiwqsReportServlet?reportName=facilityAtAGlance&placeID=258386,442938,NPDES PERMIT,,,st. helena_order r2-2021-0004.pdf,No,1.0
273191,5D150118002,Stallion Springs WWTF,Stallion Springs CSD,5F,Minor,R5-2014-0127,CAC439983,https://ciwqs.waterboards.ca.gov/ciwqs/readOnly/CiwqsReportServlet?reportName=facilityAtAGlance&placeID=273191,390414,NPDES PERMIT,339968,5D150118002,R5-2014-0127.pdf,No,2.0
273191,5D150118002,Stallion Springs WWTF,Stallion Springs CSD,5F,Minor,R5-2014-0127,CAC439983,https://ciwqs.waterboards.ca.gov/ciwqs/readOnly/CiwqsReportServlet?reportName=facilityAtAGlance&placeID=273191,390414,NPDES PERMIT,339968,5D150118002,r5-2008-0091.pdf,No,2.0
258739,5B390107001,Wastewater Recovery Center,Stockton City,5S,Major,R5-2020-0007-01,CA0079138,https://ciwqs.waterboards.ca.gov/ciwqs/readOnly/CiwqsReportServlet?reportName=facilityAtAGlance&placeID=258739,437232,NPDES PERMIT,"396967,354982","5B390107001,5B390107001",r5-2020-0007_npdes.pdf,No,2.0
258739,5B390107001,Wastewater Recovery Center,Stockton City,5S,Major,R5-2020-0007-01,CA0079138,https://ciwqs.waterboards.ca.gov/ciwqs/readOnly/CiwqsReportServlet?reportName=facilityAtAGlance&placeID=258739,437232,NPDES PERMIT,"396967,354982","5B390107001,5B390107001",r5-2014-0070.pdf,No,2.0
258739,5B390107001,Wastewater Recovery Center,Stockton City,5S,Major,R5-2020-0007-01,CA0079138,https://ciwqs.waterboards.ca.gov/ciwqs/readOnly/CiwqsReportServlet?reportName=facilityAtAGlance&placeID=258739,437232,NPDES PERMIT,"396967,354982","5B390107001,5B390107001",r5-2014-0122.pdf,Yes,2.0
258739,5B390107001,Wastewater Recovery Center,Stockton City,5S,Major,R5-2020-0007-01,CA0079138,https://ciwqs.waterboards.ca.gov/ciwqs/readOnly/CiwqsReportServlet?reportName=facilityAtAGlance&placeID=258739,437232,NPDES PERMIT,"396967,354982","5B390107001,5B390107001",r5-2015-0142.pdf,No,2.0
258739,5B390107001,Wastewater Recovery Center,Stockton City,5S,Major,R5-2020-0007-01,CA0079138,https://ciwqs.waterboards.ca.gov/ciwqs/readOnly/CiwqsReportServlet?reportName=facilityAtAGlance&placeID=258739,437232,NPDES PERMIT,"396967,354982","5B390107001,5B390107001",R5-2008-0154.pdf,No,2.0
259377,3 420111001,Summerland SD WWTP,Summerland SD,3,Minor,R3-2022-0014,CA0048054,https://ciwqs.waterboards.ca.gov/ciwqs/readOnly/CiwqsReportServlet?reportName=facilityAtAGlance&placeID=259377,449533,NPDES PERMIT,"392876,354834","3 420111001,3 420111001",R3-2022-0014-(ACC).pdf,No,1.0
259377,3 420111001,Summerland SD WWTP,Summerland SD,3,Minor,R3-2022-0014,CA0048054,https://ciwqs.waterboards.ca.gov/ciwqs/readOnly/CiwqsReportServlet?reportName=facilityAtAGlance&placeID=259377,449533,NPDES PERMIT,"392876,354834","3 420111001,3 420111001",R3-2013-0042_Summerland_NPDES_permit.pdf,No,1.0
259377,3 420111001,Summerland SD WWTP,Summerland SD,3,Minor,R3-2022-0014,CA0048054,https://ciwqs.waterboards.ca.gov/ciwqs/readOnly/CiwqsReportServlet?reportName=facilityAtAGlance&placeID=259377,449533,NPDES PERMIT,"392876,354834","3 420111001,3 420111001",Summerland_Adopted_NPDES_R3-2008-0009_Permit_5-9-08.pdf,No,1.0
259507,2 438018001,Sunnyvale WPCP,Sunnyvale City,2,Major,R2-2020-0002,CA0037621,https://ciwqs.waterboards.ca.gov/ciwqs/readOnly/CiwqsReportServlet?reportName=facilityAtAGlance&placeID=259507,436744,NPDES PERMIT,,,CA0037621 Sunnyvale Order R2-2020-0002.pdf,No,1.0
259689,6A181554001,Susanville Sanitary District WWTP,Susanville SD,SB,Major,R6T-2008-0022,,https://ciwqs.waterboards.ca.gov/ciwqs/readOnly/CiwqsReportServlet?reportName=facilityAtAGlance&placeID=259689,350221,NPDES PERMIT,,,R6T-2008-0022 WDR Susanville CSD.pdf,No,4.0
259689,6A181554001,Susanville Sanitary District WWTP,Susanville SD,SB,Major,R6T-2008-0022,,https://ciwqs.waterboards.ca.gov/ciwqs/readOnly/CiwqsReportServlet?reportName=facilityAtAGlance&placeID=259689,350221,NPDES PERMIT,,,r6t_2008_0022_a1.pdf,No,4.0
259689,6A181554001,Susanville Sanitary District WWTP,Susanville SD,SB,Major,R6T-2008-0022,,https://ciwqs.waterboards.ca.gov/ciwqs/readOnly/CiwqsReportServlet?reportName=facilityAtAGlance&placeID=259689,350221,NPDES PERMIT,,,r6t_2008_0022_attach_f_i.pdf,No,4.0
214665,5D150115001,Taft WWTF,,,,5-00-080 (NPDES),,https://ciwqs.waterboards.ca.gov/ciwqs/readOnly/CiwqsReportServlet?reportName=facilityAtAGlance&placeID=214665,,NPDES PERMIT,,,,No,0.0
240864,5A520102001,Mineral WWTP,Tehama  Co SD #1,5R,Minor,R5-2023-0040,CA0084069,https://ciwqs.waterboards.ca.gov/ciwqs/readOnly/CiwqsReportServlet?reportName=facilityAtAGlance&placeID=240864,445294,NPDES PERMIT,401816,5A520102001,r5-2023-0040_npdes.pdf,No,2.0
259216,8 332253001,Temescal Valley WD WWRF,Temescal Valley Water District,SB,"Major, Minor",R8-2012-0028,,https://ciwqs.waterboards.ca.gov/ciwqs/readOnly/CiwqsReportServlet?reportName=facilityAtAGlance&placeID=259216,388621,NPDES PERMIT,261270,8 332253001,12-0028_Lee_Lake_Water_Dist_WDR.pdf,No,1.0
259216,8 332253001,Temescal Valley WD WWRF,Temescal Valley Water District,SB,"Major, Minor",R8-2012-0028,,https://ciwqs.waterboards.ca.gov/ciwqs/readOnly/CiwqsReportServlet?reportName=facilityAtAGlance&placeID=259216,388621,NPDES PERMIT,261270,8 332253001,05-0043 Lee Lake WDR.pdf,No,1.0
231693,4A560112001,Hill Canyon WWTP,Thousand Oaks City ,SB,"Major, Minor",R4-2019-0137,,https://ciwqs.waterboards.ca.gov/ciwqs/readOnly/CiwqsReportServlet?reportName=facilityAtAGlance&placeID=231693,428016,NPDES PERMIT,395353,4A560112001,4917_R4-2019-0137_WDR.pdf,No,2.0
231693,4A560112001,Hill Canyon WWTP,Thousand Oaks City ,SB,"Major, Minor",R4-2019-0137,,https://ciwqs.waterboards.ca.gov/ciwqs/readOnly/CiwqsReportServlet?reportName=facilityAtAGlance&placeID=231693,428016,NPDES PERMIT,395353,4A560112001,4917_R4-2014-0064-A01_WDR_PKG_amd.pdf,No,2.0
231693,4A560112001,Hill Canyon WWTP,Thousand Oaks City ,SB,"Major, Minor",R4-2019-0137,,https://ciwqs.waterboards.ca.gov/ciwqs/readOnly/CiwqsReportServlet?reportName=facilityAtAGlance&placeID=231693,428016,NPDES PERMIT,395353,4A560112001,4917_R4-2014-0064-A02_WDR_PKG_amd.pdf,No,2.0
220315,5B070105003,Discovery Bay WWTP,Town of Discovery Bay CSD,5S,Major,R5-2019-0082,CA0078590,https://ciwqs.waterboards.ca.gov/ciwqs/readOnly/CiwqsReportServlet?reportName=facilityAtAGlance&placeID=220315,436159,NPDES PERMIT,"396976,359906","5B070105003,5B070105003",r5-2019-0082_npdes.pdf,No,1.0
220315,5B070105003,Discovery Bay WWTP,Town of Discovery Bay CSD,5S,Major,R5-2019-0082,CA0078590,https://ciwqs.waterboards.ca.gov/ciwqs/readOnly/CiwqsReportServlet?reportName=facilityAtAGlance&placeID=220315,436159,NPDES PERMIT,"396976,359906","5B070105003,5B070105003",r5-2014-0073.pdf,No,1.0
220315,5B070105003,Discovery Bay WWTP,Town of Discovery Bay CSD,5S,Major,R5-2019-0082,CA0078590,https://ciwqs.waterboards.ca.gov/ciwqs/readOnly/CiwqsReportServlet?reportName=facilityAtAGlance&placeID=220315,436159,NPDES PERMIT,"396976,359906","5B070105003,5B070105003",r5-2014-0122.pdf,Yes,1.0
220315,5B070105003,Discovery Bay WWTP,Town of Discovery Bay CSD,5S,Major,R5-2019-0082,CA0078590,https://ciwqs.waterboards.ca.gov/ciwqs/readOnly/CiwqsReportServlet?reportName=facilityAtAGlance&placeID=220315,436159,NPDES PERMIT,"396976,359906","5B070105003,5B070105003",R5-2008-0179.pdf,No,1.0
266223,5B390108001,Tracy WWTP,Tracy City,5S,Major,R5-2022-0073,CA0079154,https://ciwqs.waterboards.ca.gov/ciwqs/readOnly/CiwqsReportServlet?reportName=facilityAtAGlance&placeID=266223,449574,NPDES PERMIT,"416413,388803,327486","5B390108001,5B390108001,5B390108001",r5-2022-0073_npdes.pdf,No,1.0
266223,5B390108001,Tracy WWTP,Tracy City,5S,Major,R5-2022-0073,CA0079154,https://ciwqs.waterboards.ca.gov/ciwqs/readOnly/CiwqsReportServlet?reportName=facilityAtAGlance&placeID=266223,449574,NPDES PERMIT,"416413,388803,327486","5B390108001,5B390108001,5B390108001",R5-2017-0113.pdf,No,1.0
266223,5B390108001,Tracy WWTP,Tracy City,5S,Major,R5-2022-0073,CA0079154,https://ciwqs.waterboards.ca.gov/ciwqs/readOnly/CiwqsReportServlet?reportName=facilityAtAGlance&placeID=266223,449574,NPDES PERMIT,"416413,388803,327486","5B390108001,5B390108001,5B390108001",r5-2012-0115.pdf,No,1.0
266223,5B390108001,Tracy WWTP,Tracy City,5S,Major,R5-2022-0073,CA0079154,https://ciwqs.waterboards.ca.gov/ciwqs/readOnly/CiwqsReportServlet?reportName=facilityAtAGlance&placeID=266223,449574,NPDES PERMIT,"416413,388803,327486","5B390108001,5B390108001,5B390108001",r5-2014-0122.pdf,Yes,1.0
266223,5B390108001,Tracy WWTP,Tracy City,5S,Major,R5-2022-0073,CA0079154,https://ciwqs.waterboards.ca.gov/ciwqs/readOnly/CiwqsReportServlet?reportName=facilityAtAGlance&placeID=266223,449574,NPDES PERMIT,"416413,388803,327486","5B390108001,5B390108001,5B390108001",R5-2007-0036.pdf,No,1.0
266328,2 386013001,Treasure Island WWTP/DOD,US Navy Treasure Island,2,Major,R2-2020-0020,CA0038873,https://ciwqs.waterboards.ca.gov/ciwqs/readOnly/CiwqsReportServlet?reportName=facilityAtAGlance&placeID=266328,438627,NPDES PERMIT,371821,2 386013001,R2-2020-0020.pdf,No,1.0
266328,2 386013001,Treasure Island WWTP/DOD,US Navy Treasure Island,2,Major,R2-2020-0020,CA0038873,https://ciwqs.waterboards.ca.gov/ciwqs/readOnly/CiwqsReportServlet?reportName=facilityAtAGlance&placeID=266328,438627,NPDES PERMIT,371821,2 386013001,TI Final Order with signature Jan 20'10.pdf,No,1.0
266694,1A84002OSIS,Tulelake City WWTP,Tulelake City,1,Minor,R1-2013-0029,CA0023272,https://ciwqs.waterboards.ca.gov/ciwqs/readOnly/CiwqsReportServlet?reportName=facilityAtAGlance&placeID=266694,388796,NPDES PERMIT,132900,1A84002OSIS,13_0029_KVG_ef_Tulelake_NPDES_130627.pdf,No,2.0
266694,1A84002OSIS,Tulelake City WWTP,Tulelake City,1,Minor,R1-2013-0029,CA0023272,https://ciwqs.waterboards.ca.gov/ciwqs/readOnly/CiwqsReportServlet?reportName=facilityAtAGlance&placeID=266694,388796,NPDES PERMIT,132900,1A84002OSIS,R1-2004-0075.pdf,No,2.0
266737,5C500108001,"Turlock City, Turlock Regional Water Quality Control Facility",Turlock City,5S,Major,R5-2021-0005,CA0078948,https://ciwqs.waterboards.ca.gov/ciwqs/readOnly/CiwqsReportServlet?reportName=facilityAtAGlance&placeID=266737,442540,NPDES PERMIT,"400734,373254","5C500108001,5C500108001",r5-2021-0005_npdes.pdf,No,1.0
266737,5C500108001,"Turlock City, Turlock Regional Water Quality Control Facility",Turlock City,5S,Major,R5-2021-0005,CA0078948,https://ciwqs.waterboards.ca.gov/ciwqs/readOnly/CiwqsReportServlet?reportName=facilityAtAGlance&placeID=266737,442540,NPDES PERMIT,"400734,373254","5C500108001,5C500108001",R5-2015-0027.pdf,No,1.0
266737,5C500108001,"Turlock City, Turlock Regional Water Quality Control Facility",Turlock City,5S,Major,R5-2021-0005,CA0078948,https://ciwqs.waterboards.ca.gov/ciwqs/readOnly/CiwqsReportServlet?reportName=facilityAtAGlance&placeID=266737,442540,NPDES PERMIT,"400734,373254","5C500108001,5C500108001",r5-2015-0027-01_npdes.pdf,No,1.0
266737,5C500108001,"Turlock City, Turlock Regional Water Quality Control Facility",Turlock City,5S,Major,R5-2021-0005,CA0078948,https://ciwqs.waterboards.ca.gov/ciwqs/readOnly/CiwqsReportServlet?reportName=facilityAtAGlance&placeID=266737,442540,NPDES PERMIT,"400734,373254","5C500108001,5C500108001",r5-2019-0080_npdes_amend.pdf,No,1.0
266737,5C500108001,"Turlock City, Turlock Regional Water Quality Control Facility",Turlock City,5S,Major,R5-2021-0005,CA0078948,https://ciwqs.waterboards.ca.gov/ciwqs/readOnly/CiwqsReportServlet?reportName=facilityAtAGlance&placeID=266737,442540,NPDES PERMIT,"400734,373254","5C500108001,5C500108001",R5-2010-0002.pdf,No,1.0
268926,5A570800001,UC Davis Main WWTP,UC Davis,5S,Major,R5-2021-0007,CA0077895,https://ciwqs.waterboards.ca.gov/ciwqs/readOnly/CiwqsReportServlet?reportName=facilityAtAGlance&placeID=268926,442761,NPDES PERMIT,"399193,361660","5A570800001,5A570800001",r5-2021-0007_npdes.pdf,No,1.0
268926,5A570800001,UC Davis Main WWTP,UC Davis,5S,Major,R5-2021-0007,CA0077895,https://ciwqs.waterboards.ca.gov/ciwqs/readOnly/CiwqsReportServlet?reportName=facilityAtAGlance&placeID=268926,442761,NPDES PERMIT,"399193,361660","5A570800001,5A570800001",r5-2014-0152.pdf,No,1.0
268926,5A570800001,UC Davis Main WWTP,UC Davis,5S,Major,R5-2021-0007,CA0077895,https://ciwqs.waterboards.ca.gov/ciwqs/readOnly/CiwqsReportServlet?reportName=facilityAtAGlance&placeID=268926,442761,NPDES PERMIT,"399193,361660","5A570800001,5A570800001",R5-2008-0183.pdf,No,1.0
209007,5A580700001,Beale AFB WWTP,,,,R5-2004-0045-NPDES,,https://ciwqs.waterboards.ca.gov/ciwqs/readOnly/CiwqsReportServlet?reportName=facilityAtAGlance&placeID=209007,,NPDES PERMIT,,,,No,0.0
269449,7A130703011,US Navy Naval Air Facility WWTP,US Navy Naval Air Station El Centro,7,Minor,R7-2021-0045,CA0104906,https://ciwqs.waterboards.ca.gov/ciwqs/readOnly/CiwqsReportServlet?reportName=facilityAtAGlance&placeID=269449,445859,NPDES PERMIT,407223,7A130703011,R7-2021-0045.pdf,No,2.0
269449,7A130703011,US Navy Naval Air Facility WWTP,US Navy Naval Air Station El Centro,7,Minor,R7-2021-0045,CA0104906,https://ciwqs.waterboards.ca.gov/ciwqs/readOnly/CiwqsReportServlet?reportName=facilityAtAGlance&placeID=269449,445859,NPDES PERMIT,407223,7A130703011,0004naval_air_npdes.pdf,No,2.0
222491,5C220701002,El Portal WWTF,USDI National Park Service Yosemite National Park,5F,"Major, Minor",R5-2019-0069,CA0081759,https://ciwqs.waterboards.ca.gov/ciwqs/readOnly/CiwqsReportServlet?reportName=facilityAtAGlance&placeID=222491,434880,NPDES PERMIT,"396396,344473","5C220701002,5C220701002",r5-2019-0069_npdes.pdf,No,1.0
222491,5C220701002,El Portal WWTF,USDI National Park Service Yosemite National Park,5F,"Major, Minor",R5-2019-0069,CA0081759,https://ciwqs.waterboards.ca.gov/ciwqs/readOnly/CiwqsReportServlet?reportName=facilityAtAGlance&placeID=222491,434880,NPDES PERMIT,"396396,344473","5C220701002,5C220701002",r5-2014-0068_npdes.pdf,No,1.0
222491,5C220701002,El Portal WWTF,USDI National Park Service Yosemite National Park,5F,"Major, Minor",R5-2019-0069,CA0081759,https://ciwqs.waterboards.ca.gov/ciwqs/readOnly/CiwqsReportServlet?reportName=facilityAtAGlance&placeID=222491,434880,NPDES PERMIT,"396396,344473","5C220701002,5C220701002",r5-2008-0060.pdf,No,1.0
271887,5C220701004,Wawona WWTF,USDI National Park Service Yosemite National Park,5F,Minor,R5-2013-0092,CAG995002,https://ciwqs.waterboards.ca.gov/ciwqs/readOnly/CiwqsReportServlet?reportName=facilityAtAGlance&placeID=271887,373917,NPDES PERMIT,298725,5C220701004,r5-2013-0092_npdes.pdf,No,2.0
269601,2 071059001,USS-UPI LLC - NPDES/SUB15,USS-Posco Industries,2,Major,R2-2016-0043,CA0005002,https://ciwqs.waterboards.ca.gov/ciwqs/readOnly/CiwqsReportServlet?reportName=facilityAtAGlance&placeID=269601,410165,NPDES PERMIT,380277,2 071059001,R2-2016-0043.pdf,No,1.0
269601,2 071059001,USS-UPI LLC - NPDES/SUB15,USS-Posco Industries,2,Major,R2-2016-0043,CA0005002,https://ciwqs.waterboards.ca.gov/ciwqs/readOnly/CiwqsReportServlet?reportName=facilityAtAGlance&placeID=269601,410165,NPDES PERMIT,380277,2 071059001,Posco R2-2011-0048.pdf,No,1.0
268960,1B84029OMEN,Ukiah City WWTP,Ukiah City,1,Major,R1-2018-0035,CA0022888,https://ciwqs.waterboards.ca.gov/ciwqs/readOnly/CiwqsReportServlet?reportName=facilityAtAGlance&placeID=268960,413425,NPDES PERMIT,"378144,316436","1B84029OMEN,1B84029OMEN",18_0035_Ukiah_NPDES.pdf,No,1.0
268960,1B84029OMEN,Ukiah City WWTP,Ukiah City,1,Major,R1-2018-0035,CA0022888,https://ciwqs.waterboards.ca.gov/ciwqs/readOnly/CiwqsReportServlet?reportName=facilityAtAGlance&placeID=268960,413425,NPDES PERMIT,"378144,316436","1B84029OMEN,1B84029OMEN",12_0068_NPDES_Ukiah_CAG_120905.pdf,No,1.0
268960,1B84029OMEN,Ukiah City WWTP,Ukiah City,1,Major,R1-2018-0035,CA0022888,https://ciwqs.waterboards.ca.gov/ciwqs/readOnly/CiwqsReportServlet?reportName=facilityAtAGlance&placeID=268960,413425,NPDES PERMIT,"378144,316436","1B84029OMEN,1B84029OMEN",060926_0049_NPDESUkiah.pdf,No,1.0
269042,2 019123001,Raymond A. Boege Alvarado WWTP (Union SD),,,,,,https://ciwqs.waterboards.ca.gov/ciwqs/readOnly/CiwqsReportServlet?reportName=facilityAtAGlance&placeID=269042,,,,,EBDA - R2-2022-0023.pdf,Yes,
206730,5A31NP00001,Thunder Valley Casino WWTP,United Auburn Indian Community,5S,Minor,R5-2015-0077,CAC442169,https://ciwqs.waterboards.ca.gov/ciwqs/readOnly/CiwqsReportServlet?reportName=facilityAtAGlance&placeID=206730,401600,NPDES PERMIT,373269,5A31NP00001,R5-2010-0005.pdf,No,1.0
257821,9 000000732,South Bay International WWTP,United States Section of the International Boundary and Water Commission (USIBWC),9,Major,R9-2021-0001,CA0108928,https://ciwqs.waterboards.ca.gov/ciwqs/readOnly/CiwqsReportServlet?reportName=facilityAtAGlance&placeID=257821,442331,NPDES PERMIT,397052,9 000000732,r9-2021-0001-amended-r9-2023-0009-amended-r9-2026-0005.pdf,No,5.0
257821,9 000000732,South Bay International WWTP,United States Section of the International Boundary and Water Commission (USIBWC),9,Major,R9-2021-0001,CA0108928,https://ciwqs.waterboards.ca.gov/ciwqs/readOnly/CiwqsReportServlet?reportName=facilityAtAGlance&placeID=257821,442331,NPDES PERMIT,397052,9 000000732,r9-2021-0001.pdf,No,5.0
257821,9 000000732,South Bay International WWTP,United States Section of the International Boundary and Water Commission (USIBWC),9,Major,R9-2021-0001,CA0108928,https://ciwqs.waterboards.ca.gov/ciwqs/readOnly/CiwqsReportServlet?reportName=facilityAtAGlance&placeID=257821,442331,NPDES PERMIT,397052,9 000000732,FinalAmendedOrderNoR9-2014-0009.pdf,No,5.0
257821,9 000000732,South Bay International WWTP,United States Section of the International Boundary and Water Commission (USIBWC),9,Major,R9-2021-0001,CA0108928,https://ciwqs.waterboards.ca.gov/ciwqs/readOnly/CiwqsReportServlet?reportName=facilityAtAGlance&placeID=257821,442331,NPDES PERMIT,397052,9 000000732,FinalOrder.pdf,No,5.0
257821,9 000000732,South Bay International WWTP,United States Section of the International Boundary and Water Commission (USIBWC),9,Major,R9-2021-0001,CA0108928,https://ciwqs.waterboards.ca.gov/ciwqs/readOnly/CiwqsReportServlet?reportName=facilityAtAGlance&placeID=257821,442331,NPDES PERMIT,397052,9 000000732,SBIWTP_AmendingOrder2019.pdf,No,5.0
222057,5A480105002,Easterly WWTP,Vacaville City DPW,5S,Major,R5-2019-0049,CA0077691,https://ciwqs.waterboards.ca.gov/ciwqs/readOnly/CiwqsReportServlet?reportName=facilityAtAGlance&placeID=222057,433231,NPDES PERMIT,"396970,345333","5A480105002,5A480105002",R5-2019-0049.pdf,No,2.0
222057,5A480105002,Easterly WWTP,Vacaville City DPW,5S,Major,R5-2019-0049,CA0077691,https://ciwqs.waterboards.ca.gov/ciwqs/readOnly/CiwqsReportServlet?reportName=facilityAtAGlance&placeID=222057,433231,NPDES PERMIT,"396970,345333","5A480105002,5A480105002",r5-2014-0072.pdf,No,2.0
222057,5A480105002,Easterly WWTP,Vacaville City DPW,5S,Major,R5-2019-0049,CA0077691,https://ciwqs.waterboards.ca.gov/ciwqs/readOnly/CiwqsReportServlet?reportName=facilityAtAGlance&placeID=222057,433231,NPDES PERMIT,"396970,345333","5A480105002,5A480105002",r5-2014-0122.pdf,Yes,2.0
222057,5A480105002,Easterly WWTP,Vacaville City DPW,5S,Major,R5-2019-0049,CA0077691,https://ciwqs.waterboards.ca.gov/ciwqs/readOnly/CiwqsReportServlet?reportName=facilityAtAGlance&placeID=222057,433231,NPDES PERMIT,"396970,345333","5A480105002,5A480105002",R5-2010-0027.pdf,No,2.0
222057,5A480105002,Easterly WWTP,Vacaville City DPW,5S,Major,R5-2019-0049,CA0077691,https://ciwqs.waterboards.ca.gov/ciwqs/readOnly/CiwqsReportServlet?reportName=facilityAtAGlance&placeID=222057,433231,NPDES PERMIT,"396970,345333","5A480105002,5A480105002",r5-2008-0055.pdf,No,2.0
227140,5A482002001,Gibson Canyon Creek WWTP,,,,5-00-172,,https://ciwqs.waterboards.ca.gov/ciwqs/readOnly/CiwqsReportServlet?reportName=facilityAtAGlance&placeID=227140,148226,NPDES PERMIT,,,,No,0.0
270006,2 482012001,Vallejo Flood & Wastewater District (VFWD) WWTP,Vallejo Flood & Wastewater District (formerly Vallejo San & Flood Control District),2,Major,R2-2023-0001,CA0037699,https://ciwqs.waterboards.ca.gov/ciwqs/readOnly/CiwqsReportServlet?reportName=facilityAtAGlance&placeID=270006,451028,NPDES PERMIT,,,Order R2-2023-0001.pdf,No,1.0
270096,7A330122021,Valley SD WWTP,Valley Sanitary District,7,Major,R7-2020-0007,CA0104477,https://ciwqs.waterboards.ca.gov/ciwqs/readOnly/CiwqsReportServlet?reportName=facilityAtAGlance&placeID=270096,434967,NPDES PERMIT,401332,7A330122021,R7-2020-0007.pdf,No,1.0
270096,7A330122021,Valley SD WWTP,Valley Sanitary District,7,Major,R7-2020-0007,CA0104477,https://ciwqs.waterboards.ca.gov/ciwqs/readOnly/CiwqsReportServlet?reportName=facilityAtAGlance&placeID=270096,434967,NPDES PERMIT,401332,7A330122021,R7-2015-0002.pdf,No,1.0
243377,4A560103003,Moorpark WRF - WRR,Ventura Cnty Special Districts,SB,Major,R4-2023-0090,,https://ciwqs.waterboards.ca.gov/ciwqs/readOnly/CiwqsReportServlet?reportName=facilityAtAGlance&placeID=243377,453107,NPDES PERMIT,132593,4A560103003,7513_R4-2003-0151_FS.pdf,No,2.0
243377,4A560103003,Moorpark WRF - WRR,Ventura Cnty Special Districts,SB,Major,R4-2023-0090,,https://ciwqs.waterboards.ca.gov/ciwqs/readOnly/CiwqsReportServlet?reportName=facilityAtAGlance&placeID=243377,453107,NPDES PERMIT,132593,4A560103003,7513_R4-2003-0151_WDR.pdf,No,2.0
270419,6B360109001,Victor Valley Wastewater Reclamation Authority WTP,Victor Valley Wastewater Reclamation Authority,SB,Major,R6V-2020-0028,,https://ciwqs.waterboards.ca.gov/ciwqs/readOnly/CiwqsReportServlet?reportName=facilityAtAGlance&placeID=270419,420359,NPDES PERMIT,"389949,341535","6B360109001,6B360109001",r6v_2020_0028_vvwra_npdes_permit.pdf,No,1.0
270419,6B360109001,Victor Valley Wastewater Reclamation Authority WTP,Victor Valley Wastewater Reclamation Authority,SB,Major,R6V-2020-0028,,https://ciwqs.waterboards.ca.gov/ciwqs/readOnly/CiwqsReportServlet?reportName=facilityAtAGlance&placeID=270419,420359,NPDES PERMIT,"389949,341535","6B360109001,6B360109001",R6V-2013-0038 VVWRA NPDES.pdf,No,1.0
270419,6B360109001,Victor Valley Wastewater Reclamation Authority WTP,Victor Valley Wastewater Reclamation Authority,SB,Major,R6V-2020-0028,,https://ciwqs.waterboards.ca.gov/ciwqs/readOnly/CiwqsReportServlet?reportName=facilityAtAGlance&placeID=270419,420359,NPDES PERMIT,"389949,341535","6B360109001,6B360109001",R6V-2008-004 VVWRA NPDES.pdf,No,1.0
273138,5D540113001,Visalia Water Reclamation Facility (WRF),Visalia City,SB,Major,R5-2014-0076,,https://ciwqs.waterboards.ca.gov/ciwqs/readOnly/CiwqsReportServlet?reportName=facilityAtAGlance&placeID=273138,383443,NPDES PERMIT,317935,5D540113001,r5-2014-0076_npdes.pdf,No,2.0
273138,5D540113001,Visalia Water Reclamation Facility (WRF),Visalia City,SB,Major,R5-2014-0076,,https://ciwqs.waterboards.ca.gov/ciwqs/readOnly/CiwqsReportServlet?reportName=facilityAtAGlance&placeID=273138,383443,NPDES PERMIT,317935,5D540113001,r5-2006-0091.pdf,No,2.0
271872,3 440104001,Watsonville WWTP,Watsonville City,SB,Major,R3-2014-0006,,https://ciwqs.waterboards.ca.gov/ciwqs/readOnly/CiwqsReportServlet?reportName=facilityAtAGlance&placeID=271872,396491,NPDES PERMIT,364301,3 440104001,Watsonville WWTP 14-0006 FINAL.pdf,No,1.0
271872,3 440104001,Watsonville WWTP,Watsonville City,SB,Major,R3-2014-0006,,https://ciwqs.waterboards.ca.gov/ciwqs/readOnly/CiwqsReportServlet?reportName=facilityAtAGlance&placeID=271872,396491,NPDES PERMIT,364301,3 440104001,R3-2008-0016 NPDES permit Watsonville WWTP.pdf,No,1.0
273663,4B190137001,Edward C. Little Water Recycling Plant (Recycled Water Irrigation),West Basin MWD,4,"Major, Minor",R4-2023-0368,CA0063401,https://ciwqs.waterboards.ca.gov/ciwqs/readOnly/CiwqsReportServlet?reportName=facilityAtAGlance&placeID=273663,452909,NPDES PERMIT,"421694,383519,313099","4B190137001,4B190137001,4B190137001",Adopted ECLWRF NPDES CI-7449 111623.pdf,No,1.0
273663,4B190137001,Edward C. Little Water Recycling Plant (Recycled Water Irrigation),West Basin MWD,4,"Major, Minor",R4-2023-0368,CA0063401,https://ciwqs.waterboards.ca.gov/ciwqs/readOnly/CiwqsReportServlet?reportName=facilityAtAGlance&placeID=273663,452909,NPDES PERMIT,"421694,383519,313099","4B190137001,4B190137001,4B190137001",7449_R4-2018-0089_WDR_PKG.pdf,No,1.0
273663,4B190137001,Edward C. Little Water Recycling Plant (Recycled Water Irrigation),West Basin MWD,4,"Major, Minor",R4-2023-0368,CA0063401,https://ciwqs.waterboards.ca.gov/ciwqs/readOnly/CiwqsReportServlet?reportName=facilityAtAGlance&placeID=273663,452909,NPDES PERMIT,"421694,383519,313099","4B190137001,4B190137001,4B190137001",7449_R4-2012-0026_WDR_PKG.pdf,No,1.0
273663,4B190137001,Edward C. Little Water Recycling Plant (Recycled Water Irrigation),West Basin MWD,4,"Major, Minor",R4-2023-0368,CA0063401,https://ciwqs.waterboards.ca.gov/ciwqs/readOnly/CiwqsReportServlet?reportName=facilityAtAGlance&placeID=273663,452909,NPDES PERMIT,"421694,383519,313099","4B190137001,4B190137001,4B190137001",7449_R4-2006-0067_WDR_PKG.pdf,No,1.0
217061,4B190137004,Juanita Millender-McDonald Carson Regional Water Recycling Plant,West Basin MWD,4,"Major, Minor",R4-2024-0146,CA0064246,https://ciwqs.waterboards.ca.gov/ciwqs/readOnly/CiwqsReportServlet?reportName=facilityAtAGlance&placeID=217061,454510,NPDES PERMIT,"420096,388868,319249","4B190137004,4B190137004,4B190137004",Adopted JMMCRWRP CI-7972 03012024.pdf,No,2.0
217061,4B190137004,Juanita Millender-McDonald Carson Regional Water Recycling Plant,West Basin MWD,4,"Major, Minor",R4-2024-0146,CA0064246,https://ciwqs.waterboards.ca.gov/ciwqs/readOnly/CiwqsReportServlet?reportName=facilityAtAGlance&placeID=217061,454510,NPDES PERMIT,"420096,388868,319249","4B190137004,4B190137004,4B190137004",7972_R4-2018-0090_WDR_PKG.pdf,No,2.0
217061,4B190137004,Juanita Millender-McDonald Carson Regional Water Recycling Plant,West Basin MWD,4,"Major, Minor",R4-2024-0146,CA0064246,https://ciwqs.waterboards.ca.gov/ciwqs/readOnly/CiwqsReportServlet?reportName=facilityAtAGlance&placeID=217061,454510,NPDES PERMIT,"420096,388868,319249","4B190137004,4B190137004,4B190137004",7972_R4-2013-0046_WDR_PKG.pdf,No,2.0
217061,4B190137004,Juanita Millender-McDonald Carson Regional Water Recycling Plant,West Basin MWD,4,"Major, Minor",R4-2024-0146,CA0064246,https://ciwqs.waterboards.ca.gov/ciwqs/readOnly/CiwqsReportServlet?reportName=facilityAtAGlance&placeID=217061,454510,NPDES PERMIT,"420096,388868,319249","4B190137004,4B190137004,4B190137004",7972_R4-2007-0001_WDR_PKG.pdf,No,2.0
215234,2 071107001,West County Agency Outfall,West County Agency,2,Major,R2-2019-0003,CA0038539,https://ciwqs.waterboards.ca.gov/ciwqs/readOnly/CiwqsReportServlet?reportName=facilityAtAGlance&placeID=215234,428795,NPDES PERMIT,349718,2 071037001,WCA R2-2019-0003 - 02-2019.pdf,Yes,1.0
215234,2 071107001,West County Agency Outfall,West County Agency,2,Major,R2-2019-0003,CA0038539,https://ciwqs.waterboards.ca.gov/ciwqs/readOnly/CiwqsReportServlet?reportName=facilityAtAGlance&placeID=215234,428795,NPDES PERMIT,349718,2 071037001,WCA R2-2008-0003.pdf,Yes,1.0
272082,2 071107001,West County WW District WPCP,,,,R2-2019-0003,,https://ciwqs.waterboards.ca.gov/ciwqs/readOnly/CiwqsReportServlet?reportName=facilityAtAGlance&placeID=272082,428795,NPDES PERMIT,349718,2 071037001,WCA R2-2019-0003 - 02-2019.pdf,Yes,1.0
272082,2 071107001,West County WW District WPCP,,,,R2-2019-0003,,https://ciwqs.waterboards.ca.gov/ciwqs/readOnly/CiwqsReportServlet?reportName=facilityAtAGlance&placeID=272082,428795,NPDES PERMIT,349718,2 071037001,WCA R2-2008-0003.pdf,Yes,1.0
259205,8 332353001,WRCRWA Regional WWRF,Western Riverside County Regional Wastewater Authority,SB,Major,R8-2015-0013,,https://ciwqs.waterboards.ca.gov/ciwqs/readOnly/CiwqsReportServlet?reportName=facilityAtAGlance&placeID=259205,396787,NPDES PERMIT,349350,8 332353001,R8-2015-0013_WRCRWWA.pdf,No,2.0
259205,8 332353001,WRCRWA Regional WWRF,Western Riverside County Regional Wastewater Authority,SB,Major,R8-2015-0013,,https://ciwqs.waterboards.ca.gov/ciwqs/readOnly/CiwqsReportServlet?reportName=facilityAtAGlance&placeID=259205,396787,NPDES PERMIT,349350,8 332353001,R8-2019-0066_Western_ Riv_County_ Regional_Wastewater_Authority_Permit.pdf,No,2.0
259205,8 332353001,WRCRWA Regional WWRF,Western Riverside County Regional Wastewater Authority,SB,Major,R8-2015-0013,,https://ciwqs.waterboards.ca.gov/ciwqs/readOnly/CiwqsReportServlet?reportName=facilityAtAGlance&placeID=259205,396787,NPDES PERMIT,349350,8 332353001,08-0005 Renewal of WDR Western Riverside Co Reg'l WWTP.pdf,No,2.0
272291,7A130112012,Westmorland City WWTP,Westmorland City,7,Minor,R7-2023-0002,CA0105007,https://ciwqs.waterboards.ca.gov/ciwqs/readOnly/CiwqsReportServlet?reportName=facilityAtAGlance&placeID=272291,447749,NPDES PERMIT,416553,7A130112012,R7-2023-0002.pdf,No,2.0
272291,7A130112012,Westmorland City WWTP,Westmorland City,7,Minor,R7-2023-0002,CA0105007,https://ciwqs.waterboards.ca.gov/ciwqs/readOnly/CiwqsReportServlet?reportName=facilityAtAGlance&placeID=272291,447749,NPDES PERMIT,416553,7A130112012,0017westmorland.pdf,No,2.0
272631,5A060103001,Williams WWTP,Williams City,5S,Minor,R5-2014-0078,CAC433345,https://ciwqs.waterboards.ca.gov/ciwqs/readOnly/CiwqsReportServlet?reportName=facilityAtAGlance&placeID=272631,396977,NPDES PERMIT,365337,5A060103001,r5-2014-0078.pdf,No,2.0
272631,5A060103001,Williams WWTP,Williams City,5S,Minor,R5-2014-0078,CAC433345,https://ciwqs.waterboards.ca.gov/ciwqs/readOnly/CiwqsReportServlet?reportName=facilityAtAGlance&placeID=272631,396977,NPDES PERMIT,365337,5A060103001,R5-2008-0185.pdf,No,2.0
272646,1B80078OMEN,Willits City WWTP,Willits City,1,Major,R1-2021-0021,CA0023060,https://ciwqs.waterboards.ca.gov/ciwqs/readOnly/CiwqsReportServlet?reportName=facilityAtAGlance&placeID=272646,438175,NPDES PERMIT,"400116,319156","1B80078OMEN,1B80078OMEN",21_0021_Willits_WWTF_NPDES.pdf,No,2.0
272646,1B80078OMEN,Willits City WWTP,Willits City,1,Major,R1-2021-0021,CA0023060,https://ciwqs.waterboards.ca.gov/ciwqs/readOnly/CiwqsReportServlet?reportName=facilityAtAGlance&placeID=272646,438175,NPDES PERMIT,"400116,319156","1B80078OMEN,1B80078OMEN",15_0029_City_of_Willits_WWTF_NPDES.pdf,No,2.0
272646,1B80078OMEN,Willits City WWTP,Willits City,1,Major,R1-2021-0021,CA0023060,https://ciwqs.waterboards.ca.gov/ciwqs/readOnly/CiwqsReportServlet?reportName=facilityAtAGlance&placeID=272646,438175,NPDES PERMIT,"400116,319156","1B80078OMEN,1B80078OMEN",100716_10_0017_NPDES_Willits_WWTF.pdf,No,2.0
272704,5A110101001,Willows WWTP,Willows City,5R,"Major, Minor",R5-2016-0090,CAC447786,https://ciwqs.waterboards.ca.gov/ciwqs/readOnly/CiwqsReportServlet?reportName=facilityAtAGlance&placeID=272704,410961,NPDES PERMIT,"374966,313234","5A110101001,5A110101001",R5-2016-0090.pdf,No,2.0
272704,5A110101001,Willows WWTP,Willows City,5R,"Major, Minor",R5-2016-0090,CAC447786,https://ciwqs.waterboards.ca.gov/ciwqs/readOnly/CiwqsReportServlet?reportName=facilityAtAGlance&placeID=272704,410961,NPDES PERMIT,"374966,313234","5A110101001,5A110101001",r5-2011-0072.pdf,No,2.0
272704,5A110101001,Willows WWTP,Willows City,5R,"Major, Minor",R5-2016-0090,CAC447786,https://ciwqs.waterboards.ca.gov/ciwqs/readOnly/CiwqsReportServlet?reportName=facilityAtAGlance&placeID=272704,410961,NPDES PERMIT,"374966,313234","5A110101001,5A110101001",2006-0009.pdf,No,2.0
272790,1B82037OSON,"Windsor Wastewater Treatment, Reclamation, and Disposal Facility",Windsor Water District,1,Major,R1-2020-0010,CA0023345,https://ciwqs.waterboards.ca.gov/ciwqs/readOnly/CiwqsReportServlet?reportName=facilityAtAGlance&placeID=272790,427515,NPDES PERMIT,"382410,323890","1B82037OSON,1B82037OSON",20_0010_Windsor Water District_NPDES.pdf,No,2.0
272790,1B82037OSON,"Windsor Wastewater Treatment, Reclamation, and Disposal Facility",Windsor Water District,1,Major,R1-2020-0010,CA0023345,https://ciwqs.waterboards.ca.gov/ciwqs/readOnly/CiwqsReportServlet?reportName=facilityAtAGlance&placeID=272790,427515,NPDES PERMIT,"382410,323890","1B82037OSON,1B82037OSON",13_0042_Windsor_NPDES_permit_final.pdf,No,2.0
272790,1B82037OSON,"Windsor Wastewater Treatment, Reclamation, and Disposal Facility",Windsor Water District,1,Major,R1-2020-0010,CA0023345,https://ciwqs.waterboards.ca.gov/ciwqs/readOnly/CiwqsReportServlet?reportName=facilityAtAGlance&placeID=272790,427515,NPDES PERMIT,"382410,323890","1B82037OSON,1B82037OSON",07_0013_NPDES_WindsorModification_Adopted_110201_SIGNED.pdf,No,2.0
272790,1B82037OSON,"Windsor Wastewater Treatment, Reclamation, and Disposal Facility",Windsor Water District,1,Major,R1-2020-0010,CA0023345,https://ciwqs.waterboards.ca.gov/ciwqs/readOnly/CiwqsReportServlet?reportName=facilityAtAGlance&placeID=272790,427515,NPDES PERMIT,"382410,323890","1B82037OSON,1B82037OSON",11_0006_Windsor_NPDES_Adopted_110201_SIGNED.pdf,No,2.0
272960,5A570105001,Woodland Water Pollution Control Facility,Woodland City,5S,"Major, Minor",R5-2020-0015,CA0077950,https://ciwqs.waterboards.ca.gov/ciwqs/readOnly/CiwqsReportServlet?reportName=facilityAtAGlance&placeID=272960,438341,NPDES PERMIT,"398643,362114","5A570105001,5A570105001",r5-2020-0015_npdes.pdf,No,1.0
272960,5A570105001,Woodland Water Pollution Control Facility,Woodland City,5S,"Major, Minor",R5-2020-0015,CA0077950,https://ciwqs.waterboards.ca.gov/ciwqs/readOnly/CiwqsReportServlet?reportName=facilityAtAGlance&placeID=272960,438341,NPDES PERMIT,"398643,362114","5A570105001,5A570105001",r5-2014-0120-01.pdf,No,1.0
272960,5A570105001,Woodland Water Pollution Control Facility,Woodland City,5S,"Major, Minor",R5-2020-0015,CA0077950,https://ciwqs.waterboards.ca.gov/ciwqs/readOnly/CiwqsReportServlet?reportName=facilityAtAGlance&placeID=272960,438341,NPDES PERMIT,"398643,362114","5A570105001,5A570105001",R5-2009-0010.pdf,No,1.0
274410,2 283019001,Yountville / CA Vets Home WWTP,"Yountville, Town of",2,Minor,R2-2020-0026,CA0038121,https://ciwqs.waterboards.ca.gov/ciwqs/readOnly/CiwqsReportServlet?reportName=facilityAtAGlance&placeID=274410,440857,NPDES PERMIT,,,Town of Yountville Order R2-2020-0026.pdf,No,1.0
274556,5A510101001,Yuba City WWTF,Yuba City,5S,Major,R5-2019-0017-01,CA0079260,https://ciwqs.waterboards.ca.gov/ciwqs/readOnly/CiwqsReportServlet?reportName=facilityAtAGlance&placeID=274556,428768,NPDES PERMIT,"392719,339947","5A510101001,5A510101001",R5-2019-0017-01.pdf,No,4.0
274556,5A510101001,Yuba City WWTF,Yuba City,5S,Major,R5-2019-0017-01,CA0079260,https://ciwqs.waterboards.ca.gov/ciwqs/readOnly/CiwqsReportServlet?reportName=facilityAtAGlance&placeID=274556,428768,NPDES PERMIT,"392719,339947","5A510101001,5A510101001",R5-2019-0017.pdf,No,4.0
274556,5A510101001,Yuba City WWTF,Yuba City,5S,Major,R5-2019-0017-01,CA0079260,https://ciwqs.waterboards.ca.gov/ciwqs/readOnly/CiwqsReportServlet?reportName=facilityAtAGlance&placeID=274556,428768,NPDES PERMIT,"392719,339947","5A510101001,5A510101001",r5-2013-0094-01.pdf,No,4.0
274556,5A510101001,Yuba City WWTF,Yuba City,5S,Major,R5-2019-0017-01,CA0079260,https://ciwqs.waterboards.ca.gov/ciwqs/readOnly/CiwqsReportServlet?reportName=facilityAtAGlance&placeID=274556,428768,NPDES PERMIT,"392719,339947","5A510101001,5A510101001",r5-2013-0094.pdf,No,4.0
274556,5A510101001,Yuba City WWTF,Yuba City,5S,Major,R5-2019-0017-01,CA0079260,https://ciwqs.waterboards.ca.gov/ciwqs/readOnly/CiwqsReportServlet?reportName=facilityAtAGlance&placeID=274556,428768,NPDES PERMIT,"392719,339947","5A510101001,5A510101001",R5-2007-0134.pdf,No,4.0
274556,5A510101001,Yuba City WWTF,Yuba City,5S,Major,R5-2019-0017-01,CA0079260,https://ciwqs.waterboards.ca.gov/ciwqs/readOnly/CiwqsReportServlet?reportName=facilityAtAGlance&placeID=274556,428768,NPDES PERMIT,"392719,339947","5A510101001,5A510101001",Yuba City WWTF_Permit_R5-2007-0134-01.pdf,No,4.0
259161,8 362222001,Henry N. Wochholz WWRF,Yucaipa Valley Water District,SB,Major,R8-2015-0027,,https://ciwqs.waterboards.ca.gov/ciwqs/readOnly/CiwqsReportServlet?reportName=facilityAtAGlance&placeID=259161,380760,NPDES PERMIT,327013,8 362222001,R8-2015-0027_YVWD_Henry_N_Wochholz_RWRF.pdf,No,1.0
259161,8 362222001,Henry N. Wochholz WWRF,Yucaipa Valley Water District,SB,Major,R8-2015-0027,,https://ciwqs.waterboards.ca.gov/ciwqs/readOnly/CiwqsReportServlet?reportName=facilityAtAGlance&placeID=259161,380760,NPDES PERMIT,327013,8 362222001,07-0012.pdf,No,1.0
273145,5C101016001,Canyon Fork WWTF,"3441 South Willow Investments, LP",5F,,95-165,,https://ciwqs.waterboards.ca.gov/ciwqs/readOnly/CiwqsReportServlet?reportName=facilityAtAGlance&placeID=273145,145339,WDR,,,,No,0.0
235051,5D101028001,Kings Canyon MHP,35671 East Kings Canyon LLC,5F,,99-039,,https://ciwqs.waterboards.ca.gov/ciwqs/readOnly/CiwqsReportServlet?reportName=facilityAtAGlance&placeID=235051,145956,WDR,,,,No,0.0
614538,2 283102001,Mustards Grill WWTP,3W & C LLC,2,,R2-2006-0071,,https://ciwqs.waterboards.ca.gov/ciwqs/readOnly/CiwqsReportServlet?reportName=facilityAtAGlance&placeID=614538,302855,WDR,,,R2-2006-0071.pdf,No,1.0
273159,5C221006001,Yosemite-Mariposa KOA WWTF,AC Yosemite,5F,,87-032,,https://ciwqs.waterboards.ca.gov/ciwqs/readOnly/CiwqsReportServlet?reportName=facilityAtAGlance&placeID=273159,145162,WDR,,,,No,0.0
638334,9 000001182,USMC Camp Pendleton Southern Regional Tertiary Treatment Plant,US Marine Corps Base Camp Pendleton,9,Major,R9-2019-0167,CA0109347,https://ciwqs.waterboards.ca.gov/ciwqs/readOnly/CiwqsReportServlet?reportName=facilityAtAGlance&placeID=638334,422969,NPDES PERMIT,391013,9 000001182,AmendedOrderR92019167_DigitalSignature signed dwg 12-14-21.pdf,No,5.0
638334,9 000001182,USMC Camp Pendleton Southern Regional Tertiary Treatment Plant,US Marine Corps Base Camp Pendleton,9,Major,R9-2019-0167,CA0109347,https://ciwqs.waterboards.ca.gov/ciwqs/readOnly/CiwqsReportServlet?reportName=facilityAtAGlance&placeID=638334,422969,NPDES PERMIT,391013,9 000001182,AmendingOrderR920210205_DigitalSignature signed dwg 12-17-21.pdf,No,5.0
638334,9 000001182,USMC Camp Pendleton Southern Regional Tertiary Treatment Plant,US Marine Corps Base Camp Pendleton,9,Major,R9-2019-0167,CA0109347,https://ciwqs.waterboards.ca.gov/ciwqs/readOnly/CiwqsReportServlet?reportName=facilityAtAGlance&placeID=638334,422969,NPDES PERMIT,391013,9 000001182,MCBCP_Final_Adopted_Order_R9-2019-0167.pdf,No,5.0
638334,9 000001182,USMC Camp Pendleton Southern Regional Tertiary Treatment Plant,US Marine Corps Base Camp Pendleton,9,Major,R9-2019-0167,CA0109347,https://ciwqs.waterboards.ca.gov/ciwqs/readOnly/CiwqsReportServlet?reportName=facilityAtAGlance&placeID=638334,422969,NPDES PERMIT,391013,9 000001182,R9-2019-0167_Amended2020 signed dwg 08-17-20.pdf,No,5.0
638334,9 000001182,USMC Camp Pendleton Southern Regional Tertiary Treatment Plant,US Marine Corps Base Camp Pendleton,9,Major,R9-2019-0167,CA0109347,https://ciwqs.waterboards.ca.gov/ciwqs/readOnly/CiwqsReportServlet?reportName=facilityAtAGlance&placeID=638334,422969,NPDES PERMIT,391013,9 000001182,R9-2020-0191_Final_Order signed dwg 08-17-20.pdf,No,5.0
638334,9 000001182,USMC Camp Pendleton Southern Regional Tertiary Treatment Plant,US Marine Corps Base Camp Pendleton,9,Major,R9-2019-0167,CA0109347,https://ciwqs.waterboards.ca.gov/ciwqs/readOnly/CiwqsReportServlet?reportName=facilityAtAGlance&placeID=638334,422969,NPDES PERMIT,391013,9 000001182,Email_CA0109347_FinalOrder.pdf,No,5.0
259163,9 000000792,STP 10 & 11,"AC/S Environmental Security, MCB Camp Pendleton",9,,97-013,,https://ciwqs.waterboards.ca.gov/ciwqs/readOnly/CiwqsReportServlet?reportName=facilityAtAGlance&placeID=259163,,WDR,,,,No,0.0
248629,9 000000671,Plant #12,"AC/S Environmental Security, MCB Camp Pendleton",9,,98-005,,https://ciwqs.waterboards.ca.gov/ciwqs/readOnly/CiwqsReportServlet?reportName=facilityAtAGlance&placeID=248629,,WDR,,,,No,0.0
204475,6B369805001,Adelanto WWTP,Adelanto Public Utility Authority,SB,,R6V-2013-0058,,https://ciwqs.waterboards.ca.gov/ciwqs/readOnly/CiwqsReportServlet?reportName=facilityAtAGlance&placeID=204475,392758,WDR,,,R6V-2013-0058 Adelanto WWTF FINAL.pdf,No,3.0
259187,8 332196001,Creekside MHP WWTP,"Adger, Joanne",8,,98-031,,https://ciwqs.waterboards.ca.gov/ciwqs/readOnly/CiwqsReportServlet?reportName=facilityAtAGlance&placeID=259187,144049,WDR,,,,No,0.0
204486,5A250101001,Adin CSD,Adin CSD,5R,,98-092,,https://ciwqs.waterboards.ca.gov/ciwqs/readOnly/CiwqsReportServlet?reportName=facilityAtAGlance&placeID=204486,134658,WDR,,,,No,0.0
205396,5B030100001,Amador City WW Export System,Amador City,5S,,R5-2002-0224,,https://ciwqs.waterboards.ca.gov/ciwqs/readOnly/CiwqsReportServlet?reportName=facilityAtAGlance&placeID=205396,131411,WDR,,,,No,0.0
205398,,Amador County Regional Outfall,,,,,,https://ciwqs.waterboards.ca.gov/ciwqs/readOnly/CiwqsReportServlet?reportName=facilityAtAGlance&placeID=205398,,,,,,No,0.0
272563,5B03NC00004,Wildwood Est Leachfield,Amador Water Agency,5S,,R5-2002-0168,,https://ciwqs.waterboards.ca.gov/ciwqs/readOnly/CiwqsReportServlet?reportName=facilityAtAGlance&placeID=272563,132029,WDR,,,,No,0.0
248753,5B030106001,Plymouth WWTP,Amador Water Agency,5S,,R5-2011-0092,,https://ciwqs.waterboards.ca.gov/ciwqs/readOnly/CiwqsReportServlet?reportName=facilityAtAGlance&placeID=248753,382756,WDR,,,r5-2011-0092.pdf,No,2.0
248424,5B05NP00005,Pine Grove Community Leachfield System,Amador Water Agency,5S,,R5-2009-0003,,https://ciwqs.waterboards.ca.gov/ciwqs/readOnly/CiwqsReportServlet?reportName=facilityAtAGlance&placeID=248424,365748,WDR,,,R5-2009-0003.pdf,No,2.0
239038,5B031026001,Mace Meadows Leachfield/Fairway Pines Leachfield,Amador Water Agency,5S,,R5-2003-0054,,https://ciwqs.waterboards.ca.gov/ciwqs/readOnly/CiwqsReportServlet?reportName=facilityAtAGlance&placeID=239038,132842,WDR,,,,No,0.0
226847,5B031025001,Gayla Manor WWTP,Amador Water Agency,5S,,R5-2003-0182,,https://ciwqs.waterboards.ca.gov/ciwqs/readOnly/CiwqsReportServlet?reportName=facilityAtAGlance&placeID=226847,132613,WDR,,,,No,0.0
221974,5B030120003,Eagles Nest Leachfield,,,,97-010-DWQ,,https://ciwqs.waterboards.ca.gov/ciwqs/readOnly/CiwqsReportServlet?reportName=facilityAtAGlance&placeID=221974,194690,ENROLLEE - WDR,,,,No,0.0
216284,5B031010001,CSA 3-Lake Camanche WWTP,Amador Water Agency,5S,,5-01-033,,https://ciwqs.waterboards.ca.gov/ciwqs/readOnly/CiwqsReportServlet?reportName=facilityAtAGlance&placeID=216284,148826,WDR,,,,No,0.0
764886,,American Canyon Water Recycling Program,,,,,,https://ciwqs.waterboards.ca.gov/ciwqs/readOnly/CiwqsReportServlet?reportName=facilityAtAGlance&placeID=764886,,,,,,No,0.0
205543,5A090102009,American River Resort WWTP,American River Resort,5S,,88-170,,https://ciwqs.waterboards.ca.gov/ciwqs/readOnly/CiwqsReportServlet?reportName=facilityAtAGlance&placeID=205543,140328,WDR,,,,No,0.0
228152,5A041034001,Toribio Gutierrez Sewage Ponds,Amir Daliri,5R,,99-045,,https://ciwqs.waterboards.ca.gov/ciwqs/readOnly/CiwqsReportServlet?reportName=facilityAtAGlance&placeID=228152,134090,WDR,,,,No,0.0
209383,5A571010001,Motel 6 and Americas Best Value Inn Wastewater Treatment System,Ankoor Financial/Kiran LLC,5S,,98-015,,https://ciwqs.waterboards.ca.gov/ciwqs/readOnly/CiwqsReportServlet?reportName=facilityAtAGlance&placeID=209383,146361,WDR,,,,No,0.0
206149,5A060100001,Arbuckle WWTP,Arbuckle PUD,5S,,93-208,,https://ciwqs.waterboards.ca.gov/ciwqs/readOnly/CiwqsReportServlet?reportName=facilityAtAGlance&placeID=206149,148673,WDR,,,,No,0.0
206355,5D160100001,Armona CSD WWTF,Armona CSD,5F,,92-017,,https://ciwqs.waterboards.ca.gov/ciwqs/readOnly/CiwqsReportServlet?reportName=facilityAtAGlance&placeID=206355,145426,WDR,,,,No,0.0
273104,5D150107001,Arvin WWTF,Arvin City,SB,,00-093,,https://ciwqs.waterboards.ca.gov/ciwqs/readOnly/CiwqsReportServlet?reportName=facilityAtAGlance&placeID=273104,147823,WDR,,,,No,0.0
206653,3 400100001,Atascadero WWTP,Atascadero City,3,,01-014,,https://ciwqs.waterboards.ca.gov/ciwqs/readOnly/CiwqsReportServlet?reportName=facilityAtAGlance&placeID=206653,142083,WDR,,,,No,0.0
256477,2 283096001,Auberge Du Soleil WWTP,Auberge Du Soleil,2,,99-052,,https://ciwqs.waterboards.ca.gov/ciwqs/readOnly/CiwqsReportServlet?reportName=facilityAtAGlance&placeID=256477,,WDR,,,,No,0.0
206732,5A311009001,Auburn Valley CSD WWTF,Auburn Valley Community Services District,5S,,02-030,,https://ciwqs.waterboards.ca.gov/ciwqs/readOnly/CiwqsReportServlet?reportName=facilityAtAGlance&placeID=206732,132087,WDR,,,,No,0.0
273160,5D160101001,Avenal WWTF,Avenal City,SB,,00-231,,https://ciwqs.waterboards.ca.gov/ciwqs/readOnly/CiwqsReportServlet?reportName=facilityAtAGlance&placeID=273160,142310,WDR,,,,No,0.0
856455,,B & R Livestock Washout,,,,,,https://ciwqs.waterboards.ca.gov/ciwqs/readOnly/CiwqsReportServlet?reportName=facilityAtAGlance&placeID=856455,,,,,,No,0.0
268043,4B190107100,Encinal Canyon Water Recycling Plant on Tract 46277,"BMIF/BSLF II Rancho Malibu Ltd.c/o Vintage Rancho Malibu, LLC",4,,R4-2013-0019,,https://ciwqs.waterboards.ca.gov/ciwqs/readOnly/CiwqsReportServlet?reportName=facilityAtAGlance&placeID=268043,376755,WDR,,,7020_R4-2013-0019_WDR_PKG.pdf,No,1.0
256301,5D541023001,Badger Hill Septic Tank Management Program,Badger Hill Association,5F,,95-042,,https://ciwqs.waterboards.ca.gov/ciwqs/readOnly/CiwqsReportServlet?reportName=facilityAtAGlance&placeID=256301,145285,WDR,,,,No,0.0
209726,5C221004001,Black Oak General Store,"Baer, William",5F,,87-117,,https://ciwqs.waterboards.ca.gov/ciwqs/readOnly/CiwqsReportServlet?reportName=facilityAtAGlance&placeID=209726,145175,WDR,,,,No,0.0
208572,6B360100001,Baker WTF,Baker CSD,6V,,97-095,,https://ciwqs.waterboards.ca.gov/ciwqs/readOnly/CiwqsReportServlet?reportName=facilityAtAGlance&placeID=208572,147595,WDR,,,,No,0.0
273209,5D150100002,Bakersfield WWTP #3,Bakersfield City,SB,,R5-2009-0087,,https://ciwqs.waterboards.ca.gov/ciwqs/readOnly/CiwqsReportServlet?reportName=facilityAtAGlance&placeID=273209,343591,WDR,,,r5-2009-0087.pdf,No,2.0
273208,5D150100001,Bakersfield WWTP #2,Bakersfield City,SB,,R5-2009-0122,,https://ciwqs.waterboards.ca.gov/ciwqs/readOnly/CiwqsReportServlet?reportName=facilityAtAGlance&placeID=273208,332777,WDR,,,r5-2009-0122.pdf,No,1.0
208668,7A330100015,Banning STP-Non NPDES,"Veolia Water Contract Operations USA, Inc",7,,R7-2016-0015,,https://ciwqs.waterboards.ca.gov/ciwqs/readOnly/CiwqsReportServlet?reportName=facilityAtAGlance&placeID=208668,407229,WDR,,,,No,2.0
208769,6B360101001,Barstow WWTP,Barstow City,SB,,R6V-2019-0252,,https://ciwqs.waterboards.ca.gov/ciwqs/readOnly/CiwqsReportServlet?reportName=facilityAtAGlance&placeID=208769,427492,WDR,,,R6V-2019-0252_WDR_Barstow.pdf,No,2.0
718887,1B07094RSON,The Farmhouse Inn,,,,97-010-DWQ,,https://ciwqs.waterboards.ca.gov/ciwqs/readOnly/CiwqsReportServlet?reportName=facilityAtAGlance&placeID=718887,395107,ENROLLEE - WDR,,,Enclosure 2_141201_RSP_Farmhouse_Inn_Enroll_Ltr.pdf,No,2.0
209086,5A320104003,Beckwourth WW Ponds,Beckwourth CSA,5R,,96-135,,https://ciwqs.waterboards.ca.gov/ciwqs/readOnly/CiwqsReportServlet?reportName=facilityAtAGlance&placeID=209086,134235,WDR,,,,No,0.0
209349,5A281001001,Berryessa Pines WWTF,Berryessa Pines & Spanish Flat,5S,,5-00-200,,https://ciwqs.waterboards.ca.gov/ciwqs/readOnly/CiwqsReportServlet?reportName=facilityAtAGlance&placeID=209349,148091,WDR,,,,No,0.0
208930,7A360100011,BB Reg WWA-Lucerne Vly,Big Bear Area Regional WW Agency,7,,R7-2021-0023,,https://ciwqs.waterboards.ca.gov/ciwqs/readOnly/CiwqsReportServlet?reportName=facilityAtAGlance&placeID=208930,443599,WDR,,,R7-2021-0023.pdf,No,2.0
209528,6B140100001,Big Pine STP,Big Pine CSD,6V,,95-035,,https://ciwqs.waterboards.ca.gov/ciwqs/readOnly/CiwqsReportServlet?reportName=facilityAtAGlance&placeID=209528,146559,WDR,,,,No,0.0
209527,6B149107005,Big Pine Indian RES WTF,Big Pine Indian Reservation,6V,,02-039,,https://ciwqs.waterboards.ca.gov/ciwqs/readOnly/CiwqsReportServlet?reportName=facilityAtAGlance&placeID=209527,131472,WDR,,,,No,0.0
209595,5A571008001,Bill/Kathy's WWTF,Bill & Kathy's Inc,5S,,87-089,,https://ciwqs.waterboards.ca.gov/ciwqs/readOnly/CiwqsReportServlet?reportName=facilityAtAGlance&placeID=209595,140933,WDR,,,,No,0.0
273163,5D100100001,Biola WWTF,Biola CSD,5F,,96-288,,https://ciwqs.waterboards.ca.gov/ciwqs/readOnly/CiwqsReportServlet?reportName=facilityAtAGlance&placeID=273163,146263,WDR,,,,No,0.0
209662,6B140101001,Bishop Sewage Treatment Plant,Bishop City,SB,,94-025,,https://ciwqs.waterboards.ca.gov/ciwqs/readOnly/CiwqsReportServlet?reportName=facilityAtAGlance&placeID=209662,148110,WDR,,,,No,0.0
229817,,Atlas Business Park,,,,,,https://ciwqs.waterboards.ca.gov/ciwqs/readOnly/CiwqsReportServlet?reportName=facilityAtAGlance&placeID=229817,,,,,,No,0.0
209801,1B81129OHUM,Blue Lake City POTW,Blue Lake City,1,,R1-2012-0050,,https://ciwqs.waterboards.ca.gov/ciwqs/readOnly/CiwqsReportServlet?reportName=facilityAtAGlance&placeID=209801,384238,WDR,,,12_0050_WDR_BlueLake_RRO_120618.pdf,No,1.0
209809,2 215126001,Blue Mountain Center WWTP Ponds,Blue Mountain Center of Meditation,2,,86-051,,https://ciwqs.waterboards.ca.gov/ciwqs/readOnly/CiwqsReportServlet?reportName=facilityAtAGlance&placeID=209809,,WDR,,,,No,0.0
209847,7B330102012,Blythe Regional WW Reclamation Facilities,Blythe City,SB,,R7-2016-0013,,https://ciwqs.waterboards.ca.gov/ciwqs/readOnly/CiwqsReportServlet?reportName=facilityAtAGlance&placeID=209847,407226,WDR,,,R7-2016-0013.pdf,No,2.0
209949,1B75028OSON,Bodega Bay Wastewater Reclamation Facility,Bodega Bay PUD,1,,R1-2023-0011,,https://ciwqs.waterboards.ca.gov/ciwqs/readOnly/CiwqsReportServlet?reportName=facilityAtAGlance&placeID=209949,317257,WDR,,,R1-2023-0011.pdf,No,1.0
602220,1B05160RSON,Bohemian Grove,Bohemian Club,1,,R1-2006-0053,,https://ciwqs.waterboards.ca.gov/ciwqs/readOnly/CiwqsReportServlet?reportName=facilityAtAGlance&placeID=602220,327511,WDR,,,060811_0053_BohemianGroveWDR.pdf,No,2.0
209987,2 215004001,Bolinas Community WWTP Pond System,Bolinas Community Public Utility District,2,,88-100,,https://ciwqs.waterboards.ca.gov/ciwqs/readOnly/CiwqsReportServlet?reportName=facilityAtAGlance&placeID=209987,,WDR,,,,No,0.0
210082,6B150126001,Boron STP,Boron CSD,6V,,02-037,,https://ciwqs.waterboards.ca.gov/ciwqs/readOnly/CiwqsReportServlet?reportName=facilityAtAGlance&placeID=210082,131473,WDR,,,,No,0.0
210365,6A265300900,Bridgeport PUD Treatment Plant,Bridgeport PUD,6T,,01-012,,https://ciwqs.waterboards.ca.gov/ciwqs/readOnly/CiwqsReportServlet?reportName=facilityAtAGlance&placeID=210365,148146,WDR,,,,No,0.0
766948,1B09156RSON,"Sonoma-Cutrer Vineyards, Inc. Domestic Waste",,,,97-010-DWQ,,https://ciwqs.waterboards.ca.gov/ciwqs/readOnly/CiwqsReportServlet?reportName=facilityAtAGlance&placeID=766948,362509,ENROLLEE - WDR,,,Sonoma-Cutrer NOA.pdf,No,1.0
210656,5A323001004,Bucks Creek Sewer Facility,Bucks Creek Cabin Owners Association,5R,,98-036,,https://ciwqs.waterboards.ca.gov/ciwqs/readOnly/CiwqsReportServlet?reportName=facilityAtAGlance&placeID=210656,134645,WDR,,,,No,0.0
210685,3 420100001,Buellton WWTP,Buellton City,3,,99-134,,https://ciwqs.waterboards.ca.gov/ciwqs/readOnly/CiwqsReportServlet?reportName=facilityAtAGlance&placeID=210685,147482,WDR,,,,No,0.0
872382,,"Burke Property, OWTS",,,,,,https://ciwqs.waterboards.ca.gov/ciwqs/readOnly/CiwqsReportServlet?reportName=facilityAtAGlance&placeID=872382,,,,,,No,0.0
210854,5A450107001,Burney STP,Burney WD,5R,,R5-2017-0050,,https://ciwqs.waterboards.ca.gov/ciwqs/readOnly/CiwqsReportServlet?reportName=facilityAtAGlance&placeID=210854,408490,WDR,,,Combined Burney WDR_Pamela Signatue.pdf,No,1.0
210925,5A040108001,Butte CSA 21 Skansen Ponds and Rocky Bluffs,Butte CSA,5R,,92-211,,https://ciwqs.waterboards.ca.gov/ciwqs/readOnly/CiwqsReportServlet?reportName=facilityAtAGlance&placeID=210925,134393,WDR,,,,No,0.0
210913,5A040107001,Butte College WWTP,Butte Community College District,5R,,03-143,,https://ciwqs.waterboards.ca.gov/ciwqs/readOnly/CiwqsReportServlet?reportName=facilityAtAGlance&placeID=210913,132157,WDR,,,,No,0.0
273164,5D150101001,Buttonwillow WWTF,Buttonwillow CWD,5F,,R5-2009-0123,,https://ciwqs.waterboards.ca.gov/ciwqs/readOnly/CiwqsReportServlet?reportName=facilityAtAGlance&placeID=273164,370698,WDR,,,R5-2009-0123.pdf,No,1.0
210972,5B070102002,Byron Sanitary District WWTF,Byron Sanitary District,5S,,R5-2009-0002,,https://ciwqs.waterboards.ca.gov/ciwqs/readOnly/CiwqsReportServlet?reportName=facilityAtAGlance&placeID=210972,363736,WDR,,,R5-2009-0002.pdf,No,1.0
240716,5B390106002,Harney Lane Migrant Center,CA Department of Housing and Community Development,5S,,95-176,,https://ciwqs.waterboards.ca.gov/ciwqs/readOnly/CiwqsReportServlet?reportName=facilityAtAGlance&placeID=240716,147147,WDR,,,,No,0.0
241545,5C220800001,Mount Bullion Conservation Camp,CA Dept of Forestry & Fire Protection,5F,,96-214,,https://ciwqs.waterboards.ca.gov/ciwqs/readOnly/CiwqsReportServlet?reportName=facilityAtAGlance&placeID=241545,145708,WDR,,,,No,0.0
833707,1A171868RDN,CDOT Collier Tunnel Rest Area,CA Dept of Trans D1,1,,2014-0153-DWQ,,https://ciwqs.waterboards.ca.gov/ciwqs/readOnly/CiwqsReportServlet?reportName=facilityAtAGlance&placeID=833707,420851,ENROLLEE - WDR,,,180618_RRO_er_CaltransCollierTunnel_NOA.pdf,No,1.0
213154,,Caples Lake Maint Station,,,,,,https://ciwqs.waterboards.ca.gov/ciwqs/readOnly/CiwqsReportServlet?reportName=facilityAtAGlance&placeID=213154,,,,,,No,0.0
820261,5B50NC00327,Westley Safety Roadside Rest Area,,,,2014-0153-DWQ,,https://ciwqs.waterboards.ca.gov/ciwqs/readOnly/CiwqsReportServlet?reportName=facilityAtAGlance&placeID=820261,404013,ENROLLEE - WDR,,,NOA_2014-0153-DWQ-R5304.pdf,No,2.0
245524,5A450805006,I-5 @ O'Brien SRRA,CA Dept of Trans D2,5R,,94-336,,https://ciwqs.waterboards.ca.gov/ciwqs/readOnly/CiwqsReportServlet?reportName=facilityAtAGlance&placeID=245524,133570,WDR,,,,No,0.0
236297,5A450805007,I-5 @ Lakehead SRRA,CA Dept of Trans D2,5R,,94-335,,https://ciwqs.waterboards.ca.gov/ciwqs/readOnly/CiwqsReportServlet?reportName=facilityAtAGlance&placeID=236297,133542,WDR,,,,No,0.0
272480,5A310802002,Whitmore Maintenance Station,,,,97-010-DWQ,,https://ciwqs.waterboards.ca.gov/ciwqs/readOnly/CiwqsReportServlet?reportName=facilityAtAGlance&placeID=272480,194460,ENROLLEE - WDR,,,,No,0.0
239875,5A060800001,Maxwell Roadside Rest Station,CA Dept of Trans D3,5S,,85-321,,https://ciwqs.waterboards.ca.gov/ciwqs/readOnly/CiwqsReportServlet?reportName=facilityAtAGlance&placeID=239875,139795,WDR,,,,No,0.0
227451,5A310802001,Gold Run Roadside Rests,CA Dept of Trans D3,5S,,95-092,,https://ciwqs.waterboards.ca.gov/ciwqs/readOnly/CiwqsReportServlet?reportName=facilityAtAGlance&placeID=227451,146407,WDR,,,,No,0.0
222624,5A34NC00017,Elkhorn Safety Roadside Rest Area,CA Dept of Trans D3,5S,,2014-0153-DWQ,,https://ciwqs.waterboards.ca.gov/ciwqs/readOnly/CiwqsReportServlet?reportName=facilityAtAGlance&placeID=222624,425297,ENROLLEE - WDR,,,NOA_2014-0153-DWQ-R5295.pdf,No,1.0
220841,,Dunnigan Roadside Rest WWTF,,,,,,https://ciwqs.waterboards.ca.gov/ciwqs/readOnly/CiwqsReportServlet?reportName=facilityAtAGlance&placeID=220841,,,,,,No,0.0
729031,3 401108233,Shandon Roadside Rest Area,,,,2014-0153-DWQ,,https://ciwqs.waterboards.ca.gov/ciwqs/readOnly/CiwqsReportServlet?reportName=facilityAtAGlance&placeID=729031,423607,ENROLLEE - WDR,,,07-02-2019_Shandon Rest Area NOA & NOT package 7-2-19.pdf,No,1.0
248269,5D540801001,Philip S Raine SRRA,CA Dept of Trans D6 Bakersfield R5F,5F,,83-006,,https://ciwqs.waterboards.ca.gov/ciwqs/readOnly/CiwqsReportServlet?reportName=facilityAtAGlance&placeID=248269,143824,WDR,,,,No,0.0
836454,5C15NC00218,Buttonwillow Safety Roadside Rest Area,CA Dept of Trans D6 Fresno,5F,,2014-0153-DWQ,,https://ciwqs.waterboards.ca.gov/ciwqs/readOnly/CiwqsReportServlet?reportName=facilityAtAGlance&placeID=836454,414137,ENROLLEE - WDR,,,Buttonwillow NOA.pdf,No,2.0
719040,5C54NC00296,Warlow SRRA WWTF,,,,2014-0153-DWQ,,https://ciwqs.waterboards.ca.gov/ciwqs/readOnly/CiwqsReportServlet?reportName=facilityAtAGlance&placeID=719040,437786,ENROLLEE - WDR,,,CT Warlow_Revised NOA_2014-0153-dwq-r5296-01.pdf,No,2.0
719040,5C54NC00296,Warlow SRRA WWTF,,,,2014-0153-DWQ,,https://ciwqs.waterboards.ca.gov/ciwqs/readOnly/CiwqsReportServlet?reportName=facilityAtAGlance&placeID=719040,437786,ENROLLEE - WDR,,,CT-WarlowRA_NOA.pdf,No,2.0
236772,5D150801001,Lebec SRRA (Tejon Pass),CA Dept of Trans D6 Fresno,5F,,93-051,,https://ciwqs.waterboards.ca.gov/ciwqs/readOnly/CiwqsReportServlet?reportName=facilityAtAGlance&placeID=236772,144869,WDR,,,,No,0.0
813804,,Crestview Maintenance Station Wash Rock,,,,,,https://ciwqs.waterboards.ca.gov/ciwqs/readOnly/CiwqsReportServlet?reportName=facilityAtAGlance&placeID=813804,,,,,,No,0.0
837951,5B24NC00381,"John ""Chuck"" Erreca SRRA",,,,2014-0153-DWQ,,https://ciwqs.waterboards.ca.gov/ciwqs/readOnly/CiwqsReportServlet?reportName=facilityAtAGlance&placeID=837951,419271,ENROLLEE - WDR,,,Caltrans_Erreca_NOA.pdf,No,1.0
851487,6B361809001,Valley Wells Rest Area,CA Dept of Transportation DO8 (San Bernardino-Riverside Office) Caltrans,6V,,R6V-2021-0022,,https://ciwqs.waterboards.ca.gov/ciwqs/readOnly/CiwqsReportServlet?reportName=facilityAtAGlance&placeID=851487,425537,WDR,,,R6V-2021-0022_WDR Order_Caltrans Valley Wells.pdf,No,1.0
259185,8 360800001,CIM WWTP,CA Institution for Men Chino,8,,95-024,,https://ciwqs.waterboards.ca.gov/ciwqs/readOnly/CiwqsReportServlet?reportName=facilityAtAGlance&placeID=259185,146059,WDR,,,,No,0.0
213580,6A186000500,"CCC @ Susanville, CSP-LC WTF",Ca Dept of Corrections & Rehabilitation,6T,,R6T-2008-0024,,https://ciwqs.waterboards.ca.gov/ciwqs/readOnly/CiwqsReportServlet?reportName=facilityAtAGlance&placeID=213580,350306,WDR,,,R6T-2008-0024 CDC WDR.pdf,No,3.0
271740,5D150803003,Wasco State Prison WWTF,Ca Dept of Corrections & Rehabilitation,5F,,90-217,,https://ciwqs.waterboards.ca.gov/ciwqs/readOnly/CiwqsReportServlet?reportName=facilityAtAGlance&placeID=271740,144441,WDR,,,,No,0.0
263072,5D150803001,Tehachapi Correctional Inst WWTF,Ca Dept of Corrections & Rehabilitation,5F,,R5-2011-0007,,https://ciwqs.waterboards.ca.gov/ciwqs/readOnly/CiwqsReportServlet?reportName=facilityAtAGlance&placeID=263072,389883,WDR,,,r5-2011-0007.pdf,No,3.0
256920,5C550801001,Sierra Conservation CTR-WWTP-1 (NON15),Ca Dept of Corrections & Rehabilitation,5F,,5-01-017,,https://ciwqs.waterboards.ca.gov/ciwqs/readOnly/CiwqsReportServlet?reportName=facilityAtAGlance&placeID=256920,148827,WDR,,,,No,0.0
234915,5C15NC00056,Kern Valley State Prison WWTF,Ca Dept of Corrections & Rehabilitation,5F,,R5-2007-0090,,https://ciwqs.waterboards.ca.gov/ciwqs/readOnly/CiwqsReportServlet?reportName=facilityAtAGlance&placeID=234915,328915,WDR,,,R5-2007-0090.pdf,No,1.0
222359,,Avenal State Prison-Effluent Storage Reservoir,,,,,,https://ciwqs.waterboards.ca.gov/ciwqs/readOnly/CiwqsReportServlet?reportName=facilityAtAGlance&placeID=222359,,,,,,No,0.0
213596,1A89001NDN,CDC Pelican Bay Prison WWTP,Ca Dept of Corrections & Rehabilitation,1,,89-002,,https://ciwqs.waterboards.ca.gov/ciwqs/readOnly/CiwqsReportServlet?reportName=facilityAtAGlance&placeID=213596,137842,NPDES PERMIT,,,,No,0.0
213592,5C200800001,CDC CCWF & VSP WWTF,Ca Dept of Corrections Chowchilla,5F,,93-235,,https://ciwqs.waterboards.ca.gov/ciwqs/readOnly/CiwqsReportServlet?reportName=facilityAtAGlance&placeID=213592,145133,WDR,,,,No,0.0
248717,5D100805001,Pleasant Valley State Prison WWTF,Ca Dept of Corrections Coalinga,5F,,R5-2016-0092,,https://ciwqs.waterboards.ca.gov/ciwqs/readOnly/CiwqsReportServlet?reportName=facilityAtAGlance&placeID=248717,331473,WDR,,,r5-2016-0092.pdf,No,3.0
215698,5D160801001,Corcoran State Prison WWTF,Ca Dept of Corrections Corcoran,5F,,R5-2016-0027,,https://ciwqs.waterboards.ca.gov/ciwqs/readOnly/CiwqsReportServlet?reportName=facilityAtAGlance&placeID=215698,405851,WDR,,,r5-2016-0027.pdf,No,1.0
209225,3 440801001,Ben Lomond Conservation Camp,Ca Dept of Forestry Ben Lomond,3,,01-026,,https://ciwqs.waterboards.ca.gov/ciwqs/readOnly/CiwqsReportServlet?reportName=facilityAtAGlance&placeID=209225,148197,WDR,,,,No,0.0
228067,5A090111001,Growlersburg Conservation Camp,,,,97-010-DWQ,,https://ciwqs.waterboards.ca.gov/ciwqs/readOnly/CiwqsReportServlet?reportName=facilityAtAGlance&placeID=228067,194393,ENROLLEE - WDR,,,,No,0.0
247966,5C550802001,Peoria Flat Baseline Conservation Camp,Ca Dept of Forestry Jamestown,5F,,91-014,,https://ciwqs.waterboards.ca.gov/ciwqs/readOnly/CiwqsReportServlet?reportName=facilityAtAGlance&placeID=247966,140797,WDR,,,,No,0.0
214008,1B04044RMEN,CDF Chamberlain Creek Conservation Camp,,,,97-010-DWQ,,https://ciwqs.waterboards.ca.gov/ciwqs/readOnly/CiwqsReportServlet?reportName=facilityAtAGlance&placeID=214008,,ENROLLEE - WDR,,,,No,0.0
240914,5D100802001,Miramonte Conservation Camp,Ca Dept of Forestry Sanger,5F,,86-231,,https://ciwqs.waterboards.ca.gov/ciwqs/readOnly/CiwqsReportServlet?reportName=facilityAtAGlance&placeID=240914,,WDR,,,,No,0.0
219551,5A480800001,Delta Conservation Camp,Ca Dept of Forestry Suisun,5S,,R5-1988-0030,,https://ciwqs.waterboards.ca.gov/ciwqs/readOnly/CiwqsReportServlet?reportName=facilityAtAGlance&placeID=219551,139972,WDR,,,,No,0.0
214957,5C10NC00045,Coalinga State Hospital WWTF,Ca Dept of Mental Health,5F,,R5-2013-0055,,https://ciwqs.waterboards.ca.gov/ciwqs/readOnly/CiwqsReportServlet?reportName=facilityAtAGlance&placeID=214957,153133,WDR,,,R5-2013-0055.pdf,No,1.0
248169,3 270802001,Pfeiffer Big Sur State Park WWTP,Ca Dept of Parks & Rec Big Sur,3,,98-062,,https://ciwqs.waterboards.ca.gov/ciwqs/readOnly/CiwqsReportServlet?reportName=facilityAtAGlance&placeID=248169,147285,WDR,,,,No,0.0
229145,5A310801001,Granite Bay State Park,Ca Dept of Parks & Rec Folsom,5S,,94-151,,https://ciwqs.waterboards.ca.gov/ciwqs/readOnly/CiwqsReportServlet?reportName=facilityAtAGlance&placeID=229145,141770,WDR,,,,No,0.0
255383,5C240801004,San Luis Rec Area/Basalt Camp,Ca Dept of Parks & Rec Gustine,5F,,86-226,,https://ciwqs.waterboards.ca.gov/ciwqs/readOnly/CiwqsReportServlet?reportName=facilityAtAGlance&placeID=255383,144661,WDR,,,,No,0.0
255396,5C240801003,San Luis State REC Area,Ca Dept of Parks & Rec Gustine,5F,,85-316,,https://ciwqs.waterboards.ca.gov/ciwqs/readOnly/CiwqsReportServlet?reportName=facilityAtAGlance&placeID=255396,144616,WDR,,,,No,0.0
248933,2 417025001,Portola Redwood State Park WWTP,Ca Dept of Parks & Rec La Honda,2,,86-087,,https://ciwqs.waterboards.ca.gov/ciwqs/readOnly/CiwqsReportServlet?reportName=facilityAtAGlance&placeID=248933,,WDR,,,,No,0.0
215073,5D540700003,Colonel Allensworth State Historic Park,Ca Dept of Parks & Rec Lebec,5F,,95-119,,https://ciwqs.waterboards.ca.gov/ciwqs/readOnly/CiwqsReportServlet?reportName=facilityAtAGlance&placeID=215073,145331,WDR,,,,No,0.0
255172,2 215053001,Samuel P Taylor St Pk WWTP,Ca Dept of Parks & Rec Marin District,2,,91-181,,https://ciwqs.waterboards.ca.gov/ciwqs/readOnly/CiwqsReportServlet?reportName=facilityAtAGlance&placeID=255172,,WDR,,,,No,0.0
776914,1B03078RHUM,CDPR Prairie Creek Redwoods (WDR),,,,97-010-DWQ,,https://ciwqs.waterboards.ca.gov/ciwqs/readOnly/CiwqsReportServlet?reportName=facilityAtAGlance&placeID=776914,,ENROLLEE - WDR,,,,No,0.0
240826,5C100800001,Millerton Lake State Rec Area,Ca Dept of Parks & Rec Sacramento,5F,,86-224,,https://ciwqs.waterboards.ca.gov/ciwqs/readOnly/CiwqsReportServlet?reportName=facilityAtAGlance&placeID=240826,144660,WDR,,,,No,0.0
255382,5C240701001,Gianelli (San Luis) Pump-Generate Plant WWTF,Ca Dept of Water Resources Santa Nella,5F,,85-231,,https://ciwqs.waterboards.ca.gov/ciwqs/readOnly/CiwqsReportServlet?reportName=facilityAtAGlance&placeID=255382,144567,WDR,,,,No,0.0
259226,8 362370001,Wagon Train Road Package Plant,Cajon Pass POA,8,,97-050,,https://ciwqs.waterboards.ca.gov/ciwqs/readOnly/CiwqsReportServlet?reportName=facilityAtAGlance&placeID=259226,141147,WDR,,,,No,0.0
213604,1B77108OMEN,CDF Parlin Fork Conservation Camp,CalFire Fort Bragg Jackson Demonstration State Forest,1,,97-052,,https://ciwqs.waterboards.ca.gov/ciwqs/readOnly/CiwqsReportServlet?reportName=facilityAtAGlance&placeID=213604,139175,WDR,,,,No,0.0
206381,5B050107005,Arnold WWTP,,,,97-073,,https://ciwqs.waterboards.ca.gov/ciwqs/readOnly/CiwqsReportServlet?reportName=facilityAtAGlance&placeID=206381,146831,WDR,,,,No,0.0
272716,5B052000001,Wilseyville WWTP,Calaveras Cnty Water District,5S,,98-044,,https://ciwqs.waterboards.ca.gov/ciwqs/readOnly/CiwqsReportServlet?reportName=facilityAtAGlance&placeID=272716,146697,WDR,,,,No,0.0
272109,5B052009002,West Point WWTF,,,,93-078,,https://ciwqs.waterboards.ca.gov/ciwqs/readOnly/CiwqsReportServlet?reportName=facilityAtAGlance&placeID=272109,140868,WDR,,,,No,0.0
271617,5B050107007,Wallace Lake Estates WWTF,Calaveras Cnty Water District,5S,,R5-2003-0101,,https://ciwqs.waterboards.ca.gov/ciwqs/readOnly/CiwqsReportServlet?reportName=facilityAtAGlance&placeID=271617,132651,WDR,,,,No,0.0
258004,5B051003004,Southworth Ranch Estates WWTF,Calaveras Cnty Water District,5S,,90-258,,https://ciwqs.waterboards.ca.gov/ciwqs/readOnly/CiwqsReportServlet?reportName=facilityAtAGlance&placeID=258004,140733,WDR,,,,No,0.0
256316,5B051004001,Sequoia Woods/Mountain Retreat WWTF,Calaveras Cnty Water District,5S,,95-069,,https://ciwqs.waterboards.ca.gov/ciwqs/readOnly/CiwqsReportServlet?reportName=facilityAtAGlance&placeID=256316,146373,WDR,,,,No,0.0
235798,5B051012001,La Contenta WWT & RF,Calaveras Cnty Water District,5S,,R5-2013-0133-01,,https://ciwqs.waterboards.ca.gov/ciwqs/readOnly/CiwqsReportServlet?reportName=facilityAtAGlance&placeID=235798,393681,WDR,,,CCWD_La Contenta_R5-2013-0133_WDR.pdf,No,3.0
235798,5B051012001,La Contenta WWT & RF,Calaveras Cnty Water District,5S,,R5-2013-0133-01,,https://ciwqs.waterboards.ca.gov/ciwqs/readOnly/CiwqsReportServlet?reportName=facilityAtAGlance&placeID=235798,393681,WDR,,,R5-2018-0062-La Contenta WWTF.pdf,No,3.0
232360,5B051003002,Indian Rock Vineyards Subdivision (IRVS) WWTF,Calaveras Cnty Water District,5S,,90-259,,https://ciwqs.waterboards.ca.gov/ciwqs/readOnly/CiwqsReportServlet?reportName=facilityAtAGlance&placeID=232360,140734,WDR,,,,No,0.0
224889,5B050107004,Forest Meadows WWT & RP,Calaveras Cnty Water District,5S,,5-00-066,,https://ciwqs.waterboards.ca.gov/ciwqs/readOnly/CiwqsReportServlet?reportName=facilityAtAGlance&placeID=224889,147704,WDR,,,,No,0.0
220618,5B051003001,Douglas Flat/Vallecito WWTP,Calaveras Cnty Water District,5S,,R5-2013-0009,,https://ciwqs.waterboards.ca.gov/ciwqs/readOnly/CiwqsReportServlet?reportName=facilityAtAGlance&placeID=220618,389066,WDR,,,r5-2013-0009.pdf,No,1.0
215671,5B050105001,Copper Cove WWRF,Calaveras Cnty Water District,5S,,R5-2010-0070,,https://ciwqs.waterboards.ca.gov/ciwqs/readOnly/CiwqsReportServlet?reportName=facilityAtAGlance&placeID=215671,368769,WDR,,,R5-2010-0070.pdf,No,5.0
215671,5B050105001,Copper Cove WWRF,Calaveras Cnty Water District,5S,,R5-2010-0070,,https://ciwqs.waterboards.ca.gov/ciwqs/readOnly/CiwqsReportServlet?reportName=facilityAtAGlance&placeID=215671,368769,WDR,,,ccwd_copper cove_amended wdr.pdf,No,5.0
209539,5B050106001,Big Trees County Houses WWTP,Calaveras Cnty Water District,5S,,94-357,,https://ciwqs.waterboards.ca.gov/ciwqs/readOnly/CiwqsReportServlet?reportName=facilityAtAGlance&placeID=209539,141277,WDR,,,,No,0.0
264856,5B050109001,Toyon Middle School,Calaveras Unified SD,5S,,97-074,,https://ciwqs.waterboards.ca.gov/ciwqs/readOnly/CiwqsReportServlet?reportName=facilityAtAGlance&placeID=264856,146832,WDR,,,,No,0.0
213294,3 271018001,Carmel Valley Ranch WWTP (Producer),California American Water Company Monterey,3,,01-083,,https://ciwqs.waterboards.ca.gov/ciwqs/readOnly/CiwqsReportServlet?reportName=facilityAtAGlance&placeID=213294,141169,WDR,,,,No,0.0
272434,3 271018003,WHITE OAKS SUBDIVISION Onsite WW Treatment System,California American Water Company Monterey,3,,98-076,,https://ciwqs.waterboards.ca.gov/ciwqs/readOnly/CiwqsReportServlet?reportName=facilityAtAGlance&placeID=272434,,WDR,,,,No,0.0
258186,3 272015001,Spreckels WWTP,California American Water Company Monterey,3,,99-086,,https://ciwqs.waterboards.ca.gov/ciwqs/readOnly/CiwqsReportServlet?reportName=facilityAtAGlance&placeID=258186,147406,WDR,,,,No,0.0
247731,3 270100009,Pasadera Reclamation Facility (Producer),California American Water Company Monterey,3,,98-058,,https://ciwqs.waterboards.ca.gov/ciwqs/readOnly/CiwqsReportServlet?reportName=facilityAtAGlance&placeID=247731,147281,WDR,,,,No,0.0
245564,3 271007001,Oak Hills Development WWTP,California American Water Company Monterey,3,,01-009,,https://ciwqs.waterboards.ca.gov/ciwqs/readOnly/CiwqsReportServlet?reportName=facilityAtAGlance&placeID=245564,148204,WDR,,,,No,0.0
236601,3 271026001,Las Palmas Ranch Reclamation Facility,California American Water Company Monterey,3,,R3-2006-0041,,https://ciwqs.waterboards.ca.gov/ciwqs/readOnly/CiwqsReportServlet?reportName=facilityAtAGlance&placeID=236601,317955,WDR,,,WDR R3-2006-0041 final.pdf,No,2.0
232363,3 271002001,Indian Springs Wastewater Treatment Facility,California American Water Company Monterey,3,,83-003,,https://ciwqs.waterboards.ca.gov/ciwqs/readOnly/CiwqsReportServlet?reportName=facilityAtAGlance&placeID=232363,143182,WDR,,,,No,0.0
220844,5A571005001,Dunnigan WWTF,California American Water Company Sacramento,5S,,R5-2021-0045,,https://ciwqs.waterboards.ca.gov/ciwqs/readOnly/CiwqsReportServlet?reportName=facilityAtAGlance&placeID=220844,441883,WDR,,,dunnigan_wdrs_r5-2021-0045.pdf,No,2.0
212962,3 270803001,Camp Roberts Main (West) Garrison WWTP,California Army National Guard - Camp Roberts,3,,R3-2014-0046,,https://ciwqs.waterboards.ca.gov/ciwqs/readOnly/CiwqsReportServlet?reportName=facilityAtAGlance&placeID=212962,399552,WDR,,,wdr_2014_final.pdf,No,2.0
212648,6B150118001,California City WTF,California City,SB,,00-094,,https://ciwqs.waterboards.ca.gov/ciwqs/readOnly/CiwqsReportServlet?reportName=facilityAtAGlance&placeID=212648,148046,WDR,,,,No,0.0
206651,3 400801001,Atascadero State Hospital,California Department of State Hospitals,3,,01-002,,https://ciwqs.waterboards.ca.gov/ciwqs/readOnly/CiwqsReportServlet?reportName=facilityAtAGlance&placeID=206651,142084,WDR,,,,No,0.0
212397,5A250102001,California Pines CSD,California Pines CSD,5R,,94-047,,https://ciwqs.waterboards.ca.gov/ciwqs/readOnly/CiwqsReportServlet?reportName=facilityAtAGlance&placeID=212397,135245,WDR,,,,No,0.0
239451,2 215091001,Marconi Conference Center WWTP,California State Parks Foundation,2,,R2-2002-0067,,https://ciwqs.waterboards.ca.gov/ciwqs/readOnly/CiwqsReportServlet?reportName=facilityAtAGlance&placeID=239451,,WDR,,,,No,0.0
212424,3 271001001,California Utilities,California Utilities Service,3,,R3-2007-0008,,https://ciwqs.waterboards.ca.gov/ciwqs/readOnly/CiwqsReportServlet?reportName=facilityAtAGlance&placeID=212424,321211,WDR,,,R3-2020-0020 NOA Cal Utilities_final.pdf,No,2.0
212424,3 271001001,California Utilities,California Utilities Service,3,,R3-2007-0008,,https://ciwqs.waterboards.ca.gov/ciwqs/readOnly/CiwqsReportServlet?reportName=facilityAtAGlance&placeID=212424,321211,WDR,,,WDR and MRP R3-2007-0008 CA Utilities Service WWTP.pdf,No,2.0
212776,1B77162OMEN,Calpella CWD WWTP,Calpella CWD,1,,R1-2019-0010,,https://ciwqs.waterboards.ca.gov/ciwqs/readOnly/CiwqsReportServlet?reportName=facilityAtAGlance&placeID=212776,431442,WDR,,,19_0010_Calpella_WDR_MRP.pdf,No,1.0
212858,3 400102001,Cambria CSD WWTP,Cambria Community Services District,3,,01-100,,https://ciwqs.waterboards.ca.gov/ciwqs/readOnly/CiwqsReportServlet?reportName=facilityAtAGlance&placeID=212858,131132,WDR,,,,No,0.0
213029,3 270129001,Canada Woods Reclamation Facility,Canada Woods Reclamation Facility,3,,97-032,,https://ciwqs.waterboards.ca.gov/ciwqs/readOnly/CiwqsReportServlet?reportName=facilityAtAGlance&placeID=213029,147030,WDR,,,,No,0.0
213561,,Carmel Reclamation,,,,,,https://ciwqs.waterboards.ca.gov/ciwqs/readOnly/CiwqsReportServlet?reportName=facilityAtAGlance&placeID=213561,,,,,,No,0.0
726877,5D100121001,Caruthers WWTF,Caruthers CSD,5F,,R5-2014-0137,,https://ciwqs.waterboards.ca.gov/ciwqs/readOnly/CiwqsReportServlet?reportName=facilityAtAGlance&placeID=726877,374121,WDR,,,R5-2014-0137.pdf,No,1.0
213409,5A041020001,Casa Del Rey HA,Casa Del Rey HA,5R,,97-230,,https://ciwqs.waterboards.ca.gov/ciwqs/readOnly/CiwqsReportServlet?reportName=facilityAtAGlance&placeID=213409,134592,WDR,,,,No,0.0
721549,5B55NC00012,Cascade MHP WWTF,,,,97-010-DWQ,,https://ciwqs.waterboards.ca.gov/ciwqs/readOnly/CiwqsReportServlet?reportName=facilityAtAGlance&placeID=721549,373627,ENROLLEE - WDR,,,Casade MHP_NOA_12_0509.pdf,No,2.0
213470,1B82076OMEN,Caspar South Water District,Caspar South Water District,1,,82-076,,https://ciwqs.waterboards.ca.gov/ciwqs/readOnly/CiwqsReportServlet?reportName=facilityAtAGlance&placeID=213470,136963,WDR,,,,No,0.0
264740,5D540136001,Tooleville WWTF,"Central Cal Waterworks, Inc.",5F,,88-139,,https://ciwqs.waterboards.ca.gov/ciwqs/readOnly/CiwqsReportServlet?reportName=facilityAtAGlance&placeID=264740,144030,WDR,,,,No,0.0
266310,5D540136003,Traver WWTF,Tulare Cnty Resource Management Agency,5F,,88-098,,https://ciwqs.waterboards.ca.gov/ciwqs/readOnly/CiwqsReportServlet?reportName=facilityAtAGlance&placeID=266310,144017,WDR,,,,No,0.0
741394,,Central Contra Costa SD Water Recycling,,,,,,https://ciwqs.waterboards.ca.gov/ciwqs/readOnly/CiwqsReportServlet?reportName=facilityAtAGlance&placeID=741394,,,,,,No,0.0
213947,5C500100001,Ceres WWTP,Ceres City,SB,,93-237,,https://ciwqs.waterboards.ca.gov/ciwqs/readOnly/CiwqsReportServlet?reportName=facilityAtAGlance&placeID=213947,141185,WDR,,,,No,0.0
754176,,Chimney Rock Winery WW Pond,,,,,,https://ciwqs.waterboards.ca.gov/ciwqs/readOnly/CiwqsReportServlet?reportName=facilityAtAGlance&placeID=754176,,,,,,No,0.0
273106,5C200100001,Chowchilla WWTF,Chowchilla City,SB,,90-271,,https://ciwqs.waterboards.ca.gov/ciwqs/readOnly/CiwqsReportServlet?reportName=facilityAtAGlance&placeID=273106,144724,WDR,,,,No,0.0
214541,2 438538001,Cinnabar Hills Golf Club WWTP,Cinnabar Hills Golf Club,2,,97-062,,https://ciwqs.waterboards.ca.gov/ciwqs/readOnly/CiwqsReportServlet?reportName=facilityAtAGlance&placeID=214541,,WDR,,,,No,0.0
214559,5A280106001,Circle Oaks WWTF,Circle Oaks Cnty Water Dist,5S,,94-097,,https://ciwqs.waterboards.ca.gov/ciwqs/readOnly/CiwqsReportServlet?reportName=facilityAtAGlance&placeID=214559,141723,WDR,,,,No,0.0
889990,4A560101001,Fillmore Water Recycling Plant,City of Fillmore,4,,R4-2023-0426,,https://ciwqs.waterboards.ca.gov/ciwqs/readOnly/CiwqsReportServlet?reportName=facilityAtAGlance&placeID=889990,454036,WDR,,,10753_Order R4-2023-0426.pdf,No,4.0
227602,3 270104001,Gonzales WWTP,City of Gonzales,3,,R3-2006-0005,,https://ciwqs.waterboards.ca.gov/ciwqs/readOnly/CiwqsReportServlet?reportName=facilityAtAGlance&placeID=227602,302168,WDR,,,City of Gonzales Order No. R3-2006-0005 letter pdf.pdf,No,1.0
227980,5A040103001,Gridley WWTF,City of Gridley,5R,,R5-2006-0127,,https://ciwqs.waterboards.ca.gov/ciwqs/readOnly/CiwqsReportServlet?reportName=facilityAtAGlance&placeID=227980,317186,WDR,,,R5-2006-0127.pdf,No,1.0
826844,,City of Pacific Grove WWTF,,,,,,https://ciwqs.waterboards.ca.gov/ciwqs/readOnly/CiwqsReportServlet?reportName=facilityAtAGlance&placeID=826844,,,,,,No,0.0
258677,,Stillwater WWTP Reclamation,,,,,,https://ciwqs.waterboards.ca.gov/ciwqs/readOnly/CiwqsReportServlet?reportName=facilityAtAGlance&placeID=258677,,,,,,No,0.0
805193,4A190117002,Vista Canyon Water Factory,City of Santa Clarita ,4,,R4-2020-0049,,https://ciwqs.waterboards.ca.gov/ciwqs/readOnly/CiwqsReportServlet?reportName=facilityAtAGlance&placeID=805193,434331,WDR,,,10041_R4-2020-0049_WDR.pdf,No,3.0
255678,3 420109001,City of Santa Maria WWTP,City of Santa Maria,3,,R3-2010-0001,,https://ciwqs.waterboards.ca.gov/ciwqs/readOnly/CiwqsReportServlet?reportName=facilityAtAGlance&placeID=255678,373327,WDR,,,2010-0001 final wdr.pdf,No,2.0
849194,9 000003742,Civita Water Reclamation Facility,"Civita Water Recycling Company, LLC",9,,R9-2020-0108,,https://ciwqs.waterboards.ca.gov/ciwqs/readOnly/CiwqsReportServlet?reportName=facilityAtAGlance&placeID=849194,422798,WDR,,,Order_R9-2020-0108_Civita-signed.pdf,No,3.0
214812,5A170100002,Clearlake Oaks Co WTR Dis WWTP,Clearlake Oaks Cnty Water Dist,SB,,98-211,,https://ciwqs.waterboards.ca.gov/ciwqs/readOnly/CiwqsReportServlet?reportName=facilityAtAGlance&placeID=214812,147062,WDR,,,,No,0.0
232429,,Industrial WWTP,,,,,,https://ciwqs.waterboards.ca.gov/ciwqs/readOnly/CiwqsReportServlet?reportName=facilityAtAGlance&placeID=232429,,,,,,No,0.0
209999,7A330105021,Bombay Beach STP,Coachella Valley WD,7,,R7-2013-0024,,https://ciwqs.waterboards.ca.gov/ciwqs/readOnly/CiwqsReportServlet?reportName=facilityAtAGlance&placeID=209999,389822,WDR,,,2013_0024cvwd_bombay_beach_wdr_mrp.pdf,No,1.0
273107,5D100101001,Coalinga WWTF,Coalinga City,5F,,94-184,,https://ciwqs.waterboards.ca.gov/ciwqs/readOnly/CiwqsReportServlet?reportName=facilityAtAGlance&placeID=273107,145874,WDR,,,,No,0.0
215515,1B02084RMEN,"Consolidated Tribal Health Project, Inc.",,,,97-010-DWQ,,https://ciwqs.waterboards.ca.gov/ciwqs/readOnly/CiwqsReportServlet?reportName=facilityAtAGlance&placeID=215515,179193,ENROLLEE - WDR,,,,No,0.0
258777,2 071184001,Stonehurst SD-6 WWTP,Contra Costa County SD No 6,2,,91-096,,https://ciwqs.waterboards.ca.gov/ciwqs/readOnly/CiwqsReportServlet?reportName=facilityAtAGlance&placeID=258777,,WDR,,,,No,0.0
215637,5A09NC00009,Cool Village WWTF,"Cool Village Investments, LLC",5S,,R5-2003-0023,,https://ciwqs.waterboards.ca.gov/ciwqs/readOnly/CiwqsReportServlet?reportName=facilityAtAGlance&placeID=215637,131771,WDR,,,,No,0.0
273108,5D160102001,Corcoran WWTF,Corcoran City,5F,,R5-2021-0025-01,,https://ciwqs.waterboards.ca.gov/ciwqs/readOnly/CiwqsReportServlet?reportName=facilityAtAGlance&placeID=273108,443393,WDR,,,R5_2021_0025_01_Corcoran WWTF.pdf,No,4.0
273108,5D160102001,Corcoran WWTF,Corcoran City,5F,,R5-2021-0025-01,,https://ciwqs.waterboards.ca.gov/ciwqs/readOnly/CiwqsReportServlet?reportName=facilityAtAGlance&placeID=273108,443393,WDR,,,r5_2021_0025.pdf,No,4.0
259173,8 332181001,Corona WWRF #2,Corona City DWP,SB,,R8-2011-0015,,https://ciwqs.waterboards.ca.gov/ciwqs/readOnly/CiwqsReportServlet?reportName=facilityAtAGlance&placeID=259173,374041,WDR,,,"11-015_City of Corona, DWP Reissuance of WDR_Fac2.pdf",No,1.0
201064,5C101012001,Fresno Cnty #1-Tamarack Estates WWTF,County of Fresno,5F,,90-265,,https://ciwqs.waterboards.ca.gov/ciwqs/readOnly/CiwqsReportServlet?reportName=facilityAtAGlance&placeID=201064,144722,WDR,,,,No,0.0
234146,5B10NC00011,Fresno Cnty Juvenile Justice WWTF,County of Fresno,5F,,R5-2007-0150,,https://ciwqs.waterboards.ca.gov/ciwqs/readOnly/CiwqsReportServlet?reportName=facilityAtAGlance&placeID=234146,172683,WDR,,,r5-2007-0150.pdf,No,1.0
201083,5D101122001,Fresno Cnty #47-Quail Lake WWTF,County of Fresno,5F,,96-120,,https://ciwqs.waterboards.ca.gov/ciwqs/readOnly/CiwqsReportServlet?reportName=facilityAtAGlance&placeID=201083,145688,WDR,,,,No,0.0
201082,5C101017001,Fresno Cnty #44A-Millerton Lake MHV WWTF,County of Fresno,5F,,85-255,,https://ciwqs.waterboards.ca.gov/ciwqs/readOnly/CiwqsReportServlet?reportName=facilityAtAGlance&placeID=201082,144604,WDR,,,,No,0.0
201081,5D100139001,Fresno Cnty #44-D Monte Verdi Estates WWTF,County of Fresno,5F,,92-203,,https://ciwqs.waterboards.ca.gov/ciwqs/readOnly/CiwqsReportServlet?reportName=facilityAtAGlance&placeID=201081,144852,WDR,,,,No,0.0
201080,5C100106002,Fresno Cnty #41-Shaver Lake WWTF,County of Fresno,5F,,95-264,,https://ciwqs.waterboards.ca.gov/ciwqs/readOnly/CiwqsReportServlet?reportName=facilityAtAGlance&placeID=201080,145627,WDR,,,,No,0.0
201079,5D101026001,Fresno Cnty #40-Shaver Springs WWTF,County of Fresno,5F,,83-010,,https://ciwqs.waterboards.ca.gov/ciwqs/readOnly/CiwqsReportServlet?reportName=facilityAtAGlance&placeID=201079,143856,WDR,,,,No,0.0
201078,5C100106001,Fresno Cnty #38-Sky Harbour WWTF,County of Fresno,5F,,90-088,,https://ciwqs.waterboards.ca.gov/ciwqs/readOnly/CiwqsReportServlet?reportName=facilityAtAGlance&placeID=201078,144391,WDR,,,,No,0.0
201076,5C100106003,Fresno Cnty #34-Millerton New Town WWTF,County of Fresno,5F,,R5-2008-0127,,https://ciwqs.waterboards.ca.gov/ciwqs/readOnly/CiwqsReportServlet?reportName=facilityAtAGlance&placeID=201076,351167,WDR,,,r5-2008-0127[1].pdf,No,1.0
201075,5D100102002,Fresno Cnty #32-Cantua Creek WWTF,County of Fresno,5F,,82-062,,https://ciwqs.waterboards.ca.gov/ciwqs/readOnly/CiwqsReportServlet?reportName=facilityAtAGlance&placeID=201075,143808,WDR,,,,No,0.0
201074,5C100106004,Fresno Cnty #31B-Shaver Lake WWTF,County of Fresno,5F,,95-263,,https://ciwqs.waterboards.ca.gov/ciwqs/readOnly/CiwqsReportServlet?reportName=facilityAtAGlance&placeID=201074,145626,WDR,,,,No,0.0
201073,5D100102001,Fresno Cnty #30-El Porvenir WWTF,County of Fresno,5F,,90-262,,https://ciwqs.waterboards.ca.gov/ciwqs/readOnly/CiwqsReportServlet?reportName=facilityAtAGlance&placeID=201073,144719,WDR,,,,No,0.0
241305,3 270103001,Chualar WWTP,"County of Monterey Department of Public Works, Facilities and Parks",3,,01-038,,https://ciwqs.waterboards.ca.gov/ciwqs/readOnly/CiwqsReportServlet?reportName=facilityAtAGlance&placeID=241305,148201,WDR,,,,No,0.0
822816,3 400910371,Los Osos Water Recycling Facility,San Luis Obispo CSA #9 Los Osos WTP,SB,,R3-2011-0001,,https://ciwqs.waterboards.ca.gov/ciwqs/readOnly/CiwqsReportServlet?reportName=facilityAtAGlance&placeID=822816,379559,WDR,,,Los Osos WDR R3-2011-0001 signed (full).pdf,No,3.0
219395,5D541041001,Deer Creek RV Park,"Cox, Randy & Diane",5F,,99-107,,https://ciwqs.waterboards.ca.gov/ciwqs/readOnly/CiwqsReportServlet?reportName=facilityAtAGlance&placeID=219395,146006,WDR,,,,No,0.0
251660,5A041025001,Creekside Village,Creekside Village TIC,5R,,96-132,,https://ciwqs.waterboards.ca.gov/ciwqs/readOnly/CiwqsReportServlet?reportName=facilityAtAGlance&placeID=251660,133904,WDR,,,,No,0.0
216135,6B360106001,Crestline SD Three WTF's,Crestline SD,6V,,94-057,,https://ciwqs.waterboards.ca.gov/ciwqs/readOnly/CiwqsReportServlet?reportName=facilityAtAGlance&placeID=216135,146499,WDR,,,,No,0.0
216322,2 283114001,CWMS WWTP (at Markham Vineyards),Culinary Institute of America (CWMS member),2,,R2-1998-0064,,https://ciwqs.waterboards.ca.gov/ciwqs/readOnly/CiwqsReportServlet?reportName=facilityAtAGlance&placeID=216322,142268,WDR,,,,No,0.0
216491,3 401076001,Cypress Ridge Sewer Facility,Cypress Ridge Limited Partnership,3,,97-066,,https://ciwqs.waterboards.ca.gov/ciwqs/readOnly/CiwqsReportServlet?reportName=facilityAtAGlance&placeID=216491,147257,WDR,,,,No,0.0
263168,5C221018001,Tenaya Lodge WWTP,DNC Parks & Resorts at Tenya Inc,5F,,99-086,,https://ciwqs.waterboards.ca.gov/ciwqs/readOnly/CiwqsReportServlet?reportName=facilityAtAGlance&placeID=263168,146000,WDR,,,,No,0.0
766558,1B06162RHUM,Willow Creek Apartments,,,,97-010-DWQ,,https://ciwqs.waterboards.ca.gov/ciwqs/readOnly/CiwqsReportServlet?reportName=facilityAtAGlance&placeID=766558,379114,ENROLLEE - WDR,,,110510_CA_RRO_WillowCreek_MRP_tmk.pdf,No,1.0
219169,3 440813511,Davenport WWTP,Davenport CSD,3,,R3-2019-0008,,https://ciwqs.waterboards.ca.gov/ciwqs/readOnly/CiwqsReportServlet?reportName=facilityAtAGlance&placeID=219169,431017,WDR,,,1-MRR_r3_2019_0008-signed.pdf,No,4.0
236755,5D541013001,Deer Meadow Leachfield,Deer Meadow Leachfield Service,5F,,82-098,,https://ciwqs.waterboards.ca.gov/ciwqs/readOnly/CiwqsReportServlet?reportName=facilityAtAGlance&placeID=236755,,WDR,,,,No,0.0
273167,5D100128003,Del Rey WWTF,Del Rey CSD,5F,,96-284,,https://ciwqs.waterboards.ca.gov/ciwqs/readOnly/CiwqsReportServlet?reportName=facilityAtAGlance&placeID=273167,146261,WDR,,,,No,0.0
602499,5B50NC00018,Del Rio East HOA WWTP,,,,97-010-DWQ,,https://ciwqs.waterboards.ca.gov/ciwqs/readOnly/CiwqsReportServlet?reportName=facilityAtAGlance&placeID=602499,333664,ENROLLEE - WDR,,,Del Rio East NOA.pdf,No,2.0
869528,5B50NC00453,Del Rio Lago Wastewater System,,,,2014-0153-DWQ,,https://ciwqs.waterboards.ca.gov/ciwqs/readOnly/CiwqsReportServlet?reportName=facilityAtAGlance&placeID=869528,440750,ENROLLEE - WDR,,,,No,4.0
219497,5B50NC00001,Del Rio CSD WWTF,,,,97-010-DWQ,,https://ciwqs.waterboards.ca.gov/ciwqs/readOnly/CiwqsReportServlet?reportName=facilityAtAGlance&placeID=219497,194858,ENROLLEE - WDR,,,,No,0.0
273109,5D150102001,Delano WWTF,Delano City,SB,,R5-2017-0052,,https://ciwqs.waterboards.ca.gov/ciwqs/readOnly/CiwqsReportServlet?reportName=facilityAtAGlance&placeID=273109,375255,WDR,,,R5-2017-0052.pdf,No,2.0
273168,5C240101001,Delhi WWTF,Delhi CWD,5F,,R5-2015-0053,,https://ciwqs.waterboards.ca.gov/ciwqs/readOnly/CiwqsReportServlet?reportName=facilityAtAGlance&placeID=273168,400654,WDR,,,R5-2015-0053.pdf,No,2.0
723734,,Delta Diablo SD Recycled Water Program (RB2),,,,,,https://ciwqs.waterboards.ca.gov/ciwqs/readOnly/CiwqsReportServlet?reportName=facilityAtAGlance&placeID=723734,,,,,,No,0.0
219661,6B150103001,Desert Lake CSD WTF,Desert Lake CSD,6V,,01-055,,https://ciwqs.waterboards.ca.gov/ciwqs/readOnly/CiwqsReportServlet?reportName=facilityAtAGlance&placeID=219661,148480,WDR,,,,No,0.0
220932,7A330132001,Desert Water Agency Recycled Water Facility,Desert Water Agency,7,,R7-2014-0008,,https://ciwqs.waterboards.ca.gov/ciwqs/readOnly/CiwqsReportServlet?reportName=facilityAtAGlance&placeID=220932,,WDR,,,,No,0.0
273110,5D540101001,Dinuba WWTF,Dinuba City,5F,,R5-2023-0046,,https://ciwqs.waterboards.ca.gov/ciwqs/readOnly/CiwqsReportServlet?reportName=facilityAtAGlance&placeID=273110,446840,WDR,,,R5-2023-0046_WDR_City of Dinuba.pdf,No,2.0
220396,5A480101001,Dixon WWTF,Dixon City PWD,SB,,R5-2014-0098,,https://ciwqs.waterboards.ca.gov/ciwqs/readOnly/CiwqsReportServlet?reportName=facilityAtAGlance&placeID=220396,394601,WDR,,,r5-2014-0098.pdf,No,2.0
220429,5C551013001,Dodge Ridge Resort WWTF,,,,89-248,,https://ciwqs.waterboards.ca.gov/ciwqs/readOnly/CiwqsReportServlet?reportName=facilityAtAGlance&placeID=220429,141436,WDR,,,,No,0.0
220567,1A77141OSIS,Dorris City STP,Dorris City,1,,98-004,,https://ciwqs.waterboards.ca.gov/ciwqs/readOnly/CiwqsReportServlet?reportName=facilityAtAGlance&placeID=220567,139235,WDR,,,,No,0.0
220804,2 283008001,Duffy's Myrtledale WW Ponds,Duffy's Myrtledale,2,,96-081,,https://ciwqs.waterboards.ca.gov/ciwqs/readOnly/CiwqsReportServlet?reportName=facilityAtAGlance&placeID=220804,,WDR,,,,No,0.0
753205,,EBMUD Recycled Water - RARE WTP,,,,,,https://ciwqs.waterboards.ca.gov/ciwqs/readOnly/CiwqsReportServlet?reportName=facilityAtAGlance&placeID=753205,,,,,,No,0.0
273169,5D540102001,Earlimart WWTF,Earlimart PUD,5F,,98-140,,https://ciwqs.waterboards.ca.gov/ciwqs/readOnly/CiwqsReportServlet?reportName=facilityAtAGlance&placeID=273169,145515,WDR,,,,No,0.0
741089,5B03NC00034,Camanche North Shore Recreation Area Water Treatment Plant Land Application,East Bay MUD (EBMUD),5S,,R5-2012-0023,,https://ciwqs.waterboards.ca.gov/ciwqs/readOnly/CiwqsReportServlet?reportName=facilityAtAGlance&placeID=741089,368626,WDR,,,r5-2012-0023.pdf,No,1.0
247616,5B031009001,Pardee Reservoir Recreation Area,East Bay MUD (EBMUD),5S,,5-01-270,,https://ciwqs.waterboards.ca.gov/ciwqs/readOnly/CiwqsReportServlet?reportName=facilityAtAGlance&placeID=247616,131160,WDR,,,,No,0.0
222129,5B051022001,EBMUD Pardee Center WWTF,East Bay MUD (EBMUD),5S,,R5-2003-0119,,https://ciwqs.waterboards.ca.gov/ciwqs/readOnly/CiwqsReportServlet?reportName=facilityAtAGlance&placeID=222129,132834,WDR,,,,No,0.0
212853,5B051015002,Camanche South Shore WWTP,East Bay MUD (EBMUD),5S,,R5-2002-0070,,https://ciwqs.waterboards.ca.gov/ciwqs/readOnly/CiwqsReportServlet?reportName=facilityAtAGlance&placeID=212853,131259,WDR,,,,No,0.0
212847,5B031019001,Camanche North Shore WWTP,,,,95-175,,https://ciwqs.waterboards.ca.gov/ciwqs/readOnly/CiwqsReportServlet?reportName=facilityAtAGlance&placeID=212847,146476,WDR,,,,No,0.0
244392,,EBMUD Recycled Water- North Richmond Water Reclamation Plant,,,,,,https://ciwqs.waterboards.ca.gov/ciwqs/readOnly/CiwqsReportServlet?reportName=facilityAtAGlance&placeID=244392,,,,,,No,0.0
216797,2 019425001,Camp Arroyo at Del Valle R.P.,East Bay Regional Park District,2,,01-043,,https://ciwqs.waterboards.ca.gov/ciwqs/readOnly/CiwqsReportServlet?reportName=facilityAtAGlance&placeID=216797,,WDR,,,,No,0.0
219502,2 019117001,Del Valle Regional Park WWTP,East Bay Regional Park District,2,,90-157,,https://ciwqs.waterboards.ca.gov/ciwqs/readOnly/CiwqsReportServlet?reportName=facilityAtAGlance&placeID=219502,,WDR,,,,No,0.0
835078,8 363000001,Sterling Natural Resource Center WWTF,East Valley Water District,8,Major,R8-2023-0009,,https://ciwqs.waterboards.ca.gov/ciwqs/readOnly/CiwqsReportServlet?reportName=facilityAtAGlance&placeID=835078,432116,WDR,,,R8-2023-0009_EVWD_SNRC_esigned.pdf,No,3.0
263145,8 332783001,Temecula Valley RWRF,Eastern Municipal Water District,SB,,R8-2008-0008,,https://ciwqs.waterboards.ca.gov/ciwqs/readOnly/CiwqsReportServlet?reportName=facilityAtAGlance&placeID=263145,354386,WDR,,,08-0008 EMWD.pdf,Yes,5.0
263145,8 332783001,Temecula Valley RWRF,Eastern Municipal Water District,SB,,R8-2008-0008,,https://ciwqs.waterboards.ca.gov/ciwqs/readOnly/CiwqsReportServlet?reportName=facilityAtAGlance&placeID=263145,354386,WDR,,,14-0016_EMWD_Pretreatment_Program_Modifications_amending_08-08.pdf,Yes,5.0
259223,8 332783001,Sun City RWRF,Eastern Municipal Water District,8,,R8-2008-0008,,https://ciwqs.waterboards.ca.gov/ciwqs/readOnly/CiwqsReportServlet?reportName=facilityAtAGlance&placeID=259223,354386,WDR,,,08-0008 EMWD.pdf,Yes,5.0
259223,8 332783001,Sun City RWRF,Eastern Municipal Water District,8,,R8-2008-0008,,https://ciwqs.waterboards.ca.gov/ciwqs/readOnly/CiwqsReportServlet?reportName=facilityAtAGlance&placeID=259223,354386,WDR,,,14-0016_EMWD_Pretreatment_Program_Modifications_amending_08-08.pdf,Yes,5.0
259209,8 332783001,Perris Valley RWRF,Eastern Municipal Water District,SB,,R8-2008-0008,,https://ciwqs.waterboards.ca.gov/ciwqs/readOnly/CiwqsReportServlet?reportName=facilityAtAGlance&placeID=259209,354386,WDR,,,08-0008 EMWD.pdf,Yes,5.0
259209,8 332783001,Perris Valley RWRF,Eastern Municipal Water District,SB,,R8-2008-0008,,https://ciwqs.waterboards.ca.gov/ciwqs/readOnly/CiwqsReportServlet?reportName=facilityAtAGlance&placeID=259209,354386,WDR,,,14-0016_EMWD_Pretreatment_Program_Modifications_amending_08-08.pdf,Yes,5.0
259203,8 332783001,Moreno Valley RWRF,Eastern Municipal Water District,SB,,R8-2008-0008,,https://ciwqs.waterboards.ca.gov/ciwqs/readOnly/CiwqsReportServlet?reportName=facilityAtAGlance&placeID=259203,354386,WDR,,,08-0008 EMWD.pdf,Yes,5.0
259203,8 332783001,Moreno Valley RWRF,Eastern Municipal Water District,SB,,R8-2008-0008,,https://ciwqs.waterboards.ca.gov/ciwqs/readOnly/CiwqsReportServlet?reportName=facilityAtAGlance&placeID=259203,354386,WDR,,,14-0016_EMWD_Pretreatment_Program_Modifications_amending_08-08.pdf,Yes,5.0
259193,8 332783001,San Jacinto Valley RWRF,Eastern Municipal Water District,SB,,R8-2008-0008,,https://ciwqs.waterboards.ca.gov/ciwqs/readOnly/CiwqsReportServlet?reportName=facilityAtAGlance&placeID=259193,354386,WDR,,,08-0008 EMWD.pdf,Yes,5.0
259193,8 332783001,San Jacinto Valley RWRF,Eastern Municipal Water District,SB,,R8-2008-0008,,https://ciwqs.waterboards.ca.gov/ciwqs/readOnly/CiwqsReportServlet?reportName=facilityAtAGlance&placeID=259193,354386,WDR,,,14-0016_EMWD_Pretreatment_Program_Modifications_amending_08-08.pdf,Yes,5.0
222071,6B140108001,Eastern Sierra CSD WWTF,Eastern Sierra CSD,6V,,94-024,,https://ciwqs.waterboards.ca.gov/ciwqs/readOnly/CiwqsReportServlet?reportName=facilityAtAGlance&placeID=222071,146485,WDR,,,,No,0.0
641209,5B09NC00006,Union Mine Disposal Site,El Dorado Cnty Env Mgmt Dept,5S,,R5-2006-0019-001,,https://ciwqs.waterboards.ca.gov/ciwqs/readOnly/CiwqsReportServlet?reportName=facilityAtAGlance&placeID=641209,310686,WDR,,,r5-2006-0019-001_wdr.pdf,No,6.0
641209,5B09NC00006,Union Mine Disposal Site,El Dorado Cnty Env Mgmt Dept,5S,,R5-2006-0019-001,,https://ciwqs.waterboards.ca.gov/ciwqs/readOnly/CiwqsReportServlet?reportName=facilityAtAGlance&placeID=641209,310686,WDR,,,r5-2006-0019-002_wdr.pdf,No,6.0
641209,5B09NC00006,Union Mine Disposal Site,El Dorado Cnty Env Mgmt Dept,5S,,R5-2006-0019-001,,https://ciwqs.waterboards.ca.gov/ciwqs/readOnly/CiwqsReportServlet?reportName=facilityAtAGlance&placeID=641209,310686,WDR,,,r5-2006-0019.pdf,No,6.0
212899,5A090102010,Camino Heights WWTP,El Dorado Irrigation District,5S,,R5-2012-0045,,https://ciwqs.waterboards.ca.gov/ciwqs/readOnly/CiwqsReportServlet?reportName=facilityAtAGlance&placeID=212899,385731,WDR,,,r5-2012-0045.pdf,No,1.0
239773,5A09NC00002,EID Master Reclamation Permit,El Dorado Irrigation District,5S,,5-01-146,,https://ciwqs.waterboards.ca.gov/ciwqs/readOnly/CiwqsReportServlet?reportName=facilityAtAGlance&placeID=239773,148495,WDR,,,,No,0.0
236985,5A090102012,Lift Station Equalization Pond,El Dorado Irrigation District,5S,,5-00-086,,https://ciwqs.waterboards.ca.gov/ciwqs/readOnly/CiwqsReportServlet?reportName=facilityAtAGlance&placeID=236985,147601,WDR,,,,No,0.0
227444,5A090102008,Gold Ridge Forest Unit 3,El Dorado Irrigation District,5S,,5-00-135,,https://ciwqs.waterboards.ca.gov/ciwqs/readOnly/CiwqsReportServlet?reportName=facilityAtAGlance&placeID=227444,147738,WDR,,,,No,0.0
271777,8 303652001,El Toro Water Dist WWRF,El Toro Water District,SB,,R8-2015-0023,,https://ciwqs.waterboards.ca.gov/ciwqs/readOnly/CiwqsReportServlet?reportName=facilityAtAGlance&placeID=271777,402417,WDR,,,R8-2015-0023_El_Toro_Water_District.pdf,No,2.0
271777,8 303652001,El Toro Water Dist WWRF,El Toro Water District,SB,,R8-2015-0023,,https://ciwqs.waterboards.ca.gov/ciwqs/readOnly/CiwqsReportServlet?reportName=facilityAtAGlance&placeID=271777,402417,WDR,,,R8-2019-0052_El_Toro_Water_District_WDR_Amendment_of_R8-2015-0023.pdf,No,2.0
259210,8 332122003,EVMWD Railroad Canyon WWRF,Elsinore Valley Municipal Water District,SB,,96-034,,https://ciwqs.waterboards.ca.gov/ciwqs/readOnly/CiwqsReportServlet?reportName=facilityAtAGlance&placeID=259210,140802,WDR,,,,No,0.0
259194,8 330112003,EVMWD Horsethief Canyon WWTP,Elsinore Valley Municipal Water District,8,,96-063,,https://ciwqs.waterboards.ca.gov/ciwqs/readOnly/CiwqsReportServlet?reportName=facilityAtAGlance&placeID=259194,140836,WDR,,,,No,0.0
222916,5B390101001,Escalon Treatment Plant,Escalon City,SB,,5-00-142,,https://ciwqs.waterboards.ca.gov/ciwqs/readOnly/CiwqsReportServlet?reportName=facilityAtAGlance&placeID=222916,140412,WDR,,,,No,0.0
229727,9 000000592,Hale Avenue Resource Recovery Facility (HARRF) Recycled Water,Escondido City,9,,R9-2010-0032,,https://ciwqs.waterboards.ca.gov/ciwqs/readOnly/CiwqsReportServlet?reportName=facilityAtAGlance&placeID=229727,374060,WDR,,,HARRF R9-2010-0032.pdf,No,1.0
222947,5A570108001,Esparto CSD WWTF,Esparto CSD,5S,,5-01-112,,https://ciwqs.waterboards.ca.gov/ciwqs/readOnly/CiwqsReportServlet?reportName=facilityAtAGlance&placeID=222947,148428,WDR,,,,No,0.0
894553,,Esther Formula USA,,,,,,https://ciwqs.waterboards.ca.gov/ciwqs/readOnly/CiwqsReportServlet?reportName=facilityAtAGlance&placeID=894553,,,,,,No,0.0
222998,1A82104OSIS,Etna STP,Etna City,1,,R1-2015-0026,,https://ciwqs.waterboards.ca.gov/ciwqs/readOnly/CiwqsReportServlet?reportName=facilityAtAGlance&placeID=222998,401328,WDR,,,15_0026_Etna_WDR.pdf,No,1.0
224057,9 000000257,Fairbanks Ranch WPCF,Fairbanks Ranch Community Services District,9,,R9-1993-0005,,https://ciwqs.waterboards.ca.gov/ciwqs/readOnly/CiwqsReportServlet?reportName=facilityAtAGlance&placeID=224057,,WDR,,,,No,0.0
224084,,Fairfield-Suisun Water Recycling,,,,,,https://ciwqs.waterboards.ca.gov/ciwqs/readOnly/CiwqsReportServlet?reportName=facilityAtAGlance&placeID=224084,,,,,,No,0.0
224125,5A450117001,Fall River Mills STP,Fall River Mills CSD,5R,,94-048,,https://ciwqs.waterboards.ca.gov/ciwqs/readOnly/CiwqsReportServlet?reportName=facilityAtAGlance&placeID=224125,135246,WDR,,,,No,0.0
804421,5C10NC00192,"Family Ranch, Inc.","Family Ranch, Inc.",5F,,2014-0153-DWQ,,https://ciwqs.waterboards.ca.gov/ciwqs/readOnly/CiwqsReportServlet?reportName=facilityAtAGlance&placeID=804421,395245,ENROLLEE - WDR,,,APR_27_FAMILY_RANCH_SH.pdf,No,2.0
259201,8 331058001,Farm MWC WWTP,Farm Mutual Water Company,8,,97-079,,https://ciwqs.waterboards.ca.gov/ciwqs/readOnly/CiwqsReportServlet?reportName=facilityAtAGlance&placeID=259201,141203,WDR,,,,No,0.0
273113,5D540117001,Farmersville WWTF,Farmersville City,5F,,R5-2022-0026,,https://ciwqs.waterboards.ca.gov/ciwqs/readOnly/CiwqsReportServlet?reportName=facilityAtAGlance&placeID=273113,441321,WDR,,,R5_2022-0026_WDR_Farmersville WWTF.pdf,No,4.0
224429,3 401023001,"Fiero Lane Water Company, Inc.",Fiero Lane Water Company Inc,3,,R3-2004-0154,,https://ciwqs.waterboards.ca.gov/ciwqs/readOnly/CiwqsReportServlet?reportName=facilityAtAGlance&placeID=224429,133139,WDR,,,WDR 04-0154 for Fiero Lane Water Co.pdf,No,1.0
273114,5C100103001,Firebaugh WWTF,Firebaugh City,5F,,98-230,,https://ciwqs.waterboards.ca.gov/ciwqs/readOnly/CiwqsReportServlet?reportName=facilityAtAGlance&placeID=273114,145593,WDR,,,,No,0.0
259190,8 361068001,Forest Home CC WWTP,Forest Home Christian Center,8,,86-121,,https://ciwqs.waterboards.ca.gov/ciwqs/readOnly/CiwqsReportServlet?reportName=facilityAtAGlance&placeID=259190,138488,WDR,,,,No,0.0
225072,1A81157OSIS,Fort Jones City WWTP,Fort Jones City,1,,R1-2014-0029,,https://ciwqs.waterboards.ca.gov/ciwqs/readOnly/CiwqsReportServlet?reportName=facilityAtAGlance&placeID=225072,395587,WDR,,,14_0029_FortJones_WDR.pdf,No,1.0
273170,5C240109001,Franklin WWTF,Franklin CWD,5F,,89-171,,https://ciwqs.waterboards.ca.gov/ciwqs/readOnly/CiwqsReportServlet?reportName=facilityAtAGlance&placeID=273170,144097,WDR,,,,No,0.0
225411,2 215147001,French Ranch Community WWTP,,,,97-010-DWQ,,https://ciwqs.waterboards.ca.gov/ciwqs/readOnly/CiwqsReportServlet?reportName=facilityAtAGlance&placeID=225411,,ENROLLEE - WDR,,,,No,0.0
215677,5D101129001,North Fresno WWRF,Fresno City Department of Public Utilities,5F,Minor,R5-2014-0162,,https://ciwqs.waterboards.ca.gov/ciwqs/readOnly/CiwqsReportServlet?reportName=facilityAtAGlance&placeID=215677,379405,WDR,,,r5-2014-0162.pdf,No,1.0
273115,5D100105001,Fresno Regional WWTF,Fresno City Department of Public Utilities,SB,,R5-2018-0080,,https://ciwqs.waterboards.ca.gov/ciwqs/readOnly/CiwqsReportServlet?reportName=facilityAtAGlance&placeID=273115,427699,WDR,,,Order R5-2018-0080.pdf,No,1.0
793760,5B10NC00059,Friant Ranch WWTF,Fresno County Water Works District No. 18,5F,,R5-2013-0160,,https://ciwqs.waterboards.ca.gov/ciwqs/readOnly/CiwqsReportServlet?reportName=facilityAtAGlance&placeID=793760,390074,WDR,,,FRIANT_RNCH_ADPTD_ORDER.pdf,No,2.0
240892,5B10NC00014,Mira Bella WWTF,Fresno County Waterworks District No. 18,5F,,2014-0153-DWQ,,https://ciwqs.waterboards.ca.gov/ciwqs/readOnly/CiwqsReportServlet?reportName=facilityAtAGlance&placeID=240892,445353,ENROLLEE - WDR,,,Mira Bella WWTF_NOA_2014-0153-DWQ-R5379.pdf,No,2.0
210829,5D101140001,Burger King/Texaco Leachfield,G&S Foods Inc Schneider Duo,5F,,97-010-DWQ,,https://ciwqs.waterboards.ca.gov/ciwqs/readOnly/CiwqsReportServlet?reportName=facilityAtAGlance&placeID=210829,194974,ENROLLEE - WDR,,,,No,0.0
245554,5C201031001,Oak Creek MHP WWTF,"GCP Oak Creek, LLC",5F,,97-197,,https://ciwqs.waterboards.ca.gov/ciwqs/readOnly/CiwqsReportServlet?reportName=facilityAtAGlance&placeID=245554,145212,WDR,,,,No,0.0
226719,1B83120OHUM,Garberville POTW,Garberville Sanitary District,1,,R1-2018-0033,,https://ciwqs.waterboards.ca.gov/ciwqs/readOnly/CiwqsReportServlet?reportName=facilityAtAGlance&placeID=226719,425655,WDR,,,18_0033_Garberville_WDR.pdf,No,1.0
206726,5A091007001,Auburn LK Onsite WW Disp,Georgetown Divide PUD,5S,,R5-2002-0031,,https://ciwqs.waterboards.ca.gov/ciwqs/readOnly/CiwqsReportServlet?reportName=facilityAtAGlance&placeID=206726,132086,WDR,,,,No,0.0
227080,5A520105001,Gerber STP,Gerber-Las Flores CSD,5R,,93-033,,https://ciwqs.waterboards.ca.gov/ciwqs/readOnly/CiwqsReportServlet?reportName=facilityAtAGlance&placeID=227080,134409,WDR,,,,No,0.0
256307,5D540112001,Sequoia Dawn Apartments WWTF,,,,86-067,,https://ciwqs.waterboards.ca.gov/ciwqs/readOnly/CiwqsReportServlet?reportName=facilityAtAGlance&placeID=256307,144626,WDR,,,,No,0.0
247509,2 494011001,Papas Taverna WWTP OWTS,Gilardis Resort,2,,85-137,,https://ciwqs.waterboards.ca.gov/ciwqs/readOnly/CiwqsReportServlet?reportName=facilityAtAGlance&placeID=247509,,WDR,,,,No,0.0
227425,5A091003001,Gold Beach Park,"Gold Beach Manufactured Housing Community, LLC",5S,,90-055,,https://ciwqs.waterboards.ca.gov/ciwqs/readOnly/CiwqsReportServlet?reportName=facilityAtAGlance&placeID=227425,140385,WDR,,,,No,0.0
227440,5A321021001,Gold Mountain WWTF,Gold Mountain CSD,5R,,96-263,,https://ciwqs.waterboards.ca.gov/ciwqs/readOnly/CiwqsReportServlet?reportName=facilityAtAGlance&placeID=227440,134255,WDR,,,,No,0.0
227445,5A321019001,"Gold Ridge HA, UNIT III",Gold Ridge Estates HA,5R,,93-003,,https://ciwqs.waterboards.ca.gov/ciwqs/readOnly/CiwqsReportServlet?reportName=facilityAtAGlance&placeID=227445,134400,WDR,,,,No,0.0
227503,5D151027001,Golden Hills WWTF,"Golden Hills Sanitation Co, Inc",5F,,81-122,,https://ciwqs.waterboards.ca.gov/ciwqs/readOnly/CiwqsReportServlet?reportName=facilityAtAGlance&placeID=227503,143796,WDR,,,,No,0.0
227507,5A520106001,Golden Meadows STP (sand filter),Golden Meadows CSD,5R,,95-239,,https://ciwqs.waterboards.ca.gov/ciwqs/readOnly/CiwqsReportServlet?reportName=facilityAtAGlance&placeID=227507,133845,WDR,,,,No,0.0
229051,4A190107001,Gorman WWTP,Golden Valley MWD,4,,94-087,,https://ciwqs.waterboards.ca.gov/ciwqs/readOnly/CiwqsReportServlet?reportName=facilityAtAGlance&placeID=229051,135439,WDR,,,,No,0.0
236967,5C200702001,Liberty High School WWTF,Golden Valley USD,5F,,01-090,,https://ciwqs.waterboards.ca.gov/ciwqs/readOnly/CiwqsReportServlet?reportName=facilityAtAGlance&placeID=236967,148508,WDR,,,,No,0.0
862046,2 43GWDR440668,Google Bay View Campus,,,,2014-0153-DWQ,,https://ciwqs.waterboards.ca.gov/ciwqs/readOnly/CiwqsReportServlet?reportName=facilityAtAGlance&placeID=862046,440668,ENROLLEE - WDR,,,Google Bay View Notice of Applicability Package 2022-07.pdf,No,1.0
800038,,Graeagle WWTP,,,,,,https://ciwqs.waterboards.ca.gov/ciwqs/readOnly/CiwqsReportServlet?reportName=facilityAtAGlance&placeID=800038,,,,,,No,0.0
227713,5A321011002,Graeagle Meadows Townhomes,Graeagle Meadows HA,5R,,92-135,,https://ciwqs.waterboards.ca.gov/ciwqs/readOnly/CiwqsReportServlet?reportName=facilityAtAGlance&placeID=227713,134026,WDR,,,,No,0.0
227843,5C500110001,Grayson Comm Serv Dist WTF,Grayson CSD,5S,,93-088,,https://ciwqs.waterboards.ca.gov/ciwqs/readOnly/CiwqsReportServlet?reportName=facilityAtAGlance&placeID=227843,140872,WDR,,,,No,0.0
815678,5C10NC00195,"Greek Orthodox Monestery of the Theotokos, The Life Giving Spring",Greek Orthodox Monestery of the Theotokos,5F,,2014-0153-DWQ,,https://ciwqs.waterboards.ca.gov/ciwqs/readOnly/CiwqsReportServlet?reportName=facilityAtAGlance&placeID=815678,401337,ENROLLEE - WDR,,,2014-0153-DWQ-R5184.pdf,No,2.0
227893,3 270105001,"Greenfield WWTP, City of",Greenfield City,3,,R3-2002-0062,,https://ciwqs.waterboards.ca.gov/ciwqs/readOnly/CiwqsReportServlet?reportName=facilityAtAGlance&placeID=227893,131446,WDR,,,,No,0.0
227962,1A76162OSIS,Grenada Sanitary District STP,Grenada Sanitary District,1,,87-12101,,https://ciwqs.waterboards.ca.gov/ciwqs/readOnly/CiwqsReportServlet?reportName=facilityAtAGlance&placeID=227962,137596,WDR,,,,No,0.0
216157,5A321001001,Crocker Mountain Estates STP,Grizzly Lake CSD,5R,,86-206,,https://ciwqs.waterboards.ca.gov/ciwqs/readOnly/CiwqsReportServlet?reportName=facilityAtAGlance&placeID=216157,134146,WDR,,,,No,0.0
228057,5C550100001,Groveland WWTF,Groveland CSD,5F,,87-121,,https://ciwqs.waterboards.ca.gov/ciwqs/readOnly/CiwqsReportServlet?reportName=facilityAtAGlance&placeID=228057,139891,WDR,,,,No,0.0
228104,3 420103001,Guadalupe WWTP,Guadalupe City,3,,R3-2005-0015,,https://ciwqs.waterboards.ca.gov/ciwqs/readOnly/CiwqsReportServlet?reportName=facilityAtAGlance&placeID=228104,296594,WDR,,,Revised_MRP_Guad2022_final.pdf,No,1.0
228109,1B89005RMEN,Gualala WWTF,Gualala CSD,1,,R1-2022-0004,,https://ciwqs.waterboards.ca.gov/ciwqs/readOnly/CiwqsReportServlet?reportName=facilityAtAGlance&placeID=228109,409176,WDR,,,22_0004_Gualala_CSD_WDR.pdf,No,1.0
216087,5A321020001,Creekside Subdivision,Hamilton Branch CSD,5R,,93-002,,https://ciwqs.waterboards.ca.gov/ciwqs/readOnly/CiwqsReportServlet?reportName=facilityAtAGlance&placeID=216087,134399,WDR,,,,No,0.0
229544,5A110103001,Hamilton City CSD WWTP,Hamilton City CSD,5R,,R5-1998-081,,https://ciwqs.waterboards.ca.gov/ciwqs/readOnly/CiwqsReportServlet?reportName=facilityAtAGlance&placeID=229544,146737,WDR,,,,No,0.0
273118,5D160103001,Hanford WWTF,Hanford City,SB,,5-01-153,,https://ciwqs.waterboards.ca.gov/ciwqs/readOnly/CiwqsReportServlet?reportName=facilityAtAGlance&placeID=273118,148388,WDR,,,,No,0.0
236336,5D541020001,Lakeside Trailer Park,"Hannegan, Joe & Brad",5F,,99-106,,https://ciwqs.waterboards.ca.gov/ciwqs/readOnly/CiwqsReportServlet?reportName=facilityAtAGlance&placeID=236336,146005,WDR,,,,No,0.0
229643,1A75211OSIS,Happy Camp WWTP,Happy Camp Sanitation District,1,,R1-2022-0011,,https://ciwqs.waterboards.ca.gov/ciwqs/readOnly/CiwqsReportServlet?reportName=facilityAtAGlance&placeID=229643,448229,WDR,,,22_0011_HappyCamp_WDR.pdf,No,1.0
224179,5D101042002,Harris Farms Farm Labor Housing Facility,"Harris Farms, Inc.",5F,,82-016,,https://ciwqs.waterboards.ca.gov/ciwqs/readOnly/CiwqsReportServlet?reportName=facilityAtAGlance&placeID=224179,143801,WDR,,,,No,0.0
246381,5D541048001,Hartland Christian OWTS,Hartland Christian Association,5F,,94-021,,https://ciwqs.waterboards.ca.gov/ciwqs/readOnly/CiwqsReportServlet?reportName=facilityAtAGlance&placeID=246381,145136,WDR,,,,No,0.0
230011,6B361111001,Helendale Silverlakes STP,Helendale CSD,SB,,R6V-2018-0015,,https://ciwqs.waterboards.ca.gov/ciwqs/readOnly/CiwqsReportServlet?reportName=facilityAtAGlance&placeID=230011,403017,WDR,,,R6V-2018-0015 Helendale CSD_Silver Lakes WWTP_6B361111001.pdf,No,3.0
230118,1B88069RMEN,Heritage House,Heritage House LP,1,,98-122,,https://ciwqs.waterboards.ca.gov/ciwqs/readOnly/CiwqsReportServlet?reportName=facilityAtAGlance&placeID=230118,139889,WDR,,,,No,0.0
230784,6A180208004,Herlong Public Utility District WWTF,Herlong PUD,6T,,R6T-2016-0036,,https://ciwqs.waterboards.ca.gov/ciwqs/readOnly/CiwqsReportServlet?reportName=facilityAtAGlance&placeID=230784,406917,WDR,,,r6t-2016-0036_herlong.pdf,No,3.0
230181,,Hess Winery WWTP Pond System,,,,,,https://ciwqs.waterboards.ca.gov/ciwqs/readOnly/CiwqsReportServlet?reportName=facilityAtAGlance&placeID=230181,,,,,,No,0.0
806008,7A360122001,Hi-Desert WD Reclamation Facility,Hi Desert Water Dist,7,,R7-2022-0014,,https://ciwqs.waterboards.ca.gov/ciwqs/readOnly/CiwqsReportServlet?reportName=facilityAtAGlance&placeID=806008,448565,WDR,,,R7-2022-0014.pdf,No,1.0
230282,5A171034001,Hidden Valley Lake WRF,Hidden Valley Lake CSD,5S,,5-00-019,,https://ciwqs.waterboards.ca.gov/ciwqs/readOnly/CiwqsReportServlet?reportName=facilityAtAGlance&placeID=230282,147692,WDR,,,,No,0.0
273141,5C240104002,Hilmar CWD WWTF,Hilmar CWD,5F,,99-077,,https://ciwqs.waterboards.ca.gov/ciwqs/readOnly/CiwqsReportServlet?reportName=facilityAtAGlance&placeID=273141,145993,WDR,,,,No,0.0
230429,6B140109001,Hilton Creek CSD Package STP,Hilton Creek CSD,6V,,04-018,,https://ciwqs.waterboards.ca.gov/ciwqs/readOnly/CiwqsReportServlet?reportName=facilityAtAGlance&placeID=230429,133595,WDR,,,6-04-18 Revised WDR hilton Creek COmmunity Services District.pdf,No,3.0
239190,5A171038001,Hoberg's Resort,Hoberg's Historical Association,5S,,R5-2004-0085,,https://ciwqs.waterboards.ca.gov/ciwqs/readOnly/CiwqsReportServlet?reportName=facilityAtAGlance&placeID=239190,132995,WDR,,,r5-2004-0085.pdf,No,4.0
230555,3 350100001,Hollister Domestic WWTP,,,,R3-2008-0069,,https://ciwqs.waterboards.ca.gov/ciwqs/readOnly/CiwqsReportServlet?reportName=facilityAtAGlance&placeID=230555,359247,WDR,,,MRR_signed.pdf,No,2.0
230693,1B80154OMEN,Hopland Public Utilities District,Hopland Public Utility District,1,,R1-2023-0013,,https://ciwqs.waterboards.ca.gov/ciwqs/readOnly/CiwqsReportServlet?reportName=facilityAtAGlance&placeID=230693,454064,WDR,,,23_0013_Hopland PUD WWTF_WDR_EO Signed.pdf,No,1.0
240362,5C240114001,Housing Authority Cnty of Merced - Los Banos,Housing Authority Cnty of Merced,5F,,79-116,,https://ciwqs.waterboards.ca.gov/ciwqs/readOnly/CiwqsReportServlet?reportName=facilityAtAGlance&placeID=240362,144930,WDR,,,,No,0.0
244529,5C201016001,North Fork Mill Housing Facility,"Hovannisian, John",5F,,90-051,,https://ciwqs.waterboards.ca.gov/ciwqs/readOnly/CiwqsReportServlet?reportName=facilityAtAGlance&placeID=244529,144378,WDR,,,,No,0.0
230812,5C500101002,Hughson WWTF,Hughson City,SB,,R5-2012-0003,,https://ciwqs.waterboards.ca.gov/ciwqs/readOnly/CiwqsReportServlet?reportName=facilityAtAGlance&placeID=230812,383599,WDR,,,r5-2012-0003.pdf,No,1.0
230825,,Humane Society of Sonoma County,,,,,,https://ciwqs.waterboards.ca.gov/ciwqs/readOnly/CiwqsReportServlet?reportName=facilityAtAGlance&placeID=230825,,,,,,No,0.0
273148,5D101112001,Hume Lake WWTF,Hume Lake Chistian Camps,5F,,R5-2012-0125,,https://ciwqs.waterboards.ca.gov/ciwqs/readOnly/CiwqsReportServlet?reportName=facilityAtAGlance&placeID=273148,374230,WDR,,,r5-2012-0125.pdf,No,4.0
230914,5C101005001,Huntington Pines Mutual Water Company,Huntington Pines Mutual Water Company,5F,,86-133,,https://ciwqs.waterboards.ca.gov/ciwqs/readOnly/CiwqsReportServlet?reportName=facilityAtAGlance&placeID=230914,144647,WDR,,,,No,0.0
273119,5D100107001,Huron WWTF,Huron City,SB,,R5-2014-0163,,https://ciwqs.waterboards.ca.gov/ciwqs/readOnly/CiwqsReportServlet?reportName=facilityAtAGlance&placeID=273119,328068,WDR,,,r5-2014-0163.pdf,No,1.0
232098,5D101032002,I-5 & Panoche Road WWTF,I-5 Property Services Inc,5F,,95-122,,https://ciwqs.waterboards.ca.gov/ciwqs/readOnly/CiwqsReportServlet?reportName=facilityAtAGlance&placeID=232098,145332,WDR,,,,No,0.0
259155,8 330105001,Idyllwild WD WWTP,Idyllwild Water District,8,,R8-2015-0028,,https://ciwqs.waterboards.ca.gov/ciwqs/readOnly/CiwqsReportServlet?reportName=facilityAtAGlance&placeID=259155,402423,WDR,,,R8-2015-0028_Idyllwild_Water_District_WDR.pdf,No,1.0
248787,7A131006001,Poe Colonia (Cady Subdivision),Imperial Cnty Dept Community & Economic Dev,7,,R7-2023-0015,,https://ciwqs.waterboards.ca.gov/ciwqs/readOnly/CiwqsReportServlet?reportName=facilityAtAGlance&placeID=248787,453495,WDR,,,R7-2023-0015.pdf,No,1.0
227918,5A320101001,Greenville Wastewater Ponds,Indian Valley CSD,5R,,99-046,,https://ciwqs.waterboards.ca.gov/ciwqs/readOnly/CiwqsReportServlet?reportName=facilityAtAGlance&placeID=227918,134091,WDR,,,,No,0.0
262987,5A320104007,Taylorsville STP,Indian Valley CSD,5R,,95-162,,https://ciwqs.waterboards.ca.gov/ciwqs/readOnly/CiwqsReportServlet?reportName=facilityAtAGlance&placeID=262987,,WDR,,,,No,0.0
232151,2 215117001,Institute Noetic Science WWTP Mound System,Institute of Noetic Sciences,2,,90-128,,https://ciwqs.waterboards.ca.gov/ciwqs/readOnly/CiwqsReportServlet?reportName=facilityAtAGlance&placeID=232151,,WDR,,,,No,0.0
232625,6B150104001,Inyokern CSD WTF,Inyokern CSD,6V,,93-077,,https://ciwqs.waterboards.ca.gov/ciwqs/readOnly/CiwqsReportServlet?reportName=facilityAtAGlance&placeID=232625,146191,WDR,,,,No,0.0
214640,5B030102001,Ione WWTF,Jackson Rancheria Development Corporation,5S,,R5-2013-0022,,https://ciwqs.waterboards.ca.gov/ciwqs/readOnly/CiwqsReportServlet?reportName=facilityAtAGlance&placeID=214640,368758,WDR,,,r5-2013-0022.pdf,No,3.0
232641,1B80023OMEN,"Irish Beach Subdivision Units 1,2,3,4",Irish Beach Water District,1,,93-01001,,https://ciwqs.waterboards.ca.gov/ciwqs/readOnly/CiwqsReportServlet?reportName=facilityAtAGlance&placeID=232641,137959,WDR,,,,No,0.0
232721,5B340103001,Isleton WWTP,Isleton City,5S,,90-186,,https://ciwqs.waterboards.ca.gov/ciwqs/readOnly/CiwqsReportServlet?reportName=facilityAtAGlance&placeID=232721,140685,WDR,,,,No,0.0
273172,5D540104001,Ivanhoe WWTF,Ivanhoe PUD,5F,,98-090,,https://ciwqs.waterboards.ca.gov/ciwqs/readOnly/CiwqsReportServlet?reportName=facilityAtAGlance&placeID=273172,145507,WDR,,,,No,0.0
805724,1A14143RSIS,JH Ranch,JH Ranch,1,,R1-2016-0013,,https://ciwqs.waterboards.ca.gov/ciwqs/readOnly/CiwqsReportServlet?reportName=facilityAtAGlance&placeID=805724,395792,WDR,,,16_0013_JHRanch_WDR.pdf,No,1.0
248242,5A04NC00003,Pheasant Landing III HA WWTP,James Barger,5R,,01-277,,https://ciwqs.waterboards.ca.gov/ciwqs/readOnly/CiwqsReportServlet?reportName=facilityAtAGlance&placeID=248242,131176,WDR,,,,No,0.0
233460,5C550101001,Jamestown Sanitary District Wastewater Treatment Facilities,Jamestown SD,5F,,R5-2021-0046,,https://ciwqs.waterboards.ca.gov/ciwqs/readOnly/CiwqsReportServlet?reportName=facilityAtAGlance&placeID=233460,429663,WDR,,,Jamestown WDRs r5_2021_0046.pdf,No,3.0
770632,1B08077RSON,Jordan Winery Onsite Wastewater Treatment System (Domestic Waste),,,,97-010-DWQ,,https://ciwqs.waterboards.ca.gov/ciwqs/readOnly/CiwqsReportServlet?reportName=facilityAtAGlance&placeID=770632,,ENROLLEE - WDR,,,,No,0.0
234123,6B260101002,June Lake PUD STP,June Lake PUD,SB,,93-019,,https://ciwqs.waterboards.ca.gov/ciwqs/readOnly/CiwqsReportServlet?reportName=facilityAtAGlance&placeID=234123,146152,WDR,,,,No,0.0
736188,5A170101001,Lake Cnty SD Kelseyville WWD No. 3 Kelseyville WWTF,"Kelseyville Cnty Waterworks, District 3",5S,,R5-2009-0023,,https://ciwqs.waterboards.ca.gov/ciwqs/readOnly/CiwqsReportServlet?reportName=facilityAtAGlance&placeID=736188,363816,WDR,,,R5-2009-0023.pdf,No,2.0
771804,1B08022RSON,Kendall-Jackson Wine Center Domestic Waste,,,,97-010-DWQ,,https://ciwqs.waterboards.ca.gov/ciwqs/readOnly/CiwqsReportServlet?reportName=facilityAtAGlance&placeID=771804,349721,ENROLLEE - WDR,,,120411_RSP_KJWineCenter_GenEnroll_12_0057_MRP_tmk.pdf,No,1.0
234841,5D100108001,Kerman WWTF,Kerman City,SB,,R5-2007-0115,,https://ciwqs.waterboards.ca.gov/ciwqs/readOnly/CiwqsReportServlet?reportName=facilityAtAGlance&placeID=234841,331380,WDR,,,Kerman WWTF R5-2007-0115.pdf,No,1.0
234854,5D150103001,Kern Co CSA 40-Pine Mountain Club,Kern Cnty Eng & Surveying Services Dept,5F,,75-235,,https://ciwqs.waterboards.ca.gov/ciwqs/readOnly/CiwqsReportServlet?reportName=facilityAtAGlance&placeID=234854,143942,WDR,,,,No,0.0
244567,5D150111001,North Shafter Farm Labor Camp,Kern Cnty Housing Authority,5F,,00-049,,https://ciwqs.waterboards.ca.gov/ciwqs/readOnly/CiwqsReportServlet?reportName=facilityAtAGlance&placeID=244567,147812,WDR,,,,No,0.0
256772,5D150106001,Kern Cnty Sheriff's Lerdo WWTF,Kern County Public Works Department,5F,,R5-2018-0014,,https://ciwqs.waterboards.ca.gov/ciwqs/readOnly/CiwqsReportServlet?reportName=facilityAtAGlance&placeID=256772,408399,WDR,,,r5-2018-0014.pdf,No,1.0
252277,5D150303029,Kern Cnty CSA 39.8-Reeder Tract,Kern County Public Works Department,5F,,88-096,,https://ciwqs.waterboards.ca.gov/ciwqs/readOnly/CiwqsReportServlet?reportName=facilityAtAGlance&placeID=252277,144015,WDR,,,,No,0.0
273142,5D150105001,Kern Sanitation Authority WWTF,Kern Sanitation Authority,SB,,91-155,,https://ciwqs.waterboards.ca.gov/ciwqs/readOnly/CiwqsReportServlet?reportName=facilityAtAGlance&placeID=273142,144791,WDR,,,,No,0.0
234913,5D151163001,Kern Valley Healthcare District WWTF,Kern Valley Healthcare District,5F,,R5-00-037,,https://ciwqs.waterboards.ca.gov/ciwqs/readOnly/CiwqsReportServlet?reportName=facilityAtAGlance&placeID=234913,148782,WDR,,,,No,0.0
273173,5D160109001,Kettleman City WWTF,Kettleman City CSD,5F,,79-143,,https://ciwqs.waterboards.ca.gov/ciwqs/readOnly/CiwqsReportServlet?reportName=facilityAtAGlance&placeID=273173,144931,WDR,,,,No,0.0
235021,3 270106001,King City Domestic WWTF,King City,3,,91-005,,https://ciwqs.waterboards.ca.gov/ciwqs/readOnly/CiwqsReportServlet?reportName=facilityAtAGlance&placeID=235021,144671,WDR,,,,No,0.0
719232,5C54NC00297,Kings River UESD OWTS,,,,97-010-DWQ,,https://ciwqs.waterboards.ca.gov/ciwqs/readOnly/CiwqsReportServlet?reportName=facilityAtAGlance&placeID=719232,346646,ENROLLEE - WDR,,,KINGS RIVER UESD OWTS NOA.pdf,No,1.0
235068,5A291025001,Kingsbury Greens CSD WWTP,Kingsbury Greens CSD,5S,,95-238,,https://ciwqs.waterboards.ca.gov/ciwqs/readOnly/CiwqsReportServlet?reportName=facilityAtAGlance&placeID=235068,145906,WDR,,,,No,0.0
235088,5B020101002,Kirkwood Meadows WWTF,Kirkwood Meadows PUD,5S,,R5-2007-0125,,https://ciwqs.waterboards.ca.gov/ciwqs/readOnly/CiwqsReportServlet?reportName=facilityAtAGlance&placeID=235088,333494,WDR,,,R5-2007-0125-wdr.pdf,No,1.0
235102,1A84118ODN,Klamath CSD STP (Del Norte Community Development),Klamath CSD Del Norte Community Development,1,,84-118,,https://ciwqs.waterboards.ca.gov/ciwqs/readOnly/CiwqsReportServlet?reportName=facilityAtAGlance&placeID=235102,137522,WDR,,,,No,0.0
855819,1B190006RSON,Knights Bridge Winery - Domestic,,,,2014-0153-DWQ,,https://ciwqs.waterboards.ca.gov/ciwqs/readOnly/CiwqsReportServlet?reportName=facilityAtAGlance&placeID=855819,428577,ENROLLEE - WDR,,,,No,2.0
235144,5A570101001,Knights Landing CSD WWTP,Knights Landing Service Dist,5S,,R5-2007-0149,,https://ciwqs.waterboards.ca.gov/ciwqs/readOnly/CiwqsReportServlet?reportName=facilityAtAGlance&placeID=235144,340006,WDR,,,R5-2007-0149.pdf,No,1.0
236222,5D151091001,Lake Isabella WWTF,"LIWW, LLC",5F,,84-149,,https://ciwqs.waterboards.ca.gov/ciwqs/readOnly/CiwqsReportServlet?reportName=facilityAtAGlance&placeID=236222,144117,WDR,,,,No,0.0
893349,,LPC Arrowhead Area 1 LP OWTS,,,,,,https://ciwqs.waterboards.ca.gov/ciwqs/readOnly/CiwqsReportServlet?reportName=facilityAtAGlance&placeID=893349,,,,,,No,0.0
236124,3 420104001,Laguna County Sanitation District Reclamation Plant,Laguna County Sanitation District,3,,R3-2011-0217,,https://ciwqs.waterboards.ca.gov/ciwqs/readOnly/CiwqsReportServlet?reportName=facilityAtAGlance&placeID=236124,383007,WDR,,,Laguna SD wdr_with_mrp_2011-0217.pdf,No,1.0
237867,,Lagunitas School WWTP,,,,,,https://ciwqs.waterboards.ca.gov/ciwqs/readOnly/CiwqsReportServlet?reportName=facilityAtAGlance&placeID=237867,,,,,,No,0.0
205205,5A320121001,Almanor Lakeside Villas WWTF,Lake Almanor Lakeside LLC,5R,,5-00-014,,https://ciwqs.waterboards.ca.gov/ciwqs/readOnly/CiwqsReportServlet?reportName=facilityAtAGlance&placeID=205205,147220,WDR,,,,No,0.0
236181,6B360107001,Lake Arrowhead CSD WTFS,Lake Arrowhead Community Services District,SB,,R6V-2009-0037,,https://ciwqs.waterboards.ca.gov/ciwqs/readOnly/CiwqsReportServlet?reportName=facilityAtAGlance&placeID=236181,367835,WDR,,,R6V-2009-0037 Lake Arrowhead Community Services District.pdf.pdf,No,3.0
236192,2 438090001,Lake Canyon Community WWTP,Lake Canyon Community Service District CSD,2,,94-143,,https://ciwqs.waterboards.ca.gov/ciwqs/readOnly/CiwqsReportServlet?reportName=facilityAtAGlance&placeID=236192,,WDR,,,,No,0.0
257927,5A170102002,Southeast Regional WW System,Lake Cnty,SB,,96-166,,https://ciwqs.waterboards.ca.gov/ciwqs/readOnly/CiwqsReportServlet?reportName=facilityAtAGlance&placeID=257927,146234,WDR,,,,No,0.0
244785,5A170104001,NW Regional Waste Disp Fac,Lake Cnty,5S,,5-01-111,,https://ciwqs.waterboards.ca.gov/ciwqs/readOnly/CiwqsReportServlet?reportName=facilityAtAGlance&placeID=244785,148172,WDR,,,,No,0.0
240655,5A170111001,Middletown STP (SD 2-2),Lake Cnty,5S,,97-249,,https://ciwqs.waterboards.ca.gov/ciwqs/readOnly/CiwqsReportServlet?reportName=facilityAtAGlance&placeID=240655,146902,WDR,,,,No,0.0
229466,5C552007001,Hacienda WWTP,Lake Don Pedro Homeowners Association,5F,,85-325,,https://ciwqs.waterboards.ca.gov/ciwqs/readOnly/CiwqsReportServlet?reportName=facilityAtAGlance&placeID=229466,139798,WDR,,,,No,0.0
259157,8 330139001,Lake Hemet MWD WWTP,Lake Hemet Municipal Water District,8,,98-084,,https://ciwqs.waterboards.ca.gov/ciwqs/readOnly/CiwqsReportServlet?reportName=facilityAtAGlance&placeID=259157,144348,WDR,,,,No,0.0
236258,1A79010OSIS,Lake Shastina CSD STP,Lake Shastina CSD,1,,R1-2012-0029,,https://ciwqs.waterboards.ca.gov/ciwqs/readOnly/CiwqsReportServlet?reportName=facilityAtAGlance&placeID=236258,371554,WDR,,,12_0029_WDR_LakeShastina_KVG_120618.pdf,No,1.0
241869,5A170103001,Lakeport City WWTP,Lakeport City Municipal Sewer District,5S,,R5-2012-0025,,https://ciwqs.waterboards.ca.gov/ciwqs/readOnly/CiwqsReportServlet?reportName=facilityAtAGlance&placeID=241869,368729,WDR,,,r5-2012-0025.pdf,No,1.0
236309,5A321023001,Lakeshore Resort at Bucks Lake,Lakeshore Resort  Ltd,5R,,5-00-015,,https://ciwqs.waterboards.ca.gov/ciwqs/readOnly/CiwqsReportServlet?reportName=facilityAtAGlance&placeID=236309,147221,WDR,,,,No,0.0
273174,5D150108001,Lamont WWTF,Lamont PUD,5F,,R5-2022-0059,,https://ciwqs.waterboards.ca.gov/ciwqs/readOnly/CiwqsReportServlet?reportName=facilityAtAGlance&placeID=273174,449789,WDR,,,R5-2022-0059_Lamont WWTF_WDR.pdf,No,2.0
236596,,LAS GALLINAS Recycled Water- Pasture Irrigation,,,,,,https://ciwqs.waterboards.ca.gov/ciwqs/readOnly/CiwqsReportServlet?reportName=facilityAtAGlance&placeID=236596,,,,,,No,0.0
236597,2 21GWDR450979,Las Gallinas Sludge App,,,,2004-0012-DWQ,,https://ciwqs.waterboards.ca.gov/ciwqs/readOnly/CiwqsReportServlet?reportName=facilityAtAGlance&placeID=236597,450979,ENROLLEE - WDR,,,LGVSD Notice of Applicability Package.pdf,No,2.0
253766,,Rancho Las Virgenes Farm,,,,,,https://ciwqs.waterboards.ca.gov/ciwqs/readOnly/CiwqsReportServlet?reportName=facilityAtAGlance&placeID=253766,,,,,,No,0.0
209473,5A180100001,Bieber STP,Lassen Co Waterworks Dist #1,5R,,93-071,,https://ciwqs.waterboards.ca.gov/ciwqs/readOnly/CiwqsReportServlet?reportName=facilityAtAGlance&placeID=209473,134416,WDR,,,,No,0.0
273175,5D100123001,Laton WWTF,Laton CSD,5F,,R5-2016-0079,,https://ciwqs.waterboards.ca.gov/ciwqs/readOnly/CiwqsReportServlet?reportName=facilityAtAGlance&placeID=273175,409899,WDR,,,r5-2016-0079.pdf,No,1.0
273176,5C240105001,Le Grand WWTF,Le Grand CSD,5F,,97-053,,https://ciwqs.waterboards.ca.gov/ciwqs/readOnly/CiwqsReportServlet?reportName=facilityAtAGlance&placeID=273176,146277,WDR,,,,No,0.0
236765,6A180004501,Leavitt Lake Sewage Treatment Ponds,Leavitt Lake CSD,6T,,96-018,,https://ciwqs.waterboards.ca.gov/ciwqs/readOnly/CiwqsReportServlet?reportName=facilityAtAGlance&placeID=236765,145366,WDR,,,,No,0.0
236786,6B260102001,Lee Vining WTF,Lee Vining PUD,6V,,84-090,,https://ciwqs.waterboards.ca.gov/ciwqs/readOnly/CiwqsReportServlet?reportName=facilityAtAGlance&placeID=236786,145756,WDR,,,,No,0.0
236838,5C550111001,Leland Meadow WWTP,Leland Meadow Water District,5F,,94-358,,https://ciwqs.waterboards.ca.gov/ciwqs/readOnly/CiwqsReportServlet?reportName=facilityAtAGlance&placeID=236838,141278,WDR,,,,No,0.0
273177,5D540118001,Lemon Cove WWTF,Lemon Cove Sanitary District,5F,,94-348,,https://ciwqs.waterboards.ca.gov/ciwqs/readOnly/CiwqsReportServlet?reportName=facilityAtAGlance&placeID=273177,145015,WDR,,,,No,0.0
273120,5D165009001,Lemoore WWTF,Lemoore City,5F,,R5-2024-0007,,https://ciwqs.waterboards.ca.gov/ciwqs/readOnly/CiwqsReportServlet?reportName=facilityAtAGlance&placeID=273120,456233,WDR,,,R5-2024-0007_Leprino Foods_WDRs.pdf,No,2.0
226637,9 000000206,Gafner Water Reclamation Facility,Leucadia Wastewater District,9,,R9-2004-0223,,https://ciwqs.waterboards.ca.gov/ciwqs/readOnly/CiwqsReportServlet?reportName=facilityAtAGlance&placeID=226637,132715,WDR,,,R9-2004-0223 .pdf,No,1.0
236926,5A58NC00005,Lewis Carroll School,,,,97-010-DWQ,,https://ciwqs.waterboards.ca.gov/ciwqs/readOnly/CiwqsReportServlet?reportName=facilityAtAGlance&placeID=236926,194678,ENROLLEE - WDR,,,,No,0.0
236941,1A83052OTRI,"Lewiston CSD WWTP, POTW",Lewiston Community Services District,1,,R1-2020-0024,,https://ciwqs.waterboards.ca.gov/ciwqs/readOnly/CiwqsReportServlet?reportName=facilityAtAGlance&placeID=236941,439593,WDR,,,20_0024_LewistonCSD_WDR.pdf,No,1.0
238315,4A565014002,Limoneira WWTP,Limoneira Co,4,,R4-2014-0040,,https://ciwqs.waterboards.ca.gov/ciwqs/readOnly/CiwqsReportServlet?reportName=facilityAtAGlance&placeID=238315,395742,WDR,,,5322_R4-2014-0040_WDR_PKG.pdf,No,1.0
237069,5B390111001,Linden Co Water Dist WWTF,Linden Cnty Water District,5S,,89-177,,https://ciwqs.waterboards.ca.gov/ciwqs/readOnly/CiwqsReportServlet?reportName=facilityAtAGlance&placeID=237069,141384,WDR,,,,No,0.0
273121,5D540105001,Lindsay WWTF,Lindsay City,SB,,98-195,,https://ciwqs.waterboards.ca.gov/ciwqs/readOnly/CiwqsReportServlet?reportName=facilityAtAGlance&placeID=273121,145554,WDR,,,,No,0.0
237123,3 431018001,Lion's Gate Reserve,Lion's Gate CSD,3,,R3-2010-0010,,https://ciwqs.waterboards.ca.gov/ciwqs/readOnly/CiwqsReportServlet?reportName=facilityAtAGlance&placeID=237123,376175,WDR,,,WDR & WRR R3-2010-0010 Lions Gate Golf Partners.pdf,No,1.0
237149,3 270116001,Little Bear WWTP,Little Bear Water Company Inc,3,,86-026,,https://ciwqs.waterboards.ca.gov/ciwqs/readOnly/CiwqsReportServlet?reportName=facilityAtAGlance&placeID=237149,143454,WDR,,,,No,0.0
220469,5C240106002,Livingston Domestic WWTF,Livingston City,SB,,R5-2014-0147,,https://ciwqs.waterboards.ca.gov/ciwqs/readOnly/CiwqsReportServlet?reportName=facilityAtAGlance&placeID=220469,331392,WDR,,,WDRs R5_2014_0147.pdf,No,3.0
237252,5B390102002,Lockeford CSD WWTP,Lockeford CSD,5S,,R5-2007-0179,,https://ciwqs.waterboards.ca.gov/ciwqs/readOnly/CiwqsReportServlet?reportName=facilityAtAGlance&placeID=237252,340054,WDR,,,R5-2007-0179.pdf,No,1.0
273178,5D540119001,London WWTF,London CSD,5F,,R5-2017-0109,,https://ciwqs.waterboards.ca.gov/ciwqs/readOnly/CiwqsReportServlet?reportName=facilityAtAGlance&placeID=273178,330555,WDR,,,,No,0.0
237325,6B140104001,Lone Pine WWTF,Lone Pine CSD,6V,,95-036,,https://ciwqs.waterboards.ca.gov/ciwqs/readOnly/CiwqsReportServlet?reportName=facilityAtAGlance&placeID=237325,146806,WDR,,,,No,0.0
237395,3 420118001,Los Alamos WWTP,Los Alamos CSD,3,,R3-2005-0133,,https://ciwqs.waterboards.ca.gov/ciwqs/readOnly/CiwqsReportServlet?reportName=facilityAtAGlance&placeID=237395,296613,WDR,,,Los Alamos OrderNo R3-2005-0133.pdf,No,1.0
888692,4B190106006,Hyperion Advanced Water Purification Facility,Los Angeles City Bureau of Sanitation,4,,R4-2023-0357,,https://ciwqs.waterboards.ca.gov/ciwqs/readOnly/CiwqsReportServlet?reportName=facilityAtAGlance&placeID=888692,452952,WDR,,,10735_R4-2023-0357_WDR.pdf,No,2.0
237922,4B190134001,Lake Hughes Community WWTF,Los Angeles Cnty DPW Sewer Maintenance Div,4,,95-045,,https://ciwqs.waterboards.ca.gov/ciwqs/readOnly/CiwqsReportServlet?reportName=facilityAtAGlance&placeID=237922,136251,WDR,,,,No,0.0
268548,4B190107004,Trancas WPCP,Los Angeles Cnty DPW Sewer Maintenance Div,4,,R4-2023-0294,,https://ciwqs.waterboards.ca.gov/ciwqs/readOnly/CiwqsReportServlet?reportName=facilityAtAGlance&placeID=268548,452463,WDR,,,3017_Attachments.pdf,No,3.0
268548,4B190107004,Trancas WPCP,Los Angeles Cnty DPW Sewer Maintenance Div,4,,R4-2023-0294,,https://ciwqs.waterboards.ca.gov/ciwqs/readOnly/CiwqsReportServlet?reportName=facilityAtAGlance&placeID=268548,452463,WDR,,,3017_R4-2023-0294.pdf,No,3.0
242186,4B190107003,Malibu WPCP,Los Angeles Cnty DPW Sewer Maintenance Div,4,,98-088,,https://ciwqs.waterboards.ca.gov/ciwqs/readOnly/CiwqsReportServlet?reportName=facilityAtAGlance&placeID=242186,136537,WDR,,,,No,0.0
242706,4A190107076,Mendenhall-Munz Boys Camp WWTP,Los Angeles Cnty Probation Dept,4,,94-101,,https://ciwqs.waterboards.ca.gov/ciwqs/readOnly/CiwqsReportServlet?reportName=facilityAtAGlance&placeID=242706,135471,WDR,,,,No,0.0
236378,6B190107017,Lancaster Water Reclamation Plant,Los Angeles Cnty Sanitation District 14,6V,,R6V-2022-0023,,https://ciwqs.waterboards.ca.gov/ciwqs/readOnly/CiwqsReportServlet?reportName=facilityAtAGlance&placeID=236378,449006,WDR,,,r6v-2022-0023-lacsd-rev-wdr.pdf,No,1.0
247448,6B190107069,Palmdale Water Reclamation Plant,Los Angeles Cnty Sanitation District 20,SB,,R6V-2011-0012,,https://ciwqs.waterboards.ca.gov/ciwqs/readOnly/CiwqsReportServlet?reportName=facilityAtAGlance&placeID=247448,382094,WDR,,,R6V-2011-0012 LACSD Palmdale No. 20 WDR and MRP.Final.pdf,No,3.0
237748,,La Canada WWRP,,,,,,https://ciwqs.waterboards.ca.gov/ciwqs/readOnly/CiwqsReportServlet?reportName=facilityAtAGlance&placeID=237748,,,,,,No,0.0
273122,5C240107001,Los Banos WWTF,Los Banos City,5F,,R5-2021-0026,,https://ciwqs.waterboards.ca.gov/ciwqs/readOnly/CiwqsReportServlet?reportName=facilityAtAGlance&placeID=273122,443394,WDR,,,r5_2021_0026.pdf,No,2.0
255393,5C241001001,Oasis West RV Park,,,,73-053,,https://ciwqs.waterboards.ca.gov/ciwqs/readOnly/CiwqsReportServlet?reportName=facilityAtAGlance&placeID=255393,143431,WDR,,,,No,0.0
272758,5A171018001,Windflower Point STP,Los Brez Park Mutual Water Company,5S,,5-00-026,,https://ciwqs.waterboards.ca.gov/ciwqs/readOnly/CiwqsReportServlet?reportName=facilityAtAGlance&placeID=272758,146132,WDR,,,,No,0.0
273179,5D150114001,Lost Hills WWTF,Lost Hills Utility District,5F,,87-113,,https://ciwqs.waterboards.ca.gov/ciwqs/readOnly/CiwqsReportServlet?reportName=facilityAtAGlance&placeID=273179,145172,WDR,,,,No,0.0
214650,5A460100001,City of Loyalton and Grandi Ranch WWTF,Loyalton City,5S,,R5-2009-0108,,https://ciwqs.waterboards.ca.gov/ciwqs/readOnly/CiwqsReportServlet?reportName=facilityAtAGlance&placeID=214650,368906,WDR,,,R5-2009-0108.pdf,No,2.0
255136,1B01139RSON,Lytton Rancheria Lytton Springs Facility,,,,97-010-DWQ,,https://ciwqs.waterboards.ca.gov/ciwqs/readOnly/CiwqsReportServlet?reportName=facilityAtAGlance&placeID=255136,179173,ENROLLEE - WDR,,,,No,2.0
709408,2 215166001,Marshall Community WWTP,,,,2014-0153-DWQ,,https://ciwqs.waterboards.ca.gov/ciwqs/readOnly/CiwqsReportServlet?reportName=facilityAtAGlance&placeID=709408,,ENROLLEE - WDR,,,,No,0.0
274498,5C551018001,Yosemite Lakes Campground,MHC NAC LP,5F,,5-00-054,,https://ciwqs.waterboards.ca.gov/ciwqs/readOnly/CiwqsReportServlet?reportName=facilityAtAGlance&placeID=274498,147703,WDR,,,,No,0.0
259219,8 332125001,Thousand Trails RV Park - Idyllwild,MHC NAC LP,8,,98-085,,https://ciwqs.waterboards.ca.gov/ciwqs/readOnly/CiwqsReportServlet?reportName=facilityAtAGlance&placeID=259219,144349,WDR,,,,No,0.0
259218,8 332199001,Wilderness Lakes WWTP,MHC NAC LP,8,,R8-2009-0046,,https://ciwqs.waterboards.ca.gov/ciwqs/readOnly/CiwqsReportServlet?reportName=facilityAtAGlance&placeID=259218,372320,WDR,,,"09-0046 MHC NAC, Inc, Wilderness Lakes RV Park WWTF.pdf",No,1.0
220454,,DOMESTIC WASTEWATER T&DFs,,,,,,https://ciwqs.waterboards.ca.gov/ciwqs/readOnly/CiwqsReportServlet?reportName=facilityAtAGlance&placeID=220454,,,,,,No,0.0
273123,5C200101001,Madera WWTF,Madera City,5F,,R5-2022-0074,,https://ciwqs.waterboards.ca.gov/ciwqs/readOnly/CiwqsReportServlet?reportName=facilityAtAGlance&placeID=273123,431269,WDR,,,R5-2022-0074_Madera WWTF_WDR.pdf,No,2.0
201067,5C200102005,Madera Cnty #19-Parkwood WWTF,,,,85-109,,https://ciwqs.waterboards.ca.gov/ciwqs/readOnly/CiwqsReportServlet?reportName=facilityAtAGlance&placeID=201067,144166,WDR,,,,No,0.0
214483,5C200103001,Madera Cnty #14-Chukchansi WWTF,Madera County Public Works Department - Special Districts,5F,,85-025,,https://ciwqs.waterboards.ca.gov/ciwqs/readOnly/CiwqsReportServlet?reportName=facilityAtAGlance&placeID=214483,144152,WDR,,,,No,0.0
201088,5C200102004,Madera Cnty #8A-North Fork WWTF,Madera County Public Works Department - Special Districts,5F,,94-353,,https://ciwqs.waterboards.ca.gov/ciwqs/readOnly/CiwqsReportServlet?reportName=facilityAtAGlance&placeID=201088,145269,WDR,,,,No,0.0
201087,5C200102009,Madera Cnty #7-Marina View Heights WWTF,Madera County Public Works Department - Special Districts,5F,,85-058,,https://ciwqs.waterboards.ca.gov/ciwqs/readOnly/CiwqsReportServlet?reportName=facilityAtAGlance&placeID=201087,144156,WDR,,,,No,0.0
201085,5C200102002,Madera Cnty #6-Lake Shore Park WWTF,Madera County Public Works Department - Special Districts,5F,,85-158,,https://ciwqs.waterboards.ca.gov/ciwqs/readOnly/CiwqsReportServlet?reportName=facilityAtAGlance&placeID=201085,144176,WDR,,,,No,0.0
201077,5C200102010,Madera Cnty #37-La Vina WWTF,Madera County Public Works Department - Special Districts,5F,,2014-0153-DWQ-R5348,,https://ciwqs.waterboards.ca.gov/ciwqs/readOnly/CiwqsReportServlet?reportName=facilityAtAGlance&placeID=201077,439533,WDR,,,2014-0153-dwq_r5348.pdf,No,3.0
201072,5C201005001,Madera Cnty #28 Ripperdan WWTF,Madera County Public Works Department - Special Districts,5F,,90-261,,https://ciwqs.waterboards.ca.gov/ciwqs/readOnly/CiwqsReportServlet?reportName=facilityAtAGlance&placeID=201072,144718,WDR,,,,No,0.0
201071,5C200102003,Madera Cnty #27-Goldside Estates WWTF,Madera County Public Works Department - Special Districts,5F,,97-133,,https://ciwqs.waterboards.ca.gov/ciwqs/readOnly/CiwqsReportServlet?reportName=facilityAtAGlance&placeID=201071,146329,WDR,,,,No,0.0
201070,5C200102007,Madera Cnty #24 Teaford Meadow Lakes WWTF,Madera County Public Works Department - Special Districts,5F,,85-110,,https://ciwqs.waterboards.ca.gov/ciwqs/readOnly/CiwqsReportServlet?reportName=facilityAtAGlance&placeID=201070,144167,WDR,,,,No,0.0
201068,5C200102001,Madera Cnty #2-Bass Lake WWTF,Madera County Public Works Department - Special Districts,SB,,00-232,,https://ciwqs.waterboards.ca.gov/ciwqs/readOnly/CiwqsReportServlet?reportName=facilityAtAGlance&placeID=201068,142311,WDR,,,,No,0.0
273147,5C201026001,Gunner Ranch Water Reclamation Plant,Madera County Service Area # 22C Zone of Benefit C,5F,,R5-2019-0084,,https://ciwqs.waterboards.ca.gov/ciwqs/readOnly/CiwqsReportServlet?reportName=facilityAtAGlance&placeID=273147,162834,WDR,,,Gunner Ranch r5-2019-0084_wdrs.pdf,No,4.0
239130,5A570102001,Madison WWTF,Madison Service District,5S,,5-00-039,,https://ciwqs.waterboards.ca.gov/ciwqs/readOnly/CiwqsReportServlet?reportName=facilityAtAGlance&placeID=239130,147706,WDR,,,,No,0.0
274506,5C551042001,Yosemite Pines RV Park,Majistee Corporation,5F,,96-216,,https://ciwqs.waterboards.ca.gov/ciwqs/readOnly/CiwqsReportServlet?reportName=facilityAtAGlance&placeID=274506,146513,WDR,,,,No,0.0
242135,4B561004001,Malibu Bay Club WWTP,Malibu Bay Club HOA,4,,R4-2012-0073,,https://ciwqs.waterboards.ca.gov/ciwqs/readOnly/CiwqsReportServlet?reportName=facilityAtAGlance&placeID=242135,384644,WDR,,,5774_R4-2012-0073_WDR_PKG.pdf,No,2.0
766648,4B190190002,Malibu Civic Center WWTF,Malibu City,4,,R4-2015-0051,,https://ciwqs.waterboards.ca.gov/ciwqs/readOnly/CiwqsReportServlet?reportName=facilityAtAGlance&placeID=766648,379174,WDR,,,10042_R4-2015-0051_WDR_PKG.pdf,No,2.0
239291,6B261026001,Mammoth Mtn Ski Area WTF,Mammoth Mountain Ski Area LLC,6V,,00-017,,https://ciwqs.waterboards.ca.gov/ciwqs/readOnly/CiwqsReportServlet?reportName=facilityAtAGlance&placeID=239291,147525,WDR,,,,No,0.0
234126,,June Mtn Ski Area Chalet,,,,,,https://ciwqs.waterboards.ca.gov/ciwqs/readOnly/CiwqsReportServlet?reportName=facilityAtAGlance&placeID=234126,,,,,,No,0.0
239283,6B260103001,Mammoth CWD STP,Mammoth Water District,SB,,91-022,,https://ciwqs.waterboards.ca.gov/ciwqs/readOnly/CiwqsReportServlet?reportName=facilityAtAGlance&placeID=239283,145892,WDR,,,,No,0.0
735383,,Mammoth Lakes WTP Teritiary Unit,,,,,,https://ciwqs.waterboards.ca.gov/ciwqs/readOnly/CiwqsReportServlet?reportName=facilityAtAGlance&placeID=735383,,,,,,No,0.0
239317,1B80162OHUM,Manila CSD WWTP,Manila CSD,1,,R1-2023-0003,,https://ciwqs.waterboards.ca.gov/ciwqs/readOnly/CiwqsReportServlet?reportName=facilityAtAGlance&placeID=239317,453105,WDR,,,22_0003_ManilaCSD_WDR_Final_signed.pdf,No,1.0
273124,5D150123001,Maricopa Wastewater Disposal Facility,Maricopa City,5F,,00-153,,https://ciwqs.waterboards.ca.gov/ciwqs/readOnly/CiwqsReportServlet?reportName=facilityAtAGlance&placeID=273124,147834,WDR,,,,No,0.0
210068,2 215079001,Millerton Creek Ranch Sewage Pond Facility,Marin Agricultural Land Trust,2,,R2-2007-0078,,https://ciwqs.waterboards.ca.gov/ciwqs/readOnly/CiwqsReportServlet?reportName=facilityAtAGlance&placeID=210068,,WDR,,,,No,0.0
271593,2 215070001,Walker Creek Ranch WWTP,Marin County Office of Education,2,,91-092,,https://ciwqs.waterboards.ca.gov/ciwqs/readOnly/CiwqsReportServlet?reportName=facilityAtAGlance&placeID=271593,,WDR,,,,No,0.0
215910,5C220101001,Coulterville WWTF,Mariposa Cnty DPW,5F,,00-193,,https://ciwqs.waterboards.ca.gov/ciwqs/readOnly/CiwqsReportServlet?reportName=facilityAtAGlance&placeID=215910,148058,WDR,,,,No,0.0
274513,5C221002001,Yosemite West MD WWTF,Mariposa Cnty DPW,5F,,99-004,,https://ciwqs.waterboards.ca.gov/ciwqs/readOnly/CiwqsReportServlet?reportName=facilityAtAGlance&placeID=274513,145594,WDR,,,,No,0.0
239543,5C221007001,Mariposa Pines WWTF,Mariposa Cnty DPW,5F,,97-134,,https://ciwqs.waterboards.ca.gov/ciwqs/readOnly/CiwqsReportServlet?reportName=facilityAtAGlance&placeID=239543,146330,WDR,,,,No,0.0
220495,5C221003001,Don Pedro Sewer Zone 1,Mariposa Cnty DPW,5F,,R5-2013-0062,,https://ciwqs.waterboards.ca.gov/ciwqs/readOnly/CiwqsReportServlet?reportName=facilityAtAGlance&placeID=220495,331539,WDR,,,R5-2013-0062.pdf,No,1.0
239591,6A020008000,Markleeville Wstwtr Trtmnt Sys,Markleeville PUD,6T,,95-022,,https://ciwqs.waterboards.ca.gov/ciwqs/readOnly/CiwqsReportServlet?reportName=facilityAtAGlance&placeID=239591,145323,WDR,,,,No,0.0
239729,5A580101001,Marysville WWTP,Marysville City,SB,,5-01-071,,https://ciwqs.waterboards.ca.gov/ciwqs/readOnly/CiwqsReportServlet?reportName=facilityAtAGlance&placeID=239729,148426,WDR,,,,No,0.0
239789,2 019291001,Mata Amritanandamayi WWTP Pond System,Mata Amritanandamayi Center,2,,93-090,,https://ciwqs.waterboards.ca.gov/ciwqs/readOnly/CiwqsReportServlet?reportName=facilityAtAGlance&placeID=239789,,WDR,,,,No,0.0
768050,5A48NC00024,Maxwell PUD and Francis Crinella Biosolids Land Application Proj,,,,2004-0012-DWQ,,https://ciwqs.waterboards.ca.gov/ciwqs/readOnly/CiwqsReportServlet?reportName=facilityAtAGlance&placeID=768050,380045,ENROLLEE - WDR,,,MaxwellPUD_cvlttr.pdf,No,2.0
239889,,Mayacama Golf Club LLC,,,,,,https://ciwqs.waterboards.ca.gov/ciwqs/readOnly/CiwqsReportServlet?reportName=facilityAtAGlance&placeID=239889,,,,,,No,0.0
815299,7A130136001,McCabe Municipal WWTP,McCabe USD,7,,R7-2015-0050,,https://ciwqs.waterboards.ca.gov/ciwqs/readOnly/CiwqsReportServlet?reportName=facilityAtAGlance&placeID=815299,401044,WDR,,,0050mccabe.pdf,No,1.0
222436,5D161005001,El Dorado MHP WWTF,McClory Properties,5F,,96-028,,https://ciwqs.waterboards.ca.gov/ciwqs/readOnly/CiwqsReportServlet?reportName=facilityAtAGlance&placeID=222436,145636,WDR,,,,No,0.0
240000,5A470102002,McCloud WWTF,McCloud Community Services District,5R,,R5-2017-0078,,https://ciwqs.waterboards.ca.gov/ciwqs/readOnly/CiwqsReportServlet?reportName=facilityAtAGlance&placeID=240000,411810,WDR,,,r5-2017-0078.pdf,No,1.0
240003,5C221010001,McClure Lake Boat Club Trailer Park,"McClure Boat Club, Inc",5F,,94-255,,https://ciwqs.waterboards.ca.gov/ciwqs/readOnly/CiwqsReportServlet?reportName=facilityAtAGlance&placeID=240003,144996,WDR,,,,No,0.0
273125,5D150109001,McFarland WWTF,McFarland City,SB,,R5-2008-0072,,https://ciwqs.waterboards.ca.gov/ciwqs/readOnly/CiwqsReportServlet?reportName=facilityAtAGlance&placeID=273125,330608,WDR,,,r5-2008-0072.pdf,No,1.0
273149,5D151006001,I-5 & Highway 58 WWTF,McMor Chlorination,5F,,R5-2007-0152,,https://ciwqs.waterboards.ca.gov/ciwqs/readOnly/CiwqsReportServlet?reportName=facilityAtAGlance&placeID=273149,337071,WDR,,,r5-2007-0152.pdf,No,3.0
242648,,Meadowood Resort WWTP & Reuse,,,,,,https://ciwqs.waterboards.ca.gov/ciwqs/readOnly/CiwqsReportServlet?reportName=facilityAtAGlance&placeID=242648,,,,,,No,0.0
273126,5D100109001,Mendota WWTF,Mendota City,SB,,R5-2016-0054,,https://ciwqs.waterboards.ca.gov/ciwqs/readOnly/CiwqsReportServlet?reportName=facilityAtAGlance&placeID=273126,330730,WDR,,,r5-2016-0054.pdf,No,2.0
255535,5C240109003,Sandy Mush WWTF,Merced Cnty Correction Facility,5F,,90-014,,https://ciwqs.waterboards.ca.gov/ciwqs/readOnly/CiwqsReportServlet?reportName=facilityAtAGlance&placeID=255535,144374,WDR,,,,No,0.0
208746,5C220100001,BARRET COVE Recreation Area,Merced Irrigation District,5F,,85-162,,https://ciwqs.waterboards.ca.gov/ciwqs/readOnly/CiwqsReportServlet?reportName=facilityAtAGlance&placeID=208746,144180,WDR,,,,No,0.0
244174,5C551029002,New Don Pedro WW Facilities,Merced Irrigation District,5F,,89-033,,https://ciwqs.waterboards.ca.gov/ciwqs/readOnly/CiwqsReportServlet?reportName=facilityAtAGlance&placeID=244174,140607,WDR,,,,No,0.0
240004,5C220100002,McClure Pt Rec Area,Merced Irrigation District,5F,,85-164,,https://ciwqs.waterboards.ca.gov/ciwqs/readOnly/CiwqsReportServlet?reportName=facilityAtAGlance&placeID=240004,144182,WDR,,,,No,0.0
239947,5C220100003,McSwain Rec Area WWTF,Merced Irrigation District,5F,,85-161,,https://ciwqs.waterboards.ca.gov/ciwqs/readOnly/CiwqsReportServlet?reportName=facilityAtAGlance&placeID=239947,144179,WDR,,,,No,0.0
230706,5C220100004,Horseshoe Bend REC Area,Merced Irrigation District,5F,,85-163,,https://ciwqs.waterboards.ca.gov/ciwqs/readOnly/CiwqsReportServlet?reportName=facilityAtAGlance&placeID=230706,144181,WDR,,,,No,0.0
860254,2 43CW860254,Microsoft Silicon Valley Recycled Water System,,,,2014-0153-DWQ,,https://ciwqs.waterboards.ca.gov/ciwqs/readOnly/CiwqsReportServlet?reportName=facilityAtAGlance&placeID=860254,433375,ENROLLEE - WDR,,,2020-07_Microsoft Silicon Valley NOA Combined.pdf,No,1.0
240917,1B80002OHUM,Miranda POTW,Miranda CSD,1,,R1-2019-0002,,https://ciwqs.waterboards.ca.gov/ciwqs/readOnly/CiwqsReportServlet?reportName=facilityAtAGlance&placeID=240917,430374,WDR,,,19_0002_Miranda_CSD_WDR.pdf,No,2.0
240951,3 420114004,Mission Hills La Purisima WWTP,Mission Hills CSD,3,,R3-2019-0042,,https://ciwqs.waterboards.ca.gov/ciwqs/readOnly/CiwqsReportServlet?reportName=facilityAtAGlance&placeID=240951,430892,WDR,,,MHCSD Order R3-2019-0042-5-17-2019_signed.pdf,No,4.0
240951,3 420114004,Mission Hills La Purisima WWTP,Mission Hills CSD,3,,R3-2019-0042,,https://ciwqs.waterboards.ca.gov/ciwqs/readOnly/CiwqsReportServlet?reportName=facilityAtAGlance&placeID=240951,430892,WDR,,,wdr_standard_provisions_2013.pdf,No,4.0
204870,7A330109012,Alan Horton WWTP,Mission Springs Water District,7,,R7-2022-0008,,https://ciwqs.waterboards.ca.gov/ciwqs/readOnly/CiwqsReportServlet?reportName=facilityAtAGlance&placeID=204870,447659,WDR,,,R7-2022-0008.pdf,No,2.0
864305,,Nancy Wright Regional Water Reclamation Facility,,,,,,https://ciwqs.waterboards.ca.gov/ciwqs/readOnly/CiwqsReportServlet?reportName=facilityAtAGlance&placeID=864305,,,,,,No,0.0
219649,7A330109021,Desert Crest WWTP,Mission Springs Water District,7,,R7-2014-0048,,https://ciwqs.waterboards.ca.gov/ciwqs/readOnly/CiwqsReportServlet?reportName=facilityAtAGlance&placeID=219649,395086,WDR,,,R7-2014-0048.pdf,No,1.0
241188,6B150111001,Mojave STP,Mojave PUD,6V,,01-036,,https://ciwqs.waterboards.ca.gov/ciwqs/readOnly/CiwqsReportServlet?reportName=facilityAtAGlance&placeID=241188,148398,WDR,,,,No,0.0
241192,5B050101001,Mokelumne Hill WWTF,Mokelumne Hill SD,5S,,91-098,,https://ciwqs.waterboards.ca.gov/ciwqs/readOnly/CiwqsReportServlet?reportName=facilityAtAGlance&placeID=241192,141093,WDR,,,,No,0.0
241264,1A76081OSIS,Montague STP,Montague City,1,,96-068,,https://ciwqs.waterboards.ca.gov/ciwqs/readOnly/CiwqsReportServlet?reportName=facilityAtAGlance&placeID=241264,138753,WDR,,,,No,0.0
241266,1A81131OSIS,"Montair Subdivision, STP",Montair Subdivision Homeowners Association,1,,81-131,,https://ciwqs.waterboards.ca.gov/ciwqs/readOnly/CiwqsReportServlet?reportName=facilityAtAGlance&placeID=241266,136685,WDR,,,,No,0.0
241299,3 441004001,Monterey Bay Academy WWTP,Monterey Bay Academy,3,,87-07501,,https://ciwqs.waterboards.ca.gov/ciwqs/readOnly/CiwqsReportServlet?reportName=facilityAtAGlance&placeID=241299,,WDR,,,,No,0.0
244646,3 270302001,Lake San Antonio Northshore WWTP,Monterey Cnty Parks Dept,3,,04-0054,,https://ciwqs.waterboards.ca.gov/ciwqs/readOnly/CiwqsReportServlet?reportName=facilityAtAGlance&placeID=244646,132444,WDR,,,SAN_ANTONIO_NORTH_SHORE_2004054.pdf,No,1.0
236252,3 270302002,Lake San Antonio Southshore WWTP,Monterey Cnty Parks Dept,3,,2014-0153-DWQ,,https://ciwqs.waterboards.ca.gov/ciwqs/readOnly/CiwqsReportServlet?reportName=facilityAtAGlance&placeID=236252,448832,WDR,,,08-12-2022_WDR_Lake San Antonio Recreation Area South Shore WWTP NOA_final.pdf,No,1.0
241306,3 271011001,Monterey Dunes Colony WWTP,Monterey Dunes Colony Mutual Water Association,3,,87-175,,https://ciwqs.waterboards.ca.gov/ciwqs/readOnly/CiwqsReportServlet?reportName=facilityAtAGlance&placeID=241306,144332,WDR,,,,No,0.0
726996,3 270108025,Monterey Regional Reclamation (Producer),Monterey One Water,3,Major,94-082,,https://ciwqs.waterboards.ca.gov/ciwqs/readOnly/CiwqsReportServlet?reportName=facilityAtAGlance&placeID=726996,146956,WDR,,,,No,0.0
805968,3 271123999,Pure Water Monterey Groundwater Replenishment Project,,,,R3-2026-0032,,https://ciwqs.waterboards.ca.gov/ciwqs/readOnly/CiwqsReportServlet?reportName=facilityAtAGlance&placeID=805968,,ENROLLEE - WDR,,,,No,0.0
241376,2 283025001,Moore's Resort WWTP Sewage Ponds,Moores Resort,2,,86-028,,https://ciwqs.waterboards.ca.gov/ciwqs/readOnly/CiwqsReportServlet?reportName=facilityAtAGlance&placeID=241376,,WDR,,,,No,0.0
241907,5B050102001,Murphys WWTF,Murphys SD,5S,,5-00-264,,https://ciwqs.waterboards.ca.gov/ciwqs/readOnly/CiwqsReportServlet?reportName=facilityAtAGlance&placeID=241907,148661,WDR,,,,No,0.0
222144,,Echo Mars Ponds,,,,,,https://ciwqs.waterboards.ca.gov/ciwqs/readOnly/CiwqsReportServlet?reportName=facilityAtAGlance&placeID=222144,,,,,,No,0.0
243845,5A280103002,Napa Berryessa WTF,Napa Berryessa Resort IMP Dist,5S,,R5-2013-0065,,https://ciwqs.waterboards.ca.gov/ciwqs/readOnly/CiwqsReportServlet?reportName=facilityAtAGlance&placeID=243845,368742,WDR,,,R5-2013-0135.pdf,No,2.0
243845,5A280103002,Napa Berryessa WTF,Napa Berryessa Resort IMP Dist,5S,,R5-2013-0065,,https://ciwqs.waterboards.ca.gov/ciwqs/readOnly/CiwqsReportServlet?reportName=facilityAtAGlance&placeID=243845,368742,WDR,,,r5-2013-0065.pdf,No,2.0
764881,,Napa Sanitation District Recycled Water Program,,,,,,https://ciwqs.waterboards.ca.gov/ciwqs/readOnly/CiwqsReportServlet?reportName=facilityAtAGlance&placeID=764881,,,,,,No,0.0
271771,2 283032001,Napa Valley Country Club WWTP Ponds,Napa Valley Country Club,2,,89-049,,https://ciwqs.waterboards.ca.gov/ciwqs/readOnly/CiwqsReportServlet?reportName=facilityAtAGlance&placeID=271771,,WDR,,,,No,0.0
258160,,Napa Valley Marina Sewage Ponds,,,,,,https://ciwqs.waterboards.ca.gov/ciwqs/readOnly/CiwqsReportServlet?reportName=facilityAtAGlance&placeID=258160,,,,,,No,0.0
244080,7B360110014,Needles WWTP,Needles City,SB,,R7-2015-0018,,https://ciwqs.waterboards.ca.gov/ciwqs/readOnly/CiwqsReportServlet?reportName=facilityAtAGlance&placeID=244080,,WDR,,,,No,0.0
230290,5A29NC00004,Higgins Village WWTF,Nevada CSD No 1,5S,,R5-2003-0048,,https://ciwqs.waterboards.ca.gov/ciwqs/readOnly/CiwqsReportServlet?reportName=facilityAtAGlance&placeID=230290,131826,WDR,,,,No,0.0
247940,5A290104006,Penn Valley WWTP,Nevada CSD No 1,5S,,5-01-210,,https://ciwqs.waterboards.ca.gov/ciwqs/readOnly/CiwqsReportServlet?reportName=facilityAtAGlance&placeID=247940,148303,WDR,,,,No,0.0
244565,5A290107001,North San Juan WW Facility,Nevada CSD No 1,5S,,87-190,,https://ciwqs.waterboards.ca.gov/ciwqs/readOnly/CiwqsReportServlet?reportName=facilityAtAGlance&placeID=244565,139946,WDR,,,,No,0.0
209670,5A292026001,Nevada City School of the Arts WWTF,Nevada City School of the Arts,5S,,97-256,,https://ciwqs.waterboards.ca.gov/ciwqs/readOnly/CiwqsReportServlet?reportName=facilityAtAGlance&placeID=209670,146905,WDR,,,,No,0.0
253256,5A290106001,Rollins Reservoir Rec Areas,Nevada ID,5S,,90-080,,https://ciwqs.waterboards.ca.gov/ciwqs/readOnly/CiwqsReportServlet?reportName=facilityAtAGlance&placeID=253256,140394,WDR,,,,No,0.0
256005,5A290106002,Scotts Flat Reservoir Rec Area,Nevada ID,5S,,90-079,,https://ciwqs.waterboards.ca.gov/ciwqs/readOnly/CiwqsReportServlet?reportName=facilityAtAGlance&placeID=256005,140393,WDR,,,,No,0.0
244240,1A78041OMOD,Newell CWD STP,Newell CWD,1,,97-093,,https://ciwqs.waterboards.ca.gov/ciwqs/readOnly/CiwqsReportServlet?reportName=facilityAtAGlance&placeID=244240,139224,WDR,,,,No,0.0
902560,,Bailey Ranch Biosolid Land Application Project,,,,,,https://ciwqs.waterboards.ca.gov/ciwqs/readOnly/CiwqsReportServlet?reportName=facilityAtAGlance&placeID=902560,,,,,,No,0.0
244250,5C500103001,City of Newman WWTF,Newman City,SB,,R5-2018-0024,,https://ciwqs.waterboards.ca.gov/ciwqs/readOnly/CiwqsReportServlet?reportName=facilityAtAGlance&placeID=244250,420963,WDR,,,r5-2018-0024_info.pdf,No,3.0
244361,3 400104001,Nipomo CSD Southland Treatment Facility,Nipomo CSD,3,,R3-2012-0003,,https://ciwqs.waterboards.ca.gov/ciwqs/readOnly/CiwqsReportServlet?reportName=facilityAtAGlance&placeID=244361,383695,WDR,,,Nipomo CSD WDR R3-2012-0003.pdf,No,1.0
244360,3 401028001,Nipomo CSD Black Lake - Reclaimed Water Producer,Nipomo CSD,3,,94-014,,https://ciwqs.waterboards.ca.gov/ciwqs/readOnly/CiwqsReportServlet?reportName=facilityAtAGlance&placeID=244360,146917,WDR,,,,No,0.0
245775,1B80173OMAR,Oceana Marin (North Marin CWD),North Marin County Water District,1,,92-057,,https://ciwqs.waterboards.ca.gov/ciwqs/readOnly/CiwqsReportServlet?reportName=facilityAtAGlance&placeID=245775,137774,WDR,,,,No,0.0
273143,5C15NC00090,North of River WWTF,North of River SD #1,SB,,R5-2009-0088,,https://ciwqs.waterboards.ca.gov/ciwqs/readOnly/CiwqsReportServlet?reportName=facilityAtAGlance&placeID=273143,333653,WDR,,,r5-2009-0088.pdf,No,3.0
236888,5A091103001,Leoni Meadows Retreat Camp,Northern California Conference of Seven Day Adventist,5S,,88-044,,https://ciwqs.waterboards.ca.gov/ciwqs/readOnly/CiwqsReportServlet?reportName=facilityAtAGlance&placeID=236888,140611,WDR,,,,No,0.0
244703,,Novato SD Recycled Water (2y) to Pasture,,,,,,https://ciwqs.waterboards.ca.gov/ciwqs/readOnly/CiwqsReportServlet?reportName=facilityAtAGlance&placeID=244703,,,,,,No,0.0
769213,,Novato Sanitary District Recycled Water (3y),,,,,,https://ciwqs.waterboards.ca.gov/ciwqs/readOnly/CiwqsReportServlet?reportName=facilityAtAGlance&placeID=769213,,,,,,No,0.0
245602,5C500104001,Oakdale WWTF,Oakdale City,SB,,R5-2012-0063,,https://ciwqs.waterboards.ca.gov/ciwqs/readOnly/CiwqsReportServlet?reportName=facilityAtAGlance&placeID=245602,385669,WDR,,,r5-2012-0063.pdf,No,1.0
241099,5B391070001,Oakwood Lake WWTF,Oakwood Lake Water District,5S,,R5-2006-0114-002,,https://ciwqs.waterboards.ca.gov/ciwqs/readOnly/CiwqsReportServlet?reportName=facilityAtAGlance&placeID=241099,327478,WDR,,,R5-2006-0114-001.pdf,No,4.0
241099,5B391070001,Oakwood Lake WWTF,Oakwood Lake Water District,5S,,R5-2006-0114-002,,https://ciwqs.waterboards.ca.gov/ciwqs/readOnly/CiwqsReportServlet?reportName=facilityAtAGlance&placeID=241099,327478,WDR,,,R5-2006-0114.pdf,No,4.0
241099,5B391070001,Oakwood Lake WWTF,Oakwood Lake Water District,5S,,R5-2006-0114-002,,https://ciwqs.waterboards.ca.gov/ciwqs/readOnly/CiwqsReportServlet?reportName=facilityAtAGlance&placeID=241099,327478,WDR,,,R5-2016-0068.pdf,No,4.0
255386,9 000000351,San Luis Rey Water Reclamation Facility - Recycled Water and Pure Water,,,,93-07,,https://ciwqs.waterboards.ca.gov/ciwqs/readOnly/CiwqsReportServlet?reportName=facilityAtAGlance&placeID=255386,142438,WDR,,,,No,0.0
245805,1B98055RSON,Odd Fellows WWTF,Odd Fellows Recreation Club,1,,98-125,,https://ciwqs.waterboards.ca.gov/ciwqs/readOnly/CiwqsReportServlet?reportName=facilityAtAGlance&placeID=245805,138241,WDR,,,,No,0.0
202611,9 000000371,4-S Ranch Water Reclamation Facility,Olivenhain Municipal Water District,SB,,R9-2003-0007,,https://ciwqs.waterboards.ca.gov/ciwqs/readOnly/CiwqsReportServlet?reportName=facilityAtAGlance&placeID=202611,131775,WDR,,,,No,0.0
722666,,Mayacama Ranch,,,,,,https://ciwqs.waterboards.ca.gov/ciwqs/readOnly/CiwqsReportServlet?reportName=facilityAtAGlance&placeID=722666,,,,,,No,0.0
251975,,"Reclam,OCWD-Green Acres",,,,,,https://ciwqs.waterboards.ca.gov/ciwqs/readOnly/CiwqsReportServlet?reportName=facilityAtAGlance&placeID=251975,,,,,,No,0.0
273127,5D100110001,Orange Cove WWTF,Orange Cove City,SB,,R5-2004-0008,,https://ciwqs.waterboards.ca.gov/ciwqs/readOnly/CiwqsReportServlet?reportName=facilityAtAGlance&placeID=273127,132495,WDR,,,r5-2004-0008.pdf,No,1.0
246203,,Orland WWTP,,,,,,https://ciwqs.waterboards.ca.gov/ciwqs/readOnly/CiwqsReportServlet?reportName=facilityAtAGlance&placeID=246203,,,,,,No,0.0
251548,9 000000217,Ralph W Chapman WRF,Otay MWD,SB,,R9-2007-0038,,https://ciwqs.waterboards.ca.gov/ciwqs/readOnly/CiwqsReportServlet?reportName=facilityAtAGlance&placeID=251548,325858,WDR,,,Order No. R9-2007-0038.pdf,No,1.0
825789,,"OWTS at 100 Lagunitas Road, Lagunitas, Marin County",,,,,,https://ciwqs.waterboards.ca.gov/ciwqs/readOnly/CiwqsReportServlet?reportName=facilityAtAGlance&placeID=825789,,,,,,No,0.0
826202,,"OWTS at 195 Resaca Ave, Forest Knolls, Marin Co",,,,,,https://ciwqs.waterboards.ca.gov/ciwqs/readOnly/CiwqsReportServlet?reportName=facilityAtAGlance&placeID=826202,,,,,,No,0.0
866484,,Oxnard Advanced Water Purification Facility (AWPF),,,,,,https://ciwqs.waterboards.ca.gov/ciwqs/readOnly/CiwqsReportServlet?reportName=facilityAtAGlance&placeID=866484,,,,,,No,0.0
248476,5B031015001,Pioneer Creek MH Community,"PCMHC, LLC",5S,,88-109,,https://ciwqs.waterboards.ca.gov/ciwqs/readOnly/CiwqsReportServlet?reportName=facilityAtAGlance&placeID=248476,140272,WDR,,,,No,0.0
230034,5D102011002,Helms Housing & Support Facility,,,,96-108,,https://ciwqs.waterboards.ca.gov/ciwqs/readOnly/CiwqsReportServlet?reportName=facilityAtAGlance&placeID=230034,,NPDES PERMIT,,,,No,0.0
230037,5D102011001,PG&E Helms Plant,Pacific Gas & Electric Company Shaver Lake,5F,,96-141,,https://ciwqs.waterboards.ca.gov/ciwqs/readOnly/CiwqsReportServlet?reportName=facilityAtAGlance&placeID=230037,145691,WDR,,,,No,0.0
247301,,Pacific Union College WWTP,,,,,,https://ciwqs.waterboards.ca.gov/ciwqs/readOnly/CiwqsReportServlet?reportName=facilityAtAGlance&placeID=247301,,,,,,No,0.0
731257,3 441208240,Pajaro Valley WMA and City of Watsonville Water Reclamation,Pajaro Valley Water Management Agency,SB,,R3-2008-0039,,https://ciwqs.waterboards.ca.gov/ciwqs/readOnly/CiwqsReportServlet?reportName=facilityAtAGlance&placeID=731257,359226,WDR,,,masterreclamationpermit.pdf,No,1.0
247435,7A330114012,Palm Springs WWTF,Palm Springs City,7,,R7-2024-0009,,https://ciwqs.waterboards.ca.gov/ciwqs/readOnly/CiwqsReportServlet?reportName=facilityAtAGlance&placeID=247435,456582,WDR,,,R7-2024-0009.pdf,No,2.0
257153,5C221022001,"Palm Springs Village-309, LLC Silvertip Resort Village WWTF","Palm Springs Village - 309, LLC",5F,,R5-2007-0140,,https://ciwqs.waterboards.ca.gov/ciwqs/readOnly/CiwqsReportServlet?reportName=facilityAtAGlance&placeID=257153,164105,WDR,,,r5-2007-0140.pdf,No,3.0
249771,4A191030001,Paradise Ranch WWTP,Paradise Ranch LLC,4,,R4-2011-0177,,https://ciwqs.waterboards.ca.gov/ciwqs/readOnly/CiwqsReportServlet?reportName=facilityAtAGlance&placeID=249771,381339,WDR,,,5671_R4-2011-0177_WDR_PKG.pdf,No,1.0
273128,5D100118001,Parlier WWTF,Parlier City,SB,,95-103,,https://ciwqs.waterboards.ca.gov/ciwqs/readOnly/CiwqsReportServlet?reportName=facilityAtAGlance&placeID=273128,145326,WDR,,,,No,0.0
750984,,Nick's Cove & Cottages WWTP,,,,,,https://ciwqs.waterboards.ca.gov/ciwqs/readOnly/CiwqsReportServlet?reportName=facilityAtAGlance&placeID=750984,,,,,,No,0.0
247809,9 000000145,Pauma Valley Treatment Plant,Pauma Valley Community Services District,9,,R9-2006-0049,,https://ciwqs.waterboards.ca.gov/ciwqs/readOnly/CiwqsReportServlet?reportName=facilityAtAGlance&placeID=247809,,WDR,,,,No,0.0
220494,5C551044001,Don Pedro Houseboats/Mini Mart,,,,89-015,,https://ciwqs.waterboards.ca.gov/ciwqs/readOnly/CiwqsReportServlet?reportName=facilityAtAGlance&placeID=220494,140599,WDR,,,,No,0.0
224692,5D151178001,Flying J #613,Pilot Travel Centers LLC,5F,,89-162,,https://ciwqs.waterboards.ca.gov/ciwqs/readOnly/CiwqsReportServlet?reportName=facilityAtAGlance&placeID=224692,144095,WDR,,,,No,0.0
835076,5C10NC00203,EZ Trip 1277,Pilot Travel Centers LLC,5F,,2014-0153-DWQ,,https://ciwqs.waterboards.ca.gov/ciwqs/readOnly/CiwqsReportServlet?reportName=facilityAtAGlance&placeID=835076,413154,ENROLLEE - WDR,,,PilotTravelCenters_2014-0153-DWQ.pdf,No,6.0
259204,8 331061001,Pine Springs Ranch WWTP,Pine Springs Ranch,8,,R8-2000-0075,,https://ciwqs.waterboards.ca.gov/ciwqs/readOnly/CiwqsReportServlet?reportName=facilityAtAGlance&placeID=259204,148263,WDR,,,,No,0.0
248442,5C550106006,Pinecrest WWTP,Pinecrest Permit Assoc & US Forest Service,5F,,5-01-061,,https://ciwqs.waterboards.ca.gov/ciwqs/readOnly/CiwqsReportServlet?reportName=facilityAtAGlance&placeID=248442,142345,WDR,,,,No,0.0
726883,5D540106001,Pixley WWTF,Pixley PUD,5F,,R5-2007-0123,,https://ciwqs.waterboards.ca.gov/ciwqs/readOnly/CiwqsReportServlet?reportName=facilityAtAGlance&placeID=726883,336354,WDR,,,Pixley PUD R5-2007-0123.pdf,No,2.0
248573,5A291006001,Pla-Vada Community Assoc STP,Pla-Vada Community Association,5S,,95-016,,https://ciwqs.waterboards.ca.gov/ciwqs/readOnly/CiwqsReportServlet?reportName=facilityAtAGlance&placeID=248573,141335,WDR,,,,No,0.0
901636,,"Plant Sciences, Inc. Juniper Village 2, Macdoel Middle School",,,,,,https://ciwqs.waterboards.ca.gov/ciwqs/readOnly/CiwqsReportServlet?reportName=facilityAtAGlance&placeID=901636,,,,,,No,0.0
248713,5A290103001,Pleasant Ridge Elementary School WWTP,Pleasant Ridge Union School District,5S,,98-135,,https://ciwqs.waterboards.ca.gov/ciwqs/readOnly/CiwqsReportServlet?reportName=facilityAtAGlance&placeID=248713,146784,WDR,,,,No,0.0
248742,5A320104004,Plumas Eureka Estates WWTF - WWTP 7,Plumas Eureka CSD,5R,,98-007,,https://ciwqs.waterboards.ca.gov/ciwqs/readOnly/CiwqsReportServlet?reportName=facilityAtAGlance&placeID=248742,134602,WDR,,,,No,0.0
903974,5A320104004,Plumas Eureka Estates WWTF - WWTP 6,Plumas Eureka CSD,5R,,2014-0153-DWQ,,https://ciwqs.waterboards.ca.gov/ciwqs/readOnly/CiwqsReportServlet?reportName=facilityAtAGlance&placeID=903974,436788,ENROLLEE - WDR,,,PECSD_ADA_NOA.pdf,No,2.0
248791,1B80045OMEN,Point Arena WWTP,Point Arena City,1,,R1-2022-0015,,https://ciwqs.waterboards.ca.gov/ciwqs/readOnly/CiwqsReportServlet?reportName=facilityAtAGlance&placeID=248791,448294,WDR,,,22_0015_Point_Arena_WWTF_WDR.pdf,No,1.0
251021,4B191025004,Point Dume Club WWRP,"Point Dume MHC, LLC",4,,R4-2005-0041,,https://ciwqs.waterboards.ca.gov/ciwqs/readOnly/CiwqsReportServlet?reportName=facilityAtAGlance&placeID=251021,134055,WDR,,,,No,2.0
273183,5D540137001,Poplar WWTF,Poplar CSD,5F,,98-214,,https://ciwqs.waterboards.ca.gov/ciwqs/readOnly/CiwqsReportServlet?reportName=facilityAtAGlance&placeID=273183,145589,WDR,,,,No,0.0
248903,2 494033001,Port Sonoma Marina WWTP Pond,Port Sonoma Marina,2,,87-031,,https://ciwqs.waterboards.ca.gov/ciwqs/readOnly/CiwqsReportServlet?reportName=facilityAtAGlance&placeID=248903,,WDR,,,,No,0.0
273130,5D540107001,Porterville WWTF,Porterville City,SB,,R5-2008-0034,,https://ciwqs.waterboards.ca.gov/ciwqs/readOnly/CiwqsReportServlet?reportName=facilityAtAGlance&placeID=273130,344805,WDR,,,Porterville WWTF R5-2008-0034.pdf,No,1.0
249211,5A060104001,Princeton WWTP,Princeton Water Works Dist,5S,,94-013,,https://ciwqs.waterboards.ca.gov/ciwqs/readOnly/CiwqsReportServlet?reportName=facilityAtAGlance&placeID=249211,141225,WDR,,,,No,0.0
220279,5C201011001,"Diocese of San Joaquin, Episcopal Conference Center Oakhurst (ECCO)",Protestant Episcopal Bishop of San Joaquin,5F,,82-070,,https://ciwqs.waterboards.ca.gov/ciwqs/readOnly/CiwqsReportServlet?reportName=facilityAtAGlance&placeID=220279,143814,WDR,,,,No,0.0
236887,,Leonhardt Ranch Reclamation,,,,,,https://ciwqs.waterboards.ca.gov/ciwqs/readOnly/CiwqsReportServlet?reportName=facilityAtAGlance&placeID=236887,,,,,,No,0.0
256315,5D542043001,Rush Creek OWTS,,,,2014-0153-DWQ,,https://ciwqs.waterboards.ca.gov/ciwqs/readOnly/CiwqsReportServlet?reportName=facilityAtAGlance&placeID=256315,453444,ENROLLEE - WDR,,,NOA_Rush Creek OWTS.pdf,No,2.0
255468,9 000000076,San Vicente WWTP,Ramona MWD,9,,R9-2009-0005,,https://ciwqs.waterboards.ca.gov/ciwqs/readOnly/CiwqsReportServlet?reportName=facilityAtAGlance&placeID=255468,,WDR,,,,No,0.0
255679,9 000000077,Santa Maria WWTP,Ramona MWD,SB,,R9-2016-0154,,https://ciwqs.waterboards.ca.gov/ciwqs/readOnly/CiwqsReportServlet?reportName=facilityAtAGlance&placeID=255679,404699,WDR,,,R9-2016-0154 Signed.pdf,No,1.0
259152,8 331003001,Rancho Caballero WWTP,Rancho Caballero,8,,98-006,,https://ciwqs.waterboards.ca.gov/ciwqs/readOnly/CiwqsReportServlet?reportName=facilityAtAGlance&placeID=259152,144046,WDR,,,,No,0.0
773960,3 2703212437,Rancho Cielo Youth Campus,,,,97-010-DWQ,,https://ciwqs.waterboards.ca.gov/ciwqs/readOnly/CiwqsReportServlet?reportName=facilityAtAGlance&placeID=773960,383768,ENROLLEE - WDR,,,General WDR 97-10-DWQ.pdf,No,2.0
251631,3 401019001,Rancho Colina MH Estates STP,Rancho Colina MH Estates STP,3,,87-110,,https://ciwqs.waterboards.ca.gov/ciwqs/readOnly/CiwqsReportServlet?reportName=facilityAtAGlance&placeID=251631,144278,WDR,,,,No,0.0
251675,3 359803001,Rancho Larios WWTP,Rancho Larios Homeowners Association,3,,R3-2004-0153,,https://ciwqs.waterboards.ca.gov/ciwqs/readOnly/CiwqsReportServlet?reportName=facilityAtAGlance&placeID=251675,371615,WDR,,,Signed WDR R3-2004-0153.pdf,No,1.0
251695,5B340109001,Rancho Murieta CSD WWT & Rec,Rancho Murieta CSD,5S,,R5-2014-0149,,https://ciwqs.waterboards.ca.gov/ciwqs/readOnly/CiwqsReportServlet?reportName=facilityAtAGlance&placeID=251695,394415,WDR,,,R5-2014-0149.pdf,No,1.0
251714,9 000000177,Rancho Santa Fe San Dist Plant,Rancho Santa Fe Community Services District,9,,R9-1992-0004,,https://ciwqs.waterboards.ca.gov/ciwqs/readOnly/CiwqsReportServlet?reportName=facilityAtAGlance&placeID=251714,142398,WDR,,,,No,0.0
255649,9 000000899,Santa Fe Valley WTP,Rancho Santa Fe Community Services District,9,,R9-2002-0013,,https://ciwqs.waterboards.ca.gov/ciwqs/readOnly/CiwqsReportServlet?reportName=facilityAtAGlance&placeID=255649,132007,WDR,,,,No,0.0
251805,5C551026001,Rawhide Mobile Home Park WWTF,Rawhide Investment Company Inc,5F,,85-126,,https://ciwqs.waterboards.ca.gov/ciwqs/readOnly/CiwqsReportServlet?reportName=facilityAtAGlance&placeID=251805,139566,WDR,,,,No,0.0
259148,8 360111001,Redlands WWRF,Redlands City,SB,,98-054,,https://ciwqs.waterboards.ca.gov/ciwqs/readOnly/CiwqsReportServlet?reportName=facilityAtAGlance&placeID=259148,144066,WDR,,,,No,0.0
252254,1A88030RDN,Redwood Park STP,Redwood Park CSD,1,,R1-1988-0078,,https://ciwqs.waterboards.ca.gov/ciwqs/readOnly/CiwqsReportServlet?reportName=facilityAtAGlance&placeID=252254,,WDR,,,,No,0.0
268923,1B88049RSON,"UC Davis, Bodega Marine Lab (WDR)",Regents of the University of California - UC Davis,1,,89-117,,https://ciwqs.waterboards.ca.gov/ciwqs/readOnly/CiwqsReportServlet?reportName=facilityAtAGlance&placeID=268923,138597,WDR,,,,No,0.0
244531,5B20NC00059,The Preserve at Millerton Lake,"Richard Loughead, Jr",5F,,null,,https://ciwqs.waterboards.ca.gov/ciwqs/readOnly/CiwqsReportServlet?reportName=facilityAtAGlance&placeID=244531,176657,WDR,,,NORTHFORKVILLAGEWWTFFORM200.pdf,No,1.0
251857,,Richardson Bay SD- Recycled Water,,,,,,https://ciwqs.waterboards.ca.gov/ciwqs/readOnly/CiwqsReportServlet?reportName=facilityAtAGlance&placeID=251857,,,,,,No,0.0
252613,5A041010001,Richardson Springs CSD,Richardson Springs CSD,5R,,94-245,,https://ciwqs.waterboards.ca.gov/ciwqs/readOnly/CiwqsReportServlet?reportName=facilityAtAGlance&placeID=252613,135299,WDR,,,,No,0.0
273184,5D541024001,Richgrove WWTF,Richgrove CSD,5F,,83-088,,https://ciwqs.waterboards.ca.gov/ciwqs/readOnly/CiwqsReportServlet?reportName=facilityAtAGlance&placeID=273184,143866,WDR,,,,No,0.0
214327,5A041015001,Chico Mobile Country Club WWTP,Rick & Cathy Bowling,5R,,96-133,,https://ciwqs.waterboards.ca.gov/ciwqs/readOnly/CiwqsReportServlet?reportName=facilityAtAGlance&placeID=214327,133905,WDR,,,,No,0.0
252695,6B150116001,Ridgecrest WTF,Ridgecrest City,SB,,00-056,,https://ciwqs.waterboards.ca.gov/ciwqs/readOnly/CiwqsReportServlet?reportName=facilityAtAGlance&placeID=252695,140415,WDR,,,,No,0.0
782065,9 0000002490,Harmony Grove Water Reclamation Plant,Rincon Del Diablo Municipal Water District,9,Minor,R9-2012-0054,,https://ciwqs.waterboards.ca.gov/ciwqs/readOnly/CiwqsReportServlet?reportName=facilityAtAGlance&placeID=782065,386848,WDR,,,order r9-2012-0054.pdf,No,3.0
252782,5B390105001,Ripon Industrial & Domestic TP,Ripon City,SB,,94-263,,https://ciwqs.waterboards.ca.gov/ciwqs/readOnly/CiwqsReportServlet?reportName=facilityAtAGlance&placeID=252782,140988,WDR,,,,No,0.0
256972,5B051013001,Sierra Ridge WWTP,Rite of Passage,5S,,5-01-056,,https://ciwqs.waterboards.ca.gov/ciwqs/readOnly/CiwqsReportServlet?reportName=facilityAtAGlance&placeID=256972,142346,WDR,,,,No,0.0
252813,5A341051001,River City WWTF,River City Recovery Center Inc,5S,,86-210,,https://ciwqs.waterboards.ca.gov/ciwqs/readOnly/CiwqsReportServlet?reportName=facilityAtAGlance&placeID=252813,140155,WDR,,,,No,0.0
273152,5D541049001,River Island East WWTF,River Island East HOA,5F,,91-111,,https://ciwqs.waterboards.ca.gov/ciwqs/readOnly/CiwqsReportServlet?reportName=facilityAtAGlance&placeID=273152,144779,WDR,,,,No,0.0
252871,5C500106002,Riverbank WWTP,Riverbank City,SB,,94-100,,https://ciwqs.waterboards.ca.gov/ciwqs/readOnly/CiwqsReportServlet?reportName=facilityAtAGlance&placeID=252871,141726,WDR,,,,No,0.0
273185,5D100114001,Riverdale WWTF,Riverdale PUD,5F,,R5-2018-0028,,https://ciwqs.waterboards.ca.gov/ciwqs/readOnly/CiwqsReportServlet?reportName=facilityAtAGlance&placeID=273185,411621,WDR,,,Riverdale PUD IR.pdf,No,13.0
273185,5D100114001,Riverdale WWTF,Riverdale PUD,5F,,R5-2018-0028,,https://ciwqs.waterboards.ca.gov/ciwqs/readOnly/CiwqsReportServlet?reportName=facilityAtAGlance&placeID=273185,411621,WDR,,,r5-2018-0028.pdf,No,13.0
807214,5B10NC00072,Riverstone WWTF,Root Creek Water District,5F,,R5-2015-0018,,https://ciwqs.waterboards.ca.gov/ciwqs/readOnly/CiwqsReportServlet?reportName=facilityAtAGlance&placeID=807214,396966,WDR,,,R5-2015-0018.pdf,No,2.0
253293,6B150112001,Rosamond WTF (Ponds),Rosamond CSD,SB,,R6V-2019-0251,,https://ciwqs.waterboards.ca.gov/ciwqs/readOnly/CiwqsReportServlet?reportName=facilityAtAGlance&placeID=253293,425543,WDR,,,R6V-2019-0251_WDR_Rosamond Adopted Full.pdf,No,3.0
259160,8 360113001,Running Springs WWTP,Running Springs Water Dist,SB,,87-008,,https://ciwqs.waterboards.ca.gov/ciwqs/readOnly/CiwqsReportServlet?reportName=facilityAtAGlance&placeID=259160,138550,WDR,,,,No,0.0
785242,,Russell City Energy Center Recycled Water Facility,,,,,,https://ciwqs.waterboards.ca.gov/ciwqs/readOnly/CiwqsReportServlet?reportName=facilityAtAGlance&placeID=785242,,,,,,No,0.0
235208,5A171014002,Konocti Harbor Resort,Russell Hamel Clear Lake Resort  Services LLC Dba Konocti Harbor Resort,5S,,R5-2002-0157,CA0083551,https://ciwqs.waterboards.ca.gov/ciwqs/readOnly/CiwqsReportServlet?reportName=facilityAtAGlance&placeID=235208,,NPDES PERMIT,,,,No,0.0
262996,9 000000541,TCWD Robinson Ranch WRF,SOCWA-Recycled Water Use,SB,,97-052,,https://ciwqs.waterboards.ca.gov/ciwqs/readOnly/CiwqsReportServlet?reportName=facilityAtAGlance&placeID=262996,142903,WDR,,,,No,0.0
262995,9 000000541,TCWD - Crystal Canyon WRP (Formerly Goren WWTP),SOCWA-Recycled Water Use,SB,,97-052,,https://ciwqs.waterboards.ca.gov/ciwqs/readOnly/CiwqsReportServlet?reportName=facilityAtAGlance&placeID=262995,142903,WDR,,,,No,0.0
257519,9 000000541,SMWD-Nichols Reseach Inst WRF,SOCWA-Recycled Water Use,9,,97-052,,https://ciwqs.waterboards.ca.gov/ciwqs/readOnly/CiwqsReportServlet?reportName=facilityAtAGlance&placeID=257519,142903,WDR,,,,No,0.0
224503,3 271028001,FIRESTONE BUSINESS PARK Onsite WW Treatment System,,,,02-068,,https://ciwqs.waterboards.ca.gov/ciwqs/readOnly/CiwqsReportServlet?reportName=facilityAtAGlance&placeID=224503,,WDR,,,,No,0.0
210156,5A340111001,Boys Ranch WWTF,Sacramento Cnty DPW-Elk Grove,5S,,R5-2004-0003,,https://ciwqs.waterboards.ca.gov/ciwqs/readOnly/CiwqsReportServlet?reportName=facilityAtAGlance&placeID=210156,132263,WDR,,,r5-2004-0003.pdf,No,1.0
739749,5A34NC00041,Rancho Seco Recreational Area WWTF,Sacramento MUD,5S,,2014-0153-DWQ,,https://ciwqs.waterboards.ca.gov/ciwqs/readOnly/CiwqsReportServlet?reportName=facilityAtAGlance&placeID=739749,442117,ENROLLEE - WDR,,,rancho_seco-wqo2014-0153-R5367.pdf,No,2.0
255081,5C500107001,Salida WWTP,Salida Sanitary District,SB,,92-036,,https://ciwqs.waterboards.ca.gov/ciwqs/readOnly/CiwqsReportServlet?reportName=facilityAtAGlance&placeID=255081,142003,WDR,,,,No,0.0
219671,7A130110031,SCSD Desert Shores WWTP,Salton Community Services Dist,7,,R7-2014-0007,,https://ciwqs.waterboards.ca.gov/ciwqs/readOnly/CiwqsReportServlet?reportName=facilityAtAGlance&placeID=219671,399457,WDR,,,0007salton.pdf,No,1.0
647900,7A130117001,SCSD Thomas R. Cannell WWTP,Salton Community Services Dist,7,,R7-2018-0013,,https://ciwqs.waterboards.ca.gov/ciwqs/readOnly/CiwqsReportServlet?reportName=facilityAtAGlance&placeID=647900,420382,WDR,,,0013thomas_cannell_wdr.pdf,No,1.0
255190,3 270120001,San Ardo WWTP,San Ardo Water District,3,,89-147,,https://ciwqs.waterboards.ca.gov/ciwqs/readOnly/CiwqsReportServlet?reportName=facilityAtAGlance&placeID=255190,144194,WDR,,,,No,0.0
208771,6B360115002,Barstow/Daggett Airport WTF,San Bernardino Cnty Airports - Dagget,6V,,99-037,,https://ciwqs.waterboards.ca.gov/ciwqs/readOnly/CiwqsReportServlet?reportName=facilityAtAGlance&placeID=208771,146725,WDR,,,,No,0.0
266519,6B360115010,Trona & Pioneer Point WTF,San Bernardino Cnty CSA 82,6V,,94-059,,https://ciwqs.waterboards.ca.gov/ciwqs/readOnly/CiwqsReportServlet?reportName=facilityAtAGlance&placeID=266519,146530,WDR,,,,No,0.0
247644,7B360115051,Park Moabi WWTF,San Bernardino Cnty Regional Parks,7,,R7-2016-0017,,https://ciwqs.waterboards.ca.gov/ciwqs/readOnly/CiwqsReportServlet?reportName=facilityAtAGlance&placeID=247644,407231,WDR,,,0017moabi.pdf,No,1.0
259197,8 362200001,Lytle Creek WWTP,San Bernardino Cnty Special Districts,8,,95-032,,https://ciwqs.waterboards.ca.gov/ciwqs/readOnly/CiwqsReportServlet?reportName=facilityAtAGlance&placeID=259197,141975,WDR,,,,No,0.0
643085,8 362899001,Lytle Creek North WWTP,San Bernardino Cnty Special Districts,SB,Major,R8-2007-0004,,https://ciwqs.waterboards.ca.gov/ciwqs/readOnly/CiwqsReportServlet?reportName=facilityAtAGlance&placeID=643085,334494,WDR,,,07-0004.pdf,No,1.0
248439,9 000000099,Pine Valley WW Polltn Cntl Fac (Pine Valley Sanitation District) OWTS,San Diego County Dept of Public Works,9,,R9-1994-0161,,https://ciwqs.waterboards.ca.gov/ciwqs/readOnly/CiwqsReportServlet?reportName=facilityAtAGlance&placeID=248439,142494,WDR,,,,No,0.0
234117,9 000000109,Julian Water Pollution Facility,San Diego County Sanitation District,9,,R9-1983-0009,,https://ciwqs.waterboards.ca.gov/ciwqs/readOnly/CiwqsReportServlet?reportName=facilityAtAGlance&placeID=234117,,WDR,,,,No,0.0
251653,9 000000123,Rancho Del Campo WPCF OWTS,San Diego County Sanitation District,9,,R9-1987-0108,,https://ciwqs.waterboards.ca.gov/ciwqs/readOnly/CiwqsReportServlet?reportName=facilityAtAGlance&placeID=251653,,WDR,,,,No,0.0
237286,2 417016001,Log Cabin Ranch WWTP,San Francisco City,2,,91-054,,https://ciwqs.waterboards.ca.gov/ciwqs/readOnly/CiwqsReportServlet?reportName=facilityAtAGlance&placeID=237286,,WDR,,,,No,0.0
221988,5B55NC00003,Early Intake Wastewater System,San Francisco City & County,5F,,01-274,,https://ciwqs.waterboards.ca.gov/ciwqs/readOnly/CiwqsReportServlet?reportName=facilityAtAGlance&placeID=221988,131155,WDR,,,,No,0.0
737529,5B55NC00011,Camp Mather,San Francisco City & County,5F,,2014-0153-DWQ,,https://ciwqs.waterboards.ca.gov/ciwqs/readOnly/CiwqsReportServlet?reportName=facilityAtAGlance&placeID=737529,373545,ENROLLEE - WDR,,,Order No 2014-0153-DWQ-R5265.pdf,No,2.0
245520,5C550114001,O'Shaughnessy WWTP,San Francisco City & County,5F,,91-189,,https://ciwqs.waterboards.ca.gov/ciwqs/readOnly/CiwqsReportServlet?reportName=facilityAtAGlance&placeID=245520,141943,WDR,,,,No,0.0
241111,5C551001001,Moccasin Powerhouse,San Francisco City & County,5F,,00-265,,https://ciwqs.waterboards.ca.gov/ciwqs/readOnly/CiwqsReportServlet?reportName=facilityAtAGlance&placeID=241111,148662,WDR,,,,No,0.0
816191,,San Francisco PUC HQ Living Machine RW Facility,,,,,,https://ciwqs.waterboards.ca.gov/ciwqs/readOnly/CiwqsReportServlet?reportName=facilityAtAGlance&placeID=816191,,,,,,No,0.0
255306,3 271020001,San Jerardo WWTP,,,,R3-2003-0054,,https://ciwqs.waterboards.ca.gov/ciwqs/readOnly/CiwqsReportServlet?reportName=facilityAtAGlance&placeID=255306,132422,WDR,,,,No,0.0
273132,5D100116001,San Joaquin WWTF,San Joaquin City,5F,,R5-2007-0100,,https://ciwqs.waterboards.ca.gov/ciwqs/readOnly/CiwqsReportServlet?reportName=facilityAtAGlance&placeID=273132,324939,WDR,,,r5-2007-0100.pdf,No,1.0
237113,5B39NC00035,CSA 44-Zone G (Linne),San Joaquin Cnty,5S,,04-078,,https://ciwqs.waterboards.ca.gov/ciwqs/readOnly/CiwqsReportServlet?reportName=facilityAtAGlance&placeID=237113,132994,WDR,,,r5-2004-0078.pdf,No,2.0
216283,5B391008002,CSA 15 - STP,San Joaquin Cnty,5S,,94-264,,https://ciwqs.waterboards.ca.gov/ciwqs/readOnly/CiwqsReportServlet?reportName=facilityAtAGlance&placeID=216283,140989,WDR,,,,No,0.0
216287,5B39NC00005,County Service Area (CSA) 44 Zone E (Castello),,,,00-226,,https://ciwqs.waterboards.ca.gov/ciwqs/readOnly/CiwqsReportServlet?reportName=facilityAtAGlance&placeID=216287,148824,WDR,,,,No,0.0
263621,5B390112001,Thornton Farm Labor Camp,San Joaquin Cnty Housing Authority,5S,,94-101,,https://ciwqs.waterboards.ca.gov/ciwqs/readOnly/CiwqsReportServlet?reportName=facilityAtAGlance&placeID=263621,141727,WDR,,,,No,0.0
214660,5C550108001,San Jose City Family Camp,San Jose City,5F,,5-00-025,,https://ciwqs.waterboards.ca.gov/ciwqs/readOnly/CiwqsReportServlet?reportName=facilityAtAGlance&placeID=214660,147694,WDR,,,,No,0.0
209014,3 440107001,Bear Creek Estates WWF,San Lorenzo Valley Water District,3,,00-043,,https://ciwqs.waterboards.ca.gov/ciwqs/readOnly/CiwqsReportServlet?reportName=facilityAtAGlance&placeID=209014,147775,WDR,,,,No,0.0
255372,3 270125001,San Lucas WWTF,San Lucas County Water District,3,,89-076,,https://ciwqs.waterboards.ca.gov/ciwqs/readOnly/CiwqsReportServlet?reportName=facilityAtAGlance&placeID=255372,144125,WDR,,,,No,0.0
245581,3 400113003,Oak Shores Development CSA-7A,San Luis Obispo CSA #07 Oak Shores,3,,01-130,,https://ciwqs.waterboards.ca.gov/ciwqs/readOnly/CiwqsReportServlet?reportName=facilityAtAGlance&placeID=245581,131134,WDR,,,,No,0.0
215915,3 401039001,Country Club Estates SLO Co CSA-18,San Luis Obispo CSA #18 San Luis Obispo Country Club,3,,2003-0004,,https://ciwqs.waterboards.ca.gov/ciwqs/readOnly/CiwqsReportServlet?reportName=facilityAtAGlance&placeID=215915,132350,WDR,,,,No,0.0
271808,3 400309097,San Luis Obispo Water Reclamation Facility,San Luis Obispo City,3,,R3-2003-0081,,https://ciwqs.waterboards.ca.gov/ciwqs/readOnly/CiwqsReportServlet?reportName=facilityAtAGlance&placeID=271808,132348,WDR,,,,No,0.0
260176,5C240116001,San Luis Hills WWTF,San Luis Water District,5F,,93-031,,https://ciwqs.waterboards.ca.gov/ciwqs/readOnly/CiwqsReportServlet?reportName=facilityAtAGlance&placeID=260176,144863,WDR,,,,No,0.0
240289,2 417041001,San Mateo Memorial Park WWTP,San Mateo Cnty Department of Parks,2,,2014-0153-DWQ,,https://ciwqs.waterboards.ca.gov/ciwqs/readOnly/CiwqsReportServlet?reportName=facilityAtAGlance&placeID=240289,,WDR,,,,No,0.0
227352,2 417042001,Glenwood Boys Ranch WWTP,San Mateo County DPW,2,,88-140,,https://ciwqs.waterboards.ca.gov/ciwqs/readOnly/CiwqsReportServlet?reportName=facilityAtAGlance&placeID=227352,,WDR,,,,No,0.0
255417,2 417059001,San Mateo Co Honor Camp WWTP,San Mateo County DPW,2,,88-141,,https://ciwqs.waterboards.ca.gov/ciwqs/readOnly/CiwqsReportServlet?reportName=facilityAtAGlance&placeID=255417,,WDR,,,,No,0.0
255430,3 400109001,San Miguel CSD Machado WWTP,San Miguel CSD,3,,99-046,,https://ciwqs.waterboards.ca.gov/ciwqs/readOnly/CiwqsReportServlet?reportName=facilityAtAGlance&placeID=255430,147307,WDR,,,,No,0.0
272525,3 401021001,San Miguelito Wild Cherry Canyon,San Miguelito Mutual Water Company,3,,95-057,,https://ciwqs.waterboards.ca.gov/ciwqs/readOnly/CiwqsReportServlet?reportName=facilityAtAGlance&placeID=272525,146997,WDR,,,,No,0.0
232428,,Sanger Industrial WWTF,,,,,,https://ciwqs.waterboards.ca.gov/ciwqs/readOnly/CiwqsReportServlet?reportName=facilityAtAGlance&placeID=232428,,,,,,No,0.0
273133,5D100115001,Sanger WWTF,Sanger City,SB,,R5-2014-0004,,https://ciwqs.waterboards.ca.gov/ciwqs/readOnly/CiwqsReportServlet?reportName=facilityAtAGlance&placeID=273133,394866,WDR,,,r5-2014-0004.pdf,No,1.0
222442,3 420108005,"El Estero Reclamation Facility, Recycle Water Use",Santa Barbara City PWD,SB,,97-044,,https://ciwqs.waterboards.ca.gov/ciwqs/readOnly/CiwqsReportServlet?reportName=facilityAtAGlance&placeID=222442,147037,WDR,,,,No,0.0
212455,3 420113001,Cachuma Lake Recreation Area WWTP,Santa Barbara County Parks Dept,3,,98-010,,https://ciwqs.waterboards.ca.gov/ciwqs/readOnly/CiwqsReportServlet?reportName=facilityAtAGlance&placeID=212455,147269,WDR,,,,No,0.0
233409,3 420116002,Jalama Beach County Park WWTP,Santa Barbara County Parks Dept,3,,86-003,,https://ciwqs.waterboards.ca.gov/ciwqs/readOnly/CiwqsReportServlet?reportName=facilityAtAGlance&placeID=233409,,WDR,,,,No,0.0
268842,4B191002001,"Two Harbors STP, Catalina Island",Santa Catalina Island Company,4,,R4-2013-0137,,https://ciwqs.waterboards.ca.gov/ciwqs/readOnly/CiwqsReportServlet?reportName=facilityAtAGlance&placeID=268842,393568,WDR,,,4840_R4-2013-0137_WDR_PKG.pdf,No,1.0
239542,2 438083001,Mariposa Lodge- Onsite Sewage System,Santa Clara Cnty,2,,78-053,,https://ciwqs.waterboards.ca.gov/ciwqs/readOnly/CiwqsReportServlet?reportName=facilityAtAGlance&placeID=239542,,WDR,,,,No,0.0
209483,3 441001001,Big Basin Woods Subdivision WWTP,Santa Cruz CSA 07,3,,97-026,,https://ciwqs.waterboards.ca.gov/ciwqs/readOnly/CiwqsReportServlet?reportName=facilityAtAGlance&placeID=209483,147027,WDR,,,,No,0.0
210116,3 441000001,Boulder Creek Golf & Cntry Club WWTP,Santa Cruz CSA 07,3,,01-034,,https://ciwqs.waterboards.ca.gov/ciwqs/readOnly/CiwqsReportServlet?reportName=facilityAtAGlance&placeID=210116,148200,WDR,,,,No,0.0
255653,3 279804003,Santa Lucia WW Recycling Facility (Prod/User),,,,R3-2013-0020,,https://ciwqs.waterboards.ca.gov/ciwqs/readOnly/CiwqsReportServlet?reportName=facilityAtAGlance&placeID=255653,394676,WDR,,,2013_0020_wrr.pdf,No,2.0
869661,,SWIP - Advanced Water Treatment Facility,,,,,,https://ciwqs.waterboards.ca.gov/ciwqs/readOnly/CiwqsReportServlet?reportName=facilityAtAGlance&placeID=869661,,,,,,No,0.0
273186,5C240113001,Santa Nella WWTF,Santa Nella CWD,5F,,88-104,,https://ciwqs.waterboards.ca.gov/ciwqs/readOnly/CiwqsReportServlet?reportName=facilityAtAGlance&placeID=273186,144018,WDR,,,,No,0.0
650554,4A560108002,Santa Paula WRF,Santa Paula City,SB,,R4-2018-0022,,https://ciwqs.waterboards.ca.gov/ciwqs/readOnly/CiwqsReportServlet?reportName=facilityAtAGlance&placeID=650554,403136,WDR,,,9259_R4-2018-0022 amended.pdf,No,3.0
650554,4A560108002,Santa Paula WRF,Santa Paula City,SB,,R4-2018-0022,,https://ciwqs.waterboards.ca.gov/ciwqs/readOnly/CiwqsReportServlet?reportName=facilityAtAGlance&placeID=650554,403136,WDR,,,9259_R4-2018-0022-A01.pdf,No,3.0
650554,4A560108002,Santa Paula WRF,Santa Paula City,SB,,R4-2018-0022,,https://ciwqs.waterboards.ca.gov/ciwqs/readOnly/CiwqsReportServlet?reportName=facilityAtAGlance&placeID=650554,403136,WDR,,,9259_R4-2018-0022_WDR_PKG.pdf,No,3.0
830415,,Santa Paula Water Recycling Facility,,,,,,https://ciwqs.waterboards.ca.gov/ciwqs/readOnly/CiwqsReportServlet?reportName=facilityAtAGlance&placeID=830415,,,,,,No,0.0
808744,1B14083RSON,Santa Rosa City Biosolids - Stone Farm,,,,2004-0012-DWQ,,https://ciwqs.waterboards.ca.gov/ciwqs/readOnly/CiwqsReportServlet?reportName=facilityAtAGlance&placeID=808744,397848,ENROLLEE - WDR,,,141003_LMB_ef_BPG_CitySRStoneFarm_NOA-2.pdf,No,2.0
815161,1B06065RSON,Santa Rosa City Biosolids - Alpha Farm,,,,2004-0012-DWQ,,https://ciwqs.waterboards.ca.gov/ciwqs/readOnly/CiwqsReportServlet?reportName=facilityAtAGlance&placeID=815161,,ENROLLEE - WDR,,,,No,0.0
255697,1B78209OSON,Santa Rosa City Oakmont Plant,Santa Rosa City Dept of Public Works,1,,88-052,,https://ciwqs.waterboards.ca.gov/ciwqs/readOnly/CiwqsReportServlet?reportName=facilityAtAGlance&placeID=255697,137649,WDR,,,,No,0.0
815162,1B14141RSON,Santa Rosa City Biosolids - Brown Farm,Santa Rosa City Utilities Department (Biosolids),1,,2004-0012-DWQ,,https://ciwqs.waterboards.ca.gov/ciwqs/readOnly/CiwqsReportServlet?reportName=facilityAtAGlance&placeID=815162,,ENROLLEE - WDR,,,,No,0.0
255735,9 000000564,Santa Rosa WRF-Recycled WTR,Santa Rosa Regional Resources Authority,9,,94-092,,https://ciwqs.waterboards.ca.gov/ciwqs/readOnly/CiwqsReportServlet?reportName=facilityAtAGlance&placeID=255735,147138,WDR,,,,No,0.0
227501,5C221011001,Golden Hills Mobile Home Park,"Schwenne, Michael & Monica",5F,,86-230,,https://ciwqs.waterboards.ca.gov/ciwqs/readOnly/CiwqsReportServlet?reportName=facilityAtAGlance&placeID=227501,144662,WDR,,,,No,0.0
256012,3 449902003,Scotts Valley WWTF Producer,Scotts Valley,3,,R3-2001-0066,,https://ciwqs.waterboards.ca.gov/ciwqs/readOnly/CiwqsReportServlet?reportName=facilityAtAGlance&placeID=256012,148618,WDR,,,,No,0.0
255836,1B89051RSON,"Sonoma Co Service Area 41, Zone 2, Sea Ranch Onsite Wastewater Management Zone",Sea Ranch Association,1,,R1-2017-0014,,https://ciwqs.waterboards.ca.gov/ciwqs/readOnly/CiwqsReportServlet?reportName=facilityAtAGlance&placeID=255836,416353,WDR,,,17_0014_SeaRanch_OWTS_WDR.pdf,No,1.0
256218,2 482059001,Seeno Duck Club WWTP Evap Pond,Seeno Duck Club,2,,88-007,,https://ciwqs.waterboards.ca.gov/ciwqs/readOnly/CiwqsReportServlet?reportName=facilityAtAGlance&placeID=256218,,WDR,,,,No,0.0
273187,5D100104001,SKF CSD WWTF,Selma-Kings-Fowler CSD,SB,,5-01-255,,https://ciwqs.waterboards.ca.gov/ciwqs/readOnly/CiwqsReportServlet?reportName=facilityAtAGlance&placeID=273187,131438,WDR,,,,No,0.0
765314,,SASM Recycled Water Program,,,,,,https://ciwqs.waterboards.ca.gov/ciwqs/readOnly/CiwqsReportServlet?reportName=facilityAtAGlance&placeID=765314,,,,,,No,0.0
901334,,Oroville Wastewater Treatment Plant Construction Dewatering Project,,,,,,https://ciwqs.waterboards.ca.gov/ciwqs/readOnly/CiwqsReportServlet?reportName=facilityAtAGlance&placeID=901334,,,,,,No,0.0
205259,5A450001003,Alpine Meadows/Whispering Wood,Shasta CSA #13,5R,,05-025,,https://ciwqs.waterboards.ca.gov/ciwqs/readOnly/CiwqsReportServlet?reportName=facilityAtAGlance&placeID=205259,133528,WDR,,,05-025.pdf,No,1.0
247464,5A450001004,Palo Cedro WWTF,Shasta CSA #8,5R,,R5-2017-0080,,https://ciwqs.waterboards.ca.gov/ciwqs/readOnly/CiwqsReportServlet?reportName=facilityAtAGlance&placeID=247464,413929,WDR,,,Palo Cedro_WDR_R5-2017-0080_Signed.pdf,No,1.0
228016,5A321022001,Grizzly Creek Ranch WWTF,Sierra Nevada Journey,5R,,99-140,,https://ciwqs.waterboards.ca.gov/ciwqs/readOnly/CiwqsReportServlet?reportName=facilityAtAGlance&placeID=228016,146049,WDR,,,,No,0.0
224827,5C101109001,Foothill Elementary School WWTF,Sierra Unified School District,5F,,94-107,,https://ciwqs.waterboards.ca.gov/ciwqs/readOnly/CiwqsReportServlet?reportName=facilityAtAGlance&placeID=224827,145858,WDR,,,,No,0.0
273188,5C101003001,Sierra High School WWTF,Sierra Unified School District,5F,,85-230,,https://ciwqs.waterboards.ca.gov/ciwqs/readOnly/CiwqsReportServlet?reportName=facilityAtAGlance&placeID=273188,144566,WDR,,,,No,0.0
259212,8 332029001,Silent Valley RV Park WWTP,"Silent Valley Club, Inc.",8,,99-041,,https://ciwqs.waterboards.ca.gov/ciwqs/readOnly/CiwqsReportServlet?reportName=facilityAtAGlance&placeID=259212,144367,WDR,,,,No,0.0
816488,1B15087RSON,Silver Oak Cellars - Highway 128 Alexander Valley (Domestic Waste),Silver Oaks Cellars,1,,2014-0153-DWQ,,https://ciwqs.waterboards.ca.gov/ciwqs/readOnly/CiwqsReportServlet?reportName=facilityAtAGlance&placeID=816488,402041,ENROLLEE - WDR,,,Silver Oak Cellars.pdf,No,1.0
822928,2 21GWDR405097,Big Rock Ranch Recycled Water,,,,2014-0153-DWQ,,https://ciwqs.waterboards.ca.gov/ciwqs/readOnly/CiwqsReportServlet?reportName=facilityAtAGlance&placeID=822928,405097,ENROLLEE - WDR,,,Big Rock Ranch NOA Package.pdf,No,1.0
257388,2 215119001,Skywalker Ranch WWTPs,Skywalker Ranch,2,,93-089,,https://ciwqs.waterboards.ca.gov/ciwqs/readOnly/CiwqsReportServlet?reportName=facilityAtAGlance&placeID=257388,,WDR,,,,No,0.0
821955,5C10NC00156,Teen Challenge of Southern California,,,,97-010-DWQ,,https://ciwqs.waterboards.ca.gov/ciwqs/readOnly/CiwqsReportServlet?reportName=facilityAtAGlance&placeID=821955,194885,ENROLLEE - WDR,,,,No,0.0
251110,5D541009001,Quail Valley REC Park,"Smith, Myron",5F,,99-143,,https://ciwqs.waterboards.ca.gov/ciwqs/readOnly/CiwqsReportServlet?reportName=facilityAtAGlance&placeID=251110,147474,WDR,,,,No,0.0
273189,5C240111001,Snelling WWTF,Snelling CSD,5F,,85-155,,https://ciwqs.waterboards.ca.gov/ciwqs/readOnly/CiwqsReportServlet?reportName=facilityAtAGlance&placeID=273189,144174,WDR,,,,No,0.0
254304,4B190107080,River Community STP,Social Model Recovery Systems,4,,96-021,,https://ciwqs.waterboards.ca.gov/ciwqs/readOnly/CiwqsReportServlet?reportName=facilityAtAGlance&placeID=254304,136013,WDR,,,,No,0.0
256483,3 270113001,Soledad Water Reclamation Facility,Soledad City,SB,,R3-2008-0042,,https://ciwqs.waterboards.ca.gov/ciwqs/readOnly/CiwqsReportServlet?reportName=facilityAtAGlance&placeID=256483,349587,WDR,,,Order R3-2008-0042 Master Rec WDR Cty of Soledad.pdf,No,1.0
257687,3 420110001,Solvang WWTP,Solvang City,3,,R3-2007-0069,,https://ciwqs.waterboards.ca.gov/ciwqs/readOnly/CiwqsReportServlet?reportName=facilityAtAGlance&placeID=257687,336192,WDR,,,SolvangWWTP_SIGNED.pdf,No,1.0
232097,5D101043001,I-5 & Jayne Avenue Facility,Sommerville I-5 Partnership,5F,,90-075,,https://ciwqs.waterboards.ca.gov/ciwqs/readOnly/CiwqsReportServlet?reportName=facilityAtAGlance&placeID=232097,144384,WDR,,,,No,0.0
256057,1B71011OSON,SCWA Oceanic Properties Sea Ranch Central Plant,Sonoma County Water Agency (SCWA),1,,96-011,,https://ciwqs.waterboards.ca.gov/ciwqs/readOnly/CiwqsReportServlet?reportName=facilityAtAGlance&placeID=256057,138699,WDR,,,,No,0.0
256049,1B77117OSON,SCWA Geyserville CSD,Sonoma County Water Agency (SCWA),1,,R1-2019-0013,,https://ciwqs.waterboards.ca.gov/ciwqs/readOnly/CiwqsReportServlet?reportName=facilityAtAGlance&placeID=256049,433463,WDR,,,19_0013_Geyserville Sanitation Zone WWTF_WDR.pdf,No,1.0
256045,1B84124OSON,SCWA Airport WRF (Airport-Larkfield-Wikiup),Sonoma County Water Agency (SCWA),1,,R1-2019-0007,,https://ciwqs.waterboards.ca.gov/ciwqs/readOnly/CiwqsReportServlet?reportName=facilityAtAGlance&placeID=256045,423602,WDR,,,19_0007_Airport-Larkfield-Wikiup_SanitationZone_WDR.pdf,No,1.0
897866,,Sonoma West Holdings Wastewater Treatment Facility Plant No. 2 - Domestic,,,,,,https://ciwqs.waterboards.ca.gov/ciwqs/readOnly/CiwqsReportServlet?reportName=facilityAtAGlance&placeID=897866,,,,,,No,0.0
256038,3 430100003,SCRWA Reclamation Facility and Use Areas,South County Regional WW Authority,3,,98-052,,https://ciwqs.waterboards.ca.gov/ciwqs/readOnly/CiwqsReportServlet?reportName=facilityAtAGlance&placeID=256038,147279,WDR,,,,No,0.0
259230,6A021008003,STPUD WWTP,South Tahoe PUD,SB,,R6T-2011-0061,,https://ciwqs.waterboards.ca.gov/ciwqs/readOnly/CiwqsReportServlet?reportName=facilityAtAGlance&placeID=259230,375578,WDR,,,"R6T-2011-0061 STPUD Diamond Valley Water Relamation Requirements, WDR and MRP.pdf.pdf",No,1.0
210659,5A323001003,Bucks Lake Sewer Facilities,Southshore HA,5R,,98-037,,https://ciwqs.waterboards.ca.gov/ciwqs/readOnly/CiwqsReportServlet?reportName=facilityAtAGlance&placeID=210659,134646,WDR,,,,No,0.0
638757,6A180506011,Spalding Tract Sewer System,Spalding Community Service District,6T,,R6T-2006-0020,,https://ciwqs.waterboards.ca.gov/ciwqs/readOnly/CiwqsReportServlet?reportName=facilityAtAGlance&placeID=638757,307579,WDR,,,R6T-2006-0020 Spalding WDR.pdf,No,1.0
258043,5A280108001,Spanish Flat WWT & Disposal Facility,Spanish Flat Water District/Monticello Public Cemetery,5S,,93-236,,https://ciwqs.waterboards.ca.gov/ciwqs/readOnly/CiwqsReportServlet?reportName=facilityAtAGlance&placeID=258043,141184,WDR,,,,No,0.0
256154,2 494001001,Sonoma Raceway WWTP Ponds & Recycled Water,Speedway Sonoma LLC,2,,R2-2001-0093,,https://ciwqs.waterboards.ca.gov/ciwqs/readOnly/CiwqsReportServlet?reportName=facilityAtAGlance&placeID=256154,,WDR,,,,No,0.0
258159,2 215132001,Spirit Rock Meditation Center WWTP,Spirit Rock Meditation Center,2,,R2-2008-0073,,https://ciwqs.waterboards.ca.gov/ciwqs/readOnly/CiwqsReportServlet?reportName=facilityAtAGlance&placeID=258159,,WDR,,,,No,0.0
273190,5D540130001,Springville WWTF,Springville PUD,5F,,96-195,,https://ciwqs.waterboards.ca.gov/ciwqs/readOnly/CiwqsReportServlet?reportName=facilityAtAGlance&placeID=273190,145701,WDR,,,,No,0.0
271772,2 283015001,St Helena Hospital WWTP,St. Helena Hosp & Health Ctr,2,,87-068,,https://ciwqs.waterboards.ca.gov/ciwqs/readOnly/CiwqsReportServlet?reportName=facilityAtAGlance&placeID=271772,,WDR,,,,No,0.0
272989,5C500112001,Woodward Reservoir Reg Park,Stanislaus Cnty Dept of Parks & Rec,5S,,94-359,,https://ciwqs.waterboards.ca.gov/ciwqs/readOnly/CiwqsReportServlet?reportName=facilityAtAGlance&placeID=272989,141279,WDR,,,,No,0.0
241143,5C500112003,Modesto Reservoir WWTP,Stanislaus Cnty Dept of Parks & Rec,5S,,94-360,,https://ciwqs.waterboards.ca.gov/ciwqs/readOnly/CiwqsReportServlet?reportName=facilityAtAGlance&placeID=241143,141280,WDR,,,,No,0.0
647162,5B55NC00007,Foothill Horizons School,,,,97-010-DWQ,,https://ciwqs.waterboards.ca.gov/ciwqs/readOnly/CiwqsReportServlet?reportName=facilityAtAGlance&placeID=647162,332732,ENROLLEE - WDR,,,97_10_DWQ_R5051.pdf,No,1.0
258683,2 215027001,"Stinson Beach- OWTS in Stinson Beach, Marin County",Stinson Beach Co Water Dist,2,,94-008,,https://ciwqs.waterboards.ca.gov/ciwqs/readOnly/CiwqsReportServlet?reportName=facilityAtAGlance&placeID=258683,,WDR,,,,No,0.0
258743,5D152000001,Stoco WWTF,Stoco Mutual Water & Sewer Company,5F,,R5-2007-0153,,https://ciwqs.waterboards.ca.gov/ciwqs/readOnly/CiwqsReportServlet?reportName=facilityAtAGlance&placeID=258743,337072,WDR,,,r5-2007-0153.pdf,No,1.0
258792,6A188812008,Stones-Bengard Sewage Treatment Ponds,Stones-Bengard CSD,6T,,R6T-2014-0048,,https://ciwqs.waterboards.ca.gov/ciwqs/readOnly/CiwqsReportServlet?reportName=facilityAtAGlance&placeID=258792,397349,WDR,,,r6t-2014-0048_revised_wdrs_stones_bengard_6a188812008.pdf,No,1.0
273155,5D151049001,National Chavez Center WWTF,Stonybrook Corporation,5F,,86-032,,https://ciwqs.waterboards.ca.gov/ciwqs/readOnly/CiwqsReportServlet?reportName=facilityAtAGlance&placeID=273155,144619,WDR,,,,No,0.0
273135,5D160105001,Stratford WWTF,Stratford PUD,5F,,82-068,,https://ciwqs.waterboards.ca.gov/ciwqs/readOnly/CiwqsReportServlet?reportName=facilityAtAGlance&placeID=273135,143812,WDR,,,,No,0.0
273192,5D540108001,Strathmore  WWTF,Strathmore PUD,5F,,R5-2016-0061,,https://ciwqs.waterboards.ca.gov/ciwqs/readOnly/CiwqsReportServlet?reportName=facilityAtAGlance&placeID=273192,408402,WDR,,,Strathmore PUB r5-2016-0061.pdf,No,1.0
212973,5C201008001,Camp Sugar Pine,Sugar Pine Christian Camps,5F,,87-031,,https://ciwqs.waterboards.ca.gov/ciwqs/readOnly/CiwqsReportServlet?reportName=facilityAtAGlance&placeID=212973,145161,WDR,,,,No,0.0
259336,5B20UR00001,Sugar Pine OWTS,,,,97-010-DWQ,,https://ciwqs.waterboards.ca.gov/ciwqs/readOnly/CiwqsReportServlet?reportName=facilityAtAGlance&placeID=259336,194750,ENROLLEE - WDR,,,,No,0.0
224893,5A291012001,Forest Springs WWTF,"Sun Forest Springs, LLC",5S,,88-106-02,,https://ciwqs.waterboards.ca.gov/ciwqs/readOnly/CiwqsReportServlet?reportName=facilityAtAGlance&placeID=224893,140269,WDR,,,,No,0.0
252700,3 351000001,Ridgemark Estates WWTP,Sunnyslope County Water District,3,,R3-2004-0065,,https://ciwqs.waterboards.ca.gov/ciwqs/readOnly/CiwqsReportServlet?reportName=facilityAtAGlance&placeID=252700,133135,WDR,,,WDR NO. 2004-0065-Signed .pdf,No,1.0
259508,,Sunnyvale Recycled Water Program,,,,,,https://ciwqs.waterboards.ca.gov/ciwqs/readOnly/CiwqsReportServlet?reportName=facilityAtAGlance&placeID=259508,,,,,,No,0.0
232170,5B39NC00038,Super Store Industries Stockton,,,,2003-0003-DWQ,,https://ciwqs.waterboards.ca.gov/ciwqs/readOnly/CiwqsReportServlet?reportName=facilityAtAGlance&placeID=232170,194826,ENROLLEE - WDR,,,NOA DWQ-2003-0003-0002.pdf,No,1.0
252762,5A510102002,Rio Ramaza WW Disposal Ponds,Sutter Cnty DPW,5S,,88-012,,https://ciwqs.waterboards.ca.gov/ciwqs/readOnly/CiwqsReportServlet?reportName=facilityAtAGlance&placeID=252762,139965,WDR,,,,No,0.0
259717,5B030104001,Sutter Creek WWTP,Sutter Creek City,5S,,94-152,,https://ciwqs.waterboards.ca.gov/ciwqs/readOnly/CiwqsReportServlet?reportName=facilityAtAGlance&placeID=259717,141771,WDR,,,,No,0.0
902801,,Swafford OWTS,,,,,,https://ciwqs.waterboards.ca.gov/ciwqs/readOnly/CiwqsReportServlet?reportName=facilityAtAGlance&placeID=902801,,,,,,No,0.0
739902,5A51NC00005,SYSCO Food Services of Sacramento,Sysco Food Services of Sacramento Inc,5S,,R5-2009-0062,,https://ciwqs.waterboards.ca.gov/ciwqs/readOnly/CiwqsReportServlet?reportName=facilityAtAGlance&placeID=739902,367512,WDR,,,R5-2009-0062.pdf,No,1.0
262840,6A290011000,Tahoe Truckee Sanitation Agency,Tahoe Truckee Sanitation Agency,SB,Major,02-030,,https://ciwqs.waterboards.ca.gov/ciwqs/readOnly/CiwqsReportServlet?reportName=facilityAtAGlance&placeID=262840,131270,WDR,,,,No,0.0
273136,5D150116001,Tehachapi WWTF,Tehachapi City,5F,,92-047,,https://ciwqs.waterboards.ca.gov/ciwqs/readOnly/CiwqsReportServlet?reportName=facilityAtAGlance&placeID=273136,144455,WDR,,,,No,0.0
266620,5D151054001,I5 Eastside Wastewater Discharge Ponds,Tejon Castac Water District,5F,,5-01-002,,https://ciwqs.waterboards.ca.gov/ciwqs/readOnly/CiwqsReportServlet?reportName=facilityAtAGlance&placeID=266620,148789,WDR,,,,No,0.0
740731,5C15NC00128,Tejon Industrial Complex East WWTF,Tejon Castac Water District,5F,,R5-2011-0066,,https://ciwqs.waterboards.ca.gov/ciwqs/readOnly/CiwqsReportServlet?reportName=facilityAtAGlance&placeID=740731,368204,WDR,,,R5-2011-0066.pdf,No,1.0
739154,5C15NC00247,Tejon Mountain Village,Tejon Castac Water District,5F,,R5-2019-0085,,https://ciwqs.waterboards.ca.gov/ciwqs/readOnly/CiwqsReportServlet?reportName=facilityAtAGlance&placeID=739154,427567,WDR,,,WDRs r5-2019-0085.pdf,No,2.0
273156,5D151014003,Tejon Industrial Complex West WWTF,Tejon Castac Water District,5F,,R5-2008-0004,,https://ciwqs.waterboards.ca.gov/ciwqs/readOnly/CiwqsReportServlet?reportName=facilityAtAGlance&placeID=273156,337300,WDR,,,r5-2008-0004.pdf,No,1.0
263091,5D151014001,Tejon Headquarters WWTF,Tejon Grapevine,5F,,67-007,,https://ciwqs.waterboards.ca.gov/ciwqs/readOnly/CiwqsReportServlet?reportName=facilityAtAGlance&placeID=263091,,WDR,,,,No,0.0
263090,5D151014002,Tejon Ranch - Grapevine,Tejon Ranch Company,5F,,94-224,,https://ciwqs.waterboards.ca.gov/ciwqs/readOnly/CiwqsReportServlet?reportName=facilityAtAGlance&placeID=263090,144989,WDR,,,,No,0.0
240168,3 400115001,Meadowbrook WWTF (Templeton CSD),Templeton CSD,3,,R3-2007-0029,,https://ciwqs.waterboards.ca.gov/ciwqs/readOnly/CiwqsReportServlet?reportName=facilityAtAGlance&placeID=240168,326031,WDR,,,WDR R3-2007-0029 signed.pdf,No,2.0
263172,1A88031RSIS,Tennant CSD ST/LF,Tennant CSD,1,,R1-2016-0019,,https://ciwqs.waterboards.ca.gov/ciwqs/readOnly/CiwqsReportServlet?reportName=facilityAtAGlance&placeID=263172,408075,WDR,,,16_0019_Tennant_WDR.pdf,No,1.0
273193,5D540109001,Terra Bella WWTF,Terra Bella Sewer MD,5F,,95-029,,https://ciwqs.waterboards.ca.gov/ciwqs/readOnly/CiwqsReportServlet?reportName=facilityAtAGlance&placeID=273193,145280,WDR,,,,No,0.0
817457,5B20NC00105,Tesoro Viejo WWTP,Tesoro Viejo Master Mutual Water Company,SB,,R5-2016-0057,,https://ciwqs.waterboards.ca.gov/ciwqs/readOnly/CiwqsReportServlet?reportName=facilityAtAGlance&placeID=817457,402537,WDR,,,R5_2016_0057.pdf,No,2.0
270563,5A04NC00001,The Villas at Butte Creek WWTP,The Villas At Butte Creek HA,5R,,01-276,,https://ciwqs.waterboards.ca.gov/ciwqs/readOnly/CiwqsReportServlet?reportName=facilityAtAGlance&placeID=270563,131178,WDR,,,,No,0.0
264524,1B00162RSON,Ratna Ling Retreat Center,,,,97-010-DWQ,,https://ciwqs.waterboards.ca.gov/ciwqs/readOnly/CiwqsReportServlet?reportName=facilityAtAGlance&placeID=264524,,ENROLLEE - WDR,,,,No,0.0
273194,5D540116001,Tipton WWTF,Tipton CSD,5F,,85-170,,https://ciwqs.waterboards.ca.gov/ciwqs/readOnly/CiwqsReportServlet?reportName=facilityAtAGlance&placeID=273194,144214,WDR,,,,No,0.0
267585,4B191097001,Tivoli Cove WWTP,Tivoli Cove Homeowners Association,4,,00-053,,https://ciwqs.waterboards.ca.gov/ciwqs/readOnly/CiwqsReportServlet?reportName=facilityAtAGlance&placeID=267585,147537,WDR,,,,No,0.0
264662,2 215072001,Tomales Village WWTP,Tomales Village CSD,2,,R2-2015-0019,,https://ciwqs.waterboards.ca.gov/ciwqs/readOnly/CiwqsReportServlet?reportName=facilityAtAGlance&placeID=264662,,WDR,,,,No,0.0
267637,,Top O'Topanga Community Association WWTP,,,,,,https://ciwqs.waterboards.ca.gov/ciwqs/readOnly/CiwqsReportServlet?reportName=facilityAtAGlance&placeID=267637,,,,,,No,0.0
273195,5D100117001,Tranquillity WWTF,Tranquillity PUD,5F,,80-081,,https://ciwqs.waterboards.ca.gov/ciwqs/readOnly/CiwqsReportServlet?reportName=facilityAtAGlance&placeID=273195,143396,WDR,,,,No,0.0
266350,3 350103001,Tres Pinos WWTP,Tres Pinos WD,3,,R3-2012-0015,,https://ciwqs.waterboards.ca.gov/ciwqs/readOnly/CiwqsReportServlet?reportName=facilityAtAGlance&placeID=266350,384520,WDR,,,Tres Pinos WDR R3-2012-0015.pdf,No,2.0
229873,1A97069RTRI,Trinity County Waterworks District #1 Hayfork WWTP,Trinity County Waterworks District,1,,R1-2012-0105,,https://ciwqs.waterboards.ca.gov/ciwqs/readOnly/CiwqsReportServlet?reportName=facilityAtAGlance&placeID=229873,366371,WDR,,,12_0105_WDR_Hayfork.pdf,No,1.0
872487,5D540110001,City of Tulare WWTF,Tulare City,SB,,R5-2013-0019,,https://ciwqs.waterboards.ca.gov/ciwqs/readOnly/CiwqsReportServlet?reportName=facilityAtAGlance&placeID=872487,367947,WDR,,,r5-2013-0019.pdf,No,1.0
256309,5D540135001,Sequoia Field WWTF,Tulare Cnty Building Service & Park Dept,5F,,98-166,,https://ciwqs.waterboards.ca.gov/ciwqs/readOnly/CiwqsReportServlet?reportName=facilityAtAGlance&placeID=256309,145550,WDR,,,,No,0.0
237114,5D541012001,Linnell Farm Labor Center,Tulare Cnty Housing Authority,5F,,82-007,,https://ciwqs.waterboards.ca.gov/ciwqs/readOnly/CiwqsReportServlet?reportName=facilityAtAGlance&placeID=237114,143799,WDR,,,,No,0.0
272986,5D540112003,Woodville Farm Labor Center,Tulare Cnty Housing Authority,5F,,82-006,,https://ciwqs.waterboards.ca.gov/ciwqs/readOnly/CiwqsReportServlet?reportName=facilityAtAGlance&placeID=272986,143798,WDR,,,,No,0.0
759028,5C54NC00314,SCICON WWTF,Tulare Cnty Office of Education,5F,Minor,79-163,,https://ciwqs.waterboards.ca.gov/ciwqs/readOnly/CiwqsReportServlet?reportName=facilityAtAGlance&placeID=759028,376781,WDR,,,,No,0.0
219515,5D540136004,Delft Colony WWTF,Tulare Cnty Resource Management Agency,5F,,88-097,,https://ciwqs.waterboards.ca.gov/ciwqs/readOnly/CiwqsReportServlet?reportName=facilityAtAGlance&placeID=219515,144016,WDR,,,,No,0.0
266720,5C550104001,Tuolumne City WWTP,Tuolumne City SD,5F,,R5-2019-0058,,https://ciwqs.waterboards.ca.gov/ciwqs/readOnly/CiwqsReportServlet?reportName=facilityAtAGlance&placeID=266720,431482,WDR,,,R5-2019-0058.pdf,No,3.0
240555,5C550106003,Mi-Wuk Village WW System,Tuolumne Utilities District,5F,,87-043,,https://ciwqs.waterboards.ca.gov/ciwqs/readOnly/CiwqsReportServlet?reportName=facilityAtAGlance&placeID=240555,140207,WDR,,,,No,0.0
266795,5B55NC00004,Twain Harte WWTP,Tuolumne Utilities District,5F,,86-021,,https://ciwqs.waterboards.ca.gov/ciwqs/readOnly/CiwqsReportServlet?reportName=facilityAtAGlance&placeID=266795,148511,WDR,,,,No,0.0
257763,5C550106004,Sonora Regional WWTF,Tuolumne Utilities District,5F,,R5-2024-0016,,https://ciwqs.waterboards.ca.gov/ciwqs/readOnly/CiwqsReportServlet?reportName=facilityAtAGlance&placeID=257763,449436,WDR,,,R5-2024-0016_Sonora Regional WWTF_WDR.pdf,No,3.0
257648,2 482034001,Twin Creek Condominiums (Solano Co) WWTP,Twin Creeks Homeowners Association,2,,90-129,,https://ciwqs.waterboards.ca.gov/ciwqs/readOnly/CiwqsReportServlet?reportName=facilityAtAGlance&placeID=257648,,WDR,,,,No,0.0
222628,2 417133001,Elkus Youth Ranch WWTP,UC Half Moon Bay,2,,92-124,,https://ciwqs.waterboards.ca.gov/ciwqs/readOnly/CiwqsReportServlet?reportName=facilityAtAGlance&placeID=222628,,WDR,,,,No,0.0
220470,5A340700001,Domestic WWTF (SAC CO SD 1),US Air Force Mather AFB,5S,,83-093,,https://ciwqs.waterboards.ca.gov/ciwqs/readOnly/CiwqsReportServlet?reportName=facilityAtAGlance&placeID=220470,139721,WDR,,,,No,0.0
244186,5B051027001,New Hogan Lake Recreational Areas,US Army Corps of Engineers,5S,,98-075,,https://ciwqs.waterboards.ca.gov/ciwqs/readOnly/CiwqsReportServlet?reportName=facilityAtAGlance&placeID=244186,146735,WDR,,,,No,0.0
707474,5C10NC00162,Trimmer Recreation Area - Pine Flat Lake,,,,2014-0153-DWQ,,https://ciwqs.waterboards.ca.gov/ciwqs/readOnly/CiwqsReportServlet?reportName=facilityAtAGlance&placeID=707474,416476,ENROLLEE - WDR,,,Trimmer_NOA_2014-0153-dwq-r5252.pdf,No,1.0
707492,5C10NC00163,Island Park Recreation Area - Pine Flat Lake,,,,2014-0153-DWQ,,https://ciwqs.waterboards.ca.gov/ciwqs/readOnly/CiwqsReportServlet?reportName=facilityAtAGlance&placeID=707492,416477,ENROLLEE - WDR,,,NOAPineFlatLakeIslandPark.pdf,No,2.0
269534,1B79054OSON,USACOE Lake Sonoma Waste System,US Army Corps of Engineers Geyserville,1,,89-040,,https://ciwqs.waterboards.ca.gov/ciwqs/readOnly/CiwqsReportServlet?reportName=facilityAtAGlance&placeID=269534,137891,WDR,,,,No,0.0
236225,5D540701001,Lake Kaweah/Terminus Dam,,,,97-010-DWQ,,https://ciwqs.waterboards.ca.gov/ciwqs/readOnly/CiwqsReportServlet?reportName=facilityAtAGlance&placeID=236225,,ENROLLEE - WDR,,,,No,0.0
259325,5D540112004,Success Reservoir Campground,US Army Corps of Engineers Porterville,5F,,99-081,,https://ciwqs.waterboards.ca.gov/ciwqs/readOnly/CiwqsReportServlet?reportName=facilityAtAGlance&placeID=259325,145995,WDR,,,,No,0.0
230092,5C200701001,Hensley Lake,US Army Corps of Engineers Raymond,5F,,90-152,,https://ciwqs.waterboards.ca.gov/ciwqs/readOnly/CiwqsReportServlet?reportName=facilityAtAGlance&placeID=230092,144396,WDR,,,,No,0.0
222803,5A290600001,Englebright Lake WWTF,,,,97-010-DWQ,,https://ciwqs.waterboards.ca.gov/ciwqs/readOnly/CiwqsReportServlet?reportName=facilityAtAGlance&placeID=222803,,ENROLLEE - WDR,,,,No,0.0
225534,3 270701001,Fort Hunter Liggett WWTP,,,,94-031,,https://ciwqs.waterboards.ca.gov/ciwqs/readOnly/CiwqsReportServlet?reportName=facilityAtAGlance&placeID=225534,146930,WDR,,,,No,0.0
256893,6A180020000,Sierra Army Depot Sewage Treatment Plant,US Army Sierra Army Depot,6T,,01-025,,https://ciwqs.waterboards.ca.gov/ciwqs/readOnly/CiwqsReportServlet?reportName=facilityAtAGlance&placeID=256893,148155,WDR,,,,No,0.0
269543,1B72033OSON,US Coast Guard TRACEN - Tomales,US Coast Guard Tracen,1,,R1-2012-0033,,https://ciwqs.waterboards.ca.gov/ciwqs/readOnly/CiwqsReportServlet?reportName=facilityAtAGlance&placeID=269543,319757,WDR,,,12_0033_WDR_USCG.pdf,No,2.0
269543,1B72033OSON,US Coast Guard TRACEN - Tomales,US Coast Guard Tracen,1,,R1-2012-0033,,https://ciwqs.waterboards.ca.gov/ciwqs/readOnly/CiwqsReportServlet?reportName=facilityAtAGlance&placeID=269543,319757,WDR,,,12_0033_WDR_USCG_MRPRevision.pdf,No,2.0
859673,7A130139001,Calexico Border Patrol Station,US Customs & Border Protection,7,,2014-0153-DWQ,,https://ciwqs.waterboards.ca.gov/ciwqs/readOnly/CiwqsReportServlet?reportName=facilityAtAGlance&placeID=859673,432945,ENROLLEE - WDR,,,7A130139001_NOA.pdf,No,1.0
219280,5B390701004,"DDJC, Tracy - WWTP, Stormwater","US Dept of Defense, Defense Logistics Agency",5S,,96-122,,https://ciwqs.waterboards.ca.gov/ciwqs/readOnly/CiwqsReportServlet?reportName=facilityAtAGlance&placeID=219280,146219,WDR,,,,No,0.0
237194,2 019062001,"V.A. Med Center, Livermore-WWTP",US Dept of Veterans Affair (PAHCS),2,,89-125,,https://ciwqs.waterboards.ca.gov/ciwqs/readOnly/CiwqsReportServlet?reportName=facilityAtAGlance&placeID=237194,,WDR,,,,No,0.0
263080,5A520703001,Tehama-Colusa Canal Facility Sewage,US Fish & Wildlife Service Red Bluff,5R,,90-007,,https://ciwqs.waterboards.ca.gov/ciwqs/readOnly/CiwqsReportServlet?reportName=facilityAtAGlance&placeID=263080,133623,WDR,,,,No,0.0
269591,6A260154101,USMC-MWTC WWTC,US Marine Corps Coleville,6T,,93-072,,https://ciwqs.waterboards.ca.gov/ciwqs/readOnly/CiwqsReportServlet?reportName=facilityAtAGlance&placeID=269591,145259,WDR,,,,No,0.0
269589,7A360702011,USMC - Mainside WWTF,US Marine Corps Twentynine Palms NREA AGCC,7,,R7-2016-0032,,https://ciwqs.waterboards.ca.gov/ciwqs/readOnly/CiwqsReportServlet?reportName=facilityAtAGlance&placeID=269589,405195,WDR,,,R7-2016-0032.pdf,No,2.0
236857,5D160700001,Lemoore NAS WWTF,US Navy Naval Air Station Lemoore,5F,,R5-2002-0062,,https://ciwqs.waterboards.ca.gov/ciwqs/readOnly/CiwqsReportServlet?reportName=facilityAtAGlance&placeID=236857,131463,WDR,,,,No,0.0
243988,5A48NC00001,Naval Radio Transmitting Fac,,,,97-010-DWQ,,https://ciwqs.waterboards.ca.gov/ciwqs/readOnly/CiwqsReportServlet?reportName=facilityAtAGlance&placeID=243988,194593,ENROLLEE - WDR,,,,No,0.0
867598,4A568201057,San Nicolas Island WWTP,,,,2014-0153-DWQ,,https://ciwqs.waterboards.ca.gov/ciwqs/readOnly/CiwqsReportServlet?reportName=facilityAtAGlance&placeID=867598,438843,ENROLLEE - WDR,,,,No,4.0
260064,4B190703003,San Clemente Island WWTP,US Navy Naval Facilities Engineering Command Southwest,4,Minor,R4-2018-0156,CA0110175,https://ciwqs.waterboards.ca.gov/ciwqs/readOnly/CiwqsReportServlet?reportName=facilityAtAGlance&placeID=260064,420106,NPDES PERMIT,388399,4B190703003,6432_R4-2018-0156_WDR_PKG.pdf,No,2.0
260064,4B190703003,San Clemente Island WWTP,US Navy Naval Facilities Engineering Command Southwest,4,Minor,R4-2018-0156,CA0110175,https://ciwqs.waterboards.ca.gov/ciwqs/readOnly/CiwqsReportServlet?reportName=facilityAtAGlance&placeID=260064,420106,NPDES PERMIT,388399,4B190703003,6432_R4-2013-0111_WDR_PKG.pdf,No,2.0
269584,1B73118OHUM,USFS Orleans Ranger Station STP,USDA Forest Service Six Rivers NF Eureka,1,,86-164,,https://ciwqs.waterboards.ca.gov/ciwqs/readOnly/CiwqsReportServlet?reportName=facilityAtAGlance&placeID=269584,,WDR,,,,No,0.0
204492,5A280700001,Admin Center & Oak Shores Day Use Area,USDI Bureau of Reclamation Napa,5S,,5-00-202,,https://ciwqs.waterboards.ca.gov/ciwqs/readOnly/CiwqsReportServlet?reportName=facilityAtAGlance&placeID=204492,148092,WDR,,,,No,0.0
266792,5C550705001,Tuttletown Recreation Area,USDI Bureau of Reclamation Sacramento,5F,,87-084,,https://ciwqs.waterboards.ca.gov/ciwqs/readOnly/CiwqsReportServlet?reportName=facilityAtAGlance&placeID=266792,140214,WDR,,,,No,0.0
227381,5B05NC00004,New Melones Lake Glory Hole Recreation Area,USDI Bureau of Reclamation Sonora,5S,,R5-2002-0125,,https://ciwqs.waterboards.ca.gov/ciwqs/readOnly/CiwqsReportServlet?reportName=facilityAtAGlance&placeID=227381,131480,WDR,,,,No,0.0
902865,,DVNP Cow Creek RO Plant,,,,,,https://ciwqs.waterboards.ca.gov/ciwqs/readOnly/CiwqsReportServlet?reportName=facilityAtAGlance&placeID=902865,,,,,,No,0.0
259143,6B140704001,Stovepipe Wells Village,USDI National Park Service Death Valley  SW Village,6V,,96-161,,https://ciwqs.waterboards.ca.gov/ciwqs/readOnly/CiwqsReportServlet?reportName=facilityAtAGlance&placeID=259143,147582,WDR,,,,No,0.0
219738,5C200700001,USDI NPD Devils Postpile Facilities,USDI National Park Service Devils Postpile,5F,,73-189,,https://ciwqs.waterboards.ca.gov/ciwqs/readOnly/CiwqsReportServlet?reportName=facilityAtAGlance&placeID=219738,143444,WDR,,,,No,0.0
206529,5D541003004,Ash Mountain WWTF,USDI National Park Service Sequoia & Kings Canyon,5F,,81-098,,https://ciwqs.waterboards.ca.gov/ciwqs/readOnly/CiwqsReportServlet?reportName=facilityAtAGlance&placeID=206529,143762,WDR,,,,No,0.0
269335,5C54NC00167,Upper Sherman Tree OWTS,,,,97-010-DWQ,,https://ciwqs.waterboards.ca.gov/ciwqs/readOnly/CiwqsReportServlet?reportName=facilityAtAGlance&placeID=269335,194952,ENROLLEE - WDR,,,,No,0.0
227781,5D540700001,Grant Grove WWTF,USDI National Park Service Sequoia & Kings Canyon,5F,,86-103,,https://ciwqs.waterboards.ca.gov/ciwqs/readOnly/CiwqsReportServlet?reportName=facilityAtAGlance&placeID=227781,144637,WDR,,,,No,0.0
214873,5D541003003,Clover Creek WWTF,USDI National Park Service Sequoia & Kings Canyon,5F,,2014-0153-DWQ-R5342,,https://ciwqs.waterboards.ca.gov/ciwqs/readOnly/CiwqsReportServlet?reportName=facilityAtAGlance&placeID=214873,439609,WDR,,,2014-0153-dwq_r5342.pdf,No,2.0
213791,5D540700002,Cedar Grove WWTF,USDI National Park Service Sequoia & Kings Canyon,5F,,97-033,,https://ciwqs.waterboards.ca.gov/ciwqs/readOnly/CiwqsReportServlet?reportName=facilityAtAGlance&placeID=213791,146274,WDR,,,,No,0.0
208519,5C220701003,Badger Pass WWTF,USDI National Park Service Yosemite National Park,5F,,79-072,,https://ciwqs.waterboards.ca.gov/ciwqs/readOnly/CiwqsReportServlet?reportName=facilityAtAGlance&placeID=208519,144924,WDR,,,,No,0.0
826481,5B22NC00012,South Entrance Wastewater Facility,,,,2014-0153-DWQ,,https://ciwqs.waterboards.ca.gov/ciwqs/readOnly/CiwqsReportServlet?reportName=facilityAtAGlance&placeID=826481,407774,ENROLLEE - WDR,,,2014-0153-DWQ-R5208.pdf,No,4.0
816491,5B22NC00011,"Lower Grove OWTS, Mariposa Grove of Giant Sequoias",,,,2014-0153-DWQ,,https://ciwqs.waterboards.ca.gov/ciwqs/readOnly/CiwqsReportServlet?reportName=facilityAtAGlance&placeID=816491,402043,ENROLLEE - WDR,,,2014-0153-DWQ-R5188.pdf,No,2.0
274505,5C550700003,White Wolf WWTF,USDI National Park Service Yosemite National Park,5F,,93-062,,https://ciwqs.waterboards.ca.gov/ciwqs/readOnly/CiwqsReportServlet?reportName=facilityAtAGlance&placeID=274505,140862,WDR,,,,No,0.0
274504,5C550700001,Tuolumne Meadows WWTF,USDI National Park Service Yosemite National Park,5F,,92-015,,https://ciwqs.waterboards.ca.gov/ciwqs/readOnly/CiwqsReportServlet?reportName=facilityAtAGlance&placeID=274504,141997,WDR,,,,No,0.0
274503,5C550700002,Yosemite Nat Prk Hodgdon MDW,USDI National Park Service Yosemite National Park,5F,,93-063,,https://ciwqs.waterboards.ca.gov/ciwqs/readOnly/CiwqsReportServlet?reportName=facilityAtAGlance&placeID=274503,140863,WDR,,,,No,0.0
227217,5C220701001,Glacier Point WWTF,USDI National Park Service Yosemite National Park,5F,,2014-0153-DWQ-R5349,,https://ciwqs.waterboards.ca.gov/ciwqs/readOnly/CiwqsReportServlet?reportName=facilityAtAGlance&placeID=227217,439532,WDR,,,2014-0153-dwq_r5349.pdf,No,2.0
806315,1B14046RMEN,Ukiah City Recycled Water Program,,,,2016-0068-DDW,,https://ciwqs.waterboards.ca.gov/ciwqs/readOnly/CiwqsReportServlet?reportName=facilityAtAGlance&placeID=806315,,ENROLLEE - WDR,,,,No,0.0
835506,5C54NC00327,University of California Animal Health and Food Safety (CAHFS) Laboratory,,,,2014-0153-DWQ,,https://ciwqs.waterboards.ca.gov/ciwqs/readOnly/CiwqsReportServlet?reportName=facilityAtAGlance&placeID=835506,413452,ENROLLEE - WDR,,,CAHFS_WWTF_NOA.pdf,No,2.0
270618,1B83045OSON,Vintners Inn,"VR Acquisition, LLC",1,,R1-2002-0087,,https://ciwqs.waterboards.ca.gov/ciwqs/readOnly/CiwqsReportServlet?reportName=facilityAtAGlance&placeID=270618,132042,WDR,,,,No,0.0
240177,9 000000247,Meadowlark WRF,Vallecitos Water District,9,,R9-2007-0018,,https://ciwqs.waterboards.ca.gov/ciwqs/readOnly/CiwqsReportServlet?reportName=facilityAtAGlance&placeID=240177,324379,WDR,,,Order No.R9-2007-0018.pdf,No,1.0
237543,9 000000236,Lower Moosa Canyon Recl Facil,Valley Center MWD,9,,95-032,,https://ciwqs.waterboards.ca.gov/ciwqs/readOnly/CiwqsReportServlet?reportName=facilityAtAGlance&placeID=237543,142567,WDR,,,,No,0.0
272975,9 000000830,Woods Valley Ranch Water Reclamation Facility,Valley Center MWD,9,,R9-2015-0104,,https://ciwqs.waterboards.ca.gov/ciwqs/readOnly/CiwqsReportServlet?reportName=facilityAtAGlance&placeID=272975,403881,WDR,,,Order No. R9-2015-0104- final.pdf,No,1.0
270105,5B050104001,Valley Springs SD WWTF,Valley Springs SD,5S,,R5-2005-0066,,https://ciwqs.waterboards.ca.gov/ciwqs/readOnly/CiwqsReportServlet?reportName=facilityAtAGlance&placeID=270105,133379,WDR,,,r5-2005-0066_WDR.pdf,No,2.0
777018,,Silicon Valley Advanced Water Purification Center (Valley Water),,,,,,https://ciwqs.waterboards.ca.gov/ciwqs/readOnly/CiwqsReportServlet?reportName=facilityAtAGlance&placeID=777018,,,,,,No,0.0
838760,6B191602004,Antelope Acres Commercial Center,,,,2014-0153-DWQ,,https://ciwqs.waterboards.ca.gov/ciwqs/readOnly/CiwqsReportServlet?reportName=facilityAtAGlance&placeID=838760,415718,ENROLLEE - WDR,,,AntelopeAcresNOA.pdf,No,2.0
267596,4A560121001,Todd Road Jail WWTP,Ventura County Water and Sanitation,4,,R4-2011-0193,,https://ciwqs.waterboards.ca.gov/ciwqs/readOnly/CiwqsReportServlet?reportName=facilityAtAGlance&placeID=267596,377941,WDR,,,7418_R4-2011-0193_WDR_PKG.pdf,No,2.0
848096,4A560103002,Moorpark WRF - WDR,Ventura County Water and Sanitation,4,Major,R4-2023-0089,,https://ciwqs.waterboards.ca.gov/ciwqs/readOnly/CiwqsReportServlet?reportName=facilityAtAGlance&placeID=848096,452807,WDR,,,6374_R4-2023-0089_WDR_PKG.pdf.pdf,No,1.0
734616,4A560114007,New Piru WTF,Ventura County Water and Sanitation,4,,R4-2023-0292,,https://ciwqs.waterboards.ca.gov/ciwqs/readOnly/CiwqsReportServlet?reportName=facilityAtAGlance&placeID=734616,452458,WDR,,,5714_R4-2023-0292.pdf,No,3.0
260486,4A560109001,Jose Flores WWTP,Ventura Regional Sanitation District,4,,R4-2013-0092,,https://ciwqs.waterboards.ca.gov/ciwqs/readOnly/CiwqsReportServlet?reportName=facilityAtAGlance&placeID=260486,389785,WDR,,,1761_2013-0092_WDR_PKG.pdf,No,1.0
761913,6B360907006,VVWRA Sub-Regional Plant-Apple Valley,Victor Valley Wastewater Reclamation Authority,SB,,R6V-2013-0004,,https://ciwqs.waterboards.ca.gov/ciwqs/readOnly/CiwqsReportServlet?reportName=facilityAtAGlance&placeID=761913,377321,WDR,,,r6v-2013-0004_wdr_av_subreg.pdf,No,3.0
761903,6B360907005,VVWRA- Sub-Regional Plant-Hesperia,Victor Valley Wastewater Reclamation Authority,SB,,R6V-2013-0005,,https://ciwqs.waterboards.ca.gov/ciwqs/readOnly/CiwqsReportServlet?reportName=facilityAtAGlance&placeID=761903,377320,WDR,,,r6v-2013-0005wdr_hesperia_subreg.pdf,No,3.0
747480,6B360911001,SCLA Central WWTP-Victorville Water Dist,Victorville City,SB,,R6V-2014-0002,,https://ciwqs.waterboards.ca.gov/ciwqs/readOnly/CiwqsReportServlet?reportName=facilityAtAGlance&placeID=747480,394630,WDR,,,R6V-2014-0002Adopted_Wdr_CityofVictorville.pdf,No,8.0
208536,5A320119001,Bailey Creek WWTF,Walker Ranch CSD,5R,,96-264,,https://ciwqs.waterboards.ca.gov/ciwqs/readOnly/CiwqsReportServlet?reportName=facilityAtAGlance&placeID=208536,134285,WDR,,,,No,0.0
759421,5C16NC00138,Wal-Mart Hanford Pharmacy Distribution Facility,,,,2003-0003-DWQ,,https://ciwqs.waterboards.ca.gov/ciwqs/readOnly/CiwqsReportServlet?reportName=facilityAtAGlance&placeID=759421,376901,ENROLLEE - WDR,,,,No,2.0
273196,5D150117001,Wasco WWTF,Wasco City,SB,,R5-2002-0198,,https://ciwqs.waterboards.ca.gov/ciwqs/readOnly/CiwqsReportServlet?reportName=facilityAtAGlance&placeID=273196,131603,WDR,,,,No,0.0
272945,6A020013000,Woodfords Indian Colony WTDF,Washoe Tribe of Nevada & California,6T,,95-021,,https://ciwqs.waterboards.ca.gov/ciwqs/readOnly/CiwqsReportServlet?reportName=facilityAtAGlance&placeID=272945,145322,WDR,,,,No,0.0
271836,5C500113001,Waterford WWTP,Waterford City,SB,,94-273,,https://ciwqs.waterboards.ca.gov/ciwqs/readOnly/CiwqsReportServlet?reportName=facilityAtAGlance&placeID=271836,140995,WDR,,,,No,0.0
271915,1A84072OTRI,Weaverville SD WWTP,Weaverville Sanitary District,1,,R1-2018-0004,,https://ciwqs.waterboards.ca.gov/ciwqs/readOnly/CiwqsReportServlet?reportName=facilityAtAGlance&placeID=271915,381306,WDR,,,18_0004_Weaverville_WDR_.pdf,No,1.0
271942,1A80192OSIS,Weed Shastina WWTP,Weed City Dept of Public Works,1,,96-07002,,https://ciwqs.waterboards.ca.gov/ciwqs/readOnly/CiwqsReportServlet?reportName=facilityAtAGlance&placeID=271942,138756,WDR,,,,No,0.0
271945,1A80191OSIS,Weed WWTP,Weed City Dept of Public Works,1,,96-07001,,https://ciwqs.waterboards.ca.gov/ciwqs/readOnly/CiwqsReportServlet?reportName=facilityAtAGlance&placeID=271945,138755,WDR,,,,No,0.0
272009,1B87042NHUM,Weott WWTP,Weott CSD,1,,R1-2019-0003,,https://ciwqs.waterboards.ca.gov/ciwqs/readOnly/CiwqsReportServlet?reportName=facilityAtAGlance&placeID=272009,428683,WDR,,,19_0003_Weott_CSD_WWTP_WDR.pdf,No,1.0
236178,5A320104002,Lake Almanor West,West Almanor Mutual Water Co,5R,,97-254,,https://ciwqs.waterboards.ca.gov/ciwqs/readOnly/CiwqsReportServlet?reportName=facilityAtAGlance&placeID=236178,134598,WDR,,,,No,0.0
824178,,Edward C. Little WRP- West Coast Basin Barrier Project - Expansion Phase III,,,,,,https://ciwqs.waterboards.ca.gov/ciwqs/readOnly/CiwqsReportServlet?reportName=facilityAtAGlance&placeID=824178,,,,,,No,0.0
864895,,Sharon Heights Recycled Water Facility,,,,,,https://ciwqs.waterboards.ca.gov/ciwqs/readOnly/CiwqsReportServlet?reportName=facilityAtAGlance&placeID=864895,,,,,,No,0.0
259153,8 361066001,Western Hills WWRF,West Hills Golf Associates Ltd,8,Minor,99-054,,https://ciwqs.waterboards.ca.gov/ciwqs/readOnly/CiwqsReportServlet?reportName=facilityAtAGlance&placeID=259153,144369,WDR,,,,No,0.0
259198,8 330700001,Western Water Recycling Facility,Western Municipal Water District,8,,R8-2003-0113,,https://ciwqs.waterboards.ca.gov/ciwqs/readOnly/CiwqsReportServlet?reportName=facilityAtAGlance&placeID=259198,132543,WDR,,,,No,0.0
272279,5C500111001,Westley Comm Sewage Trt Fac,Westley Community Service District,5S,,93-087,,https://ciwqs.waterboards.ca.gov/ciwqs/readOnly/CiwqsReportServlet?reportName=facilityAtAGlance&placeID=272279,140871,WDR,,,,No,0.0
272298,1B75260OMEN,Westport CWD,Westport CWD,1,,96-028,,https://ciwqs.waterboards.ca.gov/ciwqs/readOnly/CiwqsReportServlet?reportName=facilityAtAGlance&placeID=272298,138704,WDR,,,,No,0.0
272344,5A180102001,Westwood STP,Westwood CSD,5R,,R5-2019-0061,,https://ciwqs.waterboards.ca.gov/ciwqs/readOnly/CiwqsReportServlet?reportName=facilityAtAGlance&placeID=272344,429567,WDR,,,R5-2019-0061.pdf,No,1.0
214671,5A580103001,City of Wheatland WWTP,Wheatland City,5S,,91-069,,https://ciwqs.waterboards.ca.gov/ciwqs/readOnly/CiwqsReportServlet?reportName=facilityAtAGlance&placeID=214671,141085,WDR,,,,No,0.0
272418,9 000000157,Whispering Palms WPCF,Whispering Palms Community Services District,9,,R9-1994-0080,,https://ciwqs.waterboards.ca.gov/ciwqs/readOnly/CiwqsReportServlet?reportName=facilityAtAGlance&placeID=272418,142238,WDR,,,,No,0.0
272456,5A321018001,Whitehawk Ranch WWTP,Whitehawk Ranch Mutual Water Company,5R,,92-127,,https://ciwqs.waterboards.ca.gov/ciwqs/readOnly/CiwqsReportServlet?reportName=facilityAtAGlance&placeID=272456,134022,WDR,,,,No,0.0
812326,1B14140RHUM,Willow Creek CSD WWTF,Willow Creek CSD,1,,R1-2024-0005,,https://ciwqs.waterboards.ca.gov/ciwqs/readOnly/CiwqsReportServlet?reportName=facilityAtAGlance&placeID=812326,399504,WDR,,,20240208_WillowCreek_WDR (002)_signed.pdf,No,1.0
272837,5A570104001,Winters WWTF,Winters City,5S,,R5-2002-0136,,https://ciwqs.waterboards.ca.gov/ciwqs/readOnly/CiwqsReportServlet?reportName=facilityAtAGlance&placeID=272837,131692,WDR,,,,No,0.0
807814,5A57NC00040,Winters City WTF,,,,2016-0068-DDW,,https://ciwqs.waterboards.ca.gov/ciwqs/readOnly/CiwqsReportServlet?reportName=facilityAtAGlance&placeID=807814,397392,ENROLLEE - WDR,,,,No,4.0
272919,5B390109001,Woodbridge SD-Sewage Treatment,Woodbridge Sanitary District,5S,,93-213,,https://ciwqs.waterboards.ca.gov/ciwqs/readOnly/CiwqsReportServlet?reportName=facilityAtAGlance&placeID=272919,141175,WDR,,,,No,0.0
273140,5D540114001,Woodlake WWTF,Woodlake City,SB,,R5-2009-0103,,https://ciwqs.waterboards.ca.gov/ciwqs/readOnly/CiwqsReportServlet?reportName=facilityAtAGlance&placeID=273140,371066,WDR,,,R5-2009-0103.pdf,No,1.0
273197,5D540115001,Woodville WWTF,Woodville PUD,5F,,86-108,,https://ciwqs.waterboards.ca.gov/ciwqs/readOnly/CiwqsReportServlet?reportName=facilityAtAGlance&placeID=273197,144641,WDR,,,,No,0.0
272537,5A57NC00004,Wild Wings Water Recycling Facility,Yolo Cnty,5S,,R5-2002-0077,,https://ciwqs.waterboards.ca.gov/ciwqs/readOnly/CiwqsReportServlet?reportName=facilityAtAGlance&placeID=272537,131300,WDR,,,,No,0.0
219219,5A570112001,Davis Migrant Center WWTF,Yolo Cnty Housing Authority,5S,,2014-0153-DWQ,,https://ciwqs.waterboards.ca.gov/ciwqs/readOnly/CiwqsReportServlet?reportName=facilityAtAGlance&placeID=219219,,WDR,,,,No,0.0
220385,5A480107001,Dixon Migrant Center WWTF,Yolo Cnty Housing Authority,5S,,5-01-015,,https://ciwqs.waterboards.ca.gov/ciwqs/readOnly/CiwqsReportServlet?reportName=facilityAtAGlance&placeID=220385,148816,WDR,,,,No,0.0
214903,5C201007001,Yosemite Lakes Clubhouse Facility,Yosemite Lakes Park Inc,5F,,85-114,,https://ciwqs.waterboards.ca.gov/ciwqs/readOnly/CiwqsReportServlet?reportName=facilityAtAGlance&placeID=214903,144171,WDR,,,,No,0.0
213792,5C221019001,Cedar Lodge WWTF,Yosemite Motels General Partnership,5F,,98-069,,https://ciwqs.waterboards.ca.gov/ciwqs/readOnly/CiwqsReportServlet?reportName=facilityAtAGlance&placeID=213792,145503,WDR,,,,No,0.0
274512,5C551039001,Yosemite Vista Estates,Yosemite Vista Estates,5F,,00-201,,https://ciwqs.waterboards.ca.gov/ciwqs/readOnly/CiwqsReportServlet?reportName=facilityAtAGlance&placeID=274512,148098,WDR,,,,No,0.0
274534,1A00016RSIS,Yreka Biosolids Disposal Facility,Yreka City,1,,00-032,,https://ciwqs.waterboards.ca.gov/ciwqs/readOnly/CiwqsReportServlet?reportName=facilityAtAGlance&placeID=274534,,WDR,,,,No,0.0
274538,1A84073OSIS,Yreka City WWTP,Yreka City,1,,R1-2021-0016,,https://ciwqs.waterboards.ca.gov/ciwqs/readOnly/CiwqsReportServlet?reportName=facilityAtAGlance&placeID=274538,423596,WDR,,,21_0016_Yreka_WDR.pdf,No,1.0
274558,5A581009001,Yuba Cnty Motorplex WWTF,Yuba Cnty Motorplex LLC,5S,,5-00-076,,https://ciwqs.waterboards.ca.gov/ciwqs/readOnly/CiwqsReportServlet?reportName=facilityAtAGlance&placeID=274558,140419,WDR,,,,No,0.0
