Agency,Agency Address,Facility Name,Facility Address,Latitude,Longitude,Place/Project Type,SIC/NAICS,County,Region,Program,Regulatory Measure Status,Regulatory Measure Type,Order No.,WDID,NPDES No.,Adoption Date,Effective Date,Termination Date,Expiration/Review Date,Design Flow,Major/Minor,Complexity,TTWQ,CAF Population,CAF Subtype,AEU,# Enforcement Actions within 5 years,# Violations within 5 years,Unnamed: 29
Yreka City,"701 Fourth Street, Yreka, CA 96097",Yreka Biosolids Disposal Facility,"1614  East Oberlin Road, Yreka, CA 96097",41.71535,-122.61038,Wastewater Treatment Facility,,Siskiyou,1,WDRMUNIOTH,Active,WDR,00-032,1A00016RSIS,,04/27/2000,04/27/2000,,2010-04-27,0,,B,2,,,,0,0,
JH Ranch,"8525 Homestead Lane, Etna, CA 96027",JH Ranch,"8525 Homestead Lane, Etna, CA 96027",41.36561,-122.90496,Wastewater Treatment Facility,562991,Siskiyou,1,WDRMUNIOTH,Active,WDR,R1-2016-0013,1A14143RSIS,,04/07/2016,04/07/2016,,2031-04-07,0.045,,C,3,,,,0,29,
CA Dept of Trans D1,"1656 Union Street, Eureka, CA 95501",CDOT Collier Tunnel Rest Area,"Highway 199, Gasquet, CA 95543",41.89934,-123.7697,Wastewater Treatment Facility,,Del Norte,1,WDRMUNIOTH,Active,Enrollee - WDR,2014-0153-DWQ,1A171868RDN,,,06/18/2018,,2029-09-23,0.001900,,B,3,,,,0,0,
"Plant Sciences, Inc.","Po Box 269, Macdoel, CA 96058","Plant Sciences, Inc. Juniper Village 2, Macdoel Middle School","13001 Old State Highway, Macdoel, CA 96058",41.81352,-122.00554,Wastewater Treatment Facility,,Siskiyou,1,WDRMUNIOTH,Active,Enrollee - WDR,2014-0153-DWQ,1A25094RSIS,,,08/27/2025,,2029-09-23,,,C,3,,,,0,0,
Happy Camp Sanitation District,"Po Box 378, Happy Camp, CA 96039",Happy Camp WWTP,"Highway 96, Happy Camp, CA 96039",41.77696,-123.39872,Wastewater Treatment Facility,4952,Siskiyou,1,WDRMUNILRG,Active,WDR,R1-2022-0011,1A75211OSIS,,06/09/2022,06/09/2022,,2037-06-09,.32,,B,3,,,,0,9,
Montague City,"Po Box 428, Montague, CA 96064",Montague STP,"1030 13th Street, Montague, CA 96064",41.73401,-122.53957,Wastewater Treatment Facility,4952,Siskiyou,1,WDRMUNILRG,Active,WDR,96-068,1A76081OSIS,,09/26/1996,09/26/1996,,2014-09-24,.24,,B,3,,,,0,6,
Grenada Sanitary District,"Po Box 371, Grenada, CA 96038",Grenada Sanitary District STP,"Grenada-Road A-12, Montague, CA 96064",41.64724,-122.53064,Wastewater Treatment Facility,4952,Siskiyou,1,WDRMUNIOTH,Active,WDR,87-12101,1A76162OSIS,,09/24/1987,09/24/1987,,2027-09-23,.023,,B,3,,,,0,0,
Dorris City,"Po Box 768, Dorris, CA 96023",Dorris City STP,"Highway 97, Dorris, CA 96023",41.95848,-121.92127,Wastewater Treatment Facility,4952,Siskiyou,1,WDRMUNILRG,Active,WDR,98-004,1A77141OSIS,,02/26/1998,02/26/1998,,2013-02-24,.12,,B,2,,,,1,4,
Newell CWD,"405 Fifth Avenue, Tulelake, CA 96134",Newell CWD STP,"113 Highway, Tulelake, CA 96134",41.89846,-121.36382,Wastewater Treatment Facility,4952,Modoc,1,WDRMUNIOTH,Active,WDR,97-093,1A78041OMOD,,09/25/1997,09/25/1997,,2014-09-25,.057,,B,3,,,,0,0,
Lake Shastina CSD,"16309 Everhart Drive, Weed, CA 96094-9400",Lake Shastina CSD STP,"County Road 20, Weed, CA 96094",41.557222,-122.3775,Wastewater Treatment Facility,4952,Siskiyou,1,WDRMUNILRG,Active,WDR,R1-2012-0029,1A79010OSIS,,06/07/2012,06/07/2012,,2022-06-07,.132,,B,3,,,,0,0,
Weed City Dept of Public Works,"Po Box 470, Weed, CA 96094",Weed WWTP,"1542 Alameda Street, Weed, CA 96094",41.43869,-122.40343,Wastewater Treatment Facility,4952,Siskiyou,1,WDRMUNILRG,Active,WDR,96-07001,1A80191OSIS,,09/26/1996,09/26/1996,,2016-09-24,.378,,B,3,,,,0,0,
Weed City Dept of Public Works,"Po Box 470, Weed, CA 96094",Weed Shastina WWTP,"Highway 97, Weed, CA 96094",41.434853,-122.404647,Wastewater Treatment Facility,4952,Siskiyou,1,WDRMUNILRG,Active,WDR,96-07002,1A80192OSIS,,09/26/1996,09/26/1996,,2016-09-24,.295,,B,3,,,,0,1,
Montair Subdivision Homeowners Association,"216 Montair Drive, Montague, CA 96064","Montair Subdivision, STP","Highway 3 & Montague  Road, Montague, CA 96064",41.72695,-122.57033,Wastewater Treatment Facility,4952,Siskiyou,1,WDRMUNIOTH,Active,WDR,81-131,1A81131OSIS,,05/28/1981,05/28/1981,,2019-05-24,.013,,C,3,,,,1,1,
Fort Jones City,"Po Box 40, Fort Jones, CA 96032",Fort Jones City WWTP,"Scott River Road, Fort Jones, CA 96032",41.60539,-122.8588,Wastewater Treatment Facility,4952,Siskiyou,1,WDRMUNIOTH,Active,WDR,R1-2014-0029,1A81157OSIS,,06/19/2014,06/19/2014,,2024-06-19,.06,,B,2,,,,0,7,
Etna City,"Po Box 460, Etna, CA 96027",Etna STP,"Island  Road, Etna, CA 96027",41.46602,-122.88522,Wastewater Treatment Facility,4952,Siskiyou,1,WDRMUNIOTH,Active,WDR,R1-2015-0026,1A82104OSIS,,06/18/2015,06/18/2015,,2025-06-18,.130,,B,2,,,,0,10,
Lewiston Community Services District,"Po Box 164, Lewiston, CA 96052","Lewiston CSD WWTP, POTW","Old Lewiston Road at Viola Lane, Lewiston, CA 96052",40.70358,-122.80943,Wastewater Treatment Facility,4952,Trinity,1,WDRMUNIOTH,Active,WDR,R1-2020-0024,1A83052OTRI,,10/15/2020,10/15/2020,,2030-10-15,0.04,,B,2,,,,0,2,
Tulelake City,"Po Box 847, Tulelake, CA 96134",Tulelake City WWTP,"1000 Dean Callas Way, Tulelake, CA 96134",41.94825,-121.47026,Wastewater Treatment Facility,4952,Siskiyou,1,"NPDMUNIOTH, WDRMUNILRG",Active,WDR,R1-2015-0002,1A84002OSIS,CA0023272,03/12/2015,12/13/2017,,2025-03-12,.18,Minor,B,2,,,,1,8,
Crescent City,"377 J Street, Crescent City, CA 95531",Crescent City WWTP,"210 Battery Street, Crescent City, CA 95531",41.747406,-124.201159,Wastewater Treatment Facility,4952,Del Norte,1,"NPDMUNILRG, SLIC",Active,NPDES Permit,R1-2023-0039,1A84006ODN,CA0022756,12/12/2023,02/01/2024,,2029-01-31,1.86,Major,A,1,,,,3,131,
Weaverville Sanitary District,"Po Box 1269, Weaverville, CA 96093",Weaverville SD WWTP,"630 Mountain View Street, Weaverville, CA 96093",40.71636,-122.93475,Wastewater Treatment Facility,4952,Trinity,1,WDRMUNILRG,Active,WDR,R1-2018-0004,1A84072OTRI,,04/19/2018,04/19/2018,,2028-04-19,.5,,B,3,,,,0,0,
Yreka City,"701 Fourth Street, Yreka, CA 96097",Yreka City WWTP,"856 North Main  Street, Yreka, CA 96097",41.7441,-122.63073,Wastewater Treatment Facility,4952,Siskiyou,1,"SLIC, WDRMUNILRG",Active,WDR,R1-2021-0016,1A84073OSIS,,06/17/2021,06/17/2021,,2031-06-17,1.4,,B,2,,,,0,0,
Klamath CSD Del Norte Community Development,"Po Box 430, Klamath, CA 95548",Klamath CSD STP (Del Norte Community Development),"Klamath  Boulevard, Klamath, CA 95548",41.53492,-124.04454,Wastewater Treatment Facility,4952,Del Norte,1,WDRMUNIOTH,Active,WDR,84-118,1A84118ODN,,09/27/1984,09/27/1984,,2029-09-25,.002,,C,2,,,,0,0,
Redwood Park CSD,"Po Box 650, Klamath, CA 95548-0083",Redwood Park STP,"101 Highway, Redwood Park, CA 95548",41.67316,-124.11389,Wastewater Treatment Facility,4952,Del Norte,1,WDRMUNIOTH,Active,WDR,R1-1988-0078,1A88030RDN,,06/23/1988,06/23/1988,,2018-09-18,.004,,C,2,,,,0,0,
Tennant CSD,"13515 Tennant Road, Macdoel, CA 96058",Tennant CSD ST/LF,"13515 Tennant, Macdoel, CA 96058",41.588056,-121.90888,Wastewater Treatment Facility,4952,Siskiyou,1,WDRMUNIOTH,Active,WDR,R1-2016-0019,1A88031RSIS,,06/16/2016,06/16/2016,,2026-06-16,.0373,,C,2,,,,0,0,
Ca Dept of Corrections & Rehabilitation,"9838 Old Placerville Road B, Sacramento, CA 95827",CDC Pelican Bay Prison WWTP,"5905 Lake Earl Drive, Crescent City, CA 95532",41.8501,-124.1529,Wastewater Treatment Facility,9223,Del Norte,1,WDRMUNILRG,Active,Waiver,R1-2005-0074,1A89001NDN,,08/24/2005,08/24/2005,,2020-08-23,.75,,B,2,,,,1,36,
Trinity County Waterworks District,"Po Box 217, Hayfork, CA 96041",Trinity County Waterworks District #1 Hayfork WWTP,"502 Tule Creek Road, Hayfork, CA 96041",40.54044,-123.20216,Wastewater Treatment Facility,4952,Trinity,1,"WDRMUNILRG, WDRMUNIOTH",Active,WDR,R1-2012-0105,1A97069RTRI,,12/06/2012,12/06/2012,,2022-12-06,.729,,B,2,,,,0,0,
Bohemian Club,"Po Box 128, Monte Rio, CA 95462",Bohemian Grove,"20601 Bohemian Avenue, Monte Rio, CA 95462",38.4664,-122.9998,Wastewater Treatment Facility,7032,Sonoma,1,WDRMUNIOTH,Active,WDR,R1-2006-0053,1B05160RSON,,08/09/2006,08/09/2006,,2016-08-08,0.072,,B,2,,,,0,0,
Willow Creek CSD,"Po Box 8, Willow Creek, CA 95573",Willow Creek CSD WWTF,"450 Country Club Road, Willow Creek, CA 95573",40.94112,-123.63234,Wastewater Treatment Facility,,Humboldt,1,WDRMUNIOTH,Active,WDR,R1-2024-0005,1B14140RHUM,,02/08/2024,02/08/2024,,2039-02-07,0.038,,B,3,,,,0,0,
Santa Rosa City Utilities Department (Biosolids),"4300 Llano Road, Santa Rosa, CA 95407",Santa Rosa City Biosolids - Brown Farm,"2200 Llano Road, Santa Rosa, CA 95407",38.40587,-122.79465,Wastewater Treatment Facility,4952,Sonoma,1,WDRMUNIOTH,Active,Enrollee - WDR,2004-0012-DWQ,1B14141RSON,,,06/06/2007,,2022-06-05,,,B,2,,,,0,0,
Silver Oaks Cellars,"Po Box 558, Geyserville, CA 95448",Silver Oak Cellars - Highway 128 Alexander Valley (Domestic Waste),"7300 Highway 128, Healdsburg, CA 95448",38.6722,-122.80424,Wastewater Treatment Facility,4952,Sonoma,1,WDRMUNIOTH,Active,Enrollee - WDR,2014-0153-DWQ,1B15087RSON,,,05/18/2016,,2021-05-17,0.004025,,B,3,,,,0,0,
Sonoma County Water Agency (SCWA),"404 Aviation Boulevard, Santa Rosa, CA 95403",SCWA Oceanic Properties Sea Ranch Central Plant,"Highway 1 Highway, The Sea Ranch, CA 95445",38.71706,-123.45545,Wastewater Treatment Facility,4952,Sonoma,1,WDRMUNIOTH,Active,WDR,96-011,1B71011OSON,,03/28/1996,03/28/1996,,2014-03-26,.015,,B,2,,,,0,3,
US Coast Guard Tracen,"599 Tomales Road, Petaluma, CA 94952-5000",US Coast Guard TRACEN - Tomales,"599 Tomales Road, Petaluma, CA 94952",38.25122,-122.78636,Wastewater Treatment Facility,4952,Sonoma,1,"WDRMUNIENROTH, WDRMUNILRG",Active,WDR,R1-2012-0033,1B72033OSON,,04/26/2012,04/26/2012,,2027-04-25,.1,,B,2,,,,0,1,
USDA Forest Service Six Rivers NF Eureka,"1330 Bayshore Way, Eureka, CA 95501",USFS Orleans Ranger Station STP,"1 Ishi-Pishi Road, Orleans, CA 95556",41.3038,-123.53723,Wastewater Treatment Facility,4952,Humboldt,1,"WDRMUNIENROTH, WDRMUNIOTH",Active,Enrollee - WDR,97-010-DWQ,1B73118OHUM,,04/24/2008,04/24/2008,,2023-04-24,.015,,B,3,,,,0,0,
Bodega Bay PUD,"Po Box 70, Bodega Bay, CA 94923",Bodega Bay Wastewater Reclamation Facility,"265 Doran Park Road, Bodega Bay, CA 94923",38.31889,-123.03476,Wastewater Treatment Facility,4952,Sonoma,1,WDRMUNILRG,Active,WDR,R1-2023-0011,1B75028OSON,,06/15/2023,06/15/2023,,2033-06-15,.2,,B,2,,,,0,2,
Westport CWD,"Po Box 82, Westport, CA 95488",Westport CWD,"Westport, Westport, CA 95488",39.64219,-123.78339,Wastewater Treatment Facility,4952,Mendocino,1,WDRMUNIOTH,Active,WDR,96-028,1B75260OMEN,,05/23/1996,05/23/1996,,2018-05-21,.020,,B,2,,,,0,3,
CalFire Fort Bragg Jackson Demonstration State Forest,"23000 Highway 20, Fort Bragg, CA 95437-9540",CDF Parlin Fork Conservation Camp,"23000 East Highway 20, Fort Bragg, CA 95437",39.36955,-123.65624,Wastewater Treatment Facility,9223,Mendocino,1,WDRMUNIOTH,Active,Enrollee - WDR,2014-0153-DWQ,1B77108OMEN,,,03/13/2017,,2022-03-12,.01,,B,3,,,,0,0,
Sonoma County Water Agency (SCWA),"404 Aviation Boulevard, Santa Rosa, CA 95403",SCWA Geyserville CSD,"Geyserville, Geyserville, CA 95441",38.70289,-122.89461,Wastewater Treatment Facility,4952,Sonoma,1,WDRMUNIOTH,Active,WDR,R1-2019-0013,1B77117OSON,,06/20/2019,06/20/2019,,2029-06-20,.071,,B,2,,,,0,0,
Calpella CWD,"Po Box 115, Calpella, CA 95418",Calpella CWD WWTP,"5681 North State Street, Ukiah, CA 95482",39.22441,-123.20174,Wastewater Treatment Facility,4952,Mendocino,1,WDRMUNIOTH,Active,WDR,R1-2019-0010,1B77162OMEN,,04/18/2019,04/18/2019,,2029-04-18,.08,,B,2,,,,0,9,
Santa Rosa City Dept of Public Works,"69 Stony Circle, Santa Rosa, CA 95401",Santa Rosa City Oakmont Plant,"6200 Stonebridge Road, Santa Rosa, CA 95409",38.44856,-122.62483,Wastewater Treatment Facility,4952,Sonoma,1,WDRMUNILRG,Active,WDR,88-052,1B78209OSON,,04/28/1988,04/28/1988,,2014-04-26,.65,,B,2,,,,0,0,
US Army Corps of Engineers Geyserville,"3333 Skaggs Springs Road, Geyserville, CA 95441",USACOE Lake Sonoma Waste System,"3333 Skaggs Springs Road, Geyserville, CA 95441",38.71644,-122.99773,Wastewater Treatment Facility,7033(+),Sonoma,1,WDRMUNIOTH,Active,WDR,89-040,1B79054OSON,,04/26/1989,04/26/1989,,2014-04-24,.022,,C,3,,,,0,0,
Miranda CSD,"Po Box 160, Miranda, CA 95553",Miranda POTW,"Avenue of the Giants, Miranda, CA 95553",40.23308,-123.82784,Wastewater Treatment Facility,4952,Humboldt,1,WDRMUNIOTH,Active,WDR,R1-2019-0002,1B80002OHUM,,04/18/2019,04/18/2019,,2024-04-17,.046,,B,2,,,,0,16,
Irish Beach Water District,"Po Box 67, Manchester, CA 95459","Irish Beach Subdivision Units 1,2,3,4","Highway 1, Manchester, CA 95459",39.02469,-123.68795,Wastewater Treatment Facility,4952,Mendocino,1,WDRMUNIOTH,Active,WDR,93-01001,1B80023OMEN,,01/28/1993,01/28/1993,,2014-01-25,.0001,,C,3,,,,0,0,
Point Arena City,"Po Box 67, Point Arena, CA 95468",Point Arena WWTP,"105 Iverson Avenue, Point Arena, CA 95468",38.90839,-123.6966,Wastewater Treatment Facility,4952,Mendocino,1,WDRMUNILRG,Active,WDR,R1-2022-0015,1B80045OMEN,,06/09/2022,06/09/2022,,2032-06-09,.13,,B,2,,,,0,7,
Willits City,"111 East Commercial Street, Willits, CA 95490",Willits City WWTP,"300 North Lenore Street, Willits, CA 95490",39.41935,-123.3422889,Wastewater Treatment Facility,4952,Mendocino,1,"NPDMUNILRG, SLIC",Active,NPDES Permit,R1-2021-0021,1B80078OMEN,CA0023060,12/02/2021,02/01/2022,,2027-01-31,1.3,Major,A,2,,,,1,10,
Loleta CSD,"Po Box 236, Loleta, CA 95551",Loleta WWTF,"2656 Eel River Drive, Loleta, CA 95551",40.6383,-124.22553,Wastewater Treatment Facility,4952,Humboldt,1,NPDMUNIOTH,Active,NPDES Permit,R1-2020-0002,1B80081OHUM,CA0023671,04/16/2020,06/01/2020,,2025-05-31,.1,Minor,B,2,,,,2,171,
College of the Redwoods,"7351 Tompkins Hill Road, Eureka, CA 95501","College of the Redwoods, POTW","7351 Tompkins Hill Road, Eureka, CA 95501",40.698944,-124.203269,Wastewater Treatment Facility,8221,Humboldt,1,"NPDMUNIOTH, WDRMUNIOTH",Active,Enrollee - WDR,2014-0153-DWQ,1B80121OHUM,CA0006700,06/07/2018,06/07/2018,,2023-06-06,0.08,Minor,C,3,,,,1,0,
Hopland Public Utility District,"151 Laws Avenue, Ukiah, CA 95482",Hopland Public Utilities District,"Highway 101, Hopland, CA 95449",38.96684,-123.11246,Wastewater Treatment Facility,4952,Mendocino,1,WDRMUNIOTH,Active,WDR,R1-2023-0013,1B80154OMEN,,06/15/2023,06/15/2023,,2033-06-07,.06,,B,2,,,,0,22,
Manila CSD,"1901 Park Street, Arcata, CA 95521",Manila CSD WWTP,"365 Lupin Drive, Arcata, CA 95521",40.85109,-124.16887,Wastewater Treatment Facility,4952,Humboldt,1,WDRMUNILRG,Active,WDR,R1-2023-0003,1B80162OHUM,,06/15/2023,06/15/2023,,2038-06-15,.14,,B,3,,,,0,0,
North Marin County Water District,"Po Box 146, Novato, CA 94948",Oceana Marin (North Marin CWD),"Ocean View Boulevard, Dillon Beach, CA 94929",38.25667,-122.95904,Wastewater Treatment Facility,4952,Marin,1,WDRMUNIOTH,Active,WDR,92-057,1B80173OMAR,,06/25/1992,06/25/1992,,2014-06-23,.053,,B,2,,,,0,16,
Blue Lake City,"Po Box 458, Blue Lake, CA 95525",Blue Lake City POTW,"100 Wastewater Way, Blue Lake, CA 95525",40.88588,-124.00186,Wastewater Treatment Facility,4952,Humboldt,1,WDRMUNILRG,Active,WDR,R1-2012-0050,1B81129OHUM,,06/07/2012,06/07/2012,,2022-06-07,.18,,B,2,,,,0,0,
Windsor Water District,"Po Box 100, Windsor, CA 95492-0100","Windsor Wastewater Treatment, Reclamation, and Disposal Facility","8400 Windsor Road, Windsor, CA 95492",38.538307,-122.816771,Wastewater Treatment Facility,4952,Sonoma,1,"NPDMUNILRG, SLIC",Active,NPDES Permit,R1-2020-0010,1B82037OSON,CA0023345,08/20/2020,10/01/2020,,2025-09-30,2.25,Major,A,1,,,,1,46,
Sonoma County Water Agency (SCWA),"404 Aviation Boulevard, Santa Rosa, CA 95403",SCWA Russian River CSD,"18400 Neely Road, Guerneville, CA 95446",38.485295,-123.000878,Wastewater Treatment Facility,4952,Sonoma,1,NPDMUNIOTH,Active,NPDES Permit,R1-2021-0002,1B82045OSON,CA0024058,06/17/2021,08/01/2021,,2026-07-31,.71,Minor,A,1,,,,1,34,
Healdsburg City,"401 Grove Street, Healdsburg, CA 95448",Healdsburg City WWTP,"340 Foreman Lane, Healdsburg, CA 95448",38.58393,-122.86181,Wastewater Treatment Facility,4952,Sonoma,1,"NPDESWW, NPDMUNILRG, SLIC",Active,NPDES Permit,R1-2022-0017,1B82046OSON,CA0025135,10/07/2022,12/01/2022,,2027-11-30,1.4,Major,A,1,,,,0,2,
Caspar South Water District,"14140 Hilma Circle, Mendocino, CA 95460",Caspar South Water District,"14140 Hilma Circle, Mendocino, CA 95460",39.355221,-123.816529,Wastewater Treatment Facility,4952,Mendocino,1,WDRMUNIOTH,Active,WDR,82-076,1B82076OMEN,,07/22/1982,07/22/1982,,2027-07-04,.013,,C,2,,,,0,5,
McKinleyville Community Service District,"Po Box 2037, Mckinleyville, CA 95519",McKinleyville WWTP,"675 Hiller Road, Mckinleyville, CA 95521",40.942438,-124.1224326,Wastewater Treatment Facility,4952,Humboldt,1,"NPDMUNILRG, NPDMUNIOTH, SLIC",Active,NPDES Permit,R1-2024-0023,1B82084OHUM,CA0024490,06/13/2024,08/01/2024,,2029-07-31,1.61,"Major, Minor",A,2,,,,1,2,
Arcata City,"736 F Street, Arcata, CA 95521",Arcata City WWTF,"600 South G Street, Arcata, CA 95521",40.86643,-124.08665,Wastewater Treatment Facility,4952,Humboldt,SB,"NPDMUNILRG, SLIC",Active,Co-Permitee,2020-0015-DWQ,1B82114OHUM,,,07/09/2020,,,,Major,,,,,,3,184,
Eureka City,"531 K Street, Eureka, CA 95501",Eureka City Elk River WWTP,"4301 Hilfiker Lane, Eureka, CA 95501",40.767,-124.195,Wastewater Treatment Facility,4952,Humboldt,1,"NPDMUNILRG, SLIC, WDRMUNIENROTH",Active,NPDES Permit,R1-2023-0016,1B82151OHUM,CA0024449,10/05/2023,12/01/2023,,2028-11-30,5.24,Major,A,1,,,,3,51,
Covelo CSD,"Po Box 65, Covelo, CA 95428",Covelo POTW,"75997 Commercial Street, Covelo, CA 95428",39.78761,-123.24819,Wastewater Treatment Facility,4952,Mendocino,1,NPDMUNIOTH,Active,NPDES Permit,R1-2023-0006,1B83009OMEN,CA0023574,06/15/2023,08/01/2023,,2028-07-31,.077,Minor,B,2,,,,2,56,
"VR Acquisition, LLC","4350 Barnes Road, Santa Rosa, CA 95403",Vintners Inn,"4350 Barnes Road, Santa Rosa, CA 95403",38.49554,-122.75944,Wastewater Treatment Facility,7011,Sonoma,1,"WDR, WDRMUNIOTH",Active,WDR,R1-2002-0087,1B83045OSON,,09/26/2002,09/26/2002,,2012-09-26,.0125,,C,2,,,,0,11,
Santa Rosa City Dept of Public Works,"69 Stony Circle, Santa Rosa, CA 95401",Santa Rosa Laguna Subregional Water Reclamation Facility,"4300 Llano Road, Santa Rosa, CA 95407",38.36877,-122.76594,Wastewater Treatment Facility,4952,Sonoma,1,"NPDMUNILRG, NPDNONMUNIPRCS, SLIC",Active,NPDES Permit,R1-2020-0012,1B83099OSON,CA0022764,08/20/2020,10/01/2020,,2025-09-30,21.34,Major,A,1,,,,2,63,
Forestville Water District,"Po Box 261, Forestville, CA 95436",Forestville Water District,"6194 Forestville Street, Forestville, CA 95436",38.469722,-122.889722,Wastewater Treatment Facility,4952,Sonoma,1,NPDMUNIOTH,Active,NPDES Permit,R1-2024-0004,1B83100OSON,CA0023043,04/04/2024,06/01/2024,,2029-05-31,.13,Minor,B,1,,,,0,50,
"Scotia Town, LLC","Po Box 245, Scotia, CA 95565",Scotia Town - City,"Williams Street, Scotia, CA 95565",40.485278,-124.1025,Wastewater Treatment Facility,,Humboldt,1,NPDMUNIOTH,Active,Co-Permitee,R1-2012-0065,1B83104OHUM,CA0006017,04/26/2012,07/01/2012,,2017-06-30,.282,Minor,B,2,,,,1,41,
Mendocino County WWD #2 Anchor Bay,"35501 South Hwy 1 Unit #4, Gualala, CA 95445",Mendocino County WWD#2-Anchor Bay,"46890 Getchell Gulch Road, Gualala, CA 95445",38.80352,-123.57286,Wastewater Treatment Facility,4952,Mendocino,1,NPDMUNIOTH,Active,NPDES Permit,R1-2021-0005,1B83118OMEN,CA0024040,04/15/2021,06/01/2021,,2026-05-31,.024,Minor,B,2,,,,0,17,
Garberville Sanitary District,"Po Box 211, Garberville, CA 95542",Garberville POTW,"410 Bear Canyon Road, Garberville, CA 95560",40.10471,-123.80029,Wastewater Treatment Facility,4952,Humboldt,1,"WDRMUNILRG, WDRMUNIOTH",Active,WDR,R1-2018-0033,1B83120OHUM,,09/06/2018,09/06/2018,,2028-09-06,.162,,B,2,,,,0,0,
Mendocino City CSD,"Po Box 1029, Mendocino, CA 95460",Mendocino City CSD,"10500 Kelly Street, Mendocino, CA 95460",39.305282,-123.806256,Wastewater Treatment Facility,4952,Mendocino,1,NPDMUNIOTH,Active,NPDES Permit,R1-2022-0001,1B83129OMEN,CA0022870,08/04/2022,10/01/2022,,2027-09-30,0.3,Minor,B,2,,,,0,7,
Rio Dell City,"675 Wildwood Avenue, Rio Dell, CA 95562",Rio Dell City WWTF,"475 Hilltop Drive, Rio Dell, CA 95562",40.49716,-124.09453,Wastewater Treatment Facility,4952,Humboldt,1,"NPDMUNILRG, NPDMUNIOTH, WDRMUNIENROTH",Active,NPDES Permit,R1-2023-0022,1B83134OHUM,CA0022748,10/05/2023,12/01/2023,,2028-11-30,0.9,"Major, Minor",A,2,,,,3,66,
Fortuna City,"Po Box 545, Fortuna, CA 95540",Fortuna City WWTP,"180 Dinsmore, Fortuna, CA 95540",40.59083,-124.15844,Wastewater Treatment Facility,4952,Humboldt,SB,"NPDMUNILRG, SLIC, WDRMUNILRG",Active,Co-Permitee,2020-0015-DWQ,1B83135OHUM,,,07/09/2020,,,,Major,,,,,,4,45,
Ferndale City,"Po Box 1095, Ferndale, CA 95536",Ferndale City POTW,"701 Port Kenyon Road, Ferndale, CA 95536",40.59299,-124.25944,Wastewater Treatment Facility,4952,Humboldt,1,"NPDMUNILRG, NPDMUNIOTH",Active,NPDES Permit,R1-2018-0046,1B83136OHUM,CA0022721,11/14/2018,01/01/2019,,2022-12-31,.576,"Major, Minor",A,2,,,,1,114,
Redway CSD,"Po Box 40, Redway, CA 95560",Redway POTW,"2750 Briceland-Thorne Road, Redway, CA 95560",40.129442,-123.824355,Wastewater Treatment Facility,4952,Humboldt,1,NPDMUNIOTH,Active,NPDES Permit,R1-2023-0004,1B83147OHUM,CA0022781,02/02/2023,04/01/2023,,2028-03-31,.19,Minor,B,2,1250,,,1,50,
Ukiah City,"300 Seminary Avenue, Ukiah, CA 95482",Ukiah City WWTP,"300 Treatment Plant Road, Ukiah, CA 95482",39.11233,-123.19158,Wastewater Treatment Facility,4952,Mendocino,1,"NPDMUNILRG, SLIC",Active,NPDES Permit,R1-2024-0016,1B84029OMEN,CA0022888,08/15/2024,10/01/2024,,2029-09-30,3.01,Major,A,1,,,,2,51,
Cloverdale City,"Po Box 217, Cloverdale, CA 95425-0217",Cloverdale City WWTP,"700 Asti Road, Cloverdale, CA 95425",38.79721,-123.01151,Wastewater Treatment Facility,4952,Sonoma,SB,"NPDMUNILRG, SLIC",Active,Co-Permitee,2020-0015-DWQ,1B84032OSON,,,07/09/2020,,,,Major,,,,,,0,1,
Graton CSD,"Po Box 534, Graton, CA 95444",Graton CSD,"250 Ross, Sebastopol, CA 95472",38.44973,-122.88082,Wastewater Treatment Facility,4952,Sonoma,1,NPDMUNIOTH,Active,NPDES Permit,R1-2018-0001,1B84060OSON,CA0023639,05/17/2018,08/01/2018,,2023-07-31,.14,Minor,B,1,,,,2,46,
Fort Bragg City,"416 North Franklin Street, Fort Bragg, CA 95437",Fort Bragg City WWTP,"281 Jere Melo Street, Fort Bragg, CA 95437",39.4387,-123.81478,Wastewater Treatment Facility,4952,Mendocino,SB,"NPDMUNILRG, SLIC",Active,Co-Permitee,2020-0015-DWQ,1B84083OMEN,,,07/09/2020,,,,"Major, Minor",,,,,,2,32,
Humboldt County Resort Improvement District #1,"9126 Shelter Cove Road, Whitethorn, CA 95589",Shelter Cove POTW,"9126 Shelter Cove Drive, Shelter Cove, CA 95589",40.03333,-124.07778,Wastewater Treatment Facility,4952,Humboldt,1,NPDMUNIOTH,Active,NPDES Permit,R1-2022-0002,1B84086OHUM,CA0023027,02/03/2022,04/01/2022,,2027-03-31,.17,Minor,B,2,,,,0,5,
Sonoma County Water Agency (SCWA),"404 Aviation Boulevard, Santa Rosa, CA 95403",SCWA Airport WRF (Airport-Larkfield-Wikiup),"Skylane Boulevard, Santa Rosa, CA 95403",38.51816,-122.8013,Wastewater Treatment Facility,4952,Sonoma,1,WDRMUNILRG,Active,WDR,R1-2019-0007,1B84124OSON,,04/18/2019,07/01/2019,,2029-04-18,.3,,B,2,,,,0,0,
Samoa Pacific Group LLC,"5251 Ericson Way, Arcata, CA 95518-1069",Samoa Pacific WWTP (Samoa Town Site),"3 North Bay View Road, Samoa, CA 95564",40.8185,-124.18551,Wastewater Treatment Facility,4952,Humboldt,1,"NPDMUNIOTH, WDRMUNIOTH",Active,NPDES Permit,R1-2020-0005,1B85017RHUM,CA1000001,04/16/2020,06/01/2020,,2025-05-31,.0075,Minor,C,3,,,,3,29,
Weott CSD,"Po Box 218, Weott, CA 95571",Weott WWTP,"200 Lum Street, Weott, CA 95571",40.32245,-123.92474,Wastewater Treatment Facility,4952,Humboldt,1,WDRMUNIOTH,Active,WDR,R1-2019-0003,1B87042NHUM,,02/21/2019,02/21/2019,,2029-02-21,.038,,B,2,,,,1,7,
Regents of the University of California - UC Davis,"Po Box 247, Bodega Bay, CA 94923","UC Davis, Bodega Marine Lab (WDR)","2099 Westshore Road, Bodega Bay, CA 94923",38.31838,-123.07156,Wastewater Treatment Facility,4952,Sonoma,1,WDRMUNIOTH,Active,WDR,89-117,1B88049RSON,,11/16/1989,11/16/1989,,2017-06-16,.01812,,C,2,,,,0,0,
Heritage House LP,"5200 North Highway 1, Little River, CA 95456",Heritage House,"5200 North Highway 1, Little River, CA 95456",39.24245,-123.77494,Wastewater Treatment Facility,7011,Mendocino,1,WDRMUNIOTH,Active,Enrollee - WDR,2014-0153-DWQ,1B88069RMEN,,,11/18/2024,,2029-09-23,.0015,,C,3,,,,0,0,
Gualala CSD,"Po Box 124, Gualala, CA 95445",Gualala WWTF,"42455 Highway 1, Gualala, CA 95480",38.76485,-123.51037,Wastewater Treatment Facility,4952,Sonoma,1,WDRMUNIOTH,Active,WDR,R1-2022-0004,1B89005RMEN,,04/07/2022,04/07/2022,,2032-04-07,.0001,,B,2,,,,1,2,
Sea Ranch Association,"Po Box 16, The Sea Ranch, CA 95497-0016","Sonoma Co Service Area 41, Zone 2, Sea Ranch Onsite Wastewater Management Zone","35600 Verdant View, Sea Ranch, CA 95497",38.70563,-123.44862,Wastewater Treatment Facility,4952,Sonoma,1,WDRMUNIOTH,Active,WDR,R1-2017-0014,1B89051RSON,,05/18/2017,05/18/2017,,2027-05-18,.0005,,B,2,,,,0,0,
Odd Fellows Recreation Club,"13350 Riverside Drive, Guerneville, CA 95446",Odd Fellows WWTF,"13350 Riverside Drive, Guerneville, CA 95446",38.5039,-122.9459,Wastewater Treatment Facility,8641,Sonoma,1,WDRMUNIOTH,Active,WDR,98-125,1B98055RSON,,12/10/1998,12/10/1998,,2014-12-10,.045,,C,2,,,,0,0,
East Bay MUD (WPCP),"Po Box 24055 Ms-62, Oakland, CA 94623",EBMUD WPCP,"2020 Wake Avenue, Oakland, CA 94607",37.824928,-122.293919,Wastewater Treatment Facility,4952,Alameda,2,NPDMUNILRG,Active,NPDES Permit,R2-2026-0003,2 019014001,CA0037702,02/11/2026,04/01/2026,,2031-03-31,120,Major,A,1,,,,0,0,
East Bay MUD (WPCP),"Po Box 24055 Ms-62, Oakland, CA 94623",EBMUD SD#1-Wet Wthr Bypass,"2020 Wake, Oakland, CA 94623",,,Wastewater Treatment Facility,4952,Alameda,2,"NPDMUNILRG, NPDMUNIOTH",Active,NPDES Permit,R2-2025-0006,2 019014002,CA0038440,03/12/2025,05/01/2025,,2030-04-30,0.001,"Major, Minor",A,2,,,,1,10,
Hayward City,"777 B Street, Hayward, CA 94541",Hayward WPCF,"3700 Enterprise, Hayward, CA 94545",37.633265,-122.131435,Wastewater Treatment Facility,4952,Alameda,2,NPDMUNILRG,Active,Co-Permitee,R2-2022-0023,2 019022001,,07/13/2022,09/01/2022,,2027-08-31,18.5,Major,A,1,,,,0,0,
Livermore City,"101 West Jack London Boulevard, Livermore, CA 94551",City of Livermore Water Reclamation Plant,"101 West Jack London Boulevard, Livermore, CA 94551",37.69,-121.809,Wastewater Treatment Facility,4952,Alameda,2,"NPDMUNILRG, NPDMUNIOTH",Active,NPDES Permit,R2-2022-0025,2 019025001,CA0038008,07/13/2022,09/01/2022,,2027-08-31,8.5,"Major, Minor",A,2,,,,0,0,
Oro Loma Sanitary District,"2600 Grant Avenue, San Lorenzo, CA 94580",Oro Loma/Castro Valley SD WPCP,"2600 Grant Avenue, San Lorenzo, CA 94580",37.669626,-122.157253,Wastewater Treatment Facility,4952,Alameda,2,NPDMUNILRG,Active,NPDES Permit,R2-2024-0006,2 019032001,CA0037559,05/08/2024,06/01/2024,,2029-05-31,20.0,"Major, Minor",B,3,,,,1,7,
Dublin San Ramon Services District (WWTP NPDES & SSO),"7399 Johnson Drive, Pleasanton, CA 94588",Dublin San Ramon SD WWTP,"7399 Johnson Drive, Pleasanton, CA 94588",37.68709,-121.91506,Wastewater Treatment Facility,4952,Alameda,2,"NPDMUNILRG, NPDMUNIOTH",Active,NPDES Permit,R2-2022-0024,2 019033001,CA0037613,07/13/2022,09/01/2022,,2027-08-31,20.2,"Major, Minor",A,2,,,,0,0,
San Leandro City,"14200 Chapman Road, San Leandro, CA 94578",San Leandro WPCP,"3000 Davis Street, San Leandro, CA 94577",37.714649,-122.192812,Wastewater Treatment Facility,4952,Alameda,2,NPDMUNILRG,Active,Co-Permitee,R2-2022-0023,2 019037001,,07/13/2022,09/01/2022,,2027-08-31,,Major,A,1,,,,0,0,
Union Sanitary District,"5072 Benson Road, Union City, CA 94587-2508",Raymond A. Boege Alvarado WWTP (Union SD),"5072 Benson Road, Union City, CA 94587",37.59323,-122.0901,Wastewater Treatment Facility,4952,Alameda,2,"NPDMUNILRG, NPDMUNIOTH",Active,Co-Permitee,R2-2022-0023,2 019060001,,07/13/2022,09/01/2022,,2027-08-31,,"Major, Minor",A,1,,,,0,0,
US Dept of Veterans Affair (PAHCS),"4951 Arroyo Road, Livermore, CA 94550","V.A. Med Center, Livermore-WWTP","4951 Arroyo Road, Livermore, CA 94550",37.625965,-121.756446,Wastewater Treatment Facility,4952(+),Alameda,2,WDRMUNILRG,Active,WDR,89-125,2 019062001,,07/19/1989,07/19/1989,,2004-11-16,.5,,B,2,,,,0,0,
East Bay Regional Park District,"Po Box 5381, Oakland, CA 94605",Del Valle Regional Park WWTP,"7000 Del Valle Road, Livermore, CA 94550",37.58683,-121.70328,Wastewater Treatment Facility,4952,Alameda,2,WDRMUNIOTH,Active,WDR,90-157,2 019117001,,12/12/1990,12/12/1990,,2025-06-15,.04,,C,2,,,,0,0,
East Bay Dischargers Authority,"2651 Grant Avenue, San Lorenzo, CA 94580",EBDA Common Outfall,"14150 Monarch Bay Drive, San Leandro, CA 94577",,,Wastewater Treatment Facility,4952,Alameda,2,NPDMUNILRG,Active,NPDES Permit,R2-2022-0023,2 019123001,CA0037869,07/13/2022,09/01/2022,,2027-08-31,107.8,Major,A,1,,,,0,5,
Mata Amritanandamayi Center,"Po Box 613, San Ramon, CA 94583",Mata Amritanandamayi WWTP Pond System,"10200 Crow Canyon, Castro Valley, CA 94552",37.75065,-122.030401,Wastewater Treatment Facility,4952,Alameda,2,WDRMUNIOTH,Active,WDR,93-090,2 019291001,,08/18/1993,08/18/1993,,2008-08-18,.006,,B,3,,,,0,0,
East Bay Regional Park District,"Po Box 5381, Oakland, CA 94605",Camp Arroyo at Del Valle R.P.,"5535 Arroyo Road, Livermore, CA 94550",37.61811,-121.75559,Wastewater Treatment Facility,4952(+),Alameda,2,WDRMUNIOTH,Active,WDR,01-043,2 019425001,,04/18/2001,04/18/2001,,2011-04-18,.007,,B,3,,,,0,0,
San Leandro City,"3000 Davis St, San Leandro, CA 94577","San Leandro, City of","3000 Davis Street, San Leandro, CA 94577",37.7134,-122.2005,Wastewater Treatment Facility,,Alameda,2,NPDMUNIOTH,Active,NPDES Permit,R2-2022-0006,2 01NPI441309,CA0038881,02/09/2022,06/01/2022,,2027-05-31,0.95,Minor,B,3,,,,0,0,
Central Contra Costa Sanitary District,"5019 Imhoff Place, Martinez, CA 94553-4392",Central Contra Costa SD WWTP,"5019 Imhoff, Martinez, CA 94553",38.000327,-122.068798,Wastewater Treatment Facility,4952,Contra Costa,2,NPDMUNILRG,Active,NPDES Permit,R2-2022-0020,2 071008001,CA0037648,06/08/2022,08/01/2022,,2027-07-31,53.8,Major,B,1,,,,0,0,
Delta Diablo,"2500 Pittsburg Antioch Highway, Antioch, CA 94509",Delta Diablo WWTP,"2500 Antioch-Pittsburg Highway, Antioch, CA 94509",38.01558,-121.8419,Wastewater Treatment Facility,4952,Contra Costa,2,"NPDMUNILRG, REC",Active,Enrollee - WRR,2016-0068-DDW,2 071013002,,,06/24/2022,,2032-08-05,12.8,"Major, Minor",,,,,,0,8,
Mt View Sanitary District,"3800 Arthur Road, Martinez, CA 94553",Mt. View Sanitary District WWTP,"End of Arthur Road, Martinez, CA 94553",38.01907,-122.09828,Wastewater Treatment Facility,4952,Contra Costa,2,NPDMUNILRG,Active,NPDES Permit,R2-2021-0026,2 071029001,CA0037770,12/15/2021,02/01/2022,,2027-01-31,3.2,Major,A,2,,,,1,4,
Pinole City,"2131 Pear Street, Pinole, CA 94564",City of Pinole WWTP,"11 Tennent Avenue, Pinole, CA 94564",38.01292,-122.29663,Wastewater Treatment Facility,4952,Contra Costa,2,NPDMUNILRG,Active,NPDES Permit,R2-2023-0008,2 071032001,CA0037796,06/14/2023,08/01/2023,,2028-07-31,4.06,Major,A,3,,,,0,0,
Crockett Community Services District,"Po Box 578, Crockett, CA 94525",Port Costa WWTP,"Canyon Lake Drive, Port Costa, CA 94569",38.04834,-122.18397,Wastewater Treatment Facility,4952,Contra Costa,2,"NPDINDSML, NPDMUNIOTH",Active,NPDES Permit,R2-2024-0009,2 071034001,CA0037885,06/12/2024,08/01/2024,,2029-07-31,0.3,Minor,B,3,,,,0,10,
Richmond City,"450 Civiv Center Plaza, Richmond, CA 94804",Richmond WPCP,"601 Canal, Richmond, CA 94804",37.920896,-122.378081,Wastewater Treatment Facility,4952,Contra Costa,2,"NPDESWW, NPDMUNILRG",Active,Co-Permitee,R2-2024-0008,2 071037001,,06/12/2024,08/01/2024,,,,Major,,,,,,0,0,
Rodeo Sanitary District,"800 San Pablo Avenue, Rodeo, CA 94572-1232",Rodeo Sanitary District WWTP,"800 San Pablo Avenue, Rodeo, CA 94572",38.040037,-122.26351,Wastewater Treatment Facility,4952,Contra Costa,2,NPDMUNILRG,Active,NPDES Permit,R2-2022-0037,2 071039001,CA0037826,12/14/2022,02/01/2023,,2028-01-31,1.14,Major,A,3,,,,1,4,
West County Wastewater District,"2377 Garden Tract Road, Richmond, CA 94806",West County WW District WPCP,"2377 Garden Tract, Richmond, CA 94801",37.96647,-122.37629,Wastewater Treatment Facility,4952,Contra Costa,2,"NPDESWW, NPDMUNILRG",Active,Co-Permitee,R2-2024-0008,2 071040001,,06/12/2024,08/01/2024,,,,Major,,,,,,0,0,
Martinez Refining Company LLC,"3485 Pacheco Blvd, Martinez, CA 94553",Martinez Refining Company WWTP,"3485 Pacheco Boulevard, Martinez, CA 94553",38.01324,-122.10662,Wastewater Treatment Facility,2911(+),Contra Costa,2,"NPDESWW, NPDINDLRG, NPDMUNILRG",Active,NPDES Permit,R2-2022-0034,2 071042001,CA0005789,11/09/2022,01/01/2023,,2027-12-31,10,Major,A,1,,,,1,47,
USS-Posco Industries,"900 Loveridge Road, Pittsburg, CA 94565",USS-UPI LLC - NPDES/SUB15,"900 Loverdige Road, Pittsburg, CA 94565",38.03,-121.858889,Wastewater Treatment Facility,3312(+),Contra Costa,2,"LFNONOPER, LNDISP, NPDESWW, NPDINDLRG",Active,NPDES Permit,R2-2016-0043,2 071059001,CA0005002,11/09/2016,01/01/2017,,2021-12-31,28,Major,A,1,,,,0,2,
West County Agency,"2910 Hilltop Drive, Richmond, CA 94806-1974",West County Agency Outfall,"601 Canal, Richmond, CA 94804",37.920896,-122.378081,Wastewater Treatment Facility,4952,Contra Costa,2,"NPDESWW, NPDMUNILRG",Active,NPDES Permit,R2-2024-0008,2 071107001,CA0038539,06/12/2024,08/01/2024,,2029-07-31,28.5,Major,A,1,,,,2,158,
Contra Costa County SD No 6,"255 Glacier Drive, Martinez, CA 94533-4825",Stonehurst SD-6 WWTP,"Alhambra Valley Road, Martinez, CA 94533",37.971852,-122.142701,Wastewater Treatment Facility,4952,Contra Costa,2,WDRMUNIOTH,Active,WDR,91-096,2 071184001,,06/19/1991,06/19/1991,,2001-06-19,.014,,B,2,,,,0,0,
East Brother Light Station Inc,"117 Park Place, Richmond, CA 94801",East Brother Light StationWWTP,"East Brother Island, Richmond, CA 94805",37.96327,-122.43336,Wastewater Treatment Facility,4952,Contra Costa,2,"NPDMUNIOTH, WDRMUNIOTH",Active,WDR,R2-2010-0113,2 071227001,,11/10/2010,11/10/2010,,2015-11-09,.00025,Minor,C,3,,,,0,0,
Ca Dept of Parks & Rec Marin District,"Po Box 1016, Novato, CA 94948",Angel Island State Pk - WWTP,"Angel Island, Belvedere Tiburon, CA 94920",37.86842,-122.43484,Wastewater Treatment Facility,4952,Marin,2,"NPDMUNIOTH, WDRMUNIOTH",Active,WDR,R2-2004-0043,2 215002001,,06/16/2004,07/01/2004,,2014-07-01,.025,Minor,B,2,,,,0,0,
Bolinas Community Public Utility District,"Po Box 390, Bolinas, CA 94924",Bolinas Community WWTP Pond System,"101 Mesa Road, Bolinas, CA 94924",37.9097852,-122.6955255,Wastewater Treatment Facility,4952,Marin,2,WDRMUNIOTH,Active,WDR,88-100,2 215004001,,06/15/1988,06/15/1988,,2010-01-18,.065,,B,3,,,,0,0,
Las Gallinas Valley Sanitary District,"300 Smith Ranch Road, San Rafael, CA 94903",Las Gallinas WWTP,"300 Smith Ranch Road, San Rafael, CA 94903",38.0256618,-122.5189548,Wastewater Treatment Facility,4952,Marin,2,NPDMUNILRG,Active,NPDES Permit,R2-2020-0022,2 215012001,CA0037851,07/08/2020,09/01/2020,,2025-08-31,2.92,Major,A,1,,,,1,27,
Sewerage Agency of Southern Marin,"26 Corte Madera Avenue, Mill Valley, CA 94941",Sewerage Agency of Southern Marin (SASM) WWTP,"450 Sycamore Avenue, Mill Valley, CA 94941",37.895968,-122.52738,Wastewater Treatment Facility,4952,Marin,2,NPDMUNILRG,Active,NPDES Permit,R2-2023-0021,2 215015001,CA0037711,11/08/2023,01/01/2024,,2028-12-31,3.6,Major,A,2,,,,2,22,
Marin Cnty Sanitary District 5,"Po Box 227, Tiburon, CA 94920",Marin CSD 5 - Tiburon WWTP,"Mar West St & Paradise Drive, Tiburon, CA 94920",37.87264,-122.45084,Wastewater Treatment Facility,4952,Marin,2,"NPDINDSML, NPDMUNILRG, NPDMUNIOTH",Active,NPDES Permit,R2-2023-0018,2 215021001,CA0037753,10/11/2023,12/01/2023,,2028-11-30,.98,"Major, Minor",A,2,,,,0,0,
Marin Cnty Sanitary District 5,"Po Box 227, Tiburon, CA 94920",Marin CSD 5 Paradise Cove WWTP,"3700 Paradise Drive, Tiburon, CA 94920",37.89707,-122.46239,Wastewater Treatment Facility,4952,Marin,2,"NPDINDSML, NPDMUNIOTH",Active,NPDES Permit,R2-2021-0017,2 215021002,CA0037427,09/08/2021,12/01/2021,,2026-11-30,.040,Minor,B,3,,,,0,1,
Novato Sanitary District,"500 Davidson Street, Novato, CA 94945",Novato and Ignacio WWTP,"500 Davidson Street, Novato, CA 94945",38.10034,-122.55298,Wastewater Treatment Facility,4952,Marin,2,NPDMUNILRG,Active,NPDES Permit,R2-2026-0002,2 215022001,CA0037958,02/11/2026,04/01/2026,,2031-03-31,7.0,Major,A,2,,,,0,0,
Sausalito-Marin City San District,"Po Box 39, Sausalito, CA 94965",Sausalito Marin City STP,"1 East Road, Sausalito, CA 94965",37.84354,-122.4771,Wastewater Treatment Facility,4952,Marin,2,NPDMUNILRG,Active,NPDES Permit,R2-2023-0022,2 215023001,CA0038067,11/08/2023,01/01/2024,,2028-12-31,1.8,Major,A,2,,,,0,5,
Stinson Beach Co Water Dist,"3785 Shoreline Highway, Stinson Beach, CA 94970","Stinson Beach- OWTS in Stinson Beach, Marin County","3785 Shoreline, Stinson Beach, CA 94970",37.92515,-122.677858,Wastewater Treatment Facility,4952,Marin,2,WDRMUNIOTH,Active,WDR,94-008,2 215027001,,01/19/1994,01/19/1994,,2009-01-19,.0001,,B,3,,,,0,0,
Ca Dept of Parks & Rec Marin District,"Po Box 1016, Novato, CA 94948",Samuel P Taylor St Pk WWTP,"8889 Sir Francis Drake Blvd, Lagunitas, CA 94938",38.02691,-122.73589,Wastewater Treatment Facility,4952,Marin,2,WDRMUNIOTH,Active,WDR,91-181,2 215053001,,12/11/1991,12/11/1991,,2027-06-15,.045,,B,2,,,,0,0,
Marin County Office of Education,"1700 Marshall-Petaluma Road, Petaluma, CA 94952",Walker Creek Ranch WWTP,"1700 Marshall-Petaluma, Petaluma, CA 94952",38.17374,-122.81402,Wastewater Treatment Facility,4952,Marin,2,WDRMUNIOTH,Active,WDR,91-092,2 215070001,,06/19/1991,06/19/1991,,2006-06-19,.0001,,B,3,,,,0,0,
Tomales Village CSD,"Po Box 156, Tomales, CA 94971",Tomales Village WWTP,"10 Irvin Road, Tomales, CA 94971",38.243775,-122.898688,Wastewater Treatment Facility,4952,Marin,2,WDRMUNIOTH,Active,WDR,R2-2015-0019,2 215072001,,05/13/2015,05/13/2015,,2030-05-13,.04,,C,3,,,,0,0,
Marin Agricultural Land Trust,"Po Box 809, Point Reyes Station, CA 94956",Millerton Creek Ranch Sewage Pond Facility,"14990 State Route 1, Marshall, CA 94940",38.10984,-122.83968,Wastewater Treatment Facility,4952,Marin,2,WDRMUNIOTH,Active,WDR,R2-2007-0078,2 215079001,,11/01/2007,11/01/2007,,2017-11-01,.0001,,B,2,,,,0,0,
California State Parks Foundation,"Po Box 548, Kentfield, CA 94914",Marconi Conference Center WWTP,"18500 HIGHWAY One, Point Reyes Station, CA 94952",38.14347,-122.87914,Wastewater Treatment Facility,4952,Marin,2,WDRMUNIOTH,Active,WDR,R2-2002-0067,2 215091001,,06/19/2002,06/19/2002,,2017-06-19,.025,,B,3,,,,0,0,
Central Marin Sanitation Agency,"1301 Andersen Dr, San Rafael, CA 94901-5339",Central Marin San. Agcy. WWTP,"1301 Anderson Drive, San Rafael, CA 94901",37.948581,-122.497326,Wastewater Treatment Facility,4952,Marin,2,NPDMUNILRG,Active,NPDES Permit,R2-2023-0006,2 215116001,CA0038628,05/10/2023,07/01/2023,,2028-06-30,10,Major,A,2,,,,0,7,
Institute of Noetic Sciences,"101 San Antonio Road, Petaluma, CA 94952",Institute Noetic Science WWTP Mound System,"101 San Antonio Road, Petaluma, CA 94952",38.187006,-122.602385,Wastewater Treatment Facility,4952,Sonoma,2,WDRMUNIOTH,Active,WDR,90-128,2 215117001,,09/19/1990,09/19/1990,,2005-09-19,.005,,B,3,,,,0,0,
Skywalker Ranch,"Po Box 2009, San Rafael, CA 94912",Skywalker Ranch WWTPs,"5858 Lucas Valley, Nicasio, CA 94946",38.056282,-122.659623,Wastewater Treatment Facility,4952,Marin,2,WDRMUNIOTH,Active,WDR,93-089,2 215119001,,08/18/1993,08/18/1993,,2008-08-18,.008,,B,3,,,,0,0,
Blue Mountain Center of Meditation,"Po Box 108, Tomales, CA 94971",Blue Mountain Center WWTP Ponds,"3600 Tomales-Petaluma, Tomales, CA 94971",38.25126,-122.88265,Wastewater Treatment Facility,4952,Marin,2,WDRMUNIOTH,Active,WDR,86-051,2 215126001,,07/16/1986,07/16/1986,,2001-07-16,.004,,B,3,,,,0,0,
Spirit Rock Meditation Center,"Po Box 909, Woodacre, CA 94973",Spirit Rock Meditation Center WWTP,"5000 Sir Francis Drake Boulevard, Woodacre, CA 94973",38.014835,-122.652017,Wastewater Treatment Facility,4952,Marin,2,WDRMUNIOTH,Active,WDR,R2-2008-0073,2 215132001,,08/13/2008,08/13/2008,,2023-08-13,.001,,B,3,,,,0,0,
Calistoga City Public Works Dept.,"414 Washington Street, Calistoga, CA 94515",Calistoga City Dunaweal WWTP,"1100 Dunaweal Lane, Calistoga, CA 94515",38.578692,-122.579288,Wastewater Treatment Facility,4952,Napa,2,"NPDMUNIOTH, REC",Active,NPDES Permit,R2-2022-0010,2 283003001,CA0037966,03/09/2022,05/01/2022,,2027-04-30,0.84,Minor,B,2,,,,0,8,
Duffy's Myrtledale,"Po Box 737, Calistoga, CA 94515",Duffy's Myrtledale WW Ponds,"3076 Myrtledale Road, Calistoga, CA 94515",38.595411,-122.599289,Wastewater Treatment Facility,8361,Napa,2,WDRMUNIOTH,Active,WDR,96-081,2 283008001,,06/19/1996,06/19/1996,,2025-06-15,.001,,C,2,,,,0,0,
Napa Sanitation District,"Po Box 2480, Napa, CA 94558",Napa Sanitation District WWTP (Soscol Water Recycling Facility),"1515 Soscol Ferry Road, Napa, CA 94558",38.23651,-122.28434,Wastewater Treatment Facility,4952,Napa,2,"NPDMUNILRG, REC",Active,NPDES Permit,R2-2022-0003,2 283009001,CA0037575,02/09/2022,04/01/2022,,2027-03-31,15.4,Major,A,1,,,,1,1,
St. Helena City,"1480 Main Street, St. Helena, CA 94574",St. Helena City WWTP,"1 Chaix Lane, St Helena, CA 94574",38.49915,-122.44735,Wastewater Treatment Facility,4952,Napa,2,"NPDMUNIOTH, REC",Active,NPDES Permit,R2-2021-0004,2 283014001,CA0038016,04/14/2021,06/01/2021,,2026-05-30,0.5,Minor,B,2,,,,2,188,
St. Helena Hosp & Health Ctr,"10 Woodland Road, St. Helena, CA 94574",St Helena Hospital WWTP,"650 Sanitarium, Deer Park, CA 94576",38.543351,-122.475852,Wastewater Treatment Facility,4952(+),Napa,2,WDRMUNIOTH,Active,WDR,87-068,2 283015001,,06/17/1987,06/17/1987,,1997-06-17,.04,,B,2,,,,0,0,
"Yountville, Town of","6550 Yountville Street, Yountville, CA 94599",Yountville / CA Vets Home WWTP,"7501 Solano Avenue, Yountville, CA 94599",38.393512,-122.355478,Wastewater Treatment Facility,4952,Napa,2,"NPDMUNIOTH, REC",Active,NPDES Permit,R2-2020-0026,2 283019001,CA0038121,10/14/2020,12/01/2020,,2025-11-30,.55,Minor,B,2,,,,0,20,
American Canyon City PWD,"4381 Broadway Street Suite 201, American Canyon, CA 94503",American Canyon Water Reclamation Facility (WRF) (formerly WWTP),"151 Mezzetta Court, American Canyon, CA 94503",38.18883,-122.2782,Wastewater Treatment Facility,4952,Napa,2,NPDMUNILRG,Active,NPDES Permit,R2-2022-0019,2 283021001,CA0038768,06/08/2022,08/01/2022,,2027-07-31,2.5,Major,A,1,,,,1,1,
Moores Resort,"Po Box 4288, Napa, CA 94558",Moore's Resort WWTP Sewage Ponds,"6 Cuttings Wharf Road, Napa, CA 94559",38.22652,-122.30749,Wastewater Treatment Facility,4952,Napa,2,WDRMUNIOTH,Active,WDR,86-028,2 283025001,,04/16/1986,04/16/1986,,1996-04-16,.003,,B,2,,,,0,0,
Napa Valley Country Club,"Po Box 3177, Napa, CA 94558",Napa Valley Country Club WWTP Ponds,"3385 Hagen Road, Napa, CA 94558",38.323508,-122.245392,Wastewater Treatment Facility,4952(+),Napa,2,WDRMUNIOTH,Active,WDR,89-049,2 283032001,,04/19/1989,04/19/1989,,2015-04-19,.0007,,B,3,,,,0,0,
Auberge Du Soleil,"180 Rutherford Hill Road, Rutherford, CA 94573",Auberge Du Soleil WWTP,"180 Rutherford Hill Road, Rutherford, CA 94573",38.49354,-122.40609,Wastewater Treatment Facility,4952(+),Napa,2,WDRMUNIOTH,Active,WDR,99-052,2 283096001,,07/21/1999,07/21/1999,,2009-07-21,.01,,B,2,,,,0,0,
3W & C LLC,"7395 St Helena Highway, Napa, CA 94558",Mustards Grill WWTP,"7399 St Helena Highway, Napa, CA 94558",38.41895,-122.38822,Wastewater Treatment Facility,4952,Napa,2,WDRMUNIOTH,Active,Enrollee - WDR,2014-0153-DWQ,2 283102001,,,07/10/2024,,2040-01-01,0.004,,B,2,,,,0,0,
Culinary Institute of America (CWMS member),"2555 Main Street, St Helena, CA 94574",CWMS WWTP (at Markham Vineyards),"2812 St. Helena Highway, St. Helena, CA 94574",38.515933,-122.485209,Wastewater Treatment Facility,4952(+),Napa,2,WDRMUNIOTH,Active,WDR,R2-1998-0064,2 283114001,,07/15/1998,07/15/1998,,2008-07-15,.03,,B,2,,,,0,0,
San Francisco Public Utilities Commission,"525 Golden Gate Avenue Flr 11, San Francisco, CA 94102",SF - OCEANSIDE Water Pollution Control Plant,"3500 Great Highway, San Francisco, CA 94132",37.7278,-122.5047,Wastewater Treatment Facility,4952,San Francisco,2,NPDMUNILRG,Active,NPDES Permit,R2-2019-0028,2 386009001,CA0037681,09/11/2019,11/01/2019,,2024-10-31,43,Major,A,2,,,,4,27,
San Francisco Public Utilities Commission,"525 Golden Gate Avenue Flr 11, San Francisco, CA 94102","SF-SE Water Pollution Control Plant, N-Point & Bayside","750 Phelps Avenue, San Francisco, CA 94124",37.740805,-122.390454,Wastewater Treatment Facility,4952,San Francisco,2,NPDMUNILRG,Active,Co-Permitee,R2-2024-0013,2 386010001,CA0038873,03/08/2019,07/01/2019,,2029-09-30,,Major,,,,,,4,32,
US Navy Treasure Island,"Naval Station Treasure Island, San Francisco, CA 94130",Treasure Island WWTP/DOD,"1220 Avenue M, San Francisco, CA 94130",37.83055,-122.3704,Wastewater Treatment Facility,4952,San Francisco,2,"DODNPDESWW, NPDMUNILRG",Active,Co-Permitee,R2-2024-0013,2 386013001,CA0038873,03/08/2019,07/01/2019,,2029-09-30,,Major,,,,,,1,5,
Burlingame City PWD,"501 Primrose Road, Burlingame, CA 94010",Burlingame WWTP,"1103 Airport Road, Burlingame, CA 94010",37.591735,-122.359966,Wastewater Treatment Facility,4952,San Mateo,2,NPDMUNILRG,Active,NPDES Permit,R2-2023-0010,2 417005001,CA0037788,07/12/2023,01/01/2024,,2028-12-31,5.5,Major,A,2,,,,2,13,
San Francisco City,"375 Woodside Avenue, San Francisco, CA 94127",Log Cabin Ranch WWTP,"500 Log Cabin Ranch Road, La Honda, CA 94020",37.30495,-122.25694,Wastewater Treatment Facility,92,San Mateo,2,WDRMUNIOTH,Active,WDR,91-054,2 417016001,,04/17/1991,04/17/1991,,2001-04-17,.04,,C,3,,,,0,0,
Millbrae City,"400 East Millbrae Avenue, Millbrae, CA 94030",Millbrae WPCP,"400 East Millbrae Avenue, Millbrae, CA 94010",37.60371,-122.37894,Wastewater Treatment Facility,4952,San Mateo,2,NPDMUNILRG,Active,NPDES Permit,R2-2024-0005,2 417019001,CA0037532,03/13/2024,05/01/2024,,2029-04-30,3.0,Major,A,2,,,,1,6,
North San Mateo County Sanitation District,"333 90th Street, Daly City, CA 94015",North San Mateo County Sanitation District WWTP,"153 Lake Merced Boulevard, Daly City, CA 94015",37.70279,-122.48501,Wastewater Treatment Facility,4952,San Mateo,2,NPDMUNILRG,Active,NPDES Permit,R2-2022-0036,2 417021002,CA0037737,12/14/2022,02/01/2023,,2028-01-31,8.0,Major,A,2,,,,1,4,
City of Pacifica,"170 Santa Maria Avenue, Pacifica, CA 94044-2506",Calera Creek Water Recycling Plant,"700 Coast Highway, Pacifica, CA 94044",37.614722,-122.487778,Wastewater Treatment Facility,4952,San Mateo,2,NPDMUNILRG,Active,NPDES Permit,R2-2022-0029,2 417022002,CA0038776,10/12/2022,12/01/2022,,2027-11-30,4,Major,A,1,,,,0,11,
Ca Dept of Parks & Rec La Honda,"9000 Portola State Park Road F, La Honda, CA 94020-9717",Portola Redwood State Park WWTP,"9000 Portola St. Park Road, La Honda, CA 94020",37.28793,-122.21289,Wastewater Treatment Facility,4952,San Mateo,2,WDRMUNIOTH,Active,WDR,86-087,2 417025001,,11/19/1986,11/19/1986,,2020-01-01,.035,,B,2,,,,0,0,
San Francisco International Airport,"676 Mcdonnell Road, San Francsco, CA 94128",SF Airport Mel Leong TP-Sanitary Waste,"Bldg. 924 Clearwater Drive, San Francisco, CA 94080",37.63731,-122.38466,Wastewater Treatment Facility,4952,San Mateo,2,NPDMUNILRG,Active,NPDES Permit,R2-2025-0002,2 417032001,CA0038318,02/12/2025,04/01/2025,,2030-03-31,2.4,Major,A,3,,,,1,3,
San Francisco International Airport,"676 Mcdonnell Road, San Francsco, CA 94128",SF Arprt Mel Leong TP-Industrl,"Bldg. 924 Clearwater Drive, San Francisco, CA 94080",37.63727,-122.38473,Wastewater Treatment Facility,3721(+),San Mateo,2,"NPDINDLRG, NPDMUNILRG",Active,NPDES Permit,R2-2025-0002,2 417032001,CA0038318,02/12/2025,04/01/2025,,2030-03-31,2.4,Major,A,3,,,,0,0,
San Mateo City,"330 West 20th Avenue, San Mateo, CA 94403",San Mateo WWTP,"2050 Detroit Drive, San Mateo, CA 94404",37.56945,-122.29668,Wastewater Treatment Facility,4952,San Mateo,2,NPDMUNILRG,Active,NPDES Permit,R2-2023-0017,2 417035001,CA0037541,10/11/2023,12/01/2023,,2028-11-30,15.7,Major,A,1,,,,2,17,
Silicon Valley Clean Water,"1400 Radio Road, Redwood City, CA 94065-1220",SVCW WWTP,"1400 Radio Road, Redwood City, CA 94065",37.542547,-122.229247,Wastewater Treatment Facility,4952,San Mateo,2,NPDMUNILRG,Active,NPDES Permit,R2-2023-0003,2 417037001,CA0038369,03/08/2023,05/01/2023,,2028-04-30,29,Major,A,1,,,,0,2,
South San Francisco City,"400 Grand Avenue, South San Francisco, CA 94080",South San Francisco-San Bruno WQCP,"195 Belle Air Road, South San Francisco, CA 94080",37.64149,-122.399957,Wastewater Treatment Facility,4952,San Mateo,2,NPDMUNILRG,Active,NPDES Permit,R2-2019-0021,2 417038001,CA0038130,07/10/2019,09/01/2019,,2024-08-31,,Major,A,1,,,,0,3,
San Mateo Cnty Department of Parks,"455 County Center 4th Floor, Redwood City, CA 94063-1663",San Mateo Memorial Park WWTP,"9500 Pescadero Road, Loma Mar, CA 94021",37.27773,-122.29304,Wastewater Treatment Facility,4952,San Mateo,2,WDRMUNIOTH,Active,WDR,2014-0153-DWQ,2 417041001,,11/23/2020,11/23/2020,,2030-11-23,.03,,B,2,,,,0,0,
San Mateo County DPW,"555 County Center 5th Floor, Redwood City, CA 94063",Glenwood Boys Ranch WWTP,"400 Log Cabin Ranch Road, La Honda, CA 94020",37.30666,-122.26935,Wastewater Treatment Facility,4952,San Mateo,2,WDRMUNIOTH,Active,WDR,88-140,2 417042001,,09/21/1988,09/21/1988,,2009-06-15,.01,,B,2,,,,0,0,
San Mateo County DPW,"555 County Center 5th Floor, Redwood City, CA 94063",San Mateo Co Honor Camp WWTP,"Camp Pompino Road, Loma Mar, CA 94021",37.262936,-122.248757,Wastewater Treatment Facility,4952,San Mateo,2,WDRMUNIOTH,Active,WDR,88-141,2 417059001,,09/21/1988,09/21/1988,,2003-09-21,.018,,B,3,,,,0,0,
SEWER AUTHORITY MID-COASTSIDE,"1000 North Cabrillo Highway, Half Moon Bay, CA 94019-1466",SAM WWTP (Sewer Authority Mid-Coastside WWTP),"1000 North Cabrillo Highway, Half Moon Bay, CA 94019",37.47293,-122.44398,Wastewater Treatment Facility,4952,San Mateo,2,NPDMUNILRG,Active,NPDES Permit,R2-2023-0002,2 417068001,CA0038598,03/08/2023,05/01/2023,,2028-04-30,4,Major,A,1,,,,1,17,
UC Half Moon Bay,"625 Miramontes St, Suite 200, Half Moon Bay, CA 94019",Elkus Youth Ranch WWTP,"1500 Purisima Creek, Half Moon Bay, CA 94019",37.414544,-122.401077,Wastewater Treatment Facility,4952,San Mateo,2,WDRMUNIOTH,Active,WDR,92-124,2 417133001,,10/21/1992,10/21/1992,,2002-10-21,.003,,B,2,,,,0,0,
West Bay Sanitary District,"500 Laurel Street, Menlo Park, CA 94025",Sharon Heights Recycled Water Facility,"2900 Sand Hill Road, Menlo Park, CA 94025",37.420958,-122.222433,Wastewater Treatment Facility,,San Mateo,2,WDRMUNILRG,Active,Enrollee - WRR,2016-0068-DDW,2 41GWRR864895,,,07/24/2021,,2026-08-05,0.5,,C,3,,,,0,0,
Palo Alto City,"250 Hamilton Avenue, Palo Alto, CA 94301",Palo Alto Regional WQCP,"2501 Embarcadero Way, Palo Alto, CA 94303",37.451426,-122.10817,Wastewater Treatment Facility,4952,Santa Clara,2,NPDMUNILRG,Active,NPDES Permit,R2-2025-0003,2 438011001,CA0037834,02/12/2025,04/01/2025,,2030-03-31,39,Major,A,1,,,,0,1,
San Jose City,"777 North First Street, San Jose, CA 95112",San Jose/Santa Clara WPCP,"700 Los Esteros Road, San Jose, CA 95134",37.431979,-121.953651,Wastewater Treatment Facility,4952,Santa Clara,2,NPDMUNILRG,Active,NPDES Permit,R2-2025-0027,2 438014001,CA0037842,12/10/2025,02/01/2026,,2031-01-31,167,Major,A,1,,,,0,0,
Sunnyvale City,"Po Box 3707, Sunnyvale, CA 94088-3707",Sunnyvale WPCP,"1444 Borregas Avenue, Sunnyvale, CA 94089",37.4189,-122.01606,Wastewater Treatment Facility,4952,Santa Clara,2,"NPDMUNILRG, REC",Active,NPDES Permit,R2-2020-0002,2 438018001,CA0037621,02/12/2020,04/01/2020,,2025-03-31,29.5,Major,A,1,146000,,,1,24,
Santa Clara Cnty,"70 West Hedding Street, San Jose, CA 95110",Mariposa Lodge- Onsite Sewage System,"9500 Malech Road, San Jose, CA 95138",37.22557,-121.73295,Wastewater Treatment Facility,4952,Santa Clara,2,WDRMUNIOTH,Active,WDR,78-053,2 438083001,,07/18/1978,07/18/1978,,2000-06-20,.009,,B,3,,,,0,0,
Lake Canyon Community Service District CSD,"Po Box 866, Los Gatos, CA 95031",Lake Canyon Community WWTP,"Near Intsctn Laurel Drive & Oak Court, Los Gatos, CA 95030",37.197177,-121.99988,Wastewater Treatment Facility,4952,Santa Clara,2,WDRMUNIOTH,Active,WDR,94-143,2 438090001,,10/19/1994,10/19/1994,,2025-06-15,.0116,,B,2,,,,0,0,
Cinnabar Hills Golf Club,"23600 Mckean Road, San Jose, CA 95141",Cinnabar Hills Golf Club WWTP,"23600 McKean Road, San Jose, CA 95141",37.165796,-121.755667,Wastewater Treatment Facility,4952(+),Santa Clara,2,WDRMUNIOTH,Active,WDR,97-062,2 438538001,,05/21/1997,05/21/1997,,2007-05-21,.0075,,C,2,,,,0,0,
Benicia City,"370 East L Street, Benicia, CA 94510",Benicia WWTP,"614 East 5th Street, Benicia, CA 94510",38.045819,-122.150579,Wastewater Treatment Facility,4952,Solano,2,NPDMUNILRG,Active,NPDES Permit,R2-2025-0001,2 482001001,CA0038091,02/12/2025,04/01/2025,,2030-03-31,4.5,Major,A,2,,,,1,6,
Fairfield Suisun Sewer District,"1010 Chadbourne Road, Fairfield, CA 94534-9700",Fairfield-Suisun Sewer District Subregional WWTP,"1010 Chadbourne Road, Fairfield, CA 94534",38.222082,-122.077374,Wastewater Treatment Facility,4952,Solano,2,"NPDMUNILRG, REC",Active,NPDES Permit,R2-2025-0028,2 482005001,CA0038024,12/10/2025,02/01/2026,,2031-01-31,23.7,Major,A,1,,,,0,0,
Vallejo Flood & Wastewater District (formerly Vallejo San & Flood Control District),"450 Ryder Street, Vallejo, CA 94590",Vallejo Flood & Wastewater District (VFWD) WWTP,"450 Ryder Street, Vallejo, CA 94590",38.091264,-122.251126,Wastewater Treatment Facility,4952,Solano,2,NPDMUNILRG,Active,NPDES Permit,R2-2023-0001,2 482012001,CA0037699,02/08/2023,04/01/2023,,2028-03-31,15.5,Major,A,1,,,,1,4,
Twin Creeks Homeowners Association,"33 Twin Creeks Drive, Suisun, CA 94585",Twin Creek Condominiums (Solano Co) WWTP,"39 Twin Creeks Drive, Suisun City, CA 94534",38.26119,-122.16613,Wastewater Treatment Facility,4952,Solano,2,WDRMUNIOTH,Active,WDR,90-129,2 482034001,,09/19/1990,09/19/1990,,2005-09-19,.009,,B,3,,,,0,0,
Seeno Duck Club,"Po Box 4113, Concord, CA 94524",Seeno Duck Club WWTP Evap Pond,"3102 Jacksnipe Road, Fairfield, CA 94534",38.193167,-122.066517,Wastewater Treatment Facility,4952,Solano,2,WDRMUNIOTH,Active,WDR,88-007,2 482059001,,01/20/1988,01/20/1988,,2013-01-20,.001,,B,3,,,,0,0,
Speedway Sonoma LLC,"Highway 37 At Highway 121, Sonoma, CA 95476",Sonoma Raceway WWTP Ponds & Recycled Water,"29355 Arnold Drive, Sonoma, CA 95476",38.15836,-122.45341,Wastewater Treatment Facility,4952(+),Sonoma,2,WDRMUNIOTH,Active,WDR,R2-2001-0093,2 494001001,,08/15/2001,08/15/2001,,2011-08-15,0.115,,B,2,,,,0,0,
Petaluma City PWD,"202 North Mcdowell Boulevard, Petaluma, CA 94954",Petaluma Ellis Creek Water Recycling Facility (NPDES Permit),"3890 Cypress Drive, Petaluma, CA 94954",38.233544,-122.621527,Wastewater Treatment Facility,4952,Sonoma,2,NPDMUNILRG,Active,NPDES Permit,R2-2021-0008,2 494006001,CA0037810,05/12/2021,07/01/2021,,2026-06-30,6.7,Major,A,1,,,,0,0,
Sonoma County Water Agency (SCWA),"404 Aviation Boulevard, Santa Rosa, CA 95403",Sonoma Valley County SD WWTP,"22675 8 th Street, Sonoma, CA 95476",38.25172,-122.44395,Wastewater Treatment Facility,4952,Sonoma,2,NPDMUNILRG,Active,NPDES Permit,R2-2024-0027,2 494009001,CA0037800,12/11/2024,02/01/2025,,2030-01-31,3,Major,A,3,,,,0,16,
Gilardis Resort,"5684 Lakeville Highway, Petaluma, CA 94954",Papas Taverna WWTP OWTS,"5688 Lakeville Road, Petaluma, CA 94954",38.181008,-122.533246,Wastewater Treatment Facility,4952,Sonoma,2,WDRMUNIOTH,Active,WDR,85-137,2 494011001,,12/18/1985,12/18/1985,,2000-12-18,.0001,,C,3,,,,0,0,
Port Sonoma Marina,"270 Sears Point Road, Petaluma, CA 94952",Port Sonoma Marina WWTP Pond,"270 Sears Point Rd., Petaluma, CA 94954",38.119,-122.49716,Wastewater Treatment Facility,4952(+),Sonoma,2,WDRMUNIOTH,Active,WDR,87-031,2 494033001,,04/15/1987,04/15/1987,,2002-04-15,.00535,,C,3,,,,0,0,
Hollister City,"375 Fifth St Street, Hollister, CA 95023",Hollister Domestic WWTP,"2690 San Juan Road, Hollister, CA 95023",36.85277,-121.44442,Wastewater Treatment Facility,4952,San Benito,3,"REC, SLIC, WDRMUNILRG",Active,Enrollee - WDR,2016-0068-DDW,3 251223000,,,12/01/2023,,2026-08-05,,,,,,,,1,31,
California American Water Company Monterey,"511 Forest Lodge Road 100, Pacific Grove, CA 93950",Pasadera Reclamation Facility (Producer),"100 Pasadera Drive, Monterey, CA 93940",36.57046,-121.77372,Wastewater Treatment Facility,4952,Monterey,3,WDRMUNIOTH,Active,WDR,98-058,3 270100009,,10/23/1998,10/23/1998,,2013-10-19,.106,,B,3,,,,0,67,
Carmel Area Wastewater District,"Po Box 221428, Carmel, CA 93922",Carmel Area WWTP,"26900 State Route One, Carmel-By-The-Sea, CA 93923",36.53939,-121.91913,Wastewater Treatment Facility,4952,Monterey,SB,"NPDMUNILRG, SLIC",Active,Co-Permitee,2020-0015-DWQ,3 270101001,,,07/09/2020,,,,Major,,,,,,1,16,
"County of Monterey Department of Public Works, Facilities and Parks","1441 Schilling Place, Salinas, CA 93901",Chualar WWTP,"Chualar Dump Road, Chualar, CA 93925",36.55212,-121.54215,Wastewater Treatment Facility,4952,Monterey,3,WDRMUNILRG,Active,Enrollee - WDR,R3-2020-0020,3 270103001,,,09/20/2022,,2030-09-24,.08,,B,2,,,,2,38,
City of Gonzales,"147 Fourth Street, Gonzales, CA 93926",Gonzales WWTP,"400 Short Road, Gonzales, CA 93926",36.48957,-121.47298,Wastewater Treatment Facility,4952,Monterey,3,"SLIC, WDRMUNILRG",Active,Enrollee - WDR,R3-2020-0020,3 270104001,,,04/11/2023,,2030-09-24,1.2,,B,2,,,,3,29,
Greenfield City,"599 El Camino Real, Greenfield, CA 93927","Greenfield WWTP, City of","41901 Walnut Avenue, Greenfield, CA 93927",36.33984,-121.22671,Wastewater Treatment Facility,4952,Monterey,3,"SLIC, WDRMUNILRG",Active,Enrollee - WDR,R3-2020-0020,3 270105001,,,04/21/2022,,2030-09-24,1.5,,B,2,,,,5,40,
King City,"212 South Vanderhurst, King City, CA 93930",King City Domestic WWTF,"Cemetary Rd & Salinas River, Salinas, CA 93930",36.218,-121.15328,Wastewater Treatment Facility,4952,Monterey,3,"SLIC, WDRMUNILRG",Active,Enrollee - WDR,R3-2020-0020,3 270106001,,,04/12/2024,,2030-09-24,1.2,,B,2,,,,2,67,
Monterey One Water,"5 Harris Court D, Monterey, CA 93940",Monterey Regional Reclamation (Producer),"14201 Del Monte Boulevard, Marina, CA 93933",36.713826,-121.767734,Wastewater Treatment Facility,,Monterey,3,WDRMUNILRG,Active,WDR,94-082,3 270108025,,09/09/1994,09/09/1994,,1999-03-10,29.6,Major,C,2,,,,0,0,
Soledad City,"Po Box 156, Soledad, CA 93960",Soledad Water Reclamation Facility,"34520 Morisoli Road, Soledad , CA 93960",36.41905,-121.33814,Wastewater Treatment Facility,4952,Monterey,SB,"SLIC, WDRMUNILRG",Active,Co-Permitee,2020-0015-DWQ,3 270113001,,,07/09/2020,,,,,,,,,,0,59,
Little Bear Water Company Inc,"51201 Pine Canyon Road 125, King City, CA 93930",Little Bear WWTP,"51201 Pine Canyon Road 125, King City, CA 93930",36.18588,-121.14364,Wastewater Treatment Facility,4952,Monterey,3,WDRMUNILRG,Active,Enrollee - WDR,2014-0153-DWQ,3 270116001,,,09/28/2023,,2029-09-23,.09,,B,2,,,,2,12,
Monterey One Water,"5 Harris Court D, Monterey, CA 93940",Monterey One Water Regional WWTP,"14811 Del Monte Boulevard, Marina, CA 93933",36.705579,-121.770115,Wastewater Treatment Facility,4952,Monterey,3,"NPDMUNILRG, SLIC",Active,NPDES Permit,R3-2024-0045,3 270118002,CA0048551,12/13/2024,02/28/2025,,2030-03-01,29.6,Major,A,2,,,,2,17,
San Ardo Water District,"Po Box 238, San Ardo, CA 93450",San Ardo WWTP,"Cattlemen Rd, San Ardo, CA 93450",36.01722,-120.91543,Wastewater Treatment Facility,4952,Monterey,3,WDRMUNILRG,Active,Enrollee - WDR,2014-0153-DWQ,3 270120001,,,04/28/2023,,2029-09-23,.09,,B,3,,,,3,4,
San Lucas County Water District,"Po Box 166, San Lucas, CA 93954",San Lucas WWTF,"Highway 198 & Freeman Flat Rd., San Lucas, CA 93930",36.142,-121.01026,Wastewater Treatment Facility,4952,Monterey,3,WDRMUNIOTH,Active,WDR,89-076,3 270125001,,06/09/1989,06/09/1989,,2017-04-02,.034,,C,3,,,,2,8,
Canada Woods Reclamation Facility,"Po Box 450, Carmel-By-The-Sea, CA 93921",Canada Woods Reclamation Facility,"6 Este Madera, Carmel-By-The-Sea, CA 93923",36.53662,-121.84475,Wastewater Treatment Facility,4952,Monterey,3,WDRMUNILRG,Active,WDR,97-032,3 270129001,,07/11/1997,07/11/1997,,2007-07-11,0.1,,B,2,,,,0,154,
Monterey Cnty Parks Dept,"1441 Schilling Place, Salinas, CA 93915-5249",Lake San Antonio Northshore WWTP,"2091 New Pleyto Rd. Road, Bradley, CA 93426",35.86666,-120.96741,Wastewater Treatment Facility,4952,Monterey,3,WDRMUNIOTH,Active,Enrollee - WDR,2014-0153-DWQ,3 270302001,,08/19/2022,08/19/2022,,2032-08-12,.06,,B,3,,,,0,0,
Monterey Cnty Parks Dept,"1441 Schilling Place, Salinas, CA 93915-5249",Lake San Antonio Southshore WWTP,"2610 Lake San Antonio Road, Bradley, CA 93426",35.81684,-120.95917,Wastewater Treatment Facility,4952,Monterey,3,WDRMUNILRG,Active,WDR,2014-0153-DWQ,3 270302002,,08/12/2022,08/12/2022,,2032-08-12,.14,,B,2,,,,0,0,
Santa Lucia CSD,"1 Pronghorn Run Road, Carmel, CA 93923",Santa Lucia WW Recycling Facility (Prod/User),"1 Pronghorn Run Road, Carmel, CA 93923",36.45362,-121.80188,Wastewater Treatment Facility,4941,Monterey,3,WDRMUNIOTH,Active,Enrollee - WDR,2014-0153-DWQ,3 270316559,,,03/18/2016,,2026-03-17,0.041,,B,3,,,,0,16,
US Army Garrison Fort Hunter Liggett,"Po Box 7090 Afrc-Fmh-Env, Fort Hunter Liggett, CA 93928-7090",Fort Hunter Liggett WWTP,"IMHL-ZA, Fort Hunter Liggett, CA 93928",35.99163,-121.23178,Wastewater Treatment Facility,,Monterey,3,"WDRMUNILRG, WDRMUNIOWTS",Active,Enrollee - WDR,2014-0153-DWQ,3 270422966,,,03/21/2022,,2029-09-23,,,C,3,,,,0,8,
San Jerardo Inc.,"24500 Calle El Rosario, Salinas, CA 93908",San Jerardo WWTP,"24401 Calle El Rosario, Salinas, CA 93908",36.64221,-121.53721,Wastewater Treatment Facility,4952,Monterey,3,"WDRMUNIOTH, WDRMUNIOWTS",Active,Enrollee - WDR,2014-0153-DWQ,3 270619758,,,12/13/2019,,2029-09-23,0.04,,C,3,,,,1,9,
Ca Dept of Parks & Rec Big Sur,"47555 Hwy 1, Big Sur, CA 93920",Pfeiffer Big Sur State Park WWTP,"47177 Ca 1 Highway, Big Sur, CA 93920",36.25751,-121.78784,Wastewater Treatment Facility,7033,Monterey,3,WDRMUNILRG,Active,Enrollee - WDR,2014-0153-DWQ,3 270802001,,,10/02/2025,,2040-10-01,.08,,B,3,,,,1,15,
California Army National Guard - Camp Roberts,"Highway 101 914, Camp Roberts, CA 93451-5000",Camp Roberts Main (West) Garrison WWTP,"A St., San Miguel, CA 93451",35.79805,-120.73734,Wastewater Treatment Facility,9711,Monterey,3,WDRMUNILRG,Active,WDR,R3-2014-0046,3 270803001,,11/14/2014,11/14/2014,,2024-11-13,0.04,,B,3,,,,1,23,
California Utilities Service,"Po Box 5100, Salinas, CA 93915",California Utilities,"16625 Reservation Road, Salinas, CA 93908",36.62745,-121.68772,Wastewater Treatment Facility,4952,Monterey,3,WDRMUNILRG,Active,Enrollee - WDR,R3-2020-0020,3 271001001,,,01/13/2022,,2030-09-24,,,B,2,,,,0,39,
California American Water Company Monterey,"511 Forest Lodge Road 100, Pacific Grove, CA 93950",Indian Springs Wastewater Treatment Facility,"22400 Indian Springs Road, Salinas, CA 93908",36.60091,-121.63717,Wastewater Treatment Facility,4952,Monterey,3,WDRMUNIOTH,Active,Enrollee - WDR,2014-0153-DWQ,3 271002001,,,12/09/2025,,2029-09-23,.035,,B,3,,,,0,8,
California American Water Company Monterey,"511 Forest Lodge Road 100, Pacific Grove, CA 93950",Oak Hills Development WWTP,"9152 Cathedral Oak Road, Castroville, CA 93907",36.77967,-121.71819,Wastewater Treatment Facility,4952,Monterey,3,WDRMUNILRG,Active,Enrollee - WDR,R3-2020-0020,3 271007001,,,05/02/2023,,2030-09-24,.125,,B,2,,,,1,60,
Monterey Dunes Colony Mutual Water Association,"195 Monterey Dunes Way, Moss Landing, CA 95039",Monterey Dunes Colony WWTP,"195 Monterey Dunes Way, Moss Landing, CA 95039",36.75839,-121.80123,Wastewater Treatment Facility,6515,Monterey,3,WDRMUNIOTH,Active,Enrollee - WDR,2014-0153-DWQ,3 271011001,,05/05/2022,05/05/2022,,2037-05-04,.036,,C,3,,,,1,2,
California American Water Company Monterey,"511 Forest Lodge Road 100, Pacific Grove, CA 93950",Carmel Valley Ranch WWTP (Producer),"1 Old Ranch Road, Carmel, CA 93923",36.52041,-121.79925,Wastewater Treatment Facility,4952,Monterey,3,WDRMUNILRG,Active,WDR,01-083,3 271018001,,09/14/2001,09/14/2001,,2011-09-14,.1,,B,2,,,,2,46,
California American Water Company Monterey,"511 Forest Lodge Road 100, Pacific Grove, CA 93950",WHITE OAKS SUBDIVISION Onsite WW Treatment System,"Paso Hondo Carmel Valley Rd, Carmel, CA 93924",36.47755,-121.73067,Wastewater Treatment Facility,4952,Monterey,3,"WDRMUNIENROTH, WDRMUNIOTH",Active,Enrollee - WDR,97-010-DWQ,3 271018003,,06/17/2011,06/17/2011,,2026-06-17,.008,,B,3,,,,0,0,
California American Water Company Monterey,"511 Forest Lodge Road 100, Pacific Grove, CA 93950",Las Palmas Ranch Reclamation Facility,"21702 River Road, Salinas, CA 93908",36.6126,-121.65588,Wastewater Treatment Facility,4952,Monterey,3,WDRMUNILRG,Active,WDR,R3-2006-0041,3 271026001,,12/01/2006,12/01/2006,,2021-12-01,0.2,,B,2,,,,2,48,
California American Water Company Monterey,"511 Forest Lodge Road 100, Pacific Grove, CA 93950",Spreckels WWTP,"121 Spreckels Blvd, Spreckels, CA 93908",36.61478,-121.65175,Wastewater Treatment Facility,4952,Monterey,3,WDRMUNILRG,Active,Enrollee - WDR,R3-2020-0020,3 272015001,,,09/16/2022,,2030-09-24,0.110,,B,2,,,,0,11,
San Juan Bautista City,"Po Box 1420, San Juan Bautista, CA 95054-1086",San Juan Bautista WWTP,"1120 Third Street, San Juan Bautista, CA 95045",36.84967,-121.54413,Wastewater Treatment Facility,4952,San Benito,3,NPDMUNILRG,Active,NPDES Permit,R3-2009-0019,3 350102001,CA0047902,05/08/2009,05/09/2009,,2014-05-08,.27,"Major, Minor",B,2,,,,3,193,
Tres Pinos WD,"Po Box 529, Tres Pinos, CA 95075",Tres Pinos WWTP,"8511 Southside Road, Hollister, CA 95023",36.790553,-121.326822,Wastewater Treatment Facility,4952,San Benito,3,WDRMUNIOTH,Active,Enrollee - WDR,2014-0153-DWQ,3 350103001,,,12/23/2022,,2029-09-23,.06,,B,3,,,,0,21,
Sunnyslope County Water District,"3570 Airline Highway, Hollister, CA 95023-9702",Ridgemark Estates WWTP,"10 Georges Drive, Hollister, CA 95023",36.8114,-121.37708,Wastewater Treatment Facility,4952,San Benito,3,WDRMUNILRG,Active,Enrollee - WDR,R3-2020-0020,3 351000001,,,05/27/2022,,2030-09-24,.35,,B,2,,,,0,50,
Rancho Larios Homeowners Association,"409  Tennant Sta Road  # 240, Morgan Hill, CA 95037",Rancho Larios WWTP,"Avenida Del Piero, San Juan Bautista, CA 95045",36.843921,-121.575067,Wastewater Treatment Facility,,San Benito,3,WDRMUNILRG,Active,Enrollee - WDR,2014-0153-DWQ,3 359803001,,,05/27/2022,,2029-09-23,.050,,B,3,,,,1,12,
Atascadero City,"6500 Palma Avenue, Atascadero, CA 93422",Atascadero WWTP,"8005 Gabarda, Atascadero, CA 93422",35.48211,-120.64443,Wastewater Treatment Facility,4952,San Luis Obispo,3,"SLIC, WDRMUNILRG",Active,Enrollee - WDR,R3-2020-0020,3 400100001,,,06/06/2023,,2030-09-24,1.4,,B,2,,,,0,8,
Avila Beach CSD,"Po Box 309, Avila Beach, CA 93424",Avila WWTP,"End of San Miguel Street, Avila Beach, CA 93405",35.18224,-120.73327,Wastewater Treatment Facility,4952,San Luis Obispo,3,NPDMUNIOTH,Active,NPDES Permit,R3-2017-0025,3 400101001,CA0047830,09/21/2017,12/01/2017,,2022-11-30,0.2,Minor,B,2,,,,1,36,
Cambria Community Services District,"Po Box 65, Cambria, CA 93428",Cambria CSD WWTP,"5500 Heath Lane, Cambria, CA 93428",35.56323,-121.09079,Wastewater Treatment Facility,4952,San Luis Obispo,3,"SLIC, WDRMUNILRG",Active,Enrollee - WDR,R3-2020-0020,3 400102001,,,12/08/2025,,2039-12-31,0.99,,B,2,,,,0,14,
Morro Bay SD,"590 Harbor Street, Morro Bay, CA 93442",Morro Bay/Cayucos WWTP,"160 Atascadero Road, Morro Bay, CA 93442",35.379281,-120.860776,Wastewater Treatment Facility,4952,San Luis Obispo,SB,"NPDMUNILRG, SLIC",Active,Co-Permitee,2020-0015-DWQ,3 400103001,,,07/09/2020,,,,Major,,,,,,0,2,
Nipomo CSD,"Po Box 326, Nipomo, CA 93444-0326",Nipomo CSD Southland Treatment Facility,"509 Southland Street, Nipomo, CA 93444",35.02299,-120.47073,Wastewater Treatment Facility,4952,San Luis Obispo,3,WDRMUNILRG,Active,Enrollee - WDR,R3-2020-0020,3 400104001,,,11/14/2024,,2030-09-24,.9,,B,2,,,,0,1,
Pismo Beach City ,"760 Mattie Road, Pismo Beach, CA 93449",Pismo Beach WWTP,"550 Frady Ln, Pismo Beach, CA 93449",35.140816,-120.634202,Wastewater Treatment Facility,4952,San Luis Obispo,SB,"NPDMUNILRG, NPDMUNIOTH, SLIC",Active,Co-Permitee,2020-0015-DWQ,3 400106001,,,07/09/2020,,,,"Major, Minor",,,,,,0,25,
San Luis Obispo City,"990 Palm Street, San Luis Obispo, CA 93401",San Luis Obispo WWTP,"35 Prado Road, San Luis Obispo, CA 93401",35.256328,-120.673299,Wastewater Treatment Facility,4952,San Luis Obispo,3,"NPDMUNILRG, SLIC",Active,NPDES Permit,R3-2024-0001,3 400107001,CA0049224,06/20/2024,09/01/2024,,2029-08-31,5.4,Major,A,2,,,,6,177,
Ca Dept of Corrections San Luis Obispo,"Po Box 8101, San Luis Obispo, CA 93409",California Men's Colony WWTP,"Hwy 1 N SLO behind Cuesta College, San Luis Obispo, CA 93405",35.32427,-120.75209,Wastewater Treatment Facility,9223,San Luis Obispo,3,NPDMUNILRG,Active,NPDES Permit,R3-2020-0005,3 400108001,CA0047856,05/28/2020,07/01/2020,,2025-07-31,1.2,Major,A,2,,,,10,619,
San Miguel CSD,"Po Box 87, San Miguel, CA 93451",San Miguel CSD Machado WWTP,"1765 Bonita Place, San Miguel, CA 93451",35.75895,-120.69347,Wastewater Treatment Facility,4952,San Luis Obispo,3,WDRMUNILRG,Active,Enrollee - WDR,R3-2020-0020,3 400109001,,,12/07/2023,,2030-09-24,.2,,B,2,,,,2,78,
San Simeon CSD,"111 Pico Avenue, San Simeon, CA 93452",San Simeon WWTP,"9245 Balboa Avenue, San Simeon, CA 93452",35.6118,-121.14553,Wastewater Treatment Facility,4952,San Luis Obispo,3,NPDMUNIOTH,Active,NPDES Permit,R3-2022-0003,3 400110001,CA0047961,02/17/2022,05/01/2022,,2027-04-30,.45,Minor,B,2,,,,1,19,
South San Luis Obispo CSD,"Po Box 339, Oceano, CA 93445",South San Luis Obispo SD WWTP,"1600 Aloha Place, Oceano, CA 93445",35.101266,-120.625755,Wastewater Treatment Facility,4952,San Luis Obispo,SB,"NPDMUNILRG, SLIC",Active,Co-Permitee,2020-0015-DWQ,3 400111001,,,07/09/2020,,,,Major,,,,,,2,15,
San Luis Obispo CSA #07 Oak Shores,"1055 Monterey Street 207, San Luis Obispo, CA 93408",Oak Shores Development CSA-7A,"2537 Ridge Rider, Bradley, CA 93426",35.75317,-120.98514,Wastewater Treatment Facility,4952,San Luis Obispo,3,WDRMUNILRG,Active,Enrollee - WDR,2014-0153-DWQ,3 400113003,,,09/16/2022,,2029-09-23,.1,,B,2,,,,1,49,
Templeton CSD,"Po Box 780, Templeton, CA 93465",Meadowbrook WWTF (Templeton CSD),"1394 Shane Lane, Templeton, CA 93465",35.53263,-120.70822,Wastewater Treatment Facility,4941(+),San Luis Obispo,3,"WDRMUNILRG, WDRMUNIOTH",Active,Enrollee - WDR,R3-2020-0020,3 400115001,,,03/23/2026,,2030-09-24,0.600,,B,2,,,,1,7,
San Luis Obispo City,"990 Palm Street, San Luis Obispo, CA 93401",San Luis Obispo Water Reclamation Facility,"35 Prado, San Luis Obispo, CA 93401",35.25616,-120.67292,Wastewater Treatment Facility,,San Luis Obispo,3,WDRMUNILRG,Active,WDR,R3-2003-0081,3 400309097,,10/24/2003,10/24/2003,,2018-10-24,4,,C,3,,,,0,0,
City of Morro Bay,"955 Shasta Avenue, Morro Bay, CA 93442",City of Morro Bay Water Reclamation Facility,"555 South Bay Boulevard, Morro Bay, CA 93442",35.36495,-120.82323,Wastewater Treatment Facility,,San Luis Obispo,3,NPDMUNIOTH,Active,NPDES Permit,R3-2022-0029,3 400322963,CA3000002,06/16/2022,08/05/2022,,2027-08-04,0.97,Major,B,2,,,,0,2,
City of El Paso de Robles,"3200 Sulphur Springs Road, Paso Robles, CA 93446",Paso Robles WWTP,"3200 Sulphur Springs Road, Paso Robles, CA 93446",35.648315,-120.687496,Wastewater Treatment Facility,4939,San Luis Obispo,3,"NPDMUNILRG, REC, SLIC",Active,Enrollee - WDR,2016-0068-DDW,3 400722972,,,07/19/2022,,2026-08-05,,Major,C,3,,,,2,34,
California Department of State Hospitals,"10333 El Camino Real, Atascadero, CA 93422",Atascadero State Hospital,"10333 El Camino Real, Atascadero, CA 93422",35.46305,-120.63514,Wastewater Treatment Facility,8063,San Luis Obispo,3,WDRMUNILRG,Active,Enrollee - WDR,R3-2020-0020,3 400801001,,,08/31/2021,,2030-09-24,0.5,,B,2,,,,3,57,
San Luis Obispo CSA #9 Los Osos WTP,"1055 Monterey Street 207, San Luis Obispo, CA 93408",Los Osos Water Recycling Facility,"2300 Los Osos Valley Road, Los Osos, CA 93402",35.30821,-120.80028,Wastewater Treatment Facility,4952,San Luis Obispo,SB,"SLIC, WDRMUNILRG, WDRMUNIOTH, WDRNONMUNIPRCS",Active,Co-Permitee,2020-0015-DWQ,3 400910371,,,07/09/2020,,,,,,,,,,0,24,
Heritage Ranch CSD,"4870 Heritage Road, Paso Robles, CA 93446",Heritage Ranch WWTP,"4870 Heritage Road, Paso Robles, CA 93446",35.722487,-120.88405,Wastewater Treatment Facility,4952,San Luis Obispo,3,NPDMUNIOTH,Active,NPDES Permit,R3-2017-0026,3 401013001,CA0048941,09/21/2017,12/01/2017,,2022-11-30,0.4,Minor,B,2,,,,4,33,
Rancho Colina MH Estates STP,"1045 Atascadero Road, Morro Bay, CA 93442",Rancho Colina MH Estates STP,"1045  Atascadero Road, Morro Bay, CA 93442",35.39066,-120.83933,Wastewater Treatment Facility,6515,San Luis Obispo,3,WDRMUNIOTH,Active,Enrollee - WDR,2014-0153-DWQ,3 401019001,,10/18/2022,10/18/2022,,2032-10-18,.035,,B,2,,,,0,14,
Cayucos SD,"Po Box 333, Cayucos, CA 93430",Cayucos SD WWTP,"800 Toro Creek Road, Morro Bay, CA 93442",35.42045,-120.86297,Wastewater Treatment Facility,4952,San Luis Obispo,3,NPDMUNIOTH,Active,NPDES Permit,R3-2020-0004,3 401019759,CA3000001,07/16/2020,12/01/2020,,2025-11-30,0.34,Minor,B,2,,,,0,23,
San Miguelito Mutual Water Company,"6680 Bay Laurel Place, Avila Beach, CA 93424",San Miguelito Wild Cherry Canyon,"3560 Wild Cherry Canyon, San Luis Obispo, CA 93405",35.19498,-120.75857,Wastewater Treatment Facility,4952,San Luis Obispo,3,WDRMUNILRG,Active,Enrollee - WDR,R3-2020-0020,3 401021001,,,04/18/2024,,2030-09-24,.15,,B,2,,,,0,28,
Fiero Lane Water Company Inc,"Po Box 14704, San Luis Obispo, CA 93406","Fiero Lane Water Company, Inc.","Fiero Ln, San Luis Obispo, CA 93401",35.24412,-120.64282,Wastewater Treatment Facility,4952,San Luis Obispo,3,WDRMUNIOTH,Active,WDR,R3-2004-0154,3 401023001,,12/03/2004,12/03/2004,,2019-12-03,.025,,C,3,,,,0,25,
Nipomo CSD,"Po Box 326, Nipomo, CA 93444-0326",Nipomo CSD Black Lake - Reclaimed Water Producer,"1526 Willow, Nipomo, CA 93444",35.047352,-120.546507,Wastewater Treatment Facility,4952,San Luis Obispo,3,WDRMUNILRG,Active,Enrollee - WDR,2014-0153-DWQ,3 401028001,,,05/31/2023,,2029-09-23,.1,,B,3,,,,0,17,
San Luis Obispo CSA #18 San Luis Obispo Country Club,"1055 Monterey Street 207, San Luis Obispo, CA 93408",Country Club Estates SLO Co CSA-18,"1045 Greystone Place, San Luis Obispo, CA 93401",35.21412,-120.6309,Wastewater Treatment Facility,,San Luis Obispo,3,WDRMUNILRG,Active,Enrollee - WDR,2014-0153-DWQ,3 401039001,,,11/20/2025,,2029-09-23,0.10,,B,3,,,,1,210,
Cypress Ridge Limited Partnership,"950 Cypress Ridge Parkway, Arroyo Grande, CA 93420",Cypress Ridge Sewer Facility,"796 Cypress Ridge Pkwy, Arroyo Grande, CA 93420",35.062556,-120.577322,Wastewater Treatment Facility,4952,San Luis Obispo,3,WDRMUNIOTH,Active,Enrollee - WDR,2014-0153-DWQ,3 401076001,,,09/29/2023,,2029-09-23,,,B,3,,,,0,0,
Buellton City,"Po Box 1819, Buellton, CA 93427",Buellton WWTP,"79 Industrial Way, Buellton, CA 93427",34.610047,-120.201847,Wastewater Treatment Facility,4952,Santa Barbara,3,WDRMUNILRG,Active,Enrollee - WDR,R3-2020-0020,3 420100001,,,05/25/2022,,2030-09-24,0.650,,B,2,,,,0,29,
Carpinteria SD,"5300 6th Street, Carpinteria, CA 93013",Carpinteria SD WWTP,"5351 Sixth Street, Carpinteria, CA 93013",34.392202,-119.518033,Wastewater Treatment Facility,4952,Santa Barbara,SB,"NPDMUNILRG, SLIC",Active,Co-Permitee,2020-0015-DWQ,3 420101001,,,07/09/2020,,,,Major,,,,,,0,11,
Goleta SD,"1 William Moffett Place, Goleta, CA 93117",Goleta SD WWTP,"1 Moffett Place, Goleta, CA 93117",34.4234913,-119.8324455,Wastewater Treatment Facility,4952,Santa Barbara,SB,"NPDMUNILRG, SLIC",Active,Co-Permitee,2020-0015-DWQ,3 420102001,,,07/09/2020,,,,Major,,,,,,0,4,
Guadalupe City,"918 Obispo Street, Guadalupe, CA 93434",Guadalupe WWTP,"5125 West Main Street, Guadalupe, CA 93434",34.96174,-120.5899,Wastewater Treatment Facility,4952,Santa Barbara,3,WDRMUNILRG,Active,Enrollee - WDR,R3-2020-0020,3 420103001,,,05/30/2023,,2030-09-24,1.5,,B,2,,,,2,92,
Laguna County Sanitation District,"620 West Foster Road, Santa Maria, CA 93455",Laguna County Sanitation District Reclamation Plant,"3500  Black Road, Santa Maria, CA 93455",34.89129,-120.50414,Wastewater Treatment Facility,4952,Santa Barbara,3,"SLIC, WDRMUNILRG",Active,Enrollee - WDR,2016-0068-DDW,3 420104001,,,02/13/2023,,,,,C,3,,,,0,23,
Lompoc City,"Po Box 8001, Lompoc, CA 93438-8001",Lompoc City Regional Wastewater Reclamation Plant,"1801 West Central Avenue, Lompoc, CA 93436",34.66213,-120.483039,Wastewater Treatment Facility,4952,Santa Barbara,3,"NPDMUNILRG, REC, SLIC",Active,NPDES Permit,R3-2022-0004,3 420105001,CA0048127,02/17/2022,05/01/2022,,2027-04-30,5,Major,A,2,,,,2,28,
Montecito Sanitary District,"1042 Monte Cristo Lane, Santa Barbara, CA 93108",Montecito SD WWTP,"1042 Monte Cristo Lane, Montecito, CA 93108",34.42059,-119.65052,Wastewater Treatment Facility,4952,Santa Barbara,3,"NPDMUNILRG, SLIC",Active,NPDES Permit,R3-2022-0010,3 420107001,CA0047899,08/25/2022,11/01/2022,,2027-10-31,1.5,Major,A,2,,,,1,12,
Santa Barbara City PWD,"Po Box 1990, Santa Barbara, CA 93102-1990",El Estero Water Resource Center NPDES,"520 East Yanonali Street, Santa Barbara, CA 93103",34.417606,-119.68567,Wastewater Treatment Facility,4952,Santa Barbara,SB,"NPDMUNILRG, SLIC",Active,Co-Permitee,2020-0015-DWQ,3 420108001,,,07/09/2020,,,,Major,,,,,,1,32,
Santa Barbara City PWD,"Po Box 1990, Santa Barbara, CA 93102-1990","El Estero Reclamation Facility, Recycle Water Use","520 East Yanonali Street, Santa Barbara, CA 93103",34.417642,-119.684622,Wastewater Treatment Facility,4952,Santa Barbara,SB,"REC, SLIC, WDRMUNILRG",Active,Co-Permitee,2020-0015-DWQ,3 420108005,,,07/09/2020,,,,,,,,,,0,1,
City of Santa Maria,"110 South Pine Street 101, Santa Maria, CA 93458",City of Santa Maria WWTP,"601 Black Road, Santa Maria, CA 93458",34.9489,-120.4908,Wastewater Treatment Facility,4952,Santa Barbara,3,"SLIC, WDRMUNILRG",Active,Enrollee - WDR,R3-2020-0020,3 420109001,,,06/16/2023,,2030-09-24,8,,B,2,,,,1,26,
Solvang City,"1644 Oak Street, Solvang, CA 93463",Solvang WWTP,"101 South Alisal Road, Solvang, CA 93463",34.590278,-120.157853,Wastewater Treatment Facility,4952,Santa Barbara,3,"SLIC, WDRMUNILRG",Active,Enrollee - WDR,R3-2020-0020,3 420110001,,,06/10/2022,,2030-09-24,1.5,,B,2,,,,1,58,
Summerland SD,"Po Box 417, Summerland, CA 93067",Summerland SD WWTP,"2435 Wallace Avenue, Summerland, CA 93067",34.419298,-119.596606,Wastewater Treatment Facility,4952,Santa Barbara,3,NPDMUNIOTH,Active,NPDES Permit,R3-2022-0014,3 420111001,CA0048054,08/25/2022,11/01/2022,,2027-10-31,0.3,Minor,B,2,,,,0,0,
Santa Barbara County Parks Dept,"123 East Anapamu Street, Santa Barbara, CA 93101",Cachuma Lake Recreation Area WWTP,"579 San Marcos Pass Road, Santa Barbara, CA 93105",34.57719,-119.97852,Wastewater Treatment Facility,4952,Santa Barbara,3,WDRMUNILRG,Active,Enrollee - WDR,2014-0153-DWQ,3 420113001,,,06/15/2022,,2029-09-23,0.049999,,B,2,,,,0,20,
Mission Hills CSD,"1550 East Burton Mesa Boulevard, Lompoc, CA 93436",Mission Hills La Purisima WWTP,"1550 East Burton Mesa Boulevard, Lompoc, CA 93436",34.68947,-120.43185,Wastewater Treatment Facility,4952,Santa Barbara,3,WDRMUNILRG,Active,WDR,R3-2019-0042,3 420114004,,05/17/2019,05/17/2019,,2029-05-17,0.57,,B,3,,,,0,11,
Santa Barbara County Parks Dept,"123 East Anapamu Street, Santa Barbara, CA 93101",Jalama Beach County Park WWTP,"9999 Jalama Road, Lompoc, CA 93436",34.51026,-120.50098,Wastewater Treatment Facility,,Santa Barbara,3,"WDRMUNIENROTH, WDRMUNIOTH",Active,Enrollee - WDR,2014-0153-DWQ,3 420116002,,,06/03/2024,,2029-09-23,.0058,,C,2,,,,1,6,
Los Alamos CSD,"Po Box 675, Los Alamos, CA 93440",Los Alamos WWTP,"8690 Bell Street, Los Alamos, CA 93440",34.75348,-120.29377,Wastewater Treatment Facility,4952,Santa Barbara,3,WDRMUNILRG,Active,Enrollee - WDR,R3-2020-0020,3 420118001,,08/24/2022,08/24/2022,,2032-08-24,.200,,B,2,,,,1,75,
Cuyama Community Services District,"Po Box 368, Ew Cuyama, CA 93254",Cuyama CSD WWTP,"5033 Highway 166, New Cuyama, CA 93254",34.95129,-119.69422,Wastewater Treatment Facility,4952,Santa Barbara,3,"NPDMUNIOTH, WDRMUNIOTH",Active,Enrollee - WDR,2014-0153-DWQ,3 421003001,,,09/20/2017,,2027-09-19,0.1,Minor,B,3,,,,0,4,
South County Regional WW Authority,"1500 Southside Drive, Gilroy, CA 95020",SCRWA WWTP,"1500 Southside Drive, Gilroy, CA 95020",36.9826174,-121.5328007,Wastewater Treatment Facility,4952,Santa Clara,SB,"NPDMUNILRG, SLIC, WDRMUNILRG",Active,Co-Permitee,2020-0015-DWQ,3 430100001,,,07/09/2020,,,,Major,,,,,,0,16,
South County Regional WW Authority,"1500 Southside Drive, Gilroy, CA 95020",SCRWA Reclamation Facility and Use Areas,"1500 Southside Drive, Gilroy, CA 95020",36.98759,-121.53745,Wastewater Treatment Facility,4952,Santa Clara,3,"WDR, WDRMUNILRG",Active,WDR,98-052,3 430100003,,05/29/1998,05/29/1998,,2008-05-29,15,,B,2,,,,0,0,
Lion's Gate CSD,"1 Cordevalle Club Drive, San Martin, CA 95046",Lion's Gate Reserve,"1005 Highland Ave, San Martin, CA 95046",37.06829,-121.61994,Wastewater Treatment Facility,4952,Santa Clara,3,WDRMUNIOTH,Active,WDR,R3-2010-0010,3 431018001,,09/02/2010,09/02/2010,,2014-01-03,0.03,,B,3,,,,0,27,
Santa Cruz City,"809 Center Street 201, Santa Cruz, CA 95060-3826",Santa Cruz WWTP,"110 California Street, Santa Cruz, CA 95060",36.961587,-122.030999,Wastewater Treatment Facility,4952,Santa Cruz,SB,"NPDMUNILRG, SLIC",Active,Co-Permitee,2020-0015-DWQ,3 440102001,,,07/09/2020,,,,Major,,,,,,0,18,
Scotts Valley,"2 Civic Center Drive, Scotts Valley, CA 95066",Scotts Valley WWTP,"700 Lundy Lane, Scotts Valley, CA 95066",37.041592,-122.026715,Wastewater Treatment Facility,4952,Santa Cruz,SB,"NPDMUNIOTH, SLIC",Active,Co-Permitee,2020-0015-DWQ,3 440103001,,,07/09/2020,,,,"Major, Minor",,,,,,1,13,
Watsonville City,"250 Main Street, Watsonville, CA 95077-5000",Watsonville WWTP,"401 Panabaker Lane, Watsonville, CA 95077",36.886751,-121.785478,Wastewater Treatment Facility,4952,Santa Cruz,SB,"NPDMUNILRG, SLIC",Active,Co-Permitee,2020-0015-DWQ,3 440104001,,,07/09/2020,,,,Major,,,,,,1,16,
San Lorenzo Valley Water District,"13060 Highway 9, Boulder Creek, CA 95006",Bear Creek Estates WWF,"15900 Bear Creek Rd, Boulder Creek, CA 95006",37.144717767719,-122.087802367706,Wastewater Treatment Facility,4952,Santa Cruz,3,WDRMUNIOTH,Active,WDR,00-043,3 440107001,,07/14/2000,07/14/2000,,2015-07-14,.0165,,C,2,,,,1,24,
City of Santa Cruz,"809 Center Street, Santa Cruz, CA 95060",Santa Cruz WWTP,"110 California Street, Santa Cruz, CA 95060",36.961587,-122.030999,Wastewater Treatment Facility,4952,Santa Cruz,3,NPDMUNILRG,Active,NPDES Permit,R3-2023-0001,3 440124003,CA0048194,12/15/2023,03/01/2024,,2029-02-28,17,Major,A,1,,,,0,18,
Ca Dept of Forestry Ben Lomond,"13575 Empire Grade, Santa Cruz, CA 95060",Ben Lomond Conservation Camp,"13575 Empire Grade, Santa Cruz, CA 95060",37.131197,-122.168028,Wastewater Treatment Facility,4952,Santa Cruz,3,WDRMUNIOTH,Active,WDR,01-026,3 440801001,,05/18/2001,05/18/2001,,2016-05-18,0.015,,C,3,,,,1,14,
Davenport CSD,"701 Ocean Street, Santa Cruz, CA 95060",Davenport WWTP,"700 Cement Plant Road, Davenport, CA 95017",37.0188,-122.20502,Wastewater Treatment Facility,4952,Santa Cruz,3,WDRMUNIOTH,Active,WDR,R3-2019-0008,3 440813511,,05/17/2019,05/17/2019,,2034-05-17,0.048,,B,3,,,,0,1,
Santa Cruz CSA 07,"701 Ocean Street, Santa Cruz, CA 95060",Boulder Creek Golf & Cntry Club WWTP,"16901 Big Basin Way, Boulder Creek, CA 95006",37.15394,-122.16183,Wastewater Treatment Facility,4952,Santa Cruz,3,"REC, WDRMUNILRG",Active,Enrollee - WDR,2014-0153-DWQ,3 441000001,,,09/30/2022,,2029-09-23,0.1,,B,2,,,,0,6,
Santa Cruz CSA 07,"701 Ocean Street, Santa Cruz, CA 95060",Big Basin Woods Subdivision WWTP,"Hwy 236 and Fallen Leaf Drive, Boulder Creek, CA 95006",37.14488,-122.15683,Wastewater Treatment Facility,4952,Santa Cruz,3,WDRMUNIOTH,Active,Enrollee - WDR,2014-0153-DWQ,3 441001001,,,07/01/2024,,2034-06-30,.009,,B,3,,,,9,22,
Monterey Bay Academy,"783 San Andreas Road, La Selva Beach, CA 95076-1907",Monterey Bay Academy WWTP,"783 San Andreas Rd, La Selva Beach, CA 95076",36.90513,-121.8399,Wastewater Treatment Facility,,Santa Cruz,3,WDRMUNIOTH,Active,Enrollee - WDR,2014-0153-DWQ,3 441004001,,,03/20/2024,,2029-09-23,0.0499,,B,2,,,,1,5,
Pajaro Valley Water Management Agency,"36 Brennan Street, Watsonville, CA 95076-4303",Pajaro Valley WMA and City of Watsonville Water Reclamation,"401 Panabaker Lane, Watsonville, CA 95076",36.88617,-121.78613,Wastewater Treatment Facility,,Santa Cruz,SB,"SLIC, WDRMUNILRG",Active,Co-Permitee,2020-0015-DWQ,3 441208240,,,07/09/2020,,,,,,,,,,0,10,
Scotts Valley,"2 Civic Center Drive, Scotts Valley, CA 95066",Scotts Valley WWTF Producer,"700 Lundy Ln, Scotts Valley, CA 95066",37.041247,-122.02551,Wastewater Treatment Facility,,Santa Cruz,3,WDRMUNILRG,Active,WDR,R3-2001-0066,3 449902003,,07/13/2001,07/13/2001,,2016-07-13,1.0,,C,3,,,,1,8,
Golden Valley MWD,"Po Box 81, Gorman, CA 93243",Gorman WWTP,"4712 Gorman Post Road, Gorman, CA 93243",34.793,-118.8447,Wastewater Treatment Facility,9511,Los Angeles,4,WDRMUNIOTH,Active,WDR,94-087,4A190107001,,08/22/1994,08/22/1994,,,.020,,B,2,,,,0,11,
Santa Clarita Valley SD of Los Angeles Cnty,"Po Box 4998, Whittier, CA 90607-4998",Saugus Water Reclamation Plant,"26200 Springbrook Avenue, Santa Clarita, CA 91350",34.413831,-118.539766,Wastewater Treatment Facility,4952,Los Angeles,4,"NPDMUNILRG, SLIC",Active,NPDES Permit,R4-2022-0175,4A190107021,CA0054313,05/12/2022,07/01/2022,,2027-06-30,6.5,Major,A,1,,,,0,37,
Santa Clarita Valley SD of Los Angeles Cnty,"Po Box 4998, Whittier, CA 90607-4998",Valencia WRP,"28185 The Old Road, Valencia, CA 91355",34.429975,-118.591001,Wastewater Treatment Facility,4941(+),Los Angeles,4,"NPDMUNILRG, NPDNONMUNIPRCS, SLIC",Active,NPDES Permit,R4-2022-0174,4A190107023,CA0054216,05/12/2022,07/01/2022,,2027-06-30,21.6,"Major, Minor",A,1,,,,0,45,
Los Angeles Cnty Probation Dept,"6631 North Stephens Ranch Road C68, La Verne, CA 91750",Mendenhall-Munz Boys Camp WWTP,"42220 Lake Hughes Road, Lake Hughes, CA 93539",34.651587,-118.481539,Wastewater Treatment Facility,9511,Los Angeles,4,WDRMUNIOTH,Active,WDR,94-101,4A190107076,,09/26/1994,09/26/1994,,,.02,,B,2,,,,0,0,
Los Angeles Cnty Sanitation Districts,"Po Box 4998, Whittier, CA 90607-4998",Saugus Water Reclamation Plant,"26200 Springbrook Avenue, Santa Clarita, CA 91350",34.413831,-118.539766,Wastewater Treatment Facility,4952,Los Angeles,4,"NPDMUNILRG, REC",Active,Reclamation Requirements,87-049-A01,4A190107083,,04/27/1987,04/27/1987,,,6.5,Major,B,2,,,,0,37,
Los Angeles Cnty Sanitation Districts,"Po Box 4998, Whittier, CA 90607-4998",Valencia WRP,"28185 The Old Road, Valencia, CA 91355",34.429975,-118.591001,Wastewater Treatment Facility,4941(+),Los Angeles,4,"NPDMUNILRG, REC",Active,Reclamation Requirements,87-048-A01,4A190107084,,04/27/1987,04/27/1987,,,4.5,Major,B,2,,,,0,45,
City of Santa Clarita ,"23920 Valencia Boulevard, Santa Clarita, CA 91355",Vista Canyon Water Factory,"17365 Humphreys Parkway, Santa Clarita, CA 91387",34.4146744,-118.4396601,Wastewater Treatment Facility,4952,Los Angeles,4,WDRMUNIOTH,Active,WDR,R4-2020-0049,4A190117002,,04/16/2020,04/16/2020,,,0.392,,B,2,,,,0,5,
Newhall Ranch SD,"1955 Workman Mill Road, Whittier, CA 90601",Newhall Ranch WRP,"Hwy 126 at Los  Angeles/Ventura County Line, Newhall, CA 91355",34.403166,-118.6896667,Wastewater Treatment Facility,4952,Los Angeles,4,NPDMUNILRG,Active,NPDES Permit,R4-2024-0390,4A190118001,CA0064556,12/19/2024,03/01/2025,,2030-02-28,2,Major,A,1,,,,0,5,
Paradise Ranch LLC,"36200 Paradise Ranch Road Park Office, Castaic, CA 91384",Paradise Ranch WWTP,"36200 Paradise Ranch Road, Castaic, CA 91384",34.572265,-118.689749,Wastewater Treatment Facility,4952(+),Los Angeles,4,WDRMUNIOTH,Active,WDR,R4-2011-0177,4A191030001,,11/10/2011,11/10/2011,,,.04,,B,2,,,,0,9,
Camarillo Sanitary District,,Camarillo WRP,"150 East Howard Road, Camarillo, CA 93012",34.193773651637,-119.002139824121,Wastewater Treatment Facility,4952,Ventura,SB,"NPDMUNILRG, NPDNONMUNIPRCS, REC, SLIC",Active,Co-Permitee,2020-0015-DWQ,4A560100001,,,07/09/2020,,,,"Major, Minor",,,,,,2,72,
Fillmore City,"250 Central Avenue, Fillmore, CA 93015-1907",Fillmore WWTP and Wastewater Recycling Plant,"C Street & River Street, Fillmore, CA 93015",34.39048,-118.94034,Wastewater Treatment Facility,4952,Ventura,SB,"NPDMUNILRG, SLIC, WDRMUNILRG",Active,Co-Permitee,2020-0015-DWQ,4A560101001,,,07/09/2020,,,,Major,,,,,,0,0,
City of Fillmore,"250 Central Avenue, Fillmore, CA 93015",Fillmore Water Recycling Plant,"1580 River Street, Fillmore, CA 93015",34.39064,-118.94017,Wastewater Treatment Facility,,Ventura,4,WDRMUNILRG,Active,WDR,R4-2023-0426,4A560101001,,12/21/2023,12/21/2023,,,1.8,,A,2,,,,0,0,
Ventura County Water and Sanitation,"6767 Spring Road P.O. Box 250, Moorpark, CA 93020",Moorpark WRF - WDR,"9550 Los Angeles Avenue, Moorpark, CA 93021",34.2714968,-118.936156,Wastewater Treatment Facility,,Ventura,4,WDRMUNILRG,Active,WDR,R4-2023-0089,4A560103002,,04/27/2023,04/27/2023,,,5,Major,A,2,,,,0,0,
Ventura Cnty Special Districts,"Po Box 250, Moorpark, CA 93020",Moorpark WRF - WRR,"9550 Los Angeles Avenue, Moorpark, CA 93021",34.271889,-118.935988,Wastewater Treatment Facility,9511(+),Ventura,SB,"NPDMUNILRG, NPDNONMUNIPRCS, REC, SLIC",Active,Co-Permitee,2020-0015-DWQ,4A560103003,,,07/09/2020,,,,Major,,,,,,0,0,
Ojai Valley Sanitary District,"1072 Tico Road, Ojai, CA 93023",Ojai Valley WWTP,"6363 North Ventura Avenue, Ventura, CA 93001",34.34376667,-119.29798333,Wastewater Treatment Facility,4952,Ventura,4,"NPDMUNILRG, SLIC",Active,NPDES Permit,R4-2023-0430,4A560104001,CA0053961,12/21/2023,02/01/2024,,2029-01-31,3,Major,A,1,,,,3,19,
Oxnard City Wastewater Division,"6001 South Perkins Road, Oxnard, CA 93033",Oxnard WWTP,"6001 South Perkins Road, Oxnard, CA 93033",34.141648,-119.185403,Wastewater Treatment Facility,4952,Ventura,4,"NPDMUNILRG, SLIC",Active,NPDES Permit,R4-2024-0252,4A560105001,CA0054097,05/23/2024,07/01/2024,,2029-06-30,31.7,Major,A,1,,,,0,2,
Camrosa Water District,"7385 Santa Rosa Road, Camarillo, CA 93012",Camrosa Water Reclamation Facility,"1900 South Lewis Road, Camarillo, CA 93012",34.17162,-119.053202,Wastewater Treatment Facility,4952,Ventura,SB,"NPDMUNILRG, REC, SLIC",Active,Co-Permitee,2020-0015-DWQ,4A560106003,,,07/09/2020,,,,Major,,,,,,0,4,
Ventura City,"P.O. Box 2299, Ventura, CA 93002-2299",Ventura WRF,"1400 Spinnaker Drive, Ventura, CA 93002",34.23639,-119.25861,Wastewater Treatment Facility,4953(+),Ventura,SB,"NPDMUNILRG, NPDNONMUNIPRCS, REC, SLIC, WDR",Active,Co-Permitee,2020-0015-DWQ,4A560107001,,,07/09/2020,,,,Major,,,,,,1,27,
City of Ventura,"501 Poli Street 120, Ventura, CA 93001",Ventura WRF,"1400 Spinnaker Drive, Ventura, CA 93002",34.23639,-119.25861,Wastewater Treatment Facility,4953(+),Ventura,4,NPDMUNILRG,Active,NPDES Permit,R4-2025-0272,4A560107009,CA0064726,12/18/2025,12/18/2025,,2030-12-17,10,Major,A,1,,,,1,27,
Santa Paula City,"970 Ventura Street, Santa Paula, CA 93060",Santa Paula WRF,"926 Calpipe Road, Santa Paula, CA 93060",34.3353,-119.08293,Wastewater Treatment Facility,4952,Ventura,SB,"SLIC, WDRMUNILRG",Active,Co-Permitee,2020-0015-DWQ,4A560108002,,,07/09/2020,,,,,,,,,,0,6,
Ventura Regional Sanitation District,"4105 West Gonzalez Road, Oxnard, CA 93036",Jose Flores WWTP,"14195 Lirio Avenue, Saticoy, CA 93003",34.276133,-119.146775,Wastewater Treatment Facility,4952,Ventura,4,WDRMUNILRG,Active,WDR,R4-2013-0092,4A560109001,,06/06/2013,06/06/2013,,,.25,,B,2,,,,0,11,
Simi Valley City,"2929 Tapo Canyon Road, Simi Valley, CA 93063",Simi Valley WQCP,"600 West Los Angeles Avenue, Simi Valley, CA 93065",34.28594,-118.814288,Wastewater Treatment Facility,4952,Ventura,SB,"NPDMUNILRG, REC, SLIC",Active,Co-Permitee,2020-0015-DWQ,4A560110001,,,07/09/2020,,,,Major,,,,,,1,94,
Thousand Oaks City ,"2100 East Thousand Oaks Boulevard, Thousand Oaks, CA 91362",Hill Canyon WWTP,"9600 Santa Rosa Road, Camarillo, CA 93012",34.213194,-118.921167,Wastewater Treatment Facility,4952(+),Ventura,SB,"NPDMUNILRG, NPDNONMUNIPRCS, SLIC",Active,Co-Permitee,2020-0015-DWQ,4A560112001,,,07/09/2020,,,,"Major, Minor",,,,,,1,7,
Ventura County Water and Sanitation,"6767 Spring Road P.O. Box 250, Moorpark, CA 93020",New Piru WTF,"2815 East Telegraph Road, Piru, CA 93015",34.40082,-118.82542,Wastewater Treatment Facility,,Ventura,4,WDRMUNILRG,Active,WDR,R4-2023-0292,4A560114007,,06/22/2023,08/31/2023,,,.5,,B,2,,,,0,20,
Ventura County Water and Sanitation,"6767 Spring Road P.O. Box 250, Moorpark, CA 93020",Todd Road Jail WWTP,"600 South Todd Road, Santa Paula, CA 93060",34.30704,-119.111235,Wastewater Treatment Facility,4952,Ventura,4,WDRMUNIOTH,Active,WDR,R4-2024-0358,4A560121001,,09/26/2024,09/26/2024,,,.085,,B,2,,,,0,26,
Limoneira Co,"1411 Cummings Road, Santa Paula, CA 93060",Limoneira WWTP,"1141 Cummings Road, Santa Paula, CA 93060",34.33095,-119.126236,Wastewater Treatment Facility,4952,Ventura,4,"WDRINDIVLRG, WDRMUNILRG",Active,WDR,R4-2024-0300,4A565014002,,06/27/2024,06/27/2024,,,.18,,B,3,,,,0,0,
Avalon City,"Po Box 707, Avalon, CA 90704",Avalon WWTF,"123 Pebbly Beach Road, Avalon, CA 90704",33.342175,-118.318494,Wastewater Treatment Facility,4952,Los Angeles,4,"NPDMUNILRG, SLIC",Active,NPDES Permit,R4-2024-0253,4B190100001,CA0054372,05/23/2024,07/01/2024,,2029-06-30,1.2,Major,A,1,,,,2,39,
Burbank City DPW,"Po Box 6459, Burbank, CA 91510-6459",Burbank WRP,"740 North Lake Street, Burbank, CA 91502",34.18195,-118.319332,Wastewater Treatment Facility,4952,Los Angeles,4,"NPDMUNILRG, REC, SLIC",Active,NPDES Permit,R4-2023-0358,4B190101001,CA0055531,10/19/2023,01/01/2024,,2028-12-31,12.5,Major,A,1,,,,1,4,
Las Virgenes MWD,"4232 Las Virgenes Road, Calabasas, CA 91302",Tapia WRF,"731 Malibu Canyon Road, Calabasas, CA 91302",34.081499,-118.704268,Wastewater Treatment Facility,4952,Los Angeles,SB,"NPDMUNILRG, NPDNONMUNIPRCS, REC, SLIC, WDRMUNILRG",Active,Co-Permitee,2020-0015-DWQ,4B190104001,,,07/09/2020,,,,"Major, Minor",,,,,,3,241,
Los Angeles City Bureau of Sanitation,"1149 South Broadway Street 9th Flr, Los Angeles, CA 90015",Los Angeles-Glendale WWRP,"4600 Colorado Boulevard, Los Angeles, CA 90039",34.14081,-118.273975,Wastewater Treatment Facility,4952,Los Angeles,4,"NPDMUNILRG, REC, SLIC, WDRMUNILRG",Active,NPDES Permit,R4-2022-0343,4B190106001,CA0053953,12/08/2022,02/01/2023,,2028-01-31,20,Major,A,1,,,,1,17,
Los Angeles City Bureau of Sanitation,"1149 South Broadway Street 9th Flr, Los Angeles, CA 90015",Hyperion WWTP,"12000 Vista del Mar Boulevard, Playa Del Rey, CA 90293",33.924482,-118.431805,Wastewater Treatment Facility,4952,Los Angeles,4,"NPDMUNILRG, REC, SLIC",Active,NPDES Permit,R4-2023-0033,4B190106002,CA0109991,02/23/2023,05/01/2023,,2028-04-30,450,Major,A,1,,,,5,147,
Los Angeles City Bureau of Sanitation,"1149 South Broadway Street 9th Flr, Los Angeles, CA 90015",Donald C. Tillman WWRP,"6100 Woodley Avenue, Van Nuys, CA 91406",34.179565,-118.481951,Wastewater Treatment Facility,4952,Los Angeles,4,"LNDISP, NPDMUNILRG, REC, SLIC, WDRMUNILRG",Active,NPDES Permit,R4-2022-0341,4B190106004,CA0056227,12/08/2022,02/01/2023,,2028-01-31,80,Major,A,1,,,,1,47,
Los Angeles City Bureau of Sanitation,"1149 South Broadway Street 9th Flr, Los Angeles, CA 90015",Terminal Island Water Reclamation Plant,"445 Ferry Street, San Pedro, CA 90731",33.748967,-118.25265,Wastewater Treatment Facility,4952,Los Angeles,4,"NPDMUNILRG, SLIC",Active,NPDES Permit,R4-2021-0095,4B190106005,CA0053856,06/10/2021,08/01/2021,,2026-07-31,30,Major,A,1,,,,1,14,
Los Angeles City Bureau of Sanitation,"1149 South Broadway Street 9th Flr, Los Angeles, CA 90015",Hyperion Advanced Water Purification Facility,"12000 vista del mar Boulevard, Los Angeles, CA 90293",33.92570556,-118.4282611,Wastewater Treatment Facility,,Los Angeles,4,WDRMUNILRG,Active,WDR,R4-2023-0357,4B190106006,,10/19/2023,10/19/2023,,2028-10-19,1.5,,B,3,,,,0,0,
Los Angeles Cnty DPW Sewer Maintenance Div,"900 South Fremont Avenue, Alhambra, CA 91803",Malibu WPCP,"3260 Vista Pacifica Street, Malibu, CA 90265",34.036339,-118.697714,Wastewater Treatment Facility,4952,Los Angeles,4,WDRMUNIOTH,Active,WDR,98-088,4B190107003,,11/02/1998,11/02/1998,,,.0375,,B,2,,,,0,0,
Los Angeles Cnty DPW Sewer Maintenance Div,"900 South Fremont Avenue, Alhambra, CA 91803",Trancas WPCP,"6338 Paseo Canyon Drive, Malibu, CA 90265",34.031602537235,-118.839941425934,Wastewater Treatment Facility,4952,Los Angeles,4,WDRMUNILRG,Active,WDR,R4-2023-0294,4B190107004,,06/22/2023,06/22/2023,,,.22,,B,2,,,,0,0,
Joint Outfall System,"1955 Workman Mill Road, Whittier, CA 90601",A.K. Warren Water Resource Facility,"24501 South Figueroa Street, Carson, CA 90745",33.802811,-118.283795,Wastewater Treatment Facility,4952,Los Angeles,4,NPDMUNILRG,Active,NPDES Permit,R4-2023-0181,4B190107013,CA0053813,05/25/2023,07/01/2023,,2028-06-30,400,Major,A,1,,,,1,15,
Joint Outfall System,"1955 Workman Mill Road, Whittier, CA 90601",Long Beach WRP,"7400 East Willow Street, Long Beach, CA 90815",33.800781,-118.088048,Wastewater Treatment Facility,4952,Los Angeles,4,"NPDMUNILRG, REC",Active,NPDES Permit,R4-2022-0032,4B190107014,CA0054119,02/10/2022,04/01/2022,,2027-03-31,25,Major,A,1,,,,1,22,
Joint Outfall System,"1955 Workman Mill Road, Whittier, CA 90601",Los Coyotes WRP,"16515 Piuma Avenue, Cerritos, CA 90703",33.87972,-118.10722,Wastewater Treatment Facility,4952,Los Angeles,4,"NPDMUNILRG, REC",Active,NPDES Permit,R4-2021-0142,4B190107015,CA0054011,12/09/2021,02/01/2022,,2027-01-31,37.5,Major,A,1,,,,0,11,
Joint Outfall System,"1955 Workman Mill Road, Whittier, CA 90601",Whittier Narrows Water Reclamation Plant,"301 North Rosemead Boulevard, El Monte, CA 91733",34.032712,-118.068302,Wastewater Treatment Facility,4952,Los Angeles,4,"NPDMUNILRG, REC",Active,NPDES Permit,R4-2021-0096,4B190107016,CA0053716,06/10/2021,08/01/2021,,2026-07-31,15,Major,A,1,,,,0,9,
Joint Outfall System,"1955 Workman Mill Road, Whittier, CA 90601",Pomona Water Reclamation Plant,"295 Humane Way, Pomona, CA 91766",34.055874,-117.790379,Wastewater Treatment Facility,4952,Los Angeles,4,"NPDMUNILRG, REC",Active,NPDES Permit,R4-2021-0097,4B190107019,CA0053619,06/10/2021,08/01/2021,,2026-07-31,15,Major,A,1,,,,0,35,
Joint Outfall System,"1955 Workman Mill Road, Whittier, CA 90601",San Jose Creek Water Reclamation Plant,"1965 South Workman Mill Road, Whittier, CA 90601",34.035108,-118.023042,Wastewater Treatment Facility,4952,Los Angeles,4,NPDMUNILRG,Active,NPDES Permit,R4-2021-0131,4B190107020,CA0053911,10/14/2021,12/01/2021,,2026-11-30,100,Major,A,1,,,,0,31,
Los Angeles Cnty DPW,"Po Box 1460, Alhambra, CA 91802-5912",Malibu Mesa WRP,"3863 Malibu Country Drive, Malibu, CA 90265",34.035694,-118.710344,Wastewater Treatment Facility,4952,Los Angeles,4,"NPDMUNIOTH, REC",Active,NPDES Permit,R4-2021-0062,4B190107048,CA0059099,04/08/2021,06/01/2021,,2026-05-31,.6,Minor,B,1,,,,0,1,
Los Angeles Cnty DPW Sewer Maintenance Div,"900 South Fremont Avenue, Alhambra, CA 91803",Malibu Mesa WRP,"3863 Malibu Country Drive, Malibu, CA 90265",34.035694,-118.710344,Wastewater Treatment Facility,4952,Los Angeles,4,"NPDMUNIOTH, REC",Active,Reclamation Requirements,00-167,4B190107055,,11/09/2000,11/09/2000,,2050-11-09,.20,Minor,B,3,,,,0,1,
Social Model Recovery Systems,"23701 East Fork Road, Azusa, CA 91702",River Community STP,"23701 East Fork Road, Azusa, CA 91702",34.23833,-117.77222,Wastewater Treatment Facility,9511,Los Angeles,4,"WDR, WDRMUNIOTH",Active,WDR,96-021,4B190107080,,04/01/1996,04/01/1996,,,.02,,B,2,,,,0,0,
"BMIF/BSLF II Rancho Malibu Ltd.c/o Vintage Rancho Malibu, LLC","18401 Von Karman Avenue 350, Irvine, CA 92612",Encinal Canyon Water Recycling Plant on Tract 46277,"approx 3600 Encinal Canyon Rd, Malibu, CA 90265",34.051389,-118.871667,Wastewater Treatment Facility,4952,Los Angeles,4,WDRMUNIOTH,Active,WDR,R4-2013-0019,4B190107100,,02/07/2013,02/07/2013,,,.025,,B,3,,,,0,0,
Los Angeles Cnty DPW Sewer Maintenance Div,"900 South Fremont Avenue, Alhambra, CA 91803",Lake Hughes Community WWTF,"17201 Elizabeth Lake, Lake Hughes, CA 93532",34.674201,-118.434688,Wastewater Treatment Facility,4952,Los Angeles,4,WDRMUNIOTH,Active,WDR,95-045,4B190134001,,04/03/1995,04/03/1995,,,.0935,,A,2,,,,0,4,
West Basin MWD,"17140 South Avalon Boulevard 210, Carson, CA 90746-1242",Edward C. Little Water Recycling Plant (Recycled Water Irrigation),"1935 Hughes Way, El Segundo, CA 90245",33.907954,-118.394561,Wastewater Treatment Facility,4952,Los Angeles,4,"NPDMUNILRG, NPDMUNIOTH, NPDNONMUNIPRCS, REC",Active,NPDES Permit,R4-2023-0368,4B190137001,CA0063401,02/01/2024,02/01/2024,,2029-02-01,5.2,"Major, Minor",C,3,,,,2,4,
West Basin MWD,"17140 South Avalon Boulevard 210, Carson, CA 90746-1242",Juanita Millender-McDonald Carson Regional Water Recycling Plant,"21029 South Wilmington Avenue, Carson, CA 90810",33.838705,-118.23703,Wastewater Treatment Facility,4941,Los Angeles,4,"NPDESWW, NPDNONMUNIPRCS",Active,NPDES Permit,R4-2024-0146,4B190137004,CA0064246,02/22/2024,04/01/2024,,2029-03-31,1.2,"Major, Minor",C,3,,,,0,0,
Malibu City,"23825 Stuart Ranch Road, Malibu, CA 90265-4861",Malibu Civic Center WWTF,"24000 Civic Center Way, Malibu, CA 90265",34.035804,-118.697727,Wastewater Treatment Facility,4952,Los Angeles,4,WDRMUNIOTH,Active,WDR,R4-2015-0051,4B190190002,,03/12/2015,03/12/2015,,,0.191,,B,2,,,,0,0,
US Navy Naval Facilities Engineering Command Southwest,"750 Pacific Highway, Evcore Floor 11, San Diego, CA 92132",San Clemente Island WWTP,"Naval Auxiliary Landing Field, San Clemente Island, CA",32.99722,-118.54583,Wastewater Treatment Facility,4952,Los Angeles,4,"DODNPDESWW, REC",Active,NPDES Permit,R4-2024-0182,4B190703003,CA0110175,04/25/2024,07/01/2024,,2029-06-30,0.06,Minor,B,1,,,,0,35,
Santa Catalina Island Company,"4  Park Plaza #420, Irvine, CA 92614","Two Harbors STP, Catalina Island","approx. 900 feet south of Isthmus Cove and on the eastern side of the isthmus, Two Harbors, CA 90704",33.438661,-118.495086,Wastewater Treatment Facility,4952,Los Angeles,4,WDRMUNIOTH,Active,WDR,R4-2013-0137,4B191002001,,09/12/2013,09/12/2013,,,.057,,B,3,,,,0,122,
"Point Dume MHC, LLC","29500 Heathercliff Road, Malibu, CA 90265",Point Dume Club WWRP,"29500 Heathercliff Road, Malibu, CA 90265",34.014191,-118.811949,Wastewater Treatment Facility,4952,Los Angeles,4,WDRMUNIOTH,Active,WDR,R4-2005-0041,4B191025004,,06/02/2005,06/02/2005,,2010-06-02,.1,,B,2,,,,0,17,
Tivoli Cove Homeowners Association,"26665 Seagull Way A221, Malibu, CA 90265",Tivoli Cove WWTP,"26665 Seagull Way, Malibu, CA 90265",34.029114,-118.753541,Wastewater Treatment Facility,1521,Los Angeles,4,WDRMUNIOTH,Active,WDR,00-053,4B191097001,,04/13/2000,04/13/2000,,,.045,,B,3,,,,0,0,
Malibu Bay Club HOA,"41000 Pacific Coast Highway, Malibu, CA 90265",Malibu Bay Club WWTP,"41000 Pacific Coast Highway, Ventura County, CA 90265",34.04946,-118.95381,Wastewater Treatment Facility,4952,Ventura,4,WDRMUNIOTH,Active,WDR,R4-2012-0073,4B561004001,,04/05/2012,04/05/2012,,2017-04-05,.055,,B,3,,,,0,3,
Chico City,"Po Box 3420, Chico, CA 95927",Chico Water Pollution Control Plant,"4827 Chico River Road, Chico, CA 95927",39.700058,-121.908067,Wastewater Treatment Facility,4952,Butte,5R,"NPDMUNILRG, NPDNONMUNIPRCS, SLIC",Active,NPDES Permit,R5-2022-0033,5A040102001,CA0079081,06/10/2022,08/01/2022,,2027-07-31,8.4,Major,A,1,,,,3,32,
City of Gridley,"685 Kentucky Avenue, Gridley, CA 95948",Gridley WWTF,"East Gridley Place, Gridley, CA 95948",39.36352,-121.65453,Wastewater Treatment Facility,4952,Butte,5R,WDRMUNILRG,Active,WDR,R5-2006-0127,5A040103001,,12/08/2006,12/08/2006,,2016-12-08,1.7,,B,2,,,,0,0,
Richvale Sanitary District,"Po Box 1, Richvale, CA 95974",Richvale WWTF,"Eucalyptus Road, Richvale, CA 95974",39.479464,-121.754444,Wastewater Treatment Facility,4952,Butte,5R,"NPDMUNIOTH, WDRMUNIOTH",Active,Enrollee - WDR,2014-0153-DWQ,5A040105002,,,06/01/2018,,2029-09-23,0.03,Minor,C,3,,,,0,0,
Sewerage Commission Oroville Region,"Po Box 1350, Oroville, CA 95965-1350",Sewerage Commission Oroville Region WWTP,"2880 South 5th Avenue, Oroville, CA 95965",39.4863584,-121.5656332,Wastewater Treatment Facility,4952,Butte,5R,"NPDMUNILRG, SLIC",Active,NPDES Permit,R5-2021-0044,5A040106001,CA0079235,08/13/2021,10/01/2021,,2026-09-30,6.5,Major,A,1,,,,2,5,
Butte Community College District,"3536 Butte Campus Drive, Oroville, CA 95965-8399",Butte College WWTP,"3536 Butte Campus Drive, Oroville, CA 95965",39.650585,-121.649239,Wastewater Treatment Facility,4151(+),Butte,5R,WDRMUNILRG,Active,Enrollee - WDR,2014-0153-DWQ,5A040107001,,12/05/2019,12/05/2019,,2029-12-05,0.049,,B,2,,,,0,0,
Butte CSA,"25 County Center Drive, Oroville, CA 95965",Butte CSA 21 Skansen Ponds and Rocky Bluffs,"7 County Center Drive, Oroville, CA 95965",39.709478,-121.736667,Wastewater Treatment Facility,4952,Butte,5R,WDRMUNIOTH,Active,Enrollee - WDR,2014-0153-DWQ,5A040108001,,,08/02/2018,,2029-09-23,.023,,C,3,,,,0,0,
Richardson Springs CSD,"15850 Richardson Springs Road, Richardson Springs, CA 95973",Richardson Springs CSD,"15850 Richardson Springs Road, Chico, CA 95973",39.828303,-121.822063,Wastewater Treatment Facility,8661,Butte,5R,WDRMUNIOTH,Active,Enrollee - WDR,2014-0153-DWQ,5A041010001,,,10/11/2019,,2029-09-23,0.04,,B,2,,,,0,0,
Rick & Cathy Bowling,"Po Box 2308, Laguna Hills, CA 92654",Chico Mobile Country Club WWTP,"1901 Dayton Place, Chico, CA 95926",39.70168,-121.84642,Wastewater Treatment Facility,6515(+),Butte,5R,WDRMUNILRG,Active,Enrollee - WDR,2014-0153-DWQ,5A041015001,,,02/24/2017,,2027-03-01,.05,,B,2,,,,0,0,
Casa Del Rey HA,"1750 Humboldt Road, Chico, CA 95928",Casa Del Rey HA,"4413 Sierra Del Sol Road, Paradise, CA 95969",39.702082,-121.574156,Wastewater Treatment Facility,6514,Butte,5R,WDRMUNIOTH,Active,Enrollee - WDR,2014-0153-DWQ,5A041020001,,,08/11/2017,,2032-08-01,0.0045,,C,3,,,,0,0,
Creekside Village TIC,"711 East Imperial Highway 200, Brea, CA 92821",Creekside Village,"3549 Esplanade, Chico, CA 95973",39.78034,-121.88911,Wastewater Treatment Facility,6512,Butte,5R,WDRMUNIOTH,Active,WDR,96-132,5A041025001,,05/03/1996,05/03/1996,,2006-04-30,0.049,,C,2,,,,0,0,
Amir Daliri,"15430 Hwy 99 Highway Bldg C, Chico, CA 95973",Toribio Gutierrez Sewage Ponds,"15430 Hwy 99, Chico, CA 95926",39.851869,-121.947628,Wastewater Treatment Facility,5154,Butte,5R,WDRMUNIOTH,Active,Enrollee - WDR,2014-0153-DWQ,5A041034001,,,10/04/2018,,2029-09-23,0.045,,C,3,,,,0,0,
The Villas At Butte Creek HA,"9506 Villon Court, Durham, CA 95938",The Villas at Butte Creek WWTP,"Estates Drive, Chico, CA 95928",39.6894,-121.77431,Wastewater Treatment Facility,4952,Butte,5R,"WDR, WDRMUNIOTH",Active,Enrollee - WDR,2014-0153-DWQ,5A04NC00001,,,06/01/2018,,2029-09-23,0.0049,,C,3,,,,0,0,
James Barger,"13961 Lindberg Circle, Chico, CA 95973",Pheasant Landing III HA WWTP,,39.8017,-121.89115,Wastewater Treatment Facility,4952,,5R,WDRMUNIOTH,Active,Enrollee - WDR,2014-0153-DWQ,5A04NC00003,,,02/20/2020,,2029-09-23,0.007,,C,3,,,,0,0,
Biggs City,"Po Box 307, Biggs, CA 95917",City of Biggs WWTP,"3016 Sixth Street, Biggs, CA 95917",39.413736,-121.710953,Wastewater Treatment Facility,4952,Butte,5R,"NPDMUNIOTH, WDRMUNIOTH",Active,WDR,R5-2020-0008,5A04NC00067,,02/20/2020,02/20/2020,,2030-02-20,.37,Minor,B,2,,,,0,0,
Arbuckle PUD,"Po Box 207, Arbuckle, CA 95912",Arbuckle WWTP,"Bailey Road, Arbuckle, CA 95912",39.02995,-122.05737,Wastewater Treatment Facility,4952,Colusa,5S,WDRMUNILRG,Active,WDR,93-208,5A060100001,,10/22/1993,10/22/1993,,2003-10-22,.5,,B,2,,,,6,52,
Colusa City,"425 Webster Street, Colusa, CA 95932",City of Colusa WWTP,"2820 Will S Green Avenue, Colusa, CA 95932",39.197222,-122.283333,Wastewater Treatment Facility,4952,Colusa,5S,"NPDMUNIOTH, REC",Active,NPDES Permit,R5-2022-0020,5A060101001,CA0078999,04/21/2022,06/01/2022,,2027-05-31,0.70,Minor,B,2,,,,16,81,
Williams City,"Po Box 310, Williams, CA 95987",Williams WWTP,"700 B Street, Williams, CA 95987",39.1675,-122.153611,Wastewater Treatment Facility,4952,Colusa,5S,NPDMUNIOTH,Active,Enrollee - NPDES,R5-2023-0025,5A060103001,CAC433345,06/28/2019,08/01/2019,,2028-10-01,0.5,Minor,A,2,,,,13,82,
Princeton Water Works Dist,"Po Box 224, Princeton, CA 95970",Princeton WWTP,"Argo Street, Princeton, CA 95970",39.40043,-122.01724,Wastewater Treatment Facility,4952,Colusa,5S,"WDR, WDRMUNIOTH",Active,WDR,94-013,5A060104001,,01/28/1994,01/28/1994,,2004-01-27,.04,,B,2,,,,0,0,
CA Dept of Trans D3,"703 B Street, Marysville, CA 95901",Maxwell Roadside Rest Station,"Hwy 5, Colusa (County), CA 95917",39.362,-121.87976,Wastewater Treatment Facility,4952,Butte,5S,"WDR, WDRMUNIOTH",Active,Enrollee - WDR,2014-0153-DWQ,5A060800001,,,07/11/2019,,2029-09-23,0.033,,C,3,,,,0,0,
Maxwell PUD,"Po Box 294, Maxwell, CA 95955",Maxwell PUD WWTF,"Intersection of East Ave and South Ave, Maxwell, CA 95955",39.26831,-122.18388,Wastewater Treatment Facility,4952,Colusa,5S,"NPDMUNIOTH, WDRMUNILRG",Active,WDR,R5-2009-0109,5A06NC00010,,10/08/2009,10/08/2009,,2019-10-07,.22,Minor,B,2,,,,1,15,
Placerville City,"3101 Center Street, Placerville, CA 95667-5607",Hangtown Creek WRF,"2300 Coolwater Creek Road, Placerville, CA 95667",38.7317504,-120.8476377,Wastewater Treatment Facility,4952,El Dorado,5S,"NPDMUNILRG, SLIC",Active,Enrollee - NPDES,R5-2023-0025,5A090100001,CAC439621,06/19/2020,08/01/2020,,2028-10-01,2.3,Major,B,2,,,,7,8,
El Dorado Irrigation District,"2890 Mosquito Road, Placerville, CA 95667-4700",Gold Ridge Forest Unit 3,"Sly Park, Pollock Pines, CA 95726",38.7332,-120.57118,Wastewater Treatment Facility,4952,El Dorado,5S,"WDR, WDRMUNIENROTH, WDRMUNIOTH",Active,Enrollee - WDR,2014-0153-DWQ,5A090102008,,,08/06/2019,,2029-09-23,0.0125,,C,3,,,,0,0,
American River Resort,"Po Box 435, Coloma, CA 95613",American River Resort WWTP,"6019 New River Road, Coloma, CA 95613",38.79886,-120.88596,Wastewater Treatment Facility,4952,El Dorado,5S,"WDR, WDRMUNIOTH",Active,WDR,88-170,5A090102009,,09/23/1988,09/23/1988,,2003-09-20,.0036,,B,3,,,,0,0,
El Dorado Irrigation District,"2890 Mosquito Road, Placerville, CA 95667-4700",Camino Heights WWTP,"Camino Heights Drive, Camino, CA 95709",38.73313,-120.71487,Wastewater Treatment Facility,4952,El Dorado,5S,"WDR, WDRMUNIOTH",Active,WDR,R5-2012-0045,5A090102010,,06/08/2012,06/08/2012,,2022-06-08,.06,,B,2,,,,0,0,
El Dorado Irrigation District,"2890 Mosquito Road, Placerville, CA 95667-4700",Lift Station Equalization Pond,"End of South Street, El Dorado, CA 95623",38.79537,-120.94956,Wastewater Treatment Facility,4952,El Dorado,5S,WDRMUNIOTH,Active,WDR,5-00-086,5A090102012,,04/28/2000,04/28/2000,,2010-04-28,.049,,B,2,,,,0,0,
"Gold Beach Manufactured Housing Community, LLC","6653 Embarcadero Drive C, Stockton, CA 95219",Gold Beach Park,"8201 Hwy 49, Box #5, El Dorado, CA 95623",38.74264,-120.43576,Wastewater Treatment Facility,7033,El Dorado,5S,WDRMUNIOTH,Active,WDR,90-055,5A091003001,,02/23/1990,02/23/1990,,2005-02-19,.0055,,B,3,,,,0,0,
Georgetown Divide PUD,"Po Box 4240, Georgetown, CA 95634",Auburn LK Onsite WW Disp,"1.5 Miles E OF Cool, on Hwy 49, Cool, CA 95614",38.88802,-121.01623,Wastewater Treatment Facility,4952,El Dorado,5S,"WDR, WDRMUNIOTH",Active,WDR,R5-2002-0031,5A091007001,,03/01/2002,03/01/2002,,2012-03-01,.0718,,B,2,,,,0,0,
Northern California Conference of Seven Day Adventist,"Po Box 23165, Pleasant Hills, CA 94523",Leoni Meadows Retreat Camp,"6100 Leoni Road, Grizzley Flats, CA 95636",38.620798,-120.494032,Wastewater Treatment Facility,70,El Dorado,5S,"WDR, WDRMUNIOTH",Active,WDR,88-044,5A091103001,,03/31/1989,03/31/1989,,2004-03-27,.018,,C,3,,,,0,0,
El Dorado Irrigation District,"2890 Mosquito Road, Placerville, CA 95667-4700",EID Master Reclamation Permit,"1565 Deer Creek, Cameron Park, CA 95682",38.635166,-120.984315,Wastewater Treatment Facility,4952,El Dorado,5S,WDRMUNILRG,Active,WDR,5-01-146,5A09NC00002,,06/14/2001,06/14/2001,,2011-06-14,4.5,,B,2,,,,5,9,
"Cool Village Investments, LLC","4190 Douglas Boulevard 400, Granite Bay, CA 95746",Cool Village WWTF,"Cool, CA 95614",38.88802,-121.01623,Wastewater Treatment Facility,4952,El Dorado,5S,WDRMUNIOTH,Active,WDR,R5-2003-0023,5A09NC00009,,01/31/2003,01/31/2003,,2013-01-31,.006,,B,2,,,,0,0,
Willows City,"201 North Lassen Street, Willows, CA 95988",Willows WWTP,"1600 South Tehama, Willows, CA 95988",39.502178,-122.192433,Wastewater Treatment Facility,4952,Glenn,5R,"NPDESWW, NPDMUNILRG, SLIC",Active,Enrollee - NPDES,R5-2023-0025,5A110101001,CAC447786,,10/02/2023,,2028-10-01,1.2,"Major, Minor",A,2,,,,2,1,
Hamilton City CSD,"Po Box 116, Hamilton City, CA 95951",Hamilton City CSD WWTP,"98 Sacramento Avenue, Hamilton City, CA 95951",39.740081,-121.997972,Wastewater Treatment Facility,4952,Glenn,5R,WDRMUNILRG,Active,WDR,R5-1998-081,5A110103001,,04/17/1998,04/17/1998,,2008-04-14,.5,,B,2,,,,0,0,
Clearlake Oaks Cnty Water Dist,"Po Box 709, Clearlake Oaks, CA 95423",Clearlake Oaks Co WTR Dis WWTP,"13705 Jensen Road, Clearlake Oaks, CA 95423",39.01532,-122.65479,Wastewater Treatment Facility,4952,Lake,SB,"SLIC, WDR, WDRMUNILRG",Active,Co-Permitee,2020-0015-DWQ,5A170100002,,,07/09/2020,,,,,,,,,,2,3,
"Kelseyville Cnty Waterworks, District 3","230a Main Street, Lakeport, CA 95453",Lake Cnty SD Kelseyville WWD No. 3 Kelseyville WWTF,"4395 Gaddy Lane, Kelseyville, CA 95451",38.99126,-122.83065,Wastewater Treatment Facility,4952,Lake,5S,WDRMUNILRG,Active,WDR,R5-2009-0023,5A170101001,,02/05/2009,02/05/2009,,2019-02-05,0.31,,B,2,,,,3,16,
Lake Cnty,"333 North Second Street 309, Lakeport, CA 95453",Southeast Regional WW System,"2485 Old Hwy 53, Clearlake, CA 95422",38.98605,-122.62709,Wastewater Treatment Facility,4952,Lake,SB,"SLIC, WDR, WDRMUNILRG",Active,Co-Permitee,2020-0015-DWQ,5A170102002,,,07/09/2020,,,,,,,,,,2,24,
Lakeport City Municipal Sewer District,"225 Park Street, Lakeport, CA 95453",Lakeport City WWTP,"795 Linda Lane, Lakeport, CA 95453",39.01478,-122.92353,Wastewater Treatment Facility,4952,Lake,5S,"WDR, WDRMUNILRG",Active,WDR,R5-2012-0025,5A170103001,,03/30/2012,03/30/2012,,2022-03-30,0.53,,B,2,,,,2,6,
Lake Cnty,"333 North Second Street 309, Lakeport, CA 95453",NW Regional Waste Disp Fac,"1155 Whalen Way, Lakeport, CA 95453",39.11406,-122.92255,Wastewater Treatment Facility,4952,Lake,5S,"WDR, WDRMUNILRG",Active,WDR,5-01-111,5A170104001,,05/11/2001,05/11/2001,,2006-05-11,2,,B,2,,,,2,8,
Lake Cnty,"333 North Second Street 309, Lakeport, CA 95453",Middletown STP (SD 2-2),"20126 Hwy 175, Middletown, CA 95461",38.76915,-122.6513,Wastewater Treatment Facility,4952,Lake,5S,"WDR, WDRMUNILRG",Active,WDR,97-249,5A170111001,,12/05/1997,12/05/1997,,2007-12-05,.15,,B,2,,,,2,28,
Russell Hamel Clear Lake Resort  Services LLC Dba Konocti Harbor Resort,"8727 Soda Bay Road, Kelseyville, CA 95451",Konocti Harbor Resort,"8727 Soda Bay Road, Kelseyville, CA 95451",38.98526,-122.74074,Wastewater Treatment Facility,7011,Lake,5S,WDRMUNILRG,Active,WDR,R5-2002-0157,5A171014002,CA0083551,09/06/2002,10/24/2008,,2023-10-24,.288,,C,3,,,,1,1,
Los Brez Park Mutual Water Company,"9595 Windflower Point, Clearlake, CA 95422",Windflower Point STP,"9597 Windflower Point, Clearlake, CA 95422",39.00772,-122.7307,Wastewater Treatment Facility,4952,Lake,5S,"WDR, WDRMUNIOTH",Active,WDR,5-00-026,5A171018001,,01/27/2000,01/27/2000,,2010-01-27,.015,,C,2,,,,0,0,
Hidden Valley Lake CSD,"19400 Hartman Road, Middletown, CA 95467",Hidden Valley Lake WRF,"18896 Grange Road, Middletown, CA 95461",38.77239,-122.56625,Wastewater Treatment Facility,4952,Lake,5S,"WDR, WDRMUNILRG",Active,WDR,5-00-019,5A171034001,,01/27/2000,01/27/2000,,2010-01-27,.894,,C,2,,,,2,19,
Hoberg's Historical Association,"Po Box 1714, Middletown, CA 95461",Hoberg's Resort,"15205 Hwy 175, Cobb, CA 95426",38.84168,-122.72446,Wastewater Treatment Facility,4952,Lake,5S,WDRMUNIOTH,Active,WDR,R5-2004-0085,5A171038001,,06/04/2004,06/04/2004,,2019-06-04,.0093,,C,3,,,,0,0,
Lassen Co Waterworks Dist #1,"Po Box 363, Bieber, CA 96009",Bieber STP,"East 299 Highway, Bieber, CA 96009",41.115775,-121.137611,Wastewater Treatment Facility,4952,Lassen,5R,"WDRMUNILRG, WDRMUNIOTH",Active,Enrollee - WDR,2014-0153-DWQ,5A180100001,,,07/31/2015,,2031-08-01,0.040,,C,3,,,,1,1,
Westwood CSD,"Po Box 319, Westwood, CA 96137",Westwood STP,"First & Fir Street, Westwood, CA 96137",40.294961,-121.013683,Wastewater Treatment Facility,4952,Lassen,5R,WDRMUNILRG,Active,WDR,R5-2019-0061,5A180102001,,06/07/2019,06/07/2019,,2029-06-07,0.333,,B,2,,,,0,0,
Alturas City,"200 West North Street, Alturas, CA 96101",Alturas Municipal WWTP,"20099 CR 54 Road, Alturas, CA 96101",41.483391,-120.543491,Wastewater Treatment Facility,4952,Modoc,5R,NPDMUNIOTH,Active,NPDES Permit,R5-2020-0004,5A250100001,CA0078921,03/18/2020,04/01/2020,,2024-03-31,0.5,Minor,B,3,,,,20,221,
Adin CSD,"Po Box 64, Adin, CA 96006",Adin CSD,"Hwy 139 Highway, Adin, CA 96006",41.18548,-120.94687,Wastewater Treatment Facility,4952,Modoc,5R,WDRMUNIOTH,Active,Enrollee - WDR,2014-0153-DWQ,5A250101001,,,12/11/2015,,2031-12-01,0.025,,C,3,,,,0,0,
California Pines CSD,"Hcr 4 Box 43002, Alturas, CA 96101",California Pines CSD,"CR 71, Alturas, CA 96101",41.349544,-120.731728,Wastewater Treatment Facility,4952,Modoc,5R,"SSOMUNISML, WDRMUNIOTH",Active,Enrollee - WDR,2014-0153-DWQ,5A250102001,,,03/20/2018,,2031-12-02,.048,,C,3,,,,1,1,
Napa Berryessa Resort IMP Dist,"1195 Third Street 201, Napa, CA 94559-3092",Napa Berryessa WTF,"1465 Steele Canyon Road, Napa, CA 94558",38.509,-122.197,Wastewater Treatment Facility,4952,Napa,5S,WDRMUNILRG,Active,WDR,R5-2013-0065,5A280103002,,05/31/2013,05/31/2013,,2023-05-30,.15,,B,2,,,,2,15,
Circle Oaks Cnty Water Dist,"380 Circle Oaks Drive, Napa, CA 94559",Circle Oaks WWTF,"Monticello Road, Napa, CA 94558",38.41247,-122.20211,Wastewater Treatment Facility,4952,Napa,5S,"WDR, WDRMUNIOTH",Active,Enrollee - WDR,2014-0153-DWQ,5A280106001,,,11/25/2025,,2029-09-23,.09,,C,3,,,,1,4,
Spanish Flat Water District/Monticello Public Cemetery,"Po Box 9163, Lake Berryessa, CA 94558",Spanish Flat WWT & Disposal Facility,"4340 Spanish Flat Loop Road, Napa, CA 94558",38.53625,-122.22276,Wastewater Treatment Facility,4952(+),Napa,5S,WDRMUNIOTH,Active,WDR,93-236,5A280108001,,12/03/1993,12/03/1993,,2003-12-01,.025,,B,2,,,,1,3,
USDI Bureau of Reclamation Napa,"5520 Knoxville Road, Napa, CA 94558",Admin Center & Oak Shores Day Use Area,"5520 Knoxville Road, Napa, CA 94558",38.55074,-122.22914,Wastewater Treatment Facility,4952,Napa,5S,"WDR, WDRMUNIOTH",Active,Enrollee - WDR,2014-0153-DWQ,5A280700001,,,06/21/2018,,2029-09-23,.003,,C,3,,,,0,0,
Berryessa Pines & Spanish Flat,"Po Box 9163, Napa, CA 94558",Berryessa Pines WWTF,"4326 Knoxville, Napa, CA 94558",38.533295,-122.227678,Wastewater Treatment Facility,4952,Napa,5S,"WDR, WDRMUNIOTH",Active,WDR,5-00-200,5A281001001,,09/15/2000,09/15/2000,,2010-09-15,.014,,B,2,,,,1,1,
Grass Valley City,"125 East Main Street, Grass Valley, CA 95945-6505",Grass Valley City WWTP,"556 C Freeman Lane, Grass Valley, CA 95949",39.20571,-121.06859,Wastewater Treatment Facility,4952,Nevada,5S,"NPDMUNILRG, SLIC",Active,Enrollee - NPDES,R5-2023-0025,5A290100001,CAG585001,,02/01/2022,,2028-10-01,2.78,Major,A,2,,,,19,34,
Nevada City,"317 Broad Street, Nevada City, CA 95959",Nevada City WWTP,"650 Jordan Street, Nevada City, CA 95959",39.25975,-121.03075,Wastewater Treatment Facility,4952,Nevada,5S,NPDMUNIOTH,Active,NPDES Permit,R5-2022-0039,5A290101001,CA0079901,06/10/2022,08/01/2022,,2027-07-31,.69,Minor,B,2,,,,11,59,
Pleasant Ridge Union School District,"22580 Kingston Lane, Grass Valley, CA 95949",Pleasant Ridge Elementary School WWTP,"16229 Duggan Road, Grass Valley, CA 95949",39.07406,-121.11212,Wastewater Treatment Facility,8211,Nevada,5S,"WDR, WDRMUNIOTH, WDRNONMUNIPRCS",Active,Enrollee - WDR,2014-0153-DWQ,5A290103001,,,02/17/2022,,2029-09-23,0.005,,C,3,,,,0,0,
Nevada CSD No 1,"950 Maidu Avenue, Nevada City, CA 95959",Lake Wildwood WWTP,"12622 Pleasant Valley Road, Penn Valley, CA 95946",39.231055,-121.21842,Wastewater Treatment Facility,4952,Nevada,5S,"NPDMUNILRG, NPDMUNIOTH",Active,Enrollee - NPDES,R5-2023-0025,5A290104001,CAC439953,,08/01/2020,,2028-10-01,0.69,"Major, Minor",B,2,,,,9,18,
Nevada CSD No 1,"950 Maidu Avenue, Nevada City, CA 95959",Lake of the Pines WWTP,"10903 Riata Way, Auburn, CA 95602",39.03414,-121.08119,Wastewater Treatment Facility,4952,Nevada,5S,NPDMUNIOTH,Active,Enrollee - NPDES,R5-2023-0025,5A290104003,CAC439955,,08/01/2020,,2028-10-01,0.72,Minor,B,2,,,,11,33,
Nevada CSD No 1,"950 Maidu Avenue, Nevada City, CA 95959",Penn Valley WWTP,"12382 Spenceville Road, Penn Valley, CA 95946",39.17526,-121.19634,Wastewater Treatment Facility,4952,Nevada,5S,"WDR, WDRMUNIOTH",Active,WDR,5-01-210,5A290104006,,09/06/2001,09/06/2001,,2016-09-05,.09,,B,3,,,,0,0,
Donner Summit Public Utilities District,"Po Box 610, Soda Springs, CA 95728",Donner Summit PUD WWTP,"53823 Sherritt Lane, Soda Springs, CA 96161",39.32606,-120.39329,Wastewater Treatment Facility,4952,Nevada,5S,"NPDMUNIOTH, REC, WDRNONMUNIPRCS",Active,Enrollee - WDR,2016-0068-DDW,5A290105001,,,01/22/2023,,2026-08-05,0.52,Minor,C,3,,,,10,27,
Nevada ID,"Po Box 1019, Grass Valley, CA 95945",Rollins Reservoir Rec Areas,"Rollins Reservoir, Grass Valley, CA 95945",39.16461,-120.95246,Wastewater Treatment Facility,7033,Nevada,5S,"WDR, WDRMUNIOTH",Active,WDR,90-080,5A290106001,,04/23/1990,04/23/1990,,2000-04-22,.026,,B,2,,,,0,0,
Nevada ID,"Po Box 1019, Grass Valley, CA 95945",Scotts Flat Reservoir Rec Area,"23333 Scotts Flat Road, Nevada City, CA 95959",39.27814,-120.9389,Wastewater Treatment Facility,7033,Nevada,5S,"WDR, WDRMUNIOTH",Active,WDR,90-079,5A290106002,,03/23/1990,03/23/1990,,2000-03-20,.008,,B,2,,,,0,0,
Nevada CSD No 1,"950 Maidu Avenue, Nevada City, CA 95959",North San Juan WW Facility,"North End of San Francisco Street, North San Juan, CA 95960",39.37169,-121.10391,Wastewater Treatment Facility,4952,Nevada,5S,WDRMUNIOTH,Active,WDR,87-190,5A290107001,,10/23/1987,10/23/1987,,2002-10-19,.024,,C,3,,,,1,1,
Nevada CSD No 1,"950 Maidu Avenue, Nevada City, CA 95959",Cascade Shores WWTP,"14326 Gas Canyon Road, Nevada City, CA 95959",39.25995,-120.90683,Wastewater Treatment Facility,4952,Nevada,5S,NPDMUNIOTH,Active,Enrollee - NPDES,R5-2023-0025,5A290107002,CAC442921,03/18/2021,04/01/2021,,2028-10-01,.026,Minor,C,3,,,,7,19,
Pla-Vada Community Association,"Po Box 51885, Sparks, NV 89435-1885",Pla-Vada Community Assoc STP,"Sewer Plant Rd at Conifer, Soda Springs, CA 95728",39.13467,-121.17104,Wastewater Treatment Facility,4952,Nevada,5S,"WDR, WDRMUNIOTH",Active,WDR,95-016,5A291006001,,01/27/1995,01/27/1995,,2005-01-24,.018,,B,2,,,,0,0,
"Sun Forest Springs, LLC","27777 Franklin Road Suite 200, Southfiel, MI 48034",Forest Springs WWTF,"10084 Forest Springs Road, Grass Valley, CA 95949",39.13467,-121.17104,Wastewater Treatment Facility,6515,Nevada,5S,WDRMUNIOTH,Active,WDR,88-106-02,5A291012001,,06/24/1988,06/24/1988,,2003-06-21,.085,,B,3,,,,0,0,
Kingsbury Greens CSD,"15460 Kingsbury Circle, Grass Valley, CA 95949",Kingsbury Greens CSD WWTP,"15460 Kingsbury, Grass Valley, CA 95949",39.145418,-121.040748,Wastewater Treatment Facility,4952,Nevada,5S,WDRMUNIOTH,Active,Enrollee - WDR,2014-0153-DWQ,5A291025001,,,04/21/2022,,,0.013,,C,3,,,,0,0,
Nevada City School of the Arts,"13032 Bitney Springs Road, Nevada, CA 95959",Nevada City School of the Arts WWTF,"12398 Bitney Springs, Nevada City, CA 95959",39.255293,-121.155459,Wastewater Treatment Facility,4952,Nevada,5S,WDRMUNIOTH,Active,WDR,97-256,5A292026001,,12/05/1997,12/05/1997,,2007-12-05,.04,,B,2,,,,1,1,
Nevada CSD No 1,"950 Maidu Avenue, Nevada City, CA 95959",Higgins Village WWTF,"10019 Combie Road, Auburn, CA 95602",39.021407,-121.049906,Wastewater Treatment Facility,4952,Nevada,5S,WDRMUNIOTH,Active,WDR,R5-2003-0048,5A29NC00004,,03/14/2003,03/14/2003,,2018-03-14,.013,,B,3,,,,0,0,
Colfax City,"Po Box 702, Colfax, CA 95713",City of Colfax WWTP,"23550 Grand View Avenue, Colfax, CA 95713",39.08429,-120.94485,Wastewater Treatment Facility,4952,Placer,5S,NPDMUNIOTH,Active,Enrollee - NPDES,R5-2023-0025,5A310101001,CAG585001,,11/01/2023,,2028-10-01,0.8,Minor,B,1,,,,10,53,
Placer Cnty Dept of Facility Services,"11476 C Avenue, Auburn, CA 95603","Placer Cnty SA No 28, ZONE No.6, Sheridan WWTP","E Street, Sheridan, CA 95486",38.97962,-121.37551,Wastewater Treatment Facility,4952,Placer,5S,"NPDMUNIOTH, WDRMUNILRG",Active,Enrollee - WDR,2014-0153-DWQ,5A310104011,,,12/19/2016,,2021-12-18,.06,Minor,C,3,,,,1,3,
Roseville City,"2005 Hilltop Circle, Roseville, CA 95747",Dry Creek WWTP,"1800 Booth Road, Roseville, CA 95747",38.73647,-121.313656,Wastewater Treatment Facility,4952,Placer,5S,"NPDMUNILRG, SLIC, WDRMUNIENROTH",Active,Enrollee - NPDES,R5-2023-0025,5A310106001,CAC426201,,10/01/2025,,2030-09-30,18,Major,A,1,,,,5,8,
Roseville City,"2005 Hilltop Circle, Roseville, CA 95747",Pleasant Grove WWTP,"5051 Westpark Drive, Roseville, CA 95747",38.78536,-121.37736,Wastewater Treatment Facility,4952,Placer,SB,"NPDMUNILRG, SLIC",Active,Co-Permitee,2020-0015-DWQ,5A310106007,,,07/09/2020,,,,Major,,,,,,3,6,
Ca Dept of Parks & Rec Folsom,"7806 Folsom Auburn Road, Folsom, CA 95630",Granite Bay State Park,"7806 Folsom-Auburn Road, Folsom, CA 95630",38.7124,-121.17464,Wastewater Treatment Facility,4952,Sacramento,5S,"WDR, WDRMUNIOTH",Active,WDR,94-151,5A310801001,,05/20/1994,05/20/1994,,2009-05-16,.005,,C,3,,,,0,0,
CA Dept of Trans D3,"703 B Street, Marysville, CA 95901",Gold Run Roadside Rests,"Hwy 80, Gold Run, CA 95717",39.18073,-120.85577,Wastewater Treatment Facility,4952,Placer,5S,"WDR, WDRMUNIOTH",Active,Enrollee - WDR,2014-0153-DWQ,5A310802001,,,01/09/2017,,2022-01-08,0.01,,C,3,,,,0,0,
Auburn Valley Community Services District,"Po Box 8138, Auburn, CA 95604",Auburn Valley CSD WWTF,"8815 Auburn Valley Road, Auburn, CA 95602",39.0045212,-121.1520213,Wastewater Treatment Facility,4952,Placer,5S,"WDR, WDRMUNIOTH",Active,Enrollee - WDR,2014-0153-DWQ,5A311009001,,,02/02/2018,,2029-09-23,,,B,3,,,,1,9,
United Auburn Indian Community,"10720 Indian Hill Road, Auburn, CA 95603-9403",Thunder Valley Casino WWTP,"1200 Athens Avenue, Lincoln, CA 95648",38.839045,-121.307402,Wastewater Treatment Facility,7011(+),Placer,5S,"NPDESWW, NPDMUNIOTH",Active,Enrollee - NPDES,R5-2023-0025,5A31NP00001,CAC442169,,02/01/2021,,2028-10-01,0.70,Minor,B,2,,,,3,6,
Lincoln-SMD1 Wastewater Authority,"600 Sixth Street, Lincoln, CA 95648",Lincoln City WWTF,"1245 Fiddyment Road, Lincoln, CA 95648",38.897257,-121.335423,Wastewater Treatment Facility,4952,Placer,5S,NPDMUNILRG,Active,NPDES Permit,R5-2024-0024,5A31NP00011,CA0084476,04/19/2024,06/01/2024,,2029-05-31,5.9,Major,A,1,,,,3,6,
Auburn City,"1225 Lincoln Way Room 1, Auburn, CA 95603",Auburn WWTP,"10441 Ophir Road, Auburn, CA 95603",38.883523,-121.107111,Wastewater Treatment Facility,4952,Placer,5S,"NPDMUNILRG, SLIC",Active,Enrollee - NPDES,R5-2023-0025,5A31NP00042,CAC448871,,07/01/2022,,2028-10-01,1.67,"Major, Minor",A,1,,,,10,36,
Chester PUD,"Po Box 503, Chester, CA 96020",Chester STP,"881 First Avenue, Chester, CA 96020",40.298614,-121.227087,Wastewater Treatment Facility,4952,Plumas,5R,NPDMUNIOTH,Active,NPDES Permit,R5-2021-0022,5A320100001,CA0077747,04/22/2021,06/01/2021,,2026-05-30,.75,Minor,B,2,,,,5,26,
Indian Valley CSD,"Po Box 899, Greenville, CA 95947",Greenville Wastewater Ponds,"Hot Springs Road, Greenville, CA 95947",40.13955,-120.929264,Wastewater Treatment Facility,4952,Plumas,5R,"WDRMUNILRG, WDRMUNIOTH",Active,Enrollee - WDR,2014-0153-DWQ,5A320101001,,,09/16/2025,,2035-09-23,0.049,,C,2,,,,0,0,
Portola City,"Po Box 1225, Portola, CA 96122",Portola WWTP,"120 Main Street, Portola, CA 96122",39.805013,-120.471338,Wastewater Treatment Facility,4952,Plumas,5R,"NPDESWW, NPDMUNIOTH",Active,NPDES Permit,R5-2024-0023,5A320102001,CA0077844,04/19/2024,06/01/2024,,2029-05-31,.50,Minor,B,2,,,,10,38,
American Valley CSD,"900 Spanish Creek Road, Quincy, CA 95971",American Valley WWTP,"900 Spanish Creek Road, Quincy, CA 95971",39.953802,-120.933363,Wastewater Treatment Facility,4952,Plumas,5R,"NPDMUNILRG, SLIC",Active,NPDES Permit,R5-2024-0008,5A320103001,CA0078981,02/16/2024,04/01/2024,,2029-03-31,1.6,Major,B,1,,,,4,109,
West Almanor Mutual Water Co,"Po Box 1640, Chester, CA 96020",Lake Almanor West,"296 Osprey Loop, Chester, CA 96020",40.234842,-121.202445,Wastewater Treatment Facility,4952,Plumas,5R,WDRMUNILRG,Active,WDR,97-254,5A320104002,,12/05/1997,12/05/1997,,2007-12-01,.15,,C,2,,,,0,0,
Beckwourth CSA,"1834 Main Street, Quincy, CA 95971",Beckwourth WW Ponds,"Hwy 70 Highway, Beckwourth, CA 96129",39.8137,-120.3706,Wastewater Treatment Facility,4952,Plumas,5R,WDRMUNIOTH,Active,Enrollee - WDR,2014-0153-DWQ,5A320104003,,,02/24/2017,,2032-03-01,0.02,,C,3,,,,0,0,
Plumas Eureka CSD,"200 Lundy Ln, Blairsden, CA 96103-9713",Plumas Eureka Estates WWTF - WWTP 6,"West end of West Ponderosa Drive, Blairsden, CA",39.7966667,-120.6511111,Wastewater Treatment Facility,4952,Plumas,5R,WDRMUNIOTH,Active,Enrollee - WDR,2014-0153-DWQ,5A320104004,,,04/07/2020,,2029-09-23,.048,,B,2,,,,0,0,
Plumas Eureka CSD,"200 Lundy Ln, Blairsden, CA 96103-9713",Plumas Eureka Estates WWTF - WWTP 7,"200 Lundy Lane, Blairsden, CA 96103",39.7886111,-120.6466667,Wastewater Treatment Facility,4952,Plumas,5R,WDRMUNIOTH,Active,Enrollee - WDR,2014-0153-DWQ,5A320104004,,,04/07/2020,,2029-09-23,.048,,B,2,,,,0,0,
Indian Valley CSD,"Po Box 899, Greenville, CA 95947",Taylorsville STP,"North Valley Road Road, Taylorsville, CA 95971",40.085414,-120.831494,Wastewater Treatment Facility,4952,Plumas,5R,WDRMUNIOTH,Active,Enrollee - WDR,2014-0153-DWQ,5A320104007,,,06/23/2016,,2031-06-24,.045,,C,3,,,,0,0,
Walker Ranch CSD,"1766 Bidwell Drive, Chico, CA 95926",Bailey Creek WWTF,"Walker Road, Lake Almanor, CA 96137",40.295483,-121.133542,Wastewater Treatment Facility,4952,Plumas,5R,WDRMUNIOTH,Active,Enrollee - WDR,2014-0153-DWQ,5A320119001,,,10/14/2016,,2031-10-01,.045,,C,3,,,,0,0,
Lake Almanor Lakeside LLC,"2723 Crow Canyon Road 100a, Sam Ramon, CA 94583",Almanor Lakeside Villas WWTF,"452 Penninsula Drive, Lake Almanor, CA 96137",40.245633,-121.145583,Wastewater Treatment Facility,4952,Plumas,5R,WDRMUNIOTH,Active,Enrollee - WDR,97-010-DWQ,5A320121001,,,10/09/2014,,2024-10-01,0.001,,C,3,,,,0,0,
Grizzly Lake CSD,,Crocker Mountain Estates STP,"Grizzly Road, Portola, CA 96122",39.86131,-120.44089,Wastewater Treatment Facility,4952,Plumas,5R,WDRMUNIOTH,Active,Enrollee - WDR,2014-0153-DWQ,5A321001001,,,06/14/2015,,2031-08-01,.0075,,C,3,,,,0,0,
Grizzly Lake CSD,,Delleker WWTP,"73821 Industrial Way, Portola, CA 96122",39.80371,-120.50032,Wastewater Treatment Facility,4952,Plumas,5R,NPDMUNIOTH,Active,NPDES Permit,R5-2019-0052,5A321010001,CA0081744,06/07/2019,08/01/2019,,2024-07-31,0.40,Minor,B,2,,,,10,305,
Graeagle Meadows HA,"Po Box 1226, Graeagle, CA 96103",Graeagle Meadows Townhomes,"Hwy 89, Graeagle, CA 96103",39.76941,-120.61972,Wastewater Treatment Facility,4952,Plumas,5R,WDRMUNIOTH,Active,Enrollee - WDR,2014-0153-DWQ,5A321011002,,,12/09/2015,,2031-12-01,0.037,,C,2,,,,0,0,
Whitehawk Ranch Mutual Water Company,"Po Box 147, Clio, CA 96106-0147",Whitehawk Ranch WWTP,"100 Miners Passage, Clio, CA 96106",39.72126,-120.54676,Wastewater Treatment Facility,4952,Plumas,5R,"WDRMUNILRG, WDRMUNIOTH",Active,Enrollee - WDR,2014-0153-DWQ,5A321018001,,,12/09/2015,,2031-12-01,0.025,,C,3,,,,0,0,
Gold Ridge Estates HA,"Po Box 1593, Graeagle, CA 96103","Gold Ridge HA, UNIT III","Plumas Pines Road, Graeagle, CA 96103",39.7922,-120.64547,Wastewater Treatment Facility,4952,Plumas,5R,WDRMUNIOTH,Active,Enrollee - WDR,2014-0153-DWQ,5A321019001,,,10/14/2016,,2031-10-01,0.0015,,C,3,,,,0,0,
Hamilton Branch CSD,"3767 Hwy A-13, Lke Almanor, CA 96137",Creekside Subdivision,"7285 Hwy 147 Highway, Lake Almanor, CA 96137",40.26393,-121.08597,Wastewater Treatment Facility,4959,Plumas,5R,WDRMUNIOTH,Active,Enrollee - WDR,2014-0153-DWQ,5A321020001,,,12/06/2016,,2031-12-01,.003,,C,3,,,,0,0,
Gold Mountain CSD,"Po Box 5, Clio, CA 96106",Gold Mountain WWTF,"Hwy A13, Blairsden, CA 96103",39.78101,-120.61661,Wastewater Treatment Facility,4952,Plumas,5R,WDRMUNIOTH,Active,Enrollee - WDR,2014-0153-DWQ,5A321021001,,,02/01/2018,,2029-09-23,0.1,,C,3,,,,0,0,
Sierra Nevada Journey,"5900 Grizzly Road, Portola, CA 96122",Grizzly Creek Ranch WWTF,"Grizzly RD & HWY 70, Portola, CA 96122",39.837308,-120.420619,Wastewater Treatment Facility,4952,Plumas,5R,WDRMUNIOTH,Active,Enrollee - WDR,2014-0153-DWQ,5A321022001,,,12/08/2017,,2029-09-23,0.04,,C,3,,,,0,0,
Lakeshore Resort  Ltd,"1100 Bucks Lake Road, Quincy, CA 95971",Lakeshore Resort at Bucks Lake,"16001 Bucks Lake Road, Quincy, CA 95971",39.90854,-121.11427,Wastewater Treatment Facility,7033,Plumas,5R,WDRMUNIOTH,Active,Enrollee - WDR,2014-0153-DWQ,5A321023001,,,02/07/2019,,2029-09-23,0.005,,C,3,,,,0,0,
Southshore HA,"Po Box 3286, Quincy, CA 95971",Bucks Lake Sewer Facilities,"Mile High Road, Meadow Valley, CA 95956",39.92961,-121.06079,Wastewater Treatment Facility,4952,Plumas,5R,WDRMUNIOTH,Active,Enrollee - WDR,2014-0153-DWQ,5A323001003,,,10/20/2017,,2029-09-23,0.008,,C,3,,,,0,0,
Bucks Creek Cabin Owners Association,"5880 Lone Horse Drive, Reno, NV 89502",Bucks Creek Sewer Facility,"Oroville Quincy Hwy Highway, Bucks Lake, CA 95971",39.8725,-121.17806,Wastewater Treatment Facility,4952,Plumas,5R,WDRMUNIOTH,Active,Enrollee - WDR,2014-0153-DWQ,5A323001004,,,10/20/2017,,2029-09-23,0.0016,,C,3,,,,0,0,
Grizzly Ranch CSD,"11777 San Vicente Blvd, #900, Los Angeles, CA 90049-5101",Grizzly Ranch CSD,"4456 Grizzly Road, Portola, CA 96122",39.804167,-120.491389,Wastewater Treatment Facility,4952,Plumas,5R,"NPDMUNIOTH, REC, WDRMUNIENROTH",Active,Enrollee - WDR,2014-0153-DWQ,5A32NC00018,,,06/07/2019,,2029-09-23,0.015,Minor,B,3,,,,0,0,
Sacramento Area Sewer District (SacSewer),,EchoWater Resource Recovery Facility,"8521 Laguna Station Road, Elk Grove, CA 95758",38.44865,-121.46367,Wastewater Treatment Facility,4952,Sacramento,5S,NPDMUNILRG,Active,NPDES Permit,R5-2021-0019-02,5A340108002,CA0077682,04/22/2021,06/01/2021,,2026-05-31,181,Major,A,1,,,,11,12,
Sacramento Cnty DPW-Elk Grove,"8521 Laguna Station Road, Elk Grove, CA 95758",Boys Ranch WWTF,"Scott Rd and Boys Ranch Road, Sloughhouse, CA 95683",38.55699,-121.11837,Wastewater Treatment Facility,9223,Sacramento,5S,"WDR, WDRMUNIOTH",Active,WDR,R5-2004-0003,5A340111001,,01/29/2004,01/29/2004,,2019-01-29,.015,,B,3,,,,0,0,
Sacramento City,"1395 35th Avenue, Sacramento, CA 95822",Sac City Combined WW Collection/TRT Sys,"1395 35th Avenue, Sacramento, CA 95822",38.521584,-121.506797,Wastewater Treatment Facility,4952,Sacramento,5S,"NPDMUNILRG, SLIC",Active,NPDES Permit,R5-2026-0003,5A340114001,CA0079111,02/27/2026,04/01/2026,,2031-03-31,380,Major,A,1,,,,3,11,
US Air Force Mather AFB,"10503 Armstrong Avenue, Mather, CA 95655",Domestic WWTF (SAC CO SD 1),"10503 Armstrong Avenue, Mather, CA 95655",38.54194,-121.32184,Wastewater Treatment Facility,4952,Sacramento,5S,WDRMUNIOTH,Active,WDR,83-093,5A340700001,,08/12/1983,08/12/1983,,1993-08-09,0,,B,2,,,,0,0,
River City Recovery Center Inc,"500 22nd Street, Sacramento, CA 95816-3979",River City WWTF,"12490 Alta Mesa, Galt, CA 95632",38.3004,-121.22915,Wastewater Treatment Facility,8093,Sacramento,5S,"WDR, WDRMUNIOTH",Active,WDR,86-210,5A341051001,,10/24/1986,10/24/1986,,2001-10-20,.002,,B,3,,,,0,0,
CA Dept of Trans D3,"703 B Street, Marysville, CA 95901",Elkhorn Safety Roadside Rest Area,"624 North East Street, Woodland, CA 95776",38.6718,-121.6123,Wastewater Treatment Facility,9621,Sacramento,5S,"WDRMUNIENROTH, WDRMUNIOTH",Active,Enrollee - WDR,2014-0153-DWQ,5A34NC00017,,,01/17/2019,,2029-09-23,0.005,,B,3,,,,0,0,
Sacramento MUD,"6201 S Street B355, Sacramento, CA 95817",Rancho Seco Recreational Area WWTF,"14440 Twin Cities Road, Herald, CA 95638",38.35111,-121.11714,Wastewater Treatment Facility,7033,Sacramento,5S,"WDRMUNIENROTH, WDRMUNIOTH",Active,Enrollee - WDR,2014-0153-DWQ,5A34NC00041,,,08/31/2021,,2029-09-23,0.009,,C,3,,,,0,0,
Sacramento Regional County Sanitation District (Regional San),"8521 Laguna Station Road, Elk Grove, CA 95758-4153",EchoWater Resource Recovery Facility,"8521 Laguna Station Road, Elk Grove, CA 95758",38.44865,-121.46367,Wastewater Treatment Facility,4952,Sacramento,5S,"NPDMUNILRG, REC, SLIC",Active,Enrollee - WDR,2016-0068-DDW,5A34NC00114,,,01/30/2023,,2026-08-05,10,Major,C,3,,,,11,12,
Shasta CSA #13,"1855 Placer Street, Redding, CA 96001",Alpine Meadows/Whispering Wood,"Hwy 44, Shingletown, CA 96088",40.49369,-121.87808,Wastewater Treatment Facility,4952,Shasta,5R,WDRMUNILRG,Active,Enrollee - WDR,2014-0153-DWQ,5A450001003,,,06/07/2019,,2029-09-23,0.020,,B,3,,,,1,1,
Shasta CSA #8,"1855 Placer Street, Redding, CA 96001",Palo Cedro WWTF,"Charolais Way, Palo Cedro, CA 96073",40.52617,-122.25293,Wastewater Treatment Facility,4952,Shasta,5R,WDRMUNIOTH,Active,WDR,R5-2017-0080,5A450001004,,06/09/2017,06/09/2017,,2027-06-01,.146,,B,2,,,,0,0,
Shasta CSA #17,"1855 Placer Street, Redding, CA 96001",Cottonwood WWTP,"3425 Live Oak, Cottonwood, CA 96022",40.385314,-122.267358,Wastewater Treatment Facility,4952,Shasta,5R,NPDMUNIOTH,Active,NPDES Permit,R5-2024-0026,5A450001005,CA0081507,04/19/2024,06/01/2024,,2029-05-31,.43,Minor,B,1,,,,9,128,
Anderson City,"1887 Howard Street, Anderson, CA 96007-3340",Anderson WPCP,"3701 Rupert Road, Anderson, CA 96007",40.466044,-122.280904,Wastewater Treatment Facility,4952,Shasta,5R,"NPDMUNILRG, NPDNONMUNIPRCS, SLIC",Active,NPDES Permit,R5 2025-0011,5A450100001,CA0077704,02/21/2025,04/01/2025,,2029-03-31,2.0,Major,A,1,,,,2,16,
City of Redding,"777 Cypress Avenue, Redding, CA 96001-6071",Clear Creek WWTP,"2220 Metz Road, Anderson, CA 96007",40.502262,-122.369704,Wastewater Treatment Facility,4952,Shasta,5R,"NPDMUNILRG, SLIC",Active,NPDES Permit,R5-2022-0040,5A450103001,CA0079731,06/10/2022,08/01/2022,,2027-07-31,8.8,Major,A,1,,,,6,24,
City of Redding,"777 Cypress Avenue, Redding, CA 96001-6071",Stillwater WWTF,"6475 Airport Road, Anderson, CA 96007",40.4722,-122.294071,Wastewater Treatment Facility,4952,Shasta,5R,"NPDMUNILRG, SLIC",Active,NPDES Permit,R5-2023-0017,5A450103004,CA0082589,04/27/2023,06/01/2023,,2028-05-31,3.4,Major,A,1,,,,7,23,
Shasta Lake City,"Po Box 777, Shasta Lake, CA 96019",Shasta Lake WWTF,"3700 Tibbits Road, Shasta Lake, CA 96019",40.664722,-122.379444,Wastewater Treatment Facility,4952,Shasta,5R,"NPDMUNILRG, SLIC",Active,NPDES Permit,R5-2020-0058,5A450105001,CA0079511,12/22/2020,02/01/2021,,2026-01-31,1.3,Major,A,1,,,,8,93,
Burney WD,"20222 Hudson Street, Burney, CA 96013",Burney STP,"20222 Hudson Street, Burney, CA 96013",40.90354,-121.64292,Wastewater Treatment Facility,4952,Shasta,5R,WDRMUNILRG,Active,WDR,R5-2017-0050,5A450107001,,04/07/2017,04/07/2017,,2027-04-07,.44,,B,2,,,,0,0,
Fall River Mills CSD,"Po Box 427, Fall River Mills, CA 96028",Fall River Mills STP,"Reynolds Road, Fall River Mills, CA 96028",41.012142,-121.442797,Wastewater Treatment Facility,4952,Shasta,5R,"WDR, WDRMUNILRG, WDRMUNIOTH",Active,Enrollee - WDR,2014-0153-DWQ,5A450117001,,,12/05/2014,,2031-12-02,.076,,C,3,,,,0,0,
CA Dept of Trans D2,"1657 Riverside Drive, Redding, CA 96001",I-5 @ O'Brien SRRA,"1657 Riverside Drive, Redding, CA 96001",40.793694,-122.317717,Wastewater Treatment Facility,9621,Shasta,5R,WDRMUNIOTH,Active,Enrollee - WDR,97-010-DWQ,5A450805006,,,06/06/2014,,2024-06-03,0.01,,C,3,,,,0,0,
CA Dept of Trans D2,"1657 Riverside Drive, Redding, CA 96001",I-5 @ Lakehead SRRA,"southbound side of I-5, Lakehead-Lakeshore, CA 96051",40.91745,-122.39784,Wastewater Treatment Facility,9621,Shasta,5R,WDRMUNIOTH,Active,Enrollee - WDR,97-010-DWQ,5A450805007,,,06/06/2014,,2024-06-03,0.01,,C,3,,,,0,0,
Loyalton City,"210 Front Street, Loyalton, CA 96118",City of Loyalton and Grandi Ranch WWTF,"403 Poole Lane, Loyalton, CA 96118",39.668121,-120.254606,Wastewater Treatment Facility,4952,Sierra,5S,"WDR, WDRMUNILRG",Active,WDR,R5-2009-0108,5A460100001,,10/08/2009,10/08/2009,,2019-10-07,0.1825,,B,2,,,,0,0,
Dunsmuir City,"5915 Dunsmuir Avenue, Dunsmuir, CA 96025",Dunsmuir WWTP,"1100 South First Street, Dunsmuir, CA 96025",41.201809,-122.272443,Wastewater Treatment Facility,4952,Siskiyou,5R,"NPDESWW, NPDMUNIOTH",Active,NPDES Permit,R5-2024-0009,5A470101001,CA0078441,02/16/2024,04/01/2024,,2029-03-31,0.30,Minor,B,1,,,,4,102,
McCloud Community Services District,"Po Box 640, Mccloud, CA 96057",McCloud WWTF,"Squaw Valley Road, Mccloud, CA 96057",41.21955,-122.14451,Wastewater Treatment Facility,4952,Siskiyou,5R,WDRMUNILRG,Active,WDR,R5-2017-0078,5A470102002,,06/09/2017,06/09/2017,,2027-06-09,.3,,C,2,,,,0,0,
Mt Shasta City,"305 North Mt Shasta Boulevard, Mt Shasta, CA 96067",Mount Shasta WWTP,"2500 Grant Road, Mount Shasta, CA 96067",41.278084,-122.302111,Wastewater Treatment Facility,4952,Siskiyou,5R,NPDMUNIOTH,Active,NPDES Permit,R5-2023-0016,5A470105001,CA0078051,04/27/2023,06/01/2023,,2028-05-31,.8,Minor,B,1,,,,18,172,
Dixon City PWD,"600 East  A Street, Dixon, CA 95620",Dixon WWTF,"6915 Pedrick Road, Dixon, CA 95620",38.398092,-121.811078,Wastewater Treatment Facility,4952,Solano,SB,"SLIC, WDR, WDRMUNILRG",Active,Co-Permitee,2020-0015-DWQ,5A480101001,,,07/09/2020,,,,,,,,,,0,0,
Rio Vista City,"3000 Airport Road, Rio Vista, CA 94571",Beach WWTF,"1000 Beach Drive, Rio Vista, CA 94571",38.150105,-121.695111,Wastewater Treatment Facility,4952,Solano,5S,NPDMUNIOTH,Active,NPDES Permit,R5-2024-0054,5A480104001,CA0079588,10/18/2024,12/01/2024,,2029-11-30,0.65,Minor,B,2,,,,19,72,
Vacaville City DPW,"650 Merchant Street, Vacaville, CA 95688",Easterly WWTP,"6040 Vaca Station Road, Elmira, CA 95687",38.345504526656,-121.903859722691,Wastewater Treatment Facility,4952,Solano,5S,"NPDMUNILRG, SLIC",Active,NPDES Permit,R5-2025-0028,5A480105002,CA0077691,06/20/2025,08/01/2025,,2030-07-31,15,Major,A,1,,,,8,22,
Yolo Cnty Housing Authority,"147 West Main Street, Woodland, CA 95695",Dixon Migrant Center WWTF,"7290 Radio Station Road, Dixon, CA 95620",38.38732,-121.77781,Wastewater Treatment Facility,4952,Solano,5S,WDRMUNIOTH,Active,Enrollee - WDR,2014-0153-DWQ,5A480107001,,,04/17/2026,,,0.037,,B,3,,,,0,0,
Rio Vista City,"3000 Airport Road, Rio Vista, CA 94571",Northwest WWTF,"3000 Airport Road, Rio Vista, CA 94571",38.193879,-121.712801,Wastewater Treatment Facility,4952,Solano,5S,"NPDMUNILRG, NPDMUNIOTH, SLIC",Active,NPDES Permit,R5-2021-0004,5A480108001,CA0083771,02/18/2021,04/01/2021,,2026-03-31,3.0,"Major, Minor",B,2,,,,8,21,
Ca Dept of Forestry Suisun,"6246 Lambie Road, Suisun, CA 94585",Delta Conservation Camp,"6246 Lambie, Suisun City, CA 94585",38.220175,-121.849365,Wastewater Treatment Facility,4952,Solano,5S,WDRMUNIOTH,Active,Enrollee - WDR,2014-0153-DWQ,5A480800001,,,08/07/2017,,2029-09-23,0.012,,B,3,,,,0,0,
Vacaville City DPW,"650 Merchant Street, Vacaville, CA 95688",Gibson Canyon Creek WWTP,"7050 Leasure Town Road, Vacaville, CA 95688",38.351027,-121.993718,Wastewater Treatment Facility,4952,Solano,5S,"LNDISPOTH, NPDMUNIOTH",Active,WDR,R5-2004-0021,5A48SC00002,,02/05/2004,02/05/2004,,2019-02-05,,Minor,B,3,,,,0,0,
Live Oak City,"9955 Live Oak Boulevard, Live Oak, CA 95953",Live Oak City WWTP,"3450 Treatment Road, Live Oak, CA 95953",39.275407,-121.661039,Wastewater Treatment Facility,4952,Sutter,5S,"NPDMUNILRG, SLIC",Active,Enrollee - NPDES,R5-2023-0025,5A510100001,CAC444735,,09/01/2021,,2028-10-01,1.4,Major,B,1,,,,7,10,
Yuba City,"302 Burns Drive, Yuba City, CA 95991",Yuba City WWTF,"302 Burns Drive, Yuba City, CA 95991",39.10729,-121.61249,Wastewater Treatment Facility,4952,Sutter,5S,"NPDMUNILRG, SLIC",Active,NPDES Permit,R5-2024-0055,5A510101001,CA0079260,10/18/2024,01/01/2025,,2029-11-30,10.5,Major,A,1,,,,16,32,
Sutter Cnty DPW,"1130 Civic Center Boulevard, Yuba City, CA 95993",Rio Ramaza WW Disposal Ponds,"South end of Rio Ramaza Drive, Pleasant Grove, CA 95668",38.7414,-121.59509,Wastewater Treatment Facility,4952,Sutter,5S,"WDR, WDRMUNILRG",Active,WDR,88-012,5A510102002,,01/29/1988,01/29/1988,,2003-01-25,.168,,B,3,,,,0,0,
Sysco Food Services of Sacramento Inc,"7062 Pacifica Avenue, Pleasant Grove, CA 95668",SYSCO Food Services of Sacramento,"7062 Pacific Avenue, Pleasant Grove, CA 95688",38.77773,-121.52283,Wastewater Treatment Facility,5141,Sutter,5S,WDRMUNIOTH,Active,WDR,R5-2009-0062,5A51NC00005,,06/12/2009,06/12/2009,,2019-06-12,0.01,,B,2,,,,0,0,
Corning City,"794 3rd Street, Corning, CA 96021",City of Corning WWTP,"25010 Gardiner Ferry Road, Corning, CA 96021",39.914327,-122.12076,Wastewater Treatment Facility,4952,Tehama,5R,"NPDMUNILRG, SLIC",Active,NPDES Permit,R5-2022-0022,5A520100001,CA0004995,04/21/2022,06/01/2022,,2027-05-31,1.4,Major,A,1,,,,3,16,
Red Bluff City ,"555 Washington Street, Red Bluff, CA 96080",Red Bluff WW Reclamation Plant,"700 Messer Drive, Red Bluff, CA 96080",40.162944,-122.221228,Wastewater Treatment Facility,4952,Tehama,5R,"NPDESWW, NPDMUNILRG, SLIC",Active,NPDES Permit,R5-2023-0048,5A520101001,CA0078891,10/12/2023,12/01/2023,,2028-11-30,2.5,Major,A,1,,,,1,9,
Tehama  Co SD #1,"9380 San Benito Avenue, Gerber, CA 96035",Mineral WWTP,"37735 Hwy 36E, Mineral, CA 96063",40.34833,-121.62444,Wastewater Treatment Facility,4952,Tehama,5R,"NPDESWW, NPDMUNIOTH",Active,NPDES Permit,R5-2023-0040,5A520102001,CA0084069,08/10/2023,10/01/2023,,2027-09-30,.070,Minor,B,2,,,,0,0,
Rio Alto WD,"22099 River View Drive, Cottonwood, CA 96022",Lake California WWTP,"22099 River View Drive, Cottonwood, CA 96080",40.33475,-122.21147,Wastewater Treatment Facility,4952,Tehama,5R,"NPDMUNIOTH, WDRMUNILRG",Active,WDR,R5-2016-0033,5A520104001,,04/21/2016,04/21/2016,,2026-04-21,0.27,Minor,B,2,,,,0,0,
Gerber-Las Flores CSD,"331 San Benito Avenue, Gerber, CA 96035",Gerber STP,"Levee Road, Gerber, CA 96035",40.09035,-122.1729,Wastewater Treatment Facility,4952,Tehama,5R,WDRMUNILRG,Active,WDR,93-033,5A520105001,,02/26/1993,02/26/1993,,2029-05-15,.132,,B,2,,,,0,0,
Golden Meadows CSD,"22572 Fisher Road, Red Bluff, CA 96080",Golden Meadows STP (sand filter),"22572 Fisher Road, Red Bluff, CA 96080",40.215978,-122.192575,Wastewater Treatment Facility,4952,Tehama,5R,WDRMUNIOTH,Active,Enrollee - WDR,2014-0153-DWQ,5A520106001,,,08/11/2017,,2024-08-01,.006,,C,3,,,,0,0,
US Fish & Wildlife Service Red Bluff,"10950 Tyler Road, Red Bluff, CA 96080",Tehama-Colusa Canal Facility Sewage,"10950 Tyler Road, Red Bluff, CA 96080",40.114985,-122.16802,Wastewater Treatment Facility,9511,Tehama,5R,WDRMUNIOTH,Active,Enrollee - WDR,97-010-DWQ,5A520703001,,,06/06/2014,,2019-06-03,.0007,,C,3,,,,0,0,
Davis City,"23 Russell Boulevard, Davis, CA 95616",City of Davis WWTP,"45400 County Road 28H, Davis, CA 95776",38.59316,-121.67089,Wastewater Treatment Facility,4952,Yolo,5S,"NPDMUNILRG, SLIC",Active,NPDES Permit,R5-2025-0026,5A570100001,CA0079049,06/20/2025,08/01/2025,,2030-07-31,7.5,Major,A,1,,,,6,7,
Knights Landing Service Dist,"Po Box 548, Knights Landing, CA 95645",Knights Landing CSD WWTP,"1/2 M south of Cnty Rd 116, just east of Knights Landing, Knights Landing, CA 95645",38.78892,-121.71671,Wastewater Treatment Facility,4952,Yolo,5S,"WDR, WDRMUNILRG",Active,WDR,R5-2007-0149,5A570101001,,10/26/2007,10/26/2007,,2017-10-26,.105,,B,2,,,,0,0,
Madison Service District,"Po Box 40, Madison, CA 95653",Madison WWTF,"9 Hwy 16 & Co Rd 89, Madison, CA 95653",38.67975,-121.96276,Wastewater Treatment Facility,4952,Yolo,5S,"WDR, WDRMUNILRG",Active,WDR,5-00-039,5A570102001,,03/17/2000,03/17/2000,,2010-03-17,.141,,B,2,,,,0,0,
Winters City,"318 First Street, Winters, CA 95694",Winters WWTF,"201 East Street, Winters, CA 95694",38.54332,-121.9918,Wastewater Treatment Facility,4952,Yolo,5S,"WDR, WDRMUNILRG",Active,WDR,R5-2002-0136,5A570104001,,07/19/2002,07/19/2002,,2012-07-19,.8,,B,2,,,,0,0,
Woodland City,"655 North Pioneer Avenue, Woodland, CA 95776",Woodland Water Pollution Control Facility,"42929 County Road 24, Woodland, CA 95776",38.66169,-121.7136,Wastewater Treatment Facility,4952,Yolo,5S,"NPDMUNILRG, NPDNONMUNIPRCS, REC, SLIC",Active,NPDES Permit,R5-2026-0004,5A570105001,CA0077950,02/27/2026,04/01/2026,,2031-03-31,10.4,"Major, Minor",A,1,,,,13,19,
Esparto CSD,"Po Box 349, Esparto, CA 95627",Esparto CSD WWTF,"27228 Hwy 16, Esparto, CA 95627",38.68755,-122.00709,Wastewater Treatment Facility,4952,Yolo,5S,"WDR, WDRMUNILRG",Active,WDR,5-01-112,5A570108001,,05/11/2001,05/11/2001,,2011-05-11,.36,,B,2,,,,0,0,
Yolo Cnty Housing Authority,"147 West Main Street, Woodland, CA 95695",Davis Migrant Center WWTF,"31150 County Road 105, Davis, CA 95618",38.57392,-121.67519,Wastewater Treatment Facility,4952,Yolo,5S,"WDR, WDRMUNILRG",Active,WDR,2014-0153-DWQ,5A570112001,,10/25/2022,10/25/2022,,2037-10-25,0.034,,C,3,,,,0,0,
UC Davis,"One Shields Avenue, Davis, CA 95616",UC Davis Main WWTP,"561 Trotter Way, Davis, CA 95616",38.52227,-121.75569,Wastewater Treatment Facility,4952,Solano,5S,"NPDMUNILRG, SLIC",Active,NPDES Permit,R5-2021-0007,5A570800001,CA0077895,02/18/2021,04/01/2021,,2026-03-31,3.6,Major,A,1,,,,10,23,
California American Water Company Sacramento,"4701 Beloit Drive, Sacramento, CA 95838",Dunnigan WWTF,"5011 Road 7, Dunnigan, CA 95937",38.863889,-121.865278,Wastewater Treatment Facility,4952,Yolo,5S,WDRMUNILRG,Active,WDR,R5-2021-0045,5A571005001,,08/13/2021,08/13/2021,,2031-08-13,0.28,,B,2,,,,0,0,
Bill & Kathy's Inc,"Po Box 97, Dunnigan, CA 95937",Bill/Kathy's WWTF,"4070 Rd 89, Dunnigan, CA 95937",38.88187,-121.97078,Wastewater Treatment Facility,4952,Yolo,5S,"WDR, WDRMUNIOTH",Active,Enrollee - WDR,2014-0153-DWQ,5A571008001,,,04/10/2017,,2029-09-23,0.004,,B,3,,,,0,0,
Ankoor Financial/Kiran LLC,"Po Box 20836, San Jose, CA 95160",Motel 6 and Americas Best Value Inn Wastewater Treatment System,"County Rd 6 & County Rd 89, Dunnigan, CA 95737",38.88169,-121.97753,Wastewater Treatment Facility,7011,Yolo,5S,WDRMUNIOTH,Active,WDR,98-015,5A571010001,,01/23/1998,01/23/1998,,2024-02-07,.0065,,B,3,,,,0,0,
Yolo Cnty,"625 Court Street 202, Woodland, CA 95695",Wild Wings Water Recycling Facility,"State Hwy 16 & County Rd 94B, Woodland, CA 95695",38.67456,-121.88563,Wastewater Treatment Facility,4952,Yolo,5S,WDRMUNILRG,Active,WDR,R5-2002-0077,5A57NC00004,,04/26/2002,04/26/2002,,2012-04-26,.101,,B,2,,,,0,0,
Linda Cnty Water District,"1280 Scales Street, Marysville, CA 95901",Linda Cnty Water District WWTP,"909 Myrna Avenue, Marysville, CA 95901",39.0977967,-121.5844613,Wastewater Treatment Facility,4952,Yuba,5S,"NPDMUNILRG, SLIC",Active,NPDES Permit,R5-2022-0070,5A580100002,CA0079651,12/08/2022,02/01/2023,,2028-01-31,5.0,Major,A,2,,,,11,20,
Marysville City,"Po Box 150, Marysville, CA 95901",Marysville WWTP,"1 B122 Johnson Drive, Marysville, CA 95901",39.13541,-121.59346,Wastewater Treatment Facility,4952,Yuba,SB,"SLIC, WDR, WDRMUNILRG",Active,Co-Permitee,2020-0015-DWQ,5A580101001,,,07/09/2020,,,,,,,,,,0,0,
Olivehurst PUD,"Po Box 670, Olivehurst, CA 95961",Olivehurst WWTP,"3908 Mary Avenue, Olivehurst, CA 95961",39.06506,-121.55068,Wastewater Treatment Facility,4952,Yuba,5S,"NPDMUNILRG, SLIC",Active,NPDES Permit,R5-2021-0024,5A580102001,CA0077836,04/22/2021,06/01/2021,,2026-05-31,3.0,Major,A,2,,,,15,89,
Wheatland City,"313 Main Street, Wheatland, CA 95692",City of Wheatland WWTP,"800 Malone Avenue, Wheatland, CA 95692",38.99865,-121.41521,Wastewater Treatment Facility,4952,Yuba,5S,"WDR, WDRMUNILRG",Active,WDR,91-069,5A580103001,,02/22/1991,02/22/1991,,2001-02-19,.62,,B,2,,,,0,0,
River Highlands CSD,"915 Eighth Street 125, Marysville, CA 95901",Hammonton Gold Village WWTP,"8204 Platinum Circle, Smartsville, CA 95977",39.1945413,-121.3068047,Wastewater Treatment Facility,4952,Yuba,5S,NPDMUNIOTH,Active,NPDES Permit,R5-2022-0024,5A581007001,CA0081574,04/21/2022,06/01/2022,,2027-05-31,.026,Minor,C,2,,,,9,11,
Yuba Cnty Motorplex LLC,"Po Box 1387, Marysville, CA 95901",Yuba Cnty Motorplex WWTF,"2793 Forty Mile Road, Marysville, CA 95901",39.04263,-121.4925,Wastewater Treatment Facility,7948,Yuba,5S,WDRMUNILRG,Active,WDR,5-00-076,5A581009001,,03/17/2000,03/17/2000,,2010-03-17,.575,,B,2,,,,0,0,
US Air Force Beale Air Force Base CES/CEAN,"6601 B Street, Beale Afb, CA 95903-1708",Beale AFB WWTP,"6451 B, Beale Air Force Base, CA 95903",39.08873,-121.42396,Wastewater Treatment Facility,9711,Yuba,5S,"DODNPDESWW, NPDMUNILRG, WDRMUNILRG",Active,WDR,R5-2019-0086,5A58NC00037,,12/05/2019,12/05/2019,,2029-12-05,0.1,Major,B,2,,,,0,1,
Kirkwood Meadows PUD,"Po Box 247, Kirkwood, CA 95646",Kirkwood Meadows WWTF,"33540 Loop Road, Kirkwood, CA 95646",38.69093,-120.07189,Wastewater Treatment Facility,4952,Alpine,5S,"WDR, WDRMUNILRG",Active,WDR,R5-2007-0125,5B020101002,,09/14/2007,09/14/2007,,2017-09-14,0.19,,B,2,,,,0,0,
"Bear Valley Water District (Bear Valley, CA)","P.O. Box 5027, Bear Valley, CA 95223",Bear Valley WWTF,"441 Creekside Drive, Bear Valley, CA 95223",38.45584,-120.0362,Wastewater Treatment Facility,4952,Alpine,5S,"NPDMUNIOTH, WDR, WDRMUNILRG",Active,NPDES Permit,R5-2022-0037,5B02NP00001,CA0085146,06/10/2022,08/01/2022,,2027-07-31,0.5,Minor,A,2,,,,0,2,
Amador City,"Po Box 200, Amador City, CA 95601",Amador City WW Export System,"Off Hwy 49, W of Town, Amador City, CA 95222",38.4198333333,-120.829633333,Wastewater Treatment Facility,4952,Amador,5S,"WDR, WDRMUNIOTH",Active,WDR,R5-2002-0224,5B030100001,,12/06/2002,12/06/2002,,2012-12-06,.05,,B,2,,,,0,0,
Jackson Rancheria Development Corporation,"P O Box 1090, Jackson, CA 95642",Ione WWTF,"1600 West Marlette Street, Ione, CA 95640",38.35085,-120.95776,Wastewater Treatment Facility,4952,Amador,5S,WDRMUNILRG,Active,WDR,R5-2013-0022,5B030102001,,04/11/2013,04/11/2013,,2023-04-11,0.5,,B,2,,,,0,7,
Jackson City,"33 Broadway, Jackson, CA 95642",City of Jackson WWTP,"39 North Highway 49-88, Jackson, CA 95642",38.3442278,-120.784045,Wastewater Treatment Facility,4952,Amador,5S,NPDMUNIOTH,Active,Enrollee - NPDES,R5-2023-0025,5B030103001,CAC455508,,01/01/2024,,2029-12-31,0.71,Minor,A,1,,,,6,10,
Sutter Creek City,"18 Main Street, Sutter Creek, CA 95685",Sutter Creek WWTP,"18 Main Street, Sutter Creek, CA 95685",38.39478,-120.81578,Wastewater Treatment Facility,4952,Amador,5S,"WDR, WDRMUNILRG",Active,WDR,94-152,5B030104001,,05/20/1994,05/20/1994,,2004-05-20,.48,,B,2,,,,0,0,
Amador Water Agency,"12800 Ridge Road, Sutter Creek, CA 95685-9630",Plymouth WWTP,"7784 Old Sacramento Road, Plymouth, CA 95669",38.48185,-120.84466,Wastewater Treatment Facility,4952,Amador,5S,WDRMUNILRG,Active,WDR,R5-2011-0092,5B030106001,,12/01/2011,12/01/2011,,2021-12-01,.185,,B,2,,,,0,0,
East Bay MUD (EBMUD),"1804 West Main Street, Stockton, CA 95203",Pardee Reservoir Recreation Area,"4900 Stony Creek, Ione, CA 95640",38.29161,-120.8717,Wastewater Treatment Facility,4952,Amador,5S,"WDR, WDRMUNIOTH",Active,Enrollee - WDR,2014-0153-DWQ,5B031009001,,,08/22/2018,,2029-09-23,.0115,,C,3,,,,0,0,
Amador Water Agency,"12800 Ridge Road, Sutter Creek, CA 95685-9630",CSA 3-Lake Camanche WWTP,"2710 Curran Road, Ione, CA 95640",38.24955,-120.94998,Wastewater Treatment Facility,4952,Amador,5S,"REC, WDRMUNILRG",Active,WDR,5-01-033,5B031010001,,01/26/2001,01/26/2001,,2011-01-26,.281,,B,2,,,,0,0,
"PCMHC, LLC","42 Brennan Street, Watsonville, CA 95076",Pioneer Creek MH Community,"16565 Prospect Place, Pioneer, CA 95666",38.43186,-120.57187,Wastewater Treatment Facility,6515,Amador,5S,"WDRMUNIENROTH, WDRMUNIOTH",Active,Enrollee - WDR,2014-0153-DWQ,5B031015001,,,08/13/2021,,2029-09-23,0.007,,C,3,,,,0,0,
Amador Water Agency,"12800 Ridge Road, Sutter Creek, CA 95685-9630",Gayla Manor WWTP,"21530 Gayla Drive, Pine Grove, CA 95665",38.403755,-120.627291,Wastewater Treatment Facility,1531,Amador,5S,"WDR, WDRMUNIENROTH, WDRMUNIOTH",Active,Enrollee - WDR,97-010-DWQ,5B031025001,,,02/17/2011,,2016-02-16,0.0120,,B,3,,,,0,0,
Amador Water Agency,"12800 Ridge Road, Sutter Creek, CA 95685-9630",Mace Meadows Leachfield/Fairway Pines Leachfield,"Creekside, Pioneer, CA 95666",38.456986,-120.547962,Wastewater Treatment Facility,4952,Amador,5S,"WDR, WDRMUNIOTH",Active,WDR,R5-2003-0054,5B031026001,,04/25/2003,04/25/2003,,2021-12-05,.023,,C,2,,,,0,0,
Amador Water Agency,"12800 Ridge Road, Sutter Creek, CA 95685-9630",Wildwood Est Leachfield,"12970 Burnt Cedar, Pine Grove, CA 95665",38.394975,-120.635869,Wastewater Treatment Facility,4952,Amador,5S,WDRMUNIOTH,Active,WDR,R5-2002-0168,5B03NC00004,,09/06/2002,09/06/2002,,2017-09-06,.01,,C,3,,,,0,0,
East Bay MUD (EBMUD),"1804 West Main Street, Stockton, CA 95203",Camanche North Shore Recreation Area Water Treatment Plant Land Application,"2000 Camanche Road, Ione, CA 95640",38.23694,-120.94215,Wastewater Treatment Facility,4941,Amador,5S,WDRMUNIOTH,Active,WDR,R5-2012-0023,5B03NC00034,,03/30/2012,03/30/2012,,2027-03-30,0.01,,C,3,,,,0,0,
Ione City,"1 Main Street, Ione, CA 95640",Ione WWTF,"1600 West Marlette Street, Ione, CA 95640",38.35085,-120.95776,Wastewater Treatment Facility,4952,Amador,5S,"WDR, WDRMUNIENROTH, WDRMUNILRG",Active,Enrollee - WDR,2004-0012-DWQ,5B03NC00042,,,10/07/2013,,2018-10-06,,,C,3,,,,0,7,
Plymouth City,"Po Box 429, Plymouth, CA 95669",Plymouth WWTP,"7784 Old Sacramento Road, Plymouth, CA 95669",38.48185,-120.84466,Wastewater Treatment Facility,4952,Amador,5S,"REC, WDR, WDRMUNILRG",Active,Enrollee - WDR,2016-0068-DDW,5B03NC00048,,,03/09/2016,,2021-03-08,,,C,3,,,,0,0,
East Bay MUD (EBMUD),"1804 West Main Street, Stockton, CA 95203",Camanche North Shore WWTP,"2000 Camanche, Ione, CA 95640",38.239166,-120.954238,Wastewater Treatment Facility,4952,Amador,5S,"WDR, WDRMUNILRG, WDRMUNIOTH",Active,Enrollee - WDR,2014-0153-DWQ,5B03NC00053,,,06/12/2020,,2029-09-23,0.032,,C,3,,,,0,0,
Mokelumne Hill SD,"Po Box 209, Mokelumne Hill, CA 95245",Mokelumne Hill WWTF,"8970 Old Toll Road, Mokelumne Hill, CA 95245",38.30411,-120.71657,Wastewater Treatment Facility,4952,Calaveras,5S,"WDR, WDRMUNILRG",Active,WDR,91-098,5B050101001,,04/26/1991,04/26/1991,,2001-04-22,.15,,B,2,,,,0,0,
Murphys SD,"90 Big Trees Road B, Murphys, CA 95247",Murphys WWTF,"735 Six Mile Road, Murphys, CA 95247",38.12669,-120.4616,Wastewater Treatment Facility,4952,Calaveras,5S,"WDR, WDRMUNILRG",Active,WDR,5-00-264,5B050102001,,12/08/2000,12/08/2000,,2023-05-31,.45,,B,2,,,,0,0,
San Andreas SD,"P.O. Box 1630, San Andreas, CA 95249",San Andreas SD WWTP,"675 Gold Oak Road, San Andreas, CA 95249",38.210833,-120.705556,Wastewater Treatment Facility,4952,Calaveras,5S,"NPDMUNIOTH, SLIC",Active,NPDES Permit,R5-2024-0025,5B050103001,CA0079464,04/19/2024,06/01/2024,,2029-05-31,1.5,Minor,A,1,,,,4,7,
Valley Springs SD,"Po Box 284, Valley Springs, CA 95252",Valley Springs SD WWTF,"Hwy 12, E OF JNCT W/Hwy 26, Valley Springs, CA 95252",38.19159,-120.8291,Wastewater Treatment Facility,4952,Calaveras,5S,"WDR, WDRMUNIENROTH, WDRMUNIOTH",Active,Enrollee - WDR,2014-0153-DWQ,5B050104001,,,04/28/2023,,2029-09-23,0.0785,,C,3,,,,0,0,
Calaveras Cnty Water District,"Po Box 846, San Andreas, CA 95249",Copper Cove WWRF,"5130 Kiva Place, Copperopolis, CA 95228",37.908333,-120.623611,Wastewater Treatment Facility,4952,Calaveras,5S,"WDR, WDRMUNILRG",Active,WDR,R5-2010-0070,5B050105001,,05/27/2010,05/27/2010,,2020-05-27,.35,,B,2,,,,0,0,
Calaveras Cnty Water District,"Po Box 846, San Andreas, CA 95249",Big Trees County Houses WWTP,"Hoopa, Camp Connell, CA 95223",38.30331,-120.25827,Wastewater Treatment Facility,4952,Calaveras,5S,"WDR, WDRMUNIOTH",Active,WDR,94-357,5B050106001,,12/09/1994,12/09/1994,,2009-12-05,.007,,C,3,,,,0,0,
Calaveras Cnty Water District,"Po Box 846, San Andreas, CA 95249",Forest Meadows WWT & RP,"1040 Forest Meadows Drive, Murphys, CA 95247",38.16368,-120.41881,Wastewater Treatment Facility,4952,Calaveras,5S,"WDR, WDRMUNILRG",Active,WDR,5-00-066,5B050107004,,03/17/2000,03/17/2000,,2010-03-17,.19,,B,2,,,,0,0,
Calaveras Cnty Water District,"Po Box 846, San Andreas, CA 95249",Wallace Lake Estates WWTF,"100 South Wallace Lake Drive, Wallace, CA 95254",38.19467,-120.97253,Wastewater Treatment Facility,4952,Calaveras,5S,WDRMUNIOTH,Active,Enrollee - WDR,2014-0153-DWQ,5B050107007,,,06/14/2018,,2029-09-23,.02,,B,3,,,,0,0,
Calaveras Unified SD,"Po Box 788, San Andreas, CA 95249",Toyon Middle School,"3412 Double Springs Road, Valley Springs, CA 95252",38.21366,-120.75719,Wastewater Treatment Facility,8211,Calaveras,5S,"WDR, WDRMUNIENROTH, WDRMUNIOTH",Active,Enrollee - WDR,2014-0153-DWQ,5B050109001,,,06/12/2025,,,0.004,,C,3,,,,0,0,
Calaveras Cnty Water District,"Po Box 846, San Andreas, CA 95249",Douglas Flat/Vallecito WWTP,"1901 Holiday Mine Road off State Route 4, Douglas Flat, CA 95251",38.10828,-120.45809,Wastewater Treatment Facility,4952,Calaveras,5S,"WDR, WDRMUNIOTH",Active,WDR,R5-2013-0009,5B051003001,,02/01/2013,02/01/2013,,2028-01-30,.075,,B,3,,,,0,0,
Calaveras Cnty Water District,"Po Box 846, San Andreas, CA 95249",Indian Rock Vineyards Subdivision (IRVS) WWTF,"Pennsylvania Gulch, Murphys, CA 95247",38.126111,-120.436667,Wastewater Treatment Facility,4952,Calaveras,5S,WDRMUNIOTH,Active,Enrollee - WDR,2014-0153-DWQ,5B051003002,,09/06/2017,09/07/2017,,2029-09-23,.006,,C,3,,,,0,0,
Calaveras Cnty Water District,"Po Box 846, San Andreas, CA 95249",Southworth Ranch Estates WWTF,"7466 Leslie  Court, Valley Springs, CA 95254",38.16053,-120.948,Wastewater Treatment Facility,4952,Calaveras,5S,"WDRMUNIENROTH, WDRMUNIOTH",Active,Enrollee - WDR,2014-0153-DWQ,5B051003004,,,08/13/2021,,2029-09-23,0.016,,C,3,,,,0,0,
Calaveras Cnty Water District,"Po Box 846, San Andreas, CA 95249",Sequoia Woods/Mountain Retreat WWTF,"Cypress, Arnold, CA 95223",38.26519,-120.8366,Wastewater Treatment Facility,4952,Calaveras,5S,"WDR, WDRMUNIENROTH, WDRMUNIOTH",Active,Enrollee - WDR,2014-0153-DWQ,5B051004001,,,06/29/2020,,2029-09-23,,,C,3,,,,0,0,
Calaveras Cnty Water District,"Po Box 846, San Andreas, CA 95249",La Contenta WWT & RF,"1525 Campbell Court, Valley Springs, CA 95252",38.179325,-120.817575,Wastewater Treatment Facility,4952,Calaveras,5S,"WDR, WDRMUNIENROTH, WDRMUNILRG",Active,WDR,R5-2013-0133-01,5B051012001,,10/04/2013,10/04/2013,,2023-10-04,.2,,B,2,,,,0,0,
Rite of Passage,"10400 Fricot City Road, San Andreas, CA 95249",Sierra Ridge WWTP,"Fricot City Rd, Off Hwy 49, San Andreas, CA 95249",38.19603,-120.68049,Wastewater Treatment Facility,4952,Calaveras,5S,"WDR, WDRMUNILRG",Active,WDR,5-01-056,5B051013001,,03/16/2001,03/16/2001,,2011-03-16,.011,,B,2,,,,0,0,
East Bay MUD (EBMUD),"1804 West Main Street, Stockton, CA 95203",Camanche South Shore WWTP,"5908 Pattison, Wallace, CA 95254",38.2155,-120.92442,Wastewater Treatment Facility,4952,Calaveras,5S,"WDR, WDRMUNIOTH",Active,WDR,R5-2002-0070,5B051015002,,04/26/2002,04/26/2002,,2012-04-26,.045,,B,2,,,,0,0,
East Bay MUD (EBMUD),"1804 West Main Street, Stockton, CA 95203",EBMUD Pardee Center WWTF,"3535 Sanoretto Road, Valley Springs, CA 95252",38.24354,-120.84308,Wastewater Treatment Facility,4952,Calaveras,5S,"WDR, WDRMUNIOTH",Active,Enrollee - WDR,2014-0153-DWQ,5B051022001,,,04/06/2018,,2029-09-23,.002,,B,3,,,,0,0,
US Army Corps of Engineers,"2713 Hogan Dam Road, Valley Springs, CA 95252",New Hogan Lake Recreational Areas,"2713 Hogan Dam Road, Valley Springs, CA 95252",38.139575,-120.810524,Wastewater Treatment Facility,4952,Calaveras,5S,WDRMUNIOTH,Active,Enrollee - WDR,2014-0153-DWQ,5B051027001,,,12/12/2022,,2029-09-23,.02,,C,3,,,,0,0,
Calaveras Cnty Water District,"Po Box 846, San Andreas, CA 95249",Wilseyville WWTP,"4027 Railroad Flat Road, Wilseyville, CA 95257",38.37459,-120.50968,Wastewater Treatment Facility,4952,Calaveras,5S,"WDR, WDRMUNIOTH",Active,Enrollee - WDR,2014-0153-DWQ,5B052000001,,,10/06/2018,,2029-09-23,.009,,B,3,,,,0,0,
USDI Bureau of Reclamation Sonora,"6850 Studhorse Flat Road, Sonora, CA 95370",New Melones Lake Glory Hole Recreation Area,"Whittle Rd & Hwy 49, Angels Camp, CA 95222",38.04594,-120.52594,Wastewater Treatment Facility,7033,Calaveras,5S,WDRMUNIOTH,Active,Enrollee - WDR,2014-0153-DWQ,5B05NC00004,,,12/12/2018,,2029-09-23,0.040,,C,3,,,,0,0,
Calaveras Cnty Water District,"Po Box 846, San Andreas, CA 95249",Arnold WWTP,"3294 Hwy 4, Arnold, CA 95223",38.22533,-120.36967,Wastewater Treatment Facility,4952,Calaveras,5S,"WDR, WDRMUNILRG",Active,Enrollee - WDR,2014-0153-DWQ,5B05NC00022,,,01/20/2016,,2021-01-19,0.1,,B,3,,,,0,0,
Calaveras Cnty Water District,"Po Box 846, San Andreas, CA 95249",West Point WWTF,"Hwy 26 @ Sandy Gulch Rd, Wilseyville, CA 95255",38.378917,-120.529699,Wastewater Treatment Facility,4952,Calaveras,5S,WDRMUNIOTH,Active,Enrollee - WDR,2014-0153-DWQ,5B05NC00025,,,06/18/2020,,2029-09-23,0.017,,C,3,,,,0,0,
Calaveras Cnty Water District,"Po Box 846, San Andreas, CA 95249",Copper Cove WWRF,"5130 Kiva Place, Copperopolis, CA 95228",37.92487,-120.635969,Wastewater Treatment Facility,4952,Calaveras,5S,NPDMUNIOTH,Active,NPDES Permit,R5-2023-0013,5B05NP00001,CA0084620,04/27/2023,06/01/2023,,2028-05-31,.95,Minor,B,2,,,,1,7,
Amador Water Agency,"12800 Ridge Road, Sutter Creek, CA 95685-9630",Pine Grove Community Leachfield System,"12800 Ridge Road, Sutter Creek, CA 95685",38.41141,-120.667305,Wastewater Treatment Facility,4952,Amador,5S,"WDR, WDRMUNIOTH",Active,WDR,R5-2009-0003,5B05NP00005,,02/05/2009,02/05/2009,,2019-02-05,.0287,,C,2,,,,0,0,
Angels City,"Po Box 667, Angels, CA 95370",Angels City WWTP,"3000 Centennial Road, Angels Camp, CA 95222",38.058126,-120.541998,Wastewater Treatment Facility,4952,Calaveras,5S,"NPDMUNIOTH, WDR, WDRMUNILRG",Active,NPDES Permit,R5-2022-0038,5B05NP00007,CA0085201,06/10/2022,08/01/2022,,2027-07-31,0.6,Minor,B,3,,,,3,14,
Calaveras Cnty Water District,"Po Box 846, San Andreas, CA 95249",Forest Meadows WWRP,"1040 Forest Meadows Drive, Murphys, CA 95247",38.16368,-120.41881,Wastewater Treatment Facility,4952,Calaveras,5S,NPDMUNIOTH,Active,NPDES Permit,R5-2024-0067,5B05NP00014,CA0085278,12/13/2024,02/01/2025,,2030-01-31,0.19,Minor,C,2,,,,0,0,
Brentwood City,"2251 Elkins Way, Brentwood, CA 94513",Brentwood WWTP,"2251 Elkins Way, Brentwood, CA 94513",37.95792,-121.68634,Wastewater Treatment Facility,4952,Contra Costa,5S,"NPDMUNILRG, REC, SLIC",Active,NPDES Permit,R5-2024-0020,5B070101001,CA0082660,04/19/2024,06/01/2024,,2029-05-31,5,Major,B,2,,,,10,42,
Byron Sanitary District,"7995 Bruns Avenue, Byron, CA 94514",Byron Sanitary District WWTF,"4200 Camino Diablo Road, Byron, CA 94514",37.86694,-121.61733,Wastewater Treatment Facility,4952,Contra Costa,5S,"WDR, WDRMUNILRG",Active,WDR,R5-2009-0002,5B070102002,,02/05/2009,02/05/2009,,2019-02-05,0.1,,B,2,,,,0,0,
Town of Discovery Bay CSD,"1800 Willow Lake Road, Discovery Bay, CA 94505",Discovery Bay WWTP,"Ship Channel Rd, North of Highway 4 and West of Old River, Discovery Bay, CA 94514",37.8145,-121.6169,Wastewater Treatment Facility,4952,Contra Costa,5S,"NPDMUNILRG, SLIC",Active,NPDES Permit,R5-2024-0068,5B070105003,CA0078590,12/13/2024,02/01/2025,,2030-01-31,2.35,Major,A,2,,,,7,25,
Ironhouse Sanitary District,"450 Walnut Meadows Drive, Oakley, CA 94561",Ironhouse WWTF,"450 Walnut Meadows Drive, Oakley, CA 94561",38.00115,-121.7023,Wastewater Treatment Facility,4952,Contra Costa,5S,"NPDMUNILRG, REC, SLIC, WDR, WDRMUNILRG",Active,NPDES Permit,R5-2024-0038,5B07NP00013,CA0085260,06/21/2024,08/01/2024,,2029-07-31,4.3,Major,A,1,,,,3,10,
El Dorado Irrigation District,"2890 Mosquito Road, Placerville, CA 95667-4700",Deer Creek WWTP,"1565 Deer Creek Road, Cameron Park, CA 95682",38.62947,-120.98715,Wastewater Treatment Facility,4952,El Dorado,5S,"NPDMUNILRG, SLIC",Active,Enrollee - NPDES,R5-2023-0025,5B090102001,CAC433255,08/23/2024,10/01/2024,,2029-09-30,3.6,Major,A,1,,,,5,7,
El Dorado Irrigation District,"2890 Mosquito Road, Placerville, CA 95667-4700",El Dorado Hills WWTP,"4625 Latrobe Road, El Dorado Hills, CA 95762",38.63735,-121.06022,Wastewater Treatment Facility,4952,El Dorado,SB,"NPDMUNILRG, SLIC",Active,Co-Permitee,2020-0015-DWQ,5B090102005,,,07/09/2020,,,,Major,,,,,,1,2,
El Dorado Cnty Env Mgmt Dept,"2850 Fairlane Court C, Placerville, CA 95667",Union Mine Disposal Site,"5700 Union Mine Road, El Dorado, CA 95623",38.64276,-120.831,Wastewater Treatment Facility,4953,El Dorado,5S,WDRMUNIOTH,Active,WDR,R5-2006-0019-001,5B09NC00006,,01/26/2006,01/26/2006,,,.020,,B,2,,,,0,0,
County of Fresno,"2220 Tulare Street 6th Floor, Fresno, CA 93721",Fresno Cnty Juvenile Justice WWTF,"3333 American Avenue, Fresno, CA 93725",36.65705556,-119.7313889,Wastewater Treatment Facility,4952,Fresno,5F,WDRMUNILRG,Active,WDR,R5-2007-0150,5B10NC00011,,10/26/2007,10/26/2007,,2012-10-26,0.12,,A,2,,,,1,155,
Fresno County Waterworks District No. 18,"P O Box 846, Friant, CA 93626-0092",Mira Bella WWTF,"Tract 4321, Friant, CA 93626",36.98948,-119.69746,Wastewater Treatment Facility,4952,Fresno,5F,WDRMUNIOTH,Active,Enrollee - WDR,2014-0153-DWQ,5B10NC00014,,,11/22/2022,,2029-09-23,0.0174,,C,2,,,,0,0,
Fresno County Water Works District No. 18,"17836 Friant Road, Friant, CA 93626",Friant Ranch WWTF,"15755 North Friant Road, Friant, CA 93626",36.96814,-119.72973,Wastewater Treatment Facility,4952,Fresno,5F,WDRMUNILRG,Active,WDR,R5-2013-0160,5B10NC00059,,12/06/2013,12/06/2013,,2023-12-06,0.4,,B,3,,,,0,0,
Root Creek Water District,"39639 Avenue 10, Madera, CA 93638",Riverstone WWTF,"Road 40, north of Avenue 10, Madera, CA 93638",36.90594,-119.82253,Wastewater Treatment Facility,4952,Madera,5F,WDRMUNIOTH,Active,WDR,R5-2015-0018,5B10NC00072,,04/16/2015,04/16/2015,,2025-04-16,0.3,,B,2,,,,0,0,
"Richard Loughead, Jr","Po Box 3151, Shell Beach, CA 93448",The Preserve at Millerton Lake,"17206 Road 206, Madera, CA 93626",37.0092,-119.728,Wastewater Treatment Facility,4952(+),Madera,5F,WDRMUNIOTH,Active,Enrollee - WDR,2014-0153-DWQ,5B20NC00059,,,08/27/2019,,2029-09-23,0.047,,B,2,,,,0,0,
Tesoro Viejo Master Mutual Water Company,"7020 North Van Ness Boulevard, Fresno, CA 93711",Tesoro Viejo WWTP,"NW Corner Avenue 14 and Espienada, Madera, CA 93636",36.95449,-119.78866,Wastewater Treatment Facility,9511,Madera,SB,"SLIC, WDRMUNILRG",Active,Co-Permitee,2020-0015-DWQ,5B20NC00105,,,07/09/2020,,,,,,,,,,0,6,
Madera County Public Works Department - Special Districts,"200 West 4th Street, Madera, CA 93637",Madera Cnty #19-Parkwood WWTF,"Georgia Avenue and Watt Street, Madera, CA 93637",36.931183,-120.050997,Wastewater Treatment Facility,6552,Madera,5F,"WDRMUNILRG, WDRMUNIOTH",Active,Enrollee - WDR,2014-0153-DWQ,5B20NC00127,,,08/08/2024,,2029-09-23,0.09,,B,2,,,,0,0,
Planada CSD,"Po Box 905, Planada, CA 95365",Planada WWTF,"8597 East Toews, Planada, CA 95365",37.27692,-120.33191,Wastewater Treatment Facility,4952,Merced,5F,"NPDMUNIOTH, WDRMUNILRG",Active,WDR,R5-2013-0021,5B24NC00303,,04/11/2013,04/11/2013,,2023-04-11,0.58,Minor,B,2,,,,0,6,
Atwater City,"750 Bellevue Road, Atwater, CA 95301",Atwater Regional WWTF,"530 South Bert Crane Road, Atwater, CA 95340",37.276,-120.63126,Wastewater Treatment Facility,,Merced,SB,"NPDMUNILRG, SLIC, WDRNONMUNIPRCS",Active,Co-Permitee,2020-0015-DWQ,5B24NP00017,,,07/09/2020,,,,Major,,,39018,,,0,7,
Galt City,"495 Industrial Drive, Galt, CA 95632-2039",Galt WWTP & Reclamation Facility,"10059 Twin Cities Road, Galt, CA 95632",38.29794,-121.32752,Wastewater Treatment Facility,4952(+),Sacramento,5S,"NPDMUNILRG, SLIC, WDRMUNILRG",Active,Enrollee - NPDES,R5-2023-0025,5B340101001,CAC443249,07/01/2021,07/01/2021,,2028-10-01,4.5,Major,A,1,,,,11,33,
Isleton City,"210 Jackson Boulevard, Isleton, CA 95641",Isleton WWTP,"210 Jackson Boulevard, Isleton, CA 95641",38.15911,-121.58991,Wastewater Treatment Facility,4952,Sacramento,5S,"WDR, WDRMUNILRG",Active,WDR,90-186,5B340103001,,06/22/1990,06/22/1990,,2000-06-19,.43,,B,2,,,,1,1,
Rancho Murieta CSD,"Po Box 1050, Rancho Murieta, CA 95683",Rancho Murieta CSD WWT & Rec,"15160 Jackson Road, Rancho Murieta, CA 95683",38.490532,-121.088797,Wastewater Treatment Facility,4952,Sacramento,5S,"REC, WDRMUNILRG",Active,WDR,R5-2014-0149,5B340109001,,12/04/2014,12/04/2014,,2024-12-04,2.4,,B,2,,,,1,1,
Ca Dept of Corrections & Rehabilitation,"9838 Old Placerville Road B, Sacramento, CA 95827",Deuel Vocational Institution,"23500 Kasson Road, Tracy, CA 95304",37.750556,-121.326389,Wastewater Treatment Facility,4952(+),San Joaquin,5S,"NPDMUNIOTH, NPDNONMUNIPRCS, UST",Active,Enrollee - NPDES,R5-2022-0006-03,5B390100001,CAG995002,,02/24/2025,,2027-03-31,0.06,Minor,C,3,,,,3,12,
Escalon City,"2060 Mchenry Avenue, Escalon, CA 95320",Escalon Treatment Plant,"25100 West River Road, Escalon, CA 95320",37.75659,-121.00295,Wastewater Treatment Facility,4952,San Joaquin,SB,"SLIC, WDR, WDRMUNILRG",Active,Co-Permitee,2020-0015-DWQ,5B390101001,,,07/09/2020,,,,,,,,,,0,0,
Lockeford CSD,"Po Box Z, Lockeford, CA 95237-0809",Lockeford CSD WWTP,"17725 North Tully Road, Lockeford, CA 95237",38.14495,-121.13579,Wastewater Treatment Facility,4952,San Joaquin,5S,"WDR, WDRMUNILRG",Active,WDR,R5-2007-0179,5B390102002,,12/06/2007,12/06/2007,,2017-12-06,.3,,B,2,,,,0,0,
Lodi City,"221 West Pine Street, Lodi, CA 95240",White Slough Water Pollution Control Facility,"12751 North Thornton Road, Lodi, CA 95242",38.094431,-121.381226,Wastewater Treatment Facility,1799,San Joaquin,5S,"NPDMUNILRG, SLIC, WDRMUNILRG, WDRNONMUNIPRCS",Active,WDR,R5-2025-0046,5B390103002,,08/22/2025,08/22/2025,,2035-08-22,8.5,Major,B,2,,,,19,101,
Manteca City,"1001 West Center Street, Manteca, CA 95337",City of Manteca WW Quality Control Facility,"2450 West Yosemite Avenue, Manteca, CA 95337",37.79559,-121.26001,Wastewater Treatment Facility,4952,San Joaquin,5S,"NPDMUNILRG, SLIC, WDRMUNILRG",Active,NPDES Permit,R5-2021-0003,5B390104001,CA0081558,02/18/2021,04/01/2021,,2026-03-31,9.87,Major,A,1,,,,8,25,
Ripon City,"259 North Wilma Avenue, Ripon, CA 95366",Ripon Industrial & Domestic TP,"1220 Vera Avenue, Ripon, CA 95366",37.72919,-121.132976,Wastewater Treatment Facility,4952,San Joaquin,SB,"SLIC, WDR, WDRMUNILRG",Active,Co-Permitee,2020-0015-DWQ,5B390105001,,,07/09/2020,,,,,,,,,,0,0,
CA Department of Housing and Community Development,"2020 West El Camino Avenue 500, Sacramento, CA 95833",Harney Lane Migrant Center,"14320 East Harney Lane, Lodi, CA 95240",38.102254,-121.141207,Wastewater Treatment Facility,6514,San Joaquin,5S,WDRMUNIOTH,Active,WDR,95-176,5B390106002,,06/23/1995,06/23/1995,,2005-06-19,.04,,B,2,,,,0,0,
Stockton City,"2500 Navy Drive, Stockton, CA 95206",Wastewater Recovery Center,"2500 Navy Drive, Stockton, CA 95206",37.936547,-121.329178,Wastewater Treatment Facility,4952(+),San Joaquin,5S,"NPDMUNILRG, SLIC",Active,NPDES Permit,R5-2025-0027,5B390107001,CA0079138,06/20/2025,08/01/2025,,2030-07-31,55,Major,A,1,,,,20,140,
Tracy City,"3900 Holly Drive, Tracy, CA 95304",Tracy WWTP,"3900 Holly Drive, Tracy, CA 95304",37.76519,-121.42489,Wastewater Treatment Facility,4952,San Joaquin,5S,"NPDMUNILRG, SLIC, WDRMUNILRG, WDRNONMUNIPRCS",Active,NPDES Permit,R5-2022-0073,5B390108001,CA0079154,12/09/2022,02/01/2023,,2028-01-31,10.80,Major,A,1,,,,12,39,
Woodbridge Sanitary District,"19720 Benedict Drive, Woodbridge, CA 95258",Woodbridge SD-Sewage Treatment,"19720 Benedict Drive, Woodbridge, CA 95258",38.16545,-121.31718,Wastewater Treatment Facility,4952,San Joaquin,5S,"WDR, WDRMUNILRG",Active,WDR,93-213,5B390109001,,10/22/1993,10/22/1993,,2003-10-20,.5,,B,2,,,,0,0,
Linden Cnty Water District,"Po Box 595, Linden, CA 95236",Linden Co Water Dist WWTF,"18243 Hwy 26, Linden, CA 95236",38.01942,-121.06468,Wastewater Treatment Facility,4952,San Joaquin,5S,"WDR, WDRMUNIOTH",Active,WDR,89-177,5B390111001,,09/22/1989,09/22/1989,,1999-09-18,.22,,B,2,,,,0,0,
San Joaquin Cnty Housing Authority,"Po Box 447, Stockton, CA 95201",Thornton Farm Labor Camp,"26188 North Manor Drive, Thornton, CA 95686",38.21928,-121.42736,Wastewater Treatment Facility,6514,San Joaquin,5S,"WDR, WDRMUNILRG",Active,WDR,94-101,5B390112001,,04/22/1994,04/22/1994,,2004-09-13,.115,,B,2,,,,0,0,
"US Dept of Defense, Defense Logistics Agency","Po Box 960001, Stockton, CA 95296-0250","DDJC, Tracy - WWTP, Stormwater","25600 North Chrisman Road, Tracy, CA 95304",37.7221,-121.39726,Wastewater Treatment Facility,9711,San Joaquin,5S,WDRMUNILRG,Active,WDR,96-122,5B390701004,,05/03/1996,05/03/1996,,2011-05-02,.5,,B,3,,,,0,0,
San Joaquin Cnty,"Po Box 1810, Stockton, CA 95201",CSA 15 - STP,"4327 Waterloo Road, Stockton, CA 95215",37.99875,-121.25142,Wastewater Treatment Facility,4952,San Joaquin,5S,"WDR, WDRMUNILRG",Active,WDR,94-264,5B391008002,,09/16/1994,09/16/1994,,2004-09-13,.125,,B,2,,,,0,0,
Oakwood Lake Water District,"Po Box 240, Salida, CA 95368",Oakwood Lake WWTF,"874 East Woodward Avenue, Manteca, CA 95337",37.775257,-121.28854,Wastewater Treatment Facility,4952,San Joaquin,5S,WDRMUNIOTH,Active,WDR,R5-2006-0114-002,5B391070001,,10/26/2006,10/26/2006,,2026-10-26,.015,,B,2,,,,0,0,
Mountain House City,"251 East Main Street, Mountain House, CA 95391",Mountain House WWTP,"251 East Mountain House Road, Mountain House, CA 95391",37.785348,-121.51968,Wastewater Treatment Facility,4952,San Joaquin,5S,NPDMUNILRG,Active,NPDES Permit,R5-2023-0033,5B391078003,CA0084271,06/22/2023,08/01/2023,,2028-07-31,3.0,Major,A,1,,,,11,84,
San Joaquin Cnty,"Po Box 1810, Stockton, CA 95201",CSA 44-Zone G (Linne),"7701 West Bates Road, Tracy, CA 95304",37.70561,-121.40077,Wastewater Treatment Facility,4952,San Joaquin,5S,WDRMUNIOTH,Active,Enrollee - WDR,2014-0153-DWQ,5B39NC00035,,,05/03/2018,,2029-09-23,,,B,2,,,,0,0,
Leprino Foods Company,"Po Box 173400, Denver, CO 80217-2200",Tracy WWTP,"3900 Holly Drive, Tracy, CA 95304",37.76519,-121.42489,Wastewater Treatment Facility,4952,San Joaquin,5S,WDRMUNILRG,Active,WDR,R5-2007-0038,5B39NC00164,,05/04/2007,05/04/2007,,2012-05-04,16,,A,1,,,,12,39,
Lathrop City,"390 Towne Centre Drive, Lathrop, CA 95330",City of Lathrop Consolidated Treatment Facility,"18800 Christopher Way, Lathrop, CA 95330",37.79504,-121.28658,Wastewater Treatment Facility,4952,San Joaquin,5S,"NPDMUNILRG, REC, SLIC, WDRMUNILRG",Active,NPDES Permit,R5-2022-0004,5B39NP00085,CA0085359,02/17/2022,04/01/2022,,2027-03-31,2.5,Major,A,1,,,,8,41,
Patterson City,"33 South Del Puerto Avenue, Patterson, CA 95363",City of Patterson WQCF,"14901 Poplar Avenue, Patterson, CA 95363",37.49636,-121.09183,Wastewater Treatment Facility,4952,Stanislaus,SB,"NPDMUNILRG, SLIC, WDRMUNILRG",Active,Co-Permitee,2020-0015-DWQ,5B50NC00002,,,07/09/2020,,,,Major,,,,,,2,3,
Modesto City,"Po Box 642, Modesto, CA 95353",North Valley Regional Recycled Water Program - Modesto WWTP & Turlock RWQCF,"1221 Sutter Avenue, Modesto, CA 95351",37.61373,-121.01177,Wastewater Treatment Facility,4952,Stanislaus,5S,NPDMUNILRG,Active,NPDES Permit,R5-2022-0034,5B50NP00031,CA0085316,06/10/2022,08/01/2022,,2027-07-31,20,Major,A,1,,,,13,61,
San Francisco City & County,"Po Box 160, Moccasin, CA 95347-0160",Early Intake Wastewater System,"Cherry Oil, Groveland, CA 95321",37.96604,-119.92504,Wastewater Treatment Facility,4952,Tuolumne,5F,WDRMUNIOTH,Active,WDR,01-274,5B55NC00003,,12/07/2001,12/07/2001,,2011-12-07,.005,,C,2,,,,0,0,
Tuolumne Utilities District,"Po Box 372844, Sonora, CA 95370",Twain Harte WWTP,"22363 Longeway Road, Twain Harte, CA 95370",38.030985,-120.256779,Wastewater Treatment Facility,4952,Tuolumne,5F,WDRMUNILRG,Active,WDR,86-021,5B55NC00004,,01/24/1986,01/24/1986,,2001-01-24,.5,,B,3,,,,0,0,
San Francisco City & County,"Po Box 160, Moccasin, CA 95347-0160",Camp Mather,"35250 Mather Road, Groveland, CA 95321",37.88242,-119.85573,Wastewater Treatment Facility,703,Tuolumne,5F,WDRMUNIOTH,Active,Enrollee - WDR,2014-0153-DWQ,5B55NC00011,,,08/19/2019,,2033-08-19,.02,,C,3,,,,0,0,
Firebaugh City,"1575 Eleventh Street, Firebaugh, CA 93622",Firebaugh WWTF,"8000 Helm Canal Road, Firebaugh, CA 93622",36.839007,-120.437363,Wastewater Treatment Facility,4952,Fresno,5F,WDRMUNILRG,Active,WDR,98-230,5C100103001,,12/11/1998,12/11/1998,,2008-12-08,.5,,A,2,,,,1,46,
County of Fresno,"2220 Tulare Street 6th Floor, Fresno, CA 93721",Fresno Cnty #38-Sky Harbour WWTF,"Sky Harbor, Friant, CA 93626",37.03561111,-119.6515556,Wastewater Treatment Facility,4952,Fresno,5F,"WDRMUNIENROTH, WDRMUNIOTH",Active,Enrollee - WDR,97-010-DWQ,5C100106001,,,09/04/2014,,2029-09-04,0.095,,B,3,,,,0,0,
County of Fresno,"2220 Tulare Street 6th Floor, Fresno, CA 93721",Fresno Cnty #41-Shaver Lake WWTF,"Solitude, Shaver Lake, CA 93664",37.08325,-119.3446389,Wastewater Treatment Facility,4952,Fresno,5F,WDRMUNILRG,Active,WDR,95-264,5C100106002,,12/08/1995,12/08/1995,,2005-12-05,1.46,,A,2,,,,2,1,
County of Fresno,"2220 Tulare Street 6th Floor, Fresno, CA 93721",Fresno Cnty #34-Millerton New Town WWTF,"Brighton Crest, Friant, CA 93626",36.97347222,-119.6657222,Wastewater Treatment Facility,4952,Fresno,5F,WDRMUNILRG,Active,WDR,R5-2008-0127,5C100106003,,07/31/2008,07/31/2008,,2018-07-31,.709,,B,2,,,,0,0,
County of Fresno,"2220 Tulare Street 6th Floor, Fresno, CA 93721",Fresno Cnty #31B-Shaver Lake WWTF,"39360 Solitude Lane, Shaver Lake, CA 93664",37.08325,-119.3446389,Wastewater Treatment Facility,4952,Fresno,5F,WDRMUNILRG,Active,WDR,95-263,5C100106004,,12/08/1995,12/08/1995,,2005-12-05,.23,,A,2,,,,1,1,
Ca Dept of Parks & Rec Sacramento,"Po Box 942896, Sacramento, CA 95814",Millerton Lake State Rec Area,"5290 Millerton Road, Friant, CA 93626",36.98595,-119.69037,Wastewater Treatment Facility,7999,Fresno,5F,WDRMUNIOTH,Active,Enrollee - WDR,2014-0153-DWQ,5C100800001,,,03/26/2019,,2029-09-23,0.00283,,C,3,,,,0,0,
Sierra Unified School District,"31975 Lodge Road, Auberry, CA 93602",Sierra High School WWTF,"33326 Lodge, Tollhouse, CA 93667",37.03762,-119.45378,Wastewater Treatment Facility,4952(+),Fresno,5F,WDRMUNIOTH,Active,Enrollee - WDR,2014-0153-DWQ,5C101003001,,,08/28/2019,,2029-09-23,.020,,B,3,,,,1,7,
Huntington Pines Mutual Water Company,"125 East Barstow Avenue 109, Fresno, CA 93710",Huntington Pines Mutual Water Company,"62640 Old College Lane, Lakeshore, CA 93664",37.25302,-119.16708,Wastewater Treatment Facility,6552,Fresno,5F,WDRMUNIOTH,Active,WDR,86-133,5C101005001,,06/27/1986,06/27/1986,,2001-06-24,.044,,B,3,,,,1,65,
County of Fresno,"2220 Tulare Street 6th Floor, Fresno, CA 93721",Fresno Cnty #1-Tamarack Estates WWTF,"Big Creek, CA 93605",37.19918,-119.20104,Wastewater Treatment Facility,6552,Fresno,5F,"WDRMUNIENROTH, WDRMUNIOTH",Active,Enrollee - WDR,97-010-DWQ,5C101012001,,,01/05/2012,,2027-01-05,.0075,,B,3,,,,0,0,
"3441 South Willow Investments, LP","4595 West Jacquelyn Avenue, Fresno, CA 93722",Canyon Fork WWTF,"Auberry & Morgan Canyon Rds, Prather, CA 93602",37.08078,-119.48541,Wastewater Treatment Facility,5812,Fresno,5F,WDRMUNIOTH,Active,WDR,95-165,5C101016001,,06/23/1995,06/23/1995,,2005-06-20,.06,,A,2,,,,0,82,
County of Fresno,"2220 Tulare Street 6th Floor, Fresno, CA 93721",Fresno Cnty #44A-Millerton Lake MHV WWTF,"Southwest corner of Parker St and Countryside Ln, Friant, CA 93626",36.982595,-119.71424,Wastewater Treatment Facility,6515,Fresno,5F,WDRMUNIOTH,Active,Enrollee - WDR,2014-0153-DWQ,5C101017001,,,09/02/2021,,2029-09-23,.0225,,C,3,,,,0,0,
Sierra Unified School District,"31975 Lodge Road, Auberry, CA 93602",Foothill Elementary School WWTF,"Auberry, Prather, CA 93611",37.03695,-119.51967,Wastewater Treatment Facility,4952(+),Fresno,5F,WDRMUNIOTH,Active,Enrollee - WDR,2014-0153-DWQ,5C101109001,,,07/03/2020,,2029-09-23,0.015,,B,2,,,,0,0,
Southern California Edison,"2244 Walnut Grove Avenue, Rosemead, CA 91770",Big Creek Powerhouse No 1 WWTF,"Spruce Avenue, Big Creek, CA 93605",37.202222,-119.243889,Wastewater Treatment Facility,4952,Fresno,5F,"NPDMUNIOTH, WDRMUNIENROTH",Active,Enrollee - WDR,2014-0153-DWQ,5C102009001,CA0079545,,07/06/2015,,2020-07-06,.023,Minor,C,3,,,,0,0,
Ca Dept of Mental Health,"1600 9th Street 250, Sacramento, CA 95814",Coalinga State Hospital WWTF,"West Jayne Avenue, Coalinga, CA 93210",36.13729,-120.23248,Wastewater Treatment Facility,8063(+),Fresno,5F,WDRMUNILRG,Active,WDR,R5-2013-0055,5C10NC00045,,05/31/2013,05/31/2013,,2023-05-31,0.4,,B,2,,,,1,72,
Reedley City,"845 G Street, Reedley, CA 93654",Reedley WWTF,"1701 West Huntsman, Reedley, CA 93654",36.58189,-119.46542,Wastewater Treatment Facility,4952,Fresno,SB,"NPDMUNILRG, SLIC, WDRMUNILRG",Active,Co-Permitee,2020-0015-DWQ,5C10NC00167,,,07/09/2020,,,,Major,,,,,,0,24,
"Family Ranch, Inc.","Po Box 880, Huron, CA 93234","Family Ranch, Inc.","15015 West Jayne Avenue, Huron, CA 93234",36.13789,-120.07538,Wastewater Treatment Facility,4952,Fresno,5F,WDRMUNIOTH,Active,Enrollee - WDR,2014-0153-DWQ,5C10NC00192,,,04/27/2015,,2025-04-27,.00216,,C,3,,,,0,0,
Greek Orthodox Monestery of the Theotokos,"Po Box 549, Dunlap, CA 93621","Greek Orthodox Monestery of the Theotokos, The Life Giving Spring","38532 Dunlap Road, Dunlap, CA 93675",36.7421,-119.13418,Wastewater Treatment Facility,,Fresno,5F,WDRMUNIOTH,Active,Enrollee - WDR,2014-0153-DWQ,5C10NC00195,,,06/19/2015,,2025-06-19,.009,,C,3,,,,0,0,
Pilot Travel Centers LLC,"5508 Lonas Road, Knoxville, TN 37909",EZ Trip 1277,"44779 South Lassen Avenue, Avenal, CA",36.07474,-120.10347,Wastewater Treatment Facility,,Fresno,5F,WDRMUNIOTH,Active,Enrollee - WDR,2014-0153-DWQ,5C10NC00203,,03/09/2018,03/09/2018,,2033-03-09,0.015,,C,3,,,,0,0,
Clovis City,"908 Villa Avenue, Clovis, CA 93612",Clovis WWTF,"9700 East Ashlan Avenue, Clovis, CA 93619",36.79481,-119.61455,Wastewater Treatment Facility,,Fresno,5F,"NPDMUNILRG, SLIC",Active,NPDES Permit,R5-2024-0036,5C10NP00012,CA0085235,06/21/2024,08/01/2024,,2029-07-31,2.8,Major,B,2,,,,2,37,
Ca Dept of Corrections & Rehabilitation,"9838 Old Placerville Road B, Sacramento, CA 95827",Kern Valley State Prison WWTF,"3000 West Cecil Avenue, Delano, CA 93215",35.76656,-119.31754,Wastewater Treatment Facility,4952(+),Kern,5F,WDRMUNILRG,Active,WDR,R5-2007-0090,5C15NC00056,,06/22/2007,06/22/2007,,2017-06-22,0.77,,A,2,,,,0,1,
North of River SD #1,"5001 Olive Drive, Bakersfield, CA 93308",North of River WWTF,"28970 7th Standard Road, Shafter, CA 93264",35.452888,-119.345684,Wastewater Treatment Facility,4952,Kern,SB,"SLIC, WDRMUNILRG",Active,Co-Permitee,2020-0015-DWQ,5C15NC00090,,,07/09/2020,,,,,,,,,,0,0,
Taft City,"Po Box 413, Taft, CA 93268",Taft WWTF,"Airport, Taft, CA 93268",35.15011,-119.42701,Wastewater Treatment Facility,4952,Kern,SB,"NPDESWW, NPDMUNIOTH, SLIC, WDRMUNILRG",Active,Co-Permitee,2020-0015-DWQ,5C15NC00095,,,07/09/2020,,,,Minor,,,,,,0,70,
Tejon Castac Water District,,Tejon Industrial Complex East WWTF,"Near Wheeler Ridge road and 1st Street, Lebec, CA 93243",34.84164,-118.86482,Wastewater Treatment Facility,4952,Kern,5F,WDRMUNILRG,Active,WDR,R5-2011-0066,5C15NC00128,,10/13/2011,10/13/2011,,2021-10-13,0.2,,B,2,,,,0,0,
CA Dept of Trans D6 Fresno,"2015 East Shields Avenue 100, Fresno, CA 93726-5428",Buttonwillow Safety Roadside Rest Area,"Interstate 5, Post Mile R54.1, Buttonwillow, CA 93206",35.41857,-119.42225,Wastewater Treatment Facility,4952,Kern,5F,WDRMUNIOTH,Active,Enrollee - WDR,2014-0153-DWQ,5C15NC00218,,,08/28/2017,,2032-08-30,.005,,C,3,,,,0,0,
Tejon Castac Water District,,Tejon Mountain Village,"1401 Crane Canyon, Lebec, CA 93243",34.82881,-118.8565,Wastewater Treatment Facility,,Kern,5F,WDRMUNILRG,Active,WDR,R5-2019-0085,5C15NC00247,,12/06/2019,12/06/2019,,2029-12-06,,,B,2,,,,0,0,
Bear Valley CSD,"28999 South Lower Valley Road, Tehachapi, CA 93561",Bear Valley CSD WWTF,"29951 North Lower Valley Road, Tehachapi, CA 93561",35.16531,-118.6662,Wastewater Treatment Facility,4952,Kern,5F,"NPDMUNIOTH, WDRMUNILRG",Active,WDR,R5-2024-0005,5C15NC00279,,02/16/2024,02/16/2024,,2034-02-16,0.25,Minor,B,2,,,,0,32,
Chowchilla City,"130 South 2nd Street, Chowchilla, CA 93610",Chowchilla WWTF,"Ave 24 1/2 & Rd 16, Chowchilla, CA 93610",37.10552,-120.25674,Wastewater Treatment Facility,4952,Madera,SB,"SLIC, WDRMUNILRG",Active,Co-Permitee,2020-0015-DWQ,5C200100001,,,07/09/2020,,,,,,,,,,0,12,
Madera City,"205 West 4th Street, Madera, CA 93637",Madera WWTF,"13048 Road 21 1/2, Madera, CA 93637",36.93969,-120.15693,Wastewater Treatment Facility,4952,Madera,5F,"SLIC, WDRMUNILRG",Active,WDR,R5-2022-0074,5C200101001,,12/08/2022,12/08/2022,,2032-12-08,7.0,,B,2,,,,1,82,
Madera County Public Works Department - Special Districts,"200 West 4th Street, Madera, CA 93637",Madera Cnty #2-Bass Lake WWTF,"40601 Road 274, Bass Lake, CA 93604",37.338596,-119.581827,Wastewater Treatment Facility,4952,Madera,SB,"SLIC, WDRMUNILRG",Active,Co-Permitee,2020-0015-DWQ,5C200102001,,,07/09/2020,,,,,,,,,,1,48,
Madera County Public Works Department - Special Districts,"200 West 4th Street, Madera, CA 93637",Madera Cnty #6-Lake Shore Park WWTF,"Co Rd 274, Bass Lake, CA 93604",37.31275,-119.538067,Wastewater Treatment Facility,6552,Madera,5F,"WDRMUNIENROTH, WDRMUNIOTH",Active,Enrollee - WDR,97-010-DWQ,5C200102002,,,05/27/2014,,2029-05-27,0.025,,B,3,,,,0,0,
Madera County Public Works Department - Special Districts,"200 West 4th Street, Madera, CA 93637",Madera Cnty #27-Goldside Estates WWTF,"46036 Beechwood Drive, Oakhurst, CA 93644",37.33596,-119.70742,Wastewater Treatment Facility,6552,Madera,5F,WDRMUNIOTH,Active,WDR,97-133,5C200102003,,06/20/1997,06/20/1997,,2007-06-18,.085,,B,2,,,,1,244,
Madera County Public Works Department - Special Districts,"200 West 4th Street, Madera, CA 93637",Madera Cnty #8A-North Fork WWTF,"Ridge Road, North Fork, CA 93643",37.227067,-119.507364,Wastewater Treatment Facility,4952,Madera,5F,WDRMUNIOTH,Active,WDR,94-353,5C200102004,,12/09/1994,12/09/1994,,2004-12-06,.038,,B,2,,,,0,0,
Madera County Public Works Department - Special Districts,"200 West 4th Street, Madera, CA 93637",Madera Cnty #22A-Oakhurst WWTF,"48382 Black Oak River Road, Oakhurst, CA 93644",37.3284,-119.66704,Wastewater Treatment Facility,4952,Madera,5F,"NPDMUNIOTH, WDRMUNILRG",Active,WDR,97-015,5C200102006,,01/24/1997,01/24/1997,,2007-01-24,.25,Minor,A,2,,,,2,143,
Madera County Public Works Department - Special Districts,"200 West 4th Street, Madera, CA 93637",Madera Cnty #24 Teaford Meadow Lakes WWTF,"Malum Ridge Road, Bass Lake, CA 93604",37.295637,-119.524754,Wastewater Treatment Facility,6552,Madera,5F,"WDRMUNIENROTH, WDRMUNIOTH",Active,Enrollee - WDR,2014-0153-DWQ,5C200102007,,,11/13/2023,,2029-09-23,0.022,,C,3,,,,0,0,
Madera County Public Works Department - Special Districts,"200 West 4th Street, Madera, CA 93637",Madera Cnty #7-Marina View Heights WWTF,"Co Rd 274, Bass Lake, CA 93604",37.295967,-119.524614,Wastewater Treatment Facility,6552,Madera,5F,"WDRMUNIENROTH, WDRMUNIOTH",Active,Enrollee - WDR,2014-0153-DWQ,5C200102009,,,03/13/2024,,2029-09-23,0.03,,B,2,,,,0,0,
Madera County Public Works Department - Special Districts,"200 West 4th Street, Madera, CA 93637",Madera Cnty #37-La Vina WWTF,"Avenue 9 and Road 23 1/2, Madera, CA 93637",36.879944,-120.118793,Wastewater Treatment Facility,4952,Madera,5F,WDRMUNIOTH,Active,WDR,2014-0153-DWQ-R5348,5C200102010,,10/21/2020,10/21/2020,,2035-10-21,0.086,,C,3,,,,0,0,
Madera County Public Works Department - Special Districts,"200 West 4th Street, Madera, CA 93637",Madera Cnty #14-Chukchansi WWTF,"Rd 28 1/2 and Western Way, Madera, CA 93638",37.03137,-120.03605,Wastewater Treatment Facility,4952,Madera,5F,WDRMUNIOTH,Active,Enrollee - WDR,2014-0153-DWQ,5C200103001,,,11/13/2019,,2029-09-23,.031,,C,2,,,,0,5,
USDI National Park Service Devils Postpile,"Po Box 3999, Mammoth Lakes, CA 93546",USDI NPD Devils Postpile Facilities,"351 Pacu Lane 200, Mammoth Lakes, CA 93546",37.63,-119.08352,Wastewater Treatment Facility,4959,Madera,5F,WDRMUNIOTH,Active,WDR,73-189,5C200700001,,04/27/1973,04/27/1973,,1988-04-23,.033,,C,3,,,,0,0,
US Army Corps of Engineers Raymond,"Po Box 85, Raymond, CA 93653",Hensley Lake,"25207 Rd 407, Raymond, CA 93653",37.11521,-119.89489,Wastewater Treatment Facility,7032,Madera,5F,WDRMUNIOTH,Active,Enrollee - WDR,2014-0153-DWQ,5C200701001,,,06/17/2021,,2029-09-23,0.008,,C,3,,,,0,0,
Golden Valley USD,"37479 Avenue 12, Madera, CA 93638",Liberty High School WWTF,"Ave 12 and Rd 36, Madera, CA 93638",36.92521,-119.90063,Wastewater Treatment Facility,4952(+),Madera,5F,WDRMUNIOTH,Active,WDR,01-090,5C200702001,,04/27/2001,04/27/2001,,2016-04-27,.02,,C,3,,,,0,0,
Ca Dept of Corrections Chowchilla,"Po Box 1501, Chowchilla, CA 93610",CDC CCWF & VSP WWTF,"23370 Road 22, Chowchilla, CA 93610",37.09036,-120.14971,Wastewater Treatment Facility,4952(+),Madera,5F,WDRMUNILRG,Active,WDR,93-235,5C200800001,,12/03/1993,12/03/1993,,2003-12-01,1.454,,A,2,,,,0,12,
Madera County Public Works Department - Special Districts,"200 West 4th Street, Madera, CA 93637",Madera Cnty #28 Ripperdan WWTF,"North of Hwy 145 and Avenue 7, Ripperdan, CA 93637",36.853973,-120.056534,Wastewater Treatment Facility,4952,Madera,5F,"WDRMUNIENROTH, WDRMUNIOTH",Active,Enrollee - WDR,2014-0153-DWQ,5C201005001,,,08/09/2024,,2029-09-23,.0075,,B,3,,,,0,6,
Yosemite Lakes Park Inc,"30250 Yosemite Springs Parkway, Coarsegold, CA 93614",Yosemite Lakes Clubhouse Facility,"30250 Yosemite Springs, Coarsegold, CA 93614",37.187758,-119.766794,Wastewater Treatment Facility,6552,Madera,5F,WDRMUNIOTH,Active,WDR,85-114,5C201007001,,05/31/1985,05/31/1985,,1995-05-29,.009,,B,2,,,,0,0,
Sugar Pine Christian Camps,"48478 Mill Canyon Road, Oakhurst, CA 93644",Camp Sugar Pine,"48478 Mill Canyon, Oakhurst, CA 93644",37.45175,-119.63714,Wastewater Treatment Facility,7032,Madera,5F,WDRMUNIOTH,Active,Enrollee - WDR,2014-0153-DWQ,5C201008001,,,07/16/2020,,2029-09-23,.03,,C,3,,,,0,8,
Protestant Episcopal Bishop of San Joaquin,"43803 Hwy 41, Oakhurst, CA 93644","Diocese of San Joaquin, Episcopal Conference Center Oakhurst (ECCO)","43803 Hwy 41, Oakhurst, CA 93644",37.33122,-119.65169,Wastewater Treatment Facility,4952(+),Madera,5F,WDRMUNIOTH,Active,Enrollee - WDR,2014-0153-DWQ,5C201011001,,,07/18/2018,,2033-07-18,.02,,C,3,,,,0,0,
"Hovannisian, John","27009 South Mooney Boulevard, Visalia, CA 93277",North Fork Mill Housing Facility,"North Fork, CA 93643",37.23101,-119.49523,Wastewater Treatment Facility,6514,Madera,5F,WDRMUNIOTH,Active,WDR,90-051,5C201016001,,02/23/1990,02/23/1990,,2000-02-21,.03,,B,2,,,,1,1,
Madera County Service Area # 22C Zone of Benefit C,,Gunner Ranch Water Reclamation Plant,"39522 Ave 9, Madera, CA 93636",36.87468,-119.81741,Wastewater Treatment Facility,4952,Madera,5F,WDRMUNILRG,Active,WDR,R5-2019-0084,5C201026001,,12/05/2019,12/05/2019,,2029-12-05,0.25,,B,2,,,,0,0,
"GCP Oak Creek, LLC","27777 Franklin Road 200, Southfield, MI 48034",Oak Creek MHP WWTF,"46041 Road 415, Coarsegold, CA 93614",37.26534,-119.70752,Wastewater Treatment Facility,6515,Madera,5F,WDRMUNIOTH,Active,WDR,97-197,5C201031001,,09/19/1997,09/19/1997,,2007-09-19,.035,,B,2,,,,1,54,
Merced Irrigation District,,BARRET COVE Recreation Area,"3100 Barrett Cove Road, La Grange, CA 95329",37.64532,-120.29537,Wastewater Treatment Facility,7999,Mariposa,5F,"WDRMUNIENROTH, WDRMUNIOTH",Active,Enrollee - WDR,97-010-DWQ,5C220100001,,,01/10/2014,,2029-01-10,.76,,B,3,,,,0,0,
Merced Irrigation District,,McClure Pt Rec Area,"9090 Lake Mcclure Road, Snelling, CA 95369",37.5252,-120.322,Wastewater Treatment Facility,7999,Merced,5F,"WDRMUNIENROTH, WDRMUNIOTH",Active,Enrollee - WDR,97-010-DWQ,5C220100002,,,01/10/2014,,2029-01-10,.52,,B,3,,,,0,0,
Merced Irrigation District,,McSwain Rec Area WWTF,"9090 Lake McClure Road, Snelling, CA 95369",37.522547,-120.300564,Wastewater Treatment Facility,7999,Mariposa,5F,"WDRMUNIENROTH, WDRMUNILRG",Active,Enrollee - WDR,97-010-DWQ,5C220100003,,,01/10/2014,,2029-01-10,.15,,B,3,,,,0,0,
Merced Irrigation District,,Horseshoe Bend REC Area,"4244 Highway 132, Coulterville, CA 95311",37.7069,-120.23821,Wastewater Treatment Facility,7999,Mariposa,5F,"WDRMUNIENROTH, WDRMUNIOTH",Active,Enrollee - WDR,97-010-DWQ,5C220100004,,,01/10/2014,,2029-01-10,.4,,B,3,,,,0,0,
Mariposa Cnty DPW,"4639 Ben Hur Road, Mariposa, CA 95338",Coulterville WWTF,"10113 Old Highway 49, Coulterville, CA 95311",37.69202,-120.19462,Wastewater Treatment Facility,6552,Mariposa,5F,WDRMUNIOTH,Active,Enrollee - WDR,2014-0153-DWQ,5C220101001,,,03/16/2023,,2029-09-23,0.02,,C,2,,,,1,1,
USDI National Park Service Yosemite National Park,"Po Box 700, El Portal, CA 95318",Glacier Point WWTF,"Glacier Point, Yosemite National Park, CA 95389",37.73042,-119.57365,Wastewater Treatment Facility,4952(+),Mariposa,5F,WDRMUNIOTH,Active,WDR,2014-0153-DWQ-R5349,5C220701001,,11/06/2020,02/18/2021,,2035-11-06,0.015,,C,3,,,,0,0,
USDI National Park Service Yosemite National Park,"Po Box 700, El Portal, CA 95318",El Portal WWTF,"5083 Foresta Road BLDG 750, El Portal, CA 95318",37.66838,-119.81175,Wastewater Treatment Facility,4952,Mariposa,5F,"NPDMUNILRG, NPDNONMUNIPRCS, SLIC",Active,Enrollee - NPDES,R5-2022-0006-03,5C220701002,CA0081759,,02/13/2026,,2031-02-13,0.45,"Major, Minor",C,3,,,,2,116,
USDI National Park Service Yosemite National Park,"Po Box 700, El Portal, CA 95318",Badger Pass WWTF,"Badger, Yosemite Natl Park, CA 95389",37.66576,-119.65461,Wastewater Treatment Facility,4952(+),Mariposa,5F,"WDRMUNIENROTH, WDRMUNIOTH",Active,Enrollee - WDR,97-010-DWQ,5C220701003,,05/24/2011,05/24/2011,,2026-05-24,.0045,,C,3,,,,0,0,
USDI National Park Service Yosemite National Park,"Po Box 700, El Portal, CA 95318",Wawona WWTF,"4004 Chilnualna Falls Road, Yosemite National Park, CA 95389",37.54332,-119.6517,Wastewater Treatment Facility,4952,Mariposa,5F,"NPDMUNIOTH, WDRMUNIOTH",Active,Enrollee - WDR,2014-0153-DWQ,5C220701004,CAG995002,,08/31/2018,,2029-09-23,0.1,Minor,C,3,,,,0,0,
CA Dept of Forestry & Fire Protection,"P.O. Box 944246, Sacramento, CA 94244-2460",Mount Bullion Conservation Camp,"5730 Mt. Bullion Road, Mariposa, CA 95338",37.54135,-120.03533,Wastewater Treatment Facility,4952,Mariposa,5F,WDRMUNIOTH,Active,Enrollee - WDR,2014-0153-DWQ,5C220800001,,,08/14/2018,,2029-09-23,.017,,C,3,,,,0,0,
Mariposa Cnty DPW,"4639 Ben Hur Road, Mariposa, CA 95338",Yosemite West MD WWTF,"7168 Yosemite Park Way, Yosemite, CA 95389",37.65637,-119.72624,Wastewater Treatment Facility,4952,Mariposa,5F,WDRMUNILRG,Active,WDR,99-004,5C221002001,,04/30/1999,04/30/1999,,2009-04-27,.1,,B,2,,,,0,0,
Mariposa Cnty DPW,"4639 Ben Hur Road, Mariposa, CA 95338",Don Pedro Sewer Zone 1,"2237 Ranchito Drive, La Grange, CA 95329",37.63008,-120.36428,Wastewater Treatment Facility,6552,Mariposa,5F,WDRMUNIOTH,Active,WDR,R5-2013-0062,5C221003001,,05/31/2013,05/31/2013,,2023-05-31,.08,,B,2,,,,0,5,
"Baer, William","3460 Highway 132, Coulterville, CA 95311",Black Oak General Store,"3460 Hwy 132, Coulterville, CA 95311",37.71022,-120.31481,Wastewater Treatment Facility,5399,Mariposa,5F,"WDRMUNIENROTH, WDRMUNIOTH",Active,Enrollee - WDR,97-010-DWQ,5C221004001,,10/06/2010,10/06/2010,,2025-10-10,.002,,C,3,,,,0,0,
AC Yosemite,"740 State Street 3rd Floor, Santa Barbara, CA 93103",Yosemite-Mariposa KOA WWTF,"6323 Hwy 140, Midpines, CA 95338",37.54343,-119.9231,Wastewater Treatment Facility,7033,Mariposa,5F,WDRMUNIOTH,Active,Enrollee - WDR,2014-0153-DWQ,5C221006001,,,06/19/2018,,2029-09-23,0.011,,C,3,,,,0,5,
Mariposa Cnty DPW,"4639 Ben Hur Road, Mariposa, CA 95338",Mariposa Pines WWTF,"Mariposa, CA 95338",37.46221,-119.94741,Wastewater Treatment Facility,6552,Mariposa,5F,WDRMUNIOTH,Active,Enrollee - WDR,2014-0153-DWQ,5C221007001,,,02/18/2021,,2029-09-23,0.0044,,B,3,,,,0,0,
"McClure Boat Club, Inc","9885 Boat Club Drive, Snelling, CA 95369",McClure Lake Boat Club Trailer Park,"9885 Boat Club, Snelling, CA 95369",37.62121,-120.27941,Wastewater Treatment Facility,7997,Mariposa,5F,"WDRMUNIENROTH, WDRMUNIOTH",Active,Enrollee - WDR,97-010-DWQ,5C221010001,,,07/01/2011,,2026-07-01,.02,,B,3,,,,0,0,
"Schwenne, Michael & Monica","9599 Boat Club Drive, Snelling, CA 95369",Golden Hills Mobile Home Park,"10265 Piney Creek Road, Coulterville, CA 95311",37.690137,-120.316413,Wastewater Treatment Facility,6515,Mariposa,5F,WDRMUNIOTH,Active,Enrollee - WDR,2014-0153-DWQ,5C221011001,,,04/06/2018,,2029-09-23,.002,,C,3,,,,1,8,
Mariposa PUD,"Po Box 494, Mariposa, CA 95338",Mariposa WWTP,"4956 Miller Road, Mariposa, CA 95338",37.479169,-119.959518,Wastewater Treatment Facility,4952,Mariposa,5F,NPDMUNIOTH,Active,Enrollee - NPDES,R5-2023-0025,5C221012001,CAC441902,,04/01/2021,,2028-10-01,.61,Minor,B,2,,,,3,11,
DNC Parks & Resorts at Tenya Inc,"40 Fountain Plaza, Buffalo, NY 14202",Tenaya Lodge WWTP,"1122 Hwy 41, Fish Camp, CA 93623",37.47817,-119.63914,Wastewater Treatment Facility,4952,Mariposa,5F,"WDRMUNILRG, WDRMUNIOTH",Active,Enrollee - WDR,2014-0153-DWQ,5C221018001,,,08/09/2017,,2027-08-09,.078,,B,2,,,,0,34,
Yosemite Motels General Partnership,"Po Box 1989, Mariposa, CA 95338",Cedar Lodge WWTF,"9966 Hwy 140, El Portal, CA 95318",37.66033,-119.85218,Wastewater Treatment Facility,7011,Mariposa,5F,WDRMUNIOTH,Active,WDR,98-069,5C221019001,,04/17/1998,04/17/1998,,2008-04-14,.05,,B,2,,,,0,64,
"Palm Springs Village - 309, LLC","2292 Daimler Street, Santa Ana, CA 92705","Palm Springs Village-309, LLC Silvertip Resort Village WWTF","Hwy 41 and Fish Camp Lane, Fish Camp, CA 92623",37.480482,-119.638592,Wastewater Treatment Facility,7011,Mariposa,5F,WDRMUNIOTH,Active,WDR,R5-2007-0140,5C221022001,,10/26/2007,10/26/2007,,2017-10-26,0.074,,B,3,,,,0,0,
Delhi CWD,"Po Box 639, Delhi, CA 95315",Delhi WWTF,"8668 Pinewood Street, Delhi, CA 95315",37.4148,-120.75625,Wastewater Treatment Facility,4952,Merced,5F,WDRMUNILRG,Active,WDR,R5-2015-0053,5C240101001,,04/17/2015,04/17/2015,,2025-04-17,0.8,,A,2,,,,0,0,
Dos Palos City,"2174 Blossom Street, Dos Palos, CA 93620",Dos Palos WWTF,"Swift Avenue, Dos Palos, CA 93620",36.98841,-120.6829,Wastewater Treatment Facility,4952,Merced,5F,"NPDESWW, WDRMUNILRG",Active,WDR,92-094,5C240102001,,05/29/1992,05/29/1992,,2002-05-28,.54,Minor,A,2,,,,0,33,
Gustine City,"682 Third Avenue, Gustine, CA 95322-0016",Gustine WWTF,"26501 Carnation Road, Gustine, CA 95322",37.25295,-120.96484,Wastewater Treatment Facility,4952,Merced,SB,"NPDMUNILRG, SLIC, WDRMUNILRG",Active,Co-Permitee,2020-0015-DWQ,5C240103002,,,07/09/2020,,,,Major,,,,,,1,175,
Hilmar CWD,"Po Box 446, Hilmar, CA 95324",Hilmar CWD WWTF,"Nr Griffith & Williams, Hilmar, CA 95324",37.38664,-120.81392,Wastewater Treatment Facility,4952,Merced,5F,WDRMUNILRG,Active,WDR,99-077,5C240104002,,06/11/1999,06/11/1999,,2009-06-08,.3,,B,2,,,,0,129,
Le Grand CSD,"13039 Jefferson Street, Le Grand, CA 95333",Le Grand WWTF,"5529 McKee Street, Le Grand, CA 95333",37.207015,-120.253036,Wastewater Treatment Facility,4952,Merced,5F,WDRMUNILRG,Active,WDR,97-053,5C240105001,,03/28/1997,03/28/1997,,2007-03-26,.35,,B,2,,,,0,0,
Livingston City,"1416 C Street, Livingston, CA 95334",Livingston Domestic WWTF,"7160 North Gallo Road, Livingston, CA 95334",37.3931511,-120.7536461,Wastewater Treatment Facility,4952,Merced,SB,"SLIC, WDRMUNILRG",Active,Co-Permitee,2020-0015-DWQ,5C240106002,,,07/09/2020,,,,,,,,,,1,16,
Los Banos City,"520 J Street, Los Banos, CA 93635",Los Banos WWTF,"17963 West Henry Miller Avenue, Los Banos, CA 93635",37.085219,-120.814612,Wastewater Treatment Facility,4952,Merced,5F,"SLIC, WDRMUNILRG",Active,WDR,R5-2021-0026,5C240107001,,04/22/2021,04/22/2021,,2031-04-22,4.9,,B,2,,,,1,14,
Merced City,"678 West 18th Street, Merced, CA 95340",Merced WWTF,"10260 Gove Road, Merced, CA 95340",37.25455,-120.52594,Wastewater Treatment Facility,4952,Merced,5F,"NPDMUNILRG, SLIC",Active,NPDES Permit,R5-2026-0005,5C240108001,CA0079219,02/27/2026,04/01/2026,,2031-03-31,12,Major,A,2,,,,4,40,
Franklin CWD,"2126 North Drake Avenue, Merced, CA 95348",Franklin WWTF,"2126 North Drake Avenue, Merced, CA 95348",37.31903,-120.52354,Wastewater Treatment Facility,4952,Merced,5F,WDRMUNILRG,Active,WDR,89-171,5C240109001,,09/22/1989,09/22/1989,,1999-09-20,.4,,A,2,,,,1,22,
Merced Cnty Correction Facility,"715 Martin Luther King Jr Way, Merced, CA 95340",Sandy Mush WWTF,"2584 West Sandy Mush Road, CA 95341",37.190224761749,-120.535279909673,Wastewater Treatment Facility,4952(+),Merced,5F,WDRMUNIOTH,Active,WDR,90-014,5C240109003,,01/26/1990,01/26/1990,,2000-01-24,.05,,C,2,,,,0,0,
Snelling CSD,"Po Box 323, Snelling, CA 95369",Snelling WWTF,"Hwy 59, Snelling, CA 95369",37.520705,-120.4466835,Wastewater Treatment Facility,4952,Merced,5F,WDRMUNILRG,Active,WDR,85-155,5C240111001,,06/28/1985,06/28/1985,,1995-06-26,.3,,B,2,,,,0,0,
Santa Nella CWD,"12931 South Hwy 33, Santa Nella, CA 95322",Santa Nella WWTF,"29300 Bayview Road, Santa Nella, CA 95322",37.10061,-121.02239,Wastewater Treatment Facility,4952,Merced,5F,WDRMUNILRG,Active,WDR,88-104,5C240113001,,06/24/1988,06/24/1988,,1998-06-22,.45,,B,2,,,,0,1,
Housing Authority Cnty of Merced,"405 U Street, Merced, CA 95340",Housing Authority Cnty of Merced - Los Banos,"18926 West Henry Miller Road, Los Banos, CA 93635",37.09967,-120.83346,Wastewater Treatment Facility,4952,Merced,5F,"WDRMUNIENROTH, WDRMUNIOTH",Active,Enrollee - WDR,2014-0153-DWQ,5C240114001,,,05/10/2019,,2034-05-10,0.02,,C,3,,,,0,0,
San Luis Water District,"1015 Sixth Street, Los Banos, CA 93635",San Luis Hills WWTF,"28793 Gonzanga Rd, Santa Nella, CA 93635",37.055327,-121.012368,Wastewater Treatment Facility,4952,Merced,5F,WDRMUNIOTH,Active,WDR,93-031,5C240116001,,02/26/1993,02/26/1993,,2003-02-24,.052,,B,2,,,,0,14,
Ca Dept of Water Resources Santa Nella,"31770 West Highway152, Santa Nella, CA 95322",Gianelli (San Luis) Pump-Generate Plant WWTF,"31770 Gonzaga  Road, Gustine, CA 95322",37.06683,-121.07627,Wastewater Treatment Facility,4952(+),Merced,5F,"WDRMUNIENROTH, WDRMUNIOTH",Active,Enrollee - WDR,97-010-DWQ,5C240701001,,,09/30/2011,,2026-09-30,.004,,C,3,,,,0,0,
Ca Dept of Parks & Rec Gustine,"31426 Gonzaga Road, Gustine, CA 95322",San Luis State REC Area,"31426 Gonzaga Road, Gustine, CA 95322",37.08206115793,-121.074785020827,Wastewater Treatment Facility,7999,Merced,5F,"WDRMUNIENROTH, WDRMUNIOTH",Active,Enrollee - WDR,97-010-DWQ,5C240801003,,,01/05/2012,,2027-01-05,.005,,B,3,,,,0,0,
Ca Dept of Parks & Rec Gustine,"31426 Gonzaga Road, Gustine, CA 95322",San Luis Rec Area/Basalt Camp,"31426 Hwy 152, Santa Nella, CA 95322",37.0313,-121.0644,Wastewater Treatment Facility,7033,Merced,5F,"WDRMUNIENROTH, WDRMUNIOTH",Active,Enrollee - WDR,97-010-DWQ,5C240801004,,,06/16/2011,,2026-06-16,.01,,B,3,,,,0,0,
Ceres City,"2220 Magnolia Street, Ceres, CA 95307",Ceres WWTP,"4200 Morgan, Ceres, CA 95307",37.5796,-120.96723,Wastewater Treatment Facility,4952,Stanislaus,SB,"SLIC, WDRMUNILRG",Active,Co-Permitee,2020-0015-DWQ,5C500100001,,,07/09/2020,,,,,,,,,,0,0,
Hughson City,"Po Box 9, Hughson, CA 95326",Hughson WWTF,"6700 Leedom Road, Hughson, CA 95326",37.62185,-120.87046,Wastewater Treatment Facility,4952,Stanislaus,SB,"SLIC, WDRMUNILRG",Active,Co-Permitee,2020-0015-DWQ,5C500101002,,,07/09/2020,,,,,,,,,,1,2,
Modesto City,"Po Box 642, Modesto, CA 95353",City of Modesto WQCF,"1221 Sutter Avenue, Modesto, CA 95351",37.613764,-121.011772,Wastewater Treatment Facility,4952,Stanislaus,5S,"NPDMUNILRG, SLIC",Active,Enrollee - NPDES,R5-2023-0025,5C500102001,CAC448536,,08/01/2022,,2028-10-01,19.1,Major,A,1,,,,1,7,
Newman City,"1162 Main Street, Newman, CA 95360-0787",City of Newman WWTF,"2600 Hills Ferry Road, Newman, CA 95360",37.332757,-120.99154,Wastewater Treatment Facility,4952,Stanislaus,SB,"SLIC, WDRMUNILRG",Active,Co-Permitee,2020-0015-DWQ,5C500103001,,,07/09/2020,,,,,,,,,,2,9,
Oakdale City,"455 South Fifth Avenue, Oakdale, CA 95361",Oakdale WWTF,"9700 Liberini Avenue, Oakdale, CA 95361",37.77598,-120.86713,Wastewater Treatment Facility,4952,Stanislaus,SB,"SLIC, WDRMUNILRG",Active,Co-Permitee,2020-0015-DWQ,5C500104001,,,07/09/2020,,,,,,,,,,1,2,
Riverbank City,"6707 Third Street, Riverbank, CA 95367",Riverbank WWTP,"23865 South Santa Fe Road, Riverbank, CA 95367",37.74459,-120.94579,Wastewater Treatment Facility,4952,San Joaquin,SB,"SLIC, WDRMUNILRG",Active,Co-Permitee,2020-0015-DWQ,5C500106002,,,07/09/2020,,,,,,,,,,2,11,
Salida Sanitary District,"Po Box 445, Salida, CA 95368",Salida WWTP,"6200 Pirrone Road, Salida, CA 95368",37.72739,-121.10156,Wastewater Treatment Facility,4952,Stanislaus,SB,"SLIC, WDRMUNILRG",Active,Co-Permitee,2020-0015-DWQ,5C500107001,,,07/09/2020,,,,,,,,,,0,0,
Turlock City,"156 South Broadway 270, Turlock, CA 95380","Turlock City, Turlock Regional Water Quality Control Facility","901 South Walnut Road, Turlock, CA 95380",37.481169,-120.867218,Wastewater Treatment Facility,4952,Stanislaus,5S,"NPDMUNILRG, REC, SLIC",Active,NPDES Permit,R5-2021-0005,5C500108001,CA0078948,02/18/2021,04/01/2021,,2026-03-31,20,Major,A,1,,,,3,17,
Grayson CSD,"Po Box 158, Westley, CA 95387",Grayson Comm Serv Dist WTF,"River Road, Grayson, CA 95363",37.57481,-121.17843,Wastewater Treatment Facility,4952,Stanislaus,5S,WDRMUNILRG,Active,WDR,93-088,5C500110001,,06/25/1993,06/25/1993,,2003-06-23,.1,,B,2,,,,0,0,
Westley Community Service District,"Po Box 206, Westley, CA 95387",Westley Comm Sewage Trt Fac,"Westley, CA 95387",37.54938,-121.1991,Wastewater Treatment Facility,4952,Stanislaus,5S,WDRMUNILRG,Active,WDR,93-087,5C500111001,,06/25/1993,06/25/1993,,2003-06-23,.11,,B,2,,,,2,11,
Stanislaus Cnty Dept of Parks & Rec,"3800 Cornucopia Way C, Modesto, CA 95358",Woodward Reservoir Reg Park,"14528 26 Mile Road, Oakdale, CA 95361",37.84712,-120.87701,Wastewater Treatment Facility,9512,Stanislaus,5S,WDRMUNIOTH,Active,WDR,94-359,5C500112001,,12/09/1994,12/09/1994,,2009-12-05,.023,,C,3,,,,0,0,
Stanislaus Cnty Dept of Parks & Rec,"3800 Cornucopia Way C, Modesto, CA 95358",Modesto Reservoir WWTP,"18143 Reservoir Road, Waterford, CA 95386",37.66052,-120.65597,Wastewater Treatment Facility,4952,Stanislaus,5S,WDRMUNIOTH,Active,WDR,94-360,5C500112003,,12/09/1994,12/09/1994,,2009-12-05,.03,,C,3,,,,0,0,
Waterford City,"Po Box 199, Waterford, CA 95386",Waterford WWTP,"335 South Western Avenue, Waterford, CA 95386",37.63348,-120.76674,Wastewater Treatment Facility,4952,Stanislaus,SB,"SLIC, WDRMUNILRG",Active,Co-Permitee,2020-0015-DWQ,5C500113001,,,07/09/2020,,,,,,,,,,1,3,
Ca Dept of Forestry Springville,"Po Box 648, Springville, CA 93265",Mountain Home Conservation Camp,"45260 Bear Creek, Springville, CA 93265",36.23766,-118.68545,Wastewater Treatment Facility,9223,Tulare,5F,"NPDMUNIOTH, WDRMUNIENROTH",Active,Enrollee - WDR,97-010-DWQ,5C54NC00299,,01/23/2009,01/23/2009,,2024-01-23,.0001,Minor,B,3,,,,0,0,
Tulare Cnty Office of Education,"Po Box 5091, Visalia, CA 93278-5091",SCICON WWTF,"41569 Bear Creek Road, Springville, CA 93265",36.18669,-118.79688,Wastewater Treatment Facility,8299,Tulare,5F,"WDRMUNIENROTH, WDRMUNIOTH",Active,Enrollee - WDR,97-010-DWQ,5C54NC00314,,,06/15/2011,,2026-06-15,.024,Minor,B,3,,,,1,53,
Groveland CSD,"Po Box 350, Groveland, CA 95321-0350",Groveland WWTF,"18966 Ferretti Road, Groveland, CA 95321",37.84458,-120.22898,Wastewater Treatment Facility,4952,Tuolumne,5F,WDRMUNILRG,Active,WDR,87-121,5C550100001,,06/26/1987,06/26/1987,,1997-06-23,.15,,B,2,,,,1,26,
Jamestown SD,"Po Box 247, Jamestown, CA 95327",Jamestown Sanitary District Wastewater Treatment Facilities,"10190 Karlee Lane, Jamestown, CA 95327",37.93175,-120.42976,Wastewater Treatment Facility,4952,Tuolumne,5F,"SLIC, WDRMUNILRG",Active,WDR,R5-2021-0046,5C550101001,,08/13/2021,08/13/2021,,2031-08-13,1.01,,B,2,,,,0,2,
Tuolumne City SD,"Po Box 1238, Tuolumne, CA 95379",Tuolumne City WWTP,"18050 Box Factory Road, Tuolumne, CA 95379",37.955025,-120.246063,Wastewater Treatment Facility,4952,Tuolumne,5F,WDRMUNILRG,Active,WDR,R5-2019-0058,5C550104001,,06/07/2019,06/07/2019,,2029-06-07,,,B,2,,,,0,0,
Tuolumne Utilities District,"Po Box 372844, Sonora, CA 95370",Mi-Wuk Village WW System,"24550 Tramway Road, Sonora, CA 95370",37.987588,-120.38538,Wastewater Treatment Facility,4952,Tuolumne,5F,"WDRMUNIENROTH, WDRMUNIOTH",Active,Enrollee - WDR,97-010-DWQ,5C550106003,,,04/10/2014,,2029-04-10,.00167,,C,3,,,,0,0,
Tuolumne Utilities District,"Po Box 372844, Sonora, CA 95370",Sonora Regional WWTF,"1400 Southgate, Sonora, CA 95370",37.966394,-120.388012,Wastewater Treatment Facility,4952,Tuolumne,5F,"SLIC, WDRMUNILRG",Active,WDR,R5-2024-0016,5C550106004,,04/19/2024,04/19/2024,,2034-04-19,2.5,,B,2,,,,0,0,
Pinecrest Permit Assoc & US Forest Service,"Po Box 1248, Pinecrest, CA 95364",Pinecrest WWTP,"Forest Service Rd 4N11, Pinecrest, CA 95346",38.17148,-120.00164,Wastewater Treatment Facility,4952,Tuolumne,5F,WDRMUNILRG,Active,WDR,5-01-061,5C550106006,,03/16/2001,03/16/2001,,2011-03-16,.17,,B,2,,,,0,1,
San Jose City,"1300 Senter Road, San Jose, CA 95112",San Jose City Family Camp,"Hwy 120, Groveland, CA 95321",37.82993,-120.20318,Wastewater Treatment Facility,7032,Tuolumne,5F,WDRMUNIOTH,Active,WDR,5-00-025,5C550108001,,01/28/2000,01/28/2000,,2015-01-28,.01055,,B,3,,,,0,0,
Leland Meadow Water District,"Po Box 1296, Pinecrest, CA 95364",Leland Meadow WWTP,"33887 Leland Road, Strawberry, CA 95375",38.23463,-119.97779,Wastewater Treatment Facility,4952,Tuolumne,5F,"WDRMUNIENROTH, WDRMUNIOTH",Active,Enrollee - WDR,97-010-DWQ,5C550111001,,,06/16/2011,,2026-06-16,.014,,C,3,,,,0,0,
San Francisco City & County,"Po Box 160, Moccasin, CA 95347-0160",O'Shaughnessy WWTP,"Evergreen Road, Groveland , CA 95321",37.81196,-120.30112,Wastewater Treatment Facility,7033,Tuolumne,5F,"WDRMUNIENROTH, WDRMUNIOTH",Active,Enrollee - WDR,97-010-DWQ,5C550114001,,,06/14/2011,,2026-06-14,.011,,C,3,,,,0,0,
USDI National Park Service Yosemite National Park,"Po Box 700, El Portal, CA 95318",Tuolumne Meadows WWTF,"Toulomne Mdw, Yosemite Natl Park, CA 95321",37.79724,-119.8608,Wastewater Treatment Facility,4952(+),Tuolumne,5F,WDRMUNILRG,Active,WDR,92-015,5C550700001,,01/24/1992,01/24/1992,,2002-01-21,.1,,B,2,,,,0,0,
USDI National Park Service Yosemite National Park,"Po Box 700, El Portal, CA 95318",Yosemite Nat Prk Hodgdon MDW,"Hodgdon Mdw, Yosemite Natl Park, CA 95389",37.80174,-119.85892,Wastewater Treatment Facility,4952(+),Tuolumne,5F,"WDRMUNIENROTH, WDRMUNIOTH",Active,Enrollee - WDR,97-010-DWQ,5C550700002,,,10/07/2011,,2026-10-07,.025,,C,3,,,,0,0,
USDI National Park Service Yosemite National Park,"Po Box 700, El Portal, CA 95318",White Wolf WWTF,"Whitewolf Camp, Yosemite Natl Park, CA 95389",37.87223,-119.6513,Wastewater Treatment Facility,4952(+),Tuolumne,5F,"WDRMUNIENROTH, WDRMUNIOTH",Active,Enrollee - WDR,2014-0153-DWQ,5C550700003,,,11/22/2021,,2029-09-23,0.007,,B,3,,,,0,0,
USDI Bureau of Reclamation Sacramento,"2800 Cottage Way E2711, Sacramento, CA 95825",Tuttletown Recreation Area,"6850 Studhorse Flat, Sonora, CA 95370",38.003976,-120.484292,Wastewater Treatment Facility,7032,Tuolumne,5F,WDRMUNIOTH,Active,Enrollee - WDR,2014-0153-DWQ,5C550705001,,,06/21/2018,,2029-09-23,.02,,C,3,,,,1,1,
Ca Dept of Corrections & Rehabilitation,"9838 Old Placerville Road B, Sacramento, CA 95827",Sierra Conservation CTR-WWTP-1 (NON15),"5100 O'Byrnes Ferry, Jamestown, CA 95327",37.893591,-120.551725,Wastewater Treatment Facility,4952(+),Tuolumne,5F,WDRMUNILRG,Active,WDR,5-01-017,5C550801001,,01/26/2001,01/26/2001,,2011-01-26,.6,,B,2,,,,1,4,
Ca Dept of Forestry Jamestown,"16809 Peoria Flat Road, Jamestown, CA 95327",Peoria Flat Baseline Conservation Camp,"16809 Peoria Flat, Jamestown, CA 95327",37.897431,-120.50278,Wastewater Treatment Facility,4952(+),Tuolumne,5F,"WDRMUNIENROTH, WDRMUNIOTH",Active,Enrollee - WDR,97-010-DWQ,5C550802001,,,06/16/2011,,2026-06-16,.016,,B,3,,,,0,0,
San Francisco City & County,"Po Box 160, Moccasin, CA 95347-0160",Moccasin Powerhouse,"Highway 49, Moccasin, CA 95321",37.80594,-120.29651,Wastewater Treatment Facility,4952,Tuolumne,5F,WDRMUNIOTH,Active,WDR,00-265,5C551001001,,12/08/2000,12/08/2000,,2010-12-08,.025,,B,2,,,,0,0,
MHC NAC LP,"2 North Riverside Plaza 800, Chicago, IL 60606",Yosemite Lakes Campground,"31191 Hardin Flat Road, Groveland, CA 95321",37.812106,-119.943485,Wastewater Treatment Facility,7033,Tuolumne,5F,WDRMUNIOTH,Active,WDR,5-00-054,5C551018001,,03/17/2000,03/17/2000,,2010-03-17,.075,,B,2,,,,0,0,
Rawhide Investment Company Inc,"8400 Old Melones Road 51, Jamestown, CA 95327",Rawhide Mobile Home Park WWTF,"8400 Old Melones, Jamestown, CA 95327",37.950366,-120.460839,Wastewater Treatment Facility,6515,Tuolumne,5F,"WDRMUNIENROTH, WDRMUNIOTH",Active,Enrollee - WDR,97-010-DWQ,5C551026001,,,02/13/2014,,2029-02-13,,,B,3,,,,0,27,
Merced Irrigation District,,New Don Pedro WW Facilities,"Moccasin Point, Jamestown, CA 95327",37.83349,-120.33769,Wastewater Treatment Facility,7999,Tuolumne,5F,WDRMUNIOTH,Active,WDR,89-033,5C551029002,,02/24/1989,02/24/1989,,2004-02-21,.061,,B,3,,,,0,0,
Yosemite Vista Estates,"22645 Prospect Heights, Groveland, CA 95321",Yosemite Vista Estates,"22625 Ferretti, Groveland, CA 95321",37.853408,-120.225756,Wastewater Treatment Facility,6515,Tuolumne,5F,WDRMUNIOTH,Active,WDR,00-201,5C551039001,,09/15/2000,09/15/2000,,2015-09-15,.0215,,B,3,,,,0,0,
Majistee Corporation,"20450 Old Hwy 120, Groveland, CA 95321",Yosemite Pines RV Park,"20450 Old Hwy 120, Groveland, CA 95321",37.82589,-120.19596,Wastewater Treatment Facility,7033,Tuolumne,5F,WDRMUNIOTH,Active,WDR,96-216,5C551042001,,08/09/1996,08/09/1996,,2011-08-06,.022,,C,3,,,,0,0,
Lake Don Pedro Homeowners Association,"5182 Fuentes De Flores, La Grange, CA 95329",Hacienda WWTP,"2211 La Grange, La Grange, CA 95329",37.785993,-120.463944,Wastewater Treatment Facility,4952,Tuolumne,5F,"WDRMUNIENROTH, WDRMUNIOTH",Active,Enrollee - WDR,97-010-DWQ,5C552007001,,,07/11/2008,,2023-07-11,,,B,3,,,,0,0,
Biola CSD,"Po Box 57, Biola, CA 93606",Biola WWTF,"Howard Road, Biola, CA 93606",36.80008,-120.02536,Wastewater Treatment Facility,4952,Fresno,5F,WDRMUNILRG,Active,WDR,96-288,5D100100001,,12/06/1996,12/06/1996,,2011-12-03,.2,,B,2,,,,1,39,
Coalinga City,"155 West Durian Avenue, Coalinga, CA 93210",Coalinga WWTF,"South of Los Gatos Creek, 1000 Feet East of Wartham Creek, CA",36.14357,-120.338,Wastewater Treatment Facility,4952,Fresno,5F,WDRMUNILRG,Active,WDR,94-184,5D100101001,,06/24/1994,06/24/1994,,2004-06-21,.93,,B,2,,,,1,48,
County of Fresno,"2220 Tulare Street 6th Floor, Fresno, CA 93721",Fresno Cnty #30-El Porvenir WWTF,"Derreck Nr Clarkson, Three Rocks, CA 93608",36.50458333,-120.3898611,Wastewater Treatment Facility,4952,Fresno,5F,WDRMUNIOTH,Active,Enrollee - WDR,2014-0153-DWQ,5D100102001,,,03/13/2019,,2029-09-23,0.045,,B,3,,,,0,0,
County of Fresno,"2220 Tulare Street 6th Floor, Fresno, CA 93721",Fresno Cnty #32-Cantua Creek WWTF,"San Mateo & Elk Horn, Cantua Creek, CA 93608",36.4865,-120.3249722,Wastewater Treatment Facility,6552,Fresno,5F,WDRMUNIOTH,Active,Enrollee - WDR,2014-0153-DWQ,5D100102002,,,02/13/2020,,2029-09-23,0.061,,B,2,,,,0,0,
Selma-Kings-Fowler CSD,"Po Box 158, Kingsburg, CA 93631",SKF CSD WWTF,"11301 Conejo, Kingsburg, CA 93631",36.517963,-119.587906,Wastewater Treatment Facility,4952,Fresno,SB,"SLIC, WDRMUNILRG",Active,Co-Permitee,2020-0015-DWQ,5D100104001,,,07/09/2020,,,,,,,,,,2,49,
Fresno City Department of Public Utilities,"2101 G Street Bldg A, Fresno, CA 93706-1620",Fresno Regional WWTF,"5607 Jensen, Fresno, CA 93706",36.70638,-119.890539,Wastewater Treatment Facility,4952,Fresno,SB,"SLIC, WDRMUNILRG",Active,Co-Permitee,2020-0015-DWQ,5D100105001,,,07/09/2020,,,,,,,,,,0,0,
Huron City,"Po Box 339, Huron, CA 93234",Huron WWTF,"16100 9th Street, Huron, CA 93234",36.206021,-120.10357,Wastewater Treatment Facility,4952,Fresno,SB,"SLIC, WDRMUNILRG",Active,Co-Permitee,2020-0015-DWQ,5D100107001,,,07/09/2020,,,,,,,,,,1,40,
Kerman City,"850 South Madera Avenue, Kerman, CA 93630",Kerman WWTF,"15480 Church, Kerman, CA 93630",36.710489,-120.069581,Wastewater Treatment Facility,4952,Fresno,SB,"SLIC, WDRMUNILRG",Active,Co-Permitee,2020-0015-DWQ,5D100108001,,,07/09/2020,,,,,,,,,,1,28,
Mendota City,"643 Quince Street, Mendota, CA 93640",Mendota WWTF,"3699 Bass Avenue, Mendota, CA 93640",36.76875,-120.36786,Wastewater Treatment Facility,4952,Fresno,SB,"SLIC, WDRMUNILRG",Active,Co-Permitee,2020-0015-DWQ,5D100109001,,,07/09/2020,,,,,,,,,,1,56,
Orange Cove City,"633 Sixth Street, Orange Cove, CA 93646",Orange Cove WWTF,"1805 Monson Avenue, Orange Cove, CA 93646",36.60686,-119.33601,Wastewater Treatment Facility,4952,Fresno,SB,"SLIC, WDRMUNILRG",Active,Co-Permitee,2020-0015-DWQ,5D100110001,,,07/09/2020,,,,,,,,,,0,41,
Riverdale PUD,"20945 Haslam, Riverdale, CA 93656",Riverdale WWTF,"20896 Malsbary, Riverdale, CA 93656",36.43186,-119.86139,Wastewater Treatment Facility,4952,Fresno,5F,WDRMUNILRG,Active,WDR,R5-2018-0028,5D100114001,,04/06/2018,04/06/2018,,2028-04-06,.325,,B,2,,,,1,11,
Sanger City,"1700 7th Street, Sanger, CA 93657",Sanger WWTF,"333 North, Parlier, CA 93648",36.64588,-119.53989,Wastewater Treatment Facility,4952,Fresno,SB,"SLIC, WDRMUNILRG",Active,Co-Permitee,2020-0015-DWQ,5D100115001,,,07/09/2020,,,,,,,,,,2,130,
San Joaquin City,"Po Box 758, San Joaquin, CA 93660",San Joaquin WWTF,"23599 Manning, San Joaquin, CA 93660",36.60311,-120.19741,Wastewater Treatment Facility,4952,Fresno,5F,WDRMUNILRG,Active,WDR,R5-2007-0100,5D100116001,,08/02/2007,08/02/2007,,2017-08-02,0.5,,B,2,,,,0,19,
Tranquillity PUD,"Po Box 622, Tranquillity, CA 93668",Tranquillity WWTF,"1 South Leeve Road, Tranquillity, CA 93668",36.65329,-120.23979,Wastewater Treatment Facility,4952,Fresno,5F,"WDRMUNILRG, WDRMUNIOTH",Active,Enrollee - WDR,2014-0153-DWQ,5D100117001,,,06/17/2021,,2029-09-23,0.1,,B,3,,,,0,0,
Parlier City,"1100 East Parlier Avenue, Parlier, CA 93646",Parlier WWTF,"1101 East Parlier Avenue, Parlier, CA 93648",36.5991,-119.567715,Wastewater Treatment Facility,4952,Fresno,SB,"SLIC, WDRMUNILRG",Active,Co-Permitee,2020-0015-DWQ,5D100118001,,,07/09/2020,,,,,,,,,,0,246,
Caruthers CSD,"Po Box 218, Caruthers, CA 93609",Caruthers WWTF,"Clemenseau and Marks, Caruthers, CA 93609",36.53648,-119.85232,Wastewater Treatment Facility,4952,Fresno,5F,WDRMUNILRG,Active,WDR,R5-2014-0137,5D100121001,,10/10/2014,10/10/2014,,2024-10-10,.37,,A,2,,,,0,0,
Laton CSD,"6501 East Latonia Street, Laton, CA 93242",Laton WWTF,"6331 Dewoody, Laton, CA 93242",36.43476,-119.68459,Wastewater Treatment Facility,4952,Fresno,5F,WDRMUNILRG,Active,WDR,R5-2016-0079,5D100123001,,10/14/2016,10/14/2016,,2026-10-14,.2,,B,2,,,,0,122,
Malaga CWD,"3580 South Frank Street, Fresno, CA 93725",Malaga CWD WWTF,"3749 South Maple Avenue, Fresno, CA 93725",36.680154,-119.745713,Wastewater Treatment Facility,4952,Fresno,SB,"NPDMUNILRG, SLIC, WDRMUNILRG",Active,Co-Permitee,2020-0015-DWQ,5D100124001,,,07/09/2020,,,,Major,,,,,,0,3,
Del Rey CSD,"Po Box 186, Del Rey, CA 93616",Del Rey WWTF,"11495 American, Del Rey, CA 93616",36.663215,-119.5831,Wastewater Treatment Facility,4952,Fresno,5F,WDRMUNILRG,Active,WDR,96-284,5D100128003,,12/06/1996,12/06/1996,,2006-12-04,.2,,A,2,,,,1,1,
County of Fresno,"2220 Tulare Street 6th Floor, Fresno, CA 93721",Fresno Cnty #44-D Monte Verdi Estates WWTF,"12222 Willow Avenue, Clovis, CA 93611",36.91515,-119.72893,Wastewater Treatment Facility,4952(+),Fresno,5F,WDRMUNIOTH,Active,Enrollee - WDR,2014-0153-DWQ,5D100139001,,,06/17/2021,,2029-09-23,0.039,,B,2,,,,0,0,
Ca Dept of Forestry Sanger,"210 South Academy, Sanger, CA 93657",Miramonte Conservation Camp,"49039 Orchard, Miramonte, CA 93641",36.66183,-119.080891,Wastewater Treatment Facility,9223,Fresno,5F,"WDRMUNIENROTH, WDRMUNIOTH",Active,Enrollee - WDR,97-010-DWQ,5D100802001,,06/14/2001,06/14/2001,,2016-06-14,.0125,,C,3,,,,0,0,
Ca Dept of Corrections Coalinga,"24863 West Jayne Avenue, Coalinga, CA 93210",Pleasant Valley State Prison WWTF,"24863 West Jayne Avenue, Coalinga, CA 93210",36.137222,-120.243421,Wastewater Treatment Facility,9223(+),Fresno,5F,WDRMUNILRG,Active,WDR,R5-2016-0092,5D100805001,,12/06/2016,12/06/2016,,2026-12-06,0.63,,B,2,,,,1,28,
County of Fresno,"2220 Tulare Street 6th Floor, Fresno, CA 93721",Fresno Cnty #40-Shaver Springs WWTF,"Tollhouse, Auberry, CA 93602",37.04375,-119.37625,Wastewater Treatment Facility,4952,Fresno,5F,"WDRMUNIENROTH, WDRMUNIOTH",Active,Enrollee - WDR,97-010-DWQ,5D101026001,,,09/04/2014,,2029-09-04,.015,,B,3,,,,0,0,
35671 East Kings Canyon LLC,"P.O. Box 128, Rancho Santa Fe, CA 92067",Kings Canyon MHP,"35671 Kings Canyon Road, Dunlap, CA 93621",36.760916,-119.112263,Wastewater Treatment Facility,6515,Fresno,5F,WDRMUNIOTH,Active,WDR,99-039,5D101028001,,04/30/1999,04/30/1999,,2009-04-27,.034,,B,3,,,,0,0,
I-5 Property Services Inc,"Star Route 2 Box 1, Avenal, CA 93204",I-5 & Panoche Road WWTF,"Hc-1 Box 1, Firebaugh, CA 93622",36.64001,-120.62544,Wastewater Treatment Facility,7011,Fresno,5F,WDRMUNIOTH,Active,Enrollee - WDR,2014-0153-DWQ,5D101032002,,,02/06/2020,,2029-09-23,0.05,,C,3,,,,0,0,
"Harris Farms, Inc.","23300 West Oakland Avenue, Coalinga, CA 93210",Harris Farms Farm Labor Housing Facility,"Route 1, Box 420, Coalinga, CA 93210",36.34186,-120.21406,Wastewater Treatment Facility,7021,Fresno,5F,WDRMUNIOTH,Active,Enrollee - WDR,2014-0153-DWQ,5D101042002,,,05/28/2019,,2029-09-23,0.02,,B,3,,,,0,0,
Sommerville I-5 Partnership,"5151 North Cedar Avenue, Fresno, CA 93710",I-5 & Jayne Avenue Facility,"I-5 at Jayne Ave, CA",36.13553,-120.15627,Wastewater Treatment Facility,6512,Fresno,5F,WDRMUNIOTH,Active,WDR,90-075,5D101043001,,03/23/1990,03/23/1990,,2000-03-20,.0743,,B,3,,,,0,0,
Hume Lake Chistian Camps,"64144 Hume Lake Road, Hume, CA 93628",Hume Lake WWTF,"64144 Hume Lake, Hume, CA 93628",36.78771,-118.91349,Wastewater Treatment Facility,4952(+),Fresno,5F,WDRMUNILRG,Active,WDR,R5-2012-0125,5D101112001,,12/07/2012,12/07/2012,,2022-12-07,0.275,,B,2,,,,0,0,
County of Fresno,"2220 Tulare Street 6th Floor, Fresno, CA 93721",Fresno Cnty #47-Quail Lake WWTF,"4121 Quail Lake Drive, Clovis, CA 93611",36.7957557,-119.6007306,Wastewater Treatment Facility,4952,Fresno,5F,WDRMUNILRG,Active,WDR,96-120,5D101122001,,05/03/1996,05/03/1996,,2006-05-01,.16,,B,2,,,,0,0,
Fresno City Department of Public Utilities,"2101 G Street Bldg A, Fresno, CA 93706-1620",North Fresno WWRF,"1660 East Copper Avenue, Fresno, CA 93720",36.89566,-119.7526,Wastewater Treatment Facility,4952,Fresno,5F,WDRMUNILRG,Active,WDR,R5-2014-0162,5D101129001,,12/05/2014,12/05/2014,,2024-12-05,0.71,Minor,B,2,,,,0,38,
G&S Foods Inc Schneider Duo,"6735 North Golden State Boulevard, Fresno, CA 93722",Burger King/Texaco Leachfield,"6735 Golden State, Fresno, CA 93722",36.833273,-119.914318,Wastewater Treatment Facility,5541(+),Fresno,5F,WDRMUNIOTH,Active,Enrollee - WDR,97-010-DWQ,5D101140001,,,04/20/1999,,,.0015,,C,3,,,,0,0,
Pacific Gas & Electric Company Shaver Lake,"67250 Helms Circle, Shaver Lake, CA 93664",PG&E Helms Plant,"67250 Helms Circle, Shaver Lake, CA 93664",37.042902,-119.095606,Wastewater Treatment Facility,4911,Fresno,5F,WDRMUNIOTH,Active,WDR,96-141,5D102011001,,05/03/1996,05/03/1996,,2006-05-01,.03,,B,2,,,,0,0,
Bakersfield City,"6901 Mccutchen Road, Bakersfield, CA 93313",Bakersfield WWTP #2,"1700 Planz, Bakersfield, CA 93307",35.32496,-118.98541,Wastewater Treatment Facility,4952,Kern,SB,"SLIC, WDR, WDRMUNILRG",Active,Co-Permitee,2020-0015-DWQ,5D150100001,,,07/09/2020,,,,,,,,,,1,2,
Bakersfield City,"6901 Mccutchen Road, Bakersfield, CA 93313",Bakersfield WWTP #3,"6901 McCutchen Road, Bakersfield, CA 93313",35.27829,-119.07755,Wastewater Treatment Facility,4952,Kern,SB,"SLIC, WDRMUNILRG",Active,Co-Permitee,2020-0015-DWQ,5D150100002,,,07/09/2020,,,,,,,,,,0,0,
Buttonwillow CWD,"Po Box 874, Buttonwillow, CA 93206",Buttonwillow WWTF,"Sullivan Road - 1 1/2 Miles East off Buttonwillow Drive, Buttonwillow, CA 93206",35.40964,-119.46041,Wastewater Treatment Facility,4952,Kern,5F,WDRMUNILRG,Active,WDR,R5-2009-0123,5D150101001,,12/10/2009,12/10/2009,,2019-12-10,0.2,,B,2,,,,0,462,
Delano City,"725 South Lexington Street, Delano, CA 93215",Delano WWTF,"1107 Lytle Road, Delano, CA 93216",35.770228,-119.303253,Wastewater Treatment Facility,4952,Kern,SB,"SLIC, WDRMUNILRG",Active,Co-Permitee,2020-0015-DWQ,5D150102001,,,07/09/2020,,,,,,,,,,0,16,
Kern Cnty Eng & Surveying Services Dept,"2700 M Street 570, Bakersfield, CA 93301-2370",Kern Co CSA 40-Pine Mountain Club,"2524 Beechwood, Frazier Park, CA 93225",34.85534,-119.16129,Wastewater Treatment Facility,6552,Kern,5F,WDRMUNILRG,Active,WDR,75-235,5D150103001,,10/24/1975,10/24/1975,,1990-10-20,.385,,C,3,,,,0,0,
Kern Sanitation Authority,"4101 Kimber Avenue, Bakersfield, CA 93307",Kern Sanitation Authority WWTF,"Hwy 58 & Quantico, Bakersfield, CA",35.35213,-118.95876,Wastewater Treatment Facility,4952,Kern,SB,"SLIC, WDRMUNILRG",Active,Co-Permitee,2020-0015-DWQ,5D150105001,,,07/09/2020,,,,,,,,,,0,0,
Kern County Public Works Department,"2700 M Street Suite 400, Bakersfield, CA 93301-2372",Kern Cnty Sheriff's Lerdo WWTF,"17824 Quality Road, Bakersfield, CA 93308",35.50525,-119.11562,Wastewater Treatment Facility,4952(+),Kern,5F,"REC, WDRMUNILRG",Active,WDR,R5-2018-0014,5D150106001,,04/05/2018,04/05/2018,,2028-04-05,.5,,B,2,,,,0,1,
Arvin City,"18500 Rancho Drive, Arvin, CA 93203",Arvin WWTF,"North Rancho Drive, Arvin, CA 93203",35.1864,-118.84748,Wastewater Treatment Facility,4952,Kern,SB,"SLIC, WDR, WDRMUNILRG",Active,Co-Permitee,2020-0015-DWQ,5D150107001,,,07/09/2020,,,,,,,,,,5,24,
Lamont PUD,"8624 Segrue Road, Lamont, CA 93241",Lamont WWTF,"6525 East Bear Mountain Road, Lamont, CA 93307",35.20866,-118.93225,Wastewater Treatment Facility,4952,Kern,5F,"SLIC, WDRMUNILRG",Active,WDR,R5-2022-0059,5D150108001,,10/14/2022,10/14/2022,,2032-10-14,2.0,,B,2,,,,0,42,
McFarland City,"401 West Kern Alley, Mcfarlnd, CA 93250",McFarland WWTF,"12941 Melcher  Road, Mcfarland, CA 93250",35.68274,-119.27844,Wastewater Treatment Facility,4952,Kern,SB,"SLIC, WDRMUNILRG",Active,Co-Permitee,2020-0015-DWQ,5D150109001,,,07/09/2020,,,,,,,,,,1,170,
Kern Cnty Housing Authority,"525 Roberts Lane, Bakersfield, CA 93308",North Shafter Farm Labor Camp,"17213 Central Valley Highway, Shafter, CA 93263",35.52799,-119.30556,Wastewater Treatment Facility,4952,Kern,5F,WDRMUNIOTH,Active,WDR,00-049,5D150111001,,03/17/2000,03/17/2000,,2010-03-17,.028,,C,3,,,,0,0,
Lost Hills Utility District,"Po Box 246, Lost Hills, CA 93249",Lost Hills WWTF,"21331 Hwy 46, Lost Hills, CA 93249",35.620158128572,-119.683133744821,Wastewater Treatment Facility,4952,Kern,5F,WDRMUNILRG,Active,WDR,87-113,5D150114001,,06/26/1987,06/26/1987,,2002-06-23,.2,,B,3,,,,1,92,
Tehachapi City,"115 South Robinson Street, Tehachapi, CA 93561",Tehachapi WWTF,"750 Enterprise Way, Tehachapi, CA 93561",35.138333,-118.455556,Wastewater Treatment Facility,4952,Kern,5F,WDRMUNILRG,Active,WDR,92-047,5D150116001,,03/27/1992,03/27/1992,,2002-03-25,.85,,A,2,,,,0,46,
Wasco City,"764 E Street, Wasco, CA 93280",Wasco WWTF,"5410 7th Street, Wasco, CA 93280",35.59618,-119.3876,Wastewater Treatment Facility,4952,Kern,SB,"SLIC, WDRMUNILRG",Active,Co-Permitee,2020-0015-DWQ,5D150117001,,,07/09/2020,,,,,,,,,,2,18,
Stallion Springs CSD,"27800 Stallion Springs Drive, Tehachapi, CA 93561",Stallion Springs WWTF,"28500 Stallion Springs, Tehachapi, CA 93561",35.08252,-118.637492,Wastewater Treatment Facility,4952,Kern,5F,NPDMUNIOTH,Active,Enrollee - NPDES,R5-2023-0025,5D150118002,CAC439983,,09/01/2020,,2030-08-31,0.1,Minor,B,2,,,,1,112,
Maricopa City,"Po Box 548, Maricopa, CA 93252",Maricopa Wastewater Disposal Facility,"NW 1/4, of Sect 7,T11N,R23W,Sbm, Maricopa, CA",35.0609837,-119.3832433,Wastewater Treatment Facility,4952,Kern,5F,WDRMUNILRG,Active,WDR,00-153,5D150123001,,06/16/2000,06/16/2000,,2010-06-16,.2,,B,2,,,,0,7,
Kern County Public Works Department,"2700 M Street Suite 400, Bakersfield, CA 93301-2372",Kern Cnty CSA 39.8-Reeder Tract,"2150 Edith Street, Lake Isabella, CA 93240",35.609073296696,-118.488369252093,Wastewater Treatment Facility,4952,Kern,5F,WDRMUNIOTH,Active,Enrollee - WDR,2014-0153-DWQ,5D150303029,,,02/28/2019,,2029-09-23,.04,,B,2,,,,0,2,
CA Dept of Trans D6 Fresno,"2015 East Shields Avenue 100, Fresno, CA 93726-5428",Lebec SRRA (Tejon Pass),"36600 Interstate 5, Lebec, CA 93243",34.8658,-118.88346,Wastewater Treatment Facility,7299,Kern,5F,WDRMUNIOTH,Active,Enrollee - WDR,2014-0153-DWQ,5D150801001,,,06/14/2021,,2029-09-23,0.08,,B,2,,,,0,5,
Ca Dept of Corrections & Rehabilitation,"9838 Old Placerville Road B, Sacramento, CA 95827",Tehachapi Correctional Inst WWTF,"End of Highway 202, Tehachapi, CA 93561",35.116667,-118.58333,Wastewater Treatment Facility,4952(+),Kern,5F,WDRMUNILRG,Active,WDR,R5-2011-0007,5D150803001,,02/03/2011,02/03/2011,,2021-02-03,1.1,,B,2,,,,2,58,
Ca Dept of Corrections & Rehabilitation,"9838 Old Placerville Road B, Sacramento, CA 95827",Wasco State Prison WWTF,"701 Scofield Avenue, Wasco, CA 93280",35.589574,-119.406452,Wastewater Treatment Facility,4952(+),Kern,5F,WDRMUNILRG,Active,WDR,90-217,5D150803003,,08/10/1990,08/10/1990,,2000-08-07,1,,B,2,,,,0,170,
McMor Chlorination,"6734 Charity Avenue 8, Bakersfield, CA 93308",I-5 & Highway 58 WWTF,"Hwy 58 at I-5, Buttonwillow, CA 93206",35.40468,-119.39708,Wastewater Treatment Facility,4952,Kern,5F,WDRMUNILRG,Active,WDR,R5-2007-0152,5D151006001,,10/26/2007,10/26/2007,,2017-10-26,.13,,B,2,,,,1,103,
Tejon Grapevine,"Po Box 1000, Lebec, CA 93243",Tejon Headquarters WWTF,"R-5, 33 S of Bakersfield, CA",35.33468,-119.00346,Wastewater Treatment Facility,0191,Kern,5F,"WDRMUNIENROTH, WDRMUNIOTH",Active,Enrollee - WDR,97-010-DWQ,5D151014001,,,09/11/1998,,2013-09-11,.02,,C,3,,,,0,0,
Tejon Ranch Company,"Po Box 1000, Lebec, CA 93243",Tejon Ranch - Grapevine,"Grapevine Interchange On I-5, CA",34.946139,-118.92749,Wastewater Treatment Facility,5812,Kern,5F,WDRMUNIOTH,Active,WDR,94-224,5D151014002,,08/05/1994,08/05/1994,,2004-08-02,.022,,B,2,,,,1,0,
Tejon Castac Water District,,Tejon Industrial Complex West WWTF,"I-5 at Wheeler Ridge, Lebec, CA 93203",34.98907,-118.94462,Wastewater Treatment Facility,5541(+),Kern,5F,WDRMUNILRG,Active,WDR,R5-2008-0004,5D151014003,,01/25/2008,01/25/2008,,2018-01-25,.1,,B,2,,,,1,0,
"Golden Hills Sanitation Co, Inc","Po Box 1118, Tehachapi, CA 93581",Golden Hills WWTF,"Old Camp Road, Tehachapi, CA 93561",35.14871,-118.47561,Wastewater Treatment Facility,4952,Kern,5F,WDRMUNIOTH,Active,WDR,81-122,5D151027001,,12/11/1981,12/11/1981,,1991-12-09,.046,,B,2,,,,0,0,
Stonybrook Corporation,"Po Box 62, Keene, CA 93531",National Chavez Center WWTF,"Keene, CA 93531",35.22357,-118.56231,Wastewater Treatment Facility,4952,Kern,5F,WDRMUNIOTH,Active,Enrollee - WDR,2014-0153-DWQ,5D151049001,,,06/04/2020,,2029-09-23,0.005,,C,2,,,,0,0,
Tejon Castac Water District,,I5 Eastside Wastewater Discharge Ponds,"5800 Wheeler Ridge, Arvin, CA 93203",34.989738,-118.942911,Wastewater Treatment Facility,7299,Kern,5F,WDRMUNIOTH,Active,WDR,5-01-002,5D151054001,,01/26/2001,01/26/2001,,2011-01-26,.07,,B,2,,,,1,0,
"LIWW, LLC","2940 Westwood Boulevard 2nd Floor, Los Angeles, CA 90064",Lake Isabella WWTF,"Erskine Creek and Lake Isabella Boulevard, Lake Isabella, CA 93240",35.618111,-118.475067,Wastewater Treatment Facility,4952,Kern,5F,WDRMUNIOTH,Active,Enrollee - WDR,2014-0153-DWQ,5D151091001,,,02/06/2020,,2029-09-23,0.02,,B,2,,,,1,7,
Kern Valley Healthcare District,"6412 Laurel Avenue, Lake Isabella, CA 93240-9729",Kern Valley Healthcare District WWTF,"6412 Laurel, Mountain Mesa, CA 93240",35.634783,-118.405137,Wastewater Treatment Facility,8062,Kern,5F,WDRMUNIOTH,Active,WDR,R5-00-037,5D151163001,,03/17/2000,03/17/2000,,2010-03-17,.055,,B,2,,,,0,16,
Pilot Travel Centers LLC,"5508 Lonas Road, Knoxville, TN 37909",Flying J #613,"17047 Zachary Avenue, Shafter, CA 93263",35.53207,-119.18857,Wastewater Treatment Facility,6552,Kern,5F,WDRMUNIOTH,Active,WDR,89-162,5D151178001,,09/22/1989,09/22/1989,,1999-09-18,.06,,B,2,,,,0,0,
Stoco Mutual Water & Sewer Company,"5001 California Avenue 100, Bakersfield, CA 93309-1607",Stoco WWTF,"I-5 and Stockdale Highway, CA 93314",35.35123,-119.32545,Wastewater Treatment Facility,6552,Kern,5F,WDRMUNIOTH,Active,WDR,R5-2007-0153,5D152000001,,10/26/2007,10/26/2007,,2017-10-26,.05,,B,3,,,,0,0,
Armona CSD,"Po Box 486, Armona, CA 93202",Armona CSD WWTF,"13545 Hume Avenue, Hanford, CA 93230",36.30566,-119.70093,Wastewater Treatment Facility,4952,Kings,5F,WDRMUNILRG,Active,WDR,92-017,5D160100001,,01/24/1992,01/24/1992,,2002-01-21,.4,,B,2,,,,0,0,
Avenal City,"919 Southwest Skyline Boulevard, Avenal, CA 93204",Avenal WWTF,"1 Effluent Wy, Avenal, CA 93204",35.97727,-120.11307,Wastewater Treatment Facility,4952,Kings,SB,"SLIC, WDR, WDRMUNILRG",Active,Co-Permitee,2020-0015-DWQ,5D160101001,,,07/09/2020,,,,,,,,,,0,11,
Corcoran City,"1033 Chittenden Avenue, Corcoran, CA 93212",Corcoran WWTF,"895 Pueblo  Avenue, Corcoran, CA 93212",36.079556,-119.557722,Wastewater Treatment Facility,4952,Kings,5F,"SLIC, WDRMUNILRG",Active,WDR,R5-2021-0025-01,5D160102001,,04/22/2021,04/22/2021,,2031-04-22,1.75,,B,2,,,,0,66,
Hanford City,"900 South 10th Avenue, Hanford, CA 93230",Hanford WWTF,"10555 Houston Avenue, Hanford, CA 93230",36.2984,-119.64984,Wastewater Treatment Facility,4952,Kings,SB,"SLIC, WDRMUNILRG",Active,Co-Permitee,2020-0015-DWQ,5D160103001,,,07/09/2020,,,,,,,,,,0,111,
Stratford PUD,"Po Box 85, Stratford, CA 93266",Stratford WWTF,"SE 1/4 of Section 17, T20S, R20E MDB&M, Stratford, CA 93266",36.18654,-119.81629,Wastewater Treatment Facility,4952,Kings,5F,WDRMUNILRG,Active,Enrollee - WDR,2014-0153-DWQ,5D160105001,,,07/30/2018,,2029-09-23,.15,,B,2,,,,1,43,
Kettleman City CSD,"Po Box 179, Kettleman City, CA 93239",Kettleman City WWTF,"2000 Racine Avenue, Kettleman City, CA 93239",36.00686,-119.94555,Wastewater Treatment Facility,4952,Kings,5F,WDRMUNILRG,Active,WDR,79-143,5D160109001,,06/22/1979,06/22/1979,,1989-06-19,.22,,B,2,,,,0,0,
US Navy Naval Air Station Lemoore,"730 Naval Station Boulevard Rm 111, Lemoore, CA 93246",Lemoore NAS WWTF,"Hwy 198, Lemoore, CA 93245",36.27557,-119.82353,Wastewater Treatment Facility,4952(+),Kings,5F,WDRMUNILRG,Active,WDR,R5-2002-0062,5D160700001,,04/26/2002,04/26/2002,,2012-04-26,4,,A,2,,,,0,257,
Ca Dept of Corrections Corcoran,"Po Box 12050, Bakersfield, CA 93389",Corcoran State Prison WWTF,"4001 King Avenue, Corcoran, CA 93212",36.06023,-119.55285,Wastewater Treatment Facility,4952(+),Kings,5F,WDRMUNILRG,Active,WDR,R5-2016-0027,5D160801001,,04/21/2016,04/21/2016,,2026-04-21,2.7,,B,2,,,,0,52,
McClory Properties,"Po Box 554, Richmond, CA 94808",El Dorado MHP WWTF,"9630 Hwy 41, Lemoore, CA 93245",36.33226,-119.81053,Wastewater Treatment Facility,6515,Kings,5F,WDRMUNIOTH,Active,WDR,96-028,5D161005001,,01/26/1996,01/26/1996,,2006-01-23,.025,,B,2,,,,2,17,
Lemoore City,"711 West Cinnamon Drive, Lemoore, CA 93245",Lemoore WWTF,"351 North Bell Haven Drive, Lemoore, CA 93245",36.30022,-119.81534,Wastewater Treatment Facility,2022(+),Kings,5F,WDRMUNILRG,Active,WDR,R5-2024-0007,5D165009001,,02/16/2024,02/16/2024,,2034-02-16,5.0,,B,2,,,,0,0,
Dinuba City,"405 East El Monte  Way, Dinuba, CA 93618",Dinuba WWTF,"6675 Ave 412, Dinuba, CA 93618",36.53883,-119.40863,Wastewater Treatment Facility,4952,Tulare,5F,"SLIC, WDRMUNILRG",Active,WDR,R5-2023-0046,5D540101001,,10/12/2023,10/12/2023,,2033-10-12,3.0,,B,2,,,,0,25,
Earlimart PUD,"Po Box 10148, Earlimart, CA 93219-0148",Earlimart WWTF,"396 North Church Road 6, Earlimart, CA 93219",35.88313,-119.29868,Wastewater Treatment Facility,4952,Tulare,5F,WDRMUNILRG,Active,WDR,98-140,5D540102001,,06/05/1998,06/05/1998,,2008-06-02,.6,,B,2,,,,0,0,
Exeter City,"Po Box 237, Exeter, CA 93221",Exeter WWTF,"1906 West Meyers, Exeter, CA 93221",36.28927,-119.14325,Wastewater Treatment Facility,4952,Tulare,SB,"NPDMUNILRG, SLIC, WDRMUNILRG",Active,Co-Permitee,2020-0015-DWQ,5D540103001,,,07/09/2020,,,,Major,,,,,,1,20,
Ivanhoe PUD,"15867 Azalea Avenue, Ivanhoe, CA 93235",Ivanhoe WWTF,"15180 Avenue 324, Ivanhoe, CA 93235",36.3807,-119.23343,Wastewater Treatment Facility,4952,Tulare,5F,WDRMUNILRG,Active,WDR,98-090,5D540104001,,04/17/1998,04/17/1998,,2008-04-14,.56,,B,2,,,,0,0,
Lindsay City,"Po Box 369, Lindsay, CA 93247-0369",Lindsay WWTF,"23611 Road 196, Lindsay, CA 93247",36.21826,-119.13634,Wastewater Treatment Facility,4952,Tulare,SB,"SLIC, WDRMUNILRG",Active,Co-Permitee,2020-0015-DWQ,5D540105001,,,07/09/2020,,,,,,,,,,1,48,
Pixley PUD,"Po Box 535, Pixley, CA 93256",Pixley WWTF,"2051 West Terra Bella, Pixley, CA 93256",35.95744,-119.30914,Wastewater Treatment Facility,4952,Tulare,5F,"REC, WDRMUNILRG",Active,WDR,R5-2007-0123,5D540106001,,09/14/2007,09/14/2007,,2017-09-14,.2,,A,2,,,,0,64,
Porterville City,"291 North Main Street, Porterville, CA 93257",Porterville WWTF,"555 Prospect, Porterville, CA 93257",36.075954,-119.043986,Wastewater Treatment Facility,4952,Tulare,SB,"SLIC, WDRMUNILRG",Active,Co-Permitee,2020-0015-DWQ,5D540107001,,,07/09/2020,,,,,,,,,,0,61,
Strathmore PUD,"Po Box 425, Strathmore, CA 93267",Strathmore  WWTF,"19481 Road 224, Strathmore, CA 93267",36.14346,-119.07172,Wastewater Treatment Facility,4952,Tulare,5F,WDRMUNILRG,Active,WDR,R5-2016-0061,5D540108001,,08/18/2016,08/18/2016,,2026-08-18,.4,,B,2,,,,2,85,
Terra Bella Sewer MD,"County Civic Center 10, Visalia, CA 93291",Terra Bella WWTF,"9832 Road 238, Terra Bella, CA 93270",35.96421,-119.03995,Wastewater Treatment Facility,4952,Tulare,5F,WDRMUNILRG,Active,WDR,95-029,5D540109001,,02/24/1995,02/24/1995,,2005-02-21,.1,,B,2,,,,1,86,
Tulare City,"3981 South K Street, Tulare, CA 93274",City of Tulare WWTF,"1875 South West Street, Tulare, CA 93274",36.2294,-119.366758,Wastewater Treatment Facility,4952,Tulare,SB,"SLIC, WDRMUNILRG",Active,Co-Permitee,2020-0015-DWQ,5D540110001,,,07/09/2020,,,,,,,,,,1,492,
Tulare Cnty Housing Authority,"Po Box 791, Visalia, CA 93279",Woodville Farm Labor Center,"Ave 160 at Rd 192, Woodville, CA 93257",36.08037,-119.14311,Wastewater Treatment Facility,0761,Tulare,5F,WDRMUNILRG,Active,WDR,82-006,5D540112003,,01/22/1982,01/22/1982,,1997-01-18,.12,,B,3,,,,0,0,
US Army Corps of Engineers Porterville,"Po Box 1072, Porterville, CA 93258",Success Reservoir Campground,"Success Lake, Porterville, CA 93257",36.06911,-118.92175,Wastewater Treatment Facility,7999,Tulare,5F,WDRMUNIOTH,Active,WDR,99-081,5D540112004,,06/11/1999,06/11/1999,,2014-06-07,.012,,B,3,,,,0,0,
Visalia City,"707 West Acequia Avenue, Visalia, CA 93291",Visalia Water Reclamation Facility (WRF),"7579 Ave 288, Visalia, CA 93277",36.31234,-119.40435,Wastewater Treatment Facility,4952,Tulare,SB,"NPDMUNILRG, SLIC, WDRMUNILRG",Active,Co-Permitee,2020-0015-DWQ,5D540113001,,,07/09/2020,,,,Major,,,,,,0,118,
Woodlake City,"350 North Valencia Boulevard, Woodlake, CA 93286",Woodlake WWTF,"811 South Valencia Boulevard, Woodlake, CA 93286",36.40101,-119.09892,Wastewater Treatment Facility,4952,Tulare,SB,"SLIC, WDR, WDRMUNILRG",Active,Co-Permitee,2020-0015-DWQ,5D540114001,,,07/09/2020,,,,,,,,,,0,0,
Woodville PUD,"Po Box 4567, Woodville, CA 93257",Woodville WWTF,"ave 160, Woodville, CA 93274",36.08372,-119.21095,Wastewater Treatment Facility,4952,Tulare,5F,"REC, WDRMUNILRG",Active,WDR,86-108,5D540115001,,05/30/1986,05/30/1986,,1996-06-30,.33,,B,2,,,,1,1,
Tipton CSD,"Po Box 266, Tipton, CA 93272",Tipton WWTF,"1 M N of Poplar Av, W of Hy 99, Tipton, CA 93272",36.0594,-119.31206,Wastewater Treatment Facility,4952,Tulare,5F,"WDR, WDRMUNILRG",Active,WDR,85-170,5D540116001,,06/28/1985,06/28/1985,,1995-06-26,.4,,B,2,,,,0,3,
Farmersville City,"909 West Visalia Road, Farmersville, CA 93223",Farmersville WWTF,"1 Mi South of Farmersville, Farmersville, CA 93223",36.29773,-119.20678,Wastewater Treatment Facility,4952,Tulare,5F,"SLIC, WDRMUNILRG",Active,WDR,R5-2022-0026,5D540117001,,04/21/2022,04/21/2022,,2032-04-21,,,B,2,,,,0,21,
Lemon Cove Sanitary District,"Po Box 44374, Lemon Cove, CA 93244",Lemon Cove WWTF,"North of Town, Lemon Cove, CA 93286",36.46896,-119.02272,Wastewater Treatment Facility,4952,Tulare,5F,WDRMUNIOTH,Active,WDR,94-348,5D540118001,,12/09/1994,12/09/1994,,2009-12-06,.02,,C,3,,,,1,1,
London CSD,"37835 Kate Road, Dinuba, CA 93618",London WWTF,"Rd 60 at Ave 376, Dinuba, CA 93618",36.472194,-119.436414,Wastewater Treatment Facility,4952,Tulare,5F,"WDRMUNILRG, WDRMUNIOTH",Active,WDR,R5-2017-0109,5D540119001,,10/20/2017,04/20/2000,,2027-10-20,0.30,,B,2,,,,1,0,
Springville PUD,"Po Box 434, Springville, CA 93265",Springville WWTF,"35140 Tule River Drive, Springville, CA 93265",36.12191,-118.82295,Wastewater Treatment Facility,4952,Tulare,5F,WDRMUNIOTH,Active,WDR,96-195,5D540130001,,08/08/1996,08/08/1996,,2006-08-06,.06,,B,2,,,,0,33,
Cutler-Orosi JT Powers WW Authority,"40401 Road 120, Cutler, CA 93615",Cutler-Orosi WWTF,"40401 Road 120, Cutler, CA 93615",36.52323,-119.30489,Wastewater Treatment Facility,4952,Tulare,5F,"NPDMUNILRG, SLIC",Active,NPDES Permit,R5-2025-0013,5D540132001,CA0081485,02/21/2025,04/01/2025,,2030-03-31,2.0,Major,A,2,,,,1,35,
Tulare Cnty Building Service & Park Dept,"2500 West Burrel Avenue, Visalia, CA 93291",Sequoia Field WWTF,"36000 Rd 112, Visalia, CA 93291",36.44358,-119.32263,Wastewater Treatment Facility,9223,Tulare,5F,WDRMUNIOTH,Active,WDR,98-166,5D540135001,,07/24/1998,07/24/1998,,2008-07-21,.081,,B,2,,,,0,0,
"Central Cal Waterworks, Inc.",,Tooleville WWTF,"South of Morgan Avenue, Road 204, 1/4 miles South of Avenue 276, Tooleville, CA 93270",35.93936,-119.06927,Wastewater Treatment Facility,4952,Tulare,5F,WDRMUNIOTH,Active,Enrollee - WDR,2014-0153-DWQ,5D540136001,,,01/14/2025,,2029-09-23,,,C,2,,,,0,0,
Tulare Cnty Resource Management Agency,"5961 South Mooney Boulevard, Visalia, CA 93277",Traver WWTF,"Road 44 at Avenue 36B, Traver, CA 93631",36.453405,-119.473043,Wastewater Treatment Facility,4952,Tulare,5F,"WDRMUNIOTH, WDRNONMUNIPRCS",Active,Enrollee - WDR,2014-0153-DWQ,5D540136003,,,02/26/2025,,2029-09-23,0.089,,C,3,,,,1,0,
Tulare Cnty Resource Management Agency,"5961 South Mooney Boulevard, Visalia, CA 93277",Delft Colony WWTF,"Road 56 of Ave 384, Delft Colony, CA 93618",36.507749,-119.447132,Wastewater Treatment Facility,4952,Tulare,5F,WDRMUNIOTH,Active,Enrollee - WDR,2014-0153-DWQ,5D540136004,,,10/10/2025,,2029-09-23,.0572,,C,2,,,,0,10,
Poplar CSD,"Po Box 3849, Poplar, CA 93257",Poplar WWTF,"avenue 144, Poplar, CA 93257",36.04784,-119.1523,Wastewater Treatment Facility,4952,Tulare,5F,WDRMUNILRG,Active,WDR,98-214,5D540137001,,10/23/1998,10/23/1998,,2008-10-20,.34,,B,2,,,,0,0,
USDI National Park Service Sequoia & Kings Canyon,"47050 Generals Highway, Three Rivers, CA 93271",Grant Grove WWTF,"84300 Swale Road, Kings Canyon, CA 93633",36.743413,-118.975874,Wastewater Treatment Facility,7999,Fresno,5F,WDRMUNIOTH,Active,Enrollee - WDR,2014-0153-DWQ,5D540700001,,,08/13/2020,,2030-06-16,.085,,B,2,,,,0,0,
USDI National Park Service Sequoia & Kings Canyon,"47050 Generals Highway, Three Rivers, CA 93271",Cedar Grove WWTF,"105605 Kings Canyon Road, Kings Canyon, CA 93633",36.802996,-118.695825,Wastewater Treatment Facility,7999,Fresno,5F,WDRMUNIOTH,Active,WDR,97-033,5D540700002,,02/28/1997,02/28/1997,,2007-02-28,.055,,B,2,,,,1,2,
Ca Dept of Parks & Rec Lebec,"Po Box 895, Lebec, CA 93243",Colonel Allensworth State Historic Park,"Grant and Avenue 42, Allensworth, CA 93219",35.8632,-119.39032,Wastewater Treatment Facility,7011,Tulare,5F,"WDRMUNIENROTH, WDRMUNIOTH",Active,Enrollee - WDR,97-010-DWQ,5D540700003,,,05/12/2014,,2029-05-12,.033,,C,3,,,,0,0,
CA Dept of Trans D6 Bakersfield R5F,"1226 Olive Drive, Bakersfield, CA 93308",Philip S Raine SRRA,"Fwy 99 3 miles north of Tipton, CA 93272",36.1067,-119.3239,Wastewater Treatment Facility,7299,Tulare,5F,WDRMUNIOTH,Active,Enrollee - WDR,2014-0153-DWQ,5D540801001,,,09/26/2022,,2029-09-23,0.035,,B,3,,,,0,0,
USDI National Park Service Sequoia & Kings Canyon,"47050 Generals Highway, Three Rivers, CA 93271",Clover Creek WWTF,"Lodgepole Area, CA 93262",36.605664,-118.750193,Wastewater Treatment Facility,7999,Tulare,5F,WDRMUNIOTH,Active,WDR,2014-0153-DWQ-R5342,5D541003003,,08/12/2020,08/12/2020,,2035-08-12,0.095,,C,3,,,,0,0,
USDI National Park Service Sequoia & Kings Canyon,"47050 Generals Highway, Three Rivers, CA 93271",Ash Mountain WWTF,"Ash Mountain, CA",36.490311,-118.830268,Wastewater Treatment Facility,7999,Tulare,5F,"WDRMUNIENROTH, WDRMUNIOTH",Active,Enrollee - WDR,2014-0153-DWQ,5D541003004,,,11/03/2025,,2029-09-23,,,C,2,,,,0,4,
"Smith, Myron","Po Box A, Taft, CA 93268",Quail Valley REC Park,"40587 Hot Springs Road, Calif Hot Springs, CA 00026",35.87481,-118.69996,Wastewater Treatment Facility,7033,Tulare,5F,WDRMUNIOTH,Active,WDR,99-143,5D541009001,,10/29/1999,10/29/1999,,2014-10-25,.005,,C,3,,,,0,0,
Tulare Cnty Housing Authority,"Po Box 791, Visalia, CA 93279",Linnell Farm Labor Center,"1436-3 North Mariposa Avenue, Visalia, CA 93292",36.30957,-119.22437,Wastewater Treatment Facility,0761,Tulare,5F,WDRMUNILRG,Active,WDR,82-007,5D541012001,,01/22/1982,01/22/1982,,1997-01-18,.13,,B,3,,,,1,1,
Deer Meadow Leachfield Service,"Po Box 803, Three Rivers, CA 93271",Deer Meadow Leachfield,"Three Rivers, Three Rivers, CA 93271",36.44952,-118.7198,Wastewater Treatment Facility,4953,Tulare,5F,"WDRMUNIENROTH, WDRMUNIOTH",Active,Enrollee - WDR,97-010-DWQ,5D541013001,,,01/29/1999,,2014-01-29,.008,,C,3,,,,0,0,
"Hannegan, Joe & Brad","29198 Highway 190, Porterville, CA 93257",Lakeside Trailer Park,"29198 Hwy 190, Porterville, CA 93257",36.05502,-118.92204,Wastewater Treatment Facility,6515,Tulare,5F,WDRMUNIOTH,Active,WDR,99-106,5D541020001,,07/28/1999,07/28/1999,,2014-07-24,.017,,C,3,,,,0,0,
Badger Hill Association,"1 High Sierra Drive, Exeter, CA 93221",Badger Hill Septic Tank Management Program,"Rocky Hill, Exeter, CA 93221",36.2959,-119.10199,Wastewater Treatment Facility,6552,Tulare,5F,WDRMUNIOTH,Active,WDR,95-042,5D541023001,,02/24/1995,02/24/1995,,2010-02-20,.039,,C,3,,,,0,0,
Richgrove CSD,"Po Box 300, Richgrove, CA 93261",Richgrove WWTF,"Along Southern Pacific Railroad, Richgrove, CA 93215",35.79521,-119.11223,Wastewater Treatment Facility,4952,Tulare,5F,WDRMUNILRG,Active,WDR,83-088,5D541024001,,08/12/1983,08/12/1983,,1998-08-08,.22,,B,3,,,,2,40,
"Cox, Randy & Diane","10679 Orangebelt Drive, Porterville, CA 93277",Deer Creek RV Park,"10679 Orange Belt Drive, Terra Bella, CA 93257",35.98334,-119.04905,Wastewater Treatment Facility,7032,Tulare,5F,WDRMUNIOTH,Active,WDR,99-107,5D541041001,,07/28/1999,07/28/1999,,2014-07-24,.0078,,C,3,,,,0,0,
Hartland Christian Association,"57611 Eshom Valley Dr, Badger, CA 93603",Hartland Christian OWTS,"57611 Eshom Valley, Badger, CA 00026",36.65179,-118.95709,Wastewater Treatment Facility,4952,Tulare,5F,"WDRMUNIOTH, WDRMUNIOWTS",Active,Enrollee - WDR,97-010-DWQ,5D541048001,,,01/17/2014,,2029-01-17,0.026,,B,3,,,,0,2,
River Island East HOA,"32903 Riverside Drive, Springville, CA 93265",River Island East WWTF,"31989 River Island, Porterville, CA 93257",36.100597,-118.850604,Wastewater Treatment Facility,4952,Tulare,5F,WDRMUNIOTH,Active,Enrollee - WDR,2014-0153-DWQ,5D541049001,,,03/17/2020,,2029-09-23,.01,,C,3,,,,0,6,
Markleeville PUD,"Po Box 222, Markleeville, CA 96120",Markleeville Wstwtr Trtmnt Sys,"14777 CA 89 Highway, Markleeville, CA 96120",38.695069,-119.7759479,Wastewater Treatment Facility,4952,Alpine,6T,WDRMUNIOTH,Active,WDR,95-022,6A020008000,,02/09/1995,02/09/1995,,2025-08-30,.04,,C,2,,,,0,3,
Washoe Tribe of Nevada & California,"919 Hwy 395, Gardnerville, NV 89410",Woodfords Indian Colony WTDF,"96 Washo Boulevard, Woodfords, CA 96120",38.7983716,-119.74823,Wastewater Treatment Facility,4952,Alpine,6T,WDRMUNIOTH,Active,WDR,95-021,6A020013000,,02/09/1995,02/09/1995,,2000-02-10,.0055,,C,2,,,,0,5,
South Tahoe PUD,"1275 Meadow Crest Drive, South Lake Tahoe, CA 96150",STPUD WWTP,"1275 Meadow Crest Drive, South Lake Tahoe, CA 96150",38.921379,-119.971178,Wastewater Treatment Facility,4952,El Dorado,SB,"SLIC, WDRMUNILRG",Active,Co-Permitee,2020-0015-DWQ,6A021008003,,,07/09/2020,,,,,,,,,,3,2,
Leavitt Lake CSD,"471 830 Buffum Lane, Susanville, CA 96130",Leavitt Lake Sewage Treatment Ponds,"471-830 Buffum Lane, Susanville, CA 96130",40.374337,-120.519579,Wastewater Treatment Facility,4952,Lassen,6T,"WDRMUNILRG, WDRMUNIOTH",Active,WDR,96-018,6A180004501,,03/14/1996,03/14/1996,,2002-03-15,.049,,C,2,,,,5,8,
US Army Sierra Army Depot,"74 C Street Building 63, Herlong, CA 96113",Sierra Army Depot Sewage Treatment Plant,"Sierra Army Depot, Herlong, CA",40.1544823,-120.1376009,Wastewater Treatment Facility,4952,Lassen,6T,WDRMUNILRG,Active,WDR,01-025,6A180020000,,05/10/2001,05/10/2001,,2006-05-11,.16,,C,2,,,,4,4,
Herlong PUD,"Po Box 115, Herlong, CA 96113",Herlong Public Utility District WWTF,"Poleline Road, Herlong, CA 96113",40.1601647,-120.176765,Wastewater Treatment Facility,4952,Lassen,6T,WDRMUNILRG,Active,WDR,R6T-2016-0036,6A180208004,,06/09/2016,06/09/2016,,2026-06-09,0.375,,C,2,,,,0,1,
Spalding Community Service District,"502 907 Mahogany Way, Susanville, CA 96130",Spalding Tract Sewer System,"Eagle Lake Road, Spalding, CA 96130",40.68568,-120.79955,Wastewater Treatment Facility,4952,Lassen,6T,WDRMUNIOTH,Active,WDR,R6T-2006-0020,6A180506011,,05/11/2006,05/11/2006,,2011-05-12,.0375,,C,3,,,,5,5,
Susanville SD,"45 Northwest Roop Street, Susanville, CA 96130",Susanville Sanitary District WWTP,"476-200 Bunyan Road, Susanville, CA 96130",40.41453,-120.63095,Wastewater Treatment Facility,4952,Lassen,SB,"NPDMUNILRG, SLIC",Active,Co-Permitee,2020-0015-DWQ,6A181554001,,,07/09/2020,,,,Major,,,,,,10,31,
Ca Dept of Corrections & Rehabilitation,"9838 Old Placerville Road B, Sacramento, CA 95827","CCC @ Susanville, CSP-LC WTF","PO Box 790, Susanville, CA 96130",40.4021,-120.51432,Wastewater Treatment Facility,4952,Lassen,6T,WDRMUNILRG,Active,WDR,R6T-2008-0024,6A186000500,,07/23/2008,07/23/2008,,2013-07-24,1.8,,B,2,,,,2,2,
Stones-Bengard CSD,"509 695 Stone Road, Susanville, CA 96130",Stones-Bengard Sewage Treatment Ponds,"Stones Subdivision, Susanville, CA 96130",40.7204613,-120.7409477,Wastewater Treatment Facility,4952(+),Lassen,6T,WDRMUNIOTH,Active,WDR,R6T-2014-0048,6A188812008,,06/18/2014,06/18/2014,,2024-06-18,.004,,C,3,,,,0,0,
US Marine Corps Coleville,"700 Champagne Avenue, Coleville, CA 96107",USMC-MWTC WWTC,"MWTC HC83, Bridgeport, CA 93517",38.35765,-119.51451,Wastewater Treatment Facility,4952,Mono,6T,WDRMUNILRG,Active,WDR,93-072,6A260154101,,08/12/1993,08/12/1993,,1998-08-13,.14,,B,2,,,,5,5,
Bridgeport PUD,"Po Box 473, Bridgeport, CA 93517",Bridgeport PUD Treatment Plant,"PO Box 91, Bridgeport, CA 93517",38.2681521,-119.209621,Wastewater Treatment Facility,4952,Mono,6T,WDRMUNILRG,Active,WDR,01-012,6A265300900,,03/14/2001,03/14/2001,,2006-03-15,.2,,B,2,,,,1,2,
Tahoe Truckee Sanitation Agency,"Po  Box 669 Drive, Truckee, CA 96160-0669",Tahoe Truckee Sanitation Agency,"13720 Butterfield Drive, Truckee, CA 96161",39.3390439,-120.1277733,Wastewater Treatment Facility,4952,Nevada,SB,"SLIC, WDRMUNILRG",Active,Co-Permitee,2020-0015-DWQ,6A290011000,,,07/09/2020,,,,Major,,,,,,0,0,
Big Pine CSD,"Po Box 639, Big Pine, CA 93513",Big Pine STP,"0.5 Mi Ne of Big Pine, Big Pine, CA 93514",37.17189,-118.278224,Wastewater Treatment Facility,4952,Inyo,6V,WDRMUNILRG,Active,WDR,95-035,6B140100001,,03/09/1995,03/09/1995,,2005-03-09,.15,,B,2,,,,0,1,
Bishop City,"377 West Line Street 1236, Bishop, CA 93514",Bishop Sewage Treatment Plant,"Poletta, Bishop, CA 93514",37.356287,-118.374855,Wastewater Treatment Facility,4952,Inyo,SB,"SLIC, WDR, WDRMUNILRG",Active,Co-Permitee,2020-0015-DWQ,6B140101001,,,07/09/2020,,,,,,,,,,0,0,
Lone Pine CSD,"Po Box 36, Lone Pine, CA 93545",Lone Pine WWTF,"PO Box 36, Lone Pine, CA 93545",36.605982,-118.044725,Wastewater Treatment Facility,4952,Inyo,6V,WDRMUNILRG,Active,WDR,95-036,6B140104001,,03/09/1995,03/09/1995,,2005-03-09,.5,,C,2,,,,0,0,
Eastern Sierra CSD,"301 West Line Street Suite D, Bishop, CA 93514",Eastern Sierra CSD WWTF,"301 West Line Street, Bishop, CA 93514",37.355471,-118.369097,Wastewater Treatment Facility,4952,Inyo,6V,"REC, WDRMUNILRG",Active,WDR,94-024,6B140108001,,02/10/1994,02/10/1994,,2004-02-10,.85,,B,2,,,,0,269,
Hilton Creek CSD,"Rt 1 Box 1124, Crowley Lake, CA 93546",Hilton Creek CSD Package STP,"3222 Crowley Lake Drive, Crowley Lake, CA 93546",37.570569,-118.760306,Wastewater Treatment Facility,4952,Mono,6V,WDRMUNIOTH,Active,WDR,04-018,6B140109001,,06/09/2004,06/09/2004,,2014-06-09,.087,,B,2,,,,1,0,
USDI National Park Service Death Valley  SW Village,"Po Box 579, Death Valley, CA 92328",Stovepipe Wells Village,"7 Mi W/O Hwy 190 & Rt 5 Jct, Death Valley, CA 92328",36.610282,-117.144411,Wastewater Treatment Facility,4952,Inyo,6V,"WDR, WDRMUNIOTH",Active,WDR,96-161,6B140704001,,11/08/1996,11/08/1996,,2011-11-08,.03,,C,3,,,,2,75,
USDI National Park Service Death Valley,"Death Valley National Park, Death Valley, CA 92328",DVNP Cow Creek RO Plant,"P.O. Box 579, Park Village, CA 92328",36.50885,-116.84794,Wastewater Treatment Facility,,Inyo,6V,WDRMUNIOTH,Active,WDR,R6-2026-0010,6B142509005,,05/06/2026,05/06/2026,,2076-05-13,,,,,,,,0,0,
Big Pine Indian Reservation,"Po Box 700, Big Pine, CA 93513",Big Pine Indian RES WTF,"825 S Main St, Big Pine, CA 93513",37.167149,-118.277024,Wastewater Treatment Facility,4952,Inyo,6V,"WDRMUNILRG, WDRMUNIOTH",Active,WDR,02-039,6B149107005,,06/14/2002,06/14/2002,,2012-06-14,0.047,,C,2,,,,0,1,
Desert Lake CSD,"12200 Del Oro Street, Boron, CA 93516",Desert Lake CSD WTF,"W of Boron, Boron, CA 93516",35.008962,-117.70697,Wastewater Treatment Facility,4952,Kern,6V,WDRMUNILRG,Active,WDR,01-055,6B150103001,,10/10/2001,10/10/2001,,2016-10-10,.14,,B,3,,,,0,0,
Inyokern CSD,"Po Box 1418, Inyokern, CA 93527",Inyokern CSD WTF,"Northeast Of Inyokern, Inyokern, CA 93527",35.66359,-117.81366,Wastewater Treatment Facility,4952,Kern,6V,WDRMUNILRG,Active,WDR,93-077,6B150104001,,08/12/1993,08/12/1993,,2003-08-12,.15,,C,2,,,,0,0,
Mojave PUD,"15844 K Street, Mojave, CA 93501",Mojave STP,"Se of Mojave, Mojave, CA 93501",35.030014,-118.146276,Wastewater Treatment Facility,4952,Kern,6V,WDRMUNILRG,Active,WDR,01-036,6B150111001,,06/13/2001,06/13/2001,,2011-06-13,.6,,B,2,,,,0,0,
Rosamond CSD,,Rosamond WTF (Ponds),"875 Southeast Patterson Road, Rosamond, CA 93560",34.83554,-118.14903,Wastewater Treatment Facility,4952,Kern,SB,"SLIC, WDRMUNILRG",Active,Co-Permitee,2020-0015-DWQ,6B150112001,,,07/09/2020,,,,,,,,,,2,8,
Ridgecrest City,"100 West California Avenue, Ridgecrest, CA 93555",Ridgecrest WTF,"Pole Line Rd and Knox Rd, China Lake, CA 93555",35.670026,-117.638706,Wastewater Treatment Facility,4952,Kern,SB,"REC, SLIC, WDRMUNILRG",Active,Co-Permitee,2020-0015-DWQ,6B150116001,,,07/09/2020,,,,,,,,,,0,3,
California City,"21000 Hacienda Boulevard, California City, CA 93505",California City WTF,"10835 Nelson Drive, California City, CA 93595",35.14196,-117.935665,Wastewater Treatment Facility,4952,Kern,SB,"SLIC, WDRMUNILRG",Active,Co-Permitee,2020-0015-DWQ,6B150118001,,,07/09/2020,,,,,,,,,,0,0,
Boron CSD,"Po Box 1060, Boron, CA 93596",Boron STP,"West Boron, Boron, CA 93596",35.003954,-117.676913,Wastewater Treatment Facility,4952,Kern,6V,"WDRMUNILRG, WDRNONMUNIPRCS",Active,WDR,02-037,6B150126001,,06/12/2002,06/12/2002,,2017-06-12,.21,,B,3,,,,0,0,
Los Angeles Cnty Sanitation District 14,"Po Box 4998, Whittier, CA 90607-4998",Lancaster Water Reclamation Plant,"1865 W Ave D, Lancaster, CA 93534",34.781603,-118.158364,Wastewater Treatment Facility,4952,Los Angeles,6V,"SLIC, WDRMUNILRG, WDRMUNIOTH, WDRMUNIOWTS",Active,WDR,R6V-2022-0023,6B190107017,,06/08/2022,06/08/2022,,,18,,A,1,,,,0,1,
Los Angeles Cnty Sanitation District 20,"Po Box 4998, Whittier, CA 90607",Palmdale Water Reclamation Plant,"39300 30th St E & Ave P Street, Palmdale, CA 93550",34.596859,-118.069945,Wastewater Treatment Facility,4952,Los Angeles,SB,"REC, SLIC, WDRMUNILRG",Active,Co-Permitee,2020-0015-DWQ,6B190107069,,,07/09/2020,,,,,,,,,,0,0,
June Lake PUD,"Po Box 99, June Lake, CA 93529",June Lake PUD STP,"45125 Highway 395, June Lake, CA 93529",37.875698,-119.092331,Wastewater Treatment Facility,4952,Mono,SB,"SLIC, WDRMUNILRG",Active,Co-Permitee,2020-0015-DWQ,6B260101002,,,07/09/2020,,,,,,,,,,0,0,
Lee Vining PUD,"Po Box 266, Lee Vining, CA 93541",Lee Vining WTF,"Hwy 395, Lee Vining, CA 93541",37.96086,-119.11831,Wastewater Treatment Facility,4952,Mono,6V,WDRMUNIOTH,Active,WDR,84-090,6B260102001,,07/13/1984,07/13/1984,,1999-07-13,.076,,B,3,,,,1,0,
Mammoth Water District,"Po Box 597, Mammoth Lakes, CA 93546",Mammoth CWD STP,"1315 Meridian Boulevard, Mammoth Lakes, CA 93546",37.639349,-118.944544,Wastewater Treatment Facility,4952,Mono,SB,"SLIC, WDRMUNILRG",Active,Co-Permitee,2020-0015-DWQ,6B260103001,,,07/09/2020,,,,,,,,,,1,1,
Mammoth Mountain Ski Area LLC,"Po Box 24, June Lake, CA 93529",Mammoth Mtn Ski Area WTF,"1315 Meridian Boulevard, Mammoth Lakes, CA 93546",37.655602,-119.037096,Wastewater Treatment Facility,7996(+),Mono,6V,"WDR, WDRMUNIOTH",Active,WDR,00-017,6B261026001,,03/09/2000,03/09/2000,,2015-03-09,.06,,B,3,,,,1,36,
Baker CSD,"Po Box 590, Baker, CA 92309",Baker WTF,"Kelbaker Rd & I-15, Baker, CA 92309",35.259279,-116.072756,Wastewater Treatment Facility,4952,San Bernardino,6V,WDRMUNILRG,Active,WDR,97-095,6B360100001,,10/08/1997,10/08/1997,,2012-10-08,.4,,B,3,,,,1,65,
Barstow City,"220 East Mt View Street, Barstow, CA 92311",Barstow WWTP,"2200 E Riverside Dr, Barstow, CA 92311",34.884568,-116.980925,Wastewater Treatment Facility,4952,San Bernardino,SB,"SLIC, WDRMUNILRG",Active,Co-Permitee,2020-0015-DWQ,6B360101001,,,07/09/2020,,,,,,,,,,0,0,
Crestline SD,"Po Box 3395, Crestline, CA 92325",Crestline SD Three WTF's,"24516 Lake Drive, Crestline, CA 92325",34.254284,-117.270822,Wastewater Treatment Facility,4952,San Bernardino,6V,"REC, WDRMUNILRG",Active,WDR,94-057,6B360106001,,05/19/1994,05/19/1994,,2004-05-19,1.4,,B,2,,,,0,0,
Lake Arrowhead Community Services District,"Po Box 700, Lake Arrowhead, CA 92352",Lake Arrowhead CSD WTFS,"West Ridge and Hesperia Lane Street, Lake Arrowhead, CA 92352",34.286859,-117.219578,Wastewater Treatment Facility,4952,San Bernardino,SB,"REC, SLIC, WDRMUNILRG",Active,Co-Permitee,2020-0015-DWQ,6B360107001,,,07/09/2020,,,,,,,,,,0,23,
Victor Valley Wastewater Reclamation Authority,"20111 Shay Road, Victorville, CA 92394",Victor Valley Wastewater Reclamation Authority WTP,"20111 Shay Road, Victorville, CA 92394",34.618009,-117.357746,Wastewater Treatment Facility,4952,San Bernardino,SB,"NPDMUNILRG, REC, SLIC, WDRMUNILRG",Active,Co-Permitee,2020-0015-DWQ,6B360109001,,,07/09/2020,,,,Major,,,,,,2,9,
San Bernardino Cnty Airports - Dagget,"12402 Industrial Boulevard Unit D6, Victorville, CA 92393-5004",Barstow/Daggett Airport WTF,"39500 National Trails Hwy, Daggett, CA 92327",34.864554,-116.784148,Wastewater Treatment Facility,4952,San Bernardino,6V,WDRMUNILRG,Active,WDR,99-037,6B360115002,,09/09/1999,09/09/1999,,2009-09-09,.15,,C,2,,,,0,1,
San Bernardino Cnty CSA 82,"222 West Hospitality  Lane 2nd Floor, San Bernardino, CA 92415",Trona & Pioneer Point WTF,"Trona Road, Searles Valley, CA 93562",35.789039,-117.36373,Wastewater Treatment Facility,4952,San Bernardino,6V,WDRMUNILRG,Active,WDR,94-059,6B360115010,,05/19/1994,05/19/1994,,2004-05-19,.247,,B,2,,,,0,0,
Victor Valley Wastewater Reclamation Authority,"20111 Shay Road, Victorville, CA 92394",VVWRA- Sub-Regional Plant-Hesperia,"Intersection of Mojave Rd & Tamarisk Road, Hesperia, CA",34.442628,-117.352494,Wastewater Treatment Facility,4952,San Bernardino,SB,"SLIC, WDRMUNILRG",Active,Co-Permitee,2020-0015-DWQ,6B360907005,,,07/09/2020,,,,,,,,,,0,1,
Victor Valley Wastewater Reclamation Authority,"20111 Shay Road, Victorville, CA 92394",VVWRA Sub-Regional Plant-Apple Valley,"21012 Otoe Road, Apple Valley, CA",34.544278,-117.204514,Wastewater Treatment Facility,4952,San Bernardino,SB,"SLIC, WDRMUNILRG",Active,Co-Permitee,2020-0015-DWQ,6B360907006,,,07/09/2020,,,,,,,,,,0,0,
Victorville City,"14343 Civic Drive, Victorville, CA 92392-2399",SCLA Central WWTP-Victorville Water Dist,"14343 Civic Center Drive, Victorville, CA 92392",34.614722,-117.373056,Wastewater Treatment Facility,4952,San Bernardino,SB,"SLIC, WDRMUNILRG",Active,Co-Permitee,2020-0015-DWQ,6B360911001,,,07/09/2020,,,,,,,,,,0,1,
Helendale CSD,"Po Box 2608, Helendale, CA 92342",Helendale Silverlakes STP,"Wild Road and Helendale Road, Helendale, CA 92342",34.775366,-117.328502,Wastewater Treatment Facility,4952,San Bernardino,SB,"SLIC, WDRMUNILRG",Active,Co-Permitee,2020-0015-DWQ,6B361111001,,,07/09/2020,,,,,,,,,,0,2,
CA Dept of Transportation DO8 (San Bernardino-Riverside Office) Caltrans,"464 West 4th Street 8th Floor Ms833, San Bernardino, CA 92401",Valley Wells Rest Area,"C8M2+G6, Yucca Grove, CA 92364",35.43651,-115.70034,Wastewater Treatment Facility,,San Bernardino,6V,WDRMUNILRG,Active,WDR,R6V-2021-0022,6B361809001,,05/13/2021,05/13/2021,,2026-05-11,,,C,3,,,,0,0,
Adelanto Public Utility Authority,"11600 Air Base Road, Adelanto, CA 92301",Adelanto WWTP,"Ne Corner of Auburn & Jonathan, Adelanto, CA 92301",34.595221,-117.408261,Wastewater Treatment Facility,4952,San Bernardino,SB,"SLIC, WDRMUNILRG",Active,Co-Permitee,2020-0015-DWQ,6B369805001,,,07/09/2020,,,,,,,,,,1,1,
Brawley City,"180 South Western Avenue, Brawley, CA 92227",Brawley City WWTP,"5015 Best Road, Brawley, CA 92227",33.01713,-115.51704,Wastewater Treatment Facility,4952,Imperial,7,"NPDMUNILRG, SLIC",Active,NPDES Permit,R7-2021-0005,7A130100011,CA0104523,06/15/2021,07/01/2021,,2026-06-30,6,Major,A,1,,,,2,20,
Calexico City ,"608 Heber Avenue, Calexico, CA 92231-2840",Calexico City WWTP,"298 East Anza Road, Calexico, CA 92231",32.664611,-115.550889,Wastewater Treatment Facility,4952,Imperial,7,"NPDMUNILRG, SLIC",Active,NPDES Permit,R7-2025-0007,7A130101011,CA7000009,04/01/2025,05/01/2025,,2029-05-30,4.3,Major,A,1,,,,3,41,
Calipatria City,"125 North Park Avenue, Calipatria, CA 92233",Calipatria City WWTP,"106 Lindsey Road, Calipatria, CA 92233",33.1478,-115.55137,Wastewater Treatment Facility,4952,Imperial,7,"NPDMUNILRG, SLIC",Active,NPDES Permit,R7-2020-0010,7A130102041,CA0105015,11/12/2020,12/01/2020,,2025-11-30,1.7,Major,A,2,,,,1,8,
El Centro City,"1275 Main Street, El Centro, CA 92243",El Centro City WWTP,"2255 La Brucherie Road, El Centro, CA 92243",32.8145,-115.578194,Wastewater Treatment Facility,4952,Imperial,7,"NPDMUNILRG, SLIC",Active,NPDES Permit,R7-2024-0041,7A130103011,CA0104426,12/10/2024,01/02/2025,,2030-01-01,8,Major,A,1,,,,0,4,
Heber PUD,"1078 Dogwood Road 103, Heber, CA 92249",Heber PUD WWTP,"1184 Rockwood Avenue, Heber, CA 92249",32.736639,-115.523917,Wastewater Treatment Facility,4952,Imperial,7,NPDMUNIOTH,Active,NPDES Permit,R7-2022-0007,7A130104011,CA0104370,06/14/2022,07/01/2022,,2027-06-30,.81,"Major, Minor",B,2,,,,1,9,
Holtville City,"121 West 5th Street, Holtville, CA 92250",Holtville City WWTP,"1250 Kamm Road, Holtville, CA 92250",32.82572,-115.42993,Wastewater Treatment Facility,4952,Imperial,7,NPDMUNIOTH,Active,NPDES Permit,R7-2022-0005,7A130105011,CA0104361,02/08/2022,03/01/2022,,2027-04-30,.85,Minor,B,2,,,,1,3,
Imperial City,"420 South Imperial Avenue, Imperial, CA 92251",Imperial City WWTP,"701 East 14th Street, Imperial, CA 92251",32.853917,-115.56275,Wastewater Treatment Facility,4952,Imperial,7,"NPDMUNILRG, SLIC",Active,NPDES Permit,R7-2021-0002,7A130106011,CA0104400,04/13/2021,05/01/2021,,2026-04-30,2.4,Major,A,2,,,,1,0,
Niland County Sanitation District,"155 South 11th Street, El Centro, CA 92243",Niland SD WWTP,"125 West Alcott Road, Niland, CA 92257",33.227333,-115.561667,Wastewater Treatment Facility,4952,Imperial,7,NPDMUNIOTH,Active,NPDES Permit,R7-2025-0017,7A130109011,CA0104451,07/01/2025,08/01/2025,,2030-07-31,.5,Minor,B,2,,,,2,17,
Salton Community Services Dist,"Po Box 5268, Salton City, CA 92275",SCSD Desert Shores WWTP,"Cooledge Springs Rd/Hwy 86, Desert Shores, CA 92274",,,Wastewater Treatment Facility,4952,Imperial,7,WDRMUNILRG,Active,WDR,R7-2025-0016,7A130110031,,06/03/2025,06/03/2025,,2040-06-03,.2,,B,3,,,,3,52,
Seeley Cnty WD,"Po Box 161, Seeley, CA 92273",Seeley CWD WWTP,"1898 West 5th Street, Seeley, CA 92273",32.79427,-115.69997,Wastewater Treatment Facility,4952,Imperial,7,NPDMUNIOTH,Active,NPDES Permit,R7-2023-0003,7A130111013,CA0105023,06/27/2023,08/01/2023,,2028-07-30,.25,Minor,B,2,,,,1,70,
Westmorland City,"Po Box 699, Westmorland, CA 92281",Westmorland City WWTP,"5295 Martin Road, Westmorland, CA 92281",33.037306,-115.630083,Wastewater Treatment Facility,4952,Imperial,7,NPDMUNIOTH,Active,NPDES Permit,R7-2023-0002,7A130112012,CA0105007,03/14/2023,04/01/2023,,2028-03-31,.5,Minor,B,2,,,,0,4,
Salton Community Services Dist,"Po Box 5268, Salton City, CA 92275",SCSD Thomas R. Cannell WWTP,"2196 Palm View Avenue, Salton City, CA 92275",,,Wastewater Treatment Facility,,Imperial,7,"CERFILLEXC, WDRMUNILRG",Active,WDR,R7-2024-0020,7A130117001,,06/11/2024,06/11/2024,,2039-06-11,0.25,,B,3,,,,4,37,
Imperial CCD,"Po Box 158, Imperial, CA 92251-0158",Imperial CCD WWTP,"380 East Aten Road, Imperial, CA 92251",32.825361,-115.567417,Wastewater Treatment Facility,8222,Imperial,7,"NPDMUNIOTH, WDRMUNILRG",Active,WDR,R7-2025-0019,7A130135001,,07/01/2025,07/01/2025,,2040-07-01,0.100,Minor,B,3,,,,0,0,
McCabe USD,"701 West Mccabe Road, El Centro, CA 92243",McCabe Municipal WWTP,"701 West McCabe Road, El Centro, CA 92243",,,Wastewater Treatment Facility,,Imperial,7,WDRMUNIOTH,Active,Enrollee - WDR,2014-0153-DWQ,7A130136001,,,02/10/2026,,2029-09-23,,,B,3,,,,0,0,
US Customs & Border Protection,"211 West Aten Road, Imperial, CA 92251",Calexico Border Patrol Station,"536 Barbara Worth Road, Calexico, CA",32.689499,-115.430999,Wastewater Treatment Facility,,Imperial,7,WDRMUNIOTH,Active,Enrollee - WDR,2014-0153-DWQ,7A130139001,,,12/13/2019,,2034-12-13,,,B,3,,,,0,0,
US Navy Naval Air Station El Centro,"1605 3rd Street 504, El Centro, CA 92243",US Navy Naval Air Facility WWTP,"1605 3rd Street B 504, El Centro, CA 92243",32.83863,-115.68086,Wastewater Treatment Facility,4952,Imperial,7,"DODNPDESWW, NPDMUNIOTH",Active,NPDES Permit,R7-2021-0045,7A130703011,CA0104906,11/02/2021,12/01/2021,,2026-11-30,.34,Minor,B,2,,,,0,14,
"Country Life MHRVP Asset Partners, L.P.","23117 Plaza Pointe Drive 100, Laguna Hills, CA 92653-1473",Country Life MHPRV Asset Partners LP WWTP,"375 East Ross Road, El Centro, CA 92243",32.781111,-115.503139,Wastewater Treatment Facility,6515,Imperial,7,NPDMUNIOTH,Active,NPDES Permit,R7-2023-0041,7A131001011,CA0104264,10/10/2023,11/01/2023,,2028-10-30,.15,Minor,B,3,,,,0,3,
Imperial Cnty Dept Community & Economic Dev,"836 Main Street, El Centro, CA 92243",Poe Colonia (Cady Subdivision),"Poe Colonia Road, Brawley, CA 92227",,,Wastewater Treatment Facility,6552(+),Imperial,7,WDRMUNIOTH,Active,WDR,R7-2023-0015,7A131006001,,06/27/2023,06/27/2023,,2038-06-27,0.030,,B,3,,,,0,0,
Date Gardens Asset Partners LP,"16209 Quemada Road, Encino, CA 91436",Date Gardens MHP WWTP,"1020 West Evan Hewes Highway, El Centro, CA 92243",32.79716,-115.62129,Wastewater Treatment Facility,6515(+),Imperial,7,NPDMUNIOTH,Active,NPDES Permit,R7-2023-0046,7A131057011,CA0104841,12/12/2023,12/26/2023,,2028-11-30,0.02,Minor,B,3,,,,0,5,
Ca Dept of Corrections Imperial,"Po Box 731, Imperial, CA 92251",CA Dept of Corrections Centinela WWTP,"2302 Brown Road, Imperial, CA 92251",32.792028,-115.774306,Wastewater Treatment Facility,9223,Imperial,7,"NPDINDLRG, NPDMUNIOTH",Active,NPDES Permit,R7-2024-0019,7A131337001,CA7000001,05/14/2024,06/03/2024,,2029-06-02,.73,Minor,B,2,,,,2,24,
"Veolia Water Contract Operations USA, Inc","2242 East Charles Street, Banning, CA 92220",Banning STP-Non NPDES,"2242 East Charles Street, Banning, CA 92220",,,Wastewater Treatment Facility,4952,Riverside,7,WDRMUNILRG,Active,WDR,R7-2016-0015,7A330100015,,06/30/2016,06/30/2016,,2026-06-30,3.6,,A,2,,,,0,0,
Coachella SD,"53462 Enterprise Way, Coachella, CA 92236",Coachella SD WWTP,"87075 Avenue 54, Coachella, CA 92236",33.656556,-116.140056,Wastewater Treatment Facility,4952,Riverside,7,"NPDMUNILRG, SLIC",Active,NPDES Permit,R7-2026-0006,7A330104012,CA0104493,04/14/2026,05/01/2026,,2031-04-30,2.4,Major,A,1,,,,0,1,
Coachella Valley WD,"Po Box 1058, Coachella, CA 92236",Bombay Beach STP,"2201 Honey Wagon Rd, Calipatria, CA 92233",33.36343,-115.7264,Wastewater Treatment Facility,4952,Imperial,7,WDRMUNILRG,Active,WDR,R7-2013-0024,7A330105021,,03/21/2013,03/21/2013,,2028-03-21,.15,,B,3,,,,0,0,
Coachella Valley WD,"Po Box 1058, Coachella, CA 92236",Coachella Valley WD WWTP,"63-002 Filmore Street, Thermal, CA 92274",33.353111,-116.121389,Wastewater Treatment Facility,4952,Riverside,7,"NPDMUNILRG, SLIC",Active,NPDES Permit,R7-2023-0013,7A330105091,CA0104973,04/11/2023,05/01/2023,,2028-04-30,9.9,Major,A,1,,,,1,13,
Mission Springs Water District,"66575 Second Street, Desert Hot Springs, CA 92240",Alan Horton WWTP,"14601 Verbena, Desert Hot Springs, CA 92240",33.94311,-116.49331,Wastewater Treatment Facility,4952,Riverside,7,"SLIC, WDRMUNILRG",Active,WDR,R7-2022-0008,7A330109012,,04/12/2022,04/12/2022,,2032-04-12,1,,B,2,,,,2,0,
Mission Springs Water District,"66575 Second Street, Desert Hot Springs, CA 92240",Desert Crest WWTP,"17400 Sunrise Road, Desert Hot Springs, CA 92241",33.92206,-116.4484,Wastewater Treatment Facility,4952,Riverside,7,WDRMUNILRG,Active,WDR,R7-2014-0048,7A330109021,,06/26/2014,06/26/2014,,2024-06-26,.18,,B,2,,,,0,0,
Palm Springs City,"3200 East Tahquitz Canyon Way, Palm Springs, CA 92262",Palm Springs WWTF,"4375 Mesquite Avenue, Palm Springs, CA 92264",33.808618,-116.498749,Wastewater Treatment Facility,4952,Riverside,7,"SLIC, WDRMUNILRG",Active,WDR,R7-2024-0009,7A330114012,,02/13/2024,02/13/2024,,2029-02-13,16.5,,B,2,,,,0,0,
Valley Sanitary District,"45500 Van Buren Street, Indio, CA 92201",Valley SD WWTP,"45500 Van Buren Street, Indio, CA 92201",33.715444,-116.198833,Wastewater Treatment Facility,4952,Riverside,7,"NPDMUNILRG, SLIC",Active,NPDES Permit,R7-2026-0003,7A330122021,CA0104477,02/10/2026,04/01/2026,,2031-03-31,,Major,A,1,,,,2,16,
Desert Water Agency,"Po Box 1710, Palm Springs, CA 92263-1710",Desert Water Agency Recycled Water Facility,"1500 Gene Autry Trail, Palm Springs, CA 92264",33.80406,-116.48824,Wastewater Treatment Facility,4941(+),Riverside,7,WDRMUNILRG,Active,WDR,R7-2014-0008,7A330132001,,01/16/2014,01/16/2014,,2024-01-16,10,,A,2,,,,0,0,
Big Bear Area Regional WW Agency,"Po Box 517, Big Bear City, CA 92314",BB Reg WWA-Lucerne Vly,"122 Palomino Drive, Big Bear City, CA 92314",,,Wastewater Treatment Facility,4952,San Bernardino,7,"SLIC, WDRMUNILRG",Active,WDR,R7-2021-0023,7A360100011,,05/11/2021,05/11/2021,,2026-05-11,3.2,,A,1,,,,0,0,
Hi Desert Water Dist,"55439 29 Palms Hwy, Yucca Valley, CA 92284",Hi-Desert WD Reclamation Facility,"59000 Sunnyslope Drive, Yucca Valley, CA 92284",34.12803,-116.37449,Wastewater Treatment Facility,,San Bernardino,7,"WDRMUNIENROTH, WDRMUNILRG",Active,WDR,R7-2022-0014,7A360122001,,06/14/2022,06/14/2022,,2032-06-14,,,B,2,,,,0,0,
US Marine Corps Twentynine Palms NREA AGCC,"Bldg 1451 Box 788110, Twentynine Palms, CA 92278-8100",USMC - Mainside WWTF,"Mcagcc Box 788110, Twentynine Palms, CA 92278",,,Wastewater Treatment Facility,4952(+),San Bernardino,7,WDRMUNILRG,Active,WDR,R7-2016-0032,7A360702011,,09/15/2016,09/15/2016,,2026-09-15,1.25,,A,2,,,,4,14,
Blythe City,"440 South Main Street, Blythe, CA 92225",Blythe Regional WW Reclamation Facilities,"15901 South Broadway, Blythe, CA 92225",33.587905,-114.59634,Wastewater Treatment Facility,4952,Riverside,SB,"SLIC, WDRMUNILRG",Active,Co-Permitee,2020-0015-DWQ,7B330102012,,,07/09/2020,,,,,,,,,,0,0,
Needles City,"817 3rd Street, Needles, CA 92363",Needles WWTP,"516 Broadway, Needles, CA 92363",34.837269,-114.601922,Wastewater Treatment Facility,4952,San Bernardino,SB,"SLIC, WDRMUNILRG",Active,Co-Permitee,2020-0015-DWQ,7B360110014,,,07/09/2020,,,,,,,,,,0,0,
San Bernardino Cnty Regional Parks,"777 East Rialto Avenue, San Bernardino, CA 92415-0763",Park Moabi WWTF,"Park Moabi Road, Needles, CA 92363",,,Wastewater Treatment Facility,7033(+),San Bernardino,7,WDRMUNILRG,Active,WDR,R7-2016-0017,7B360115051,,06/30/2016,06/30/2016,,2026-06-30,1,,B,2,,,,0,0,
Orange CSD,"10844 Ellis Avenue, Fountain Valley, CA 92728-8127",OCSD Plant 1,"10844 Ellis Avenue, Fountain Valley, CA 92708",33.69189,-117.93927,Wastewater Treatment Facility,4952,Orange,8,"NPDMUNILRG, SLIC",Active,NPDES Permit,R8-2021-0010,8 300110002,CA0110604,06/18/2021,08/01/2021,,2026-07-31,332,Major,A,1,,,,0,1,
Orange CSD,"10844 Ellis Avenue, Fountain Valley, CA 92728-8127",OCSD Plant 2,"22212 Brookhurst Street, Huntington Beach, CA 92646",33.63745,-117.96124,Wastewater Treatment Facility,4952,Orange,8,"NPDMUNILRG, SLIC",Active,NPDES Permit,R8-2021-0010,8 300110002,CA0110604,06/18/2021,08/01/2021,,2026-07-31,332,Major,A,1,,,,0,1,
Orange County Water District,"1810 Ward Street, Fountain Valley, CA 92708",Groundwater Replenishment System - Advanced WTF,"18700 Ward Street, Fountain Valley, CA 92708",33.69319,-117.94512,Wastewater Treatment Facility,9511,Orange,8,"CERFILLEXC, NPDMUNIOTH, REC, WDRMUNILRG",Active,WDR,R8-2022-0050,8 300112001,,12/02/2022,12/02/2022,,2032-12-02,130,Minor,A,2,,,,0,0,
Irvine Ranch Water District,"Po Box 57000, Irvine, CA 92619-7000",Los Alisos WD WWTP,"22312 Muirlands Boulevard, Lake Forest, CA 92630",,,Wastewater Treatment Facility,4952,Orange,8,NPDMUNILRG,Active,NPDES Permit,R8-2015-0024,8 302006002,CA8000326,06/19/2015,07/01/2015,,2020-06-30,33.5,Major,A,1,,,,0,6,
Irvine Ranch Water District,"Po Box 57000, Irvine, CA 92619-7000",Michelson WWRF,"3512 Michelson Drive, Irvine, CA 92612",33.662111,-117.795806,Wastewater Treatment Facility,4952,Orange,SB,"NPDMUNILRG, SLIC",Active,Co-Permitee,2020-0015-DWQ,8 302006002,,,07/09/2020,,,,Major,,,,,,0,27,
El Toro Water District,"Po Box 4000, Laguna Hills, CA 92654-4000",El Toro Water Dist WWRF,"23542 Moulton Parkway, Laguna Hills, CA 92653",33.61932,-117.72637,Wastewater Treatment Facility,4952,Orange,SB,"SLIC, WDRMUNILRG",Active,Co-Permitee,2020-0015-DWQ,8 303652001,,,07/09/2020,,,,,,,,,,0,0,
Beaumont City,"550 East 6th Street, Beaumont, CA 92223",Beaumont WWTP No. 1,"715 West 4th Street, Beaumont, CA 92223",33.92488,-116.99108,Wastewater Treatment Facility,4952,Riverside,8,"NPDMUNILRG, SLIC",Active,NPDES Permit,R8-2022-0042,8 330101001,CA0105376,10/21/2022,11/01/2022,,2027-10-31,6.00,Major,A,1,,,,1,17,
Idyllwild Water District,"Po Box 397, Idyllwild, CA 92549-0397",Idyllwild WD WWTP,"52335 Apela Drive, Idyllwild, CA 92549",33.732677,-116.748417,Wastewater Treatment Facility,4952,Riverside,8,WDRMUNILRG,Active,WDR,R8-2015-0028,8 330105001,,06/19/2015,07/01/2015,,2025-06-19,.2,,B,2,,,,0,0,
Corona City DWP,"755 Public Safety Way, Corona, CA 92878",Corona WWRF #1,"2205 Railroad Street, Corona, CA 92880",33.89160648661,-117.609708185597,Wastewater Treatment Facility,4952,Riverside,SB,"NPDMUNILRG, SLIC",Active,Co-Permitee,2020-0015-DWQ,8 330108001,,,07/09/2020,,,,Major,,,,,,2,66,
Elsinore Valley Municipal Water District,"Po Box 3000, Lake Elsinore, CA 92531-3000",EVMWD Regional WWRF,"14980 Strickland Road, Lake Elsinore, CA 92530",33.68411,-117.34403,Wastewater Treatment Facility,4952,Riverside,SB,"NPDMUNILRG, SLIC",Active,Co-Permitee,2020-0015-DWQ,8 330112001,,,07/09/2020,,,,Major,,,,,,0,2,
Elsinore Valley Municipal Water District,"Po Box 3000, Lake Elsinore, CA 92531-3000",EVMWD Horsethief Canyon WWTP,"13200 Shotgun Trail, Corona, CA 92883",33.73311,-117.42754,Wastewater Treatment Facility,4952,Riverside,8,WDRMUNILRG,Active,WDR,96-063,8 330112003,,11/22/1996,11/22/1996,,2024-11-20,.5,,B,2,,,,0,0,
Riverside City,"3900 Main Street, Riverside, CA 92522",Riverside City WWRF,"5950 Acorn Street, Riverside, CA 92504",33.9615,-117.4575,Wastewater Treatment Facility,4952,Riverside,SB,"NPDESWW, NPDMUNILRG, SLIC",Active,Co-Permitee,2020-0015-DWQ,8 330117003,,,07/09/2020,,,,Major,,,,,,1,1,
Lake Hemet Municipal Water District,"Po Box 5039, Hemet, CA 92544-0039",Lake Hemet MWD WWTP,"56570 HWY 74, Mountain Center, CA 92561",33.66986,-116.67455,Wastewater Treatment Facility,4952,Riverside,8,WDRMUNILRG,Active,WDR,98-084,8 330139001,,08/28/1998,08/28/1998,,2018-08-25,.1,,B,2,,,,0,0,
Western Municipal Water District,"14205 Meridian Parkway, Riverside, CA 92518",Western Water Recycling Facility,"22751  Nandina Avenue, Riverside, CA 92518",33.867,-117.2647,Wastewater Treatment Facility,4952,Riverside,8,WDRMUNILRG,Active,WDR,R8-2003-0113,8 330700001,,11/21/2003,11/21/2003,,2018-11-21,1.25,,B,2,,,,0,0,
Rancho Caballero,"15181 Van Buren Boulevard, Riverside, CA 92504",Rancho Caballero WWTP,"15181 Van Buren Boulevard, Riverside, CA 92504",33.87918,-117.39396,Wastewater Treatment Facility,6515,Riverside,8,WDRMUNILRG,Active,WDR,98-006,8 331003001,,01/23/1998,01/23/1998,,2008-01-21,.1,,B,2,,,,0,0,
Farm Mutual Water Company,"33383 Mill Pond Drive, Wildomar, CA 92595",Farm MWC WWTP,"33383 Mill Pond Drive, Wildomar, CA 92595",33.63542,-117.22858,Wastewater Treatment Facility,6515,Riverside,8,WDRMUNILRG,Active,WDR,97-079,8 331058001,,12/05/1997,12/05/1997,,2018-12-03,.4,,B,2,,,,0,0,
Pine Springs Ranch,"Po Box 37, Mountain Center, CA 92561",Pine Springs Ranch WWTP,"58000 Apple Canyon Road, Mountain Center, CA 92561",33.70511,-116.65032,Wastewater Treatment Facility,7032,Riverside,8,WDRMUNIOTH,Active,WDR,R8-2000-0075,8 331061001,,10/06/2000,10/06/2000,,2018-10-06,.028,,C,3,,,,0,0,
"Silent Valley Club, Inc.","46305 Poppet Flat Road, Banning, CA 92220",Silent Valley RV Park WWTP,"46305 Poppet Flat Road, Banning, CA 92220",33.857563,-116.844169,Wastewater Treatment Facility,7033,Riverside,8,WDRMUNILRG,Active,WDR,99-041,8 332029001,,03/05/1999,03/05/1999,,2019-03-02,.15,,B,2,,,,0,0,
Elsinore Valley Municipal Water District,"Po Box 3000, Lake Elsinore, CA 92531-3000",EVMWD Railroad Canyon WWRF,"29182 Railroad Canyon Road, Lake Elsinore, CA 92532",33.66713,-117.26453,Wastewater Treatment Facility,4952,Riverside,SB,"SLIC, WDRMUNILRG, WDRMUNIOTH",Active,Co-Permitee,2020-0015-DWQ,8 332122003,,,07/09/2020,,,,,,,,,,0,0,
MHC NAC LP,"2 North Riverside Plaza 800, Chicago, IL 60606",Thousand Trails RV Park - Idyllwild,"24400 Canyon Trail, Idyllwild-Pine Cove, CA 92549",33.76674,-116.73321,Wastewater Treatment Facility,7033,Riverside,8,WDRMUNIOTH,Active,WDR,98-085,8 332125001,,08/28/1998,08/28/1998,,2018-08-25,.028,,B,2,,,,0,0,
Corona City DWP,"755 Public Safety Way, Corona, CA 92878",Corona WWRF #2,"650 Harrison Street, Corona, CA 92879",33.882111942262,-117.556315549706,Wastewater Treatment Facility,4952,Riverside,SB,"SLIC, WDRMUNILRG",Active,Co-Permitee,2020-0015-DWQ,8 332181001,,,07/09/2020,,,,,,,,,,0,0,
"Adger, Joanne","800 Laguna Road, Fullerton, CA 92835",Creekside MHP WWTP,"21650 Temescal Canyon Road, Corona, CA 92883",33.80612,-117.50295,Wastewater Treatment Facility,6515,Riverside,8,WDRMUNIOTH,Active,WDR,98-031,8 332196001,,04/17/1998,04/17/1998,,2018-04-14,.023,,B,3,,,,0,0,
MHC NAC LP,"2 North Riverside Plaza 800, Chicago, IL 60606",Wilderness Lakes WWTP,"30605 Briggs Road, Menifee, CA 92584",33.67483,-117.13767,Wastewater Treatment Facility,7033,Riverside,8,WDRMUNILRG,Active,WDR,R8-2009-0046,8 332199001,,12/10/2009,12/10/2009,,2024-12-01,.1,,B,2,,,,0,0,
Temescal Valley Water District,"22646 Temescal Canyon Road, Corona, CA 91719",Temescal Valley WD WWRF,"22646 Temescal Canyon Road, Corona, CA 92883",33.79449,-117.49537,Wastewater Treatment Facility,4952,Riverside,SB,"CERFILLEXC, NPDMUNILRG, NPDMUNIOTH, SLIC",Active,Co-Permitee,2020-0015-DWQ,8 332253001,,,07/09/2020,,,,"Major, Minor",,,,,,0,1,
Eastern Municipal Water District,"Po Box 8300, Perris, CA 92572-8300",Temescal Creek Outfall,"Lake Elsinore, CA",33.681111,-117.331667,Wastewater Treatment Facility,4952,Riverside,8,NPDMUNILRG,Active,NPDES Permit,R8-2015-0006,8 332303001,CA8000188,09/18/2015,10/01/2015,,2020-09-30,26,Major,A,1,,,,0,33,
Western Riverside County Regional Wastewater Authority,"14205 Meridian Parkway, Riverside, CA 92518-3045",WRCRWA Regional WWRF,"14634 River Road, Corona, CA 92880",33.93153,-117.60594,Wastewater Treatment Facility,4952,Riverside,SB,"NPDMUNILRG, SLIC",Active,Co-Permitee,2020-0015-DWQ,8 332353001,,,07/09/2020,,,,Major,,,,,,1,12,
Corona City DWP,"755 Public Safety Way, Corona, CA 92878",Corona WWRF #3,"3997 Temescal Canyon Road, Corona, CA 92883",33.822200826163,-117.507659891703,Wastewater Treatment Facility,4952,Riverside,SB,"CERFILLEXC, NPDMUNILRG, SLIC",Active,Co-Permitee,2020-0015-DWQ,8 332476001,,,07/09/2020,,,,Major,,,,,,0,5,
Eastern Municipal Water District,"Po Box 8300, Perris, CA 92572-8300",Moreno Valley RWRF,"17140 Kitching Street, Moreno Valley, CA 92551",33.87195,-117.21607,Wastewater Treatment Facility,4952,Riverside,SB,"SLIC, WDRMUNILRG",Active,Co-Permitee,2020-0015-DWQ,8 332783001,,,07/09/2020,,,,,,,,,,0,0,
Eastern Municipal Water District,"Po Box 8300, Perris, CA 92572-8300",Perris Valley RWRF,"1301 Case Road, Perris, CA 92570",33.76375,-117.20571,Wastewater Treatment Facility,4952,Riverside,SB,"SLIC, WDRMUNILRG",Active,Co-Permitee,2020-0015-DWQ,8 332783001,,,07/09/2020,,,,,,,,,,0,0,
Eastern Municipal Water District,"Po Box 8300, Perris, CA 92572-8300",San Jacinto Valley RWRF,"770 North Sanderson, San Jacinto, CA 92582",33.79804,-117.01189,Wastewater Treatment Facility,4952,Riverside,SB,"SLIC, WDRMUNILRG",Active,Co-Permitee,2020-0015-DWQ,8 332783001,,,07/09/2020,,,,,,,,,,0,0,
Eastern Municipal Water District,"Po Box 8300, Perris, CA 92572-8300",Sun City RWRF,"29285 Valley Boulevard, Menifee, CA 92584",33.69659,-117.21116,Wastewater Treatment Facility,4952,Riverside,8,WDRMUNILRG,Active,WDR,R8-2008-0008,8 332783001,,09/05/2008,09/05/2008,,2023-09-05,50,,A,2,,,,0,0,
Eastern Municipal Water District,"Po Box 8300, Perris, CA 92572-8300",Temecula Valley RWRF,"42565 Avenida Alvarado, Temecula, CA 92590",33.50722,-117.17148,Wastewater Treatment Facility,4952(+),Riverside,SB,"REC, SLIC, WDRMUNILRG",Active,Co-Permitee,2020-0015-DWQ,8 332783001,,,07/09/2020,,,,,,,,,,0,1,
Colton City,"650 North La Cadena Drive, Colton, CA 92324",Colton WRF,"1201 South Rancho Avenue, Colton, CA 92324",34.050668,-117.333214,Wastewater Treatment Facility,4952,San Bernardino,8,NPDMUNILRG,Active,NPDES Permit,R8-2012-0050,8 360105001,CA0105236,12/14/2012,01/01/2013,,2017-12-31,0,Major,B,1,,,,0,4,
Big Bear Area Regional WW Agency,"Po Box 517, Big Bear City, CA 92314",Big Bear WWRF,"122 Palomino Drive, Big Bear, CA 92314",34.26563,-116.81496,Wastewater Treatment Facility,4952,San Bernardino,SB,"NPDMUNILRG, SLIC, WDRMUNILRG",Active,Co-Permitee,2020-0015-DWQ,8 360108001,,,07/09/2020,,,,Major,,,,,,0,0,
Redlands City,"Po Box 3005, Redlands, CA 92373",Redlands WWRF,"1950 Nevada Street, Redlands, CA 92373",34.08986,-117.2174,Wastewater Treatment Facility,4952,San Bernardino,SB,"SLIC, WDRMUNILRG",Active,Co-Permitee,2020-0015-DWQ,8 360111001,,,07/09/2020,,,,,,,,,,0,0,
Rialto City,"325 West Rialto Avenue, Rialto, CA 92376",Rialto WWRF,"501 East Santa Ana Avenue, Bloomington, CA 92316",34.05524,-117.36499,Wastewater Treatment Facility,4952,San Bernardino,SB,"NPDMUNILRG, SLIC",Active,Co-Permitee,2020-0015-DWQ,8 360112001,,,07/09/2020,,,,Major,,,,,,0,43,
Running Springs Water Dist,"Po Box 2206, Running Springs, CA 92382",Running Springs WWTP,"3400 Sewer Plant Road, Running Springs, CA 92382",34.19462,-117.13738,Wastewater Treatment Facility,4952,San Bernardino,SB,"SLIC, WDRMUNILRG",Active,Co-Permitee,2020-0015-DWQ,8 360113001,,,07/09/2020,,,,,,,,,,0,1,
San Bernardino City Municipal Water Dept,"Po Box 710, San Bernardino, CA 92402",Margaret H Chandler WWRF,"399 Chandler Place, San Bernardino, CA 92408",34.077521,-117.291249,Wastewater Treatment Facility,4952,San Bernardino,SB,"NPDMUNILRG, SLIC",Active,Co-Permitee,2020-0015-DWQ,8 360114003,,,07/09/2020,,,,Major,,,,,,0,4,
CA Institution for Men Chino,"Po Box 128, Chino, CA 91708",CIM WWTP,"14901 Central Avenue, Chino, CA 91710",33.982673,-117.688912,Wastewater Treatment Facility,9223(+),San Bernardino,8,WDRMUNILRG,Active,WDR,95-024,8 360800001,,10/13/1995,10/13/1995,,2018-10-30,1,,B,2,,,,0,0,
West Hills Golf Associates Ltd,"1800 Carbon Canyon Road, Chino, CA 91709",Western Hills WWRF,"1800 Carbon Canyon Road, Chino Hills, CA 91709",33.960677,-117.765009,Wastewater Treatment Facility,4952,San Bernardino,8,WDRMUNIOTH,Active,WDR,99-054,8 361066001,,10/07/1999,10/07/1999,,2018-10-04,.04999,Minor,B,2,,,,1,212,
Forest Home Christian Center,"Po Box 1, Forest Falls, CA 92339",Forest Home CC WWTP,"40000 Valley of the Falls Drive, Forest Falls, CA 92339",34.08871,-116.93144,Wastewater Treatment Facility,4952,San Bernardino,8,WDRMUNIOTH,Active,WDR,86-121,8 361068001,,08/08/1986,08/08/1986,,2018-08-04,.075,,B,3,,,,0,0,
San Bernardino Cnty Special Districts,"Po Box 11969, San Bernardino, CA 92423-1969",Lytle Creek WWTP,"30 Lytle Creek Road, Lytle Creek, CA 92358",34.20179,-117.44881,Wastewater Treatment Facility,4952,San Bernardino,8,WDRMUNILRG,Active,WDR,95-032,8 362200001,,09/01/1995,09/01/1995,,2005-08-29,.16,,B,2,,,,0,0,
Yucaipa Valley Water District,"Po Box 730, Yucaipa, CA 92399-0730",Henry N. Wochholz WWRF,"880 West County Line Road, Calimesa, CA 92320",34.0023,-117.07465,Wastewater Treatment Facility,4952,Riverside,SB,"NPDESWW, NPDMUNILRG, SLIC",Active,Co-Permitee,2020-0015-DWQ,8 362222001,,,07/09/2020,,,,Major,,,,,,0,7,
Cajon Pass POA,"10772 Arrow Route Ste 500, Rancho Cucamonga, CA 91729-0548",Wagon Train Road Package Plant,"3290 Wagon Train Road, Phelan, CA 92371",34.30711,-117.46731,Wastewater Treatment Facility,6512,San Bernardino,8,WDRMUNIOTH,Active,WDR,97-050,8 362370001,,07/18/1997,07/18/1997,,2007-07-16,.014,,C,2,,,,0,0,
Colton/San Bernardino RTT&WRA,"1350 South E Street, San Bernardino, CA 92408","Colton/San Bernadino STP, RIX","1990 Agua Mansa Road, Colton, CA 92324",34.041083,-117.353889,Wastewater Treatment Facility,4952,San Bernardino,SB,"NPDMUNILRG, SLIC",Active,Co-Permitee,2020-0015-DWQ,8 362375001,,,07/09/2020,,,,Major,,,,,,0,3,
San Bernardino Cnty Special Districts,"Po Box 11969, San Bernardino, CA 92423-1969",Lytle Creek North WWTP,"18100 Institution Road, San Bernardino, CA 92407",34.17631,-117.38887,Wastewater Treatment Facility,4952,San Bernardino,SB,"SLIC, WDRMUNILRG",Active,Co-Permitee,2020-0015-DWQ,8 362899001,,,07/09/2020,,,,Major,,,,,,0,0,
Inland Empire Utilities Agency,"Po Box 9020, Chino Hills, CA 91709",IEUA Carbon Canyon WWRF,"14950 Telephone Avenue, Chino, CA 91710",33.981437,-117.694789,Wastewater Treatment Facility,4952,San Bernardino,8,"NPDMUNILRG, SLIC",Active,NPDES Permit,R8-2022-0041,8 362918001,CA8000409,06/03/2022,08/01/2022,,2027-09-30,85.0,Major,A,1,,,,0,10,
Inland Empire Utilities Agency,"Po Box 9020, Chino Hills, CA 91709",IEUA Regional Plant No. 1,"2450 East Philadelphia Street, Ontario, CA 91761",34.027852,-117.600396,Wastewater Treatment Facility,4952,San Bernardino,8,"NPDMUNILRG, SLIC",Active,NPDES Permit,R8-2022-0041,8 362918001,CA8000409,06/03/2022,08/01/2022,,2027-09-30,85.0,Major,A,1,,,,0,9,
Inland Empire Utilities Agency,"Po Box 9020, Chino Hills, CA 91709",IEUA Regional Plant No. 2,"Chino, CA",,,Wastewater Treatment Facility,4952,San Bernardino,8,NPDMUNILRG,Active,NPDES Permit,R8-2022-0041,8 362918001,CA8000409,06/03/2022,08/01/2022,,2027-09-30,85.0,Major,A,1,,,,0,4,
Inland Empire Utilities Agency,"Po Box 9020, Chino Hills, CA 91709",IEUA Regional Plant No. 4,"12811 Sixth Street, Rancho Cucamonga, CA 91739",34.084564,-117.525855,Wastewater Treatment Facility,4952,San Bernardino,8,"NPDMUNILRG, SLIC",Active,NPDES Permit,R8-2022-0041,8 362918001,CA8000409,06/03/2022,08/01/2022,,2027-09-30,85.0,Major,A,1,,,,0,4,
Inland Empire Utilities Agency,"Po Box 9020, Chino Hills, CA 91709",IEUA Regional Plant No. 5,"6068 Kimball Avenue C, Chino, CA 91710",33.965592,-117.673391,Wastewater Treatment Facility,4952,San Bernardino,8,"NPDMUNILRG, SLIC",Active,NPDES Permit,R8-2022-0041,8 362918001,CA8000409,06/03/2022,08/01/2022,,2027-09-30,85.0,Major,A,1,,,,0,19,
East Valley Water District,"31111 Greenspot Road, Highland, CA 92346",Sterling Natural Resource Center WWTF,"25376 5th Street, San Bernardino, CA 92410",34.10854,-117.25055,Wastewater Treatment Facility,4952,San Bernardino,8,WDRMUNILRG,Active,WDR,R8-2023-0009,8 363000001,,12/01/2023,12/01/2023,,2033-12-01,8.0,Major,A,2,,,,0,0,
Encina Wastewater Authority,"6200 Avenida Encinas, Carlsbad, CA 92011",Carlsbad WRF,"6220 Avenida Encinas, Carlsbad, CA 92009",33.114837,-117.319736,Wastewater Treatment Facility,4952,San Diego,9,NPDMUNILRG,Active,NPDES Permit,R9-2018-0059,9 000000030,CA0107395,09/12/2018,11/01/2018,,2023-10-31,48,Major,A,1,,,,1,5,
Encina Wastewater Authority,"6200 Avenida Encinas, Carlsbad, CA 92011",Encina Ocean Outfall,"6200 Avenida Encinas, Carlsbad, CA 92009",33.11658,-117.32166,Wastewater Treatment Facility,4952,San Diego,9,NPDMUNILRG,Active,NPDES Permit,R9-2018-0059,9 000000030,CA0107395,09/12/2018,11/01/2018,,2023-10-31,48,Major,A,1,,,,0,3,
Encina Wastewater Authority,"6200 Avenida Encinas, Carlsbad, CA 92011",Encina Water Pollution Control Facility,"6200 Avenida Encinas, Carlsbad, CA 92009",33.11658,-117.32166,Wastewater Treatment Facility,4952,San Diego,SB,"NPDMUNILRG, SLIC",Active,Co-Permitee,2020-0015-DWQ,9 000000030,,,07/09/2020,,,,Major,,,,,,1,11,
Encina Wastewater Authority,"6200 Avenida Encinas, Carlsbad, CA 92011",Vallecitos WD Meadowlark WRP,"7941 Corintia Street, Carlsbad, CA 92009",33.10342,-117.22802,Wastewater Treatment Facility,4952,San Diego,SB,"NPDMUNILRG, SLIC",Active,Co-Permitee,2020-0015-DWQ,9 000000030,,,07/09/2020,,,,Major,,,,,,0,6,
Escondido City,"201 North Broadway, Escondido, CA 92025",HARRF DISCH to San Elijo Ocean Outfall,"1521 Hale Avenue, Escondido, CA 92029",33.104533,-117.111778,Wastewater Treatment Facility,4952,San Diego,SB,"NPDMUNILRG, SLIC",Active,Co-Permitee,2020-0015-DWQ,9 000000031,,,07/09/2020,,,,Major,,,,,,3,35,
Ramona MWD,"105 West Earlham Street, Ramona, CA 92065-1599",San Vicente WWTP,"22758 San Vicente Road, Ramona, CA 92065",32.99921,-116.84008,Wastewater Treatment Facility,4952,San Diego,9,WDRMUNILRG,Active,WDR,R9-2009-0005,9 000000076,,03/11/2009,03/11/2009,,2014-03-11,0.8,,B,1,,,,0,0,
Ramona MWD,"105 West Earlham Street, Ramona, CA 92065-1599",Santa Maria WWTP,"260 Sawday Street, Ramona, CA 92065",33.02993,-116.900549,Wastewater Treatment Facility,4952,San Diego,SB,"SLIC, WDRMUNILRG",Active,Co-Permitee,2020-0015-DWQ,9 000000077,,,07/09/2020,,,,,,,,,,0,0,
San Diego County Dept of Public Works,"5510 Overland Avenue Ste 310, San Diego, CA 92123-1239",Pine Valley WW Polltn Cntl Fac (Pine Valley Sanitation District) OWTS,"28810 Old Highway 80, Pine Valley, CA 91962",32.82663,-116.53084,Wastewater Treatment Facility,4952,San Diego,9,"WDRMUNIENROTH, WDRMUNIOTH",Active,Enrollee - WDR,2014-0153-DWQ,9 000000099,,,03/09/2016,,2026-03-09,.02,,B,2,,,,0,0,
San Diego County Sanitation District,"5500 Overland Avenue Ste 315, San Diego, CA 92123",Julian Water Pollution Facility,"2840 Hwy 78, Julian, CA 92036",33.08019,-116.61971,Wastewater Treatment Facility,4952,San Diego,9,"WDRMUNIENROTH, WDRMUNIOTH",Active,Enrollee - WDR,2014-0153-DWQ,9 000000109,,,10/09/2019,,2029-09-23,.08,,B,2,,,,0,0,
Fallbrook Public Utility District,"990 East Mission Road, Fallbrook, CA 92088",Fallbrook Water Reclamation Plant,"1425 South Alturas Street, Fallbrook, CA 92028",33.36712,-117.25798,Wastewater Treatment Facility,4952,San Diego,SB,"NPDMUNILRG, REC, SLIC, WDRMUNILRG",Active,Co-Permitee,2020-0015-DWQ,9 000000115,,,07/09/2020,,,,Major,,,,,,2,16,
SOCWA-Aliso Creek Ocean O/F,,El Toro WD WRP,"23542 Moulton Parkway, Laguna Hills, CA 92653",33.620609,-117.731458,Wastewater Treatment Facility,4952,Orange,9,NPDMUNILRG,Active,NPDES Permit,R9-2022-0006,9 000000117,CA0107611,03/09/2022,05/01/2022,,2027-04-30,34.37,Major,A,1,,,,1,7,
SOCWA-Aliso Creek Ocean O/F,,IRWD Los Alisos WRP,"15600 Sand Canyon Avenue, Irvine, CA 92618",33.66798,-117.76688,Wastewater Treatment Facility,4952,Orange,9,"NPDMUNILRG, SLIC",Active,NPDES Permit,R9-2022-0006,9 000000117,CA0107611,03/09/2022,05/01/2022,,2027-04-30,34.37,Major,A,1,,,,0,9,
SOCWA-Aliso Creek Ocean O/F,,SOCWA - Coastal TP,"28303 Alicia Parkway, Laguna Niguel, CA 92677",33.54587,-117.716339,Wastewater Treatment Facility,4952,Orange,9,NPDMUNILRG,Active,NPDES Permit,R9-2022-0006,9 000000117,CA0107611,03/09/2022,05/01/2022,,2027-04-30,34.37,Major,A,1,,,,0,36,
SOCWA-Aliso Creek Ocean O/F,,SOCWA - Regional TP,"29201 La Paz Rd, Laguna Niguel, CA 92677",33.536498,-117.698911,Wastewater Treatment Facility,4952,Orange,9,"NPDMUNILRG, SLIC",Active,NPDES Permit,R9-2022-0006,9 000000117,CA0107611,03/09/2022,05/01/2022,,2027-04-30,34.37,Major,A,1,,,,0,96,
SOCWA-Aliso Creek Ocean O/F,,SOCWA Aliso Creek Ocean Outfall,"34156 Del Obispo Street, Dana Point, CA 92629",33.466786,-117.685536,Wastewater Treatment Facility,4952,Orange,9,NPDMUNILRG,Active,NPDES Permit,R9-2022-0006,9 000000117,CA0107611,03/09/2022,05/01/2022,,2027-04-30,34.37,Major,A,1,,,,0,5,
San Diego County Sanitation District,"5500 Overland Avenue Ste 315, San Diego, CA 92123",Rancho Del Campo WPCF OWTS,"31035 Forest Gate, Campo, CA 92006",32.603591,-116.47027,Wastewater Treatment Facility,4952,San Diego,9,"WDRMUNIENROTH, WDRMUNILRG",Active,Enrollee - WDR,2014-0153-DWQ,9 000000123,,,12/11/2019,,2029-09-23,0.1,,B,2,,,,0,0,
San Elijo Joint Powers,"2695 Manchester Avenue, Cardiff By The Sea, CA 92007",San Elijo Water Campus,"2695 Manchester Avenue, Encinitas, CA 92007",33.01373,-117.27371,Wastewater Treatment Facility,4952,San Diego,SB,"NPDMUNILRG, SLIC, WDRMUNIENROTH, WDRMUNILRG",Active,Co-Permitee,2020-0015-DWQ,9 000000125,,,07/09/2020,,,,Major,,,,,,0,14,
Pauma Valley Community Services District,"33129 Cole Grade Road, Pauma Valley, CA 92061",Pauma Valley Treatment Plant,"33129 Cole Grade Road, Pauma Valley, CA 92061",33.3129,-117.00436,Wastewater Treatment Facility,4952,San Diego,9,"WDRMUNIENROTH, WDRMUNILRG",Active,Enrollee - WDR,2014-0153-DWQ,9 000000145,,,06/09/2021,,2029-09-23,0.1,,B,2,,,,0,0,
Oceanside City,"300 North Coast Highway, Oceanside, CA 92054","La Salina WWTP, Oceanside Ocean Outfall","1330 South Tait Street, Oceanside, CA 92054",33.179992,-117.370735,Wastewater Treatment Facility,4952,San Diego,SB,"NPDMUNILRG, SLIC",Active,Co-Permitee,2020-0015-DWQ,9 000000146,,,07/09/2020,,,,Major,,,,,,2,9,
Oceanside City,"300 North Coast Highway, Oceanside, CA 92054",Oceanside Ocean Outfall,"1330 South Tait Street, Oceanside, CA 92054",33.2451823,-117.3310785,Wastewater Treatment Facility,4952,San Diego,9,NPDMUNILRG,Active,NPDES Permit,R9-2019-0166,9 000000146,CA0107433,02/12/2020,04/01/2020,,2025-03-31,16.6,Major,A,1,,,,0,62,
Oceanside City,"300 North Coast Highway, Oceanside, CA 92054",San Luis Rey Water Reclamation Facility (NPDES - Ocean Discharge),"3950 North River Road, Oceanside, CA 92058",33.2451823,-117.3310785,Wastewater Treatment Facility,4952,San Diego,SB,"NPDMUNILRG, SLIC",Active,Co-Permitee,2020-0015-DWQ,9 000000146,,,07/09/2020,,,,Major,,,,,,1,12,
Whispering Palms Community Services District,"605 Third Street, Encinitas, CA 92024",Whispering Palms WPCF,"15525 Via De Santa Fe, Rancho Santa Fe, CA 92067",33.00127,-117.2002,Wastewater Treatment Facility,4952,San Diego,9,WDRMUNILRG,Active,WDR,R9-1994-0080,9 000000157,,06/09/1994,06/09/1994,,2014-06-09,.4,,B,2,,,,1,78,
SOCWA-San Juan Creek Ocean O/F,"34156 Del Obispo Street, Dana Point, CA 92629",City of San Clemente WRP,"380 Avenida Pico, San Clemente, CA 92672",33.435947,-117.627018,Wastewater Treatment Facility,4952,Orange,9,"NPDMUNILRG, NPDNONMUNIPRCS, SLIC",Active,NPDES Permit,R9-2022-0005,9 000000175,CA0107417,03/09/2022,05/01/2022,,2027-04-30,43.78,Major,A,1,,,,0,12,
SOCWA-San Juan Creek Ocean O/F,"34156 Del Obispo Street, Dana Point, CA 92629",J.B. Latham Wastewater Treatment Plant,"34152 Del Obispo, Dana Point, CA 92629",33.466838,-117.685495,Wastewater Treatment Facility,4952,Orange,9,"NPDMUNILRG, NPDNONMUNIPRCS, SLIC",Active,NPDES Permit,R9-2022-0005,9 000000175,CA0107417,03/09/2022,05/01/2022,,2027-04-30,43.78,Major,A,1,,,,0,8,
SOCWA-San Juan Creek Ocean O/F,"34156 Del Obispo Street, Dana Point, CA 92629",SMWD - Chiquita WRP,"28793 Ortega Highway, San Juan Capistrano, CA 92675",33.517265,-117.629322,Wastewater Treatment Facility,4952,Orange,9,"NPDMUNILRG, NPDNONMUNIPRCS, SLIC",Active,NPDES Permit,R9-2022-0005,9 000000175,CA0107417,03/09/2022,05/01/2022,,2027-04-30,43.78,Major,A,1,,,,0,10,
SOCWA-San Juan Creek Ocean O/F,"34156 Del Obispo Street, Dana Point, CA 92629",SMWD Oso Creek WRP,"27204 La Paz Rd, Mission Viejo, CA 92692",33.59444,-117.65566,Wastewater Treatment Facility,4952,Orange,9,"NPDESWW, NPDMUNILRG",Active,NPDES Permit,R9-2022-0005,9 000000175,CA0107417,03/09/2022,05/01/2022,,2027-04-30,43.78,Major,A,1,,,,0,1,
SOCWA-San Juan Creek Ocean O/F,"34156 Del Obispo Street, Dana Point, CA 92629",SOCWA - 3A Treatment Plant,"26801 Camino Capistrano, Mission Viejo, CA 92653",33.570296,-117.673718,Wastewater Treatment Facility,4952,Orange,9,NPDMUNILRG,Active,NPDES Permit,R9-2022-0005,9 000000175,CA0107417,03/09/2022,05/01/2022,,2027-04-30,43.78,Major,A,1,,,,0,62,
SOCWA-San Juan Creek Ocean O/F,"34156 Del Obispo Street, Dana Point, CA 92629",SOCWA San Juan Creek Ocean Outfall,"30290 Rancho Viejo Rd, San Juan Capistrano, CA 92675",33.522454,-117.665743,Wastewater Treatment Facility,4952,Orange,9,"NPDESWW, NPDMUNILRG",Active,NPDES Permit,R9-2022-0005,9 000000175,CA0107417,03/09/2022,05/01/2022,,2027-04-30,43.78,Major,A,1,,,,2,8,
Rancho Santa Fe Community Services District,"605 Third Street, Encinitas, CA 92024-3513",Rancho Santa Fe San Dist Plant,"16105 Via De Santa Fe, Rancho Santa Fe, CA 92067",33.006,-117.208457,Wastewater Treatment Facility,4952,San Diego,9,WDRMUNILRG,Active,WDR,R9-1992-0004,9 000000177,,05/18/1992,05/18/1992,,2013-05-18,.45,,B,2,,,,0,1,
Leucadia Wastewater District,"1960 La Costa Avenue, Carlsbad, CA 92009",Gafner Water Reclamation Facility,"1960 La Costa Avenue, Carlsbad, CA 92009",33.08677,-117.26634,Wastewater Treatment Facility,4952,San Diego,9,WDRMUNILRG,Active,WDR,R9-2004-0223,9 000000206,,09/08/2004,09/08/2004,,2013-09-08,1,,B,2,,,,0,0,
Otay MWD,"2554 Sweetwater Springs Boulevard, Spring Valley, CA 91978-2004",Ralph W Chapman WRF,"11901 Singer Lane, Spring Valley, CA 91978",32.72827,-116.94724,Wastewater Treatment Facility,4952,San Diego,SB,"REC, SLIC, WDRMUNILRG",Active,Co-Permitee,2020-0015-DWQ,9 000000217,,,07/09/2020,,,,,,,,,,0,0,
Valley Center MWD,"29300 Valley Center Road, Valley Center, CA 92082",Lower Moosa Canyon Recl Facil,"8711 Circle R Drive, Escondido, CA 92026",33.254895,-117.152751,Wastewater Treatment Facility,4952,San Diego,9,WDRMUNILRG,Active,WDR,95-032,9 000000236,,02/09/1995,02/09/1995,,2013-02-09,.5,,B,2,,,,0,0,
Vallecitos Water District,"201 Vallecitos De Oro, San Marcos, CA 92069",Meadowlark WRF,"7941 Corintia Street, Carlsbad, CA 92009",33.106357,-117.227356,Wastewater Treatment Facility,4952,San Diego,9,WDRMUNILRG,Active,WDR,R9-2007-0018,9 000000247,,04/11/2007,04/11/2007,,2017-04-11,5.0,,B,2,,,,1,2,
Rincon Del Diablo Municipal Water District,"1920 North Iris Lane, Escondido, CA 92026",Harmony Grove Water Reclamation Plant,"2540 Country Club Drive, Escondido, CA 92029",33.1003126,-117.1301589,Wastewater Treatment Facility,,San Diego,9,WDRMUNILRG,Active,WDR,R9-2012-0054,9 0000002490,,11/13/2012,11/13/2012,,2017-11-14,0.541,Minor,B,2,,,,0,2,
Fairbanks Ranch Community Services District,"605 Third Street, Encinitas, CA 92024",Fairbanks Ranch WPCF,"16556 Circa Del Norte, Del Mar, CA 92014",32.99908,-117.19086,Wastewater Treatment Facility,4952,San Diego,9,WDRMUNILRG,Active,WDR,R9-1993-0005,9 000000257,,02/01/1993,02/01/1993,,2013-02-01,.27,,B,2,,,,0,0,
San Diego City Metropolitan Wastewater Dept (Public Utilities),"9192 Topaz Way, San Diego, CA 92123-1119",Point Loma WWTP & Ocean Outfall,"1902 Gatchell Road, San Diego, CA 92106",32.68726,-117.24912,Wastewater Treatment Facility,4952,San Diego,9,"NPDMUNILRG, SLIC",Active,NPDES Permit,R9-2026-0002,9 000000275,CA0107409,03/11/2026,05/01/2026,,2031-04-30,240,Major,A,1,,,,8,82,
San Clemente City,"100 North Calle Seville, San Clemente, CA 92040",City of San Clemente WRP,"380 Avenida Pico, San Clemente, CA 92672",33.435947,-117.627018,Wastewater Treatment Facility,4952,Orange,9,"REC, WDRMUNILRG",Active,Enrollee - WDR,2016-0068-DDW,9 000000290,,,10/05/2015,,2020-10-05,,,,,,,,0,12,
Olivenhain Municipal Water District,"1966 Olivenhain Road, Encinitas, CA 92024-5699",4-S Ranch Water Reclamation Facility,"16595 Dove Canyon Road, San Diego, CA 92127",33.014402,-117.112003,Wastewater Treatment Facility,4952,San Diego,SB,"REC, SLIC, WDRMUNILRG",Active,Co-Permitee,2020-0015-DWQ,9 000000371,,,07/09/2020,,,,,,,,,,0,0,
SOCWA-Recycled Water Use,"34156 Del Obispo Street, Dana Point, CA 92629",IRWD Los Alisos WRP,"15600 Sand Canyon Avenue, Irvine, CA 92618",33.66798,-117.76688,Wastewater Treatment Facility,4952,Orange,9,WDRMUNILRG,Active,WDR,97-052,9 000000541,,10/15/1997,10/15/1997,,2014-10-15,6,,B,2,,,,0,9,
SOCWA-Recycled Water Use,"34156 Del Obispo Street, Dana Point, CA 92629",SMWD - Chiquita WRP,"28793 Ortega Highway, San Juan Capistrano, CA 92675",33.517265,-117.629322,Wastewater Treatment Facility,4952,Orange,9,WDRMUNILRG,Active,WDR,97-052,9 000000541,,10/15/1997,10/15/1997,,2014-10-15,6,,B,2,,,,0,10,
SOCWA-Recycled Water Use,"34156 Del Obispo Street, Dana Point, CA 92629",SMWD Oso Creek WRP,"27204 La Paz Rd, Mission Viejo, CA 92692",33.59444,-117.65566,Wastewater Treatment Facility,4952,Orange,SB,"SLIC, WDRMUNILRG",Active,Co-Permitee,2020-0015-DWQ,9 000000541,,,07/09/2020,,,,,,,,,,0,1,
SOCWA-Recycled Water Use,"34156 Del Obispo Street, Dana Point, CA 92629",SMWD-Nichols Reseach Inst WRF,"33608 Ortega Highway, San Juan Capistrano, CA 92675",33.56205,-117.54391,Wastewater Treatment Facility,4952,Orange,9,"WDRMUNILRG, WDRMUNIOTH",Active,WDR,97-052,9 000000541,,10/15/1997,10/15/1997,,2014-10-15,6,,B,2,,,,0,0,
SOCWA-Recycled Water Use,"34156 Del Obispo Street, Dana Point, CA 92629",SOCWA - 3A Treatment Plant,"26801 Camino Capistrano, Mission Viejo, CA 92653",33.570296,-117.673718,Wastewater Treatment Facility,4952,Orange,SB,"SLIC, WDR, WDRMUNILRG",Active,Co-Permitee,2020-0015-DWQ,9 000000541,,,07/09/2020,,,,,,,,,,0,62,
SOCWA-Recycled Water Use,"34156 Del Obispo Street, Dana Point, CA 92629",SOCWA - Coastal TP,"28303 Alicia Parkway, Laguna Niguel, CA 92677",33.54587,-117.716339,Wastewater Treatment Facility,4952,Orange,SB,"REC, SLIC, WDRMUNILRG",Active,Co-Permitee,2020-0015-DWQ,9 000000541,,,07/09/2020,,,,,,,,,,0,36,
SOCWA-Recycled Water Use,"34156 Del Obispo Street, Dana Point, CA 92629",SOCWA - Regional TP,"29201 La Paz Rd, Laguna Niguel, CA 92677",33.536498,-117.698911,Wastewater Treatment Facility,4952,Orange,9,"REC, WDRMUNILRG",Active,Enrollee - WDR,2016-0068-DDW,9 000000541,,,10/05/2015,,2020-10-05,,,C,,,,,0,96,
SOCWA-Recycled Water Use,"34156 Del Obispo Street, Dana Point, CA 92629",TCWD - Crystal Canyon WRP (Formerly Goren WWTP),"Live Oak Canyon Road, Trabuco Canyon, CA 92679",33.67023,-117.60242,Wastewater Treatment Facility,4952,Orange,SB,"CERFILLEXC, SLIC, WDRMUNILRG",Active,Co-Permitee,2020-0015-DWQ,9 000000541,,,07/09/2020,,,,,,,,,,0,1,
SOCWA-Recycled Water Use,"34156 Del Obispo Street, Dana Point, CA 92629",TCWD Robinson Ranch WRF,"21397 Heritage Rd, Trabuco Canyon, CA 92679",33.64534,-117.56208,Wastewater Treatment Facility,4952,Orange,SB,"SLIC, WDRMUNILRG",Active,Co-Permitee,2020-0015-DWQ,9 000000541,,,07/09/2020,,,,,,,,,,0,29,
Padre Dam Municipal Water District,"Po Box 719003, Santee, CA 92072",East County Water Recycling Facility,"12001 North Fanita Parkway, Santee, CA 92071",32.85834,-117.0061,Wastewater Treatment Facility,4952,San Diego,SB,"NPDMUNILRG, REC, SLIC, WDRMUNILRG",Active,Co-Permitee,2020-0015-DWQ,9 000000542,,,07/09/2020,,,,Major,,,,,,2,14,
Santa Rosa Regional Resources Authority,"42135 Winchester Road, Temecula, CA 92590-4800",Santa Rosa WRF-Recycled WTR,"26266 Washington Avenue, Murrieta, CA 92589",33.530592,-117.188652,Wastewater Treatment Facility,4952,Riverside,9,WDRMUNILRG,Active,WDR,94-092,9 000000564,,08/11/1994,04/16/2003,,2013-08-11,5.0,,B,2,,,,5,217,
Escondido City,"201 North Broadway, Escondido, CA 92025",Hale Avenue Resource Recovery Facility (HARRF) Recycled Water,"1521 South Hale Avenue, Escondido, CA 92029",33.10508,-117.11184,Wastewater Treatment Facility,4952,San Diego,9,WDRMUNILRG,Active,WDR,R9-2010-0032,9 000000592,,07/14/2010,07/14/2010,,2015-07-14,9,,B,2,,,,3,45,
"AC/S Environmental Security, MCB Camp Pendleton","Po Box 555151, Camp Pendleton, CA 92055-5151",Plant #12,"3950 N River Road, Oceanside, CA 92058",33.24482,-117.33143,Wastewater Treatment Facility,4952(+),San Diego,9,WDRMUNILRG,Active,Enrollee - Waiver,R9-2024-0001W2,9 000000671,,,08/13/2014,,2029-03-13,,,,,,,,0,0,
San Diego City Metropolitan Wastewater Dept (Public Utilities),"9192 Topaz Way, San Diego, CA 92123-1119",North City WRP,"4949 Eastgate Mall, San Diego, CA 92121",32.88063,-117.19854,Wastewater Treatment Facility,4952,San Diego,SB,"NPDMUNILRG, SLIC, WDRMUNILRG",Active,Co-Permitee,2020-0015-DWQ,9 000000730,,,07/09/2020,,,,Major,,,,,,0,36,
United States Section of the International Boundary and Water Commission (USIBWC),"2225 Dairy Mart Road, San Diego, CA 92173",South Bay International WWTP,"2995 Clearwater Way, San Diego, CA 92154",32.55614,-117.062422,Wastewater Treatment Facility,4952,San Diego,9,"NPDMUNILRG, SLIC",Active,NPDES Permit,R9-2021-0001,9 000000732,CA0108928,05/12/2021,07/01/2021,,2026-06-30,25,Major,A,1,,,,20,836,
"AC/S Environmental Security, MCB Camp Pendleton","Po Box 555151, Camp Pendleton, CA 92055-5151",STP 10 & 11,"Building #52831, Camp Pendleton North, CA 92055",33.3122,-117.36811,Wastewater Treatment Facility,4952,San Diego,9,WDRMUNILRG,Active,Enrollee - Waiver,R9-2024-0001W2,9 000000792,,,08/13/2014,,2029-03-13,,,,,,,,0,0,
Valley Center MWD,"29300 Valley Center Road, Valley Center, CA 92082",Woods Valley Ranch Water Reclamation Facility,"27743 Valley Center Road, Valley Center, CA 92082",33.21303,-117.03347,Wastewater Treatment Facility,4952,San Diego,9,"WDR, WDRMUNILRG, WDRMUNIOTH",Active,WDR,R9-2015-0104,9 000000830,,12/16/2015,12/16/2015,,2020-12-16,.250,,B,2,,,,1,3,
Rancho Santa Fe Community Services District,"605 Third Street, Encinitas, CA 92024-3513",Santa Fe Valley WTP,"9062 Maranatha Drive, San Diego, CA 92127",33.025199,-117.135651,Wastewater Treatment Facility,4952,San Diego,9,WDRMUNILRG,Active,WDR,R9-2002-0013,9 000000899,,04/10/2002,04/10/2002,,2014-04-10,.485,,B,2,,,,0,0,
San Diego City Metropolitan Wastewater Dept (Public Utilities),"9192 Topaz Way, San Diego, CA 92123-1119",South Bay WRP,"2411 Dairy Mart Road, San Diego, CA 92154",32.545457,-117.069647,Wastewater Treatment Facility,4952,San Diego,9,"NPDMUNILRG, SLIC, WDRMUNILRG",Active,NPDES Permit,R9-2021-0011,9 000000900,CA0109045,05/12/2021,07/01/2021,,2026-06-30,15,Major,A,1,,,,0,33,
Carlsbad MWD,"5950 El Camino Real, Carlsbad, CA 92008",Carlsbad WRF,"6220 Avenida Encinas, Carlsbad, CA 92009",33.114837,-117.319736,Wastewater Treatment Facility,4952,San Diego,SB,"REC, SLIC, WDRMUNILRG",Active,Co-Permitee,2020-0015-DWQ,9 000000929,,,07/09/2020,,,,,,,,,,1,5,
US Marine Corps Base Camp Pendleton,"Po Box 555008, Camp Pendleton, CA 92055",USMC Camp Pendleton Southern Regional Tertiary Treatment Plant,,33.23149,-117.39143,Wastewater Treatment Facility,4952,,9,"DODNPDESWW, WDRNONMUNIPRCS",Active,NPDES Permit,R9-2019-0167,9 000001182,CA0109347,02/12/2020,04/01/2020,,2025-03-31,7.5,Major,A,1,,,,5,121,
San Diego City Metropolitan Wastewater Dept (Public Utilities),"9192 Topaz Way, San Diego, CA 92123-1119",City of San Diego North City Pure Water Facility,"4950 Eastgate Mall, San Diego, CA 92121",32.9156,-117.0947,Wastewater Treatment Facility,,San Diego,9,NPDMUNILRG,Active,NPDES Permit,R9-2020-0001,9 000003607,CA0109398,05/13/2020,07/01/2020,,2025-06-30,32.8,Major,B,3,,,,0,45,
Oceanside City,"300 North Coast Highway, Oceanside, CA 92054",San Luis Rey Water Reclamation Facility - Recycled Water and Pure Water,"3950 North River Road, Oceanside, CA 92058",33.2451823,-117.3310785,Wastewater Treatment Facility,4952,San Diego,9,"REC, WDRMUNILRG",Active,WDR,R9-2021-0100,9 000003689,,12/08/2021,12/08/2021,,2031-12-08,4.5,,A,2,,,,3,24,
"Civita Water Recycling Company, LLC","5465 Morehouse Drive Ste 260, San Diego , CA 92121",Civita Water Reclamation Facility,"Friars Road and Russell Parkway (Northeast Corner), San Diego, CA 92108",32.77545,-117.14742,Wastewater Treatment Facility,,San Diego,9,WDRMUNILRG,Active,WDR,R9-2020-0108,9 000003742,,08/12/2020,08/12/2020,,2025-08-12,0.33,,B,2,,,,0,0,
East County Advanced Water Purification Joint Powers Authority,"9300 Fanita Parkway, Santee, CA 92071",East County Advanced Water Purification (AWP) Project,"12001 North Fanita Parkway, Santee, CA 92071",32.86596,-117.00634,Wastewater Treatment Facility,,San Diego,9,NPDMUNILRG,Active,NPDES Permit,R9-2025-0003,9 000004038,CA9000001,11/12/2025,06/01/2026,,2031-05-31,12.5,Major,A,1,,,,0,0,
East County Advanced Water Purification Joint Powers Authority,"9300 Fanita Parkway, Santee, CA 92071",East County Water Recycling Facility,"12001 North Fanita Parkway, Santee, CA 92071",32.85834,-117.0061,Wastewater Treatment Facility,4952,San Diego,9,WDRMUNILRG,Active,WDR,R9-2025-0060,9 000004083,,11/12/2025,06/01/2026,,2035-11-12,16.0,,B,2,,,,2,14,
"AC/S Environmental Security, MCB Camp Pendleton","Po Box 555151, Camp Pendleton, CA 92055-5151",USMC Camp Pendleton Southern Regional Tertiary Treatment Plant,,33.23149,-117.39143,Wastewater Treatment Facility,4952,,9,WDRMUNILRG,Active,WDR,R9-2018-0023,9000001834,,05/09/2018,05/09/2018,,2033-05-09,7.5,,B,3,,,,5,121,
Escondido City,"201 North Broadway, Escondido, CA 92025",Membrane Filtration/Reverse Osmosis Facility - Escondido,"901 West Washington Avenue, Escondido, CA 92025",33.12236,-117.09802,Wastewater Treatment Facility,,San Diego,9,"NPDMUNILRG, WDRMUNILRG",Active,WDR,R9-2023-0131,9000003903,,12/13/2023,12/13/2023,,2038-12-13,3.1,Major,B,3,,,,1,1,
Organizations Under Region 2 Watershed Permit,,Region 2 Watershed Nutrient Permittees,CA,,,Wastewater Treatment Facility,,San Francisco,2,NPDMUNILRG,Active,NPDES Permit,R2-2024-0013,,CA0038873,07/10/2024,10/01/2024,,2029-09-30,,Minor,,,,,,0,0,
