Place ID,CWNS_NUM,FLOW_2022_MGD_FINAL,PRIMARY,MOD_CHEM,MOD_GRIT,MOD_THICKEN,DEWATER,DISINF,BNIT,MOD_EQUALIZATION,AS,AND,MOD_CLAR,MBR-BNR,BDENIT,MOD_SCREEN,LIME,MOD_CHEM_SEC,MOD_CHEM_PRIM,AS-EA,MOD_SAND_FILTER,MOD_OTH_FILTER,BS_LAGOON,MOD_MB_FILTER,BIODRY,MOD_MM_FILTER,DISINF-UV,MOD_GAC,AED,WTLND-SURF,AS-OD,LAGOON,TF,CONWTLND,AS-BDENIT,BNR,TF-BF,LAGOON_AER,BIOGAS_CWNS,LAND_TRT,LAGOON_POL,AS-SBR,LAGOON_FAC,MOD_BIO_FILTER,DISINF-O3,CHEM-P,AS-A2O,LAGOON_ANAER,TF-RBC,ANAERTRT,MOD_DN_FILTER,AS-PUREO,NIT,BIO-P,BIOGAS_EL,AS-P,AS-SA,FBI,MHI,STBL_POND,SUM_AS,BASIC_AS,AS_BNR_N,TF_ALL,AS_BNR_P,N1E,N1,N2,H1E,H1,G6,G5,G3,G2,G1E,G1,I6,I5,I3,I2,I1E,I1,F1E,F1,E2P,E2,O5,O6,O3,O2,O1E,O1,D5,D6,D3,D2,D1E,D1,B6,B5,B4,B3,B2,B1E,B1,C5,C6,C3,C2,C1E,C1,TT_IDENTIFIED,LAGOON_OTHER,LAGOON_UNCATEGORIZED,CH4_med,N2O_med,NC_CO2_med,NG_comb_med,NG_up_med,solids_med,kg_CO2_kWh,elec_med,total_med
216106,06001041001,1.86,1.0,0.0,1.0,1.0,1.0,1.0,0.0,0.0,0.0,1,1.0,1.0,0.0,1.0,0.0,0.0,0.0,0.0,0.0,0.0,0.0,0.0,0.0,0.0,1.0,0.0,0.0,0.0,0.0,0.0,0.0,0.0,0.0,0.0,0.0,0.0,0.0,0.0,0.0,0.0,0.0,0.0,0.0,0.0,0.0,0.0,1.0,0.0,0.0,0.0,0,0,0,0,0,0,0,0,0.0,0,0,1,0,0.0,1.0,0.0,0.0,0.0,0,0,0.0,0.0,0,0,0,0,0.0,0.0,0,0,0,0,0.0,0.0,0.0,0.0,0.0,0.0,0.0,0.0,0,0,0.0,0.0,0,1,0.0,0.0,0.0,0.0,0.0,0.0,0.0,0,0,0.0,0.0,0,0,2.0,0.0,0.0,1189.862117892227,155.50424927556733,133.69143902677965,0.0,0.0,112.17619312220023,0.20149361115848957,216.80912764942897,1808.043126966203
240307,06001070001,0.31,0.0,0.0,0.0,0.0,1.0,1.0,0.0,1.0,1.0,0,0.0,0.0,0.0,0.0,0.0,0.0,0.0,0.0,1.0,1.0,0.0,1.0,1.0,1.0,0.0,0.0,1.0,0.0,0.0,0.0,0.0,0.0,0.0,0.0,0.0,0.0,0.0,0.0,0.0,0.0,0.0,0.0,0.0,0.0,0.0,0.0,0.0,0.0,0.0,0.0,0,0,0,0,0,0,0,0,1.0,1,0,0,0,0.0,0.0,0.0,0.0,0.0,0,0,0.0,0.0,0,0,0,0,0.0,0.0,0,0,0,0,0.0,0.0,0.0,0.0,0.0,0.0,0.0,0.0,0,0,0.0,0.0,0,0,0.0,0.0,0.0,0.0,0.0,0.0,0.0,0,0,0.0,1.0,0,0,1.0,0.0,0.0,45.94746035763757,52.08232624923265,44.560105936743604,10.896987218071343,2.461841484674305,18.037842787606806,0.20149361115848957,122.87401758856399,296.8605816225302
252750,06001020001,0.4,0.0,0.0,1.0,0.0,0.0,1.0,0.0,0.0,1.0,0,0.0,0.0,0.0,1.0,0.0,0.0,0.0,0.0,0.0,0.0,0.0,0.0,0.0,0.0,0.0,0.0,0.0,0.0,0.0,0.0,0.0,0.0,0.0,0.0,0.0,0.0,0.0,0.0,0.0,0.0,0.0,0.0,0.0,0.0,0.0,0.0,0.0,0.0,0.0,0.0,0,0,0,0,0,0,0,0,1.0,1,0,0,0,0.0,0.0,0.0,0.0,0.0,0,0,0.0,0.0,0,0,0,0,0.0,0.0,0,0,0,0,0.0,0.0,0.0,0.0,0.0,0.0,0.0,0.0,0,0,0.0,0.0,0,0,0.0,0.0,0.0,0.0,0.0,0.0,0.0,0,0,0.0,0.0,0,0,1.0,0.0,1.0,241.87134440520907,502.372491936697,58.05086924641484,0.0,0.0,23.51079783485518,0.20149361115848957,101.07497732195276,926.8804807451289
224348,06001008001,0.55,0.0,0.0,0.0,0.0,1.0,0.0,0.0,1.0,1.0,1,0.0,0.0,0.0,1.0,0.0,0.0,0.0,0.0,0.0,1.0,0.0,0.0,0.0,0.0,1.0,0.0,1.0,0.0,0.0,0.0,0.0,0.0,0.0,1.0,0.0,0.0,0.0,1.0,0.0,0.0,0.0,0.0,0.0,0.0,0.0,0.0,0.0,0.0,0.0,0.0,1,1,0,0,0,0,0,0,1.0,1,1,0,1,0.0,0.0,0.0,0.0,0.0,0,0,0.0,1.0,0,1,0,0,0.0,0.0,0,0,0,0,0.0,0.0,0.0,0.0,0.0,0.0,0.0,0.0,0,0,0.0,0.0,0,0,0.0,0.0,0.0,0.0,0.0,0.0,0.0,0,0,0.0,0.0,0,0,2.0,0.0,0.0,394.2308203407753,494.29449313818617,79.37167128191048,306.31434565287606,68.99840351798873,65.56508539164712,0.20149361115848957,271.0918439540997,1679.8666632774834
268960,06001079001,3.01,1.0,1.0,1.0,1.0,1.0,1.0,0.0,0.0,1.0,1,1.0,0.0,0.0,1.0,0.0,1.0,1.0,0.0,1.0,1.0,0.0,1.0,0.0,1.0,0.0,0.0,0.0,0.0,0.0,0.0,1.0,0.0,0.0,0.0,1.0,0.0,0.0,0.0,0.0,0.0,0.0,0.0,0.0,0.0,0.0,0.0,0.0,0.0,0.0,0.0,0,0,0,0,0,0,0,0,1.0,1,0,1,0,0.0,0.0,0.0,0.0,0.0,0,0,0.0,0.0,0,0,0,0,0.0,0.0,0,0,0,0,0.0,0.0,0.0,0.0,0.0,0.0,0.0,0.0,0,0,0.0,0.0,0,1,0.0,0.0,0.0,0.0,0.0,0.0,1.0,0,0,0.0,0.0,0,0,2.0,0.0,0.0,3852.778992723996,502.2495439070754,431.30651912693565,0.0,0.0,364.8236260264195,0.20149361115848957,777.5610542522616,5928.719736036688
272790,06001036001,2.25,0.0,1.0,1.0,0.0,0.0,1.0,0.0,0.0,1.0,0,1.0,0.0,0.0,1.0,0.0,0.0,0.0,0.0,1.0,1.0,0.0,1.0,0.0,1.0,1.0,0.0,0.0,0.0,0.0,0.0,0.0,0.0,0.0,0.0,0.0,0.0,0.0,0.0,1.0,0.0,0.0,0.0,0.0,0.0,0.0,0.0,0.0,0.0,0.0,0.0,0,0,0,0,0,0,0,0,1.0,1,0,0,0,0.0,0.0,0.0,0.0,0.0,0,0,0.0,0.0,0,0,0,0,0.0,0.0,0,0,0,0,0.0,0.0,0.0,0.0,0.0,0.0,0.0,0.0,0,0,0.0,0.0,0,0,0.0,0.0,0.0,0.0,1.0,0.0,0.0,0,0,0.0,0.0,0,0,1.0,0.0,0.0,341.20413878258825,380.17205453756844,323.77535997621106,79.15112121365836,17.845485203607133,264.18876884704844,0.20149361115848957,825.8345517738669,2232.1714803345485
240093,06001015001,1.37,1.0,1.0,0.0,0.0,1.0,1.0,1.0,0.0,0.0,0,1.0,0.0,1.0,1.0,0.0,0.0,0.0,1.0,0.0,0.0,0.0,0.0,0.0,0.0,0.0,0.0,0.0,0.0,0.0,0.0,0.0,0.0,1.0,0.0,0.0,0.0,0.0,0.0,0.0,0.0,0.0,0.0,0.0,0.0,0.0,0.0,0.0,0.0,0.0,0.0,1,0,0,0,0,0,0,0,2.0,1,1,0,0,0.0,0.0,0.0,0.0,0.0,0,0,0.0,0.0,0,0,0,0,0.0,0.0,0,0,0,0,0.0,0.0,0.0,0.0,0.0,0.0,0.0,0.0,0,0,0.0,0.0,0,0,0.0,0.0,0.0,0.0,0.0,0.0,0.0,0,0,0.0,0.0,0,0,1.0,0.0,1.0,828.4093545878411,1720.6257848831872,198.82422716897082,0.0,0.0,80.52448258437899,0.20149361115848957,346.18179732768823,3174.5656465520665
237295,06001069001,0.12,0.0,0.0,0.0,1.0,0.0,1.0,0.0,0.0,1.0,0,1.0,0.0,0.0,1.0,0.0,0.0,0.0,0.0,0.0,0.0,0.0,0.0,0.0,0.0,0.0,0.0,0.0,0.0,0.0,0.0,0.0,0.0,0.0,0.0,0.0,0.0,0.0,0.0,0.0,0.0,0.0,0.0,0.0,0.0,0.0,0.0,0.0,0.0,0.0,0.0,0,0,0,0,0,0,0,0,1.0,1,0,0,0,0.0,0.0,0.0,0.0,0.0,0,0,0.0,0.0,0,0,0,0,0.0,0.0,0,0,0,0,0.0,0.0,0.0,0.0,0.0,0.0,0.0,0.0,0,0,0.0,0.0,0,0,0.0,0.0,0.0,0.0,0.0,0.0,0.0,0,0,0.0,0.0,0,0,1.0,0.0,1.0,72.56140332156271,150.7117475810091,17.41526077392445,0.0,0.0,7.053239350456553,0.20149361115848957,30.322493196585828,278.0641442235386
223010,06001010005,8.6,1.0,0.0,1.0,1.0,1.0,1.0,0.0,1.0,0.0,1,1.0,0.0,0.0,1.0,0.0,0.0,0.0,0.0,0.0,0.0,1.0,0.0,0.0,0.0,0.0,0.0,0.0,1.0,0.0,0.0,1.0,1.0,0.0,0.0,1.0,0.0,0.0,0.0,0.0,0.0,0.0,0.0,0.0,0.0,0.0,0.0,0.0,0.0,0.0,0.0,0,0,1,0,0,0,0,0,0.0,0,0,1,0,0.0,0.0,0.0,0.0,0.0,0,0,0.0,0.0,0,0,0,0,0.0,0.0,0,0,0,0,0.0,0.0,0.0,0.0,0.0,0.0,0.0,0.0,0,0,0.0,0.0,1,0,0.0,0.0,0.0,0.0,0.0,0.0,0.0,0,0,0.0,0.0,0,0,1.0,0.0,0.0,11004.992703810192,1406.9372817825526,1230.7789670236923,0.0,0.0,1050.5048377437786,0.20149361115848957,1213.6762848237368,15906.890075183954
272646,06001027001,7.0,0.0,0.0,1.0,0.0,1.0,0.0,1.0,1.0,1.0,0,0.0,0.0,1.0,1.0,0.0,0.0,0.0,1.0,0.0,0.0,0.0,0.0,0.0,0.0,1.0,0.0,1.0,0.0,0.0,0.0,0.0,0.0,1.0,0.0,0.0,0.0,0.0,1.0,0.0,0.0,0.0,0.0,0.0,0.0,0.0,0.0,0.0,0.0,0.0,0.0,1,0,0,0,0,0,0,0,3.0,1,1,0,0,0.0,0.0,0.0,0.0,0.0,0,0,0.0,0.0,0,0,0,0,0.0,1.0,0,0,0,0,0.0,0.0,0.0,0.0,0.0,0.0,0.0,0.0,0,0,0.0,0.0,0,0,0.0,0.0,0.0,0.0,0.0,0.0,0.0,0,0,0.0,0.0,0,0,1.0,0.0,0.0,1071.7947301667687,6253.546918602848,1004.0246862196527,246.23001988093392,55.51919458777757,406.5830661816145,0.20149361115848957,3520.5042372960843,12558.20285293568
215966,06001040001,0.097,0.0,0.0,1.0,0.0,0.0,1.0,0.0,0.0,1.0,0,1.0,0.0,1.0,1.0,0.0,0.0,0.0,0.0,0.0,0.0,0.0,0.0,0.0,0.0,0.0,0.0,0.0,1.0,0.0,0.0,0.0,1.0,0.0,0.0,0.0,0.0,0.0,0.0,0.0,0.0,0.0,0.0,1.0,0.0,0.0,0.0,0.0,0.0,0.0,0.0,0,0,0,0,0,0,0,0,1.0,1,0,0,0,0.0,0.0,0.0,0.0,0.0,0,0,0.0,0.0,0,0,0,0,0.0,0.0,0,0,0,0,0.0,0.0,0.0,0.0,0.0,0.0,0.0,0.0,0,0,0.0,0.0,0,0,0.0,0.0,0.0,0.0,0.0,0.0,0.0,0,0,0.0,0.0,0,0,1.0,0.0,1.0,58.6538010182632,121.82532929464902,14.077335792255598,0.0,0.0,5.70136847495238,0.20149361115848957,24.510682000573542,224.76851658069376
255703,06001045001,21.3,1.0,1.0,1.0,1.0,1.0,0.0,0.0,0.0,1.0,1,1.0,0.0,0.0,0.0,0.0,1.0,1.0,0.0,1.0,1.0,0.0,1.0,0.0,1.0,1.0,0.0,0.0,0.0,0.0,0.0,0.0,0.0,0.0,0.0,0.0,0.0,0.0,1.0,0.0,0.0,0.0,0.0,0.0,0.0,0.0,0.0,0.0,0.0,0.0,0.0,0,0,1,0,0,0,0,0,1.0,1,0,0,0,0.0,0.0,0.0,0.0,0.0,0,0,0.0,0.0,0,0,0,0,0.0,0.0,0,0,0,0,0.0,0.0,0.0,0.0,0.0,0.0,0.0,0.0,0,0,0.0,0.0,0,0,0.0,0.0,0.0,0.0,0.0,1.0,0.0,0,0,0.0,0.0,0,0,1.0,0.0,0.0,27485.812795917387,3590.904059592927,3059.3804856076995,0.0,0.0,2608.742259301944,0.20149361115848957,3337.9753827518357,40082.81498317179
224901,06001009001,0.13,0.0,0.0,0.0,0.0,0.0,1.0,0.0,1.0,1.0,1,0.0,0.0,0.0,1.0,0.0,0.0,0.0,0.0,0.0,0.0,0.0,0.0,0.0,0.0,0.0,0.0,0.0,0.0,0.0,0.0,0.0,0.0,1.0,0.0,0.0,0.0,0.0,0.0,0.0,0.0,0.0,0.0,0.0,0.0,0.0,0.0,0.0,0.0,0.0,0.0,1,0,0,0,0,0,0,0,2.0,1,1,0,0,0.0,0.0,0.0,0.0,0.0,0,0,0.0,0.0,0,0,0,0,0.0,0.0,0,1,0,0,0.0,0.0,0.0,0.0,0.0,0.0,0.0,0.0,0,0,0.0,0.0,0,0,0.0,0.0,0.0,0.0,0.0,0.0,0.0,0,0,0.0,0.0,0,0,1.0,0.0,0.0,170.11014645093246,117.6772976370899,18.74158874731512,0.0,0.0,7.951630014000633,0.20149361115848957,64.22740616914976,378.70806901848783
240318,06001049001,0.01,1.0,0.0,0.0,0.0,0.0,1.0,0.0,0.0,1.0,0,1.0,0.0,0.0,1.0,0.0,0.0,0.0,0.0,0.0,0.0,0.0,0.0,0.0,0.0,0.0,0.0,0.0,0.0,0.0,0.0,0.0,0.0,0.0,0.0,0.0,0.0,0.0,0.0,0.0,0.0,0.0,0.0,0.0,0.0,0.0,0.0,0.0,0.0,0.0,0.0,0,0,0,0,0,0,0,0,1.0,1,0,0,0,0.0,0.0,0.0,0.0,0.0,0,0,0.0,0.0,0,0,0,0,0.0,0.0,0,0,0,0,0.0,0.0,0.0,0.0,0.0,0.0,0.0,0.0,0,0,0.0,0.0,0,0,0.0,0.0,0.0,0.0,0.0,0.0,0.0,0,0,0.0,0.0,0,0,1.0,0.0,1.0,6.046783610130227,12.559312298417424,1.451271731160371,0.0,0.0,0.5877699458713794,0.20149361115848957,2.526874433048819,23.17201201862822
256050,06001032001,0.14,0.0,1.0,1.0,1.0,1.0,0.0,0.0,1.0,0.0,1,0.0,0.0,0.0,1.0,0.0,0.0,0.0,0.0,1.0,1.0,1.0,1.0,0.0,1.0,0.0,0.0,1.0,0.0,0.0,1.0,0.0,0.0,0.0,0.0,0.0,1.0,0.0,0.0,0.0,0.0,0.0,0.0,0.0,0.0,0.0,0.0,0.0,0.0,0.0,0.0,0,0,0,0,0,0,0,0,0.0,0,0,0,0,0.0,0.0,0.0,0.0,0.0,0,0,0.0,0.0,0,0,0,0,0.0,0.0,0,0,0,0,0.0,0.0,0.0,0.0,0.0,0.0,0.0,0.0,0,0,0.0,0.0,0,0,0.0,0.0,0.0,0.0,0.0,0.0,0.0,0,0,0.0,0.0,0,0,2.0,1.0,1.0,42.327485270911595,194.06736797851596,20.097359514073037,0.0,0.0,8.166932085269158,0.20149361115848957,37.25449324572944,301.9136380944992
241740,06003012001,29.6,1.0,1.0,1.0,0.0,1.0,0.0,0.0,0.0,0.0,1,1.0,0.0,0.0,1.0,0.0,0.0,0.0,0.0,0.0,0.0,1.0,0.0,1.0,0.0,0.0,0.0,0.0,0.0,0.0,0.0,1.0,0.0,0.0,0.0,1.0,0.0,0.0,0.0,0.0,0.0,0.0,0.0,0.0,0.0,0.0,0.0,0.0,0.0,0.0,0.0,0,0,1,0,0,0,0,0,0.0,0,0,1,0,0.0,0.0,0.0,0.0,0.0,0,0,0.0,0.0,0,0,0,0,0.0,0.0,0,0,0,0,0.0,0.0,0.0,0.0,0.0,0.0,0.0,0.0,0,0,0.0,0.0,1,0,0.0,0.0,0.0,0.0,0.0,0.0,0.0,0,0,0.0,0.0,0,0,1.0,0.0,0.0,37877.649306137406,4842.481807065531,4236.1694678955,0.0,0.0,3615.6910694437033,0.20149361115848957,4177.304422184025,54749.29607272617
206888,06003058001,0.2,1.0,0.0,0.0,0.0,0.0,1.0,0.0,0.0,0.0,1,1.0,0.0,0.0,0.0,0.0,0.0,0.0,0.0,0.0,0.0,0.0,0.0,0.0,0.0,0.0,0.0,0.0,0.0,0.0,0.0,1.0,0.0,0.0,0.0,0.0,0.0,0.0,0.0,0.0,0.0,0.0,0.0,0.0,0.0,0.0,0.0,0.0,0.0,0.0,0.0,0,0,0,0,0,0,0,0,0.0,0,0,1,0,0.0,0.0,0.0,0.0,0.0,0,0,0.0,0.0,0,0,0,0,0.0,0.0,0,0,0,0,0.0,0.0,0.0,0.0,0.0,0.0,0.0,0.0,0,0,0.0,0.0,0,1,0.0,0.0,0.0,0.0,0.0,0.0,0.0,0,0,0.0,0.0,0,0,1.0,0.0,0.0,255.88432642843588,33.44177403775642,28.750847102533257,0.0,0.0,24.1239124993979,0.20149361115848957,46.62561884933957,388.826478917463
213875,06002025001,53.8,1.0,0.0,1.0,1.0,1.0,1.0,0.0,0.0,1.0,0,1.0,0.0,0.0,1.0,1.0,0.0,0.0,0.0,1.0,1.0,0.0,1.0,0.0,1.0,1.0,0.0,0.0,0.0,0.0,0.0,0.0,0.0,0.0,0.0,0.0,0.0,0.0,0.0,0.0,0.0,0.0,0.0,0.0,0.0,0.0,0.0,0.0,0.0,0.0,0.0,0,0,0,0,0,0,0,0,1.0,1,0,0,0,0.0,0.0,0.0,0.0,0.0,0,0,0.0,0.0,0,0,0,0,0.0,0.0,0,0,0,0,0.0,0.0,0.0,0.0,0.0,0.0,0.0,0.0,0,0,0.0,0.0,0,0,0.0,0.0,0.0,1.0,0.0,0.0,0.0,0,0,0.0,0.0,0,0,1.0,0.0,0.0,8412.012437356134,8875.367319984842,7848.492294488081,4100.410797967265,924.0915848331913,8812.97579168914,0.20149361115848957,14497.988286973934,53471.33851329259
256499,06002032003,85.4,1.0,1.0,1.0,1.0,1.0,1.0,0.0,0.0,1.0,1,1.0,0.0,0.0,1.0,0.0,1.0,1.0,0.0,0.0,0.0,0.0,0.0,0.0,0.0,0.0,0.0,0.0,0.0,0.0,0.0,0.0,0.0,0.0,0.0,0.0,0.0,0.0,0.0,0.0,0.0,0.0,0.0,0.0,0.0,0.0,0.0,0.0,0.0,0.0,0.0,0,0,1,0,0,0,0,0,1.0,1,0,0,0,0.0,0.0,0.0,0.0,0.0,0,0,0.0,0.0,0,0,0,0,0.0,0.0,0,0,0,0,0.0,0.0,0.0,0.0,0.0,0.0,0.0,0.0,0,0,0.0,0.0,0,0,0.0,0.0,0.0,0.0,0.0,1.0,0.0,0,0,0.0,0.0,0,0,1.0,0.0,0.0,110201.333932927,14397.33364738197,12266.248519760447,0.0,0.0,10459.464269689484,0.20149361115848957,13383.244022864168,160707.62439262308
212750,06002053001,0.7,0.0,0.0,0.0,0.0,1.0,1.0,0.0,1.0,1.0,0,0.0,0.0,0.0,1.0,0.0,0.0,1.0,0.0,1.0,1.0,0.0,1.0,1.0,1.0,0.0,0.0,0.0,0.0,0.0,0.0,0.0,0.0,0.0,0.0,0.0,0.0,0.0,0.0,0.0,0.0,0.0,0.0,0.0,0.0,0.0,0.0,0.0,0.0,0.0,0.0,0,0,0,0,0,0,0,0,1.0,1,0,0,0,0.0,0.0,0.0,0.0,0.0,0,0,0.0,0.0,0,0,0,0,0.0,0.0,0,0,0,0,0.0,0.0,0.0,0.0,0.0,0.0,0.0,0.0,0,0,0.0,0.0,0,0,0.0,0.0,0.0,0.0,0.0,0.0,0.0,0,0,0.0,0.0,0,0,1.0,0.0,1.0,423.2748527091158,879.1518608892196,101.58902118122596,0.0,0.0,41.14389621099656,0.20149361115848957,176.8812103134173,1622.0408413039754
205477,06002054001,2.5,0.0,0.0,1.0,0.0,0.0,1.0,0.0,1.0,1.0,0,0.0,1.0,0.0,1.0,0.0,0.0,0.0,0.0,0.0,0.0,0.0,0.0,0.0,0.0,1.0,0.0,0.0,0.0,0.0,0.0,0.0,0.0,1.0,0.0,0.0,0.0,0.0,0.0,0.0,0.0,0.0,0.0,0.0,0.0,0.0,0.0,0.0,0.0,0.0,0.0,1,0,0,0,0,0,0,0,2.0,1,1,0,0,0.0,0.0,0.0,0.0,0.0,0,0,0.0,0.0,0,0,0,0,0.0,0.0,0,0,0,0,0.0,0.0,0.0,0.0,0.0,0.0,0.0,0.0,0,0,0.0,0.0,0,0,0.0,0.0,0.0,0.0,1.0,0.0,0.0,0,0,0.0,0.0,0,0,1.0,0.0,0.0,379.11570975843136,422.4133939306316,359.7503999735679,87.94569023739818,19.828316892896815,293.54307649672046,0.20149361115848957,917.5939464154078,2480.190533705054
236598,06002108001,2.92,1.0,0.0,1.0,1.0,0.0,1.0,1.0,1.0,0.0,1,1.0,0.0,1.0,1.0,0.0,0.0,0.0,0.0,1.0,1.0,0.0,1.0,0.0,1.0,1.0,0.0,0.0,1.0,0.0,0.0,1.0,1.0,0.0,0.0,1.0,0.0,0.0,1.0,0.0,0.0,0.0,0.0,0.0,0.0,0.0,0.0,0.0,0.0,1.0,0.0,1,0,1,0,0,0,0,0,0.0,0,0,1,0,0.0,0.0,0.0,0.0,0.0,0,0,0.0,0.0,0,0,0,0,0.0,0.0,0,0,0,0,0.0,0.0,0.0,0.0,0.0,0.0,0.0,0.0,0,0,0.0,0.0,1,0,0.0,0.0,0.0,0.0,0.0,0.0,0.0,0,0,0.0,0.0,0,0,1.0,0.0,0.0,3736.5789180378792,477.70428637268077,417.89239345455604,0.0,0.0,356.68303793160857,0.20149361115848957,412.08543624247807,5400.944072039203
226690,06005054001,3.0,0.0,1.0,1.0,0.0,1.0,0.0,0.0,1.0,1.0,0,0.0,0.0,0.0,1.0,0.0,0.0,0.0,0.0,1.0,1.0,1.0,1.0,1.0,1.0,1.0,0.0,1.0,0.0,1.0,0.0,0.0,0.0,0.0,0.0,0.0,0.0,0.0,0.0,0.0,0.0,0.0,0.0,0.0,0.0,0.0,0.0,0.0,0.0,0.0,0.0,0,0,0,0,0,0,0,0,1.0,1,0,0,0,0.0,0.0,0.0,0.0,0.0,0,0,0.0,0.0,0,0,0,0,0.0,0.0,0,0,0,0,0.0,0.0,0.0,0.0,0.0,0.0,0.0,0.0,0,0,0.0,0.0,0,0,0.0,0.0,0.0,0.0,0.0,0.0,0.0,0,0,0.0,1.0,0,0,1.0,0.0,0.0,444.65284217068614,504.0225120893482,431.22683164590586,105.45471501359364,23.824272432331984,174.55976891232393,0.20149361115848957,1189.103396018361,2872.8443382825503
241815,06002024001,3.2,1.0,1.0,0.0,1.0,1.0,0.0,1.0,0.0,0.0,1,1.0,0.0,0.0,1.0,0.0,0.0,0.0,0.0,1.0,1.0,0.0,1.0,1.0,1.0,1.0,0.0,0.0,1.0,0.0,0.0,1.0,1.0,0.0,0.0,1.0,0.0,0.0,0.0,0.0,0.0,0.0,0.0,0.0,0.0,0.0,0.0,0.0,0.0,0.0,0.0,1,0,1,0,0,0,0,0,0.0,0,0,1,0,0.0,0.0,0.0,0.0,0.0,0,0,0.0,0.0,0,0,0,0,0.0,0.0,0,0,0,0,0.0,0.0,0.0,0.0,0.0,0.0,0.0,0.0,0,0,0.0,0.0,1,0,0.0,0.0,0.0,0.0,0.0,0.0,0.0,0,0,0.0,0.0,0,0,1.0,0.0,0.0,4094.8810060689093,523.5115467097871,457.9642667995135,0.0,0.0,390.8855210209409,0.20149361115848957,451.60047807394864,5918.842818673099
239498,06002063002,0.04,1.0,0.0,0.0,0.0,0.0,1.0,0.0,1.0,1.0,0,1.0,0.0,0.0,1.0,0.0,0.0,0.0,1.0,0.0,0.0,0.0,0.0,0.0,0.0,1.0,0.0,0.0,0.0,0.0,0.0,0.0,0.0,0.0,0.0,0.0,0.0,0.0,0.0,0.0,0.0,0.0,0.0,0.0,0.0,0.0,0.0,0.0,0.0,0.0,0.0,0,0,0,0,0,0,0,0,2.0,1,0,0,0,0.0,0.0,0.0,0.0,0.0,0,0,0.0,0.0,0,0,0,0,0.0,0.0,0,0,0,0,0.0,0.0,0.0,0.0,0.0,0.0,0.0,0.0,0,0,0.0,0.0,0,0,0.0,0.0,0.0,0.0,0.0,0.0,0.0,0,0,0.0,0.0,0,0,1.0,0.0,1.0,24.187134440520907,50.2372491936697,5.805086924641484,0.0,0.0,2.3510797834855177,0.20149361115848957,10.107497732195275,92.68804807451288
255380,06003004001,5.1,1.0,0.0,1.0,1.0,1.0,1.0,1.0,0.0,0.0,1,1.0,0.0,1.0,1.0,0.0,0.0,0.0,0.0,0.0,0.0,0.0,0.0,0.0,0.0,1.0,0.0,0.0,0.0,0.0,0.0,0.0,0.0,1.0,0.0,0.0,0.0,0.0,0.0,0.0,0.0,0.0,0.0,0.0,0.0,0.0,0.0,0.0,0.0,0.0,0.0,1,0,1,0,0,0,0,0,1.0,0,1,0,0,0.0,0.0,0.0,0.0,0.0,0,0,0.0,0.0,0,0,0,0,0.0,0.0,1,0,0,0,0.0,0.0,0.0,0.0,0.0,0.0,0.0,0.0,0,0,0.0,0.0,0,0,0.0,0.0,0.0,0.0,0.0,0.0,0.0,0,0,0.0,0.0,0,0,1.0,0.0,0.0,6623.799552332087,4582.787146232498,724.6634581580406,0.0,0.0,307.8842072461744,0.20149361115848957,2099.7903969684558,14338.924760937254
255802,06002072001,6.0,1.0,0.0,1.0,0.0,0.0,1.0,0.0,1.0,0.0,0,1.0,0.0,0.0,1.0,0.0,0.0,0.0,0.0,0.0,1.0,0.0,0.0,0.0,0.0,0.0,0.0,0.0,0.0,0.0,0.0,0.0,0.0,0.0,0.0,0.0,0.0,0.0,0.0,0.0,0.0,0.0,0.0,0.0,0.0,0.0,0.0,1.0,0.0,0.0,0.0,0,0,0,0,0,0,0,0,0.0,0,0,1,0,0.0,0.0,0.0,0.0,0.0,0,0,0.0,0.0,0,0,0,0,0.0,0.0,0,1,0,0,0.0,0.0,0.0,0.0,0.0,0.0,0.0,0.0,0,0,0.0,0.0,0,0,0.0,0.0,0.0,0.0,0.0,0.0,0.0,0,0,0.0,0.0,0,0,1.0,0.0,0.0,7851.237528504575,5431.259890942611,864.9964037222363,0.0,0.0,366.9983083384908,0.20149361115848957,2964.3418231915275,17478.83395469944
256749,06001055001,0.27,0.0,1.0,0.0,0.0,1.0,1.0,0.0,0.0,0.0,0,0.0,0.0,1.0,0.0,0.0,0.0,1.0,1.0,1.0,1.0,0.0,1.0,1.0,1.0,0.0,0.0,0.0,0.0,1.0,0.0,0.0,0.0,1.0,0.0,0.0,0.0,0.0,0.0,0.0,0.0,0.0,0.0,0.0,0.0,0.0,0.0,0.0,0.0,0.0,0.0,1,0,0,0,0,0,0,0,2.0,1,1,0,0,0.0,0.0,0.0,0.0,0.0,0,0,0.0,0.0,0,0,0,0,0.0,0.0,0,0,0,0,0.0,0.0,0.0,0.0,0.0,0.0,0.0,0.0,0,0,0.0,0.0,0,0,0.0,0.0,0.0,0.0,0.0,0.0,0.0,0,0,0.0,0.0,0,0,1.0,0.0,1.0,163.26315747351612,339.10143205727053,39.18433674133002,0.0,0.0,15.869788538527246,0.20149361115848957,68.22560969231812,625.644324502962
253174,06002064001,1.14,1.0,0.0,1.0,1.0,1.0,1.0,1.0,0.0,1.0,1,1.0,0.0,0.0,1.0,0.0,0.0,0.0,0.0,0.0,0.0,0.0,0.0,1.0,0.0,0.0,0.0,0.0,0.0,0.0,0.0,0.0,0.0,0.0,0.0,0.0,0.0,0.0,1.0,0.0,0.0,0.0,0.0,0.0,0.0,0.0,0.0,0.0,0.0,0.0,0.0,1,0,0,0,0,0,0,0,1.0,1,0,0,0,0.0,0.0,0.0,0.0,0.0,0,0,0.0,0.0,0,0,0,0,0.0,0.0,0,0,0,1,0.0,0.0,0.0,0.0,0.0,0.0,0.0,0.0,0,0,0.0,0.0,0,0,0.0,0.0,1.0,0.0,0.0,0.0,0.0,0,0,0.0,0.0,0,0,2.0,0.0,0.0,1458.7120908838053,675.7986132147313,164.4756510322468,87.55165413234913,19.71042026148705,139.0615031130559,0.20149361115848957,384.39088276811833,2929.700815405794
237195,06002109001,8.5,1.0,0.0,1.0,1.0,0.0,1.0,0.0,0.0,1.0,1,1.0,0.0,0.0,1.0,0.0,0.0,0.0,0.0,0.0,0.0,1.0,0.0,0.0,0.0,0.0,0.0,0.0,0.0,0.0,0.0,0.0,0.0,0.0,0.0,0.0,0.0,0.0,1.0,0.0,0.0,0.0,0.0,0.0,0.0,0.0,0.0,0.0,0.0,0.0,0.0,0,0,0,0,0,0,0,0,1.0,1,0,0,0,0.0,0.0,0.0,0.0,0.0,0,0,0.0,0.0,0,0,0,0,0.0,0.0,0,0,0,0,0.0,0.0,0.0,0.0,0.0,0.0,0.0,0.0,0,0,0.0,0.0,0,0,0.0,0.0,0.0,0.0,0.0,0.0,1.0,0,0,0.0,0.0,0,0,1.0,0.0,0.0,10884.797481046604,1415.349934431991,1214.0394383941332,0.0,0.0,1035.1993807188226,0.20149361115848957,2409.952036872653,16959.338271464203
255337,06003047001,0.27,1.0,1.0,0.0,0.0,0.0,1.0,0.0,1.0,1.0,0,0.0,0.0,1.0,0.0,0.0,1.0,0.0,0.0,1.0,1.0,0.0,1.0,0.0,1.0,1.0,0.0,0.0,0.0,0.0,0.0,0.0,0.0,0.0,0.0,0.0,0.0,0.0,0.0,0.0,1.0,0.0,0.0,0.0,0.0,0.0,0.0,0.0,0.0,0.0,0.0,0,0,0,0,0,0,0,0,1.0,1,0,0,0,0.0,0.0,0.0,0.0,0.0,0,0,0.0,0.0,0,0,0,0,0.0,0.0,0,0,0,0,0.0,0.0,0.0,0.0,0.0,0.0,0.0,0.0,0,0,0.0,0.0,0,0,0.0,0.0,0.0,0.0,0.0,0.0,0.0,0,0,0.0,0.0,0,0,1.0,0.0,1.0,163.26315747351612,339.10143205727053,39.18433674133002,0.0,0.0,15.869788538527246,0.20149361115848957,68.22560969231812,625.644324502962
256498,06002032005,43.0,1.0,0.0,1.0,0.0,0.0,0.0,0.0,0.0,1.0,1,1.0,0.0,0.0,1.0,0.0,0.0,0.0,0.0,0.0,0.0,0.0,0.0,0.0,0.0,0.0,0.0,0.0,0.0,0.0,0.0,0.0,0.0,0.0,0.0,0.0,0.0,0.0,0.0,0.0,0.0,0.0,0.0,0.0,0.0,0.0,0.0,0.0,0.0,0.0,1.0,0,0,1,0,0,0,0,0,2.0,1,0,0,0,0.0,0.0,0.0,0.0,0.0,0,0,0.0,0.0,0,0,0,0,0.0,0.0,0,0,0,0,0.0,0.0,0.0,0.0,0.0,0.0,1.0,0.0,0,0,0.0,0.0,0,0,0.0,0.0,0.0,0.0,0.0,0.0,0.0,0,0,0.0,0.0,0,0,1.0,0.0,0.0,55895.61508663905,7084.362250829673,6224.438675712007,0.0,0.0,5230.34224499259,0.20149361115848957,7940.741298355869,82375.49955652919
259377,06003042001,0.3,1.0,0.0,0.0,0.0,1.0,1.0,0.0,1.0,1.0,0,1.0,0.0,0.0,1.0,0.0,0.0,0.0,0.0,1.0,1.0,0.0,1.0,0.0,1.0,0.0,0.0,1.0,0.0,0.0,0.0,0.0,0.0,0.0,0.0,0.0,0.0,0.0,0.0,0.0,0.0,0.0,0.0,0.0,0.0,0.0,0.0,0.0,0.0,0.0,0.0,0,0,0,0,0,0,0,0,1.0,1,0,0,0,0.0,0.0,0.0,0.0,0.0,0,0,0.0,0.0,0,0,0,0,0.0,0.0,0,0,0,0,0.0,0.0,0.0,0.0,0.0,0.0,0.0,0.0,0,0,0.0,0.0,0,0,0.0,0.0,0.0,0.0,1.0,0.0,0.0,0,0,0.0,0.0,0,0,1.0,0.0,0.0,45.49388517101176,50.6896072716758,43.17004799682814,10.55348282848778,2.3793980271476176,35.22516917960645,0.20149361115848957,110.11127356984892,297.6228640446065
266328,06002032004,2.0,1.0,0.0,1.0,0.0,0.0,1.0,0.0,1.0,0.0,0,1.0,1.0,0.0,1.0,0.0,0.0,0.0,0.0,0.0,0.0,0.0,0.0,0.0,0.0,1.0,0.0,0.0,1.0,0.0,0.0,1.0,1.0,0.0,0.0,1.0,0.0,0.0,0.0,0.0,0.0,0.0,0.0,0.0,0.0,0.0,0.0,0.0,0.0,0.0,0.0,0,0,0,0,0,0,0,0,0.0,0,0,1,0,0.0,0.0,0.0,0.0,0.0,0,0,0.0,0.0,0,0,0,0,0.0,0.0,0,0,0,0,0.0,0.0,0.0,0.0,0.0,0.0,0.0,0.0,0,0,0.0,0.0,0,0,0.0,0.0,0.0,0.0,1.0,0.0,0.0,0,0,0.0,0.0,0,0,1.0,0.0,0.0,303.2925678067451,337.9307151445053,287.8003199788543,70.35655218991855,15.86265351431745,234.83446119737636,0.20149361115848957,734.0751571323262,1984.1524269640433
239497,06002063001,0.98,1.0,0.0,0.0,1.0,1.0,1.0,0.0,0.0,1.0,1,1.0,0.0,0.0,0.0,0.0,0.0,0.0,0.0,0.0,0.0,0.0,0.0,0.0,0.0,0.0,0.0,0.0,0.0,0.0,0.0,0.0,0.0,0.0,0.0,0.0,0.0,0.0,0.0,0.0,0.0,0.0,0.0,0.0,0.0,0.0,0.0,0.0,0.0,0.0,0.0,0,0,0,0,0,0,0,0,1.0,1,0,0,0,0.0,0.0,0.0,0.0,0.0,0,0,0.0,0.0,0,0,0,0,0.0,0.0,0,0,0,0,0.0,0.0,0.0,0.0,0.0,0.0,0.0,0.0,0,0,0.0,0.0,0,0,0.0,0.0,0.0,0.0,0.0,0.0,1.0,0,0,0.0,0.0,0,0,1.0,0.0,0.0,1254.9531213441965,163.18152185215894,139.9716058383824,0.0,0.0,119.35239918875833,0.20149361115848957,277.8532936629647,1955.3119418864608
212585,06000000091,7.0,0.0,0.0,1.0,1.0,1.0,1.0,0.0,1.0,0.0,0,0.0,0.0,0.0,1.0,0.0,0.0,0.0,0.0,1.0,1.0,0.0,1.0,0.0,1.0,1.0,0.0,1.0,0.0,0.0,0.0,0.0,0.0,0.0,0.0,0.0,0.0,0.0,0.0,0.0,1.0,0.0,0.0,0.0,0.0,0.0,0.0,0.0,0.0,0.0,0.0,0,0,0,0,0,0,0,0,0.0,1,0,0,0,0.0,0.0,0.0,0.0,0.0,0,0,0.0,0.0,0,0,0,0,0.0,0.0,0,0,0,0,0.0,0.0,0.0,0.0,0.0,0.0,0.0,0.0,0,0,0.0,0.0,0,0,0.0,0.0,0.0,0.0,0.0,0.0,0.0,0,0,0.0,1.0,0,0,1.0,0.0,0.0,1037.5232983982676,1176.0525282084793,1006.1959405071135,246.06100169838516,55.58996900877463,407.3061274620892,0.20149361115848957,2774.5745907095093,6703.303455992619
255788,06002015001,3.6,1.0,0.0,1.0,1.0,1.0,1.0,0.0,1.0,0.0,0,1.0,0.0,0.0,1.0,0.0,0.0,0.0,0.0,0.0,0.0,0.0,0.0,0.0,0.0,0.0,0.0,0.0,0.0,0.0,0.0,1.0,0.0,0.0,0.0,1.0,0.0,0.0,0.0,0.0,0.0,0.0,0.0,0.0,0.0,0.0,0.0,0.0,0.0,0.0,0.0,0,0,0,0,0,0,0,0,0.0,0,0,1,0,0.0,0.0,0.0,0.0,0.0,0,0,0.0,0.0,0,0,0,0,0.0,0.0,0,0,0,0,0.0,0.0,0.0,0.0,0.0,0.0,0.0,0.0,0,0,0.0,0.0,0,0,0.0,0.0,0.0,0.0,1.0,0.0,0.0,0,0,0.0,0.0,0,0,1.0,0.0,0.0,545.9266220521412,608.2752872601095,518.0405759619377,126.6417939418534,28.55277632577141,422.70203015527744,0.20149361115848957,1321.3352828381871,3571.474368535278
215750,06005245002,1.4,0.0,0.0,0.0,1.0,1.0,1.0,0.0,1.0,0.0,0,0.0,0.0,0.0,1.0,0.0,0.0,0.0,0.0,0.0,0.0,0.0,0.0,1.0,0.0,0.0,0.0,0.0,0.0,1.0,0.0,0.0,0.0,0.0,0.0,0.0,0.0,0.0,0.0,0.0,0.0,0.0,0.0,0.0,0.0,0.0,0.0,0.0,0.0,0.0,0.0,0,0,0,0,0,0,0,0,0.0,1,0,0,0,0.0,0.0,0.0,0.0,0.0,0,0,0.0,0.0,0,0,0,0,0.0,0.0,0,0,0,0,0.0,0.0,0.0,0.0,0.0,0.0,0.0,0.0,0,0,0.0,0.0,0,0,0.0,0.0,0.0,0.0,0.0,0.0,0.0,0,0,0.0,0.0,0,0,1.0,0.0,1.0,846.5497054182316,1758.3037217784392,203.17804236245192,0.0,0.0,82.28779242199312,0.20149361115848957,353.7624206268346,3244.081682607951
255833,06000000171,29.0,1.0,0.0,1.0,1.0,1.0,1.0,0.0,0.0,1.0,1,1.0,0.0,0.0,1.0,0.0,1.0,1.0,0.0,1.0,1.0,0.0,1.0,1.0,1.0,0.0,0.0,0.0,0.0,0.0,0.0,1.0,0.0,0.0,0.0,1.0,0.0,0.0,0.0,0.0,0.0,0.0,0.0,0.0,0.0,0.0,0.0,0.0,0.0,0.0,0.0,0,0,0,0,0,0,0,0,1.0,1,0,1,0,0.0,0.0,0.0,0.0,0.0,0,0,0.0,0.0,0,0,0,0,0.0,0.0,0,0,0,0,0.0,0.0,0.0,0.0,0.0,0.0,0.0,0.0,0,0,0.0,0.0,0,1,0.0,0.0,1.0,0.0,0.0,0.0,0.0,0,0,0.0,0.0,0,0,2.0,0.0,0.0,37153.43545408009,4840.398111126826,4190.628780717307,2227.19120161239,501.40542770449525,3504.6972805638084,0.20149361115848957,8030.073671552248,60447.82992735717
255632,06003010001,17.0,0.0,0.0,0.0,0.0,0.0,0.0,0.0,0.0,0.0,1,0.0,0.0,0.0,0.0,0.0,0.0,0.0,0.0,1.0,1.0,0.0,1.0,0.0,1.0,1.0,0.0,0.0,0.0,0.0,0.0,0.0,0.0,0.0,0.0,0.0,0.0,0.0,0.0,0.0,0.0,0.0,0.0,0.0,0.0,0.0,0.0,0.0,0.0,0.0,0.0,0,0,1,0,0,0,0,0,0.0,0,0,0,0,0.0,0.0,0.0,0.0,0.0,0,0,0.0,0.0,0,0,0,0,0.0,0.0,1,0,0,0,0.0,0.0,0.0,0.0,0.0,0.0,0.0,0.0,0,0,0.0,0.0,0,0,0.0,0.0,0.0,0.0,0.0,0.0,0.0,0,0,0.0,0.0,0,0,1.0,0.0,0.0,22079.331841106956,15275.957154108328,2415.5448605268025,0.0,0.0,1026.2806908205814,0.20149361115848957,6999.3013232281855,47796.41586979086
255139,06002058001,4.0,1.0,0.0,1.0,1.0,1.0,1.0,0.0,1.0,1.0,1,1.0,0.0,0.0,1.0,0.0,0.0,0.0,0.0,0.0,0.0,0.0,0.0,0.0,0.0,1.0,0.0,0.0,0.0,0.0,0.0,0.0,0.0,0.0,0.0,0.0,0.0,0.0,0.0,0.0,0.0,0.0,0.0,0.0,0.0,0.0,0.0,0.0,0.0,0.0,0.0,0,0,1,0,0,0,0,0,1.0,1,0,0,0,0.0,0.0,0.0,0.0,0.0,0,0,0.0,0.0,0,0,0,0,0.0,0.0,0,0,0,0,0.0,0.0,0.0,0.0,0.0,0.0,0.0,0.0,0,0,0.0,0.0,0,0,0.0,0.0,0.0,0.0,0.0,1.0,0.0,0,0,0.0,0.0,0,0,1.0,0.0,0.0,5161.654985148805,674.3481802052445,574.5315465929951,0.0,0.0,489.90464963416787,0.20149361115848957,626.8498371364949,7527.289198717708
220792,06002006001,20.2,1.0,0.0,1.0,1.0,0.0,1.0,0.0,1.0,1.0,1,1.0,0.0,0.0,1.0,0.0,0.0,0.0,0.0,0.0,0.0,1.0,0.0,0.0,0.0,0.0,0.0,0.0,0.0,0.0,0.0,1.0,0.0,0.0,0.0,1.0,0.0,0.0,1.0,0.0,0.0,0.0,0.0,0.0,0.0,0.0,0.0,0.0,0.0,0.0,0.0,0,0,1,0,0,0,0,0,1.0,1,0,1,0,0.0,0.0,0.0,0.0,0.0,0,0,0.0,0.0,0,0,0,0,0.0,0.0,0,0,0,0,0.0,0.0,0.0,0.0,0.0,0.0,0.0,0.0,0,0,0.0,0.0,1,0,0.0,0.0,0.0,0.0,0.0,1.0,0.0,0,0,0.0,0.0,0,0,2.0,0.0,0.0,25957.647012905723,3355.062474321008,2896.1418722332774,0.0,0.0,2470.7416660486183,0.20149361115848957,3008.1598476905497,37687.75287319918
229922,06001082001,1.4,0.0,1.0,1.0,1.0,1.0,0.0,1.0,1.0,1.0,1,0.0,1.0,1.0,1.0,0.0,0.0,1.0,0.0,0.0,0.0,0.0,0.0,0.0,0.0,1.0,0.0,1.0,0.0,0.0,0.0,0.0,0.0,1.0,0.0,0.0,0.0,0.0,0.0,0.0,0.0,0.0,0.0,0.0,0.0,0.0,0.0,0.0,0.0,0.0,0.0,1,0,0,0,0,0,0,0,2.0,1,1,0,0,0.0,1.0,1.0,0.0,0.0,0,0,0.0,0.0,0,0,0,0,0.0,1.0,0,1,0,0,0.0,0.0,0.0,0.0,0.0,0.0,0.0,0.0,0,0,0.0,0.0,0,0,0.0,0.0,0.0,0.0,0.0,0.0,0.0,0,0,0.0,0.0,0,0,4.0,0.0,0.0,565.6792481789423,942.9156259377631,151.59942231976046,348.6138803257394,78.76671774336911,82.54388889380179,0.20149361115848957,815.7189216055361,2985.8377050049126
217831,06002120001,4.06,1.0,0.0,1.0,1.0,1.0,1.0,1.0,0.0,0.0,1,1.0,0.0,1.0,1.0,0.0,0.0,0.0,0.0,0.0,0.0,0.0,0.0,0.0,0.0,0.0,0.0,0.0,0.0,0.0,0.0,0.0,0.0,1.0,0.0,0.0,0.0,0.0,0.0,0.0,0.0,0.0,0.0,0.0,0.0,0.0,0.0,0.0,0.0,0.0,0.0,1,0,0,0,0,0,0,0,1.0,0,1,0,0,0.0,0.0,0.0,0.0,0.0,0,0,0.0,0.0,0,0,0,0,0.0,0.0,0,1,0,0,0.0,0.0,0.0,0.0,0.0,0.0,0.0,0.0,0,0,0.0,0.0,0,0,0.0,0.0,0.0,0.0,0.0,0.0,0.0,0,0,0.0,0.0,0,0,1.0,0.0,0.0,5312.670727621428,3675.1525262044993,585.3142331853799,0.0,0.0,248.33552197571206,0.20149361115848957,2005.8713003596004,11827.34430934662
246217,06000000068,20.0,1.0,0.0,1.0,0.0,0.0,1.0,1.0,0.0,0.0,0,1.0,0.0,1.0,1.0,0.0,0.0,0.0,0.0,0.0,0.0,0.0,0.0,0.0,0.0,0.0,0.0,0.0,0.0,0.0,0.0,0.0,0.0,1.0,0.0,0.0,0.0,0.0,0.0,0.0,0.0,0.0,0.0,0.0,0.0,0.0,0.0,0.0,0.0,0.0,0.0,1,0,0,0,0,0,0,0,1.0,0,1,0,0,0.0,0.0,0.0,0.0,0.0,0,0,0.0,0.0,0,0,0,0,0.0,0.0,1,0,0,0,0.0,0.0,0.0,0.0,0.0,0.0,0.0,0.0,0,0,0.0,0.0,0,0,0.0,0.0,0.0,0.0,0.0,0.0,0.0,0,0,0.0,0.0,0,0,1.0,0.0,0.0,25975.684518949365,17971.714298950974,2841.8174829727086,0.0,0.0,1207.3890480242135,0.20149361115848957,8234.472144974336,56231.07749387159
247457,06002012001,39.0,1.0,0.0,1.0,1.0,1.0,1.0,0.0,0.0,1.0,0,1.0,0.0,0.0,1.0,0.0,0.0,0.0,0.0,1.0,1.0,0.0,1.0,0.0,1.0,1.0,0.0,0.0,0.0,0.0,0.0,1.0,0.0,0.0,0.0,0.0,0.0,0.0,0.0,0.0,0.0,0.0,0.0,0.0,0.0,0.0,0.0,0.0,0.0,0.0,0.0,0,0,0,0,0,0,0,0,1.0,1,0,1,0,0.0,0.0,0.0,0.0,0.0,0,0,0.0,0.0,0,0,0,0,0.0,0.0,1,0,0,0,0.0,0.0,0.0,0.0,0.0,0.0,0.0,0.0,0,0,0.0,0.0,0,0,0.0,0.0,0.0,0.0,0.0,0.0,0.0,0,0,0.0,0.0,0,0,1.0,0.0,0.0,50652.58481195125,35044.84288295441,5541.544091796782,0.0,0.0,2354.408643647216,0.20149361115848957,16057.220682699955,109650.60111304962
248886,06002021001,0.033,1.0,0.0,0.0,0.0,0.0,1.0,0.0,1.0,0.0,0,1.0,0.0,0.0,0.0,0.0,0.0,0.0,0.0,1.0,1.0,0.0,1.0,0.0,1.0,0.0,0.0,0.0,0.0,0.0,0.0,0.0,0.0,0.0,0.0,0.0,0.0,0.0,0.0,0.0,0.0,0.0,0.0,0.0,0.0,0.0,0.0,0.0,0.0,0.0,0.0,0,0,0,0,0,0,0,0,0.0,0,0,0,0,0.0,0.0,0.0,0.0,0.0,0,0,0.0,0.0,0,0,0,0,0.0,0.0,0,0,0,0,0.0,0.0,0.0,0.0,0.0,0.0,0.0,0.0,0,0,0.0,0.0,0,0,0.0,0.0,0.0,0.0,0.0,0.0,0.0,0,0,0.0,0.0,0,0,1.0,0.0,1.0,19.95438591342975,41.4457305847775,4.7891967128292245,0.0,0.0,1.9396408213755523,0.20149361115848957,8.338685629061102,76.46763966147313
241288,06003053001,1.0,0.0,1.0,0.0,1.0,1.0,1.0,0.0,0.0,1.0,0,0.0,0.0,0.0,1.0,0.0,0.0,0.0,0.0,0.0,0.0,0.0,0.0,0.0,0.0,0.0,0.0,1.0,0.0,0.0,0.0,0.0,0.0,0.0,0.0,0.0,0.0,0.0,0.0,0.0,0.0,0.0,0.0,0.0,0.0,0.0,0.0,0.0,0.0,0.0,0.0,0,0,0,0,0,0,0,0,1.0,1,0,0,0,0.0,0.0,0.0,0.0,0.0,0,0,0.0,0.0,0,0,0,0,0.0,0.0,0,0,0,0,0.0,0.0,0.0,0.0,0.0,0.0,0.0,0.0,0,0,0.0,0.0,0,0,0.0,0.0,0.0,0.0,0.0,0.0,0.0,0,0,0.0,1.0,0,0,1.0,0.0,0.0,148.21761405689537,168.00750402978275,143.74227721530195,35.15157167119788,7.941424144110662,58.186589637441315,0.20149361115848957,396.36779867278705,957.614779427517
237315,06003050001,5.5,0.0,0.0,0.0,0.0,0.0,0.0,0.0,0.0,0.0,0,0.0,0.0,0.0,0.0,0.0,0.0,0.0,0.0,0.0,0.0,0.0,0.0,0.0,0.0,0.0,0.0,0.0,0.0,0.0,0.0,0.0,0.0,0.0,0.0,0.0,0.0,0.0,0.0,0.0,0.0,0.0,0.0,0.0,0.0,0.0,0.0,0.0,0.0,0.0,0.0,0,0,0,0,0,0,0,0,0.0,0,0,0,0,0.0,0.0,0.0,0.0,0.0,0,0,0.0,0.0,0,0,0,0,0.0,0.0,0,1,0,0,0.0,0.0,0.0,0.0,0.0,0.0,0.0,0.0,0,0,0.0,0.0,0,0,0.0,0.0,0.0,0.0,0.0,0.0,0.0,0,0,0.0,0.0,0,0,1.0,0.0,0.0,7196.967734462527,4978.654900030727,792.9133700787166,0.0,0.0,336.4151159769499,0.20149361115848957,2717.313337925567,16022.264458474488
230132,06003033001,0.4,0.0,0.0,0.0,0.0,0.0,1.0,0.0,0.0,0.0,0,0.0,0.0,0.0,0.0,0.0,0.0,0.0,0.0,1.0,1.0,0.0,1.0,0.0,1.0,0.0,0.0,0.0,0.0,0.0,1.0,0.0,0.0,0.0,0.0,0.0,0.0,0.0,1.0,1.0,0.0,1.0,0.0,0.0,0.0,0.0,0.0,0.0,0.0,0.0,0.0,0,0,0,0,0,0,0,0,0.0,0,0,0,0,0.0,0.0,0.0,0.0,0.0,0,0,0.0,0.0,0,0,0,0,0.0,0.0,0,0,0,0,0.0,0.0,0.0,0.0,0.0,0.0,0.0,0.0,0,0,0.0,0.0,0,0,0.0,0.0,0.0,0.0,0.0,0.0,0.0,0,0,0.0,0.0,0,0,2.0,1.0,1.0,804.553721180166,251.1862459683485,57.843625794201685,0.0,0.0,23.88734539119206,0.20149361115848957,77.17737709593071,1214.648315429839
882248,06003014001,2.36,0.0,1.0,1.0,0.0,0.0,1.0,1.0,1.0,0.0,0,0.0,1.0,1.0,1.0,0.0,0.0,0.0,0.0,1.0,1.0,0.0,1.0,0.0,1.0,1.0,0.0,0.0,0.0,0.0,0.0,0.0,0.0,1.0,0.0,0.0,0.0,0.0,0.0,0.0,0.0,0.0,0.0,0.0,0.0,0.0,0.0,0.0,0.0,0.0,0.0,1,0,0,0,0,0,0,0,1.0,0,1,0,0,0.0,0.0,0.0,0.0,0.0,0,0,0.0,0.0,0,0,0,0,0.0,0.0,0,0,0,0,0.0,0.0,0.0,0.0,0.0,0.0,0.0,0.0,0,0,0.0,0.0,0,0,0.0,0.0,0.0,0.0,1.0,0.0,0.0,0,0,0.0,0.0,0,0,1.0,0.0,0.0,357.8852300119592,398.75824387051625,339.60437757504803,83.02073158410388,18.717931146894593,277.10466421290414,0.20149361115848957,866.2086854161448,2341.2998638175713
255462,06003036001,0.2,0.0,0.0,0.0,0.0,0.0,1.0,0.0,1.0,1.0,0,0.0,0.0,0.0,0.0,0.0,0.0,0.0,0.0,0.0,0.0,0.0,0.0,0.0,0.0,0.0,0.0,1.0,0.0,0.0,0.0,0.0,0.0,0.0,0.0,0.0,0.0,0.0,0.0,0.0,0.0,0.0,0.0,0.0,0.0,0.0,0.0,0.0,0.0,0.0,0.0,0,0,0,0,0,0,0,0,1.0,1,0,0,0,0.0,0.0,0.0,0.0,0.0,0,0,0.0,0.0,0,0,0,0,0.0,0.0,0,0,0,0,0.0,0.0,0.0,0.0,0.0,0.0,0.0,0.0,0,0,0.0,0.0,0,0,0.0,0.0,0.0,0.0,0.0,0.0,0.0,0,0,0.0,1.0,0,0,1.0,0.0,0.0,29.64352281137908,33.601500805956555,28.74845544306039,7.030314334239576,1.5882848288221323,11.637317927488263,0.20149361115848957,79.27355973455741,191.5229558855034
213889,06002044004,10.0,1.0,1.0,1.0,1.0,1.0,1.0,0.0,0.0,1.0,1,1.0,0.0,0.0,1.0,0.0,0.0,0.0,0.0,0.0,0.0,0.0,0.0,0.0,0.0,0.0,0.0,0.0,0.0,0.0,0.0,1.0,0.0,0.0,0.0,1.0,0.0,1.0,0.0,0.0,0.0,0.0,0.0,0.0,0.0,0.0,0.0,0.0,0.0,0.0,0.0,0,0,1,0,0,0,0,0,1.0,1,0,1,0,0.0,0.0,0.0,0.0,0.0,0,0,0.0,0.0,0,0,0,0,0.0,0.0,0,0,0,0,0.0,0.0,0.0,0.0,0.0,0.0,0.0,0.0,0,0,0.0,0.0,1,0,0.0,0.0,0.0,0.0,0.0,1.0,0.0,0,0,0.0,0.0,0,0,2.0,0.0,0.0,12850.320303418677,1660.922016990598,1433.7336001154836,0.0,0.0,1223.13943863793,0.20149361115848957,1489.188043411163,18657.303402573853
255420,06002043001,15.7,1.0,1.0,1.0,1.0,1.0,1.0,1.0,1.0,1.0,1,1.0,1.0,1.0,1.0,0.0,0.0,0.0,0.0,0.0,0.0,0.0,0.0,0.0,0.0,0.0,0.0,0.0,0.0,0.0,0.0,0.0,0.0,0.0,0.0,0.0,0.0,0.0,0.0,0.0,0.0,0.0,0.0,0.0,0.0,0.0,0.0,0.0,0.0,0.0,0.0,1,0,0,0,0,0,0,0,1.0,1,0,0,0,0.0,1.0,0.0,0.0,0.0,0,0,0.0,0.0,0,0,0,0,0.0,0.0,0,0,0,1,0.0,0.0,0.0,0.0,0.0,0.0,0.0,0.0,0,0,0.0,0.0,0,0,0.0,0.0,0.0,0.0,0.0,0.0,0.0,0,0,0.0,0.0,0,0,2.0,0.0,0.0,10018.639099136166,7999.149316514887,1124.8981534236625,0.0,0.0,964.6382310533733,0.20149361115848957,2776.5440561971996,22883.868856325287
256507,06002123001,2.2,0.0,0.0,1.0,1.0,1.0,1.0,1.0,1.0,0.0,1,0.0,0.0,1.0,1.0,0.0,0.0,0.0,0.0,0.0,0.0,0.0,0.0,1.0,0.0,1.0,0.0,0.0,0.0,0.0,0.0,0.0,0.0,0.0,0.0,0.0,0.0,0.0,0.0,0.0,1.0,0.0,0.0,0.0,0.0,0.0,0.0,0.0,0.0,0.0,0.0,1,0,0,0,0,0,0,0,0.0,1,0,0,0,0.0,0.0,0.0,0.0,0.0,0,0,0.0,0.0,0,0,0,0,0.0,0.0,0,0,0,1,0.0,0.0,0.0,0.0,0.0,0.0,0.0,0.0,0,0,0.0,0.0,0,0,0.0,0.0,0.0,0.0,0.0,0.0,0.0,0,0,0.0,0.0,0,0,1.0,0.0,0.0,2807.77146727383,2241.7998084500323,315.2580812142748,0.0,0.0,270.3444723971238,0.20149361115848957,778.1397354947568,6413.313564830018
255833,06002125001,29.0,1.0,0.0,1.0,1.0,1.0,1.0,0.0,0.0,1.0,1,1.0,0.0,0.0,1.0,0.0,1.0,1.0,0.0,1.0,1.0,0.0,1.0,1.0,1.0,0.0,0.0,0.0,0.0,0.0,0.0,1.0,0.0,0.0,0.0,1.0,0.0,0.0,0.0,0.0,0.0,0.0,0.0,0.0,0.0,0.0,0.0,0.0,0.0,0.0,0.0,0,0,1,0,0,0,0,0,1.0,1,0,1,0,0.0,0.0,0.0,0.0,0.0,0,0,0.0,0.0,0,0,0,0,0.0,0.0,0,0,0,0,0.0,0.0,0.0,0.0,0.0,0.0,0.0,0.0,0,0,0.0,0.0,1,0,0.0,0.0,1.0,0.0,0.0,0.0,0.0,0,0,0.0,0.0,0,0,2.0,0.0,0.0,37156.75134676824,4788.03118941821,4181.342949718941,2227.19120161239,501.40542770449525,3526.9136414835984,0.20149361115848957,6696.030971247707,59077.666727953576
270006,06002047001,15.5,1.0,0.0,1.0,1.0,1.0,1.0,0.0,1.0,1.0,0,1.0,0.0,0.0,1.0,1.0,0.0,0.0,0.0,0.0,0.0,0.0,0.0,0.0,0.0,0.0,0.0,0.0,0.0,0.0,0.0,1.0,0.0,0.0,0.0,1.0,0.0,0.0,0.0,0.0,0.0,0.0,0.0,0.0,0.0,0.0,0.0,0.0,0.0,0.0,0.0,0,0,0,0,0,0,0,0,1.0,1,0,1,0,0.0,0.0,0.0,0.0,0.0,0,0,0.0,0.0,0,0,0,0,0.0,0.0,0,0,0,0,0.0,0.0,0.0,0.0,0.0,0.0,0.0,0.0,0,0,1.0,0.0,0,0,0.0,0.0,0.0,1.0,0.0,0.0,0.0,0,0,0.0,0.0,0,0,2.0,0.0,0.0,2406.102715037933,2567.029765339929,2248.5781085697017,1180.7322601544026,266.2589724150137,2541.3487486170893,0.20149361115848957,3733.217271979472,14943.26784211354
209253,06002082001,4.5,1.0,0.0,1.0,1.0,1.0,1.0,0.0,1.0,1.0,1,1.0,0.0,0.0,1.0,0.0,0.0,0.0,0.0,0.0,0.0,0.0,0.0,0.0,0.0,0.0,0.0,0.0,0.0,0.0,0.0,0.0,0.0,0.0,0.0,0.0,0.0,0.0,0.0,0.0,0.0,0.0,0.0,0.0,0.0,0.0,0.0,1.0,0.0,0.0,0.0,0,0,0,0,0,0,0,0,1.0,1,0,1,0,0.0,0.0,0.0,0.0,0.0,0,0,0.0,0.0,0,0,0,0,0.0,0.0,0,0,0,0,0.0,0.0,0.0,0.0,0.0,0.0,0.0,0.0,0,0,0.0,0.0,0,1,0.0,0.0,0.0,0.0,0.0,0.0,1.0,0,0,0.0,0.0,0,0,2.0,0.0,0.0,5759.968593773417,750.8714111567572,644.8104106548874,0.0,0.0,545.4173811026205,0.20149361115848957,1162.4666924037135,8863.534489091395
259507,06002008001,29.5,1.0,0.0,1.0,1.0,1.0,0.0,1.0,0.0,0.0,1,1.0,0.0,1.0,1.0,0.0,0.0,0.0,0.0,0.0,1.0,0.0,0.0,0.0,0.0,0.0,0.0,0.0,0.0,0.0,0.0,0.0,0.0,1.0,0.0,0.0,0.0,0.0,0.0,0.0,0.0,0.0,0.0,0.0,0.0,0.0,0.0,0.0,0.0,0.0,0.0,1,0,1,0,0,0,0,0,1.0,0,1,0,0,0.0,0.0,0.0,0.0,0.0,0,0,0.0,0.0,0,0,0,0,0.0,0.0,1,0,0,0,0.0,0.0,0.0,0.0,0.0,0.0,0.0,0.0,0,0,0.0,0.0,0,0,0.0,0.0,0.0,0.0,0.0,0.0,0.0,0,0,0.0,0.0,0,0,1.0,0.0,0.0,38314.13466545031,26508.27859095269,4191.680787384746,0.0,0.0,1780.8988458357148,0.20149361115848957,12145.846413837146,82940.83930346061
255333,06002041001,110.0,1.0,1.0,1.0,1.0,1.0,1.0,1.0,1.0,0.0,1,1.0,0.0,1.0,1.0,0.0,1.0,1.0,0.0,1.0,1.0,1.0,1.0,1.0,1.0,0.0,0.0,0.0,0.0,0.0,0.0,0.0,0.0,1.0,0.0,0.0,0.0,0.0,0.0,0.0,0.0,0.0,0.0,0.0,0.0,0.0,0.0,0.0,0.0,0.0,0.0,1,0,1,0,0,0,0,0,1.0,0,1,0,0,0.0,0.0,0.0,0.0,0.0,0,0,0.0,0.0,0,0,0,0,0.0,0.0,1,0,0,0,0.0,0.0,0.0,0.0,0.0,0.0,0.0,0.0,0,0,0.0,0.0,0,0,0.0,0.0,0.0,0.0,0.0,0.0,0.0,0,0,0.0,0.0,0,0,1.0,0.0,0.0,142866.2648542215,98844.42864423037,15629.996156349896,0.0,0.0,6640.639764133174,0.20149361115848957,45289.59679735885,309270.92621629377
244566,06002040001,10.3,1.0,1.0,0.0,0.0,0.0,1.0,0.0,1.0,1.0,1,1.0,0.0,0.0,1.0,0.0,1.0,1.0,0.0,1.0,1.0,0.0,1.0,0.0,1.0,0.0,0.0,0.0,0.0,0.0,0.0,0.0,0.0,0.0,0.0,0.0,0.0,0.0,0.0,0.0,0.0,0.0,0.0,0.0,0.0,0.0,0.0,0.0,0.0,0.0,0.0,0,0,1,0,0,0,0,0,1.0,1,0,0,0,0.0,0.0,0.0,0.0,0.0,0,0,0.0,0.0,0,0,0,0,0.0,0.0,0,0,0,0,0.0,0.0,0.0,0.0,0.0,0.0,0.0,0.0,0,0,0.0,0.0,0,0,0.0,0.0,0.0,0.0,0.0,1.0,0.0,0,0,0.0,0.0,0,0,1.0,0.0,0.0,13291.261586758174,1736.4465640285046,1479.4187324769628,0.0,0.0,1261.5044728079824,0.20149361115848957,1614.1383306264743,19382.7696866981
243858,06002033001,15.4,1.0,1.0,0.0,1.0,1.0,1.0,0.0,1.0,1.0,1,1.0,0.0,0.0,0.0,0.0,0.0,0.0,0.0,0.0,1.0,0.0,0.0,0.0,0.0,0.0,0.0,0.0,1.0,0.0,0.0,0.0,1.0,0.0,0.0,0.0,0.0,1.0,0.0,0.0,0.0,0.0,0.0,0.0,0.0,0.0,0.0,0.0,0.0,0.0,0.0,0,0,1,0,0,0,0,0,1.0,1,0,0,0,0.0,0.0,0.0,0.0,0.0,0,0,0.0,0.0,0,0,0,0,0.0,0.0,0,0,0,0,0.0,0.0,0.0,0.0,0.0,0.0,0.0,0.0,0,0,0.0,0.0,0,0,0.0,0.0,0.0,0.0,0.0,1.0,0.0,0,0,0.0,0.0,0,0,1.0,0.0,0.0,19872.3716928229,2596.240493790191,2211.9464543830313,0.0,0.0,1886.1329010915463,0.20149361115848957,2413.3718729755055,28980.063415063178
222132,06002036001,120.0,1.0,0.0,1.0,1.0,1.0,0.0,0.0,1.0,1.0,1,1.0,0.0,0.0,1.0,0.0,0.0,0.0,0.0,0.0,0.0,0.0,0.0,0.0,0.0,0.0,0.0,0.0,0.0,0.0,0.0,0.0,0.0,0.0,0.0,0.0,0.0,0.0,0.0,0.0,0.0,0.0,0.0,0.0,0.0,0.0,0.0,0.0,0.0,0.0,1.0,0,0,1,0,0,0,0,0,2.0,1,0,0,0,0.0,0.0,0.0,0.0,0.0,0,0,0.0,0.0,0,0,0,0,0.0,0.0,0,0,0,0,0.0,0.0,0.0,0.0,0.0,0.0,1.0,0.0,0,0,0.0,0.0,0,0,0.0,0.0,0.0,0.0,0.0,0.0,0.0,0,0,0.0,0.0,0,0,1.0,0.0,0.0,155987.76303248107,19770.313258129318,17370.52653687072,0.0,0.0,14596.303939514206,0.20149361115848957,22160.208274481494,229885.11504147682
240864,06000000302,0.07,0.0,0.0,0.0,0.0,0.0,1.0,0.0,0.0,1.0,0,0.0,0.0,0.0,1.0,0.0,0.0,0.0,0.0,1.0,1.0,0.0,1.0,1.0,1.0,0.0,0.0,0.0,0.0,0.0,0.0,0.0,0.0,0.0,0.0,0.0,0.0,0.0,0.0,0.0,0.0,0.0,0.0,0.0,0.0,0.0,0.0,0.0,0.0,0.0,0.0,0,0,0,0,0,0,0,0,1.0,1,0,0,0,0.0,0.0,0.0,0.0,0.0,0,0,0.0,0.0,0,0,0,0,0.0,0.0,0,0,0,0,0.0,0.0,0.0,0.0,0.0,0.0,0.0,0.0,0,0,0.0,0.0,0,0,0.0,0.0,0.0,0.0,0.0,0.0,0.0,0,0,0.0,0.0,0,0,1.0,0.0,1.0,42.327485270911595,87.91518608892197,10.158902118122597,0.0,0.0,4.114389621099656,0.20149361115848957,17.688121031341733,162.20408413039755
232063,06004010001,215.0,1.0,1.0,1.0,0.0,0.0,0.0,0.0,0.0,1.0,1,1.0,1.0,0.0,1.0,0.0,1.0,1.0,0.0,0.0,0.0,0.0,0.0,0.0,0.0,1.0,0.0,0.0,0.0,0.0,0.0,0.0,0.0,0.0,0.0,0.0,0.0,0.0,0.0,0.0,0.0,0.0,0.0,0.0,0.0,0.0,0.0,0.0,0.0,0.0,1.0,0,0,1,0,0,0,0,0,2.0,1,0,0,0,1.0,0.0,0.0,0.0,0.0,0,0,0.0,0.0,0,0,0,0,0.0,0.0,0,0,0,0,0.0,0.0,0.0,0.0,0.0,0.0,1.0,0.0,0,0,0.0,0.0,0,0,0.0,0.0,0.0,0.0,0.0,0.0,0.0,0,0,0.0,0.0,0,0,2.0,0.0,0.0,278495.00049122097,115165.78290422991,30913.48491644501,133098.94504795544,30024.138745550932,26094.983953620937,0.2668462015647735,199077.86802194902,812870.2040809722
220768,06005227001,18.0,1.0,0.0,1.0,0.0,0.0,0.0,1.0,1.0,0.0,1,1.0,0.0,1.0,1.0,0.0,0.0,0.0,0.0,1.0,1.0,0.0,1.0,0.0,1.0,1.0,0.0,0.0,0.0,0.0,0.0,0.0,0.0,1.0,0.0,0.0,0.0,0.0,0.0,0.0,0.0,0.0,0.0,0.0,0.0,0.0,0.0,0.0,0.0,0.0,0.0,1,0,1,0,0,0,0,0,1.0,0,1,0,0,0.0,0.0,0.0,0.0,0.0,0,0,0.0,0.0,0,0,0,0,0.0,0.0,1,0,0,0,0.0,0.0,0.0,0.0,0.0,0.0,0.0,0.0,0,0,0.0,0.0,0,0,0.0,0.0,0.0,0.0,0.0,0.0,0.0,0,0,0.0,0.0,0,0,1.0,0.0,0.0,23378.116067054427,16174.542869055877,2557.6357346754376,0.0,0.0,1086.6501432217922,0.20149361115848957,7411.024930476902,50607.969744484435
236236,06005421001,0.72,0.0,0.0,0.0,0.0,1.0,0.0,1.0,0.0,0.0,0,0.0,1.0,1.0,1.0,0.0,0.0,0.0,0.0,0.0,0.0,0.0,0.0,0.0,0.0,1.0,0.0,1.0,0.0,0.0,0.0,0.0,0.0,0.0,0.0,0.0,0.0,0.0,0.0,0.0,0.0,0.0,0.0,0.0,0.0,0.0,0.0,0.0,0.0,0.0,0.0,1,0,0,0,0,0,0,0,0.0,0,0,0,0,0.0,0.0,1.0,0.0,0.0,0,0,0.0,0.0,0,0,0,0,0.0,0.0,0,0,0,0,0.0,0.0,0.0,0.0,0.0,0.0,0.0,0.0,0,0,0.0,0.0,0,0,0.0,0.0,0.0,0.0,0.0,0.0,0.0,0,0,0.0,0.0,0,0,1.0,0.0,0.0,111.29277773040778,644.7389891025638,104.79098974281744,691.8220374823393,156.32384505733074,83.94480191652163,0.20149361115848957,960.2203269693796,2753.1337680013603
220850,06005204001,0.3,0.0,0.0,1.0,0.0,1.0,1.0,0.0,0.0,0.0,0,0.0,0.0,0.0,0.0,0.0,0.0,0.0,0.0,1.0,1.0,0.0,1.0,1.0,1.0,0.0,0.0,1.0,0.0,1.0,0.0,0.0,0.0,0.0,0.0,0.0,0.0,0.0,0.0,0.0,0.0,0.0,0.0,0.0,0.0,0.0,0.0,0.0,0.0,0.0,0.0,0,0,0,0,0,0,0,0,0.0,1,0,0,0,0.0,0.0,0.0,0.0,0.0,0,0,0.0,0.0,0,0,0,0,0.0,0.0,0,0,0,0,0.0,0.0,0.0,0.0,0.0,0.0,0.0,0.0,0,0,0.0,0.0,0,0,0.0,0.0,0.0,0.0,0.0,0.0,0.0,0,0,0.0,1.0,0,0,1.0,0.0,0.0,44.46528421706861,50.40225120893482,43.12268316459058,10.545471501359364,2.3824272432331983,17.455976891232392,0.20149361115848957,118.9103396018361,287.2844338282551
206733,06005040001,1.67,1.0,1.0,0.0,0.0,1.0,0.0,1.0,1.0,0.0,0,0.0,0.0,1.0,1.0,1.0,1.0,1.0,0.0,1.0,1.0,0.0,1.0,0.0,1.0,1.0,0.0,0.0,0.0,1.0,0.0,0.0,0.0,1.0,0.0,0.0,0.0,0.0,0.0,0.0,0.0,0.0,0.0,0.0,0.0,0.0,0.0,0.0,0.0,0.0,0.0,1,0,0,0,0,0,0,0,1.0,1,1,0,0,0.0,0.0,0.0,0.0,0.0,0,0,0.0,0.0,0,0,0,0,1.0,0.0,0,0,0,0,0.0,0.0,0.0,0.0,0.0,0.0,0.0,0.0,0,0,0.0,0.0,0,0,0.0,0.0,0.0,0.0,0.0,0.0,0.0,0,0,0.0,0.0,0,0,1.0,0.0,0.0,260.21303110166946,1543.7233542279505,240.48323547400688,126.14845542065095,28.498345568368414,135.72595766065447,0.20149361115848957,794.972013178128,3129.764392631428
235738,06004010003,20.0,1.0,1.0,1.0,0.0,0.0,1.0,1.0,1.0,0.0,1,1.0,0.0,1.0,1.0,0.0,0.0,0.0,0.0,1.0,1.0,0.0,1.0,0.0,1.0,0.0,1.0,0.0,0.0,0.0,0.0,0.0,0.0,1.0,0.0,0.0,0.0,0.0,0.0,0.0,0.0,0.0,0.0,1.0,0.0,0.0,0.0,0.0,0.0,0.0,0.0,1,0,1,0,0,0,0,0,1.0,0,1,0,0,0.0,0.0,0.0,0.0,0.0,0,0,0.0,0.0,0,0,0,0,0.0,0.0,1,0,0,0,0.0,0.0,0.0,0.0,0.0,0.0,0.0,0.0,0,0,0.0,0.0,0,0,0.0,0.0,0.0,0.0,0.0,0.0,0.0,0,0,0.0,0.0,0,0,1.0,0.0,0.0,25975.684518949365,17971.714298950974,2841.8174829727086,0.0,0.0,1207.3890480242135,0.2668462015647735,10905.247075297919,58901.852424195175
238365,06005234001,5.9,0.0,1.0,1.0,1.0,0.0,0.0,1.0,1.0,0.0,0,0.0,0.0,1.0,1.0,0.0,0.0,0.0,0.0,1.0,1.0,0.0,1.0,0.0,1.0,1.0,0.0,0.0,0.0,1.0,0.0,0.0,0.0,0.0,0.0,0.0,0.0,0.0,0.0,0.0,0.0,0.0,0.0,0.0,0.0,0.0,0.0,0.0,0.0,0.0,0.0,1,0,0,0,0,0,0,0,0.0,1,0,0,0,0.0,0.0,0.0,0.0,0.0,0,0,0.0,0.0,0,0,0,0,0.0,0.0,0,1,0,0,0.0,0.0,0.0,0.0,0.0,0.0,0.0,0.0,0,0,0.0,0.0,0,0,0.0,0.0,0.0,0.0,0.0,0.0,0.0,0,0,0.0,0.0,0,0,1.0,0.0,0.0,7720.383569696166,5340.738892760234,850.5797969935325,0.0,0.0,360.8816698661826,0.20149361115848957,2914.936126138336,17187.52005545445
246251,06005088002,6.5,1.0,0.0,1.0,0.0,1.0,1.0,1.0,1.0,1.0,0,1.0,0.0,1.0,1.0,0.0,0.0,0.0,0.0,0.0,1.0,0.0,0.0,0.0,0.0,1.0,0.0,1.0,0.0,0.0,0.0,0.0,0.0,1.0,0.0,0.0,0.0,0.0,0.0,0.0,0.0,0.0,0.0,0.0,0.0,0.0,0.0,0.0,0.0,0.0,0.0,1,0,0,0,0,0,0,0,2.0,1,1,0,0,0.0,0.0,0.0,0.0,0.0,0,0,0.0,0.0,0,0,0,0,0.0,1.0,0,0,0,0,0.0,0.0,0.0,0.0,0.0,0.0,0.0,0.0,0,0,0.0,0.0,0,0,0.0,0.0,0.0,0.0,0.0,0.0,0.0,0,0,0.0,0.0,0,0,1.0,0.0,0.0,995.2379637262851,5806.864995845501,932.3086372039633,228.64216131801007,51.55353783150774,377.54141859721346,0.20149361115848957,3269.0396489177924,11661.188363440273
267571,06004010004,80.0,1.0,1.0,1.0,0.0,0.0,1.0,1.0,1.0,0.0,1,1.0,0.0,1.0,1.0,0.0,0.0,0.0,0.0,1.0,1.0,0.0,1.0,0.0,1.0,0.0,0.0,0.0,0.0,0.0,0.0,0.0,0.0,1.0,0.0,0.0,0.0,0.0,0.0,0.0,0.0,0.0,0.0,0.0,0.0,0.0,0.0,0.0,0.0,0.0,0.0,1,0,1,0,0,0,0,0,1.0,0,1,0,0,0.0,0.0,0.0,0.0,0.0,0,0,0.0,0.0,0,0,0,0,0.0,0.0,1,0,0,0,0.0,0.0,0.0,0.0,0.0,0.0,0.0,0.0,0,0,0.0,0.0,0,0,0.0,0.0,0.0,0.0,0.0,0.0,0.0,0,0,0.0,0.0,0,0,1.0,0.0,0.0,103902.73807579746,71886.8571958039,11367.269931890834,0.0,0.0,4829.556192096854,0.2668462015647735,43620.988301191675,235607.4096967807
271054,06004006001,14.0,1.0,1.0,1.0,1.0,1.0,1.0,1.0,1.0,1.0,1,1.0,1.0,1.0,1.0,0.0,1.0,0.0,0.0,1.0,1.0,0.0,1.0,0.0,1.0,1.0,0.0,0.0,0.0,0.0,0.0,0.0,0.0,0.0,1.0,0.0,0.0,1.0,0.0,0.0,0.0,0.0,1.0,0.0,0.0,0.0,0.0,0.0,0.0,0.0,0.0,1,1,1,0,0,0,0,0,1.0,1,1,0,1,1.0,0.0,0.0,0.0,0.0,0,0,0.0,0.0,1,0,0,0,0.0,0.0,0,0,0,0,0.0,0.0,0.0,0.0,0.0,0.0,0.0,0.0,0,0,0.0,0.0,0,0,0.0,0.0,0.0,0.0,0.0,0.0,0.0,0,0,0.0,0.0,0,0,2.0,0.0,0.0,18062.152594534487,12701.083566339646,2002.9231900385682,12446.38866729282,2807.555728971841,1703.4595450753466,0.2668462015647735,14423.694072162216,64147.25736441492
242162,06004008010,0.5,0.0,1.0,0.0,1.0,1.0,0.0,0.0,0.0,1.0,0,0.0,1.0,0.0,1.0,0.0,0.0,0.0,0.0,1.0,1.0,0.0,1.0,0.0,1.0,1.0,0.0,1.0,0.0,0.0,0.0,0.0,0.0,0.0,0.0,0.0,0.0,0.0,0.0,0.0,0.0,0.0,0.0,0.0,0.0,0.0,0.0,0.0,0.0,0.0,0.0,0,0,0,0,0,0,0,0,1.0,1,0,0,0,0.0,0.0,1.0,0.0,0.0,0,0,0.0,0.0,0,0,0,0,0.0,0.0,0,0,0,0,0.0,0.0,0.0,0.0,0.0,0.0,0.0,0.0,0,0,0.0,0.0,0,0,0.0,0.0,0.0,0.0,0.0,0.0,0.0,0,0,0.0,0.0,0,0,1.0,0.0,0.0,77.28665120167207,447.7354090990026,72.77152065473435,480.4319704738468,108.55822573425748,58.2950013309178,0.2668462015647735,883.0964686529024,2128.1752471473337
238646,06004009005,37.5,1.0,0.0,0.0,0.0,0.0,1.0,1.0,0.0,1.0,1,1.0,0.0,1.0,0.0,0.0,0.0,0.0,0.0,1.0,1.0,0.0,1.0,0.0,1.0,0.0,0.0,0.0,0.0,0.0,0.0,0.0,0.0,1.0,0.0,0.0,0.0,0.0,0.0,0.0,0.0,0.0,0.0,0.0,0.0,0.0,0.0,0.0,0.0,0.0,0.0,1,0,1,0,0,0,0,0,2.0,1,1,0,0,0.0,0.0,0.0,0.0,0.0,0,0,0.0,0.0,0,0,0,0,0.0,0.0,1,0,0,0,0.0,0.0,0.0,0.0,0.0,0.0,0.0,0.0,0,0,0.0,0.0,0,0,0.0,0.0,0.0,0.0,0.0,0.0,0.0,0,0,0.0,0.0,0,0,1.0,0.0,0.0,48704.40847303006,33696.964310533076,5328.407780573829,0.0,0.0,2263.8544650454,0.2668462015647735,20447.3382661836,110440.97329536597
271805,06005011001,12.0,1.0,0.0,1.0,1.0,1.0,1.0,0.0,0.0,1.0,1,1.0,0.0,0.0,1.0,0.0,0.0,0.0,0.0,0.0,0.0,0.0,0.0,1.0,0.0,0.0,0.0,0.0,0.0,0.0,0.0,0.0,0.0,0.0,0.0,0.0,0.0,0.0,0.0,0.0,0.0,0.0,0.0,0.0,0.0,0.0,0.0,0.0,0.0,0.0,0.0,0,0,1,0,0,0,0,0,1.0,1,0,0,0,0.0,0.0,0.0,0.0,0.0,0,0,0.0,0.0,0,0,0,0,0.0,0.0,0,0,0,0,0.0,0.0,0.0,0.0,0.0,0.0,0.0,0.0,0,0,0.0,0.0,0,0,0.0,0.0,1.0,0.0,0.0,0.0,0.0,0,0,0.0,0.0,0,0,1.0,0.0,0.0,15394.611134911858,1999.3402703912986,1743.0557509933617,1843.192718575771,414.9562160313064,1453.004378778588,0.20149361115848957,3848.0410799794167,26696.201549661597
212135,06004032001,11.0,1.0,1.0,0.0,0.0,0.0,1.0,1.0,1.0,0.0,1,1.0,0.0,1.0,1.0,0.0,0.0,0.0,0.0,1.0,1.0,0.0,1.0,0.0,1.0,0.0,0.0,0.0,0.0,0.0,0.0,0.0,0.0,1.0,0.0,0.0,0.0,0.0,0.0,0.0,0.0,0.0,0.0,0.0,0.0,0.0,0.0,0.0,0.0,0.0,0.0,1,0,1,0,0,0,0,0,1.0,0,1,0,0,0.0,0.0,0.0,0.0,0.0,0,0,0.0,0.0,0,0,0,0,0.0,0.0,1,0,0,0,0.0,0.0,0.0,0.0,0.0,0.0,0.0,0.0,0,0,0.0,0.0,0,0,0.0,0.0,0.0,0.0,0.0,0.0,0.0,0,0,0.0,0.0,0,0,1.0,0.0,0.0,14286.626485422148,9884.442864423036,1562.9996156349896,0.0,0.0,664.0639764133174,0.2668462015647735,5997.8858914138555,32396.018833307342
208276,06004016001,1.2,0.0,0.0,1.0,1.0,1.0,1.0,0.0,0.0,1.0,0,0.0,0.0,0.0,1.0,0.0,0.0,0.0,0.0,0.0,0.0,0.0,0.0,1.0,0.0,0.0,0.0,1.0,0.0,0.0,0.0,1.0,0.0,0.0,0.0,1.0,0.0,0.0,0.0,0.0,0.0,0.0,0.0,0.0,0.0,0.0,0.0,0.0,0.0,0.0,0.0,0,0,0,0,0,0,0,0,1.0,1,0,1,0,0.0,0.0,0.0,0.0,0.0,0,0,0.0,0.0,0,0,0,0,0.0,0.0,0,0,0,0,0.0,0.0,0.0,0.0,0.0,0.0,0.0,0.0,0,0,0.0,1.0,0,0,0.0,0.0,0.0,0.0,0.0,0.0,0.0,0,0,0.0,1.0,0,0,2.0,0.0,0.0,181.5798693367139,201.49677796998265,170.89405049171845,42.17470041828746,9.527754943361629,104.93172075403108,0.2668462015647735,547.2076430499957,1257.812516964091
260156,06004009003,100.0,1.0,1.0,0.0,0.0,0.0,1.0,1.0,0.0,0.0,1,1.0,0.0,1.0,0.0,1.0,1.0,1.0,0.0,1.0,1.0,0.0,1.0,0.0,1.0,0.0,0.0,0.0,0.0,0.0,0.0,0.0,0.0,1.0,0.0,0.0,0.0,0.0,0.0,0.0,0.0,0.0,0.0,0.0,0.0,0.0,0.0,0.0,0.0,0.0,0.0,1,0,1,0,0,0,0,0,1.0,0,1,0,0,0.0,0.0,0.0,0.0,0.0,0,0,0.0,0.0,0,0,0,0,1.0,0.0,1,0,0,0,0.0,0.0,0.0,0.0,0.0,0.0,0.0,0.0,0,0,0.0,0.0,0,0,0.0,0.0,0.0,0.0,0.0,0.0,0.0,0,0,0.0,0.0,0,0,2.0,0.0,0.0,72730.02061179465,91148.54785001068,14304.640577911021,3776.899862893741,853.2438792924675,7082.124047026236,0.2668462015647735,58784.49007909109,248679.96690801994
229595,06005329001,1.6,1.0,0.0,0.0,1.0,1.0,0.0,0.0,0.0,1.0,1,1.0,0.0,1.0,1.0,0.0,0.0,0.0,0.0,1.0,1.0,0.0,1.0,0.0,1.0,1.0,0.0,0.0,0.0,0.0,0.0,0.0,0.0,0.0,0.0,0.0,0.0,0.0,0.0,0.0,0.0,0.0,0.0,0.0,0.0,0.0,0.0,0.0,0.0,0.0,0.0,0,0,0,0,0,0,0,0,1.0,1,0,0,0,0.0,0.0,0.0,0.0,0.0,0,0,0.0,0.0,0,0,0,0,0.0,0.0,0,0,0,0,0.0,0.0,0.0,0.0,0.0,0.0,0.0,0.0,0,0,0.0,0.0,0,0,0.0,0.0,0.0,0.0,0.0,0.0,1.0,0,0,0.0,0.0,0,0,1.0,0.0,0.0,2048.903055255831,266.4188111871983,228.5250707565427,0.0,0.0,194.86105990001363,0.20149361115848957,453.63803047014653,3192.346027569732
213432,06005682001,0.026,0.0,0.0,0.0,0.0,0.0,0.0,0.0,1.0,1.0,0,0.0,0.0,0.0,1.0,0.0,0.0,0.0,0.0,0.0,0.0,0.0,0.0,0.0,0.0,1.0,0.0,0.0,0.0,0.0,0.0,1.0,0.0,0.0,0.0,0.0,0.0,0.0,0.0,0.0,0.0,0.0,0.0,0.0,0.0,0.0,0.0,0.0,0.0,0.0,0.0,0,0,0,0,0,0,0,0,1.0,1,0,1,0,0.0,0.0,0.0,0.0,0.0,0,0,0.0,0.0,0,0,0,0,0.0,0.0,0,0,0,0,0.0,0.0,0.0,0.0,0.0,0.0,0.0,0.0,0,0,0.0,0.0,0,0,0.0,0.0,0.0,0.0,0.0,0.0,0.0,0,0,0.0,0.0,0,0,1.0,0.0,1.0,15.721637386338589,32.6542119758853,3.7733065010169646,0.0,0.0,1.5282018592655864,0.20149361115848957,6.569873525926929,60.247231248433366
246616,06004002001,3.0,0.0,1.0,0.0,0.0,0.0,0.0,1.0,0.0,1.0,0,0.0,0.0,1.0,0.0,0.0,0.0,0.0,0.0,0.0,0.0,0.0,0.0,0.0,0.0,0.0,0.0,0.0,0.0,1.0,0.0,0.0,0.0,0.0,0.0,0.0,0.0,0.0,0.0,0.0,0.0,0.0,0.0,0.0,0.0,0.0,0.0,0.0,0.0,0.0,0.0,1,0,0,0,0,0,0,0,1.0,1,0,0,0,0.0,0.0,0.0,0.0,0.0,0,0,0.0,0.0,0,0,0,0,0.0,0.0,0,0,0,0,0.0,0.0,0.0,0.0,0.0,0.0,0.0,0.0,0,0,0.0,0.0,0,0,0.0,0.0,0.0,0.0,1.0,0.0,0.0,0,0,0.0,0.0,0,0,1.0,0.0,0.0,454.93885171011766,506.89607271675794,431.7004799682814,105.53482828487782,23.793980271476176,352.25169179606456,0.2668462015647735,1458.2484741147503,3333.364378862326
236292,06005681001,0.69,0.0,0.0,1.0,1.0,1.0,0.0,1.0,1.0,1.0,0,0.0,0.0,1.0,1.0,0.0,0.0,0.0,0.0,1.0,1.0,0.0,1.0,0.0,1.0,1.0,0.0,1.0,0.0,1.0,0.0,0.0,0.0,0.0,0.0,0.0,0.0,0.0,0.0,0.0,0.0,0.0,0.0,0.0,0.0,0.0,0.0,0.0,0.0,0.0,0.0,1,0,0,0,0,0,0,0,1.0,1,0,0,0,0.0,0.0,0.0,0.0,0.0,0,0,0.0,0.0,0,0,0,0,0.0,0.0,0,0,0,0,0.0,1.0,0.0,0.0,0.0,0.0,0.0,0.0,0,0,0.0,0.0,0,0,0.0,0.0,0.0,0.0,0.0,0.0,0.0,0,0,0.0,0.0,0,0,1.0,0.0,0.0,102.91547547810633,691.7732103150021,99.67720974345647,24.246677318746542,5.471609651663714,39.948698200755786,0.20149361115848957,297.03465240063866,1261.0675331083696
244141,06005200001,0.64,0.0,1.0,1.0,0.0,1.0,1.0,1.0,1.0,0.0,0,0.0,0.0,1.0,1.0,0.0,0.0,0.0,0.0,1.0,1.0,0.0,1.0,0.0,1.0,0.0,0.0,0.0,0.0,0.0,0.0,0.0,0.0,1.0,0.0,0.0,0.0,0.0,0.0,0.0,0.0,0.0,0.0,0.0,0.0,0.0,0.0,0.0,0.0,0.0,0.0,1,0,0,0,0,0,0,0,1.0,0,1,0,0,0.0,0.0,0.0,0.0,0.0,0,0,0.0,0.0,0,0,0,0,0.0,0.0,0,0,0,0,0.0,0.0,0.0,0.0,0.0,0.0,0.0,0.0,0,0,0.0,0.0,0,0,0.0,0.0,0.0,0.0,0.0,0.0,0.0,0,0,0.0,0.0,0,0,1.0,0.0,1.0,386.9941510483345,803.7959870987152,92.88139079426374,0.0,0.0,37.61727653576828,0.20149361115848957,161.7199637151244,1483.008769192206
246946,06004027001,31.7,1.0,1.0,1.0,1.0,1.0,0.0,0.0,0.0,1.0,1,1.0,0.0,0.0,1.0,0.0,1.0,1.0,0.0,0.0,0.0,0.0,0.0,0.0,0.0,0.0,0.0,0.0,0.0,0.0,0.0,1.0,0.0,1.0,0.0,1.0,0.0,1.0,0.0,0.0,0.0,0.0,0.0,0.0,0.0,0.0,0.0,0.0,0.0,0.0,0.0,1,0,1,0,0,0,0,0,2.0,1,1,1,0,0.0,0.0,0.0,0.0,0.0,0,0,0.0,0.0,0,0,0,0,0.0,0.0,1,0,0,0,0.0,0.0,0.0,0.0,0.0,0.0,0.0,0.0,0,0,0.0,0.0,1,0,0.0,0.0,0.0,0.0,0.0,0.0,0.0,0,0,0.0,0.0,0,0,2.0,0.0,0.0,40868.18746445243,16835.601711715564,4520.494614247212,0.0,0.0,2892.960666866037,0.2668462015647735,11604.738234426351,76721.9826917076
215225,06005041001,0.9,0.0,1.0,0.0,0.0,1.0,0.0,1.0,1.0,0.0,1,0.0,0.0,1.0,1.0,0.0,0.0,0.0,0.0,1.0,1.0,0.0,1.0,1.0,1.0,1.0,0.0,0.0,0.0,0.0,1.0,0.0,0.0,0.0,0.0,0.0,0.0,0.0,0.0,0.0,0.0,0.0,0.0,0.0,0.0,0.0,0.0,0.0,0.0,0.0,0.0,1,0,0,0,0,0,0,0,0.0,0,0,0,0,0.0,0.0,0.0,0.0,0.0,0,0,0.0,0.0,0,0,0,0,0.0,0.0,0,0,0,0,0.0,0.0,0.0,0.0,0.0,0.0,0.0,0.0,0,0,0.0,0.0,0,0,0.0,0.0,0.0,0.0,0.0,0.0,0.0,0,0,0.0,0.0,0,0,1.0,1.0,1.0,544.2105249117204,1130.3381068575684,130.6144558044334,0.0,0.0,52.89929512842415,0.20149361115848957,227.4186989743937,2085.4810816765403
205325,06005240001,0.5,0.0,1.0,0.0,0.0,0.0,0.0,0.0,0.0,0.0,0,0.0,0.0,0.0,0.0,0.0,0.0,0.0,0.0,0.0,0.0,0.0,0.0,0.0,0.0,0.0,0.0,0.0,0.0,0.0,0.0,0.0,0.0,0.0,0.0,0.0,0.0,0.0,0.0,0.0,0.0,0.0,0.0,0.0,0.0,0.0,0.0,0.0,0.0,0.0,0.0,0,0,0,0,0,0,0,0,0.0,0,0,0,0,0.0,0.0,0.0,0.0,0.0,0,0,0.0,0.0,0,0,0,0,0.0,0.0,0,0,0,0,0.0,0.0,0.0,0.0,0.0,0.0,0.0,0.0,0,0,0.0,0.0,0,0,0.0,0.0,0.0,0.0,0.0,0.0,0.0,0,0,0.0,0.0,0,0,1.0,0.0,1.0,302.33918050651135,627.9656149208712,72.56358655801854,0.0,0.0,29.38849729356897,0.016940115873269077,10.622060284427178,1042.8789395633971
272704,06005035001,1.2,0.0,0.0,0.0,0.0,0.0,1.0,0.0,1.0,1.0,0,0.0,0.0,0.0,1.0,0.0,0.0,0.0,1.0,1.0,1.0,1.0,1.0,1.0,1.0,1.0,0.0,0.0,0.0,0.0,0.0,0.0,0.0,0.0,0.0,0.0,0.0,0.0,0.0,0.0,0.0,0.0,0.0,0.0,0.0,0.0,0.0,0.0,0.0,0.0,0.0,0,0,0,0,0,0,0,0,2.0,1,0,0,0,0.0,0.0,0.0,0.0,0.0,0,0,0.0,0.0,0,0,0,0,0.0,0.0,0,0,0,0,0.0,0.0,0.0,0.0,0.0,0.0,0.0,0.0,0,0,0.0,0.0,0,0,0.0,0.0,0.0,0.0,0.0,0.0,0.0,0,0,0.0,0.0,0,0,1.0,0.0,1.0,725.6140332156272,1507.117475810091,174.1526077392445,0.0,0.0,70.53239350456552,0.20149361115848957,303.2249319658583,2780.641442235386
227818,06005198001,2.78,1.0,0.0,0.0,0.0,1.0,0.0,1.0,1.0,0.0,1,1.0,0.0,1.0,1.0,0.0,0.0,0.0,0.0,1.0,1.0,0.0,1.0,1.0,1.0,1.0,0.0,0.0,0.0,0.0,0.0,0.0,0.0,1.0,0.0,0.0,0.0,0.0,0.0,0.0,0.0,0.0,0.0,0.0,0.0,0.0,0.0,0.0,0.0,0.0,0.0,1,0,0,0,0,0,0,0,1.0,0,1,0,0,0.0,0.0,0.0,0.0,0.0,0,0,0.0,0.0,0,0,0,0,0.0,0.0,0,1,0,0,0.0,0.0,0.0,0.0,0.0,0.0,0.0,0.0,0,0,0.0,0.0,0,0,0.0,0.0,0.0,0.0,0.0,0.0,0.0,0,0,0.0,0.0,0,0,1.0,0.0,0.0,3637.740054873786,2516.483749470076,400.7816670579695,0.0,0.0,170.04254953016738,0.20149361115848957,1373.4783780787411,8098.52639901074
267130,06004010002,30.0,1.0,1.0,1.0,0.0,0.0,1.0,0.0,1.0,1.0,1,1.0,0.0,0.0,1.0,0.0,0.0,0.0,0.0,1.0,1.0,0.0,1.0,0.0,1.0,1.0,0.0,0.0,0.0,0.0,0.0,0.0,0.0,0.0,0.0,0.0,0.0,0.0,0.0,0.0,0.0,0.0,0.0,0.0,0.0,0.0,0.0,0.0,0.0,0.0,0.0,0,0,0,0,0,0,0,0,1.0,1,0,0,0,0.0,0.0,0.0,0.0,0.0,0,0,0.0,0.0,0,0,0,0,0.0,0.0,0,0,0,0,0.0,0.0,0.0,0.0,0.0,0.0,0.0,0.0,0,0,0.0,0.0,0,0,0.0,0.0,0.0,0.0,0.0,0.0,1.0,0,0,0.0,0.0,0,0,1.0,0.0,0.0,38416.93228604683,4995.352709759967,4284.845076685176,0.0,0.0,3653.6448731252553,0.2668462015647735,11264.46248906134,62615.237434678565
235826,06004009004,15.0,1.0,0.0,0.0,0.0,0.0,1.0,1.0,0.0,0.0,1,1.0,0.0,1.0,0.0,0.0,0.0,0.0,0.0,1.0,1.0,0.0,1.0,0.0,1.0,1.0,0.0,0.0,0.0,0.0,0.0,0.0,0.0,1.0,0.0,0.0,0.0,0.0,0.0,0.0,0.0,0.0,0.0,0.0,0.0,0.0,0.0,0.0,0.0,0.0,0.0,1,0,1,0,0,0,0,0,1.0,0,1,0,0,0.0,0.0,0.0,0.0,0.0,0,0,0.0,0.0,0,0,0,0,0.0,0.0,1,0,0,0,0.0,0.0,0.0,0.0,0.0,0.0,0.0,0.0,0,0,0.0,0.0,0,0,0.0,0.0,0.0,0.0,0.0,0.0,0.0,0,0,0.0,0.0,0,0,1.0,0.0,0.0,19481.76338921202,13478.78572421323,2131.363112229531,0.0,0.0,905.5417860181601,0.2668462015647735,8178.93530647344,44176.389318146386
238562,06004009006,25.0,1.0,1.0,0.0,0.0,0.0,1.0,1.0,0.0,0.0,1,1.0,0.0,1.0,0.0,0.0,0.0,0.0,0.0,1.0,1.0,0.0,1.0,0.0,1.0,0.0,0.0,0.0,0.0,0.0,0.0,0.0,0.0,1.0,0.0,0.0,0.0,0.0,0.0,0.0,0.0,0.0,0.0,0.0,0.0,0.0,0.0,0.0,0.0,0.0,0.0,1,0,1,0,0,0,0,0,1.0,0,1,0,0,0.0,0.0,0.0,0.0,0.0,0,0,0.0,0.0,0,0,0,0,0.0,0.0,1,0,0,0,0.0,0.0,0.0,0.0,0.0,0.0,0.0,0.0,0,0,0.0,0.0,0,0,0.0,0.0,0.0,0.0,0.0,0.0,0.0,0,0,0.0,0.0,0,0,1.0,0.0,0.0,32469.605648686706,22464.642873688717,3552.2718537158858,0.0,0.0,1509.2363100302668,0.2668462015647735,13631.558844122399,73627.31553024397
234156,06004009001,260.0,0.0,0.0,0.0,0.0,0.0,0.0,0.0,0.0,0.0,1,0.0,0.0,0.0,0.0,0.0,0.0,0.0,0.0,0.0,0.0,0.0,0.0,0.0,0.0,0.0,0.0,0.0,0.0,0.0,0.0,0.0,0.0,0.0,0.0,0.0,0.0,0.0,0.0,0.0,0.0,0.0,0.0,0.0,0.0,0.0,0.0,0.0,0.0,0.0,0.0,0,0,1,0,0,0,0,0,0.0,0,0,0,0,0.0,0.0,0.0,0.0,0.0,0,0,0.0,0.0,0,0,0,0,0.0,0.0,1,0,0,0,0.0,0.0,0.0,0.0,0.0,0.0,0.0,0.0,0,0,0.0,0.0,0,0,0.0,0.0,0.0,0.0,0.0,0.0,0.0,0,0,0.0,0.0,0,0,1.0,0.0,0.0,337683.8987463417,233632.28588636266,36943.62727864521,0.0,0.0,15696.057624314775,0.2668462015647735,141768.21197887298,765724.0815145373
254981,06005009001,115.0,1.0,0.0,1.0,0.0,1.0,1.0,1.0,1.0,1.0,1,1.0,0.0,0.0,1.0,0.0,0.0,0.0,0.0,1.0,1.0,0.0,1.0,0.0,1.0,0.0,1.0,0.0,0.0,0.0,0.0,0.0,0.0,0.0,0.0,0.0,0.0,0.0,0.0,0.0,0.0,0.0,0.0,0.0,0.0,0.0,0.0,0.0,0.0,0.0,0.0,1,0,1,0,0,0,0,0,1.0,1,0,0,0,0.0,0.0,0.0,0.0,0.0,0,0,0.0,0.0,0,0,0,0,0.0,0.0,0,0,1,0,0.0,0.0,0.0,0.0,0.0,0.0,0.0,0.0,0,0,0.0,0.0,0,0,0.0,0.0,0.0,0.0,0.0,0.0,0.0,0,0,0.0,0.0,0,0,1.0,0.0,0.0,149436.77473258963,114453.30445924524,16668.63234750855,0.0,0.0,13917.694181964676,0.20149361115848957,27034.694173203996,321511.09989451215
255180,06005162001,0.4,1.0,1.0,0.0,0.0,1.0,1.0,1.0,0.0,1.0,0,1.0,0.0,0.0,1.0,0.0,0.0,0.0,0.0,0.0,1.0,0.0,0.0,1.0,0.0,0.0,0.0,1.0,0.0,0.0,0.0,1.0,0.0,0.0,0.0,1.0,0.0,0.0,1.0,0.0,0.0,0.0,0.0,0.0,0.0,0.0,0.0,0.0,0.0,0.0,0.0,1,0,0,0,0,0,0,0,1.0,1,0,1,0,0.0,0.0,0.0,0.0,0.0,0,0,0.0,0.0,0,0,0,0,0.0,0.0,0,0,0,0,1.0,0.0,0.0,0.0,0.0,0.0,0.0,0.0,0,0,0.0,1.0,0,0,0.0,0.0,0.0,0.0,0.0,0.0,0.0,0,0,0.0,0.0,0,0,2.0,0.0,0.0,62.673876433362175,239.08090412348068,56.80262170318814,14.04734679903752,3.175045003686934,46.56032906298651,0.20149361115848957,142.1764507422996,564.5165738680416
252119,06005368001,2.5,1.0,0.0,1.0,0.0,1.0,1.0,0.0,1.0,1.0,0,1.0,0.0,0.0,1.0,0.0,0.0,0.0,0.0,1.0,1.0,0.0,1.0,1.0,1.0,0.0,0.0,1.0,0.0,0.0,0.0,0.0,0.0,0.0,0.0,0.0,0.0,0.0,0.0,0.0,0.0,0.0,0.0,0.0,0.0,0.0,0.0,0.0,0.0,0.0,0.0,0,0,0,0,0,0,0,0,1.0,1,0,0,0,0.0,0.0,0.0,0.0,0.0,0,0,0.0,0.0,0,0,0,0,0.0,0.0,0,0,0,0,0.0,0.0,0.0,0.0,0.0,0.0,0.0,0.0,0,0,0.0,0.0,0,0,0.0,0.0,0.0,0.0,1.0,0.0,0.0,0,0,0.0,0.0,0,0,1.0,0.0,0.0,379.11570975843136,422.4133939306316,359.7503999735679,87.94569023739818,19.828316892896815,293.54307649672046,0.20149361115848957,917.5939464154078,2480.190533705054
209035,06005114001,0.5,0.0,0.0,0.0,0.0,0.0,1.0,0.0,0.0,0.0,0,0.0,0.0,0.0,0.0,0.0,0.0,0.0,0.0,0.0,0.0,0.0,0.0,0.0,0.0,0.0,0.0,0.0,0.0,0.0,0.0,0.0,0.0,0.0,0.0,0.0,0.0,0.0,0.0,0.0,0.0,0.0,0.0,0.0,0.0,0.0,0.0,0.0,0.0,0.0,0.0,0,0,0,0,0,0,0,0,0.0,0,0,0,0,0.0,0.0,0.0,0.0,0.0,0,0,0.0,0.0,0,0,0,0,0.0,0.0,0,0,0,0,0.0,0.0,0.0,0.0,0.0,0.0,0.0,0.0,0,0,0.0,0.0,0,0,0.0,0.0,0.0,0.0,0.0,0.0,0.0,0,0,0.0,0.0,0,0,1.0,0.0,1.0,302.33918050651135,627.9656149208712,72.56358655801854,0.0,0.0,29.38849729356897,0.20149361115848957,126.34372165244095,1158.6006009314108
219223,06005205001,7.5,1.0,1.0,1.0,0.0,0.0,1.0,1.0,0.0,0.0,1,1.0,0.0,1.0,1.0,0.0,0.0,0.0,0.0,1.0,1.0,0.0,1.0,0.0,1.0,0.0,0.0,0.0,1.0,0.0,0.0,0.0,1.0,1.0,0.0,0.0,0.0,0.0,0.0,0.0,0.0,0.0,0.0,0.0,0.0,0.0,0.0,0.0,0.0,0.0,0.0,1,0,1,0,0,0,0,0,1.0,0,1,0,0,0.0,0.0,0.0,0.0,0.0,0,0,0.0,0.0,0,0,0,0,0.0,0.0,1,0,0,0,0.0,0.0,0.0,0.0,0.0,0.0,0.0,0.0,0,0,0.0,0.0,0,0,0.0,0.0,0.0,0.0,0.0,0.0,0.0,0,0,0.0,0.0,0,0,1.0,0.0,0.0,9740.88169460601,6739.392862106615,1065.6815561147655,0.0,0.0,452.77089300908005,0.20149361115848957,3087.927054365376,21086.65406020185
205793,06005187001,0.6,0.0,1.0,1.0,0.0,0.0,0.0,1.0,1.0,0.0,0,0.0,0.0,1.0,1.0,0.0,0.0,0.0,0.0,1.0,1.0,0.0,1.0,0.0,1.0,1.0,0.0,0.0,0.0,0.0,0.0,0.0,0.0,0.0,0.0,0.0,0.0,0.0,0.0,0.0,1.0,0.0,0.0,0.0,0.0,0.0,0.0,0.0,0.0,0.0,0.0,1,0,0,0,0,0,0,0,0.0,1,0,0,0,0.0,0.0,0.0,0.0,0.0,0,0,0.0,0.0,0,0,0,0,0.0,0.0,0,0,0,0,0.0,0.0,0.0,0.0,0.0,0.0,0.0,0.0,0,0,0.0,0.0,0,0,0.0,0.0,0.0,0.0,0.0,0.0,0.0,0,0,0.0,0.0,0,0,1.0,0.0,1.0,362.8070166078136,753.5587379050455,87.07630386962225,0.0,0.0,35.26619675228276,0.20149361115848957,151.61246598292914,1390.320721117693
270849,06004009008,21.6,1.0,0.0,0.0,1.0,1.0,1.0,1.0,1.0,0.0,1,1.0,0.0,1.0,1.0,0.0,0.0,0.0,0.0,1.0,1.0,0.0,1.0,0.0,1.0,1.0,0.0,0.0,0.0,0.0,0.0,0.0,0.0,1.0,0.0,0.0,0.0,0.0,0.0,0.0,0.0,0.0,0.0,0.0,0.0,0.0,0.0,0.0,0.0,0.0,0.0,1,0,0,0,0,0,0,0,1.0,0,1,0,0,0.0,0.0,0.0,0.0,0.0,0,0,0.0,0.0,0,0,0,0,0.0,0.0,0,1,0,0,0.0,0.0,0.0,0.0,0.0,0.0,0.0,0.0,0,0,0.0,0.0,0,0,0.0,0.0,0.0,0.0,0.0,0.0,0.0,0,0,0.0,0.0,0,0,1.0,0.0,0.0,28264.45510261647,19552.535607393398,3113.9870534000506,0.0,0.0,1321.193910018567,0.2668462015647735,14132.875300596024,66385.0469740245
717684,06005082021,0.189,0.0,0.0,0.0,1.0,0.0,0.0,0.0,0.0,0.0,0,1.0,0.0,0.0,1.0,0.0,0.0,0.0,0.0,1.0,1.0,0.0,1.0,0.0,1.0,1.0,0.0,0.0,0.0,0.0,1.0,0.0,0.0,0.0,0.0,0.0,0.0,0.0,0.0,0.0,0.0,0.0,0.0,0.0,0.0,0.0,0.0,0.0,0.0,0.0,0.0,0,0,0,0,0,0,0,0,0.0,0,0,0,0,0.0,0.0,0.0,0.0,0.0,0,0,0.0,0.0,0,0,0,0,0.0,0.0,0,0,0,0,0.0,0.0,0.0,0.0,0.0,0.0,0.0,0.0,0,0,0.0,0.0,0,0,0.0,0.0,0.0,0.0,0.0,0.0,0.0,0,0,0.0,0.0,0,0,1.0,1.0,1.0,114.28421023146129,237.37100244008934,27.42903571893101,0.0,0.0,11.108851976969072,0.20149361115848957,47.757926784622676,437.9510271520734
252771,06005253001,0.65,1.0,0.0,1.0,0.0,0.0,1.0,0.0,0.0,1.0,0,1.0,0.0,0.0,1.0,0.0,0.0,0.0,0.0,0.0,0.0,0.0,0.0,0.0,0.0,0.0,0.0,0.0,0.0,0.0,0.0,0.0,0.0,0.0,0.0,0.0,0.0,0.0,0.0,0.0,0.0,0.0,0.0,0.0,0.0,0.0,0.0,0.0,0.0,0.0,0.0,0,0,0,0,0,0,0,0,1.0,1,0,0,0,0.0,0.0,0.0,0.0,0.0,0,0,0.0,0.0,0,0,0,0,0.0,0.0,0,0,0,0,0.0,0.0,0.0,0.0,0.0,0.0,0.0,0.0,0,0,0.0,0.0,0,0,0.0,0.0,0.0,0.0,0.0,0.0,0.0,0,0,0.0,0.0,0,0,1.0,0.0,1.0,393.0409346584647,816.3552993971326,94.33266252542413,0.0,0.0,38.20504648163966,0.20149361115848957,164.24683814817323,1506.1807812108343
222057,06005184001,15.0,1.0,0.0,0.0,0.0,1.0,1.0,1.0,1.0,0.0,1,1.0,0.0,1.0,0.0,0.0,0.0,0.0,0.0,1.0,1.0,0.0,1.0,1.0,1.0,0.0,0.0,0.0,0.0,0.0,0.0,0.0,0.0,1.0,0.0,0.0,0.0,0.0,0.0,0.0,0.0,0.0,0.0,0.0,0.0,0.0,0.0,0.0,0.0,0.0,0.0,1,0,0,0,0,0,0,0,1.0,0,1,0,0,0.0,0.0,0.0,0.0,0.0,0,0,0.0,0.0,0,0,0,0,0.0,0.0,0,1,0,0,0.0,0.0,0.0,0.0,0.0,0.0,0.0,0.0,0,0,0.0,0.0,0,0,0.0,0.0,0.0,0.0,0.0,0.0,0.0,0,0,0.0,0.0,0,0,1.0,0.0,0.0,19628.093821261435,13578.149727356526,2162.491009305591,0.0,0.0,917.495770846227,0.20149361115848957,7410.85455797882,43697.08488674859
260494,06004009007,6.5,1.0,0.0,0.0,0.0,0.0,1.0,1.0,0.0,0.0,1,1.0,0.0,1.0,1.0,0.0,0.0,0.0,0.0,1.0,1.0,0.0,1.0,0.0,1.0,1.0,0.0,0.0,0.0,0.0,0.0,0.0,0.0,1.0,0.0,0.0,0.0,0.0,0.0,0.0,0.0,0.0,0.0,0.0,0.0,0.0,0.0,0.0,0.0,0.0,0.0,1,0,1,0,0,0,0,0,1.0,0,1,0,0,0.0,0.0,0.0,0.0,0.0,0,0,0.0,0.0,0,0,0,0,0.0,0.0,1,0,0,0,0.0,0.0,0.0,0.0,0.0,0.0,0.0,0.0,0,0,0.0,0.0,0,0,0.0,0.0,0.0,0.0,0.0,0.0,0.0,0,0,0.0,0.0,0,0,1.0,0.0,0.0,8442.097468658543,5840.8071471590665,923.5906819661303,0.0,0.0,392.40144060786935,0.2668462015647735,3544.2052994718238,19143.10203786343
241800,06005157001,0.8,0.0,0.0,1.0,1.0,1.0,1.0,1.0,0.0,0.0,0,0.0,0.0,1.0,1.0,0.0,0.0,0.0,0.0,1.0,1.0,1.0,1.0,1.0,1.0,1.0,0.0,1.0,0.0,0.0,0.0,0.0,0.0,1.0,0.0,0.0,0.0,0.0,0.0,0.0,0.0,0.0,0.0,0.0,0.0,0.0,0.0,0.0,0.0,0.0,0.0,1,0,0,0,0,0,0,0,1.0,0,1,0,0,0.0,0.0,0.0,0.0,0.0,0,0,0.0,0.0,0,0,0,0,0.0,1.0,0,0,0,0,0.0,0.0,0.0,0.0,0.0,0.0,0.0,0.0,0,0,0.0,0.0,0,0,0.0,0.0,0.0,0.0,0.0,0.0,0.0,0,0,0.0,0.0,0,0,1.0,0.0,0.0,122.49082630477356,714.6910764117541,114.74567842510318,28.140573700678164,6.345050810031722,46.46663613504166,0.016940115873269077,33.8260989271883,1066.7059407145707
258676,06005098002,3.8,1.0,1.0,0.0,0.0,1.0,0.0,1.0,0.0,0.0,0,1.0,0.0,1.0,1.0,0.0,0.0,0.0,0.0,0.0,1.0,1.0,0.0,1.0,0.0,0.0,0.0,1.0,0.0,0.0,0.0,0.0,0.0,1.0,0.0,0.0,0.0,0.0,0.0,0.0,0.0,0.0,0.0,0.0,0.0,0.0,0.0,0.0,0.0,0.0,0.0,1,0,0,0,0,0,0,0,1.0,0,1,0,0,0.0,0.0,0.0,0.0,0.0,0,0,0.0,0.0,0,0,0,0,0.0,1.0,0,0,0,0,0.0,0.0,0.0,0.0,0.0,0.0,0.0,0.0,0,0,0.0,0.0,0,0,0.0,0.0,0.0,0.0,0.0,0.0,0.0,0,0,0.0,0.0,0,0,1.0,0.0,0.0,581.8314249476743,3394.782612955831,545.04197251924,133.66772507822125,30.138991347650677,220.71652164144788,0.20149361115848957,1911.1308716750173,6817.3101201650825
256627,06005232001,1.3,0.0,1.0,0.0,0.0,0.0,0.0,1.0,1.0,0.0,0,0.0,0.0,1.0,1.0,0.0,0.0,0.0,0.0,1.0,1.0,0.0,1.0,1.0,1.0,1.0,0.0,1.0,0.0,0.0,0.0,0.0,0.0,1.0,0.0,0.0,0.0,0.0,0.0,0.0,0.0,0.0,0.0,0.0,0.0,0.0,0.0,0.0,0.0,0.0,0.0,1,0,0,0,0,0,0,0,1.0,0,1,0,0,0.0,0.0,0.0,0.0,0.0,0,0,0.0,0.0,0,0,0,0,0.0,1.0,0,0,0,0,0.0,0.0,0.0,0.0,0.0,0.0,0.0,0.0,0,0,0.0,0.0,0,0,0.0,0.0,0.0,0.0,0.0,0.0,0.0,0,0,0.0,0.0,0,0,1.0,0.0,0.0,199.04759274525705,1161.3729991691002,186.46172744079266,45.728432263602016,10.310707566301549,75.5082837194427,0.20149361115848957,653.8079297835585,2332.2376726880548
214802,06005098001,8.8,1.0,1.0,1.0,0.0,1.0,1.0,1.0,1.0,0.0,1,1.0,0.0,1.0,1.0,0.0,1.0,1.0,0.0,1.0,1.0,0.0,1.0,1.0,1.0,0.0,0.0,0.0,0.0,0.0,0.0,0.0,0.0,1.0,0.0,0.0,0.0,0.0,0.0,0.0,0.0,0.0,0.0,0.0,0.0,0.0,0.0,0.0,0.0,0.0,0.0,1,0,0,0,0,0,0,0,1.0,0,1,0,0,0.0,0.0,0.0,0.0,0.0,0,0,0.0,0.0,0,0,0,0,0.0,0.0,0,1,0,0,0.0,0.0,0.0,0.0,0.0,0.0,0.0,0.0,0,0,0.0,0.0,0,0,0.0,0.0,0.0,0.0,0.0,0.0,0.0,0,0,0.0,0.0,0,0,1.0,0.0,0.0,11515.148375140045,7965.847840049162,1268.6613921259468,0.0,0.0,538.2641855631199,0.20149361115848957,4347.701340680908,25635.62313355918
215903,06005285001,0.43,0.0,1.0,0.0,0.0,1.0,1.0,1.0,0.0,1.0,0,0.0,0.0,1.0,0.0,0.0,0.0,0.0,0.0,1.0,1.0,0.0,1.0,1.0,1.0,0.0,0.0,0.0,0.0,1.0,0.0,0.0,0.0,1.0,0.0,0.0,0.0,0.0,0.0,0.0,0.0,0.0,0.0,0.0,0.0,0.0,0.0,0.0,0.0,0.0,0.0,1,0,0,0,0,0,0,0,2.0,1,1,0,0,0.0,0.0,0.0,0.0,0.0,0,0,0.0,0.0,0,0,0,0,0.0,0.0,0,0,0,0,0.0,0.0,0.0,0.0,0.0,0.0,0.0,0.0,0,0,0.0,0.0,0,0,0.0,0.0,0.0,0.0,0.0,0.0,0.0,0,0,0.0,0.0,0,0,1.0,0.0,1.0,260.01169523559975,540.0504288319493,62.404684439895945,0.0,0.0,25.274107672469313,0.20149361115848957,108.65560062109921,996.3965168010135
251217,06005243001,1.6,0.0,0.0,1.0,0.0,0.0,1.0,0.0,1.0,1.0,0,0.0,0.0,0.0,1.0,0.0,0.0,0.0,0.0,0.0,0.0,0.0,0.0,0.0,0.0,0.0,0.0,1.0,0.0,0.0,0.0,0.0,0.0,0.0,0.0,0.0,0.0,0.0,0.0,0.0,0.0,0.0,0.0,0.0,0.0,0.0,0.0,0.0,0.0,0.0,0.0,0,0,0,0,0,0,0,0,1.0,1,0,0,0,0.0,0.0,0.0,0.0,0.0,0,0,0.0,0.0,0,0,0,0,0.0,0.0,0,0,0,0,0.0,0.0,0.0,0.0,0.0,0.0,0.0,0.0,0,0,0.0,0.0,0,0,0.0,0.0,0.0,0.0,0.0,0.0,0.0,0,0,0.0,1.0,0,0,1.0,0.0,0.0,237.14818249103263,268.81200644765244,229.98764354448312,56.24251467391661,12.706278630577058,93.09854341990611,0.20149361115848957,634.1884778764593,1532.1836470840271
237060,06005257001,5.0,1.0,0.0,1.0,1.0,1.0,1.0,1.0,1.0,0.0,1,1.0,0.0,1.0,0.0,0.0,0.0,0.0,0.0,1.0,1.0,0.0,1.0,1.0,1.0,0.0,0.0,0.0,0.0,0.0,0.0,0.0,0.0,1.0,0.0,0.0,0.0,0.0,0.0,0.0,0.0,0.0,0.0,0.0,0.0,0.0,0.0,0.0,0.0,0.0,0.0,1,0,0,0,0,0,0,0,1.0,0,1,0,0,0.0,0.0,0.0,0.0,0.0,0,0,0.0,0.0,0,0,0,0,0.0,0.0,0,1,0,0,0.0,0.0,0.0,0.0,0.0,0.0,0.0,0.0,0,0,0.0,0.0,0,0,0.0,0.0,0.0,0.0,0.0,0.0,0.0,0,0,0.0,0.0,0,0,1.0,0.0,0.0,6542.6979404204785,4526.049909118842,720.830336435197,0.0,0.0,305.831923615409,0.20149361115848957,2470.2848526596063,14565.694962249534
245949,06005031001,3.0,0.0,0.0,1.0,0.0,1.0,0.0,0.0,1.0,0.0,0,0.0,0.0,0.0,1.0,0.0,0.0,0.0,0.0,1.0,1.0,1.0,1.0,1.0,1.0,1.0,0.0,0.0,0.0,1.0,0.0,0.0,0.0,0.0,0.0,0.0,0.0,0.0,0.0,0.0,0.0,0.0,0.0,0.0,0.0,0.0,0.0,0.0,0.0,0.0,0.0,0,0,0,0,0,0,0,0,0.0,1,0,0,0,0.0,0.0,0.0,0.0,0.0,0,0,0.0,0.0,0,0,0,0,0.0,0.0,0,0,0,0,0.0,0.0,0.0,0.0,0.0,0.0,0.0,0.0,0,0,0.0,0.0,0,0,0.0,0.0,0.0,0.0,1.0,0.0,0.0,0,0,0.0,0.0,0,0,1.0,0.0,0.0,454.93885171011766,506.89607271675794,431.7004799682814,105.53482828487782,23.793980271476176,352.25169179606456,0.20149361115848957,1101.1127356984891,2976.2286404460647
214647,06005024001,1.4,0.0,0.0,0.0,1.0,1.0,0.0,1.0,1.0,0.0,0,0.0,0.0,0.0,0.0,0.0,0.0,0.0,0.0,1.0,1.0,0.0,1.0,1.0,1.0,1.0,0.0,0.0,0.0,1.0,0.0,0.0,0.0,0.0,0.0,0.0,0.0,0.0,0.0,0.0,0.0,0.0,0.0,0.0,0.0,0.0,0.0,0.0,0.0,0.0,0.0,1,0,0,0,0,0,0,0,0.0,1,0,0,0,0.0,0.0,0.0,0.0,0.0,0,0,0.0,0.0,0,0,0,0,0.0,0.0,0,0,0,0,0.0,0.0,0.0,0.0,0.0,0.0,0.0,0.0,0,0,0.0,0.0,0,0,0.0,0.0,0.0,0.0,0.0,0.0,0.0,0,0,0.0,0.0,0,0,1.0,0.0,1.0,846.5497054182316,1758.3037217784392,203.17804236245192,0.0,0.0,82.28779242199312,0.20149361115848957,353.7624206268346,3244.081682607951
248936,06005018001,0.5,0.0,0.0,0.0,0.0,0.0,1.0,0.0,0.0,1.0,0,0.0,0.0,0.0,0.0,0.0,0.0,0.0,0.0,0.0,0.0,0.0,0.0,0.0,0.0,0.0,0.0,0.0,1.0,0.0,0.0,0.0,1.0,0.0,0.0,0.0,0.0,0.0,0.0,1.0,0.0,0.0,0.0,0.0,0.0,0.0,0.0,0.0,0.0,0.0,0.0,0,0,0,0,0,0,0,0,1.0,1,0,0,0,0.0,0.0,0.0,0.0,0.0,0,0,0.0,0.0,0,0,0,0,0.0,0.0,0,0,0,0,0.0,0.0,0.0,0.0,0.0,0.0,0.0,0.0,0,0,0.0,0.0,0,0,0.0,0.0,0.0,0.0,0.0,0.0,0.0,0,0,0.0,0.0,0,0,1.0,0.0,1.0,302.33918050651135,627.9656149208712,72.56358655801854,0.0,0.0,29.38849729356897,0.20149361115848957,126.34372165244095,1158.6006009314108
205741,06005023002,2.0,0.0,0.0,0.0,0.0,1.0,1.0,0.0,1.0,1.0,0,0.0,0.0,0.0,1.0,0.0,0.0,0.0,0.0,1.0,1.0,1.0,1.0,1.0,1.0,0.0,0.0,1.0,0.0,0.0,0.0,0.0,0.0,0.0,0.0,0.0,0.0,0.0,0.0,0.0,0.0,0.0,0.0,0.0,0.0,0.0,0.0,0.0,0.0,0.0,0.0,0,0,0,0,0,0,0,0,1.0,1,0,0,0,0.0,0.0,0.0,0.0,0.0,0,0,0.0,0.0,0,0,0,0,0.0,0.0,0,0,0,0,0.0,0.0,0.0,0.0,0.0,0.0,0.0,0.0,0,0,0.0,0.0,0,0,0.0,0.0,0.0,0.0,0.0,0.0,0.0,0,0,0.0,1.0,0,0,1.0,0.0,0.0,296.43522811379074,336.0150080595655,287.4845544306039,70.30314334239576,15.882848288221323,116.37317927488263,0.20149361115848957,792.7355973455741,1915.229558855034
274556,06005081001,10.5,1.0,0.0,1.0,0.0,1.0,1.0,0.0,0.0,1.0,0,1.0,0.0,0.0,1.0,0.0,0.0,0.0,0.0,0.0,0.0,0.0,0.0,0.0,0.0,0.0,0.0,0.0,0.0,0.0,0.0,0.0,0.0,0.0,0.0,0.0,0.0,0.0,0.0,0.0,0.0,0.0,0.0,0.0,0.0,0.0,0.0,0.0,0.0,0.0,0.0,0,0,0,0,0,0,0,0,1.0,1,0,0,0,0.0,0.0,0.0,0.0,0.0,0,0,0.0,0.0,0,0,0,0,0.0,0.0,0,1,0,0,0.0,0.0,0.0,0.0,0.0,0.0,0.0,0.0,0,0,0.0,0.0,0,0,0.0,0.0,0.0,0.0,0.0,0.0,0.0,0,0,0.0,0.0,0,0,1.0,0.0,0.0,13739.665674883005,9504.704809149569,1513.7437065139136,0.0,0.0,642.2470395923589,0.20149361115848957,5187.598190585173,30587.95942072402
210322,06005061001,5.0,0.0,0.0,1.0,0.0,0.0,1.0,0.0,0.0,1.0,0,0.0,0.0,1.0,1.0,0.0,0.0,0.0,1.0,1.0,1.0,0.0,1.0,0.0,1.0,0.0,0.0,0.0,0.0,0.0,0.0,0.0,0.0,1.0,0.0,0.0,0.0,0.0,0.0,0.0,0.0,0.0,0.0,0.0,0.0,0.0,0.0,0.0,0.0,0.0,0.0,1,0,0,0,0,0,0,0,3.0,1,1,0,0,0.0,0.0,0.0,0.0,0.0,0,0,0.0,0.0,0,0,0,0,0.0,0.0,0,1,0,0,0.0,0.0,0.0,0.0,0.0,0.0,0.0,0.0,0,0,0.0,0.0,0,0,0.0,0.0,0.0,0.0,0.0,0.0,0.0,0,0,0.0,0.0,0,0,1.0,0.0,0.0,6542.6979404204785,4526.049909118842,720.830336435197,0.0,0.0,305.831923615409,0.20149361115848957,2470.2848526596063,14565.694962249534
220315,06000000099,2.35,0.0,0.0,0.0,0.0,1.0,0.0,1.0,1.0,0.0,0,0.0,0.0,1.0,1.0,0.0,0.0,0.0,0.0,1.0,1.0,1.0,1.0,1.0,1.0,1.0,0.0,1.0,0.0,1.0,0.0,0.0,0.0,1.0,0.0,0.0,0.0,0.0,0.0,0.0,0.0,0.0,0.0,0.0,0.0,0.0,0.0,0.0,0.0,0.0,0.0,1,0,0,0,0,0,0,0,1.0,1,1,0,0,0.0,0.0,0.0,0.0,0.0,0,0,0.0,0.0,0,0,0,0,0.0,1.0,0,0,0,0,0.0,0.0,0.0,0.0,0.0,0.0,0.0,0.0,0,0,0.0,0.0,0,0,0.0,0.0,0.0,0.0,0.0,0.0,0.0,0,0,0.0,0.0,0,0,1.0,0.0,0.0,359.8168022702723,2099.4050369595275,337.0654303737406,82.6629352457421,18.638586754468182,136.49574364668487,0.20149361115848957,1181.8835653779713,4215.968100628407
220315,06000000098,2.35,0.0,0.0,0.0,0.0,1.0,0.0,1.0,1.0,0.0,0,0.0,0.0,1.0,1.0,0.0,0.0,0.0,0.0,1.0,1.0,1.0,1.0,1.0,1.0,1.0,0.0,1.0,0.0,1.0,0.0,0.0,0.0,1.0,0.0,0.0,0.0,0.0,0.0,0.0,0.0,0.0,0.0,0.0,0.0,0.0,0.0,0.0,0.0,0.0,0.0,1,0,0,0,0,0,0,0,1.0,1,1,0,0,0.0,0.0,0.0,0.0,0.0,0,0,0.0,0.0,0,0,0,0,0.0,1.0,0,0,0,0,0.0,0.0,0.0,0.0,0.0,0.0,0.0,0.0,0,0,0.0,0.0,0,0,0.0,0.0,0.0,0.0,0.0,0.0,0.0,0,0,0.0,0.0,0,0,1.0,0.0,0.0,359.8168022702723,2099.4050369595275,337.0654303737406,82.6629352457421,18.638586754468182,136.49574364668487,0.20149361115848957,1181.8835653779713,4215.968100628407
232656,06002090001,4.3,0.0,0.0,1.0,0.0,1.0,0.0,1.0,0.0,1.0,0,0.0,1.0,1.0,1.0,0.0,0.0,1.0,0.0,0.0,0.0,0.0,0.0,0.0,0.0,1.0,0.0,0.0,0.0,0.0,0.0,0.0,0.0,1.0,0.0,0.0,0.0,0.0,1.0,0.0,0.0,0.0,0.0,0.0,0.0,0.0,0.0,0.0,0.0,0.0,0.0,1,0,0,0,0,0,0,0,2.0,1,1,0,0,0.0,0.0,0.0,0.0,0.0,0,0,0.0,0.0,0,0,0,0,0.0,0.0,0,1,0,0,0.0,0.0,0.0,0.0,0.0,0.0,0.0,0.0,0,0,0.0,0.0,0,0,0.0,0.0,0.0,0.0,0.0,0.0,0.0,0,0,0.0,0.0,0,0,1.0,0.0,0.0,5626.720228761612,3892.4029218422043,619.9140893342694,0.0,0.0,263.0154543092517,0.20149361115848957,2124.4449732872613,12526.4976675346
219530,06005294001,0.1,0.0,0.0,0.0,0.0,0.0,1.0,0.0,0.0,0.0,0,0.0,0.0,0.0,0.0,0.0,0.0,0.0,0.0,0.0,0.0,0.0,0.0,1.0,0.0,0.0,0.0,0.0,0.0,0.0,1.0,0.0,0.0,0.0,0.0,0.0,0.0,0.0,0.0,0.0,0.0,0.0,0.0,0.0,0.0,0.0,0.0,0.0,0.0,0.0,0.0,0,0,0,0,0,0,0,0,0.0,0,0,0,0,0.0,0.0,0.0,0.0,0.0,0,0,0.0,0.0,0,0,0,0,0.0,0.0,0,0,0,0,0.0,0.0,0.0,0.0,0.0,0.0,0.0,0.0,0,0,0.0,0.0,0,0,0.0,0.0,0.0,0.0,0.0,0.0,0.0,0,0,0.0,0.0,0,0,1.0,1.0,1.0,60.46783610130227,125.59312298417424,14.51271731160371,0.0,0.0,5.877699458713795,0.20149361115848957,25.26874433048819,231.72012018628223
219398,06005249001,3.6,1.0,1.0,1.0,1.0,1.0,0.0,1.0,1.0,0.0,0,1.0,0.0,1.0,1.0,1.0,0.0,1.0,0.0,1.0,1.0,0.0,1.0,0.0,1.0,1.0,0.0,1.0,0.0,0.0,1.0,0.0,0.0,0.0,0.0,0.0,0.0,0.0,0.0,0.0,0.0,0.0,0.0,0.0,0.0,0.0,0.0,0.0,0.0,0.0,0.0,1,0,0,0,0,0,0,0,0.0,0,0,0,0,0.0,0.0,0.0,0.0,0.0,0,0,0.0,0.0,0,0,0,0,0.0,0.0,0,0,0,0,0.0,0.0,0.0,0.0,0.0,0.0,0.0,0.0,0,0,0.0,0.0,0,0,0.0,0.0,0.0,0.0,0.0,0.0,0.0,0,0,0.0,0.0,0,0,1.0,1.0,1.0,2176.8420996468817,4521.352427430274,522.4578232177336,0.0,0.0,211.5971805136966,0.20149361115848957,909.6747958975748,8341.924326706161
215234,06002057001,12.5,1.0,1.0,1.0,1.0,1.0,1.0,1.0,1.0,0.0,1,1.0,0.0,1.0,1.0,0.0,0.0,0.0,0.0,0.0,0.0,0.0,0.0,1.0,0.0,0.0,0.0,0.0,0.0,0.0,0.0,0.0,0.0,1.0,0.0,0.0,0.0,1.0,0.0,0.0,0.0,0.0,0.0,0.0,0.0,1.0,0.0,0.0,0.0,0.0,0.0,1,1,0,0,0,0,0,0,2.0,0,1,0,1,0.0,0.0,0.0,0.0,0.0,0,0,0.0,0.0,0,1,0,0,0.0,0.0,0,0,0,0,0.0,0.0,0.0,0.0,0.0,0.0,0.0,0.0,0,0,0.0,0.0,0,0,0.0,0.0,0.0,0.0,0.0,0.0,0.0,0,0,0.0,0.0,0,0,1.0,0.0,0.0,16062.526743322464,11261.422884890959,1799.716139936666,6754.9640810129085,1522.610853227595,1529.6352427822508,0.20149361115848957,5687.147001227351,44618.02294640019
239343,06005146001,9.87,1.0,1.0,1.0,1.0,1.0,0.0,1.0,0.0,0.0,1,1.0,0.0,1.0,1.0,0.0,0.0,0.0,0.0,1.0,1.0,0.0,1.0,0.0,1.0,1.0,0.0,0.0,0.0,0.0,0.0,0.0,0.0,1.0,0.0,0.0,0.0,0.0,1.0,0.0,0.0,0.0,0.0,0.0,0.0,0.0,0.0,0.0,0.0,0.0,0.0,1,0,0,0,0,0,0,0,1.0,0,1,0,0,0.0,0.0,0.0,0.0,0.0,0,0,0.0,0.0,0,0,0,0,0.0,0.0,0,1,0,0,0.0,0.0,0.0,0.0,0.0,0.0,0.0,0.0,0,0,0.0,0.0,0,0,0.0,0.0,0.0,0.0,0.0,0.0,0.0,0,0,0.0,0.0,0,0,1.0,0.0,0.0,12915.285734390025,8934.422520600594,1422.9190841230788,0.0,0.0,603.7122172168173,0.20149361115848957,4876.342299150062,28752.681855480576
222754,06009011001,40.51,0.0,0.0,0.0,0.0,0.0,0.0,0.0,0.0,0.0,1,0.0,0.0,0.0,0.0,0.0,0.0,0.0,0.0,0.0,0.0,0.0,0.0,0.0,0.0,0.0,0.0,0.0,0.0,0.0,0.0,0.0,0.0,0.0,0.0,0.0,0.0,0.0,0.0,0.0,0.0,0.0,0.0,0.0,0.0,0.0,0.0,0.0,0.0,0.0,0.0,0,0,1,0,0,0,0,0,0.0,0,0,0,0,0.0,0.0,0.0,0.0,0.0,0,0,0.0,0.0,0,0,0,0,0.0,0.0,1,0,0,0,0.0,0.0,0.0,0.0,0.0,0.0,0.0,0.0,0,0,0.0,0.0,0,0,0.0,0.0,0.0,0.0,0.0,0.0,0.0,0,0,0.0,0.0,0,0,1.0,0.0,0.0,52613.74899313193,36401.7073125252,5756.101311761221,0.0,0.0,2445.566516773044,0.3343911671348069,27679.70957831104,124896.83371250244
241146,06005065001,14.9,1.0,0.0,1.0,1.0,1.0,0.0,1.0,0.0,1.0,1,1.0,1.0,1.0,1.0,0.0,0.0,0.0,0.0,1.0,1.0,0.0,1.0,1.0,1.0,1.0,0.0,0.0,0.0,1.0,0.0,0.0,0.0,1.0,0.0,0.0,0.0,0.0,0.0,0.0,0.0,0.0,0.0,0.0,0.0,0.0,0.0,1.0,0.0,0.0,0.0,1,0,0,0,0,0,0,0,2.0,1,1,1,0,0.0,1.0,0.0,0.0,0.0,0,0,0.0,0.0,0,0,0,0,0.0,0.0,0,1,0,0,0.0,0.0,0.0,0.0,0.0,0.0,0.0,0.0,0,0,0.0,0.0,0,1,0.0,0.0,1.0,0.0,0.0,0.0,0.0,0,0,0.0,0.0,0,0,4.0,0.0,0.0,14418.899418471763,4615.38876601405,1613.5766839664263,572.1577397245622,128.80932539305138,1128.1894293072858,0.20149361115848957,3903.260451543966,26380.28181442111
222509,06008100001,6.0,0.0,0.0,0.0,0.0,0.0,0.0,0.0,0.0,0.0,1,0.0,0.0,0.0,0.0,0.0,0.0,0.0,0.0,0.0,0.0,0.0,0.0,0.0,0.0,0.0,0.0,0.0,0.0,0.0,0.0,0.0,0.0,0.0,0.0,0.0,0.0,0.0,0.0,0.0,0.0,0.0,0.0,0.0,0.0,0.0,0.0,0.0,0.0,0.0,0.0,0,0,1,0,0,0,0,0,0.0,0,0,0,0,0.0,0.0,0.0,0.0,0.0,0,0,0.0,0.0,0,0,0,0,0.0,0.0,0,1,0,0,0.0,0.0,0.0,0.0,0.0,0.0,0.0,0.0,0,0,0.0,0.0,0,0,0.0,0.0,0.0,0.0,0.0,0.0,0.0,0,0,0.0,0.0,0,0,1.0,0.0,0.0,7851.237528504575,5431.259890942611,864.9964037222363,0.0,0.0,366.9983083384908,0.2668462015647735,3925.7986946100064,18440.29082611792
273191,06005783001,0.5,1.0,1.0,0.0,0.0,1.0,1.0,1.0,0.0,0.0,0,0.0,0.0,0.0,1.0,0.0,1.0,0.0,0.0,0.0,0.0,0.0,0.0,1.0,0.0,0.0,0.0,0.0,0.0,1.0,0.0,0.0,0.0,0.0,0.0,0.0,0.0,0.0,0.0,0.0,0.0,0.0,0.0,0.0,0.0,0.0,0.0,0.0,0.0,0.0,0.0,1,0,0,0,0,0,0,0,0.0,1,0,0,0,0.0,0.0,0.0,0.0,0.0,0,0,0.0,0.0,0,0,0,0,0.0,0.0,0,0,0,0,0.0,0.0,0.0,0.0,0.0,0.0,0.0,0.0,0,0,0.0,0.0,0,0,0.0,0.0,0.0,0.0,0.0,0.0,0.0,0,0,0.0,0.0,0,0,1.0,0.0,1.0,302.33918050651135,627.9656149208712,72.56358655801854,0.0,0.0,29.38849729356897,0.2668462015647735,167.3221399957544,1199.5790192747243
237396,06009076001,7.5,0.0,0.0,0.0,0.0,0.0,0.0,0.0,0.0,0.0,0,0.0,0.0,0.0,0.0,0.0,0.0,0.0,0.0,0.0,0.0,0.0,0.0,0.0,0.0,0.0,0.0,0.0,0.0,0.0,0.0,0.0,0.0,0.0,0.0,0.0,0.0,0.0,0.0,0.0,0.0,0.0,0.0,0.0,0.0,0.0,0.0,0.0,0.0,0.0,0.0,0,0,0,0,0,0,0,0,0.0,0,0,0,0,0.0,0.0,0.0,0.0,0.0,0,0,0.0,0.0,0,0,0,0,0.0,0.0,0,1,0,0,0.0,0.0,0.0,0.0,0.0,0.0,0.0,0.0,0,0,0.0,0.0,0,0,0.0,0.0,0.0,0.0,0.0,0.0,0.0,0,0,0.0,0.0,0,0,1.0,0.0,0.0,9814.046910630717,6789.074863678263,1081.2455046527955,0.0,0.0,458.7478854231135,0.2668462015647735,4907.248368262508,23050.363532647392
212739,06007007001,1.73,0.0,0.0,0.0,0.0,0.0,1.0,0.0,0.0,0.0,0,0.0,0.0,0.0,0.0,0.0,0.0,0.0,0.0,0.0,0.0,0.0,0.0,0.0,0.0,0.0,0.0,0.0,0.0,0.0,0.0,0.0,0.0,0.0,0.0,0.0,1.0,0.0,0.0,0.0,0.0,0.0,0.0,0.0,0.0,0.0,0.0,0.0,0.0,0.0,0.0,0,0,0,0,0,0,0,0,0.0,0,0,0,0,0.0,0.0,0.0,0.0,0.0,0,0,0.0,0.0,0,0,0,0,0.0,0.0,0,0,0,0,0.0,0.0,0.0,0.0,0.0,0.0,0.0,0.0,0,0,0.0,0.0,0,0,0.0,0.0,0.0,0.0,0.0,0.0,0.0,0,0,0.0,0.0,0,0,1.0,0.0,0.0,0.0,2623.475352414251,245.6218756427752,0.0,0.0,100.15569232876055,0.2668462015647735,640.4100207772615,3609.6629411630483
236649,06009019001,13.0,1.0,0.0,1.0,1.0,1.0,0.0,0.0,0.0,1.0,1,1.0,0.0,0.0,1.0,0.0,0.0,0.0,0.0,0.0,0.0,0.0,0.0,0.0,0.0,0.0,0.0,0.0,0.0,0.0,0.0,0.0,0.0,0.0,0.0,0.0,0.0,0.0,0.0,0.0,0.0,0.0,0.0,0.0,0.0,0.0,0.0,0.0,0.0,0.0,0.0,0,0,1,0,0,0,0,0,1.0,1,0,0,0,0.0,0.0,0.0,0.0,0.0,0,0,0.0,0.0,0,0,0,0,0.0,0.0,0,0,0,0,0.0,0.0,0.0,0.0,0.0,0.0,0.0,0.0,0,0,0.0,0.0,0,0,0.0,0.0,0.0,0.0,0.0,1.0,0.0,0,0,0.0,0.0,0,0,1.0,0.0,0.0,16775.378701733618,2191.6315856670444,1867.2275264272344,0.0,0.0,1592.1901113110455,0.2668462015647735,2698.0290608040414,25124.456985942987
230588,06007013001,0.85,0.0,0.0,1.0,1.0,1.0,0.0,0.0,0.0,1.0,0,0.0,0.0,0.0,0.0,0.0,0.0,0.0,0.0,1.0,1.0,0.0,1.0,1.0,1.0,1.0,0.0,0.0,0.0,0.0,0.0,0.0,0.0,0.0,0.0,0.0,0.0,0.0,0.0,0.0,0.0,0.0,0.0,0.0,0.0,0.0,0.0,0.0,0.0,0.0,0.0,0,0,0,0,0,0,0,0,1.0,1,0,0,0,0.0,0.0,0.0,0.0,0.0,0,0,0.0,0.0,0,0,0,0,0.0,0.0,0,0,0,0,0.0,0.0,0.0,0.0,0.0,0.0,0.0,0.0,0,0,0.0,0.0,0,0,0.0,0.0,0.0,0.0,0.0,0.0,0.0,0,0,0.0,0.0,0,0,1.0,0.0,1.0,513.9766068610692,1067.541545365481,123.35809714863153,0.0,0.0,49.96044539906725,0.2668462015647735,284.4476379927825,2039.2843327670316
879361,06002042001,0.95,1.0,0.0,1.0,0.0,1.0,1.0,1.0,1.0,1.0,1,1.0,0.0,1.0,1.0,0.0,0.0,0.0,0.0,0.0,0.0,0.0,0.0,1.0,0.0,0.0,0.0,0.0,1.0,0.0,0.0,1.0,1.0,0.0,0.0,1.0,0.0,0.0,0.0,0.0,0.0,0.0,0.0,0.0,0.0,0.0,0.0,0.0,0.0,0.0,0.0,1,0,1,0,0,0,0,0,1.0,1,0,1,0,0.0,0.0,0.0,0.0,0.0,0,0,0.0,0.0,0,0,0,0,0.0,0.0,0,0,1,0,0.0,0.0,0.0,0.0,0.0,0.0,0.0,0.0,0,0,0.0,0.0,1,0,0.0,0.0,1.0,0.0,0.0,0.0,0.0,0,0,0.0,0.0,0,0,3.0,0.0,0.0,1222.9618503899753,419.72747153823934,137.21581765991493,48.639807851305065,10.950233478603918,115.34863621961951,0.20149361115848957,220.67851990898492,2175.522337046643
272291,06007019001,0.375,0.0,0.0,1.0,0.0,1.0,1.0,0.0,0.0,1.0,0,0.0,0.0,0.0,0.0,0.0,0.0,0.0,0.0,0.0,0.0,0.0,0.0,1.0,0.0,0.0,0.0,0.0,0.0,1.0,0.0,0.0,0.0,0.0,0.0,0.0,0.0,0.0,0.0,0.0,0.0,0.0,0.0,0.0,0.0,0.0,0.0,0.0,0.0,0.0,0.0,0,0,0,0,0,0,0,0,1.0,1,0,0,0,0.0,0.0,0.0,0.0,0.0,0,0,0.0,0.0,0,0,0,0,0.0,0.0,0,0,0,0,0.0,0.0,0.0,0.0,0.0,0.0,0.0,0.0,0,0,0.0,0.0,0,0,0.0,0.0,0.0,0.0,0.0,0.0,0.0,0,0,0.0,0.0,0,0,1.0,0.0,1.0,226.7543853798835,470.9742111906534,54.42268991851391,0.0,0.0,22.041372970176727,0.2668462015647735,125.4916049968158,899.6842644560434
232297,06007014001,2.4,0.0,0.0,1.0,0.0,1.0,0.0,0.0,0.0,1.0,0,0.0,1.0,0.0,1.0,0.0,0.0,0.0,0.0,0.0,0.0,0.0,0.0,1.0,0.0,1.0,0.0,0.0,0.0,0.0,0.0,0.0,0.0,0.0,0.0,0.0,0.0,0.0,0.0,0.0,0.0,0.0,0.0,0.0,0.0,0.0,0.0,0.0,0.0,0.0,0.0,0,0,0,0,0,0,0,0,1.0,1,0,0,0,0.0,0.0,0.0,0.0,0.0,0,0,0.0,0.0,0,0,0,0,0.0,0.0,0,0,0,0,0.0,0.0,0.0,0.0,0.0,0.0,0.0,0.0,0,0,0.0,0.0,0,0,0.0,0.0,0.0,0.0,1.0,0.0,0.0,0,0,0.0,0.0,0,0,1.0,0.0,0.0,363.9510813680941,405.5168581734064,345.3603839746251,84.42786262790224,19.03518421718094,281.8013534368516,0.2668462015647735,1166.5987792918002,2666.6915030898604
244705,06002071001,7.0,1.0,0.0,1.0,1.0,0.0,0.0,0.0,0.0,1.0,1,1.0,0.0,0.0,1.0,0.0,0.0,0.0,0.0,0.0,0.0,1.0,0.0,0.0,0.0,1.0,0.0,0.0,0.0,0.0,0.0,0.0,0.0,0.0,0.0,0.0,0.0,1.0,1.0,0.0,0.0,0.0,0.0,0.0,0.0,0.0,0.0,0.0,0.0,0.0,0.0,0,0,1,0,0,0,0,0,1.0,1,0,0,0,0.0,0.0,0.0,0.0,0.0,0,0,0.0,0.0,0,0,0,0,0.0,0.0,0,0,0,0,0.0,0.0,0.0,0.0,0.0,0.0,0.0,0.0,0,0,0.0,0.0,0,0,0.0,0.0,0.0,0.0,0.0,1.0,0.0,0,0,0.0,0.0,0,0,1.0,0.0,0.0,9032.896224010408,1180.1093153591778,1005.4302065377414,0.0,0.0,857.3331368597937,0.20149361115848957,1096.987214988866,13172.756097755988
225526,06002038001,23.7,1.0,0.0,1.0,1.0,1.0,0.0,0.0,1.0,1.0,1,1.0,0.0,1.0,1.0,0.0,0.0,0.0,0.0,1.0,1.0,0.0,1.0,0.0,1.0,1.0,0.0,0.0,0.0,0.0,0.0,1.0,0.0,1.0,0.0,1.0,0.0,0.0,0.0,0.0,0.0,0.0,0.0,0.0,0.0,0.0,0.0,0.0,0.0,0.0,0.0,1,0,1,0,0,0,0,0,2.0,1,1,1,0,0.0,0.0,0.0,0.0,0.0,0,0,0.0,0.0,0,0,0,0,0.0,0.0,1,0,0,0,0.0,0.0,0.0,0.0,0.0,0.0,0.0,0.0,0,0,0.0,0.0,1,0,0.0,0.0,0.0,0.0,0.0,0.0,0.0,0,0,0.0,0.0,0,0,2.0,0.0,0.0,30554.449303076424,12586.869418538134,3379.675784153278,0.0,0.0,2162.875955985018,0.20149361115848957,6551.257766264885,55235.12822801774
758392,06008022001,120.0,1.0,0.0,1.0,0.0,0.0,0.0,0.0,0.0,1.0,1,1.0,0.0,0.0,1.0,0.0,0.0,1.0,0.0,0.0,0.0,0.0,0.0,0.0,0.0,0.0,0.0,0.0,0.0,0.0,0.0,1.0,0.0,0.0,0.0,1.0,0.0,0.0,0.0,0.0,0.0,0.0,0.0,0.0,0.0,0.0,0.0,0.0,0.0,0.0,0.0,0,0,1,0,0,0,0,0,1.0,1,0,1,0,0.0,0.0,0.0,0.0,0.0,0,0,0.0,0.0,0,0,0,0,0.0,0.0,0,0,0,0,0.0,0.0,0.0,0.0,0.0,0.0,0.0,0.0,0,0,0.0,0.0,1,0,0.0,0.0,0.0,0.0,0.0,1.0,0.0,0,0,0.0,0.0,0,0,2.0,0.0,0.0,154203.84364102414,19931.064203887177,17204.803201385806,0.0,0.0,14677.67326365516,0.2668462015647735,23666.30905159811,229683.6933615504
266223,06005105001,10.8,1.0,0.0,0.0,1.0,1.0,1.0,1.0,1.0,1.0,1,1.0,0.0,1.0,1.0,0.0,0.0,0.0,0.0,1.0,1.0,0.0,1.0,1.0,1.0,0.0,0.0,0.0,0.0,0.0,0.0,0.0,0.0,0.0,0.0,0.0,0.0,0.0,0.0,0.0,0.0,0.0,0.0,0.0,0.0,0.0,0.0,0.0,0.0,0.0,0.0,1,0,0,0,0,0,0,0,1.0,1,0,0,0,0.0,0.0,0.0,0.0,0.0,0,0,0.0,0.0,0,0,0,0,0.0,0.0,0,0,0,1,0.0,0.0,0.0,0.0,0.0,0.0,0.0,0.0,0,0,0.0,0.0,0,0,0.0,0.0,1.0,0.0,0.0,0.0,0.0,0,0,0.0,0.0,0,0,2.0,0.0,0.0,13819.377703109736,6402.302651507982,1558.1903782002328,829.4367233590971,186.73029721408787,1317.424766334214,0.20149361115848957,3641.597836750595,27755.060356475948
229967,06007011001,0.81,0.0,0.0,1.0,1.0,1.0,0.0,0.0,0.0,0.0,0,0.0,0.0,0.0,1.0,0.0,0.0,0.0,0.0,0.0,0.0,0.0,0.0,1.0,0.0,1.0,0.0,1.0,0.0,1.0,0.0,1.0,0.0,1.0,0.0,0.0,0.0,0.0,0.0,0.0,0.0,0.0,0.0,0.0,0.0,0.0,0.0,0.0,0.0,0.0,0.0,1,0,0,0,0,0,0,0,1.0,1,1,1,0,0.0,0.0,0.0,0.0,0.0,0,0,0.0,0.0,0,0,0,0,0.0,1.0,0,0,0,0,0.0,0.0,0.0,0.0,0.0,0.0,0.0,0.0,0,0,0.0,1.0,0,0,0.0,0.0,0.0,0.0,0.0,0.0,0.0,0,0,0.0,0.0,0,0,2.0,0.0,0.0,124.54925892603086,429.7796434311268,115.22786151242114,28.47770169147721,6.427139780982841,70.7870772491721,0.2668462015647735,426.5202073936786,1201.7688899848897
273166,06005226001,2.0,1.0,0.0,0.0,0.0,1.0,0.0,0.0,0.0,0.0,0,1.0,0.0,0.0,1.0,0.0,0.0,0.0,0.0,0.0,0.0,0.0,0.0,0.0,0.0,1.0,0.0,0.0,0.0,1.0,0.0,1.0,0.0,0.0,0.0,1.0,0.0,0.0,1.0,0.0,0.0,0.0,0.0,0.0,0.0,0.0,0.0,0.0,0.0,0.0,0.0,0,0,0,0,0,0,0,0,0.0,1,0,1,0,0.0,0.0,0.0,0.0,0.0,0,0,0.0,0.0,0,0,0,0,0.0,0.0,0,0,0,0,0.0,0.0,0.0,0.0,0.0,0.0,0.0,0.0,0,0,0.0,0.0,0,0,0.0,0.0,0.0,0.0,1.0,0.0,0.0,0,0,0.0,0.0,0,0,1.0,0.0,0.0,303.2925678067451,337.9307151445053,287.8003199788543,70.35655218991855,15.86265351431745,234.83446119737636,0.2668462015647735,972.1656494098336,2222.2429192415507
256217,06007018001,0.25,1.0,0.0,0.0,0.0,0.0,0.0,0.0,1.0,0.0,0,1.0,1.0,0.0,0.0,0.0,0.0,0.0,0.0,1.0,1.0,1.0,1.0,1.0,1.0,1.0,0.0,0.0,0.0,0.0,0.0,0.0,0.0,0.0,0.0,0.0,0.0,0.0,0.0,0.0,0.0,0.0,0.0,0.0,0.0,0.0,0.0,0.0,0.0,0.0,0.0,0,0,0,0,0,0,0,0,0.0,0,0,0,0,0.0,0.0,0.0,0.0,0.0,0,0,0.0,0.0,0,0,0,0,0.0,0.0,0,0,0,0,0.0,0.0,0.0,0.0,0.0,0.0,0.0,0.0,0,0,0.0,0.0,0,0,0.0,0.0,0.0,0.0,0.0,0.0,0.0,0,0,0.0,0.0,0,0,1.0,0.0,1.0,151.16959025325568,313.9828074604356,36.28179327900927,0.0,0.0,14.694248646784486,0.2668462015647735,83.6610699978772,599.7895096373621
259184,06008010006,12.0,1.0,1.0,1.0,0.0,0.0,1.0,0.0,1.0,1.0,1,1.0,0.0,0.0,1.0,0.0,0.0,0.0,0.0,0.0,1.0,0.0,0.0,0.0,0.0,0.0,0.0,0.0,0.0,0.0,0.0,0.0,0.0,1.0,0.0,0.0,0.0,0.0,0.0,0.0,0.0,0.0,0.0,0.0,0.0,0.0,0.0,0.0,0.0,0.0,0.0,1,0,1,0,0,0,0,0,2.0,1,1,0,0,0.0,0.0,0.0,0.0,0.0,0,0,0.0,0.0,0,0,0,0,0.0,0.0,1,0,0,0,0.0,0.0,0.0,0.0,0.0,0.0,0.0,0.0,0,0,0.0,0.0,0,0,0.0,0.0,0.0,0.0,0.0,0.0,0.0,0,0,0.0,0.0,0,0,1.0,0.0,0.0,15585.410711369615,10783.028579370584,1705.0904897836251,0.0,0.0,724.433428814528,0.2668462015647735,6543.148245178752,35341.11145451711
259165,06008010001,44.0,1.0,1.0,1.0,1.0,1.0,1.0,1.0,1.0,0.0,1,1.0,0.0,1.0,1.0,0.0,0.0,0.0,0.0,0.0,1.0,0.0,0.0,0.0,0.0,0.0,0.0,0.0,0.0,0.0,0.0,0.0,0.0,1.0,0.0,0.0,0.0,1.0,0.0,0.0,0.0,0.0,0.0,0.0,0.0,0.0,0.0,0.0,0.0,0.0,0.0,1,0,1,0,0,0,0,0,1.0,0,1,0,0,0.0,0.0,0.0,0.0,0.0,0,0,0.0,0.0,0,0,0,0,0.0,0.0,1,0,0,0,0.0,0.0,0.0,0.0,0.0,0.0,0.0,0.0,0,0,0.0,0.0,0,0,0.0,0.0,0.0,0.0,0.0,0.0,0.0,0,0,0.0,0.0,0,0,1.0,0.0,0.0,57146.50594168859,39537.77145769214,6251.998462539958,0.0,0.0,2656.2559056532696,0.2668462015647735,23991.543565655422,129584.07533322937
259169,06008010005,15.0,1.0,1.0,1.0,1.0,1.0,1.0,1.0,0.0,1.0,1,1.0,1.0,1.0,1.0,0.0,0.0,0.0,0.0,1.0,1.0,0.0,1.0,0.0,1.0,0.0,1.0,0.0,0.0,0.0,0.0,1.0,0.0,1.0,0.0,0.0,0.0,0.0,0.0,0.0,0.0,0.0,0.0,0.0,0.0,0.0,0.0,0.0,0.0,0.0,0.0,1,0,1,0,0,0,0,0,2.0,1,1,1,0,1.0,0.0,0.0,0.0,0.0,0,0,0.0,0.0,0,0,0,0,0.0,0.0,1,0,0,0,0.0,0.0,0.0,0.0,0.0,0.0,0.0,0.0,0,0,0.0,0.0,1,0,0.0,0.0,0.0,0.0,0.0,0.0,0.0,0,0,0.0,0.0,0,0,3.0,0.0,0.0,19345.93841216761,9843.700356106936,2140.0881063227653,6190.648606881648,1396.4715695605084,1518.1467416775279,0.2668462015647735,11697.416968272633,52132.41076098963
245795,06009041001,5.5,1.0,1.0,1.0,1.0,1.0,1.0,0.0,1.0,1.0,1,1.0,0.0,0.0,1.0,0.0,0.0,0.0,0.0,1.0,1.0,0.0,1.0,0.0,1.0,0.0,1.0,0.0,0.0,0.0,0.0,0.0,0.0,0.0,0.0,0.0,0.0,0.0,0.0,0.0,0.0,0.0,0.0,0.0,0.0,0.0,0.0,0.0,0.0,0.0,0.0,0,0,1,0,0,0,0,0,1.0,1,0,0,0,0.0,0.0,0.0,0.0,0.0,0,0,0.0,0.0,0,0,0,0,0.0,0.0,0,0,0,0,0.0,0.0,0.0,0.0,0.0,0.0,0.0,0.0,0,0,0.0,0.0,0,0,0.0,0.0,0.0,0.0,0.0,1.0,0.0,0,0,0.0,0.0,0,0,1.0,0.0,0.0,7097.275604579607,927.2287477822111,789.9808765653682,0.0,0.0,673.6188932469807,0.3343911671348069,1430.407347647899,10918.511469822066
222407,06007002001,8.0,1.0,1.0,0.0,1.0,1.0,0.0,0.0,0.0,1.0,1,1.0,0.0,0.0,1.0,0.0,1.0,1.0,0.0,0.0,0.0,0.0,0.0,1.0,0.0,1.0,0.0,0.0,0.0,0.0,0.0,0.0,0.0,0.0,0.0,0.0,0.0,0.0,0.0,0.0,0.0,0.0,0.0,0.0,0.0,0.0,0.0,0.0,0.0,0.0,0.0,0,0,0,0,0,0,0,0,1.0,1,0,0,0,0.0,0.0,0.0,0.0,0.0,0,0,0.0,0.0,0,0,0,0,0.0,0.0,0,0,0,0,0.0,0.0,0.0,0.0,0.0,0.0,0.0,0.0,0,0,0.0,0.0,0,0,0.0,0.0,1.0,0.0,0.0,0.0,0.0,0,0,0.0,0.0,0,0,1.0,0.0,0.0,10263.07408994124,1332.8935135941992,1162.0371673289078,1228.7951457171807,276.63747735420424,968.669585852392,0.2668462015647735,3397.411758298165,18629.518738086288
245795,06009041002,15.5,1.0,1.0,1.0,1.0,1.0,1.0,0.0,1.0,1.0,1,1.0,0.0,0.0,1.0,0.0,0.0,0.0,0.0,1.0,1.0,0.0,1.0,0.0,1.0,0.0,1.0,0.0,0.0,0.0,0.0,0.0,0.0,0.0,0.0,0.0,0.0,0.0,0.0,0.0,0.0,0.0,0.0,0.0,0.0,0.0,0.0,0.0,0.0,0.0,0.0,0,0,1,0,0,0,0,0,1.0,1,0,0,0,0.0,0.0,0.0,0.0,0.0,0,0,0.0,0.0,0,0,0,0,0.0,0.0,0,0,0,0,0.0,0.0,0.0,0.0,0.0,0.0,0.0,0.0,0,0,0.0,0.0,0,0,0.0,0.0,0.0,0.0,0.0,1.0,0.0,0,0,0.0,0.0,0,0,1.0,0.0,0.0,20001.413067451616,2613.0991982953224,2226.3097430478565,0.0,0.0,1898.3805173324004,0.3343911671348069,4031.1479797349884,30770.350505862185
206164,06001047001,2.3,1.0,1.0,1.0,1.0,1.0,1.0,1.0,0.0,0.0,1,1.0,0.0,0.0,1.0,0.0,0.0,0.0,0.0,0.0,0.0,0.0,0.0,1.0,0.0,1.0,0.0,0.0,1.0,1.0,0.0,1.0,1.0,0.0,0.0,0.0,0.0,0.0,0.0,0.0,0.0,0.0,0.0,0.0,0.0,0.0,0.0,0.0,0.0,0.0,0.0,1,0,0,0,0,0,0,0,0.0,1,0,1,0,0.0,0.0,0.0,0.0,0.0,0,0,0.0,0.0,0,0,0,0,0.0,0.0,0,0,0,1,0.0,0.0,0.0,0.0,0.0,0.0,0.0,0.0,0,0,0.0,0.0,0,1,0.0,0.0,1.0,0.0,0.0,0.0,0.0,0,0,0.0,0.0,0,0,3.0,0.0,0.0,2942.9003326147067,1037.1623621119152,331.4361404276451,117.75953479789648,26.511091579777904,279.5167857272408,0.20149361115848957,695.7485157450836,5431.034763004266
210272,06007022001,5.9,0.0,0.0,1.0,1.0,1.0,0.0,0.0,0.0,0.0,0,0.0,0.0,0.0,1.0,0.0,0.0,0.0,1.0,0.0,0.0,0.0,0.0,1.0,0.0,1.0,0.0,0.0,0.0,0.0,0.0,0.0,0.0,0.0,0.0,0.0,0.0,0.0,0.0,0.0,0.0,0.0,0.0,0.0,0.0,0.0,0.0,0.0,0.0,0.0,0.0,0,0,0,0,0,0,0,0,1.0,1,0,0,0,0.0,0.0,0.0,0.0,0.0,0,0,0.0,0.0,0,0,0,0,0.0,0.0,0,1,0,0,0.0,0.0,0.0,0.0,0.0,0.0,0.0,0.0,0,0,0.0,0.0,0,0,0.0,0.0,0.0,0.0,0.0,0.0,0.0,0,0,0.0,0.0,0,0,1.0,0.0,0.0,7720.383569696166,5340.738892760234,850.5797969935325,0.0,0.0,360.8816698661826,0.2668462015647735,3860.3687163665068,18132.95264568262
257850,06009006001,6.7,0.0,0.0,0.0,0.0,0.0,0.0,0.0,0.0,0.0,1,0.0,0.0,0.0,0.0,0.0,0.0,0.0,0.0,0.0,0.0,0.0,0.0,0.0,0.0,0.0,0.0,0.0,0.0,0.0,0.0,0.0,0.0,0.0,0.0,0.0,0.0,0.0,0.0,0.0,0.0,0.0,0.0,0.0,0.0,0.0,0.0,0.0,0.0,0.0,0.0,0,0,1,0,0,0,0,0,0.0,0,0,0,0,0.0,0.0,0.0,0.0,0.0,0,0,0.0,0.0,0,0,0,0,0.0,0.0,0,1,0,0,0.0,0.0,0.0,0.0,0.0,0.0,0.0,0.0,0,0,0.0,0.0,0,0,0.0,0.0,0.0,0.0,0.0,0.0,0.0,0,0,0.0,0.0,0,0,1.0,0.0,0.0,8767.215240163441,6064.906878219249,965.9126508231639,0.0,0.0,409.8147776446481,0.2668462015647735,4383.808542314508,20591.65808916501
255218,06009038001,7.0,0.0,0.0,0.0,0.0,0.0,0.0,0.0,0.0,0.0,0,0.0,0.0,0.0,0.0,0.0,0.0,0.0,0.0,0.0,0.0,0.0,0.0,0.0,0.0,0.0,0.0,0.0,0.0,0.0,0.0,0.0,0.0,0.0,0.0,0.0,0.0,0.0,0.0,0.0,0.0,0.0,0.0,0.0,0.0,0.0,0.0,0.0,0.0,0.0,0.0,0,0,0,0,0,0,0,0,0.0,0,0,0,0,0.0,0.0,0.0,0.0,0.0,0,0,0.0,0.0,0,0,0,0,0.0,0.0,0,1,0,0,0.0,0.0,0.0,0.0,0.0,0.0,0.0,0.0,0,0,0.0,0.0,0,0,0.0,0.0,0.0,0.0,0.0,0.0,0.0,0,0,0.0,0.0,0,0,1.0,0.0,0.0,9159.77711658867,6336.469872766379,1009.1624710092757,0.0,0.0,428.1646930615726,0.2668462015647735,4580.098477045008,21513.672630470905
257518,06009074002,9.0,1.0,1.0,1.0,1.0,1.0,1.0,0.0,0.0,0.0,1,1.0,0.0,0.0,1.0,0.0,0.0,0.0,0.0,1.0,1.0,0.0,1.0,0.0,1.0,0.0,0.0,0.0,0.0,0.0,0.0,1.0,0.0,0.0,0.0,1.0,0.0,0.0,0.0,0.0,0.0,0.0,0.0,0.0,0.0,0.0,0.0,0.0,0.0,0.0,0.0,0,0,1,0,0,0,0,0,0.0,0,0,1,0,0.0,0.0,0.0,0.0,0.0,0,0,0.0,0.0,0,0,0,0,0.0,0.0,0,0,0,0,0.0,0.0,0.0,0.0,0.0,0.0,0.0,0.0,0,0,0.0,0.0,1,0,0.0,0.0,0.0,0.0,0.0,0.0,0.0,0,0,0.0,0.0,0,0,1.0,0.0,0.0,11516.852829568807,1472.376225121276,1288.0245003736318,0.0,0.0,1099.3655278713964,0.2668462015647735,1682.0800848753802,17058.699167810493
257520,06009074001,3.0,0.0,1.0,0.0,0.0,0.0,1.0,0.0,0.0,1.0,1,0.0,0.0,0.0,0.0,0.0,0.0,0.0,0.0,1.0,1.0,0.0,1.0,0.0,1.0,0.0,0.0,0.0,0.0,0.0,0.0,0.0,0.0,0.0,0.0,0.0,0.0,0.0,0.0,0.0,0.0,0.0,0.0,0.0,0.0,0.0,0.0,0.0,0.0,0.0,0.0,0,0,1,0,0,0,0,0,1.0,1,0,0,0,0.0,0.0,0.0,0.0,0.0,0,0,0.0,0.0,0,0,0,0,0.0,0.0,0,0,0,0,0.0,0.0,0.0,0.0,0.0,0.0,0.0,0.0,0,0,0.0,0.0,0,0,0.0,0.0,0.0,0.0,0.0,0.0,0.0,0,0,0.0,0.0,1,0,1.0,0.0,0.0,3878.2420654902317,502.0855228136045,429.51590459356885,0.0,0.0,181.3833137681416,0.2668462015647735,886.5309425602502,5877.757749225796
241540,06009075001,6.0,1.0,1.0,1.0,1.0,1.0,1.0,0.0,0.0,1.0,1,1.0,0.0,0.0,1.0,0.0,0.0,0.0,0.0,1.0,1.0,0.0,1.0,0.0,1.0,0.0,0.0,0.0,0.0,0.0,0.0,1.0,0.0,0.0,0.0,1.0,0.0,0.0,0.0,0.0,0.0,0.0,0.0,0.0,0.0,0.0,0.0,0.0,0.0,0.0,0.0,0,0,0,0,0,0,0,0,1.0,1,0,1,0,0.0,0.0,0.0,0.0,0.0,0,0,0.0,0.0,0,0,0,0,0.0,0.0,0,0,0,0,0.0,0.0,0.0,0.0,0.0,0.0,0.0,0.0,0,0,0.0,0.0,0,1,0.0,0.0,0.0,0.0,0.0,0.0,1.0,0,0,0.0,0.0,0,0,2.0,0.0,0.0,7679.958125031221,1001.161881542343,859.7472142065164,0.0,0.0,727.223174803494,0.2668462015647735,2052.6693594567746,12320.75975504035
257831,06009031004,18.0,1.0,0.0,1.0,0.0,0.0,0.0,0.0,1.0,1.0,1,1.0,0.0,1.0,1.0,0.0,0.0,0.0,0.0,1.0,1.0,0.0,1.0,0.0,1.0,1.0,0.0,0.0,0.0,0.0,0.0,0.0,0.0,1.0,0.0,0.0,0.0,0.0,0.0,0.0,0.0,0.0,0.0,0.0,0.0,0.0,0.0,0.0,0.0,0.0,0.0,1,0,1,0,0,0,0,0,2.0,1,1,0,0,0.0,0.0,0.0,0.0,0.0,0,0,0.0,0.0,0,0,0,0,0.0,0.0,1,0,0,0,0.0,0.0,0.0,0.0,0.0,0.0,0.0,0.0,0,0,0.0,0.0,0,0,0.0,0.0,0.0,0.0,0.0,0.0,0.0,0,0,0.0,0.0,0,0,1.0,0.0,0.0,23378.116067054427,16174.542869055877,2557.6357346754376,0.0,0.0,1086.6501432217922,0.3343911671348069,12299.056341880985,55496.001155888516
212589,06007005001,4.3,1.0,0.0,0.0,1.0,1.0,0.0,0.0,0.0,1.0,1,1.0,0.0,0.0,1.0,0.0,0.0,0.0,1.0,0.0,0.0,0.0,0.0,1.0,0.0,1.0,0.0,0.0,0.0,0.0,0.0,0.0,0.0,0.0,0.0,0.0,0.0,0.0,0.0,0.0,0.0,0.0,0.0,0.0,0.0,0.0,0.0,0.0,0.0,0.0,0.0,0,0,0,0,0,0,0,0,2.0,1,0,0,0,0.0,0.0,0.0,0.0,0.0,0,0,0.0,0.0,0,0,0,0,0.0,0.0,0,0,0,0,0.0,0.0,0.0,0.0,0.0,0.0,0.0,0.0,0,0,0.0,0.0,0,0,0.0,0.0,1.0,0.0,0.0,0.0,0.0,0,0,0.0,0.0,0,0,1.0,0.0,0.0,5516.402323343415,716.4302635568821,624.594977439288,660.4773908229846,148.69264407788478,520.6599023956607,0.2668462015647735,1826.1088200852637,10013.366321721378
258739,06005025001,55.0,1.0,1.0,1.0,1.0,1.0,1.0,1.0,1.0,0.0,1,1.0,0.0,1.0,1.0,0.0,0.0,0.0,0.0,1.0,1.0,0.0,1.0,0.0,1.0,1.0,0.0,0.0,1.0,0.0,0.0,1.0,1.0,1.0,0.0,0.0,0.0,0.0,0.0,0.0,0.0,0.0,0.0,0.0,0.0,0.0,0.0,0.0,0.0,0.0,0.0,1,0,1,0,0,0,0,0,1.0,0,1,1,0,0.0,0.0,0.0,0.0,0.0,0,0,0.0,0.0,0,0,0,0,0.0,0.0,1,0,0,0,0.0,0.0,0.0,0.0,0.0,0.0,0.0,0.0,0,0,0.0,0.0,1,0,0.0,0.0,0.0,0.0,0.0,0.0,0.0,0,0,0.0,0.0,0,0,2.0,0.0,0.0,70906.94985946006,29210.034515594823,7843.129456895793,0.0,0.0,5019.332387307004,0.20149361115848957,15203.340807787708,128182.7870270454
259170,06008012001,4.0,0.0,0.0,1.0,0.0,0.0,0.0,1.0,1.0,1.0,0,0.0,1.0,1.0,1.0,0.0,0.0,0.0,0.0,0.0,0.0,0.0,0.0,0.0,0.0,1.0,0.0,0.0,0.0,0.0,0.0,0.0,0.0,0.0,0.0,0.0,0.0,0.0,0.0,0.0,0.0,0.0,0.0,0.0,0.0,0.0,0.0,0.0,0.0,0.0,0.0,1,0,0,0,0,0,0,0,1.0,1,0,0,0,0.0,0.0,0.0,0.0,0.0,0,0,0.0,0.0,0,0,0,0,0.0,0.0,0,1,0,0,0.0,0.0,0.0,0.0,0.0,0.0,0.0,0.0,0,0,0.0,0.0,0,0,0.0,0.0,0.0,0.0,0.0,0.0,0.0,0,0,0.0,0.0,0,0,1.0,0.0,0.0,5234.158352336383,3620.8399272950737,576.6642691481576,0.0,0.0,244.6655388923272,0.2668462015647735,2617.1991297400045,12293.527217411947
250700,06004009002,15.0,1.0,1.0,0.0,0.0,0.0,1.0,1.0,0.0,0.0,1,1.0,0.0,1.0,0.0,0.0,1.0,0.0,0.0,1.0,1.0,0.0,1.0,0.0,1.0,0.0,0.0,0.0,0.0,0.0,0.0,0.0,0.0,1.0,0.0,0.0,0.0,0.0,0.0,0.0,0.0,0.0,0.0,0.0,0.0,0.0,0.0,0.0,0.0,0.0,0.0,1,0,1,0,0,0,0,0,1.0,0,1,0,0,0.0,0.0,0.0,0.0,0.0,0,0,0.0,0.0,0,0,0,0,0.0,0.0,1,0,0,0,0.0,0.0,0.0,0.0,0.0,0.0,0.0,0.0,0,0,0.0,0.0,0,0,0.0,0.0,0.0,0.0,0.0,0.0,0.0,0,0,0.0,0.0,0,0,1.0,0.0,0.0,19481.76338921202,13478.78572421323,2131.363112229531,0.0,0.0,905.5417860181601,0.2668462015647735,8178.93530647344,44176.389318146386
214652,06005064001,12.0,1.0,1.0,1.0,1.0,1.0,0.0,0.0,1.0,1.0,1,1.0,0.0,1.0,1.0,0.0,0.0,0.0,0.0,0.0,1.0,0.0,0.0,1.0,0.0,1.0,0.0,0.0,0.0,0.0,0.0,0.0,0.0,1.0,0.0,0.0,0.0,0.0,0.0,0.0,0.0,0.0,0.0,0.0,0.0,0.0,0.0,0.0,0.0,0.0,0.0,1,0,0,0,0,0,0,0,2.0,1,1,0,0,0.0,0.0,0.0,0.0,0.0,0,0,0.0,0.0,0,0,0,0,0.0,0.0,0,1,0,0,0.0,0.0,0.0,0.0,0.0,0.0,0.0,0.0,0,0,0.0,0.0,0,0,0.0,0.0,1.0,0.0,0.0,0.0,0.0,0,0,0.0,0.0,0,0,2.0,0.0,0.0,15548.543095960504,6430.93002613826,1736.5242792189172,921.5963592878855,207.4781080156532,1093.500497727785,0.20149361115848957,4888.362363181236,30826.934729530243
266737,06005077001,20.0,0.0,0.0,0.0,0.0,0.0,0.0,1.0,0.0,0.0,1,0.0,0.0,1.0,0.0,0.0,0.0,0.0,0.0,0.0,0.0,0.0,0.0,0.0,0.0,0.0,0.0,0.0,0.0,0.0,0.0,0.0,0.0,0.0,0.0,0.0,0.0,0.0,0.0,0.0,0.0,0.0,0.0,0.0,0.0,0.0,0.0,0.0,0.0,0.0,0.0,1,0,1,0,0,0,0,0,0.0,0,0,0,0,0.0,0.0,0.0,0.0,0.0,0,0,0.0,0.0,0,0,0,0,0.0,0.0,1,0,0,0,0.0,0.0,0.0,0.0,0.0,0.0,0.0,0.0,0,0,0.0,0.0,0,0,0.0,0.0,0.0,0.0,0.0,0.0,0.0,0,0,0.0,0.0,0,0,1.0,0.0,0.0,25975.684518949365,17971.714298950974,2841.8174829727086,0.0,0.0,1207.3890480242135,0.20149361115848957,8234.472144974336,56231.07749387159
822960,06000000065,14.9,1.0,0.0,1.0,1.0,1.0,0.0,1.0,0.0,1.0,1,1.0,1.0,1.0,1.0,0.0,0.0,0.0,0.0,0.0,0.0,0.0,0.0,1.0,0.0,1.0,0.0,0.0,0.0,1.0,0.0,1.0,0.0,1.0,0.0,0.0,0.0,0.0,0.0,0.0,0.0,0.0,0.0,0.0,0.0,0.0,0.0,0.0,0.0,0.0,0.0,1,0,0,0,0,0,0,0,2.0,1,1,1,0,0.0,1.0,0.0,0.0,0.0,0,0,0.0,0.0,0,0,0,0,0.0,0.0,0,1,0,0,0.0,0.0,0.0,0.0,0.0,0.0,0.0,0.0,0,0,0.0,0.0,0,1,0.0,0.0,1.0,0.0,0.0,0.0,0.0,0,0,0.0,0.0,0,0,4.0,0.0,0.0,14418.899418471763,4615.38876601405,1613.5766839664263,572.1577397245622,128.80932539305138,1128.1894293072858,0.20149361115848957,3903.260451543966,26380.28181442111
850597,06009031002,32.0,0.0,0.0,0.0,0.0,0.0,0.0,0.0,0.0,0.0,1,0.0,0.0,0.0,0.0,0.0,0.0,0.0,0.0,0.0,0.0,0.0,0.0,0.0,0.0,1.0,1.0,0.0,0.0,0.0,0.0,0.0,0.0,0.0,0.0,0.0,0.0,0.0,0.0,0.0,0.0,0.0,1.0,1.0,0.0,0.0,0.0,0.0,0.0,0.0,0.0,0,0,1,0,0,0,0,0,0.0,0,0,0,0,0.0,0.0,0.0,0.0,0.0,0,0,0.0,0.0,0,0,0,0,0.0,0.0,1,0,0,0,0.0,0.0,0.0,0.0,0.0,0.0,0.0,0.0,0,0,0.0,0.0,0,0,0.0,0.0,0.0,0.0,0.0,0.0,0.0,0,0,0.0,0.0,0,0,1.0,0.0,0.0,41561.09523031898,28754.74287832156,4546.907972756334,0.0,0.0,1931.8224768387415,0.3343911671348069,21864.989052232864,98659.55761046849
240791,06002039001,3.0,1.0,0.0,1.0,1.0,1.0,1.0,0.0,1.0,1.0,1,1.0,0.0,0.0,1.0,0.0,0.0,0.0,0.0,0.0,0.0,0.0,0.0,0.0,0.0,0.0,0.0,0.0,0.0,0.0,0.0,0.0,0.0,0.0,0.0,0.0,0.0,0.0,0.0,0.0,0.0,0.0,0.0,0.0,0.0,0.0,0.0,0.0,0.0,0.0,0.0,0,0,1,0,0,0,0,0,1.0,1,0,0,0,0.0,0.0,0.0,0.0,0.0,0,0,0.0,0.0,0,0,0,0,0.0,0.0,0,0,0,0,0.0,0.0,0.0,0.0,0.0,0.0,0.0,0.0,0,0,0.0,0.0,0,0,0.0,0.0,0.0,0.0,0.0,1.0,0.0,0,0,0.0,0.0,0,0,1.0,0.0,0.0,3871.241238861604,505.7611351539333,430.8986599447464,0.0,0.0,367.4284872256259,0.20149361115848957,470.1373778523712,5645.466899038281
259196,06008085001,22.5,0.0,0.0,0.0,0.0,0.0,0.0,0.0,0.0,0.0,0,0.0,0.0,0.0,0.0,0.0,0.0,0.0,0.0,0.0,0.0,0.0,0.0,0.0,0.0,0.0,0.0,0.0,0.0,0.0,0.0,0.0,0.0,0.0,0.0,0.0,0.0,0.0,0.0,0.0,0.0,0.0,0.0,0.0,0.0,0.0,0.0,0.0,0.0,0.0,0.0,0,0,0,0,0,0,0,0,0.0,0,0,0,0,0.0,0.0,0.0,0.0,0.0,0,0,0.0,0.0,0,0,0,0,0.0,0.0,1,0,0,0,0.0,0.0,0.0,0.0,0.0,0.0,0.0,0.0,0,0,0.0,0.0,0,0,0.0,0.0,0.0,0.0,0.0,0.0,0.0,0,0,0.0,0.0,0,0,1.0,0.0,0.0,29222.64508381803,20218.178586319846,3197.0446683442974,0.0,0.0,1358.3126790272402,0.2668462015647735,12268.402959710158,66264.58397721958
259146,06008024001,10.4,1.0,0.0,1.0,1.0,1.0,1.0,1.0,0.0,1.0,1,1.0,0.0,1.0,1.0,0.0,0.0,0.0,0.0,0.0,0.0,0.0,0.0,0.0,0.0,0.0,0.0,0.0,0.0,1.0,0.0,0.0,0.0,1.0,0.0,0.0,0.0,0.0,0.0,0.0,0.0,0.0,0.0,0.0,0.0,0.0,0.0,0.0,0.0,0.0,0.0,1,0,0,0,0,0,0,0,2.0,1,1,0,0,0.0,0.0,0.0,0.0,0.0,0,0,0.0,0.0,0,0,0,0,0.0,0.0,0,1,0,0,0.0,0.0,0.0,0.0,0.0,0.0,0.0,0.0,0,0,0.0,0.0,0,0,0.0,0.0,0.0,0.0,0.0,0.0,0.0,0,0,0.0,0.0,0,0,1.0,0.0,0.0,13608.811716074597,9414.183810967192,1499.3270997852096,0.0,0.0,636.1304011200507,0.2668462015647735,6804.717737324012,31963.17076527106
271781,06005019002,1.0,0.0,0.0,1.0,1.0,1.0,1.0,1.0,1.0,1.0,0,0.0,1.0,1.0,1.0,0.0,0.0,0.0,0.0,0.0,0.0,0.0,0.0,1.0,0.0,0.0,0.0,0.0,0.0,0.0,0.0,0.0,0.0,1.0,0.0,0.0,0.0,0.0,0.0,0.0,0.0,0.0,0.0,0.0,0.0,0.0,0.0,0.0,0.0,0.0,0.0,1,0,0,0,0,0,0,0,2.0,1,1,0,0,0.0,0.0,0.0,0.0,0.0,0,0,0.0,0.0,0,0,0,0,0.0,0.0,0,0,0,0,0.0,0.0,0.0,0.0,0.0,0.0,0.0,0.0,0,0,0.0,0.0,0,0,0.0,0.0,0.0,0.0,0.0,0.0,0.0,0,0,0.0,0.0,0,0,1.0,0.0,1.0,604.6783610130227,1255.9312298417424,145.12717311603708,0.0,0.0,58.77699458713794,0.20149361115848957,252.6874433048819,2317.2012018628216
214199,06005279001,0.5,0.0,0.0,0.0,0.0,0.0,1.0,0.0,0.0,0.0,0,0.0,0.0,0.0,1.0,0.0,0.0,0.0,0.0,0.0,0.0,1.0,0.0,1.0,0.0,0.0,0.0,0.0,1.0,0.0,1.0,0.0,1.0,0.0,0.0,0.0,0.0,0.0,0.0,0.0,0.0,0.0,0.0,0.0,0.0,0.0,0.0,0.0,0.0,0.0,0.0,0,0,0,0,0,0,0,0,0.0,0,0,0,0,0.0,0.0,0.0,0.0,0.0,0,0,0.0,0.0,0,0,0,0,0.0,0.0,0,0,0,0,0.0,0.0,0.0,0.0,0.0,0.0,0.0,0.0,0,0,0.0,0.0,0,0,0.0,0.0,0.0,0.0,0.0,0.0,0.0,0,0,0.0,0.0,0,0,1.0,1.0,1.0,302.33918050651135,627.9656149208712,72.56358655801854,0.0,0.0,29.38849729356897,0.20149361115848957,126.34372165244095,1158.6006009314108
273207,06005161001,0.61,0.0,1.0,0.0,0.0,1.0,0.0,0.0,0.0,1.0,0,0.0,0.0,1.0,1.0,0.0,0.0,0.0,0.0,1.0,1.0,0.0,1.0,0.0,1.0,1.0,0.0,0.0,0.0,1.0,0.0,0.0,0.0,0.0,0.0,0.0,0.0,0.0,0.0,1.0,0.0,0.0,0.0,0.0,0.0,0.0,0.0,0.0,0.0,0.0,0.0,0,0,0,0,0,0,0,0,1.0,1,0,0,0,0.0,0.0,0.0,0.0,0.0,0,0,0.0,0.0,0,0,0,0,0.0,0.0,0,0,0,0,0.0,0.0,0.0,0.0,0.0,0.0,0.0,0.0,0,0,0.0,0.0,0,0,0.0,0.0,0.0,0.0,0.0,0.0,0.0,0,0,0.0,0.0,0,0,1.0,0.0,1.0,368.85380021794384,766.1180502034629,88.52757560078263,0.0,0.0,35.853966698154146,0.20149361115848957,154.13934041597795,1413.4927331363217
225089,06001011001,1.5,1.0,0.0,1.0,1.0,0.0,1.0,0.0,1.0,1.0,1,1.0,0.0,0.0,1.0,0.0,0.0,0.0,0.0,0.0,0.0,0.0,0.0,0.0,0.0,0.0,0.0,0.0,0.0,0.0,0.0,0.0,0.0,0.0,0.0,0.0,0.0,0.0,0.0,0.0,0.0,0.0,0.0,0.0,0.0,0.0,0.0,0.0,0.0,0.0,0.0,0,0,0,0,0,0,0,0,1.0,1,0,0,0,0.0,0.0,0.0,0.0,0.0,0,0,0.0,0.0,0,0,0,0,0.0,0.0,0,0,0,0,0.0,0.0,0.0,0.0,0.0,0.0,0.0,0.0,0,0,0.0,0.0,0,0,0.0,0.0,0.0,0.0,0.0,0.0,1.0,0,0,0.0,0.0,0,0,1.0,0.0,0.0,1920.8466143023418,249.7676354879984,214.24225383425878,0.0,0.0,182.68224365626276,0.20149361115848957,425.28565356576235,2992.8244008466245
266940,06004026001,16.1,1.0,1.0,1.0,0.0,0.0,1.0,1.0,1.0,0.0,1,1.0,0.0,1.0,1.0,0.0,1.0,0.0,0.0,1.0,1.0,0.0,1.0,0.0,1.0,0.0,0.0,0.0,0.0,0.0,0.0,0.0,0.0,1.0,0.0,0.0,0.0,0.0,0.0,0.0,0.0,0.0,0.0,0.0,0.0,0.0,0.0,0.0,0.0,0.0,0.0,1,0,1,0,0,0,0,0,1.0,0,1,0,0,0.0,0.0,0.0,0.0,0.0,0,0,0.0,0.0,0,0,0,0,0.0,0.0,1,0,0,0,0.0,0.0,0.0,0.0,0.0,0.0,0.0,0.0,0,0,0.0,0.0,0,0,0.0,0.0,0.0,0.0,0.0,0.0,0.0,0,0,0.0,0.0,0,0,1.0,0.0,0.0,20910.426037754238,14467.230010655536,2287.6630737930304,0.0,0.0,971.9481836594919,0.2668462015647735,8778.723895614825,47415.991201477125
257754,06002069001,3.0,0.0,0.0,1.0,0.0,0.0,1.0,0.0,1.0,1.0,0,0.0,0.0,0.0,1.0,0.0,0.0,0.0,0.0,1.0,1.0,0.0,1.0,0.0,1.0,0.0,0.0,0.0,0.0,0.0,0.0,0.0,0.0,0.0,0.0,0.0,0.0,0.0,0.0,0.0,0.0,0.0,0.0,0.0,0.0,0.0,0.0,0.0,0.0,0.0,0.0,0,0,0,0,0,0,0,0,1.0,1,0,0,0,0.0,0.0,0.0,0.0,0.0,0,0,0.0,0.0,0,0,0,0,0.0,0.0,0,0,0,0,0.0,0.0,0.0,0.0,0.0,0.0,0.0,0.0,0,0,0.0,0.0,0,0,0.0,0.0,0.0,0.0,1.0,0.0,0.0,0,0,0.0,0.0,0,0,1.0,0.0,0.0,454.93885171011766,506.89607271675794,431.7004799682814,105.53482828487782,23.793980271476176,352.25169179606456,0.20149361115848957,1101.1127356984891,2976.2286404460647
224137,06009004001,2.7,1.0,1.0,1.0,1.0,1.0,1.0,0.0,1.0,1.0,0,1.0,0.0,0.0,1.0,0.0,0.0,0.0,0.0,1.0,1.0,1.0,1.0,1.0,1.0,0.0,0.0,1.0,0.0,0.0,0.0,0.0,0.0,0.0,0.0,0.0,0.0,0.0,1.0,0.0,0.0,0.0,0.0,0.0,0.0,0.0,0.0,0.0,0.0,0.0,0.0,0,0,0,0,0,0,0,0,1.0,1,0,0,0,0.0,0.0,0.0,0.0,0.0,0,0,0.0,0.0,0,0,0,0,0.0,0.0,0,0,0,0,0.0,0.0,0.0,0.0,0.0,0.0,0.0,0.0,0,0,0.0,0.0,0,0,0.0,0.0,0.0,0.0,1.0,0.0,0.0,0,0,0.0,0.0,0,0,1.0,0.0,0.0,409.4449665391059,456.20646544508224,388.5304319714533,94.98134545639005,21.414582244328564,317.0265226164581,0.3343911671348069,1644.6285003688763,3332.232814641695
254881,06002046001,13.0,0.0,0.0,0.0,1.0,1.0,0.0,0.0,0.0,0.0,1,0.0,0.0,0.0,0.0,0.0,0.0,0.0,0.0,0.0,0.0,0.0,0.0,0.0,0.0,0.0,0.0,0.0,0.0,0.0,0.0,0.0,0.0,0.0,0.0,0.0,0.0,0.0,0.0,0.0,0.0,0.0,0.0,0.0,0.0,0.0,0.0,0.0,0.0,0.0,0.0,0,0,0,0,0,0,0,0,0.0,0,0,0,0,0.0,0.0,0.0,0.0,0.0,0,0,0.0,0.0,0,0,0,0,0.0,0.0,0,1,0,0,0.0,0.0,0.0,0.0,0.0,0.0,0.0,0.0,0,0,0.0,0.0,0,0,0.0,0.0,0.0,0.0,0.0,0.0,0.0,0,0,0.0,0.0,0,0,1.0,0.0,0.0,17011.014645093248,11767.729763708989,1874.158874731512,0.0,0.0,795.1630014000633,0.20149361115848957,6422.740616914976,37870.80690184879
269989,06009040001,5.0,0.0,0.0,0.0,0.0,0.0,0.0,0.0,0.0,0.0,0,0.0,0.0,0.0,0.0,0.0,0.0,0.0,0.0,0.0,0.0,0.0,0.0,0.0,0.0,0.0,0.0,0.0,0.0,0.0,0.0,0.0,0.0,0.0,0.0,0.0,0.0,0.0,0.0,0.0,0.0,0.0,0.0,0.0,0.0,0.0,0.0,0.0,0.0,0.0,0.0,0,0,0,0,0,0,0,0,0.0,0,0,0,0,0.0,0.0,0.0,0.0,0.0,0,0,0.0,0.0,0,0,0,0,0.0,0.0,0,1,0,0,0.0,0.0,0.0,0.0,0.0,0.0,0.0,0.0,0,0,0.0,0.0,0,0,0.0,0.0,0.0,0.0,0.0,0.0,0.0,0,0,0.0,0.0,0,0,1.0,0.0,0.0,6542.6979404204785,4526.049909118842,720.830336435197,0.0,0.0,305.831923615409,0.3343911671348069,4099.5911993782165,16195.001308968145
258386,06002074001,0.5,0.0,0.0,0.0,0.0,1.0,1.0,0.0,1.0,0.0,1,0.0,1.0,0.0,1.0,0.0,0.0,0.0,0.0,0.0,0.0,1.0,0.0,0.0,0.0,1.0,0.0,0.0,0.0,0.0,0.0,0.0,0.0,0.0,0.0,0.0,0.0,0.0,0.0,0.0,0.0,0.0,0.0,0.0,0.0,0.0,0.0,0.0,0.0,0.0,0.0,0,0,0,0,0,0,0,0,0.0,0,0,0,0,0.0,1.0,0.0,0.0,0.0,0,0,0.0,0.0,0,0,0,0,0.0,0.0,0,0,0,0,0.0,0.0,0.0,0.0,0.0,0.0,0.0,0.0,0,0,0.0,0.0,0,0,0.0,0.0,0.0,0.0,0.0,0.0,0.0,0,0,0.0,0.0,0,0,1.0,0.0,0.0,0.0,0.0,0.0,0.0,0.0,0.0,0.20149361115848957,0.0,0.0
274410,06002127001,0.55,1.0,1.0,1.0,1.0,1.0,1.0,0.0,1.0,1.0,0,1.0,0.0,0.0,0.0,0.0,0.0,0.0,0.0,1.0,1.0,0.0,1.0,1.0,1.0,0.0,0.0,0.0,0.0,0.0,0.0,1.0,0.0,0.0,0.0,1.0,0.0,0.0,0.0,0.0,0.0,0.0,0.0,1.0,0.0,0.0,0.0,0.0,0.0,0.0,0.0,0,0,0,0,0,0,0,0,1.0,1,0,1,0,0.0,0.0,0.0,0.0,0.0,0,0,0.0,0.0,0,0,0,0,0.0,0.0,0,0,0,0,0.0,0.0,0.0,0.0,0.0,0.0,0.0,0.0,0,0,0.0,0.0,0,0,0.0,0.0,0.0,0.0,0.0,0.0,0.0,0,0,0.0,0.0,0,0,1.0,0.0,1.0,332.57309855716255,690.7621764129584,79.8199452138204,0.0,0.0,32.32734702292587,0.20149361115848957,138.97809381768505,1274.460661024552
272960,06005004001,10.4,0.0,1.0,1.0,0.0,0.0,0.0,1.0,0.0,0.0,1,0.0,0.0,1.0,1.0,0.0,0.0,0.0,0.0,1.0,1.0,1.0,1.0,1.0,1.0,1.0,0.0,1.0,0.0,1.0,0.0,0.0,0.0,1.0,0.0,0.0,0.0,0.0,0.0,0.0,0.0,0.0,0.0,0.0,0.0,0.0,0.0,0.0,0.0,0.0,0.0,1,0,0,0,0,0,0,0,1.0,1,1,0,0,0.0,0.0,0.0,0.0,0.0,0,0,0.0,0.0,0,0,0,0,0.0,1.0,0,1,0,0,0.0,0.0,0.0,0.0,0.0,0.0,0.0,0.0,0,0,0.0,0.0,0,0,0.0,0.0,0.0,0.0,0.0,0.0,0.0,0,0,0.0,0.0,0,0,2.0,0.0,0.0,7600.596229018326,9352.583902159997,1495.5104596557753,182.91372905440807,41.242830265206194,620.0983354377961,0.20149361115848957,5184.327965900225,24477.27345149174
256039,06003060001,9.0,0.0,1.0,0.0,0.0,1.0,1.0,1.0,0.0,1.0,0,0.0,1.0,1.0,1.0,0.0,0.0,0.0,0.0,1.0,1.0,0.0,1.0,0.0,1.0,1.0,0.0,0.0,0.0,1.0,0.0,0.0,0.0,0.0,0.0,0.0,0.0,0.0,0.0,0.0,0.0,0.0,0.0,0.0,0.0,0.0,0.0,0.0,0.0,0.0,0.0,1,0,0,0,0,0,0,0,1.0,1,0,0,0,0.0,0.0,0.0,0.0,0.0,0,0,0.0,0.0,0,0,0,0,0.0,0.0,0,1,0,0,0.0,0.0,0.0,0.0,0.0,0.0,0.0,0.0,0,0,0.0,0.0,0,0,0.0,0.0,0.0,0.0,0.0,0.0,0.0,0,0,0.0,0.0,0,0,1.0,0.0,0.0,11776.856292756862,8146.889836413916,1297.4946055833545,0.0,0.0,550.4974625077361,0.20149361115848957,4446.512734787291,26218.25093204916
271872,06003044001,12.0,1.0,0.0,1.0,1.0,1.0,0.0,0.0,0.0,1.0,1,1.0,0.0,0.0,1.0,0.0,0.0,0.0,0.0,0.0,0.0,0.0,0.0,1.0,0.0,0.0,0.0,0.0,0.0,0.0,0.0,1.0,0.0,0.0,0.0,1.0,0.0,1.0,0.0,0.0,0.0,0.0,0.0,0.0,0.0,0.0,0.0,0.0,0.0,0.0,0.0,0,0,1,0,0,0,0,0,1.0,1,0,1,0,0.0,0.0,0.0,0.0,0.0,0,0,0.0,0.0,0,0,0,0,0.0,0.0,0,0,0,0,0.0,0.0,0.0,0.0,0.0,0.0,0.0,0.0,0,0,0.0,0.0,1,0,0.0,0.0,1.0,0.0,0.0,0.0,0.0,0,0,0.0,0.0,0,0,2.0,0.0,0.0,15375.207453835132,1981.2542852765,1730.2108757457688,921.5963592878855,207.4781080156532,1459.4125413035583,0.20149361115848957,2770.771436378362,24445.931059842864
210839,06002011001,5.5,1.0,0.0,1.0,0.0,0.0,1.0,0.0,1.0,1.0,1,1.0,0.0,0.0,1.0,0.0,0.0,0.0,0.0,0.0,0.0,0.0,0.0,0.0,0.0,0.0,0.0,0.0,0.0,0.0,0.0,0.0,0.0,0.0,0.0,0.0,0.0,0.0,0.0,0.0,0.0,0.0,0.0,0.0,0.0,0.0,0.0,0.0,0.0,0.0,0.0,0,0,1,0,0,0,0,0,1.0,1,0,0,0,0.0,0.0,0.0,0.0,0.0,0,0,0.0,0.0,0,0,0,0,0.0,0.0,0,0,0,0,0.0,0.0,0.0,0.0,0.0,0.0,0.0,0.0,0,0,0.0,0.0,0,0,0.0,0.0,0.0,0.0,0.0,1.0,0.0,0,0,0.0,0.0,0,0,1.0,0.0,0.0,7097.275604579607,927.2287477822111,789.9808765653682,0.0,0.0,673.6188932469807,0.20149361115848957,861.9185260626805,10350.022648236847
213281,06003017001,3.0,1.0,1.0,1.0,1.0,1.0,1.0,0.0,1.0,1.0,1,1.0,0.0,0.0,1.0,0.0,0.0,0.0,0.0,0.0,0.0,0.0,0.0,0.0,0.0,0.0,0.0,0.0,0.0,0.0,0.0,0.0,0.0,0.0,0.0,0.0,0.0,0.0,0.0,0.0,0.0,0.0,0.0,0.0,0.0,0.0,0.0,0.0,0.0,0.0,0.0,0,0,1,0,0,0,0,0,1.0,1,0,0,0,0.0,0.0,0.0,0.0,0.0,0,0,0.0,0.0,0,0,0,0,0.0,0.0,0,0,0,0,0.0,0.0,0.0,0.0,0.0,0.0,0.0,0.0,0,0,0.0,0.0,0,0,0.0,0.0,0.0,0.0,0.0,1.0,0.0,0,0,0.0,0.0,0,0,1.0,0.0,0.0,3871.241238861604,505.7611351539333,430.8986599447464,0.0,0.0,367.4284872256259,0.20149361115848957,470.1373778523712,5645.466899038281
248087,06002118001,6.7,0.0,1.0,1.0,1.0,1.0,1.0,1.0,0.0,1.0,1,0.0,0.0,1.0,1.0,0.0,0.0,0.0,0.0,1.0,1.0,0.0,1.0,0.0,1.0,1.0,0.0,0.0,1.0,1.0,0.0,1.0,1.0,1.0,0.0,0.0,0.0,0.0,0.0,0.0,0.0,0.0,0.0,0.0,0.0,0.0,0.0,0.0,0.0,0.0,0.0,1,0,0,0,0,0,0,0,2.0,1,1,1,0,0.0,0.0,0.0,0.0,0.0,0,0,0.0,0.0,0,0,0,0,0.0,0.0,0,1,0,0,0.0,0.0,0.0,0.0,0.0,0.0,0.0,0.0,0,0,0.0,0.0,0,1,0.0,0.0,0.0,0.0,0.0,0.0,0.0,0,0,0.0,0.0,0,0,2.0,0.0,0.0,8669.67008775802,3592.6031542420446,964.533014379014,0.0,0.0,608.9829231872387,0.20149361115848957,2436.069967008374,16271.859146574692
259171,06008020001,11.5,1.0,1.0,1.0,1.0,1.0,1.0,1.0,1.0,1.0,1,1.0,0.0,1.0,1.0,0.0,0.0,0.0,0.0,1.0,1.0,0.0,1.0,1.0,1.0,0.0,0.0,0.0,0.0,1.0,0.0,0.0,0.0,1.0,1.0,0.0,0.0,0.0,0.0,0.0,0.0,0.0,0.0,0.0,0.0,0.0,0.0,0.0,0.0,0.0,0.0,1,1,1,0,0,0,0,0,2.0,1,1,0,1,0.0,0.0,0.0,0.0,0.0,0,0,0.0,0.0,1,0,0,0,0.0,0.0,0,0,0,0,0.0,0.0,0.0,0.0,0.0,0.0,0.0,0.0,0,0,0.0,0.0,0,0,0.0,0.0,1.0,0.0,0.0,0.0,0.0,0,0,0.0,0.0,0,0,2.0,0.0,0.0,14791.522137783855,6178.347404308688,1659.29829468104,3987.769875489428,899.0973735091901,1399.1296243913207,0.2668462015647735,5047.815414778553,33962.98012494208
219552,06002023001,19.5,1.0,1.0,1.0,1.0,1.0,1.0,0.0,1.0,1.0,1,1.0,0.0,0.0,1.0,0.0,0.0,0.0,0.0,1.0,1.0,0.0,1.0,0.0,1.0,0.0,0.0,0.0,0.0,0.0,0.0,1.0,0.0,0.0,0.0,1.0,0.0,0.0,1.0,0.0,0.0,0.0,0.0,0.0,0.0,0.0,0.0,0.0,0.0,0.0,0.0,0,0,1,0,0,0,0,0,1.0,1,0,1,0,0.0,0.0,0.0,0.0,0.0,0,0,0.0,0.0,0,0,0,0,0.0,0.0,0,0,0,0,0.0,0.0,0.0,0.0,0.0,0.0,0.0,0.0,0,0,0.0,0.0,1,0,0.0,0.0,0.0,0.0,0.0,1.0,0.0,0,0,0.0,0.0,0,0,2.0,0.0,0.0,25058.12459166642,3238.797933131666,2795.780520225194,0.0,0.0,2385.121905343963,0.20149361115848957,2903.9166846517683,36381.74163501901
220548,06005045001,0.82,0.0,0.0,0.0,0.0,1.0,0.0,1.0,1.0,1.0,0,0.0,0.0,1.0,0.0,1.0,0.0,0.0,0.0,0.0,0.0,0.0,0.0,1.0,0.0,1.0,0.0,1.0,0.0,0.0,0.0,0.0,0.0,1.0,0.0,0.0,0.0,0.0,0.0,0.0,0.0,0.0,0.0,0.0,0.0,0.0,0.0,0.0,0.0,0.0,0.0,1,0,0,0,0,0,0,0,2.0,1,1,0,0,0.0,0.0,0.0,0.0,0.0,0,0,0.0,0.0,0,0,0,0,1.0,1.0,0,0,0,0,0.0,0.0,0.0,0.0,0.0,0.0,0.0,0.0,0,0,0.0,0.0,0,0,0.0,0.0,0.0,0.0,0.0,0.0,0.0,0,0,0.0,0.0,0,0,2.0,0.0,0.0,126.66118485945061,745.2771259026165,117.8479545307952,45.392622897326234,10.248438350339491,57.13609272032761,0.20149361115848957,401.37373217261387,1503.9371514334694
259214,06008041002,8.0,1.0,1.0,1.0,0.0,1.0,0.0,1.0,0.0,0.0,0,1.0,0.0,1.0,1.0,0.0,1.0,0.0,1.0,1.0,1.0,0.0,1.0,1.0,1.0,1.0,0.0,0.0,0.0,1.0,0.0,0.0,0.0,0.0,0.0,0.0,0.0,0.0,0.0,0.0,0.0,0.0,0.0,0.0,1.0,1.0,0.0,0.0,0.0,0.0,0.0,1,1,0,0,0,0,0,0,2.0,1,1,0,1,0.0,0.0,0.0,0.0,0.0,0,0,0.0,0.0,0,0,0,0,0.0,0.0,0,1,0,0,0.0,0.0,0.0,0.0,0.0,0.0,0.0,0.0,0,0,0.0,0.0,0,0,0.0,0.0,0.0,0.0,0.0,0.0,0.0,0,0,0.0,0.0,0,0,1.0,0.0,0.0,10468.316704672767,7241.679854590147,1153.3285382963152,0.0,0.0,489.3310777846544,0.2668462015647735,5234.398259480009,24587.054434823895
225055,06001028001,1.0,1.0,0.0,1.0,1.0,1.0,1.0,1.0,1.0,1.0,1,1.0,0.0,1.0,1.0,0.0,0.0,0.0,0.0,0.0,0.0,0.0,0.0,1.0,0.0,0.0,0.0,1.0,0.0,0.0,0.0,1.0,0.0,1.0,0.0,1.0,0.0,0.0,0.0,0.0,0.0,0.0,0.0,0.0,0.0,0.0,0.0,0.0,0.0,0.0,0.0,1,0,0,0,0,0,0,0,2.0,1,1,1,0,0.0,0.0,0.0,0.0,0.0,0,0,0.0,0.0,0,0,0,0,0.0,1.0,0,1,0,0,0.0,0.0,0.0,0.0,0.0,0.0,0.0,0.0,0,0,0.0,1.0,0,1,0.0,0.0,1.0,0.0,0.0,0.0,0.0,0,0,0.0,0.0,0,0,5.0,0.0,0.0,835.6749031708382,460.04296919600796,143.5376374036187,44.78294120662196,10.089833121994783,95.5305104479399,0.20149361115848957,368.6141335492737,1958.2729280962951
259174,06008020003,1.0,0.0,0.0,0.0,0.0,0.0,1.0,0.0,0.0,1.0,0,0.0,1.0,0.0,1.0,0.0,0.0,0.0,0.0,0.0,0.0,0.0,0.0,0.0,0.0,0.0,0.0,0.0,0.0,0.0,0.0,0.0,0.0,0.0,0.0,0.0,0.0,0.0,0.0,0.0,0.0,0.0,0.0,0.0,0.0,0.0,0.0,0.0,0.0,0.0,0.0,0,0,0,0,0,0,0,0,1.0,1,0,0,0,0.0,0.0,0.0,0.0,0.0,0,0,0.0,0.0,0,0,0,0,0.0,0.0,0,0,0,0,0.0,0.0,0.0,0.0,0.0,0.0,0.0,0.0,0,0,0.0,0.0,0,0,0.0,0.0,0.0,0.0,0.0,0.0,0.0,0,0,0.0,0.0,0,0,1.0,0.0,1.0,604.6783610130227,1255.9312298417424,145.12717311603708,0.0,0.0,58.77699458713794,0.2668462015647735,334.6442799915088,2399.1580385494485
214888,06001035001,1.0,0.0,0.0,0.0,0.0,1.0,1.0,0.0,0.0,1.0,0,1.0,0.0,0.0,1.0,0.0,0.0,0.0,1.0,0.0,0.0,0.0,0.0,0.0,0.0,0.0,0.0,0.0,0.0,0.0,0.0,0.0,0.0,0.0,0.0,0.0,0.0,0.0,1.0,0.0,0.0,0.0,0.0,0.0,0.0,0.0,0.0,0.0,0.0,0.0,0.0,0,0,0,0,0,0,0,0,2.0,1,0,0,0,0.0,0.0,0.0,0.0,0.0,0,0,0.0,0.0,0,0,0,0,0.0,0.0,0,0,0,0,0.0,0.0,0.0,0.0,0.0,0.0,0.0,0.0,0,0,0.0,0.0,0,0,0.0,0.0,0.0,0.0,0.0,0.0,0.0,0,0,0.0,0.0,0,0,1.0,0.0,1.0,604.6783610130227,1255.9312298417424,145.12717311603708,0.0,0.0,58.77699458713794,0.20149361115848957,252.6874433048819,2317.2012018628216
215106,06005233001,0.5,0.0,0.0,0.0,0.0,1.0,0.0,0.0,0.0,0.0,0,0.0,0.0,0.0,0.0,0.0,0.0,0.0,0.0,0.0,0.0,0.0,0.0,0.0,0.0,0.0,0.0,0.0,0.0,0.0,1.0,0.0,0.0,0.0,0.0,0.0,0.0,0.0,0.0,0.0,0.0,0.0,0.0,0.0,0.0,0.0,0.0,0.0,0.0,0.0,0.0,0,0,0,0,0,0,0,0,0.0,0,0,0,0,0.0,0.0,0.0,0.0,0.0,0,0,0.0,0.0,0,0,0,0,0.0,0.0,0,0,0,0,0.0,0.0,0.0,0.0,0.0,0.0,0.0,0.0,0,0,0.0,0.0,0,0,0.0,0.0,0.0,0.0,0.0,0.0,0.0,0,0,0.0,0.0,0,0,1.0,1.0,1.0,302.33918050651135,627.9656149208712,72.56358655801854,0.0,0.0,29.38849729356897,0.20149361115848957,126.34372165244095,1158.6006009314108
227568,06003021001,9.8,1.0,1.0,1.0,0.0,1.0,1.0,0.0,0.0,1.0,1,1.0,0.0,0.0,1.0,0.0,0.0,0.0,0.0,1.0,1.0,0.0,1.0,0.0,1.0,0.0,0.0,0.0,0.0,0.0,0.0,1.0,0.0,0.0,0.0,1.0,0.0,0.0,0.0,0.0,0.0,0.0,0.0,0.0,0.0,0.0,0.0,0.0,0.0,0.0,0.0,0,0,1,0,0,0,0,0,1.0,1,0,1,0,0.0,0.0,0.0,0.0,0.0,0,0,0.0,0.0,0,0,0,0,0.0,0.0,0,0,0,0,0.0,0.0,0.0,0.0,0.0,0.0,0.0,0.0,0,0,0.0,0.0,1,0,0.0,0.0,0.0,0.0,0.0,1.0,0.0,0,0,0.0,0.0,0,0,2.0,0.0,0.0,12593.313897350305,1627.703576650786,1405.0589281131743,0.0,0.0,1198.6766498651714,0.20149361115848957,1459.40428254294,18284.157334522377
229882,06002029001,18.5,1.0,0.0,1.0,0.0,1.0,1.0,0.0,1.0,1.0,1,1.0,0.0,0.0,0.0,0.0,0.0,0.0,0.0,0.0,0.0,0.0,0.0,1.0,0.0,0.0,0.0,0.0,0.0,0.0,0.0,1.0,0.0,0.0,0.0,1.0,0.0,0.0,0.0,0.0,0.0,0.0,0.0,0.0,0.0,0.0,0.0,0.0,0.0,0.0,0.0,0,0,0,0,0,0,0,0,1.0,1,0,1,0,0.0,0.0,0.0,0.0,0.0,0,0,0.0,0.0,0,0,0,0,0.0,0.0,0,0,0,0,0.0,0.0,0.0,0.0,0.0,0.0,0.0,0.0,0,0,0.0,0.0,0,1,0.0,0.0,1.0,0.0,0.0,0.0,0.0,0,0,0.0,0.0,0,0,2.0,0.0,0.0,23701.329513809716,3087.840174339527,2673.332153216213,1420.7943872354901,319.86208319079867,2235.755161738981,0.20149361115848957,5122.633204266089,38561.54667779682
259156,06008033001,28.0,1.0,1.0,1.0,1.0,1.0,1.0,1.0,1.0,0.0,1,1.0,1.0,1.0,1.0,0.0,1.0,0.0,0.0,1.0,1.0,0.0,1.0,1.0,1.0,1.0,0.0,0.0,0.0,0.0,0.0,0.0,0.0,1.0,0.0,0.0,0.0,1.0,0.0,0.0,0.0,0.0,0.0,0.0,0.0,0.0,0.0,0.0,0.0,0.0,0.0,1,0,1,0,0,0,0,0,1.0,0,1,0,0,1.0,0.0,0.0,0.0,0.0,0,0,0.0,0.0,0,0,0,0,0.0,0.0,1,0,0,0,0.0,0.0,0.0,0.0,0.0,0.0,0.0,0.0,0,0,0.0,0.0,0,0,0.0,0.0,0.0,0.0,0.0,0.0,0.0,0,0,0.0,0.0,0,0,2.0,0.0,0.0,36253.52315251783,25271.9979802441,3988.6530304558714,17333.816099268617,3910.120394769424,2540.6867222304613,0.2668462015647735,30136.198490246115,119434.99586973242
214642,06005099001,0.71,0.0,0.0,0.0,0.0,1.0,0.0,1.0,0.0,0.0,0,0.0,0.0,1.0,1.0,0.0,0.0,0.0,0.0,1.0,1.0,0.0,1.0,0.0,1.0,1.0,0.0,1.0,0.0,1.0,0.0,0.0,0.0,1.0,0.0,0.0,0.0,0.0,0.0,0.0,0.0,0.0,0.0,0.0,0.0,0.0,0.0,0.0,0.0,0.0,0.0,1,0,0,0,0,0,0,0,1.0,1,1,0,0,0.0,0.0,0.0,0.0,0.0,0,0,0.0,0.0,0,0,0,0,0.0,1.0,0,0,0,0,0.0,0.0,0.0,0.0,0.0,0.0,0.0,0.0,0,0,0.0,0.0,0,0,0.0,0.0,0.0,0.0,0.0,0.0,0.0,0,0,0.0,0.0,0,0,1.0,0.0,0.0,108.71060834548653,634.2883303154316,101.83678960227905,24.974759159351866,5.631232593903153,41.23913956984948,0.20149361115848957,357.0797154971743,1273.760575083476
214933,06007025001,4.5,0.0,0.0,1.0,0.0,1.0,1.0,1.0,0.0,1.0,0,0.0,0.0,1.0,1.0,0.0,0.0,0.0,0.0,0.0,0.0,0.0,0.0,1.0,0.0,0.0,0.0,1.0,0.0,1.0,0.0,0.0,0.0,1.0,0.0,0.0,0.0,0.0,0.0,0.0,0.0,0.0,0.0,0.0,0.0,0.0,0.0,0.0,0.0,0.0,0.0,1,0,0,0,0,0,0,0,2.0,1,1,0,0,0.0,0.0,0.0,0.0,0.0,0,0,0.0,0.0,0,0,0,0,0.0,1.0,0,0,0,0,0.0,0.0,0.0,0.0,0.0,0.0,0.0,0.0,0,0,0.0,0.0,0,0,0.0,0.0,0.0,0.0,0.0,0.0,0.0,0,0,0.0,0.0,0,0,1.0,0.0,0.0,689.0108979643512,4020.1373048161163,645.4444411412053,158.29072706631464,35.690910806428434,261.37482825960933,0.2668462015647735,2997.2232303491714,8807.172340403196
216719,06004029001,7.25,0.0,0.0,0.0,0.0,0.0,0.0,0.0,0.0,0.0,0,0.0,0.0,0.0,0.0,0.0,0.0,0.0,0.0,0.0,0.0,0.0,0.0,0.0,0.0,0.0,0.0,0.0,0.0,0.0,0.0,0.0,0.0,0.0,0.0,0.0,0.0,0.0,0.0,0.0,0.0,0.0,0.0,0.0,0.0,0.0,0.0,0.0,0.0,0.0,0.0,0,0,0,0,0,0,0,0,0.0,0,0,0,0,0.0,0.0,0.0,0.0,0.0,0,0,0.0,0.0,0,0,0,0,0.0,0.0,0,1,0,0,0.0,0.0,0.0,0.0,0.0,0.0,0.0,0.0,0,0,0.0,0.0,0,0,0.0,0.0,0.0,0.0,0.0,0.0,0.0,0,0,0.0,0.0,0,0,1.0,0.0,0.0,9486.912013609694,6562.772368222321,1045.2039878310354,0.0,0.0,443.456289242343,0.2668462015647735,4743.673422653757,22282.018081559152
213332,06003061001,2.0,1.0,0.0,1.0,1.0,0.0,1.0,0.0,0.0,1.0,0,1.0,0.0,0.0,1.0,0.0,0.0,0.0,0.0,0.0,0.0,0.0,0.0,0.0,0.0,0.0,0.0,1.0,0.0,0.0,0.0,0.0,0.0,0.0,0.0,0.0,0.0,0.0,0.0,0.0,0.0,0.0,0.0,0.0,0.0,0.0,0.0,0.0,0.0,0.0,0.0,0,0,0,0,0,0,0,0,1.0,1,0,0,0,0.0,0.0,0.0,0.0,0.0,0,0,0.0,0.0,0,0,0,0,0.0,0.0,0,0,0,0,0.0,0.0,0.0,0.0,0.0,0.0,0.0,0.0,0,0,0.0,0.0,0,0,0.0,0.0,0.0,0.0,1.0,0.0,0.0,0,0,0.0,0.0,0,0,1.0,0.0,0.0,303.2925678067451,337.9307151445053,287.8003199788543,70.35655218991855,15.86265351431745,234.83446119737636,0.20149361115848957,734.0751571323262,1984.1524269640433
256011,06003008001,1.5,0.0,0.0,1.0,0.0,1.0,0.0,0.0,1.0,1.0,1,1.0,0.0,0.0,1.0,0.0,0.0,0.0,0.0,0.0,0.0,0.0,0.0,0.0,0.0,0.0,0.0,0.0,0.0,0.0,0.0,0.0,0.0,0.0,0.0,0.0,0.0,0.0,0.0,0.0,0.0,0.0,0.0,0.0,0.0,0.0,0.0,0.0,0.0,0.0,0.0,0,0,0,0,0,0,0,0,1.0,1,0,0,0,0.0,0.0,0.0,0.0,0.0,0,0,0.0,0.0,0,0,0,0,0.0,0.0,0,0,0,0,0.0,0.0,0.0,0.0,0.0,0.0,0.0,0.0,0,0,0.0,0.0,0,0,0.0,0.0,0.0,0.0,0.0,0.0,0.0,0,0,0.0,0.0,0,1,1.0,0.0,0.0,1922.5599281581865,253.15948011595233,214.3548519182415,0.0,0.0,90.55902644227307,0.20149361115848957,501.4461632020069,2982.0794498366604
257887,06003081001,5.0,0.0,0.0,0.0,0.0,0.0,1.0,0.0,0.0,0.0,1,0.0,0.0,0.0,0.0,0.0,0.0,0.0,0.0,0.0,0.0,0.0,0.0,0.0,0.0,0.0,0.0,0.0,0.0,0.0,0.0,0.0,0.0,0.0,0.0,0.0,0.0,0.0,0.0,0.0,0.0,0.0,1.0,0.0,0.0,0.0,0.0,0.0,0.0,0.0,0.0,0,0,1,0,0,0,0,0,0.0,0,0,0,0,0.0,0.0,0.0,0.0,0.0,0,0,0.0,0.0,0,0,0,0,0.0,0.0,0,1,0,0,0.0,0.0,0.0,0.0,0.0,0.0,0.0,0.0,0,0,0.0,0.0,0,0,0.0,0.0,0.0,0.0,0.0,0.0,0.0,0,0,0.0,0.0,0,0,1.0,0.0,0.0,6542.6979404204785,4526.049909118842,720.830336435197,0.0,0.0,305.831923615409,0.20149361115848957,2470.2848526596063,14565.694962249534
222443,06003037001,11.0,1.0,0.0,1.0,1.0,1.0,1.0,0.0,0.0,1.0,1,1.0,0.0,0.0,1.0,0.0,0.0,0.0,0.0,0.0,0.0,0.0,0.0,0.0,0.0,0.0,0.0,0.0,0.0,0.0,0.0,0.0,0.0,0.0,0.0,0.0,0.0,0.0,0.0,0.0,0.0,0.0,0.0,0.0,0.0,0.0,0.0,0.0,0.0,0.0,0.0,0,0,1,0,0,0,0,0,1.0,1,0,0,0,0.0,0.0,0.0,0.0,0.0,0,0,0.0,0.0,0,0,0,0,0.0,0.0,0,0,0,0,0.0,0.0,0.0,0.0,0.0,0.0,0.0,0.0,0,0,0.0,0.0,0,0,0.0,0.0,0.0,0.0,0.0,1.0,0.0,0,0,0.0,0.0,0,0,1.0,0.0,0.0,14194.551209159214,1854.4574955644223,1579.9617531307365,0.0,0.0,1347.2377864939615,0.20149361115848957,1723.837052125361,20700.045296473694
255265,06009028001,5.25,1.0,1.0,1.0,1.0,1.0,0.0,0.0,1.0,1.0,1,1.0,0.0,0.0,1.0,0.0,0.0,0.0,0.0,1.0,1.0,0.0,1.0,0.0,1.0,0.0,0.0,0.0,0.0,0.0,0.0,0.0,0.0,0.0,0.0,0.0,0.0,0.0,0.0,0.0,0.0,0.0,0.0,0.0,0.0,0.0,0.0,0.0,0.0,0.0,0.0,0,0,0,0,0,0,0,0,1.0,1,0,0,0,0.0,0.0,0.0,0.0,0.0,0,0,0.0,0.0,0,0,0,0,0.0,0.0,0,0,0,0,0.0,0.0,0.0,0.0,0.0,0.0,0.0,0.0,0,0,0.0,0.0,0,0,0.0,0.0,0.0,0.0,0.0,0.0,1.0,0,0,0.0,0.0,0,0,1.0,0.0,0.0,6722.963150058195,874.1867242079943,749.8478884199058,0.0,0.0,639.3878527969198,0.3343911671348069,2470.2578823896074,11456.643497872623
259220,06008004001,33.0,1.0,0.0,1.0,0.0,0.0,1.0,1.0,0.0,0.0,1,1.0,0.0,1.0,1.0,0.0,0.0,0.0,0.0,0.0,0.0,0.0,0.0,0.0,0.0,0.0,0.0,0.0,0.0,0.0,0.0,0.0,0.0,0.0,0.0,0.0,0.0,0.0,0.0,0.0,0.0,0.0,0.0,0.0,0.0,0.0,0.0,0.0,0.0,0.0,0.0,1,0,1,0,0,0,0,0,0.0,0,0,0,0,0.0,0.0,0.0,0.0,0.0,0,0,0.0,0.0,0,0,0,0,0.0,0.0,1,0,0,0,0.0,0.0,0.0,0.0,0.0,0.0,0.0,0.0,0,0,0.0,0.0,0,0,0.0,0.0,0.0,0.0,0.0,0.0,0.0,0,0,0.0,0.0,0,0,1.0,0.0,0.0,42859.87945626645,29653.328593269107,4688.998846904969,0.0,0.0,1992.1919292399523,0.2668462015647735,17993.657674241567,97188.05649992204
270419,06006009001,18.0,1.0,1.0,1.0,1.0,1.0,0.0,0.0,1.0,0.0,1,1.0,0.0,0.0,1.0,0.0,0.0,1.0,1.0,1.0,1.0,0.0,1.0,1.0,1.0,1.0,0.0,0.0,0.0,0.0,0.0,0.0,0.0,1.0,0.0,0.0,0.0,0.0,0.0,0.0,0.0,0.0,0.0,0.0,0.0,0.0,0.0,0.0,0.0,0.0,0.0,1,0,1,0,0,0,0,0,2.0,1,1,0,0,0.0,0.0,0.0,0.0,0.0,0,0,0.0,0.0,0,0,0,0,0.0,0.0,1,0,0,0,0.0,0.0,0.0,0.0,0.0,0.0,0.0,0.0,0,0,0.0,0.0,0,0,0.0,0.0,1.0,0.0,0.0,0.0,0.0,0,0,0.0,0.0,0,0,2.0,0.0,0.0,23235.016384711107,9586.776637321413,2586.10968058274,1382.3945389318283,311.2171620234798,1633.0783556948372,0.2668462015647735,8729.4494119695,47464.042171234905
259149,06008052001,11.7,1.0,1.0,1.0,1.0,1.0,1.0,1.0,1.0,1.0,1,1.0,0.0,1.0,1.0,0.0,0.0,1.0,0.0,1.0,1.0,0.0,1.0,1.0,1.0,1.0,0.0,0.0,0.0,0.0,0.0,0.0,0.0,0.0,1.0,0.0,0.0,0.0,0.0,0.0,0.0,0.0,0.0,0.0,0.0,0.0,0.0,0.0,0.0,0.0,0.0,1,1,1,0,0,0,0,0,1.0,1,1,0,1,0.0,0.0,0.0,0.0,0.0,0,0,0.0,0.0,1,0,0,0,0.0,0.0,0,0,0,0,0.0,0.0,0.0,0.0,0.0,0.0,0.0,0.0,0,0,0.0,0.0,0,0,0.0,0.0,1.0,0.0,0.0,0.0,0.0,0,0,0.0,0.0,0,0,2.0,0.0,0.0,15048.76600104966,6285.796924383622,1688.1556563276667,4057.1223950631575,914.7338495702194,1423.4623135111694,0.2668462015647735,5135.603508948614,34553.64064885411
248519,06003028001,1.9,0.0,0.0,0.0,1.0,1.0,1.0,0.0,0.0,0.0,0,0.0,0.0,0.0,1.0,0.0,0.0,0.0,0.0,0.0,0.0,0.0,0.0,0.0,0.0,0.0,0.0,0.0,0.0,1.0,0.0,0.0,0.0,1.0,0.0,0.0,0.0,0.0,0.0,0.0,0.0,0.0,0.0,0.0,0.0,0.0,0.0,0.0,0.0,0.0,0.0,1,0,0,0,0,0,0,0,1.0,1,1,0,0,0.0,0.0,0.0,0.0,0.0,0,0,0.0,0.0,0,0,0,0,0.0,0.0,0,0,0,0,0.0,0.0,0.0,0.0,0.0,0.0,0.0,0.0,0,0,0.0,0.0,0,0,0.0,0.0,0.0,0.0,0.0,0.0,0.0,0,0,0.0,0.0,0,0,1.0,0.0,1.0,1148.888885924743,2386.2693366993108,275.7416289204705,0.0,0.0,111.67628971556208,0.20149361115848957,480.10614227927556,4402.682283539361
252657,06002030001,16.0,1.0,0.0,1.0,1.0,0.0,1.0,0.0,0.0,1.0,1,1.0,0.0,0.0,1.0,0.0,0.0,0.0,0.0,0.0,0.0,0.0,0.0,0.0,0.0,0.0,0.0,0.0,0.0,0.0,0.0,0.0,0.0,0.0,0.0,0.0,0.0,0.0,0.0,0.0,0.0,0.0,0.0,0.0,0.0,0.0,0.0,0.0,0.0,0.0,0.0,0,0,1,0,0,0,0,0,1.0,1,0,0,0,0.0,0.0,0.0,0.0,0.0,0,0,0.0,0.0,0,0,0,0,0.0,0.0,0,0,0,0,0.0,0.0,0.0,0.0,0.0,0.0,0.0,0.0,0,0,0.0,0.0,0,0,0.0,0.0,0.0,0.0,0.0,1.0,0.0,0,0,0.0,0.0,0,0,1.0,0.0,0.0,20646.61994059522,2697.392720820978,2298.1261863719806,0.0,0.0,1959.6185985366715,0.20149361115848957,2507.3993485459796,30109.156794870833
259150,06008001001,46.0,1.0,1.0,1.0,1.0,1.0,1.0,0.0,1.0,1.0,1,1.0,1.0,0.0,1.0,0.0,1.0,1.0,0.0,1.0,1.0,0.0,1.0,0.0,1.0,0.0,0.0,0.0,0.0,0.0,0.0,0.0,0.0,0.0,0.0,0.0,0.0,0.0,0.0,0.0,0.0,0.0,0.0,0.0,0.0,0.0,0.0,0.0,0.0,0.0,0.0,0,0,1,0,0,0,0,0,1.0,1,0,0,0,1.0,0.0,0.0,0.0,0.0,0,0,0.0,0.0,0,0,0,0,0.0,0.0,0,0,0,0,0.0,0.0,0.0,0.0,0.0,0.0,0.0,0.0,0,0,0.0,0.0,0,0,0.0,0.0,0.0,0.0,0.0,0.0,0.0,0,0,0.0,0.0,0,0,1.0,0.0,0.0,59374.64453611789,41701.62190464338,6569.394032089204,56953.96718331117,12847.538439956677,5570.9758483015385,0.2668462015647735,73936.86962333773,256955.01156775758
261253,06004003001,12.5,1.0,0.0,0.0,0.0,1.0,1.0,1.0,0.0,0.0,1,1.0,0.0,1.0,0.0,0.0,0.0,0.0,0.0,1.0,1.0,0.0,1.0,0.0,1.0,0.0,0.0,0.0,0.0,0.0,0.0,0.0,0.0,1.0,0.0,0.0,0.0,0.0,0.0,0.0,0.0,0.0,0.0,0.0,0.0,0.0,0.0,0.0,0.0,0.0,0.0,1,0,0,0,0,0,0,0,1.0,0,1,0,0,0.0,0.0,0.0,0.0,0.0,0,0,0.0,0.0,0,0,0,0,0.0,0.0,0,1,0,0,0.0,0.0,0.0,0.0,0.0,0.0,0.0,0.0,0,0,0.0,0.0,0,0,0.0,0.0,0.0,0.0,0.0,0.0,0.0,0,0,0.0,0.0,0,0,1.0,0.0,0.0,16356.744851051199,11315.124772797104,1802.0758410879923,0.0,0.0,764.5798090385225,0.2668462015647735,8178.747280437514,38417.27255441233
270096,06007029001,13.5,1.0,0.0,1.0,1.0,1.0,1.0,0.0,0.0,1.0,1,1.0,0.0,0.0,1.0,0.0,0.0,0.0,0.0,0.0,0.0,1.0,0.0,1.0,0.0,0.0,0.0,0.0,0.0,0.0,0.0,0.0,0.0,0.0,0.0,0.0,0.0,1.0,0.0,0.0,0.0,0.0,0.0,0.0,0.0,0.0,0.0,0.0,0.0,0.0,0.0,0,0,0,0,0,0,0,0,1.0,1,0,0,0,0.0,0.0,0.0,0.0,0.0,0,0,0.0,0.0,0,0,0,0,0.0,0.0,0,0,0,0,0.0,0.0,0.0,0.0,0.0,0.0,0.0,0.0,0,0,0.0,0.0,0,0,0.0,0.0,1.0,0.0,0.0,0.0,0.0,0,0,0.0,0.0,0,0,1.0,0.0,0.0,17318.93752677584,2249.257804190211,1960.937719867532,2073.591808397742,466.8257430352197,1634.6299261259114,0.2668462015647735,5733.132342128154,31437.31287052061
269042,06002081001,33.0,1.0,0.0,0.0,0.0,0.0,1.0,0.0,0.0,1.0,1,1.0,0.0,0.0,1.0,0.0,0.0,0.0,0.0,0.0,0.0,0.0,0.0,0.0,0.0,0.0,0.0,0.0,0.0,0.0,0.0,0.0,0.0,0.0,0.0,0.0,0.0,0.0,0.0,0.0,0.0,0.0,0.0,0.0,0.0,0.0,0.0,0.0,0.0,0.0,0.0,0,0,1,0,0,0,0,0,1.0,1,0,0,0,0.0,0.0,0.0,0.0,0.0,0,0,0.0,0.0,0,0,0,0,0.0,0.0,0,0,0,0,0.0,0.0,0.0,0.0,0.0,0.0,0.0,0.0,0,0,0.0,0.0,0,0,0.0,0.0,0.0,0.0,0.0,1.0,0.0,0,0,0.0,0.0,0,0,1.0,0.0,0.0,42583.653627477644,5563.372486693267,4739.885259392209,0.0,0.0,4041.7133594818847,0.20149361115848957,5171.511156376083,62100.13588942109
259205,06008016003,8.0,1.0,0.0,0.0,0.0,0.0,0.0,0.0,0.0,0.0,0,0.0,0.0,0.0,0.0,1.0,1.0,1.0,0.0,0.0,0.0,0.0,0.0,0.0,0.0,0.0,0.0,0.0,0.0,0.0,0.0,0.0,0.0,0.0,0.0,0.0,0.0,0.0,0.0,0.0,0.0,0.0,0.0,0.0,0.0,0.0,0.0,0.0,0.0,0.0,0.0,0,0,0,0,0,0,0,0,0.0,0,0,0,0,0.0,0.0,0.0,0.0,0.0,0,0,0.0,0.0,0,0,0,0,0.0,0.0,0,1,0,0,0.0,0.0,0.0,0.0,0.0,0.0,0.0,0.0,0,0,0.0,0.0,0,0,0.0,0.0,0.0,0.0,0.0,0.0,0.0,0,0,0.0,0.0,0,0,1.0,0.0,0.0,10468.316704672767,7241.679854590147,1153.3285382963152,0.0,0.0,489.3310777846544,0.2668462015647735,5234.398259480009,24587.054434823895
248796,06009031001,175.0,1.0,1.0,1.0,0.0,0.0,1.0,0.0,0.0,0.0,1,1.0,0.0,0.0,1.0,0.0,1.0,1.0,0.0,0.0,0.0,0.0,0.0,0.0,0.0,0.0,0.0,0.0,0.0,0.0,0.0,0.0,0.0,0.0,0.0,0.0,0.0,0.0,0.0,0.0,0.0,0.0,0.0,0.0,0.0,0.0,0.0,0.0,0.0,0.0,0.0,0,0,1,0,0,0,0,0,0.0,0,0,0,0,0.0,0.0,0.0,0.0,0.0,0,0,0.0,0.0,0,0,0,0,0.0,0.0,1,0,0,0,0.0,0.0,0.0,0.0,0.0,0.0,0.0,0.0,0,0,0.0,0.0,0,0,0.0,0.0,0.0,0.0,0.0,0.0,0.0,0,0,0.0,0.0,0,0,1.0,0.0,0.0,227287.2395408069,157252.50011582102,24865.902976011203,0.0,0.0,10564.654170211868,0.3343911671348069,119574.15887939847,539544.4556822495
259216,06008086001,1.58,0.0,1.0,1.0,1.0,1.0,1.0,0.0,1.0,0.0,0,0.0,0.0,0.0,1.0,0.0,0.0,0.0,0.0,1.0,1.0,0.0,1.0,1.0,1.0,0.0,0.0,1.0,0.0,0.0,0.0,0.0,0.0,0.0,0.0,0.0,0.0,0.0,0.0,0.0,1.0,0.0,0.0,0.0,0.0,0.0,0.0,0.0,0.0,0.0,0.0,0,0,0,0,0,0,0,0,0.0,1,0,0,0,0.0,0.0,0.0,0.0,0.0,0,0,0.0,0.0,0,0,0,0,0.0,0.0,0,0,0,0,0.0,0.0,0.0,0.0,0.0,0.0,0.0,0.0,0,0,0.0,0.0,0,0,0.0,0.0,0.0,0.0,0.0,0.0,0.0,0,0,0.0,1.0,0,0,1.0,0.0,0.0,234.18383020989472,265.45185636705673,227.1127980001771,55.53948324049266,12.547450147694846,91.93481162715729,0.2668462015647735,829.3831283616308,1716.1533579541044
259689,06006002001,2.0,0.0,0.0,1.0,1.0,1.0,1.0,0.0,0.0,1.0,0,0.0,0.0,0.0,1.0,0.0,0.0,0.0,1.0,0.0,0.0,0.0,0.0,0.0,0.0,1.0,0.0,1.0,1.0,1.0,0.0,1.0,1.0,0.0,0.0,0.0,0.0,0.0,0.0,0.0,0.0,0.0,0.0,0.0,0.0,0.0,0.0,0.0,0.0,0.0,0.0,0,0,0,0,0,0,0,0,2.0,1,0,1,0,0.0,0.0,0.0,0.0,0.0,0,0,0.0,0.0,0,0,0,0,0.0,0.0,0,0,0,0,0.0,0.0,0.0,0.0,0.0,0.0,0.0,0.0,0,0,0.0,1.0,0,0,0.0,0.0,0.0,0.0,0.0,0.0,0.0,0,0,0.0,1.0,0,0,2.0,0.0,0.0,302.63311556118987,335.8279632833044,284.8234174861974,70.29116736381243,15.87959157226938,174.8862012567185,0.016940115873269077,57.89702598755358,1242.2384825110457
742794,06008010004,14.0,1.0,1.0,1.0,0.0,0.0,1.0,1.0,0.0,0.0,1,1.0,0.0,1.0,1.0,0.0,0.0,0.0,0.0,0.0,1.0,0.0,0.0,0.0,0.0,0.0,0.0,0.0,0.0,0.0,0.0,0.0,0.0,1.0,0.0,0.0,0.0,0.0,0.0,0.0,0.0,0.0,0.0,0.0,0.0,0.0,0.0,0.0,0.0,0.0,0.0,1,0,1,0,0,0,0,0,1.0,0,1,0,0,0.0,0.0,0.0,0.0,0.0,0,0,0.0,0.0,0,0,0,0,0.0,0.0,1,0,0,0,0.0,0.0,0.0,0.0,0.0,0.0,0.0,0.0,0,0,0.0,0.0,0,0,0.0,0.0,0.0,0.0,0.0,0.0,0.0,0,0,0.0,0.0,0,0,1.0,0.0,0.0,18182.979163264554,12580.200009265682,1989.272238080896,0.0,0.0,845.1723336169495,0.2668462015647735,7633.672952708544,41231.296696936624
266694,06001001001,0.16,0.0,0.0,0.0,0.0,0.0,1.0,0.0,0.0,0.0,0,0.0,0.0,0.0,1.0,0.0,0.0,0.0,0.0,1.0,1.0,0.0,1.0,0.0,1.0,0.0,0.0,1.0,0.0,0.0,1.0,0.0,0.0,0.0,0.0,0.0,1.0,0.0,0.0,0.0,0.0,0.0,0.0,0.0,0.0,0.0,0.0,0.0,0.0,0.0,0.0,0,0,0,0,0,0,0,0,0.0,0,0,0,0,0.0,0.0,0.0,0.0,0.0,0,0,0.0,0.0,0,0,0,0,0.0,0.0,0,0,0,0,0.0,0.0,0.0,0.0,0.0,0.0,0.0,0.0,0,0,0.0,0.0,0,0,0.0,0.0,0.0,0.0,0.0,0.0,0.0,0,0,0.0,0.0,0,0,2.0,1.0,1.0,48.374268881041814,221.79127768973254,22.968410873226333,0.0,0.0,9.333636668879038,0.016940115873269077,3.5795275025153392,306.0471216153951
222130,06000000115,51.0,0.0,0.0,1.0,0.0,0.0,0.0,0.0,0.0,0.0,0,1.0,0.0,0.0,1.0,0.0,0.0,0.0,0.0,0.0,0.0,0.0,0.0,0.0,0.0,0.0,0.0,0.0,0.0,0.0,0.0,0.0,0.0,0.0,0.0,0.0,0.0,0.0,0.0,0.0,0.0,0.0,0.0,0.0,0.0,0.0,0.0,0.0,0.0,0.0,0.0,0,0,0,0,0,0,0,0,0.0,0,0,0,0,0.0,0.0,0.0,0.0,0.0,0,0,0.0,0.0,0,0,0,0,0.0,0.0,1,0,0,0,0.0,0.0,0.0,0.0,0.0,0.0,0.0,0.0,0,0,0.0,0.0,0,0,0.0,0.0,0.0,0.0,0.0,0.0,0.0,0,0,0.0,0.0,0,0,1.0,0.0,0.0,66237.99552332087,45827.87146232499,7246.634581580406,0.0,0.0,3078.8420724617445,0.20149361115848957,20997.903969684558,143389.24760937257
222130,06000000114,100.0,0.0,0.0,1.0,0.0,0.0,0.0,0.0,0.0,0.0,0,1.0,0.0,0.0,1.0,0.0,0.0,0.0,0.0,0.0,0.0,0.0,0.0,0.0,0.0,0.0,0.0,0.0,0.0,0.0,0.0,0.0,0.0,0.0,0.0,0.0,0.0,0.0,0.0,0.0,0.0,0.0,0.0,0.0,0.0,0.0,0.0,0.0,0.0,0.0,0.0,0,0,0,0,0,0,0,0,0.0,0,0,0,0,0.0,0.0,0.0,0.0,0.0,0,0,0.0,0.0,0,0,0,0,0.0,0.0,1,0,0,0,0.0,0.0,0.0,0.0,0.0,0.0,0.0,0.0,0,0,0.0,0.0,0,0,0.0,0.0,0.0,0.0,0.0,0.0,0.0,0,0,0.0,0.0,0,0,1.0,0.0,0.0,129878.42259474682,89858.57149475487,14209.087414863543,0.0,0.0,6036.945240121067,0.20149361115848957,41172.36072487168,281155.3874693579
222130,06000000116,158.0,0.0,0.0,1.0,0.0,0.0,0.0,0.0,0.0,0.0,0,1.0,0.0,0.0,1.0,0.0,0.0,0.0,0.0,0.0,0.0,0.0,0.0,0.0,0.0,0.0,0.0,0.0,0.0,0.0,0.0,0.0,0.0,0.0,0.0,0.0,0.0,0.0,0.0,0.0,0.0,0.0,0.0,0.0,0.0,0.0,0.0,0.0,0.0,0.0,0.0,0,0,0,0,0,0,0,0,0.0,0,0,0,0,0.0,0.0,0.0,0.0,0.0,0,0,0.0,0.0,0,0,0,0,0.0,0.0,1,0,0,0,0.0,0.0,0.0,0.0,0.0,0.0,0.0,0.0,0,0,0.0,0.0,0,0,0.0,0.0,0.0,0.0,0.0,0.0,0.0,0,0,0.0,0.0,0,0,1.0,0.0,0.0,205207.90769969995,141976.5429617127,22450.3581154844,0.0,0.0,9538.373479391286,0.20149361115848957,65052.32994529726,444225.51220158563
222434,06005249003,4.0,1.0,1.0,1.0,1.0,0.0,0.0,1.0,1.0,0.0,1,1.0,0.0,1.0,1.0,0.0,1.0,1.0,0.0,1.0,1.0,0.0,1.0,0.0,1.0,1.0,0.0,0.0,0.0,0.0,0.0,0.0,0.0,1.0,0.0,0.0,0.0,0.0,0.0,0.0,0.0,0.0,1.0,0.0,0.0,0.0,0.0,0.0,0.0,0.0,0.0,1,0,0,0,0,0,0,0,1.0,0,1,0,0,0.0,0.0,0.0,0.0,0.0,0,0,0.0,0.0,0,0,0,0,0.0,0.0,0,1,0,0,0.0,0.0,0.0,0.0,0.0,0.0,0.0,0.0,0,0,0.0,0.0,0,0,0.0,0.0,0.0,0.0,0.0,0.0,0.0,0,0,0.0,0.0,0,0,1.0,0.0,0.0,5234.158352336383,3620.8399272950737,576.6642691481576,0.0,0.0,244.6655388923272,0.20149361115848957,1976.2278821276852,11652.555969799627
259161,06008019001,8.0,1.0,0.0,1.0,1.0,0.0,0.0,1.0,1.0,1.0,1,1.0,1.0,1.0,1.0,0.0,0.0,0.0,0.0,0.0,0.0,0.0,0.0,0.0,0.0,1.0,0.0,0.0,0.0,0.0,0.0,1.0,0.0,1.0,0.0,1.0,0.0,1.0,0.0,0.0,0.0,0.0,1.0,0.0,0.0,0.0,0.0,0.0,1.0,0.0,0.0,1,0,0,0,0,0,0,0,2.0,1,1,1,0,0.0,1.0,0.0,0.0,0.0,0,0,0.0,0.0,0,0,0,0,0.0,0.0,0,1,0,0,0.0,0.0,0.0,0.0,0.0,0.0,0.0,0.0,0,0,0.0,0.0,0,1,0.0,0.0,0.0,0.0,0.0,0.0,0.0,0,0,0.0,0.0,0,0,3.0,0.0,0.0,6901.2299206034,2859.783605366801,767.7874741325484,0.0,0.0,484.7625259201901,0.2668462015647735,2568.1088514272387,13581.672377450179
231693,06004007001,14.0,0.0,0.0,0.0,0.0,0.0,0.0,0.0,0.0,0.0,1,0.0,0.0,0.0,0.0,0.0,0.0,0.0,0.0,0.0,0.0,0.0,0.0,0.0,0.0,0.0,0.0,0.0,0.0,0.0,0.0,0.0,0.0,0.0,0.0,0.0,0.0,0.0,0.0,0.0,0.0,0.0,0.0,0.0,0.0,0.0,0.0,0.0,0.0,0.0,0.0,0,0,1,0,0,0,0,0,0.0,0,0,0,0,0.0,0.0,0.0,0.0,0.0,0,0,0.0,0.0,0,0,0,0,0.0,0.0,0,1,0,0,0.0,0.0,0.0,0.0,0.0,0.0,0.0,0.0,0,0,0.0,0.0,0,0,0.0,0.0,0.0,0.0,0.0,0.0,0.0,0,0,0.0,0.0,0,0,1.0,0.0,0.0,18319.55423317734,12672.939745532758,2018.3249420185514,0.0,0.0,856.3293861231452,0.2668462015647735,9160.196954090015,43027.34526094181
272444,06005062001,8.5,1.0,0.0,1.0,1.0,1.0,0.0,1.0,0.0,0.0,1,1.0,0.0,1.0,1.0,0.0,0.0,0.0,0.0,1.0,1.0,0.0,1.0,0.0,1.0,1.0,0.0,0.0,0.0,0.0,0.0,0.0,0.0,1.0,0.0,0.0,0.0,0.0,0.0,0.0,0.0,0.0,0.0,0.0,0.0,0.0,0.0,0.0,0.0,0.0,0.0,1,0,0,0,0,0,0,0,1.0,0,1,0,0,0.0,0.0,0.0,0.0,0.0,0,0,0.0,0.0,0,0,0,0,0.0,0.0,0,1,0,0,0.0,0.0,0.0,0.0,0.0,0.0,0.0,0.0,0,0,0.0,0.0,0,0,0.0,0.0,0.0,0.0,0.0,0.0,0.0,0,0,0.0,0.0,0,0,1.0,0.0,0.0,11122.586498714814,7694.284845502032,1225.4115719398346,0.0,0.0,519.9142701461953,0.20149361115848957,4199.484249521331,24761.681435824208
259178,06000000105,40.0,0.0,0.0,0.0,0.0,0.0,0.0,0.0,0.0,0.0,0,0.0,0.0,0.0,0.0,0.0,0.0,0.0,0.0,1.0,1.0,0.0,1.0,0.0,1.0,1.0,0.0,0.0,0.0,0.0,0.0,1.0,0.0,0.0,0.0,0.0,0.0,0.0,0.0,1.0,0.0,0.0,0.0,0.0,0.0,0.0,0.0,0.0,0.0,0.0,0.0,0,0,0,0,0,0,0,0,0.0,0,0,1,0,0.0,0.0,0.0,0.0,0.0,0,0,0.0,0.0,0,0,0,0,0.0,0.0,1,0,0,0,0.0,0.0,0.0,0.0,0.0,0.0,0.0,0.0,0,0,0.0,0.0,0,0,0.0,0.0,0.0,0.0,0.0,0.0,0.0,0,0,0.0,0.0,0,0,1.0,0.0,0.0,51951.36903789873,35943.42859790195,5683.634965945417,0.0,0.0,2414.778096048427,0.2668462015647735,21810.494150595838,117803.70484839035
247750,06003027001,4.9,1.0,1.0,1.0,1.0,1.0,1.0,1.0,1.0,0.0,1,1.0,0.0,1.0,1.0,0.0,0.0,0.0,0.0,1.0,1.0,0.0,1.0,1.0,1.0,1.0,0.0,0.0,0.0,0.0,0.0,0.0,0.0,1.0,0.0,0.0,0.0,1.0,0.0,1.0,0.0,0.0,0.0,0.0,0.0,0.0,0.0,0.0,0.0,0.0,0.0,1,0,0,0,0,0,0,0,1.0,0,1,0,0,0.0,0.0,0.0,0.0,0.0,0,0,0.0,0.0,0,0,0,0,0.0,0.0,0,1,0,0,0.0,0.0,0.0,0.0,0.0,0.0,0.0,0.0,0,0,0.0,0.0,0,0,0.0,0.0,0.0,0.0,0.0,0.0,0.0,0,0,0.0,0.0,0,0,1.0,0.0,0.0,6411.843981612069,4435.528910936466,706.4137297064931,0.0,0.0,299.7152851431008,0.20149361115848957,2420.8791556064148,14274.381063004543
259203,06008006002,22.5,1.0,1.0,1.0,1.0,0.0,1.0,0.0,0.0,0.0,1,0.0,0.0,0.0,1.0,0.0,1.0,1.0,0.0,1.0,1.0,0.0,1.0,0.0,1.0,0.0,0.0,0.0,0.0,0.0,1.0,0.0,0.0,0.0,0.0,0.0,0.0,0.0,0.0,0.0,0.0,0.0,0.0,0.0,0.0,0.0,0.0,0.0,0.0,0.0,0.0,0,0,1,0,0,0,0,0,0.0,0,0,0,0,0.0,0.0,0.0,0.0,0.0,0,0,0.0,0.0,0,0,0,0,0.0,0.0,0,0,0,0,0.0,0.0,0.0,0.0,0.0,0.0,0.0,0.0,0,0,0.0,0.0,0,0,0.0,0.0,0.0,0.0,0.0,0.0,0.0,0,0,0.0,0.0,0,0,1.0,1.0,1.0,13605.26312279301,28258.452671439205,3265.3613951108346,0.0,0.0,1322.4823782106037,0.2668462015647735,7529.496299808949,53981.0558673626
259209,06008006006,30.0,1.0,1.0,1.0,1.0,1.0,1.0,1.0,1.0,0.0,1,1.0,0.0,1.0,1.0,0.0,1.0,1.0,0.0,1.0,1.0,0.0,1.0,0.0,1.0,0.0,0.0,0.0,0.0,0.0,0.0,0.0,0.0,1.0,0.0,0.0,0.0,1.0,0.0,0.0,0.0,0.0,1.0,0.0,0.0,0.0,0.0,0.0,0.0,0.0,0.0,1,0,1,0,0,0,0,0,1.0,0,1,0,0,0.0,0.0,0.0,0.0,0.0,0,0,0.0,0.0,0,0,0,0,0.0,0.0,1,0,0,0,0.0,0.0,0.0,0.0,0.0,0.0,0.0,0.0,0,0,0.0,0.0,0,0,0.0,0.0,0.0,0.0,0.0,0.0,0.0,0,0,0.0,0.0,0,0,1.0,0.0,0.0,38963.52677842404,26957.57144842646,4262.726224459062,0.0,0.0,1811.0835720363202,0.2668462015647735,16357.87061294688,88352.77863629277
209801,06001007001,0.18,0.0,0.0,0.0,0.0,0.0,1.0,0.0,0.0,0.0,0,0.0,0.0,0.0,1.0,0.0,0.0,0.0,0.0,1.0,1.0,0.0,1.0,0.0,1.0,0.0,0.0,0.0,0.0,0.0,1.0,0.0,0.0,0.0,0.0,0.0,1.0,0.0,0.0,0.0,0.0,0.0,0.0,0.0,0.0,0.0,0.0,0.0,0.0,0.0,0.0,0,0,0,0,0,0,0,0,0.0,0,0,0,0,0.0,0.0,0.0,0.0,0.0,0,0,0.0,0.0,0,0,0,0,0.0,0.0,0,0,0,0,0.0,0.0,0.0,0.0,0.0,0.0,0.0,0.0,0,0,0.0,0.0,0,0,0.0,0.0,0.0,0.0,0.0,0.0,0.0,0,0,0.0,0.0,0,0,2.0,1.0,1.0,54.42105249117204,249.51518740094912,25.83946223237962,0.0,0.0,10.500341252488917,0.20149361115848957,47.89863417308071,388.1746775500704
273115,06005053001,68.0,1.0,0.0,1.0,0.0,0.0,0.0,0.0,0.0,1.0,1,1.0,1.0,0.0,1.0,0.0,0.0,0.0,0.0,0.0,0.0,0.0,0.0,0.0,0.0,1.0,0.0,0.0,0.0,0.0,0.0,0.0,0.0,0.0,0.0,0.0,0.0,0.0,1.0,0.0,0.0,0.0,0.0,0.0,0.0,0.0,0.0,0.0,0.0,0.0,0.0,0,0,1,0,0,0,0,0,1.0,1,0,0,0,1.0,0.0,0.0,0.0,0.0,0,0,0.0,0.0,0,0,0,0,0.0,0.0,0,0,0,0,0.0,0.0,0.0,0.0,0.0,0.0,0.0,0.0,0,0,0.0,0.0,0,0,0.0,0.0,0.0,0.0,0.0,0.0,0.0,0,0,0.0,0.0,0,0,1.0,0.0,0.0,87771.2136620873,61645.875859038046,9711.278134392738,84192.82105359042,18992.013346022915,8235.355601837056,0.20149361115848957,82530.10457566363,353078.6622326321
254925,06005218001,0.09,1.0,0.0,0.0,0.0,0.0,1.0,0.0,0.0,0.0,0,1.0,0.0,0.0,0.0,0.0,0.0,0.0,0.0,0.0,0.0,0.0,0.0,0.0,0.0,0.0,0.0,0.0,0.0,0.0,0.0,0.0,0.0,0.0,0.0,0.0,1.0,0.0,0.0,0.0,0.0,0.0,0.0,0.0,0.0,0.0,0.0,0.0,0.0,0.0,0.0,0,0,0,0,0,0,0,0,0.0,0,0,0,0,0.0,0.0,0.0,0.0,0.0,0,0,0.0,0.0,0,0,0,0,0.0,0.0,0,0,0,0,0.0,0.0,0.0,0.0,0.0,0.0,0.0,0.0,0,0,0.0,0.0,0,0,0.0,0.0,0.0,0.0,0.0,0.0,0.0,0,0,0.0,0.0,0,0,1.0,0.0,0.0,0.0,136.48137671519225,12.778016651936282,0.0,0.0,5.210411739646503,0.20149361115848957,25.156764275641336,179.62656938241636
247435,06007003001,10.9,1.0,0.0,1.0,1.0,1.0,0.0,0.0,0.0,0.0,1,1.0,0.0,0.0,1.0,0.0,0.0,0.0,0.0,0.0,0.0,0.0,0.0,1.0,0.0,0.0,0.0,0.0,0.0,0.0,0.0,1.0,0.0,0.0,0.0,1.0,0.0,1.0,0.0,0.0,0.0,0.0,0.0,0.0,0.0,0.0,0.0,0.0,0.0,0.0,0.0,0,0,0,0,0,0,0,0,0.0,0,0,1,0,0.0,0.0,0.0,0.0,0.0,0,0,0.0,0.0,0,0,0,0,0.0,0.0,0,0,0,0,0.0,0.0,0.0,0.0,0.0,0.0,0.0,0.0,0,0,0.0,0.0,0,1,0.0,0.0,0.0,0.0,0.0,0.0,0.0,0,0,0.0,0.0,0,0,1.0,0.0,0.0,13945.695790349755,1822.5766850577247,1566.9211670880625,0.0,0.0,1314.7532312171854,0.2668462015647735,3365.277301667328,22015.224175380055
214665,06005347001,1.5,0.0,0.0,1.0,0.0,1.0,0.0,0.0,0.0,1.0,0,0.0,0.0,0.0,1.0,0.0,0.0,0.0,0.0,0.0,0.0,0.0,0.0,1.0,0.0,0.0,0.0,0.0,0.0,0.0,0.0,0.0,0.0,0.0,0.0,0.0,0.0,0.0,0.0,0.0,0.0,0.0,0.0,0.0,0.0,0.0,0.0,0.0,0.0,0.0,0.0,0,0,0,0,0,0,0,0,1.0,1,0,0,0,0.0,0.0,0.0,0.0,0.0,0,0,0.0,0.0,0,0,0,0,0.0,0.0,0,0,0,0,0.0,0.0,0.0,0.0,0.0,0.0,0.0,0.0,0,0,0.0,0.0,0,0,0.0,0.0,0.0,0.0,0.0,0.0,0.0,0,0,0.0,0.0,0,0,1.0,0.0,1.0,907.017541519534,1883.8968447626137,217.69075967405564,0.0,0.0,88.16549188070691,0.2668462015647735,501.9664199872632,3598.7370578241735
212899,06005551001,0.06,0.0,0.0,0.0,0.0,0.0,1.0,0.0,0.0,0.0,0,0.0,0.0,0.0,1.0,0.0,0.0,0.0,0.0,1.0,1.0,0.0,1.0,0.0,1.0,0.0,0.0,0.0,0.0,0.0,1.0,0.0,0.0,0.0,0.0,0.0,1.0,0.0,1.0,0.0,0.0,0.0,0.0,0.0,0.0,0.0,0.0,0.0,0.0,0.0,0.0,0,0,0,0,0,0,0,0,0.0,0,0,0,0,0.0,0.0,0.0,0.0,0.0,0,0,0.0,0.0,0,0,0,0,0.0,0.0,0,0,0,0,0.0,0.0,0.0,0.0,0.0,0.0,0.0,0.0,0,0,0.0,0.0,0,0,0.0,0.0,0.0,0.0,0.0,0.0,0.0,0,0,0.0,0.0,0,0,2.0,1.0,1.0,18.140350830390677,83.17172913364969,8.613154077459873,0.0,0.0,3.500113750829639,0.20149361115848957,15.966211391026901,129.39155918335678
273180,06005367001,2.2,1.0,1.0,1.0,1.0,1.0,0.0,0.0,0.0,1.0,0,1.0,0.0,0.0,1.0,0.0,0.0,0.0,0.0,0.0,0.0,0.0,0.0,1.0,0.0,0.0,0.0,1.0,0.0,0.0,0.0,0.0,0.0,0.0,0.0,0.0,0.0,0.0,0.0,0.0,0.0,0.0,0.0,0.0,0.0,0.0,0.0,0.0,0.0,0.0,0.0,0,0,0,0,0,0,0,0,1.0,1,0,0,0,0.0,0.0,0.0,0.0,0.0,0,0,0.0,0.0,0,0,0,0,0.0,0.0,0,0,0,0,0.0,0.0,0.0,0.0,0.0,0.0,0.0,0.0,0,0,0.0,0.0,0,0,0.0,0.0,0.0,0.0,1.0,0.0,0.0,0,0,0.0,0.0,0,0,1.0,0.0,0.0,333.62182458741967,371.7237866589559,316.58035197673973,77.39220740891041,17.4489188657492,258.317907317114,0.20149361115848957,807.4826728455589,2182.567669660448
214650,06005366001,0.14,0.0,0.0,0.0,0.0,0.0,1.0,0.0,0.0,1.0,0,0.0,0.0,0.0,0.0,0.0,0.0,0.0,0.0,0.0,0.0,0.0,0.0,0.0,0.0,0.0,0.0,0.0,1.0,0.0,0.0,1.0,1.0,0.0,0.0,0.0,0.0,0.0,1.0,0.0,0.0,0.0,0.0,0.0,0.0,0.0,0.0,0.0,0.0,0.0,0.0,0,0,0,0,0,0,0,0,1.0,1,0,1,0,0.0,0.0,0.0,0.0,0.0,0,0,0.0,0.0,0,0,0,0,0.0,0.0,0,0,0,0,0.0,0.0,0.0,0.0,0.0,0.0,0.0,0.0,0,0,0.0,0.0,0,0,0.0,0.0,0.0,0.0,0.0,0.0,0.0,0,0,0.0,0.0,0,0,1.0,0.0,1.0,84.65497054182319,175.83037217784394,20.317804236245195,0.0,0.0,8.228779242199312,0.20149361115848957,35.37624206268347,324.4081682607951
208769,06006005001,4.5,1.0,0.0,1.0,1.0,1.0,0.0,1.0,0.0,0.0,0,1.0,0.0,1.0,1.0,0.0,0.0,0.0,0.0,0.0,0.0,0.0,0.0,1.0,0.0,0.0,0.0,1.0,0.0,0.0,0.0,0.0,0.0,1.0,0.0,0.0,0.0,0.0,1.0,0.0,0.0,0.0,0.0,0.0,0.0,0.0,0.0,0.0,0.0,0.0,0.0,1,0,0,0,0,0,0,0,1.0,0,1,0,0,0.0,0.0,0.0,0.0,0.0,0,0,0.0,0.0,0,0,0,0,0.0,1.0,0,0,0,0,0.0,0.0,0.0,0.0,0.0,0.0,0.0,0.0,0,0,0.0,0.0,0,0,0.0,0.0,0.0,0.0,0.0,0.0,0.0,0,0,0.0,0.0,0,0,1.0,0.0,0.0,689.0108979643512,4020.1373048161163,645.4444411412053,158.29072706631464,35.690910806428434,261.37482825960933,0.2668462015647735,2997.2232303491714,8807.172340403196
253293,06006041001,1.27,0.0,0.0,1.0,0.0,1.0,0.0,0.0,0.0,1.0,0,0.0,0.0,1.0,1.0,0.0,0.0,0.0,0.0,0.0,0.0,0.0,0.0,1.0,0.0,0.0,0.0,0.0,0.0,0.0,0.0,0.0,0.0,1.0,0.0,0.0,0.0,0.0,0.0,0.0,0.0,0.0,0.0,0.0,0.0,0.0,0.0,0.0,0.0,0.0,0.0,1,0,0,0,0,0,0,0,2.0,1,1,0,0,0.0,0.0,0.0,0.0,0.0,0,0,0.0,0.0,0,0,0,0,0.0,0.0,0,0,0,0,0.0,0.0,0.0,0.0,0.0,0.0,0.0,0.0,0,0,0.0,0.0,0,0,0.0,0.0,0.0,0.0,0.0,0.0,0.0,0,0,0.0,0.0,0,0,1.0,0.0,1.0,767.9415184865388,1595.032661899013,184.31150985736713,0.0,0.0,74.64678312566518,0.2668462015647735,424.99823558921616,3046.9307089578
252277,06005693001,0.04,0.0,1.0,0.0,0.0,1.0,1.0,0.0,1.0,1.0,0,0.0,0.0,0.0,0.0,0.0,0.0,0.0,1.0,1.0,1.0,0.0,1.0,1.0,1.0,0.0,0.0,0.0,0.0,0.0,0.0,0.0,0.0,0.0,0.0,0.0,0.0,0.0,1.0,0.0,0.0,0.0,0.0,0.0,0.0,0.0,0.0,0.0,0.0,0.0,0.0,0,0,0,0,0,0,0,0,2.0,1,0,0,0,0.0,0.0,0.0,0.0,0.0,0,0,0.0,0.0,0,0,0,0,0.0,0.0,0,0,0,0,0.0,0.0,0.0,0.0,0.0,0.0,0.0,0.0,0,0,0.0,0.0,0,0,0.0,0.0,0.0,0.0,0.0,0.0,0.0,0,0,0.0,0.0,0,0,1.0,0.0,1.0,24.187134440520907,50.2372491936697,5.805086924641484,0.0,0.0,2.3510797834855177,0.2668462015647735,13.385771199660352,95.96632154197796
226637,06009014002,1.0,1.0,1.0,0.0,0.0,0.0,1.0,0.0,0.0,0.0,0,1.0,0.0,0.0,0.0,0.0,1.0,0.0,0.0,0.0,1.0,0.0,0.0,0.0,0.0,0.0,0.0,0.0,0.0,0.0,0.0,0.0,0.0,0.0,0.0,0.0,0.0,0.0,0.0,0.0,0.0,0.0,0.0,0.0,0.0,0.0,0.0,0.0,0.0,0.0,0.0,0,0,0,0,0,0,0,0,0.0,0,0,0,0,0.0,0.0,0.0,0.0,0.0,0,0,0.0,0.0,0,0,0,0,0.0,0.0,0,0,0,0,0.0,0.0,0.0,0.0,0.0,0.0,0.0,0.0,0,0,0.0,0.0,0,0,0.0,0.0,0.0,0.0,0.0,0.0,0.0,0,0,0.0,0.0,0,0,1.0,0.0,1.0,604.6783610130227,1255.9312298417424,145.12717311603708,0.0,0.0,58.77699458713794,0.3343911671348069,419.35051241186557,2483.864270969805
209847,06007010001,1.138,1.0,0.0,0.0,0.0,0.0,0.0,0.0,0.0,1.0,0,1.0,0.0,0.0,1.0,0.0,0.0,0.0,0.0,0.0,0.0,0.0,0.0,0.0,0.0,0.0,0.0,1.0,0.0,0.0,0.0,0.0,0.0,0.0,0.0,0.0,0.0,0.0,0.0,0.0,0.0,0.0,0.0,0.0,0.0,0.0,0.0,0.0,0.0,0.0,0.0,0,0,0,0,0,0,0,0,1.0,1,0,0,0,0.0,0.0,0.0,0.0,0.0,0,0,0.0,0.0,0,0,0,0,0.0,0.0,0,0,0,0,0.0,0.0,0.0,0.0,0.0,0.0,0.0,0.0,0,0,0.0,0.0,0,0,0.0,0.0,0.0,0.0,1.0,0.0,0.0,0,0,0.0,0.0,0,0,1.0,0.0,0.0,172.57347108203794,192.2825769172235,163.75838206796806,40.03287819606365,9.02584984964663,133.62080842130715,0.2668462015647735,553.1622545141952,1264.456221048442
747519,06005106001,6.0,0.0,0.0,1.0,0.0,1.0,0.0,1.0,0.0,0.0,0,0.0,0.0,1.0,1.0,0.0,0.0,0.0,0.0,1.0,1.0,0.0,1.0,1.0,1.0,1.0,0.0,1.0,0.0,1.0,0.0,0.0,0.0,1.0,0.0,0.0,0.0,0.0,0.0,0.0,0.0,0.0,0.0,0.0,0.0,0.0,0.0,0.0,0.0,0.0,0.0,1,0,0,0,0,0,0,0,1.0,1,1,0,0,0.0,0.0,0.0,0.0,0.0,0,0,0.0,0.0,0,0,0,0,0.0,1.0,0,0,0,0,0.0,0.0,0.0,0.0,0.0,0.0,0.0,0.0,0,0,0.0,0.0,0,0,0.0,0.0,0.0,0.0,0.0,0.0,0.0,0,0,0.0,0.0,0,0,1.0,0.0,0.0,918.6811972858017,5360.183073088156,860.5925881882738,211.0543027550862,47.58788107523792,348.49977101281246,0.20149361115848957,3017.575060539501,10764.173873944868
269543,06002060007,0.04,1.0,0.0,1.0,0.0,1.0,0.0,0.0,1.0,1.0,0,1.0,0.0,0.0,1.0,0.0,0.0,0.0,0.0,1.0,1.0,0.0,1.0,1.0,1.0,1.0,0.0,1.0,0.0,0.0,0.0,0.0,0.0,0.0,1.0,0.0,0.0,0.0,1.0,0.0,0.0,0.0,0.0,0.0,0.0,0.0,0.0,0.0,0.0,0.0,0.0,1,1,0,0,0,0,0,0,1.0,1,1,0,1,0.0,0.0,0.0,0.0,0.0,0,0,0.0,1.0,0,0,0,0,0.0,0.0,0,0,0,0,0.0,0.0,0.0,0.0,0.0,0.0,0.0,0.0,0,0,0.0,0.0,0,0,0.0,0.0,0.0,0.0,0.0,0.0,0.0,0,0,0.0,0.0,0,0,1.0,0.0,0.0,5.942579198208151,35.86082758844873,5.785878720480556,22.938928853904294,5.163776690470056,4.641906916427286,0.20149361115848957,21.232670534850612,101.56656850278969
248169,06003046001,0.083,0.0,0.0,1.0,0.0,0.0,0.0,0.0,0.0,1.0,0,0.0,0.0,0.0,1.0,0.0,0.0,0.0,0.0,1.0,1.0,0.0,1.0,0.0,1.0,0.0,0.0,1.0,0.0,0.0,0.0,0.0,0.0,0.0,0.0,0.0,0.0,0.0,0.0,0.0,0.0,0.0,0.0,0.0,0.0,0.0,0.0,0.0,0.0,0.0,0.0,0,0,0,0,0,0,0,0,1.0,1,0,0,0,0.0,0.0,0.0,0.0,0.0,0,0,0.0,0.0,0,0,0,0,0.0,0.0,0,0,0,0,0.0,0.0,0.0,0.0,0.0,0.0,0.0,0.0,0,0,0.0,0.0,0,0,0.0,0.0,0.0,0.0,0.0,0.0,0.0,0,0,0.0,1.0,0,0,1.0,0.0,0.0,12.302061966722317,13.94462283447197,11.93060900887006,2.9175804487094243,0.6591382039611849,4.829486939907629,0.20149361115848957,32.898527289841326,79.4820266924839
206653,06003005001,1.4,1.0,0.0,0.0,0.0,1.0,0.0,0.0,0.0,0.0,0,1.0,0.0,0.0,1.0,0.0,0.0,0.0,0.0,0.0,0.0,0.0,0.0,1.0,0.0,0.0,0.0,0.0,0.0,0.0,0.0,0.0,0.0,0.0,0.0,0.0,0.0,0.0,0.0,0.0,0.0,0.0,0.0,0.0,0.0,0.0,0.0,0.0,0.0,0.0,0.0,0,0,0,0,0,0,0,0,0.0,0,0,0,0,0.0,0.0,0.0,0.0,0.0,0,0,0.0,0.0,0,0,0,0,0.0,0.0,0,0,0,0,0.0,0.0,0.0,0.0,0.0,0.0,0.0,0.0,0,0,0.0,0.0,0,0,0.0,0.0,0.0,0.0,0.0,0.0,0.0,0,0,0.0,0.0,0,0,1.0,0.0,1.0,846.5497054182316,1758.3037217784392,203.17804236245192,0.0,0.0,82.28779242199312,0.20149361115848957,353.7624206268346,3244.081682607951
256049,06001096001,0.092,0.0,0.0,0.0,0.0,0.0,1.0,0.0,0.0,0.0,0,1.0,0.0,0.0,0.0,0.0,0.0,0.0,0.0,0.0,0.0,0.0,0.0,0.0,0.0,0.0,0.0,0.0,0.0,0.0,1.0,0.0,0.0,0.0,0.0,0.0,0.0,0.0,0.0,0.0,0.0,0.0,0.0,0.0,0.0,0.0,0.0,0.0,0.0,0.0,0.0,0,0,0,0,0,0,0,0,0.0,0,0,0,0,0.0,0.0,0.0,0.0,0.0,0,0,0.0,0.0,0,0,0,0,0.0,0.0,0,0,0,0,0.0,0.0,0.0,0.0,0.0,0.0,0.0,0.0,0,0,0.0,0.0,0,0,0.0,0.0,0.0,0.0,0.0,0.0,0.0,0,0,0.0,0.0,0,0,1.0,1.0,1.0,55.630409213198085,115.5456731454403,13.351699926675412,0.0,0.0,5.4074835020166905,0.20149361115848957,23.247244784049133,213.18251057137965
212776,06001050001,0.04,0.0,0.0,0.0,0.0,0.0,1.0,0.0,0.0,0.0,0,0.0,0.0,0.0,0.0,0.0,0.0,0.0,0.0,0.0,0.0,0.0,0.0,0.0,0.0,0.0,0.0,0.0,0.0,0.0,1.0,0.0,0.0,0.0,0.0,0.0,0.0,0.0,0.0,0.0,0.0,0.0,0.0,0.0,0.0,0.0,0.0,0.0,0.0,0.0,0.0,0,0,0,0,0,0,0,0,0.0,0,0,0,0,0.0,0.0,0.0,0.0,0.0,0,0,0.0,0.0,0,0,0,0,0.0,0.0,0,0,0,0,0.0,0.0,0.0,0.0,0.0,0.0,0.0,0.0,0,0,0.0,0.0,0,0,0.0,0.0,0.0,0.0,0.0,0.0,0.0,0,0,0.0,0.0,0,0,1.0,1.0,1.0,24.187134440520907,50.2372491936697,5.805086924641484,0.0,0.0,2.3510797834855177,0.20149361115848957,10.107497732195275,92.68804807451288
230429,06006012001,0.08,0.0,0.0,0.0,0.0,1.0,0.0,0.0,0.0,1.0,0,0.0,0.0,0.0,1.0,0.0,0.0,0.0,1.0,0.0,0.0,0.0,0.0,1.0,0.0,0.0,0.0,0.0,0.0,0.0,0.0,0.0,0.0,0.0,0.0,0.0,0.0,0.0,0.0,0.0,0.0,0.0,0.0,0.0,0.0,0.0,0.0,0.0,0.0,0.0,0.0,0,0,0,0,0,0,0,0,2.0,1,0,0,0,0.0,0.0,0.0,0.0,0.0,0,0,0.0,0.0,0,0,0,0,0.0,0.0,0,0,0,0,0.0,0.0,0.0,0.0,0.0,0.0,0.0,0.0,0,0,0.0,0.0,0,0,0.0,0.0,0.0,0.0,0.0,0.0,0.0,0,0,0.0,0.0,0,0,1.0,0.0,1.0,48.374268881041814,100.4744983873394,11.610173849282967,0.0,0.0,4.702159566971035,0.2668462015647735,26.771542399320705,191.93264308395592
215910,06005014001,0.025,1.0,0.0,0.0,0.0,0.0,0.0,0.0,0.0,1.0,0,1.0,0.0,0.0,1.0,0.0,0.0,0.0,0.0,0.0,0.0,0.0,0.0,0.0,0.0,0.0,0.0,0.0,0.0,0.0,0.0,0.0,0.0,0.0,0.0,0.0,0.0,0.0,1.0,0.0,0.0,0.0,0.0,0.0,0.0,0.0,0.0,0.0,0.0,0.0,0.0,0,0,0,0,0,0,0,0,1.0,1,0,0,0,0.0,0.0,0.0,0.0,0.0,0,0,0.0,0.0,0,0,0,0,0.0,0.0,0,0,0,0,0.0,0.0,0.0,0.0,0.0,0.0,0.0,0.0,0,0,0.0,0.0,0,0,0.0,0.0,0.0,0.0,0.0,0.0,0.0,0,0,0.0,0.0,0,0,1.0,0.0,1.0,15.116959025325567,31.39828074604356,3.6281793279009276,0.0,0.0,1.4694248646784487,0.20149361115848957,6.317186082622047,57.93003004657056
255678,06003040001,13.5,1.0,0.0,1.0,1.0,1.0,0.0,0.0,0.0,0.0,1,1.0,0.0,0.0,1.0,0.0,0.0,0.0,0.0,0.0,0.0,0.0,0.0,1.0,0.0,0.0,0.0,0.0,0.0,0.0,0.0,1.0,0.0,0.0,0.0,1.0,0.0,0.0,0.0,0.0,0.0,0.0,0.0,0.0,0.0,0.0,0.0,0.0,0.0,0.0,0.0,0,0,1,0,0,0,0,0,0.0,0,0,1,0,0.0,0.0,0.0,0.0,0.0,0,0,0.0,0.0,0,0,0,0,0.0,0.0,0,0,0,0,0.0,0.0,0.0,0.0,0.0,0.0,0.0,0.0,0,0,0.0,0.0,1,0,0.0,0.0,0.0,0.0,0.0,0.0,0.0,0,0,0.0,0.0,0,0,1.0,0.0,0.0,17275.27924435321,2208.5643376819144,1932.0367505604477,0.0,0.0,1649.0482918070943,0.20149361115848957,1905.1895168744707,24970.118141277137
227602,06003070001,0.763,1.0,0.0,1.0,0.0,0.0,0.0,0.0,0.0,0.0,0,1.0,0.0,0.0,1.0,0.0,0.0,0.0,0.0,0.0,0.0,0.0,0.0,0.0,0.0,0.0,0.0,0.0,0.0,0.0,1.0,0.0,0.0,0.0,0.0,0.0,1.0,0.0,0.0,1.0,0.0,0.0,0.0,0.0,0.0,0.0,0.0,0.0,0.0,0.0,0.0,0,0,0,0,0,0,0,0,0.0,0,0,0,0,0.0,0.0,0.0,0.0,0.0,0,0,0.0,0.0,0,0,0,0,0.0,0.0,0,0,0,0,0.0,0.0,0.0,0.0,0.0,0.0,0.0,0.0,0,0,0.0,0.0,0,0,0.0,0.0,0.0,0.0,0.0,0.0,0.0,0,0,0.0,0.0,0,0,2.0,1.0,1.0,230.68479472646817,1057.667155482912,109.53060935169806,0.0,0.0,44.50977986471692,0.20149361115848957,203.0369881892254,1645.4293276150206
259173,06008020002,3.0,1.0,1.0,1.0,0.0,0.0,1.0,0.0,1.0,1.0,1,1.0,0.0,0.0,1.0,0.0,0.0,0.0,0.0,0.0,0.0,0.0,0.0,0.0,0.0,0.0,0.0,0.0,0.0,0.0,0.0,0.0,0.0,0.0,0.0,0.0,0.0,0.0,0.0,0.0,0.0,0.0,0.0,0.0,0.0,0.0,0.0,0.0,0.0,0.0,0.0,0,0,1,0,0,0,0,0,1.0,1,0,0,0,0.0,0.0,0.0,0.0,0.0,0,0,0.0,0.0,0,0,0,0,0.0,0.0,0,0,0,0,0.0,0.0,0.0,0.0,0.0,0.0,0.0,0.0,0,0,0.0,0.0,0,0,0.0,0.0,0.0,0.0,0.0,1.0,0.0,0,0,0.0,0.0,0,0,1.0,0.0,0.0,3871.241238861604,505.7611351539333,430.8986599447464,0.0,0.0,367.4284872256259,0.2668462015647735,622.6220909547789,5797.951612140689
241305,06003019001,0.08,1.0,0.0,0.0,0.0,0.0,0.0,0.0,0.0,0.0,0,1.0,0.0,0.0,1.0,0.0,0.0,0.0,0.0,0.0,0.0,0.0,0.0,0.0,0.0,0.0,0.0,0.0,0.0,0.0,0.0,0.0,0.0,0.0,0.0,0.0,1.0,0.0,0.0,0.0,0.0,0.0,0.0,0.0,0.0,0.0,0.0,0.0,0.0,0.0,0.0,0,0,0,0,0,0,0,0,0.0,0,0,0,0,0.0,0.0,0.0,0.0,0.0,0,0,0.0,0.0,0,0,0,0,0.0,0.0,0,0,0,0,0.0,0.0,0.0,0.0,0.0,0.0,0.0,0.0,0,0,0.0,0.0,0,0,0.0,0.0,0.0,0.0,0.0,0.0,0.0,0,0,0.0,0.0,0,0,1.0,0.0,0.0,0.0,121.31677930239313,11.358237023943362,0.0,0.0,4.631477101908003,0.20149361115848957,22.361568245014524,159.66806167325902
259193,06008006001,20.0,1.0,1.0,0.0,1.0,0.0,1.0,1.0,0.0,0.0,1,1.0,0.0,1.0,0.0,0.0,1.0,1.0,0.0,1.0,1.0,0.0,1.0,0.0,1.0,0.0,0.0,0.0,0.0,0.0,1.0,0.0,0.0,0.0,0.0,0.0,0.0,0.0,0.0,0.0,0.0,0.0,0.0,0.0,0.0,0.0,0.0,0.0,0.0,0.0,0.0,1,0,1,0,0,0,0,0,0.0,0,0,0,0,0.0,0.0,0.0,0.0,0.0,0,0,0.0,0.0,0,0,0,0,0.0,0.0,0,0,0,0,0.0,0.0,0.0,0.0,0.0,0.0,0.0,0.0,0,0,0.0,0.0,0,0,0.0,0.0,0.0,0.0,0.0,0.0,0.0,0,0,0.0,0.0,0,0,1.0,1.0,1.0,12093.567220260453,25118.62459683485,2902.5434623207416,0.0,0.0,1175.539891742759,0.2668462015647735,6692.885599830177,47983.16077098897
227893,06003022001,1.0,1.0,0.0,0.0,0.0,1.0,0.0,0.0,0.0,0.0,0,1.0,0.0,0.0,1.0,0.0,0.0,0.0,0.0,0.0,0.0,0.0,0.0,1.0,0.0,0.0,0.0,1.0,0.0,0.0,1.0,0.0,0.0,0.0,0.0,0.0,1.0,0.0,0.0,0.0,0.0,0.0,0.0,0.0,0.0,0.0,0.0,0.0,0.0,0.0,0.0,0,0,0,0,0,0,0,0,0.0,0,0,0,0,0.0,0.0,0.0,0.0,0.0,0,0,0.0,0.0,0,0,0,0,0.0,0.0,0,0,0,0,0.0,0.0,0.0,0.0,0.0,0.0,0.0,0.0,0,0,0.0,0.0,0,0,0.0,0.0,0.0,0.0,0.0,0.0,0.0,0,0,0.0,0.0,0,0,2.0,1.0,1.0,302.33918050651135,1386.1954855608283,143.55256795766456,0.0,0.0,58.33522918049399,0.20149361115848957,266.1035231837817,2156.52598638928
228104,06003072001,0.96,0.0,0.0,0.0,0.0,0.0,0.0,0.0,0.0,0.0,0,0.0,0.0,0.0,0.0,0.0,0.0,0.0,0.0,0.0,0.0,0.0,0.0,0.0,0.0,0.0,0.0,0.0,0.0,0.0,0.0,0.0,0.0,0.0,0.0,0.0,0.0,0.0,0.0,0.0,0.0,0.0,0.0,0.0,0.0,0.0,0.0,0.0,0.0,0.0,0.0,0,0,0,0,0,0,0,0,0.0,0,0,0,0,0.0,0.0,0.0,0.0,0.0,0,0,0.0,0.0,0,0,0,0,0.0,0.0,0,0,0,0,0.0,0.0,0.0,0.0,0.0,0.0,0.0,0.0,0,0,0.0,0.0,0,0,0.0,0.0,0.0,0.0,0.0,0.0,0.0,0,0,0.0,0.0,0,0,1.0,0.0,1.0,580.4912265725017,1205.6939806480727,139.3220861913956,0.0,0.0,56.425914803652425,0.20149361115848957,242.57994557268663,2224.513153788309
229727,06009032001,18.0,1.0,1.0,1.0,1.0,1.0,1.0,0.0,0.0,1.0,1,1.0,0.0,0.0,1.0,0.0,0.0,0.0,0.0,1.0,1.0,0.0,1.0,0.0,1.0,1.0,0.0,0.0,0.0,0.0,0.0,0.0,0.0,0.0,0.0,0.0,0.0,0.0,0.0,0.0,0.0,0.0,0.0,0.0,0.0,0.0,0.0,0.0,0.0,0.0,0.0,0,0,1,0,0,0,0,0,1.0,1,0,0,0,0.0,0.0,0.0,0.0,0.0,0,0,0.0,0.0,0,0,0,0,0.0,0.0,0,0,0,0,0.0,0.0,0.0,0.0,0.0,0.0,0.0,0.0,0,0,0.0,0.0,0,0,0.0,0.0,0.0,0.0,0.0,1.0,0.0,0,0,0.0,0.0,0,0,1.0,0.0,0.0,23227.447433169622,3034.5668109236003,2585.391959668478,0.0,0.0,2204.5709233537555,0.3343911671348069,4681.33313775676,35733.31026487222
256045,06001099001,0.9,0.0,0.0,0.0,0.0,0.0,1.0,0.0,0.0,0.0,0,0.0,0.0,0.0,1.0,0.0,0.0,0.0,0.0,0.0,0.0,0.0,0.0,0.0,0.0,0.0,0.0,0.0,0.0,0.0,1.0,0.0,0.0,0.0,0.0,0.0,1.0,0.0,0.0,0.0,0.0,0.0,0.0,0.0,0.0,0.0,0.0,0.0,0.0,0.0,0.0,0,0,0,0,0,0,0,0,0.0,0,0,0,0,0.0,0.0,0.0,0.0,0.0,0,0,0.0,0.0,0,0,0,0,0.0,0.0,0,0,0,0,0.0,0.0,0.0,0.0,0.0,0.0,0.0,0.0,0,0,0.0,0.0,0,0,0.0,0.0,0.0,0.0,0.0,0.0,0.0,0,0,0.0,0.0,0,0,2.0,1.0,1.0,272.1052624558602,1247.5759370047454,129.19731116189809,0.0,0.0,52.50170626244459,0.20149361115848957,239.49317086540353,1940.8733877503516
222998,06001065001,0.13,0.0,0.0,0.0,0.0,0.0,0.0,0.0,0.0,0.0,0,0.0,0.0,0.0,0.0,0.0,0.0,0.0,0.0,0.0,0.0,0.0,0.0,0.0,0.0,0.0,0.0,0.0,0.0,0.0,0.0,0.0,0.0,0.0,0.0,0.0,1.0,0.0,0.0,0.0,0.0,0.0,0.0,0.0,0.0,0.0,0.0,0.0,0.0,0.0,0.0,0,0,0,0,0,0,0,0,0.0,0,0,0,0,0.0,0.0,0.0,0.0,0.0,0,0,0.0,0.0,0,0,0,0,0.0,0.0,0,0,0,0,0.0,0.0,0.0,0.0,0.0,0.0,0.0,0.0,0,0,0.0,0.0,0,0,0.0,0.0,0.0,0.0,0.0,0.0,0.0,0,0,0.0,0.0,0,0,1.0,0.0,0.0,0.0,197.1397663663888,18.457135163907964,0.0,0.0,7.526150290600505,0.016940115873269077,3.05499651763636,226.17804833853364
226719,06001012001,0.162,1.0,0.0,1.0,0.0,0.0,0.0,0.0,0.0,0.0,0,1.0,0.0,0.0,1.0,0.0,0.0,0.0,0.0,0.0,0.0,0.0,0.0,0.0,0.0,0.0,0.0,0.0,0.0,0.0,1.0,0.0,0.0,0.0,0.0,0.0,0.0,0.0,0.0,0.0,0.0,0.0,0.0,0.0,0.0,0.0,0.0,0.0,0.0,0.0,0.0,0,0,0,0,0,0,0,0,0.0,0,0,0,0,0.0,0.0,0.0,0.0,0.0,0,0,0.0,0.0,0,0,0,0,0.0,0.0,0,0,0,0,0.0,0.0,0.0,0.0,0.0,0.0,0.0,0.0,0,0,0.0,0.0,0,0,0.0,0.0,0.0,0.0,0.0,0.0,0.0,0,0,0.0,0.0,0,0,1.0,1.0,1.0,97.95789448410969,203.4608592343623,23.510602044798013,0.0,0.0,9.521873123116347,0.20149361115848957,40.93536581539087,375.3865947017772
240917,06001016001,0.046,0.0,0.0,0.0,0.0,0.0,1.0,0.0,0.0,0.0,0,0.0,0.0,0.0,0.0,0.0,0.0,0.0,0.0,1.0,1.0,0.0,1.0,0.0,1.0,0.0,0.0,0.0,0.0,0.0,1.0,0.0,0.0,0.0,0.0,0.0,0.0,0.0,0.0,0.0,0.0,0.0,0.0,0.0,0.0,0.0,0.0,0.0,0.0,0.0,0.0,0,0,0,0,0,0,0,0,0.0,0,0,0,0,0.0,0.0,0.0,0.0,0.0,0,0,0.0,0.0,0,0,0,0,0.0,0.0,0,0,0,0,0.0,0.0,0.0,0.0,0.0,0.0,0.0,0.0,0,0,0.0,0.0,0,0,0.0,0.0,0.0,0.0,0.0,0.0,0.0,0,0,0.0,0.0,0,0,1.0,1.0,1.0,27.815204606599043,57.77283657272015,6.675849963337706,0.0,0.0,2.7037417510083452,0.20149361115848957,11.623622392024567,106.59125528568983
248791,06001048001,0.19,0.0,0.0,0.0,0.0,0.0,1.0,0.0,0.0,0.0,0,0.0,0.0,0.0,0.0,0.0,0.0,0.0,0.0,0.0,0.0,0.0,0.0,0.0,0.0,0.0,0.0,0.0,0.0,0.0,1.0,0.0,0.0,0.0,0.0,0.0,0.0,0.0,0.0,0.0,0.0,0.0,0.0,0.0,0.0,0.0,0.0,0.0,0.0,0.0,0.0,0,0,0,0,0,0,0,0,0.0,0,0,0,0,0.0,0.0,0.0,0.0,0.0,0,0,0.0,0.0,0,0,0,0,0.0,0.0,0,0,0,0,0.0,0.0,0.0,0.0,0.0,0.0,0.0,0.0,0,0,0.0,0.0,0,0,0.0,0.0,0.0,0.0,0.0,0.0,0.0,0,0,0.0,0.0,0,0,1.0,1.0,1.0,114.8888885924743,238.62693366993108,27.574162892047045,0.0,0.0,11.16762897155621,0.20149361115848957,48.01061422792756,440.2682283539362
255430,06003035001,0.2,0.0,0.0,0.0,0.0,1.0,0.0,0.0,0.0,0.0,0,0.0,1.0,0.0,0.0,0.0,0.0,0.0,0.0,0.0,0.0,0.0,0.0,1.0,0.0,0.0,0.0,0.0,0.0,0.0,0.0,0.0,0.0,0.0,0.0,0.0,0.0,0.0,0.0,0.0,0.0,0.0,0.0,0.0,0.0,0.0,0.0,0.0,0.0,0.0,0.0,0,0,0,0,0,0,0,0,0.0,0,0,0,0,0.0,0.0,0.0,0.0,0.0,0,0,0.0,0.0,0,0,0,0,0.0,0.0,0,0,0,0,0.0,0.0,0.0,0.0,0.0,0.0,0.0,0.0,0,0,0.0,0.0,0,0,0.0,0.0,0.0,0.0,0.0,0.0,0.0,0,0,0.0,0.0,0,0,1.0,0.0,1.0,120.93567220260454,251.1862459683485,29.02543462320742,0.0,0.0,11.75539891742759,0.20149361115848957,50.53748866097638,463.44024037256446
212455,06003003001,0.006,0.0,0.0,1.0,0.0,1.0,0.0,0.0,0.0,1.0,0,0.0,0.0,0.0,1.0,0.0,0.0,0.0,0.0,0.0,0.0,0.0,0.0,1.0,0.0,0.0,0.0,0.0,0.0,0.0,0.0,0.0,0.0,0.0,0.0,0.0,0.0,0.0,1.0,0.0,0.0,0.0,0.0,0.0,0.0,0.0,0.0,0.0,0.0,0.0,0.0,0,0,0,0,0,0,0,0,1.0,1,0,0,0,0.0,0.0,0.0,0.0,0.0,0,0,0.0,0.0,0,0,0,0,0.0,0.0,0,0,0,0,0.0,0.0,0.0,0.0,0.0,0.0,0.0,0.0,0,0,0.0,0.0,0,0,0.0,0.0,0.0,0.0,0.0,0.0,0.0,0,0,0.0,0.0,0,0,1.0,0.0,1.0,3.6280701660781363,7.535587379050455,0.8707630386962226,0.0,0.0,0.35266196752282764,0.20149361115848957,1.5161246598292912,13.903207211176932
236124,06003049001,3.7,1.0,1.0,1.0,0.0,1.0,0.0,0.0,1.0,1.0,1,1.0,1.0,0.0,1.0,0.0,0.0,0.0,0.0,0.0,1.0,0.0,0.0,1.0,0.0,1.0,0.0,0.0,0.0,0.0,0.0,0.0,0.0,0.0,0.0,0.0,0.0,0.0,0.0,0.0,0.0,0.0,1.0,0.0,0.0,1.0,0.0,0.0,0.0,0.0,0.0,1,1,1,0,0,0,0,0,2.0,1,1,0,1,1.0,0.0,0.0,0.0,0.0,0,0,0.0,0.0,1,0,0,0,0.0,0.0,0,0,0,0,0.0,0.0,0.0,0.0,0.0,0.0,0.0,0.0,0,0,0.0,0.0,0,0,0.0,0.0,1.0,0.0,0.0,0.0,0.0,0,0,0.0,0.0,0,0,3.0,0.0,0.0,4764.60318885535,2443.297711700853,532.0433872557163,2382.3743977734666,537.3128585776213,449.46990957028106,0.20149361115848957,2314.4233510121812,13423.52480474547
266350,06003083001,0.06,0.0,0.0,0.0,0.0,0.0,0.0,0.0,0.0,0.0,0,0.0,0.0,0.0,0.0,0.0,0.0,0.0,0.0,0.0,0.0,0.0,0.0,0.0,0.0,0.0,0.0,0.0,0.0,0.0,1.0,0.0,0.0,0.0,0.0,0.0,0.0,0.0,0.0,0.0,0.0,0.0,0.0,0.0,0.0,0.0,0.0,0.0,0.0,0.0,0.0,0,0,0,0,0,0,0,0,0.0,0,0,0,0,0.0,0.0,0.0,0.0,0.0,0,0,0.0,0.0,0,0,0,0,0.0,0.0,0,0,0,0,0.0,0.0,0.0,0.0,0.0,0.0,0.0,0.0,0,0,0.0,0.0,0,0,0.0,0.0,0.0,0.0,0.0,0.0,0.0,0,0,0.0,0.0,0,0,1.0,1.0,1.0,36.280701660781354,75.35587379050455,8.707630386962226,0.0,0.0,3.5266196752282766,0.20149361115848957,15.161246598292914,139.0320721117693
232259,06007023001,0.1,0.0,0.0,0.0,0.0,0.0,0.0,0.0,0.0,1.0,0,0.0,0.0,0.0,1.0,0.0,0.0,0.0,1.0,0.0,0.0,0.0,0.0,0.0,0.0,1.0,0.0,1.0,0.0,0.0,0.0,0.0,0.0,0.0,0.0,0.0,0.0,0.0,0.0,0.0,0.0,0.0,0.0,0.0,0.0,0.0,0.0,0.0,0.0,0.0,0.0,0,0,0,0,0,0,0,0,2.0,1,0,0,0,0.0,0.0,0.0,0.0,0.0,0,0,0.0,0.0,0,0,0,0,0.0,0.0,0,0,0,0,0.0,0.0,0.0,0.0,0.0,0.0,0.0,0.0,0,0,0.0,0.0,0,0,0.0,0.0,0.0,0.0,0.0,0.0,0.0,0,0,0.0,1.0,0,0,1.0,0.0,0.0,14.82176140568954,16.800750402978277,14.374227721530195,3.515157167119788,0.7941424144110661,5.818658963744132,0.2668462015647735,52.492603060862706,108.6173011363357
274538,06001042001,1.0,0.0,0.0,0.0,0.0,0.0,0.0,0.0,0.0,0.0,0,0.0,0.0,0.0,0.0,0.0,0.0,0.0,0.0,0.0,0.0,0.0,0.0,0.0,0.0,0.0,0.0,0.0,0.0,0.0,1.0,0.0,0.0,0.0,0.0,0.0,0.0,0.0,0.0,0.0,0.0,0.0,0.0,0.0,0.0,0.0,0.0,0.0,0.0,0.0,0.0,0,0,0,0,0,0,0,0,0.0,0,0,0,0,0.0,0.0,0.0,0.0,0.0,0,0,0.0,0.0,0,0,0,0,0.0,0.0,0,0,0,0,0.0,0.0,0.0,0.0,0.0,0.0,0.0,0.0,0,0,0.0,0.0,0,0,0.0,0.0,0.0,0.0,0.0,0.0,0.0,0,0,0.0,0.0,0,0,1.0,1.0,1.0,604.6783610130227,1255.9312298417424,145.12717311603708,0.0,0.0,58.77699458713794,0.016940115873269077,21.244120568854356,2085.7578791267943
848096,06004014001,3.0,0.0,0.0,0.0,0.0,1.0,1.0,0.0,0.0,0.0,0,0.0,0.0,0.0,0.0,0.0,0.0,0.0,0.0,0.0,1.0,0.0,0.0,0.0,0.0,0.0,0.0,0.0,0.0,0.0,0.0,0.0,0.0,0.0,0.0,0.0,0.0,0.0,0.0,0.0,0.0,0.0,0.0,0.0,0.0,0.0,0.0,0.0,0.0,0.0,0.0,0,0,0,0,0,0,0,0,0.0,0,0,0,0,0.0,0.0,0.0,0.0,0.0,0,0,0.0,0.0,0,0,0,0,0.0,0.0,0,0,0,0,0.0,0.0,0.0,0.0,0.0,0.0,0.0,0.0,0,0,0.0,0.0,0,0,0.0,0.0,0.0,0.0,1.0,0.0,0.0,0,0,0.0,0.0,0,0,1.0,0.0,0.0,454.93885171011766,506.89607271675794,431.7004799682814,105.53482828487782,23.793980271476176,352.25169179606456,0.2668462015647735,1458.2484741147503,3333.364378862326
209551,06005265001,0.38,0.0,0.0,0.0,0.0,0.0,1.0,0.0,0.0,0.0,0,0.0,0.0,0.0,0.0,0.0,0.0,0.0,0.0,0.0,0.0,0.0,0.0,0.0,0.0,0.0,0.0,0.0,0.0,0.0,0.0,1.0,0.0,0.0,0.0,1.0,0.0,0.0,1.0,0.0,0.0,0.0,0.0,0.0,0.0,0.0,0.0,0.0,0.0,0.0,0.0,0,0,0,0,0,0,0,0,0.0,0,0,1,0,0.0,0.0,0.0,0.0,0.0,0,0,0.0,0.0,0,0,0,0,0.0,0.0,0,0,0,0,0.0,0.0,0.0,0.0,0.0,0.0,0.0,0.0,0,0,0.0,0.0,0,0,0.0,0.0,0.0,0.0,0.0,0.0,0.0,0,0,0.0,0.0,0,0,1.0,0.0,1.0,229.7777771849486,477.25386733986215,55.14832578409409,0.0,0.0,22.33525794311242,0.20149361115848957,96.02122845585512,880.5364567078724
216428,06003068001,0.15,0.0,0.0,0.0,0.0,1.0,0.0,0.0,0.0,1.0,0,0.0,0.0,0.0,1.0,0.0,0.0,0.0,1.0,0.0,0.0,0.0,0.0,1.0,0.0,0.0,0.0,1.0,0.0,0.0,0.0,0.0,0.0,0.0,0.0,0.0,0.0,0.0,0.0,0.0,0.0,0.0,0.0,0.0,0.0,0.0,0.0,0.0,0.0,0.0,0.0,0,0,0,0,0,0,0,0,2.0,1,0,0,0,0.0,0.0,0.0,0.0,0.0,0,0,0.0,0.0,0,0,0,0,0.0,0.0,0,0,0,0,0.0,0.0,0.0,0.0,0.0,0.0,0.0,0.0,0,0,0.0,0.0,0,0,0.0,0.0,0.0,0.0,0.0,0.0,0.0,0,0,0.0,1.0,0,0,1.0,0.0,0.0,22.232642108534304,25.20112560446741,21.56134158229529,5.272735750679682,1.1912136216165992,8.727988445616196,0.20149361115848957,59.45516980091805,143.64221691412754
273131,06005244001,3.5,0.0,0.0,0.0,1.0,1.0,0.0,0.0,0.0,1.0,0,0.0,0.0,1.0,0.0,0.0,0.0,0.0,0.0,0.0,0.0,0.0,0.0,0.0,0.0,0.0,0.0,0.0,0.0,1.0,0.0,0.0,0.0,1.0,0.0,0.0,0.0,0.0,0.0,0.0,0.0,0.0,0.0,0.0,0.0,0.0,0.0,0.0,0.0,0.0,0.0,1,0,0,0,0,0,0,0,2.0,1,1,0,0,0.0,0.0,0.0,0.0,0.0,0,0,0.0,0.0,0,0,0,0,0.0,0.0,0,0,0,0,0.0,0.0,0.0,0.0,0.0,0.0,0.0,0.0,0,0,0.0,0.0,0,0,0.0,0.0,0.0,0.0,1.0,0.0,0.0,0,0,0.0,0.0,0,0,1.0,0.0,0.0,530.7619936618039,591.3787515028844,503.650559962995,123.12396633235745,27.759643650055537,410.96030709540867,0.20149361115848957,1284.6315249815707,3472.2667471870755
248706,06005227002,12.0,0.0,0.0,1.0,0.0,0.0,0.0,1.0,0.0,0.0,0,0.0,0.0,1.0,1.0,0.0,0.0,0.0,0.0,1.0,1.0,0.0,1.0,0.0,1.0,1.0,0.0,0.0,0.0,1.0,0.0,0.0,0.0,1.0,0.0,0.0,0.0,0.0,0.0,0.0,0.0,0.0,0.0,0.0,0.0,0.0,0.0,0.0,0.0,0.0,0.0,1,0,0,0,0,0,0,0,1.0,1,1,0,0,0.0,0.0,0.0,0.0,0.0,0,0,0.0,0.0,0,0,0,0,0.0,0.0,0,1,0,0,0.0,0.0,0.0,0.0,0.0,0.0,0.0,0.0,0,0,0.0,0.0,0,0,0.0,0.0,0.0,0.0,0.0,0.0,0.0,0,0,0.0,0.0,0,0,1.0,0.0,0.0,15702.47505700915,10862.519781885221,1729.9928074444726,0.0,0.0,733.9966166769816,0.20149361115848957,5928.683646383055,34957.66790939888
273138,06005078001,22.0,0.0,0.0,0.0,1.0,1.0,0.0,0.0,0.0,0.0,0,0.0,0.0,0.0,0.0,0.0,0.0,0.0,0.0,0.0,0.0,0.0,0.0,1.0,0.0,1.0,0.0,0.0,0.0,0.0,0.0,0.0,0.0,0.0,0.0,0.0,0.0,0.0,0.0,0.0,0.0,0.0,0.0,0.0,0.0,0.0,0.0,0.0,0.0,0.0,0.0,0,0,0,0,0,0,0,0,0.0,0,0,0,0,0.0,0.0,0.0,0.0,0.0,0,0,0.0,0.0,0,0,0,0,0.0,0.0,1,0,0,0,0.0,0.0,0.0,0.0,0.0,0.0,0.0,0.0,0,0,0.0,0.0,0,0,0.0,0.0,0.0,0.0,0.0,0.0,0.0,0,0,0.0,0.0,0,0,1.0,0.0,0.0,28573.252970844296,19768.88572884607,3125.999231269979,0.0,0.0,1328.1279528266348,0.2668462015647735,11995.771782827711,64792.037666614684
247782,06005126001,2.5,0.0,0.0,0.0,0.0,1.0,0.0,1.0,0.0,1.0,1,0.0,0.0,1.0,1.0,0.0,0.0,0.0,0.0,0.0,0.0,0.0,0.0,1.0,0.0,0.0,0.0,0.0,0.0,0.0,0.0,0.0,0.0,1.0,0.0,0.0,0.0,0.0,0.0,1.0,0.0,0.0,0.0,0.0,0.0,0.0,0.0,0.0,0.0,0.0,0.0,1,0,0,0,0,0,0,0,2.0,1,1,0,0,0.0,0.0,0.0,0.0,0.0,0,0,0.0,0.0,0,0,0,0,0.0,0.0,0,1,0,0,0.0,0.0,0.0,0.0,0.0,0.0,0.0,0.0,0,0,0.0,0.0,0,0,0.0,0.0,0.0,0.0,0.0,0.0,0.0,0,0,0.0,0.0,0,0,1.0,0.0,0.0,3271.3489702102393,2263.024954559421,360.4151682175985,0.0,0.0,152.9159618077045,0.20149361115848957,1235.1424263298031,7282.847481124767
230693,06001013001,0.121,0.0,0.0,0.0,0.0,0.0,1.0,0.0,0.0,1.0,0,1.0,0.0,0.0,1.0,0.0,0.0,0.0,0.0,0.0,0.0,0.0,0.0,0.0,0.0,0.0,0.0,0.0,0.0,0.0,0.0,0.0,0.0,0.0,0.0,0.0,0.0,0.0,0.0,0.0,0.0,0.0,0.0,0.0,0.0,0.0,0.0,0.0,0.0,0.0,0.0,0,0,0,0,0,0,0,0,1.0,1,0,0,0,0.0,0.0,0.0,0.0,0.0,0,0,0.0,0.0,0,0,0,0,0.0,0.0,0,0,0,0,0.0,0.0,0.0,0.0,0.0,0.0,0.0,0.0,0,0,0.0,0.0,0,0,0.0,0.0,0.0,0.0,0.0,0.0,0.0,0,0,0.0,0.0,0,0,1.0,0.0,1.0,73.16608168257575,151.96767881085083,17.560387947040486,0.0,0.0,7.112016345043691,0.20149361115848957,30.57518063989071,280.38134542540143
734616,06004020001,0.5,0.0,0.0,0.0,0.0,0.0,0.0,0.0,0.0,0.0,0,0.0,0.0,0.0,0.0,0.0,0.0,0.0,0.0,0.0,0.0,0.0,0.0,0.0,0.0,0.0,0.0,0.0,0.0,0.0,0.0,0.0,0.0,0.0,0.0,0.0,0.0,0.0,0.0,0.0,0.0,0.0,0.0,0.0,0.0,0.0,0.0,0.0,0.0,0.0,0.0,0,0,0,0,0,0,0,0,0.0,0,0,0,0,0.0,0.0,0.0,0.0,0.0,0,0,0.0,0.0,0,0,0,0,0.0,0.0,0,0,0,0,0.0,0.0,0.0,0.0,0.0,0.0,0.0,0.0,0,0,0.0,0.0,0,0,0.0,0.0,0.0,0.0,0.0,0.0,0.0,0,0,0.0,0.0,0,0,1.0,0.0,1.0,302.33918050651135,627.9656149208712,72.56358655801854,0.0,0.0,29.38849729356897,0.2668462015647735,167.3221399957544,1199.5790192747243
273208,06005010001,25.0,1.0,0.0,1.0,0.0,1.0,0.0,0.0,0.0,0.0,1,1.0,0.0,0.0,1.0,0.0,0.0,0.0,0.0,0.0,0.0,0.0,0.0,1.0,0.0,0.0,0.0,0.0,0.0,0.0,0.0,1.0,0.0,0.0,0.0,1.0,0.0,1.0,0.0,0.0,0.0,0.0,0.0,0.0,0.0,0.0,0.0,0.0,0.0,0.0,0.0,0,0,1,0,0,0,0,0,0.0,0,0,1,0,0.0,0.0,0.0,0.0,0.0,0,0,0.0,0.0,0,0,0,0,0.0,0.0,0,0,0,0,0.0,0.0,0.0,0.0,0.0,0.0,0.0,0.0,0,0,0.0,0.0,1,0,0.0,0.0,0.0,0.0,0.0,0.0,0.0,0,0,0.0,0.0,0,0,1.0,0.0,0.0,31991.257859913352,4089.9339586702117,3577.845834371199,0.0,0.0,3053.793132976101,0.2668462015647735,4672.444680209389,47385.27546614025
248753,06005094001,0.11,0.0,0.0,0.0,0.0,0.0,1.0,0.0,0.0,0.0,0,0.0,0.0,0.0,0.0,0.0,0.0,0.0,0.0,0.0,0.0,0.0,0.0,0.0,0.0,0.0,0.0,0.0,0.0,0.0,1.0,0.0,0.0,0.0,0.0,0.0,0.0,0.0,0.0,0.0,0.0,0.0,0.0,0.0,0.0,0.0,0.0,0.0,0.0,0.0,0.0,0,0,0,0,0,0,0,0,0.0,0,0,0,0,0.0,0.0,0.0,0.0,0.0,0,0,0.0,0.0,0,0,0,0,0.0,0.0,0,0,0,0,0.0,0.0,0.0,0.0,0.0,0.0,0.0,0.0,0,0,0.0,0.0,0,0,0.0,0.0,0.0,0.0,0.0,0.0,0.0,0,0,0.0,0.0,0,0,1.0,1.0,1.0,66.5146197114325,138.15243528259165,15.963989042764082,0.0,0.0,6.465469404585174,0.20149361115848957,27.79561876353701,254.89213220491044
240362,06005026001,4.9,0.0,0.0,0.0,0.0,0.0,0.0,0.0,0.0,0.0,0,0.0,0.0,0.0,0.0,0.0,0.0,0.0,0.0,0.0,0.0,0.0,0.0,0.0,0.0,0.0,0.0,0.0,0.0,0.0,1.0,0.0,0.0,0.0,0.0,0.0,0.0,0.0,0.0,0.0,0.0,0.0,0.0,0.0,0.0,0.0,0.0,0.0,0.0,0.0,0.0,0,0,0,0,0,0,0,0,0.0,0,0,0,0,0.0,0.0,0.0,0.0,0.0,0,0,0.0,0.0,0,0,0,0,0.0,0.0,0,0,0,0,0.0,0.0,0.0,0.0,0.0,0.0,0.0,0.0,0,0,0.0,0.0,0,0,0.0,0.0,0.0,0.0,0.0,0.0,0.0,0,0,0.0,0.0,0,0,1.0,1.0,1.0,2962.9239689638116,6154.063026224539,711.1231482685819,0.0,0.0,288.0072734769759,0.20149361115848957,1238.1684721939214,11354.28588912783
210972,06005271001,0.08,0.0,0.0,0.0,0.0,0.0,0.0,0.0,0.0,0.0,1,0.0,0.0,0.0,1.0,0.0,0.0,0.0,0.0,0.0,0.0,0.0,0.0,0.0,0.0,0.0,0.0,0.0,0.0,0.0,0.0,0.0,0.0,0.0,0.0,0.0,0.0,0.0,1.0,0.0,0.0,0.0,0.0,0.0,0.0,0.0,0.0,0.0,0.0,0.0,0.0,0,0,0,0,0,0,0,0,0.0,0,0,0,0,0.0,0.0,0.0,0.0,0.0,0,0,0.0,0.0,0,0,0,0,0.0,0.0,0,0,0,0,0.0,0.0,0.0,0.0,0.0,0.0,0.0,0.0,0,0,0.0,0.0,0,0,0.0,0.0,0.0,0.0,0.0,0.0,0.0,0,0,0.0,0.0,0,0,1.0,0.0,1.0,48.374268881041814,100.4744983873394,11.610173849282967,0.0,0.0,4.702159566971035,0.20149361115848957,20.21499546439055,185.37609614902576
209949,06001038001,0.355,0.0,0.0,0.0,0.0,1.0,1.0,0.0,0.0,1.0,0,0.0,0.0,0.0,1.0,0.0,0.0,0.0,1.0,1.0,1.0,0.0,1.0,1.0,1.0,0.0,0.0,1.0,0.0,0.0,0.0,0.0,0.0,0.0,0.0,0.0,0.0,0.0,1.0,0.0,0.0,0.0,0.0,0.0,0.0,0.0,0.0,0.0,0.0,0.0,0.0,0,0,0,0,0,0,0,0,2.0,1,0,0,0,0.0,0.0,0.0,0.0,0.0,0,0,0.0,0.0,0,0,0,0,0.0,0.0,0,0,0,0,0.0,0.0,0.0,0.0,0.0,0.0,0.0,0.0,0,0,0.0,0.0,0,0,0.0,0.0,0.0,0.0,0.0,0.0,0.0,0,0,0.0,1.0,0,0,1.0,0.0,0.0,52.617252990197855,59.64266393057288,51.028508411432185,12.478807943275246,2.8192055711592845,20.656239321291665,0.20149361115848957,140.7105685288394,339.9532466967685
212858,06003030001,1.0,0.0,0.0,0.0,0.0,0.0,0.0,0.0,0.0,0.0,0,0.0,0.0,0.0,0.0,0.0,0.0,0.0,0.0,0.0,0.0,0.0,0.0,0.0,0.0,0.0,0.0,0.0,0.0,0.0,0.0,0.0,0.0,0.0,0.0,0.0,0.0,0.0,0.0,0.0,0.0,0.0,0.0,0.0,0.0,0.0,0.0,0.0,0.0,0.0,0.0,0,0,0,0,0,0,0,0,0.0,0,0,0,0,0.0,0.0,0.0,0.0,0.0,0,0,0.0,0.0,0,0,0,0,0.0,0.0,0,0,0,0,0.0,0.0,0.0,0.0,0.0,0.0,0.0,0.0,0,0,0.0,0.0,0,0,0.0,0.0,0.0,0.0,0.0,0.0,0.0,0,0,0.0,0.0,0,0,1.0,0.0,1.0,604.6783610130227,1255.9312298417424,145.12717311603708,0.0,0.0,58.77699458713794,0.20149361115848957,252.6874433048819,2317.2012018628216
220618,06005082002,0.065,0.0,0.0,1.0,0.0,1.0,0.0,0.0,1.0,1.0,0,0.0,1.0,0.0,1.0,0.0,0.0,0.0,0.0,0.0,0.0,0.0,0.0,0.0,0.0,1.0,0.0,0.0,0.0,0.0,0.0,0.0,0.0,1.0,0.0,0.0,0.0,0.0,1.0,0.0,0.0,0.0,0.0,0.0,0.0,0.0,0.0,0.0,0.0,0.0,0.0,1,0,0,0,0,0,0,0,2.0,1,1,0,0,0.0,0.0,0.0,0.0,0.0,0,0,0.0,0.0,0,0,0,0,0.0,0.0,0,0,0,0,0.0,0.0,0.0,0.0,0.0,0.0,0.0,0.0,0,0,0.0,0.0,0,0,0.0,0.0,0.0,0.0,0.0,0.0,0.0,0,0,0.0,0.0,0,0,1.0,0.0,1.0,39.30409346584648,81.63552993971327,9.433266252542412,0.0,0.0,3.820504648163966,0.20149361115848957,16.42468381481732,150.61807812108344
273109,06005042003,7.2,1.0,0.0,0.0,1.0,1.0,0.0,0.0,0.0,1.0,1,1.0,0.0,0.0,1.0,0.0,0.0,0.0,0.0,0.0,0.0,0.0,0.0,1.0,0.0,0.0,0.0,0.0,0.0,1.0,0.0,0.0,0.0,0.0,0.0,0.0,0.0,0.0,0.0,0.0,0.0,0.0,0.0,0.0,0.0,0.0,0.0,0.0,0.0,0.0,0.0,0,0,0,0,0,0,0,0,1.0,1,0,0,0,0.0,0.0,0.0,0.0,0.0,0,0,0.0,0.0,0,0,0,0,0.0,0.0,0,0,0,0,0.0,0.0,0.0,0.0,0.0,0.0,0.0,0.0,0,0,0.0,0.0,0,0,0.0,0.0,1.0,0.0,0.0,0.0,0.0,0,0,0.0,0.0,0,0,1.0,0.0,0.0,9236.766680947114,1199.6041622347793,1045.8334505960172,1105.9156311454626,248.97372961878386,871.8026272671528,0.2668462015647735,3057.6705824683486,16766.566864277658
273108,06005246001,1.75,1.0,0.0,0.0,0.0,1.0,0.0,0.0,0.0,0.0,1,1.0,0.0,0.0,0.0,0.0,0.0,0.0,0.0,0.0,0.0,0.0,0.0,1.0,0.0,0.0,0.0,0.0,0.0,0.0,1.0,0.0,0.0,0.0,0.0,0.0,0.0,0.0,0.0,0.0,0.0,0.0,0.0,0.0,0.0,0.0,0.0,0.0,0.0,0.0,0.0,0,0,0,0,0,0,0,0,0.0,0,0,0,0,0.0,0.0,0.0,0.0,0.0,0,0,0.0,0.0,0,0,0,0,0.0,0.0,0,0,0,0,0.0,0.0,0.0,0.0,0.0,0.0,0.0,0.0,0,0,0.0,0.0,0,0,0.0,0.0,0.0,0.0,0.0,0.0,0.0,0,0,0.0,0.0,0,0,1.0,1.0,1.0,1058.1871317727898,2197.879652223049,253.97255295306493,0.0,0.0,102.8597405274914,0.20149361115848957,442.2030257835433,4055.1021032599383
220396,06005235001,1.4,0.0,0.0,0.0,0.0,1.0,0.0,0.0,1.0,0.0,0,0.0,0.0,0.0,0.0,0.0,0.0,0.0,0.0,0.0,0.0,0.0,0.0,1.0,0.0,0.0,0.0,0.0,0.0,1.0,0.0,0.0,0.0,0.0,0.0,0.0,0.0,0.0,0.0,0.0,0.0,0.0,0.0,0.0,0.0,0.0,0.0,0.0,0.0,0.0,0.0,0,0,0,0,0,0,0,0,0.0,1,0,0,0,0.0,0.0,0.0,0.0,0.0,0,0,0.0,0.0,0,0,0,0,0.0,0.0,0,0,0,0,0.0,0.0,0.0,0.0,0.0,0.0,0.0,0.0,0,0,0.0,0.0,0,0,0.0,0.0,0.0,0.0,0.0,0.0,0.0,0,0,0.0,0.0,0,0,1.0,0.0,1.0,846.5497054182316,1758.3037217784392,203.17804236245192,0.0,0.0,82.28779242199312,0.20149361115848957,353.7624206268346,3244.081682607951
251548,06009015003,1.3,0.0,1.0,1.0,0.0,0.0,1.0,0.0,0.0,1.0,0,0.0,0.0,0.0,1.0,0.0,0.0,0.0,0.0,1.0,1.0,0.0,1.0,0.0,1.0,0.0,0.0,0.0,0.0,0.0,0.0,0.0,0.0,0.0,0.0,0.0,0.0,0.0,0.0,0.0,0.0,0.0,0.0,0.0,0.0,0.0,0.0,0.0,0.0,0.0,0.0,0,0,0,0,0,0,0,0,1.0,1,0,0,0,0.0,0.0,0.0,0.0,0.0,0,0,0.0,0.0,0,0,0,0,0.0,0.0,0,0,0,0,0.0,0.0,0.0,0.0,0.0,0.0,0.0,0.0,0,0,0.0,0.0,0,0,0.0,0.0,0.0,0.0,0.0,0.0,0.0,0,0,0.0,0.0,0,0,1.0,0.0,1.0,786.0818693169294,1632.7105987942653,188.66532505084825,0.0,0.0,76.41009296327933,0.3343911671348069,545.1556661354252,3229.0235522607472
273119,06005056001,0.6,0.0,0.0,0.0,0.0,1.0,0.0,1.0,0.0,0.0,0,0.0,0.0,0.0,0.0,0.0,0.0,0.0,0.0,0.0,0.0,1.0,0.0,1.0,0.0,0.0,0.0,0.0,0.0,0.0,1.0,0.0,0.0,0.0,0.0,0.0,0.0,0.0,0.0,0.0,0.0,0.0,0.0,0.0,0.0,0.0,0.0,0.0,0.0,0.0,0.0,1,0,0,0,0,0,0,0,0.0,0,0,0,0,0.0,0.0,0.0,0.0,0.0,0,0,0.0,0.0,0,0,0,0,0.0,0.0,0,0,0,0,0.0,0.0,0.0,0.0,0.0,0.0,0.0,0.0,0,0,0.0,0.0,0,0,0.0,0.0,0.0,0.0,0.0,0.0,0.0,0,0,0.0,0.0,0,0,1.0,1.0,1.0,362.8070166078136,753.5587379050455,87.07630386962225,0.0,0.0,35.26619675228276,0.20149361115848957,151.61246598292914,1390.320721117693
214640,06005112001,0.55,0.0,0.0,0.0,0.0,0.0,1.0,0.0,0.0,0.0,0,0.0,0.0,0.0,0.0,0.0,0.0,0.0,0.0,0.0,0.0,0.0,0.0,0.0,0.0,0.0,0.0,0.0,0.0,0.0,1.0,0.0,0.0,0.0,0.0,0.0,1.0,0.0,1.0,0.0,0.0,0.0,0.0,0.0,0.0,0.0,0.0,0.0,0.0,0.0,0.0,0,0,0,0,0,0,0,0,0.0,0,0,0,0,0.0,0.0,0.0,0.0,0.0,0,0,0.0,0.0,0,0,0,0,0.0,0.0,0,0,0,0,0.0,0.0,0.0,0.0,0.0,0.0,0.0,0.0,0,0,0.0,0.0,0,0,0.0,0.0,0.0,0.0,0.0,0.0,0.0,0,0,0.0,0.0,0,0,2.0,1.0,1.0,166.28654927858128,762.4075170584556,78.95391237671551,0.0,0.0,32.0843760492717,0.20149361115848957,146.35693775107995,1186.089292514104
233460,06005160001,0.28,0.0,0.0,1.0,0.0,0.0,1.0,0.0,0.0,1.0,0,1.0,0.0,0.0,1.0,0.0,0.0,0.0,0.0,1.0,1.0,0.0,1.0,0.0,1.0,0.0,0.0,1.0,0.0,0.0,0.0,0.0,0.0,0.0,1.0,0.0,0.0,0.0,0.0,0.0,0.0,0.0,0.0,0.0,0.0,0.0,0.0,0.0,0.0,0.0,0.0,1,1,0,0,0,0,0,0,1.0,1,1,0,1,0.0,0.0,0.0,0.0,0.0,0,0,0.0,1.0,0,0,0,0,0.0,0.0,0,0,0,0,0.0,0.0,0.0,0.0,0.0,0.0,0.0,0.0,0,0,0.0,0.0,0,0,0.0,0.0,0.0,0.0,0.0,0.0,0.0,0,0,0.0,0.0,0,0,1.0,0.0,0.0,41.59805438745706,251.0257931191411,40.5011510433639,160.57250197733006,36.146436833290394,32.493348414991004,0.20149361115848957,148.62869374395427,710.9659795195279
234841,06005012001,1.2,0.0,0.0,0.0,0.0,1.0,0.0,0.0,1.0,0.0,0,1.0,0.0,1.0,0.0,0.0,0.0,0.0,1.0,0.0,0.0,0.0,0.0,1.0,0.0,0.0,0.0,1.0,0.0,0.0,0.0,0.0,0.0,0.0,0.0,0.0,0.0,0.0,0.0,0.0,0.0,0.0,0.0,0.0,0.0,0.0,0.0,0.0,0.0,0.0,0.0,0,0,0,0,0,0,0,0,1.0,1,0,0,0,0.0,0.0,0.0,0.0,0.0,0,0,0.0,0.0,0,0,0,0,0.0,0.0,0,0,0,0,0.0,0.0,0.0,0.0,0.0,0.0,0.0,0.0,0,0,0.0,0.0,0,0,0.0,0.0,0.0,0.0,0.0,0.0,0.0,0,0,0.0,1.0,0,0,1.0,0.0,0.0,177.86113686827443,201.60900483573928,172.49073265836233,42.181886005437455,9.529708972932793,69.82390756492957,0.20149361115848957,475.6413584073444,1149.1377353130204
230812,06005108001,1.8,0.0,0.0,0.0,0.0,1.0,0.0,0.0,0.0,1.0,0,0.0,0.0,0.0,0.0,0.0,0.0,0.0,0.0,0.0,0.0,0.0,0.0,1.0,0.0,0.0,0.0,0.0,0.0,1.0,0.0,0.0,0.0,0.0,0.0,0.0,0.0,0.0,0.0,0.0,0.0,0.0,0.0,0.0,0.0,0.0,0.0,0.0,0.0,0.0,0.0,0,0,0,0,0,0,0,0,1.0,1,0,0,0,0.0,0.0,0.0,0.0,0.0,0,0,0.0,0.0,0,0,0,0,0.0,0.0,0,0,0,0,0.0,0.0,0.0,0.0,0.0,0.0,0.0,0.0,0,0,0.0,0.0,0,0,0.0,0.0,0.0,0.0,0.0,0.0,0.0,0,0,0.0,0.0,0,0,1.0,0.0,1.0,1088.4210498234409,2260.676213715137,261.2289116088668,0.0,0.0,105.7985902568483,0.20149361115848957,454.8373979487874,4170.9621633530805
235144,06005169001,0.11,0.0,0.0,0.0,0.0,0.0,0.0,0.0,0.0,0.0,0,0.0,0.0,0.0,0.0,0.0,0.0,0.0,0.0,0.0,0.0,1.0,0.0,0.0,0.0,0.0,0.0,0.0,0.0,0.0,1.0,0.0,0.0,0.0,0.0,0.0,0.0,0.0,1.0,0.0,0.0,0.0,0.0,0.0,0.0,0.0,0.0,0.0,0.0,0.0,0.0,0,0,0,0,0,0,0,0,0.0,0,0,0,0,0.0,0.0,0.0,0.0,0.0,0,0,0.0,0.0,0,0,0,0,0.0,0.0,0,0,0,0,0.0,0.0,0.0,0.0,0.0,0.0,0.0,0.0,0,0,0.0,0.0,0,0,0.0,0.0,0.0,0.0,0.0,0.0,0.0,0,0,0.0,0.0,0,0,1.0,1.0,1.0,66.5146197114325,138.15243528259165,15.963989042764082,0.0,0.0,6.465469404585174,0.20149361115848957,27.79561876353701,254.89213220491044
241869,06005145001,0.55,0.0,0.0,0.0,0.0,0.0,0.0,0.0,0.0,0.0,0,0.0,0.0,0.0,0.0,0.0,0.0,0.0,0.0,0.0,0.0,0.0,0.0,0.0,0.0,0.0,0.0,0.0,0.0,0.0,0.0,0.0,0.0,0.0,0.0,0.0,0.0,0.0,1.0,0.0,0.0,0.0,0.0,0.0,0.0,0.0,0.0,0.0,0.0,0.0,0.0,0,0,0,0,0,0,0,0,0.0,0,0,0,0,0.0,0.0,0.0,0.0,0.0,0,0,0.0,0.0,0,0,0,0,0.0,0.0,0,0,0,0,0.0,0.0,0.0,0.0,0.0,0.0,0.0,0.0,0,0,0.0,0.0,0,0,0.0,0.0,0.0,0.0,0.0,0.0,0.0,0,0,0.0,0.0,0,0,1.0,0.0,1.0,332.57309855716255,690.7621764129584,79.8199452138204,0.0,0.0,32.32734702292587,0.20149361115848957,138.97809381768505,1274.460661024552
273174,06005306001,2.0,0.0,0.0,0.0,0.0,0.0,0.0,0.0,0.0,0.0,0,0.0,0.0,0.0,0.0,0.0,0.0,0.0,0.0,0.0,0.0,0.0,0.0,0.0,0.0,0.0,0.0,0.0,0.0,0.0,1.0,0.0,0.0,0.0,0.0,0.0,1.0,0.0,0.0,0.0,0.0,1.0,0.0,0.0,0.0,0.0,0.0,0.0,0.0,0.0,0.0,0,0,0,0,0,0,0,0,0.0,0,0,0,0,0.0,0.0,0.0,0.0,0.0,0,0,0.0,0.0,0,0,0,0,0.0,0.0,0,0,0,0,0.0,0.0,0.0,0.0,0.0,0.0,0.0,0.0,0,0,0.0,0.0,0,0,0.0,0.0,0.0,0.0,0.0,0.0,0.0,0,0,0.0,0.0,0,0,3.0,1.0,1.0,2681.84573726722,1848.2606474144377,287.46406118020025,0.0,0.0,118.22012715320687,0.2668462015647735,587.4832885707433,5523.273861585809
236378,06004009009,21.0,1.0,0.0,1.0,1.0,0.0,1.0,1.0,0.0,0.0,1,1.0,0.0,1.0,1.0,0.0,0.0,0.0,0.0,1.0,1.0,0.0,1.0,0.0,1.0,0.0,0.0,0.0,0.0,0.0,0.0,0.0,0.0,1.0,0.0,0.0,0.0,0.0,0.0,0.0,0.0,0.0,0.0,0.0,0.0,0.0,0.0,0.0,0.0,0.0,0.0,1,0,1,0,0,0,0,0,1.0,0,1,0,0,0.0,0.0,0.0,0.0,0.0,0,0,0.0,0.0,0,0,0,0,0.0,0.0,1,0,0,0,0.0,0.0,0.0,0.0,0.0,0.0,0.0,0.0,0,0,0.0,0.0,0,0,0.0,0.0,0.0,0.0,0.0,0.0,0.0,0,0,0.0,0.0,0,0,1.0,0.0,0.0,27274.46874489683,18870.300013898523,2983.908357121344,0.0,0.0,1267.758500425424,0.2668462015647735,11450.509429062815,61846.94504540494
247448,06004009010,12.0,1.0,0.0,0.0,0.0,0.0,1.0,0.0,0.0,0.0,1,1.0,0.0,0.0,0.0,0.0,0.0,0.0,0.0,0.0,0.0,0.0,0.0,0.0,0.0,0.0,0.0,0.0,0.0,0.0,0.0,0.0,0.0,0.0,0.0,0.0,1.0,0.0,0.0,0.0,0.0,0.0,0.0,0.0,0.0,0.0,0.0,0.0,0.0,0.0,0.0,0,0,0,0,0,0,0,0,0.0,0,0,0,0,0.0,0.0,0.0,0.0,0.0,0,0,0.0,0.0,0,0,0,0,0.0,0.0,0,0,0,0,0.0,0.0,0.0,0.0,0.0,0.0,0.0,0.0,0,0,0.0,0.0,0,0,0.0,0.0,0.0,0.0,0.0,0.0,0.0,0,0,0.0,0.0,0,0,1.0,0.0,0.0,0.0,18197.516895358967,1703.7355535915042,0.0,0.0,694.7215652862004,0.2668462015647735,4442.150433137073,25038.124447373746
273143,06000000165,7.5,1.0,1.0,1.0,0.0,1.0,0.0,0.0,0.0,0.0,1,1.0,0.0,0.0,1.0,0.0,1.0,1.0,0.0,0.0,0.0,0.0,0.0,1.0,0.0,0.0,0.0,0.0,0.0,0.0,0.0,1.0,0.0,0.0,0.0,1.0,0.0,0.0,0.0,0.0,0.0,0.0,0.0,0.0,0.0,0.0,0.0,0.0,0.0,0.0,0.0,0,0,1,0,0,0,0,0,0.0,0,0,1,0,0.0,0.0,0.0,0.0,0.0,0,0,0.0,0.0,0,0,0,0,0.0,0.0,0,0,0,0,0.0,0.0,0.0,0.0,0.0,0.0,0.0,0.0,0,0,0.0,0.0,1,0,0.0,0.0,0.0,0.0,0.0,0.0,0.0,0,0,0.0,0.0,0,0,1.0,0.0,0.0,9597.377357974005,1226.9801876010636,1073.3537503113598,0.0,0.0,916.1379398928301,0.2668462015647735,1401.7334040628166,14215.582639842076
273120,06005310001,2.5,0.0,0.0,0.0,0.0,0.0,1.0,0.0,0.0,0.0,0,0.0,0.0,0.0,0.0,0.0,0.0,0.0,0.0,0.0,0.0,0.0,0.0,0.0,0.0,0.0,0.0,0.0,0.0,0.0,1.0,0.0,0.0,0.0,0.0,0.0,1.0,0.0,0.0,0.0,0.0,0.0,0.0,0.0,0.0,0.0,0.0,0.0,0.0,0.0,0.0,0,0,0,0,0,0,0,0,0.0,0,0,0,0,0.0,0.0,0.0,0.0,0.0,0,0,0.0,0.0,0,0,0,0,0.0,0.0,0,0,0,0,0.0,0.0,0.0,0.0,0.0,0.0,0.0,0.0,0,0,0.0,0.0,0,0,0.0,0.0,0.0,0.0,0.0,0.0,0.0,0,0,0.0,0.0,0,0,2.0,1.0,1.0,755.8479512662783,3465.4887139020707,358.88141989416135,0.0,0.0,145.838072951235,0.20149361115848957,665.2588079594543,5391.314965973199
273123,06005197001,7.0,1.0,0.0,0.0,1.0,1.0,0.0,1.0,0.0,0.0,1,1.0,0.0,1.0,0.0,0.0,0.0,0.0,0.0,0.0,0.0,0.0,0.0,0.0,0.0,0.0,0.0,0.0,0.0,1.0,0.0,0.0,0.0,1.0,0.0,0.0,0.0,0.0,0.0,0.0,0.0,0.0,0.0,0.0,0.0,0.0,0.0,0.0,0.0,0.0,0.0,1,0,0,0,0,0,0,0,1.0,1,1,0,0,0.0,0.0,0.0,0.0,0.0,0,0,0.0,0.0,0,0,0,0,0.0,0.0,0,1,0,0,0.0,0.0,0.0,0.0,0.0,0.0,0.0,0.0,0,0,0.0,0.0,0,0,0.0,0.0,0.0,0.0,0.0,0.0,0.0,0,0,0.0,0.0,0,0,1.0,0.0,0.0,9159.77711658867,6336.469872766379,1009.1624710092757,0.0,0.0,428.1646930615726,0.20149361115848957,3458.398793723449,20391.972947149345
245602,06005001001,2.45,0.0,1.0,1.0,0.0,1.0,0.0,1.0,0.0,0.0,0,0.0,0.0,1.0,1.0,0.0,0.0,1.0,0.0,1.0,1.0,0.0,1.0,1.0,1.0,1.0,0.0,0.0,0.0,0.0,0.0,0.0,0.0,1.0,0.0,0.0,0.0,0.0,0.0,0.0,0.0,0.0,0.0,0.0,0.0,0.0,0.0,0.0,0.0,0.0,0.0,1,0,0,0,0,0,0,0,1.0,0,1,0,0,0.0,0.0,0.0,0.0,0.0,0,0,0.0,0.0,0,0,0,0,0.0,0.0,0,0,0,0,0.0,0.0,0.0,0.0,0.0,0.0,0.0,0.0,0,0,0.0,0.0,0,0,0.0,0.0,0.0,0.0,1.0,0.0,0.0,0,0,0.0,0.0,0,0,1.0,0.0,0.0,371.5333955632628,413.965126052019,352.5553919740965,86.18677643265022,19.43175055503888,287.6722149667861,0.20149361115848957,899.2420674870997,2430.586723030953
204870,06007021001,2.5,0.0,0.0,1.0,0.0,1.0,0.0,0.0,0.0,1.0,0,0.0,0.0,0.0,0.0,0.0,0.0,0.0,1.0,0.0,1.0,0.0,0.0,1.0,0.0,0.0,0.0,0.0,0.0,0.0,0.0,0.0,0.0,0.0,0.0,0.0,0.0,0.0,0.0,0.0,0.0,0.0,0.0,0.0,0.0,0.0,0.0,0.0,0.0,0.0,0.0,0,0,0,0,0,0,0,0,2.0,1,0,0,0,0.0,0.0,0.0,0.0,0.0,0,0,0.0,0.0,0,0,0,0,0.0,0.0,0,0,0,0,0.0,0.0,0.0,0.0,0.0,0.0,0.0,0.0,0,0,0.0,0.0,0,0,0.0,0.0,0.0,0.0,1.0,0.0,0.0,0,0,0.0,0.0,0,0,1.0,0.0,0.0,379.11570975843136,422.4133939306316,359.7503999735679,87.94569023739818,19.828316892896815,293.54307649672046,0.2668462015647735,1215.207061762292,2777.803649051938
273127,06005022001,1.0,0.0,1.0,0.0,0.0,0.0,1.0,0.0,0.0,0.0,0,1.0,0.0,0.0,1.0,0.0,0.0,0.0,0.0,1.0,1.0,0.0,1.0,0.0,1.0,0.0,0.0,0.0,0.0,0.0,1.0,0.0,0.0,0.0,0.0,0.0,0.0,0.0,0.0,0.0,0.0,0.0,0.0,0.0,0.0,0.0,0.0,0.0,0.0,0.0,0.0,0,0,0,0,0,0,0,0,0.0,0,0,0,0,0.0,0.0,0.0,0.0,0.0,0,0,0.0,0.0,0,0,0,0,0.0,0.0,0,0,0,0,0.0,0.0,0.0,0.0,0.0,0.0,0.0,0.0,0,0,0.0,0.0,0,0,0.0,0.0,0.0,0.0,0.0,0.0,0.0,0,0,0.0,0.0,0,0,1.0,1.0,1.0,604.6783610130227,1255.9312298417424,145.12717311603708,0.0,0.0,58.77699458713794,0.20149361115848957,252.6874433048819,2317.2012018628216
240000,06005319001,0.25,0.0,0.0,0.0,0.0,0.0,0.0,0.0,0.0,0.0,0,0.0,0.0,0.0,0.0,0.0,0.0,0.0,0.0,0.0,0.0,0.0,0.0,0.0,0.0,0.0,0.0,1.0,0.0,0.0,0.0,0.0,0.0,0.0,0.0,0.0,0.0,0.0,1.0,0.0,0.0,0.0,0.0,0.0,0.0,0.0,0.0,0.0,0.0,0.0,0.0,0,0,0,0,0,0,0,0,0.0,0,0,0,0,0.0,0.0,0.0,0.0,0.0,0,0,0.0,0.0,0,0,0,0,0.0,0.0,0,0,0,0,0.0,0.0,0.0,0.0,0.0,0.0,0.0,0.0,0,0,0.0,0.0,0,0,0.0,0.0,0.0,0.0,0.0,0.0,0.0,0,0,0.0,0.0,0,0,1.0,0.0,1.0,151.16959025325568,313.9828074604356,36.28179327900927,0.0,0.0,14.694248646784486,0.016940115873269077,5.311030142213589,521.4394697816986
650554,06004044001,2.55,0.0,0.0,1.0,1.0,1.0,0.0,1.0,1.0,0.0,0,0.0,1.0,1.0,1.0,0.0,0.0,0.0,0.0,0.0,0.0,0.0,0.0,0.0,0.0,1.0,0.0,1.0,0.0,0.0,0.0,0.0,0.0,1.0,0.0,0.0,0.0,0.0,0.0,0.0,0.0,0.0,0.0,0.0,0.0,0.0,0.0,0.0,0.0,0.0,0.0,1,0,0,0,0,0,0,0,1.0,0,1,0,0,0.0,0.0,1.0,0.0,0.0,0,0,0.0,0.0,0,0,0,0,0.0,1.0,0,0,0,0,0.0,0.0,0.0,0.0,0.0,0.0,0.0,0.0,0,0,0.0,0.0,0,0,0.0,0.0,0.0,0.0,0.0,0.0,0.0,0,0,0.0,0.0,0,0,2.0,0.0,0.0,392.30071498749663,2280.7641962336893,368.4433026595807,1269.950564043765,286.93590035084463,222.708454734063,0.2668462015647735,3101.1092436638332,7922.212376673272
239874,06005063001,0.332,0.0,0.0,0.0,0.0,1.0,0.0,0.0,0.0,0.0,0,1.0,0.0,0.0,0.0,0.0,0.0,0.0,0.0,0.0,0.0,0.0,0.0,1.0,0.0,0.0,0.0,0.0,0.0,0.0,1.0,0.0,0.0,0.0,0.0,0.0,0.0,0.0,1.0,0.0,0.0,0.0,0.0,0.0,0.0,0.0,0.0,0.0,0.0,0.0,0.0,0,0,0,0,0,0,0,0,0.0,0,0,0,0,0.0,0.0,0.0,0.0,0.0,0,0,0.0,0.0,0,0,0,0,0.0,0.0,0,0,0,0,0.0,0.0,0.0,0.0,0.0,0.0,0.0,0.0,0,0,0.0,0.0,0,0,0.0,0.0,0.0,0.0,0.0,0.0,0.0,0,0,0.0,0.0,0,0,1.0,1.0,1.0,200.75321585632355,416.9691683074585,48.18222147452432,0.0,0.0,19.513962202929797,0.20149361115848957,83.8922311772208,769.3107990184569
251653,06009058001,0.31,0.0,0.0,0.0,0.0,1.0,0.0,0.0,0.0,1.0,1,1.0,0.0,1.0,0.0,0.0,0.0,0.0,0.0,0.0,0.0,0.0,0.0,1.0,0.0,0.0,0.0,0.0,0.0,0.0,0.0,1.0,0.0,0.0,0.0,1.0,0.0,0.0,0.0,0.0,0.0,0.0,0.0,0.0,0.0,0.0,0.0,0.0,0.0,0.0,0.0,0,0,0,0,0,0,0,0,1.0,1,0,1,0,0.0,0.0,0.0,0.0,0.0,0,0,0.0,0.0,0,0,0,0,0.0,0.0,0,0,0,0,0.0,0.0,0.0,0.0,0.0,0.0,0.0,0.0,0,0,0.0,0.0,0,1,0.0,0.0,0.0,0.0,0.0,0.0,0.0,0,0,0.0,0.0,0,1,2.0,0.0,0.0,396.9748788917171,52.0771878245763,44.43190786934823,0.0,0.0,28.053798252734925,0.3343911671348069,145.96007969517765,667.4978525335542
230555,06003063001,2.69,0.0,0.0,1.0,0.0,0.0,0.0,1.0,0.0,0.0,0,0.0,1.0,1.0,1.0,0.0,0.0,0.0,0.0,0.0,0.0,0.0,0.0,0.0,0.0,0.0,0.0,0.0,0.0,0.0,0.0,0.0,0.0,1.0,0.0,0.0,0.0,0.0,0.0,0.0,0.0,0.0,0.0,0.0,0.0,0.0,0.0,0.0,0.0,0.0,0.0,1,0,0,0,0,0,0,0,1.0,0,1,0,0,0.0,0.0,0.0,0.0,0.0,0,0,0.0,0.0,0,0,0,0,0.0,0.0,0,0,0,0,0.0,0.0,0.0,0.0,0.0,0.0,0.0,0.0,0,0,0.0,0.0,0,0,0.0,0.0,0.0,0.0,1.0,0.0,0.0,0,0,0.0,0.0,0,0,1.0,0.0,0.0,407.92850370007216,454.5168118693596,387.091430371559,94.62956269544044,21.33526897675697,315.85235031047125,0.20149361115848957,987.3310863429787,2668.685014266638
273110,06005177001,3.0,0.0,0.0,0.0,0.0,1.0,0.0,0.0,0.0,1.0,0,0.0,0.0,0.0,0.0,0.0,0.0,0.0,0.0,0.0,0.0,0.0,0.0,1.0,0.0,0.0,0.0,1.0,0.0,0.0,0.0,0.0,0.0,0.0,0.0,0.0,0.0,0.0,0.0,0.0,0.0,0.0,0.0,0.0,0.0,0.0,0.0,0.0,0.0,0.0,0.0,0,0,0,0,0,0,0,0,1.0,1,0,0,0,0.0,0.0,0.0,0.0,0.0,0,0,0.0,0.0,0,0,0,0,0.0,0.0,0,0,0,0,0.0,0.0,0.0,0.0,0.0,0.0,0.0,0.0,0,0,0.0,0.0,0,0,0.0,0.0,0.0,0.0,0.0,0.0,0.0,0,0,0.0,1.0,0,0,1.0,0.0,0.0,444.65284217068614,504.0225120893482,431.22683164590586,105.45471501359364,23.824272432331984,174.55976891232393,0.2668462015647735,1574.7780918258811,3258.5190340900704
257763,06005109001,5.0,1.0,1.0,1.0,1.0,0.0,1.0,1.0,0.0,0.0,0,0.0,0.0,1.0,1.0,0.0,1.0,0.0,0.0,1.0,1.0,0.0,1.0,0.0,1.0,0.0,0.0,1.0,0.0,0.0,0.0,0.0,0.0,1.0,0.0,0.0,0.0,0.0,0.0,0.0,0.0,0.0,0.0,0.0,1.0,0.0,0.0,0.0,0.0,0.0,0.0,1,0,0,0,0,0,0,0,1.0,0,1,0,0,0.0,0.0,0.0,0.0,0.0,0,0,0.0,0.0,0,0,0,0,0.0,1.0,0,0,0,0,0.0,0.0,0.0,0.0,0.0,0.0,0.0,0.0,0,0,0.0,0.0,0,0,0.0,0.0,0.0,0.0,0.0,0.0,0.0,0,0,0.0,0.0,0,0,1.0,0.0,0.0,765.5676644048347,4466.819227573463,717.1604901568948,175.8785856292385,39.65656756269826,290.41647584401034,0.20149361115848957,2514.6458837829173,8970.144894954057
271915,06001003001,0.5,0.0,0.0,0.0,0.0,0.0,1.0,0.0,0.0,1.0,0,1.0,0.0,0.0,1.0,0.0,0.0,0.0,0.0,0.0,0.0,0.0,0.0,0.0,0.0,0.0,0.0,1.0,0.0,0.0,0.0,0.0,0.0,0.0,0.0,0.0,0.0,0.0,0.0,0.0,0.0,0.0,0.0,0.0,0.0,0.0,0.0,0.0,0.0,0.0,0.0,0,0,0,0,0,0,0,0,1.0,1,0,0,0,0.0,0.0,0.0,0.0,0.0,0,0,0.0,0.0,0,0,0,0,0.0,0.0,0,0,0,0,0.0,0.0,0.0,0.0,0.0,0.0,0.0,0.0,0,0,0.0,0.0,0,0,0.0,0.0,0.0,0.0,0.0,0.0,0.0,0,0,0.0,1.0,0,0,1.0,0.0,0.0,74.10880702844769,84.00375201489138,71.87113860765098,17.57578583559894,3.970712072055331,29.093294818720658,0.20149361115848957,198.18389933639352,478.8073897137585
