Place ID,WDID,Order_No,NPDES No.,Agency,Facility Name,County,PDF_File,document_order_no,Comminution,Primary Clarification,Secondary Clarification,Chemical Precipitation,Unspecified Clarification,Screening/Microstrainer,Grit Removal,Unspecified Headworks,Equalization,Flotation,SBR,Oxidation Ditch,Pure Oxygen,Extended Aeration,Stepfeed,Nitrification,Unspecified AS,Facultative Lagoon,Aerated Lagoon,Anaerobic Lagoon,Polishing Lagoon,Stabilization Pond,Evaporation Pond,Unspecified Lagoon,AnO,AO,A2O,MLE,UCT,Four Stage Bardenpho,Five Stage Bardenpho,Denitrification,Unspecified Nutrient Removal,Chemical N Removal,Chemical P Removal,Secondary Filtration,Media Filtration,Biologically Active Filtration,Trickling Filter,Rotating Biological Contactor,Membrane Aerated Biofilm Reactor,Moving Bed Biofilm Reactor,Unspecified FFR,Anaerobic Filter,Denitrification Filter,Nanofiltration,Electrodialysis Reversal,Electrodialysis,Reverse Osmosis,Ultrafiltration,Microfiltration,Membrane Bioreactor,Unspecified Membrane Process,Unspecified Filtration,Wetland,UV-AOP,Coagulation,Flocculation,Ion Exchange,Activated Carbon,Chlorination,Dechlorination,UV Disinfection,Ozonation,Thermal Disinfection,Unspecified Disinfection,Alum Addition,Ferric Chloride Addition,Polymer Addition,Lime Treatment,Reduction,Oxidation,Neutralization,Unspecified Chemical Addition,Thermal Hydrolysis,Anaerobic Digestion,Aerobic Digestion,Unspecified Digestion,Mechanical Dewatering,Centrifuge,Heat Drying,Air Drying,Elutriation,Unspecified Dewatering,Thickening,Biosolids Lagoon,Biosolids Wet Air Oxidation,Lime Stabilization,Land Application,Composting,Biosolids Landfill,Unspecified Disposal,MHI,FBI,Unspecified Incineration,Cogeneration,Heat Recovery,Septic Tank
237195,2 019025001,R2-2022-0025,CA0038008,Livermore City,City of Livermore Water Reclamation Plant,Alameda,LAVWMA - R2-2021-0007.pdf,R2-2021-0007,,OFFSITE,OFFSITE,,,OFFSITE,,,,,,,,,,,OFFSITE,,,,,,,,,,,,,,,,,,,,,,,,,,,,,,,,,,,,,,,,,,,,OFFSITE,PRESENT,,,,,,,,,,,,,,,,,,,,,,,,,,,,,,,,,,,,
237195,2 019025001,R2-2022-0025,CA0038008,Livermore City,City of Livermore Water Reclamation Plant,Alameda,R2-2012-0004.pdf,R2-2012-0004,,,,,,,,,,,,,,,,,,,,,,,,,,,,,,,,,,,,,,,,,,,,,,,,,,,,,,,,,,,,,,OFFSITE,,,,,,,,,,,,,,,,,,,,,,,,,,,,,,,,,,,,
237195,2 019129001,R2-2021-0007,,,City of Livermore Water Reclamation Plant,Alameda,DSRSD - R2-2017-0017.pdf,R2-2017-0017,,,,,,,,,OFFSITE,,,,,,,,,,,,,,,,,,,,,,,,,,,,,,,,,,,,,,,,OFFSITE,,,,,,,,,,,,,OFFSITE,,,,,,,,,,,,,,,,,,,,,,,,,,,,,,,,,,,,
237195,2 019025001,R2-2022-0025,CA0038008,Livermore City,City of Livermore Water Reclamation Plant,Alameda,R2-2012-0006.pdf,R2-2012-0006,,PRESENT,PRESENT,,,PRESENT,PRESENT,,PRESENT,,,,,,,,PRESENT,,,,,,,,,,,,,,,,,,,,PRESENT,,,,,,,,,,,,,,,,,,,,PRESENT,,,,PRESENT,,PRESENT,,,,,PRESENT,,,,,,,,PRESENT,,,PRESENT,,,,,,,,,,,,,OFFSITE,,,,,,
237195,2 019025001,R2-2022-0025,CA0038008,Livermore City,City of Livermore Water Reclamation Plant,Alameda,EBDA - R2-2017-0016.pdf,R2-2017-0016,,,,,,,,,,,,,,,,,,,,,,,,,,,,,,,,,,,,,,,,,,,,,,,,,,,,,,,,,,,,,,,,,,,,,,,,,,,,,,,,,,,,,,,,,,,,,,,,,,
237195,2 019025001,R2-2022-0025,CA0038008,Livermore City,City of Livermore Water Reclamation Plant,Alameda,EBDA - R2-2022-0023.pdf,R2-2022-0023,,,,,,,,,,,,,,,,,PRESENT,,,,,,,,,,,,,,,,,,,,,,,,,,,,,,,,,,,,,,,,,,,,,OFFSITE,,,,,,,,,,,,,,,,,,,,,,,,,,,,,,,,,,,,
237195,2 019025001,R2-2022-0025,CA0038008,Livermore City,City of Livermore Water Reclamation Plant,Alameda,City of Livermore - R2-2022-2025.pdf,R2-2022-0025,,PRESENT,PRESENT,,,PRESENT,PRESENT,,,PRESENT,,,,,,,PRESENT,,,,,PRESENT,,,,,,,,,,,,,,,,,,,,,,,,,,,,,,,,,,,,,,,PRESENT,,,,,,,,,,,,,,,PRESENT,,,,,,,,,PRESENT,PRESENT,,,PRESENT,,,,,,,,,
237195,2 019025001,R2-2022-0025,CA0038008,Livermore City,City of Livermore Water Reclamation Plant,Alameda,R2-2018-0010.pdf,R2-2018-0010,,PRESENT,PRESENT,,,PRESENT,PRESENT,,PRESENT,,,,,,,PRESENT,FUTURE,,,,,,,,,,,,,,,PRESENT,PRESENT,,,,,,,,,,,,,,,,,,,,,,,,,,,,PRESENT,PRESENT,,,,,,,,,,,,,,,,,,,,,,,,,,,,,,,,,,,,
237195,2 019025001,R2-2022-0025,CA0038008,Livermore City,City of Livermore Water Reclamation Plant,Alameda,R2-2016-0015.pdf,R2-2016-0015,,OFFSITE,OFFSITE,,,OFFSITE,,,,,,,,,,,OFFSITE,,,,,,,,,,,,,,,,,,,,,,,,,,,,,,,,,,,,,,,,,,,,OFFSITE,PRESENT,,,,,,,,,,,,,,,,,,,,,,,,,,,,,,,,,,,,
237195,2 019025001,R2-2022-0025,CA0038008,Livermore City,City of Livermore Water Reclamation Plant,Alameda,City of Livermore - R2-2017-0018.pdf,R2-2017-0018,,PRESENT,PRESENT,,,PRESENT,PRESENT,,OFFSITE,,,,,,,,PRESENT,,,,,,,,,,,,,,,,,,,,,,,,,,,,,,,,,,,,,,,,,,,,PRESENT,OFFSITE,,,,,,,,,,,,,,PRESENT,,,PRESENT,,,,,,,,,,,,,OFFSITE,,,,,,
237195,2 019025001,R2-2022-0025,CA0038008,Livermore City,City of Livermore Water Reclamation Plant,Alameda,Nutrient Watershed Permit - R2-2014-0014.pdf,R2-2014-0014,,,PRESENT,,,PRESENT,,,,,,,,,,PRESENT,,,,,,,,,,,,,,,,,PRESENT,,,,,,,,,,,,,,,,,,,,,,,,,,,,,,,,,,,,,,,,,,,,,,,,,,,,,,,,,,,,,,,,,
220792,2 019033001,R2-2022-0024,CA0037613,Dublin San Ramon Services District (WWTP NPDES & SSO),Dublin San Ramon SD WWTP,Alameda,R2-2016-0015.pdf,R2-2016-0015,,PRESENT,PRESENT,,,PRESENT,,,,,,,,,,,PRESENT,,,,,,,,,,,,,,,,,,,,,,,,,,,,,,,,,,,,,,,,,,,,PRESENT,PRESENT,,,,,,,,,,,,,,,,,,,,,,,,,,,,,,,,,,,,
220792,2 019033001,R2-2022-0024,CA0037613,Dublin San Ramon Services District (WWTP NPDES & SSO),Dublin San Ramon SD WWTP,Alameda,R2-2012-0004.pdf,R2-2012-0004,,,,,,,,,,,,,,,,,,,,,,,,,,,,,,,,,,,,,,,,,,,,,,,,,,,,,,,,,,,,,,,,,,,,,,,,,,,,,,,,,,,,,,,,,,,,,,,,,,
220792,2 019033001,R2-2022-0024,CA0037613,Dublin San Ramon Services District (WWTP NPDES & SSO),Dublin San Ramon SD WWTP,Alameda,R2-2018-0010.pdf,R2-2018-0010,,PRESENT,PRESENT,,,PRESENT,PRESENT,,PRESENT,,,,,,,FUTURE,PRESENT,,,,,,,,,,,,,,,FUTURE,FUTURE,,,,,,,,,,,,,,,,,,,,,,,,,,,,PRESENT,PRESENT,,,,,,,,,,,,,,,,,,,,,,,,,,,,,,,,,,,,
220792,2 019033001,R2-2022-0024,CA0037613,Dublin San Ramon Services District (WWTP NPDES & SSO),Dublin San Ramon SD WWTP,Alameda,EBDA - R2-2017-0016.pdf,R2-2017-0016,,,,,,,,,,,,,,,,,,,,,,,,,,,,,,,,,,,,,,,,,,,,,,,,,,,,,,,,,,,,,,,,,,,,,,,,,,,,,,,,,,,,,,,,,,,,,,,,,,
220792,2 019033001,R2-2022-0024,CA0037613,Dublin San Ramon Services District (WWTP NPDES & SSO),Dublin San Ramon SD WWTP,Alameda,DSRSD - R2-2022-2024.pdf,R2-2022-0024,,PRESENT,PRESENT,,,PRESENT,PRESENT,,PRESENT,PRESENT,,,,,,,PRESENT,,,,,PRESENT,,,,,,,,,,,,,,,,,,,,,,,,,,,FUTURE,,,,FUTURE,,,FUTURE,,,,,PRESENT,,FUTURE,,,,,,,,,FUTURE,,,,PRESENT,,,,,,,,,PRESENT,,,,PRESENT,,,,,,,,,
220792,2 019033001,R2-2022-0024,CA0037613,Dublin San Ramon Services District (WWTP NPDES & SSO),Dublin San Ramon SD WWTP,Alameda,DSRSD - R2-2017-0017.pdf,R2-2017-0017,,PRESENT,PRESENT,,,PRESENT,PRESENT,,PRESENT,PRESENT,,,,,,,PRESENT,,,,,,,PRESENT,,,,,,,,,,,,,,,,,,,,,,,,,OFFSITE,,,,,,,,,,,,PRESENT,OFFSITE,,,,,,,,,,,,,,PRESENT,,,,,,,,,PRESENT,PRESENT,,,PRESENT,,,,,,,,,
220792,2 019033001,R2-2022-0024,CA0037613,Dublin San Ramon Services District (WWTP NPDES & SSO),Dublin San Ramon SD WWTP,Alameda,Nutrient Watershed Permit - R2-2014-0014.pdf,R2-2014-0014,,,PRESENT,,,PRESENT,,,,,,,,,,PRESENT,,,,,,,,,,,,,,,,,PRESENT,,,,,,,,,,,,,,,,,,,,,,,,,,,,,,,,,,,,,,,,,,,,,,,,,,,,,,,,,,,,,,,,,
220792,2 019033001,R2-2022-0024,CA0037613,Dublin San Ramon Services District (WWTP NPDES & SSO),Dublin San Ramon SD WWTP,Alameda,LAVWMA - R2-2021-0007.pdf,R2-2021-0007,,OFFSITE,OFFSITE,,,OFFSITE,,,,,,,,,,,OFFSITE,,,,,,,,,,,,,,,,,,,,,,,,,,,,,,,,,,,,,,,,,,,,OFFSITE,,,,,,,,,,,,,,,,,,,,,,,,,,,,,,,,,,,,,
220792,2 019033001,R2-2022-0024,CA0037613,Dublin San Ramon Services District (WWTP NPDES & SSO),Dublin San Ramon SD WWTP,Alameda,EBDA - R2-2022-0023.pdf,R2-2022-0023,,,,,,,,,,,,,,,,,,,,,,,,,,,,,,,,,,,,,,,,,,,,,,,,,OFFSITE,,,,,,,,,,,,,OFFSITE,,,,,,,,,,,,,,,,,,,,,,,,,,,,,,,,,,,,
222123,2 019123001,R2-2022-0023,CA0037869,East Bay Dischargers Authority,EBDA Common Outfall,Alameda,Nutrient Watershed Permit - R2-2014-0014.pdf,R2-2014-0014,,,PRESENT,,,PRESENT,,,,,,,,,,PRESENT,,,,,,,,,,,,,,,,,PRESENT,,,,,,,,,,,,,,,,,,,,,,,,,,,,,,,,,,,,,,,,,,,,,,,,,,,,,,,,,,,,,,,,,
222123,2 019123001,R2-2022-0023,CA0037869,East Bay Dischargers Authority,EBDA Common Outfall,Alameda,EBDA - R2-2017-0016.pdf,R2-2017-0016,,,,,,,,,,,,,,,,,,,,,,,,,,,,,,,,,,,,,,,,,,,,,,,,,,,,,,,,,,,,,,PRESENT,,,,,,,,,,,,,,,,,,,,,,,,,,,,,,,,,,,,
222123,2 019123001,R2-2022-0023,CA0037869,East Bay Dischargers Authority,EBDA Common Outfall,Alameda,EBDA - R2-2022-0023.pdf,R2-2022-0023,,,,,,,,,,,,,,,,,,,,,,,,,,,,,,,,,,,,,,,,,,,,,,,,,,,,,,,,,,,,,,PRESENT,,,,,,,,,,,,,,,,,,,,,,,,,,,,,,,,,,,,
222123,2 019123001,R2-2022-0023,CA0037869,East Bay Dischargers Authority,EBDA Common Outfall,Alameda,R2-2012-0004.pdf,R2-2012-0004,,,,,,,,,,,,,,,,,,,,,,,,,,,,,,,,,,,,,,,,,,,,,,,,,,,,,,,,,,,,,,PRESENT,,,,,,,,,,,,,,,,,,,,,,,,,,,,,,,,,,,,
222123,2 019123001,R2-2022-0023,CA0037869,East Bay Dischargers Authority,EBDA Common Outfall,Alameda,R2-2018-0010.pdf,R2-2018-0010,,PRESENT,PRESENT,,,PRESENT,PRESENT,,PRESENT,,,,,,,PRESENT,FUTURE,,,,,,,,,,,,,,,PRESENT,PRESENT,,,,,,,,,,,,,,,,,,,,,,,,,,,,PRESENT,PRESENT,,,,,,,,,,,,,,,,,,,,,,,,,,,,,,,,,,,,
222130,2 019014002,R2-2025-0006,CA0038440,East Bay MUD (WPCP),EBMUD SD#1-Wet Wthr Bypass,Alameda,R2-2025-0006.pdf,R2-2025-0006,,,,,PRESENT,PRESENT,PRESENT,,,,,,,,,,,,,,,,,,,,,,,,,,,,,,,,,,,,,,,,,,,,,,,,,,,,,,,,,,,PRESENT,,,,,,,,,,,,,,,,,,,,,,,,,PRESENT,,,,,,,
222130,2 019014002,R2-2025-0006,CA0038440,East Bay MUD (WPCP),EBMUD SD#1-Wet Wthr Bypass,Alameda,EBMUD WWFs Final Order 11-14.pdf,R2-2014-0044,,,,,PRESENT,PRESENT,PRESENT,,,,,,,,,,,,,,,,,,,,,,,,,,,,,,,,,,,,,,,,,,,,,,,,,,,,,,,,,,,PRESENT,,,,,,,,,,,,,,,,,,,,,,,,,OFFSITE,,,,,,,
222132,2 019014001,R2-2026-0003,CA0037702,East Bay MUD (WPCP),EBMUD WPCP,Alameda,R2-2020-0024.pdf,R2-2020-0024,,PRESENT,PRESENT,,,PRESENT,PRESENT,,PRESENT,,,,PRESENT,,,,PRESENT,,,,,,,,,,,,,,,,,,,,,,,,,,,,,,,,,,PRESENT,,,,,,,,,,,PRESENT,,,,PRESENT,,,,,,,,,,PRESENT,,,PRESENT,,,,,,PRESENT,,,,OFFSITE,OFFSITE,OFFSITE,,,,,,,
222132,2 019014001,R2-2026-0003,CA0037702,East Bay MUD (WPCP),EBMUD WPCP,Alameda,Nutrient Watershed Permit - R2-2014-0014.pdf,R2-2014-0014,,,PRESENT,,,PRESENT,,,,,,,,,,,,,,,,,,,,,,,,,,,,,,,,,,,,,,,,,,,,,,,,,,,,,,,,,,,,,,,,,,,,,,,,,,,,,,,,,,,,,,,,,,,,
222132,2 019014001,R2-2026-0003,CA0037702,East Bay MUD (WPCP),EBMUD WPCP,Alameda,R2-2026-0003.pdf,R2-2026-0003,,PRESENT,PRESENT,,FUTURE,PRESENT,PRESENT,,PRESENT,,,,PRESENT,,,,PRESENT,,,,,,,,,,,,,,,,PRESENT,,,,,,,,,,,,,,,,,,PRESENT,,,,,,,,,,,PRESENT,,,,,,,,,,,,,,PRESENT,,,PRESENT,PRESENT,,,,,PRESENT,,,,OFFSITE,OFFSITE,,OFFSITE,,,,PRESENT,PRESENT,
246217,2 019032001,R2-2024-0006,CA0037559,Oro Loma Sanitary District,Oro Loma/Castro Valley SD WPCP,Alameda,R2-2018-0010.pdf,R2-2018-0010,,PRESENT,PRESENT,,,PRESENT,PRESENT,,PRESENT,,,,,,,FUTURE,PRESENT,,,,,,,,,,,,,,,FUTURE,FUTURE,,,,,,,,,,,,,,,,,,,,,,,,,,,,PRESENT,PRESENT,,,,,,,,,,,,,,,,,,,,,,,,,,,,,,,,,,,,
246217,2 019032001,R2-2024-0006,CA0037559,Oro Loma Sanitary District,Oro Loma/Castro Valley SD WPCP,Alameda,R2-2012-0004.pdf,R2-2012-0004,,PRESENT,PRESENT,,,PRESENT,PRESENT,,,,,,,,,,PRESENT,,,,,,,PRESENT,,,,,,,,,,,,,,,,,,,,,,,,,,,,,,,,,PRESENT,PRESENT,,,PRESENT,OFFSITE,,,,,,,,,,,,PRESENT,,PRESENT,,,PRESENT,,,PRESENT,,,PRESENT,PRESENT,,,,,,PRESENT,,,,,,
246217,2 019032001,R2-2024-0006,CA0037559,Oro Loma Sanitary District,Oro Loma/Castro Valley SD WPCP,Alameda,EBDA - R2-2017-0016.pdf,R2-2017-0016,,PRESENT,PRESENT,,,PRESENT,PRESENT,,,,,,,,,,PRESENT,,,,,,,,,,,,,,,FUTURE,PRESENT,,,,,,,,,,,,,,,,,,,,,,,,,,,,PRESENT,,,,,,,,,,,,,,,PRESENT,,,PRESENT,,,PRESENT,,,,,,,,,,,,,,,,
246217,2 019032001,R2-2024-0006,CA0037559,Oro Loma Sanitary District,Oro Loma/Castro Valley SD WPCP,Alameda,Order R2-2024-0006.pdf,R2-2024-0006,,PRESENT,PRESENT,,,PRESENT,PRESENT,,PRESENT,,,,,,,PRESENT,,,,,,,,,,,,PRESENT,,,,PRESENT,PRESENT,,,,,,,,,,,,,,,,,,,,,,,,,,,,PRESENT,PRESENT,,,,,,,,,,,,,,,,,,,,,,,,,,,,,,,,,,,,
246217,2 019032001,R2-2024-0006,CA0037559,Oro Loma Sanitary District,Oro Loma/Castro Valley SD WPCP,Alameda,Nutrient Watershed Permit - R2-2014-0014.pdf,R2-2014-0014,,,PRESENT,,,PRESENT,,,,,,,,,,,PRESENT,,,,,,,,,,,,,,,,,,,,,,,,,,,,,,,,,,,,,,,,,,,,,,,,,,,,,,,,,,,,,,,,,,,,,,,,,,,,,,,,,
246217,2 019032001,R2-2024-0006,CA0037559,Oro Loma Sanitary District,Oro Loma/Castro Valley SD WPCP,Alameda,EBDA - R2-2022-0023.pdf,R2-2022-0023,,PRESENT,PRESENT,,,PRESENT,PRESENT,,,,,,,,,PRESENT,,,,,,,,,,,,PRESENT,,,,PRESENT,PRESENT,,,,,,,,,,,,,,,,,,,,,,,,,,,,PRESENT,,,,,,,,,,,,,,,,,FUTURE,,,,,,,,,,,,,,,,,,,,
879361,2 01NPI441309,R2-2022-0006,CA0038881,San Leandro City,"San Leandro, City of",Alameda,R2-2022-0006.pdf,R2-2022-0006,,PRESENT,PRESENT,,,PRESENT,PRESENT,,PRESENT,,,,,,,FUTURE,PRESENT,,,,,,,,,,,,,,,FUTURE,FUTURE,,,,,,PRESENT,,FUTURE,,,,,,,,,,,,,,FUTURE,,,,,,PRESENT,FUTURE,,,,,,,,,,,,,,PRESENT,,,PRESENT,,,PRESENT,,,,,,,OFFSITE,,,,,,,,,
209035,5B02NP00001,R5-2022-0037,CA0085146,"Bear Valley Water District (Bear Valley, CA)",Bear Valley WWTF,Alpine,R5-2011-0053.pdf,R5-2011-0053,PRESENT,,,,,,,,,,,,,,,,PRESENT,,,,,,,,,,,,,,,,,,,,,,,,,,,,,,,,,,,,,,,,,,,,PRESENT,,,,,,,,,,,,,,,,,,,,,,,,,,,,,,,,,,,,,
209035,5B02NP00001,R5-2022-0037,CA0085146,"Bear Valley Water District (Bear Valley, CA)",Bear Valley WWTF,Alpine,R5-2016-0045-01.pdf,R5-2016-0045,PRESENT,,,,,,,,,,,,,,,,,,,,,,,,,,,,,,,,,,,,,,,,,,,,,,,,,,,,,,,,,,,,PRESENT,,,,,,,,,,,,,,,,,,,,,,,,,,,,,,,,,,,,,
209035,5B02NP00001,R5-2022-0037,CA0085146,"Bear Valley Water District (Bear Valley, CA)",Bear Valley WWTF,Alpine,r5-2016-0045.pdf,R5-2016-0045,PRESENT,,,,,,,,,,,,,,,,,,,,,,,,,,,,,,,,,,,,,,,,,,,,,,,,,,,,,,,,,,,,PRESENT,,,,,,,,,,,,,,,,,,,,,,,,,,,,,,,,,,,,,
209035,5B02NP00001,R5-2022-0037,CA0085146,"Bear Valley Water District (Bear Valley, CA)",Bear Valley WWTF,Alpine,r5-2022-0037_npdes.pdf,R5-2022-0037,PRESENT,,,,,,,,,,,,,,,,,,,,,,,,,,,,,,,,,,,,,,,,,,,,,,,,,,,,,,,,,,,,PRESENT,,,,,,,,,,,,,,,,,,,,,,,,,,,,,,,,,,,,,
209035,5B02NP00001,R5-2022-0037,CA0085146,"Bear Valley Water District (Bear Valley, CA)",Bear Valley WWTF,Alpine,R5-2016-0045-02.pdf,R5-2016-0045,PRESENT,,,,,,,,,,,,,,,,,,,,,,,,,,,,,,,,,,,,,,,,,,,,,,,,,,,,,,,,,,,,PRESENT,,,,,,,,,,,,,,,,,,,,,,,,,,,,,,,,,,,,,
235088,5B020101002,R5-2007-0125,,Kirkwood Meadows PUD,Kirkwood Meadows WWTF,Alpine,R5-2007-0125-wdr.pdf,R5-2007-0125,,,,,,PRESENT,PRESENT,,PRESENT,,,,,,,,PRESENT,,,,,,,,,,,,,,,PRESENT,PRESENT,,PRESENT,,,,,,,,,,,,,,,,,PRESENT,,,,,PRESENT,,,,PRESENT,,,,,,PRESENT,,,,,,,,,,PRESENT,,PRESENT,PRESENT,,,,,,,,,,,,,,,,,,
741089,5B03NC00034,R5-2012-0023,,East Bay MUD (EBMUD),Camanche North Shore Recreation Area Water Treatment Plant Land Application,Amador,r5-2012-0023.pdf,R5-2012-0023,,,,FUTURE,,,,,,,,,,,,,,,,,,,,PRESENT,,,,,,,,,,,,,PRESENT,,,,,,,,,,,,,,,,,PRESENT,,,,,,,PRESENT,,,,,,,,,,,,,FUTURE,,,,,,,,,,,,PRESENT,,,,,,,,,,,,
212847,5B03NC00053,2014-0153-DWQ,,East Bay MUD (EBMUD),Camanche North Shore WWTP,Amador,2014-0153-dwq-r5338_noa.pdf,WQ-2014-0153-DWQ,,,,,,,,,,,,,,,,,,,PRESENT,,,,,PRESENT,,,,,,,,,,,,,,,,,,,,,,,,,,,,,,,,,,,,,,,,,,,,,,,,,,,,,,,OFFSITE,,,,,,,,,,PRESENT,,,,,,,,,
214642,5B030103001,R5-2018-0036,CAC455508,Jackson City,City of Jackson WWTP,Amador,R5-2013-0146.pdf,R5-2013-0146,,,PRESENT,,,PRESENT,,,,,,PRESENT,,,,,FUTURE,,,,,,,,,,,,,,,FUTURE,,,,,PRESENT,,,,,,,,,,,,,,,,,,,,FUTURE,FUTURE,,,PRESENT,PRESENT,FUTURE,,,PRESENT,,,,,,,FUTURE,FUTURE,,,PRESENT,,PRESENT,,,,,,,,,,,,OFFSITE,,,,,,,
214642,5B030103001,R5-2023-0025,CAC455508,Jackson City,City of Jackson WWTP,Amador,r5-2023-0025-002_noa.pdf,R5-2023-0025,PRESENT,,PRESENT,,,PRESENT,,,,,,PRESENT,,,,PRESENT,,,,,,,,,,,,,,,,PRESENT,PRESENT,,,,PRESENT,,,,,,,,,,,,,,,,,,,,,,,,,,PRESENT,,,,,,,,,,,,,,PRESENT,,PRESENT,,,,,,,,,,,,,OFFSITE,,,,,,
214642,5B030103001,R5-2018-0036,CAC455508,Jackson City,City of Jackson WWTP,Amador,r5-2007-0133-01.pdf,R5-2007-0133,,,PRESENT,,,PRESENT,,,,,,PRESENT,,,,,PRESENT,,,,,,,,,,,,,,,,,,,,PRESENT,,,,,,,,,,,,,,,,,,,,,,,,PRESENT,PRESENT,,,,,,,,,,,,,,,PRESENT,,PRESENT,,,,,,,,,,,,OFFSITE,,,,,,,
214642,5B030103001,R5-2018-0036,CAC455508,Jackson City,City of Jackson WWTP,Amador,R5-2007-0133.pdf,R5-2007-0133,,,PRESENT,,,PRESENT,,,,,,PRESENT,,,,,PRESENT,,,,,,,,,,,,,,,,,,,,PRESENT,,,,,,,,,,,,,,,,,,,,,,,,PRESENT,PRESENT,,,,,,,,,,,,,,,PRESENT,,PRESENT,,,,,,,,,,,,OFFSITE,,,,,,,
214642,5B030103001,R5-2018-0036,CAC455508,Jackson City,City of Jackson WWTP,Amador,r5-2022-0062_npdes_ao.pdf,R5-2022-0062,,,,,,,,,,,,,,,,,,,,,,,,,,,,,,,,,,,,,,,,,,,,,,,,,,,,,,,,,,,,,PAST,,PRESENT,,,,,,,,,,,,,,,,,,,,,,,,,,,,,,,,,,,
214642,5B030103001,R5-2018-0036,CAC455508,Jackson City,City of Jackson WWTP,Amador,r5-2018-0036.pdf,R5-2018-0036,,,PRESENT,,,PRESENT,,,,,,PRESENT,,,,PRESENT,,,,,,,,,,,,,,,,PRESENT,PRESENT,,,,PRESENT,,,,,,,,,,,,,,,,,FUTURE,,,,,,,PRESENT,PRESENT,FUTURE,,,,,,,,,,,,,,PRESENT,,PRESENT,,,,,,,,,,OFFSITE,,OFFSITE,,,,,,,
214640,5B030102001,R5-2013-0022,,Jackson Rancheria Development Corporation,Ione WWTF,Amador,r5-2013-0022.pdf,R5-2013-0022,,,PRESENT,,,,,,,,,,,,,,,,PRESENT,,,,PRESENT,FUTURE,,,,,,,,,,,,,,,,,,,,,,,,,,,,,,,,,,,,,FUTURE,,,,,,,,,,,,,,,,,,,,,,,,,,,,FUTURE,,,FUTURE,,,,,,
248424,5B05NP00005,R5-2009-0003,,Amador Water Agency,Pine Grove Community Leachfield System,Amador,R5-2009-0003.pdf,R5-2009-0003,,,,,,,,,,,,,,,,,,,,,,,,,,,,,,,,,,,,,,,,,,,,,,,,,,,,,,,,,,,,,,,,,,,,,,,,,,,,,,,,,,,,,,,,,,,,,,,,,,PRESENT
248476,5B031015001,2014-0153-DWQ,,"PCMHC, LLC",Pioneer Creek MH Community,Amador,Notice of Applicability_Pioneer Creek MH Community.pdf,WQ-2014-0153-DWQ,,PRESENT,,,,,,,,,,,,,,,,,,,,,PRESENT,,,,,,,,,,,,,,,,,,,,,,,,,,,,,,,,,,,,,,,,,,,,,,,,,,,,,,,,,,,,,,,,,,,,,OFFSITE,,,,,,PRESENT
248753,5B030106001,R5-2011-0092,,Amador Water Agency,Plymouth WWTP,Amador,r5-2011-0092.pdf,R5-2011-0092,,,,,,PRESENT,,,,,,,,,,,,,PRESENT,,,,,PRESENT,,,,,,,,,,,,,,,,,,,,,,,,,,,,,,,,,,,,,PRESENT,,,,,,,,,,,,,,,,,,,,,PRESENT,,,,,,,PRESENT,,OFFSITE,,,,,,,
213409,5A041020001,2014-0153-DWQ,,Casa Del Rey HA,Casa Del Rey HA,Butte,2014-0153-dwq-r5234.pdf,2014-0153-DWQ,,PRESENT,,,,,,,,,,,,,,,,,,,,,,,,,,,,,,,,,,,,,,,,,,,,,,,,,,,,,,,,,,,,,,,,,,,,,,,,,,,,,,,,,,,,,,,,,,,,,,,,PRESENT
271805,5A040102001,R5-2022-0033,CA0079081,Chico City,Chico Water Pollution Control Plant,Butte,r5-2022-0033_npdes.pdf,R5-2022-0033,,PRESENT,PRESENT,,,PRESENT,PRESENT,,,,,,,,,,PRESENT,,,,,,,PRESENT,,,,,,,,,,,,,,,,,,,,,,,,,,,,,,,,,,,,,PRESENT,PRESENT,,,,PAST,,,,,,,,,,PRESENT,,,PRESENT,PRESENT,,PRESENT,,,,,,,OFFSITE,,,,,,,,,
209551,5A040100001,R5-2012-0083,,,City of Biggs WWTP,Butte,2007-0032.pdf,R5-2007-0032,,,,,,,,,,,,,,,,,,,PRESENT,,,,,PRESENT,,,,,,,,,,,,,,,PRESENT,,,,,,,,,,,,,,,,,,,,,,PRESENT,PRESENT,,,,,,,,,,,,,,,,,,,,PRESENT,,,,,,,,,,,,,,,,
209551,5A04NC00067,R5-2020-0008,,Biggs City,City of Biggs WWTP,Butte,r5-2020-0008_wdr.pdf,R5-2020-0008,,,,,,OFFSITE,,,,,,,,,,,,,,,,,,PRESENT,,,,,,,,,,,,,,,PRESENT,,,,,,,,,,,,,,,,,,,,,,PRESENT,,,,,,,,,,,,,,,,,,,,,,,,,,,,PRESENT,,,,,,,,,
209551,5A040100001,R5-2012-0083,,,City of Biggs WWTP,Butte,r5-2012-0083.pdf,R5-2012-0083,,,,,,,,,,,,,,,,FUTURE,FUTURE,,,,,,,PRESENT,,,,,,,,FUTURE,FUTURE,,,,,,PRESENT,,,,,,,,,,,,,,,,,,,,,,PRESENT,PRESENT,,,,FUTURE,,,,,,,,,,,,,,,,PRESENT,,,,,,,,,OFFSITE,,,,,,,
252660,5A040105002,2014-0153-DWQ,,Richvale Sanitary District,Richvale WWTF,Butte,Richvale_NOA-Memo-MRP.pdf,2014-0153-DWQ,PRESENT,,,,,,,,,,,,,,,,,,,,,PRESENT,,PRESENT,,,,,,,,,,,,,,,,,,,,,,,,,,,,,,,,,,,,,,,,,,,,,,,,,,,,,,PRESENT,,,,,,,,,,,,,,,,,,,,
246251,5A040106001,R5-2021-0044,CA0079235,Sewerage Commission Oroville Region,Sewerage Commission Oroville Region WWTP,Butte,r5-2021-0044_npdes.pdf,R5-2021-0044,,PRESENT,PRESENT,,,PRESENT,PRESENT,,PRESENT,,,,,,,FUTURE,PRESENT,,,,,,,,,,,,,,,FUTURE,,,,,PRESENT,,,,,,,,,,,,,,,,,,,,,,,,PRESENT,PRESENT,FUTURE,,,,,,,,,,,,,,PRESENT,,PRESENT,,,,,,,,,,,,OFFSITE,,,,,,,
270563,5A04NC00001,2014-0153-DWQ,,The Villas At Butte Creek HA,The Villas at Butte Creek WWTP,Butte,The Villas_NOA-Memo-MRP.pdf,2014-0153-DWQ,,,,,,,,,PRESENT,,,,,,,,,,,,,,,,,,,,,,,,,,,,,,,,,,,,,,,,,,,,,PRESENT,,,,,,,,,,,,,,,,,,,,,,,,,,,,,,,,,,,,,,,,,,,,PRESENT
205793,5B05NP00007,R5-2022-0038,CA0085201,Angels City,Angels City WWTP,Calaveras,r5-2022-0038_npdes.pdf,R5-2022-0038,,,,,,PRESENT,PRESENT,,PRESENT,,PRESENT,,,,,PRESENT,,,,,,,,,,,,,,,,PRESENT,PRESENT,,,,PRESENT,,,,,,,,,,,,,,,,,,,,PRESENT,PRESENT,,,PAST,,PRESENT,,,,,,,PAST,,,PRESENT,PRESENT,,,PRESENT,,PRESENT,,,PRESENT,,,,,,,OFFSITE,,,OFFSITE,,,,,,
205793,5B05NP00007,R5-2022-0038,CA0085201,Angels City,Angels City WWTP,Calaveras,r5-2007-0031.pdf,R5-2007-0031,,,,,,PRESENT,,,PRESENT,,PRESENT,,,,,,,,,,,,,PRESENT,,,,,,,,,,,,,PRESENT,,,,,,,,,,,,,,,,,,,,,,,,PRESENT,,FUTURE,,,,,,,,,,,,,,,,,,,,,,,,,,,,,,,,,,,
205793,5B05NP00007,R5-2022-0038,CA0085201,Angels City,Angels City WWTP,Calaveras,r5-2017-0063.pdf,R5-2017-0063,,,,,,PRESENT,PRESENT,,PRESENT,,PRESENT,,,,,PRESENT,,,,,,,,,,,,,,,,PRESENT,PRESENT,,,,PRESENT,,,,,,,,,,,,,,,,,,,,PRESENT,PRESENT,,,PAST,,PRESENT,,,,,,,PAST,,,PRESENT,PRESENT,,,PRESENT,,PRESENT,,,PRESENT,,,,,,,OFFSITE,,,OFFSITE,,,,,,
205793,5B05NP00007,R5-2022-0038,CA0085201,Angels City,Angels City WWTP,Calaveras,r5-2012-0088.pdf,R5-2012-0088,,,PRESENT,,,PRESENT,PRESENT,,PRESENT,,PRESENT,,,,,PRESENT,,,,,,,,,,,,,,,,PRESENT,PRESENT,,,,PRESENT,,,,,,,,,,,,,,,,,,,,PRESENT,PRESENT,,,PAST,,PRESENT,,,,,,,PRESENT,,,PRESENT,PRESENT,,,PRESENT,,PRESENT,,,PRESENT,,,,,,,,,,OFFSITE,,,,,,
206381,5B05NC00022,2014-0153-DWQ,,Calaveras Cnty Water District,Arnold WWTP,Calaveras,NOA 2014-0153-DWQ-R5190.pdf,WQ-2014-0153-DWQ,,,PRESENT,,,PRESENT,PRESENT,,,,,PRESENT,,,,,PRESENT,,,,,,,,,,,,,,,,,,,,PRESENT,,,,,,,,,,,,,,,,,,,,,,,,PRESENT,,,,,,,,,,,,,,,,PRESENT,,PRESENT,,,PRESENT,,,,,,,PRESENT,,OFFSITE,OFFSITE,,,,,,
255003,5B05NP00001,R5-2023-0013,CA0084620,Calaveras Cnty Water District,Copper Cove WWRF,Calaveras,r5-2018-0040.pdf,R5-2018-0040,,,PRESENT,,,,,,,,,,,,,,,,PRESENT,,,,,PRESENT,,,,,,,,,,,,,,,,,,,,,,,,,,,,,,PRESENT,,,,,,,,,PRESENT,,,,,,,,,,,,,,,,,,,,,,,,,,,,,,,,,,,
255003,5B05NP00001,R5-2023-0013,CA0084620,Calaveras Cnty Water District,Copper Cove WWRF,Calaveras,r5-2016-0065.pdf,R5-2016-0065,,,,,PRESENT,,,,,,,,,,,,PRESENT,,,,,,,OFFSITE,,,,,,,,,,,,,PRESENT,,,,,,,,,,,,,,,,,,,,PRESENT,PRESENT,,,PAST,,PRESENT,,,,,,,,,,,PRESENT,,,,,,,,,,,,,,,,,,,,,,,,
255003,5B05NP00001,R5-2023-0013,CA0084620,Calaveras Cnty Water District,Copper Cove WWRF,Calaveras,r5-2013-0072.pdf,R5-2013-0072,,,PRESENT,,,,,,,,,,,,,,,,PRESENT,,,,,PRESENT,,,,,,,,,,,,,PRESENT,,,,,,,,,,,,,,,,,,,,PRESENT,,,,PRESENT,,PRESENT,,,,,,,,,,,PRESENT,,,,,,,,,,,,,,,,,,,,,,,,
215671,5B050105001,R5-2010-0070,,Calaveras Cnty Water District,Copper Cove WWRF,Calaveras,R5-2010-0070.pdf,R5-2010-0070,,,PRESENT,,,PRESENT,,,,,,,,,,,,,PRESENT,,,,,PRESENT,,,,,,,,,,,,,PRESENT,,,,,,,,,,,,,,,,,,,,PRESENT,PRESENT,,,PRESENT,,PRESENT,,,,,,,,,,,PRESENT,,,,,PRESENT,,,,,,,,,,PRESENT,,OFFSITE,,,,,,,
215671,5B050105001,R5-2010-0070,,Calaveras Cnty Water District,Copper Cove WWRF,Calaveras,ccwd_copper cove_amended wdr.pdf,R5-2010-0070,,,PRESENT,,PRESENT,PRESENT,,,,,,,,,,,,,PRESENT,,,,,PRESENT,,,,,,,,,,,,,PRESENT,,,,,,,,,,,,,,,,,,,,PRESENT,PRESENT,,,PRESENT,,PRESENT,,,,,,,,,,,PRESENT,,,,,PRESENT,,,,,,,,,,PRESENT,,OFFSITE,,,,,,,
255003,5B05NP00001,R5-2023-0013,CA0084620,Calaveras Cnty Water District,Copper Cove WWRF,Calaveras,r5-2023-0013_npdes.pdf,R5-2023-0013,,,,,,,,,,FUTURE,,,,,,PRESENT,,,,,,,,,,,,,,,,PRESENT,,,,,FUTURE,,,,,,,,,,,,,,,,,,,,,,,,,,,,,,,,,,,,,,,,,,,,,,,,FUTURE,,,,,,,,,,,,,
255003,5B05NP00001,R5-2023-0013,CA0084620,Calaveras Cnty Water District,Copper Cove WWRF,Calaveras,r5-2006-0081.pdf,R5-2006-0081,,,,,,,,,,,,,,,,,,,PRESENT,,,,,PRESENT,,,,,,,,,,,,,,,,,,,,,,,,,,,,,,PRESENT,,,PRESENT,PRESENT,,,PRESENT,,FUTURE,,,,,,,,,,,PRESENT,,,,,,,,,,,,,,,,,,,,,,,,
220618,5B051003001,R5-2013-0009,,Calaveras Cnty Water District,Douglas Flat/Vallecito WWTP,Calaveras,r5-2013-0009.pdf,R5-2013-0009,,,,,,PRESENT,PRESENT,,PRESENT,,,,,,,PRESENT,,,,,,,,PRESENT,,,,,,,,PRESENT,PRESENT,,,,,PRESENT,,,,,,,,,,,,,,PRESENT,,,,,,,,,,,PRESENT,,,,,,,,,,,,,,,,PRESENT,,,,,,,,,,PRESENT,,,,,,,,,
222129,5B051022001,2014-0153-DWQ,,East Bay MUD (EBMUD),EBMUD Pardee Center WWTF,Calaveras,EBMUD_PardeeCenter_NOA.pdf,WQ-2014-0153-DWQ,PRESENT,,,,PRESENT,,,,,,,,,,,,PRESENT,,,,,,PRESENT,,,,,,,,,,,,,,,,,,,,,,,,,,,,,,,,,,,,,,,,,,,,,,,,,,,,,,,,OFFSITE,,,,,,,,,,PAST,,,,,,,,,PRESENT
717684,5B05NP00014,R5-2024-0067,CA0085278,Calaveras Cnty Water District,Forest Meadows WWRP,Calaveras,r5-2014-0011.pdf,R5-2014-0011,,,,,PRESENT,PRESENT,,,,PRESENT,,,,,,,,,,,,,,PRESENT,,,,,,,,,,,,,PRESENT,,,,,,,,,,,,,,,,,,,,,,,,,,PRESENT,,,,,,,,,,,,,,,,,,,,,,PRESENT,,,,,,,,,,,,,
717684,5B05NP00014,R5-2024-0067,CA0085278,Calaveras Cnty Water District,Forest Meadows WWRP,Calaveras,r5-2024-0067_npdes.pdf,R5-2024-0067,,,,,PRESENT,PRESENT,,,,PRESENT,,,,,,,,,,,,,,PRESENT,,,,,,,,,,,,,PRESENT,,,,,,,,,,,,,,,,,,,,,,,,,,PRESENT,,,,,,,,,,,,,,,,,,,,,,PRESENT,,,,,,,,,,,,,
717684,5B05NP00014,R5-2024-0067,CA0085278,Calaveras Cnty Water District,Forest Meadows WWRP,Calaveras,r5-2008-0058.pdf,R5-2008-0058,,,,,PRESENT,PRESENT,,,,PRESENT,,,,,,,,,,,,,,PRESENT,,,,,,,,,,,,,PRESENT,,,,,,,,,,,,,,,,,,,,,,,,,,PRESENT,,,,,,,,,,,,,,PRESENT,,OFFSITE,,,,,,PRESENT,,,,OFFSITE,,OFFSITE,,,,,,,
717684,5B05NP00014,R5-2024-0067,CA0085278,Calaveras Cnty Water District,Forest Meadows WWRP,Calaveras,R5-2018-0074.pdf,R5-2018-0074,,,,,PRESENT,PRESENT,,,,PRESENT,,,,,,,,,,,,,,PRESENT,,,,,,,,,,,,,PRESENT,,,,,,,,,,,,,,,,,,,,,,,,,,PRESENT,,,,,,,,,,,,,,,,,,,,,,PRESENT,,,,,,,,,,,,,
232360,5B051003002,2014-0153-DWQ,,Calaveras Cnty Water District,Indian Rock Vineyards Subdivision (IRVS) WWTF,Calaveras,Indian Rock NOA.pdf,WQ-2014-0153-DWQ,,PRESENT,,,,,,,PRESENT,,,,,,,,,,,,,,,,,,,,,,,,,,,,PRESENT,,,,,,,,,,,,,,,,,,,,,,,,,,,,,,,,,,,,,,,,,,OFFSITE,,,,,,,,,,PRESENT,,,,,,,,,PRESENT
235798,5B051012001,R5-2013-0133-01,,Calaveras Cnty Water District,La Contenta WWT & RF,Calaveras,R5-2018-0062-La Contenta WWTF.pdf,R5-2013-0133,,,PRESENT,,,PRESENT,,,,,,,,,,,PRESENT,,,,,,,PRESENT,,,,,,,,,,,,,PRESENT,,,,,,,,,,,,,,,,,,,,PRESENT,,,,,,PRESENT,,,,,,PRESENT,,,,,,,,,,PRESENT,,,,,,,,,,,,,,,,,,,
235798,5B051012001,R5-2013-0133-01,,Calaveras Cnty Water District,La Contenta WWT & RF,Calaveras,CCWD_La Contenta_R5-2013-0133_WDR.pdf,R5-2013-0133,,,PRESENT,,,PRESENT,,,,,,,,,,,PRESENT,,,,,PRESENT,,PRESENT,,,,,,,,,,,,,PRESENT,,,,,,,,,,,,,,,,,,,,PRESENT,,,,,,PRESENT,,,,,,PRESENT,,,,,,,,,,PRESENT,,,,,,,PRESENT,,,,,,,,,,,,
227381,5B05NC00004,2014-0153-DWQ,,USDI Bureau of Reclamation Sonora,New Melones Lake Glory Hole Recreation Area,Calaveras,GloryHoleNOADec12.pdf,WQ-2014-0153-DWQ,,,,,,,,,,,,,,,,,,,PAST,,,,PRESENT,,,,,,,,,,,,,,,,,,,,,,,,,,,,,,,,,,,,,,PRESENT,,,,,,,,,,,,,,,,,,,,,,,,,,,,PRESENT,,,,,,,,,
255180,5B050103001,R5-2024-0025,CA0079464,San Andreas SD,San Andreas SD WWTP,Calaveras,R5-2009-0007.pdf,R5-2009-0007,,PRESENT,PRESENT,,,PRESENT,PRESENT,,,,,,,,,,,,,,PRESENT,,,,,,,,,,,,,,,,,,PRESENT,,,,,,,,,,,,,,,,,,,,,,PRESENT,PRESENT,,,,,,,,,,,,,,PRESENT,,,,,,PRESENT,,,,,,,PRESENT,,OFFSITE,,,,,,,
255180,5B050103001,R5-2024-0025,CA0079464,San Andreas SD,San Andreas SD WWTP,Calaveras,R5-2024-0025_npdes.pdf,R5-2024-0025,,PRESENT,PRESENT,,,PRESENT,,,,,,,,,,PRESENT,,,,,,,PRESENT,PRESENT,,,,,,,,,PRESENT,,,,,,PRESENT,,,,,,,,,,,,,,,PRESENT,,,,,,,PRESENT,PRESENT,,,,,,,,,,,PRESENT,,,,PRESENT,,PRESENT,,,PRESENT,,,,,,,,,,,,,,,,
255180,5B050103001,R5-2024-0025,CA0079464,San Andreas SD,San Andreas SD WWTP,Calaveras,r5-2016-0067.pdf,R5-2016-0067,,PRESENT,PRESENT,,,PRESENT,PRESENT,,,,,,,PRESENT,,,,,,,,,,PRESENT,,,,,,,,,,,,,PRESENT,,PRESENT,,,,,,,,,,,,,,,,,,,,,,PRESENT,PRESENT,,,,,,,,,,,,,,,,,PRESENT,,,PRESENT,,,,,,,,,,,,,,,,
255180,5B050103001,R5-2024-0025,CA0079464,San Andreas SD,San Andreas SD WWTP,Calaveras,r5-2014-0104.pdf,R5-2014-0104,,PRESENT,PRESENT,,,PRESENT,PRESENT,,,,,,,PRESENT,,PRESENT,PRESENT,,,,,,PRESENT,,,,,,,,,,PRESENT,,,,PRESENT,,PRESENT,,,,,,,,,,,,,,,,,,PRESENT,PRESENT,,,PRESENT,PRESENT,,,,,,,,,,,PRESENT,PRESENT,,PRESENT,,,PRESENT,,,PRESENT,,,,,,,PRESENT,,,,,,,,,
255180,5B050103001,R5-2024-0025,CA0079464,San Andreas SD,San Andreas SD WWTP,Calaveras,R5-2018-0075_SignedOrder.pdf,R5-2018-0075,,PRESENT,PRESENT,,,PRESENT,,,,,,,,,,PRESENT,PRESENT,,,,,,PRESENT,,,,,,,,,,PRESENT,,,,,,PRESENT,,,,,,,,,,,,,,,PRESENT,,,,,,,PRESENT,PRESENT,,,,,,,,,,,PRESENT,,,PRESENT,FUTURE,,PRESENT,,,PRESENT,,,,,,,OFFSITE,,,,,,,,,
258004,5B051003004,2014-0153-DWQ,,Calaveras Cnty Water District,Southworth Ranch Estates WWTF,Calaveras,NOA_Southworth Ranch Estates WWTF.pdf,WQ-2014-0153-DWQ,,,,,,,,,,,,,,,,,,,,,,,,PRESENT,,,,,,,,,,,,,,,PRESENT,,,,,,,,,,,,,,,,,,,,,,PRESENT,,,,,,,,,,,,,,,,,,,,,,,,,,,,PRESENT,,,,,,,,,OFFSITE
270105,5B050104001,R5-2005-0066,,Valley Springs SD,Valley Springs SD WWTF,Calaveras,r5-2005-0066_WDR.pdf,R5-2005-0066,PRESENT,PRESENT,,,,,,,,,,,,,,,PRESENT,,PRESENT,,PRESENT,,,,,,,,,,,,,,,,,,,,,,,,,,,,,,,,,,,,,,,,PRESENT,,,,,,,,,,,,,,,,,,,,,FUTURE,,,,,,,,,,,,,,,,
271617,5B050107007,2014-0153-DWQ,,Calaveras Cnty Water District,Wallace Lake Estates WWTF,Calaveras,2014-0153-dwq-r5275_NOA.pdf,WQ-2014-0153-DWQ,,,PRESENT,,,,,,PRESENT,,,,,,,,,,,,,,,PRESENT,,,,,,,,,,,,,,,PRESENT,,,,,,,,,,,,,,,,,,,,,,PAST,,,,,,,,,,,,,,,,,,,,,,,,,,,,,,,,,,,,,
272109,5B05NC00025,2014-0153-DWQ,,Calaveras Cnty Water District,West Point WWTF,Calaveras,2014-0153-dwq-r5336_noa.pdf,WQ-2014-0153-DWQ,,,,,,,,,,,,,,,,,,,,,,,,PRESENT,,,,,,,,,,,,,PRESENT,,,,,,,,,,,,,,,,,,,,,,,,PRESENT,,,,,,,,,,,,,,,,,,,,,,,,,,,,PRESENT,,,,,,,,,PRESENT
272716,5B052000001,2014-0153-DWQ,,Calaveras Cnty Water District,Wilseyville WWTP,Calaveras,WilseyvilleWWTP_NOA.pdf,WQ-2014-0153-DWQ,,,,,,PAST,,,,,,,,,,,,,,,,PRESENT,PRESENT,PRESENT,,,,,,,,,,,,,,,,,,,,,,,,,,,,,,,,,,,,,,,,,,,,,,,,,,,,,,,OFFSITE,,,,,,,PRESENT,,,PAST,,,,,,,,,
215225,5A060101001,R5-2022-0020,CA0078999,Colusa City,City of Colusa WWTP,Colusa,r5-2022-0020_npdes.pdf,R5-2022-0020,,,PRESENT,,,PRESENT,,,PRESENT,,,,,,,PRESENT,,,,PRESENT,,PRESENT,,,,,,,,,,PRESENT,PRESENT,,,,PRESENT,,,,,,,,,,,,,,,,,,,,PRESENT,PRESENT,,,,,PRESENT,,,,,,,,,,,PRESENT,,PRESENT,,,,,,PRESENT,,,,PRESENT,,,,,OFFSITE,,,,,,,
215225,5A060101001,R5-2022-0020,CA0078999,Colusa City,City of Colusa WWTP,Colusa,Order R5-2020-0006.pdf,R5-2020-0006,,,PRESENT,,,PRESENT,,,,,,,,,,PRESENT,PRESENT,,,,,,,,,,,,,,,,PRESENT,,,,PRESENT,,,,,,,,,,,,,,,,,,,,,PRESENT,,,,,PRESENT,,,,,,,,,,,PRESENT,,,,,,,,,,,,,,,,,,,,,,,,
215225,5A060101001,R5-2022-0020,CA0078999,Colusa City,City of Colusa WWTP,Colusa,R5-2018-0018.pdf,R5-2016-0062,,,PRESENT,,,PRESENT,,,PRESENT,,,,,,,PRESENT,PRESENT,,,,,,,FUTURE,,,,,,,,FUTURE,PRESENT,,,,PRESENT,,,,,,,,,,,,,,,,,,,,,PRESENT,,,,,PRESENT,,,,,,,,,,,PRESENT,,PRESENT,,,PRESENT,,,,,,,,,,,,OFFSITE,,,,,,,
215225,5A060101001,R5-2022-0020,CA0078999,Colusa City,City of Colusa WWTP,Colusa,R5-2008-0184.pdf,R5-2008-0184,,,FUTURE,,,FUTURE,,,FUTURE,,,,,,,FUTURE,FUTURE,,,,,,,FUTURE,,,,,,,,FUTURE,FUTURE,,,,FUTURE,,,,,,,,,,,,,,,,,,,,FUTURE,,,,PRESENT,,FUTURE,,,,,,,,,,,FUTURE,,,,,,,,,,,,FUTURE,,,,,,,,,,,,
215225,5A060101001,R5-2022-0020,CA0078999,Colusa City,City of Colusa WWTP,Colusa,R5-2016-0062.pdf,R5-2016-0062,,,PRESENT,,,PRESENT,,,PRESENT,,,,,,,PRESENT,,,,,,,,FUTURE,,,,,,,,FUTURE,PRESENT,,,,PRESENT,,,,,,,,,,,,,,,,,,,,,PRESENT,,,,,PRESENT,,,,,,,,,,,PRESENT,,PRESENT,,,PRESENT,,,,,,,,,,,,OFFSITE,,,,,,,
215225,5A060101001,R5-2022-0020,CA0078999,Colusa City,City of Colusa WWTP,Colusa,r5-2016-0062-02_npdes.pdf,R5-2016-0062,,,PRESENT,,,PRESENT,,,PRESENT,,,,,,,PRESENT,PRESENT,,,,,,,FUTURE,,,,,,,,FUTURE,PRESENT,,,,PRESENT,,,,,,,,,,,,,,,,,,,,,PRESENT,,,,,PRESENT,,,,,,,,,,,PRESENT,,PRESENT,,,PRESENT,,,,,,,,,,,,OFFSITE,,,,,,,
239874,5A060102001,R5-2009-0009,,,Maxwell PUD WWTF,Colusa,R5-2009-0009.pdf,R5-2009-0009,PRESENT,,,,,,,,,,,,,,,,,,PRESENT,,,PRESENT,,PRESENT,,,,,,,,,,,,,,,,,,,,,,,,,,,,,,,,,,,,,PRESENT,PRESENT,,,,,,,,,,,,,,,,PRESENT,,,,,,,,,,,,,,OFFSITE,,,,,,
239874,5A06NC00010,R5-2009-0109,,Maxwell PUD,Maxwell PUD WWTF,Colusa,R5-2009-0109.pdf,R5-2009-0109,PRESENT,,,,,PRESENT,,,,,,,,,,,PRESENT,FUTURE,PRESENT,FUTURE,,,,FUTURE,,,,,,,,,,,,,,,,,,,,,,,,,,,,,,,,,,,,,PRESENT,PRESENT,,,,,,,,,,,,,,,,,,,,FUTURE,,,,FUTURE,,,FUTURE,,,,,,,,,
272631,5A060103001,R5-2014-0078,CAC433345,Williams City,Williams WWTP,Colusa,R5-2008-0185.pdf,R5-2008-0185,,,,,,,PRESENT,,,,,,,,,FUTURE,,,PRESENT,,,PRESENT,,,,,,,,,,,FUTURE,,,,,,,,,,,,,,,,,,,,,,,,,,,,PRESENT,PRESENT,,,,FUTURE,,,,,,,,,,,,,OFFSITE,,,,,,,,,,,,,,,,,,,
272631,5A060103001,R5-2014-0078,CAC433345,Williams City,Williams WWTP,Colusa,r5-2014-0078.pdf,R5-2014-0078,,,,,PRESENT,,,,,,,,,,,,,,,,,,,,,,,,,,,,,,,,PRESENT,,,,,,,,,,,,,,,,,,,,,,,,,,PRESENT,,,,,,,,,,,,,,,,PRESENT,,,PRESENT,,,,,,,,,OFFSITE,,,,,,,
272631,5A060103001,R5-2023-0025,CAC433345,Williams City,Williams WWTP,Colusa,R5-2023-0025-009_noa.pdf,R5-2023-0025,,,PRESENT,,,PRESENT,,,PRESENT,,,,,,,PRESENT,,,,,,,,PRESENT,,,,,,,,PRESENT,PRESENT,,,,PRESENT,,,,,,,,,,,,,,,,,,,,PAST,PAST,,,,,PRESENT,,,,,,PRESENT,,,,,PAST,,,,,PRESENT,,,,,,,,,,,,OFFSITE,,,,,,,
210322,5B070101001,R5-2024-0020,CA0082660,Brentwood City,Brentwood WWTP,Contra Costa,r5-2024-0020_npdes.pdf,R5-2024-0020,,,PRESENT,,,PRESENT,PRESENT,,,,,FUTURE,,PRESENT,,PRESENT,PRESENT,,,,,,,PRESENT,,,,,,,,PRESENT,PRESENT,,,,PRESENT,,,,,,,,,,,,,,,,,,,,,,,,PRESENT,PRESENT,,,,FUTURE,,,PRESENT,,,,,,,FUTURE,,,PRESENT,FUTURE,FUTURE,,,,,,,,,,OFFSITE,,,,,,,
210322,5B070101001,R5-2024-0020,CA0082660,Brentwood City,Brentwood WWTP,Contra Costa,R5S-2019-0029.pdf,R5-2019-0029,,,PRESENT,,,PRESENT,PRESENT,,,,,PRESENT,,PRESENT,,,PRESENT,,,,,,,,,,,,,,,PRESENT,PRESENT,,,,PRESENT,,,,,,,,,,,,,,,,,,,,,,,,PRESENT,PRESENT,,,,,,,PRESENT,,,,,,,,,,PRESENT,,FUTURE,,,,,,,,,,OFFSITE,,,,,,,
210322,5B070101001,R5-2024-0020,CA0082660,Brentwood City,Brentwood WWTP,Contra Costa,r5-2013-0106.pdf,R5-2013-0106,,,PRESENT,,,PRESENT,PRESENT,,,,,PRESENT,,,,,PRESENT,,,,,,,PAST,,,,,,,,PRESENT,,,,,PRESENT,,,,,,,,,,,,,,,,,,,,,,,,PRESENT,PRESENT,,,,,,,,,,,,,,,,,PRESENT,,,,,,,,,,,,OFFSITE,,,,,,,
210322,5B070101001,R5-2024-0020,CA0082660,Brentwood City,Brentwood WWTP,Contra Costa,r5-2012-0113.pdf,R5-2012-0113,,,PRESENT,,,PRESENT,PRESENT,,,,,PRESENT,,,,,PRESENT,,,,,,,PRESENT,,,,,,,,PRESENT,,,,,PRESENT,,,,,,,,,,,,,,,,,,,,,,,,PRESENT,PRESENT,,,,,,,,,,,,,,,,,,,,,,,,,,,,,,,,,,,,
210322,5B070101001,R5-2024-0020,CA0082660,Brentwood City,Brentwood WWTP,Contra Costa,r5-2008-0006.pdf,R5-2008-0006,,,PRESENT,,,PRESENT,PRESENT,,,,,,,PRESENT,,,PRESENT,,,,,,,PRESENT,,,,,,,,PRESENT,PRESENT,,,,PRESENT,,,,,,,,,,,,,,,,,,,,,,,,PRESENT,PRESENT,,,,,,,PRESENT,,,,,,,,,,PRESENT,,,,,,,,,,,,OFFSITE,,,,,,,
210972,5B070102002,R5-2009-0002,,Byron Sanitary District,Byron Sanitary District WWTF,Contra Costa,R5-2009-0002.pdf,R5-2009-0002,,PRESENT,,,,PRESENT,,,,,,,,,,,,,,,,,PRESENT,,,,,,,,,,,,,,,,,,,,,,,,,,,,,,,,,,,,,,,,,,,,,,,,,,,,,PRESENT,,,,,,,,,,,,,PRESENT,,,FUTURE,,,,,,PRESENT
213875,2 071008001,R2-2022-0020,CA0037648,Central Contra Costa Sanitary District,Central Contra Costa SD WWTP,Contra Costa,Nutrient Watershed Permit - R2-2014-0014.pdf,R2-2014-0014,,,PRESENT,,,PRESENT,,,,,,,,,,,,,,,,,,,,,,,,,,,,,,,,,,,,,,,,,,,,,,,,,,,,,,,,,,,,,,,,,,,,,,,,,,,,,,,,,,,,,,,,,,,,
213875,2 071008001,R2-2022-0020,CA0037648,Central Contra Costa Sanitary District,Central Contra Costa SD WWTP,Contra Costa,R2-2022-0020.pdf,R2-2022-0020,,PRESENT,PRESENT,,,PRESENT,PRESENT,,PRESENT,PRESENT,,,,,,,PRESENT,,,,,,,,,,,,,,,,,,,,PRESENT,,,,,,,,,,,,,,,,,,,,,,,,PRESENT,,PRESENT,,,,,,,,,,PRESENT,,,,,,PRESENT,PRESENT,,,,,PRESENT,,,PRESENT,OFFSITE,,OFFSITE,,,,PRESENT,,,
213875,2 071008001,R2-2022-0020,CA0037648,Central Contra Costa Sanitary District,Central Contra Costa SD WWTP,Contra Costa,R2-2012-0016.pdf,R2-2012-0016,,PRESENT,PRESENT,,,PRESENT,PRESENT,,PRESENT,PRESENT,,,,,,,PRESENT,,,,,,,,,,,,,,,,,,,,PRESENT,,,,,,,,,,,,,,,,,,,,,,,,PRESENT,,PRESENT,,,,,,,,,,PRESENT,,,,,,PRESENT,PRESENT,,,,,PRESENT,,,PRESENT,OFFSITE,,OFFSITE,,,,,,,
217831,2 071032001,R2-2023-0008,CA0037796,Pinole City,City of Pinole WWTP,Contra Costa,City of Pinole - Order No. R2-2018-0004.pdf,R2-2018-0004,,PRESENT,FUTURE,,,PRESENT,,,,,,,,,,FUTURE,PRESENT,,,,,,,,,,,FUTURE,,,,FUTURE,PRESENT,,,,,,,,,,,,,,,,,,,,,,,,,,,,,,,,,PRESENT,,,,,,,,,,PRESENT,,,PRESENT,PRESENT,,,,,PRESENT,,,,,,OFFSITE,,,,,,,
217831,2 071032001,R2-2023-0008,CA0037796,Pinole City,City of Pinole WWTP,Contra Costa,R2-2023-0008.pdf,R2-2023-0008,,PRESENT,PRESENT,,,PRESENT,PRESENT,,,,,,,,,PRESENT,,,,,,,,,,,,PRESENT,,,,PRESENT,PRESENT,,,,,,,,,,,,,,,,,,,,,,,,,,,,PRESENT,PRESENT,,,,,,,,,,,,,,PRESENT,,,PRESENT,PRESENT,,,,,PRESENT,,,,FUTURE,FUTURE,OFFSITE,,,,,,,
220315,5B070105003,R5-2024-0068,CA0078590,Town of Discovery Bay CSD,Discovery Bay WWTP,Contra Costa,r5-2019-0082_npdes.pdf,R5-2019-0082,,,PRESENT,,,PRESENT,,,PRESENT,,,PRESENT,,,,,,,,,,,,PRESENT,,,,,,,,,,,,,PRESENT,,,,,,,,,,,,,,,,,,,,,,,,,,PRESENT,,,,,,,,,,,,,,PRESENT,,PRESENT,,,PRESENT,,,,PRESENT,,,,,OFFSITE,,,,,,,
220315,5B070105003,R5-2024-0068,CA0078590,Town of Discovery Bay CSD,Discovery Bay WWTP,Contra Costa,R5-2024-0068_npdes.pdf,R5-2024-0068,,,PRESENT,,,PRESENT,,,PRESENT,,,PRESENT,,,,PRESENT,,,,,,,,PRESENT,,,,,,,,PRESENT,,,,,PRESENT,,,,,,,,,,,,,,,,,,,,,,,,,,PRESENT,,,,,,,,,,,,,,PRESENT,,PRESENT,,,PRESENT,,,,PRESENT,,,,,OFFSITE,,,,,,,
220315,5B070105003,R5-2024-0068,CA0078590,Town of Discovery Bay CSD,Discovery Bay WWTP,Contra Costa,r5-2014-0073.pdf,R5-2014-0073,,,PRESENT,,,PRESENT,,,PRESENT,,,PRESENT,,,,,,,,,,,,PRESENT,,,,,,,,,,,,,,,,,,,,,,,,,,,,,,,,,,,,,,,PRESENT,,,,,,,,,,,,,,PRESENT,,PRESENT,,,PRESENT,,,,PRESENT,,,PRESENT,,,,,,,,,
220315,5B070105003,R5-2024-0068,CA0078590,Town of Discovery Bay CSD,Discovery Bay WWTP,Contra Costa,R5-2008-0179.pdf,R5-2008-0179,,,PRESENT,,,PRESENT,,,PRESENT,,,PRESENT,,,,,PRESENT,,,,,,,PRESENT,,,,,,,,,,,,,,,,,,,,,,,,,,,,,,,,,,,,,,,PRESENT,,,,,,,,,,,,,,PRESENT,,PRESENT,,,PRESENT,,,,PRESENT,,,,,,,,,,,,
223236,2 071227001,R2-2010-0113,,East Brother Light Station Inc,East Brother Light StationWWTP,Contra Costa,Final Order Package 2010-0113.pdf,,,PRESENT,,,,,,,,,,,,,,,,,,,,,,,,,,,,,,,,,,,PRESENT,,,,,,,,,,,,,,,,,PRESENT,,,,,,,,,PRESENT,,,,,,,,,,,,,,,,,,,,,,,,,,,,,,,,,,,PRESENT
232656,5B07NP00013,R5-2024-0038,CA0085260,Ironhouse Sanitary District,Ironhouse WWTF,Contra Costa,R5-2018-0090_npdes permit.pdf,R5-2018-0090,,,,,,PRESENT,PRESENT,,,,,,,,,PRESENT,PRESENT,,,,,,,,,,,,,,,PRESENT,PRESENT,,,,,,,,,,,,,,,,,,,PRESENT,,,,,,,,,,,PRESENT,,,,,,PRESENT,,,,,,,,,,PRESENT,,,,,,,,,,PRESENT,OFFSITE,,,,,,,,
232656,5B07NP00013,R5-2024-0038,CA0085260,Ironhouse Sanitary District,Ironhouse WWTF,Contra Costa,r5-2008-0057.pdf,R5-2008-0057,,,,,,PRESENT,PRESENT,,,,,,,,,FUTURE,FUTURE,,PRESENT,,,,,PRESENT,,,,,,,,FUTURE,FUTURE,,,,,,,,,,,,,,,,,,,,FUTURE,,,,,,,,PRESENT,,FUTURE,,,,,,,,,,,,,,,,PRESENT,,,,,,,,,,OFFSITE,,OFFSITE,,,,,,,
232656,5B07NP00013,R5-2024-0038,CA0085260,Ironhouse Sanitary District,Ironhouse WWTF,Contra Costa,R5-2024-0038.pdf,R5-2024-0038,,,,,,PRESENT,PRESENT,,,,,,,,,PRESENT,PRESENT,,,,,,,,,,,,,,,PRESENT,PRESENT,,,,,,,,,,,,,,,,,,,PRESENT,,,,,,,,,,,PRESENT,,,,,,PRESENT,,,,,,,,,,PRESENT,,,,,,,,,,PRESENT,OFFSITE,,,,,,,,
232656,5B07NP00013,R5-2024-0038,CA0085260,Ironhouse Sanitary District,Ironhouse WWTF,Contra Costa,r5-2013-0157.pdf,R5-2013-0157,,,,,,PRESENT,PRESENT,,,,,,,,,PRESENT,PRESENT,,,,,,,,,,,,,,,PRESENT,PRESENT,,,,,,,,,,,,,,,,,,,PRESENT,,,,,,,,,,,PRESENT,,,,,,PRESENT,,,,,,,,,,PRESENT,,,,,,,,,,,,OFFSITE,,,,,,,
256695,2 071042001,R2-2017-0039,CA0005789,Martinez Refining Company LLC,Martinez Refining Company WWTP,Contra Costa,R2-2006-0070.pdf,R2-2006-0070,,,,PRESENT,PRESENT,,,,PRESENT,PRESENT,,,,,,,PRESENT,,PRESENT,,,,,PRESENT,,,,,,,,,,,,,,,,,,,,,,,,,,,,,,,,,,,,PRESENT,,,,,,,,,,,,,,,,,,,,,,,,,PRESENT,,,,,,,,,,,,,
256695,2 071042001,R2-2017-0039,CA0005789,Martinez Refining Company LLC,Martinez Refining Company WWTP,Contra Costa,Shell R2-2017-0039.pdf,R2-2017-0039,,,,PRESENT,,,,,PRESENT,PRESENT,,,,,,,PRESENT,,,,,,,PRESENT,,,,,,,,,,,,,,,,,,,,,,,,,,,,,,,,,,,,PRESENT,,,,,,,,,,,,,,,,,,,,,,,,,,,,,,,,,,,,,,
241815,2 071029001,R2-2021-0026,CA0037770,Mt View Sanitary District,Mt. View Sanitary District WWTP,Contra Costa,MVSD Final Order ADA.pdf,R2-2021-0026,,PRESENT,PRESENT,,,PRESENT,,,,,,,,,,PRESENT,,,,,,,,PRESENT,,,,,,,,,PRESENT,,,,PRESENT,,PRESENT,,,,,,,,,,,,,,,,PRESENT,,,,,,,,PRESENT,,,,,,,,,,,,,PRESENT,,,PRESENT,PRESENT,,PRESENT,,,PRESENT,PRESENT,,,,,OFFSITE,,,,,,,
241815,2 071029001,R2-2021-0026,CA0037770,Mt View Sanitary District,Mt. View Sanitary District WWTP,Contra Costa,Nutrient Watershed Permit - R2-2014-0014.pdf,R2-2014-0014,,,PRESENT,,,PRESENT,,,,,,,,,,PRESENT,,,,,,,,,,,,,,,,,PRESENT,,,,,,,,,,,,,,,,,,,,,,,,,,,,,,,,,,,,,,,,,,,,,,,,,,,,,,,,,,,,,,,,,
248886,2 071034001,R2-2024-0009,CA0037885,Crockett Community Services District,Port Costa WWTP,Contra Costa,CA0037885 Port Costa R2-2018-0053.pdf,R2-2018-0053,,PRESENT,,,,,,,,,,,,,,,,,,,,,,,,,,,,,,,,,,,PRESENT,,,,,,,,,,,,,,,,,,,,,,,,PRESENT,PRESENT,,,,,,,,,,,,,,,,,,,,,,,,,,,,,,OFFSITE,,,,,,PRESENT
248886,2 071034001,R2-2024-0009,CA0037885,Crockett Community Services District,Port Costa WWTP,Contra Costa,Nutrient Watershed Permit - R2-2014-0014.pdf,R2-2014-0014,,,PRESENT,,,PRESENT,,,,,,,,,,,,,,,,,,,,,,,,,,,,,,,,,,,,,,,,,,,,,,,,,,,,,,,,,,,,,,,,,,,,,,,,,,,,,,,,,,,,,,,,,,,,
248886,2 071034001,R2-2024-0009,CA0037885,Crockett Community Services District,Port Costa WWTP,Contra Costa,Port Costa Final Order - 10-13.pdf,R2-2013-0035,,PRESENT,,,,,,,,,,,,,,,,,,,,,,,,,,,,,,,,,,,PRESENT,,,,,,,,,,,,,,,,,,,,,,,,PRESENT,PRESENT,,,,,,,,,,,,,,,,,,,,,,,,,,,,,,OFFSITE,,,,,,PRESENT
248886,2 071034001,R2-2024-0009,CA0037885,Crockett Community Services District,Port Costa WWTP,Contra Costa,Port Costa WWTP - Final Order  (01-08).pdf,R2-2008-0005,,PRESENT,,,,,,,,,,,,,,,,,,,,,,,,,,,,,,,,,,,PRESENT,,,,,,,,,,,,,,,,,,,,,,,,PRESENT,PRESENT,,,,FUTURE,,,,,,,,FUTURE,,,,,,,,,,,,,,,,,,,,,,,,PRESENT
248886,2 071034001,R2-2024-0009,CA0037885,Crockett Community Services District,Port Costa WWTP,Contra Costa,R2-2024-0009 Port Costa NPDES Order.pdf,R2-2024-0009,,PRESENT,,,,,,,PRESENT,,,,,,,,,,,,,,,,,,,,,,,,,,,,PRESENT,,,,,,,,,,,,,,,,,,,,,,,,PRESENT,PRESENT,,,,,,,,,,,,,,,,,,,,,,,,,,,,,,OFFSITE,,,,,,PRESENT
253174,2 071039001,R2-2022-0037,CA0037826,Rodeo Sanitary District,Rodeo Sanitary District WWTP,Contra Costa,R2-2017-0034.pdf,R2-2017-0034,PRESENT,PRESENT,,,,,PRESENT,,,,,,,,,,PRESENT,,,,,,,,,,,,,,,,,,,,,,,,,,,,,,,,,,,,,,,,,,,,,,,,,PRESENT,,,,,,,,,,PRESENT,,,PRESENT,PRESENT,,PRESENT,,,PRESENT,,,,,,OFFSITE,,,,,,,
253174,2 071039001,R2-2022-0037,CA0037826,Rodeo Sanitary District,Rodeo Sanitary District WWTP,Contra Costa,R2-2022-0037.pdf,R2-2022-0037,PRESENT,PRESENT,PRESENT,,,PRESENT,PRESENT,,,,,,,,,PRESENT,PRESENT,,,,,,,,,,,,,,,,PRESENT,,,,,,,,,,,,,,,,,,,,,,,,,,,,PRESENT,PRESENT,,,,,,,,,,,,,,PRESENT,,,PRESENT,PRESENT,FUTURE,PRESENT,,,PRESENT,,,,FUTURE,FUTURE,OFFSITE,,,,,,,
269601,2 071059001,R2-2016-0043,CA0005002,USS-Posco Industries,USS-UPI LLC - NPDES/SUB15,Contra Costa,R2-2016-0043.pdf,R2-2016-0043,,,,PRESENT,PRESENT,,,,,,,,,,,,,,,,,,,,,,,,,,,,,,,,,,,,,,,,,,,,,,,,,,,,,,,,,,,,,,,,,PRESENT,PRESENT,,PRESENT,,,,,,PRESENT,,,,,,,,,,,,,,,,,,,
269601,2 071059001,R2-2016-0043,CA0005002,USS-Posco Industries,USS-UPI LLC - NPDES/SUB15,Contra Costa,Posco R2-2011-0048.pdf,R2-2011-0048,,PRESENT,,PRESENT,,,,,,,,,,,,,,,,,,,,,,,,,,,,,,,,,,,,,,,,,,,,,,,,,,,,,,,,,,,,,,,,,,PRESENT,PRESENT,,PRESENT,,,,,,PRESENT,,,,,,,,,,,,PRESENT,,,,,,,
215234,2 071107001,R2-2024-0008,CA0038539,West County Agency,West County Agency Outfall,Contra Costa,WCA R2-2019-0003 - 02-2019.pdf,R2-2019-0003,,PRESENT,PRESENT,,,PRESENT,PRESENT,,PRESENT,OFFSITE,,,,,,PRESENT,,,,,,,,PRESENT,,,,,,,,PRESENT,PRESENT,,,,,,,,,,,,,,,,,,,,,,,,,,,,PRESENT,OFFSITE,,,,,,,,,,,,,,PRESENT,,,,,,PRESENT,,,OFFSITE,PRESENT,,,,,OFFSITE,,,,,,,
215234,2 071107001,R2-2024-0008,CA0038539,West County Agency,West County Agency Outfall,Contra Costa,R2-2024-0008 West County.pdf,R2-2024-0008,FUTURE,PRESENT,PRESENT,,,PRESENT,PRESENT,,PRESENT,PRESENT,,,,,,PRESENT,,,,,,,,,,,,PRESENT,,,,PRESENT,,,,,,,,,,,,,,,,,,,,,,,,,,,,,PRESENT,OFFSITE,,,,,,,,,,,,,,FUTURE,,,PRESENT,FUTURE,FUTURE,,,,PRESENT,,,,,,,,,,,FUTURE,FUTURE,
215234,2 071107001,R2-2024-0008,CA0038539,West County Agency,West County Agency Outfall,Contra Costa,WCA R2-2008-0003.pdf,R2-2008-0003,,OFFSITE,OFFSITE,,,OFFSITE,OFFSITE,,,,,,,,,,OFFSITE,,,,,,,,,,,,,,,,,,,,OFFSITE,,,,,,,,,,,,,,,,,,,,,,,,OFFSITE,OFFSITE,,,,,,,,,,,,,,,,,,,,,,,,,,,,,,,,,,,,
833707,1A171868RDN,2014-0153-DWQ,,CA Dept of Trans D1,CDOT Collier Tunnel Rest Area,Del Norte,180618_RRO_er_CaltransCollierTunnel_NOA.pdf,WQ-2014-0153-DWQ,PRESENT,PRESENT,PRESENT,,,,,,PRESENT,,,,,,,,,,,,,,,,,,,,,,,,,,,,,,,,,,,,,,,,,,,,,PRESENT,,,,,,,,,,,,,,,,,,,,,,PRESENT,,,,,,,,,,,,,,,,,,,,,,PRESENT
216106,1A84006ODN,R1-2023-0039,CA0022756,Crescent City,Crescent City WWTP,Del Norte,17_0002_CrescentCity_WWTF_NPDES.pdf,R1-2017-0002,,PRESENT,PRESENT,,,PRESENT,PRESENT,,,,,,,,,PRESENT,,,,,,,,,,,,,,,,,PRESENT,,,,,,,PRESENT,,,,,,,,,,,,PRESENT,,,,,,,,,PRESENT,PRESENT,PRESENT,,,,,,,,,,,,,PRESENT,,,PRESENT,,,,,,PRESENT,,,,,,OFFSITE,,,,,,,
216106,1A84006ODN,R1-2023-0039,CA0022756,Crescent City,Crescent City WWTP,Del Norte,23_0039_CrescentCity_NPDES.pdf,R1-2023-0039,,PRESENT,PRESENT,,,PRESENT,PRESENT,,,,,,,,,,,,,,,,,,,,,,,,,,,,,,,,,PRESENT,,,,,,,,,,,,PRESENT,,,,,,,,,PRESENT,PRESENT,PRESENT,,,,,,,,,,,,,PRESENT,,,PRESENT,,,,,,PRESENT,,,,,,OFFSITE,,,,,,,
216106,1A84006ODN,R1-2023-0039,CA0022756,Crescent City,Crescent City WWTP,Del Norte,11_0019_NPDES_CrescentCityWWTF_CER_110627.pdf,R1-2011-0019,,PRESENT,,,,PRESENT,PRESENT,,,,,,,,,,,,,,,,,,,,,,,,,,,,,,,,,PRESENT,,,,,,,,,,,,PRESENT,,,,,,,,,,PRESENT,PRESENT,,,,,,,,,,,FUTURE,,PRESENT,,,PRESENT,,,,,,PRESENT,,,,,,PRESENT,,,,,,,
212899,5A090102010,R5-2012-0045,,El Dorado Irrigation District,Camino Heights WWTP,El Dorado,r5-2012-0045.pdf,R5-2012-0045,,,,,,PRESENT,,,,,,,,,,,,,PRESENT,,,,,,,,,,,,,,,,,,PRESENT,,,,,,,,,,,,,,,,,,,,,,,,PRESENT,,,,,,,,,,,,,,,,,,,,,,,,,,,,PRESENT,,OFFSITE,PAST,,,,,,
219398,5B090102001,R5-2023-0025,CAC433255,El Dorado Irrigation District,Deer Creek WWTP,El Dorado,eid_deercreek_wwtp_mgo_noa_revised.pdf,R5-2023-0025,,PRESENT,PRESENT,,,PRESENT,PRESENT,,PRESENT,,,,,,,PRESENT,,,,,,,,PRESENT,,,,,,,,PRESENT,,,,,PRESENT,,,,,,,,,,,,,,,,,PRESENT,,,,PRESENT,,,,,PRESENT,,,,,,PRESENT,,,,PRESENT,,,,PRESENT,,PRESENT,,,,,,PRESENT,,,PRESENT,OFFSITE,,OFFSITE,,,,,,,
219398,5B090102001,R5-2014-0081,CAC433255,El Dorado Irrigation District,Deer Creek WWTP,El Dorado,r5-2008-0173-01.pdf,R5-2008-0173,PRESENT,PRESENT,,,,PRESENT,PRESENT,,PRESENT,,,,,,,PRESENT,,,,,,,,,,,,,,,,PRESENT,,,,,PRESENT,,,,,,,,,,,,,,,,,,,,,,,,PRESENT,,PRESENT,,,,,,PRESENT,,,,PRESENT,,,,PRESENT,,PRESENT,,,,,,PRESENT,,,PRESENT,PRESENT,,PRESENT,,,,,,,
219398,5B090102001,R5-2014-0081,CAC433255,El Dorado Irrigation District,Deer Creek WWTP,El Dorado,R5-2011-0038.pdf,R5-2011-0038,PRESENT,PRESENT,,,,PRESENT,PRESENT,,PRESENT,,,,,,,PRESENT,,,,,,,,,,,,,,,,PRESENT,,,,,PRESENT,,,,,,,,,,,,,,,,,,,,,,,,PRESENT,,PRESENT,,,,,,PRESENT,,,,PRESENT,,,,PRESENT,,PRESENT,,,,,,PRESENT,,,PRESENT,OFFSITE,,OFFSITE,,,,,,,
219398,5B090102001,R5-2014-0081,CAC433255,El Dorado Irrigation District,Deer Creek WWTP,El Dorado,R5-2008-0173.pdf,R5-2008-0173,PRESENT,PRESENT,,,,PRESENT,PRESENT,,PRESENT,,,,,,,PRESENT,,,,,,,,,,,,,,,,PRESENT,,,,,PRESENT,,,,,,,,,,,,,,,,,,,,,,,,PRESENT,,PRESENT,,,,,,PRESENT,,,,PRESENT,,,,PRESENT,,PRESENT,,,,,,PRESENT,,,PRESENT,PRESENT,,PRESENT,,,,,,,
219398,5B090102001,R5-2014-0081,CAC433255,El Dorado Irrigation District,Deer Creek WWTP,El Dorado,r5-2014-0081.pdf,R5-2014-0081,PRESENT,PRESENT,PRESENT,,,PRESENT,PRESENT,,PRESENT,,,,,,,PRESENT,,,,,,,,,,,,,,,,PRESENT,PRESENT,,,,PRESENT,,,,,,,,,,,,,,,,,PRESENT,,,,PRESENT,,,PRESENT,,PRESENT,,,,,,PRESENT,PRESENT,,,PRESENT,,,,PRESENT,,PRESENT,,,,,,,,,,OFFSITE,,OFFSITE,,,,,,,
227444,5A090102008,2014-0153-DWQ,,El Dorado Irrigation District,Gold Ridge Forest Unit 3,El Dorado,2014-0153-DWQ-R5293_06Aug2019_NOA.pdf,WQ-2014-0153-DWQ,,PRESENT,,,,,,,,,,,,,,,,,,,,,,,,,,,,,,,,,,,,,,,,,,,,,,,,,,,,,,,,,,,,,,,,,,,,,,,,,,,,,,,,,,,,,,,PRESENT,,,OFFSITE,,,,,,PRESENT
229595,5A090100001,R5-2023-0025,CAC439621,Placerville City,Hangtown Creek WRF,El Dorado,r5-2023-0025-011_mgo_noa.pdf,R5-2023-0025,,PRESENT,PRESENT,,,PRESENT,,,PRESENT,,,,,,,,,,,,,,,,,,,,,,,,PRESENT,,,,PRESENT,,,,,,,,,,,,,,,,,,,,,,,,,,PRESENT,,,,,,,,,,,,,PRESENT,,,PRESENT,,,,,,PRESENT,,,,OFFSITE,,,,,,,,,
229595,5A090100001,R5-2014-0015-01,CAC439621,Placerville City,Hangtown Creek WRF,El Dorado,r5-2014-0015-01.pdf,R5-2014-0015,,PRESENT,PRESENT,,PRESENT,,,,PRESENT,,,,,,,PRESENT,,,,,,,,,,,,PRESENT,,,,PRESENT,PRESENT,,,,PRESENT,,,,,,,,,,,,,,,,,,,,,,,,PRESENT,PRESENT,PRESENT,,,,,,,,,,,,,PRESENT,,,PRESENT,,,,,,,,,,OFFSITE,,,,,,,,,
229595,5A090100001,R5-2014-0015-01,CAC439621,Placerville City,Hangtown Creek WRF,El Dorado,r5-2008-0053.pdf,R5-2008-0053,,PRESENT,PRESENT,,,,FUTURE,,,,,,,,,,PRESENT,,,,,,,FUTURE,,,,,,,,,PRESENT,,,,PRESENT,,,,,,,,,,,,,,,,,,,,,,,,PRESENT,,FUTURE,,,,,,,,,,,,,PRESENT,PRESENT,,PRESENT,,,,,,FUTURE,,,,,,,,,,,,,
229595,5A090100001,R5-2014-0015-01,CAC439621,Placerville City,Hangtown Creek WRF,El Dorado,r5-2014-0015.pdf,R5-2014-0015,,PRESENT,PRESENT,,PRESENT,,,,PRESENT,,,,,,,PRESENT,,,,,,,,,,,,PRESENT,,,,PRESENT,PRESENT,,,,PRESENT,,,,,,,,,,,,,,,,,,,,,,,,PRESENT,PRESENT,PRESENT,,,,,,,,,,,,,PRESENT,,,PRESENT,,,,,,,,,,OFFSITE,,,,,,,,,
641209,5B09NC00006,R5-2006-0019-001,,El Dorado Cnty Env Mgmt Dept,Union Mine Disposal Site,El Dorado,r5-2006-0019.pdf,R5-2006-0019,,,,,,PRESENT,,,,,,,,,,,,,,,,,,,,,,,,,,,,,,,,,,,,,,,,,,,,,,,,,,,,,,,PRESENT,,,,,,,,,,,,,,,,PRESENT,,PRESENT,PRESENT,,,,,,,,,,,PRESENT,,,,,,,
641209,5B09NC00006,R5-2006-0019-001,,El Dorado Cnty Env Mgmt Dept,Union Mine Disposal Site,El Dorado,r5-2006-0019-001_wdr.pdf,R5-2006-0019,,,,,,PRESENT,,,,,,,,,,,,,,,,,,,,,,,,,,,,,,,,,,,,,,,,,,,,,,,,,,,,,,,PRESENT,,,,,,,,,,,,,,,,PRESENT,,PRESENT,PRESENT,,,,,,,,,PRESENT,,PRESENT,,,,,,,
641209,5B09NC00006,R5-2006-0019-001,,El Dorado Cnty Env Mgmt Dept,Union Mine Disposal Site,El Dorado,r5-2006-0019-002_wdr.pdf,R5-2006-0019,,,,,,PRESENT,,,,,,,,,,,,,,,,,,,,,,,,,,,,,,,,,,,,,,,,,,,,,,,,,,,,,,,PRESENT,,,,,,,,,,,,,,,,PRESENT,,PRESENT,PRESENT,,,,,,,,,PRESENT,,PRESENT,OFFSITE,,,,,,
209509,5C102009001,R5-2012-0048,CA0079545,Southern California Edison,Big Creek Powerhouse No 1 WWTF,Fresno,r5-2005-0156.pdf,R5-2005-0156,,PRESENT,PRESENT,PRESENT,,,,,,,,,,,,,,,,,,,,PRESENT,,,,,,,,,,,PRESENT,,,,,,,,,,,,,,,,,,,PRESENT,,,PRESENT,PRESENT,,,PAST,PAST,PRESENT,,,,PRESENT,,,,,,PRESENT,,,PRESENT,,,,,,,,,,,,,,,,OFFSITE,,,,,,
209509,5C102009001,R5-2012-0048,CA0079545,Southern California Edison,Big Creek Powerhouse No 1 WWTF,Fresno,r5-2012-0048.pdf,R5-2012-0048,,PRESENT,PRESENT,PRESENT,,PRESENT,PRESENT,,,,,,,,,,PRESENT,,,,,,,PRESENT,,,,,,,,,PRESENT,,PRESENT,,,,,,,,,,,,,,,PRESENT,,PRESENT,,,,,PRESENT,PRESENT,,,,,PRESENT,,,,PRESENT,,,,,,PRESENT,,,,,,PRESENT,,,,,,,,,,,,,,,,,,,
209509,5C102009001,2014-0153-DWQ,CA0079545,Southern California Edison,Big Creek Powerhouse No 1 WWTF,Fresno,2014-0153-DWQ-R5187.pdf,WQ-2014-0153-DWQ,,,,,,,,,,,,,,,,,,,,,,,,,,,,,,,,,,,,,,,,,,,,,,,,,,,,,,,,,,,,,,,,,,,,,,,,,,,,,,,,,,,,,,,,,,,,,,,,,,FUTURE
214899,5C10NP00012,R5-2024-0036,CA0085235,Clovis City,Clovis WWTF,Fresno,r5-2024-0036_npdes.pdf,R5-2024-0036,,,,,,PRESENT,PRESENT,,,,,,,,,PRESENT,,,,,,,,,,,,,,,,PRESENT,PRESENT,,,,,,,,,,,,,,,,,,PRESENT,,,,,,,,,,,,PRESENT,,,,,,,,,,,,,,,PRESENT,PRESENT,PRESENT,,,,,,,,,,,OFFSITE,,,,,,,
214899,5C10NP00012,R5-2024-0036,CA0085235,Clovis City,Clovis WWTF,Fresno,r5-2019-0021.pdf,R5-2019-0021,,,,,,PRESENT,PRESENT,,,,,,,,,PRESENT,,,,,,,,,,,,,,,,PRESENT,PRESENT,,,,,,,,,,,,,,,,,,,,PRESENT,,,,,,,,,,PRESENT,,,,,,,,,,,,,,,PRESENT,PRESENT,PRESENT,,,,,,,,,,,OFFSITE,,,,,,,
214899,5C10NP00012,R5-2024-0036,CA0085235,Clovis City,Clovis WWTF,Fresno,r5-2008-0036.pdf,R5-2008-0036,,,,,,PRESENT,PRESENT,,,,,,,,,,PRESENT,,,,,,,,,,,,,,,,,,,,,PRESENT,,,,,,,,,,,,,PRESENT,,,,PRESENT,,,,,,,,PRESENT,,,,,,,,,,,,,,PRESENT,PRESENT,PRESENT,,,,,,,,,,,OFFSITE,,OFFSITE,,,,,,
214899,5C10NP00012,R5-2024-0036,CA0085235,Clovis City,Clovis WWTF,Fresno,r5_2014-0005.pdf,R5-2014-0005,,,,,,PRESENT,PRESENT,,,,,,,,,PRESENT,PRESENT,,,,,,,,,,,,,,,PRESENT,PRESENT,,,,,,,,,,,,,,,,,PRESENT,,,,,,,,,,,,,PRESENT,,,,,,,,,,,,,,,PRESENT,PRESENT,PRESENT,,,,,,,,,,OFFSITE,OFFSITE,,,,,,,
214957,5C10NC00045,R5-2013-0055,,Ca Dept of Mental Health,Coalinga State Hospital WWTF,Fresno,R5-2013-0055.pdf,R5-2013-0055,PRESENT,,,,,PRESENT,,,,,,,,,,,,,PRESENT,,,,,PRESENT,,,,,,,,,,,,,,,,,,,,,,,,,,,,,,,,,,,,,PRESENT,,,,,,,,,,,,,,,,,,,,,,,,,,,,PRESENT,,OFFSITE,,,,,,,
835076,5C10NC00203,2014-0153-DWQ,,Pilot Travel Centers LLC,EZ Trip 1277,Fresno,PilotTravelCenters_2014-0153-DWQ.pdf,2014-0153-DWQ,,,,,,,,,,,,,,,,,PRESENT,,,,,,,,,,,,,,,,,,,,PRESENT,,,,,,,,,,,,,,,PRESENT,,PRESENT,PRESENT,,,,,,,,,,,PRESENT,,,,,,,,,,,,,,,,,,,,,,,PRESENT,,,,,,,,,PRESENT
273114,5C100103001,R5-2026-0017,,Firebaugh City,Firebaugh WWTF,Fresno,r5-2026-0017_wdrs.pdf,R5-2026-0017,,,PRESENT,,,PRESENT,,,,,,,,FUTURE,,,PRESENT,,PRESENT,,,,PRESENT,FUTURE,,,,,,,,,FUTURE,,,,PRESENT,,,,,,,,,,,,,,,,,,,,,,,,,,,,,,,,,,,,,,,,,,FUTURE,,,FUTURE,,,,,,,,,,,,,,,,
224827,5C101109001,2014-0153-DWQ,,Sierra Unified School District,Foothill Elementary School WWTF,Fresno,2014-0153-dwq-r5337 NOA for Foothill Middle School WWTF.pdf,WQ-2014-0153-DWQ,PRESENT,,,,,PRESENT,,,,,,,,,,,,,,,,PRESENT,PRESENT,,,,,,,,,,,,,,,,,,,,,,,,,,,,,,,,,,,,,,PAST,,,,,,,,,,,,,,,,,,,,,,,,,,,,,,,,,,,,,
201073,5D100102001,2014-0153-DWQ,,County of Fresno,Fresno Cnty #30-El Porvenir WWTF,Fresno,El Porvenir_NOA.pdf,WQ-2014-0153-DWQ,,PRESENT,,,,,,,,,,,,,,,,,PRESENT,,,,PRESENT,,,,,,,,,,,,,,,,,,,,,,,,,,,,,,,,,,,,,,,,,,,,,,,,,,,,,,,,,,,,,,,,,,,,,,,,,,,
201075,5D100102002,2014-0153-DWQ,,County of Fresno,Fresno Cnty #32-Cantua Creek WWTF,Fresno,NOA-2014-0153-dwq-r5335.pdf,WQ-2014-0153-DWQ,PAST,,,,,FUTURE,,,,,,,,,,,,,PRESENT,,,,,PRESENT,,,,,,,,,,,,,,,,,,,,,,,,,,,,,,,,,,,,,,,,,,,,,,,,,,,,,,,,,,,,,,,,,,,,,,,,,,
201076,5C100106003,R5-2008-0127,,County of Fresno,Fresno Cnty #34-Millerton New Town WWTF,Fresno,r5-2008-0127[1].pdf,R5-2008-0127,,,FUTURE,,,FUTURE,,,FUTURE,,,,,,,,,,,,,,PRESENT,PRESENT,,,,,,,,,,,,,PRESENT,,FUTURE,,,,,,,,,,,,,,,,,,FUTURE,FUTURE,,,FUTURE,,,,,,,,,,,,,FUTURE,,,FUTURE,,FUTURE,FUTURE,,,,,FUTURE,,,,,,OFFSITE,,,,,,,PRESENT
201081,5D100139001,2014-0153-DWQ,,County of Fresno,Fresno Cnty #44-D Monte Verdi Estates WWTF,Fresno,Monte Verde Small Dometic WWTF NOA.pdf,WQ-2014-0153-DWQ,,,,,,PRESENT,,,,,PAST,,,,,,,,,,,,,,,,,,,,,,,,,,,,,,,,,,,,,,,,,PRESENT,,,,,,,,,PRESENT,,,,,,,,,,,,,,,,PRESENT,,,,,,,,,,,,,,,,,,,,,
201082,5C101017001,2014-0153-DWQ,,County of Fresno,Fresno Cnty #44A-Millerton Lake MHV WWTF,Fresno,NOA_Millerton Lake MHV_2014_0153_DWQ_R5368 .pdf,WQ-2014-0153-DWQ,,,,,,,,,,,,,,,,,PRESENT,,,,,,PRESENT,,,,,,,,,,,,,,,,,,,,,,,,,,,,,,,,,,,,,,PRESENT,,,,,,,,,,,,,,,PRESENT,,,,,,,,,,,,,,,,OFFSITE,,,,,,
234146,5B10NC00011,R5-2007-0150,,County of Fresno,Fresno Cnty Juvenile Justice WWTF,Fresno,r5-2007-0150.pdf,R5-2007-0150,,PRESENT,PRESENT,,,PRESENT,,,PRESENT,,,,,,,PRESENT,,,,,,,,PRESENT,,,,,,,,,PRESENT,,,,PRESENT,,PRESENT,,,,,,,,,,,,,,,,,,PRESENT,PRESENT,,,PRESENT,,,,,,,,,,,,,PRESENT,,,PRESENT,,FUTURE,,,,,,,,,,,,,OFFSITE,,,,,,
273115,5D100105001,R5-2018-0080,,Fresno City Department of Public Utilities,Fresno Regional WWTF,Fresno,Order R5-2018-0080.pdf,R5-2018-0080,,PRESENT,PRESENT,,,PRESENT,PRESENT,,,,,,,,,,PRESENT,,,,,,,PRESENT,,,,,,,,,,,,,,,PAST,,,,,,,,,,,,,PRESENT,,,,,,,,,,,PRESENT,,,,,,,,,,,,,PRESENT,,,,,,,,,,,,,PRESENT,,,,,,,,,
227781,5D540700001,2014-0153-DWQ,,USDI National Park Service Sequoia & Kings Canyon,Grant Grove WWTF,Fresno,2014_0153_dwq_r5341.pdf,WQ-2014-0153-DWQ,,,PRESENT,,,PRESENT,,,PRESENT,,,,,,,,PRESENT,,,,,,,,,,,,,,,,,,,,PRESENT,,,,,,,,,,,,,,,,,,,,,,,,PRESENT,,,,,,,,,,,,,,,,PRESENT,,,,,,,,,,,,PRESENT,OFFSITE,,,,,,,,
815678,5C10NC00195,2014-0153-DWQ,,Greek Orthodox Monestery of the Theotokos,"Greek Orthodox Monestery of the Theotokos, The Life Giving Spring",Fresno,2014-0153-DWQ-R5184.pdf,WQ-2014-0153-DWQ,,,,,,,,,,,,,,,,,,,,,,,,,,,,,,,,,,,,,,,,,,,,,,,,,,,,,,,,,,,,,,,,,,,,,,,,,,,,,,,,,,,,,,,,,,,,,,,,,,PRESENT
224179,5D101042002,2014-0153-DWQ,,"Harris Farms, Inc.",Harris Farms Farm Labor Housing Facility,Fresno,Harris_Farms_Labor_Housing_NOA.pdf,WQ-2014-0153-DWQ,,,,,,,,,,,,,,,,,,,PRESENT,,,,PRESENT,PRESENT,,,,,,,,,,,,,,,,,,,,,,,,,,,,,,,,,,,,,,,,,,,,,,,,,,,,,,,,,,,,,,,,,,,,,,,,,,
273148,5D101112001,R5-2012-0125,,Hume Lake Chistian Camps,Hume Lake WWTF,Fresno,r5-2012-0125.pdf,R5-2012-0125,,,,,,PRESENT,,,PRESENT,,PRESENT,,,,,,PRESENT,,,,,,PRESENT,,,,,,,,,,,,,,,,,,,,,,,,,,,,,,,PRESENT,,,,PRESENT,,,PRESENT,,,,,,,,PRESENT,,,,,,,,PRESENT,,,,,PRESENT,,,,,,,PRESENT,,,,,,,,,
273119,5D100107001,R5-2014-0163,,Huron City,Huron WWTF,Fresno,r5-2014-0163.pdf,R5-2014-0163,,,PRESENT,,,PRESENT,,,,,,,,PRESENT,,,PRESENT,,PRESENT,,,,PRESENT,,,,,,,,,,,,,,,,,,,,,,,,,,,,,,,,,,,,,,,,,,,,,,,,,,,,,,,,,,,PRESENT,,,,,,,,,OFFSITE,,,,,,,
232098,5D101032002,2014-0153-DWQ,,I-5 Property Services Inc,I-5 & Panoche Road WWTF,Fresno,NOA 2014_0153_dwq_r5281.pdf,WQ-2014-0153-DWQ,,,,,PAST,PRESENT,,,PRESENT,,,,,,,,PAST,,,,,,PRESENT,,,,,,,,,,,,,,,,PRESENT,,,,,,,,,,,,,,,,,,,,,,,,,,,,,,,,,,,,,,,,,,,,,,,,,,,,,,,,,,,
234841,5D100108001,R5-2007-0115,,Kerman City,Kerman WWTF,Fresno,Kerman WWTF R5-2007-0115.pdf,R5-2007-0115,PRESENT,,PRESENT,,,PRESENT,,,FUTURE,,,,,,,FUTURE,PRESENT,,,,,,,PRESENT,,,,,,,,FUTURE,PRESENT,,,,,,,,,,,,,,,,,,,,,,,,,,,,,,,,,,,,,,,,,,,,FUTURE,,PRESENT,,,FUTURE,,,,,,,,,,,,,,,,
273175,5D100123001,R5-2016-0079,,Laton CSD,Laton WWTF,Fresno,r5-2016-0079.pdf,R5-2016-0079,PRESENT,,PRESENT,,,,,,,,,,,,,,PRESENT,,,,,,PRESENT,PAST,,,,,,,,,,,,,,,,,,,,,,,,,,,,,,,,,,,,,,,,,,,,,,,,,,,,,,,,,,PRESENT,,,,,,,,,,,,,,,,
273180,5D100124001,R5-2014-0145,,Malaga CWD,Malaga CWD WWTF,Fresno,r5-2008-0033.pdf,R5-2008-0033,,,PRESENT,,,PRESENT,PRESENT,,,PAST,,,,,,,PRESENT,,,,,,,PRESENT,,,,,,,,,,,,,PRESENT,,,,,,,,,,,,,,,,,,,,,PRESENT,,,PRESENT,PRESENT,FUTURE,,,,,,,,,,,PAST,,,PRESENT,,PRESENT,,,,,,PRESENT,,,,PAST,,,OFFSITE,,,,,,
273180,5D100124001,R5-2014-0145,,Malaga CWD,Malaga CWD WWTF,Fresno,r5-2014-0145.pdf,R5-2014-0145,,PRESENT,PRESENT,,,PRESENT,PRESENT,,,PRESENT,,,,,,,PRESENT,,,,,,,PRESENT,,,,,,,,,,,,,PRESENT,,,,,,,,,,,,,,,,,,,,,PAST,,,,,PRESENT,,,,,,,,,,,,,,PRESENT,,,,,PRESENT,,,PRESENT,,,,,,,,,,,,,
273180,5D100124001,R5-2020-0001,,Malaga CWD,Malaga CWD WWTF,Fresno,Malaga CWD-r5-2020-0001_wdr.pdf,R5-2020-0001,,PRESENT,PRESENT,,,PRESENT,PRESENT,,,PRESENT,,,,,,,PRESENT,,,,,,,PRESENT,,,,,,,,,,,,,,,,,,,,,,,,,,,,,,,,,,,,,,,,,,,,,,,,,,,,,PRESENT,,,,,PRESENT,,,PRESENT,,,,,,,OFFSITE,,,,,,
273126,5D100109001,R5-2016-0054,,Mendota City,Mendota WWTF,Fresno,r5-2016-0054.pdf,R5-2016-0054,,,,,,,,,,,,,,,,,,,,,,,PRESENT,PRESENT,,,,,,,,,,,,,,,,,,,,,,,,,,,,,,,,,,,,,,,,,,,,,,,,,,,,,,,,,,,,,,PRESENT,,,,,,,,,,,,
240826,5C100800001,2014-0153-DWQ,,Ca Dept of Parks & Rec Sacramento,Millerton Lake State Rec Area,Fresno,NOA_MLSRA_WWTF.pdf,WQ-2014-0153-DWQ,,PRESENT,,,,,,,,,,,,,,,,,,,,,PRESENT,,,,,,,,,,,,,,,,,,,,,,,,,,,,,,,,,,,,,,,,,,,,,,,,,,,,,,,,,,,,,,,,,,,,,OFFSITE,,,,,,PRESENT
240892,5B10NC00014,2014-0153-DWQ,,Fresno County Waterworks District No. 18,Mira Bella WWTF,Fresno,Mira Bella WWTF_NOA_2014-0153-DWQ-R5379.pdf,WQ-2014-0153-DWQ,,PRESENT,,,,,,,,,,,,,,,,,,,,,,,,,,,,,,,,,,,,,,,,,,,,,,,,,,,,,,,,,,,,,,,,,,,,,,,,,,,,,,,,,,,,,,,,,,OFFSITE,,,,,,PRESENT
215677,5D101129001,R5-2014-0162,,Fresno City Department of Public Utilities,North Fresno WWRF,Fresno,r5-2014-0162.pdf,R5-2014-0162,,,,,,PRESENT,,,PRESENT,,PRESENT,,,,,PRESENT,,,,,,,,PRESENT,,,,,,,,PRESENT,,,,,PRESENT,,,,,,,,,,,,,,,,,,,,PRESENT,,,,PAST,,PRESENT,,,,,,,,,,,PRESENT,,,,,,,,,,,,,,,,,,,,,,,,
273127,5D100110001,R5-2004-0008,,Orange Cove City,Orange Cove WWTF,Fresno,r5-2004-0008.pdf,R5-2004-0008,,,FUTURE,,PRESENT,PRESENT,,,,,,,,,,FUTURE,PRESENT,,,,,,PRESENT,PRESENT,,,,,,,,FUTURE,,,,,PRESENT,,,,,,,,,,,,,,,,,,,,,PRESENT,,,PRESENT,,,,,,,,,,,,,,,,FUTURE,,,,,FUTURE,,,,,,,,,,,,,,,,
248717,5D100805001,R5-2016-0092,,Ca Dept of Corrections Coalinga,Pleasant Valley State Prison WWTF,Fresno,r5-2016-0092.pdf,R5-2016-0092,,,,,,OFFSITE,,,,FUTURE,,,,,,,,,FUTURE,,,,,,,,,,,,,,,,,,FUTURE,,,,,,,,,,,,,,,,,,,,FUTURE,FUTURE,,,FUTURE,,,,,,,,,,,,,FUTURE,,,,,FUTURE,,,,,,FUTURE,,,,,,FUTURE,,,,,,,
273131,5C10NC00167,R5-2010-0120,,Reedley City,Reedley WWTF,Fresno,R5-2010-0120.pdf,R5-2010-0120,,,PRESENT,,OFFSITE,,,,,,,PRESENT,,,,,PRESENT,,,,,,,PRESENT,,,,,,,,PRESENT,,,,,,,,,,,,,,,,,,OFFSITE,,,,,,,,,,,,,,,,,,,,,,,,,,,,,PRESENT,PRESENT,,PRESENT,,,,,,,,OFFSITE,,,,,,,,
273185,5D100114001,R5-2018-0028,,Riverdale PUD,Riverdale WWTF,Fresno,Riverdale PUD IR.pdf,,PRESENT,,PRESENT,,,PAST,,,,,,,,,,,,,,,,,PRESENT,PRESENT,,,,,,,,,,,,,,,PAST,,,,,,,,,,,,,,,,,,,,,,,,,,,,,,,,,PRESENT,,,,,,,,,,,,,,PRESENT,,,PRESENT,,,,,,,,,
273185,5D100114001,R5-2018-0028,,Riverdale PUD,Riverdale WWTF,Fresno,r5-2018-0028.pdf,R5-2018-0028,,,,,,FUTURE,,,,,,,,,,,FUTURE,,,,,,PRESENT,,,,,,,,,,,,,,,,,,,,,,,,,,,,,,,,,,,,,,,,,,,,,,,,,,,,,,,,,,,,,,,,,,,,,,,,,,,
273132,5D100116001,R5-2007-0100,,San Joaquin City,San Joaquin WWTF,Fresno,r5-2007-0100.pdf,R5-2007-0100,,,PRESENT,,,PRESENT,,,,,,,,,,,FUTURE,,PRESENT,,,,PRESENT,PRESENT,,,,,,,,FUTURE,FUTURE,,,,,,,,,,,,,,,,,,,,,,,,,,,,,,,,,,,,,,,,,,,,,,,,,PRESENT,,,,PRESENT,,,PRESENT,,,,,,,,,
273133,5D100115001,R5-2014-0004,,Sanger City,Sanger WWTF,Fresno,r5-2014-0004.pdf,R5-2014-0004,,PRESENT,PRESENT,,,PRESENT,PRESENT,,,,,,,,,,PRESENT,,,,,,,OFFSITE,,,,,,,,,,,,,,,,,,,,,,,,,,,,,,,,,,,,,,,,,,PRESENT,,,,,,,,,,PRESENT,,,PRESENT,PRESENT,,PRESENT,,,PRESENT,,,,OFFSITE,,OFFSITE,,,,,,,
273188,5C101003001,2014-0153-DWQ,,Sierra Unified School District,Sierra High School WWTF,Fresno,Sierra High School_WWTF_final noa.pdf,WQ-2014-0153-DWQ,PRESENT,,PRESENT,,,PRESENT,,,,,,,,,,,PRESENT,,,,,,PRESENT,,,,,,,,,,,,,,,,,,,,,,,,,,,,,,,,,,,,,,,,,,,,,,,,,,,,,,,,,,,,,,,,,,,,,OFFSITE,,,,,,
273195,5D100117001,2014-0153-DWQ,,Tranquillity PUD,Tranquillity WWTF,Fresno,NOA _Tranquillity PUD_WWTF_2014-0153-DWQ-R5361.pdf,WQ-2014-0153-DWQ,,,,,,,,,,,,,,,,,,,,,,PRESENT,,PRESENT,,,,,,,,,,,,,,,,,,,,,,,,,,,,,,,,,,,,,,,,,,,,,,,,,,,,,,,,,,,,,,,,,,,,,,,,,,
272704,5A110101001,R5-2023-0025,CAC447786,Willows City,Willows WWTP,Glenn,R5-2017-0085-01.pdf,R5-2017-0085,,,,,,,,,,,,,,,,,,,,,,,,,,,,,,,,,,,,,,,,,,,,,,,,,,,,,,,,,,,,,,,,,,,,,,,,,,,,,,,,,,,,,,,,,,,,,,,,,,
272704,5A110101001,R5-2016-0090,CAC447786,Willows City,Willows WWTP,Glenn,R5-2016-0090.pdf,R5-2016-0090,,,PRESENT,,,PRESENT,,,PRESENT,,,,,PRESENT,,,PRESENT,,,,,,,PRESENT,,,,,,,,,,,,,PRESENT,,,,,,,,,,,,,,,,,,,,,,,,PRESENT,PRESENT,,,,,,,,,,,,,,,,,,,,PRESENT,,,,PRESENT,,,,,,,,,,,,
272704,5A110101001,R5-2023-0025,CAC447786,Willows City,Willows WWTP,Glenn,willows_wwtp_noa_signed.pdf,R5-2017-0085,,,PRESENT,,,PRESENT,,,PRESENT,,,,,PRESENT,,,PRESENT,,,,,,,PRESENT,,,,,,,,,,,,,PRESENT,,,,,,,,,,,,,,,,,,,,,,,,PRESENT,PRESENT,,,,,,,,,,,,,,,,,,,,PRESENT,,,,PRESENT,,,,,,,,,,,,
272704,5A110101001,R5-2016-0090,CAC447786,Willows City,Willows WWTP,Glenn,r5-2011-0072.pdf,R5-2011-0072,PAST,,PRESENT,,,PRESENT,,,PRESENT,,,,,PRESENT,,,PRESENT,,PAST,,,PAST,,PRESENT,,,,,,,,,,,,,PRESENT,,,,,,,,,,,,,,,,,,,,,,,,PRESENT,PRESENT,,,,PAST,,,,,,,,,,,,,,,,,,,,PRESENT,,,,,,,,,,,,
272704,5A110101001,R5-2016-0090,CAC447786,Willows City,Willows WWTP,Glenn,2006-0009.pdf,R5-2006-0009,PRESENT,,FUTURE,,,FUTURE,,,FUTURE,,,,,FUTURE,,,,,,,,PRESENT,,FUTURE,,,,,,,,,,,,,FUTURE,,,,,,,,,,,,,,,,,,,,,,,,FUTURE,FUTURE,,,,PRESENT,,,,,,,,,,,,,,,,,,,,FUTURE,,,,,,,,,,,,
209801,1B81129OHUM,R1-2012-0050,,Blue Lake City,Blue Lake City POTW,Humboldt,12_0050_WDR_BlueLake_RRO_120618.pdf,R1-2012-0050,PRESENT,,PRESENT,,,PRESENT,,,,,,,,,,,,,,,,PRESENT,,PRESENT,,,,,,,,,,,,,PRESENT,,,,,,,,,,,,,,,,,,,,,,,,PRESENT,,,,,,,,,,,,,,,,,,PRESENT,,,,,,,,,,,,,,,,,,,
215141,1B80121OHUM,R1-2016-0041,CA0006700,College of the Redwoods,"College of the Redwoods, POTW",Humboldt,10_0003_NPDES_CollegeoftheRedwoods_signed.pdf,R1-2010-0003,,,PRESENT,,,,,,,,,,,,,,PRESENT,,,,,,,,,,,,,,,,,,,,,,,,,,,,,,,,,,,,,,,,,,,,PRESENT,PRESENT,,,,,,,,,,,,,,,,,,,,,,,,,,,,,,,,,,,,
215141,1B80121OHUM,2014-0153-DWQ,CA0006700,College of the Redwoods,"College of the Redwoods, POTW",Humboldt,180607_JCM_dp_College_of_the_Redwoods_NOA (003).pdf,WQ-2014-0153-DWQ,,PRESENT,,,,,,,PRESENT,,,,,,,PRESENT,PRESENT,,,,,,,,,,,,,,,PRESENT,PRESENT,,,,,,PRESENT,,,,,,,,,,,,,,,,,,,,,,,,,,,,,,,,,,,,,,,,,,,,,,,,,,,,,OFFSITE,,,,,,PRESENT
215141,1B80121OHUM,R1-2016-0041,CA0006700,College of the Redwoods,"College of the Redwoods, POTW",Humboldt,16_0041_College_of_the_Redwoods_NPDES.pdf,R1-2016-0041,,,PRESENT,,,,,,,,,,,,,,PRESENT,,,,,,,,,,,,,,,,,,,,,,,,,,,,,,,,,,,,,,,,,,,,PRESENT,PRESENT,,,,,,,,,,,,,,,,,,,,PRESENT,,,,,,,,,,OFFSITE,,,,,,
223010,1B82151OHUM,R1-2023-0016,CA0024449,Eureka City,Eureka City Elk River WWTP,Humboldt,090605_0033_NPDES_EurekaElkRiver.pdf,R1-2009-0033,,PRESENT,PRESENT,,,PRESENT,PRESENT,,PRESENT,,,,,,,,,,,,,,,PRESENT,,,,,,,,,,,,,,,PRESENT,,,,,,,,,,,,,,,,PRESENT,,,,,,PRESENT,PRESENT,,,,,,,,,,,,,,,,,,,,,,,,,,,,,,,,,,,,
223010,1B82151OHUM,R1-2023-0016,CA0024449,Eureka City,Eureka City Elk River WWTP,Humboldt,23_0016_Eureka_WWTP_NPDES_09.21.23.pdf,R1-2023-0016,,PRESENT,PRESENT,,,PRESENT,PRESENT,,PRESENT,,,,,,,,,,,,,,,PRESENT,,,,,,,,,,,,,,,PRESENT,,,,,,,,,,,,,,,,PRESENT,,,,,,PRESENT,PRESENT,,,,,,,,,,,,,,PRESENT,,,PRESENT,PRESENT,,,,,,PRESENT,,,,,,,,,,,,
223010,1B82151OHUM,R1-2023-0016,CA0024449,Eureka City,Eureka City Elk River WWTP,Humboldt,16_0001_City_of_Eureka_Elk_River_WWTP_NPDES.pdf,R1-2016-0001,,PRESENT,PRESENT,,,PRESENT,PRESENT,,,,,,,,,,,,,,,,,PRESENT,,,,,,,,,,,,,,,PRESENT,,,,,,,,,,,,,,,,PRESENT,,,,,,PRESENT,PRESENT,,,,,,,,,,,,,,PRESENT,,,PRESENT,PRESENT,,,,,,,,,,,,,,,,,,
224348,1B83136OHUM,R1-2018-0046,CA0022721,Ferndale City,Ferndale City POTW,Humboldt,r1-2009-0036 Ferndale NPDES.pdf,R1-2009-0036,PRESENT,,FUTURE,,,FUTURE,,,FUTURE,,,,,FUTURE,,FUTURE,FUTURE,,PRESENT,,,,,PRESENT,,,,,,,,FUTURE,FUTURE,,,,FUTURE,,,,,,,,,,,,,,,,,,,,,,,,PRESENT,PRESENT,FUTURE,,,,,,,,,,,,,,FUTURE,,FUTURE,,,,,,,,,,,,,,,,,,,
224348,1B83136OHUM,R1-2018-0046,CA0022721,Ferndale City,Ferndale City POTW,Humboldt,18_0046_Ferndale_NPDES.pdf,R1-2018-0046,PRESENT,,PRESENT,,,PRESENT,,,PRESENT,,,,,,,,PRESENT,,,PRESENT,,,,,,,,,,,,,PRESENT,,,,,,,,,,,,,,,,,,,,,PRESENT,,,,,,,,,PRESENT,,,,,,,,,,,,,PRESENT,PRESENT,,PRESENT,,,,,,,,,,FUTURE,,OFFSITE,,,,,,,
224348,1B83136OHUM,R1-2018-0046,CA0022721,Ferndale City,Ferndale City POTW,Humboldt,12_0097_NPDES_Ferndale.pdf,R1-2012-0097,PRESENT,,PRESENT,,,PRESENT,,,PRESENT,,,,,,,PRESENT,PRESENT,,,,,,,,,,,,,,,PRESENT,,,,,,,,,,,,,,,,,,,,,,PRESENT,,,,,,,,,PRESENT,,,,,,,,,,,,,,PRESENT,,PRESENT,,,,,,,,,,,,,OFFSITE,,,,,,
226719,1B83120OHUM,R1-2018-0033,,Garberville Sanitary District,Garberville POTW,Humboldt,18_0033_Garberville_WDR.pdf,R1-2018-0033,,,,,,,,,,,,,,,,,,PRESENT,PRESENT,PRESENT,,PRESENT,,PRESENT,,,,,,,,,,,,,,,,,,,,,,,,,,,,,,,PRESENT,,,,,,PRESENT,,,,,,,,,,,,,,,PRESENT,PRESENT,,,,,,,,,,,,,,,,,,,,,
237295,1B80081OHUM,R1-2020-0002,CA0023671,Loleta CSD,Loleta WWTF,Humboldt,R1-2008-0001.pdf,R1-2008-0001,,,,,,,,,,,,,,,,,,,,,,,,,,,,,,,,,,,,,,,,,,,,,,,,,,,,,,,,,,,,,,,,,,,,,,,,,PRESENT,,,,,,,,,,,,,,,,,,,,,,,,,
237295,1B80081OHUM,R1-2020-0002,CA0023671,Loleta CSD,Loleta WWTF,Humboldt,20_0002_Loleta_CSD_WDR and Recycling NPDES.pdf,R1-2020-0002,,,PRESENT,,PRESENT,PRESENT,,,,,,,,,,,PRESENT,,,,,,,,,,,,,,,,,,,,,,,,,,,,,,,,,,,,,,,,,,,,PRESENT,,,,,,,,,,,,,,,,,,OFFSITE,,,,,,PRESENT,,,,,,,,,,,,,
239317,1B80162OHUM,R1-2023-0003,,Manila CSD,Manila CSD WWTP,Humboldt,22_0003_ManilaCSD_WDR_Final_signed.pdf,R1-2023-0003,PRESENT,PRESENT,,,,,PRESENT,,,,,,,,,,PRESENT,,,,,,,PRESENT,,,,,,,,,,,,,,,,,,,,,,,,,,,,,,,PRESENT,,,,,,,,,,,,,,,,,,,,,,,,,,,,,,,,,,,,,OFFSITE,,,,,,PRESENT
240093,1B82084OHUM,R1-2024-0023,CA0024490,McKinleyville Community Service District,McKinleyville WWTP,Humboldt,080618_0039_NPDES_McKinleyvilleCSD.pdf,R1-2008-0039,PRESENT,,,,,,,,,,,,,,,,,,PRESENT,,,,,OFFSITE,,,,,,,,,,,,,,,,,,,,,,,,,,,,,,,PRESENT,,,,,,PRESENT,PRESENT,,,,,,,,,,,,,,,,,,,,,,,,,,,,,,,,,,,,
240093,1B82084OHUM,R1-2024-0023,CA0024490,McKinleyville Community Service District,McKinleyville WWTP,Humboldt,18_0032_McKinleyville_NPDES.pdf,R1-2018-0032,,PRESENT,PRESENT,,,PRESENT,,,,,,,,PRESENT,,PRESENT,,,,,,,,PRESENT,,,,,,,,PRESENT,PRESENT,,,,,,,,,,,,,,,,,,,,,,PRESENT,,,PRESENT,,,PRESENT,PRESENT,,,,,,,,,,,,,,,,,,,,,,,,,,,,,,,,,,,,
240093,1B82084OHUM,R1-2024-0023,CA0024490,McKinleyville Community Service District,McKinleyville WWTP,Humboldt,wqo2011_0008.pdf,WQ-2011-0008-DWQ,PRESENT,,,,,,,,,,,,,,,,,,PRESENT,,,,,OFFSITE,,,,,,,,,,,,,,,,,,,,,,,,,,,,,,,PRESENT,,,,,,PRESENT,PRESENT,,,,,,,,,,,,,,,,,,,,,,,,,,,,,,,,,,,,
240093,1B82084OHUM,R1-2024-0023,CA0024490,McKinleyville Community Service District,McKinleyville WWTP,Humboldt,2024_0023_mckinleyville_sc_npdes_signed.pdf,R1-2024-0023,,PRESENT,PRESENT,,,PRESENT,,,,,,,,PRESENT,,PRESENT,,,,,,,,,,,,,,,,PRESENT,PRESENT,,,,,,,,,,,,,,,,,,,,,,,,,PRESENT,,,PRESENT,PRESENT,,,,,,,,,,,,,,,,,FUTURE,,,,,,,,,,,,,,,,,,,
240917,1B80002OHUM,R1-2019-0002,,Miranda CSD,Miranda POTW,Humboldt,19_0002_Miranda_CSD_WDR.pdf,R1-2019-0002,,,,,,,,,,,,,,,,,,,,,,,,PRESENT,,,,,,,,,,,,,PRESENT,,,,,,,,,,,,,,,,,,,,,,,,PRESENT,,,,,,,,,,,,,,,,,,,,,,,,,,,,,,,OFFSITE,,,,,,PRESENT
252211,1B83147OHUM,R1-2023-0004,CA0022781,Redway CSD,Redway POTW,Humboldt,060802_0022_RedwayNPDES.pdf,R1-2006-0022,,,PRESENT,,,,,,,,,PRESENT,,,,,PRESENT,,,,,,,PRESENT,,,,,,,,,,,,,,,,,,,,,,,,,,,,,,,,,,,,,PRESENT,PRESENT,,,,,,,,,,,,,,,,,,,,PRESENT,,,,,,,,,OFFSITE,,,,,,,
252211,1B83147OHUM,R1-2023-0004,CA0022781,Redway CSD,Redway POTW,Humboldt,11_0046_NPDES_Redway_LMB_110627.pdf,R1-2011-0046,,,PRESENT,,,,,,,,,PRESENT,,,,,,,,,,,,OFFSITE,,,,,,,,,,,,,,,,,,,,,,,,,,,,,,,,,,,,,PRESENT,PRESENT,,,,,,,,,,,,,,,,,,,,PRESENT,,,PRESENT,,,,,,OFFSITE,,,,,,,
252211,1B83147OHUM,R1-2023-0004,CA0022781,Redway CSD,Redway POTW,Humboldt,17_0006_Redway CSD_WWTF_NPDES.pdf,R1-2017-0006,,,PRESENT,,,,OFFSITE,,,,,PRESENT,,,,,,,,,,,,OFFSITE,,,,,,,,,,,,,,,,,,,,,,,,,,,,,,,,,,,,,PRESENT,PRESENT,,,,,,,,,,,,,,,,,,,,PRESENT,,,,,,,,,,,,,,,,
252211,1B83147OHUM,R1-2023-0004,CA0022781,Redway CSD,Redway POTW,Humboldt,23_0004_Redway_CSD_NPDES_01.26.23_EOsigned.pdf,R1-2023-0004,,,PRESENT,,FUTURE,,OFFSITE,,,,,PRESENT,,,,,,,,,,,,OFFSITE,,,,,,,,,,,,,,,,,,,,,,,,,,,,,,,,,,,,,PRESENT,PRESENT,,,,,,,,,,,,,,,,FUTURE,PRESENT,,,PRESENT,,,,,,,PAST,,,,,,,,,
252211,1B83147OHUM,R1-2023-0004,CA0022781,Redway CSD,Redway POTW,Humboldt,060804_0022_RedwayNPDES_Fact_Sheet.pdf,R1-2006-0022,,,PRESENT,,,,,,,,,PRESENT,,,,,PRESENT,,,,,,,OFFSITE,,,,,,,,,,,,,,,,,,,,,,,,,,,,,,,,,,,,,PRESENT,PRESENT,,,,,,,,,,,,,,,,,,,,PRESENT,,,,,,,,,,,,,,,,
252750,1B83134OHUM,R1-2023-0022,CA0022748,Rio Dell City,Rio Dell City WWTF,Humboldt,17_0007_City_of_RioDell_WWTP_NPDES.pdf,R1-2017-0007,,,,,,PRESENT,PRESENT,,,,,,,,,,PRESENT,,,,,,,,,,,,,,,,PRESENT,,,,,,,,,,,,,,,,,,,,,,,,,,,,PRESENT,PRESENT,,,,,,,,,,,,,,,PRESENT,,PRESENT,,PRESENT,,,,PRESENT,,,,OFFSITE,,,,,,,,,
252750,1B83134OHUM,R1-2023-0022,CA0022748,Rio Dell City,Rio Dell City WWTF,Humboldt,Order No. 2023-0022 Combined.pdf,R1-2023-0022,,,,,,PRESENT,PRESENT,,,,,,,,,,PRESENT,,,,,,,,,,,,,,,,,,,,,,,,,,,,,,,,,,,,,,,,,,,,PRESENT,PRESENT,,,,,,,,,,,,,,,,PRESENT,,,,,,,,,,,,,,,,,,,,
252750,1B83134OHUM,R1-2023-0022,CA0022748,Rio Dell City,Rio Dell City WWTF,Humboldt,06_0021_NPDES_RioDell_permit_Modified_110201_LMB.pdf,R1-2006-0021,,PRESENT,PRESENT,,,,,,,,,,,,,,,,,,,,,,,,,,,,,,,,,,,,,PRESENT,,,,,,,,,,,,,,,,,,,,,PRESENT,PRESENT,,,,,,,,,,,,,,,PRESENT,,,,,PRESENT,,,,,,,PRESENT,,,,,,,,,
252750,1B83134OHUM,R1-2023-0022,CA0022748,Rio Dell City,Rio Dell City WWTF,Humboldt,11_0054_NPDES_RioDell_LMB_110930.pdf,R1-2011-0054,,PRESENT,PRESENT,,,PRESENT,PRESENT,,,,,,,,,,,,,,,,,PRESENT,,,,,,,,,,,,,,,,PRESENT,,,,,,,,,,,,,,,,,,,,,PRESENT,PRESENT,,,,,,,,,,,,,,,PRESENT,,,,,,,,,,,,,,,,,,,,,
255165,1B85017RHUM,R1-2020-0005,CA1000001,Samoa Pacific Group LLC,Samoa Pacific WWTP (Samoa Town Site),Humboldt,20_0005_Samoa WWTF_NPDES.pdf,R1-2020-0005,,,,,,,,,FUTURE,,,,,,,,FUTURE,,,,,,,,,,,,,,,FUTURE,,,,FUTURE,,,,,,,,,,,,,,,,,,FUTURE,,,,,,,,,FUTURE,,,,,,,,,,,,,,,,,,,,,,,,,,,,,,,,,,,
256749,1B84086OHUM,R1-2022-0002,CA0023027,Humboldt County Resort Improvement District #1,Shelter Cove POTW,Humboldt,22_0002shltrCvNPDES.pdf,R1-2022-0002,,,PRESENT,,,,,,,,,PRESENT,,PRESENT,,,,,,,,,,,,,,,,,,FUTURE,PRESENT,,,,PRESENT,,,,,,,,,,,,,,,,,,,,PRESENT,,,,PRESENT,PRESENT,,,,,,,PRESENT,,,,,,,,,,,,,,,,,,,,,,OFFSITE,,,,,,,
256749,1B84086OHUM,R1-2022-0002,CA0023027,Humboldt County Resort Improvement District #1,Shelter Cove POTW,Humboldt,15_0017_ShelterCover_NPDES.pdf,R1-2015-0017,,,PRESENT,,,,,,,,,PRESENT,,PRESENT,,,PRESENT,,,,,,,PRESENT,,,,,,,,,,,,,PRESENT,,,,,,,,,,,,,,,,,,,,,,,,PRESENT,PRESENT,,,,,,,,,,,,,,,,,PRESENT,,,,,,,,,,,,OFFSITE,,,,,,,
256749,1B84086OHUM,R1-2022-0002,CA0023027,Humboldt County Resort Improvement District #1,Shelter Cove POTW,Humboldt,09_0094_NPDES_HCRIDShelterCove_TTmodified_091215.pdf,R1-2009-0094,,,PRESENT,,,,,,,,,PRESENT,,PRESENT,,,PRESENT,,,,,,,PRESENT,,,,,,,,,,,,,,,,,,,,,,,,,,,,,,PRESENT,,,,,,,,,,,,PRESENT,,,,,,,,,,,,,PRESENT,,,,,,,,,,PRESENT,,OFFSITE,,,,,,,
272009,1B87042NHUM,R1-2019-0003,,Weott CSD,Weott WWTP,Humboldt,19_0003_Weott_CSD_WWTP_WDR.pdf,R1-2019-0003,,,,,,,,,,,,,,,,,,,,,,,,,,,,,,,,,,,,,PRESENT,,,,,,,,,,,,,,,,,,,,,,,,,,,,,,,,,,,,,,,,,,,,,,,,,,,,,,,,,,,,,PRESENT
812326,1B14140RHUM,R1-2024-0005,,Willow Creek CSD,Willow Creek CSD WWTF,Humboldt,20240208_WillowCreek_WDR (002)_signed.pdf,R1-2024-0005,,FUTURE,,,,,,,,,,,,,,,,,,,,,,,,,,,,,,,,,,,,,FUTURE,,,,,,,,,,,,,,,,,,,,,,,,,,,,,,,,,,,,,,,,,,,,,,,,,,,,,,,,,,,FUTURE
209999,7A330105021,R7-2013-0024,,Coachella Valley WD,Bombay Beach STP,Imperial,2013_0024cvwd_bombay_beach_wdr_mrp.pdf,R7-2013-0024,,,,,,,,,,,,,,,,,PRESENT,,,,,PRESENT,PRESENT,PRESENT,,,,,,,,,,,,,,,,,,,,,,,,,,,,,,,,,,,,,,,,,,,,,,,,,,,,,,,,,,,,,,PRESENT,,,,,,,,,,,,
210272,7A130100011,R7-2021-0005,CA0104523,Brawley City,Brawley City WWTP,Imperial,R7-2015-0004.pdf,R7-2015-0004,,PAST,PRESENT,,,PRESENT,PRESENT,,,,,,,PRESENT,,,PRESENT,,,,,,,,,,,,,,,,,,,,,,,,,,,,,,,,,,,,,,,,,,,,,,PRESENT,,,,,,,,,,,,,,,,PRESENT,PRESENT,,PRESENT,,,PRESENT,,,,,,,,,,,,,
210272,7A130100011,R7-2021-0005,CA0104523,Brawley City,Brawley City WWTP,Imperial,R7-2021-0005.pdf,R7-2021-0005,,PAST,PRESENT,,,PRESENT,PRESENT,,,,,,,PRESENT,,,PRESENT,,,,,,,,,,,,,,,,,,,,,,,,,,,,,,,,,,,,,,,,,,,,,,PRESENT,,,,,,,,,,,,,,,,PRESENT,PRESENT,,PRESENT,,,PRESENT,,,,,,,,,,,,,
213850,7A131337001,R7-2024-0019,CA7000001,Ca Dept of Corrections Imperial,CA Dept of Corrections Centinela WWTP,Imperial,R7-2024-0019.pdf,R7-2024-0019,,,,,,PRESENT,,,,,,,,,,,PRESENT,,,,,,,,,,,,,,,,,,,,,,,,,,,,,,,,,,,,,,,,,,,,PRESENT,PRESENT,,,,,,,,,,,PRESENT,,,,,,,,,PRESENT,,,,,,,,OFFSITE,OFFSITE,,,,,,,
859673,7A130139001,2014-0153-DWQ,,US Customs & Border Protection,Calexico Border Patrol Station,Imperial,7A130139001_NOA.pdf,WQ-2014-0153-DWQ,,PRESENT,,,,FUTURE,,,,,,,,,,,,,,,,,FUTURE,,,,,,,,,,FUTURE,,,,,FUTURE,FUTURE,,,,,,,,,,,,,,PRESENT,,,,,,,,PRESENT,,PRESENT,,,,,,,,,,FUTURE,,,,,,,,,,,,,,,,,,,FUTURE,,,,,,PRESENT
212589,7A130101011,R7-2025-0007,CA7000009,Calexico City ,Calexico City WWTP,Imperial,R7-2025-0007.pdf,R7-2025-0007,,PRESENT,PRESENT,,,PRESENT,,,,PRESENT,,,,PRESENT,,,PRESENT,,PRESENT,,,,,,,,,,,,,,,,,,,,,,,,,,,,,,,,,,,,,,,,,,PAST,,PRESENT,,,,,,,,,,,,,PRESENT,,,,,,PRESENT,,,PRESENT,,,,,,,,,,,,,
212589,7A130101011,R7-2025-0007,CA7000009,Calexico City ,Calexico City WWTP,Imperial,0018calexico.pdf,R7-2009-0018,,PRESENT,PRESENT,,,PRESENT,PRESENT,,,,,,,,,,PRESENT,,PRESENT,,,,,,,,,,,,,,,,,,,,,,,,,,,,,,,,,,,,,,,,,,,,PRESENT,,,,,,,,,,,,,PRESENT,,,,,,PRESENT,,,,,,,OFFSITE,,,,,,,,,
212589,7A130101011,R7-2025-0007,CA7000009,Calexico City ,Calexico City WWTP,Imperial,R7-2014-0004.pdf,R7-2014-0004,,PRESENT,PRESENT,,,PRESENT,,,,PRESENT,,,,PRESENT,,,PRESENT,,PRESENT,,,,,,,,,,,,,,,,,,,,,,,,,,,,,,,,,,,,,,,,,,,,PRESENT,,,,,,,,,,,,,PRESENT,,,,,,PRESENT,,,PRESENT,,,,OFFSITE,,,,,,,,,
212589,7A130101011,R7-2025-0007,CA7000009,Calexico City ,Calexico City WWTP,Imperial,R7-2019-0004.pdf,R7-2019-0004,,PRESENT,PRESENT,,,PRESENT,,,,PRESENT,,,,PRESENT,,,PRESENT,,PRESENT,,,,,,,,,,,,,,,,,,,,,,,,,,,,,,,,,,,,,,,,,,,,PRESENT,,,,,,,,,,,,,PRESENT,,,,,,PRESENT,,,PRESENT,,,,OFFSITE,,,,,,,,,
212739,7A130102041,R7-2020-0010,CA0105015,Calipatria City,Calipatria City WWTP,Imperial,R7-2020-0010.pdf,R7-2020-0010,OFFSITE,,PRESENT,,,OFFSITE,,,,,,,,,,,,,PRESENT,,,,,,,,,,,,,,,,,,,,,,,,,,,,,,,,,,,,,,,,,,PRESENT,PRESENT,,,,,,,,,,,,,,,,,,,,,,,,,,,,,,,,,,,,
212739,7A130102041,R7-2020-0010,CA0105015,Calipatria City,Calipatria City WWTP,Imperial,R7-2015-0005.pdf,R7-2015-0005,OFFSITE,,,,,OFFSITE,,,,,,,,,,,,,PRESENT,,,,,,,,,,,,,,,,,,,,,,,,,,,,,,,,,,,,,,,,,,PRESENT,PRESENT,,,,,,,,,PRESENT,,,,,,,,,,,,,,,,,,,,,,,,,,,
215925,7A131001011,R7-2023-0041,CA0104264,"Country Life MHRVP Asset Partners, L.P.",Country Life MHPRV Asset Partners LP WWTP,Imperial,R7-2023-0041.pdf,R7-2023-0041,,,PRESENT,,,PRESENT,,,,,,,,PRESENT,,,PRESENT,,,,,,,,,,,,,,,,,,,,PRESENT,,,,,,,,,,,,,,,,,,,,,,,,,,PRESENT,,,,,,,,,,,,,,,PRESENT,,,,PRESENT,,,,,,,,,OFFSITE,,,,,,,
219146,7A131057011,R7-2023-0046,CA0104841,Date Gardens Asset Partners LP,Date Gardens MHP WWTP,Imperial,Order R7-2023-0046- Date Gardens MHPWWTP_NPDES.pdf,R7-2023-0046,,,PRESENT,,,PRESENT,,,,,,,,,,,PRESENT,,,,,,,,,,,,,,,,,,,,PRESENT,,,,,,,,,,,,,,,,,,,,,,,,,,PRESENT,,,,,,,,,,,,,,,PRESENT,,,,PRESENT,,,,,,,,,,OFFSITE,,,,,,
219146,7A131057011,R7-2023-0046,CA0104841,Date Gardens Asset Partners LP,Date Gardens MHP WWTP,Imperial,0009date_garden.pdf,R7-2013-0009,,,PRESENT,,,PRESENT,PRESENT,,,,,,,,,,PRESENT,,,,,,,,,,,,,,,,,,,,PRESENT,,,,,,,,,,,,,,,,,,,,,,,,,,PRESENT,,,,,,,,,,,,,,,PRESENT,,,,PRESENT,,,,,,,,,OFFSITE,,,,,,,
219146,7A131057011,R7-2023-0046,CA0104841,Date Gardens Asset Partners LP,Date Gardens MHP WWTP,Imperial,08_0010dategardens.pdf,R7-2008-0010,,,PRESENT,,,,,,,,,,,PRESENT,,,PRESENT,,,,,,,,,,,,,,,,,,,,PRESENT,,,,,,,,,,,,,,,,,,,,,,,,,,PRESENT,,,,,,,,,,,,,,PRESENT,,,,,,,,,,,,,,,OFFSITE,,,,,,
222407,7A130103011,R7-2024-0041,CA0104426,El Centro City,El Centro City WWTP,Imperial,R7-2014-0002.pdf,R7-2014-0002,,PRESENT,PRESENT,,,PRESENT,,,,,,,,,,,PRESENT,,,,,,PRESENT,,,,,,,,,,,,,,,,,,,,,,,,,,,,,,,,,,PRESENT,PRESENT,,,,,PRESENT,,,,,PRESENT,PRESENT,,,,,,,PRESENT,,,PRESENT,,,PRESENT,,,PRESENT,,,,OFFSITE,,,,,,,,,
222407,7A130103011,R7-2024-0041,CA0104426,El Centro City,El Centro City WWTP,Imperial,R7-2024-0041.pdf,R7-2024-0041,,PRESENT,PRESENT,,,PRESENT,,,,,,,,,,,PRESENT,,,,,,,,,,,,,,,,,,,,,,,,,,,,,,,,,,,,,,,,PRESENT,,,,,,PRESENT,,,,,PRESENT,PRESENT,,,,,,,PRESENT,,,PRESENT,,,PRESENT,,,PRESENT,,,,OFFSITE,,,,,,,,,
222407,7A130103011,R7-2024-0041,CA0104426,El Centro City,El Centro City WWTP,Imperial,0002elcentro_npdes.pdf,R7-2019-0002,,PRESENT,PRESENT,PRESENT,,PRESENT,,,,,,,,,,,PRESENT,,,,,,PRESENT,,,,,,,,,,,,,,,,,,,,,,,,,,,,,,,,,,PRESENT,PRESENT,,,,,PRESENT,,,,,PRESENT,PRESENT,,,,,,,PRESENT,,,PRESENT,,,PRESENT,,,PRESENT,,,,OFFSITE,,,,,,,,,
229967,7A130104011,R7-2022-0007,CA0104370,Heber PUD,Heber PUD WWTP,Imperial,R7-2022-0007.pdf,R7-2022-0007,PRESENT,,PRESENT,,,PRESENT,PRESENT,,,,,PRESENT,,,,,PRESENT,,,,,,,PRESENT,,,,,,,,,,,,PRESENT,,,,,,,PRESENT,,,,,,,,,,,PRESENT,,,,,,,,,PRESENT,,,,,,,,,,,,,,PRESENT,,PRESENT,PRESENT,,PRESENT,,,PRESENT,,,,,,OFFSITE,,,,,,,
230588,7A130105011,R7-2022-0005,CA0104361,Holtville City,Holtville City WWTP,Imperial,R7-2011-0020 Holtville NPDES.pdf,R7-2011-0020,,PRESENT,PRESENT,,,FUTURE,PRESENT,,,,,,,,,,,,,,,,,,,,,,,,,,,,,,PRESENT,,PRESENT,,,,,,,,,,,,,,,,,,,,,,,,PRESENT,,,,,,,,,,,,,,PRESENT,,,,,PRESENT,,,,,,,OFFSITE,,,,,,,,,
230588,7A130105011,R7-2022-0005,CA0104361,Holtville City,Holtville City WWTP,Imperial,R7-2022-0005.pdf,R7-2022-0005,,,PRESENT,,,,PRESENT,,,,,,,,,,PRESENT,,,,,PRESENT,,,,,,,,,,,,,,,PRESENT,,,,,,,,,,,,,,,,,,,,,,,,,,PRESENT,,,,,,,,,,,,,,,,,,,PRESENT,,,PRESENT,PRESENT,,,OFFSITE,,,,,,,,,
232259,7A130113011,R7-2014-0026,,,Imperial CCD WWTP,Imperial,R7-2014-0026.pdf,R7-2014-0026,,,PRESENT,,,PRESENT,,,,,,,,PRESENT,,,PRESENT,,,,,,FUTURE,,,,,,,,,,,,,,,,,,,,,,,,,,,,,,,,,,,,,,PRESENT,,PRESENT,,,,,,,,,,,,,,PRESENT,,,,,PRESENT,,,,,,,,,,,,,,,,
232259,7A130135001,R7-2025-0019,,Imperial CCD,Imperial CCD WWTP,Imperial,R7-2025-0019.pdf,R7-2025-0019,,,PRESENT,,,PRESENT,,,,,,,,PRESENT,,,PRESENT,,,,,,PRESENT,,,,,,,,,,,,,,,,,,,,,,,,,,,,,,,,,,,,,,,,PRESENT,,,,,,,,,,,,,,PRESENT,,,,,,,,,,,,,,,,,,,,,
232297,7A130106011,R7-2021-0002,CA0104400,Imperial City,Imperial City WWTP,Imperial,0030imperial.pdf,R7-2015-0030,,,,,PRESENT,PRESENT,,,,,,PRESENT,,,,,PRESENT,,,,,,,,,,,,,,,,,,,,,,,,,,,,,,,,,,,,,,,,,,,,,,PRESENT,,,,,,,,,,,,,,,,,,,PRESENT,,,,,,,,,OFFSITE,,,,,,,
232297,7A130106011,R7-2021-0002,CA0104400,Imperial City,Imperial City WWTP,Imperial,0020imperial_npdes.pdf,R7-2010-0020,,,PRESENT,,,PRESENT,,,,,,PRESENT,,PRESENT,,,PRESENT,,,,,,,,,,,,,,,,,,,,,,,,,,,,,,,,,,,,,,,,,,,,,,PRESENT,,,,,,,,,,,,,,,,,,,PRESENT,,,,,,,,,,,,,,,,
232297,7A130106011,R7-2021-0002,CA0104400,Imperial City,Imperial City WWTP,Imperial,R7-2021-0002.pdf,R7-2021-0002,,,,,,PRESENT,PRESENT,,,,,,,,,PRESENT,PRESENT,,,,,,,,,,,,,,,PRESENT,PRESENT,,,,,,,,,,,,,,,,,,,PRESENT,,,,,,,,,,,PRESENT,,,,,,,,,,,,,,,,PRESENT,,,,,,,,,,,,OFFSITE,,,,,,,
815299,7A130136001,2014-0153-DWQ,,McCabe USD,McCabe Municipal WWTP,Imperial,7A130136001_NOA.pdf,WQ-2014-0153,,,PRESENT,,,,,,PRESENT,,,,,PRESENT,,PRESENT,PRESENT,,,,,,PRESENT,,,,,,,,,PRESENT,PRESENT,,,,PRESENT,,,,,,,,,,,,,,,,,,,,,,,,,,PRESENT,,,,,,,,,,,,,,,,,,,PRESENT,,,,,,,,,,,,,,,,
815299,7A130136001,R7-2015-0050,,McCabe USD,McCabe Municipal WWTP,Imperial,0050mccabe.pdf,R7-2015-0050,,,PRESENT,,,,,,PRESENT,,,,,,,PRESENT,PRESENT,,,,,,PRESENT,,,,,,,,,PRESENT,PRESENT,,,,PRESENT,,,,,,,,,,,,,,,,,,,,,,,,,,PRESENT,,,,,,,,,,,,,,,,,,,PRESENT,,,,,,,,,,,,,,,,
244348,7A130109011,R7-2025-0017,CA0104451,Niland County Sanitation District,Niland SD WWTP,Imperial,R7-2025-0017.pdf,R7-2025-0017,,,,,,PRESENT,,,,,,,,,,,,,PRESENT,,,PRESENT,FUTURE,PRESENT,,,,,,,,,,,,,,,,,,,,,,,,,,,,,,,,,,,,,PRESENT,PRESENT,,,,,,,,,,,,,,,,,,,,PRESENT,,,,,,,,,PRESENT,,,,,,,
244348,7A130109011,R7-2025-0017,CA0104451,Niland County Sanitation District,Niland SD WWTP,Imperial,0005niland_npdes.pdf,R7-2019-0005,,,,,,PRESENT,,,,,,,,,,,,,PRESENT,,,PRESENT,FUTURE,PRESENT,,,,,,,,,,,,,,,,,,,,,,,,,,,,,,,,,,,,,PRESENT,PRESENT,,,,,,,,,,,,,,,,,,,,PRESENT,,,,,,,,,OFFSITE,,,,,,,
248787,7A131006001,R7-2023-0015,,Imperial Cnty Dept Community & Economic Dev,Poe Colonia (Cady Subdivision),Imperial,R7-2023-0015.pdf,R7-2023-0015,,,,,,PRESENT,,,,,,,,,,,,,,,,,,,,,,,,,,,,,,,,PRESENT,,PRESENT,,,,,,,,,,,,,,,,,,,,,,,,,,,,,,,,,,,,,,,,,,,,,,,,,,,OFFSITE,,,,,,,
219671,7A130110031,R7-2025-0016,,Salton Community Services Dist,SCSD Desert Shores WWTP,Imperial,R7-2025-0016.pdf,R7-2025-0016,,,,,,,,,,,,,,,,,,,,,,,PRESENT,,,,,,,,,,,,,,,,,,,,,,,,,,,,,,,,,,,,,,,,,,,,,,,,,,,,,,,,,,,,,,,,,,,,,,,,,,,
219671,7A130110031,R7-2014-0007,,Salton Community Services Dist,SCSD Desert Shores WWTP,Imperial,0007salton.pdf,R7-2014-0007,,,,,,,,,,,,,,,,,,,,,,,PRESENT,,,,,,,,,,,,,,,,,,,,,,,,,,,,,,,,,,,,,,,,,,,,,,,,,,,,,,,,,,,,,,,,,,,,,,,,,,,
647900,7A130117001,R7-2024-0020,,Salton Community Services Dist,SCSD Thomas R. Cannell WWTP,Imperial,R7-2024-0020.pdf,R7-2024-0020,PRESENT,,,,PRESENT,,,,,,,,,,,,PRESENT,,,,PRESENT,,PRESENT,FUTURE,,,,,,,,,,,,,,,,,,,,,,,,,,,,,,,,,,,,,,,,,,,,,,,,,,,,,,,,,,,,,,,,,,,,,,,,,,
647900,7A130117001,R7-2018-0013,,Salton Community Services Dist,SCSD Thomas R. Cannell WWTP,Imperial,0013thomas_cannell_wdr.pdf,R7-2018-0013,PRESENT,,PRESENT,,,,,,,,,,,,,,,,PRESENT,,PRESENT,,PRESENT,,,,,,,,,,,,,,,,,,,,,,,,,,,,,,,,,,,,,,,,,,,,,,,,,,,,,,,,,,,,,,,,,,,,,,,,,,,
256217,7A130111013,R7-2023-0003,CA0105023,Seeley Cnty WD,Seeley CWD WWTP,Imperial,R7-2023-0003.pdf,R7-2023-0003,PRESENT,PRESENT,PRESENT,,,,,,PRESENT,,,,,,,,,,PRESENT,,,,,PRESENT,,,,,,,,,PRESENT,,,,PRESENT,,,,,,,,,,,,,,,FUTURE,,,,,,,,,,,PRESENT,,,,,,,,,,,,,,,,,,,PRESENT,,,,PRESENT,,,,,,,,,,,,
256217,7A130111013,R7-2023-0003,CA0105023,Seeley Cnty WD,Seeley CWD WWTP,Imperial,0016seeley_wdr.pdf,R7-2017-0016,PRESENT,PRESENT,PRESENT,,,,,,PRESENT,,,,,,,,,,PRESENT,,,PRESENT,,PAST,,,,,,,,,,,,,PRESENT,,,,,,,,,,,,,,,,,,,,,,,,,,PRESENT,,,,,,,,,,,,,,,,,,,PAST,,,,PAST,,,,,,,,,,,,
269449,7A130703011,R7-2021-0045,CA0104906,US Navy Naval Air Station El Centro,US Navy Naval Air Facility WWTP,Imperial,R7-2021-0045.pdf,R7-2021-0045,,,PRESENT,,,PRESENT,,,PRESENT,,,PRESENT,,,,,PRESENT,,,,,,,PRESENT,,,,,,,,,,,,,,,,,,,,,,,,,,,,,,,,,,,,,PRESENT,PRESENT,,,,,,,,,,,,,,,,,,,,PRESENT,,,,,,,,,OFFSITE,,,,,,,
269449,7A130703011,R7-2021-0045,CA0104906,US Navy Naval Air Station El Centro,US Navy Naval Air Facility WWTP,Imperial,0004naval_air_npdes.pdf,R7-2016-0004,,,PRESENT,,,PRESENT,,,PRESENT,,,PRESENT,,,,,PRESENT,,,,,,,,,,,,,,,,,,,,,,,,,,,,,,,,,,,,,,,,,,,,PRESENT,PRESENT,,,,,,,,,,,,,,,,,,,,,,,,,,,,,OFFSITE,,,,,,,
272291,7A130112012,R7-2023-0002,CA0105007,Westmorland City,Westmorland City WWTP,Imperial,0017westmorland.pdf,R7-2017-0017,PRESENT,,PRESENT,,,,PRESENT,,,,,PRESENT,,,,,PRESENT,,,,,,,,,,,,,,,,,,,,,,,,,,,,,,,,,,,,,,,,,,,,PRESENT,PRESENT,,,,,,,,,,,,,,,,,,,,PRESENT,,,,,,,,,OFFSITE,,,,,,,
272291,7A130112012,R7-2023-0002,CA0105007,Westmorland City,Westmorland City WWTP,Imperial,R7-2023-0002.pdf,R7-2023-0002,PRESENT,,PRESENT,,,,PRESENT,,,,,PRESENT,,,,,PRESENT,,,,,,,,,,,,,,,,,,,,,,,,,,,,,,,,,,,,,,,,,,,,PRESENT,PRESENT,,,,,,,,,,,,,,,,,,,,PRESENT,,,,,,,,,OFFSITE,,,,,,,
902865,6B142509005,R6-2026-0010,,USDI National Park Service Death Valley,DVNP Cow Creek RO Plant,Inyo,R6-2026-0010 Cow Creek Reverse Osmosis Plant.pdf,R6-2026-0010,,,,,,,,,,,,,,,,,,,,,,,,,,,,,,,,,,,,,,,,,,,,,,,,,PRESENT,,,,,,,,,,,,,,,,,,,,,,,,,,,,,,,,,,,,,,,,,,,,,,,,,
273208,5D150100001,R5-2009-0122,,Bakersfield City,Bakersfield WWTP #2,Kern,r5-2009-0122.pdf,R5-2009-0122,,PRESENT,PRESENT,,,PRESENT,PRESENT,,,,,,,,,,,,,,,,,PRESENT,,,,,,,,,,,,,,,PRESENT,,,,,,,,,,,,,,,,,,,,,,,,,,,PRESENT,,,,,,,,,,PRESENT,,,,,,PRESENT,,,,,,,OFFSITE,,OFFSITE,,,,,PRESENT,PRESENT,
273161,5D152037001,R5-2015-0011,,,Bear Valley CSD WWTF,Kern,r5-2015-0011.pdf,R5-2015-0011,,,PRESENT,,,PRESENT,,,,,,PRESENT,,,,,,,,,,,,PRESENT,,,,,,,,,,,,,PRESENT,,,,,,,,,,,,,,,,,,,,,,,,PRESENT,,,,,,,,,,,,,,,,,,,,,PRESENT,,,,,,,,,,,,,,,,
273161,5D152037001,R5-2015-0011,,,Bear Valley CSD WWTF,Kern,r5-2008-0121_npdes.pdf,R5-2008-0121,,,PRESENT,,,PRESENT,,,,,,PRESENT,,,,,,,,,,,,PRESENT,,,,,,,,,,,,,PRESENT,,,,,,,,,,,,,,,,,,,,PRESENT,,,,PRESENT,,,,,PRESENT,,,,,,,,PRESENT,,,,,,,,PRESENT,,,,,,,,,OFFSITE,OFFSITE,,,,,,
273161,5C15NC00279,R5-2024-0005,,Bear Valley CSD,Bear Valley CSD WWTF,Kern,R5-2024-0005_Bear Valley CSDW_WDR.pdf,R5-2024-0005,,,PRESENT,,,PRESENT,,,,,,PRESENT,,,,,PRESENT,,,,,,,PRESENT,,,,,,,,,,,,,PRESENT,,,,,,,,,,,,,,,,,,,,,,,,PRESENT,,,,,,,,,,,,,,,,,,,,,PRESENT,,,,,,,,OFFSITE,,,,,,,,
836454,5C15NC00218,2014-0153-DWQ,,CA Dept of Trans D6 Fresno,Buttonwillow Safety Roadside Rest Area,Kern,Buttonwillow NOA.pdf,WQ-2014-0153-DWQ,FUTURE,,,,,,,,,,,,,,,,,,,,,,,,,,,,,,,,,,,,,FUTURE,,,,,,FUTURE,,,,,,,,,,,,,,,,,,,,,,,,,,,,,,,,,,,,,,,,,,,,,,,,,,,,,,PRESENT
273109,5D150102001,R5-2017-0052,,Delano City,Delano WWTF,Kern,R5-2017-0052.pdf,R5-2017-0052,,PRESENT,PRESENT,,,PRESENT,PRESENT,,,,,PRESENT,,,,,PRESENT,,,,,,,PRESENT,,,,,,,,,,,,PRESENT,,,,,,,PRESENT,,,,,,,,,,,PRESENT,,,,,,,,,,,,,,,,,,,,,,PRESENT,,,PRESENT,PRESENT,,PRESENT,,,PRESENT,,,,PRESENT,,,,,,,,,
273149,5D151006001,R5-2007-0152,,McMor Chlorination,I-5 & Highway 58 WWTF,Kern,r5-2007-0152.pdf,R5-2007-0152,PRESENT,,PRESENT,,,,,,,,,,,PRESENT,,,PRESENT,,,,,,PRESENT,,,,,,,,,,,,,,,,,,,,,,,,,,,,,,,,,,,,,,,,,,,,,,,,,,,,,,PRESENT,,,,,PAST,,,,,,,PRESENT,,,OFFSITE,,,,,,
252277,5D150303029,2014-0153-DWQ,,Kern County Public Works Department,Kern Cnty CSA 39.8-Reeder Tract,Kern,2014-0153-DWQ-R5303.pdf,WQ-2014-0153-DWQ,,,,,PRESENT,,,,PRESENT,,,,,PRESENT,,,,,,,,,,PRESENT,,,,,,,,,,,,,PRESENT,,,,,,,,,,,,,,,,,,,,,PRESENT,,,PRESENT,,,,,,,,,,,,,,,,,,,,,PRESENT,,,,,,,PRESENT,,,,,,,,,
256772,5D150106001,R5-2018-0014,,Kern County Public Works Department,Kern Cnty Sheriff's Lerdo WWTF,Kern,r5-2018-0014.pdf,R5-2018-0014,,,PRESENT,,,PRESENT,,,,,,,,,,PRESENT,PRESENT,,,,,,,PRESENT,,,,,,,,PRESENT,,,,,,,,,,,,,,,,,,,,,,,,,,,,,,,,,,,,,,,,,,,,,PRESENT,,PRESENT,,,,,,,,,,PRESENT,,,,,,,,,
234915,5C15NC00056,R5-2007-0090,,Ca Dept of Corrections & Rehabilitation,Kern Valley State Prison WWTF,Kern,R5-2007-0090.pdf,2007-0090,,,PRESENT,,,PRESENT,,,,,,,,PRESENT,,,PRESENT,,,,,,,,,,,,,,,,,,,,,,,,,,,,,,,,,,,,,,,,,,,,PRESENT,,,,,,,,,,,,,,,,,,PRESENT,,,PRESENT,,,,,,,,,OFFSITE,,,,,,,
236222,5D151091001,2014-0153-DWQ,,"LIWW, LLC",Lake Isabella WWTF,Kern,Lake Isabella Wastewater Treatment Facility NOA 2-6-2020.pdf,WQ-2014-0153-DWQ,,,,,PRESENT,,,,PRESENT,,,,,,,,,,,,,,,,,,,,,,,,,,,,,,PRESENT,,,,,,,,,,,,,,,,,,,,,,,,,,,,,,,,,,,,,,,,,,,,,,,,,,,,,,,,,,,
273174,5D150108001,R5-2012-0043,,Lamont PUD,Lamont WWTF,Kern,r5-2012-0043.pdf,R5-2012-0043,,,,,,,,,,,,,,,,,,,PRESENT,,,,,PRESENT,,,,,,,,,,,,,,,,,,,,,,,,,,,,,,,,,,,,,,,,,,,,,,,,,,,,,,,,,,,,,,,,,OFFSITE,OFFSITE,,,,,,,,
273174,5D150108001,R5-2022-0059,,Lamont PUD,Lamont WWTF,Kern,R5-2022-0059_Lamont WWTF_WDR.pdf,R5-2022-0059,,,,,,,,,,,,,,,,,,,PRESENT,,,,,PRESENT,,,,,,,,,,,,,,,,,,,,,,,,,,,,,,,,,,,,,,,,,,,,,,,,,,,,,,,,,,,,,,,,,,,,,,,,,,
236772,5D150801001,2014-0153-DWQ,,CA Dept of Trans D6 Fresno,Lebec SRRA (Tejon Pass),Kern,NOA Tejon Pass Safety Roadside Rest Area Wastewater Treatment Facility.pdf,WQ-2014-0153,,PRESENT,,,,,,,,,,,,,,,,,PRESENT,,,,,PRESENT,,,,,,,,,,,,,,,,,,,,,,,,,,,,,,,,,,,,,,,,,,,,,,,,,,,,,,,,,,,,,,,,,,,,,,,,,,PRESENT
273125,5D150109001,R5-2008-0072,,McFarland City,McFarland WWTF,Kern,r5-2008-0072.pdf,R5-2008-0072,,,PRESENT,,,PRESENT,,,,,,,,,,,,,PRESENT,,,,,PRESENT,,,,,,,,,,,,,,,,,,,,,,,,,,,,,,,,,,,,,,,,,,,,,,,,,,,,,,,PRESENT,,,,,,,,,,,,,,,,,,,
273155,5D151049001,2014-0153-DWQ,,Stonybrook Corporation,National Chavez Center WWTF,Kern,Cesar Chavez National Monument WWTF NOA 3-13-2020.pdf,WQ-2014-0153-DWQ,,PRESENT,,,,,,,,,,,,,,,,,,,,,,PRESENT,,,,,,,,,,,,,,,,,,,,,,,,,,,,,,,,,,,,,,,,,,,,,,,,,,,,,,,,,,,,,,,,,,,,PRESENT,,,,,,PRESENT
273143,5C15NC00090,R5-2009-0088,,North of River SD #1,North of River WWTF,Kern,r5-2009-0088.pdf,R5-2009-0088,,PRESENT,PRESENT,,,PRESENT,PRESENT,,,,,,,,,,,,,,,,,PRESENT,,,,,,,,,,,,,,,PRESENT,,,,,,,,,,,,,,,,,,PRESENT,PRESENT,,,,,,,,,,PRESENT,PRESENT,,,,,,,,,PRESENT,,,,PRESENT,,,,,,,OFFSITE,,,,,,,,,
253293,6B150112001,R6V-2019-0251,,Rosamond CSD,Rosamond WTF (Ponds),Kern,R6V-2019-0251_WDR_Rosamond Adopted Full.pdf,R6V-2019-0251,,,FUTURE,,,FUTURE,FUTURE,,,,,,,,,FUTURE,,,,,,,PRESENT,FUTURE,,,,,,,,FUTURE,FUTURE,,,,,,,,,,,,,,,,,,,,,,,,,,,,,,,,,,,,,,,,,,,,,,FUTURE,,,FUTURE,,,,,,,,,,,,,,,,
273191,5D150118002,R5-2023-0025,CAC439983,Stallion Springs CSD,Stallion Springs WWTF,Kern,r5-2023-0025-012.pdf,R5-2023-0025,,,PRESENT,,,PRESENT,,,,,,PRESENT,,,,PRESENT,,,,,,,,PRESENT,,,,,,,,,PRESENT,,,,,,,,,,,,,,,,,,,,,,,,PRESENT,,,,PRESENT,PRESENT,,,,,,,,,,,,PRESENT,,,,,,,,PRESENT,,,,,,,,OFFSITE,,,,,,,,
273191,5D150118002,R5-2014-0127,CAC439983,Stallion Springs CSD,Stallion Springs WWTF,Kern,r5-2008-0091.pdf,R5-2008-0091,,,PRESENT,,,PRESENT,,,,,,PRESENT,,,,,,,,,,,,PRESENT,,,,,,,,,,,,,,,,,,,,,,,,,,,,,,,,,,,,,PRESENT,PRESENT,,,,,,,,,,,,,,,,,,,,PRESENT,,,,,,,,,OFFSITE,,,,,,,
258743,5D152000001,R5-2007-0153,,Stoco Mutual Water & Sewer Company,Stoco WWTF,Kern,r5-2007-0153.pdf,R5-2007-0153,FUTURE,,,,,,,,,,,,,,,,,,,,PRESENT,PRESENT,PRESENT,,,,,,,,,,,,,,,,,,,,,,,,,,,,,,,,,,,,,,,,,,,,,,,,,,,,,,,,,,,PRESENT,,,,PRESENT,,,,,,PRESENT,,,,,,
214665,5C15NC00095,5-00-080 (N15),,Taft City,Taft WWTF,Kern,5-00-080.pdf,93-111,,,,,FUTURE,FUTURE,FUTURE,,,,,,,,,,FUTURE,,,,,,,FUTURE,,,,,,,,,,,,,,,,,,,,,,,,,,,,,,,,,,,,,,,,,,,,,,,,,,,,,,,,,,FUTURE,,,,,,,,,,,,,,,,
263072,5D150803001,R5-2011-0007,,Ca Dept of Corrections & Rehabilitation,Tehachapi Correctional Inst WWTF,Kern,r5-2011-0007.pdf,R5-2011-0007,PAST,,FUTURE,,,FUTURE,,,,,,,,FUTURE,,,FUTURE,,,,,,,FUTURE,,,,,,,,,,,,,FUTURE,,,,,,,,,,,,,,,,,,,,FUTURE,,,,,,FUTURE,,,,,,,,,,,FUTURE,,,,,FUTURE,FUTURE,,,,,,FUTURE,,,FUTURE,,,,,,,,,
740731,5C15NC00128,R5-2011-0066,,Tejon Castac Water District,Tejon Industrial Complex East WWTF,Kern,R5-2011-0066.pdf,R5-2011-0066,PRESENT,,,,,PRESENT,,,,,,,,,,,PRESENT,,,,,,,PRESENT,,,,,,,,PRESENT,PRESENT,,,,,,,,,,,,,,,,,,,PRESENT,,,,,,,,,PRESENT,,PRESENT,,,,,,,,,,,,,,,,,,,,,,,,,,,,,,,,,,,
273156,5D151014003,R5-2008-0004,,Tejon Castac Water District,Tejon Industrial Complex West WWTF,Kern,r5-2008-0004.pdf,R5-2008-0004,PRESENT,,,,,PRESENT,,,PRESENT,PRESENT,,,,,,,PRESENT,,,,,,,PRESENT,,,,,,,,,,,,,PRESENT,,PRESENT,,,,,,,,,,,,,,,,,,,,,,,,PRESENT,,,,,,,,,,,,,,,,,,,,,,PRESENT,,,,,,,,,,,,,
739154,5C15NC00247,R5-2019-0085,,Tejon Castac Water District,Tejon Mountain Village,Kern,WDRs r5-2019-0085.pdf,R5-2019-0085,,,,,,FUTURE,,,FUTURE,,FUTURE,,,,,FUTURE,FUTURE,,,,,,,FUTURE,,,,,,,,FUTURE,FUTURE,,,,FUTURE,,,,,,,,,,,,,,,,,,,,,,,,FUTURE,,FUTURE,,,,,,,,,,,,,,,,,,,,,,,,,,,,,,,,,,,
215698,5D160801001,R5-2016-0027,,Ca Dept of Corrections Corcoran,Corcoran State Prison WWTF,Kings,r5-2016-0027.pdf,R5-2016-0027,,,PRESENT,,,PRESENT,,,,,,PRESENT,,,,,,,,,,,,PRESENT,,,,,,,,,,,,,,,,,,,,,,,,,,,,,,,,,,,,,,,,,,,,,,,,,,,,,,,,,,PRESENT,,,,,,,PRESENT,,,,,,,,,
273108,5D160102001,R5-2021-0025-01,,Corcoran City,Corcoran WWTF,Kings,R5_2021_0025_01_Corcoran WWTF.pdf,R5-2021-0025,,PRESENT,,,,,,,,,,,,,,,,,PRESENT,,,,PRESENT,,,,,,,,,,,,,,,,,,,,,,,,,,,,,,,,,,,,,,,,,,,,,,,,,,,,,PRESENT,,,,,,PRESENT,,,,,,,PRESENT,,,,,,,,,
273108,5D160102001,R5-2021-0025-01,,Corcoran City,Corcoran WWTF,Kings,r5_2021_0025.pdf,R5-2021-0025,,,,,PRESENT,,,,,,,,,,,,,,,,,,PRESENT,,,,,,,,,,,,,,,,,,,,,,,,,,,,,,,,,,,,,,,,,,,,,,,,,,,,,PRESENT,,,,,,PRESENT,,,,,,,,,,,,,,,,
273120,5D165009001,R5-2024-0007,,Lemoore City,Lemoore WWTF,Kings,R5-2024-0007_Leprino Foods_WDRs.pdf,R5-2024-0007,,,PRESENT,,,,,,OFFSITE,OFFSITE,OFFSITE,,,,,OFFSITE,OFFSITE,PRESENT,PRESENT,PRESENT,,,OFFSITE,OFFSITE,,,,,,,,OFFSITE,OFFSITE,,,,,,,,,,,,,,,,,,,,,OFFSITE,,,,,,,PRESENT,,,,,,,,,,,,,PRESENT,,,,,OFFSITE,,,,,,OFFSITE,OFFSITE,,,OFFSITE,,,PRESENT,,,,,,
273120,5D165009001,R5-2019-0008,,Lemoore City,Lemoore WWTF,Kings,r5-2019-0008.pdf,R5-2019-0008,,,,,,,,,OFFSITE,OFFSITE,OFFSITE,,,,,OFFSITE,OFFSITE,,PRESENT,,,,,OFFSITE,,,,,,,,OFFSITE,,,,,,,,,,,,,,,,,,,,,,OFFSITE,,,,,,,PRESENT,,,,,,,,,,,,,,,,,,,,,,,,OFFSITE,,,,,,,,,,,,,
273135,5D160105001,2014-0153-DWQ,,Stratford PUD,Stratford WWTF,Kings,Stratford WWTF NOA Revised Enrollee No.pdf,WQ-2014-0153-DWQ,,,,,,,,,,,,,,,,,,,,,,,PRESENT,,,,,,,,,,,,,,,,PRESENT,,,,,,,,,,,,,,,,,,,,,,,,,,,,,,,,,,,,,,,,,,,,,,,,,,,,,,,,,,,
239190,5A171038001,R5-2004-0085,,Hoberg's Historical Association,Hoberg's Resort,Lake,r5-2004-0085.pdf,R5-2004-0085,,PRESENT,PRESENT,,,PRESENT,,,,,,,,,,,PRESENT,,,,,,PRESENT,,,,,,,,,,,,,,,,PRESENT,,,,,,,,,,,,,,,,,,,,,,PRESENT,,,,,,,,,,,,,,,,,,,,,,,,,,,,,,OFFSITE,,,,,,,
235208,5A171014002,R5-2002-0157,CA0083551,Russell Hamel Clear Lake Resort  Services LLC Dba Konocti Harbor Resort,Konocti Harbor Resort,Lake,r5-2002-0157.pdf,R5-2002-0157,,PRESENT,PRESENT,,,,,,,,,,,,,,,,,,,,,PRESENT,,,,,,,,,,,,,,,,,,,,,,,,,,,,,,,,,,,,,PRESENT,,,,,,,,,,,,,,,,,,,,,,,,,,,,PRESENT,,,,,,,,,
736188,5A170101001,R5-2009-0023,,"Kelseyville Cnty Waterworks, District 3",Lake Cnty SD Kelseyville WWD No. 3 Kelseyville WWTF,Lake,R5-2009-0023.pdf,R5-2009-0023,,,,,,,,,,,,,,,,,FUTURE,,,,,,,PRESENT,,,,,,,,,,,,,,,,,,,,,,,,,,,,,,,,,,,,,FUTURE,,,,,,,,,,,,,,,,,,,,,,,,,,,,,,,,,,,,,
241869,5A170103001,R5-2012-0025,,Lakeport City Municipal Sewer District,Lakeport City WWTP,Lake,r5-2012-0025.pdf,R5-2012-0025,,,PRESENT,,,PRESENT,,,,,,,,,,,PRESENT,,,,,,,PRESENT,,PRESENT,,,,,,,,,,,,,,,,,,,,,,,,,,,,,,,,,,,PRESENT,,,,,,,,,,,,,,,PRESENT,,,,,,,,,,,,,PRESENT,,OFFSITE,OFFSITE,,,,,,
213580,6A186000500,R6T-2008-0024,,Ca Dept of Corrections & Rehabilitation,"CCC @ Susanville, CSP-LC WTF",Lassen,R6T-2008-0024 CDC WDR.pdf,R6T-2008-0024,PRESENT,FUTURE,PRESENT,,,PRESENT,PRESENT,,,,,,,,,,PRESENT,,FUTURE,FUTURE,,,,PRESENT,,,,,,,,,,,,,,,,,,,,,,,,,,,,,,,FUTURE,,,,,,PRESENT,,,,,,,,,,,,,,,FUTURE,,,FUTURE,,,,,,,,,,,,,,,,,,,
230784,6A180208004,R6T-2016-0036,,Herlong PUD,Herlong Public Utility District WWTF,Lassen,r6t-2016-0036_herlong.pdf,R6T-2016-0036,,,PRESENT,,,PRESENT,,,,,,PRESENT,,,,PRESENT,,,,,,,,PRESENT,,,,,,,,PRESENT,PRESENT,,,,,,,,,,,,,,,,,,,,,,,,,,,,PRESENT,,,,,,,,,,,,,,,,PRESENT,,PRESENT,,,,,,,,,,,,,OFFSITE,,,,,,
638757,6A180506011,R6T-2006-0020,,Spalding Community Service District,Spalding Tract Sewer System,Lassen,R6T-2006-0020 Spalding WDR.pdf,R6T-2006-0020,,,,,,,,,,,,,,,,,,,,,,,FUTURE,,,,,,,,,,,,,,,,,,,,,,,,,,,,,,,,FUTURE,,,,,,,,,,,,,,,,,,,,,,,,,,,,,,,,,,,,,,,,,,,
272344,5A180102001,R5-2019-0061,,Westwood CSD,Westwood STP,Lassen,R5-2019-0061.pdf,R5-2019-0061,PRESENT,,,,,PRESENT,,,,,,,,,,,,,,,,,PRESENT,,,,,,,,,,,,,,,,,,,,,,,,,,,,,,,,,,PRESENT,,,,,,,,,,,,PRESENT,,,,,,,,,PRESENT,,,,PRESENT,,,,,,,,,,OFFSITE,,,,,,
234156,4B190107013,R4-2023-0181,CA0053813,Joint Outfall System,A.K. Warren Water Resource Facility,Los Angeles,1758_R4-2006-0042_WDR PCK.pdf,R4-2006-0042,,OFFSITE,OFFSITE,,,OFFSITE,OFFSITE,,,,,,,,,,OFFSITE,,,,,,,,,,,,,,,,,,,,,,,,,,,,,,,,,,,,,,,,,,,,OFFSITE,,,,,,,,,,,,OFFSITE,,,OFFSITE,,,OFFSITE,OFFSITE,,OFFSITE,,,OFFSITE,,,OFFSITE,OFFSITE,OFFSITE,OFFSITE,,,,,OFFSITE,OFFSITE,
234156,4B190107013,R4-2023-0181,CA0053813,Joint Outfall System,A.K. Warren Water Resource Facility,Los Angeles,1758_R4-2017-0180_WDR_PKG.pdf,R4-2017-0180,,,,,,,,,,,,,,,,,,,,,,,,,,,,,,,,,,,,,,,,,,,,,,,,,,,,,,,,,,,,,,,,,,,,,,,,,,,,,,,,,,,,,,,,,,,,,,,,,,
234156,4B190107013,R4-2023-0181,CA0053813,Joint Outfall System,A.K. Warren Water Resource Facility,Los Angeles,Adopted JWPCP PERMIT NPDES CI-1758 05252023.pdf,R4-2023-0181,,,,,,,,,,,,,,,,,,,,,,,,,,,,,,,,,,,,,,,,,,,,,,,,,,,,,,,,,,,,,,,,,,,,,,,,,,,,,,,,,,,,,,,,,,,,,,,,,,
234156,4B190107013,R4-2023-0181,CA0053813,Joint Outfall System,A.K. Warren Water Resource Facility,Los Angeles,1758_R4-2011-0151_WDR_PKG.pdf,R4-2011-0151,,OFFSITE,OFFSITE,,,OFFSITE,OFFSITE,,,OFFSITE,,,,,,,OFFSITE,,,,,,,,,OFFSITE,,,,,,,,,,,,,,,,,,,,,,,,,,,,,,,,,,,OFFSITE,,,,,,,,OFFSITE,,,,OFFSITE,,,OFFSITE,,,OFFSITE,OFFSITE,,,,,OFFSITE,,,,,,,,,,,OFFSITE,OFFSITE,
208276,4B190100001,R4-2024-0253,CA0054372,Avalon City,Avalon WWTF,Los Angeles,Adopted Avalon NPDES Permit_CI 0066 05232024_ADAchecked_signed.pdf,R4-2024-0253,,,PRESENT,,,PRESENT,PRESENT,,,,,,,,,,PRESENT,,,,,,,,,,,,,,,,,,,,,,PRESENT,,,,,,,,,,,,,,,,,,,,,,PRESENT,,,,,,,,,,,,,,,,PRESENT,,PRESENT,PRESENT,,PRESENT,,,,,,,,,OFFSITE,,,,,,,
208276,4B190100001,R4-2024-0253,CA0054372,Avalon City,Avalon WWTF,Los Angeles,0066_R4-2008-0028_WDR_PKG.pdf,R4-2008-0028,,,PRESENT,,,PRESENT,,,,,,,,,,,PRESENT,,,,,,,,,,,,,,,,,,,,,,PRESENT,,,,,,,,,,,,,,,,,,,,,,PRESENT,,,,,,,,,,,,,,,,PRESENT,,PRESENT,PRESENT,,PRESENT,,,,,,,,,OFFSITE,,,,,,,
208276,4B190100001,R4-2024-0253,CA0054372,Avalon City,Avalon WWTF,Los Angeles,0066_R4-2019-0023_WDR_PKG.pdf,R4-2019-0023,,,PRESENT,,,PRESENT,PRESENT,,,,,,,,,,PRESENT,,,,,,,,,,,,,,,,,,,,,,PRESENT,,,,,,,,,,,,,,,,,,,,,,PRESENT,,,,,,,,,,,,,,,,PRESENT,,PRESENT,PRESENT,,PRESENT,,,,,,,,,,OFFSITE,,,,,,
208276,4B190100001,R4-2024-0253,CA0054372,Avalon City,Avalon WWTF,Los Angeles,0066_R4-2013-0182_WDR_PKG.pdf,R4-2013-0182,,,PRESENT,,,PRESENT,,,,,,,,,,,PRESENT,,,,,,,PRESENT,,,,,,,,,,,,,,,PRESENT,,,,,,,,,,,,,,,,,,,,,,PRESENT,,,,,,,,,,,,,,,,PRESENT,,PRESENT,PRESENT,,PRESENT,,,PRESENT,PRESENT,,,,,OFFSITE,,,,,,,
212135,4B190101001,R4-2023-0358,CA0055531,Burbank City DPW,Burbank WRP,Los Angeles,4424_R4-2010-0058_FS_amd.pdf,,PRESENT,PRESENT,PRESENT,,,PRESENT,,,,,,,,,,PRESENT,,,,,,,,,,,,,,,,PRESENT,PRESENT,,,,PRESENT,,,,,,,,,,,,,,,,,,,,PRESENT,,,,PRESENT,PRESENT,,,,,PRESENT,,,,,,,,,,,,,,,,,,,,,,,,,OFFSITE,,,,,,
212135,4B190101001,R4-2023-0358,CA0055531,Burbank City DPW,Burbank WRP,Los Angeles,4424_R4-2006-0085_WDR.pdf,R4-2006-0085,PRESENT,PRESENT,PRESENT,,,PRESENT,,,FUTURE,,,,,,,PRESENT,,,,,,,,,,,,,,,,PRESENT,PRESENT,,,,PRESENT,,,,,,,,,,,,,,,,,,,,PRESENT,,,,PRESENT,PRESENT,,,,,,,,,,,,PRESENT,,,,,,,,,,,,,,,,,,,,,,,,
212135,4B190101001,R4-2023-0358,CA0055531,Burbank City DPW,Burbank WRP,Los Angeles,4424_R4-2017-0064_WDR_PKG.pdf,R4-2017-0064,,PRESENT,PRESENT,,,PRESENT,,,PRESENT,,,,,,,PRESENT,,,,,,,,,,,,,,,,PRESENT,,,,,PRESENT,,,,,,,,,,,,,,,,,,,,PRESENT,,,,PRESENT,PRESENT,,,,,,,,,,,,PRESENT,,,,,,,,,,,,,,,,,,,,,,,,
212135,4B190101001,R4-2023-0358,CA0055531,Burbank City DPW,Burbank WRP,Los Angeles,4424_R4-2023-0358_WDR_PKG.pdf,R4-2023-0358,,PRESENT,PRESENT,,,PRESENT,,,PRESENT,,,,,,,PRESENT,,,,,,,,,,,,PRESENT,,,,PRESENT,PRESENT,,,,PRESENT,,,,,,,,,,,,,,,,,,,,PRESENT,,,,PRESENT,PRESENT,,,,,,,,,,,,PRESENT,,,,,,,,,,,,,,,,,,,,,,,,
212135,4B190101001,R4-2023-0358,CA0055531,Burbank City DPW,Burbank WRP,Los Angeles,4424_R4-2006-0085_FS.pdf,R4-2006-049,PRESENT,PRESENT,PRESENT,,,PRESENT,,,,,,,,,,PRESENT,,,,,,,,,,,,,,,,PRESENT,PRESENT,,,,PRESENT,,,,,,,,,,,,,,,,,,,,PRESENT,,,,PRESENT,PRESENT,,,,,PRESENT,,,,,,,,,,,,,,,,,,,,,,,,,OFFSITE,,,,,,
212135,4B190101001,R4-2023-0358,CA0055531,Burbank City DPW,Burbank WRP,Los Angeles,4424_R4-2012-0059_WDR_PKG.pdf,R4-2012-0059,,PRESENT,PRESENT,,,PRESENT,,,PRESENT,,,,,,,PRESENT,,,,,,,,,,,,,,,,PRESENT,PRESENT,,,,PRESENT,,,,,,,,,,,,,,,,,,,,PRESENT,,,,PRESENT,PRESENT,,,,,,,,,,,,PRESENT,,,,,,,,,,,,,,,,,,,,,,,,
212135,4B190101001,R4-2023-0358,CA0055531,Burbank City DPW,Burbank WRP,Los Angeles,4424_R4-2010-0058_WDR_amd.pdf,R4-2010-0058,PRESENT,PRESENT,PRESENT,,,PRESENT,,,FUTURE,,,,,,,PRESENT,,,,,,,,,,,,,,,,PRESENT,PRESENT,,,,PRESENT,,,,,,,,,,,,,,,,,,,,PRESENT,,,,PRESENT,PRESENT,,,,,,,,,,,,PRESENT,,,,,,,,,,,,,,,,,,OFFSITE,,,,,,
267571,4B190106004,R4-2022-0341,CA0056227,Los Angeles City Bureau of Sanitation,Donald C. Tillman WWRP,Los Angeles,5695_R4-2006-0091_WDR.pdf,R4-2006-0091,,PRESENT,PRESENT,,,PRESENT,PRESENT,,PRESENT,,,,,,,PRESENT,,,,,,,,,,,,FUTURE,,,,PRESENT,PRESENT,,,,PRESENT,,,,,,,,,,,,,,,,,,,,PRESENT,,,,PRESENT,PRESENT,,,,,,,,,,,,PRESENT,,,,,,,,,,,,,,,,,,OFFSITE,,,,,,
267571,4B190106004,R4-2022-0341,CA0056227,Los Angeles City Bureau of Sanitation,Donald C. Tillman WWRP,Los Angeles,5695_R4-2006-0091_FS.pdf,,,PRESENT,PRESENT,,,PRESENT,PRESENT,,PRESENT,,,,,,PRESENT,PRESENT,PAST,,,,,,,,,,,PRESENT,,,,PRESENT,PRESENT,,,,PRESENT,PAST,,,,,,,PAST,,,,,,,,,,,,PRESENT,PRESENT,,,PRESENT,PRESENT,,,,,PRESENT,,PRESENT,,,,,,,,,,,,,,,,,,,,,,,,,,,,,
267571,4B190106004,R4-2022-0341,CA0056227,Los Angeles City Bureau of Sanitation,Donald C. Tillman WWRP,Los Angeles,5695_R4-2017-0062_WDR_PKG.pdf,R4-2017-0062,,PRESENT,PRESENT,,,PRESENT,PRESENT,,PRESENT,,,,,,,PRESENT,,,,,,,,,,,,,,,,PRESENT,PRESENT,,,,PRESENT,,,,,,,,,,,,FUTURE,,FUTURE,,,,,FUTURE,PRESENT,,,FUTURE,PRESENT,PRESENT,,FUTURE,,,PRESENT,,PRESENT,,,FUTURE,,,,,,,,,,,,,,,,,,,,OFFSITE,,,,,,
267571,4B190106004,R4-2022-0341,CA0056227,Los Angeles City Bureau of Sanitation,Donald C. Tillman WWRP,Los Angeles,5695_R4-2010-0060_WDR_amd.pdf,R4-2010-0060,,PRESENT,PRESENT,,,PRESENT,PRESENT,,PRESENT,,,,,,FUTURE,PRESENT,,,,,,,,,,,,FUTURE,,,,PRESENT,PRESENT,,,,PRESENT,,,,,,,,,,,,,,,,,,,,PRESENT,,,,PRESENT,PRESENT,,,,,,,,,,,,PRESENT,,,,,,,,,,,,,,,,,,,,,,,,
267571,4B190106004,R4-2022-0341,CA0056227,Los Angeles City Bureau of Sanitation,Donald C. Tillman WWRP,Los Angeles,5695_R4-2010-0060_FS_amd.pdf,,,PRESENT,PRESENT,,,PRESENT,PRESENT,,PRESENT,,,,,,FUTURE,PRESENT,PAST,,,,,,,,,,,FUTURE,,,,PRESENT,PRESENT,,,,PRESENT,PAST,,,,,,,PAST,,,,,,,,,,,,PRESENT,PRESENT,,,PRESENT,PRESENT,,,,,PRESENT,,PRESENT,,,,,,,,,,,,,,,,,,,,,,,,,,,,,
267571,4B190106004,R4-2022-0341,CA0056227,Los Angeles City Bureau of Sanitation,Donald C. Tillman WWRP,Los Angeles,Adopted DCTWRP NPDES CI-5695_01242023.pdf,R4-2022-0341,,PRESENT,PRESENT,,,PRESENT,PRESENT,,PRESENT,,,,,,,PRESENT,,,,,,,,,,,,,,,,PRESENT,PRESENT,,,,PRESENT,,,,,,,,,,,,,,,,,,,,PRESENT,,,,PRESENT,PRESENT,,PAST,,,,,,,,PAST,,PRESENT,,,,,,,,,,,,,,,,,,,,,,,,
267571,4B190106004,R4-2022-0341,CA0056227,Los Angeles City Bureau of Sanitation,Donald C. Tillman WWRP,Los Angeles,5695_R4-2011-0196_WDR_PKG.pdf,R4-2011-0196,,PRESENT,PRESENT,,,PRESENT,PRESENT,,PRESENT,,,,,,,PRESENT,,,,,,,,,,,,PRESENT,,,,PRESENT,PRESENT,,,,PRESENT,,,,,,,,,,,,,,,,,,,,PRESENT,,,,PRESENT,PRESENT,,,,,PRESENT,,PRESENT,,,,,,,,,,,,,,,,,,,,,,,OFFSITE,,,,,,
273663,4B190137001,R4-2023-0368,CA0063401,West Basin MWD,Edward C. Little Water Recycling Plant (Recycled Water Irrigation),Los Angeles,7449_R4-2012-0026_WDR_PKG.pdf,R4-2012-0026,,,,,PRESENT,PRESENT,,,,,,,,,,,,,,,,,,,,,,,,,,,,,,,PRESENT,,,,,,,,,,,,PRESENT,,PRESENT,,,,,PRESENT,PRESENT,PRESENT,,,PRESENT,,,,,,,,,PRESENT,,PRESENT,PRESENT,PRESENT,,,,,PRESENT,,,,,,,,,,,,,,,,,,,
273663,4B190137001,R4-2023-0368,CA0063401,West Basin MWD,Edward C. Little Water Recycling Plant (Recycled Water Irrigation),Los Angeles,7449_R4-2006-0067_WDR_PKG.pdf,R4-2006-0067,,,,,PRESENT,,,,,,,,,,,,,,,,,,,,,,,,,,,,,,,,PRESENT,,,,,,,,,,,,PRESENT,,PRESENT,,,,,,PRESENT,PRESENT,,,PRESENT,,FUTURE,,,,,,,,,,PRESENT,PRESENT,,,,,,,,,,,,,,,,,,,,,,,,
273663,4B190137001,R4-2023-0368,CA0063401,West Basin MWD,Edward C. Little Water Recycling Plant (Recycled Water Irrigation),Los Angeles,7449_R4-2018-0089_WDR_PKG.pdf,R4-2018-0089,,,,,,,,,,,,,,,,,,,,,,,,,,,,,,,,,,,,,,,,,,,,,,,,,PRESENT,,PRESENT,,,,,PRESENT,,,,,,,,PRESENT,,PRESENT,,,,PRESENT,,PRESENT,PRESENT,,,,,,PRESENT,,,,,,,,,,,,,,,,,,,
273663,4B190137001,R4-2023-0368,CA0063401,West Basin MWD,Edward C. Little Water Recycling Plant (Recycled Water Irrigation),Los Angeles,Adopted ECLWRF NPDES CI-7449 111623.pdf,R4-2023-0368,,,,,,,,,,,,,,,,,,,,,,,,,,,,,,,,,,,,,,,,,,,,,,,,,PRESENT,,PRESENT,,,,,PRESENT,,,,,,,,PRESENT,,PRESENT,,,,PRESENT,,PRESENT,PRESENT,,,,,,PRESENT,,,,,,,,,,,,,,,,,,,
268043,4B190107100,R4-2013-0019,,"BMIF/BSLF II Rancho Malibu Ltd.c/o Vintage Rancho Malibu, LLC",Encinal Canyon Water Recycling Plant on Tract 46277,Los Angeles,7020_R4-2013-0019_WDR_PKG.pdf,R4-2013-0019,,,,,,FUTURE,,,FUTURE,,,,,,,,,,,,,,,,,,,,,,,,FUTURE,,,,,,,,,,,,,,,,,,,,FUTURE,,,,,,,,FUTURE,,,,,,,,,,,,,,,,,,,,,,,,,,,,,,,,,,,,,
888692,4B190106006,R4-2023-0357,,Los Angeles City Bureau of Sanitation,Hyperion Advanced Water Purification Facility,Los Angeles,10735_R4-2023-0357_WDR.pdf,R4-2023-0357,,,,,,FUTURE,,,,,,,,,,FUTURE,,,,,,,,,,,,,,,,FUTURE,FUTURE,,,,,,,,,,,,,,,,FUTURE,,,FUTURE,,FUTURE,,FUTURE,,,,,,,FUTURE,,,,,,,,,,FUTURE,,,,,,,,,,,,,,,,,,,,,,,,,
232063,4B190106002,R4-2023-0033,CA0109991,Los Angeles City Bureau of Sanitation,Hyperion WWTP,Los Angeles,1492_R4-2005-0020_FS.pdf,R4-2005-0020,,PRESENT,PRESENT,,,PRESENT,PRESENT,,,,,,PRESENT,,,,,,,,,,,,,,,,,,,,,,,,,,,,,,,,,,,,,,,,,,,,PRESENT,PRESENT,,,,,,,,,,,,,,,,PRESENT,,PRESENT,,,PRESENT,PRESENT,,,,,PRESENT,,,,OFFSITE,OFFSITE,OFFSITE,,,,,OFFSITE,OFFSITE,
232063,4B190106002,R4-2023-0033,CA0109991,Los Angeles City Bureau of Sanitation,Hyperion WWTP,Los Angeles,1492_R4-2017-0045_WDR_PKG.pdf,R4-2017-0045,,PRESENT,PRESENT,,,PRESENT,PRESENT,,,,,,PRESENT,,,,PRESENT,,,,,,,,,,,,,,,,,,,,,,,,,,,,,,,,,,,,,PRESENT,,,PRESENT,PRESENT,,,,,,,,PRESENT,,PRESENT,,,,,,,,PRESENT,,,PRESENT,PRESENT,,,,,,,,,OFFSITE,OFFSITE,OFFSITE,,,,,FUTURE,FUTURE,
232063,4B190106002,R4-2023-0033,CA0109991,Los Angeles City Bureau of Sanitation,Hyperion WWTP,Los Angeles,1492_R4-2005-0020_WDR.pdf,R4-2005-0020,,PRESENT,PRESENT,,,PRESENT,PRESENT,,,,,,,,,,PRESENT,,,,,,,,,,,,,,,,,,,,,,,,,,,,,,,,,,,,,,,,PRESENT,PRESENT,,,,,,,,,,,,,,,,PRESENT,,PRESENT,,,PRESENT,PRESENT,,,,,PRESENT,,,,OFFSITE,OFFSITE,OFFSITE,,,,,OFFSITE,OFFSITE,
232063,4B190106002,R4-2023-0033,CA0109991,Los Angeles City Bureau of Sanitation,Hyperion WWTP,Los Angeles,Hyperion NPDES CA0109991 CI-1492_FINAL+SIGNED.pdf,R4-2023-0033,,PRESENT,PRESENT,,,PRESENT,PRESENT,,,,,,PRESENT,,,,PRESENT,,,,,,,,,,,,,,,,,,,,PRESENT,,,,,,,,,,,,FUTURE,,,FUTURE,,,,FUTURE,PRESENT,PRESENT,,,,,FUTURE,,,PRESENT,,PRESENT,PRESENT,,,FUTURE,,,,PRESENT,,,PRESENT,PRESENT,,,,,PRESENT,,,,OFFSITE,OFFSITE,OFFSITE,,,,,OFFSITE,OFFSITE,
232063,4B190106002,R4-2023-0033,CA0109991,Los Angeles City Bureau of Sanitation,Hyperion WWTP,Los Angeles,1492_R4-2010-0200_WDR_PKG.pdf,R4-2010-0200,,PRESENT,PRESENT,,,PRESENT,PRESENT,,,,,,,,,,PRESENT,,,,,,,,,,,,,,,,,,,,,,,,,,,,,,,,,,,,,,,,PRESENT,PRESENT,,,,,,,,,,,,,,,,PRESENT,,PRESENT,,,PRESENT,PRESENT,,,,,,,,,OFFSITE,OFFSITE,OFFSITE,,,,,OFFSITE,OFFSITE,
217061,4B190137004,R4-2024-0146,CA0064246,West Basin MWD,Juanita Millender-McDonald Carson Regional Water Recycling Plant,Los Angeles,7972_R4-2018-0090_WDR_PKG.pdf,R4-2018-0090,,,,,,,,,,,,,,,,PRESENT,,,,,,,,,,,,,,,,,PRESENT,,,,,PRESENT,,,,,,,,,,,PRESENT,,PRESENT,FUTURE,,,,,,,,,PRESENT,,,,,,,,,,,,,,,,,,,,,,,,,,,,,,,,,,,,,
217061,4B190137004,R4-2024-0146,CA0064246,West Basin MWD,Juanita Millender-McDonald Carson Regional Water Recycling Plant,Los Angeles,7972_R4-2007-0001_WDR_PKG.pdf,R4-2007-0001,,,,,,,,,,,,,,,,PRESENT,,,,,,,,,,,,,,,,,PRESENT,,,,,PRESENT,,,,,,,,,,,PRESENT,,PRESENT,,,,,,,,,,PRESENT,,,,,,,,,,,,PRESENT,,,,,,,,,,,,,,,,,,,,,,,,,
217061,4B190137004,R4-2024-0146,CA0064246,West Basin MWD,Juanita Millender-McDonald Carson Regional Water Recycling Plant,Los Angeles,7972_R4-2013-0046_WDR_PKG.pdf,R4-2013-0046,,PRESENT,PRESENT,,,,,,,,,,,,,FUTURE,PRESENT,,,,,,,,,,,,,,,,FUTURE,,,,PRESENT,,,,,,,,,,,,FUTURE,,,,,,,,PRESENT,,,,,,,,,,PRESENT,PRESENT,PRESENT,,,,,,,,,PRESENT,PRESENT,,,,,,PRESENT,,,,,,,,,,,,,
217061,4B190137004,R4-2024-0146,CA0064246,West Basin MWD,Juanita Millender-McDonald Carson Regional Water Recycling Plant,Los Angeles,Adopted JMMCRWRP CI-7972 03012024.pdf,R4-2024-0146,,,,,,,,,,,,,,,,PRESENT,,,,,,,,,,,,,,,,,PRESENT,,,,,PRESENT,,,,,,,,,,,PRESENT,,PRESENT,,,,,,,,,,PRESENT,,,,,,,,,,,,,,,,,,,,,,,,,,,,,,,,,,,,,
236378,6B190604011,R6V-2006-0035,,,Lancaster Water Reclamation Plant,Los Angeles,R6V-2006-0035 LACSD 14.WDR.Final.pdf,R6V-2006-0035,,PRESENT,,PRESENT,PRESENT,,,,,,,,,,,FUTURE,,,PRESENT,,,,,,,,,,,,,FUTURE,FUTURE,,PRESENT,,,,,,,,,,,,,,,,,FUTURE,,PRESENT,,,PRESENT,PRESENT,,,PRESENT,,FUTURE,,,,,,,,,,,PRESENT,,PRESENT,,,,,,,,,,,,,,,,OFFSITE,,,,,,
236378,6B190107017,R6V-2022-0023,,Los Angeles Cnty Sanitation District 14,Lancaster Water Reclamation Plant,Los Angeles,r6v-2022-0023-lacsd-rev-wdr.pdf,R6V-2022-0023,PRESENT,PRESENT,PRESENT,,,PRESENT,PRESENT,,,PRESENT,,,,,,PRESENT,,,,,,,,PAST,,,,,,,,PRESENT,PRESENT,,,,PRESENT,,,,,,,,,,,,,,,,,,,,,,,,PRESENT,PRESENT,,,,,,,,,,,,,,PRESENT,,PRESENT,,,,PRESENT,,,PRESENT,,,,,OFFSITE,,,,,,,,
236378,6B190604011,R6V-2006-0035,,,Lancaster Water Reclamation Plant,Los Angeles,6-02-0053A2 WDR Los Angeles County Sanitation District No. 14 Lancaster Water Reclamation Plant.pdf,R6V-2002-053,,,,,,,,,,,,,,,,FUTURE,PRESENT,,,,,,,PRESENT,,,,,,,,FUTURE,,,,,,,,,,,,,,,,,,,,PRESENT,,,,,,,,,,,PRESENT,,,,,,,,,,,,,,,,,,,,,,,,,,,,,OFFSITE,,,,,,
238562,4B190107014,R4-2022-0032,CA0054119,Joint Outfall System,Long Beach WRP,Los Angeles,5662_R4-2015-0123_WDR_PKG.pdf,R4-2015-0123,,PRESENT,PRESENT,,,,,,,,,,,,,PRESENT,,,,,,,,,,,,,,,,PRESENT,PRESENT,,,,PRESENT,,,,,,,,,,,,,,,,,,,,,,,,PRESENT,PRESENT,,,,,,,,,,,,,,,,,,,,,,,,,,,,,,OFFSITE,,,,,,
238562,4B190107014,R4-2022-0032,CA0054119,Joint Outfall System,Long Beach WRP,Los Angeles,5662_R4-2007-0047_WDR_PKG.pdf,R4-2007-0047,,PRESENT,PRESENT,,,,,,,,,,,,,PRESENT,,,,,,,,,,,,,,,,PRESENT,PRESENT,,,,PRESENT,,,,,,,,,,,,,,,,,,,,,,,,PRESENT,PRESENT,,,,,,,,,,,,,,,,,,,,,,,,,,,,,,OFFSITE,,,,,,
238562,4B190107014,R4-2022-0032,CA0054119,Joint Outfall System,Long Beach WRP,Los Angeles,5662_R4-2022-0032_WDR_PKG.pdf,R4-2022-0032,,PRESENT,PRESENT,,,,,,,,,,,,,PRESENT,,,,,,,,,,,,,,,,PRESENT,PRESENT,,,,PRESENT,,,,,,,,,,,,,,,,,,,,PRESENT,,,,PRESENT,PRESENT,,,,,,,,,,,,PRESENT,,,,,,,,,,,,,,,,,,OFFSITE,,,,,,
235738,4B190106001,R4-2022-0343,CA0053953,Los Angeles City Bureau of Sanitation,Los Angeles-Glendale WWRP,Los Angeles,Final LAG NPDES permit_CI 5675 Final_Signed.pdf,R4-2022-0343,,PRESENT,PRESENT,,,PRESENT,PRESENT,,FUTURE,,,,,,,PRESENT,,,,,,,,,,,,,,,,PRESENT,PRESENT,,,,PRESENT,,,,,,,,,,,,FUTURE,,FUTURE,,,,,FUTURE,PRESENT,,,FUTURE,PRESENT,PRESENT,FUTURE,FUTURE,,,,,,,,FUTURE,,PRESENT,,,,,,,,,,,,,,,,,,,,,,,,
235738,4B190106001,R4-2022-0343,CA0053953,Los Angeles City Bureau of Sanitation,Los Angeles-Glendale WWRP,Los Angeles,5675_R4-2010-0059_WDR_amd.pdf,R4-2010-0059,,PRESENT,PRESENT,,,PRESENT,,,,,,,,,,FUTURE,PRESENT,,,,,,,,,,,FUTURE,,,,FUTURE,,,,,PRESENT,FUTURE,,,,,,,FUTURE,,,,,,,,,,,,PRESENT,,,,PRESENT,PRESENT,,,,,,,,,,,,PRESENT,,,,,,,,,,,,,,,,,,,,,,,,
235738,4B190106001,R4-2022-0343,CA0053953,Los Angeles City Bureau of Sanitation,Los Angeles-Glendale WWRP,Los Angeles,5675_R4-2011-0197_WDR_PKG.pdf,R4-2011-0197,,PRESENT,PRESENT,,,PRESENT,,,,,,,,,,PRESENT,,,,,,,,,,,,,,,,PRESENT,PRESENT,,,,PRESENT,,,,,,,,,,,,,,,,,,,,PRESENT,,,,PRESENT,PRESENT,,,,,,,,,,,,PRESENT,,,,,,,,,,,,,,,,,,,,,,,,
235738,4B190106001,R4-2022-0343,CA0053953,Los Angeles City Bureau of Sanitation,Los Angeles-Glendale WWRP,Los Angeles,5675_R4-2017-0063_WDR_PKG.pdf,R4-2017-0062,,PRESENT,PRESENT,,,PRESENT,,,FUTURE,,,,,,,PRESENT,,,,,,,,,,,,,,,,PRESENT,PRESENT,,,,PRESENT,,,,,,FUTURE,,,,,,,,,,,FUTURE,,,PRESENT,,,,PRESENT,PRESENT,,,,,,,,,,,,PRESENT,,,,,,,,,,,,,,,,,,OFFSITE,,,,,,
235738,4B190106001,R4-2022-0343,CA0053953,Los Angeles City Bureau of Sanitation,Los Angeles-Glendale WWRP,Los Angeles,5675_R4-2006-0092_FS.pdf,R4-2006-055,,PRESENT,PRESENT,,,PRESENT,,,,,,,,,,FUTURE,PRESENT,,,,,,,,,,,,,,,FUTURE,PRESENT,,,,PRESENT,,,,,,,,,,,,,,,,,,,,PRESENT,,,,PRESENT,PRESENT,,,,,PRESENT,,PRESENT,,,,,,,,,,,,,,,,,,,,,,,OFFSITE,,,,,,
235738,4B190106001,R4-2022-0343,CA0053953,Los Angeles City Bureau of Sanitation,Los Angeles-Glendale WWRP,Los Angeles,5675_R4-2006-0092_WDR.pdf,R4-2006-0092,,PRESENT,PRESENT,,,PRESENT,,,,,,,,,,FUTURE,PRESENT,,,,,,,,,,,FUTURE,,,,FUTURE,,,,,PRESENT,,FUTURE,,,,,,FUTURE,,,,,,,,,,,,PRESENT,,,,PRESENT,PRESENT,,,,,,,,,,,,PRESENT,,,,,,,,,,,,,,,,,,,,,,,,
238646,4B190107015,R4-2021-0142,CA0054011,Joint Outfall System,Los Coyotes WRP,Los Angeles,5059_R4-2021-0142_WDR_PKG (signed).pdf,R4-2021-0142,,PRESENT,PRESENT,,,,,,,,,,,,,PRESENT,PRESENT,,,,,,,,,,,,,,,PRESENT,PRESENT,,,,PRESENT,,,,,,,,,,,,,,,,,,,,,,,,PRESENT,PRESENT,,,,,,,,,,,,,,,,,,,,,,,,,,,,,,OFFSITE,,,,,,
238646,4B190107015,R4-2021-0142,CA0054011,Joint Outfall System,Los Coyotes WRP,Los Angeles,5059_R4-2007-0048_WDR_PKG.pdf,R4-2007-0048,,PRESENT,PRESENT,,,,,,,,,,,,,PRESENT,,,,,,,,,,,,,,,,PRESENT,PRESENT,,,,PRESENT,,,,,,,,,,,,,,,,,,,,,,,,PRESENT,PRESENT,,,,,,,,,,,,,,,,,,,,,,,,,,,,,,,,,,,,
238646,4B190107015,R4-2021-0142,CA0054011,Joint Outfall System,Los Coyotes WRP,Los Angeles,5059_R4-2015-0124_WDR_PKG.pdf,R4-2015-0123,,PRESENT,PRESENT,,,,,,,,,,,,,PRESENT,,,,,,,,,,,,,,,,PRESENT,PRESENT,,,,PRESENT,,,,,,,,,,,,,,,,,,,,,,,,PRESENT,PRESENT,,,,,,,,,,,,FUTURE,,,,,,,,,,,,,,,,,,,,,,,,
766648,4B190190002,R4-2015-0051,,Malibu City,Malibu Civic Center WWTF,Los Angeles,10042_R4-2015-0051_WDR_PKG.pdf,R4-2015-0051,,,,,,PRESENT,PRESENT,,PRESENT,,,,,,,PRESENT,,,,,,,,FUTURE,,,,,,,,PRESENT,,,,,,,,,,,,,,,,,,,,PRESENT,,,,,,,,,PRESENT,,PRESENT,,,,,,,,,,,,,,,,,,,,,,,,,,,,,,,,,,,
242162,4B190107048,R4-2021-0062,CA0059099,Los Angeles Cnty DPW,Malibu Mesa WRP,Los Angeles,6599_R4-2021-0062_WDR.pdf,R4-2021-0062,PRESENT,,PRESENT,,,PRESENT,,,,,,,,,,,PRESENT,,,,,,,,,,,,,,,,,,,,PRESENT,,,,,,,,,,,,,,,FUTURE,,,,,PRESENT,PRESENT,,,,,PRESENT,,,,,,,,,,,PRESENT,,,PRESENT,,,,,,,,PRESENT,,,,,,,,,,,,,
242162,4B190107048,R4-2021-0062,CA0059099,Los Angeles Cnty DPW,Malibu Mesa WRP,Los Angeles,6599_R4-2012-0181_WDR_PKG.pdf,R4-2012-0181,PRESENT,,PRESENT,,,PRESENT,,,,,,,,,,,PRESENT,,,,,,,,,,,,,,,,,,,,PRESENT,,,,,,,,,,,,,,,,,,,,PRESENT,PRESENT,,,,,PRESENT,,,,,,,,,,,PRESENT,,,PRESENT,,PRESENT,PRESENT,,,,,,,,,,,,,,,,,,
242162,4B190107048,R4-2021-0062,CA0059099,Los Angeles Cnty DPW,Malibu Mesa WRP,Los Angeles,6599_R4-2007-0002_WDR_PKG.pdf,R4-2007-0002,PRESENT,,PRESENT,,,PRESENT,,,,,,,,,,,PRESENT,,,,,,,,,,,,,,,,,,,,PRESENT,,,,,,,,,,,,,,,,,,,,PRESENT,PRESENT,,,,,PRESENT,,,,,,,,,,,PRESENT,,,PRESENT,,PRESENT,PRESENT,,,,,,,,,,,,,,,,,,
658148,4A190118001,R4-2024-0390,CA0064556,Newhall Ranch SD,Newhall Ranch WRP,Los Angeles,9322_R4-2007-0046_ATT1.pdf,R4-2007-0046,,PRESENT,PRESENT,,,,,,,,,,,,,,PRESENT,,,,,,,,,,,,,,,,,,,,PRESENT,,,,,,,,,,,,,,,,,,,,PRESENT,PRESENT,,,,,,,,,PRESENT,PRESENT,PRESENT,,,,,,,,,PRESENT,PRESENT,,,,,,PRESENT,,,,,,,,,,,,,
658148,4A190118001,R4-2024-0390,CA0064556,Newhall Ranch SD,Newhall Ranch WRP,Los Angeles,9322_R4-2024-0390_WDR_PKG.pdf.pdf,R4-2024-0390,PRESENT,,,,,PRESENT,PRESENT,,PRESENT,,,,,,PRESENT,PRESENT,,,,,,,,,,,,,,,,PRESENT,PRESENT,,,,,,,,,,,,,,,,FUTURE,,,PRESENT,,,,,,,,,,,PRESENT,,,,,,,,,PRESENT,,,,,,,,,,,,,FUTURE,,,,,,OFFSITE,,,,,,,
658148,4A190118001,R4-2024-0390,CA0064556,Newhall Ranch SD,Newhall Ranch WRP,Los Angeles,9322_R4-2013-0180_WDR_PKG.pdf,R4-2013-0180,,,,,,FUTURE,,,,,,,,,,FUTURE,,,,,,,,,,,,,,,,FUTURE,,,,,,,,,,,,,,,,,FUTURE,,,FUTURE,,,,,,,,,,,FUTURE,,,,,,,,,,,,,,,,,,,,,,,,,,,,,,,,,,,
658148,4A190118001,R4-2024-0390,CA0064556,Newhall Ranch SD,Newhall Ranch WRP,Los Angeles,9322_R4-2019-0077_WDR_PKG.pdf,R4-2019-0077,FUTURE,,,,,FUTURE,FUTURE,,FUTURE,,,,,,,FUTURE,,,,,,,,,,,,,,,,FUTURE,FUTURE,,,,,,,,,,,,,,,,FUTURE,,,FUTURE,,,,,,,,,FUTURE,,FUTURE,,,,,,,,,,,,,,,,,,,,,,FUTURE,,,,,,,,,,,,,
658148,4A190118001,R4-2024-0390,CA0064556,Newhall Ranch SD,Newhall Ranch WRP,Los Angeles,9322_R4-2007-0046_WDR_PKG.pdf,R4-2007-0046,,,,,,FUTURE,,,,,,,,,,FUTURE,,,,,,,,,,,,,,,,FUTURE,,,,,,,,,,,,,,,,,FUTURE,,,FUTURE,,,,,,,,,,,FUTURE,,,,,,,,,,,,,,,,,,,,,,,,,,,,,,,,,,,
247448,6B190107069,R6V-2011-0012,,Los Angeles Cnty Sanitation District 20,Palmdale Water Reclamation Plant,Los Angeles,R6V-2011-0012 LACSD Palmdale No. 20 WDR and MRP.Final.pdf,R6V-2011-0012,,PRESENT,,,FUTURE,,,,,FUTURE,,,,,,,,,PRESENT,,,,,,,,,,,,,,,,,,,,,,,,,,,,,,,,,,,FUTURE,,,,,,,PRESENT,,,,,,,,,,,,,,,PRESENT,,,FUTURE,,,PRESENT,,,FUTURE,,,,,,,,,,,,,
249771,4A191030001,R4-2011-0177,,Paradise Ranch LLC,Paradise Ranch WWTP,Los Angeles,5671_R4-2011-0177_WDR_PKG.pdf,R4-2011-0177,,,PRESENT,,,,,,,,,,,PRESENT,,,PRESENT,,,,,,,,,,,,,,,,,,,,,,,,,,,,,,,,,,,,,,,,,,,,PRESENT,,,,,,,,,,,,,,,,,,,,,,,,,,,,,,,,,,,,,
250700,4B190107019,R4-2021-0097,CA0053619,Joint Outfall System,Pomona Water Reclamation Plant,Los Angeles,0755_R4-2014-0212_WDR_PKG.pdf,R4-2014-0212,,PRESENT,PRESENT,,,,,,PRESENT,,,,,,,PRESENT,,,,,,,,,,,,,,,,PRESENT,PRESENT,,,,,,,,,,,,,,,,,,,,,PRESENT,,,,,,,PRESENT,PRESENT,,,,,,,,,,,,,,,,,,,,,,,,,,,,,,,,,,,,
250700,4B190107019,R4-2021-0097,CA0053619,Joint Outfall System,Pomona Water Reclamation Plant,Los Angeles,0755_R4-2009-0076_WDR.pdf,R4-2009-0076,PRESENT,PRESENT,PRESENT,,,,,,PRESENT,,,,,,,PRESENT,,,,,,,,,,,,,,,,PRESENT,PRESENT,,,,PRESENT,,,,,,,,,,,,,,,,,,,,,,,,PRESENT,PRESENT,,,,,,,,,,,,,,,,,,,,,,,,,,,,,,,,,,,,
250700,4B190107019,R4-2021-0097,CA0053619,Joint Outfall System,Pomona Water Reclamation Plant,Los Angeles,0755_R4-2021-0097_WDR_PKG.pdf,R4-2021-0097,,PRESENT,PRESENT,,,,,,,,,,,,,PRESENT,,,,,,,,,,,,,,,,PRESENT,PRESENT,,,,PRESENT,,,,,,,,,,,,,,,,,,,,PRESENT,,,,PRESENT,PRESENT,,,,,PRESENT,,,,,,,,,,,,,,,,,,,,,,,,,OFFSITE,,,,,,
250700,4B190107019,R4-2021-0097,CA0053619,Joint Outfall System,Pomona Water Reclamation Plant,Los Angeles,0755_R4-2014-0212-A01_WDR_PKG_amd.pdf,R4-2014-0212,,PRESENT,PRESENT,,,,,,PRESENT,,,,,,,PRESENT,,,,,,,,,,,,,,,,PRESENT,PRESENT,,,,PRESENT,,,,,,,,,,,,,,,,,,,,,,,,PRESENT,PRESENT,,,,,,,,,,,,,,,,,,,,,,,,,,,,,,OFFSITE,,,,,,
260064,4B190703003,R4-2024-0182,CA0110175,US Navy Naval Facilities Engineering Command Southwest,San Clemente Island WWTP,Los Angeles,6432_R4-2018-0156_WDR_PKG.pdf,R4-2018-0156,PRESENT,,PRESENT,,,FUTURE,,,PRESENT,,,,,PRESENT,,FUTURE,,,,,,,,,,,,,,,,FUTURE,PRESENT,,,,,,,,,,,,,,,,,,,FUTURE,,,,,,,,,PRESENT,PRESENT,,,,,,,,,,,,,,,,,,,,PRESENT,,,,,,,,,OFFSITE,,,,,,,
260064,4B190703003,R4-2024-0182,CA0110175,US Navy Naval Facilities Engineering Command Southwest,San Clemente Island WWTP,Los Angeles,6432 R4-2024-0182 WDR PKG.pdf,,PRESENT,,PRESENT,,,PRESENT,,,PRESENT,,,,,PRESENT,,,,,,,,,,PRESENT,,,,,,,,,PRESENT,,,,,,,,,,,,,,,,,,,PRESENT,,,,,,,,,PRESENT,PRESENT,,,,,,,,,,,,,,,,,PRESENT,,,PRESENT,,,,PRESENT,,,,,,,,,,,,
260064,4B190703003,R4-2024-0182,CA0110175,US Navy Naval Facilities Engineering Command Southwest,San Clemente Island WWTP,Los Angeles,6432_R4-2013-0111_WDR_PKG.pdf,R4-2013-0111,PRESENT,,PRESENT,,,FUTURE,,,PRESENT,,,,,PRESENT,,,PRESENT,,,,,,,,,,,,,,,FUTURE,,,,,,,,,,,,,,,,,,,,FUTURE,,,,,,,,,PRESENT,PRESENT,,,,,,,,,,,,,,,,,,,,,,,,,,,,,,,,,,,,
260156,4B190107020,R4-2021-0131,CA0053911,Joint Outfall System,San Jose Creek Water Reclamation Plant,Los Angeles,5542_R4-2004-0097_FS.pdf,R4-2004-0097,,PRESENT,PRESENT,,,,,,,,,,,,,PRESENT,,,,,,,,,,,,,,,,PRESENT,PRESENT,,,,PRESENT,,,,,,,,,,,,,,,,,,,FUTURE,PRESENT,,,,PRESENT,PRESENT,FUTURE,,,,PRESENT,,PRESENT,,,,,,,,,,,,,,,,,,,,,,,OFFSITE,,,,,,
260156,4B190107020,R4-2021-0131,CA0053911,Joint Outfall System,San Jose Creek Water Reclamation Plant,Los Angeles,5542_R4-2015-0070_WDR_PKG.pdf,R4-2015-0070,,PRESENT,PRESENT,,,,,,,,,,,,,PRESENT,,,,,,,,,,,,,,,,PRESENT,PRESENT,,,,PRESENT,,,,,,,,,,,,,,,,,,,,PRESENT,,,,PRESENT,PRESENT,,,,,,,,,,,,PRESENT,,,,,,,,,,,,,,,,,,,,,,,,
260156,4B190107020,R4-2021-0131,CA0053911,Joint Outfall System,San Jose Creek Water Reclamation Plant,Los Angeles,5542_R4-2004-0097_WDR.pdf,R4-2004-0097,,PRESENT,PRESENT,,,,,,,,,,,,,PRESENT,,,,,,,,,,,,,,,,PRESENT,PRESENT,,,,PRESENT,,,,,,,,,,,,,,,,,,,FUTURE,PRESENT,PRESENT,,,PRESENT,PRESENT,FUTURE,,,,,,PRESENT,,,,,PRESENT,,,,,,,,,,,,,,,,,,OFFSITE,,,,,,
260156,4B190107020,R4-2021-0131,CA0053911,Joint Outfall System,San Jose Creek Water Reclamation Plant,Los Angeles,5542_R4-2009-0078_WDR.pdf,R4-2009-0078,,PRESENT,PRESENT,,,,,,,,,,,,,PRESENT,,,,,,,,,,,,,,,,PRESENT,PRESENT,,,,PRESENT,,,,,,,,,,,,,,,,,,,,PRESENT,,,,PRESENT,PRESENT,,,,,,,,,,,,PRESENT,,,,,,,,,,,,,,,,,,OFFSITE,,,,,,
260156,4B190107020,R4-2021-0131,CA0053911,Joint Outfall System,San Jose Creek Water Reclamation Plant,Los Angeles,5542_R4-2021-0131_WDR_PKG.pdf,R4-2021-0131,,PRESENT,PRESENT,,,,,,,,,,,,,PRESENT,,,,,,,,,,,,,,,,PRESENT,PRESENT,,,,PRESENT,,,,,,,,,,,,,,,,,,,,PRESENT,,,,PRESENT,PRESENT,,,,,,,,,,,,PRESENT,,,,,,,,,,,,,,,,,,,,,,,,
260494,4A190107021,R4-2022-0175,CA0054313,Santa Clarita Valley SD of Los Angeles Cnty,Saugus Water Reclamation Plant,Los Angeles,2960_R4-2022-0175_WDR_PKG.pdf,R4-2022-0175,,PRESENT,PRESENT,,,PRESENT,,,,OFFSITE,,,,,,PRESENT,,,,,,,,,,,,,,,,PRESENT,PRESENT,,,,PRESENT,,,,,,,,,,,,,,,,,,,,,,,,PRESENT,PRESENT,PRESENT,,,,,,,,,,,,,OFFSITE,,,OFFSITE,,,,,,OFFSITE,,,,OFFSITE,OFFSITE,OFFSITE,,,,,,,
260494,4A190107021,R4-2022-0175,CA0054313,Santa Clarita Valley SD of Los Angeles Cnty,Saugus Water Reclamation Plant,Los Angeles,2960_R4-2015-0072_WDR_PKG.pdf,R4-2015-0072,,PRESENT,PRESENT,,,,,,,,,,,,,PRESENT,,,,,,,,,,,,,,,,PRESENT,PRESENT,,,,PRESENT,,,,,,,,,,,,FUTURE,,FUTURE,,,,,,,,,,PRESENT,PRESENT,FUTURE,,,,,,,,,,,,,,,,OFFSITE,,,,,,,,,,OFFSITE,OFFSITE,OFFSITE,,,,,,,
260494,4A190107021,R4-2022-0175,CA0054313,Santa Clarita Valley SD of Los Angeles Cnty,Saugus Water Reclamation Plant,Los Angeles,2960_R4-2009-0075_WDR_PKG.pdf,R4-2009-0075,PRESENT,PRESENT,PRESENT,,,,PRESENT,,PRESENT,,,,,,,PRESENT,,,,,,,,,,,,,,,,PRESENT,PRESENT,,,,PRESENT,,,,,,,,,,,,,,,,,,,,,,,,PRESENT,PRESENT,FUTURE,,,,,,,,,,,,,,,,,,,,,,,,,,,,,OFFSITE,,,,,,
267130,4B190106005,R4-2021-0095,CA0053856,Los Angeles City Bureau of Sanitation,Terminal Island Water Reclamation Plant,Los Angeles,2171_R4-2005-0024_FS.pdf,R4-2005-0024,,PRESENT,PRESENT,,,PRESENT,PRESENT,,,,,,,,,,PRESENT,,,,,,,,,,,,,,,,,,,,PRESENT,,,,,,,,,,,,PRESENT,,PRESENT,,,,,,PRESENT,,,,PRESENT,PRESENT,,,,,PRESENT,,,,,,,,,PRESENT,,,PRESENT,,,,,,PRESENT,,,,OFFSITE,,,,,,,,,
267130,4B190106005,R4-2021-0095,CA0053856,Los Angeles City Bureau of Sanitation,Terminal Island Water Reclamation Plant,Los Angeles,2171_R4-2010-0071_ATT.pdf,R4-2010-0071,,PRESENT,PRESENT,,,,,,,,,,,,,,PRESENT,,,,,,,,,,,,,,,,,,,,PRESENT,,,,,,,,,,,,,,,,,,,,PRESENT,,,,,,,,,,PRESENT,PRESENT,PRESENT,,,,,,,,,PRESENT,PRESENT,,,,,,PRESENT,,,,,,,PRESENT,,,,,,
267130,4B190106005,R4-2021-0095,CA0053856,Los Angeles City Bureau of Sanitation,Terminal Island Water Reclamation Plant,Los Angeles,2171_R4-2005-0024_WDR.pdf,R4-2005-0024,,PRESENT,PRESENT,,,PRESENT,PRESENT,,,,,,,,,,PRESENT,,,,,,,,,,,,,,,,,,,,PRESENT,,,,,,,,,,,,PRESENT,,PRESENT,,,,,,,,,,PRESENT,PRESENT,,,,,,,,,,,,,,PRESENT,,,PRESENT,,,,,,PRESENT,,,,OFFSITE,,,,,,,,,
267130,4B190106005,R4-2021-0095,CA0053856,Los Angeles City Bureau of Sanitation,Terminal Island Water Reclamation Plant,Los Angeles,2171_R4-2015-0119-A01_WDR_PKG_amd.pdf,R4-2015-0119,,PRESENT,PRESENT,,,PRESENT,PRESENT,,,,,,,,,,PRESENT,,,,,,,,,,,,,,,,,,,,PRESENT,,,,,,,,,,,,PRESENT,,PRESENT,,,,,FUTURE,PRESENT,PRESENT,,,PRESENT,,,,,FUTURE,PRESENT,,,,,,PRESENT,PRESENT,,PRESENT,,,PRESENT,,,,,,PRESENT,,,,OFFSITE,OFFSITE,,,,,,,,
267130,4B190106005,R4-2021-0095,CA0053856,Los Angeles City Bureau of Sanitation,Terminal Island Water Reclamation Plant,Los Angeles,TIWRP Adopted Permit 06102021_signed.pdf,R4-2021-0095,,PRESENT,PRESENT,,,PRESENT,PRESENT,,PRESENT,,,,,,,,PRESENT,,,,,,,,,,,,,,,,,,,,PRESENT,,,,,,,,,,,,PRESENT,,PRESENT,,,,,PRESENT,,,,,PRESENT,,PRESENT,,,,,,,,,,PRESENT,PRESENT,,PRESENT,,,,,,,,,,,,,,,,,,,,,,
267130,4B190106005,R4-2021-0095,CA0053856,Los Angeles City Bureau of Sanitation,Terminal Island Water Reclamation Plant,Los Angeles,2171_R4-2010-0071_WDR_PKG.pdf,R4-2010-0071,,PRESENT,PRESENT,,,PRESENT,PRESENT,,,,,,,,,,PRESENT,,,,,,,,,,,,,,,,,,,,PRESENT,,,,,,,,,,,,PRESENT,,PRESENT,,,,,,PRESENT,,,,PRESENT,,,,,,PRESENT,,,,,,,,,,,,,,,,,,,,,,,,,,,,,,,
267130,4B190106005,R4-2021-0095,CA0053856,Los Angeles City Bureau of Sanitation,Terminal Island Water Reclamation Plant,Los Angeles,2171_R4-2015-0119_WDR_PKG.pdf,R4-2015-0119,,PRESENT,PRESENT,,,PRESENT,PRESENT,,,,,,,,,,PRESENT,,,,,,,,,,,,,,,,,,,,PRESENT,,,,,,,,,,,,PRESENT,,PRESENT,,,,,FUTURE,PRESENT,,,,PRESENT,,,,,,PRESENT,,,,,FUTURE,PRESENT,,,PRESENT,,,PRESENT,,,,,,PRESENT,,,,OFFSITE,OFFSITE,,PAST,,,,,,
268548,4B190107004,R4-2023-0294,,Los Angeles Cnty DPW Sewer Maintenance Div,Trancas WPCP,Los Angeles,3017_R4-2023-0294.pdf,R4-2023-0294,PRESENT,,PRESENT,,,PRESENT,,,,,,,,PRESENT,,,,,,,,,,,,,,,,,,,,,,,PRESENT,,,PAST,,,,,,,,,,,,,,,,,,,,,PRESENT,FUTURE,,,,,,,,,,,,,,,PRESENT,,,,,,,,,,,,,,,OFFSITE,,,,,,
268548,4B190107004,R4-2023-0294,,Los Angeles Cnty DPW Sewer Maintenance Div,Trancas WPCP,Los Angeles,3017_Attachments.pdf,,,,,,,,,,,,,,,,,,,,,,,,,,,,,,,,,,,,,,,,,,,,,,,,,,,,,,,,,,,,,,,,,,,,,,,,,,,,,,,,,,,,,,,,,,,,,,,,,,,
268548,4B190107004,R4-2014-0188,,Los Angeles Cnty DPW Sewer Maintenance Div,Trancas WPCP,Los Angeles,3017_R4-2014-0188_WDR_PKG.pdf,R4-2014-0188,PRESENT,,PRESENT,,,PRESENT,,,,,,,,,,,PRESENT,,,,,,,,,,,,,,,PRESENT,PRESENT,,,,PRESENT,,,,,,,,,,,,,,,,,,,,,,,,PRESENT,,,,,,,,,,,,,,,,,,,,,,,,,,,,,,,OFFSITE,,,,,,
268842,4B191002001,R4-2013-0137,,Santa Catalina Island Company,"Two Harbors STP, Catalina Island",Los Angeles,4840_R4-2013-0137_WDR_PKG.pdf,R4-2013-0137,PRESENT,,PRESENT,,,,,,,,PRESENT,,,PRESENT,,,PRESENT,,,,,,,,,,,,,,,,,,,,,,,,,,,,,,,,,,,,,,,,,,,,PRESENT,,,,,,,,,,,,,,,,PRESENT,,,,,PRESENT,,,,,,,,,OFFSITE,,,,,,,
270849,4A190107023,R4-2022-0174,CA0054216,Santa Clarita Valley SD of Los Angeles Cnty,Valencia WRP,Los Angeles,4993_R4-2009-0074_WDR.pdf,R4-2009-0074,PRESENT,PRESENT,PRESENT,,,,,,PRESENT,PRESENT,,,,,,PRESENT,,,,,,,,,,,,,,,,PRESENT,PRESENT,,,,,,,,,,,,,,,,,,,,,PRESENT,,,,,,,PRESENT,PRESENT,FUTURE,,,,,,,,,,,,,PRESENT,PRESENT,,PRESENT,,,,,,PRESENT,,,,OFFSITE,,OFFSITE,,,,,,,
270849,4A190107023,R4-2022-0174,CA0054216,Santa Clarita Valley SD of Los Angeles Cnty,Valencia WRP,Los Angeles,4993_R4-2015-0071_WDR_PKG.pdf,R4-2015-0071,,PRESENT,PRESENT,,,PRESENT,,,PRESENT,PRESENT,,,,,,PRESENT,,,,,,,,,,,,,,,,PRESENT,PRESENT,,,,PRESENT,,,,,,,,,,,,FUTURE,,FUTURE,,,,,,,,,,PRESENT,PRESENT,FUTURE,,,,,,,,,,,,,PRESENT,,,PRESENT,,,,,,PRESENT,,,,OFFSITE,OFFSITE,OFFSITE,,,,,,,
270849,4A190107023,R4-2022-0174,CA0054216,Santa Clarita Valley SD of Los Angeles Cnty,Valencia WRP,Los Angeles,4993_R4-2022-0174_WDR_PKG.pdf,R4-2022-0174,,PRESENT,PRESENT,,,PRESENT,,,PRESENT,PRESENT,PRESENT,,,,,PRESENT,,,,,,,,,,,,,,,,PRESENT,PRESENT,,,,PRESENT,,,,,,,,,,,,FUTURE,,FUTURE,,,,,,,,,,PRESENT,PRESENT,FUTURE,,,,,,,,,,,,,PRESENT,,,PRESENT,,,,,,PRESENT,,,,OFFSITE,OFFSITE,OFFSITE,,,,,,,
805193,4A190117002,R4-2020-0049,,City of Santa Clarita ,Vista Canyon Water Factory,Los Angeles,10041_R4-2020-0049_WDR.pdf,R4-2020-0049,,PRESENT,PRESENT,,,PRESENT,,,,,,,,,,PRESENT,,,,,,,,,,,,,,,,PRESENT,PRESENT,,,,,,,,,,,,,,,,,,,,,PRESENT,,,PRESENT,PRESENT,,,PRESENT,,PRESENT,,,,,,,,,,,PRESENT,,,,,,,,,,,,,,,,,,,,,,,,
235826,4B190107016,R4-2021-0096,CA0053716,Joint Outfall System,Whittier Narrows Water Reclamation Plant,Los Angeles,2848_R4-2014-0213-A01_WDR_PKG_amd.pdf,R4-2014-0213,,PRESENT,PRESENT,,,,,,,,,,,,,PRESENT,,,,,,,,,,,,,,,,PRESENT,,,,,PRESENT,,,,,,,,,,,,,,,,,,,,,,,,PRESENT,PRESENT,PRESENT,,,,,,,,,,,,,,,,,,,,,,,,,,,,,OFFSITE,,,,,,
235826,4B190107016,R4-2021-0096,CA0053716,Joint Outfall System,Whittier Narrows Water Reclamation Plant,Los Angeles,2848_R4-2009-0077_WDR_PKG.pdf,R4-2009-0077,,PRESENT,PRESENT,,,,,,,,,,,,,PRESENT,,,,,,,,,,,,,,,,PRESENT,PRESENT,,,,PRESENT,,,,,,,,,,,,,,,,,,,,,,,,PRESENT,PRESENT,FUTURE,,,,,,,,,,,,,,,,,,,,,,,,,,,,,OFFSITE,,,,,,
235826,4B190107016,R4-2021-0096,CA0053716,Joint Outfall System,Whittier Narrows Water Reclamation Plant,Los Angeles,2848_R4-2021-0096_WDR_PKG.pdf,R4-2021-0096,,PRESENT,PRESENT,,,,,,,,,,,,,PRESENT,,,,,,,,,,,,,,,,PRESENT,PRESENT,,,,PRESENT,,,,,,,,,,,,,,,,,,,,,,,,PRESENT,PRESENT,PRESENT,,,,,,,,,,,,,,,,,,,,,,,,,,,,,,,,,,,
235826,4B190107016,R4-2021-0096,CA0053716,Joint Outfall System,Whittier Narrows Water Reclamation Plant,Los Angeles,2848_R4-2014-0213_WDR_PKG.pdf,R4-2014-0213,,PRESENT,PRESENT,,,,,,,,,,,,,PRESENT,,,,,,,,,,,,,,,,PRESENT,PRESENT,,,,PRESENT,,,,,,,,,,,,,,,,,,,,,,,,PRESENT,PRESENT,PRESENT,,,,,,,,,,,,,,,,,,,,,,,,,,,,,OFFSITE,,,,,,
212973,5C201008001,2014-0153-DWQ,,Sugar Pine Christian Camps,Camp Sugar Pine,Madera,NOA Camp Sugar Pine 2014-0153-DWQ-R5340.pdf,WQ-2014-0153-DWQ,,,,,,,,,,,,,,,,,,,PRESENT,,,,PRESENT,,,,,,,,,,,,,,,,,,,,,,,,,,,,,,,,,,,,,,,,,,,,,,,,,,,,,,,,,,,,,,,,,,,,,,,,,,,PRESENT
220279,5C201011001,2014-0153-DWQ,,Protestant Episcopal Bishop of San Joaquin,"Diocese of San Joaquin, Episcopal Conference Center Oakhurst (ECCO)",Madera,2014-0153-dwq-r5282.pdf,WQ-2014-0153-DWQ,,PRESENT,,,,,,,,,,,,,,,PRESENT,,,,,,,PRESENT,,,,,,,,,,,,,,,,,,,,,,,,,,,,,,,,,,,,,PRESENT,,,,,,,,,,,,,,,,,,,,,,,,,,,,,,OFFSITE,,,,,,,PRESENT
273147,5C201026001,R5-2019-0084,,Madera County Service Area # 22C Zone of Benefit C,Gunner Ranch Water Reclamation Plant,Madera,Gunner Ranch r5-2019-0084_wdrs.pdf,R5-2019-0084,,,,,,,,,PRESENT,,,,,,,PRESENT,PRESENT,,,,,,,PRESENT,,,,,,,,PRESENT,PRESENT,,,,,,,,,,,,,,,,,,,PRESENT,,,,,,,,,,,PRESENT,,,,,,PRESENT,,,,,,,,,,PRESENT,,,,,,,,,,OFFSITE,,OFFSITE,,,,,,,
230092,5C200701001,2014-0153-DWQ,,US Army Corps of Engineers Raymond,Hensley Lake,Madera,Hensley Lake_2014_0153-dwq_r5358.pdf,WQ-2014-0153-DWQ,,,,,,,,,,,,,,,,,,,,,,,PRESENT,,,,,,,,,,,,,,,,,,,,,,,,,,,,,,,,,,,,,,,,,,,,,,,,,,,,,,,,,,,,,,,,,,,,,,,,,,,PRESENT
214483,5C200103001,2014-0153-DWQ,,Madera County Public Works Department - Special Districts,Madera Cnty #14-Chukchansi WWTF,Madera,NOA 2014-0153-dwq-r5326.pdf,WQ-2014-0153-DWQ,,,,,,,,,,,,,,,,,,,,,,,,PRESENT,,,,,,,,,,,,,,,,,,,,,,,,,,,,,,,,,,,,,,,,,,,,,,,,,,,,,,,,,,,,,,,,,,,,,,,,,,
201067,5B20NC00127,2014-0153-DWQ,,Madera County Public Works Department - Special Districts,Madera Cnty #19-Parkwood WWTF,Madera,Parkwood OWTS_NOA_2014-0153-DWQ-R5412.pdf,WQ-2014-0153-DWQ,,,,,PRESENT,PRESENT,,,,,,,,,,,,,,,,,PRESENT,,,,,,,,,,,,,,,,,,,,,,,,,,,,,,,,,,,,,,,,,,,,,,,,,,,,,,,,,,,PRESENT,,,,,,,,,OFFSITE,,,,,,,
201070,5C200102007,2014-0153-DWQ,,Madera County Public Works Department - Special Districts,Madera Cnty #24 Teaford Meadow Lakes WWTF,Madera,2014-0153-DWQ-R5401 Teaford Meadow Lakes WWTF NOA.pdf,WQ-2014-0153-DWQ,,,PRESENT,,,PRESENT,,,,,,,,PRESENT,,,PRESENT,,,,,,,PRESENT,,,,,,,,,,,,,,,,,,,,,,,,,,,,,,,,,,,,,PRESENT,,,,,,,,,,,,,,,,,,OFFSITE,,,,,,,,,,PRESENT,,OFFSITE,OFFSITE,,,,,,
201072,5C201005001,2014-0153-DWQ,,Madera County Public Works Department - Special Districts,Madera Cnty #28 Ripperdan WWTF,Madera,NOA_RipperdanWWTF.pdf,WQ-2014-0153-DWQ,,,PRESENT,,PRESENT,,,,,,,,,PRESENT,,,,,,,,,,,,,,,,,,,,,,,,,,,,,,,,,,,,,,,,,,,,,,,,,,,,,,,,,,,,,,,,,,,,,,,,,,,,,,,,,,,,
201077,5C200102010,2014-0153-DWQ-R5348,,Madera County Public Works Department - Special Districts,Madera Cnty #37-La Vina WWTF,Madera,2014-0153-dwq_r5348.pdf,WQ-2014-0153-DWQ,,,,,,,,,,,,,,,,,,,,,,,,,,,,,,,,,,,,,,,,,,,,,,,,,,,,,,,,,,,,,,,,,,,,,,,,,,,,,,,,,,,,,,,,,,,,OFFSITE,,,,,,PRESENT
201087,5C200102009,2014-0153-DWQ,,Madera County Public Works Department - Special Districts,Madera Cnty #7-Marina View Heights WWTF,Madera,NOA 2014-0153-DWQ-R5398_Marina View Heights WWT F.pdf,WQ-2014-0153-DWQ,,,PRESENT,,,PRESENT,,,,,,,,PRESENT,,,PRESENT,,,,,,,,,,,,,,,,,,,,,,,,,,,,,,,,,,,,,,,,,,,,PRESENT,,,,,,,,,,,,,,,,,,,,,,,,,,,,OFFSITE,,,,,,,,,
273123,5C200101001,R5-2022-0074,,Madera City,Madera WWTF,Madera,R5-2022-0074_Madera WWTF_WDR.pdf,R5-2022-0074,,PRESENT,PRESENT,,,,,,,,,PRESENT,,,,PRESENT,,,,,,,PRESENT,PRESENT,,,,,,,,PRESENT,PRESENT,,,,,,,,,,,,,,,,,,,,,,,,,,,,,,,,,,,,,,,,,,,PRESENT,,PRESENT,PRESENT,PRESENT,,,,,,,,,,OFFSITE,,,,,,,,
817457,5B20NC00105,R5-2016-0057,,Tesoro Viejo Master Mutual Water Company,Tesoro Viejo WWTP,Madera,R5_2016_0057.pdf,R5-2016-0057,,,,,,FUTURE,,,FUTURE,,FUTURE,,,,,FUTURE,FUTURE,,,,,,,FUTURE,,,,,,,,FUTURE,FUTURE,,,,,,,,,,,,,,,,,,,FUTURE,,,,,,,,,,,FUTURE,,,,,,,,,,,,,,,,,,,,,,,,,,,,,,,,,,,
244531,5B20NC00059,2014-0153-DWQ,,"Richard Loughead, Jr",The Preserve at Millerton Lake,Madera,2014-0153-dwq-r5318Aug27.pdf,WQ-2014-0153-DWQ,,,,,,FUTURE,,,FUTURE,,,,,,,FUTURE,,,,,,,,FUTURE,,,,,,,,FUTURE,FUTURE,,,,,FUTURE,,,,,,,,,,,,FUTURE,,FUTURE,,,,,,,,,FUTURE,,FUTURE,,,,,,,,,,,,,,,,FUTURE,,,,,,FUTURE,,,,,,,,,,,,,
213889,2 215116001,R2-2023-0006,CA0038628,Central Marin Sanitation Agency,Central Marin San. Agcy. WWTP,Marin,Final Order Central Marin Sanitation Agency.pdf,R2-2023-0006,,PRESENT,PRESENT,,,PRESENT,PRESENT,,,,,,,,,,PRESENT,,,,,,,,,,,,,,,,,,,,,,PRESENT,,,,,,,,,,,,,,,,,,,,,,PRESENT,PRESENT,,,,,,,,,,,,PRESENT,,PRESENT,,,PRESENT,PRESENT,,,,,PRESENT,,,,OFFSITE,,OFFSITE,,,,,PRESENT,PRESENT,
213889,2 215116001,R2-2023-0006,CA0038628,Central Marin Sanitation Agency,Central Marin San. Agcy. WWTP,Marin,R2-2012-0051.pdf,R2-2012-0051,,PRESENT,PRESENT,,,PRESENT,PRESENT,,,PRESENT,,,,,,,PRESENT,,,,,,,,,,,,,,,,,,,,,,,,,,,,,,,,,,,,,,,,PRESENT,PRESENT,,,PRESENT,PRESENT,,,,,,PRESENT,PRESENT,,,,,,,PRESENT,,,PRESENT,PRESENT,,,,,PRESENT,,,,OFFSITE,OFFSITE,OFFSITE,,,,,,,
213889,2 215116001,R2-2023-0006,CA0038628,Central Marin Sanitation Agency,Central Marin San. Agcy. WWTP,Marin,Nutrient Watershed Permit - R2-2014-0014.pdf,R2-2014-0014,,,PRESENT,,,PRESENT,,,,,,,,,,,,,,,,,,,,,,,,,,,,,,,,,,,,,,,,,,,,,,,,,,,,,,,,,,,,,,,,,,,,,,,,,,,,,,,,,,,,,,,,,,,,
236598,2 215012001,R2-2020-0022,CA0037851,Las Gallinas Valley Sanitary District,Las Gallinas WWTP,Marin,R2-2015-0021.pdf,R2-2015-0021,,PRESENT,PRESENT,,,PRESENT,PRESENT,,PRESENT,,,,,,,PRESENT,FUTURE,,,,,,,PRESENT,,,,,,,,,PRESENT,,,,PRESENT,,PRESENT,,,,,,,,,,,PRESENT,,,,,PRESENT,,,,,,PRESENT,PRESENT,PRESENT,,,,,,,,,,,,,PRESENT,,,,,,,,,PRESENT,,,,PRESENT,,OFFSITE,,,,,,,
236598,2 215012001,R2-2020-0022,CA0037851,Las Gallinas Valley Sanitary District,Las Gallinas WWTP,Marin,R2-2020-0022.pdf,R2-2020-0022,,PRESENT,PRESENT,,,PRESENT,PRESENT,,PRESENT,,,,,,,PRESENT,,,,,,,,PRESENT,,,,,,,,FUTURE,PRESENT,,,,PRESENT,,PRESENT,,,,,,FUTURE,,,,,PRESENT,,,,,PRESENT,,,,,,PRESENT,PRESENT,PRESENT,,,,,,,,,,,,,PRESENT,,,FUTURE,,,,,,PRESENT,,,,PRESENT,,OFFSITE,,,,,,,
236598,2 215012001,R2-2020-0022,CA0037851,Las Gallinas Valley Sanitary District,Las Gallinas WWTP,Marin,Nutrient Watershed Permit - R2-2014-0014.pdf,R2-2014-0014,,,PRESENT,,,PRESENT,,,,,,,,,,,,,,,,,,,,,,,,,,,,,,,,,,,,,,,,,,,,,,,,,,,,,,,,,,,,,,,,,,,,,,,,,,,,,,,,,,,,,,,,,,,,
239497,2 215021001,R2-2023-0018,CA0037753,Marin Cnty Sanitary District 5,Marin CSD 5 - Tiburon WWTP,Marin,R2-2023-0018.pdf,R2-2023-0018,PRESENT,PRESENT,PRESENT,,,,,,,,,,,,,,PRESENT,,,,,,,,,,,,,,,,,,,,,,,,,,,,,,,,,,,,,,,,,,,,PRESENT,PRESENT,,,,,,,,,,,,,,PRESENT,,,PRESENT,,,,,,PRESENT,,,,,,PRESENT,,,,,,,
239497,2 215021001,R2-2023-0018,CA0037753,Marin Cnty Sanitary District 5,Marin CSD 5 - Tiburon WWTP,Marin,Nutrient Watershed Permit - R2-2014-0014.pdf,R2-2014-0014,,,PRESENT,,,PRESENT,,,,,,,,,,,,,,,,,,,,,,,,,,,,,,,,,,,,,,,,,,,,,,,,,,,,,,,,,,,,,,,,,,,,,,,,,,,,,,,,,,,,,,,,,,,,
239497,2 215021001,R2-2023-0018,CA0037753,Marin Cnty Sanitary District 5,Marin CSD 5 - Tiburon WWTP,Marin,Tiburon R2-2018-0038.pdf,R2-2018-0038,PRESENT,PRESENT,PRESENT,,PRESENT,,,,,,,,,,,,PRESENT,,,,,,,,,,,,,,,,,,,,,,,,,,,,,,,,,,,,,,,,,,,,PRESENT,PRESENT,,,,,,,,,,,,,,PRESENT,,,PRESENT,,,,,,PRESENT,,,,,OFFSITE,OFFSITE,,,,,,,
239497,2 215021001,R2-2023-0018,CA0037753,Marin Cnty Sanitary District 5,Marin CSD 5 - Tiburon WWTP,Marin,Final Order_Tiburon (R2-2013-0027) (signed copy).pdf,R2-2013-0027,PRESENT,PRESENT,PRESENT,,,,,,PRESENT,,,,,,,,PRESENT,,,,,,,,,,,,,,,,,,,,,,,,,,,,,,,,,,,,,,,,,,,,PRESENT,PRESENT,,,,,,,,,,,,,,PRESENT,,,PRESENT,,,,,,PRESENT,,,,,,OFFSITE,,,,,,,
239498,2 215021002,R2-2021-0017,CA0037427,Marin Cnty Sanitary District 5,Marin CSD 5 Paradise Cove WWTP,Marin,R2-2016-0042.pdf,R2-2016-0042,PRESENT,PRESENT,PRESENT,,,PRESENT,,,PRESENT,,,,,PRESENT,,,PRESENT,,,,,,,,,,,,,,,,,,,,,,,,,,,,,,,,,,,,,,,,,,,,PRESENT,PRESENT,FUTURE,,,,,,,,,,,,,,,,,,,,,,,,,,,,,OFFSITE,,,,,,
239498,2 215021002,R2-2021-0017,CA0037427,Marin Cnty Sanitary District 5,Marin CSD 5 Paradise Cove WWTP,Marin,Paradise Cove - R2-2021-0017.pdf,R2-2021-0017,PRESENT,PRESENT,PRESENT,,,PRESENT,,,PRESENT,,,,,PRESENT,,,PRESENT,,,,,,,,,,,,,,,,,,,,,,,,,,,,,,,,,,,,,,,,,,,,PRESENT,PRESENT,FUTURE,,,,,,,,,,,,,,,,,,,,,,,,,,,,,,,,,,,
239498,2 215021002,R2-2021-0017,CA0037427,Marin Cnty Sanitary District 5,Marin CSD 5 Paradise Cove WWTP,Marin,Nutrient Watershed Permit - R2-2014-0014.pdf,R2-2014-0014,,,PRESENT,,,PRESENT,,,,,,,,,,,,,,,,,,,,,,,,,,,,,,,,,,,,,,,,,,,,,,,,,,,,,,,,,,,,,,,,,,,,,,,,,,,,,,,,,,,,,,,,,,,,
244705,2 215022001,R2-2026-0002,CA0037958,Novato Sanitary District,Novato and Ignacio WWTP,Marin,Novato_R2-2010-0074.pdf,R2-2010-0074,,PRESENT,PRESENT,,,PRESENT,PRESENT,,,,,,,,,PRESENT,PRESENT,,,,,,,PRESENT,,,,,,,,,PRESENT,,,,PRESENT,PRESENT,PRESENT,,,,,,,,,,,,,,,,,,,,,,PRESENT,OFFSITE,PRESENT,,,,,,,,,,,,,PRESENT,,,,,,,,,PRESENT,PRESENT,,,OFFSITE,,,,,,,,,
244705,2 215022001,R2-2026-0002,CA0037958,Novato Sanitary District,Novato and Ignacio WWTP,Marin,Novato SD - Order No. R2-2015-0034.pdf,R2-2015-0034,,PRESENT,PRESENT,,,PRESENT,PRESENT,,,,,,,,,,PRESENT,,,,,,,PRESENT,,,,,,,,,,,,,,,,,,,,,,,,,,,,,,,,,,,,,,,PRESENT,,,,,,,,,,,,,PRESENT,,,,,,,,,PRESENT,,,,PRESENT,,,,,,,,,
244705,2 215022001,R2-2026-0002,CA0037958,Novato Sanitary District,Novato and Ignacio WWTP,Marin,R2-2020-0019.pdf,R2-2020-0019,,PRESENT,PRESENT,,,PRESENT,PRESENT,,,,,,,,,PRESENT,,,,,,,,PRESENT,,,,,,,,PRESENT,,,,,,,,,,,,,,,,,,,,,,,,,,,,,,,PRESENT,,,PRESENT,,,,,,,,,,PRESENT,,,,,,,,,PRESENT,OFFSITE,,,OFFSITE,,,,,,,,,
244705,2 215022001,R2-2026-0002,CA0037958,Novato Sanitary District,Novato and Ignacio WWTP,Marin,R2-2026-0002.pdf,R2-2026-0002,,PRESENT,PRESENT,,,PRESENT,PRESENT,,,,,,,,,,PRESENT,,,,,,,PRESENT,,,,,,,,,,,,,,,,,,,,,,,,,,,,,,,,,,,,,,,PRESENT,,,PRESENT,,,,,,,,,,PRESENT,,,,,,,,,PRESENT,PRESENT,,,PRESENT,,,,,,,FUTURE,FUTURE,
255802,2 215023001,R2-2023-0022,CA0038067,Sausalito-Marin City San District,Sausalito Marin City STP,Marin,R2-2018-0025.pdf,R2-2018-0025,,PRESENT,,,,FUTURE,FUTURE,,FUTURE,,,,,,,,,,,,,,,,,,,,,,,,,,,,PRESENT,,,PRESENT,,,,,,,,,,,,,,,,,,,,,,,,,,PRESENT,,,,,,,,,,,,,,,,,,,,,,,,,,,,,,,,
255802,2 215023001,R2-2023-0022,CA0038067,Sausalito-Marin City San District,Sausalito Marin City STP,Marin,NPDES Order R2-2023-0022.pdf,R2-2023-0022,,PRESENT,PRESENT,,,PRESENT,PRESENT,,PRESENT,,,,,,,,,,,,,,,,,,,,,,,,,,,,PRESENT,,,PRESENT,,,,,,,,,,,,,,,,,,,,,PRESENT,PRESENT,,,,,,PRESENT,,,,,,,,,,PRESENT,PRESENT,,,,,,,,,,,,,OFFSITE,,,,,,
255788,2 215015001,R2-2023-0021,CA0037711,Sewerage Agency of Southern Marin,Sewerage Agency of Southern Marin (SASM) WWTP,Marin,R2-2023-0021.pdf,R2-2023-0021,,PRESENT,PRESENT,,,PRESENT,PRESENT,,PRESENT,,,,,,,,,,,,,,,,,,,,,,,,,,,,PRESENT,,PRESENT,,,,,,,,,,,,,,,,,,PRESENT,,,,PRESENT,OFFSITE,,,,,,,,,,,,PRESENT,,,,PRESENT,PRESENT,,,,,,PRESENT,,,,,OFFSITE,,,,,,,,
255788,2 215015001,R2-2023-0021,CA0037711,Sewerage Agency of Southern Marin,Sewerage Agency of Southern Marin (SASM) WWTP,Marin,R2-2012-0094.pdf,R2-2012-0094,,PRESENT,PRESENT,,,PRESENT,PRESENT,,PRESENT,,,,,,,,,,,,,,,,,,,,,,,,,,,,,,PRESENT,,,,,,,,,,,,,,,,,,,,,,PRESENT,OFFSITE,,,,,,,,,,,,,,,,PRESENT,PRESENT,,,,,,PRESENT,,,,OFFSITE,OFFSITE,,,,,,,,
255788,2 215015001,R2-2023-0021,CA0037711,Sewerage Agency of Southern Marin,Sewerage Agency of Southern Marin (SASM) WWTP,Marin,CA0037711 SASM Final R2-2018-0039.pdf,R2-2018-0039,,PRESENT,PRESENT,,,PRESENT,PRESENT,,PRESENT,,,,,,,,,,,,,,,,,,,,,,,,,,,,,,PRESENT,,,,,,,,,,,,,,,,,,,,,,PRESENT,OFFSITE,,,,,,,,,,,,,,,,PRESENT,PRESENT,,,,,,PRESENT,,,,OFFSITE,OFFSITE,,,,,,,,
209726,5C221004001,97-010-DWQ,,"Baer, William",Black Oak General Store,Mariposa,noa_100610_sjp.pdf,,,,,,,,,,,,,,,,,,,,,,,,PRESENT,,,,,,,,,,,,,,,,,,,,,,,,,,,,,,,,,,,,,,,,,,,,,,,,,,,,,,,,,,,,,,,,,,,,,,,,,,,
215910,5C220101001,2014-0153-DWQ,,Mariposa Cnty DPW,Coulterville WWTF,Mariposa,NOA 2014-0153-DWQ-R5388_Coulterville WWTF.pdf,WQ-2014-0153-DWQ,PRESENT,PRESENT,,,,PRESENT,,,,,,,,,,,PRESENT,,,,,,,,,,,,,,,,,,,,,,,,,,,,,,,,,,,,,,,,,,,,,,,,,,,,,,,,,,,,,,,,,,,,,,,,PRESENT,,,,,,,,,
219701,5B390100001,R5-2019-0047,CAG995002,Ca Dept of Corrections & Rehabilitation,Deuel Vocational Institution,Mariposa,r5-2014-0014.pdf,R5-2014-0014,,,,,,PRESENT,PRESENT,,,,,,,,,PRESENT,,,,,,,,,,,,,,,,PRESENT,PRESENT,,,,,,,,,,,,,,,,,,,PRESENT,,,,,,,,,,,PRESENT,,,,,,,,,,,,,,PRESENT,,PRESENT,,,,,,,,,,,,,,,,,,,
219701,5B390100001,R5-2019-0047,CAG995002,Ca Dept of Corrections & Rehabilitation,Deuel Vocational Institution,Mariposa,R5-2008-0164.pdf,R5-2008-0164,PRESENT,,PRESENT,,,PRESENT,PRESENT,,PRESENT,,,PRESENT,,PRESENT,,FUTURE,PRESENT,,,,,,,PRESENT,,,,,,,,FUTURE,FUTURE,,,,PRESENT,,,,,,,,,,,,,,,FUTURE,,,,,PRESENT,PRESENT,,,PRESENT,PRESENT,FUTURE,,,,,,,,,,FUTURE,PRESENT,,,,,,,,PRESENT,,,,,,,,,,,,,,,,
219701,5B390100001,R5-2022-0006-03,CAG995002,Ca Dept of Corrections & Rehabilitation,Deuel Vocational Institution,Mariposa,r5-2022-0006-036.pdf,R5-2022-0006,,,,,,PRESENT,PRESENT,,PRESENT,,,,,,,,,,,,,,,PRESENT,,,,,,,,,,,,,,,,,,,,,,,,,,,,,,,,,,,,,,,,,,,,,,,,,,,,,,,,,,,,,,,,,,,,,,,,,,
219701,5B390100001,R5-2019-0047,CAG995002,Ca Dept of Corrections & Rehabilitation,Deuel Vocational Institution,Mariposa,R5-2019-0047.pdf,R5-2019-0047,,,,,,PRESENT,PRESENT,,,,,,,,,PRESENT,PRESENT,,,,,,,,,,,,,,,PRESENT,PRESENT,,,,,,,,,,,,,,,,PRESENT,,,PRESENT,,,,,,,,,,,PRESENT,,,,,,,,,,,,,,,,,,,,,,,,,,,,,,,,,,,
220495,5C221003001,R5-2013-0062,,Mariposa Cnty DPW,Don Pedro Sewer Zone 1,Mariposa,R5-2013-0062.pdf,R5-2013-0062,,,PRESENT,,,,,,,,,,,PRESENT,,,PRESENT,,,,,,,PRESENT,,,,,,,,,,,,,,,,,,,,,,,,,,,,,,,,,,,,,PRESENT,,,,,,,,,,,,,,,,,,,,,,,,,,,,,,,,,,,,,
222491,5C220701002,R5-2025-0031,CA0081759,USDI National Park Service Yosemite National Park,El Portal WWTF,Mariposa,r5-2025-0031_npdes.pdf,R5-2025-0031,PRESENT,PRESENT,PRESENT,,PRESENT,PRESENT,PRESENT,,PRESENT,,,,,,,,PRESENT,,,,,,,,,,,,,,,FUTURE,,,,,PRESENT,,,,,,,,,,,,,,,,,,,,PRESENT,PRESENT,,,,,PRESENT,,,,,,,,,,,PRESENT,,,FUTURE,,FUTURE,,,,,,,,,,,OFFSITE,,,,,,,,
222491,5C220701002,R5-2025-0031,CA0081759,USDI National Park Service Yosemite National Park,El Portal WWTF,Mariposa,r5-2008-0060.pdf,R5-2008-0060,PRESENT,PRESENT,PRESENT,,PRESENT,PRESENT,PRESENT,,PRESENT,,,,,,,,PRESENT,,,,,,,PRESENT,,,,,,,,,,,PRESENT,,PRESENT,,,,,,,,,,,,,,,,,,,,PRESENT,PRESENT,,,PAST,PAST,PRESENT,,,,PRESENT,,PRESENT,,,,,PRESENT,,PRESENT,,,PRESENT,PRESENT,,PRESENT,,,,,,,,,,OFFSITE,,,,,,
222491,5C220701002,R5-2025-0031,CA0081759,USDI National Park Service Yosemite National Park,El Portal WWTF,Mariposa,r5-2014-0068_npdes.pdf,R5-2014-0068,PRESENT,PRESENT,PRESENT,,PRESENT,PRESENT,PRESENT,,PRESENT,,,,,,,,PRESENT,,,,,,,PRESENT,,,,,,,,,,,,,PRESENT,,,,,,,,,,,,,,,,,,,,PRESENT,PRESENT,,,,,PRESENT,,,,,,,,,,,PRESENT,,,,,,,,FUTURE,,,,,,,,,,,,,,,,
222491,5C220701002,R5-2025-0031,CA0081759,USDI National Park Service Yosemite National Park,El Portal WWTF,Mariposa,r5-2019-0069_npdes.pdf,R5-2019-0069,PRESENT,PRESENT,PRESENT,,PRESENT,PRESENT,PRESENT,,PRESENT,,,,,,,,PRESENT,,,,,,,,,,,,,,,,,,,,PRESENT,,,,,,,,,,,,,,,,,,,,PRESENT,PRESENT,,,,,PRESENT,,,,,,,,,,,PRESENT,,,,,,,,,,,,,,,,OFFSITE,,PRESENT,,,,,,
227217,5C220701001,2014-0153-DWQ-R5349,,USDI National Park Service Yosemite National Park,Glacier Point WWTF,Mariposa,2014-0153-dwq_r5349.pdf,WQ-2014-0153-DWQ,,,,,,,,,,,,,,,,,,,,,,,,,,,,,,,,,,,,,,,,,,,,,,,,,,,,,,,,,,,,,,,,,,,,,,,,,,,,,,,,,,,,,,,,,PRESENT,,,,,,,,,PRESENT
227501,5C221011001,2014-0153-DWQ,,"Schwenne, Michael & Monica",Golden Hills Mobile Home Park,Mariposa,Golden hills mobile park NOA.pdf,WQ-2014-0153-DWQ,,PRESENT,,,PRESENT,,,,,,,,,,,,PRESENT,,,,,,PRESENT,,,,,,,,,,,,,,,,,,,,,,,,,,,,,,,,,,,,,,,,,,,,,,,,,,,,,,,,,,,,,,,,,,,,,,,,,,,
239543,5C221007001,2014-0153-DWQ,,Mariposa Cnty DPW,Mariposa Pines WWTF,Mariposa,Mariposa Pines WWTF NOA.pdf,WQ-2014-0153-DWQ,,,,,PRESENT,,,,,,,,,,,,,,PRESENT,,,,,PRESENT,,,,,,,,,,,,,,,,,,,,,,,,,,,,,,,,,,,,,,,,,,,,,,,,,,,,,,,,,,,,,,,,,PRESENT,,,,,,,,,
273207,5C221012001,R5-2014-0042,CAC441902,Mariposa PUD,Mariposa WWTP,Mariposa,r5-2014-0042_npdes.pdf,R5-2014-0042,PRESENT,,PRESENT,,,PRESENT,,,,,,PRESENT,,,,FUTURE,PRESENT,,,,,,,,,,,,,,,FUTURE,,,,,,,,,,,,,,,,,,,,,,,,,,,,,PRESENT,PRESENT,FUTURE,,,,,,,,,,,,,,,,PRESENT,,,,,,,,,,,,OFFSITE,,,,,,,
273207,5C221012001,R5-2014-0042,CAC441902,Mariposa PUD,Mariposa WWTP,Mariposa,r5-2007-0171.pdf,R5-2007-0171,,,PRESENT,,,,,,,,,PRESENT,,,,,,,,,,,,,,,,,,,,,,,,,,,,,,,,,,,,,,,,,,,,,,,,,PRESENT,PRESENT,,,,,,,,,,,,,,,,,PRESENT,,,,,,,,,,,,PRESENT,,,,,,,
273207,5C221012001,R5-2014-0042,CAC441902,Mariposa PUD,Mariposa WWTP,Mariposa,r5-2014-0042-01_mm.pdf,R5-2014-0042,PRESENT,,PRESENT,,,PRESENT,,,,,,PRESENT,,,,FUTURE,,,,,,,,,,,,,,,,FUTURE,,,,,,,,,,,,,,,,,,,,,,,,,,,,,PRESENT,PRESENT,FUTURE,,,,,,,,,,,,,,,,PRESENT,,,,,,,,,,,,OFFSITE,,,,,,,
273207,5C221012001,R5-2014-0042,CAC441902,Mariposa PUD,Mariposa WWTP,Mariposa,R5-2017-0104.pdf,R5-2017-0104,,,,,,,,,,,,,,,,,,,,,,,,,,,,,,,,,,,,,,,,,,,,,,,,,,,,,,,,,,,,,,,,,,FUTURE,,,,,,,FUTURE,,,,,,,,,,,,,,,,,,,,,,,,,
273207,5C221012001,R5-2023-0025,CAC441902,Mariposa PUD,Mariposa WWTP,Mariposa,NOA R5-2023-0025-015.pdf,R5-2023-0025,PRESENT,,PRESENT,,,PRESENT,,,,,,PRESENT,,,,,PRESENT,,,,PRESENT,,,,,,,,,,,PRESENT,,,,,PRESENT,,,,,,,,,,,,,,,,,,,,PRESENT,,,,,,PRESENT,,,,,,,,,,,PRESENT,,,,,PRESENT,,,,,,,,,,,,OFFSITE,,,,,,,
241545,5C220800001,2014-0153-DWQ,,CA Dept of Forestry & Fire Protection,Mount Bullion Conservation Camp,Mariposa,2014-0153-DWQ-R5284.pdf,WQ-2014-0153-DWQ,,PRESENT,,,FUTURE,,,,,,,,,,,,FUTURE,,,,,PRESENT,,,,,,,,,,,,,,,,,,,,,,,,,,,,,,,FUTURE,,,,,,,,,,FUTURE,,,,,,,,,,,,,,,,,,,,,,,,,,PRESENT,,,,,,,,,PRESENT
257153,5C221022001,R5-2007-0140,,"Palm Springs Village - 309, LLC","Palm Springs Village-309, LLC Silvertip Resort Village WWTF",Mariposa,r5-2007-0140.pdf,R5-2007-0140,,,FUTURE,,,,,,FUTURE,,,,,,,,FUTURE,,,,,,,,,,,,,,,FUTURE,,,,,,,FUTURE,,,,,,,,,,,,FUTURE,,,,,,,,,,FUTURE,,FUTURE,,,,,,,,,,,,,,,,,,,,,,,,,,,,,,,,,,,FUTURE
263168,5C221018001,2014-0153-DWQ,,DNC Parks & Resorts at Tenya Inc,Tenaya Lodge WWTP,Mariposa,2014-0153-DWQ-R5233.pdf,WQ-2014-0153-DWQ,,,,,,PRESENT,,,PRESENT,,,,,,,,PRESENT,,,,,,,,,,,,,,,PRESENT,PRESENT,,,,,,,,,,,,,,,,,,,PRESENT,,,,,,,,,,,PRESENT,,,PAST,,,,,,,,,,,,,PRESENT,PRESENT,,,,,,,,,PRESENT,,,,,,,,,
271887,5C220701004,2014-0153-DWQ,CAG995002,USDI National Park Service Yosemite National Park,Wawona WWTF,Mariposa,12_21_2021_ 9787284_ REVISED NOA_ 12_21_2021.pdf,WQ-2014-0153-DWQ,,,,,,,,,,,,,,,,,,,,,,,,,,,,,,,,,,,,,PRESENT,,,,,,,,,,,,,,,,,,,,,,,,,,,,,,,,,,,,,,,,,,,,,,,,,,,,PRESENT,,,,,,,,,
271887,5C220701004,2014-0153-DWQ,CAG995002,USDI National Park Service Yosemite National Park,Wawona WWTF,Mariposa,2014-0153-DWQ-R5289.pdf,WQ-2014-0153-DWQ,PRESENT,,PRESENT,,PRESENT,,,,PRESENT,,,,,PRESENT,,,PRESENT,,,,,,,PAST,,,,,,,,,,,,,PRESENT,,,,,,,,,,,,,,,,,,,,PRESENT,PRESENT,,,PRESENT,,,,,,,,PRESENT,,,,,,,,PRESENT,,,,,PAST,,,,PAST,,,OFFSITE,,,OFFSITE,,,,,,
271887,5C220701004,R5-2013-0092,CAG995002,USDI National Park Service Yosemite National Park,Wawona WWTF,Mariposa,r5-2013-0092_npdes.pdf,R5-2013-0092,PRESENT,,,PRESENT,PRESENT,,,,PRESENT,,,,,,,,PRESENT,,,,,,,,,,,,,,,,,,PRESENT,,PRESENT,,,,,,,,,,,,,,,,,,,,PRESENT,PRESENT,,,PRESENT,,,,,,PRESENT,,PRESENT,,,,PRESENT,,,,,,FUTURE,,,PRESENT,,,,,,,,,,,,,,,,
212776,1B77162OMEN,R1-2019-0010,,Calpella CWD,Calpella CWD WWTP,Mendocino,19_0010_Calpella_WDR_MRP.pdf,R1-2019-0010,,,,,,,,,,,,,,,,,,,,,,,PRESENT,PRESENT,,,,,,,,,,,,,,,,,,,,,,,,,,,,,,,,,,,,,PRESENT,,,,,,,,,,,,,,,,,,,,,,,,,,,,,,,,,,,,,
213604,1B77108OMEN,2014-0153-DWQ,,CalFire Fort Bragg Jackson Demonstration State Forest,CDF Parlin Fork Conservation Camp,Mendocino,170313_RSP_dp_ParlinFork_WWTF_NOA.pdf,WQ-2014-0153-DWQ,,PRESENT,,,,PRESENT,,,,,,,,,,,,,,,,,PAST,,,,,,,,,,,,,,,,,,,,,,,,,,,,,,,,,,,,,,,,,,,,,,,,,,,,,,,,,,,,,,,,,,,,,,,,,,,PRESENT
215966,1B83009OMEN,R1-2023-0006,CA0023574,Covelo CSD,Covelo POTW,Mendocino,11_0001_NPDES_COVELO_LMB_signed.pdf,R1-2011-0001,PRESENT,,PRESENT,,,PRESENT,PRESENT,,,,,,,,,,FUTURE,,PRESENT,,,,,PRESENT,,,,,,,,FUTURE,,,,,PRESENT,,,,,,,,,,,,,,,,,,FUTURE,,,,,,PRESENT,PRESENT,,FUTURE,,,,,,,,,,,,,,,,,,,,,,,,,,,,,,,,,,
215966,1B83009OMEN,R1-2023-0006,CA0023574,Covelo CSD,Covelo POTW,Mendocino,23_0006_covelo_csd_06.20.2023_eosigned.pdf,R1-2023-0006,PAST,,PRESENT,,,PRESENT,PRESENT,,,,,,,,,,PRESENT,,,,,,,PRESENT,,,,,,,,PRESENT,,,,,,,,,,,,,,,,,,,,,,,PRESENT,,,,,,PRESENT,PRESENT,,PRESENT,,,,,,,,,,,,,,,,,,,,,,,,,,,,,,,,,,FUTURE
215966,1B83009OMEN,R1-2023-0006,CA0023574,Covelo CSD,Covelo POTW,Mendocino,060315_0007_COVELONPDESPERMIT.pdf,R1-2006-0007,PRESENT,,,,,PRESENT,,,,,,,,,,,,,PRESENT,,,PRESENT,,PRESENT,,,,,,,,,,,,,PRESENT,,,,,,,,,,,,,,,,,,,,,,,,PAST,PAST,,,,,,,,,,,,,,,,,,,,,,,,,,,,,,,,,,,,
215966,1B83009OMEN,R1-2023-0006,CA0023574,Covelo CSD,Covelo POTW,Mendocino,17_0004_CoveloCSD_WWTP_NPDES.pdf,R1-2017-0004,PAST,,PRESENT,,PRESENT,PRESENT,PRESENT,,PRESENT,,,,,,,,PRESENT,,PRESENT,,,PRESENT,,PRESENT,,,,,,,,PRESENT,,,,,,,,,,,,,,,,,,,,,,,PRESENT,,,,,,PRESENT,PRESENT,,PRESENT,,,,,,,PRESENT,,,,,,,,,,,,,,,,,,,,,,,,,,,
230693,1B80154OMEN,R1-2023-0013,,Hopland Public Utility District,Hopland Public Utilities District,Mendocino,23_0013_Hopland PUD WWTF_WDR_EO Signed.pdf,R1-2023-0013,,,PRESENT,,,PRESENT,,,,,,,,,,,PRESENT,PRESENT,PRESENT,PRESENT,,,,PRESENT,,,,,,,,,,,,,,,,,,,,,,,,,,,,,,,,,,,,,PRESENT,,,,,,,,,,,,,,,,,,,,,,,,,,,,,,,,,,,,,
230693,1B80154OMEN,R1-2008-0003,,Hopland Public Utility District,Hopland Public Utilities District,Mendocino,080618_08_0003_WDR_HoplandPUD.pdf,R1-2008-0003,,,,,PRESENT,,,,,,,,,,,,,,,,,,,PRESENT,,,,,,,,,,,,,,,,,,,,,,,,,,,,,,,,,,,,,PRESENT,,,,,,,,,,,,,,,,,,,,,,,,,,,,,,,,,,,,,
240307,1B83129OMEN,R1-2022-0001,CA0022870,Mendocino City CSD,Mendocino City CSD,Mendocino,22_01mendo_npdes.pdf,R1-2022-0001,PRESENT,,PRESENT,,,,,,PRESENT,,,,,PRESENT,,,,,,,,,,PRESENT,,,,,,,,,,,,,PRESENT,,,,,,,,,,,,,,,,,,,,,,,,PRESENT,PRESENT,,,,,,,,,,,,,,,PRESENT,,PRESENT,,,,,,,,,,,,OFFSITE,,,,,,,
240307,1B83129OMEN,R1-2022-0001,CA0022870,Mendocino City CSD,Mendocino City CSD,Mendocino,15_0039_MendocinoCityCSD_WWTP_.pdf,R1-2015-0039,PRESENT,,PRESENT,,,,,,PRESENT,,,,,PRESENT,,,PRESENT,,,,,,,,,,,,,,,,,,,,PRESENT,,,,,,,,,,,,,,,,,,,,,,,,PRESENT,PRESENT,,,,,,,,,,,,,,,PRESENT,,PRESENT,,PRESENT,FUTURE,,,,,,,,,,,,,,,,
240307,1B83129OMEN,R1-2022-0001,CA0022870,Mendocino City CSD,Mendocino City CSD,Mendocino,10_0020_NPDES_WDR_MendocinoCityCSD_EPA_copy.pdf,R1-2010-0020,PRESENT,,PRESENT,,,,,,PRESENT,,,,,PRESENT,,,PRESENT,,,,,,,PRESENT,,,,,,,,,,,,,PRESENT,,,,,,,,,,,,,,,,,,,,,,,,PRESENT,PRESENT,,,,,,,,,,,,,,,PRESENT,,PRESENT,,,,,,,,,,,,PRESENT,,,,,,,
240318,1B83118OMEN,R1-2021-0005,CA0024040,Mendocino County WWD #2 Anchor Bay,Mendocino County WWD#2-Anchor Bay,Mendocino,21_0005_AnchorBay_WWTF_NPDES.pdf,R1-2021-0005,,PRESENT,PRESENT,,,PRESENT,,,,,,,,,,,PRESENT,,,,,,,,,,,,,,,,,,,,,,,,,,,,,,,,,,,,,,,,,,,,PRESENT,PRESENT,,,,,,,,,,,,,,,,,,,,,,,,,,,,,,,,,,,,
240318,1B83118OMEN,R1-2021-0005,CA0024040,Mendocino County WWD #2 Anchor Bay,Mendocino County WWD#2-Anchor Bay,Mendocino,16_0006_AnchorBayWWTF_NPDES.pdf,R1-2016-0006,,PRESENT,PRESENT,,,PRESENT,,,,,,,,,,,,,,,,,,PRESENT,,,,,,,,,,,,,,,,,,,,,,,,,,,,,,,,,,,,,PRESENT,,,,,,,,,,,,,,,,,,,,,,,,,PRESENT,,,,,,,,,,,,
240318,1B83118OMEN,R1-2021-0005,CA0024040,Mendocino County WWD #2 Anchor Bay,Mendocino County WWD#2-Anchor Bay,Mendocino,10_0038_NPDES_MCWWD2_AnchorBay.pdf,R1-2010-0038,,,,,,PRESENT,,,,,,,,,,,,,,,,,,PRESENT,,,,,,,,,,,,,,,,,,,,,,,,,,,,,,,,,,,,,PRESENT,PRESENT,,,,,,,,,,,,,,,,,,,,,,,,PRESENT,,,,,,,,,,,,
240318,1B83118OMEN,R1-2021-0005,CA0024040,Mendocino County WWD #2 Anchor Bay,Mendocino County WWD#2-Anchor Bay,Mendocino,051105-AnchorBayWWTF_WDRs.pdf,R1-2005-0009,,,PRESENT,,,,,,,,,,,,,,,,,,,,,PRESENT,,,,,,,,,,,,,,,,,,,,,,,,,,,,,,,,,,,,,PRESENT,PRESENT,,,,,,,,,,,,,,,,,,,,,,,,PRESENT,,,OFFSITE,,,,,,,,,
248791,1B80045OMEN,R1-2022-0015,,Point Arena City,Point Arena WWTP,Mendocino,22_0015_Point_Arena_WWTF_WDR.pdf,R1-2022-0015,,,,,,,,,,,,,,,,,,,PRESENT,,,,,PRESENT,,,,,,,,,,,,,,,,,,,,,,,,,,,,,,,,,,,,,PRESENT,,,,,,,,,,,,,,,,,,,,,,,,,,,,,,,,,,,,,
268960,1B84029OMEN,R1-2024-0016,CA0022888,Ukiah City,Ukiah City WWTP,Mendocino,18_0035_Ukiah_NPDES.pdf,R1-2018-0035,,PRESENT,PRESENT,,,PRESENT,PRESENT,,,PRESENT,,,,,,,,,,,,,,PRESENT,,,,,,,,,,,,,PRESENT,,PRESENT,,,,,,,,,,,,,,,,,,,,,,PRESENT,PRESENT,,,,,,PRESENT,PRESENT,,,,,,,PRESENT,,,PRESENT,,,PRESENT,,,PRESENT,,,,,,PRESENT,,,,,,,
268960,1B84029OMEN,R1-2024-0016,CA0022888,Ukiah City,Ukiah City WWTP,Mendocino,24_0016_Ukiah_NPDES_07.18.2024_signed.pdf,R1-2024-0016,,PRESENT,PRESENT,,PRESENT,PRESENT,PRESENT,,,PRESENT,,,,,,,PRESENT,,,,,,,PRESENT,,,,,,,,,,,,,PRESENT,,PRESENT,,,,,,,,,,,,,,,,,,PRESENT,PRESENT,,,PRESENT,PRESENT,,,,,,PRESENT,PRESENT,,,,,,,PRESENT,,,PRESENT,,,,,,PRESENT,,,,,,,,,,,,,
268960,1B84029OMEN,R1-2024-0016,CA0022888,Ukiah City,Ukiah City WWTP,Mendocino,060926_0049_NPDESUkiah.pdf,R1-2006-0074,,PRESENT,PRESENT,,,PRESENT,PRESENT,,,FUTURE,,,,,,,FUTURE,,,,,,,PRESENT,,,,,,,,,,,,,,,PRESENT,,,,,,,,,,,,,,,PRESENT,,,PRESENT,,,,PRESENT,PRESENT,,,,,,,,,,,,PRESENT,,PRESENT,,,PRESENT,,,,,,FUTURE,PRESENT,,,,,,,,,,,,
268960,1B84029OMEN,R1-2024-0016,CA0022888,Ukiah City,Ukiah City WWTP,Mendocino,12_0068_NPDES_Ukiah_CAG_120905.pdf,R1-2012-0068,,PRESENT,PRESENT,,,PRESENT,PRESENT,,,PRESENT,,,,,,,,,,,,,,PRESENT,,,,,,,,,,,,,,,PRESENT,,,,,,,,,,,,,,,PRESENT,,,PRESENT,,,,PRESENT,PRESENT,,,,,,,,,,,,PRESENT,,PRESENT,,,PRESENT,,,PRESENT,,,PRESENT,PAST,,,,,OFFSITE,,,,,,,
272646,1B80078OMEN,R1-2021-0021,CA0023060,Willits City,Willits City WWTP,Mendocino,21_0021_Willits_WWTF_NPDES.pdf,R1-2021-0021,,,PRESENT,,,PRESENT,PRESENT,,PRESENT,,,,,PRESENT,,PRESENT,,,,,,,,,,,,,,,,PRESENT,PRESENT,,,,,,,,,,,,,,,,,,,,,,PRESENT,,,,,,,,PRESENT,,,,,,,,,,,,,,PRESENT,,,,,,,,,,,,OFFSITE,PRESENT,,,,,,,,
272646,1B80078OMEN,R1-2021-0021,CA0023060,Willits City,Willits City WWTP,Mendocino,15_0029_City_of_Willits_WWTF_NPDES.pdf,R1-2015-0029,,,PRESENT,,,PRESENT,PRESENT,,PRESENT,,,,,PRESENT,,PRESENT,,,,,,,,,,,,,,,,PRESENT,PRESENT,,,,,,,,,,,,,,,,,,,,,,PRESENT,,,FUTURE,,,,,PRESENT,,,,,,FUTURE,,,,,,,,PRESENT,,PRESENT,,,,,,,,,,OFFSITE,PRESENT,,,,,,,,
272646,1B80078OMEN,R1-2021-0021,CA0023060,Willits City,Willits City WWTP,Mendocino,100716_10_0017_NPDES_Willits_WWTF.pdf,R1-2010-0017,,,PRESENT,,,PRESENT,PRESENT,,PRESENT,,,,,,,FUTURE,PRESENT,,,,,,,,,,,,,,,FUTURE,PRESENT,,,,,,,,,,,,,,,,,,,,,,,,,,,,PRESENT,,FUTURE,,,,,,,,,,,,,,PRESENT,,PRESENT,,,PRESENT,,,,,,,OFFSITE,PRESENT,,,,,,,,
240362,5C240114001,2014-0153-DWQ,,Housing Authority Cnty of Merced,Housing Authority Cnty of Merced - Los Banos,Merced,Los Banos Migrant NOA .pdf,WQ-2014-0153-DWQ,,,,,,,,,,,,,,,,,,,PRESENT,,,,,PRESENT,,,,,,,,,,,,,,,,,,,,,,,,,,,,,,,,,,,,,,,,,,,,,,,,,,,,,,,,,,,,,,,,,,,,,,,,,,
273122,5C240107001,R5-2021-0026,,Los Banos City,Los Banos WWTF,Merced,r5_2021_0026.pdf,R5-2021-0026,,,PRESENT,,,PRESENT,,,,,,,,,,,,,,,,,PRESENT,PRESENT,,,,,,,,,PRESENT,,,,,,,,,,,,,,,,,,,,,,,,,,,,,,,,,,,,,,,,,,,,,,,,,,,,,PRESENT,,,PRESENT,,,,,,,,,
214652,5C240108001,R5-2026-0005,CA0079219,Merced City,Merced WWTF,Merced,r5-2026-0005_npdes.pdf,R5-2026-0005,,PRESENT,PRESENT,,FUTURE,PRESENT,PRESENT,,PRESENT,PRESENT,,,,,,,PRESENT,,,,,,,PRESENT,,,,,,,,PRESENT,,,,,PRESENT,,,,,,,,,,,,,,,,,,,,,PRESENT,,,,,PRESENT,,,,,,,,,,,,,,,PRESENT,PRESENT,,PRESENT,,,,PRESENT,,,,PRESENT,,,,,,,,,
214652,5C240108001,R5-2026-0005,CA0079219,Merced City,Merced WWTF,Merced,Merced City r5-2020-0014_npdes.pdf,R5-2020-0014,,PRESENT,PRESENT,,,PRESENT,PRESENT,,PRESENT,PRESENT,,,,,,PRESENT,,,,,,,,,,,,,,,,PRESENT,PRESENT,,,,PRESENT,,,,,,,,,,,,,,,,,,,,,PRESENT,,,,,PRESENT,,,,,,,,,,,,,PRESENT,,,PRESENT,,,PRESENT,,,PRESENT,,,,OFFSITE,,,,,,,,,
214652,5C240108001,R5-2026-0005,CA0079219,Merced City,Merced WWTF,Merced,r5-2008-0027.pdf,R5-2008-0027,,FUTURE,FUTURE,,,FUTURE,FUTURE,,,,,,,,,FUTURE,FUTURE,,,,,,,FUTURE,,,,,,,,FUTURE,FUTURE,,,,,,,,,,,,,,,,,,,,,FUTURE,,,FUTURE,FUTURE,,,,,FUTURE,,,,,,,,,,,FUTURE,,,,FUTURE,,,,FUTURE,,,,,,,,,,,,,,,,
214652,5C240108001,R5-2026-0005,CA0079219,Merced City,Merced WWTF,Merced,r5-2014-0096_npdes.pdf,R5-2014-0096,,PRESENT,PRESENT,,,PRESENT,PRESENT,,PRESENT,PRESENT,,,,,,PRESENT,FUTURE,,,,,,,,,,,,,,,PRESENT,PRESENT,,,,PRESENT,,,,,,,,,,,,,,,,,,,,,PRESENT,,,,,PRESENT,,,,,,,,,,,,,,,PRESENT,PRESENT,,,PRESENT,,,PRESENT,,,,PRESENT,,,,,,,,,
273182,5C240110001,R5-2011-0042,,,Planada WWTF,Merced,r5-2005-0009.pdf,R5-2005-0009,PRESENT,,,,,,,,,,,,,,,,,,PRESENT,,,PRESENT,,,,,,,,,,,,,,,PRESENT,,,,,,,,,,,,,,,,,PRESENT,,,,,,,PRESENT,,,,,,,,,,,,,,,,,,,,,,,,,,,,PAST,,,,,,,,,
273182,5C240110001,R5-2011-0042,,,Planada WWTF,Merced,r5-2011-0042.pdf,R5-2011-0042,PRESENT,,,,,,,,,,,,,,,,PRESENT,,,,,PRESENT,,,,,,,,,,,,,,,PRESENT,,,,,,,,,,,,,,,,,PRESENT,,,,,,,PRESENT,PRESENT,,,,,,,,,,,,,,,,,,,,,,,,,,,,,,PAST,,,,,,
205325,5A250100001,R5-2020-0004,CA0078921,Alturas City,Alturas Municipal WWTP,Modoc,r5-2020-0004_npdes_minor_mod.pdf,R5-2020-0004,,,,,,,,,,,,,,,,,,,,,,,,,,,,,,,,,,,,,,,,,,,,,,,,,,,,,,,,,,,,,,,,,,PRESENT,,,,,,,PRESENT,,,,,,,,,,,,,,,,,,,,,,,,,
230429,6B140109001,04-018,,Hilton Creek CSD,Hilton Creek CSD Package STP,Mono,6-04-18 Revised WDR hilton Creek COmmunity Services District.pdf,R6V-2004-0018,PRESENT,,PRESENT,,,,,,,,,,,PRESENT,,,PRESENT,,,,,,,PRESENT,,,,,,,,,,,,,,,,,,,,,,,,,,,,,,,,,,,,,,,,,,,,,,,,,,,,,,,,,,PRESENT,,,,,,,,,OFFSITE,,,,,,,
212424,3 271001001,R3-2020-0020,,California Utilities Service,California Utilities,Monterey,R3-2020-0020 NOA Cal Utilities_final.pdf,R3-2007-0008,,,,,,PRESENT,,,,,PRESENT,,,,,,,,,,,,,PRESENT,,,,,,,,,,,,,,,,,,,,,,,,,,,,,,,,,,,,,,,,,,,,,PRESENT,,,,,,,,PRESENT,,,,,PRESENT,,,,,,,PRESENT,,OFFSITE,,,,,,,
212962,3 270803001,R3-2014-0046,,California Army National Guard - Camp Roberts,Camp Roberts Main (West) Garrison WWTP,Monterey,wdr_2014_final.pdf,R3-2014-0046,PRESENT,PRESENT,PRESENT,,,,PRESENT,,,,,,,,,,,,,,,,,PRESENT,,,,,,,,,,,,,,,PRESENT,,,,,,,,,,,,,,,,,,,,,,,,,,,,,,,,,,,,,PRESENT,,,,,,PRESENT,,,,,,,,,PRESENT,,,,,,,
241305,3 270103001,R3-2020-0020,,"County of Monterey Department of Public Works, Facilities and Parks",Chualar WWTP,Monterey,09-20-2022_R3-2020-0020 NOA MRP Chualar_Final.pdf,R3-2020-0020,,PRESENT,,,,PRESENT,,,,,,,,,,,,,PRESENT,,,,PRESENT,,,,,,,,,,,,,,,,,,,,,,,,,,,,,,,,,,,,,,,,,,,,,,,,,,,,,,,,,,,,,,,,,,,,OFFSITE,OFFSITE,,,,,,
227602,3 270104001,R3-2020-0020,,City of Gonzales,Gonzales WWTP,Monterey,Aug2025_GonzalesSecondRevisedNOA_MRP_0020_final.pdf,R3-2020-0020,PRESENT,PRESENT,PRESENT,,,PRESENT,PRESENT,,,,,,,,,,,,PRESENT,,PRESENT,,,PRESENT,,,,,,,,,,,,,,,,,,,,,,,,,,,,,,,,,,,,,,,,,,,,,,,,,,,,,,,,,,,,,,,,,,,,,,,,,,
227893,3 270105001,R3-2020-0020,,Greenfield City,"Greenfield WWTP, City of",Monterey,Oct2024_GreenfieldNOA_MRP_0020_Final.pdf,R3-2020-0020,,PRESENT,,,,PRESENT,,,,,,,,,,,,,PRESENT,,,,,PRESENT,,,,,,,,,,,,,,,,,,,,,,,,,,,,,,,,,,,,,,,,,,,,,,,,,,,,,PRESENT,,PRESENT,,,,,,,PRESENT,,,PRESENT,,OFFSITE,,,,,,,
232363,3 271002001,2014-0153-DWQ,,California American Water Company Monterey,Indian Springs Wastewater Treatment Facility,Monterey,2026-06-01_WDR_NOA_Revised_IndianSpringsWWTP.pdf,WQ-2014-0153-DWQ,,,PRESENT,,,PRESENT,,,PRESENT,,,,,PRESENT,,,PRESENT,,,,,,,PRESENT,,,,,,,,,,,,,,,,,,,,,,,,,,,,,,,,,,,,,PRESENT,,,,,,,,,,,,,,,,PRESENT,,PRESENT,,,,,,,,,,,,,PRESENT,,,,,,
235021,3 270106001,R3-2020-0020,,King City,King City Domestic WWTF,Monterey,King City Big Order NOA_MRP_Final.pdf,R3-2020-0020,PRESENT,,PRESENT,,,PRESENT,PRESENT,,,,,,,,,,,,PRESENT,,,,,PRESENT,,,,,,,,,,,,,,,,,,,,,,,,,,,,,,,,,,,,,,,,,,,,,,,,,,,,,,,,,,,,,,PRESENT,,,,,,,,,,,,
244646,3 270302001,2014-0153-DWQ,,Monterey Cnty Parks Dept,Lake San Antonio Northshore WWTP,Monterey,08-19-2022_WDRLake San Antonio Rec Area North Shore NOA_final.pdf,WQ-2014-0153-DWQ,,PRESENT,,,,,,,,,,,,,,,,,PRESENT,,,,,PRESENT,,,,,,,,,,,,,,,,,,,,,,,,,,,,,,,,,,,,,,,,,,,,,,,,,,,,PRESENT,,,,,,,,,,,,,,,,OFFSITE,,,,,,PRESENT
236252,3 270302002,2014-0153-DWQ,,Monterey Cnty Parks Dept,Lake San Antonio Southshore WWTP,Monterey,08-12-2022_WDR_Lake San Antonio Recreation Area South Shore WWTP NOA_final.pdf,WQ-2014-0153-DWQ,,PRESENT,,,,,,,,,,,,,,,,,,,,,PRESENT,PRESENT,,,,,,,,,,,,,,,PRESENT,,,,,,,,,,,,,,,,,,,,,,,,,,,,,,,,,,,,,,,,,,,,,,,,,,,,,OFFSITE,,,,,,
237149,3 270116001,2014-0153-DWQ,,Little Bear Water Company Inc,Little Bear WWTP,Monterey,NOA_MRP_LittleBear_0153_2023_final.pdf,WQ-2014-0153-DWQ,,PRESENT,,,,,,,,,,,,,,,,,PRESENT,,PRESENT,,,PRESENT,,,,,,,,,,,,,,,,,,,,,,,,,,,,,,,,,,,,,,,,,,,,,,,,,,,,,,,,,,,,,,PRESENT,,,OFFSITE,,,,,,,,,
241306,3 271011001,2014-0153-DWQ,,Monterey Dunes Colony Mutual Water Association,Monterey Dunes Colony WWTP,Monterey,5-5-22_Monterey Dunes Mutual Water Association draft NOA MRP_final.pdf,WQ-2014-0153-DWQ,,PRESENT,,,,,,,,,,,,,,,,,,,,,,,,,,,,,,,,,,,,,,,,,,,,,,,,,,,,,,,,,,,,,,,,,,,,,,,,,,,,,,,,,,,,,,,,OFFSITE,,,,,,,,PRESENT
241740,3 270118002,R3-2024-0045,CA0048551,Monterey One Water,Monterey One Water Regional WWTP,Monterey,MRWPCA_final.pdf,R3-2014-0013,,PRESENT,PRESENT,,,,PRESENT,,,,,,,,,,PRESENT,,,,,,,PRESENT,,,,,,,,,,,,,PRESENT,,PRESENT,,,,,,,,,,,,,,,,,,,,,,,,,,,,,,,,,,,,,PRESENT,,,PRESENT,,,PRESENT,,,,,,,,,OFFSITE,,,,,,,
241740,3 270118002,R3-2024-0045,CA0048551,Monterey One Water,Monterey One Water Regional WWTP,Monterey,r3-2024-0045.pdf,R3-2024-0045,,PRESENT,PRESENT,,,PRESENT,PRESENT,,,,,,,,,,,,,,,,,PRESENT,,,,,,,,,,,,,PRESENT,,PRESENT,,,,,,,,,,PRESENT,,,,PRESENT,,,PRESENT,PRESENT,PRESENT,,,,,,PRESENT,,PRESENT,,,,,,PRESENT,PRESENT,PRESENT,,PRESENT,,,PRESENT,,,PRESENT,,,,PRESENT,,,,,OFFSITE,,,,,,,
241740,3 270118002,R3-2024-0045,CA0048551,Monterey One Water,Monterey One Water Regional WWTP,Monterey,Final_Order_M1W.pdf,R3-2018-0017,,PRESENT,PRESENT,,,PRESENT,PRESENT,,,,,,,,,,,,,,,,,PRESENT,,,,,,,,,,,,,PRESENT,,PRESENT,,,,,,,,,,FUTURE,,,,FUTURE,,,FUTURE,PRESENT,PRESENT,,,,,,FUTURE,,PRESENT,,,,,,FUTURE,,PRESENT,,PRESENT,,,PRESENT,,,PRESENT,,,,,,,,,,,,,,,,
245564,3 271007001,R3-2020-0020,,California American Water Company Monterey,Oak Hills Development WWTP,Monterey,5-2-23-Oak Hills NOA_MRP.pdf,R3-2020-0020,,PRESENT,PRESENT,,,,,,,,,,,,,,,,PRESENT,,,,,PRESENT,,,,,,,,,,,,,,,,,,,,,,,,,,,,,,,,,,,,,,,,,,,,,,,,,,,,,,,,,,,,,,,,,PRESENT,,OFFSITE,,,,,,,
248169,3 270802001,2014-0153-DWQ,,Ca Dept of Parks & Rec Big Sur,Pfeiffer Big Sur State Park WWTP,Monterey,Pfeiffer Big Sur NOA_final_10_02_2025.pdf,WQ-2014-0153,PRESENT,,PRESENT,,,PRESENT,PRESENT,,,,,,,,,,PRESENT,,,,,,,,,,,,,,,,,,,,PRESENT,,,,,,,,,,,,,,,,,,,,,,,,,,,,,,,,,,,,,,,,PRESENT,,,,,,,,,,,,,,,,,,,,,
255190,3 270120001,2014-0153-DWQ,,San Ardo Water District,San Ardo WWTP,Monterey,San Ardo NOA and MRP_final.pdf,WQ-2014-0153-DWQ,,,,,,,,,,,,,,,,,,,,,,,,,,,,,,,,,,,,,,,,,,,,,,,,,,,,,,,,,,,,,,,,,,,,,,,,,,,,,,,,,,,,,,,,,,,,,,,,,,
255306,3 270619758,2014-0153-DWQ,,San Jerardo Inc.,San Jerardo WWTP,Monterey,NOA_MRP_Sept_24_2019.pdf,WQ-2014-0153-DWQ,PRESENT,,,,,,,,,,,,,,,,,,PRESENT,,PRESENT,,,,,,,,,,,,,,,,,,,,,,,,,,,,,,,,,,,,,,,,,,,,,,,,,,,,,,,,,,,,,,,,,,,,,,,,,,,,,
255653,3 279804003,R3-2013-0020,,,Santa Lucia WW Recycling Facility (Prod/User),Monterey,2013_0020_wrr.pdf,R3-2013-0020,,,,,,,,,FUTURE,,,,,,,,,,,,,,,,,,,,,,,,,,,,,,,,,,,,,,,,,FUTURE,FUTURE,,,,,,,,,,,,,,,FUTURE,,,,,,,,,,,,,PRESENT,,,,,,,,,,,,OFFSITE,,,,,,,
258186,3 272015001,R3-2020-0020,,California American Water Company Monterey,Spreckels WWTP,Monterey,Spreckels_R3-2020-0020_NOA_MRP_final.pdf,R3-2020-0020,,PRESENT,PRESENT,,,,,,,,,,,,,,,,PRESENT,,,,,,,,,,,,,,,,,,,,,,,,,,,,,,,,,,,,,,,,,,,,,,,,,,,,,,,,,,,,,,,,,,,,,,,,OFFSITE,,,,,,,
204492,5A280700001,2014-0153-DWQ,,USDI Bureau of Reclamation Napa,Admin Center & Oak Shores Day Use Area,Napa,OakShoresDayUseArea_NOA.pdf,WQ-2014-0153-DWQ,,PRESENT,,,,,,,,,,,,,,,,,,,,,PRESENT,,,,,,,,,,,,,,,,,,,,,,,,,,,,,,,PRESENT,,,,,,,,,,,,,,,,,,PRESENT,,,,,,,,,,,,,,,,,,,,PRESENT,,,,,,PRESENT
205477,2 283021001,R2-2022-0019,CA0038768,American Canyon City PWD,American Canyon Water Reclamation Facility (WRF) (formerly WWTP),Napa,american canyon R2-2006-0036.pdf,R2-2006-0036,,,,,,PRESENT,PRESENT,,,,,,,,,PRESENT,,,,,,,,PRESENT,,,,,,,,PRESENT,PRESENT,,,,,,,,,,,,,,,,,,,PRESENT,,,PRESENT,,,,,,PRESENT,,PRESENT,,,,,,,,,,,,,,,,,,,,,,,,,,,,,,,,,,,
205477,2 283021001,R2-2022-0019,CA0038768,American Canyon City PWD,American Canyon Water Reclamation Facility (WRF) (formerly WWTP),Napa,Order R2-2022-0019 AmCan NPDES reissue Jun-2022.pdf,R2-2022-0019,,,,,,PRESENT,PRESENT,,PRESENT,,,,,,,,,,,,,,,,,,,,,,,,PRESENT,,,,,,,,,,,,,,,,,,,PRESENT,,,,,,,,,PRESENT,,PRESENT,,,,,,,,,,,,,,,,,,,,,,,,,,,,,,,,,,,
212750,2 283003001,R2-2022-0010,CA0037966,Calistoga City Public Works Dept.,Calistoga City Dunaweal WWTP,Napa,R2-2022-0010.pdf,R2-2022-0010,,,PRESENT,,,PRESENT,,,PRESENT,,,,,,,,PRESENT,,,,PRESENT,,,PRESENT,,,,,,,,,,,,,,,,,,,,,,,,,,,,,,,,,,,,,PRESENT,PRESENT,,,,,,,PRESENT,,,,,,,OFFSITE,,,FUTURE,,,PRESENT,,,,,,,OFFSITE,,OFFSITE,,,,,,,
214559,5A280106001,2014-0153-DWQ,,Circle Oaks Cnty Water Dist,Circle Oaks WWTF,Napa,2014-0153-dwq-r5432_noa.pdf,WQ-2014-0153-DWQ,,,,,,,,,,,,,,,,,,,PRESENT,,,PRESENT,,,,,,,,,,,,,,,,,,,,,,,,,,,,,,,,,,,,,,,,,,,,,,,,,,,,,,,,,,,,,,,,,,,,,,,,,,,,
614538,2 283102001,R2-2006-0071,,3W & C LLC,Mustards Grill WWTP,Napa,R2-2006-0071.pdf,R2-2006-0071,,PRESENT,,,,PRESENT,,,,,,,,,,,PRESENT,,,,,,,,,PRESENT,,,,,,,,,,,,,,,,,,,,,,,,,,PRESENT,,,,,,,,,,,,,,,,,,,,,FUTURE,,,,,,,,,,,,,,,,,,,OFFSITE,,,,,,PRESENT
614538,2 283102001,2014-0153-DWQ,,3W & C LLC,Mustards Grill WWTP,Napa,Mustards Grill Notice of Applicability Package_2024-07-10.pdf,WQ-2014-0153-DWQ,,PRESENT,PRESENT,,PRESENT,PRESENT,,,,,,,,,,PRESENT,PRESENT,,,,,,,,,,,,,,,PRESENT,PRESENT,,,,,FUTURE,,,,,,,FUTURE,,,,,,,PRESENT,,,,,,,,,,,FUTURE,,,,,,,,,,,,,,,,,,,,,,,,,,PRESENT,,,,,,,,,PRESENT
243845,5A280103002,R5-2013-0065,,Napa Berryessa Resort IMP Dist,Napa Berryessa WTF,Napa,r5-2013-0065.pdf,R5-2013-0065,,,,,,PRESENT,,,,,,,,PRESENT,,,,,,,,,,PRESENT,,,,,,,,,,,,,,,,,,,,,,,,,,,,FUTURE,,,,,,,,,PRESENT,,,,,,,,,,,,,PRESENT,,,,,FUTURE,,,,,,,,,,OFFSITE,,,,,,,,,
243858,2 283009001,R2-2022-0003,CA0037575,Napa Sanitation District,Napa Sanitation District WWTP (Soscol Water Recycling Facility),Napa,CA0037575 Napa SD - Final Order - 7-16.pdf,R2-2016-0035,,PRESENT,PRESENT,,,,,,PRESENT,PRESENT,,,,,,,PRESENT,,,,,,,,,,,,,,,,,,,,PRESENT,,,,,,,,,,,,,,,,,PRESENT,PRESENT,,PRESENT,PRESENT,,,PRESENT,PRESENT,,,,,,,,,,,,PRESENT,,PRESENT,,,PRESENT,,,,,,PRESENT,,,,OFFSITE,,,,,,,PRESENT,PRESENT,
243858,2 283009001,R2-2022-0003,CA0037575,Napa Sanitation District,Napa Sanitation District WWTP (Soscol Water Recycling Facility),Napa,Order_R2-2022-0003.pdf,R2-2022-0003,,PRESENT,PRESENT,,,,,,PRESENT,PRESENT,,,,,,,PRESENT,,,,,,,,,,,,,,,,,,,,,,,,,,,,,,,,,,,,,PRESENT,PRESENT,,PRESENT,PRESENT,,,PRESENT,PRESENT,,,,,,,,,,,,PRESENT,,PRESENT,,,PRESENT,,,,,,PRESENT,,,,OFFSITE,,,PRESENT,,,,PRESENT,PRESENT,
258386,2 283014001,R2-2021-0004,CA0038016,St. Helena City,St. Helena City WWTP,Napa,st. helena_order r2-2021-0004.pdf,R2-2021-0004,PRESENT,,PRESENT,,,FUTURE,,,PRESENT,,,,,,,,,,PRESENT,PRESENT,,PRESENT,,PRESENT,,,,,,,,,,,,,,,,,,,,,,,,,,,,FUTURE,,,,,,,,,PRESENT,PRESENT,FUTURE,,,,,,,,,,,,,PRESENT,,,FUTURE,,,,,,,PRESENT,,,,,,,,,,,,
274410,2 283019001,R2-2020-0026,CA0038121,"Yountville, Town of",Yountville / CA Vets Home WWTP,Napa,Town of Yountville Order R2-2020-0026.pdf,R2-2020-0026,PRESENT,PRESENT,PRESENT,,PRESENT,,PRESENT,,PRESENT,PRESENT,,,,,,,PRESENT,,,,,,,PRESENT,,,,,,,,,,,,,PRESENT,,PRESENT,,,,,,,,,,,,,,,,,,PRESENT,PRESENT,,,PRESENT,PRESENT,,FUTURE,,,,,,,,,,PRESENT,,,,PRESENT,,,,PRESENT,,,PRESENT,,,,,,OFFSITE,,,,,,,
213432,5A290107002,R5-2023-0025,CAC442921,Nevada CSD No 1,Cascade Shores WWTP,Nevada,r5-2026-0023_ldgo.pdf,R5-2023-0025,,,PRESENT,,,PRESENT,PRESENT,,PRESENT,,,,,,,PRESENT,PRESENT,,,,,,,PRESENT,,,,,,,,PRESENT,PRESENT,,,,,,,,,PRESENT,,,PRESENT,,,,,PRESENT,,,,,,,,,,,,,PRESENT,,,,,,,,,,,,,,,,OFFSITE,,,,,,,,,,,,OFFSITE,,,,,,,
213432,5A290107002,R5-2015-0031,CAC442921,Nevada CSD No 1,Cascade Shores WWTP,Nevada,r5-2015-0031_npdes.pdf,R5-2015-0031,,,,,,PRESENT,PRESENT,,PRESENT,PRESENT,,,,,,,,,,,,,,,,,,,,,,,,,,,,,,,,PRESENT,,,,,,,,PRESENT,,,,,,,,,,,,,PRESENT,,,,,,,,,,,,,,,,OFFSITE,,,,,,PRESENT,,,,FUTURE,,OFFSITE,,,,,,,
213432,5A290107002,R5-2015-0031,CAC442921,Nevada CSD No 1,Cascade Shores WWTP,Nevada,r5-2008-0111_npdes.pdf,R5-2008-0111,PRESENT,,PRESENT,,,,,,PRESENT,,,,,,,PRESENT,,,,,,,,,,,,,,,,FUTURE,PRESENT,,,,PRESENT,,,,,,,,,,,,,,,FUTURE,,,,,,,,,PRESENT,PRESENT,FUTURE,,,,,,,,,,,,,,PRESENT,,OFFSITE,,,,,,,,,,,,OFFSITE,,,,,,,
227818,5A290100001,R5-2023-0025,CAG585001,Grass Valley City,Grass Valley City WWTP,Nevada,r5-2017-0085-019.pdf,R5-2017-0085,,PRESENT,PRESENT,,,PRESENT,,,PRESENT,,,,,,,PRESENT,,,,,,,,,,,,,,,,PRESENT,PRESENT,,,,PRESENT,,,,,,,,,,,,,,,,,,,,,,,,,,PRESENT,,,,,,,,,,,,,PRESENT,,,PRESENT,,,PRESENT,,,,,,,OFFSITE,,,,,,,,,
227818,5A290100001,R5-2016-0012,CAG585001,Grass Valley City,Grass Valley City WWTP,Nevada,r5-2016-0012.pdf,R5-2016-0012,,PRESENT,PRESENT,,,PRESENT,,,PRESENT,,,,,,,PRESENT,,,,,,,,,,,,,,,,PRESENT,PRESENT,,,,PRESENT,,,,,,,,,,,,,,,,,,,,,,,,,,PRESENT,,,,,,,,,,,,,PRESENT,,,PRESENT,,,PRESENT,,,,,,,OFFSITE,,,,,,,,,
227818,5A290100001,R5-2016-0012,CAG585001,Grass Valley City,Grass Valley City WWTP,Nevada,R5-2009-0067_npdes.pdf,R5-2009-0067,,PRESENT,,,,PRESENT,PRESENT,,,,,,,PRESENT,,PRESENT,,,,,,,,PRESENT,,,,,,,,PRESENT,,,,,,,,,,,,,,,,,,,,,,,,,,,,,,PRESENT,FUTURE,,,,,,,,,,PRESENT,,,PRESENT,,,PRESENT,,,,,,,PRESENT,,,OFFSITE,,OFFSITE,,,,,,,
236236,5A290104003,R5-2015-0028,CAC439955,Nevada CSD No 1,Lake of the Pines WWTP,Nevada,r5-2015-0028_npdes.pdf,R5-2015-0028,,,,,,PRESENT,,,,,,,,,,PRESENT,PRESENT,,,,,,,,,,,,,,,PRESENT,PRESENT,,,,,,,,,,,,,,,,,,,PRESENT,,,,,,,,,,,PRESENT,,,FUTURE,,,,,,,,FUTURE,,,PRESENT,,PRESENT,PRESENT,,,,,PRESENT,,,,,,OFFSITE,,,,,,,
236236,5A290104003,R5-2023-0025,CAC439955,Nevada CSD No 1,Lake of the Pines WWTP,Nevada,nvcosd1_lop_wwtp_final_noa.pdf,R5-2017-0085,,,,,,PRESENT,,,,,,,,,,PRESENT,,,,,,,,,,,,,,,,PRESENT,,,,,,,,,,,,,,,,,,,PRESENT,PRESENT,,,,,,,,,,,PRESENT,,,,,,,,,,,,,,PRESENT,,PRESENT,PRESENT,,,,,,,,,,,OFFSITE,,,,,,,
236236,5A290104003,R5-2015-0028,CAC439955,Nevada CSD No 1,Lake of the Pines WWTP,Nevada,R5-2009-0031_npdes.pdf,R5-2009-0031,,,,,,PRESENT,PRESENT,,,,,,,,,PRESENT,,,,,,,,FUTURE,,,,,,,,PRESENT,,,,,PAST,,,,,,,,,,,,,,,PRESENT,,,,,PAST,PAST,,,PAST,PAST,PRESENT,,,,PAST,,PRESENT,,,,,,,,PRESENT,,PRESENT,PRESENT,,,,,PRESENT,,,,,,,,,,,,,
236236,5A290104003,R5-2023-0025,CAC439955,Nevada CSD No 1,Lake of the Pines WWTP,Nevada,R5-2023-0025-014_noa.pdf,R5-2023-0025,,,,,,PRESENT,,,,,,,,,,PRESENT,PRESENT,,,,,,,PRESENT,,,,,,,,PRESENT,PRESENT,,,,,,,,,,,,,,,,,,,PRESENT,PRESENT,,,,,,,,,,PRESENT,,,,,,,,,,,,,,PRESENT,,PRESENT,PRESENT,,,,,,,,,,,OFFSITE,,,,,,,
236292,5A290104001,R5-2015-0029,CAC439953,Nevada CSD No 1,Lake Wildwood WWTP,Nevada,R5-2009-0004.pdf,R5-2009-0004,,,PRESENT,,,PRESENT,,,PRESENT,,,PRESENT,,PRESENT,,PRESENT,PRESENT,,,,,,,,,,,,,,,PRESENT,PRESENT,,,,PRESENT,,,,,,,,,,,,,,,,,,,,,,,,PRESENT,PRESENT,FUTURE,,,,,,,,,,,,,,,,PRESENT,PRESENT,,,,,PRESENT,,,,,,,,,,,,,
236292,5A290104001,R5-2015-0029,CAC439953,Nevada CSD No 1,Lake Wildwood WWTP,Nevada,r5-2015-0029.pdf,R5-2015-0029,,,PRESENT,,PRESENT,PRESENT,FUTURE,,PRESENT,,,PRESENT,,,,PRESENT,,,,,,,,,,,,,,,,PRESENT,PRESENT,,,,PRESENT,,,,,,,,,,,,,,,,,,,,,,,,,,PRESENT,,,FUTURE,,,,,,,,FUTURE,,,,PRESENT,PRESENT,PRESENT,,PAST,,,,,,,,,OFFSITE,,,,,,,
236292,5A290104001,R5-2023-0025,CAC439953,Nevada CSD No 1,Lake Wildwood WWTP,Nevada,R5-2023-0025-013_NOA.pdf,R5-2023-0025,,,PRESENT,,,PRESENT,PRESENT,,PRESENT,,,PRESENT,,,,PRESENT,PRESENT,,,,,,,,,,,,,,,PRESENT,,,,,PRESENT,,,,,,,,,,,,,,,,,,,,,,,,,,PRESENT,,,,,,,,,,,,,,PRESENT,,PRESENT,PRESENT,,PAST,,,,,,,,,OFFSITE,,,,,,,
244141,5A290101001,R5-2022-0039,CA0079901,Nevada City,Nevada City WWTP,Nevada,R5-2008-0177.pdf,R5-2008-0177,,,PRESENT,,,PRESENT,PRESENT,,PRESENT,,PAST,,,,,,PRESENT,,,,,,,,,,,,,,,,,,,,PRESENT,,,,,,,,,,,,,,,,,PRESENT,,,,,,,PRESENT,PRESENT,,,,,,,,PRESENT,,,PRESENT,,,PRESENT,PRESENT,,PRESENT,,,,,,,,,,,,OFFSITE,,,,,,,
244141,5A290101001,R5-2022-0039,CA0079901,Nevada City,Nevada City WWTP,Nevada,r5-2022-0039_npdes.pdf,R5-2022-0039,,PAST,PRESENT,,,PRESENT,PRESENT,,PRESENT,,,,,,,PRESENT,,,,,,,,,,,,,,,,PRESENT,PRESENT,,,,PRESENT,,,,,,,,,,,,,,,,,PRESENT,,,,,,,PRESENT,PRESENT,,,,,,,,,,,PRESENT,PRESENT,,PRESENT,,,PRESENT,,,,,,,,,,,,OFFSITE,,,,,,,
244141,5A290101001,R5-2022-0039,CA0079901,Nevada City,Nevada City WWTP,Nevada,r5-2017-0060.pdf,R5-2017-0060,,,PRESENT,,,PRESENT,PRESENT,,PRESENT,,,,,,,PRESENT,,,,,,,,,,,,,,,,PRESENT,PRESENT,,,,PRESENT,,,,,,,,,,,,,,,,,PRESENT,,,,,,,PRESENT,PRESENT,,,,,,,,,,,PRESENT,,,PRESENT,,,PRESENT,,,,,,,,,,,,OFFSITE,,,,,,,
244141,5A290101001,R5-2022-0039,CA0079901,Nevada City,Nevada City WWTP,Nevada,r5-2012-0033.pdf,R5-2012-0033,,,PRESENT,,,PRESENT,PRESENT,,PRESENT,,,,,,,PRESENT,,,,,,,,,,,,,,,,PRESENT,PRESENT,,,,PRESENT,,,,,,,,,,,,,,,,,PRESENT,,,,,,,PRESENT,PRESENT,,,,,,,,PRESENT,,,PRESENT,,,PRESENT,,,PRESENT,,,,,,,,,,,,OFFSITE,,,,,,,
248713,5A290103001,2014-0153-DWQ,,Pleasant Ridge Union School District,Pleasant Ridge Elementary School WWTP,Nevada,2014-0153-dwq-r5363.pdf,WQ-2014-0153-DWQ,,PRESENT,PRESENT,,,,,,,,,,,,,,,,,,,,,PRESENT,,,,,,,,,,,,,,,,,,,,,,,,,,,,,,PRESENT,,,,,,,,,,,,,,,,,,,,,,,,,,,,,,,,PRESENT,,,,,,,,,,,,PRESENT
255218,9 000000175,R9-2022-0005,CA0107417,SOCWA-San Juan Creek Ocean O/F,City of San Clemente WRP,Orange,AmendingOrder.pdf,R9-2017-0013,,PRESENT,PRESENT,,,PRESENT,PRESENT,,,,,,,,,,PRESENT,,,,,,,,,,,,,,,,,,,,,,,,,,,,,,,,,,,,,,,,,,,,PRESENT,,,,,,,,,,,,,,,PRESENT,,,PRESENT,,,,,,PRESENT,,,,,,,,,,,,,
255218,9 000000175,R9-2022-0005,CA0107417,SOCWA-San Juan Creek Ocean O/F,City of San Clemente WRP,Orange,amended_order_sjcoo signed dwg 03-19-25.pdf,R9-2022-0005,,PRESENT,PRESENT,,,PRESENT,PRESENT,,,,,,,,,,PRESENT,,,,,,,,,,,,,,,,,,,,PRESENT,,,,,,,,,,,,,,,,,,,,,,,,PRESENT,,,,,,,,,,,,,,,PRESENT,,,PRESENT,PRESENT,,,,,PRESENT,,,,,,,,,,,,,
255218,9 000000175,R9-2022-0005,CA0107417,SOCWA-San Juan Creek Ocean O/F,City of San Clemente WRP,Orange,r9_2022_0005_sjcoo_signature signed dwg 03-18-22.pdf,R9-2022-0005,,PRESENT,PRESENT,,,PRESENT,PRESENT,,,,,,,,,,PRESENT,,,,,,,,,,,,,,,,,,,,PRESENT,,,,,,,,,,,,,,,,,,,,,,,,PRESENT,,,,,,,,,,,,,,,PRESENT,,,PRESENT,PRESENT,,,,,PRESENT,,,,,OFFSITE,OFFSITE,,,,,,,
255218,9 000000175,R9-2022-0005,CA0107417,SOCWA-San Juan Creek Ocean O/F,City of San Clemente WRP,Orange,att._1_to_amending_order_sjcoo.pdf,R9-2025-0001,,PRESENT,PRESENT,,,PRESENT,PRESENT,,,,,,,,,,PRESENT,,,,,,,,,,,,,,,,,,,,,,,,,,,,,,,,,,,,,PRESENT,,,,,,,PRESENT,,,,,,,,,,,,,,,PRESENT,,,PRESENT,PRESENT,,,,,PRESENT,,,,,OFFSITE,OFFSITE,,,,,,,
255218,9 000000175,R9-2022-0005,CA0107417,SOCWA-San Juan Creek Ocean O/F,City of San Clemente WRP,Orange,r9-2022-0005-a1_v3 signed dwg 03-28-24.pdf,R9-2022-0005,,PRESENT,PRESENT,,,PRESENT,PRESENT,,,,,,,,,,PRESENT,,,,,,,,,,,,,,,,,,,,PRESENT,,,,,,,,,,,,,,,,,,,,,,,,PRESENT,,,,,,,,,,,,,,,PRESENT,,,PRESENT,PRESENT,,,,,PRESENT,,,,,,,,,,,,,
255218,9 000000175,R9-2022-0005,CA0107417,SOCWA-San Juan Creek Ocean O/F,City of San Clemente WRP,Orange,AmendedOrder.pdf,R9-2012-0012,,PRESENT,PRESENT,,,PRESENT,PRESENT,,,,,,,,,,PRESENT,,,,,,,,,,,,,,,,,,,,,,,,,,,,,,,,,,,,,,,,,,,,PRESENT,,,,,,,,,,,,,,,PRESENT,,,PRESENT,,,,,,PRESENT,,,,,,OFFSITE,,,,,,,
255218,9 000000175,R9-2022-0005,CA0107417,SOCWA-San Juan Creek Ocean O/F,City of San Clemente WRP,Orange,SJCOOFinalAmendingOrder.pdf,R9-2014-0105,,PRESENT,PRESENT,,,PRESENT,PRESENT,,,,,,,,,,PRESENT,,,,,,,,,,,,,,,,,,,,,,,,,,,,,,,,,,,,,,,,,,,,PRESENT,,,,,,,,,,,,,,,PRESENT,,,PRESENT,,,,,,PRESENT,,,,,,,,,,,,,
271777,8 303652001,R8-2015-0023,,El Toro Water District,El Toro Water Dist WWRF,Orange,R8-2015-0023_El_Toro_Water_District.pdf,2015-0023,,,,,,PRESENT,PRESENT,,PRESENT,PRESENT,,,,,,,PRESENT,,,,,,,PRESENT,,,,,,,,,,,,,,,,,,,,,,,,,,,,,,PRESENT,,,,,,,PRESENT,,,,,,,,,,,,,,,,PRESENT,,PRESENT,,,,,,PRESENT,,,,,,,PRESENT,,,,,,
271777,8 303652001,R8-2015-0023,,El Toro Water District,El Toro Water Dist WWRF,Orange,R8-2019-0052_El_Toro_Water_District_WDR_Amendment_of_R8-2015-0023.pdf,2019-0052,,,,,,PRESENT,PRESENT,,PRESENT,,,,,,,PRESENT,,,,,,,,PRESENT,,,,,,,,PRESENT,PRESENT,,,,PRESENT,,,,,,,,,,,,,,,,,PRESENT,,,,,,,PRESENT,,,,,,,,,,,,,,,,,,,,,,,,,,,,,,,,,,,,,
222509,9 000000117,R9-2022-0006,CA0107611,SOCWA-Aliso Creek Ocean O/F,El Toro WD WRP,Orange,ACOOFinalAmendedOrder.pdf,R9-2012-0013,,,PRESENT,,,PRESENT,PRESENT,,,PRESENT,,,,,,,PRESENT,,,,,,,,,,,,,,,,,,,,,,,,,,,,,,,,,,,,,PRESENT,,,,,,,PRESENT,,,,,,,,,,,,,,,,,,,,,,,,PRESENT,,,,,,OFFSITE,,,,,,,
222509,9 000000117,R9-2022-0006,CA0107611,SOCWA-Aliso Creek Ocean O/F,El Toro WD WRP,Orange,r9_2022_0006_acoo_signature signed dwg 03-18-21.pdf,R9-2022-0006,,,PRESENT,,,PRESENT,PRESENT,,PRESENT,PRESENT,,,,,,,PRESENT,,,,,,,,,,,,,,,,,,,,PRESENT,,,,,,,,,,,,,,,,,,,,,,,,PRESENT,,,,,,,,,,,,,PRESENT,,,,,,,,,,,PRESENT,,,,,,,,,,,,,
222509,9 000000117,R9-2022-0006,CA0107611,SOCWA-Aliso Creek Ocean O/F,El Toro WD WRP,Orange,ACOOFinalAmendingOrder.pdf,R9-2014-0098,,,PRESENT,,,PRESENT,PRESENT,,,PRESENT,,,,,,,PRESENT,,,,,,,,,,,,,,,,,,,,,,,,,,,,,,,,,,,,,PRESENT,,,,,,,PRESENT,,,,,,,,,,,,,,,OFFSITE,,,OFFSITE,OFFSITE,,,,,PRESENT,,,,,,OFFSITE,,,,,,,
237396,9 000000117,R9-2022-0006,CA0107611,SOCWA-Aliso Creek Ocean O/F,IRWD Los Alisos WRP,Orange,ACOOFinalAmendedOrder.pdf,R9-2012-0013,,,,,PRESENT,PRESENT,,,,,,,,,,,PRESENT,,,,,,,PRESENT,,,,,,,,,,,,,PRESENT,,,,,,,,,,,,,,,,,,,,PRESENT,PRESENT,,,PRESENT,,,,,,,,,,,,,PRESENT,,,,,,,,,,,,,,,,OFFSITE,OFFSITE,,,,,,,
237396,9 000000117,R9-2022-0006,CA0107611,SOCWA-Aliso Creek Ocean O/F,IRWD Los Alisos WRP,Orange,r9_2022_0006_acoo_signature signed dwg 03-18-21.pdf,R9-2022-0006,,,,,PRESENT,PRESENT,PRESENT,,,,,,,,,,PRESENT,,,,,,,,,,,,,,,,,,,,PRESENT,,,,,,,,,,,,,,,,,,,,PRESENT,PRESENT,,,PRESENT,,,,,,,,,,,,,PRESENT,,,,,,,,,,,,,,,,,,,,,,,,
237396,9 000000117,R9-2022-0006,CA0107611,SOCWA-Aliso Creek Ocean O/F,IRWD Los Alisos WRP,Orange,ACOOFinalAmendingOrder.pdf,R9-2014-0098,,,,,PRESENT,PRESENT,PRESENT,,,,,,,,,,,,PRESENT,,,,,PRESENT,,,,,,,,,,,,,PRESENT,,,,,,,,,,,,,,,,,,,,PRESENT,PRESENT,,,PRESENT,,,,,,,,,,,,,PRESENT,,,,,PRESENT,,,,,,,,,,,,,,,,,,,
236649,9 000000175,R9-2022-0005,CA0107417,SOCWA-San Juan Creek Ocean O/F,J.B. Latham Wastewater Treatment Plant,Orange,amended_order_sjcoo signed dwg 03-19-25.pdf,R9-2022-0005,,PRESENT,PRESENT,,,PRESENT,PRESENT,,,,,,,,,,PRESENT,,,,,,,,,,,,,,,,,,,,,,,,,,,,,,,,,,,,,,,,,,,,,,,,,,,,,,,,,,,PRESENT,,,PRESENT,PRESENT,,,,,PRESENT,,,,,OFFSITE,OFFSITE,,,,,,,
236649,9 000000175,R9-2022-0005,CA0107417,SOCWA-San Juan Creek Ocean O/F,J.B. Latham Wastewater Treatment Plant,Orange,att._1_to_amending_order_sjcoo.pdf,R9-2025-0001,,PRESENT,PRESENT,,,PRESENT,PRESENT,,,,,,,,,,PRESENT,,,,,,,,,,,,,,,,,,,,,,,,,,,,,,,,,,,,,,,,,,,,,,,,,,,,,,,,,,,PRESENT,,,PRESENT,PRESENT,,,,,PRESENT,,,,,OFFSITE,OFFSITE,,,,,,,
236649,9 000000175,R9-2022-0005,CA0107417,SOCWA-San Juan Creek Ocean O/F,J.B. Latham Wastewater Treatment Plant,Orange,SJCOOFinalAmendingOrder.pdf,R9-2014-0105,,PRESENT,PRESENT,,,PRESENT,PRESENT,,,,,,,,,,PRESENT,,,,,,,,,,,,,,,,,,,,,,,,,,,,,,,,,,,,,,,,,,,,PRESENT,,,,,,,,,,,,,,,PRESENT,,,PRESENT,PRESENT,,,,,,,,,,OFFSITE,OFFSITE,,,,,,,
236649,9 000000175,R9-2022-0005,CA0107417,SOCWA-San Juan Creek Ocean O/F,J.B. Latham Wastewater Treatment Plant,Orange,AmendingOrder.pdf,R9-2017-0013,,PRESENT,PRESENT,,,PRESENT,PRESENT,,,,,,,,,,PRESENT,,,,,,,,,,,,,,,,,,,,,,,,,,,,,,,,,,,,,,,,,,,,PRESENT,,,,,,,,,,,,,,,PRESENT,,,PRESENT,PRESENT,,,,,,,,,,OFFSITE,OFFSITE,,,,,,,
236649,9 000000175,R9-2022-0005,CA0107417,SOCWA-San Juan Creek Ocean O/F,J.B. Latham Wastewater Treatment Plant,Orange,r9-2022-0005-a1_v3 signed dwg 03-28-24.pdf,R9-2022-0005,,PRESENT,PRESENT,,,PRESENT,PRESENT,,,,,,,,,,PRESENT,,,,,,,,,,,,,,,,,,,,,,,,,,,,,,,,,,,,,,,,,,,,,,,,,,,,,,,,,,,PRESENT,,,PRESENT,PRESENT,,,,,PRESENT,,,,,OFFSITE,OFFSITE,,,,,,,
236649,9 000000175,R9-2022-0005,CA0107417,SOCWA-San Juan Creek Ocean O/F,J.B. Latham Wastewater Treatment Plant,Orange,AmendedOrder.pdf,R9-2012-0012,,PRESENT,PRESENT,,,PRESENT,PRESENT,,,,,,,,,,PRESENT,,,,,,,,,,,,,,,,,,,,,,,,,,,,,,,,,,,,,,,,,,,,PRESENT,,,,,,,,,,,,,,,PRESENT,,,PRESENT,PRESENT,,,,,,,,,,OFFSITE,OFFSITE,,,,,,,
236649,9 000000175,R9-2022-0005,CA0107417,SOCWA-San Juan Creek Ocean O/F,J.B. Latham Wastewater Treatment Plant,Orange,r9_2022_0005_sjcoo_signature signed dwg 03-18-22.pdf,R9-2022-0005,,PRESENT,PRESENT,,,PRESENT,PRESENT,,,,,,,,,,PRESENT,,,,,,,,,,,,,,,,,,,,,,,,,,,,,,,,,,,,,,,,,,,,,,,,,,,,,,,,,,,PRESENT,,,PRESENT,PRESENT,,,,,PRESENT,,,,,OFFSITE,OFFSITE,,,,,,,
758391,8 302006002,R8-2015-0024,CA8000326,Irvine Ranch Water District,Los Alisos WD WWTP,Orange,R8-2018-0070_IRWD__Amending_R8-2015-0024.pdf,R8-2018-0070,,,PRESENT,,,PRESENT,PRESENT,,,,,,,,,,PRESENT,,,,,,,,,,,,,,,,,,,,PRESENT,,,,,,,,,,,,,,,,,,,,,,,,,,,,,PRESENT,,,,,,,,,,,,,,,,,,,,,,,,,,,,,,,,
758391,8 302006002,R8-2015-0024,CA8000326,Irvine Ranch Water District,Los Alisos WD WWTP,Orange,R8-2015-0024_Irvine Ranch Water District.pdf,2015-0024,,,,,,,,,,,,,,,,,,,,,,,,,,,,,,,,,,,,,,,,,,,,,,,,,,,,,,,,,,,,,,,,,,,,,,,,,,,,,,,,,,,,,,,,,,,,,,,,,,
758392,8 300110002,R8-2021-0010,CA0110604,Orange CSD,OCSD Plant 1,Orange,12-0035_OCSD_WDR_&_NPDES.pdf,R8-2012-0035,,PRESENT,PRESENT,,,PRESENT,PRESENT,,,,,,,,,,PRESENT,,,,,,,,,,,,,,,,,,,,,,PRESENT,,,,,,,,,,OFFSITE,,,,,,,,PRESENT,PRESENT,,,PRESENT,PRESENT,,,,,,PRESENT,PRESENT,,,,,,,,,,,,,,,,,,,,OFFSITE,OFFSITE,OFFSITE,,,,,,,
758392,8 300110002,R8-2021-0010,CA0110604,Orange CSD,OCSD Plant 1,Orange,04-62.pdf,R8-2004-0062,,PRESENT,,,,,,,,,,,,,,,FUTURE,,,,,,,,,,,,,,,,,,,,,,,,,,,,,,,,,,,,,,,,,,,,PRESENT,PRESENT,,,,,,,,,,,,,,,,,,,,,,,,,,,,,,,,,,,,
758392,8 300110002,R8-2021-0010,CA0110604,Orange CSD,OCSD Plant 1,Orange,R8-2021-0010_OCSD.pdf,R8-2021-0010,,PRESENT,,,,PRESENT,PRESENT,,,,,,,,,,PRESENT,,,,,,,,,,,,,,,,,,,,,,PRESENT,,,,,,,,,,OFFSITE,,OFFSITE,,,,,OFFSITE,,,,,,,,,,,,,PRESENT,,,OFFSITE,,,,,,,PRESENT,,,,,,,,,,OFFSITE,OFFSITE,OFFSITE,,,,,,,
259158,8 300110002,R8-2021-0010,CA0110604,Orange CSD,OCSD Plant 2,Orange,04-62.pdf,R8-2004-0062,,PRESENT,,,,,,,,,,,,,,,,,,,,,,,,,,,,,,,,,,,,,,,,,,,,,,,,,,,,,,,,,,,PRESENT,PRESENT,,,,,,,,,,,,,,,,,,,,,,,,,,,,,,,,,,,,
259158,8 300110002,R8-2021-0010,CA0110604,Orange CSD,OCSD Plant 2,Orange,12-0035_OCSD_WDR_&_NPDES.pdf,R8-2012-0035,,PRESENT,FUTURE,,,PRESENT,PRESENT,,,,,,,,,,PRESENT,,,,,,,,,,,,,,,,,,,,,,PRESENT,,,,,,,,,,OFFSITE,,,,,,,,PRESENT,PRESENT,,,PRESENT,PRESENT,,,,,,PRESENT,PRESENT,,,,,,,,,,,,,,,,,,,,OFFSITE,OFFSITE,OFFSITE,,,,,,,
259158,8 300110002,R8-2021-0010,CA0110604,Orange CSD,OCSD Plant 2,Orange,R8-2021-0010_OCSD.pdf,R8-2021-0010,,PRESENT,,,,PRESENT,PRESENT,,FUTURE,,,,,,,,PRESENT,,,,,,,,,,,,,,,,,,,,,,PRESENT,,,,,,,,,,,,,,,,,,PRESENT,PRESENT,,,PRESENT,PRESENT,,,,,,,,,,,PRESENT,,,PRESENT,,,,,,,,,,,,,OFFSITE,OFFSITE,OFFSITE,,,,,,,
257518,9 000000175,R9-2022-0005,CA0107417,SOCWA-San Juan Creek Ocean O/F,SMWD - Chiquita WRP,Orange,r9-2022-0005-a1_v3 signed dwg 03-28-24.pdf,R9-2022-0005,,PRESENT,PRESENT,,,PRESENT,PRESENT,,,,,,,,,,PRESENT,,,,,,,,,,,,,,,,,,,,PRESENT,,PRESENT,,,,,,,,,,,,,,,,,,PRESENT,,,,PRESENT,,,,,,,,,,,,,PRESENT,,,,PRESENT,PRESENT,,,,,,PRESENT,,,,,OFFSITE,OFFSITE,,,,,,,
257518,9 000000175,R9-2022-0005,CA0107417,SOCWA-San Juan Creek Ocean O/F,SMWD - Chiquita WRP,Orange,AmendingOrder.pdf,R9-2017-0013,,PRESENT,PRESENT,,,PRESENT,PRESENT,,,,,,,,,,PRESENT,,,,,,,,,,,,,,,,,,,PRESENT,,,PRESENT,,,,,,,,,,,,,,,PRESENT,,,,,,,PRESENT,,,,,,,,,,,,,,,,,PRESENT,PRESENT,,,,,,PRESENT,,,,,,,OFFSITE,,,,,,
257518,9 000000175,R9-2022-0005,CA0107417,SOCWA-San Juan Creek Ocean O/F,SMWD - Chiquita WRP,Orange,AmendedOrder.pdf,R9-2012-0012,,PRESENT,PRESENT,,,PRESENT,PRESENT,,,,,,,,,,PRESENT,,,,,,,,,,,,,,,,,,,,,,PRESENT,,,,,,,,,,,,,,,PRESENT,,,,,,,PRESENT,,,,,,,,,,,,,,,,,PRESENT,PRESENT,,,,,,PRESENT,,,,,OFFSITE,OFFSITE,,,,,,,
257518,9 000000175,R9-2022-0005,CA0107417,SOCWA-San Juan Creek Ocean O/F,SMWD - Chiquita WRP,Orange,amended_order_sjcoo signed dwg 03-19-25.pdf,R9-2022-0005,,PRESENT,PRESENT,,,PRESENT,PRESENT,,,,,,,,,,PRESENT,,,,,,,,,,,,,,,,,,,,PRESENT,,PRESENT,,,,,,,,,,,,,,,,,,,,,,PRESENT,,,,,,,,,,,,,PRESENT,,,,PRESENT,PRESENT,,,,,,PRESENT,,,,,OFFSITE,OFFSITE,,,,,,,
257518,9 000000175,R9-2022-0005,CA0107417,SOCWA-San Juan Creek Ocean O/F,SMWD - Chiquita WRP,Orange,SJCOOFinalAmendingOrder.pdf,R9-2014-0105,,PRESENT,PRESENT,,,PRESENT,PRESENT,,,,,,,,,,PRESENT,,,,,,,,,,,,,,,,,,,,PRESENT,,PRESENT,,,,,,,,,,,,,,,,,,,,,,PRESENT,,,,,,,,,,,,,,,,,PRESENT,PRESENT,,,,,,PRESENT,,,,,OFFSITE,OFFSITE,,,,,,,
257518,9 000000175,R9-2022-0005,CA0107417,SOCWA-San Juan Creek Ocean O/F,SMWD - Chiquita WRP,Orange,att._1_to_amending_order_sjcoo.pdf,R9-2025-0001,,PRESENT,PRESENT,,,PRESENT,PRESENT,,,,,,,,,,PRESENT,,,,,,,,,,,,,,,,,,,,PRESENT,,PRESENT,,,,,,,,,,,,,,,,,,,,,,PRESENT,,,,,,,,,,,,,PRESENT,,,,PRESENT,PRESENT,,,,,,PRESENT,,,,,OFFSITE,OFFSITE,,,,,,,
257518,9 000000175,R9-2022-0005,CA0107417,SOCWA-San Juan Creek Ocean O/F,SMWD - Chiquita WRP,Orange,r9_2022_0005_sjcoo_signature signed dwg 03-18-22.pdf,R9-2022-0005,,PRESENT,PRESENT,,,PRESENT,PRESENT,,,,,,,,,,PRESENT,,,,,,,,,,,,,,,,,,,,PRESENT,,PRESENT,,,,,,,,,,,,,,,,,,,,,,PRESENT,,,,,,,,,,,,,PRESENT,,,,PRESENT,PRESENT,,,,,,PRESENT,,,,,OFFSITE,OFFSITE,,,,,,,
257520,9 000000175,R9-2022-0005,CA0107417,SOCWA-San Juan Creek Ocean O/F,SMWD Oso Creek WRP,Orange,att._1_to_amending_order_sjcoo.pdf,R9-2025-0001,,,,,,,,,,,,,,,,,,,,,,,,,,,,,,,,,,,,,,,,,,,,,,,,,,,,,,,,,,,,,,,,,,,,,,,,,,,,,,,,,,,,,,,,,,,,,,,,,,
257520,9 000000175,R9-2022-0005,CA0107417,SOCWA-San Juan Creek Ocean O/F,SMWD Oso Creek WRP,Orange,r9-2022-0005-a1_v3 signed dwg 03-28-24.pdf,R9-2022-0005,,,,,,,,,,,,,,,,,,,,,,,,,,,,,,,,,,,,,,,,,,,,,,,,,,,,,,,,,,,,,,,,,,,,,,,,,,,,,,,,,,,,,,,,,,,,,,,,,,
257520,9 000000175,R9-2022-0005,CA0107417,SOCWA-San Juan Creek Ocean O/F,SMWD Oso Creek WRP,Orange,AmendedOrder.pdf,R9-2012-0012,,,PRESENT,,,PRESENT,,,,,,,,,,,,,,,,,,,,,,,,,,,,,,,,PRESENT,,,,,,,,,,,,,,,,PRESENT,,,,,,,PRESENT,,,,,,,,,,,,,,,,,,,,,,,,,,,,,,,,,,,,,
257520,9 000000175,R9-2022-0005,CA0107417,SOCWA-San Juan Creek Ocean O/F,SMWD Oso Creek WRP,Orange,AmendingOrder.pdf,R9-2017-0013,,,PRESENT,,,PRESENT,,,,,,,,,,,,,,,,,,,,,,,,,,,,,,,,PRESENT,,,,,,,,,,,,,,,,,,,,,,,PRESENT,,,,,,,,,,,,,,,,,,,,,,,,,,,,,,,,,,,,,
257520,9 000000175,R9-2022-0005,CA0107417,SOCWA-San Juan Creek Ocean O/F,SMWD Oso Creek WRP,Orange,amended_order_sjcoo signed dwg 03-19-25.pdf,R9-2022-0005,,,,,,,,,,,,,,,,,,,,,,,,,,,,,,,,,,,,,,,,,,,,,,,,,,,,,,,,,,,,,,,,,,,,,,,,,,,,,,,,,,,,,,,,,,,,,,,,,,
257520,9 000000175,R9-2022-0005,CA0107417,SOCWA-San Juan Creek Ocean O/F,SMWD Oso Creek WRP,Orange,SJCOOFinalAmendingOrder.pdf,R9-2014-0105,,,PRESENT,,,PRESENT,,,,,,,,,,,,,,,,,,,,,,,,,,,,,,,,PRESENT,,,,,,,,,,,,,,,,PRESENT,,,,,,,PRESENT,,,,,,,,,,,,,,,,,,,,,,,,,,,,,,,,,,,,,
257520,9 000000175,R9-2022-0005,CA0107417,SOCWA-San Juan Creek Ocean O/F,SMWD Oso Creek WRP,Orange,r9_2022_0005_sjcoo_signature signed dwg 03-18-22.pdf,R9-2022-0005,,,,,,,,,,,,,,,,,,,,,,,,,,,,,,,,,,,,,,,,,,,,,,,,,,,,,,,,,,,,,,,,,,,,,,,,,,,,,,,,,,,,,,,,,,,,,,,,,,
241540,9 000000175,R9-2022-0005,CA0107417,SOCWA-San Juan Creek Ocean O/F,SOCWA - 3A Treatment Plant,Orange,SJCOOFinalAmendingOrder.pdf,R9-2014-0105,,PRESENT,PRESENT,,,PRESENT,PRESENT,,,PRESENT,,,,,,,PRESENT,,,,,,,,,,,,,,,,,,,,,,,,,,,,,,,,,,,,,,,,,,,,PRESENT,,,,,,,,,,,,,,,PRESENT,,,PRESENT,PRESENT,,,,,PRESENT,,,,,OFFSITE,OFFSITE,,,,,,,
241540,9 000000175,R9-2022-0005,CA0107417,SOCWA-San Juan Creek Ocean O/F,SOCWA - 3A Treatment Plant,Orange,att._1_to_amending_order_sjcoo.pdf,R9-2025-0001,,PRESENT,PRESENT,,,PRESENT,PRESENT,,,PRESENT,,,,,,,PRESENT,,,,,,,,,,,,,,,,,,,,PRESENT,,,,,,,,,,,,,,,,,,,,,,,,,,,,,PRESENT,,,,,,,,PRESENT,,PRESENT,,,PRESENT,PRESENT,,,,,PRESENT,,,,,,OFFSITE,,,,,,,
241540,9 000000175,R9-2022-0005,CA0107417,SOCWA-San Juan Creek Ocean O/F,SOCWA - 3A Treatment Plant,Orange,r9-2022-0005-a1_v3 signed dwg 03-28-24.pdf,R9-2022-0005,,PRESENT,PRESENT,,,PRESENT,PRESENT,,,PRESENT,,,,,,,PRESENT,,,,,,,,,,,,,,,,,,,,PRESENT,,,,,,,,,,,,,,,,,,,,,,,,,,,,,PRESENT,,,,,,,,PRESENT,,PRESENT,,,PRESENT,PRESENT,,,,,PRESENT,,,,,,OFFSITE,,,,,,,
241540,9 000000175,R9-2022-0005,CA0107417,SOCWA-San Juan Creek Ocean O/F,SOCWA - 3A Treatment Plant,Orange,r9_2022_0005_sjcoo_signature signed dwg 03-18-22.pdf,R9-2022-0005,,PRESENT,PRESENT,,,PRESENT,PRESENT,,,PRESENT,,,,,,,PRESENT,,,,,,,,,,,,,,,,,,,,PRESENT,,,,,,,,,,,,,,,,,,,,,,,,,,,,,PRESENT,,,,,,,,PRESENT,,PRESENT,,,PRESENT,PRESENT,,,,,PRESENT,,,,,,,,,,,,,
241540,9 000000175,R9-2022-0005,CA0107417,SOCWA-San Juan Creek Ocean O/F,SOCWA - 3A Treatment Plant,Orange,amended_order_sjcoo signed dwg 03-19-25.pdf,R9-2022-0005,,PRESENT,PRESENT,,,PRESENT,PRESENT,,,PRESENT,,,,,,,PRESENT,,,,,,,,,,,,,,,,,,,,PRESENT,,,,,,,,,,,,,,,,,,,,,,,,,,,,,PRESENT,,,,,,,,PRESENT,,PRESENT,,,PRESENT,PRESENT,,,,,PRESENT,,,,,,,,,,,,,
241540,9 000000175,R9-2022-0005,CA0107417,SOCWA-San Juan Creek Ocean O/F,SOCWA - 3A Treatment Plant,Orange,AmendingOrder.pdf,R9-2017-0013,,PRESENT,PRESENT,,,PRESENT,PRESENT,,,PRESENT,,,,,,,PRESENT,,,,,,,,,,,,,,,,,,,,,,,,,,,,,,,,,,,,,,,,,,,,PRESENT,,,,,,,,,,,,,,,PRESENT,,,PRESENT,PRESENT,,,,,PRESENT,,,,,OFFSITE,OFFSITE,,,,,,,
241540,9 000000175,R9-2022-0005,CA0107417,SOCWA-San Juan Creek Ocean O/F,SOCWA - 3A Treatment Plant,Orange,AmendedOrder.pdf,R9-2012-0012,,PRESENT,PRESENT,,,PRESENT,PRESENT,,,PRESENT,,,,,,,PRESENT,,,,,,,,,,,,,,,,,,,,,,,,,,,,,,,,,,,,,,,,,,,,PRESENT,,,,,,,,,,,,,,,PRESENT,,,PRESENT,PRESENT,,,,,PRESENT,,,,,OFFSITE,OFFSITE,,,,,,,
257850,9 000000117,R9-2022-0006,CA0107611,SOCWA-Aliso Creek Ocean O/F,SOCWA - Coastal TP,Orange,ACOOFinalAmendedOrder.pdf,R9-2012-0013,,PRESENT,PRESENT,,,PRESENT,PRESENT,,PRESENT,,,,,,,,PRESENT,,,,,,,,,,,,,,,,,,,,PRESENT,,,,,,,,,,,,,,,,,,,,PRESENT,,,,PRESENT,,,,,,,,,,,,,PRESENT,,,,,,,,,,,PRESENT,,,,,,OFFSITE,,,,,,,
257850,9 000000117,R9-2022-0006,CA0107611,SOCWA-Aliso Creek Ocean O/F,SOCWA - Coastal TP,Orange,ACOOFinalAmendingOrder.pdf,R9-2014-0098,,PRESENT,PRESENT,,,PRESENT,PRESENT,,PRESENT,,,,,,,,PRESENT,,,,,,,,,,,,,,,,,,,,,,,,,,,,,,,,,,,,,PRESENT,,,PRESENT,,,,PRESENT,,,,,,,,,,,,,PRESENT,,,,,,,,,,,PRESENT,,,,,,,,,,,,,
257850,9 000000117,R9-2022-0006,CA0107611,SOCWA-Aliso Creek Ocean O/F,SOCWA - Coastal TP,Orange,r9_2022_0006_acoo_signature signed dwg 03-18-21.pdf,R9-2022-0006,,PRESENT,PRESENT,,,PRESENT,PRESENT,,,PRESENT,,,,,,,PRESENT,,,,,,,,,,,,,,,,,,,,,,,,,,,,,,,,,,,,,PRESENT,,,PRESENT,,,,PRESENT,,,,,,,,,,,,,PRESENT,,,,,,,,,,,PRESENT,,,,,,,,,,,,,
241053,9 000000117,R9-2022-0006,CA0107611,SOCWA-Aliso Creek Ocean O/F,SOCWA - Regional TP,Orange,ACOOFinalAmendedOrder.pdf,R9-2012-0013,,PRESENT,PRESENT,,,PRESENT,PRESENT,,,PRESENT,,,,,,,PRESENT,,,,,,,,,,,,,,,,,,,,PRESENT,,,,,,,,,,,,,,,,,,,,PRESENT,,,,PRESENT,,,,,,,,,,,,,PRESENT,,PRESENT,,,PRESENT,PRESENT,,,,,PRESENT,,,,,OFFSITE,OFFSITE,,,,,,,
241053,9 000000117,R9-2022-0006,CA0107611,SOCWA-Aliso Creek Ocean O/F,SOCWA - Regional TP,Orange,ACOOFinalAmendingOrder.pdf,R9-2014-0098,,PRESENT,PRESENT,,,PRESENT,PRESENT,,,PRESENT,,,,,,,PRESENT,,,,,,,,,,,,,,,,,,,,PRESENT,,,,,,,,,,,,,,,,,,,,PRESENT,,,,PRESENT,,,,,,,,,,,,,PRESENT,,PRESENT,,,PRESENT,PRESENT,,,,,PRESENT,,,,,OFFSITE,OFFSITE,,,,,,,
241053,9 000000117,R9-2022-0006,CA0107611,SOCWA-Aliso Creek Ocean O/F,SOCWA - Regional TP,Orange,r9_2022_0006_acoo_signature signed dwg 03-18-21.pdf,R9-2022-0006,,PRESENT,PRESENT,,,PRESENT,PRESENT,,,PRESENT,,,,,,,PRESENT,,,,,,,,,,,,,,,,,,,,PRESENT,,,,,,,,,,,,,,,,,,,,PRESENT,,,,PRESENT,,,,,,,,,,,,,PRESENT,,PRESENT,,,PRESENT,PRESENT,,,,,PRESENT,,,,,,,,,,,,,
257590,9 000000117,R9-2022-0006,CA0107611,SOCWA-Aliso Creek Ocean O/F,SOCWA Aliso Creek Ocean Outfall,Orange,r9_2022_0006_acoo_signature signed dwg 03-18-21.pdf,R9-2022-0006,,PRESENT,PRESENT,,PRESENT,PRESENT,PRESENT,,PRESENT,PRESENT,,,,,,,PRESENT,,,,,,,,,,,,,,,,,,,,,,,,,,,,,,,,,,,,,PRESENT,,,PRESENT,PRESENT,,,PRESENT,,,,,,,,,,,,,PRESENT,,PRESENT,,,PRESENT,PRESENT,,,,,PRESENT,,,,,OFFSITE,OFFSITE,,,,,,,
257590,9 000000117,R9-2022-0006,CA0107611,SOCWA-Aliso Creek Ocean O/F,SOCWA Aliso Creek Ocean Outfall,Orange,ACOOFinalAmendingOrder.pdf,R9-2014-0098,,PRESENT,PRESENT,,OFFSITE,PRESENT,PRESENT,,,PRESENT,,,,,,,PRESENT,,,,,,,,,,,,,,,,,,,,PRESENT,,,,,,,,,,,,OFFSITE,,,,,OFFSITE,,,PRESENT,OFFSITE,,,PRESENT,,,,,,,,,,,,OFFSITE,PRESENT,,PRESENT,,,PRESENT,PRESENT,,,,,PRESENT,,,,,OFFSITE,OFFSITE,,,,,,,
257590,9 000000117,R9-2022-0006,CA0107611,SOCWA-Aliso Creek Ocean O/F,SOCWA Aliso Creek Ocean Outfall,Orange,ACOOFinalAmendedOrder.pdf,R9-2012-0013,,PRESENT,PRESENT,,OFFSITE,PRESENT,PRESENT,,,PRESENT,,,,,,,PRESENT,,OFFSITE,,,,,,,,,,,,,,,,,,PRESENT,,,,,,,,,,,,OFFSITE,,,,,,,,PRESENT,OFFSITE,,,PRESENT,,,,,,,,,,,,,PRESENT,,PRESENT,,,PRESENT,PRESENT,,,,,PRESENT,,,,,OFFSITE,OFFSITE,,,,,,,
257592,9 000000175,R9-2022-0005,CA0107417,SOCWA-San Juan Creek Ocean O/F,SOCWA San Juan Creek Ocean Outfall,Orange,AmendedOrder.pdf,R9-2012-0012,,OFFSITE,OFFSITE,,,OFFSITE,OFFSITE,,,OFFSITE,,,,,,,OFFSITE,,,,,,,,,,,,,,,,,,,,OFFSITE,,OFFSITE,,,,,,,,,,OFFSITE,,,,,OFFSITE,,,,,,,OFFSITE,,,,,,,,,,,,OFFSITE,,,OFFSITE,,,OFFSITE,OFFSITE,,,,,OFFSITE,,,,,OFFSITE,OFFSITE,,,,,,,
257592,9 000000175,R9-2022-0005,CA0107417,SOCWA-San Juan Creek Ocean O/F,SOCWA San Juan Creek Ocean Outfall,Orange,amended_order_sjcoo signed dwg 03-19-25.pdf,R9-2022-0005,,OFFSITE,OFFSITE,,,OFFSITE,OFFSITE,,,OFFSITE,,,,,,,OFFSITE,,,,,,,,,,,,,,,,,,,,OFFSITE,,OFFSITE,,,,,,,,,,OFFSITE,,,,,OFFSITE,,,,,,,OFFSITE,,,,,,,,,,,,OFFSITE,OFFSITE,,OFFSITE,,,OFFSITE,OFFSITE,,,,,OFFSITE,,,,,,,,,,,,,
257592,9 000000175,R9-2022-0005,CA0107417,SOCWA-San Juan Creek Ocean O/F,SOCWA San Juan Creek Ocean Outfall,Orange,AmendingOrder.pdf,R9-2017-0013,,PRESENT,PRESENT,,,PRESENT,PRESENT,,,OFFSITE,,,,,,,PRESENT,,,,,,,,,,,,,,,,,,,,OFFSITE,,OFFSITE,,,,,,,,,,OFFSITE,,,,,OFFSITE,,,,,,,PRESENT,,,,,,,,,,,OFFSITE,OFFSITE,,,PRESENT,,,PRESENT,PRESENT,,,,,OFFSITE,,,,,OFFSITE,OFFSITE,,,,,,,
257592,9 000000175,R9-2022-0005,CA0107417,SOCWA-San Juan Creek Ocean O/F,SOCWA San Juan Creek Ocean Outfall,Orange,att._1_to_amending_order_sjcoo.pdf,R9-2025-0001,,PRESENT,PRESENT,,FUTURE,PRESENT,PRESENT,,,PRESENT,,,,,,,PRESENT,,,,,,,,,,,,,,,,,,,,PRESENT,,PRESENT,,,,,,,,,,PRESENT,,FUTURE,,,PRESENT,,,PRESENT,FUTURE,,,PRESENT,,FUTURE,,,,,,,,,,PRESENT,PRESENT,,PRESENT,,PRESENT,PRESENT,PRESENT,,,,,PRESENT,,,,,,,,,,,,,
257592,9 000000175,R9-2022-0005,CA0107417,SOCWA-San Juan Creek Ocean O/F,SOCWA San Juan Creek Ocean Outfall,Orange,r9-2022-0005-a1_v3 signed dwg 03-28-24.pdf,R9-2022-0005,,PRESENT,PRESENT,,,PRESENT,PRESENT,,,PRESENT,,,,,,,PRESENT,,,,,,,,,,,,,,,,,,,,PRESENT,,PRESENT,,,,,,,,,,PRESENT,,,,,PRESENT,,,,FUTURE,,,PRESENT,,FUTURE,,,,,,,,,,PRESENT,PRESENT,,PRESENT,,,PRESENT,PRESENT,,,,,PRESENT,,,,,OFFSITE,OFFSITE,,,,,,,
257592,9 000000175,R9-2022-0005,CA0107417,SOCWA-San Juan Creek Ocean O/F,SOCWA San Juan Creek Ocean Outfall,Orange,SJCOOFinalAmendingOrder.pdf,R9-2014-0105,,PRESENT,PRESENT,,,PRESENT,PRESENT,,,OFFSITE,,,,,,,PRESENT,,,,,,,,,,,,,,,,,,,,OFFSITE,,OFFSITE,,,,,,,,,,OFFSITE,,,,,OFFSITE,,,,,,,PRESENT,,,,,,,,,,,,OFFSITE,,,PRESENT,,OFFSITE,PRESENT,PRESENT,,,,,OFFSITE,,,,,OFFSITE,OFFSITE,,,,,,,
257592,9 000000175,R9-2022-0005,CA0107417,SOCWA-San Juan Creek Ocean O/F,SOCWA San Juan Creek Ocean Outfall,Orange,r9_2022_0005_sjcoo_signature signed dwg 03-18-22.pdf,R9-2022-0005,,PRESENT,PRESENT,,,PRESENT,PRESENT,,,PRESENT,,,,,,,PRESENT,,,,,,,,,,,,,,,,,,,,PRESENT,,,,,,,,,,,,PRESENT,,,,,PRESENT,,,PRESENT,FUTURE,,,PRESENT,,FUTURE,,,,,,,,,,,PRESENT,,PRESENT,,,PRESENT,PRESENT,,,,,PRESENT,,,,,,,,,,,,,
206733,5A31NP00042,R5-2023-0025,CAC448871,Auburn City,Auburn WWTP,Placer,r5-2017-0085-021_noa.pdf,R5-2017-0085,,,PRESENT,,,PRESENT,,,PRESENT,,,PRESENT,,,,PRESENT,,,PRESENT,,,,,,,,,PRESENT,,,,PRESENT,PRESENT,,,,PRESENT,,,,,,,,,,,,,,,,,,,,,PRESENT,,,,,PRESENT,,,,,,,PAST,,,PRESENT,PRESENT,,,,,PRESENT,,,,,,,,,,,,,,,,,,,
206733,5A31NP00042,R5-2016-0038,CAC448871,Auburn City,Auburn WWTP,Placer,r5-2005-0030.pdf,R5-2005-0030,,,PRESENT,,,PRESENT,PRESENT,,PRESENT,,,PRESENT,,,,PRESENT,,,PRESENT,,,,,,,,,,,,,,PRESENT,,,,,,,,,,,,,,,,,,,,,PRESENT,,,PRESENT,,,,,PRESENT,,,,PRESENT,,,,,,,,PRESENT,,,,,PRESENT,,,,,,,,,,,,OFFSITE,,,,,,,
206733,5A31NP00042,R5-2016-0038,CAC448871,Auburn City,Auburn WWTP,Placer,R5-2011-0003.pdf,R5-2011-0003,,,,,,,,,,,,,,,,,,,,,,,,,,,,,,,,,,,,,,,,,,,,,,,,,,,,,,,,,,,,,,,,,,,,,,,,,,,,,,,,,,,,,,,,,,,,,,,,,,
206733,5A31NP00042,R5-2016-0038,CAC448871,Auburn City,Auburn WWTP,Placer,r5-2016-0038.pdf,R5-2016-0038,,,PRESENT,,,PRESENT,PRESENT,,PRESENT,,,PRESENT,,,,PRESENT,,,,,,,,,,,,,,,,PRESENT,PRESENT,,,,PRESENT,,,,,,,,,,,,,,,,,,,,PRESENT,PRESENT,,,,,PRESENT,,,,,,PRESENT,PRESENT,,,PRESENT,,,,,,PRESENT,,,,,,,,,,,,OFFSITE,,,,,,,
206733,5A31NP00042,R5-2016-0038,CAC448871,Auburn City,Auburn WWTP,Placer,R5-2010-0090.pdf,R5-2010-0090,,,PRESENT,,,PRESENT,PRESENT,,PRESENT,,,PRESENT,,,,PRESENT,,,,,,,,,,,,,,,,PRESENT,PRESENT,,,,PRESENT,,,,,,,,,,,,,,,,,,,,PRESENT,PRESENT,,,PRESENT,PRESENT,FUTURE,,,,,,,PRESENT,,,PRESENT,PRESENT,,,,,PRESENT,,,,,,,,,,,,OFFSITE,,,,,,,
215106,5A310101001,R5-2018-0012,CAG585001,Colfax City,City of Colfax WWTP,Placer,R5-2007-0130.pdf,R5-2007-0130,,,,,,PRESENT,,,,,,,,,,,,,PRESENT,,,,,,,,,,,,,,,,,,PRESENT,,,,,,,,,,,,,,,,,,,,PRESENT,,,,PRESENT,PRESENT,,,,,,,PRESENT,,,,PRESENT,,,,,,,,,,,,,,,,PAST,,,,,,,,,
215106,5A310101001,R5-2018-0012,CAG585001,Colfax City,City of Colfax WWTP,Placer,r5-2013-0045.pdf,R5-2013-0045,,PRESENT,PRESENT,,,PRESENT,,,PRESENT,,,,,,,PRESENT,,,PRESENT,,,,,PRESENT,,,,,,,,PRESENT,PRESENT,,,,PRESENT,,,,,,,,,,,,,,,,,,,,PRESENT,,,,,,PRESENT,,,,,,,,,,PRESENT,PRESENT,,,PRESENT,,PRESENT,,,,,,,,,,,,OFFSITE,,,,,,,
215106,5A310101001,R5-2023-0025,CAG585001,Colfax City,City of Colfax WWTP,Placer,r5-2023-0025-001_noa.pdf,R5-2023-0025,,,PRESENT,,,PRESENT,,,PRESENT,FUTURE,,,,,,PRESENT,,,,,,,,,,,,,,,,PRESENT,PRESENT,,,,,,,,,,,,,,,,,,,,,PRESENT,,,,,,,,,PRESENT,,,,,,,,,,PRESENT,,,,PRESENT,,,,,,,,FUTURE,,,,,,,PRESENT,,,,,,
215106,5A310101001,R5-2018-0012,CAG585001,Colfax City,City of Colfax WWTP,Placer,R5-2018-0012.pdf,2018-0012,,PRESENT,PRESENT,,,PRESENT,,,PRESENT,,,,,,,PRESENT,,,PRESENT,,,,,PRESENT,,,,,,,,PRESENT,PRESENT,,,,PRESENT,,,,,,,,,,,,,,,,,,,,,,,,,,PRESENT,,,,,,,,,,PRESENT,,,,PRESENT,,,,,,,,,,,,,,,PRESENT,,,,,,
220768,5A310106001,R5-2014-0049,CAC426201,Roseville City,Dry Creek WWTP,Placer,r5-2008-0077.pdf,R5-2008-0077,,PRESENT,PRESENT,,,PRESENT,PRESENT,,PRESENT,,,,,,,PRESENT,,,,,,,,PAST,,,,,,,,PRESENT,PRESENT,,,,PRESENT,,,,,,,,,,,,,,,,,,,,PRESENT,,,,PRESENT,PRESENT,FUTURE,,,,,,PRESENT,,,,PRESENT,,,,,PRESENT,PRESENT,,,,,,PRESENT,,,,OFFSITE,,OFFSITE,,,,,,,
220768,5A310106001,R5-2023-0025,CAC426201,Roseville City,Dry Creek WWTP,Placer,roseville_drycreek_wwtp_mgo_noa_final.pdf,R5-2023-0025,,PRESENT,PRESENT,,,PRESENT,PRESENT,,PRESENT,,,,,,,PRESENT,,,,,,,,PRESENT,,,,,,,,PRESENT,PRESENT,,,,PRESENT,,,,,,,,,,,,,,,,,,,,,,,,,,PRESENT,,,,,,,,,,,,,,,,,,,,,,,,,,,,,,,,,,,
220768,5A310106001,R5-2014-0049,CAC426201,Roseville City,Dry Creek WWTP,Placer,r5-2014-0049.pdf,R5-2014-0049,,PRESENT,PRESENT,,,PRESENT,PRESENT,,PRESENT,,,,,,,PRESENT,,,,,,,,,,,,,,,,PRESENT,PRESENT,,,,PRESENT,,,,,,,,,,,,,,,,,,,,PRESENT,,,,,,PRESENT,,,,,,PRESENT,,,,PRESENT,,,PRESENT,,,PRESENT,,,,,,PRESENT,,,,OFFSITE,,OFFSITE,,,,,,,
227451,5A310802001,2014-0153-DWQ,,CA Dept of Trans D3,Gold Run Roadside Rests,Placer,Gold Run Rest Area-NOA.pdf,WQ-2014-0153-DWQ,FUTURE,,,,,,,,,,,,,,,,FUTURE,,,,,PRESENT,FUTURE,,,,,,,,,,,,,,,,,,,,,,,,,,,,,,,,,,,,,,PRESENT,,,,,,,,,,,,,,,,,,,,,,,,,,,,PRESENT,,,,,,,,,PRESENT
238365,5A31NP00011,R5-2024-0024,CA0084476,Lincoln-SMD1 Wastewater Authority,Lincoln City WWTF,Placer,r5-2018-0081-01_npdes.pdf,R5-2018-0081,,,PRESENT,,,PRESENT,,,PRESENT,PRESENT,,PRESENT,,,,PRESENT,,,,,,,,PRESENT,,,,,,,,PRESENT,,,,,PRESENT,,,,,,,,,,,,,,,,,,,,PRESENT,PRESENT,,,,,PRESENT,,,,,,,,,,,PRESENT,,,,,PRESENT,PRESENT,,,,,PRESENT,,,,,,OFFSITE,,,,,,,
238365,5A31NP00011,R5-2024-0024,CA0084476,Lincoln-SMD1 Wastewater Authority,Lincoln City WWTF,Placer,r5-2008-0156.pdf,R5-2008-0156,,,PRESENT,,,PRESENT,,,PRESENT,PRESENT,,PRESENT,,,,PRESENT,,,,,PRESENT,,,,,,,,,,,PRESENT,PRESENT,,,,PRESENT,,,,,,,,,,,,,,,,,,,,PRESENT,PRESENT,,,,,PRESENT,,,,,,,,,,,PRESENT,,,,,PRESENT,PRESENT,,,,,PRESENT,,,,PAST,,OFFSITE,OFFSITE,,,,,,
238365,5A31NP00011,R5-2024-0024,CA0084476,Lincoln-SMD1 Wastewater Authority,Lincoln City WWTF,Placer,r5-2024-0024_npdes.pdf,R5-2024-0024,,,PRESENT,,,PRESENT,FUTURE,,PRESENT,PRESENT,,PRESENT,,,,PRESENT,,,,,,,,,,,,,,,,PRESENT,,,,,PRESENT,,,,,,,,,,,,,,,,,,,,PRESENT,PRESENT,,,,,PRESENT,,,,,,,,,,,PRESENT,,,,,,,,,,,PRESENT,,,,,,,,,,,,,
238365,5A31NP00011,R5-2024-0024,CA0084476,Lincoln-SMD1 Wastewater Authority,Lincoln City WWTF,Placer,r5-2018-0081.pdf,R5-2018-0081,,,PRESENT,,,PRESENT,,,PRESENT,PRESENT,,PRESENT,,,,PRESENT,PRESENT,,,,,,,,,,,,,,,PRESENT,,,,,PRESENT,,,,,,,,,,,,,,,,,,,,PRESENT,PRESENT,,,,,PRESENT,,,,,,,,,,,PRESENT,,,,,PRESENT,PRESENT,,,,,PRESENT,,,,,,OFFSITE,,,,,,,
238365,5A31NP00011,R5-2024-0024,CA0084476,Lincoln-SMD1 Wastewater Authority,Lincoln City WWTF,Placer,r5-2014-0007_npdes.pdf,R5-2014-0007,,,PRESENT,,,PRESENT,,,,PRESENT,,PRESENT,,,,,,,,,,,,PRESENT,,,,,,,,,PRESENT,,,,PRESENT,,,,,,,,,,,,,,,,,,,,PRESENT,PRESENT,,,,,PRESENT,,,,,,,,,,,PRESENT,,,,,PRESENT,,,,,,PRESENT,,,,,,OFFSITE,,,,,,,
254925,5A310104011,2014-0153-DWQ,,Placer Cnty Dept of Facility Services,"Placer Cnty SA No 28, ZONE No.6, Sheridan WWTP",Placer,SheridanWWTP_NOA.pdf,WQ-2014-0153-DWQ,,PRESENT,PRESENT,,,,,,,,,,,,,,,,PRESENT,,,,,,,,,,,,,,,,,,,,,,,,,,,,,,,,,,,,,,,,,,PRESENT,,,,,,,,,,,,,,,,,,,,,,,,,,,,,,,,,,,,,
248706,5A310106007,R5-2023-0025,,Roseville City,Pleasant Grove WWTP,Placer,r5-2023-0025-006.pdf,R5-2023-0025,,PRESENT,PRESENT,,,PRESENT,PRESENT,,PRESENT,,,PRESENT,,,,PRESENT,,,,,,,,PRESENT,,,,,,,,PRESENT,PRESENT,,,,PRESENT,,,,,,,,,,,,,,,,,,,,,,,,,,PRESENT,,,,,,,,,,,,,PRESENT,,,,,,,,,,,,,,,,,,,,,,
248706,5A310106007,R5-2014-0051,,Roseville City,Pleasant Grove WWTP,Placer,r5-2014-0051.pdf,R5-2014-0051,,FUTURE,PRESENT,,,PRESENT,PRESENT,,,,,PRESENT,,,,,,,,,,,,,,,,,,,,,,,,,PRESENT,,,,,,,,,,,,,,,,,,,,,,,,,,PRESENT,,,,,,,,,,,,,FUTURE,,,,,,,,,,,,,,,,,,,,,,
248706,5A310106007,R5-2014-0051,,Roseville City,Pleasant Grove WWTP,Placer,r5-2008-0079.pdf,R5-2008-0079,,FUTURE,PRESENT,,,PRESENT,PRESENT,,,,,PRESENT,,,,PRESENT,,,,,,,,PRESENT,,,,,,,,PRESENT,PRESENT,,,,PRESENT,,,,,,,,,,,,,,,,,,,,PRESENT,PRESENT,,,PRESENT,PRESENT,FUTURE,,,,,,PRESENT,,,,,,,FUTURE,,,PRESENT,PRESENT,,,,,,,,,,,OFFSITE,FUTURE,,,,,,
206730,5A31NP00001,R5-2015-0077,CAC442169,United Auburn Indian Community,Thunder Valley Casino WWTP,Placer,R5-2010-0005.pdf,R5-2010-0005,,,,,,PRESENT,,,,,,,,,,,,,,,,,,,,,,,,,,,PRESENT,,,,,,,,,,,,,,,,,,,PRESENT,,,,,,,,,,,PRESENT,,,,,,,,,,,,,,,,PRESENT,,,,,,,,,,,,OFFSITE,,,,,,,
206730,5A31NP00001,R5-2023-0025,CAC442169,United Auburn Indian Community,Thunder Valley Casino WWTP,Placer,R5-2023-0025-017_noa.pdf,R5-2023-0025,,,,,,PRESENT,,,,,,,,,,,,,,,,,,,,,,,,,,,PRESENT,,,,,,,,,,,,,,,,,,,PRESENT,,,,,,,,,,,PRESENT,,,,,,,,,,,,,,,,PRESENT,,,,,,,,,,,,OFFSITE,,,,,,,
251217,5A320103001,R5-2024-0008,CA0078981,American Valley CSD,American Valley WWTP,Plumas,r5-2024-0008_npdes.pdf,R5-2024-0008,PRESENT,,PRESENT,,,PRESENT,PRESENT,,PRESENT,,,,,,,,PRESENT,,,,,,,PRESENT,,,,,,,,,PRESENT,,,,,,,,,,,,,,,,,,,,,,,,,,,,PRESENT,PRESENT,,,,,,,PRESENT,,,,,,,,PRESENT,,PRESENT,,,PRESENT,,,,,,,OFFSITE,,OFFSITE,,,,,,,
251217,5A320103001,R5-2024-0008,CA0078981,American Valley CSD,American Valley WWTP,Plumas,r5-2016-0049.pdf,R5-2016-0049,PRESENT,,,,,PRESENT,PRESENT,,,,,,,,,,,,,,PRESENT,PRESENT,,PRESENT,,,,,,,,,,,,,,,,PRESENT,,,,,,,,,,,,,,,PRESENT,,,,,,PRESENT,PRESENT,,,,,,,,,,,,,,,,,,,,PRESENT,,,,PRESENT,,,OFFSITE,,OFFSITE,,,,,,,
214199,5A320100001,R5-2021-0022,CA0077747,Chester PUD,Chester STP,Plumas,Chester-npdes-final-original signed by.pdf,R5-2016-0004,,,PRESENT,,,PRESENT,,,,,,,,,,,,,PRESENT,,,PRESENT,,PRESENT,,,,,,,,,,,,,,,,,,,,,,,,,,,,,,,PRESENT,,,,,,PRESENT,PRESENT,,,,,,,,,,,,,,,,,,,,PRESENT,,,,PRESENT,,,,,,OFFSITE,,,,,,
214199,5A320100001,R5-2021-0022,CA0077747,Chester PUD,Chester STP,Plumas,r5-2021-0022_npdes.pdf,R5-2021-0022,,,,,,PRESENT,,,,,,,,,,,,,PRESENT,,,PRESENT,,,,,,,,,,,,,,,,,,,,,,,,,,,,,,,,,PRESENT,,,,,,PRESENT,PRESENT,,,,,,,,,,,,,,,,,,,,PRESENT,,,,PRESENT,,,,,,OFFSITE,,,,,,
219530,5A321010001,R5-2019-0052,CA0081744,Grizzly Lake CSD,Delleker WWTP,Plumas,R5-2019-0052.pdf,R5-2019-0052,,,,,,,,,,,,,,,,,,,FUTURE,,,,PRESENT,FUTURE,,,,,,,,,,,,,,,,,,,,,,,,,,,,,,,,,,,,,PRESENT,PRESENT,,,,,,,,,,,,,,,,,,,,PRESENT,,,,,,,,,PRESENT,,,,,,,
219530,5A321010001,R5-2019-0052,CA0081744,Grizzly Lake CSD,Delleker WWTP,Plumas,R5-2012-0046_npdes.pdf,R5-2012-0046,,,,,,,,,,,,,,,,,,PRESENT,PRESENT,PRESENT,,PRESENT,,,,,,,,,,,,,,,,,,,,,,,,,,,,,,,,,,,,,,,PRESENT,PRESENT,,,,,,,,,,,,,,PRESENT,PRESENT,,,,,,,,,,,,,,,,,,,,,
227440,5A321021001,2014-0153-DWQ,,Gold Mountain CSD,Gold Mountain WWTF,Plumas,Gold Mountain CSD_NOA-Memo-MRP_.pdf,2014-0153-DWQ,,,,,,,,,,,,,,,,,FUTURE,,,,,,,,,,,,,,,,,,,,FUTURE,,,,,,,,,,,,,,,,,,,,,,,,,,,,,,,,,,,,,,,,,,,,,,,,,,,,,,,,,,,,,PRESENT
228018,5A32NP00001,R5-2011-0081,,,Grizzly Ranch CSD,Plumas,r5-2011-0081.pdf,R5-2011-0081,,,,,,PRESENT,,,,,PRESENT,,,,,PRESENT,,,,,,,,PRESENT,,,,,,,,PRESENT,,,,,PRESENT,,,,,,,,,,,,,,,,,,,,,,,,,,,,,,,,,,,,,,,,,,,,,,,,,,,,,,OFFSITE,,,,,,,
903974,5A320104004,2014-0153-DWQ,,Plumas Eureka CSD,Plumas Eureka Estates WWTF - WWTP 6,Plumas,PECSD_ADA_NOA.pdf,2014-0153-DWQ,,,,,,,,,,,,,,,,,PRESENT,,,,,,,,,,,,,,,,,,,,,,,,,,,,,,,,,,,,,,,,,,,,,,,,,PRESENT,,,,,,,,,,,,,,,,,,,,,,,PRESENT,,,,,,,,,PRESENT
248742,5A320104004,2014-0153-DWQ,,Plumas Eureka CSD,Plumas Eureka Estates WWTF - WWTP 7,Plumas,PECSD_ADA_NOA.pdf,2014-0153-DWQ,,,,,,,,,,,,,,,,,,,,,,,,,,,,,,,,,,,,,,,,,,,,,,,,,,,,,,,,,,,,,,,,,,,,,,,,,,,,,,,,,,,,,,,,,PRESENT,,,,,,,,,
248936,5A320102001,R5-2024-0023,CA0077844,Portola City,Portola WWTP,Plumas,r5-2009-0093.pdf,R5-2009-0093,,,,,,PRESENT,,,,,,,,,,,,,PRESENT,,,,,,,,,,,,,,,,,,,,,,,,,,,,,,,,,,,,PRESENT,,,,,,PRESENT,PRESENT,,,,,,,,,,,,,,,,,,,,,,,,,,,PRESENT,,PRESENT,,,,,,,
248936,5A320102001,R5-2024-0023,CA0077844,Portola City,Portola WWTP,Plumas,r5-2018-0088.pdf,2018-0088,,,,,,,,,,,,,,,,,,,PRESENT,,,PRESENT,PRESENT,,,,,,,,,,,,,,,,,,,,,,,,,,,,,,,,PRESENT,,,,,,PRESENT,PRESENT,,,,,,,,,,,,,,,,PRESENT,,,,PRESENT,,,,,,,,,PRESENT,,,,,,,
248936,5A320102001,R5-2024-0023,CA0077844,Portola City,Portola WWTP,Plumas,r5-2024-0023_npdes.pdf,R5-2024-0023,,,,,,,,,,,,,,,,,,,PRESENT,,PRESENT,PRESENT,PRESENT,,,,,,,,,,,,,,,,,,,,,,,,,,,,,,,,PRESENT,,,,,,PRESENT,PRESENT,,,,,,,,,,,,,,,,,,,,PRESENT,,,,,,,,,OFFSITE,,,,,,,
204870,7A330109012,R7-2022-0008,,Mission Springs Water District,Alan Horton WWTP,Riverside,R7-2022-0008.pdf,R7-2022-0008,PRESENT,,PRESENT,,,,PRESENT,,,,,,,PRESENT,,,PRESENT,,,,,,PRESENT,,,,,,,,,,,,,,PRESENT,,,,,,,,,,,,,,,,,,,,,,,,,,,,,,,,,,,,OFFSITE,,,,,,PRESENT,,,PRESENT,,,,,,OFFSITE,,,,,,,,,,
204870,7A330109012,R7-2014-0049,,Mission Springs Water District,Alan Horton WWTP,Riverside,R7-2014-0049.pdf,R7-2014-0049,PRESENT,,PRESENT,,,,PRESENT,,,,,,,PRESENT,,,PRESENT,,,,,,PRESENT,,,,,,,,,,,,,,,,,,,,,,,,,,,,,,,,,,,,,,,,,,,,,,,,,,,,,,,,PRESENT,,,PRESENT,,,,,,,,OFFSITE,OFFSITE,,,,,,,
259170,8 330101001,R8-2022-0042,CA0105376,Beaumont City,Beaumont WWTP No. 1,Riverside,R8-2022-0042_City of Beaumont_Order_NPDES_Final 11-30-2022_esigned.pdf,R8-2022-0042,,,,,,PRESENT,PRESENT,,PRESENT,,,,,,,PRESENT,PRESENT,,,,,,,,,,,,,,,PRESENT,PRESENT,,,,,,,,,,,,,,,,PRESENT,,FUTURE,PRESENT,,,,,,,,,,,PRESENT,,,,,,,,,,,,,,,,,,,,,,,,,,,,,,,,,,,
259170,8 330101001,R8-2022-0042,CA0105376,Beaumont City,Beaumont WWTP No. 1,Riverside,R8-2015-0026_City_of_Beaumont_WWTP.pdf,2015-0026,,,,,PRESENT,PRESENT,,,PRESENT,,,,,PRESENT,,,,,,,,,,,,,,,,,,,,,,,PRESENT,,,,,,,,,,,,FUTURE,,,,,,,,,,,,,,PRESENT,,,,,,,,,,,,,,,,PRESENT,PRESENT,,,,,PRESENT,,,,,,,,,,,,,
259170,8 330101001,R8-2022-0042,CA0105376,Beaumont City,Beaumont WWTP No. 1,Riverside,09-0002 The City of Beaumont WTP No. 1-Amendment of Order 06-0003.pdf,R8-2009-0002,,,,,PRESENT,PRESENT,,,PRESENT,,,,,,,,,,,,,,,,,,,,,,,,,,,,PRESENT,,,,,,,,,,,,,,,,,,,,,,,,,,PRESENT,,,,,,,,,,,,,,PRESENT,,,,,,,,PRESENT,,,,,,,,,,,,,
209847,7B330102012,R7-2016-0013,,Blythe City,Blythe Regional WW Reclamation Facilities,Riverside,R7-2016-0013.pdf,R7-2016-0013,,PRESENT,PRESENT,,PRESENT,PRESENT,,,,,,,,,,,PRESENT,,,,,,PRESENT,PAST,,,,,,,,,,,,,,,PAST,,,,,,,,,,,,,,,,,,,,,,PAST,,,,,,,,,,,,,,,PAST,PRESENT,,,,,PRESENT,,,,,,,,,,OFFSITE,,,,,,
216446,7A330105091,R7-2023-0013,CA0104973,Coachella Valley WD,Coachella Valley WD WWTP,Riverside,R7-2023-0013.pdf,R7-2023-0013,PRESENT,,PRESENT,,,PRESENT,PRESENT,,,,,,,,,,PRESENT,,PRESENT,,PRESENT,,,,,,,,,,,,,,,,FUTURE,,,,,,,,,,,,,,,,,,,,,,,,PRESENT,PRESENT,FUTURE,,,,,,PRESENT,,,,,PRESENT,,,,,PRESENT,,,PRESENT,,,PRESENT,,,,,OFFSITE,OFFSITE,,,,,,,
259173,8 332181001,R8-2011-0015,,Corona City DWP,Corona WWRF #2,Riverside,"11-015_City of Corona, DWP Reissuance of WDR_Fac2.pdf",R8-2011-0015,,PRESENT,PRESENT,,,PRESENT,PRESENT,,PRESENT,,,,,,,,PRESENT,,,,,,,,,,,,,,,,,,,,,,,,,,,,,,,,,,FUTURE,,,,,,FUTURE,,,,FUTURE,,,,,,,,,,,,,FUTURE,,,,,,,,,,,,,,,,,,OFFSITE,,,,,,
219649,7A330109021,R7-2014-0048,,Mission Springs Water District,Desert Crest WWTP,Riverside,R7-2014-0048.pdf,R7-2014-0048,PRESENT,,PRESENT,,,PRESENT,PRESENT,,,,,PRESENT,,,,,,,,,,,PRESENT,,,,,,,,,,,,,,,,,,,,,,,,,,,,,,,,,,,,,,,,,,,,,,,,,,,,,,,,,,,PRESENT,,,,,,,,OFFSITE,OFFSITE,,,,,,,
259155,8 330105001,R8-2015-0028,,Idyllwild Water District,Idyllwild WD WWTP,Riverside,R8-2015-0028_Idyllwild_Water_District_WDR.pdf,2015-0028,PRESENT,,PRESENT,,,,,,PRESENT,,,,,PRESENT,,,PRESENT,,,,,,,OFFSITE,,,,,,,,,,,,,FUTURE,,,,,,,,,,,,,,,,,,,,FUTURE,,,,,,FUTURE,,,,,,,,,,,FUTURE,,,PRESENT,,,,,,,,,,,,OFFSITE,,,,,,,,,
259203,8 332783001,R8-2008-0008,,Eastern Municipal Water District,Moreno Valley RWRF,Riverside,08-0008 EMWD.pdf,R8-2008-0008,,PRESENT,FUTURE,,,PRESENT,FUTURE,,,,,,,,,,PRESENT,,,,,,,PRESENT,,,,,,,,,,,,,PRESENT,,,,,,,,,,,,,,,,,,,,FUTURE,FUTURE,,,FUTURE,,,,,,FUTURE,,FUTURE,,,,,,,,,FUTURE,PRESENT,,,,,,PRESENT,,,,,,,,,,,FUTURE,FUTURE,
247435,7A330114012,R7-2024-0009,,Palm Springs City,Palm Springs WWTF,Riverside,R7-2024-0009.pdf,R7-2024-0009,,PRESENT,PRESENT,,,PRESENT,PRESENT,,,,,,,,,,,,,,,,PRESENT,,,,,,,,,,,,,,OFFSITE,,PRESENT,,,,,,,,,,,,,,,,,,,,,,,,,,,OFFSITE,,,,,,,,,,PRESENT,,,PRESENT,,,PRESENT,,,PRESENT,,,,,,,,,,,,,
259209,8 332783001,R8-2008-0008,,Eastern Municipal Water District,Perris Valley RWRF,Riverside,08-0008 EMWD.pdf,R8-2008-0008,,PRESENT,FUTURE,,,,FUTURE,,FUTURE,,,,,,,,PRESENT,,,,FUTURE,,,,,,,,,,,,,,,,FUTURE,FUTURE,,,,,,,,,,,,,,,,,,,FUTURE,FUTURE,,,FUTURE,,,,,,FUTURE,FUTURE,FUTURE,,,,,,,FUTURE,,,FUTURE,,,,,,FUTURE,,,,,,,,,,,FUTURE,FUTURE,
259193,8 332783001,R8-2008-0008,,Eastern Municipal Water District,San Jacinto Valley RWRF,Riverside,08-0008 EMWD.pdf,R8-2008-0008,,PRESENT,FUTURE,,,,,,,,,,,,,FUTURE,PRESENT,,,,,,,FUTURE,,,,,,,,FUTURE,,,,,FUTURE,,,,,,,,,,,,,,,,,,,,FUTURE,FUTURE,,,FUTURE,,,,,,FUTURE,,FUTURE,,,,,FUTURE,,,,FUTURE,FUTURE,,,,,,FUTURE,,,,,,,,,,,,,
259223,8 332783001,R8-2008-0008,,Eastern Municipal Water District,Sun City RWRF,Riverside,08-0008 EMWD.pdf,R8-2008-0008,,PAST,,,,,,,,,,,,,,,PAST,,,,,,,PAST,,,,,,,,,,,,,PAST,,,,,,,,,,,,,,,,,,,,,,,,,,,,,,,,,,,,,,,,,,,,,,,,,,,,,,,,,,,,,
263145,8 332783001,R8-2008-0008,,Eastern Municipal Water District,Temecula Valley RWRF,Riverside,08-0008 EMWD.pdf,R8-2008-0008,,PRESENT,PRESENT,,,,,,,,,,,,,,,,,,FUTURE,,,FUTURE,,,,,,,,,,,,,,,,,,,,,,,,,,,,,,,,,,,,,,,,,,,,,,,,,,PRESENT,,,,,,,,,,,,,,,,,,FUTURE,,,,,,
259196,8 332303001,R8-2015-0006,CA8000188,Eastern Municipal Water District,Temescal Creek Outfall,Riverside,09-0014 EMWD WDR-Temescal Creek.pdf,R8-2009-0014,,,,,,,,,,,,,,,,,,,,,,,,,,,,,,,,,,,,,,,,,,,,,,,,,,,,,,,,,,,,,PRESENT,FUTURE,,,,,,,,,,,FUTURE,,,,,,,,,,,,,,,,,,,,,,,,,
259196,8 332303001,R8-2015-0006,CA8000188,Eastern Municipal Water District,Temescal Creek Outfall,Riverside,R8-2015-0006_EMWD_Temescal_Creek_Discharge.pdf,2015-0006,,,,,,,,,,,,,,,,,,,,,,,,,,,,,,,,,,,,,,,,,,,,,,,,,,,,,,,,,,,,,,,,,,,,,,,,,,,,,,,,,,,,,,,,,,,,,,,,,,
270096,7A330122021,R7-2026-0003,CA0104477,Valley Sanitary District,Valley SD WWTP,Riverside,R7-2026-0003.pdf,R7-2026-0003,PRESENT,PRESENT,PRESENT,,,PRESENT,PRESENT,,,,,,,,,,PRESENT,,,,,PRESENT,,PRESENT,,,,,,,,PRESENT,,,,,,,,,,,,,,,,,,,,,,,,,,,,,PRESENT,PRESENT,,,,,,,,,,,,,,PRESENT,,,PRESENT,,,PRESENT,,,FUTURE,PRESENT,,,OFFSITE,OFFSITE,OFFSITE,,,,,FUTURE,FUTURE,
270096,7A330122021,R7-2026-0003,CA0104477,Valley Sanitary District,Valley SD WWTP,Riverside,R7-2020-0007.pdf,R7-2020-0007,,,,,,,,,,,,,,,,,PRESENT,,,,,,,PRESENT,,,,,,,,,,,,,,,,,,,,,,,,,,,,,,,,,,,,,,,,,,,,,,,,,,,,,,,,,,,,,,,,,,,,,,,,,,
270096,7A330122021,R7-2026-0003,CA0104477,Valley Sanitary District,Valley SD WWTP,Riverside,R7-2015-0002.pdf,R7-2015-0002,PRESENT,PRESENT,PRESENT,,,PRESENT,PRESENT,,,,,,,,,,PRESENT,,,,,PRESENT,,,,,,,,,,,PRESENT,,,,,,,,,,,,,,,,,,,,,,PRESENT,,,,,,PRESENT,PRESENT,,,,,,,,,,,,,,PRESENT,,,PRESENT,,,PRESENT,,,,PRESENT,,,OFFSITE,,OFFSITE,,,,,,,
259218,8 332199001,R8-2009-0046,,MHC NAC LP,Wilderness Lakes WWTP,Riverside,"09-0046 MHC NAC, Inc, Wilderness Lakes RV Park WWTF.pdf",R8-2009-0046,,,PRESENT,,,,,,,,,,,PRESENT,,,PRESENT,,,,,,PRESENT,PRESENT,,,,,,,,,,,,,,,,,,,,,,,,,,,,,,,,,,,,,,,,,,,,,,,,,,,,,,,,,,PRESENT,,,,PRESENT,,,,,,,,,,,,
210156,5A340111001,R5-2004-0003,,Sacramento Cnty DPW-Elk Grove,Boys Ranch WWTF,Sacramento,r5-2004-0003.pdf,R5-2004-0003,,,,,PRESENT,PRESENT,,,,,,,,,,,,,,,,,,PRESENT,,,,,,,,,,,,,,,,,,,,,,,,,,,,,,,,,,,,,,,,,,,,,,,,,,,,,,,,,,,,,,PRESENT,,,PRESENT,,,,,,,,,
254981,5A340108002,R5-2021-0019-02,CA0077682,Sacramento Area Sewer District (SacSewer),EchoWater Resource Recovery Facility,Sacramento,R5-2016-0020-01.pdf,R5-2016-0020,,PRESENT,PRESENT,,,PRESENT,PRESENT,,PRESENT,PRESENT,FUTURE,,PRESENT,,,FUTURE,,,,,,,,,,,,,,,,FUTURE,PRESENT,,,,FUTURE,FUTURE,,,,,,,,,,,,,,,,,PRESENT,,,,,PRESENT,PRESENT,PRESENT,,,,,,,,,,,,,,PRESENT,,,PRESENT,,,,,,PRESENT,,,,,,OFFSITE,PRESENT,,,,,,
254981,5A340108002,R5-2021-0019-02,CA0077682,Sacramento Area Sewer District (SacSewer),EchoWater Resource Recovery Facility,Sacramento,r5-2013-0124.pdf,R5-2013-0124,,PRESENT,PRESENT,,,PRESENT,PRESENT,,,PRESENT,,,PRESENT,,,,PRESENT,,,,,,,PRESENT,,,,,,,,,,,,,,,,,,,,,,,,,,,,,,,,,,,,PRESENT,PRESENT,PRESENT,,,,,,,,,,,,,,PRESENT,,,PRESENT,,,,,,PRESENT,,,,PRESENT,,OFFSITE,OFFSITE,,,,,,
254981,5A340108002,R5-2021-0019-02,CA0077682,Sacramento Area Sewer District (SacSewer),EchoWater Resource Recovery Facility,Sacramento,r5-2021-0019_npdes.pdf,R5-2021-0019,,PRESENT,PRESENT,,,PRESENT,PRESENT,,FUTURE,PRESENT,FUTURE,,,,,PRESENT,PRESENT,,,,,PRESENT,,,,,,,,,,FUTURE,PRESENT,,,,FUTURE,FUTURE,,,,,,,,,,,,,,,,,PRESENT,,,,,PRESENT,PRESENT,PRESENT,,,,,,,,,,FUTURE,,,,PRESENT,,,PRESENT,,,,,,PRESENT,,,,PRESENT,,PRESENT,PRESENT,,,,,,
254981,5A340108002,R5-2021-0019-02,CA0077682,Sacramento Area Sewer District (SacSewer),EchoWater Resource Recovery Facility,Sacramento,r5-2016-0020.pdf,R5-2016-0020,,PRESENT,PRESENT,,,PRESENT,PRESENT,,FUTURE,PRESENT,FUTURE,,,,,FUTURE,PRESENT,,,,,PRESENT,,,,,,,,,,FUTURE,PRESENT,,,,FUTURE,FUTURE,,,,,,,,,,,,,,,,,PRESENT,,,,,PRESENT,PRESENT,PRESENT,,,,,,,,,,FUTURE,,,,PRESENT,,,PRESENT,,,,,,PRESENT,,,,OFFSITE,,OFFSITE,,,,,,,
254981,5A340108002,R5-2021-0019-02,CA0077682,Sacramento Area Sewer District (SacSewer),EchoWater Resource Recovery Facility,Sacramento,r5-2022-0064_npdes_ao.pdf,R5-2022-0064,,,,,,,,,,,,,,,,,,,,,,,,,,,,,,,,,,,,,,,,,,,,,,,,,,,,,,PRESENT,,,,,,,PRESENT,,,,,,,,,,,PRESENT,,,,,,,,,,,,,,,,,,,,,,,,,,
254981,5A340108002,R5-2026-0036,CA0077682,Sacramento Area Sewer District (SacSewer),EchoWater Resource Recovery Facility,Sacramento,r5-2026-0035_npdes.pdf,R5-2026-0035,,,,,,,,,,,,,,,,,,,,,,,,,,,,,,,,,,,,,,,,,,,,,,,,,,,,,,,,,,,,,,,,,,,,,,,,,,,,,,,,,,,,,,,,,,,,,,,,,,
254981,5A340108002,R5-2021-0019-02,CA0077682,Sacramento Area Sewer District (SacSewer),EchoWater Resource Recovery Facility,Sacramento,r5-2021-0019-02.pdf,R5-2021-0019,,PRESENT,PRESENT,,,PRESENT,PRESENT,,FUTURE,PRESENT,PRESENT,,,,,PRESENT,PRESENT,,,,,PRESENT,,,,,,,,,,PRESENT,PRESENT,,,,FUTURE,,,,,,,,,,,,,,,,,,,,,,,PRESENT,PRESENT,PRESENT,,,,,,,,,,,,,,PRESENT,,,PRESENT,,,,,,PRESENT,,,,,,OFFSITE,OFFSITE,,,,,,
254981,5A340108002,R5-2021-0019-02,CA0077682,Sacramento Area Sewer District (SacSewer),EchoWater Resource Recovery Facility,Sacramento,r5-2014-0103.pdf,R5-2014-0103,,PRESENT,PRESENT,,,PRESENT,PRESENT,,FUTURE,PRESENT,FUTURE,,,,,FUTURE,PRESENT,,,,,,,,,,,,,,,FUTURE,FUTURE,,,,FUTURE,,FUTURE,,,,,,,,,,,,,,,,,,,,,PRESENT,PRESENT,PRESENT,,,,,,,,,,FUTURE,,,,PRESENT,,,PRESENT,,,,,,PRESENT,,,,OFFSITE,,,OFFSITE,,,,,,
254981,5A340108002,R5-2021-0019-02,CA0077682,Sacramento Area Sewer District (SacSewer),EchoWater Resource Recovery Facility,Sacramento,R5-2011-0083.pdf,R5-2011-0083,,PRESENT,PRESENT,,,PRESENT,PRESENT,,,PRESENT,,,PRESENT,,,,PRESENT,,,,,,,PRESENT,,,,,,,,,,,,,,,,,,,,,,,,,,,,,,,,,,,,PRESENT,PRESENT,PRESENT,,,,,,,,,,,,,,PRESENT,,,PRESENT,,,,,,PRESENT,,,,PRESENT,,OFFSITE,OFFSITE,,,,,,
254981,5A340108002,R5-2021-0019-02,CA0077682,Sacramento Area Sewer District (SacSewer),EchoWater Resource Recovery Facility,Sacramento,r5-2021-0019-01_npdes.pdf,R5-2021-0019,,PRESENT,PRESENT,,,PRESENT,PRESENT,,PRESENT,PRESENT,FUTURE,,,,,PRESENT,PRESENT,,,,,,,,,,,,,,,,PRESENT,,,,FUTURE,,,,,,PRESENT,,,,,,,,,,,PRESENT,,,,,,PRESENT,PRESENT,PRESENT,,,,,,,,,,,,,,PRESENT,,,PRESENT,,,,,,PRESENT,,,,OFFSITE,,OFFSITE,,,,,,,
254981,5A340108002,R5-2021-0019-02,CA0077682,Sacramento Area Sewer District (SacSewer),EchoWater Resource Recovery Facility,Sacramento,R5-2010-0114.pdf,R5-2010-0114,,PRESENT,PRESENT,,,PRESENT,PRESENT,,,PRESENT,,,,,,,PRESENT,,,,,,,,,,,,,,,,,,,,,,,,,,,,,,,,,,,,,,,,,,,PRESENT,PRESENT,PRESENT,,,,,,,,,,,,,,PRESENT,,,PRESENT,,,,,,PRESENT,,,,,,OFFSITE,OFFSITE,,,,,,
226690,5B340101001,R5-2015-0123,CAC443249,Galt City,Galt WWTP & Reclamation Facility,Sacramento,r5-2004-0001.pdf,R5-2004-0001,,,PRESENT,,,PRESENT,FUTURE,,,,,PRESENT,,PRESENT,,,PRESENT,,,,,,,,,,,,,,,,,,,,,,,,,,,,,,,,,,,,,,,,,,,,PRESENT,PRESENT,,,,,,,,,,,,,,,,,,,,,,,,,,,,,,,,,,,,
226690,5B340101001,R5-2015-0123,CAC443249,Galt City,Galt WWTP & Reclamation Facility,Sacramento,r5-2010-0099.pdf,R5-2010-0099,,,PRESENT,,,PRESENT,PRESENT,,,,,PRESENT,,PRESENT,,,PRESENT,,,,,PRESENT,,PRESENT,,,,,,,,,,,,,FUTURE,,,,,,,,,,,,,,,,,,,,,,,,PRESENT,PRESENT,FUTURE,,,,,,,,,,,,,,,,OFFSITE,,,,,,PRESENT,PRESENT,,,PRESENT,,,,,,,,,
226690,5B340101001,R5-2015-0123,CAC443249,Galt City,Galt WWTP & Reclamation Facility,Sacramento,r5-2015-0123.pdf,R5-2015-0123,,,PRESENT,,,PRESENT,PRESENT,,,,,PRESENT,,PRESENT,,FUTURE,PRESENT,,,,,,,PRESENT,,,,,,,,FUTURE,,,,,PRESENT,,,,,,,,,,,,,,,,,,,,,,,,,,PRESENT,,,,,,,,,,,,,,PRESENT,,FUTURE,,,PRESENT,,,,,,,PRESENT,,,,,,,,,
226690,5B340101001,R5-2023-0025,CAC443249,Galt City,Galt WWTP & Reclamation Facility,Sacramento,r5-2023-0025-019.pdf,R5-2023-0025,,,PRESENT,,,PRESENT,PRESENT,,PRESENT,,,PRESENT,,,,,PRESENT,,,,,PRESENT,,PRESENT,,,,,,,,,,,,,PRESENT,,,,,,,,,,,,,,,,,,,,,,,,,,PRESENT,,,,,,,,,,PRESENT,,,,PRESENT,,PRESENT,,,PRESENT,,,PRESENT,PRESENT,,,PRESENT,,,,,,,,,
251695,5B340109001,R5-2014-0149,,Rancho Murieta CSD,Rancho Murieta CSD WWT & Rec,Sacramento,R5-2014-0149.pdf,R5-2014-0149,,,,,,,,,,PRESENT,,,,,,,,,PRESENT,,,,,,,,,,,,,,,,,,PRESENT,,,,,,,,,,,,,,,,,,,,,,,,PRESENT,,,,,,,,,,,,,,,,,,,,,PRESENT,,,PRESENT,,,,,,,,,,,,,
739749,5A34NC00041,2014-0153-DWQ,,Sacramento MUD,Rancho Seco Recreational Area WWTF,Sacramento,rancho_seco-wqo2014-0153-R5367.pdf,WQ-2014-0153-DWQ,,,,,,,,,,,,,,,,,,,,,PRESENT,,PRESENT,PRESENT,,,,,,,,,,,,,,,,,,,,,,,,,,,,,,,,,,,,,,,,,,,,,,,,,,,,,,,,,,,,,,,,,,,,,,,,,,
215236,5A340114001,R5-2026-0003,CA0079111,Sacramento City,Sac City Combined WW Collection/TRT Sys,Sacramento,R5-2020-0039_npdes.pdf,R5-2020-0039,,PRESENT,,,,PRESENT,,,,,,,,,,,,,,,,,,,,,,,,,,,,,,,,,,,,,,,,,,,,,,,,,,,,,,,PRESENT,PRESENT,,,,,,,,,,,,,,,,,,,,,,,,,,,,,,OFFSITE,,,,,,
215236,5A340114001,R5-2026-0003,CA0079111,Sacramento City,Sac City Combined WW Collection/TRT Sys,Sacramento,r5-2026-0003_npdes.pdf,R5-2026-0003,,PRESENT,,,,,,,,PRESENT,,,,,,,,,,,,,,,,,,,,,,,,,,,,,,,,,,,,,,,,,,,,,,,,,,,PRESENT,PRESENT,,,,,,,,,,,,,,,,,,,,,,,,,,,,,,OFFSITE,,,,,,
215236,5A340114001,R5-2026-0003,CA0079111,Sacramento City,Sac City Combined WW Collection/TRT Sys,Sacramento,R5-2010-0004.pdf,R5-2010-0004,,PRESENT,,,,,,,,,,,,,,,OFFSITE,,,,,,,,,,,,,,,,,,,,,,,,,,,,,,,,,,,,,,,,,,,,PRESENT,PRESENT,,,,,,,,,,,,,,,,,,,,,,,,,,,,,,,,,,,,
215236,5A340114001,R5-2026-0003,CA0079111,Sacramento City,Sac City Combined WW Collection/TRT Sys,Sacramento,r5-2015-0045.pdf,R5-2015-0045,,PRESENT,,,,PRESENT,,,,,,,,,,,,,,,,,,,,,,,,,,,,,,,,,,,,,,,,,,,,,,,,,,,,,,,PRESENT,PRESENT,,,,,,,,,,,,,,,,,,,,,,,,,,,,,,,,,,,,
230555,3 350100001,R3-2008-0069,,,Hollister Domestic WWTP,San Benito,MRR_signed.pdf,R3-2008-0069,,,,,,FUTURE,FUTURE,,,,,,,,,FUTURE,FUTURE,,,,,FUTURE,,PRESENT,,,,,,,,FUTURE,FUTURE,,,,,,,,,,FUTURE,,,,,,,,,FUTURE,,FUTURE,,,,,,,FUTURE,,,,,,,,,,,,,FUTURE,,,,,FUTURE,,,,,,FUTURE,FUTURE,,,,,,,,,,,,
230555,3 251223000,2016-0068-DDW,,Hollister City,Hollister Domestic WWTP,San Benito,Hollister 0068_NOA&MRP_final.pdf,WQ-2016-0068,,,,,,FUTURE,FUTURE,,,,,,,,,FUTURE,FUTURE,,,,,,,,,,,,,,,FUTURE,FUTURE,,,,,,,,,,,,,,,,,FUTURE,,FUTURE,,,,,,,,,FUTURE,,,,,,,,,,,,,FUTURE,,,,,,,,,,,,,,,,,,,,,,,,
251675,3 359803001,2014-0153-DWQ,,Rancho Larios Homeowners Association,Rancho Larios WWTP,San Benito,5-27-22_0153 NOA Ranch Larios HOA Final.pdf,WQ-2014-0153-DWQ,,,,,,PRESENT,,,,,PRESENT,,,,,,,,,,,,,,,,,,,,,,,,,,PRESENT,,,,,,,,,,,,,,,,,,,,,PRESENT,,,PRESENT,,,,,,,,PRESENT,,,,,,,,PRESENT,,PRESENT,,,,,,,,,,PRESENT,,,,,,,,,
251675,3 359803001,R3-2004-0153,,Rancho Larios Homeowners Association,Rancho Larios WWTP,San Benito,Signed WDR R3-2004-0153.pdf,R3-2004-0153,,,,,,PRESENT,PRESENT,,PRESENT,,PRESENT,,,,,,,,,,,,,,,,,,,,,,,,,,PRESENT,,,,,,,,,,,,,,,,,,,,,,,,PRESENT,,,,,,,,,,,PRESENT,,,,,,,,,,,,,,,,,PRESENT,,,,,,,,,
252700,3 351000001,R3-2020-0020,,Sunnyslope County Water District,Ridgemark Estates WWTP,San Benito,5-27-22_R3-2020-0020_NOA_Ridgemark_Estates_final.pdf,R3-2004-0065,,,,,,PRESENT,PRESENT,,,,PRESENT,,,,,PRESENT,,,,,,,,PRESENT,,,,,,,,PRESENT,,,,,,,,,,,,,,,,,,,,,,,,,,,,,,,,,,,,,,,,,,,,PRESENT,,,,,,PRESENT,,,,,,,,,OFFSITE,,,,,,,
255337,3 350102001,R3-2009-0019,CA0047902,San Juan Bautista City,San Juan Bautista WWTP,San Benito,NPDES R3-2009-0019 for San Juan Bautista WWTP.pdf,R3-2009-0019,PRESENT,,,,,,,,PRESENT,,PRESENT,,,,,,PRESENT,,,,,,,PRESENT,,,,,,,,PRESENT,,,,,PRESENT,,,,,,,,,,,,,,,,,,,,PRESENT,,,,PRESENT,,PRESENT,,,,,,,,,,,PRESENT,,,,,,,,,,,,PRESENT,,,,,,,,,,,,
266350,3 350103001,R3-2012-0015,,Tres Pinos WD,Tres Pinos WWTP,San Benito,Tres Pinos WDR R3-2012-0015.pdf,R3-2012-0015,,,,,,,,,,,,,,,,,,PRESENT,PRESENT,PRESENT,,PRESENT,PAST,PRESENT,,,,,,,,,,,,,,,,,,,,,,,,,,,,,,,,,,,,,,,,,,,,,,,,,,,,PRESENT,PRESENT,,,,,,,,,,,,,,,,,,,,,
266350,3 350103001,2014-0153-DWQ,,Tres Pinos WD,Tres Pinos WWTP,San Benito,Tres Pinos 0153 NOA_final.pdf,WQ-2014-0153-DWQ,,,,,,,,,,,,,,,,,,,,,,,PRESENT,PRESENT,,,,,,,,,,,,,,,,,,,,,,,,,,,,,,,,,,,,,,,,,,,,,,,,,,,,,,,,,,,,,,,,,,,,PRESENT,,,,,,
204475,6B369805001,R6V-2013-0058,,Adelanto Public Utility Authority,Adelanto WWTP,San Bernardino,R6V-2013-0058 Adelanto WWTF FINAL.pdf,R6V-2013-0058,,,PRESENT,,,PRESENT,PRESENT,,,,,,,,,,PRESENT,,,,,,,PRESENT,,,,,,,,,,,,,FUTURE,,,,,,,,,,,,,,,,,,,,,,,,PRESENT,,,,,,,,,,,,,,,,,,FUTURE,FUTURE,,,,,FUTURE,,,,,,,,,,,,,
208769,6B360101001,R6V-2019-0252,,Barstow City,Barstow WWTP,San Bernardino,R6V-2019-0252_WDR_Barstow.pdf,R6V-2019-0252,,PRESENT,PRESENT,,,PRESENT,PRESENT,,,,,,,,,PRESENT,,,,,,,,PRESENT,,,,,,,,PRESENT,PRESENT,,,,,,,,,,,,,,,,,,,,,,,,,,,,,,,,,,,,,,,,,,,,PRESENT,,PRESENT,,,PRESENT,,,PRESENT,,,,PRESENT,OFFSITE,OFFSITE,,,,,,,
208930,7A360100011,R7-2021-0023,,Big Bear Area Regional WW Agency,BB Reg WWA-Lucerne Vly,San Bernardino,R7-2021-0023.pdf,R7-2021-0023,,,PRESENT,,,PRESENT,PRESENT,,PRESENT,,,PRESENT,,,,PRESENT,,,,,,,OFFSITE,,,,,,,,,PRESENT,,,,,,,,,,,,,,,,,,,,,,,,,,,,,,,,,,,,,,,,,,,,,,,,,,,,,,,,,,,,,,,,,,
259146,8 360105001,R8-2012-0050,CA0105236,Colton City,Colton WRF,San Bernardino,12-0050_City_of_Colton_WDR.pdf,2012-0050,,PRESENT,PRESENT,,,PRESENT,PRESENT,,,PRESENT,,PRESENT,,,,PRESENT,PRESENT,,,,,,,,,,,,,,,PRESENT,PRESENT,,,,,,,,,,,,,,,,,,,,,,,,,,,,PRESENT,,,,,,,,,,,,,,,PRESENT,,,PRESENT,,,,,,PRESENT,,,,,,OFFSITE,,,,,,,
259178,8 362375001,R8-2013-0032,,Colton/San Bernardino RTT&WRA,"Colton/San Bernadino STP, RIX",San Bernardino,13-0032_Coton-San_Bernardino_RTT_Water_Reclam_Auth.pdf,2013-0032,,,,,,,,,,,,,,,,,,,,,PRESENT,,,,,,,,,,,,,,,,PRESENT,,,,,,,,,,,,,,,,,,,,,,,,,,PRESENT,,,,,,,,,,,,,,,,,,,,,,,,,,,,,,,,,,,
230011,6B361111001,R6V-2018-0015,,Helendale CSD,Helendale Silverlakes STP,San Bernardino,R6V-2018-0015 Helendale CSD_Silver Lakes WWTP_6B361111001.pdf,R6V-2018-0015,,PRESENT,PRESENT,,,PRESENT,PRESENT,,,,,,,,,,,,,,,,,PRESENT,,,,,,,,,,,,,,,PRESENT,,,,,,,,,,,,,,,,,,,,,,PAST,,,,,,,,,,,,,,,,PRESENT,,,,,PRESENT,,,,,,,,OFFSITE,OFFSITE,,,,,,,
806008,7A360122001,R7-2022-0014,,Hi Desert Water Dist,Hi-Desert WD Reclamation Facility,San Bernardino,R7-2022-0014.pdf,R7-2022-0014,,,,,,PRESENT,PRESENT,,PRESENT,,,,,,,PRESENT,,,,,,,,PRESENT,,,,,,,,PRESENT,PRESENT,,,,,,,,,,,,,,,,,,,PRESENT,PRESENT,,,,,,,,PRESENT,,PRESENT,,,,,,PRESENT,,,,,,,,,,PRESENT,,,,,,,,,,,,,,,,,,,
259184,8 362918001,R8-2022-0041,CA8000409,Inland Empire Utilities Agency,IEUA Carbon Canyon WWRF,San Bernardino,R8-2022-0041_IEUA_ RWRFs_WDR_and_MRP.pdf,R8-2022-0041,,PRESENT,PRESENT,,,PRESENT,PRESENT,,,,,,,,,PRESENT,,,,,,,,,,,,,,,,PRESENT,PRESENT,,,,,,,,,,,,,,,,,,,,,PRESENT,,,PRESENT,PRESENT,,,PRESENT,PRESENT,,,,,,,,,,,,PRESENT,,,,,,,,,,,,,,,,,,,,,,,,
259184,8 362918001,R8-2022-0041,CA8000409,Inland Empire Utilities Agency,IEUA Carbon Canyon WWRF,San Bernardino,04-0020 Carbon Canyon.pdf,R8-2004-0020,,PRESENT,PRESENT,,,PRESENT,PRESENT,,,OFFSITE,,,,,,,PRESENT,,,,,,,,,,,,,,,,,,,,,,,,,,,,,,,,,,,,,PRESENT,,,PRESENT,,,,PRESENT,PRESENT,,,,,,,,,,,,PRESENT,,OFFSITE,,,OFFSITE,,,,,,OFFSITE,,,,,,,OFFSITE,,,,OFFSITE,OFFSITE,
259184,8 362918001,R8-2022-0041,CA8000409,Inland Empire Utilities Agency,IEUA Carbon Canyon WWRF,San Bernardino,09-0021 IEUA.pdf,R8-2009-0021,,PRESENT,PRESENT,,,PRESENT,PRESENT,,PRESENT,OFFSITE,,,,,,PRESENT,,,,,,,,PRESENT,,,,,,,,PRESENT,PRESENT,,,,PRESENT,,,,,,,,,,,,,,,,,,,,PRESENT,PRESENT,,,PRESENT,PRESENT,,,,,,,,,,,,PRESENT,,OFFSITE,OFFSITE,,OFFSITE,OFFSITE,,,,,OFFSITE,,,,,,,OFFSITE,,,,OFFSITE,OFFSITE,
259184,8 362918001,R8-2022-0041,CA8000409,Inland Empire Utilities Agency,IEUA Carbon Canyon WWRF,San Bernardino,R8-2015-0036_IEUA_Regional_Water_Recycling_Facilities.pdf,R8-2015-0036,,PRESENT,PRESENT,,,PRESENT,PRESENT,,,OFFSITE,,,,,,PRESENT,,,,,,,,PRESENT,,,,,,,,PRESENT,PRESENT,,,,,,,,,,,,,,,,,,,,,,,,PRESENT,PRESENT,,,PRESENT,,,,,,,,,,,,,PRESENT,,OFFSITE,OFFSITE,,OFFSITE,OFFSITE,,,,,OFFSITE,,,,,,,,,,,,,
259165,8 362918001,R8-2022-0041,CA8000409,Inland Empire Utilities Agency,IEUA Regional Plant No. 1,San Bernardino,R8-2022-0041_IEUA_ RWRFs_WDR_and_MRP.pdf,R8-2022-0041,,PRESENT,PRESENT,,PRESENT,PRESENT,PRESENT,,PRESENT,PRESENT,,,,,,,,,,,,,,,,,,,,,,,PRESENT,,,,,,,,,,,,,,,,,,,,,PRESENT,,,PRESENT,PRESENT,,,PRESENT,PRESENT,,,,,,,,,,,,PRESENT,,PRESENT,,,PRESENT,PRESENT,,,,,PRESENT,,,,,,,,,,,PRESENT,PRESENT,
259165,8 362918001,R8-2022-0041,CA8000409,Inland Empire Utilities Agency,IEUA Regional Plant No. 1,San Bernardino,R8-2015-0036_IEUA_Regional_Water_Recycling_Facilities.pdf,R8-2015-0036,,PRESENT,PRESENT,,,PRESENT,PRESENT,,PRESENT,PRESENT,,,,,,PRESENT,,,,,,,,,,,,,,,,PRESENT,PRESENT,,,,PRESENT,,,,,,,,,,,,,,,,,,,,PRESENT,PRESENT,,,PRESENT,PRESENT,,,,,,,,,,,,PRESENT,,PRESENT,,,PRESENT,PRESENT,,,,,PRESENT,,,,,,,,,,,,,
259165,8 362918001,R8-2022-0041,CA8000409,Inland Empire Utilities Agency,IEUA Regional Plant No. 1,San Bernardino,09-0021 IEUA.pdf,R8-2009-0021,,PRESENT,PRESENT,,,PRESENT,PRESENT,,,PRESENT,,,,,,PRESENT,,,,,,,,PRESENT,,,,,,,,PRESENT,PRESENT,,,,PRESENT,,,,,,,,,,,,,,,,,,,,PRESENT,PRESENT,,,PRESENT,PRESENT,,,,,,,,,,,,PRESENT,,PRESENT,,,PRESENT,FUTURE,,,,,PRESENT,,,,,,,OFFSITE,,,,PRESENT,PRESENT,
259166,8 362918001,R8-2022-0041,CA8000409,Inland Empire Utilities Agency,IEUA Regional Plant No. 2,San Bernardino,R8-2022-0041_IEUA_ RWRFs_WDR_and_MRP.pdf,R8-2022-0041,,,,,,,,,,PRESENT,,,,,,,,,,,,,,,,,,,,,,,,,,,,,,,,,,,,,,,,,,,,,,,,,,,,,,,,,,,,,,,,,,PRESENT,PRESENT,,PRESENT,PRESENT,,,,,PRESENT,,,,,,,,,,,,,
259166,8 362918001,R8-2022-0041,CA8000409,Inland Empire Utilities Agency,IEUA Regional Plant No. 2,San Bernardino,R8-2015-0036_IEUA_Regional_Water_Recycling_Facilities.pdf,R8-2015-0036,,,,,,,,,,PRESENT,,,,,,,,,,,,,,,,,,,,,,,,,,,,,,,,,,,,,,,,,,,,,,,,,,,,,,,,,,,,,,,,,,PRESENT,PRESENT,,PRESENT,PRESENT,,,,,PRESENT,,,,,,,OFFSITE,,,,,,
742794,8 362918001,R8-2022-0041,CA8000409,Inland Empire Utilities Agency,IEUA Regional Plant No. 4,San Bernardino,R8-2015-0036_IEUA_Regional_Water_Recycling_Facilities.pdf,R8-2015-0036,,PRESENT,PRESENT,,PRESENT,PRESENT,PRESENT,,PRESENT,OFFSITE,,,,,,,,,,,,,,PRESENT,,,,,,,,,PRESENT,,,,PRESENT,,,,,,,,,,,,,,,,,,,,PRESENT,PRESENT,,,PRESENT,PRESENT,,,,,,,,,,,,PRESENT,,OFFSITE,,,OFFSITE,OFFSITE,,,,,OFFSITE,,,,,,,,,,,OFFSITE,OFFSITE,
742794,8 362918001,R8-2022-0041,CA8000409,Inland Empire Utilities Agency,IEUA Regional Plant No. 4,San Bernardino,09-0021 IEUA.pdf,R8-2009-0021,,PRESENT,PRESENT,,PRESENT,PRESENT,PRESENT,,PRESENT,,,,,,,PRESENT,,,,,,,,PRESENT,,,,,,,,PRESENT,PRESENT,,,,PRESENT,,,,,,,,,,,,,,,,,,,,PRESENT,PRESENT,,,PRESENT,,,,,,,,,,,,,PRESENT,,,,,,,,,,,,,,,,,,,,,,,,
742794,8 362918001,R8-2022-0041,CA8000409,Inland Empire Utilities Agency,IEUA Regional Plant No. 4,San Bernardino,R8-2022-0041_IEUA_ RWRFs_WDR_and_MRP.pdf,R8-2022-0041,,PRESENT,PRESENT,,,PRESENT,PRESENT,,,,,,,,,PRESENT,,,,,,,,PRESENT,,,,,,,,PRESENT,PRESENT,,,,,,,,,,,,,,,,,,,,,PRESENT,,,PRESENT,PRESENT,,,PRESENT,,,,,,,,,,,,,PRESENT,,,,,,,,,,,,,,,,,,,,,,,,
259169,8 362918001,R8-2022-0041,CA8000409,Inland Empire Utilities Agency,IEUA Regional Plant No. 5,San Bernardino,R8-2022-0041_IEUA_ RWRFs_WDR_and_MRP.pdf,R8-2022-0041,,PRESENT,PRESENT,,,PRESENT,PRESENT,,,OFFSITE,,,,,,PRESENT,,,,,,,,PRESENT,,,,,,,,PRESENT,PRESENT,,,,PRESENT,FUTURE,,,,,,,,,,,,,,FUTURE,,,,,PRESENT,PRESENT,,FUTURE,PRESENT,PRESENT,,,,,,,,,,,,PRESENT,,FUTURE,OFFSITE,,FUTURE,,,,,,FUTURE,,,,,,,,,,,,,
259169,8 362918001,R8-2022-0041,CA8000409,Inland Empire Utilities Agency,IEUA Regional Plant No. 5,San Bernardino,09-0021 IEUA.pdf,R8-2009-0021,,PRESENT,PRESENT,,PRESENT,PRESENT,PRESENT,,PRESENT,OFFSITE,,,,,,PRESENT,,,,,,,,PRESENT,,,,,,,,PRESENT,PRESENT,,,,PRESENT,,,,,,,,,,,,,,,,,,,,PRESENT,PRESENT,,,PRESENT,PRESENT,,,,,,,,,,,,PRESENT,,OFFSITE,OFFSITE,,OFFSITE,OFFSITE,,,,,OFFSITE,,,,,,,OFFSITE,,,,,,
259169,8 362918001,R8-2022-0041,CA8000409,Inland Empire Utilities Agency,IEUA Regional Plant No. 5,San Bernardino,R8-2015-0036_IEUA_Regional_Water_Recycling_Facilities.pdf,R8-2015-0036,,PRESENT,PRESENT,,,PRESENT,PRESENT,,PRESENT,OFFSITE,,,,,,,,,,,,,,PRESENT,,,,,,,,,PRESENT,,,,PRESENT,,,,,,,,,,,,,,,,,,,,PRESENT,PRESENT,,,PRESENT,PRESENT,,,,,,,,,,,,PRESENT,,OFFSITE,OFFSITE,,OFFSITE,OFFSITE,,,,,OFFSITE,,,,,,,,,,,,,
247644,7B360115051,R7-2016-0017,,San Bernardino Cnty Regional Parks,Park Moabi WWTF,San Bernardino,0017moabi.pdf,R7-2016-0017,,PRESENT,,,,,,,,,,,,,,,,,,,,,PRESENT,,,,,,,,,,,,,,,,,,,,,,,,,,,,,,,,,,,,,,,,,,,,,,,,,,,,,,,,,,,,,,,,,,,,,OFFSITE,,,,,,PRESENT
747480,6B360911001,R6V-2014-0002,,Victorville City,SCLA Central WWTP-Victorville Water Dist,San Bernardino,R6V-2014-0002Adopted_Wdr_CityofVictorville.pdf,R6V-2014-0002,,,,,,PRESENT,,,PRESENT,,,,,,,,,,,,,,,FUTURE,,,,,,,,,PRESENT,,,,,,,,,,,,,,,,,,,PRESENT,,,,,,,,,,,PRESENT,,,,,,,,,,,,,PRESENT,PRESENT,,,,,,,,,,,,,,,OFFSITE,,,,,,
835078,8 363000001,R8-2023-0009,,East Valley Water District,Sterling Natural Resource Center WWTF,San Bernardino,R8-2023-0009_EVWD_SNRC_esigned.pdf,R8-2023-0009,,,,,,PRESENT,PRESENT,,PRESENT,,,,,,,PRESENT,,,,,,,,PRESENT,,,,,,,,PRESENT,PRESENT,,,,,,,,,,,,,,,,,,PRESENT,PRESENT,,,,,,,,,,,PRESENT,,,,,,,,,,,,,PRESENT,,,PRESENT,,,,,,PRESENT,,,,,,,OFFSITE,,,,PRESENT,PRESENT,
269589,7A360702011,R7-2016-0032,,US Marine Corps Twentynine Palms NREA AGCC,USMC - Mainside WWTF,San Bernardino,R7-2016-0032.pdf,R7-2016-0032,,PRESENT,PRESENT,,,PRESENT,,,,,,,,,,,,,PRESENT,PRESENT,,PRESENT,,,,,,,,,,,,,,,PAST,,,,,,,,,,,,,,,,,PRESENT,PAST,,PRESENT,,,,PRESENT,,,,,,,,,,,,,PRESENT,,PRESENT,,,,,,,,,,PRESENT,,,,,,,,,,,,
851487,6B361809001,R6V-2021-0022,,CA Dept of Transportation DO8 (San Bernardino-Riverside Office) Caltrans,Valley Wells Rest Area,San Bernardino,R6V-2021-0022_WDR Order_Caltrans Valley Wells.pdf,R6V-2021-0022,,,,,,,,,,,,,,,,,,,,,,,,,,,,,,,,,FUTURE,,,,,,,,,,,,,,,,,,,,,PRESENT,,,,,,,,,,,,,,,,,,,,,,,,,,,,,,,,,,,,,,,,,,,,PRESENT
761913,6B360907006,R6V-2013-0004,,Victor Valley Wastewater Reclamation Authority,VVWRA Sub-Regional Plant-Apple Valley,San Bernardino,r6v-2013-0004_wdr_av_subreg.pdf,R6V-2013-0004,,,,,,FUTURE,FUTURE,,,,,,,,,FUTURE,,,,,,,,,,,,,,,,FUTURE,FUTURE,,,,,,,,,,,,,,,,,,,FUTURE,,,,,,,,,,,FUTURE,,,,,,,,,,,,,,,,,,,,,,,,,,,,,,,,,,,
761903,6B360907005,R6V-2013-0005,,Victor Valley Wastewater Reclamation Authority,VVWRA- Sub-Regional Plant-Hesperia,San Bernardino,r6v-2013-0005wdr_hesperia_subreg.pdf,R6V-2013-0005,,,,,,FUTURE,FUTURE,,,,,,,,,FUTURE,,,,,,,,,,,,,,,,FUTURE,FUTURE,,,,,,,,,,,,,,,,,,,FUTURE,,,,,,,,,,,FUTURE,,,,,,,,,,,,,,,,,,,,,,,,,,,,,,,,,,,
206164,1B82114OHUM,R1-2019-0006,,Arcata City,Arcata City WWTF,San Diego,12_0031_ArcataWWTF_revisedNPDES.pdf,R1-2012-0031,,PRESENT,,,,PRESENT,PRESENT,,,,,,,,,,,,,,,,,PRESENT,,,,,,,,,,,,,,,,,,,,,,,,,,,,,,,PRESENT,,,,,,PRESENT,PRESENT,FUTURE,,,,,,,,,,,,,PRESENT,,,,,,PRESENT,,,,,,,,PRESENT,,,,,,,,
206164,1B82114OHUM,R1-2019-0006,,Arcata City,Arcata City WWTF,San Diego,14_0050_Arcata_Resolution_WERModOrder.pdf,R1-2014-0050,,,,,,,,,,,,,,,,,,,,,,,,,,,,,,,,,,,,,,,,,,,,,,,,,,,,,,,,,,,,,PRESENT,,PRESENT,,,,,,,,,,,,,,,,,,,,,,,,,,,,,,,,,,,
206164,1B82114OHUM,R1-2019-0006,,Arcata City,Arcata City WWTF,San Diego,19_0006_Arcata_NPDES.pdf,R1-2019-0006,,PRESENT,FUTURE,,,PRESENT,PRESENT,,,,,FUTURE,,,,FUTURE,FUTURE,,PRESENT,,,,,,,,,,,,,,FUTURE,,,,,,,,,,,,,,,,,,,,,,PRESENT,,,,,,PRESENT,PRESENT,FUTURE,,,,,,,,,,FUTURE,,,PRESENT,,,,,,PRESENT,,,FUTURE,,,,,PRESENT,,,,,,,,
747519,5B24NP00017,R5-2011-0082,,Atwater City,Atwater Regional WWTF,San Diego,r5-2011-0082.pdf,R5-2011-0082,,,PRESENT,,,PRESENT,PRESENT,,,,,PRESENT,,,,,PRESENT,,,,,,,PRESENT,,,,,,,,,,,,,PRESENT,,,,,,,,,,,,,,,,,,,,,,,,,,PRESENT,,,,,,,,,,,,,,PRESENT,,PRESENT,,,,,,,,,,OFFSITE,,OFFSITE,,,,,,,
747519,5B24NP00017,R5-2023-0025,,Atwater City,Atwater Regional WWTF,San Diego,city of atwater_wwtf.pdf,R5-2023-0025,,,PRESENT,,,PRESENT,PRESENT,,,,,PRESENT,,,,PRESENT,,,,,,,,PRESENT,,,,,,,,PRESENT,PRESENT,,,,PRESENT,,,,,,,,,,,,,,,,,,,,,,,,,,PRESENT,,,,,,,,,,,,,,PRESENT,,PRESENT,,,PRESENT,,,,PRESENT,,,,,,,,,,,,
216719,4A560100001,R4-2019-0136,,Camarillo Sanitary District,Camarillo WRP,San Diego,1278_R4-2019-0136_WDR_PKG.pdf,R4-2019-0136,,PRESENT,PRESENT,,,PRESENT,PRESENT,,,,,,,,,PRESENT,,,,,,,,,,,,PRESENT,,,,PRESENT,PRESENT,,,PRESENT,PRESENT,,,,,,,,,,,,,,,,,PRESENT,,,,,,,PRESENT,PRESENT,,,,,,,,,,,,,,PRESENT,PRESENT,,,,,PRESENT,,,PRESENT,,,,,OFFSITE,OFFSITE,,,,,,,
216719,4A560100001,R4-2019-0136,,Camarillo Sanitary District,Camarillo WRP,San Diego,1278_R4-2014-0062-A0l-WDR_PKG_amd.pdf,R4-2014-0062,,PRESENT,PRESENT,,,PRESENT,PRESENT,,PRESENT,,,,,,,PRESENT,,,,,,,,,,,,PRESENT,,,,PRESENT,PRESENT,,,,PRESENT,,,,,,,,,,,,,,,,,,,,,,,,PRESENT,PRESENT,,,,,,,,,,,,,,PRESENT,PRESENT,,,,,PRESENT,,,,,,,,OFFSITE,OFFSITE,,,,,,,
216719,4A560100001,R4-2019-0136,,Camarillo Sanitary District,Camarillo WRP,San Diego,1278_R4-2014-0062_WDR_PKG.pdf,R4-2011-0126,,PRESENT,PRESENT,,,PRESENT,PRESENT,,PRESENT,,,,,,,PRESENT,,,,,,,,,,,,PRESENT,,,,PRESENT,PRESENT,,,,,,,,,,,,,,,,,,,,,PRESENT,,,,,,,PRESENT,PRESENT,,,,,,,,,,,,,,,PRESENT,,,,,,,,,,,,,OFFSITE,OFFSITE,,,,,,,
213270,9 000000030,R9-2018-0059,CA0107395,Encina Wastewater Authority,Carlsbad WRF,San Diego,EncinaOO_FinalOrderR9-2018-0059.pdf,R9-2018-0059,,,,,,,,,,,,,,,,,,,,,,,,,,,,,,,,,,,,,PRESENT,,,,,,,,,,,,PRESENT,PRESENT,PRESENT,,,,,,,,,,PRESENT,,,,,,,,,,,,,,,,,,PRESENT,,,,,,PRESENT,,,,,,,,,,,,,
213270,9 000000030,R9-2018-0059,CA0107395,Encina Wastewater Authority,Carlsbad WRF,San Diego,R9-2011-0019.pdf,R9-2011-0019,,,,,,,,,,,,,,,,,,,,,,,,,,,,,,,,,,,,,PRESENT,,,,,,,,,,,,PRESENT,PRESENT,PRESENT,,,,,,,,,,PRESENT,,,,,,,,,,,,,,,,,,,,,,,,PRESENT,,,,,,,,,,,,,
213281,3 270101001,R3-2014-0012,,Carmel Area Wastewater District,Carmel Area WWTP,San Diego,Carmel_Area_WWTP_final.pdf,R3-2014-0012,PRESENT,PRESENT,PRESENT,,,PRESENT,PRESENT,,PRESENT,PRESENT,,,,,,,PRESENT,,,,,,,,,,,,,,,,,,,,,,,,,,,,,,,,PRESENT,,PRESENT,,,,,,,,,,PRESENT,PRESENT,,,,,,,,,,,,,,PRESENT,,FUTURE,PRESENT,,,,,,PRESENT,,,,,,OFFSITE,,,,,,,
213332,3 420101001,R3-2017-0032,,Carpinteria SD,Carpinteria SD WWTP,San Diego,Revised_CA0047364_Carpinteria.pdf,R3-2017-0032,,PRESENT,PRESENT,,,PRESENT,PRESENT,,,,,,,,,,PRESENT,,,,,,,,,,,,,,,,,,,,,,,,,,,,,,,,FUTURE,,,,,,,FUTURE,,,,,PRESENT,,,,,,,,,,,FUTURE,,,,,PRESENT,,,,,,,,PRESENT,,,,,OFFSITE,,,,,,,,
213332,3 420101001,R3-2017-0032,,Carpinteria SD,Carpinteria SD WWTP,San Diego,NPDES_Permit_R3_2011_0003_CA0047364_CarpinteriaSanitaryDistrict_WWTP.pdf,R3-2011-0003,,PRESENT,PRESENT,,,PRESENT,PRESENT,,,,,,,,,,PRESENT,,,,,,,,,,,,,,,,,,,,,,,,,,,,,,,,,,,,,,,,,,,,PRESENT,,,,,,,,,,,,,,,,PRESENT,,,,,,,,PRESENT,,,,,PRESENT,,,,,,,,
850597,9 000003607,R9-2020-0001,CA0109398,San Diego City Metropolitan Wastewater Dept (Public Utilities),City of San Diego North City Pure Water Facility,San Diego,Adopted Amended OrderNo.R9-2020-0001 signed dwg 08-13-20.pdf,R9-2020-0001,,,,,,,,,,,,,,,,,,,,,,,,,,,,,,,,,,,,,,PRESENT,,,,,,,,,,,PRESENT,FUTURE,PRESENT,,,,,PRESENT,,,,PRESENT,FUTURE,,PRESENT,PRESENT,,,,,,FUTURE,,,FUTURE,,,,,,,,,,,,,,,,,,,,,,,,,
849194,9 000003742,R9-2020-0108,,"Civita Water Recycling Company, LLC",Civita Water Reclamation Facility,San Diego,Order_R9-2020-0108_Civita-signed.pdf,R9-2020-0108,,,,,,FUTURE,,,,,,,,,,,FUTURE,,,,,,,,,,,,,,,,,,,,,,,,,,,,,,,,,,,FUTURE,,,,,,,,,FUTURE,,,,,,,,,,,,,,,,,,,,,,,,,,,,,,,OFFSITE,,,,,,
214888,1B84032OSON,R1-2018-0034,,Cloverdale City,Cloverdale City WWTP,San Diego,12_0048_NPDES_Cloverdale_WWTF_CAG_120620.pdf,R1-2012-0048,,,,,,PRESENT,,,,,,,,PRESENT,,,PRESENT,,,,PRESENT,,,,,,,,,,,,,,,,,,,,,,,,,,,,,,,,,,,,,,,,PRESENT,PRESENT,,,,,,,,,,,,,,,,,,,,,,,,,,,,,,PRESENT,,,,,,
214888,1B84032OSON,R1-2018-0034,,Cloverdale City,Cloverdale City WWTP,San Diego,060804_0004_NPDESPermit.pdf,R1-2006-0004,,,,,,,,,,,,,,,,,PRESENT,,,,PRESENT,,,OFFSITE,,,,,,,,,,,,,,,,,,,,,,,,,,,,,,,,,,,,,PRESENT,,,,,,,,,,,,,,,,,,,,,,,,,,,,,,,,,,,,,
214888,1B84032OSON,R1-2018-0034,,Cloverdale City,Cloverdale City WWTP,San Diego,18_0034_City of Cloverdale_WWTF_NPDES.pdf,R1-2018-0034,,,,,PRESENT,PRESENT,,,,,,,,PRESENT,,,PRESENT,,,,,,PRESENT,,,,,,,,,,,,,,,,,,,,,,,,,,,,,,,,,,,,,,PRESENT,,,,,,,,,,,,,,,,,,PRESENT,,,,,,,,,,PRESENT,,OFFSITE,,,,,,,
214933,7A330104012,R7-2026-0006,CA0104493,Coachella SD,Coachella SD WWTP,San Diego,0021_coach_sanitary.pdf,R7-2010-0021,,,PRESENT,,,PRESENT,PRESENT,,,,,PRESENT,,,,PRESENT,,,,,,PRESENT,,PAST,,,,,,,,PRESENT,PRESENT,,,,,,,,,,,,,,,,,,,,,,,,,,,,PRESENT,PRESENT,,,,,,,FUTURE,,,,,,,,PRESENT,,,,,PRESENT,,,,PRESENT,,,,,,,,,,,,
214933,7A330104012,R7-2026-0006,CA0104493,Coachella SD,Coachella SD WWTP,San Diego,R7-2020-0008.pdf,R7-2020-0008,,,PRESENT,,,PRESENT,PRESENT,,,,,PRESENT,,PRESENT,,PRESENT,PRESENT,,,,,,,,,,,,,,,PRESENT,PRESENT,,,,,,,,,,,,,,,,,,,,,,,,,,,,PRESENT,PRESENT,,,,,,,,,,,,,,,PRESENT,,,,,PRESENT,,,,,,,,,,OFFSITE,,,,,,
214933,7A330104012,R7-2026-0006,CA0104493,Coachella SD,Coachella SD WWTP,San Diego,R7-2026-0006.pdf,R7-2026-0006,,,PRESENT,,,PRESENT,PRESENT,,,,,PRESENT,,,,,PRESENT,,,,,,,,,,,,,,,PRESENT,PRESENT,,,,,,,,,,,,,,,,,,,,,,,,,,,,PRESENT,PRESENT,,,,,,,,,,,,,,,PRESENT,,,,,PRESENT,,,,,,,,,,,,,,,,
214933,7A330104012,R7-2026-0006,CA0104493,Coachella SD,Coachella SD WWTP,San Diego,R7-2015-0003.pdf,R7-2015-0003,,,PRESENT,,,PRESENT,PRESENT,,,,,PRESENT,,,,PRESENT,PRESENT,,,,,,,,,,,,,,,PRESENT,PRESENT,,,,,,,,,,,,,,,,,,,,,,,,,,,,PRESENT,PRESENT,,,,,,,,,,,,,,,PRESENT,,,,,PRESENT,,,,,,,,,,PRESENT,,,,,,
259171,8 330108001,R8-2020-0021,,Corona City DWP,Corona WWRF #1,San Diego,R8-2020-0021_City_of_ Corona_ (final version).pdf,R8-2020-0021,,PRESENT,PRESENT,,,PRESENT,PRESENT,,PRESENT,,,PRESENT,,,PRESENT,,,,,,,,,OFFSITE,,,,,,,,,PRESENT,,,,PRESENT,,,,,,,,,,,,,,,,,,,,PRESENT,,,,PRESENT,PRESENT,,,,,,,,,,,,PRESENT,,PRESENT,,,PRESENT,PRESENT,PRESENT,,,,PRESENT,,,,,OFFSITE,,,,,,,,
259171,8 330108001,R8-2020-0021,,Corona City DWP,Corona WWRF #1,San Diego,12-0008_City_of_Corona_DW&P_WDR.pdf,R8-2012-0008,PRESENT,PRESENT,PRESENT,,,,PRESENT,,PRESENT,,,PRESENT,,,PRESENT,PRESENT,,,,,,,,OFFSITE,,,,,,,,PRESENT,PRESENT,,,,PRESENT,,,,,,,,,,,,,,,,,,,,PRESENT,,,,PRESENT,PRESENT,,,,,,,,,,,,PRESENT,,PRESENT,,,PRESENT,,PRESENT,,,,PRESENT,,,,,OFFSITE,,,,,,,,
259174,8 332476001,R8-2014-0015,,Corona City DWP,Corona WWRF #3,San Diego,14-0015_City_of_Corona_DW&P_WD&RR_WRF_No_3.pdf,2014-0015,,,,,,PRESENT,,,,,,,,,,,PRESENT,,,,,,,PRESENT,,,,,,,,,,,,,,,,,,,,,,,,,,,,PRESENT,,,,,,,,,PRESENT,PRESENT,,,,,,,,,,,,,,,,,,,,,,,,,,,,,,,,,,,,
219552,2 071013001,R2-2026-0004,,,Delta Diablo WWTP,San Diego,R2-2026-0004.pdf,R2-2026-0004,,PRESENT,PRESENT,,,PRESENT,PRESENT,,PRESENT,,,,,,,,PRESENT,,,,,,,,,,,,,,,,FUTURE,,,,OFFSITE,,PRESENT,,,,,,,,,,,,,,,,,,,OFFSITE,,,PRESENT,PRESENT,,,,,,,,,,,,,,PRESENT,,,PRESENT,PRESENT,,,,,PRESENT,,,,OFFSITE,OFFSITE,OFFSITE,,,,,,,
219552,2 071013001,R2-2026-0004,,,Delta Diablo WWTP,San Diego,Nutrient Watershed Permit - R2-2014-0014.pdf,R2-2014-0014,,,PRESENT,,,PRESENT,,,,,,,,,,,,,,,,,,,,,,,,,,,,,,,,,,,,,,,,,,,,,,,,,,,,,,,,,,,,,,,,,,,,,,,,,,,,,,,,,,,,,,,,,,,,
219552,2 071013001,R2-2026-0004,,,Delta Diablo WWTP,San Diego,R2-2019-0035.pdf,R2-2019-0035,,PRESENT,PRESENT,,PRESENT,PRESENT,PRESENT,,PRESENT,,,,,,,,PRESENT,,,,,,,,,,,,,,,,,,,,PRESENT,,PRESENT,,,,,,,,,,,,,,,,,,,PRESENT,,,PRESENT,PRESENT,,,,,,,,,,,,,,PRESENT,,,PRESENT,PRESENT,,,,,PRESENT,,,,OFFSITE,OFFSITE,OFFSITE,,,,,,,
219552,2 071013001,R2-2026-0004,,,Delta Diablo WWTP,San Diego,dd order R2-2014-0030.pdf,R2-2014-0030,,PRESENT,PRESENT,,,PRESENT,PRESENT,,PRESENT,,,,,,,,PRESENT,,,,,,,PRESENT,,,,,,,,,,,,,OFFSITE,,PRESENT,,,,,,,,,,FUTURE,,,,,,,,,OFFSITE,,,PRESENT,PRESENT,,,,,,,,,,,,,,PRESENT,,,PRESENT,PRESENT,,,,,PRESENT,,,,OFFSITE,OFFSITE,OFFSITE,,,,,,,
220548,5A290105001,R5-2021-0023,,Donner Summit Public Utilities District,Donner Summit PUD WWTP,San Diego,r5-2015-0068.pdf,R5-2015-0068,,,,,,PRESENT,,,PRESENT,,,,,,,,PRESENT,,,,,,,,,,,,,,,,,,,,,,,,,,,,,,,,,,,PRESENT,,PRESENT,,,,,,,,,PRESENT,,,,,,,PRESENT,,,PRESENT,,,,PRESENT,,,,,PRESENT,,,,,,,,,PRESENT,,,,,,,
220548,5A290105001,R5-2021-0023,,Donner Summit Public Utilities District,Donner Summit PUD WWTP,San Diego,R5-2021-0023_npdes.pdf,R5-2021-0023,,,,,,,,,PRESENT,,,,,,,PRESENT,PRESENT,,,,,,,,,,,,,,,PRESENT,,,,,,,,,,,,,,,,,,,,,PRESENT,,,,,,,,,,PRESENT,,,,,,,PRESENT,,,PRESENT,,,,PRESENT,,,,,PRESENT,,,,,,,,,OFFSITE,,,,,,,
220548,5A290105001,R5-2021-0023,,Donner Summit Public Utilities District,Donner Summit PUD WWTP,San Diego,Order R5-2017-0114.pdf,R5-2017-0114,,,,,,,,,,,,,,,,,,,,,,,,,,,,,,,,,,,,,,,,,,,,,,,,,,,,,,,,,,,,,PAST,,PRESENT,,,,,,,,,,,,,,,,,,,,,,,,,,,,,,,,,,,
220548,5A290105001,R5-2021-0023,,Donner Summit Public Utilities District,Donner Summit PUD WWTP,San Diego,R5-2009-0034.pdf,R5-2009-0034,,,,,,,,,PRESENT,,,,,,,,PRESENT,,,,,,,,,,,,,,,,,,,,PRESENT,,,,,,,,,,,,,,,,,,,,,,,,,PRESENT,,,,,,,,,,,,,,,PRESENT,,,,,PRESENT,,,,,,,,,,OFFSITE,,,,,,
220548,5A290105001,R5-2021-0023,,Donner Summit Public Utilities District,Donner Summit PUD WWTP,San Diego,Order R5-2015-0068-01.pdf,R5-2015-0068,,,,,,PRESENT,,,PRESENT,,,,,,,,PRESENT,,,,,,,,,,,,,,,,,,,,,,,,,,,,,,,,,,,PRESENT,,PRESENT,,,,,,,,,PRESENT,,,,,,,PRESENT,,,PRESENT,,,,PRESENT,,,,,PRESENT,,,,,,,,,PRESENT,,,,,,,
897869,9 000004038,R9-2025-0003,CA9000001,East County Advanced Water Purification Joint Powers Authority,East County Advanced Water Purification (AWP) Project,San Diego,r9_2025_0003.pdf,R9-2025-0003,,OFFSITE,OFFSITE,OFFSITE,,OFFSITE,OFFSITE,,OFFSITE,,,,,,,OFFSITE,,,,,,,,,,,,,,OFFSITE,,OFFSITE,,,,,OFFSITE,,,,,,,,,,,,FUTURE,,FUTURE,,,,,FUTURE,,,,OFFSITE,OFFSITE,PRESENT,FUTURE,,,,,OFFSITE,,FUTURE,,,FUTURE,,,FUTURE,,,FUTURE,FUTURE,,,,,FUTURE,,,,,,,,,,,,,
247351,9 000000053,R9-2022-0003,,,East County Water Recycling Facility,San Diego,CA0107492_FinalAmendedOrder.pdf,R9-2015-0002,,PRESENT,PRESENT,,PRESENT,,,,,,,,,,,PRESENT,,,,,,PRESENT,,,,,,,,,PRESENT,PRESENT,PRESENT,,,,,,,,,,,,,,,,,,,,,,,,PRESENT,PRESENT,,,PRESENT,PRESENT,,,,,PRESENT,,PRESENT,,,,,PRESENT,,,,,,,,,,,,,,,,,,OFFSITE,,,,,,
247351,9 000004083,R9-2025-0060,,East County Advanced Water Purification Joint Powers Authority,East County Water Recycling Facility,San Diego,r9_2025_0060.pdf,R9-2025-0060,,PRESENT,PRESENT,PRESENT,,PRESENT,PRESENT,,PRESENT,,,,,,,PRESENT,,,,,,,,,,,,,,PRESENT,,PRESENT,,,PRESENT,,PRESENT,,,,,,,,,,,,,,,,,,,,,,,,PRESENT,,,,,,,PRESENT,,,,,,,,PRESENT,,,PRESENT,PRESENT,,,,,PRESENT,,,,,,,,,,,,,
247351,9 000000053,R9-2022-0003,,,East County Water Recycling Facility,San Diego,Finalorder_r9_2022_0003 signed dwg 02-11-22.pdf,R9-2022-0003,,PRESENT,PRESENT,,PRESENT,,,,,,,,,,,PRESENT,PRESENT,,,,,PRESENT,,,,,,,,,PRESENT,PRESENT,,,PRESENT,,,PRESENT,,,,,,,PRESENT,,,,,,,,,,,,PRESENT,PRESENT,,,PRESENT,PRESENT,,,,,PRESENT,,PRESENT,,,,,PRESENT,,,,,,,,,,,,,,,,,,OFFSITE,,,,,,
247351,9 000000053,R9-2022-0003,,,East County Water Recycling Facility,San Diego,Padre Dam 2009 NPDES Permit.pdf,R9-2009-0037,,PRESENT,PRESENT,,PRESENT,,,,,,,,,,,PRESENT,PRESENT,,,,,,,PRESENT,,,,,,,PRESENT,PRESENT,,,,,,,,,,,,,PRESENT,,,,,,,,,,,,PRESENT,PRESENT,,,PRESENT,,,,,,PRESENT,,PRESENT,,,,,,,,,,,,,,,,,,,,,,,OFFSITE,,,,,,
247351,9 000000053,R9-2022-0003,,,East County Water Recycling Facility,San Diego,AdoptedOrderR9-2015-0002.pdf,R9-2015-0002,,PRESENT,PRESENT,,PRESENT,,,,,,,,,,,PRESENT,,,,,,PRESENT,,,,,,,,,PRESENT,PRESENT,,,,,,,,,,,,,,,,,,,,,,,,,PRESENT,PRESENT,,,PRESENT,PRESENT,,,,,PRESENT,,PRESENT,,,,,PRESENT,,,,,,,,,,,,,,,,,,OFFSITE,,,,,,
222434,5B090102005,R5-2013-0003,,El Dorado Irrigation District,El Dorado Hills WWTP,San Diego,r5-2007-0069.pdf,R5-2007-0069,,PRESENT,PRESENT,,,PRESENT,PRESENT,,FUTURE,PRESENT,,,,,,PRESENT,PRESENT,,,,,,,FUTURE,,,,,,,,,PRESENT,,,,PRESENT,FUTURE,,,,,,,,,,,,,,,,,,,,,,,PRESENT,,FUTURE,,,,,,,,,,,,,PRESENT,,,PRESENT,,,,,,PRESENT,,,,OFFSITE,,,,,,,,,
222434,5B090102005,R5-2023-0025,,El Dorado Irrigation District,El Dorado Hills WWTP,San Diego,eid_edh_wwtp_mgo_noa_final.pdf,R5-2023-0025,,PRESENT,PRESENT,,,PRESENT,PRESENT,,PRESENT,PRESENT,,,,,,PRESENT,,,,,,,,PRESENT,,,,,,,,PRESENT,PRESENT,,,,PRESENT,PRESENT,,,,,,,,,,,,,,,,,,,PRESENT,PRESENT,,,,,PRESENT,,,,,,PRESENT,,,,,,,PRESENT,,,PRESENT,,,,,,PRESENT,,,,,,,,,,,,,
222434,5B090102005,R5-2013-0003,,El Dorado Irrigation District,El Dorado Hills WWTP,San Diego,r5-2013-0003.pdf,R5-2013-0003,,PRESENT,PRESENT,,,PRESENT,PRESENT,,PRESENT,PRESENT,,,,,,PRESENT,PRESENT,,,,,,,PRESENT,,,,,,,,,PRESENT,,,,PRESENT,,,,,,,,,,,,,,,,,,,,,,,,,,PRESENT,,,,,,PRESENT,,,,,,,PRESENT,,,PRESENT,,,,,,PRESENT,,,,,,,,,,,,,
222443,3 420108001,R3-2019-0046,,Santa Barbara City PWD,El Estero Water Resource Center NPDES,San Diego,El Estero_Final_Permit_2019-0046 pkg eff 2-1-20.pdf,R3-2019-0046,PRESENT,PRESENT,PRESENT,,,PRESENT,PRESENT,,,PRESENT,,,,,,,PRESENT,,,,,,,,,,,,,,,,,,,,OFFSITE,,,,,,,,,,,,OFFSITE,PRESENT,PRESENT,,,,,,,,,,PRESENT,PRESENT,,,FUTURE,,,,OFFSITE,,,,OFFSITE,PRESENT,,PRESENT,,,PRESENT,,,,,,PRESENT,,,OFFSITE,,,,OFFSITE,,,,,,
222443,3 420108001,R3-2019-0046,,Santa Barbara City PWD,El Estero Water Resource Center NPDES,San Diego,ElEstero.pdf,R3-2010-0011,PRESENT,PRESENT,PRESENT,,,PRESENT,PRESENT,,,,,,,,,,PRESENT,,,,,,,,,,,,,,,,,,,,,,,,,,,,,,,,,,,,,,,,,,,,PRESENT,PRESENT,,,,,,,,,,,,,,,,,,,,,,,,,,,,,,,,,,,,
222754,9 000000030,R9-2018-0059,CA0107395,Encina Wastewater Authority,Encina Ocean Outfall,San Diego,R9-2011-0019.pdf,R9-2011-0019,OFFSITE,PRESENT,PRESENT,,,PRESENT,PRESENT,,,PRESENT,,,,,,,PRESENT,,,,,,,,,,,,,,,,,,,,OFFSITE,,,,,,,,,,,,OFFSITE,OFFSITE,OFFSITE,,,,,,,,,,PRESENT,,,,,,,,,,,PRESENT,,,,PRESENT,,,PRESENT,PRESENT,PRESENT,,,,PRESENT,,,,,,,,,,,,,
222754,9 000000030,R9-2018-0059,CA0107395,Encina Wastewater Authority,Encina Ocean Outfall,San Diego,EncinaOO_FinalOrderR9-2018-0059.pdf,R9-2018-0059,OFFSITE,PRESENT,PRESENT,,,PRESENT,PRESENT,,,PRESENT,,,,,,,PRESENT,,,,,,,,,,,,,,,,,,,,OFFSITE,,,,,,,,,,,,OFFSITE,OFFSITE,OFFSITE,,,,,,,,,,PRESENT,,,,,,,,,,,PRESENT,,,,PRESENT,,,PRESENT,PRESENT,PRESENT,,,,PRESENT,,,,,,,,,,,,,
222758,9 000000030,R9-2018-0059,,Encina Wastewater Authority,Encina Water Pollution Control Facility,San Diego,R9-2011-0019.pdf,R9-2011-0019,,PRESENT,PRESENT,,,PRESENT,PRESENT,,,PRESENT,,,,,,,PRESENT,,,,,,,,,,,,,,,,,,,,,,,,,,,,,,,,,,,,,,,,,,,,PRESENT,,,,,,,,,,,PRESENT,,,,PRESENT,,,PRESENT,PRESENT,PRESENT,,,,PRESENT,,,,,,,,,,,,,
222758,9 000000030,R9-2018-0059,,Encina Wastewater Authority,Encina Water Pollution Control Facility,San Diego,EncinaOO_FinalOrderR9-2018-0059.pdf,R9-2018-0059,,PRESENT,PRESENT,,,PRESENT,PRESENT,,,PRESENT,,,,,,,PRESENT,,,,,,,,,,,,,,,,,,,,,,,,,,,,,,,,,,,,,,,,,,,,PRESENT,,,,,,,,,,,PRESENT,,,,PRESENT,,,PRESENT,PRESENT,PRESENT,,,,PRESENT,,,,OFFSITE,,OFFSITE,,,,,,,
259214,8 330112001,R8-2013-0017,,Elsinore Valley Municipal Water District,EVMWD Regional WWRF,San Diego,13-0017_Elsinore_Valley_MWD_RWRF_Renewal_WDR_&_NPDES_Permit.pdf,2013-0017,,PRESENT,,,,PRESENT,PRESENT,,,,,PRESENT,,PRESENT,,PRESENT,,,,,,,,,,,PRESENT,,,,,PRESENT,PRESENT,,PRESENT,,PRESENT,,,,,,,,,,,,,,,,,,,,PRESENT,,,,,,PRESENT,,,,PRESENT,,,,,,,,,,,,PRESENT,,,PRESENT,,,,,,,,,,,,,,,,
259214,8 330112001,R8-2013-0017,,Elsinore Valley Municipal Water District,EVMWD Regional WWRF,San Diego,05-0003 EVMWD.pdf,R8-2005-0003,,,,,,PRESENT,PRESENT,,,,,PRESENT,,,,PRESENT,PRESENT,,,,,,,PRESENT,,,,,,,,PRESENT,,,,,PRESENT,,,,,,,,,,,,,,,,,PRESENT,,,,,,,,,PRESENT,,,,,,,,,,,,,,,,,,,PRESENT,,,,PRESENT,,,,,,,,,,,,
224137,9 000000115,R9-2019-0169,,Fallbrook Public Utility District,Fallbrook Water Reclamation Plant,San Diego,R9-2006-0002.pdf,R9-2006-002,,PRESENT,PRESENT,,,PRESENT,PRESENT,,,,,,,,,,PRESENT,,,,,,,,,,,,,,,,,,,,PRESENT,,,,,,,,,,,,,,,,,,,,PRESENT,PRESENT,,,PRESENT,,,,,,,,,,,,,PRESENT,,,PRESENT,,PRESENT,,,PRESENT,,,,,,,,OFFSITE,OFFSITE,,,,,,,
224137,9 000000115,R9-2019-0169,,Fallbrook Public Utility District,Fallbrook Water Reclamation Plant,San Diego,Fallbrook_Final_Adopted_Order_R9-2019-0169.pdf,R9-2019-0169,,PRESENT,PRESENT,,,PRESENT,PRESENT,,PRESENT,,,,,,,,PRESENT,,,,,,,,,,,,,,,,,,,,PRESENT,,,,,,,,,,,,,,,,,,,,PRESENT,,,,PRESENT,PRESENT,,,,,,,,,,,,PRESENT,,,PRESENT,,PRESENT,PRESENT,PRESENT,PRESENT,,,,,,,OFFSITE,,OFFSITE,,,,,,,
224137,9 000000115,R9-2019-0169,,Fallbrook Public Utility District,Fallbrook Water Reclamation Plant,San Diego,AmendingOrderR920210204_DigitalSignature signed dwg 12-17-21.pdf,R9-2021-0204,,PRESENT,PRESENT,,,PRESENT,PRESENT,,PRESENT,,,,,,,,PRESENT,,,,,,,,,,,,,,,,,,,,PRESENT,,,,,,,,,,,,,,,,,,,,PRESENT,,,,PRESENT,PRESENT,,,,,,,,,,,,PRESENT,,,PRESENT,,PRESENT,PRESENT,PRESENT,PRESENT,,,,,,,OFFSITE,,OFFSITE,,,,,,,
224137,9 000000115,R9-2019-0169,,Fallbrook Public Utility District,Fallbrook Water Reclamation Plant,San Diego,R9-2020-0193_Final_Order signed dwg 08-17-20.pdf,R9-2020-0193,,PRESENT,PRESENT,,,PRESENT,PRESENT,,PRESENT,,,,,,,,PRESENT,,,,,,,,,,,,,,,,,,,,PRESENT,,,,,,,,,,,,,,,,,,,,PRESENT,,,,PRESENT,PRESENT,,,,,,,,,,,,PRESENT,,,PRESENT,,PRESENT,PRESENT,PRESENT,PRESENT,,,,,,,OFFSITE,,OFFSITE,,,,,,,
224137,9 000000115,R9-2019-0169,,Fallbrook Public Utility District,Fallbrook Water Reclamation Plant,San Diego,R9-2012-0004.pdf,R9-2012-0004,,PRESENT,PRESENT,,,PRESENT,PRESENT,,,,,,,,,,PRESENT,,,,,,,,,,,,,,,,,,,,PRESENT,,,,,,,,,,,,,,,,,,,,,,,,PRESENT,,,,,,,,,,,,,,,,,PRESENT,PRESENT,PRESENT,PRESENT,PRESENT,,,PRESENT,,,,OFFSITE,,OFFSITE,,,,,,,
224137,9 000000115,R9-2019-0169,,Fallbrook Public Utility District,Fallbrook Water Reclamation Plant,San Diego,AmendedOrderR9-2019-0169_DigitalSignature signed dwg 12-14-21.pdf,R9-2019-0169,,PRESENT,PRESENT,,,PRESENT,PRESENT,,PRESENT,,,,,,,,PRESENT,,,,,,,,,,,,,,,,,,,,PRESENT,,,,,,,,,,,,,,,,,,,,PRESENT,,,,PRESENT,PRESENT,,,,,,,,,,,,PRESENT,,,PRESENT,,PRESENT,PRESENT,PRESENT,PRESENT,,,,,,,OFFSITE,,OFFSITE,,,,,,,
224137,9 000000115,R9-2019-0169,,Fallbrook Public Utility District,Fallbrook Water Reclamation Plant,San Diego,R9-2019-0169_Amended2020 signed dwg 08-17-20.pdf,R9-2019-0169,,PRESENT,PRESENT,,,PRESENT,PRESENT,,PRESENT,,,,,,,,PRESENT,,,,,,,,,,,,,,,,,,,,PRESENT,,,,,,,,,,,,,,,,,,,,PRESENT,,,,PRESENT,PRESENT,,,,,,,,,,,,PRESENT,,,PRESENT,,PRESENT,PRESENT,PRESENT,PRESENT,,,,,,,OFFSITE,,OFFSITE,,,,,,,
225055,1B84083OMEN,R1-2019-0020,,Fort Bragg City,Fort Bragg City WWTP,San Diego,090605_0030_NPDES_FortBragg.pdf,R1-2009-0030,,PRESENT,PRESENT,,,PRESENT,PRESENT,,,,,,,,,,,,,,,,,PRESENT,,,,,,,,,,,,,,,PRESENT,,,,,,,,,,,,,,,,,,,,,,PRESENT,PRESENT,,,,,,,,,,,,PRESENT,,PRESENT,,,PRESENT,,,PRESENT,,,PRESENT,PRESENT,,,,,OFFSITE,,,,,,,
225055,1B84083OMEN,R1-2019-0020,,Fort Bragg City,Fort Bragg City WWTP,San Diego,15_0024_FortBragg_NPDES.pdf,,,PRESENT,PRESENT,,,PRESENT,PRESENT,,,,,,,,,,,,,,,PRESENT,PRESENT,,,,,,,,,,,,,,,,PRESENT,,,,,,,,,,,,,,,,,,,,,,PRESENT,PRESENT,,,,,,,,,,,,,,PRESENT,,,PRESENT,,,PRESENT,,,PRESENT,PRESENT,,,,,OFFSITE,,,,,,,
225055,1B84083OMEN,R1-2019-0020,,Fort Bragg City,Fort Bragg City WWTP,San Diego,19_0020_FortBragg_NPDES.pdf,R1-2019-0020,,PRESENT,PRESENT,,PRESENT,PRESENT,PRESENT,,FUTURE,,,,,,,FUTURE,FUTURE,,,,,,PRESENT,,,,,,,,,FUTURE,FUTURE,,,,,,PRESENT,,,,,,,,,,,,,,,,,,,,,,PRESENT,PRESENT,,,,,,,,,,,,,,PRESENT,FUTURE,,PRESENT,,,PRESENT,,,PRESENT,,,,,,,,,,,,,
225089,1B83135OHUM,R1-2017-0005,,Fortuna City,Fortuna City WWTP,San Diego,17_0005_Fortuna_NPDES.pdf,R1-2017-0005,,PRESENT,PRESENT,,,PRESENT,PRESENT,,PRESENT,,,,,,,,PRESENT,,,,,,,PRESENT,,,,,,,,,,,,,,,,,,,,,,,,,,,,,,,,,,,,,PRESENT,PRESENT,,,,,,,,,,,,,,PRESENT,,,,,,,,,PRESENT,,,,,PRESENT,,,,,,,,
225089,1B83135OHUM,R1-2017-0005,,Fortuna City,Fortuna City WWTP,San Diego,070926_07_0007_NPDES_Fortuna.pdf,R1-2007-0007,,PRESENT,PRESENT,,,PRESENT,PRESENT,,PRESENT,,,,,,,,PRESENT,,,,,,,PRESENT,,,,,,,,,,,,,,,,,,,,,,,,,,,,,,,,,,,,,PRESENT,PRESENT,,,,,,,,,,,,,,PRESENT,,,PRESENT,,,,,,PRESENT,,,,OFFSITE,PRESENT,,,,,,,,
225089,1B83135OHUM,R1-2017-0005,,Fortuna City,Fortuna City WWTP,San Diego,11_0004_NPDES_Fortuna.pdf,R1-2011-0004,,PRESENT,PRESENT,,,PRESENT,PRESENT,,PRESENT,,,,,,,,PRESENT,,,,,,,,,,,,,,,,,,,,,,,,,,,,,,,,,,,,,,,,,,,,PRESENT,PRESENT,,,,,,,,,,,,,,PRESENT,,,PRESENT,,,,,,PRESENT,,,,,PRESENT,,,,,,,,
226637,9 000000206,R9-2004-0223,,Leucadia Wastewater District,Gafner Water Reclamation Facility,San Diego,R9-2004-0223 .pdf,R9-2004-0223,,,,,PRESENT,,,,,,,,,,,,,,,,,,,,,,,,,,,,,,,,,,,,,,,,,,,,,,,,,PRESENT,,,PRESENT,PRESENT,,,PRESENT,,,,,,,,,,,,,PRESENT,,,,,,,,,,,,,,,,,,,,,,,,
227568,3 420102001,R3-2017-0021,,Goleta SD,Goleta SD WWTP,San Diego,GoletaSD_NPDES Permit_FinalOrder.pdf,R3-2010-0012,,PRESENT,PRESENT,,PRESENT,,,,,,,,,,,,PRESENT,,,,,,,,,,,,,,,,,,,,,PRESENT,,,,,,,,,,,,,,,,,,,,,,,PRESENT,PRESENT,,,,,,,FUTURE,,,,,,,PRESENT,,,PRESENT,,,PRESENT,,,FUTURE,,,,,,,,,,,,,
227568,3 420102001,R3-2017-0021,,Goleta SD,Goleta SD WWTP,San Diego,R3-2017-021_Goleta_finalCA0048160.pdf,R3-2017-0021,,PRESENT,,,,PRESENT,PRESENT,,,,,,,,,,PRESENT,,,,,PRESENT,,,,,,,,,,,,,,,PRESENT,,PRESENT,,,,,,,,,,,,,,,,,,PRESENT,PRESENT,,,PRESENT,PRESENT,,,,,,,,,,,,PRESENT,,PRESENT,,,PRESENT,,,,,,,,,,,,PRESENT,,,,,,,
228046,8 303545001,R8-2022-0002,,,Groundwater Replenishment System - Advanced WTF,San Diego,14-0069_OCWD_AWPF_NPDES.pdf,R8-2014-0069,,,,,,PRESENT,,,,,,,,,,,,,,,,,,,,,,,,,,,,,,,,,,,,,,,,,,,PRESENT,,PRESENT,,,,,PRESENT,,,,,PRESENT,PRESENT,PRESENT,,,,,,,PRESENT,,,PRESENT,,,,,,PRESENT,,,,,,,,,,,,,,,,,,,
228046,8 303545001,R8-2022-0002,,,Groundwater Replenishment System - Advanced WTF,San Diego,R8-2022-0002_OCWD_NPDES.pdf,R8-2022-0002,,,,,,PRESENT,,,,,,,,,,,,,,,,,,,,,,,,,,,,,,,,,,,,,,,,,,,PRESENT,,PRESENT,,,,,PRESENT,,,,,,PRESENT,PRESENT,,,,,,,PRESENT,,,PRESENT,,,,,,PRESENT,,,,,,,,,,,,,,,,,,,
228046,8 303545001,R8-2022-0002,,,Groundwater Replenishment System - Advanced WTF,San Diego,08-0004 OCWD Groundwater Replenishment System_Emergency Disch to R1_final.pdf,R8-2008-0004,,,,,,PRESENT,,,,,,,,,,,,,,,,,,,,,,,,,,,,,,,,,,,,,,,,,,,PRESENT,,PRESENT,,,,,PRESENT,,,,,PRESENT,PRESENT,PRESENT,,,,,,,,,,PRESENT,,,,,,PRESENT,,,,,,,,,,,,,,,,,,,
229727,9 000000592,R9-2010-0032,,Escondido City,Hale Avenue Resource Recovery Facility (HARRF) Recycled Water,San Diego,HARRF R9-2010-0032.pdf,R9-2010-0032,,PRESENT,PRESENT,,,PRESENT,PRESENT,,,PRESENT,,,,,,,PRESENT,,,,,,,,,,,,,,,,,,,,PRESENT,,,,,,,,,,,,,,,,,,,,PRESENT,PRESENT,,,PRESENT,PRESENT,PRESENT,,,,,,,,,,,PRESENT,,PRESENT,,,PRESENT,,,,,,PRESENT,,,,OFFSITE,,OFFSITE,,,,,,,
229726,9 000000031,R9-2018-0002,,Escondido City,HARRF DISCH to San Elijo Ocean Outfall,San Diego,CA0107981_OrderR920180002.pdf,R9-2018-0002,,PRESENT,PRESENT,,,PRESENT,PRESENT,,PRESENT,PRESENT,,,,,,,PRESENT,,,,,,,,,,,,,,,,,,,,PRESENT,,,,,,,,,,,,,,,,,,,,PRESENT,PRESENT,,,PRESENT,PRESENT,PRESENT,,,,,,,,,,,PRESENT,,PRESENT,,,PRESENT,PRESENT,,,,,PRESENT,,,,OFFSITE,,,,,,,,,
229882,2 019123001,R2-2022-0023,,,Hayward WPCF,San Diego,R2-2018-0010.pdf,R2-2018-0010,,PRESENT,PRESENT,,,PRESENT,PRESENT,,PRESENT,,,,,,,PRESENT,FUTURE,,,,,,,,,,,,,,,PRESENT,PRESENT,,,,,,,,,,,,,,,,,,,,,,,,,,,,PRESENT,PRESENT,,,,,,,,,,,,,,,,,,,,,,,,,,,,,,,,,,,,
229882,2 019123001,R2-2022-0023,,,Hayward WPCF,San Diego,Nutrient Watershed Permit - R2-2014-0014.pdf,R2-2014-0014,,,PRESENT,,,PRESENT,,,,,,,,,,,,,,,,,,,,,,,,,,,,,,,,,,,,,,,,,,,,,,,,,,,,,,,,,,,,,,,,,,,,,,,,,,,,,,,,,,,,,,,,,,,,
229882,2 019123001,R2-2022-0023,,,Hayward WPCF,San Diego,R2-2012-0004.pdf,R2-2012-0004,PRESENT,PRESENT,PRESENT,,,,PRESENT,,PRESENT,,,,,,,,,,,,,,,PRESENT,,,,,,,,,,,,,,PRESENT,PRESENT,,,,,,,,,,,,,,,,,,,,,,PRESENT,OFFSITE,,,,,,,,,,,,,,PRESENT,,,,,,PRESENT,,,PRESENT,,,,,,OFFSITE,,,,,,,
229882,2 019123001,,,,Hayward WPCF,San Diego,EBDA - R2-2022-0023.pdf,R2-2022-0023,PRESENT,PRESENT,PRESENT,,,,PRESENT,,PRESENT,,,,,,,FUTURE,PRESENT,,,,,,,PRESENT,,,,,,,,FUTURE,,,,,,,PRESENT,,,,,,,,,,,,,,,,,,,,,,PRESENT,,,,,,,,,,,,,,,PRESENT,,,PRESENT,,,PRESENT,,,,,,,,,,OFFSITE,,,,,,
229882,2 019123001,R2-2022-0023,,,Hayward WPCF,San Diego,EBDA - R2-2017-0016.pdf,R2-2017-0016,PRESENT,PRESENT,PRESENT,,,FUTURE,PRESENT,,PRESENT,,,,,,,,PRESENT,,,,,,,PRESENT,,,,,,,,,,,,,,,PRESENT,,,,,,,,,,,,,,,,,,,,,,PRESENT,,,,,,,,,,,,,,,PRESENT,,,PRESENT,,,PRESENT,,,,,,,,,,PRESENT,,,,,,
259161,8 362222001,R8-2015-0027,,Yucaipa Valley Water District,Henry N. Wochholz WWRF,San Diego,R8-2015-0027_YVWD_Henry_N_Wochholz_RWRF.pdf,2015-0027,,PRESENT,PRESENT,,,PRESENT,PRESENT,,PRESENT,PRESENT,,,,,,PRESENT,PRESENT,,,,,,,,,,,,,,,PRESENT,PRESENT,,,,,PRESENT,PRESENT,,,,,PRESENT,,,,,PRESENT,,PRESENT,PRESENT,,,,,,,,,,,PRESENT,,,,,,,,,,,,,PRESENT,,,PRESENT,,,,,,PRESENT,,,,,,,,,,,PRESENT,PRESENT,
231693,4A560112001,R4-2026-0152,,Thousand Oaks City ,Hill Canyon WWTP,San Diego,4917_R4-2026-0152_WDR.pdf,R4-2026-0152,,PRESENT,PRESENT,,PAST,PRESENT,PRESENT,,PRESENT,,,,,,,PRESENT,,,,,,,,,,,,PRESENT,,,,PRESENT,PRESENT,,,,PRESENT,,,,,,,,,,,,,,,,,,,,,,,,PRESENT,PRESENT,,,,,,PRESENT,,,,,,PRESENT,,PRESENT,,,PRESENT,,,PRESENT,,,PRESENT,,,,,OFFSITE,OFFSITE,,,,,PRESENT,PRESENT,
231693,4A560112001,R4-2019-0137,,Thousand Oaks City ,Hill Canyon WWTP,San Diego,4917_R4-2014-0064-A01_WDR_PKG_amd.pdf,R4-2014-0064,,PRESENT,PRESENT,,,PRESENT,PRESENT,,PRESENT,,,,,,,PRESENT,,,,,,,,PRESENT,,,,PRESENT,,,,PRESENT,PRESENT,,,,PRESENT,,,,,,,,,,,,,,,,,,,,,,,,PRESENT,PRESENT,,,,,,,,,,,,,,PRESENT,,,PRESENT,,,PRESENT,,,PRESENT,PRESENT,,,,,OFFSITE,,,,,,,
231693,4A560112001,R4-2019-0137,,Thousand Oaks City ,Hill Canyon WWTP,San Diego,4917_R4-2019-0137_WDR.pdf,R4-2019-0137,,,,,,,,,,,,,,,,,,,,,,,,,,,,,,,,,,,,,,,,,,,,,,,,,,,,,,,,,,,,,,,,,,PRESENT,,,,,,,,,,,,,,,,,,,,,,,,,,,,,,,,
231693,4A560112001,R4-2019-0137,,Thousand Oaks City ,Hill Canyon WWTP,San Diego,4917_R4-2014-0064-A02_WDR_PKG_amd.pdf,R4-2014-0065,,PRESENT,PRESENT,,,PRESENT,PRESENT,,PRESENT,,,,,,,PRESENT,,,,,,,,,,,,PRESENT,,,,PRESENT,PRESENT,,,,PRESENT,,,,,,,,,,,,,,,,,,,,,,,,PRESENT,PRESENT,,,,,,,,,,,,,,PRESENT,,,PRESENT,,,PRESENT,,,PRESENT,,,,,,OFFSITE,,,,,,,
234117,9 000000109,2014-0153-DWQ,,San Diego County Sanitation District,Julian Water Pollution Facility,San Diego,Required Plans for Julian WPCF.pdf,,,,PRESENT,,,PRESENT,,,PRESENT,,,,,PRESENT,,,PRESENT,,,,,,,PRESENT,,,,,,,,,,,,,,,,,,,,,,,,,,,,,,,,,,,,,PRESENT,,,,,,,,,,,,,,,,PRESENT,,,,,PRESENT,,,,,,,PRESENT,,OFFSITE,,,,,,,
236019,9 000000146,R9-2019-0166,,Oceanside City,"La Salina WWTP, Oceanside Ocean Outfall",San Diego,R9_2011_0016New2014.pdf,R9-2011-0016,,PRESENT,PRESENT,,,PRESENT,PRESENT,,PRESENT,PRESENT,,,,,,,PRESENT,,,,,,,,,,,,,,,,,,,,,,,,,,,,,,,,,,,,,,,,,,,,,,,,,,,,,,,,,,,PRESENT,,,PRESENT,,,,,,PRESENT,,,,OFFSITE,,OFFSITE,,,,,,,
236019,9 000000146,R9-2019-0166,,Oceanside City,"La Salina WWTP, Oceanside Ocean Outfall",San Diego,AmendingOrderR920210199_Digitally Signed signed dwg 12-14-21.pdf,R9-2021-0199,,PRESENT,PRESENT,,,PRESENT,PRESENT,,PRESENT,PRESENT,,,,,,,PRESENT,,,,,,,,,,,,,,,,,,,,,,,,,,,,,,,,,,,,,,,,,,,,,,,,,,,,,,,,,,,PRESENT,,,PRESENT,,,,,,PRESENT,,,,,,,,,,,,,
236019,9 000000146,R9-2019-0166,,Oceanside City,"La Salina WWTP, Oceanside Ocean Outfall",San Diego,AmendedOrderR920190166_Digitally Signed signed dwg 12-14-21.pdf,R9-2019-0166,,PRESENT,PRESENT,,,PRESENT,PRESENT,,PRESENT,PRESENT,,,,,,,PRESENT,,,,,,,,,,,,,,,,,,,,,,,,,,,,,,,,,,,,,,,,,,,,,,,,,,,,,,,,,,,PRESENT,,,PRESENT,,,,,,PRESENT,,,,,,OFFSITE,,,,,,,
236019,9 000000146,R9-2019-0166,,Oceanside City,"La Salina WWTP, Oceanside Ocean Outfall",San Diego,Oceanside_Final_Adopted_Order_R9-2019-0166 (1).pdf,R9-2019-0166,,PRESENT,PRESENT,,,PRESENT,PRESENT,,PRESENT,PRESENT,,,,,,,PRESENT,,,,,,,,,,,,,,,,,,,,,,,,,,,,,,,,,,,,,,,,,,,,,,,,,,,,,,,,,,,PRESENT,,,PRESENT,,,,,,PRESENT,,,,,,,,,,,,,
236019,9 000000146,R9-2019-0166,,Oceanside City,"La Salina WWTP, Oceanside Ocean Outfall",San Diego,R9-2020-0190_Final_Order signed dwg 08-17-20.pdf,R9-2020-0190,,PRESENT,PRESENT,,,PRESENT,PRESENT,,PRESENT,PRESENT,,,,,,,PRESENT,,,,,,,,,,,,,,,,,,,,,,,,,,,,,,,,,,,,,,,,,,,,,,,,,,,,,,,,,,,PRESENT,,,PRESENT,,,,,,PRESENT,,,,,,,,,,,,,
236019,9 000000146,R9-2019-0166,,Oceanside City,"La Salina WWTP, Oceanside Ocean Outfall",San Diego,R9_2014_0108.pdf,R9-2014-0108,,PRESENT,PRESENT,,,PRESENT,PRESENT,,PRESENT,PRESENT,,,,,,,PRESENT,,,,,,,,,,,,,,,,,,,,,,,,,,,,,,,,,,,,,,,,,,,,,,,,,,,,,,,,,,,PRESENT,,,PRESENT,,,,,,PRESENT,,,,OFFSITE,,OFFSITE,,,,,,,
236019,9 000000146,R9-2019-0166,,Oceanside City,"La Salina WWTP, Oceanside Ocean Outfall",San Diego,R9-2019-0166_Amended2020 signed dwg 08-17-20.pdf,R9-2019-0166,,PRESENT,PRESENT,,,PRESENT,PRESENT,,PRESENT,PRESENT,,,,,,,PRESENT,,,,,,,,,,,,,,,,,,,,,,,,,,,,,,,,,,,,,,,,,,,,,,,,,,,,,,,,,,,PRESENT,,,PRESENT,,,,,,PRESENT,,,,,,OFFSITE,,,,,,,
236019,9 000000146,R9-2019-0166,,Oceanside City,"La Salina WWTP, Oceanside Ocean Outfall",San Diego,R9-2011-0016_amended2.pdf,R9-2011-0016,,PRESENT,PRESENT,,,PRESENT,PRESENT,,PRESENT,PRESENT,,,,,,,PRESENT,,,,,,,,,,,,,,,,,,,,,,,,,,,,,,,,,,,,,,,,,,,,,,,,,,,,,,,,,,,PRESENT,,,PRESENT,,,,,,PRESENT,,,,OFFSITE,,OFFSITE,,,,,,,
259220,8 360114003,R8-2017-0049,,San Bernardino City Municipal Water Dept,Margaret H Chandler WWRF,San Diego,R8-2017-0049_SBMWDWRF.pdf,2017-0049,,PRESENT,PRESENT,,,PRESENT,PRESENT,,,,,,,,,PRESENT,,,,,,,,OFFSITE,,,,,,,,PRESENT,PRESENT,,,,,,,,,,,,,,,,,,,,,,,,,,,,PRESENT,,,,,,,,,,,,,,,PRESENT,,,PRESENT,PRESENT,,,,,,,,,,,,OFFSITE,,,,,,
259220,8 360114003,R8-2017-0049,,San Bernardino City Municipal Water Dept,Margaret H Chandler WWRF,San Diego,12-0051_City_of_San_Bernardino_WDR.pdf,2012-0051,,PRESENT,PRESENT,,,PRESENT,PRESENT,,,,,,,,,PRESENT,,,,,,,,,,,,,,,,PRESENT,PRESENT,,,,,,,,,,,,,,,,,,,,,,,,,,,,PRESENT,,,,,,,,,,,,,,,PRESENT,,,PRESENT,PRESENT,,,,,,,,,,,,,,,,,,
240177,9 000000247,R9-2007-0018,,Vallecitos Water District,Meadowlark WRF,San Diego,Order No.R9-2007-0018.pdf,R9-2007-0018,,FUTURE,FUTURE,,,,,,,,,,,,,,FUTURE,,,,,,,,,,,,,,,,,,,,FUTURE,,,,,,,,,,,,,,,,,,,,,,,,FUTURE,,,,,,,,,,,,,,,,,,,,,,,,,,,,,,,,,,,,,
846371,9 000000031,R9-2018-0002,,,Membrane Filtration/Reverse Osmosis Facility - Escondido,San Diego,CA0107981_OrderR920180002.pdf,R9-2018-0002,,,,,,FUTURE,,,FUTURE,,,,,,,,,,,,,,,,,,,,,,,,,,,,,,,,,,,,,,,,FUTURE,FUTURE,FUTURE,,,FUTURE,,,,,,,,,,,,,,,,,,,,FUTURE,,,,,,,,,,,,,,,,,,,,,,,,
259156,8 302006002,R8-2015-0024,,Irvine Ranch Water District,Michelson WWRF,San Diego,12-0004_IRWD_Michelson_Amending_07-03.pdf,R8-2012-0004,,OFFSITE,OFFSITE,,,OFFSITE,OFFSITE,,,,,,,,,OFFSITE,,,,,,,,,,,,,,,,OFFSITE,OFFSITE,,,,OFFSITE,,,,,,,,,,,,,,OFFSITE,OFFSITE,,,,,OFFSITE,,,,OFFSITE,,OFFSITE,,,,OFFSITE,,,,,,OFFSITE,,,,,,,,,,,,,,,,,,,,,,,,,
259156,8 302006002,R8-2015-0024,,Irvine Ranch Water District,Michelson WWRF,San Diego,R8-2018-0070_IRWD__Amending_R8-2015-0024.pdf,R8-2018-0070,,PRESENT,,,,PRESENT,,,,,,,,,,,PRESENT,,,,,,,,,,,,,,,,,,,,PRESENT,OFFSITE,,,,,,,,,,,,,,,,,OFFSITE,,,,,,,,,,,,,,,,,,,,,FUTURE,,,PRESENT,FUTURE,,,,,FUTURE,,,,,,,,,,,FUTURE,FUTURE,
259156,8 302006002,R8-2015-0024,,Irvine Ranch Water District,Michelson WWRF,San Diego,07-0003 IRWD Michelson.pdf,R8-2007-0003,PRESENT,PRESENT,PRESENT,,,,,,PRESENT,,,,,,,PRESENT,,,,,,,,,,,,,,,,PRESENT,PRESENT,,,,PRESENT,,,,,,,,,,,,,,,,,,,,PRESENT,,,,PRESENT,,,,,,PRESENT,,,,,,PRESENT,,,,,,PRESENT,,,,,,,,,,,,,,,,,,,
259156,8 302006002,R8-2015-0024,,Irvine Ranch Water District,Michelson WWRF,San Diego,R8-2015-0024_Irvine Ranch Water District.pdf,2015-0024,,PRESENT,PRESENT,,,PRESENT,PRESENT,,PRESENT,,,,,,,PRESENT,,,,,,,,,,,,,,,,PRESENT,PRESENT,,,,,PRESENT,,,,,,,,,,,,,,PRESENT,,,,,PRESENT,,,,,,PRESENT,,,,PRESENT,,,,,,PRESENT,PRESENT,,FUTURE,,,FUTURE,FUTURE,,,,,FUTURE,,,,,,OFFSITE,,,,,FUTURE,FUTURE,
244506,9 000003607,R9-2020-0001,,,North City WRP,San Diego,Adopted Amended OrderNo.R9-2020-0001 signed dwg 08-13-20.pdf,R9-2020-0001,,PRESENT,PRESENT,,,PRESENT,PRESENT,,PRESENT,,,,,,,PRESENT,,,,,,,,,,,,,,PRESENT,,PRESENT,PRESENT,,,,PRESENT,,,,,,,,,,,,,,,,,,,,PRESENT,,,,PRESENT,,,,,,,,,,,,,PRESENT,,,,,,,,,,,,,,,,,,,,,,,,
245795,9 000000146,R9-2019-0166,CA0107433,Oceanside City,Oceanside Ocean Outfall,San Diego,R9-2019-0166_Amended2020 signed dwg 08-17-20.pdf,R9-2019-0166,,OFFSITE,OFFSITE,,,OFFSITE,OFFSITE,,OFFSITE,OFFSITE,,,,,,,OFFSITE,,,,,,,,,,,,,,,,,,,,OFFSITE,,,,,,,,,,,,OFFSITE,,,,,OFFSITE,,,,,,OFFSITE,OFFSITE,,,,,,,,,,,,OFFSITE,,,OFFSITE,,,OFFSITE,,,,,,OFFSITE,,,,OFFSITE,,,,,,,,,
245795,9 000000146,R9-2019-0166,CA0107433,Oceanside City,Oceanside Ocean Outfall,San Diego,AmendingOrderR920210199_Digitally Signed signed dwg 12-14-21.pdf,R9-2021-0199,,OFFSITE,OFFSITE,,,OFFSITE,OFFSITE,,OFFSITE,OFFSITE,,,,,,,OFFSITE,,,,,,,,,,,,,,,,OFFSITE,,,,OFFSITE,,,,,,,,,,,,,,,,,OFFSITE,,,,,,OFFSITE,OFFSITE,,,,,,,,,,,,,OFFSITE,,OFFSITE,,,OFFSITE,,,,,,OFFSITE,,,,,,,,,,,,,
245795,9 000000146,R9-2019-0166,CA0107433,Oceanside City,Oceanside Ocean Outfall,San Diego,R9_2014_0108.pdf,R9-2014-0108,,OFFSITE,OFFSITE,,,OFFSITE,OFFSITE,,OFFSITE,OFFSITE,,,,,,,OFFSITE,,,,,,,,,,,,,,,,,,,,,,,,,,,,,,,,OFFSITE,,,,,OFFSITE,,,,,,,,,,,,OFFSITE,,,,,,,OFFSITE,OFFSITE,,OFFSITE,,,OFFSITE,,,,,,OFFSITE,,,,OFFSITE,,OFFSITE,,,,,,,
245795,9 000000146,R9-2019-0166,CA0107433,Oceanside City,Oceanside Ocean Outfall,San Diego,Oceanside_Final_Adopted_Order_R9-2019-0166 (1).pdf,R9-2019-0166,,OFFSITE,OFFSITE,,,OFFSITE,OFFSITE,,OFFSITE,OFFSITE,,,,,,,OFFSITE,,,,,,,,,,,,,,,,,,,,OFFSITE,,,,,,,,,,,,OFFSITE,,,,,OFFSITE,,,,,,OFFSITE,OFFSITE,,,,,,,,,,,,,OFFSITE,,OFFSITE,,,OFFSITE,OFFSITE,,,,,OFFSITE,,,,,,,,,,,,,
245795,9 000000146,R9-2019-0166,CA0107433,Oceanside City,Oceanside Ocean Outfall,San Diego,R9_2011_0016New2014.pdf,R9-2011-0016,,OFFSITE,OFFSITE,,,OFFSITE,OFFSITE,,OFFSITE,OFFSITE,,,,,,,OFFSITE,,,,,,,,,,,,,,,,,,,,,,,,,,,,,,,,OFFSITE,,,,,OFFSITE,,,,,,,,,,,,OFFSITE,,,,,,,OFFSITE,OFFSITE,,OFFSITE,,,OFFSITE,,,,,,OFFSITE,,,,OFFSITE,,OFFSITE,,,,,,,
245795,9 000000146,R9-2019-0166,CA0107433,Oceanside City,Oceanside Ocean Outfall,San Diego,R9-2020-0190_Final_Order signed dwg 08-17-20.pdf,R9-2020-0190,,OFFSITE,OFFSITE,,,OFFSITE,OFFSITE,,OFFSITE,OFFSITE,,,,,,,OFFSITE,,,,,,,,,,,,,,,,,,,,OFFSITE,,,,,,,,,,,,OFFSITE,,,,,OFFSITE,,,,,,OFFSITE,OFFSITE,,,,,,,,,,,,,OFFSITE,,OFFSITE,,,OFFSITE,OFFSITE,,,,,OFFSITE,,,,,,OFFSITE,,,,,,,
245795,9 000000146,R9-2019-0166,CA0107433,Oceanside City,Oceanside Ocean Outfall,San Diego,AmendedOrderR920190166_Digitally Signed signed dwg 12-14-21.pdf,R9-2019-0166,,OFFSITE,OFFSITE,,,OFFSITE,OFFSITE,,OFFSITE,OFFSITE,,,,,,,OFFSITE,,,,,,,,,,,,,,,,,,,,,,,,,,,,,,,,OFFSITE,,,,,OFFSITE,,,,,,OFFSITE,OFFSITE,,,,,,,,,,,,,OFFSITE,,OFFSITE,,,OFFSITE,OFFSITE,,,,,OFFSITE,,,,,,,OFFSITE,,,,,,
245795,9 000000146,R9-2019-0166,CA0107433,Oceanside City,Oceanside Ocean Outfall,San Diego,R9-2011-0016_amended2.pdf,R9-2011-0016,,PRESENT,PRESENT,,,PRESENT,PRESENT,,PRESENT,PRESENT,,,,,,,PRESENT,,,,,,,,,,,,,,,,,,,,,,,,,,,,,,,,PRESENT,,,,,PRESENT,,,,,,,,,,,,PRESENT,,,,,,,PRESENT,,,PRESENT,,,PRESENT,,,,,,PRESENT,,,,OFFSITE,,OFFSITE,,,,,,,
247750,3 400105001,R3-2021-0001,,,Paso Robles WWTP,San Diego,Order R3-2021-0001_final.pdf,R3-2021-0001,,PRESENT,PRESENT,,,PRESENT,PRESENT,,,PRESENT,,,,,,PRESENT,,,,,PRESENT,,,PRESENT,,,PRESENT,,,,,PRESENT,PRESENT,,,,PRESENT,,PAST,,,,,,,,,,,,,,,,,,,,,,PRESENT,PRESENT,PRESENT,,,,,,,,,,,PRESENT,,PRESENT,,,PRESENT,,,PRESENT,,,PRESENT,PRESENT,,,,,,,,,,PRESENT,PRESENT,
247750,3 400105001,R3-2021-0001,,,Paso Robles WWTP,San Diego,R3-2011-0002 _Final_Adopted_Revised.pdf,R3-2011-0002,,PRESENT,PRESENT,,,PRESENT,PRESENT,,,,,,,,,FUTURE,,,PRESENT,,PRESENT,,,,,,,,,,,FUTURE,,,,,,,PRESENT,,,,,,,,,,,,,,,,,,PRESENT,,,,PRESENT,,,,,,,PRESENT,,,,,,,,PRESENT,,,,,,PRESENT,,,PRESENT,,,,,,OFFSITE,,,,,FUTURE,FUTURE,
247809,9 000000145,2014-0153-DWQ,,Pauma Valley Community Services District,Pauma Valley Treatment Plant,San Diego,NOA_Pauma_Valley_WWTP signed dwg 05-12-21.pdf,WQ-2014-0153-DWQ,,,,,PRESENT,,,,,,,,,,,,,,,,,,,PRESENT,,,,,,,,,,,,,,,,,,,,,,,,,,,,,,,,,,,,,,,,,,,,,,,,,,,,,PRESENT,,,,,,,,,,,,,,,,,,,,,
248439,9 000000099,2014-0153-DWQ,,San Diego County Dept of Public Works,Pine Valley WW Polltn Cntl Fac (Pine Valley Sanitation District) OWTS,San Diego,Signed NOA with Enclosures- Pine Valley.pdf,WQ-2014-0153-DWQ,,,,,,,,,,,,,,,,,PRESENT,,,,,,,PRESENT,,,,,,,,,,,,,,,,,,,,,,,,,,,,,,,,,,,,,,,,,,,,,,,,,,,,,,,,,,,,,,,,,,,,,,,,,,
248519,3 400106001,R3-2015-0016,,Pismo Beach City ,Pismo Beach WWTP,San Diego,2015_0016_npdes.pdf.pdf,R3-2015-0016,,,PRESENT,,,PRESENT,,,,PRESENT,,PRESENT,,,,,,,,,,,,,,,,,,,,,PRESENT,,,,,,,,,,,,,,,,,,,,,,,,,,,,PRESENT,PRESENT,,,,,,,,,,,,,,,,,PRESENT,,,,,,PRESENT,,,,,OFFSITE,,,,,,,,
248796,9 000000275,R9-2026-0002,CA0107409,San Diego City Metropolitan Wastewater Dept (Public Utilities),Point Loma WWTP & Ocean Outfall,San Diego,PtLomaWWTP_2017FinalOrder.pdf,R9-2017-0007,,PRESENT,,,,PRESENT,PRESENT,,,,,,,,,,,,,,,,,,,,,,,,,,,,,,,,,,,,,,,,,,,,,,,,,,PRESENT,PRESENT,,,PRESENT,,,,,,,PRESENT,PRESENT,,,PRESENT,,,,PRESENT,,,OFFSITE,,,,,,,,,,OFFSITE,,OFFSITE,,,,,,,
248796,9 000000275,R9-2026-0002,CA0107409,San Diego City Metropolitan Wastewater Dept (Public Utilities),Point Loma WWTP & Ocean Outfall,San Diego,Point Loma_Final Permit_CA0107409.pdf,R9-2026-0002,,PRESENT,,,,PRESENT,PRESENT,,,,,,,,,,,,,,,,,,,,,,,,,,,,,,,,,,,,,,,,,,,,,,,,,,PRESENT,PRESENT,,,PRESENT,,,,,,,PRESENT,PRESENT,,,PRESENT,,,,PRESENT,,,OFFSITE,,,,,,,,,,OFFSITE,,OFFSITE,,,,,,,
251548,9 000000217,R9-2007-0038,,Otay MWD,Ralph W Chapman WRF,San Diego,Order No. R9-2007-0038.pdf,R9-2007-0037,PRESENT,,PRESENT,,,PRESENT,PRESENT,,,,,,,,,,PRESENT,,,,,,,,,,,,,,,,,,,,PRESENT,,,,,,,,,,,,,,,,,PRESENT,,,,PRESENT,,,PRESENT,,,,,,,,,,,,,PRESENT,,,,,,,,,,,,,,,,,,,,,,,,
251653,9 000000123,2014-0153-DWQ,,San Diego County Sanitation District,Rancho Del Campo WPCF OWTS,San Diego,NOA_RanchDelCampoWWTP.pdf,WQ-2014-0153-DWQ,,PRESENT,PRESENT,,PRESENT,,,,,,,,,,,,PRESENT,,,,,,,OFFSITE,,,,,,,,PRESENT,,,,,,,PRESENT,,,,,,,,,,,,,,,,,,,,,,,,,,,,,,,,,,,,,PRESENT,,,PRESENT,,,,,,,,,,,,,,,,,,,PRESENT
269042,2 019123001,R2-2022-0023,,,Raymond A. Boege Alvarado WWTP (Union SD),San Diego,R2-2018-0010.pdf,R2-2018-0010,,PRESENT,PRESENT,,,PRESENT,PRESENT,,PRESENT,,,,,,,PRESENT,FUTURE,,,,,,,,,,,,,,,PRESENT,PRESENT,,,,,,,,,,,,,,,,,,,,,,,,,,,,PRESENT,PRESENT,,,,,,,,,,,,,,,,,,,,,,,,,,,,,,,,,,,,
269042,2 019123001,,,,Raymond A. Boege Alvarado WWTP (Union SD),San Diego,EBDA - R2-2022-0023.pdf,R2-2022-0023,,PRESENT,PRESENT,,,PRESENT,,,FUTURE,,,,,,,FUTURE,PRESENT,,,,,,,,,,,,,,,FUTURE,,,,,,,,,,,,,,,,,,,,,,,,,,,,,PRESENT,FUTURE,,,,,,,,,,,,,,,,,,,,,,,,,,,,,,,,,,,,
269042,2 019123001,R2-2022-0023,,,Raymond A. Boege Alvarado WWTP (Union SD),San Diego,EBDA - R2-2017-0016.pdf,R2-2017-0016,,PRESENT,PRESENT,,,PRESENT,,,,,,,,,,,PRESENT,,,,,,,,,,,,,,,,,,,,,,,,,,,,,,,,,,,,,,,,,,,,PRESENT,,,,,,,,,,,,,,,PRESENT,,,PRESENT,PRESENT,,,,,PRESENT,,,,,OFFSITE,,,,,,,,
269042,2 019123001,R2-2022-0023,,,Raymond A. Boege Alvarado WWTP (Union SD),San Diego,R2-2012-0004.pdf,R2-2012-0004,,PRESENT,PRESENT,,,PRESENT,,,,,,,,,,,PRESENT,,,,,,,,,,,,,,,,,,,,,,,,,,,,,,,,,,,,,,,,,,,,PRESENT,OFFSITE,,,,,,,,,,,,,,PRESENT,,,PRESENT,PRESENT,,,,,PRESENT,,,,,,,,,,,,,
269042,2 019123001,R2-2022-0023,,,Raymond A. Boege Alvarado WWTP (Union SD),San Diego,Nutrient Watershed Permit - R2-2014-0014.pdf,R2-2014-0014,,,PRESENT,,,PRESENT,,,,,,,,,,,,,,,,,,,,,,,,,,,,,,,,,,,,,,,,,,,,,,,,,,,,,,,,,,,,,,,,,,,,,,,,,,,,,,,,,,,,,,,,,,,,
259149,8 360112001,R8-2014-0010,,Rialto City,Rialto WWRF,San Diego,14-0010_Rialto_City_of_Renewal_WDR_MWWTP.pdf,2014-0010,,PRESENT,PRESENT,,,PRESENT,PRESENT,,PRESENT,,,,,,,PRESENT,PRESENT,,,,,,,PRESENT,,,,,,PRESENT,,PRESENT,PRESENT,,,,PRESENT,,,,,,,,,,,,,,,,,,,,,,,,PRESENT,PRESENT,FUTURE,,,,,,PRESENT,,,,,,,PRESENT,,,PRESENT,,,PRESENT,,,PRESENT,PRESENT,,,,,,,,,,,,
252657,2 071107001,R2-2024-0008,,,Richmond WPCP,San Diego,WCA R2-2008-0003.pdf,R2-2008-0003,,PRESENT,PRESENT,,,PRESENT,PRESENT,,,,,,,,,,PRESENT,,,,,,,,,,,,,,,,,,,,,,,,,,,,,,,,,,,,,,,,,,,,PRESENT,PRESENT,,,,,,,,,,,,,,,,,,,,,,,,,,,,,,,,,,,,
252657,2 071107001,R2-2024-0008,,,Richmond WPCP,San Diego,R2-2024-0008 West County.pdf,R2-2024-0008,,PRESENT,PRESENT,,,PRESENT,PRESENT,,PRESENT,PRESENT,,,,,,PRESENT,PRESENT,,,,,,,,,,,,,,,,PRESENT,,,,,,,,,,,,,,,,,,,,,,,,,,,,PRESENT,PRESENT,,,,,,,,,,,,,,PRESENT,,,,,,,,,PRESENT,,,,,,OFFSITE,,,,,,,
252657,2 071107001,R2-2024-0008,,,Richmond WPCP,San Diego,WCA R2-2019-0003 - 02-2019.pdf,R2-2019-0003,,PRESENT,PRESENT,,,PRESENT,FUTURE,,,PRESENT,,,,,,,PRESENT,,,,,,,,,,,,,,,,,,,,,,,,,,,,,,,,,,,,,,,,FUTURE,FUTURE,,,PRESENT,PRESENT,,,,,,,,,,,,FUTURE,,PRESENT,,,,,,,,,PRESENT,,,,,,,,,,,,,
259150,8 330117003,R8-2013-0016,,Riverside City,Riverside City WWRF,San Diego,13-0016_Riverside_City_of_Dept_of_Public_Works.pdf,2013-0016,,PRESENT,PRESENT,,,PRESENT,PRESENT,,PRESENT,PRESENT,,,,,,,PRESENT,,,,,,,,,,,,,,,,,,,,PRESENT,,,,,,,,,,,,,,,FUTURE,,,,,PRESENT,PRESENT,,,PRESENT,PRESENT,,,,,PRESENT,,PRESENT,,,,,,,PRESENT,,,PRESENT,PRESENT,,,,,PRESENT,,,,,,,,,,,,,
255265,9 000000125,R9-2018-0003,,San Elijo Joint Powers,San Elijo Water Campus,San Diego,R9-2005-0100 San Elijo NPDES ocean outfall.pdf,R9-2005-0100,,,PRESENT,,,,,,,,,,,,,,PRESENT,,,,,,,,,,,,,,,,,,,,,,,,,,,,,,,,,,,,,,,,,,,,,,,,,,,,,,,,,,,,,,,,,,,,,,,,,,,,,,,,,
255265,9 000000125,R9-2018-0003,,San Elijo Joint Powers,San Elijo Water Campus,San Diego,CA0107999_OrderR920180003.pdf,R9-2018-0003,,PRESENT,PRESENT,,,PRESENT,PRESENT,,PRESENT,PRESENT,,,,,,,PRESENT,,,,,,,,,,,,,,,,,,,,PRESENT,,,,,,,,,,,,PRESENT,,PRESENT,,,,,,PRESENT,PRESENT,,,,,,,,,,,,,,,,PRESENT,,PRESENT,,,PRESENT,,,,,,PRESENT,,,,OFFSITE,,,,,,,,,
255368,2 019123001,R2-2022-0023,,,San Leandro WPCP,San Diego,R2-2018-0010.pdf,R2-2018-0010,,PRESENT,PRESENT,,,PRESENT,PRESENT,,PRESENT,,,,,,,FUTURE,PRESENT,,,,,,,,,,,,,,,FUTURE,FUTURE,,,,,,,,,,,,,,,,,,,,,,,,,,,,PRESENT,PRESENT,,,,,,,,,,,,,,,,,,,,,,,,,,,,,,,,,,,,
255368,2 019123001,,,,San Leandro WPCP,San Diego,EBDA - R2-2022-0023.pdf,R2-2022-0023,,PRESENT,PRESENT,,,PRESENT,PRESENT,,PRESENT,,,,,,,,PRESENT,,,,,,,PRESENT,,,,,,,,,,,,,,,PRESENT,,,,,,,,,,,,,,,,FUTURE,,,,,,PRESENT,,,,,,,,,,,,,,,PRESENT,,,PRESENT,,,PRESENT,,,,,,,OFFSITE,,,,,,,,,
255368,2 019123001,R2-2022-0023,,,San Leandro WPCP,San Diego,R2-2012-0004.pdf,R2-2012-0004,PRESENT,PRESENT,PRESENT,,,,FUTURE,,,,,,,,,,PRESENT,,,,,,,PRESENT,,,,,,,,,,,,,,,PRESENT,,,,,,,,,,,,,,,,,,,,,,PRESENT,,,,,,,,,,,,,,,PRESENT,,,PRESENT,,,PRESENT,,,,,,,,,,,,,,,,
255368,2 019123001,R2-2022-0023,,,San Leandro WPCP,San Diego,Nutrient Watershed Permit - R2-2014-0014.pdf,R2-2014-0014,,,PRESENT,,,PRESENT,,,,,,,,,,,PRESENT,,,,,,,,,,,,,,,,,,,,,,,,,,,,,,,,,,,,,,,,,,,,,,,,,,,,,,,,,,,,,,,,,,,,,,,,,,,,,,,,,
255368,2 019123001,R2-2022-0023,,,San Leandro WPCP,San Diego,EBDA - R2-2017-0016.pdf,R2-2017-0016,,PRESENT,PRESENT,,,PRESENT,PRESENT,,PRESENT,,,,,,,,PRESENT,,,,,,,,,,,,,,,,,,,,,,PRESENT,,,,,,,,,,,,,,,,,,,,,,PRESENT,,,,,,,,,,,,,,,PRESENT,,,PRESENT,,,PRESENT,,,,,,,,,,,,,,FUTURE,FUTURE,
255368,2 01NPI441309,R2-2022-0006,,,San Leandro WPCP,San Diego,R2-2022-0006.pdf,R2-2022-0006,,PRESENT,PRESENT,,,PRESENT,PRESENT,,PRESENT,,,,,,,FUTURE,PRESENT,,,,,,,,,,,,,,,FUTURE,FUTURE,,,,,,PRESENT,,FUTURE,,,,,,,,,,,,,,FUTURE,,,,,,PRESENT,FUTURE,,,,,,,,,,,,,,PRESENT,,,PRESENT,,,PRESENT,,,,,,,OFFSITE,,,,,,,,,
255392,9 000000146,R9-2019-0166,,Oceanside City,San Luis Rey Water Reclamation Facility (NPDES - Ocean Discharge),San Diego,AmendedOrderR920190166_Digitally Signed signed dwg 12-14-21.pdf,R9-2019-0166,,PRESENT,PRESENT,,,PRESENT,PRESENT,,PRESENT,,,,,,,FUTURE,PRESENT,,,,,,,,,,,,,,,FUTURE,PRESENT,,,,,,,,,,,,,,,,FUTURE,,FUTURE,,,,,FUTURE,,,,,PRESENT,,,,,,,,,,,FUTURE,,,,PRESENT,,,PRESENT,PRESENT,,,,,PRESENT,,,,OFFSITE,,OFFSITE,,,,,,,
255392,9 000000146,R9-2019-0166,,Oceanside City,San Luis Rey Water Reclamation Facility (NPDES - Ocean Discharge),San Diego,R9-2020-0190_Final_Order signed dwg 08-17-20.pdf,R9-2020-0190,,PRESENT,PRESENT,,,PRESENT,PRESENT,,PRESENT,,,,,,,,PRESENT,,,,,,,,,,,,,,,,,,,,,,,,,,,,,,,,,,,,,,,,,,,,PRESENT,,,,,,,,,,,,,,,PRESENT,,,PRESENT,PRESENT,,,,,PRESENT,,,,OFFSITE,,OFFSITE,,,,,,,
255392,9 000000146,R9-2019-0166,,Oceanside City,San Luis Rey Water Reclamation Facility (NPDES - Ocean Discharge),San Diego,AmendingOrderR920210199_Digitally Signed signed dwg 12-14-21.pdf,R9-2021-0199,,PRESENT,PRESENT,,,PRESENT,PRESENT,,PRESENT,,,,,,,FUTURE,PRESENT,,,,,,,,,,,,,,,FUTURE,,,,,,,,,,,,,,,,,FUTURE,,FUTURE,,,,,FUTURE,,,,,PRESENT,,,,,,,,,,,FUTURE,,,,PRESENT,,,PRESENT,PRESENT,,,,,PRESENT,,,,OFFSITE,,OFFSITE,,,,,,,
255392,9 000000146,R9-2019-0166,,Oceanside City,San Luis Rey Water Reclamation Facility (NPDES - Ocean Discharge),San Diego,R9-2011-0016_amended2.pdf,R9-2011-0016,,PRESENT,PRESENT,,,PRESENT,PRESENT,,PRESENT,,,,,,,,PRESENT,,,,,,,,,,,,,,,,,,,,,,,,,,,,,,,,,,,,,,,,,,,,,,,,,PRESENT,,,,,,,,,,PRESENT,,,PRESENT,,,,,,PRESENT,,,,OFFSITE,,OFFSITE,,,,,,,
255392,9 000000146,R9-2019-0166,,Oceanside City,San Luis Rey Water Reclamation Facility (NPDES - Ocean Discharge),San Diego,R9_2014_0108.pdf,R9-2014-0108,,PRESENT,PRESENT,,,PRESENT,PRESENT,,PRESENT,,,,,,,,PRESENT,,,,,,,,,,,,,,,,,,,,,,,,,,,,,,,,,,,,,,,,,,,,,,,,,PRESENT,,,,,,,,,,PRESENT,,,PRESENT,,,,,,PRESENT,,,,OFFSITE,,OFFSITE,,,,,,,
255392,9 000000146,R9-2019-0166,,Oceanside City,San Luis Rey Water Reclamation Facility (NPDES - Ocean Discharge),San Diego,R9_2011_0016New2014.pdf,R9-2011-0016,,PRESENT,PRESENT,,,PRESENT,PRESENT,,PRESENT,,,,,,,,PRESENT,,,,,,,,,,,,,,,,,,,,,,,,,,,,,,,,,,,,,,,,,,,,,,,,,PRESENT,,,,,,,,,,PRESENT,,,PRESENT,,,,,,PRESENT,,,,OFFSITE,,OFFSITE,,,,,,,
255392,9 000000146,R9-2019-0166,,Oceanside City,San Luis Rey Water Reclamation Facility (NPDES - Ocean Discharge),San Diego,R9-2019-0166_Amended2020 signed dwg 08-17-20.pdf,R9-2019-0166,,PRESENT,PRESENT,,,PRESENT,PRESENT,,PRESENT,,,,,,,,PRESENT,,,,,,,,,,,,,,,,,,,,,,,,,,,,,,,,,,,,,,,,,,,,PRESENT,,,,,,,,,,,,,,,PRESENT,,,PRESENT,,,,,,PRESENT,,,,OFFSITE,,OFFSITE,,,,,,,
255392,9 000000146,R9-2019-0166,,Oceanside City,San Luis Rey Water Reclamation Facility (NPDES - Ocean Discharge),San Diego,Oceanside_Final_Adopted_Order_R9-2019-0166 (1).pdf,R9-2019-0166,,PRESENT,PRESENT,,,PRESENT,PRESENT,,PRESENT,,,,,,,,PRESENT,,,,,,,,,,,,,,,,,,,,,,,,,,,,,,,,,,,,,,,,,,,,PRESENT,,,,,,,,,,,,,,,PRESENT,,,PRESENT,PRESENT,,,,,PRESENT,,,,OFFSITE,,OFFSITE,,,,,,,
255679,9 000000077,R9-2016-0154,,Ramona MWD,Santa Maria WWTP,San Diego,R9-2016-0154 Signed.pdf,R9-2016-0154,PRESENT,,PRESENT,,,,,,PRESENT,,,,,,,,PRESENT,,,,,,,,,,,,,,,,,,,,PRESENT,,,,,,,,,,,,,,,,,,,,,PRESENT,,,PRESENT,,,,,,,,,,,,,,,,PRESENT,,PRESENT,PRESENT,,PRESENT,,,,,,,,,,,,,,,,
256011,3 440103001,R3-2013-0001,,Scotts Valley,Scotts Valley WWTP,San Diego,Scotts Valley WWTP NPDES Permit R3-2013-0001.pdf,R3-2013-0001,,,,,PRESENT,PRESENT,PRESENT,,PRESENT,,,,,,,,PRESENT,,,,,,,,,,,,,,,,,,,,,,,,,,,,,,,,,,,,,,,,,,,,,,,,,PRESENT,,,,,,,,,,PRESENT,,,PRESENT,,,,,,,,,,,,OFFSITE,,,,,,,
261253,4A560110001,R4-2026-0150,,Simi Valley City,Simi Valley WQCP,San Diego,Adopted Simi Valley NPDES Permit CI 3021 05282026_ADAchecked_signed.pdf,R4-2026-0150,,PRESENT,PRESENT,,,PRESENT,PRESENT,,PRESENT,,,,,,,PRESENT,,,,,,,,,,,,,,,,PRESENT,PRESENT,,,,PRESENT,,,,,,,,,,,,,,,,,,,,,,,,PRESENT,PRESENT,,,,,,,,,,,,,,PRESENT,,,PRESENT,,,,,,,,,,,,,,,,,,,
261253,4A560110001,R4-2019-0135,,Simi Valley City,Simi Valley WQCP,San Diego,3021_R4-2019-0135_WDR_PKG.pdf,R4-2019-0135,,PRESENT,PRESENT,,,,,,,,,,,,,PRESENT,,,,,,,,,,,,,,,,PRESENT,PRESENT,,,,PRESENT,,,,,,,,,,,,,,,,,,,,,,,,PRESENT,PRESENT,,,,,,,,,,,,,,PRESENT,,,PRESENT,,,,,,,,,,,,OFFSITE,,,,,,,
261253,4A560110001,R4-2019-0135,,Simi Valley City,Simi Valley WQCP,San Diego,3021_R4-2014-0066-A01_WDR_PKG_amd.pdf,R4-2014-0066,,PRESENT,PRESENT,,,,,,,,,,,,,PRESENT,,,,,,,,,,,,,,,,PRESENT,PRESENT,,,,PRESENT,,,,,,,,,,,,,,,,,,,,,,,,PRESENT,PRESENT,,,,,,,,,PRESENT,,,,,PRESENT,,,PRESENT,,,,,,,,,,,,OFFSITE,,,,,,,
257821,9 000000732,R9-2021-0001,CA0108928,United States Section of the International Boundary and Water Commission (USIBWC),South Bay International WWTP,San Diego,r9-2021-0001.pdf,R9-2021-0001,,PRESENT,PRESENT,,,PRESENT,PRESENT,,,PRESENT,,,,,,,PRESENT,,,,,,,,,,,,,,,,,,,,,,,,,,,,,,,,,,,,,,,,PRESENT,PRESENT,,,PRESENT,,,,,,,PRESENT,PRESENT,,,,PRESENT,,,,,,PRESENT,,,,,,PRESENT,,,PRESENT,,,,OFFSITE,,,,,,
257821,9 000000732,R9-2021-0001,CA0108928,United States Section of the International Boundary and Water Commission (USIBWC),South Bay International WWTP,San Diego,FinalOrder.pdf,R9-2014-0009,,PRESENT,PRESENT,,,PRESENT,PRESENT,,,PRESENT,,,,,,,PRESENT,,,,,,,,,,,,,,,,,,,,,,,,,,,,,,,,,,,,,,,,PRESENT,PRESENT,,,PRESENT,,,,,,,PRESENT,PRESENT,PRESENT,,,PRESENT,,,,,,PRESENT,,,,,,PRESENT,,,,,,,OFFSITE,,,,,,
257821,9 000000732,R9-2021-0001,CA0108928,United States Section of the International Boundary and Water Commission (USIBWC),South Bay International WWTP,San Diego,FinalAmendedOrderNoR9-2014-0009.pdf,R9-2014-0009,,PRESENT,PRESENT,,,PRESENT,PRESENT,,,PRESENT,,,,,,,PRESENT,,,,,,,,,,,,,,,,,,,,,,,,,,,,,,,,,,,,,,,,PRESENT,PRESENT,,,PRESENT,,,,,,,PRESENT,PRESENT,,,,PRESENT,,,,,,PRESENT,,,,,,PRESENT,,,PRESENT,,,,OFFSITE,,,,,,
257821,9 000000732,R9-2021-0001,CA0108928,United States Section of the International Boundary and Water Commission (USIBWC),South Bay International WWTP,San Diego,SBIWTP_AmendingOrder2019.pdf,R9-2019-0012,,PRESENT,PRESENT,,,PRESENT,PRESENT,,,PRESENT,,,,,,,PRESENT,,,,,,,,,,,,,,,,,,,,,,,,,,,,,,,,,,,,,,,,PRESENT,PRESENT,,,PRESENT,,,,,,,PRESENT,PRESENT,,,,PRESENT,,,,,,PRESENT,,,,,,PRESENT,,,PRESENT,,,,OFFSITE,,,,,,
257821,9 000000732,R9-2021-0001,CA0108928,United States Section of the International Boundary and Water Commission (USIBWC),South Bay International WWTP,San Diego,r9-2021-0001-amended-r9-2023-0009-amended-r9-2026-0005.pdf,R9-2021-0001,,PRESENT,PRESENT,,,PRESENT,PRESENT,,,PRESENT,,,,,,,PRESENT,,,,,,,,,,,,,,,,,,,,,,,,,,,,,,,,,,,,,,,,PRESENT,PRESENT,,,PRESENT,,,,,,,PRESENT,PRESENT,,,,PRESENT,,,,,,PRESENT,,,,,,PRESENT,,,PRESENT,,,,OFFSITE,,,,,,
257831,9 000000900,R9-2021-0011,CA0109045,San Diego City Metropolitan Wastewater Dept (Public Utilities),South Bay WRP,San Diego,r9-2021-0011.pdf,R9-2021-0011,,PRESENT,PRESENT,,,PRESENT,PRESENT,,PRESENT,,,,,,,,PRESENT,,,,,,,,,,,,,,,PRESENT,PRESENT,,,,PRESENT,,,,,,,,,,,,,,,,,,,,,,,,,,PRESENT,,,,,,,,,,,,,OFFSITE,,,OFFSITE,,,,,,OFFSITE,,,,OFFSITE,,OFFSITE,,,,,,,
257831,9 000000900,R9-2021-0011,CA0109045,San Diego City Metropolitan Wastewater Dept (Public Utilities),South Bay WRP,San Diego,FinalOrderNoR9-2014-0071.pdf,R9-2014-0071,,,,,,,,,,,,,,,,,,,,,,,,,,,,,,,,,,,,,,,,,,,,,,,,,,,,,,,,,,,,,,,,,,,,,,,,,,,,,,,,,,,,,,,,,,,,,,,,,,
257831,9 000000900,R9-2021-0011,CA0109045,San Diego City Metropolitan Wastewater Dept (Public Utilities),South Bay WRP,San Diego,FinalAmendedOrder_SanDiegoSBWRP.pdf,R9-2013-0006,,PRESENT,PRESENT,,,PRESENT,PRESENT,,PRESENT,,,,,,,PRESENT,,,,,,,,,,,,,,,,PRESENT,PRESENT,,,,PRESENT,,,,,,,,,,,,,,,,,,,,,,,,,,PRESENT,,,,,,,,,,,,,OFFSITE,,,OFFSITE,,,,,,OFFSITE,,,,,,OFFSITE,,,,,,,
257831,9 000000900,R9-2021-0011,CA0109045,San Diego City Metropolitan Wastewater Dept (Public Utilities),South Bay WRP,San Diego,r9-2021-0011-amended-r9-2026-0006.pdf,R9-2021-0011,,PRESENT,PRESENT,,,PRESENT,PRESENT,,PRESENT,,,,,,,,PRESENT,,,,,,,,,,,,,,,PRESENT,PRESENT,,,,PRESENT,,,,,,,,,,,,PRESENT,,PRESENT,,,,,,,,,,,,PRESENT,,,,,,,,,,,,,OFFSITE,,,OFFSITE,,,,,,OFFSITE,,,,,,OFFSITE,,,,,,,
257831,9 000000900,R9-2021-0011,CA0109045,San Diego City Metropolitan Wastewater Dept (Public Utilities),South Bay WRP,San Diego,CA0109045_Final.pdf,R9-2013-0006,,PRESENT,PRESENT,,,PRESENT,PRESENT,,PRESENT,,,,,,,,,,,,,,,,,,,,,,,,PRESENT,,,,PRESENT,,,,,,,,,,,,,,,,,,,,,,,,,,PRESENT,,,,,,,,,,,,,OFFSITE,,,OFFSITE,,,,,,OFFSITE,,,,,,OFFSITE,,,,,,,
257831,9 000000900,R9-2021-0011,CA0109045,San Diego City Metropolitan Wastewater Dept (Public Utilities),South Bay WRP,San Diego,2006_0067.pdf,R9-2006-0067,,PRESENT,PRESENT,,,PRESENT,PRESENT,,PRESENT,,,,,,,,,,,,,,,,,,,,,,,,PRESENT,,,,PRESENT,,,,,,,,,,,,,,,,,,,,,,,,,,PRESENT,,,,,,,,,,,,,OFFSITE,,,OFFSITE,,,,,,OFFSITE,,,,,,OFFSITE,,,,,,,
257831,9 000000900,R9-2021-0011,CA0109045,San Diego City Metropolitan Wastewater Dept (Public Utilities),South Bay WRP,San Diego,SBWRPAmendedOrder_R9-2013-0006.pdf,R9-2013-0006,,PRESENT,PRESENT,,,PRESENT,PRESENT,,PRESENT,,,,,,,,,,,,,,,,,,,,,,,,PRESENT,,,,PRESENT,,,,,,,,,,,,,,,,,,,,,,,,,,PRESENT,,,,,,,,,,,,,OFFSITE,,,OFFSITE,,,,,,OFFSITE,,,,,,OFFSITE,,,,,,,
257831,9 000000900,R9-2021-0011,CA0109045,San Diego City Metropolitan Wastewater Dept (Public Utilities),South Bay WRP,San Diego,SBWRPAmendingOrder_R9-2017-0023.pdf,R9-2017-0023,,PRESENT,PRESENT,,,PRESENT,PRESENT,,PRESENT,,,,,,,,,,,,,,,,,,,,,,,,PRESENT,,,,PRESENT,,,,,,,,,,,,,,,,,,,,,,,,,,PRESENT,,,,,,,,,,,,,OFFSITE,,,OFFSITE,,,,,,OFFSITE,,,,,,OFFSITE,,,,,,,
257887,3 400111001,R3-2019-0002,,South San Luis Obispo CSD,South San Luis Obispo SD WWTP,San Diego,2009_0046_soslocosandistwdr.pdf,R3-2009-0046,,PRESENT,PRESENT,,,PRESENT,,,,,,,,,,,FUTURE,,,,,,,,,,,,,,,,,,,,,,PRESENT,,,,,,,,,,,,,,,,,,,,,,PRESENT,PRESENT,,,,,,,,,,,PRESENT,,,PRESENT,,,PRESENT,PRESENT,,PRESENT,,,,,,,,OFFSITE,,,,,,,,
257887,3 400111001,R3-2019-0002,,South San Luis Obispo CSD,South San Luis Obispo SD WWTP,San Diego,So_SLO_Order R3-2019-0002_final.pdf,R3-2019-0002,,,PRESENT,,,,,,,,,,,,,,,,,,,,,,,,,,,,,,,,,PRESENT,,,,,,,PRESENT,,,,,,,,,,,PRESENT,,,,,,,,,,,,,,,,,,,,,,,,,,,,,,,,,,,,,,,,,,,,
259689,6A181554001,R6T-2008-0022,,Susanville SD,Susanville Sanitary District WWTP,San Diego,R6T-2008-0022 WDR Susanville CSD.pdf,R6T-2008-0022,,,PRESENT,,,PRESENT,PRESENT,,,,,,,PRESENT,,,PRESENT,,,,,,,PRESENT,,,,,,,,,,,,,,,,,,,,,,,,,,,,,,,PRESENT,,,,,,PRESENT,PRESENT,,,,,,,,,,,,,,,,,,,,,,,,,,,,,,,,,,,,
259689,6A181554001,R6T-2008-0022,,Susanville SD,Susanville Sanitary District WWTP,San Diego,r6t_2008_0022_a1.pdf,R6T-2008-0022,,,,,,PRESENT,,,,,,,,,,,,,,,,,,,,,,,,,,,,,,,PRESENT,,,,,,,,,,,,,,,,,,PRESENT,,,,,,PRESENT,PRESENT,PRESENT,,,,,,,,,,,,,,,,,,,,,,,,,,,,,,,,,,,
259689,6A181554001,R6T-2008-0022,,Susanville SD,Susanville Sanitary District WWTP,San Diego,r6t_2008_0022_attach_f_i.pdf,,,,PRESENT,,,PRESENT,PRESENT,,,,,PRESENT,,PRESENT,,,PRESENT,,,,,,,,,,,,,,,,,,,,,,,,,,,,,,,,,,,,,,PRESENT,,,,,,PRESENT,PRESENT,FUTURE,,,,,,,,,,,,,,PRESENT,,PRESENT,PRESENT,,,,,,,,,OFFSITE,,OFFSITE,,,,,,,
266940,4B190104001,R4-2017-0124,,Las Virgenes MWD,Tapia WRF,San Diego,4760_R4-2017-0124_WDR_PKG.pdf,R4-2017-0124,,PRESENT,PRESENT,,PRESENT,PRESENT,PRESENT,,,,,,,,,PRESENT,,,,,,,,,,,,,,,,PRESENT,PRESENT,,,,PRESENT,,,,,,,,,,,,,,,,,,,,PRESENT,,,,PRESENT,PRESENT,,,,,PRESENT,,,,,,,,,OFFSITE,,,OFFSITE,,,,,,,,,,,OFFSITE,OFFSITE,,,,,,,
266940,4B190104001,R4-2017-0124,,Las Virgenes MWD,Tapia WRF,San Diego,4760_R4-2005-0074_WDR.pdf,R4-2005-0074,,PRESENT,PRESENT,,,PRESENT,PRESENT,,FUTURE,,,,,,,PRESENT,PRESENT,,,,PRESENT,,,,,,,,,,,,PRESENT,,,,PRESENT,,,,,,,,,,,,FUTURE,,,FUTURE,,,FUTURE,,PRESENT,PRESENT,,,PRESENT,PRESENT,,,,,,,,,,,,PRESENT,,OFFSITE,PRESENT,,OFFSITE,OFFSITE,,,,,,,,,OFFSITE,OFFSITE,,,,,,,,
266940,4B190104001,R4-2017-0124,,Las Virgenes MWD,Tapia WRF,San Diego,4760_R4-2005-0074_FS.pdf,,,PRESENT,PRESENT,,,PRESENT,PRESENT,,,,,,,,,PRESENT,,,,,,,,,,,,,,,,PRESENT,PRESENT,,,,PRESENT,,,,,,,,,,,,FUTURE,,,FUTURE,,,FUTURE,,PRESENT,PRESENT,,,PRESENT,PRESENT,,,,,PRESENT,,,,,,,PRESENT,,OFFSITE,PAST,,OFFSITE,OFFSITE,,,,,,,,,,OFFSITE,,,,,,,,
266940,4B190104001,R4-2017-0124,,Las Virgenes MWD,Tapia WRF,San Diego,4760_R4-2010-0165_WDR_PKG.pdf,R4-2010-0165,,PRESENT,PRESENT,,,PRESENT,PRESENT,,PRESENT,,,,,,,PRESENT,PRESENT,,,,,,,,,,,,,,,PRESENT,PRESENT,,,,PRESENT,,,,,,,,,,,,,,,,,,,,PRESENT,,,,PRESENT,PRESENT,,,,,PRESENT,,,,,,,,,OFFSITE,PAST,,OFFSITE,OFFSITE,,,,,,,,,,OFFSITE,,,,,,,,
259216,8 332253001,R8-2012-0028,,Temescal Valley Water District,Temescal Valley WD WWRF,San Diego,12-0028_Lee_Lake_Water_Dist_WDR.pdf,R8-2012-0028,,,,,,PRESENT,PRESENT,,PRESENT,,PRESENT,,,,,,,,,,,,,PRESENT,,,,,,,,,,,,,PRESENT,,,,,,,,,,,,,,,,,,,,,PRESENT,,,PRESENT,PRESENT,,,,,,,,,,,,,,,PRESENT,,PRESENT,PRESENT,,PRESENT,,,,,,,,OFFSITE,,,,,,,,
269543,1B72033OSON,R1-2012-0033,,US Coast Guard Tracen,US Coast Guard TRACEN - Tomales,San Diego,12_0033_WDR_USCG.pdf,R1-2012-0033,,,FUTURE,,,FUTURE,FUTURE,,FUTURE,,,,,,,FUTURE,,,,,,PRESENT,,PRESENT,,,,,,,,FUTURE,FUTURE,,,,FUTURE,,,,,,,,,,,,,,,,,,,,FUTURE,,,,PRESENT,,FUTURE,,,,,,,,,,,FUTURE,,,FUTURE,,FUTURE,,,FUTURE,,,,,,,FUTURE,,,,,,,,,
269543,1B72033OSON,R1-2012-0033,,US Coast Guard Tracen,US Coast Guard TRACEN - Tomales,San Diego,12_0033_WDR_USCG_MRPRevision.pdf,R1-2012-0033,,PRESENT,,,,,,,,,,,,,,,,,,,,,,PRESENT,,,,,,,,,,,,,PRESENT,,,,,,,,,,,,,,,,,,,,,,,,PRESENT,,PRESENT,,,,,,,,,,,,,,,,,,,,,,,,,,,,,,,,,,,
269989,9 000000030,R9-2018-0059,,Encina Wastewater Authority,Vallecitos WD Meadowlark WRP,San Diego,EncinaOO_FinalOrderR9-2018-0059.pdf,R9-2018-0059,PRESENT,PRESENT,PRESENT,,,,,,,,,,,,,,PRESENT,,,,,,,,,,,,,,,,,,,,PRESENT,,,,,,,,,,,,,,,,,,,,,,,,PRESENT,,,,,,,,,,,,,,,,,,,,,,,,,,,,,,,,,,,,,
269989,9 000000030,R9-2018-0059,,Encina Wastewater Authority,Vallecitos WD Meadowlark WRP,San Diego,R9-2011-0019.pdf,R9-2011-0019,PRESENT,PRESENT,PRESENT,,,,,,,,,,,,,,PRESENT,,,,,,,,,,,,,,,,,,,,PRESENT,,,,,,,,,,,,,,,,,,,,,,,,PRESENT,,,,,,,,,,,,,,,,,,,,,,,,,,,,,,,,,,,,,
270419,6B360109001,R6V-2020-0028,,Victor Valley Wastewater Reclamation Authority,Victor Valley Wastewater Reclamation Authority WTP,San Diego,r6v_2020_0028_vvwra_npdes_permit.pdf,R6V-2020-0028,,PRESENT,PRESENT,,,PRESENT,PRESENT,,PRESENT,PRESENT,,,,PRESENT,,,,,,,,,,PRESENT,,,,,,,,,PRESENT,,,,PRESENT,,,,,,,,,,,,,,,,,,,,,PRESENT,,,,,PRESENT,,,,,,PRESENT,,,,,,,PRESENT,,,PRESENT,,,PRESENT,,,PRESENT,,,,OFFSITE,OFFSITE,,,,,OFFSITE,,,
270419,6B360109001,R6V-2020-0028,,Victor Valley Wastewater Reclamation Authority,Victor Valley Wastewater Reclamation Authority WTP,San Diego,R6V-2013-0038 VVWRA NPDES.pdf,R6V-2013-0038,,PRESENT,,,,PRESENT,PRESENT,,PRESENT,,,,,,,PRESENT,,,,,,,,PRESENT,,,,,,,,PRESENT,PRESENT,,,,PRESENT,,,,,,,,,,,,,,,FUTURE,,,,,PRESENT,,,,,,PRESENT,,,,,,,,,,PRESENT,PRESENT,,,,,,,,,,,,,,,,,,,,,,,,
272082,2 071107001,R2-2024-0008,,,West County WW District WPCP,San Diego,R2-2024-0008 West County.pdf,R2-2024-0008,FUTURE,PRESENT,PRESENT,,,PRESENT,PRESENT,,PRESENT,PRESENT,,,,,,PRESENT,,,,,,,,,,,,PRESENT,,,,PRESENT,PRESENT,,,,,,,,,,,,,,,,,,,,,,,,,,,,PRESENT,OFFSITE,,,,,,,,,,,,FUTURE,,FUTURE,,,PRESENT,FUTURE,FUTURE,PRESENT,,,PRESENT,,,,OFFSITE,OFFSITE,,,,,,FUTURE,FUTURE,
272082,2 071107001,R2-2024-0008,,,West County WW District WPCP,San Diego,WCA R2-2008-0003.pdf,R2-2008-0003,,PRESENT,PRESENT,,,PRESENT,PRESENT,,,,,,,,,,PRESENT,,,,,,,,,,,,,,,,,,,,PRESENT,,,,,,,,,,,,,,,,,,,,,,,,PRESENT,OFFSITE,,,,,,,,,,,,,,,,,,,,,,,,,,,,,,,,,,,,
272082,2 071107001,R2-2024-0008,,,West County WW District WPCP,San Diego,WCA R2-2019-0003 - 02-2019.pdf,R2-2019-0003,,PRESENT,PRESENT,,,PRESENT,PRESENT,,PRESENT,PRESENT,,,,,,PRESENT,,,,,,,,PRESENT,,,,PRESENT,,,,PRESENT,PRESENT,,,,,,,,,,,,,,,,,,,,,,,,,,,,PRESENT,OFFSITE,,,,,,,,,,,,,,PRESENT,,,,,,PRESENT,,,PRESENT,PRESENT,,,,,OFFSITE,,,,,,,
272444,5B39NP00073,R5-2023-0025,,,White Slough Water Pollution Control Facility,San Diego,R5-2023-0025-010.pdf,R5-2023-0025,,PRESENT,PRESENT,,,PRESENT,PRESENT,,,PRESENT,,,,,,PRESENT,,,,,,PRESENT,,,,,,,,,,PRESENT,PRESENT,,,,PRESENT,,,,,,,,,,,,,,,,,,,,,,,,,,PRESENT,,,,,,,,,,,,,PRESENT,,,PRESENT,,,,,,PRESENT,,,,OFFSITE,,,,,,,,,
272444,5B39NP00073,R5-2013-0125,,,White Slough Water Pollution Control Facility,San Diego,r5-2013-0125.pdf,R5-2013-0125,,PRESENT,PRESENT,,,PRESENT,PRESENT,,,,,,,,,PRESENT,,,,,,PRESENT,,,,,,,,,,PRESENT,PRESENT,,,,PRESENT,,,,,,,,,,,,,,,,,,,,,,,,,,PRESENT,,,,,,,,,,,,,PRESENT,,,PRESENT,,,,,,,,,,OFFSITE,,,,,,,,,
272975,9 000000830,R9-2015-0104,,Valley Center MWD,Woods Valley Ranch Water Reclamation Facility,San Diego,Order No. R9-2015-0104- final.pdf,R9-2015-0104,,,FUTURE,,,PRESENT,,,PRESENT,,,,,,,,FUTURE,,,,,,,,,,,,,,,,PRESENT,,,,,,,,,,,,,,,,,,,PRESENT,,FUTURE,,,,FUTURE,,,PRESENT,,,,,,,,,,,,,FUTURE,,,,,,,,,,,,,,,,,,,,,,,,
259205,8 332353001,R8-2015-0013,,Western Riverside County Regional Wastewater Authority,WRCRWA Regional WWRF,San Diego,R8-2019-0066_Western_ Riv_County_ Regional_Wastewater_Authority_Permit.pdf,2019-0066,,PRESENT,PRESENT,,,PRESENT,PRESENT,,PRESENT,,,PRESENT,,,,,,,,,,,,PRESENT,,,,,,,,,PRESENT,,,,PRESENT,PRESENT,,,,,,,,,,,,,,,,,,,,,,,PRESENT,PRESENT,,,,,,,,,,,,,,PRESENT,,,PRESENT,PRESENT,,PRESENT,,,PRESENT,PRESENT,,,,,,,,,,,,
259205,8 332353001,R8-2015-0013,,Western Riverside County Regional Wastewater Authority,WRCRWA Regional WWRF,San Diego,08-0005 Renewal of WDR Western Riverside Co Reg'l WWTP.pdf,R8-2008-0005,,,PRESENT,,,PRESENT,PRESENT,,PRESENT,,,,,,,,,,,,,,,,,,,,,,,,,,,,PRESENT,PRESENT,,,,,,,,,,,OFFSITE,,,,,,,,PRESENT,PRESENT,,,,,PRESENT,,,,PRESENT,,PRESENT,,,,,,,,PRESENT,,PRESENT,PRESENT,,,,,,,,,,,,PRESENT,,,,,,
259205,8 332353001,R8-2015-0013,,Western Riverside County Regional Wastewater Authority,WRCRWA Regional WWRF,San Diego,R8-2015-0013_WRCRWWA.pdf,2015-0013,,,,,,,,,,,,,,,,,,,,,,,,,,,,,,,,,,,,,,,,,,,,,,,,,,,,,,,,,,,,,,,,,,,,,,,,,,PRESENT,,,,,,,,,,,,,,,,,,,,,,,,
256498,2 386009001,R2-2019-0028,CA0037681,San Francisco Public Utilities Commission,SF - OCEANSIDE Water Pollution Control Plant,San Francisco,R2-2019-0028.pdf,R2-2019-0028,,PRESENT,PRESENT,,,PRESENT,PRESENT,,OFFSITE,,,,PRESENT,,,,PRESENT,,,,,,,,,,,,,,,,,,,,,,,,,,,,,,,,FUTURE,,,,,,,,,,,,,,FUTURE,,,,,,,,,,,,,,,,,,,,,,,,,,,,,,,,,,,
256498,2 386009001,R2-2019-0028,CA0037681,San Francisco Public Utilities Commission,SF - OCEANSIDE Water Pollution Control Plant,San Francisco,SF SW Order R2-2009-0062 signed Aug 12'09.pdf,R2-2009-0062,,PRESENT,PRESENT,,,PRESENT,PRESENT,,,,,,,,,,PRESENT,,,,,,,,,,,,,,,,,,,,,,,,,,,,,,,,,,,,,,,,,,,,,,,,,,,,,,,,,,,,,,,,,,,,,,,,,,,,,,,,,
256499,2 386010001,R2-2013-0029,CA0038873,San Francisco Public Utilities Commission,"SF-SE Water Pollution Control Plant, N-Point & Bayside",San Francisco,R2-2008-0007 SF SE WPCP NPDESsfsefinalorder.pdf,R2-2008-0007,,PRESENT,PRESENT,,,PRESENT,PRESENT,,,,,,PRESENT,,,,PRESENT,,,,,,,,,,,,,,,,,,,,,,,,,,,,,,,,,,,,,,,,,,,,PRESENT,PRESENT,,,,,,,,,,,,,,PRESENT,,,PRESENT,,,,,,,,,,OFFSITE,,,,,,,,,
256499,2 386010001,R2-2013-0029,CA0038873,San Francisco Public Utilities Commission,"SF-SE Water Pollution Control Plant, N-Point & Bayside",San Francisco,R2-2013-0029.pdf,R2-2013-0029,,PRESENT,PRESENT,,,PRESENT,PRESENT,,PRESENT,,,,,,,,PRESENT,,,,,,,,,,,,,,,,,,,,,,,,,,,,,,,,,,,,,,,,PRESENT,PRESENT,,,PRESENT,PRESENT,,,,,,PRESENT,PRESENT,,,,,,,PRESENT,,,PRESENT,PRESENT,,,,,PRESENT,,,,OFFSITE,OFFSITE,OFFSITE,,,,,,,
266328,2 386013001,R2-2020-0020,CA0038873,US Navy Treasure Island,Treasure Island WWTP/DOD,San Francisco,TI Final Order with signature Jan 20'10.pdf,R2-2010-0001,,PRESENT,PRESENT,,,PRESENT,,,,,,,,,,,,,,,,,,,,,,,,,,,,,,,,,PRESENT,,,,,,,,,,,,,,,,,,,,,,PRESENT,PRESENT,,,,,,,,,,,FUTURE,,,PRESENT,,,PRESENT,,,,,,,,,FUTURE,OFFSITE,,OFFSITE,,,,,,,
266328,2 386013001,R2-2020-0020,CA0038873,US Navy Treasure Island,Treasure Island WWTP/DOD,San Francisco,R2-2020-0020.pdf,R2-2020-0020,,PRESENT,PRESENT,,,PRESENT,PRESENT,,FUTURE,,,,,,,,,,,,,,,,,,,,,,,,,,,,,,PRESENT,,,,,,,,,,,,,FUTURE,,,FUTURE,,,,,,PRESENT,PRESENT,FUTURE,,,,,,,,,,,,,,,,,,,,,,,,,,,,,,,,,,,
271781,5B391076001,R5-2016-0028-02,,,City of Lathrop Consolidated Treatment Facility,San Joaquin,r5-2016-0028.pdf,R5-2016-0028,,,,,,PRESENT,PRESENT,,PRESENT,,,,,,,PRESENT,PRESENT,,,,,,,PRESENT,,,,,,,,PRESENT,PRESENT,,,,,,,,,,,,,,,,,,,PRESENT,,PRESENT,,,,,,,PRESENT,,,,,,,,,,,,,,,,,,OFFSITE,,,OFFSITE,,,,,,,OFFSITE,,,,,,,,,
271781,5B39NP00085,R5-2022-0004,CA0085359,Lathrop City,City of Lathrop Consolidated Treatment Facility,San Joaquin,r5-2022-0004-01_npdes.pdf,R5-2022-0004,,,,,,PRESENT,PRESENT,,PRESENT,,,,,,,,PRESENT,,,,,,,PRESENT,,,,,,,,,PRESENT,,,,,,,,,,,,,,,,,,,PRESENT,,,,,,,,,PRESENT,PRESENT,,,,,,,,,,,,,,,,,PRESENT,,,PRESENT,,,,,,,,,,OFFSITE,,,,,,
271781,5B39NP00085,R5-2022-0004,CA0085359,Lathrop City,City of Lathrop Consolidated Treatment Facility,San Joaquin,r5-2022-0004_npdes.pdf,R5-2022-0004,,,,,,PRESENT,PRESENT,,PRESENT,,,,,,,PRESENT,PRESENT,,,,FUTURE,,,,,,,,,,,PRESENT,PRESENT,,,,,,,,,,,,,,,,,,,PRESENT,,,,,,,,,PRESENT,PRESENT,,,,,,,,,,,,,,,,,PRESENT,,,PRESENT,,,,,,,OFFSITE,,,,,,,,,
271781,5B39NP00085,R5-2022-0004,CA0085359,Lathrop City,City of Lathrop Consolidated Treatment Facility,San Joaquin,r5-2023-0032_npdes_ao.pdf,R5-2023-0032,,,,,,,,,,,,,,,,,,,,,,,,,,,,,,,,,,,,,,,,,,,,,,,,,,,,,,,,,,,,,,,,,,,,,,,,,,,,,,,PRESENT,,,PRESENT,,,,,,,,,,OFFSITE,,,,,,
239343,5B390104001,R5-2021-0003,CA0081558,Manteca City,City of Manteca WW Quality Control Facility,San Joaquin,R5-2009-0095.pdf,R5-2009-0095,,PRESENT,PRESENT,,,PRESENT,PRESENT,,,PRESENT,,,,,,PRESENT,,,,,,,,PRESENT,,,,,,,,PRESENT,PRESENT,,,,PRESENT,,PRESENT,,,,,,,,,,,,,,,,,,PRESENT,PRESENT,,,,,PRESENT,,,,,,,,,,,PRESENT,,PRESENT,,,PRESENT,PRESENT,,PRESENT,,,PRESENT,,,,OFFSITE,,OFFSITE,,,,,,,
239343,5B390104001,R5-2026-0034,CA0081558,Manteca City,City of Manteca WW Quality Control Facility,San Joaquin,r5-2026-0034_npdes.pdf,R5-2026-0034,,PRESENT,PRESENT,,,PRESENT,PRESENT,,PRESENT,PRESENT,,,,,,PRESENT,,,,,,,,PRESENT,,,,,,,,PRESENT,PRESENT,,,,PRESENT,,,,,,,,,,,,,,,,,,,,,PRESENT,,,,,PRESENT,,,,,,,,,,,,,PRESENT,,,PRESENT,PRESENT,,,,,PRESENT,,,,OFFSITE,OFFSITE,OFFSITE,,,,,,,
239343,5B390104001,R5-2021-0003,CA0081558,Manteca City,City of Manteca WW Quality Control Facility,San Joaquin,r5-2015-0026.pdf,R5-2015-0026,,PRESENT,PRESENT,,,PRESENT,PRESENT,,,PRESENT,,,,,,PRESENT,,,,,,,,PRESENT,,,,,,,,PRESENT,PRESENT,,,,PRESENT,,,,,,,,,,,,,,,,,,,,,PRESENT,,,,,PRESENT,,,,,,,,,,,,,PRESENT,,,PRESENT,PRESENT,,,,,PRESENT,,,,OFFSITE,,OFFSITE,,,,,,,
239343,5B390104001,R5-2021-0003,CA0081558,Manteca City,City of Manteca WW Quality Control Facility,San Joaquin,r5-2021-0003_npdes.pdf,R5-2021-0003,,PRESENT,PRESENT,,,PRESENT,PRESENT,,,PRESENT,,,,,,PRESENT,,,,,,,,PRESENT,,,,,,,,PRESENT,,,,,PRESENT,,PAST,,,,,,,,,,,,,,,,,,,PRESENT,,,,,PRESENT,,,,,,,,,,,,,PRESENT,,,PRESENT,PRESENT,,,,,PRESENT,,,,PRESENT,,OFFSITE,,,,,,,
239343,5B390104001,R5-2021-0003,CA0081558,Manteca City,City of Manteca WW Quality Control Facility,San Joaquin,R5-2015-0044.pdf,R5-2015-0044,,PRESENT,PRESENT,,,PRESENT,PRESENT,,,,,,,,,PRESENT,,,,,,,,,,,,,,,,PRESENT,PRESENT,,,,PRESENT,,,,,,,,,,,,,,,,,,,,,PRESENT,,,,,PRESENT,,,,,,,,,,,,,,,,,,,,,,,,,,,,,,,,,,,
237113,5B39NC00035,2014-0153-DWQ,,San Joaquin Cnty,CSA 44-Zone G (Linne),San Joaquin,San Joaquin County_ NOA.pdf,WQ-2014-0153-DWQ,,,PRESENT,,,PRESENT,,,PRESENT,,,,,,,PRESENT,PRESENT,,,,,,,,,,,,,,,PRESENT,PRESENT,,,,PRESENT,,,,,,,,,,,,,,,,,,,,,,,,PRESENT,,,,,,,,,,,,,,,,,,PRESENT,,,,,,,,,,,,,OFFSITE,,,,,,
237113,5B39NC00035,04-078,,San Joaquin Cnty,CSA 44-Zone G (Linne),San Joaquin,r5-2004-0078.pdf,R5-2004-0078,,,PRESENT,,,PRESENT,,,PRESENT,,PRESENT,,,,,,PRESENT,,,,,,,,,,,,,,,PRESENT,,,,,PRESENT,,,,,,,,,,,,,,,,,,,,,,,,PRESENT,,,PRESENT,,,,,,,,,,,,,PRESENT,,,,,,,,,,,,PRESENT,,,OFFSITE,,,,,,
237252,5B390102002,R5-2007-0179,,Lockeford CSD,Lockeford CSD WWTP,San Joaquin,R5-2007-0179.pdf,R5-2007-0179,,,,,,,,,,,,,,,,,FUTURE,,PRESENT,,,,,PRESENT,,,,,,,,,,,,,,,,,,,,,,,,,,,,,,,,,,,,,FUTURE,,,,,,,,,,,,,,,,,,,,,,,,,FUTURE,,,,,,,,,,,,
241598,5B391078003,R5-2023-0033,CA0084271,Mountain House City,Mountain House WWTP,San Joaquin,r5-2013-0004.pdf,R5-2013-0004,,,,,,FUTURE,,,PRESENT,,PRESENT,,,,,PRESENT,PRESENT,,,,,,,,,,,,,,,PRESENT,PRESENT,,,,PRESENT,,,,,,,,,,,,,,,,,,,,,,,,,,PRESENT,,,,,,,,,,,,,,PRESENT,,PRESENT,PRESENT,,,,,PRESENT,,,,,,,OFFSITE,,,,,,
241598,5B391078003,R5-2023-0033,CA0084271,Mountain House City,Mountain House WWTP,San Joaquin,R5-2017-0119.pdf,R5-2017-0119,,,,,,PRESENT,PRESENT,,PRESENT,,PRESENT,,,,,PRESENT,PRESENT,,,,,,,,,,,,,,,PRESENT,PRESENT,,,,PRESENT,,,,,,,,,,,,,,,,,,,,,,,,,,PRESENT,,,,,,,,,,,PRESENT,,,PRESENT,,PRESENT,PRESENT,,,,,PRESENT,,,,,,,OFFSITE,,,,,,
241598,5B391078003,R5-2023-0033,CA0084271,Mountain House City,Mountain House WWTP,San Joaquin,r5-2007-0039.pdf,R5-2007-0039,,,,,,PRESENT,FUTURE,,PRESENT,PRESENT,PRESENT,,,,,PRESENT,PRESENT,,PRESENT,,,,,,,,,,,,,PRESENT,PRESENT,,,,PRESENT,,,,,,,,,,,,,,,,,,,,,PRESENT,,,PRESENT,PRESENT,PRESENT,,,,,,,,,,,PRESENT,,,PRESENT,,FUTURE,FUTURE,,PRESENT,,,PRESENT,,,,,,,,,,,,,
241598,5B391078003,R5-2023-0033,CA0084271,Mountain House City,Mountain House WWTP,San Joaquin,r5-2023-0033_npdes_mod.pdf,R5-2023-0033,,,,,,PRESENT,PRESENT,,PRESENT,,PRESENT,,,,,PRESENT,PRESENT,,,,,,,,,,,,,,,PRESENT,,,,,PRESENT,,,,,,,,,,,,,,,FUTURE,,,,,,,,,,,PRESENT,,,,,,,,,,,PRESENT,,,PRESENT,,PRESENT,PRESENT,,,,,PRESENT,,,,,,,OFFSITE,,,,,,
241598,5B391078003,R5-2023-0033,CA0084271,Mountain House City,Mountain House WWTP,San Joaquin,r5-2023-0033-01_npdes.pdf,R5-2023-0033,,,,,,PRESENT,PRESENT,,,,PAST,,,,,,,,,,,,,,,,,,,,,,,,,,,,,,,,,,,,,,,,,PRESENT,,PAST,,,,,,,,,PRESENT,,,,,,,,,,,,,,PRESENT,,PRESENT,PRESENT,,,,,PRESENT,,,,,,,OFFSITE,,,,,,
241598,5B391078003,R5-2023-0033,CA0084271,Mountain House City,Mountain House WWTP,San Joaquin,r5-2023-0033_npdes.pdf,R5-2023-0033,,,,,,PRESENT,PRESENT,,PRESENT,,PRESENT,,,,,PRESENT,PRESENT,,,,,,,,,,,,,,,PRESENT,PRESENT,,,,PRESENT,,,,,,,,,,,,,,,FUTURE,,,,,,,,,,,PRESENT,,,,,,,,,,,PRESENT,,,PRESENT,,PRESENT,PRESENT,,,,,PRESENT,,,,,,,OFFSITE,,,,,,
241099,5B391070001,R5-2006-0114-002,,Oakwood Lake Water District,Oakwood Lake WWTF,San Joaquin,R5-2006-0114.pdf,R5-2006-0114,,,,,,FUTURE,,,FUTURE,,FUTURE,,,,,,,,,,,,,FUTURE,,,,,,,,FUTURE,FUTURE,,,,FUTURE,,,,,,,,,,,,,,,,,,,,,,,,FUTURE,,,,,,,,,,,,,,,,,FUTURE,,,,,,,,,,,,,,,,,,,,
241099,5B391070001,R5-2006-0114-002,,Oakwood Lake Water District,Oakwood Lake WWTF,San Joaquin,R5-2006-0114-001.pdf,R5-2006-0114,,,,,,FUTURE,,,FUTURE,,FUTURE,,,,,,,,,,,,,FUTURE,,,,,,,,FUTURE,FUTURE,,,,FUTURE,,,,,,,,,,,,,,,,,,,,FUTURE,,,,FUTURE,,,,,,,,,,,,,FUTURE,,,,FUTURE,FUTURE,,,,,,,,,,FUTURE,,,,,,,,,
241099,5B391070001,R5-2006-0114-002,,Oakwood Lake Water District,Oakwood Lake WWTF,San Joaquin,R5-2016-0068.pdf,R5-2016-0068,,,,,,FUTURE,,,FUTURE,,FUTURE,,,,,,,,,,,,,,,,,,,,,FUTURE,FUTURE,,,,FUTURE,,,,,,,,,,,,,,,,,,,,,,,,FUTURE,,,,,,,,,,,,,,,,,FUTURE,FUTURE,,,,,,,,,,,,,,,,,,,
266223,5B390108001,R5-2022-0073,CA0079154,Tracy City,Tracy WWTP,San Joaquin,r5-2012-0115.pdf,R5-2012-0115,,PRESENT,PRESENT,,,PRESENT,,,PRESENT,PRESENT,,,,,,PRESENT,,,PRESENT,,,,,PRESENT,,,,,,,,PRESENT,PRESENT,,,,PRESENT,,,,,,,,,,,,,,,,,,,,,,,,PRESENT,PRESENT,,,,,,,,,,,,,,PRESENT,,FUTURE,FUTURE,,,PRESENT,,,PRESENT,,,,OFFSITE,,OFFSITE,,,,,,,
266223,5B390108001,R5-2022-0073,CA0079154,Tracy City,Tracy WWTP,San Joaquin,R5-2007-0036.pdf,R5-2007-0036,,PRESENT,PRESENT,,,PRESENT,,,FUTURE,PRESENT,,,,,,FUTURE,PRESENT,,PRESENT,,,,PRESENT,PRESENT,,,,,,,,FUTURE,,,,,FUTURE,PRESENT,,,,,,,,,,,,,,,,,,,,,,,PRESENT,PRESENT,,,,,,,,,,,,,,PRESENT,,,,,,PRESENT,,,PRESENT,,,,OFFSITE,,OFFSITE,,,,,,,
266223,5B390108001,R5-2022-0073,CA0079154,Tracy City,Tracy WWTP,San Joaquin,R5-2017-0113.pdf,R5-2017-0113,,PRESENT,PRESENT,,,PRESENT,,,PRESENT,PRESENT,,,,,,PRESENT,FUTURE,,PRESENT,,,,,PRESENT,,,,,,,,PRESENT,,,,,PRESENT,,,,,,,,,,,,,,,,,,,,,,,,PRESENT,PRESENT,,,,,,,,,,,,,,PRESENT,,FUTURE,,,,PRESENT,,,PRESENT,,,,OFFSITE,,OFFSITE,,,,,,,
266223,5B390108001,R5-2022-0073,CA0079154,Tracy City,Tracy WWTP,San Joaquin,r5-2022-0073_npdes.pdf,R5-2022-0073,,PRESENT,PRESENT,,,PRESENT,,,PRESENT,PRESENT,,,,,,PRESENT,FUTURE,,,,,,,PRESENT,,,,,,,,PRESENT,PRESENT,,,,PRESENT,,,,,,,,,,,,,,,,,,,,,,,,PRESENT,PRESENT,,,,,,,,,,,,,,PRESENT,,,PRESENT,PRESENT,,PRESENT,,,PRESENT,,,,OFFSITE,,OFFSITE,,,,,,,
258739,5B390107001,R5-2025-0027,CA0079138,Stockton City,Wastewater Recovery Center,San Joaquin,r5-2020-0007_npdes.pdf,R5-2020-0007,,PRESENT,PRESENT,,,PRESENT,PRESENT,,,PRESENT,,,,,,PRESENT,,,,,,,,PRESENT,,,,,,,,FUTURE,PRESENT,,,,PRESENT,,PRESENT,,,,,,,,,,,,,,,,PRESENT,,,,,,PRESENT,PRESENT,FUTURE,,,,,,,,,,,FUTURE,,PRESENT,,,PRESENT,FUTURE,,,,,PRESENT,,,,OFFSITE,,OFFSITE,,,,,,,
258739,5B390107001,R5-2025-0027,CA0079138,Stockton City,Wastewater Recovery Center,San Joaquin,r5-2025-0027_npdes.pdf,R5-2025-0027,,PRESENT,PRESENT,,,PRESENT,PRESENT,,PRESENT,PRESENT,,,,,,PRESENT,,,,,,,,PRESENT,,,,,,,,PRESENT,PRESENT,,,,PRESENT,,PRESENT,,,,,,,,,,,,,,,,PRESENT,,,,,,PRESENT,PRESENT,PRESENT,,,,,,,,,,,PRESENT,,PRESENT,,,PRESENT,PRESENT,,,,,PRESENT,,,,OFFSITE,,OFFSITE,,,,,,,
258739,5B390107001,R5-2025-0027,CA0079138,Stockton City,Wastewater Recovery Center,San Joaquin,r5-2014-0070.pdf,R5-2014-0070,,PRESENT,PRESENT,,,PRESENT,PRESENT,,,PRESENT,,,,,,PRESENT,,,,,,,,PRESENT,,,,,,,,,PRESENT,,,,PRESENT,,PRESENT,,,,,,,,,,,,,,,,PRESENT,,,,,,PRESENT,PRESENT,,,,,,,,,,,,PRESENT,,PRESENT,,,PRESENT,,,,,,PRESENT,PRESENT,,,OFFSITE,,OFFSITE,,,,,,,
258739,5B390107001,R5-2025-0027,CA0079138,Stockton City,Wastewater Recovery Center,San Joaquin,r5-2015-0142.pdf,R5-2015-0142,,,,,,,,,,PRESENT,,,,,,PRESENT,,,,,PRESENT,,,,,,,,,,,,PRESENT,,,,PRESENT,,PRESENT,,,,,,,,,,,,,,,,PRESENT,,,,,,PRESENT,PRESENT,,,,,,,,,,,,,,,,,,,,,,,PRESENT,,,,,,,,,,,,,
258739,5B390107001,R5-2025-0027,CA0079138,Stockton City,Wastewater Recovery Center,San Joaquin,R5-2008-0154.pdf,R5-2008-0154,,PRESENT,PRESENT,,,PRESENT,PRESENT,,,PRESENT,,,,,,PRESENT,,,,,PRESENT,PRESENT,,,,,,,,,,,PRESENT,,,,PRESENT,,PRESENT,,,,,,,,,,,,,,,,PRESENT,,,,,,PRESENT,PRESENT,,,,,,,,,,,,,,PRESENT,,,PRESENT,,,,,,PRESENT,PRESENT,,,OFFSITE,,,,,,,,,
206651,3 400801001,R3-2020-0020,,California Department of State Hospitals,Atascadero State Hospital,San Luis Obispo,Atascadero State Hospital Revised NOA MRP_Final.pdf,R3-2020-0020,PRESENT,PRESENT,PRESENT,,,PRESENT,,,,,,,,,,,,,,,,,,PRESENT,,,,,,,,,,,,,,,PRESENT,,,,,,,,,,,,,,,,,,,,,,,,,,,,,,,,,,,,,PRESENT,,,,,,PAST,,,,,,,PAST,,,OFFSITE,,,,,,
206653,3 400100001,R3-2020-0020,,Atascadero City,Atascadero WWTP,San Luis Obispo,R3-2020-0020 NOA MRP City of Atascadero_final.pdf,R3-2020-0020,,,,,,PRESENT,,,,,,,,,,,,,PRESENT,,,,,PRESENT,,,,,,,,,,,,,,,,,,,,,,,,,,,,,,,,,,,,,,,,,,,,,,,,,,,,,,,,,,PRESENT,,,,,,,,,,OFFSITE,,,,,,
206888,3 400101001,R3-2017-0025,CA0047830,Avila Beach CSD,Avila WWTP,San Luis Obispo,AvilaNPDESPermit.pdf,R3-2009-0055,,PRESENT,PRESENT,,,,,,,,,,,,,,,,,,,,,,,,,,,,,,,,,,,,PRESENT,,,,,,,,,,,,,,,,,,,,,,PRESENT,PRESENT,,,,,,,,,,,,,,,,PRESENT,,,,,,,,,,,OFFSITE,,,,,,,,,
206888,3 400101001,R3-2017-0025,CA0047830,Avila Beach CSD,Avila WWTP,San Luis Obispo,R3-2017-0025 FINAL.pdf,R3-2017-0025,PRESENT,PRESENT,PRESENT,,,,,,,,,,,,,,,,,,,,,,,,,,,,,,,,,PRESENT,,,,,,,PRESENT,,,,,,,,,,,PRESENT,,,,,,,PRESENT,PRESENT,,,,,,,,,,,,,,PRESENT,,,,,,,,,,,,,,,,OFFSITE,,,,,,
206888,3 400101001,R3-2017-0025,CA0047830,Avila Beach CSD,Avila WWTP,San Luis Obispo,WDR _NPDES_.pdf,R3-2004-0068,,PRESENT,PRESENT,,,,,,,,,,,,,,,,,,,,,,,,,,,,,,,,,,,,PRESENT,,,,,,,,,,,,,,,,,,,,,,PRESENT,PRESENT,,,,,,,,,,,,,,,,,,,,,,,,,,,,,,,,,,,,
212681,3 400108001,R3-2020-0005,CA0047856,Ca Dept of Corrections San Luis Obispo,California Men's Colony WWTP,San Luis Obispo,CMC WWTP NPDES Permit R3-2012-0027.pdf,R3-2012-0027,,,PRESENT,,,PRESENT,,,,,,PRESENT,,,,,PRESENT,,,,,,,,,,,,,,,,,,,,PRESENT,,,,,,,,,,,,,,,,,,,,,,,,PRESENT,PRESENT,FUTURE,,,,,,,,,,,,,,,,PRESENT,PRESENT,,,,,,,,,,,,PRESENT,,,,,,
212681,3 400108001,R3-2020-0005,CA0047856,Ca Dept of Corrections San Luis Obispo,California Men's Colony WWTP,San Luis Obispo,CMC NPDES Order R3-2020-0005 amended for new MRP.pdf,R3-2020-0005,,,PRESENT,,,PRESENT,,,,,,PRESENT,,,,,PRESENT,,,,,,,,,,,,,,,,,,,,PRESENT,,,,,,,,,,,,,,,,,,,,,,,,,,PRESENT,,,,,,,,,,,,,,,,PRESENT,PRESENT,,,,,,,,,OFFSITE,,,OFFSITE,,,,,,
212681,3 400108001,R3-2020-0005,CA0047856,Ca Dept of Corrections San Luis Obispo,California Men's Colony WWTP,San Luis Obispo,CMC Adopted WDR.pdf,R3-2006-0032,,,,,,PRESENT,PRESENT,,,,,PRESENT,,,,,,,,,,,,,,,,,,,,,,,,,PRESENT,,,,,,,,,,,,,,,,,,,,,,,,PRESENT,PRESENT,,,,,,,,,,,,,,,,,PRESENT,PRESENT,,,,,,,,,,,,,,,,,,
212858,3 400102001,R3-2020-0020,,Cambria Community Services District,Cambria CSD WWTP,San Luis Obispo,12-8-25_Cambria CSD 2020-0020_NOA.pdf,R3-2020-0020,,,PRESENT,,,PRESENT,PRESENT,,PRESENT,,,,,,,PRESENT,PRESENT,,,,,,,OFFSITE,,,,PRESENT,,,,PRESENT,PRESENT,,,,,,,,,,,,,,,,,,,,,,,,,PRESENT,,,,,,,,,,,PRESENT,,,,,,,,PRESENT,,PRESENT,,,,,,PRESENT,,,,,OFFSITE,,,,,,,,
824400,3 401019759,R3-2020-0004,CA3000001,Cayucos SD,Cayucos SD WWTP,San Luis Obispo,Order R3-2020-0004_final.pdf,R3-2020-0004,,,,,,PRESENT,PRESENT,,PRESENT,,,,,,,,PRESENT,,,,,,,,,,,,,,,,PRESENT,,,,,,,,,,,,,,,,,,,PRESENT,,,,,,,,,PRESENT,,PRESENT,,,,,,,,,,,,,,,,PRESENT,,,,,,,,,,,,,OFFSITE,,,,,,
882248,3 400322963,R3-2022-0029,CA3000002,City of Morro Bay,City of Morro Bay Water Reclamation Facility,San Luis Obispo,7-18-22_MorroBay_finalorder.pdf,R3-2022-0029,,,,,,PRESENT,PRESENT,,PRESENT,,,,,,,PRESENT,,,,,,,,,,,,,,,,PRESENT,PRESENT,,,,PRESENT,,,,,,,,,,,,PRESENT,,,PRESENT,,PRESENT,,PRESENT,,,,,PRESENT,PRESENT,PRESENT,,,,,,PRESENT,,,,PRESENT,,,,,,PRESENT,,,,,,,,,,,,,,,,,,,
215915,3 401039001,2014-0153-DWQ,,San Luis Obispo CSA #18 San Luis Obispo Country Club,Country Club Estates SLO Co CSA-18,San Luis Obispo,11-20-25_2025_CSA18_NOA_final.pdf,WQ-2014-0153,,,PRESENT,,PRESENT,FUTURE,,,,,,,,,,,PRESENT,,,,,,,PRESENT,,,,,,,,,,,,,,,,,,,,,,,,,,,,,,,,,,,,,PRESENT,,,,,,,,,,,,,,,,,,,,,,,,,PRESENT,,,,,,,,,,,,
216491,3 401076001,2014-0153-DWQ,,Cypress Ridge Limited Partnership,Cypress Ridge Sewer Facility,San Luis Obispo,0153 NOA and MRP for Cypress Ridge WWTP_final.pdf,WQ-2014-0153-DWQ,PRESENT,,PRESENT,,,,,,,,PRESENT,,,,,PRESENT,,,,,,,,PRESENT,,,,,,,,PRESENT,PRESENT,,,,PRESENT,,,,,,,,,,,,,,,,,,,,,PRESENT,,,PRESENT,,,,,,,,,,,,,,,,PRESENT,,PRESENT,,,,,,,,,,,OFFSITE,,,,,,,,
230132,3 401013001,R3-2017-0026,CA0048941,Heritage Ranch CSD,Heritage Ranch WWTP,San Luis Obispo,R3-2017-0026 Final.pdf,R3-2017-0026,,,,,,,,,,,,,,,,,,PRESENT,PRESENT,PRESENT,PRESENT,,PAST,PRESENT,,,,,,,,,,,,,PRESENT,,,,,,,,,,,,,,,,,,,,,,,,PRESENT,PRESENT,,,,,,,,,,,,,,,,,,,,,,,,,,,FUTURE,,,,,,,,,
230132,3 401013001,R3-2017-0026,CA0048941,Heritage Ranch CSD,Heritage Ranch WWTP,San Luis Obispo,R3-2011-0007_Heritage_Ranch_Final_Adopted.pdf,R3-2011-0007,,,,,,,,,,,,,,,,,,PRESENT,PRESENT,PRESENT,PRESENT,,PAST,PRESENT,,,,,,,,,,,,,PRESENT,,,,,,,,,,,,,,,,,,,,,,,,PRESENT,PRESENT,,,,,,,,,,,,,,,,,,,,,,,,,,,,,,,,,,,,
240168,3 400115001,R3-2020-0020,,Templeton CSD,Meadowbrook WWTF (Templeton CSD),San Luis Obispo,3-23-26_NOA_MRP_TempletonCSD.pdf,R3-2020-0020,,,,,,PRESENT,,,,,,,,,,,,,PRESENT,,PRESENT,,,PRESENT,,,,,,,,,,,,,,,,,,,,,,,,,,,,,,,,,,,,,,,,,,,,,,,,,,,,PRESENT,,,,,,,,,,,,,PRESENT,,,,,,,,,
241479,3 400103001,R3-2017-0050,,Morro Bay SD,Morro Bay/Cayucos WWTP,San Luis Obispo,MorroBayCayucosAdoptedPermit.pdf,R3-2008-0065,,,,,,,,,,,,,,,,,,,,,,,,,,,,,,,,,,,,,,,,,,,,,,,,,,,,,,,,,,,,,,,,,,,,,,,,,,,,,,,,,,,,,,,,,,,,,,,,,,
241479,3 400103001,R3-2017-0050,,Morro Bay SD,Morro Bay/Cayucos WWTP,San Luis Obispo,Final R3-2017-0050.pdf,R3-2017-0050,,PRESENT,PRESENT,,,PRESENT,PRESENT,,,,,,,,,,,,,,,,,,,,,,,,,,,,,,,,PRESENT,,,,,,,,,,,,,,,,,,,PRESENT,,,PRESENT,PRESENT,,,,,,,,,,,,,,PRESENT,,,,,,PRESENT,,,,,,,,OFFSITE,,,,,,,,
244360,3 401028001,2014-0153-DWQ,,Nipomo CSD,Nipomo CSD Black Lake - Reclaimed Water Producer,San Luis Obispo,Nipomo_Blacklake_NOA_final.pdf,WQ-2014-0153-DWQ,PRESENT,PRESENT,PRESENT,,,PRESENT,,,,,,,,,,,PRESENT,,,,,,,PRESENT,,,,,,,,,,,,,,,,,,,,,,,,,,,,,,,,,,,,,PRESENT,,,,,,,,,,,,,,,,,,PRESENT,PRESENT,,,,,,,,,,OFFSITE,,,,,,,,
244361,3 400104001,R3-2020-0020,,Nipomo CSD,Nipomo CSD Southland Treatment Facility,San Luis Obispo,Nipomo_Southland_BigOrder_NOA_final.pdf,R3-2020-0020,,,PRESENT,,,PRESENT,PRESENT,,,,,,,PRESENT,,,PRESENT,,,,,,,PRESENT,,,,,,,,,,,,,,,,,,,,,,,,,,,,,,,,,,,,,,,,,,,,,,,,,,,,,,,PRESENT,,,,,,PRESENT,,,,,,,OFFSITE,,,,,,
244361,3 400104001,R3-2012-0003,,Nipomo CSD,Nipomo CSD Southland Treatment Facility,San Luis Obispo,Nipomo CSD WDR R3-2012-0003.pdf,R3-2012-0003,PRESENT,,,,FUTURE,FUTURE,FUTURE,,,,,,,,,,FUTURE,,,,,,,PRESENT,,,,,,,,,,,,,,,,,,,,,,,,,,,,,,,,,,,,,,,,,,,,,FUTURE,,,,,,,,,,,,,,,,FUTURE,,,,,,,,,,,,,
245581,3 400113003,2014-0153-DWQ,,San Luis Obispo CSA #07 Oak Shores,Oak Shores Development CSA-7A,San Luis Obispo,0153-NOA_Oak Shores Development_final.pdf,WQ-2014-0153,,,,,,PRESENT,,,,,,,,,,,,,PRESENT,,PRESENT,,,OFFSITE,,,,,,,,,,,,,,,,,,,,,,,,,,,,,,,,,,,,,,,,,,,,,,,,,,,,,,,,,,,,,,,,,,,,,,,,,,
251631,3 401019001,2014-0153-DWQ,,Rancho Colina MH Estates STP,Rancho Colina MH Estates STP,San Luis Obispo,Ranch Colina 0153 NOA Final.pdf,WQ-2014-0153-DWQ,,,PRESENT,,,PRESENT,,,,,,,,PRESENT,,,PRESENT,,,,,,,PRESENT,,,,,,,,,,,,,,,,,,,,,,,,,,,,,,,,,,,,,PRESENT,,,,,,,,,,,,,,,,,,,,,PRESENT,,,,,,,PRESENT,,,OFFSITE,,,,,,
255380,3 400107001,R3-2024-0001,CA0049224,San Luis Obispo City,San Luis Obispo WWTP,San Luis Obispo,R3-2014-0033 FINAL.pdf,R3-2014-0033,,PRESENT,PRESENT,,PRESENT,PRESENT,PRESENT,,,PRESENT,,,,,,PRESENT,,,,,,,,,,,,,,,,,PRESENT,,,PRESENT,PRESENT,,,,,,PRESENT,,,,,,,,,,,PRESENT,,,,,,,PRESENT,PRESENT,,,,,,,,,,,,,,PRESENT,,,PRESENT,,,PRESENT,,,PRESENT,,,,,OFFSITE,,,,,,,,
255380,3 400107001,R3-2024-0001,CA0049224,San Luis Obispo City,San Luis Obispo WWTP,San Luis Obispo,R3-2002-0043.pdf,R3-2002-0043,PRESENT,PRESENT,PRESENT,,,PRESENT,PRESENT,,PRESENT,PRESENT,,,,,,PRESENT,PRESENT,,,,,,,,,,,,,,,,PRESENT,,,,PRESENT,,,,,,PRESENT,,,,,,,,,,,PRESENT,,,,,,,PRESENT,PRESENT,,,,,,,,,,,,,,PRESENT,,,PRESENT,,,PRESENT,,,PRESENT,,,,PRESENT,,,,,,,,,
255380,3 400107001,R3-2024-0001,CA0049224,San Luis Obispo City,San Luis Obispo WWTP,San Luis Obispo,Order R3-2024-0001.pdf,R3-2024-0001,,PRESENT,PAST,,,PRESENT,PRESENT,,PAST,PAST,,,,,,PRESENT,,,,,,,,,,,,PRESENT,,,,PRESENT,PRESENT,,,,PAST,,PAST,,,,,,,,,,,PRESENT,,,,,,,,,,,PRESENT,FUTURE,PRESENT,,,,,,,,,FUTURE,,,,PRESENT,,,PRESENT,,,,,,PRESENT,,,,,OFFSITE,,,,,,,,
255430,3 400109001,R3-2020-0020,,San Miguel CSD,San Miguel CSD Machado WWTP,San Luis Obispo,1-15-26_San Miguel revised NOA and MRP.pdf,R3-2020-0020,,,,,,,,,,,,,,,,,,,PRESENT,,,,,PRESENT,,,,,,,,,,,,,,,,,,,,,,,,,,,,FUTURE,,,,,,,,,,,,,,,,,,,,,,,,,,,,,,PRESENT,,,,,,,,,,OFFSITE,,,,,,
272525,3 401021001,R3-2020-0020,,San Miguelito Mutual Water Company,San Miguelito Wild Cherry Canyon,San Luis Obispo,R3-2020-0020 NOA San Miguelito_final.pdf,95-057,,PRESENT,,,,PRESENT,,,,,,,,,,,,,PRESENT,,,PRESENT,,PRESENT,,,,,,,,,,,,,,,,,,,,,,,,,,,,,,,,,,,,,,,,,,,,,,,,,,,,,,,PRESENT,,,,,,,PRESENT,,,,,,OFFSITE,,,,,,
255462,3 400110001,R3-2022-0003,CA0047961,San Simeon CSD,San Simeon WWTP,San Luis Obispo,Order R3-2022-0003_signed.pdf,R3-2022-0003,PRESENT,,PRESENT,,,,,,PRESENT,,,,,,,,PRESENT,,,,,,,,,,,,,,,,,,,,,,,,,,,,,,,,OFFSITE,,,,,,,,,,OFFSITE,,PRESENT,PRESENT,,,,,,,,,,,,,,,PRESENT,,,,,,,,,,,,,OFFSITE,,,,,,,,
255462,3 400110001,R3-2022-0003,CA0047961,San Simeon CSD,San Simeon WWTP,San Luis Obispo,R3-2013-0021_SanSimeon_NPDES.pdf,R3-2013-0021,PRESENT,,PRESENT,,,PRESENT,,,PRESENT,,,,,,,,PRESENT,,,,,,,,,,,,,,,,,,,,,,,,,,,,,,,,,,,,,PRESENT,,,,,,,PRESENT,PRESENT,,PRESENT,,,,,,,,,,,,,PRESENT,,,,,,,,,,,,,,,OFFSITE,,,,,,
210839,2 417005001,R2-2023-0010,CA0037788,Burlingame City PWD,Burlingame WWTP,San Mateo,Burlingame R2-2023-0010.pdf,R2-2023-0010,,PRESENT,PRESENT,,PRESENT,PRESENT,PRESENT,,,,,,,,,,PRESENT,,,,,,,PRESENT,,,,,,,,,,,,,,,,,,,,,,,,,,,,,,,,,,,,,PRESENT,OFFSITE,,,,,,,,,,,,,,PRESENT,,,PRESENT,PRESENT,,,,,PRESENT,,,,OFFSITE,OFFSITE,OFFSITE,,,,,,,
210839,2 417005001,R2-2023-0010,CA0037788,Burlingame City PWD,Burlingame WWTP,San Mateo,R2-2013-0015.pdf,R2-2013-0015,,PRESENT,PRESENT,,,PRESENT,PRESENT,,PRESENT,,,,,,,,PRESENT,,,,,,,PRESENT,,,,,,,,,,,,,,,,,,,,,,,,,,,,,,,,,,,,,PRESENT,OFFSITE,,,,,,,,,,,,,,PRESENT,,,PRESENT,PRESENT,,,,,PRESENT,,,,OFFSITE,OFFSITE,OFFSITE,,,,,,,
210839,2 417005001,R2-2023-0010,CA0037788,Burlingame City PWD,Burlingame WWTP,San Mateo,Nutrient Watershed Permit - R2-2014-0014.pdf,R2-2014-0014,,,PRESENT,,,PRESENT,,,,,,,,,,,,,,,,,,,,,,,,,,,,,,,,,,,,,,,,,,,,,,,,,,,,,,,,,,,,,,,,,,,,,,,,,,,,,,,,,,,,,,,,,,,,
210839,2 417005001,R2-2023-0010,CA0037788,Burlingame City PWD,Burlingame WWTP,San Mateo,Burlingame - Order No. R2-2018-0024.pdf,R2-2018-0024,,PRESENT,PRESENT,,PRESENT,PRESENT,PRESENT,,,,,,,,,,PRESENT,,,,,,,,,,,,,,,,,,,,,,,,,,,,,,,,,,,,,,,,,,,,PRESENT,OFFSITE,,,,,,,,,,,,,,PRESENT,,,PRESENT,PRESENT,,,,,PRESENT,,,,OFFSITE,OFFSITE,OFFSITE,,,,,,,
212585,2 417022002,R2-2022-0029,CA0038776,City of Pacifica,Calera Creek Water Recycling Plant,San Mateo,Pacifica Order R2-2012-0002 .pdf,R2-2012-0002,,,,,,OFFSITE,PRESENT,,,,PRESENT,,,,,,,,,,,,,,,,,,,,,,PRESENT,,,,PRESENT,,,,,,,,,,,,,,,,,,PRESENT,,,,,,,,PRESENT,,,,,,,,,,,,,,PRESENT,,PRESENT,PRESENT,,,,,PRESENT,,,,OFFSITE,,OFFSITE,,,,,,,
212585,2 417022002,R2-2022-0029,CA0038776,City of Pacifica,Calera Creek Water Recycling Plant,San Mateo,CA0038776 Pacifica - Final Order R2-2017-0013.pdf,R2-2017-0013,,,,,,PRESENT,PRESENT,,,,PRESENT,,,,,,,,,,,,,,,,,,,,,,PRESENT,,,,PRESENT,,,,,,,,,,,,,,,,,,OFFSITE,,,,,,,,PRESENT,,,,,,,,,,,,,,PRESENT,,PRESENT,PRESENT,,,,,PRESENT,,,,OFFSITE,OFFSITE,OFFSITE,,,,,,,
212585,2 417022002,R2-2022-0029,CA0038776,City of Pacifica,Calera Creek Water Recycling Plant,San Mateo,CA0038776 R2-2022-0029 NPDES Permit.pdf,R2-2022-0029,,,,,,FUTURE,PRESENT,,OFFSITE,,PRESENT,,,,,,,,,,,,,,,,,,,,,,,,,,PRESENT,,,,,,,,,,,,,,,,,,PRESENT,,,,,,FUTURE,FUTURE,PRESENT,,,OFFSITE,,,,,,,,,,,PRESENT,,PRESENT,PRESENT,,,,,PRESENT,,,,OFFSITE,OFFSITE,OFFSITE,,,,,,,
240791,2 417019001,R2-2024-0005,CA0037532,Millbrae City,Millbrae WPCP,San Mateo,R2-2024-0005 (Millbrae NPDES Permit).pdf,R2-2024-0005,,PRESENT,PRESENT,,,PRESENT,PRESENT,,PRESENT,,,,,,,,PRESENT,,,,,,,,,,,,,,,,,,,,,,,,,,,,,,,,,,,,,,,,,,,,PRESENT,OFFSITE,,,,FUTURE,,,,,,,,,,PRESENT,,,PRESENT,,,,,,PRESENT,,,,OFFSITE,,,,,,,,,
240791,2 417019001,R2-2024-0005,CA0037532,Millbrae City,Millbrae WPCP,San Mateo,Nutrient Watershed Permit - R2-2014-0014.pdf,R2-2014-0014,,PRESENT,,,,PRESENT,,,,,,,,,,,,,,,,,,,,,,,,,,,,,,,,,,,,,,,,,,,,,,,,,,,,,,,,,,,,,,,,,,,,,,,,,,,,,,,,,,,,,,,,,,,,
240791,2 417019001,R2-2024-0005,CA0037532,Millbrae City,Millbrae WPCP,San Mateo,Millbrae - Final Ordersigned.pdf,R2-2019-0009,,PRESENT,PRESENT,,,PRESENT,PRESENT,,PRESENT,,,,,,,,PRESENT,,,,,,,,,,,,,,,,,,,,,,,,,,,,,,,,,,,,,,,,,,,,PRESENT,OFFSITE,,,,,,,,,,,,,,PRESENT,,,PRESENT,,,,,,PRESENT,,,,OFFSITE,OFFSITE,OFFSITE,,,,,,,
244566,2 417021002,R2-2022-0036,CA0037737,North San Mateo County Sanitation District,North San Mateo County Sanitation District WWTP,San Mateo,R2-2017-0026 Final.pdf,R2-2017-0026,,PRESENT,PRESENT,,,PRESENT,,,PRESENT,PRESENT,,,,,,,PRESENT,,,,,,,,,,,,,,,,,,,,PRESENT,,,,,,,,,,,,,,,,,,,,PRESENT,,,,PRESENT,PRESENT,,,,,PRESENT,,PRESENT,,,,,,,PRESENT,,,PRESENT,PRESENT,,,,,PRESENT,,,,OFFSITE,,OFFSITE,,,,,,,
244566,2 417021002,R2-2022-0036,CA0037737,North San Mateo County Sanitation District,North San Mateo County Sanitation District WWTP,San Mateo,CA0037737 NSMCSD Order R2-2022-0036.pdf,R2-2022-0036,,PRESENT,PRESENT,,,PRESENT,,,PRESENT,PRESENT,,,,,,,PRESENT,,,,,,,,,,,,,,,,,,,,PRESENT,,,,,,,,,,,,,,,,,,,,PRESENT,PRESENT,,,PRESENT,PRESENT,,,,PRESENT,PRESENT,,PRESENT,,,,,,,PRESENT,,,PRESENT,PRESENT,,,,,PRESENT,,,,OFFSITE,,OFFSITE,,,,,,,
255139,2 417068001,R2-2023-0002,CA0038598,SEWER AUTHORITY MID-COASTSIDE,SAM WWTP (Sewer Authority Mid-Coastside WWTP),San Mateo,SAM R2-2017-0040.pdf,R2-2017-0040,,PRESENT,PRESENT,,,PRESENT,PRESENT,,FUTURE,,,,,,,,PRESENT,,,,,,,,,,,,,,,,,,,,,,,,,,,,,,,,FUTURE,FUTURE,,,,,,,,,,,PRESENT,PRESENT,FUTURE,,,,,,,,,,,,,PRESENT,,,PRESENT,,,,,,,,,,,,OFFSITE,,,,,,,
255139,2 417068001,R2-2023-0002,CA0038598,SEWER AUTHORITY MID-COASTSIDE,SAM WWTP (Sewer Authority Mid-Coastside WWTP),San Mateo,SAM R2-2012-0061.pdf,R2-2012-0061,,PRESENT,PRESENT,,,PRESENT,PRESENT,,,,,,,,,,PRESENT,,,,,,,,,,,,,,,,,,,,,,,,,,,,,,,,,,,,,,,,,,,,PRESENT,PRESENT,,,,,,,,,,,,,,PRESENT,,,PRESENT,,,,,,,,,,,,OFFSITE,,,,,,,
255139,2 417068001,R2-2023-0002,CA0038598,SEWER AUTHORITY MID-COASTSIDE,SAM WWTP (Sewer Authority Mid-Coastside WWTP),San Mateo,CA0038598 SAM Order R2-2023-0002.pdf,R2-2023-0002,,PRESENT,PRESENT,,,PRESENT,PRESENT,,FUTURE,,,,,,,,PRESENT,,,,,,,,,,,,,,,,,,,,,,,,,,,,,,,,FUTURE,FUTURE,,,,,,,,,,,PRESENT,PRESENT,FUTURE,,,,,,,,,,,,,PRESENT,,,PRESENT,,,,,,PRESENT,,,,,,,,,,,,,
255420,2 417035001,R2-2023-0017,CA0037541,San Mateo City,San Mateo WWTP,San Mateo,R2-2023-0017.pdf,R2-2023-0017,,PRESENT,PRESENT,,,FUTURE,FUTURE,,FUTURE,PRESENT,,,,,,,PRESENT,,,,,,,,,,,,,,,,FUTURE,,,,,,,,,,,,,,,,,,,FUTURE,,,,,,FUTURE,,,PRESENT,PRESENT,,,,,,,,,,,,,,PRESENT,,,PRESENT,PRESENT,,,,,PRESENT,,,,,,,OFFSITE,,,,,,
255420,2 417035001,R2-2023-0017,CA0037541,San Mateo City,San Mateo WWTP,San Mateo,San Mateo (R2-2018-0016).pdf,R2-2018-0016,,PRESENT,PRESENT,,,FUTURE,FUTURE,,FUTURE,PRESENT,,,,,,,PRESENT,,,,,,,,,,,,,,,,FUTURE,,,,,,,,,,,,,,,,,,,FUTURE,,,,,FUTURE,,,,PRESENT,,,,,,,,,,,,,FUTURE,,PRESENT,,,PRESENT,PRESENT,,,,,PRESENT,,,,,,,OFFSITE,,,,,,
256507,2 417032001,R2-2025-0002,CA0038318,San Francisco International Airport,SF Airport Mel Leong TP-Sanitary Waste,San Mateo,SFIA Order No. R2-2018-0045.pdf,R2-2018-0045,,,PRESENT,,,PRESENT,PRESENT,,PRESENT,PRESENT,PRESENT,,,,,,,,,,,,,,,,,,,,,,,,,,PRESENT,FUTURE,PRESENT,,,,,,,,,,FUTURE,,,,FUTURE,,,,PRESENT,PRESENT,,,PRESENT,OFFSITE,FUTURE,FUTURE,,,PRESENT,PRESENT,PRESENT,,,FUTURE,PRESENT,,,PRESENT,,,PRESENT,FUTURE,,PRESENT,,,PRESENT,,,,,OFFSITE,OFFSITE,,,,,,,
256507,2 417032001,R2-2025-0002,CA0038318,San Francisco International Airport,SF Airport Mel Leong TP-Sanitary Waste,San Mateo,SFO Aiport NPDES Permit Order R2-2025-0002.pdf,R2-2025-0002,,,,,,PRESENT,PRESENT,,PRESENT,PRESENT,PRESENT,,,,,FUTURE,PRESENT,,,,,,,,,,,,,,,FUTURE,,,,,,PRESENT,,,,,,,,,,,FUTURE,,,,FUTURE,,,,,PRESENT,FUTURE,FUTURE,PRESENT,OFFSITE,FUTURE,PRESENT,,,,,PRESENT,,,PRESENT,PRESENT,,,PRESENT,,,PRESENT,PRESENT,,PRESENT,,,PRESENT,,,,,,,,,,,,,
256506,2 417032001,R2-2025-0002,CA0038318,San Francisco International Airport,SF Arprt Mel Leong TP-Industrl,San Mateo,SFO Aiport NPDES Permit Order R2-2025-0002.pdf,R2-2025-0002,,,,,,,,,PRESENT,PRESENT,,,,,,,,,,,,,,,,,,,,,,,,,,,,PRESENT,,,,,,,,,,,FUTURE,,,,FUTURE,,,,PRESENT,PRESENT,FUTURE,FUTURE,PRESENT,OFFSITE,FUTURE,PRESENT,,,,,PRESENT,,,PRESENT,PRESENT,PRESENT,,,,,PRESENT,PRESENT,,PRESENT,,,PRESENT,,,,,,,,,,,,,
256506,2 417032001,R2-2025-0002,CA0038318,San Francisco International Airport,SF Arprt Mel Leong TP-Industrl,San Mateo,SFIA Order No. R2-2018-0045.pdf,R2-2018-0045,,,PRESENT,,,PRESENT,FUTURE,,PRESENT,PRESENT,,,,,,,,,,,,,,,,,,,,,,,,,,,PRESENT,FUTURE,PRESENT,,,,,,,,,,FUTURE,,,,FUTURE,,,,PRESENT,PRESENT,,FUTURE,PRESENT,OFFSITE,FUTURE,FUTURE,,,PRESENT,PRESENT,PRESENT,,,FUTURE,PRESENT,,,,,,FUTURE,FUTURE,,PRESENT,,,PRESENT,,,,,,OFFSITE,,,,,,,
254881,2 417038001,R2-2026-0010,CA0038130,South San Francisco City,South San Francisco-San Bruno WQCP,San Mateo,SSFSB Order R2-2014-0012 signed.pdf,R2-2014-0012,,PRESENT,PRESENT,,,PRESENT,PRESENT,,,,,,,,,,PRESENT,,,,,,,PRESENT,,,,,,,,,,,,,,,,,,,,,,,,,,,,,,,,,PRESENT,PRESENT,,,PRESENT,PRESENT,,,,,,PRESENT,PRESENT,,,,,,,PRESENT,,,PRESENT,,,,,,PRESENT,,,,,,OFFSITE,,,,,,,
254881,2 417038001,R2-2026-0010,CA0038130,South San Francisco City,South San Francisco-San Bruno WQCP,San Mateo,R2-2026-0010.pdf,R2-2026-0010,,PRESENT,PRESENT,,,PRESENT,PRESENT,,,,,,,,,,PRESENT,,,,,,,,,,,,,,,,,,,,,,,,,,,,,,,,,,,,,,,,PRESENT,PRESENT,,,PRESENT,PRESENT,,,,,,PRESENT,PRESENT,,,,,PRESENT,OFFSITE,PRESENT,,,PRESENT,,,,,,PRESENT,,,,,,,,,,,,,
254881,2 417038001,R2-2026-0010,CA0038130,South San Francisco City,South San Francisco-San Bruno WQCP,San Mateo,SSFSB - Final Order (11-08).pdf,R2-2008-0094,,PRESENT,PRESENT,,,PRESENT,PRESENT,,,,,,,,,,PRESENT,,,,,,,,,,,,,,,,,,,,,,,,,,,,,,,,,,,,,,,,,,,,PRESENT,PRESENT,,,,,,,,,,,,,,,,,,,,,,,,,,,,,,,,,,,,
254881,2 417038001,R2-2026-0010,CA0038130,South San Francisco City,South San Francisco-San Bruno WQCP,San Mateo,SSFSB_Order_Finalsigned.pdf,R2-2019-0021,,PRESENT,PRESENT,,,PRESENT,PRESENT,,,,,,,,,,PRESENT,,,,,,,,,,,,,,,,,,,,,,,,,,,,,,,,,,,,,,,,PRESENT,PRESENT,,,PRESENT,PRESENT,,,,,,PRESENT,PRESENT,,,,,,,PRESENT,,,PRESENT,,,,,,PRESENT,,,,,,OFFSITE,,,,,,,
255833,2 417037001,R2-2023-0003,CA0038369,Silicon Valley Clean Water,SVCW WWTP,San Mateo,SVCW_Order No. R2-2018-0005.pdf,R2-2018-0005,,PRESENT,PRESENT,,,PRESENT,PRESENT,,OFFSITE,,,,,,,,PRESENT,,,,,,,,,,,,,,,,,,,,PRESENT,,PRESENT,,,,,,,,,,,,,,,,,,PRESENT,,,,PRESENT,PRESENT,,,,,,,,,,,,PRESENT,,PRESENT,,,PRESENT,PRESENT,FUTURE,PRESENT,,,PRESENT,,,,,,,,,,,,,
255833,2 417037001,R2-2023-0003,CA0038369,Silicon Valley Clean Water,SVCW WWTP,San Mateo,SVCW Order R2-2023-0003 (1).pdf,R2-2023-0003,,PRESENT,PRESENT,,,PRESENT,PRESENT,,OFFSITE,,,,,,,,PRESENT,,,,,,,,,,,,,,,,,,,PRESENT,PRESENT,,,,,,PRESENT,,,,,,,,,,,PRESENT,,,PRESENT,,,,PRESENT,PRESENT,,,,,,PRESENT,PRESENT,,,,,PRESENT,,PRESENT,,,PRESENT,,PRESENT,PRESENT,,,PRESENT,,,,,,,PRESENT,,,,,,
210685,3 420100001,R3-2020-0020,,Buellton City,Buellton WWTP,Santa Barbara,Buellton NOA MRP R3-2020-0020.pdf,99-134,PRESENT,,PRESENT,,,,PRESENT,,,,,,,PRESENT,,,,,,,,,,PRESENT,,,,,,,,,PRESENT,,,,,,,,,,,,,,,,,,,,,,,,,,,,,,,,,,,,,,,,,,,,,,PRESENT,,,,,,,,,,,OFFSITE,,,,,,,,
212455,3 420113001,2014-0153-DWQ,,Santa Barbara County Parks Dept,Cachuma Lake Recreation Area WWTP,Santa Barbara,6-15-22_NOA 0153- Cachuma Sanitation_final_signed.pdf,WQ-2014-0153-DWQ,,,PRESENT,,,PRESENT,PRESENT,,,,,,,,,,PRESENT,,,,,,PRESENT,,,,,,,,,,,,,,,,,,,,,,,,,,,,,,,,,,,,,,,,,,,,,,,,,,,,,,,,,,,PRESENT,,,,,,,PRESENT,,,OFFSITE,,,,,,
255678,3 420109001,R3-2020-0020,,City of Santa Maria,City of Santa Maria WWTP,Santa Barbara,Santa Maria R3-2020-0020 NOA_MRP_final.pdf,R3-2010-0001,,PRESENT,,,,PRESENT,PRESENT,,,,,,,,,,,,,,,,,PRESENT,,,,,,,,,,,,,,,PRESENT,,,,,,,,,,,,,,,,,,,,,,,,,,,,,,,,,,,,,PRESENT,,,,,,PRESENT,,,PRESENT,,,,,OFFSITE,OFFSITE,,,,,,,
255678,3 420109001,R3-2010-0001,,City of Santa Maria,City of Santa Maria WWTP,Santa Barbara,2010-0001 final wdr.pdf,R3-2010-0001,FUTURE,PRESENT,PRESENT,,PRESENT,,PRESENT,,,,,,,,,,,,,,,,,PRESENT,,,,,,,,,,,,,,,PRESENT,,,,,,,,,,,,,,,,,,,,,,,,,,,,,,,,,,,,,PRESENT,,,,,,PRESENT,,,PRESENT,,,,,OFFSITE,OFFSITE,,,,,,,
216428,3 421003001,2014-0153-DWQ,,Cuyama Community Services District,Cuyama CSD WWTP,Santa Barbara,noa.pdf,WQ-2014-0153-DWQ,,,PRESENT,,,PRESENT,,,,,,,,PRESENT,,,PRESENT,,,,,,PRESENT,,,,,,,,,,,,,,,,,,,,,,,,,,,,,,,,,,,,,,,,,,,,,,,,,,,,,,PRESENT,,,,,PRESENT,,,,,,,,,,,,,,,,
228104,3 420103001,R3-2005-0015,,Guadalupe City,Guadalupe WWTP,Santa Barbara,Revised_MRP_Guad2022_final.pdf,R3-2005-0015,,,,,,,,,,,,,,PRESENT,,,,,,,,,,PRESENT,,,,,,,,,,,,,,,,,,,,,,,,,,,,,,,,,,,,,,,,,,,,,,,,,,,,,,,,,,,,,,,,,,,,,,,,,,
228104,3 420103001,R3-2020-0020,,Guadalupe City,Guadalupe WWTP,Santa Barbara,GUAD R3-2020-0020_NOA MRP REV 2024 Final.pdf,R3-2020-0020,,PRESENT,PRESENT,,,PRESENT,FUTURE,,,,,,,,,PRESENT,,,PRESENT,,,PRESENT,,,,,,,,,,PRESENT,PRESENT,,,,,,,,,,,,,,,,,,,,,,,,,,,,,,,,,,,,,,,,,,,,,,,,,,,,,,,,,,,,,,,,,
233409,3 420116002,2014-0153-DWQ,,Santa Barbara County Parks Dept,Jalama Beach County Park WWTP,Santa Barbara,Jalama-NOA 0153_June 2024_final.pdf,WQ-2014-0153-DWQ,,,,,PRESENT,,PRESENT,,,,,,,,,,,,,,,,,,,,,,,,,,,,,,,,,,,,,,,,,,,,,,,,,,,,,,,,,,,,,,,,,,,,,,,,,,,,,,,,,,,,,OFFSITE,,,,,,PRESENT
236124,3 420104001,R3-2011-0217,,Laguna County Sanitation District,Laguna County Sanitation District Reclamation Plant,Santa Barbara,Laguna SD wdr_with_mrp_2011-0217.pdf,R3-2011-0217,,PRESENT,PRESENT,,,PRESENT,,,,,,,,,,,,,,,PRESENT,,,,,,,,,,,,,,,,,,PRESENT,,,,,,,,,,PRESENT,,,PRESENT,,PRESENT,,,,,,,,,PRESENT,,,,,,,,,,,,,,,,,,,,,,,,,,,,,,,,,,,
236124,3 420104001,R3-2020-0020,,Laguna County Sanitation District,Laguna County Sanitation District Reclamation Plant,Santa Barbara,LCSD R3-2020-0020 NOA MRP.pdf,R3-2011-0217,,PRESENT,PRESENT,,,PRESENT,PRESENT,,PRESENT,,,,,,,,PRESENT,,,,,,,PRESENT,,,PRESENT,,,,,,,,,,,,,,,,,,,,,,PRESENT,PRESENT,,PRESENT,,PRESENT,,,,,,,,,PRESENT,,,,,,,,,,PRESENT,,,,,,,,,,,,,,,,,OFFSITE,,,,,,,,
237315,3 420105001,R3-2022-0004,CA0048127,Lompoc City,Lompoc City Regional Wastewater Reclamation Plant,Santa Barbara,NPDES_R3-2011-0211_Lompoc_WW_Reclamation.pdf,R3-2011-0221,,,PRESENT,,,PRESENT,PRESENT,,,PRESENT,,PRESENT,,,,PRESENT,,,,,,PRESENT,,,,,,,,,,PRESENT,PRESENT,,,,PRESENT,,,,,,,,,,,,,,,,,,,,,,,,,,PRESENT,,,,,,,,,,,,,,PRESENT,,,,,PRESENT,,,PRESENT,,,,,OFFSITE,,,,,,,,
237315,3 420105001,R3-2022-0004,CA0048127,Lompoc City,Lompoc City Regional Wastewater Reclamation Plant,Santa Barbara,lompoc_finalorder.pdf,R3-2022-0004,,,,,,,,,,PRESENT,,,,,,,,,,,,,,PRESENT,,,,,,,,,,,,,,,,,,,,,,,,,,,,,,,,,,,,,,,PRESENT,,,,,,,,,,,,,,PRESENT,,,,,PRESENT,,,PRESENT,PRESENT,,,,OFFSITE,,,,,,,,
237395,3 420118001,R3-2005-0133,,Los Alamos CSD,Los Alamos WWTP,Santa Barbara,Los Alamos OrderNo R3-2005-0133.pdf,,,,,,,,,,,,,,,,,,,,,,,,,PRESENT,,,,,,,,,,,,,,,,,,,,,,,,,,,,,,,,,,,,,,,,,,,,,,,,,,,,,,,,,,,,,,,,,,,,,,,,,,
237395,3 420118001,R3-2020-0020,,Los Alamos CSD,Los Alamos WWTP,Santa Barbara,08-24-2022_WDR_Los Alamos NOA MRP Final.pdf,R3-2005-0133,PRESENT,,,,,PRESENT,,,,,,,,,,,,PRESENT,PRESENT,PRESENT,,,,,,,,,,,,,,,,,,,,,,,,,,,,,,,,,,,,,,,,,,,,,,,,,,,,,,,,PRESENT,PRESENT,,,,,,,,,,,,PRESENT,,,OFFSITE,,,,,,
240951,3 420114004,R3-2019-0042,,Mission Hills CSD,Mission Hills La Purisima WWTP,Santa Barbara,wdr_standard_provisions_2013.pdf,,,,,,,PRESENT,,,,,,,,,,,,,,,,,,PRESENT,,,,,,,,,,,,,,,,,,,,,,,,,,,,,,,,,,,,,,,,,,,,,,,,,,,,,,,,,,,,,,,,,,,,PRESENT,,,,,,
240951,3 420114004,R3-2019-0042,,Mission Hills CSD,Mission Hills La Purisima WWTP,Santa Barbara,MHCSD Order R3-2019-0042-5-17-2019_signed.pdf,R3-2019-0042,PRESENT,,,,,PRESENT,,,,,,,,,,,,PRESENT,PRESENT,PRESENT,,,,PRESENT,,,,,,,,,,,,,,,,,,,,,,,,,,,,,,,,,,,,,,,,,,,,,,,,,,,,,,,,,,,,,,,,,,,,OFFSITE,,,,,,
241288,3 420107001,R3-2022-0010,CA0047899,Montecito Sanitary District,Montecito SD WWTP,Santa Barbara,Montecito SD WWTP NPDES Permit R3-2012-0016.pdf,R3-2012-0016,PRESENT,,PRESENT,,,,,,,PRESENT,,,,,,,PRESENT,,,,,,,,,,,,,,,,,,,,,,,,,,,,,,,,,,,,,,,,,,,,PRESENT,PRESENT,,,,,,,,,,,,,,,PRESENT,,PRESENT,,,,,,PRESENT,,,,,OFFSITE,,,,,,,,
241288,3 420107001,R3-2022-0010,CA0047899,Montecito Sanitary District,Montecito SD WWTP,Santa Barbara,20220829_Order R3-2022-0010_Final (ACC).pdf,R3-2022-0010,PRESENT,,PRESENT,,,PRESENT,,,,PRESENT,,,,,,,PRESENT,,,,,,,,,,,,,,,,,,,,,,,,,,,,,,,,PRESENT,PRESENT,,,,,,,,,,,PRESENT,PRESENT,,,,,,,,,,,,,,,PRESENT,,PRESENT,,,,,,PRESENT,,,,,OFFSITE,,,,,,,,
257687,3 420110001,R3-2020-0020,,Solvang City,Solvang WWTP,Santa Barbara,Revised_Solvang_R3-2020-0020 NOA_MRP_Oct19_2023_final.pdf,R3-2020-0020,PRESENT,,PRESENT,,PRESENT,PRESENT,PRESENT,,PRESENT,,PRESENT,,,,,,,,,,,,PRESENT,PRESENT,,,,,,,,PRESENT,PRESENT,,,,,,,,,,,,,,,,,,,,,,,,,,,,,,,,,,,,PRESENT,,,,,,,,PRESENT,,PRESENT,,,PRESENT,,,,,,,,OFFSITE,,,,,,,,
259377,3 420111001,R3-2022-0014,CA0048054,Summerland SD,Summerland SD WWTP,Santa Barbara,R3-2022-0014-(ACC).pdf,R3-2022-0014,PRESENT,PRESENT,PRESENT,,,PRESENT,,,PRESENT,,,,,,,,PRESENT,,,,,,,PRESENT,,,,,,,,,,,,,PRESENT,,,,,,,,,,,,,,,,,,,,,,,,PRESENT,PRESENT,,,,,,,,,,,,,,,PRESENT,,PRESENT,,,,,,,PRESENT,,,,OFFSITE,,,,,,,,
259377,3 420111001,R3-2022-0014,CA0048054,Summerland SD,Summerland SD WWTP,Santa Barbara,R3-2013-0042_Summerland_NPDES_permit.pdf,R3-2013-0042,PRESENT,PRESENT,PRESENT,,,PRESENT,,,PRESENT,,,,,,,,PRESENT,,,,,,,PRESENT,,,,,,,,,,,,,PRESENT,,,,,,,,,,,,,,,,,,,,,,,,PRESENT,PRESENT,,,,,,,,,,,,,,,PRESENT,,PRESENT,,,,,,,PRESENT,,,,OFFSITE,,,,,,,,
247457,2 438011001,R2-2025-0003,CA0037834,Palo Alto City,Palo Alto Regional WQCP,Santa Clara,CA0037834 Palo Alto Order R2-2025-0003.pdf,R2-2025-0003,,PRESENT,PRESENT,,,PRESENT,PRESENT,,,,,,,,,,PRESENT,,,,,,,,,,,,,,,,,,,PRESENT,PRESENT,,,,FUTURE,,PRESENT,,,,,,FUTURE,,FUTURE,,,PRESENT,,,,,,,PRESENT,,PRESENT,,,,,,,,,,,,,,,,PRESENT,,,,,,PRESENT,,,,OFFSITE,,,,,,,,,
255333,2 438014001,R2-2025-0027,CA0037842,San Jose City,San Jose/Santa Clara WPCP,Santa Clara,R2-2014-0034.pdf,R2-2014-0034,,PRESENT,PRESENT,,PRESENT,PRESENT,PRESENT,,PRESENT,PRESENT,,,,,,PRESENT,,,,,,PRESENT,,,,,,,,,,PRESENT,PRESENT,,,,PRESENT,,,,,,,,,,,,,,,,,,,,,PRESENT,,,PRESENT,PRESENT,,,,,,,,,,,,,,PRESENT,,,,,,PRESENT,,,PRESENT,,,,,,OFFSITE,,,,,,,
255333,2 438014001,R2-2025-0027,CA0037842,San Jose City,San Jose/Santa Clara WPCP,Santa Clara,CA0037842 San Jose Order R2-2025-0027.pdf,R2-2025-0027,,PRESENT,PRESENT,,PRESENT,PRESENT,PRESENT,,PRESENT,PRESENT,,,,,,PRESENT,,,,,,,,PRESENT,,,,,,,,PRESENT,PRESENT,,,,PRESENT,,,,,,,,,,,,OFFSITE,,OFFSITE,,,,,,PRESENT,PRESENT,,,PRESENT,PRESENT,OFFSITE,,,,,PRESENT,FUTURE,,,,,,,PRESENT,,,FUTURE,FUTURE,,PRESENT,,,PRESENT,PRESENT,,,,,,,,,,,,
255333,2 438014001,R2-2025-0027,CA0037842,San Jose City,San Jose/Santa Clara WPCP,Santa Clara,CA0037842 SJ-SC Order R2-2020-0001.pdf,R2-2020-0001,,PRESENT,PRESENT,,PRESENT,PRESENT,PRESENT,,,PRESENT,,,,,,PRESENT,,,PRESENT,,,PRESENT,,,,,,,,,,PRESENT,PRESENT,,,,PRESENT,,,,,,,,,,,,OFFSITE,,OFFSITE,,,,,,,PRESENT,,,PRESENT,PRESENT,OFFSITE,,,,,PRESENT,,,PRESENT,,,,,PRESENT,,,,,,PRESENT,,,PRESENT,,,,,,PRESENT,,,,,,,
256038,3 430824016,R3-2020-0020,,,SCRWA Reclamation Facility and Use Areas,Santa Clara,5-4-26_20_0020_NOA_MRP_SCRWA.pdf,R3-2020-0020,,,PRESENT,,,PRESENT,PRESENT,,,,,PRESENT,,,,,PRESENT,,PAST,,,,,PRESENT,,,,,,,,,PRESENT,,,,PRESENT,,,,,,,,,,,,,,,FUTURE,,,,,,,,,PRESENT,,PRESENT,,,,,,,,,,,,,,,,PRESENT,,,,,,,,,,,,,OFFSITE,,,,,,
256039,3 430100001,R3-2017-0028,,South County Regional WW Authority,SCRWA WWTP,Santa Clara,SCRWA 2017 adopted.pdf,R3-2017-0028,,,PRESENT,,,PRESENT,PRESENT,,,,,PRESENT,,,,FUTURE,PRESENT,,,,,,,PRESENT,,,,,,,,PRESENT,PRESENT,,,,PRESENT,,,,,,,,,,,,,,,FUTURE,,,,,,,,,PRESENT,PRESENT,PRESENT,,,,,,,,,,,FUTURE,,,,,PRESENT,,,,,,,,,,OFFSITE,,OFFSITE,,,,,,,
256039,3 430100001,R3-2017-0028,,South County Regional WW Authority,SCRWA WWTP,Santa Clara,SCRWApermit.pdf,R3-2010-0009,,,PRESENT,,,,,,,,,PRESENT,,,,,,,,,,,,PRESENT,,,,,,,,,PRESENT,,,,PRESENT,,,,,,,,,,,,,,,,,,,,,,,,PRESENT,PRESENT,FUTURE,,,,,,,,,,,,,,,,,,,,,,,,,,,,,,,,,,,
259507,2 438018001,R2-2020-0002,CA0037621,Sunnyvale City,Sunnyvale WPCP,Santa Clara,CA0037621 Sunnyvale Order R2-2020-0002.pdf,R2-2020-0002,PRESENT,PRESENT,FUTURE,,,FUTURE,PRESENT,,PRESENT,PRESENT,,,,,,PRESENT,,PRESENT,PRESENT,PRESENT,,,,,,,,FUTURE,,,,PRESENT,PRESENT,,,,PRESENT,,PRESENT,,,,,,,,,,,,,,,,,,PRESENT,PRESENT,,,PRESENT,PRESENT,,,,,,,PRESENT,,,,,,,PRESENT,,,PRESENT,PRESENT,,,,,PRESENT,,,,,,,,,,,PRESENT,PRESENT,
209483,3 441001001,2014-0153-DWQ,,Santa Cruz CSA 07,Big Basin Woods Subdivision WWTP,Santa Cruz,0153 NOA and MRP for Big Basin WWTP_final.pdf,WQ-2014-0153-DWQ,,,,,,PRESENT,,,,,,,,,,,PRESENT,,,,,,,,,,,,,,,,,,,,,,,,,,,,,,,,,,,,,,,,,,,,,,,,,,,,,,,,,,,,,,,,,,,,,,,,,,,FUTURE,,,,,,
210116,3 441000001,2014-0153-DWQ,,Santa Cruz CSA 07,Boulder Creek Golf & Cntry Club WWTP,Santa Cruz,Boulder Creek Golf and Country Club 0153 NOA Revised 2024 (2).pdf,WQ-2014-0153,PRESENT,,PRESENT,,,,,,PRESENT,,,,,PRESENT,,,PRESENT,,,,,,,,,,,,,,,,,,,,,,,,,,,,,,,,,,,,,,,,,,,,,,,,,,,,,,,,,,,,,,,,,,,,,,,,,,,OFFSITE,,,,,,
210116,3 441000001,2014-0153-DWQ,,Santa Cruz CSA 07,Boulder Creek Golf & Cntry Club WWTP,Santa Cruz,09-30-2022_WDR_Boulder Creek Golf and Country Club 0153 NOA MRP final.pdf,WQ-2014-0153-DWQ,PRESENT,,PRESENT,,,,,,PRESENT,,,,,PRESENT,,,PRESENT,,,,,,,,,,,,,,,,,,,,,,,,,,,,,,,,,,,,,,,,,,,,,,,,,,,,,,,,,,,,,,,,,,,,,,,,,,,OFFSITE,,,,,,
219169,3 440813511,R3-2019-0008,,Davenport CSD,Davenport WWTP,Santa Cruz,1-MRR_r3_2019_0008-signed.pdf,R3-2019-0008,,,,,,PRESENT,,,,,,,,,,,,,PRESENT,,,,,PRESENT,,,,,,,,,,,,,PRESENT,,,,,,,,,,,,,,,,,,,,,,,,PRESENT,,,,,,,,,,,,,,,,,,,,,,,,,,,,,,,,,,,,,
241299,3 441004001,2014-0153-DWQ,,Monterey Bay Academy,Monterey Bay Academy WWTP,Santa Cruz,Monterey Bay Academy NOA MRP_Final.pdf,WQ-2014-0153-DWQ,PRESENT,,,,,,,,,,,,,,,,,,,,,,,PRESENT,,,,,,,,,,,,,,,,,,,,,,,,,,,,,,,,,,,,,,,,,,,,,,,,PRESENT,,,,,,,,,,,,,,PRESENT,,,,,,,,,,,,
731257,3 441208240,R3-2008-0039,,Pajaro Valley Water Management Agency,Pajaro Valley WMA and City of Watsonville Water Reclamation,Santa Cruz,masterreclamationpermit.pdf,R3-2008-0039,,PRESENT,PRESENT,,FUTURE,PRESENT,PRESENT,,,,,,,,,,PRESENT,,,,,,,,,,,,,,,,,,,,FUTURE,,PRESENT,,,,,,,,,,,,,,,,,,FUTURE,FUTURE,,,,,FUTURE,,,,,,,,,,,FUTURE,,,,,,,,,,,,,,,,,,,,,,,,
255632,3 440124003,R3-2023-0001,CA0048194,City of Santa Cruz,Santa Cruz WWTP,Santa Cruz,combined final Order R3-2010-0043.pdf,R3-2010-0043,,PRESENT,PRESENT,,,PRESENT,PRESENT,,,,,,,,,,PRESENT,,,,,,,,,,,,,,,,,,,,,,PRESENT,,,,,,,,,,,,,,,,,,,,,,,,PRESENT,,,,,,,,,,,,,PRESENT,,,PRESENT,,,,,,,,,,OFFSITE,,,,,,,PRESENT,PRESENT,
255632,3 440124003,R3-2023-0001,CA0048194,City of Santa Cruz,Santa Cruz WWTP,Santa Cruz,Final Order 2017-0030_Santa Cruz WWTP.pdf,R3-2017-0030,,PRESENT,PRESENT,,,PRESENT,PRESENT,,,,,,,,,,PRESENT,,,,,,,,,,,,,,,,,,,,,,PRESENT,,,,,,,,,,,,,,,,,,,,,,,,PRESENT,,,,,,,,,,,,,PRESENT,,,PRESENT,,,,,,,,,,OFFSITE,,,,,,,PRESENT,PRESENT,
255632,3 440124003,R3-2023-0001,CA0048194,City of Santa Cruz,Santa Cruz WWTP,Santa Cruz,R3-2023-0001.pdf,R3-2023-0001,,PRESENT,PRESENT,,,PRESENT,PRESENT,,,,,,,,,,PRESENT,,,,,,,,,,,,,,,,,,,,FUTURE,,PRESENT,,,,,,,,,,,,,,,,,,,,,,,,PRESENT,,,,,,,,,,,FUTURE,,PRESENT,,,PRESENT,PRESENT,,,,,,,,,OFFSITE,,,,,,,PRESENT,PRESENT,
271872,3 440104001,R3-2014-0006,,Watsonville City,Watsonville WWTP,Santa Cruz,Watsonville WWTP 14-0006 FINAL.pdf,R3-2014-0006,,PRESENT,PRESENT,,,PRESENT,PRESENT,,,,,,,,,,PRESENT,,,,,,,,,,,,,,,,,,,,,,PRESENT,,,,,,,,,,,,,,,,,,,,,,,,,,,PAST,,,,,,,,,,PRESENT,,,PRESENT,,,PRESENT,,,PRESENT,,,,OFFSITE,,,,,,,PRESENT,PRESENT,PRESENT
205741,5A450100001,R5 2025-0011,CA0077704,Anderson City,Anderson WPCP,Shasta,R5-2025-0011_npdes.pdf,R5-2025-0011,PRESENT,,PRESENT,,,PRESENT,,,PRESENT,,,,,,,,PRESENT,,,,,PRESENT,,PRESENT,,,,,,,,,,,,,PRESENT,,,,,,,,,,,,,,,,,,,,,,,,PRESENT,PRESENT,,,,,,,,,,,,,,,PRESENT,,,,,PRESENT,,,,PRESENT,,,,,PRESENT,,,,,,,
205741,5A450100001,R5 2025-0011,CA0077704,Anderson City,Anderson WPCP,Shasta,r5-2019-0068_npdes.pdf,R5-2019-0068,PRESENT,,PRESENT,,,PRESENT,,,PRESENT,,,,,,,,PRESENT,,,,,,,PRESENT,,,,,,,,,,,,,PRESENT,,,,,,,,,,,,,,,,,,,,,,,,PRESENT,PRESENT,FUTURE,,,,,,,,,,,,,,PRESENT,,,,,PRESENT,,,,PRESENT,,,OFFSITE,,OFFSITE,,,,,,,
210854,5A450107001,R5-2017-0050,,Burney WD,Burney STP,Shasta,Combined Burney WDR_Pamela Signatue.pdf,R5-2017-0050,PRESENT,,PRESENT,,,PRESENT,,,,,,PRESENT,,,,,PRESENT,,,,,PRESENT,PRESENT,PAST,,,,,,,,,,,,,,,,,,,,,,,,,,,,,,,,,,,,,,,,,,,,,,,,,,,,,,PRESENT,,,,PAST,,,,PRESENT,,,,,,,,,,,,
214802,5A450103001,R5-2022-0040,CA0079731,City of Redding,Clear Creek WWTP,Shasta,r5-2017-0010.pdf,R5-2017-0010,,PRESENT,PRESENT,,,PRESENT,PRESENT,,PRESENT,PRESENT,,,,,,PRESENT,,,,,,PAST,,,,,,,,,,PRESENT,PRESENT,,,,PRESENT,,,,,,,,,,,,,,,,,PRESENT,,,PRESENT,PRESENT,,,PRESENT,PRESENT,,,,,,PRESENT,PRESENT,,,,,,,PRESENT,,,PRESENT,PRESENT,,,,,PRESENT,PAST,,,,,,,,,,,,
214802,5A450103001,R5-2022-0040,CA0079731,City of Redding,Clear Creek WWTP,Shasta,r5-2022-0040_npdes.pdf,R5-2022-0040,,PRESENT,PRESENT,,,PRESENT,PRESENT,,PRESENT,PRESENT,,,,,,PRESENT,,,,,,,,PRESENT,,,,,,,,PRESENT,PRESENT,,,,PRESENT,,,,,,,,,,,,,,,,,PRESENT,,,PRESENT,PRESENT,,,PRESENT,PRESENT,,,,,,PRESENT,PRESENT,,,,,,,PRESENT,,,PRESENT,PRESENT,FUTURE,,,,PRESENT,PRESENT,,,,,OFFSITE,,,,,,,
214802,5A450103001,R5-2022-0040,CA0079731,City of Redding,Clear Creek WWTP,Shasta,r5-2010-0096.pdf,R5-2010-0096,,PRESENT,PRESENT,,,PRESENT,PRESENT,,PRESENT,,,,,,,,PRESENT,,,,,PRESENT,,PRESENT,,,,,,,,,,,,,PRESENT,,,,,,,,,,,,,,,,,,,,,,,,PRESENT,PRESENT,,,,,,,,,,,,,,PRESENT,,PRESENT,PRESENT,,,PRESENT,,,,PRESENT,,,PRESENT,,OFFSITE,,,,,,,
215903,5A450001005,R5-2024-0026,CA0081507,Shasta CSA #17,Cottonwood WWTP,Shasta,r5-2024-0026_npdes.pdf,R5-2024-0026,PRESENT,,PRESENT,,,PRESENT,,,,,,PRESENT,,,,,PRESENT,,,,,,,,,,,,,,,PRESENT,,,,,PRESENT,,,,,,,,,,,,,,,,,,,,,,,,PRESENT,PRESENT,,,,,,,,,,,,FUTURE,,,,,,,,PRESENT,,,,,,,,,OFFSITE,,,,,,,
215903,5A450001005,R5-2024-0026,CA0081507,Shasta CSA #17,Cottonwood WWTP,Shasta,r5-2010-0044.pdf,R5-2010-0044,,,PRESENT,,PRESENT,PRESENT,,,,,,PRESENT,,,,,PRESENT,,,,,,,,,,,,,,,,,,,,PRESENT,,,,,,,,,,,,,,,,,,,,,,,,PRESENT,PRESENT,,,,,,,,,,,,FUTURE,,,,,,,,PRESENT,,,,,,,,,OFFSITE,,,,,,,
247464,5A450001004,R5-2017-0080,,Shasta CSA #8,Palo Cedro WWTF,Shasta,Palo Cedro_WDR_R5-2017-0080_Signed.pdf,R5-2017-0080,,,,,,PRESENT,,,,,,,,,,,PRESENT,,,,,,PRESENT,PRESENT,,,,,,,,,,,,,,,,,,,,,,,,,,,,,,,,,,,,,,,,,,,,,,,,,,,,,,,PRESENT,,,,,,,,,,PRESENT,,OFFSITE,,,,,,,
256627,5A450105001,R5-2020-0058,CA0079511,Shasta Lake City,Shasta Lake WWTF,Shasta,2008-0037.pdf,R5-2008-0037,,,PRESENT,,,PRESENT,,,,,,PRESENT,,,,,PRESENT,,,,,,,,,,,,,,,,,,,,PRESENT,,,,,,,,,,,,,,,,,,,,PRESENT,PRESENT,,,PRESENT,PRESENT,,,,,PRESENT,,PRESENT,,,,,,,,PRESENT,,,,,PRESENT,,,,,,,,,,,,,,,,
256627,5A450105001,R5-2020-0058,CA0079511,Shasta Lake City,Shasta Lake WWTF,Shasta,R5-2018-0089 Attachment 1.pdf,R5-2014-0052,,,,,FUTURE,,,,FUTURE,,,PRESENT,,,,FUTURE,FUTURE,,,,,,,,,,,,,,,,FUTURE,,,,PRESENT,,,,,,,,,,,,,,FUTURE,,,,,,FUTURE,,,,PAST,,PRESENT,FUTURE,,,,,,,,FUTURE,FUTURE,FUTURE,,,,,,,,FUTURE,,,,,,,,,,,,,,,,
256627,5A450105001,R5-2020-0058,CA0079511,Shasta Lake City,Shasta Lake WWTF,Shasta,R5-2014-0052-02.pdf,R5-2014-0052,,,PRESENT,,,PRESENT,,,PRESENT,,,,,,,,,,,,,,,,,,,,,,,,,,,,PRESENT,,,,,,,,,,,,,,,,,,,,,,,,,,PRESENT,,,,,,,,,PRESENT,,,,,PRESENT,,,,,PRESENT,,,,,,,,,OFFSITE,,,,,,,
256627,5A450105001,R5-2020-0058,CA0079511,Shasta Lake City,Shasta Lake WWTF,Shasta,r5-2020-0058_npdes.pdf,R5-2020-0058,,,PRESENT,,,PRESENT,,,PRESENT,,,,,,,PRESENT,,,,,,,,,,,,,,,,PRESENT,,,,,PRESENT,,,,,,,,,,,,,,,,,,,,,,,,,,PRESENT,,,,,,,,,,PRESENT,,,,PRESENT,,,,,PRESENT,,,,,,,,,OFFSITE,,,,,,,
258676,5A450103004,R5-2023-0017,CA0082589,City of Redding,Stillwater WWTF,Shasta,r5-2023-0017_npdes.pdf,R5-2023-0017,,PRESENT,PRESENT,,,PRESENT,,,,,,,,,,PRESENT,,,,,,,,,,,,,,,,PRESENT,PRESENT,,,,,,,,,,,,,,,,,,,,,PRESENT,,,,,,,,PRESENT,,,,PRESENT,,,,,,,PRESENT,,,,PRESENT,FUTURE,PRESENT,,,FUTURE,,,,,,,,,OFFSITE,,,,,,,
258676,5A450103004,R5-2023-0017,CA0082589,City of Redding,Stillwater WWTF,Shasta,r5-2018-0042.pdf,R5-2018-0042,,,PRESENT,,,PRESENT,,,,,,,,,,,PRESENT,,,,,,,,,,,,,,,,,,,,PRESENT,,,,,,,,,,,,,,,,,,,,,,,,PRESENT,PRESENT,,,,,,,,,,,,,,,PRESENT,,PRESENT,,,,,,,,,,OFFSITE,,OFFSITE,,,,,,,
214650,5A460100001,R5-2009-0108,,Loyalton City,City of Loyalton and Grandi Ranch WWTF,Sierra,R5-2009-0108.pdf,R5-2009-0108,,,FUTURE,,,,,,,,,,,,,,FUTURE,,,,,,,FUTURE,,,,,,,,,,,,,,,,,,,,,,,,,,,,,,,FUTURE,,,,,,FUTURE,,,,,,,,,,,,,,,,,,,,,,,,,,,,FUTURE,,,,,,,,,
220850,5A470101001,R5-2024-0009,CA0078441,Dunsmuir City,Dunsmuir WWTP,Siskiyou,r5-2012-0085_npdes.pdf,R5-2012-0085,PRESENT,PRESENT,PRESENT,,,,,,,,,,,,,,,,,,,,,PRESENT,,,,,,,,,,,,,FUTURE,,,,,,,,,,,,,,,,,,,,,,,,PRESENT,PRESENT,,,,,,,,,,,,,,,,,,,,,,,,,,,,,,,,,,,,
220850,5A470101001,R5-2024-0009,CA0078441,Dunsmuir City,Dunsmuir WWTP,Siskiyou,dunsmuir_wwtp_npdes_osb.pdf,R5-2018-0087,PRESENT,,PRESENT,,FUTURE,FUTURE,PRESENT,,,,,PRESENT,,,,,,,,,,,,PRESENT,,,,,,,,,PRESENT,,,,PRESENT,,,,,,,,,,,,,,,,,,,,FUTURE,FUTURE,,,PRESENT,PRESENT,FUTURE,,,,,,,,,,FUTURE,FUTURE,,,PRESENT,,FUTURE,,,,,,,,,,,,,,,,,,,
220850,5A470101001,R5-2024-0009,CA0078441,Dunsmuir City,Dunsmuir WWTP,Siskiyou,r5-2024-0009_npdes.pdf,R5-2024-0009,PRESENT,,PRESENT,,,FUTURE,PRESENT,,,,,PRESENT,,,,,PRESENT,,,,,,,PRESENT,,,,,,,,,,,,,PRESENT,,,,,,,,,,,,,,,,,,,,,,,,PRESENT,PRESENT,,,,,,,,,,,,,,,PRESENT,PRESENT,,,,PRESENT,,,,,,,,,OFFSITE,,,,,,,
222998,1A82104OSIS,R1-2015-0026,,Etna City,Etna STP,Siskiyou,15_0026_Etna_WDR.pdf,,,,,,,,,,,,,,,,,,,,PRESENT,,,PRESENT,PRESENT,,,,,,,,,,,,,,,,,,,,,,,,,,,,,,,,,,,,,,,,,,,,,,,,,,,,,,,,,,,,,,,,,,,,,,,,,,,
225072,1A81157OSIS,R1-2014-0029,,Fort Jones City,Fort Jones City WWTP,Siskiyou,14_0029_FortJones_WDR.pdf,R1-2014-0029,,,,,,PRESENT,,,,,,,,,,,,,,,,,,PRESENT,,,,,,,,,,,,,,,,,,,,,,,,,,,,,,,,,,,,,,,,,,,,,,,,,,,,,,,,,,,,,,,,,,,OFFSITE,,,,,,,
229643,1A75211OSIS,R1-2022-0011,,Happy Camp Sanitation District,Happy Camp WWTP,Siskiyou,22_0011_HappyCamp_WDR.pdf,R1-2022-0011,PRESENT,,,,,,,,,,,,,,,,,,PRESENT,,,,,PRESENT,,,,,,,,,,,,,,,,,,,,,,,,,,,,,,,,,,,,,,,,,,,,,,,,,,,,,,,,,,,,,,,,,,,,,,,,,,
805724,1A14143RSIS,R1-2016-0013,,JH Ranch,JH Ranch,Siskiyou,16_0013_JHRanch_WDR.pdf,,,,,,,,,,,,,,,,,,,,,,,,,,,,,,,,,,,,,,,PRESENT,,,,,,,,,,,,,,,,,,,,,,,,,,,,,,,,,,,,,,,,,,,,,,,,,,,PRESENT,,,,,,,,,PAST
236258,1A79010OSIS,R1-2012-0029,,Lake Shastina CSD,Lake Shastina CSD STP,Siskiyou,12_0029_WDR_LakeShastina_KVG_120618.pdf,R1-2012-0029,PRESENT,PRESENT,,,,,,,,,,,,,,,,,,,,PRESENT,PRESENT,,,,,,,,,,,,,,,,,,,,,,,,,,,,,,,,,,,,,,,,,,,,,,,,,,,,,PRESENT,PRESENT,,,,,,,,,PRESENT,,,,,,,,,,,,
240000,5A470102002,R5-2017-0078,,McCloud Community Services District,McCloud WWTF,Siskiyou,r5-2017-0078.pdf,R5-2017-0078,,,,,,,,,,,,,,,,,,,PRESENT,,,,PRESENT,,,,,,,,,,,,,,,,,,,,,,,,,,,,,,,,,,,,,,,,,,,,,,,,,,,,,,PRESENT,,,,,,,,,,,,FUTURE,,,,,,,,,
241800,5A470105001,R5-2023-0016,CA0078051,Mt Shasta City,Mount Shasta WWTP,Siskiyou,r5-2023-0016_npdes.pdf,R5-2023-0016,PRESENT,,FUTURE,,,PRESENT,FUTURE,,FUTURE,PRESENT,,,,,,FUTURE,,,PRESENT,,,,,PRESENT,,,,,,,,FUTURE,FUTURE,,,,PRESENT,,,,,,,,,,,,,,,,,FUTURE,,,,,,,PRESENT,PRESENT,FUTURE,,,,,,,,,,,,,,FUTURE,,FUTURE,,,,,,PRESENT,,,,,,FUTURE,,,,,,,
241800,5A470105001,R5-2023-0016,CA0078051,Mt Shasta City,Mount Shasta WWTP,Siskiyou,r5-2012-0086_npdes.pdf,R5-2012-0086,PRESENT,,,,,PRESENT,,,,PRESENT,,,,,,,FUTURE,,PRESENT,,,,,,,,,,,,,,,,,,PRESENT,,,,,,,,,,,,,,,,,,,,,,,,PRESENT,PRESENT,,,,,,,,,,,,,,,,,,,,,,,PRESENT,,,,OFFSITE,,OFFSITE,,,,,,,
901636,1A25094RSIS,2014-0153-DWQ,,"Plant Sciences, Inc.","Plant Sciences, Inc. Juniper Village 2, Macdoel Middle School",Siskiyou,NOA - Plant Sciences.pdf,WQ-2014-0153-DWQ,,PRESENT,,,,,,,,,,,,,,,,,,,,,,,,,,,,,,,,,,,,,,,,,,,,,,,,,,,,,,,,,,,,,,,,,,,,,,,,,,,,,,,,,,,,,,,PRESENT,,,,,,,,,PRESENT
263172,1A88031RSIS,R1-2016-0019,,Tennant CSD,Tennant CSD ST/LF,Siskiyou,16_0019_Tennant_WDR.pdf,,,,,,,,,,,,,,,,,,,,,,,,,,,,,,,,,,,,,,,,,,,,,,,,,,,,,,,,,,,,,,,,,,,,,,,,,,,,,,,,,,,,,,,,,,,,,,,,,,,PRESENT
266694,1A84002OSIS,R1-2015-0002,CA0023272,Tulelake City,Tulelake City WWTP,Siskiyou,15_0002_Tulelake_WDR_revised_030415.pdf,R1-2015-0002,,,,,,FUTURE,,,,,,,,,,,,,PRESENT,,,,,FUTURE,,,,,,,,,,,,,PRESENT,,,,,,,,,,,,,,,,,,,,,,,,PRESENT,,,,,,,,,,,,,,,,,,,,,,,,,,,,,,,,,,,,,
266694,1A84002OSIS,R1-2013-0029,CA0023272,Tulelake City,Tulelake City WWTP,Siskiyou,R1-2004-0075.pdf,R1-2004-0075,PRESENT,,,,,,,,,,,,,,,,PRESENT,,,,,,,,,,,,,,,,,,,,PRESENT,,,,,,,,,,,,,,,,,,,,,,,,PRESENT,PRESENT,,,,,,,,,,,,,,,,,,,,,,,,,,,,,,,,,,,,
266694,1A84002OSIS,R1-2013-0029,CA0023272,Tulelake City,Tulelake City WWTP,Siskiyou,13_0029_KVG_ef_Tulelake_NPDES_130627.pdf,R1-2013-0029,PRESENT,,PRESENT,,,PRESENT,,,,,,,,,,PRESENT,,,,,,,,PRESENT,,,,,,,,,PRESENT,,,,PRESENT,,,,,,,,,,,,,,,,,,,,,,,,PRESENT,PRESENT,,,,,,,,,,,,,,,,,PRESENT,,,,,,,PRESENT,,,,,,,,,,,,
274538,1A84073OSIS,R1-2021-0016,,Yreka City,Yreka City WWTP,Siskiyou,21_0016_Yreka_WDR.pdf,R1-2021-0016,,,PRESENT,,,PRESENT,,,,,,,,,,,PRESENT,,,,,,,PRESENT,,,,,,,,,,,,,PRESENT,,,,,,,,,,,,,,,,,,,,,,,,PRESENT,,,,,,,,,,,,,,,,PRESENT,,PRESENT,PRESENT,,,,,,,,,,,,,,,,,,
252771,5A480104001,R5-2024-0054,CA0079588,Rio Vista City,Beach WWTF,Solano,R5-2019-0016.pdf,R5-2019-0016,,PRESENT,PRESENT,,,PRESENT,PRESENT,,,,,,,,,,PRESENT,,,,,,,,,,,,,,,,,,,,,,,,,,,,,,,,,,,,,,,,,,,,PRESENT,PRESENT,,,,,,,,,,,,,,,,,OFFSITE,,,OFFSITE,,,,,,,,,,,,,,,,
252771,5A480104001,R5-2024-0054,CA0079588,Rio Vista City,Beach WWTF,Solano,r5-2014_0012.pdf,R5-2014-0012,,PRESENT,PRESENT,,,PRESENT,PRESENT,,,,,,,,,,PRESENT,,,,,,,,,,,,,,,,,,,,,,,,,,,,,,,,,,,,,,,,,,,,PRESENT,PRESENT,,,,,,,,,,,,,,,,,OFFSITE,,,OFFSITE,,,,,,,,,,,,,,,,
252771,5A480104001,R5-2024-0054,CA0079588,Rio Vista City,Beach WWTF,Solano,R5-2008-0108-01.pdf,R5-2008-0108,,PRESENT,PRESENT,,,PRESENT,PRESENT,,,,,,,,,,PRESENT,,,,,,,PRESENT,,,,,,,,,,,,,,,,,,,,,,,,,,,,,,,,,,,,,PRESENT,PRESENT,,,,,,,,,,,,PRESENT,,,,,,,PRESENT,PRESENT,,,,PRESENT,,,OFFSITE,,OFFSITE,,,,,,,
252771,5A480104001,R5-2024-0054,CA0079588,Rio Vista City,Beach WWTF,Solano,r5-2024-0054_npdes.pdf,R5-2024-0054,,PRESENT,PRESENT,,,PRESENT,PRESENT,,,,,,,,,,PRESENT,,,,,,,,,,,,,,,,,,,,,,,,,,,,,,,,,,,,,,,,,,,,PRESENT,PRESENT,,,,,,,,,,,,,,,,,OFFSITE,,,OFFSITE,,,,,,,,,,,,,,,,
209253,2 482001001,R2-2025-0001,CA0038091,Benicia City,Benicia WWTP,Solano,Benicia Order Final - 6-14.pdf,R2-2014-0023,PRESENT,PRESENT,PRESENT,,,PRESENT,PRESENT,,PRESENT,PRESENT,,,,,,,PRESENT,,,,,,,,,,,,,,,,,,,,,,,PRESENT,,,,,,,,,,,,,,,,,,,,,PRESENT,PRESENT,,,,,,,,,,,,,,PRESENT,,,PRESENT,,,,,,PRESENT,,,,,,OFFSITE,,,,,,,
209253,2 482001001,R2-2025-0001,CA0038091,Benicia City,Benicia WWTP,Solano,Nutrient Watershed Permit - R2-2014-0014.pdf,R2-2014-0014,,,PRESENT,,,PRESENT,,,,,,,,,,,,,,,,,,,,,,,,,,,PRESENT,,,,,,,,,,,,,,,,,,,,,,,,,,,,,,,,,,,,,,,,,,,,,,,,,,,,,,,,,,,,,,,,,
209253,2 482001001,R2-2025-0001,CA0038091,Benicia City,Benicia WWTP,Solano,Benicia R2-2025-0001.pdf,R2-2025-0001,PRESENT,PRESENT,PRESENT,,,PRESENT,PRESENT,,PRESENT,PRESENT,,,,,,,PRESENT,,,,,,,,,,,,,,,,,,,,,,,PRESENT,,,,,,,,,,,,,,,,,,,,,PRESENT,PRESENT,,,,,,,,,,,,,,PRESENT,,,PRESENT,,,,,,PRESENT,,,,OFFSITE,,,,,,,,,
220385,5A480107001,2014-0153-DWQ,,Yolo Cnty Housing Authority,Dixon Migrant Center WWTF,Solano,wqo-2014-0153-r5433_noa.pdf,WQ-2014-0153-DWQ,,,,,,,,,,,,,,,,,,,,,,,,PRESENT,,,,,,,,,,,,,,,,,,,,,,,,,,,,,,,,,,,,,,,,,,,,,,,,,,,,,,,,,,,,,,,,,,,,,,,,,,
220396,5A480101001,R5-2014-0098,,Dixon City PWD,Dixon WWTF,Solano,r5-2014-0098.pdf,R5-2014-0098,,,FUTURE,,,,,,,,,FUTURE,,,,,,,,,,,PRESENT,,,,,,,,,,,,,,,,,,,,,,,,,,,,,,,,,,,,,,,,,,,,,,,,,,,,,,,,,,,,,,,,,,,,,,,,,,,
222057,5A480105002,R5-2025-0028,CA0077691,Vacaville City DPW,Easterly WWTP,Solano,R5-2019-0049.pdf,R5-2019-0049,,PRESENT,PRESENT,,,PRESENT,,,PRESENT,,,,,,,PRESENT,,,,,,,,PRESENT,,,,,,,,PRESENT,PRESENT,,,,PRESENT,,,,,,,,,,,,,,,,,,,,,,,,PRESENT,PRESENT,,,,,,,,,,,,,,PRESENT,,,PRESENT,,,PRESENT,,,,,,,,,OFFSITE,,,,,,,
222057,5A480105002,R5-2025-0028,CA0077691,Vacaville City DPW,Easterly WWTP,Solano,r5-2008-0055.pdf,R5-2008-0055,,PRESENT,PRESENT,,,PRESENT,PRESENT,,,,,,,,,PRESENT,PRESENT,,,,,,,,,,,,,,,,PRESENT,,,,,,,,,,,,,,,,,,,,,,,,,,,,PRESENT,PRESENT,,,,,,,,,,,,,,PRESENT,,,PRESENT,,,,,,,,,,,,OFFSITE,,,,,,,
222057,5A480105002,R5-2025-0028,CA0077691,Vacaville City DPW,Easterly WWTP,Solano,R5-2010-0027.pdf,R5-2010-0027,,PRESENT,PRESENT,,,,,,,PRESENT,,,,,,,PRESENT,,,,,,,PRESENT,,,,,,,,,,,,,,,,,,,,,,,,,,,,,,,,,,,,,PRESENT,PRESENT,,,,,,,,,,,,,,PRESENT,,,PRESENT,,,PRESENT,,,PRESENT,PRESENT,,,,,,,,,,,,
222057,5A480105002,R5-2025-0028,CA0077691,Vacaville City DPW,Easterly WWTP,Solano,r5-2025-0028_npdes.pdf,R5-2025-0028,,PRESENT,PRESENT,,,,,,PRESENT,,,,,,,PRESENT,,,,,,,,,,,,,,,,PRESENT,PRESENT,,,,PRESENT,,,,,,,,,,,,,,,,,,,,,,,,PRESENT,PRESENT,,,,,,,,,,,,,,PRESENT,,,PRESENT,,,PRESENT,,,,,,,,,OFFSITE,,,,,,,
222057,5A480105002,R5-2025-0028,CA0077691,Vacaville City DPW,Easterly WWTP,Solano,r5-2014-0072.pdf,R5-2014-0072,,PRESENT,PRESENT,,,,,,,,,,,,,PRESENT,,,,,,,,,,,,,,,,PRESENT,PRESENT,,,,FUTURE,,,,,,,,,,,,,,,,,,,,,,,,PRESENT,PRESENT,,,,,,,,,,,,,,PRESENT,,,PRESENT,,,PRESENT,,,,,,,,,OFFSITE,,,,,,,
225526,2 482005001,R2-2025-0028,CA0038024,Fairfield Suisun Sewer District,Fairfield-Suisun Sewer District Subregional WWTP,Solano,Nutrient Watershed Permit - R2-2014-0014.pdf,R2-2014-0014,,,PRESENT,,,PRESENT,,,,,,,,,,,PRESENT,,,,,,,,,,,,,,,,,,,,,,,,,,,,,,,,,,,,,,,,,,,,,,,,,,,,,,,,,,,,,,,,,,,,,,,,,,,,,,,,,
225526,2 482005001,R2-2025-0028,CA0038024,Fairfield Suisun Sewer District,Fairfield-Suisun Sewer District Subregional WWTP,Solano,Order R2-2025-0028.pdf,R2-2025-0028,PRESENT,PRESENT,PRESENT,,PRESENT,PRESENT,PRESENT,,PRESENT,,,,,,,,PRESENT,,,,,,,PRESENT,,,,,,,,FUTURE,PRESENT,,,,PRESENT,,PRESENT,,,,,,,,,,,,,,,,,,,,,,,,PRESENT,,,,,,,,,,,,,PRESENT,,,PRESENT,,,,,,PRESENT,,,,,,,PRESENT,,,,,,
225526,2 482005001,R2-2025-0028,CA0038024,Fairfield Suisun Sewer District,Fairfield-Suisun Sewer District Subregional WWTP,Solano,FSSD R2-2020-0012.pdf,R2-2020-0012,PRESENT,PRESENT,PRESENT,,PRESENT,PRESENT,PRESENT,,PRESENT,,,,,,,,PRESENT,,,,,,,PRESENT,,,,,,,,,,,,,PRESENT,,PRESENT,,,,,,,,,,,,,,,,,,,,,,,,PRESENT,,,,,,,,,,,,,PRESENT,,,PRESENT,,,,,,PRESENT,,,,,,,OFFSITE,,,,,,
266439,5A480108001,R5-2026-0018,CA0083771,Rio Vista City,Northwest WWTF,Solano,r5-2021-0004.pdf,R5-2021-0004,,,,,,PRESENT,,,,,,,,,,,PRESENT,,,,,,,,,,,,,,,,,,,,,,,,,,,,,,,,,,,PRESENT,,,,,,,,,,,PRESENT,,,,,,,,,,,,,,,,PRESENT,,,PRESENT,,,,,,,OFFSITE,,OFFSITE,,,,,,,
266439,5A480108001,R5-2026-0018,CA0083771,Rio Vista City,Northwest WWTF,Solano,R5-2010-0081.pdf,R5-2010-0081,,,,,,PRESENT,,,,,,,,,,,PRESENT,,,,,,,,,,,,,,,,,,,,,,,,,,,,,,,,,,,PRESENT,,,,,,,,,,,PRESENT,,,,,,,,,,,,,,,,PRESENT,,,PRESENT,,,,,,,OFFSITE,,OFFSITE,,,,,,,
266439,5A480108001,R5-2026-0018,CA0083771,Rio Vista City,Northwest WWTF,Solano,r5-2015-0141.pdf,R5-2015-0141,,,,,,PRESENT,,,,,,,,,,,,,,,,,,,,,,,,,,,PRESENT,,,,,,,,,,,,,,,,,,,PRESENT,,,,,,,,,,,PRESENT,,,,,,,,,,,,,,,,PRESENT,,,PRESENT,,,,,,,OFFSITE,,OFFSITE,,,,,,,
266439,5A480108001,R5-2026-0018,CA0083771,Rio Vista City,Northwest WWTF,Solano,r5-2026-0018_minor_mod.pdf,R5-2026-0018,,,,,,PRESENT,,,,,,,,,,,PRESENT,,,,,,,,,,,,,,,,,,,,,,,,,,,,,,,,,,,PRESENT,,,,,,,,,,,PRESENT,,,,,,,,,,,,,,,,PRESENT,,,PRESENT,,,,,,,OFFSITE,,OFFSITE,,,,,,,
268926,5A570800001,R5-2021-0007,CA0077895,UC Davis,UC Davis Main WWTP,Solano,R5-2008-0183.pdf,R5-2008-0183,PRESENT,,PRESENT,,,PRESENT,,,,,,PRESENT,,,,,PRESENT,,,,,PRESENT,,,,,,,,,,,,,,,,,,,,,,,,,,,,,,,,PRESENT,,,,,,,,,PRESENT,,,,,,,,,,,,,,,,,,,PRESENT,,,,,,,,,OFFSITE,,,,,,,
268926,5A570800001,R5-2021-0007,CA0077895,UC Davis,UC Davis Main WWTP,Solano,r5-2014-0152.pdf,R5-2014-0152,,,PRESENT,,,PRESENT,,,,,,PRESENT,,,,,,,,,,PRESENT,,,,,,,,,,FUTURE,,,,,PRESENT,,,,,,,,,,,,,,,,,PRESENT,,,,,,,,,PRESENT,,,,,,,,,,,,,,,,,,,PRESENT,,,,,,,,,OFFSITE,,,,,,,
268926,5A570800001,R5-2021-0007,CA0077895,UC Davis,UC Davis Main WWTP,Solano,r5-2021-0007_npdes.pdf,R5-2021-0007,,,PRESENT,,,PRESENT,,,,,,PRESENT,,,,PRESENT,,,,,,,,,,,,,,,,PRESENT,PRESENT,,,,PRESENT,,,,,,,,,,,,,,,,,PRESENT,,,,,,,,,PRESENT,,,,,,,,,,,,,,,,,,,PRESENT,,,,,,,,,OFFSITE,,,,,,,
270006,2 482012001,R2-2023-0001,CA0037699,Vallejo Flood & Wastewater District (formerly Vallejo San & Flood Control District),Vallejo Flood & Wastewater District (VFWD) WWTP,Solano,Order R2-2023-0001.pdf,R2-2023-0001,,PRESENT,PRESENT,,,PRESENT,PRESENT,,PRESENT,,,,,,,,PRESENT,,,,,,,,,,,,,,,,,,,,,,PRESENT,,,,,,,,,,,,,,,,,,,,,,PRESENT,PRESENT,,,,,,,,,,,PRESENT,,,,,,,,,,,,PRESENT,,,PRESENT,OFFSITE,,,OFFSITE,,,,,,
209949,1B75028OSON,R1-2023-0011,,Bodega Bay PUD,Bodega Bay Wastewater Reclamation Facility,Sonoma,R1-2023-0011.pdf,R1-2023-0011,,,PRESENT,,,PRESENT,,,,,,,,PRESENT,,,PRESENT,,,,,,,PRESENT,,,,,,,,,,,,,PRESENT,,,,,,,,,,,,,,,,,,,,,,,,PRESENT,,,,,,,,,,,,,,,,PRESENT,,,,,PRESENT,,,,,,,PRESENT,,,,,,,,,
224901,1B83100OSON,R1-2024-0004,CA0023043,Forestville Water District,Forestville Water District,Sonoma,2024_0004_forestville_npdes_signed.pdf,R1-2024-0004,,,,,,PRESENT,,,PRESENT,,,,,,,,,,,,,,,PRESENT,,,,,,,,,PRESENT,,,,,,,,,,,,,,,,,,PRESENT,,,,,,,,,,PRESENT,PRESENT,,,,PRESENT,,,,,,,,,,PRESENT,,,,,,,,,,,,,,,OFFSITE,,,,,,,
224901,1B83100OSON,R1-2024-0004,CA0023043,Forestville Water District,Forestville Water District,Sonoma,12_0012_NPDES_Forestville_CAG_osb.pdf,R1-2012-0012,,,PRESENT,,,PRESENT,,,,,,,,,,,PRESENT,,,,,,,PRESENT,,,,,,,,,,,,,,,,,,,,,,,,,,,PRESENT,,,,,,,,,,PRESENT,PRESENT,,,,,,,,,,,,,,,,,PRESENT,,,,,,,,,,,,PRESENT,,,,,,,
224901,1B83100OSON,R1-2024-0004,CA0023043,Forestville Water District,Forestville Water District,Sonoma,102204-ForestvilleNPDES.pdf,R1-2004-0027,,,,,PRESENT,PRESENT,,,,,,,,,,,,,PRESENT,,,,,PRESENT,,,,,,,,,,,,,,,,,,,,,,,,,,,PRESENT,,,,,,,,,,PRESENT,,,,,,,,,,,,,,,,,,,,,,,,,,,,,,,OFFSITE,,,,,,
224901,1B83100OSON,R1-2024-0004,CA0023043,Forestville Water District,Forestville Water District,Sonoma,18_0002_Forestville_NPDES.pdf,R1-2018-0002,,,,,PRESENT,PRESENT,,,FUTURE,,,,,,,,,,FUTURE,PRESENT,,,,PRESENT,,,,,,,,,PRESENT,,,,,,,,,,,,,,,,,,PRESENT,,,,,,,,,,PRESENT,PRESENT,,,,,,,,,,,,,,PRESENT,,,,,,,,,,,,,,,,,,,,,,
256050,1B84060OSON,R1-2018-0001,CA0023639,Graton CSD,Graton CSD,Sonoma,18_0001_Graton_NPDES.pdf,R1-2018-0001,PRESENT,,,,PRESENT,PRESENT,PRESENT,,PRESENT,PRESENT,,,,,,,,,PRESENT,,,,,PRESENT,,,,,,,,,,,,,PRESENT,,,,,,,,,,,,,,,,,,,,PRESENT,PRESENT,,,,,,,PRESENT,,,,,,,,,PRESENT,,PRESENT,,,PRESENT,,,,,,PRESENT,,,,,PRESENT,,,,,,,,
256050,1B84060OSON,R1-2018-0001,CA0023639,Graton CSD,Graton CSD,Sonoma,12_0016_NPDES_Graton_CSD_120320_CAG.pdf,R1-2012-0016,PAST,,,,,,PRESENT,,PRESENT,FUTURE,,,,,,PRESENT,PRESENT,,,,,,,,,,,,,,,,PRESENT,,,,FUTURE,,,,,,,,,,,,,,,,,,,,,,,,PRESENT,PRESENT,,,FUTURE,,,,FUTURE,,,,,,,PRESENT,,,FUTURE,,,,,,FUTURE,,,,,FUTURE,,,,,,FUTURE,FUTURE,
228109,1B89005RMEN,R1-2022-0004,,Gualala CSD,Gualala WWTF,Sonoma,22_0004_Gualala_CSD_WDR.pdf,R1-2022-0004,,,PRESENT,,,OFFSITE,,,,,,,,PRESENT,,,PRESENT,,,,,,,PRESENT,,,,,,,,,,,,,,,,,,,,,,,,,,,,,,PRESENT,,,,,,,PRESENT,,,,,,,,,,,,,,,,,,,,,PRESENT,,,,,,,,,,OFFSITE,,,,,,OFFSITE
229922,1B82046OSON,R1-2022-0017,CA0025135,Healdsburg City,Healdsburg City WWTP,Sonoma,22_0017_Healdsburg_WWTF_NPDES.pdf,R1-2022-0017,,,,,,PRESENT,PRESENT,,PRESENT,,,,,,,PRESENT,,,,,,,,PRESENT,,,,,,,,PRESENT,PRESENT,,,,,,,,,,,,,,,,,,,PRESENT,,,,,,,,,,,PRESENT,,,,,,PRESENT,,,,,,,PRESENT,PRESENT,,PRESENT,PRESENT,,,,,PRESENT,,,,,,OFFSITE,,,,,,,
229922,1B82046OSON,R1-2022-0017,CA0025135,Healdsburg City,Healdsburg City WWTP,Sonoma,16_0015_City_of_Healdsburg_WWTF_NPDES_Modification.pdf,R1-2016-0015,OFFSITE,,,,,PRESENT,PRESENT,,PRESENT,,,,,,,PRESENT,,,,,,,,PRESENT,,,,,,,,PRESENT,PRESENT,,,,,,,,,,,,,,,,,,,PRESENT,,,,,,,,,,,PRESENT,,,,,,PRESENT,,,,,,,PRESENT,PRESENT,,PRESENT,PRESENT,,,,,PRESENT,,,,OFFSITE,,OFFSITE,,,,,,,
229922,1B82046OSON,R1-2022-0017,CA0025135,Healdsburg City,Healdsburg City WWTP,Sonoma,10_0034_NPDESPermit_CityofHealdsburg_WWTP_Adopted_signed.pdf,R1-2009-0034,PRESENT,,,,,PRESENT,PRESENT,,PRESENT,,,,,,,PRESENT,PRESENT,,,,PRESENT,,,PRESENT,,,,,,,,PRESENT,PRESENT,,,,,,,,,,,,,,,,,,,PRESENT,,,,,,PRESENT,,,,,PRESENT,,,,,,PRESENT,,,,,,,PRESENT,PRESENT,,PRESENT,PRESENT,,,,,PRESENT,,,,,,OFFSITE,,,,,,,
229922,1B82046OSON,R1-2022-0017,CA0025135,Healdsburg City,Healdsburg City WWTP,Sonoma,17_0047_HealdsburgWWTF_NPDES.pdf,R1-2017-0047,,,,,,,,,,,,,,,,,,,,,,,,,,,,,,,,,,,,,,,,,,,,,,,,,,,,,,,,,,,,,,,,,,,,,,,,,,,,,,,,,,,,,,,,,,,,,,,,,,
229922,1B82046OSON,R1-2022-0017,CA0025135,Healdsburg City,Healdsburg City WWTP,Sonoma,080617_05_0084_HealdsburgNPDES.pdf,R1-2005-0084,,,PRESENT,,OFFSITE,PRESENT,PRESENT,,,,,,,FUTURE,,FUTURE,,,PRESENT,PRESENT,,PRESENT,,FUTURE,,,,,,,,FUTURE,,,,,FUTURE,,,,,,,,,,,,,,,FUTURE,,,,,,,,,PRESENT,FUTURE,,,,,,,,,,,,,,,,PRESENT,PAST,,,,,,,PRESENT,,,PAST,,PAST,,,,,,,
229922,1B82046OSON,R1-2022-0017,CA0025135,Healdsburg City,Healdsburg City WWTP,Sonoma,102204-HealdsburgNPDES.pdf,R1-2004-0064,,,PRESENT,,,PRESENT,PRESENT,,,,,,,,,FUTURE,,,PRESENT,,,PRESENT,,FUTURE,,,,,,,,FUTURE,,,,,FUTURE,,,,,,,,,,,,,,,FUTURE,,,,,,,,,PRESENT,FUTURE,,,,,,,,,,,,,,,,PRESENT,PAST,,,,,,,PRESENT,,,PAST,,,,,,,,,
229922,1B82046OSON,R1-2022-0017,CA0025135,Healdsburg City,Healdsburg City WWTP,Sonoma,16_0015_City_of_Healdsburg_WWTF_NPDES.pdf,R1-2016-0015,OFFSITE,,,,,PRESENT,PRESENT,,PRESENT,,,,,,,PRESENT,,,,,,,,PRESENT,,,,,,,,PRESENT,PRESENT,,,,,,,,,,,,,,,,,,,PRESENT,,,,,,,,,,,PRESENT,,,,,,PRESENT,,,,,,,PRESENT,PRESENT,,PRESENT,PRESENT,,,,,PRESENT,,,,OFFSITE,,OFFSITE,,,,,,,
248087,2 494006001,R2-2021-0008,CA0037810,Petaluma City PWD,Petaluma Ellis Creek Water Recycling Facility (NPDES Permit),Sonoma,Order R2-2021-0008 (1).pdf,R2-2021-0008,,,PRESENT,,,PRESENT,PRESENT,,,,,PRESENT,,,,PRESENT,PRESENT,,PRESENT,,,,,,,,,,,,,PRESENT,PRESENT,,,,PRESENT,,,,,,,,,,,,,,,,,,PRESENT,,,PRESENT,,,PRESENT,PRESENT,PRESENT,,,,,,,,,,,,,PRESENT,,,PRESENT,,,,,,PRESENT,,,,OFFSITE,,OFFSITE,,,,,,,
248087,2 494006001,R2-2021-0008,CA0037810,Petaluma City PWD,Petaluma Ellis Creek Water Recycling Facility (NPDES Permit),Sonoma,petaluma R2-2011-0003.pdf,R2-2011-0003,,,PRESENT,,,PRESENT,PRESENT,,,,,,,,,,PRESENT,,,,,,,PRESENT,,,,,,,,,,,,,PRESENT,,,,,,,,,,,,,,,,,,PRESENT,,,PRESENT,,,PRESENT,PRESENT,PRESENT,,,PRESENT,,,,,,,,,,PRESENT,,,PRESENT,,,,,,PRESENT,,,,OFFSITE,,OFFSITE,,,,,,,
255703,1B83099OSON,R1-2020-0012,CA0022764,Santa Rosa City Dept of Public Works,Santa Rosa Laguna Subregional Water Reclamation Facility,Sonoma,091203_06-0045_NPDES_Attachment_F-Fact_Sheet.pdf,R1-2006-0045,,PRESENT,PRESENT,,PRESENT,PRESENT,,,,,,,,,,PRESENT,,,,,,,,,,,,,,,,PRESENT,,,,,,,,,,,,,,,,,,,,,,PRESENT,,,PRESENT,PRESENT,,,,,PRESENT,,,,,,,,,,,PRESENT,,PRESENT,,,,,,PRESENT,,,PRESENT,,,,OFFSITE,OFFSITE,,,,,,,,
255703,1B83099OSON,R1-2020-0012,CA0022764,Santa Rosa City Dept of Public Works,Santa Rosa Laguna Subregional Water Reclamation Facility,Sonoma,13_0001_SantaRosaNPDES_Final.pdf,R1-2013-0001,,PRESENT,,,PRESENT,,PRESENT,,,,,,,,,,PRESENT,,,,,,,PRESENT,,,,,,,,,,,,,PRESENT,,,,,,,,,,,,,,,,,,,,PRESENT,PRESENT,,,,,PRESENT,,,,PRESENT,,PRESENT,,,,,,,PRESENT,,,PRESENT,,,,,,PRESENT,,,,PRESENT,,,,,,,,,
255703,1B83099OSON,R1-2020-0012,CA0022764,Santa Rosa City Dept of Public Works,Santa Rosa Laguna Subregional Water Reclamation Facility,Sonoma,061003_0045_SantaRosaWDRs.pdf,R1-2006-0045,,PRESENT,PRESENT,,,,PRESENT,,,,,,,,,,PRESENT,,,,,,,,,,,,,,,,,,,,PRESENT,,,,,,,,,,,,,,,,,,,,PRESENT,PRESENT,,,,,PRESENT,,,,PRESENT,,PRESENT,,,,,,,PRESENT,,,PRESENT,,,,,,PRESENT,,,,PRESENT,PRESENT,,,,,,,,
255703,1B83099OSON,R1-2020-0012,CA0022764,Santa Rosa City Dept of Public Works,Santa Rosa Laguna Subregional Water Reclamation Facility,Sonoma,20_0012_SantaRosa-LagunaWWTF_NPDES.pdf,R1-2020-0012,,PRESENT,PRESENT,,,,PRESENT,,,,,,,,,,PRESENT,,,,,,,PRESENT,,,,,,,,,,,,,PRESENT,,,,,,,,,,,,,,,,,,,,PRESENT,PRESENT,,,,,PRESENT,,,,PRESENT,,PRESENT,,,,,,,PRESENT,,,PRESENT,,,,,,PRESENT,,,,PRESENT,PRESENT,,,,,,,,
256045,1B84124OSON,R1-2019-0007,,Sonoma County Water Agency (SCWA),SCWA Airport WRF (Airport-Larkfield-Wikiup),Sonoma,19_0007_Airport-Larkfield-Wikiup_SanitationZone_WDR.pdf,R1-2019-0007,,,PRESENT,,,PRESENT,,,,,,,,,,,,,PRESENT,,,,,PRESENT,,,,,,,,,,,,,,,,,,,,,,,,,,,PRESENT,,,,,,,,,,PRESENT,,,,,,,,,,,,,,,,,,,,,,,,,,,,,,,,,,,,,
256049,1B77117OSON,R1-2019-0013,,Sonoma County Water Agency (SCWA),SCWA Geyserville CSD,Sonoma,19_0013_Geyserville Sanitation Zone WWTF_WDR.pdf,R1-2019-0013,,,,,PRESENT,,,,,,,,,,,,,,PRESENT,,,,PRESENT,PRESENT,,,,,,,,,,,,,,,,,,,,,,,,,,,,,,,,,,,,,PRESENT,,,,,,,,,,,,,,,,,,,,,,,,,,,,,,,,,,,,,
256061,1B82045OSON,R1-2021-0002,CA0024058,Sonoma County Water Agency (SCWA),SCWA Russian River CSD,Sonoma,14_0002_RRCSD_NPDES_Permit_adopted_with_revisions_accepted.pdf,R1-2014-0002,,,PRESENT,,,PRESENT,PRESENT,,PRESENT,,,,,PRESENT,,FUTURE,,,,,,,,PRESENT,,,,FUTURE,,,,FUTURE,PRESENT,,,,PRESENT,,,,,,,,,,,,,,,,,,,,,,,,,,PRESENT,,,,,,,,,,,,,,,,,,,,,,,,,,OFFSITE,,,,,,,,,
256061,1B82045OSON,R1-2021-0002,CA0024058,Sonoma County Water Agency (SCWA),SCWA Russian River CSD,Sonoma,21_0002_Russian River CSD and Sonoma Water WWTF NPDES.pdf,R1-2021-0002,,,PRESENT,,,PRESENT,PRESENT,,,,,,,,,PRESENT,PRESENT,,,,,,,PRESENT,,,,,,,,PRESENT,PRESENT,,,,PRESENT,,,,,,,,,,,,,,,,,,,,,,,,PRESENT,,PRESENT,,,,,,PRESENT,,,,,,,,,,PRESENT,,,,,,,,,,,,,,,,,,,
256061,1B82045OSON,R1-2021-0002,CA0024058,Sonoma County Water Agency (SCWA),SCWA Russian River CSD,Sonoma,09_0003_NPDES_RRCSD_CAG_020209.pdf,R1-2009-0003,,,PRESENT,,,PRESENT,PRESENT,,PRESENT,,,,,PRESENT,,,PRESENT,,,,,,,PRESENT,,,,,,,,,,,,,PRESENT,,,,,,,,,,,,,,,,,,,,,,,,PRESENT,PRESENT,FUTURE,,,,,,,,,,,,,,,,PRESENT,,,,,,,,,,,,OFFSITE,,,,,,,
256061,1B82045OSON,R1-2021-0002,CA0024058,Sonoma County Water Agency (SCWA),SCWA Russian River CSD,Sonoma,14_0002_RRCSD_NPDES_Permit_MRP_Revision.pdf,R1-2014-0002,,,,,,,,,,,,,,,,,,,,,,,,,,,,,,,,,,,,,,,,,,,,,,,,,,,,,,PRESENT,,,,,,,,,PRESENT,,,,,,,,,,,PRESENT,,,,,,,,,,,,,,,PRESENT,,,,,,,,,
816488,1B15087RSON,2014-0153-DWQ,,Silver Oaks Cellars,Silver Oak Cellars - Highway 128 Alexander Valley (Domestic Waste),Sonoma,Silver Oak Cellars.pdf,WQ-2014-0153-DWQ,,PRESENT,,,PRESENT,,,,,,,,,,,,,,,,,,,,,,,,,,,,,,,,,PRESENT,,,,,,,,,,,,,,,,,,,,,,,,,PRESENT,,,,,,,,,,,,,,,,,,,,,,,,,,PRESENT,,,,,,,,,PRESENT
255836,1B89051RSON,R1-2017-0014,,Sea Ranch Association,"Sonoma Co Service Area 41, Zone 2, Sea Ranch Onsite Wastewater Management Zone",Sonoma,17_0014_SeaRanch_OWTS_WDR.pdf,R1-2017-0014,,PRESENT,,,,,,,,,,,,,,,,,,,,,,,,,,,,,,,,,,,,,,,,,,,,,,,,,,,,PRESENT,,,,,,,,,,,,,,,,,,,,,,,PRESENT,,,,,,,,,,,,,,,,,,,,,PRESENT
257754,2 494009001,R2-2024-0027,CA0037800,Sonoma County Water Agency (SCWA),Sonoma Valley County SD WWTP,Sonoma,R2-2019-0019.pdf,R2-2019-0019,,PRESENT,PRESENT,,,PRESENT,PRESENT,,PRESENT,,,,,,,,PRESENT,,,,,,,PRESENT,,,,,,,,,,,,,PRESENT,,,,,,,,,,,,,,,,,,,,,PRESENT,,,PRESENT,PRESENT,,,,,,,PRESENT,,,,,,,,,,PRESENT,,,,,,PRESENT,,,,,,OFFSITE,,,,,,,
257754,2 494009001,R2-2024-0027,CA0037800,Sonoma County Water Agency (SCWA),Sonoma Valley County SD WWTP,Sonoma,Final Order Sonoma_NPDES permit_Dec 2024.pdf,R2-2024-0027,,,PRESENT,,,PRESENT,PRESENT,,PRESENT,,,,,,,,PRESENT,,,,,,,PRESENT,,,,,,,,,,,,,PRESENT,,,,,,,,,,,,,,,,,,,,,PRESENT,,,PRESENT,PRESENT,,,,,,,PRESENT,,,,,,,,,,PRESENT,,,,,,PRESENT,,,,,,OFFSITE,,,,,,,
257754,2 494009001,R2-2024-0027,CA0037800,Sonoma County Water Agency (SCWA),Sonoma Valley County SD WWTP,Sonoma,sonoma R2-2014-0020.pdf,R2-2014-0020,,PRESENT,PRESENT,,,PRESENT,PRESENT,,PRESENT,,,,,,,,PRESENT,,,,,,,,,,,,,,,,,,,,PRESENT,,,,,,,,,,,,,,,,,,,,,PRESENT,,,PRESENT,PRESENT,,,,,,,PRESENT,,,,,,,,,,PRESENT,,,,,,PRESENT,,,,,,OFFSITE,,,,,,,
272790,1B82037OSON,R1-2020-0010,CA0023345,Windsor Water District,"Windsor Wastewater Treatment, Reclamation, and Disposal Facility",Sonoma,11_0006_Windsor_NPDES_Adopted_110201_SIGNED.pdf,R1-2011-0006,,,PRESENT,,PRESENT,,,,,,,,,PRESENT,,,PRESENT,,,,,,,,,,,,,,,,,,,,PRESENT,,,,,,,,,,,,,,,,,,,,,PRESENT,,,PRESENT,,PRESENT,,,,,,,,,,,PRESENT,,,,,,,,,,,,,,,,,,,,,,,,
272790,1B82037OSON,R1-2020-0010,CA0023345,Windsor Water District,"Windsor Wastewater Treatment, Reclamation, and Disposal Facility",Sonoma,13_0042_Windsor_NPDES_permit_final.pdf,R1-2013-0042,,,PRESENT,,PRESENT,,,,PRESENT,,,,,,,,PRESENT,,,,,PRESENT,,PRESENT,,,,,,,,,,,,,PRESENT,,,,,,,,,,,,,,,,,,,,,PRESENT,,,PRESENT,,PRESENT,,,,,,,,,,,PRESENT,,,PRESENT,,PRESENT,,,,,,PRESENT,PRESENT,,,OFFSITE,,,,,,,,,
272790,1B82037OSON,R1-2020-0010,CA0023345,Windsor Water District,"Windsor Wastewater Treatment, Reclamation, and Disposal Facility",Sonoma,20_0010_Windsor Water District_NPDES.pdf,R1-2020-0010,,,PRESENT,,PRESENT,PRESENT,FUTURE,,PRESENT,,,,,,,,PRESENT,,,,,PRESENT,,PRESENT,,,,,,,,,,,,,PRESENT,,,,,,,,,,,,,,,,,,,,,PRESENT,,,PRESENT,,PRESENT,,,,,,,,,,,PRESENT,,,,,PRESENT,,,,,,,PRESENT,,,OFFSITE,,OFFSITE,,,,,,,
272790,1B82037OSON,R1-2020-0010,CA0023345,Windsor Water District,"Windsor Wastewater Treatment, Reclamation, and Disposal Facility",Sonoma,07_0013_NPDES_WindsorModification_Adopted_110201_SIGNED.pdf,R1-2007-0013,,,PRESENT,,PRESENT,,,,PRESENT,,,,,,,,PRESENT,,,,,PRESENT,,PRESENT,,,,,,,,,,,,,PRESENT,,,,,,,,,,,,,,,,,,,,,PRESENT,,,PRESENT,,PRESENT,,,,,,,,,,,PRESENT,,,PRESENT,FUTURE,PRESENT,,,,,,,PRESENT,,,OFFSITE,,OFFSITE,,,,,,,
241146,5C500102001,R5-2017-0064,CAC448536,Modesto City,City of Modesto WQCF,Stanislaus,r5-2017-0064.pdf,R5-2017-0064,,PRESENT,,,,PRESENT,PRESENT,,,,,PRESENT,,,,PRESENT,PRESENT,,,,,,,PRESENT,,,,,,,,PRESENT,PRESENT,,,,,,,PRESENT,,,,,,,,,,,,PRESENT,,,,,,,,,,,PRESENT,,,,,,,,,,,,,PRESENT,,,,,,PRESENT,,,PRESENT,,,,PRESENT,,,,,,,,,
241146,5C500102001,R5-2017-0064,CAC448536,Modesto City,City of Modesto WQCF,Stanislaus,R5-2008-0059-01.pdf,R5-2008-0059,,PRESENT,,,,PRESENT,PRESENT,,,,,,,,,,PRESENT,,,,,,,PRESENT,,,,,,,,,FUTURE,,,,,,PRESENT,,,,,,,,,,,,,,,FUTURE,,,,,,,PRESENT,PRESENT,FUTURE,,,,,,,,,,,,,,,PRESENT,PRESENT,,,PRESENT,,,PRESENT,,,,OFFSITE,,,,,,,,,
241146,5C500102001,R5-2017-0064,CAC448536,Modesto City,City of Modesto WQCF,Stanislaus,r5-2012-0031.pdf,R5-2012-0031,,PRESENT,,,,PRESENT,PRESENT,,,,,PRESENT,,,,PRESENT,PRESENT,,,,,,,PRESENT,,,,,,,,PRESENT,PRESENT,,,,,,PRESENT,,,,,,,,,,,,,FUTURE,,,,,,,,,PRESENT,PRESENT,FUTURE,,,,,,,,,,,,,PRESENT,,,PRESENT,PRESENT,,PRESENT,,,PRESENT,,,,OFFSITE,,,,,,,,,
241146,5C500102001,R5-2017-0064,CAC448536,Modesto City,City of Modesto WQCF,Stanislaus,R5-2008-0059-01.pdf,R5-2008-0059,,PRESENT,,,,PRESENT,PRESENT,,,,,,,,,,PRESENT,,,,,,,PRESENT,,,,,,,,,FUTURE,,,,,,PRESENT,,,,,,,,,,,,,,,FUTURE,,,,,,,PRESENT,PRESENT,FUTURE,,,,,,,,,,,,,,,PRESENT,PRESENT,,,PRESENT,,,PRESENT,,,,OFFSITE,,,,,,,,,
244250,5C500103001,R5-2018-0024,,Newman City,City of Newman WWTF,Stanislaus,r5-2018-0024_info.pdf,R5-2018-0024,,,,,,PRESENT,,,,,,,,,,,PRESENT,,PRESENT,PRESENT,,,,PRESENT,,,,,,,,,,,,,,,,,,,,,,,,,,,,,,,,,,,,,,,,,,,,,,,,,,,,PRESENT,,,,,,,,,,,,,PRESENT,,,,,,,,,
247782,5B50NC00002,R5-2018-0070-001,,Patterson City,City of Patterson WQCF,Stanislaus,R5-2018-0070-001.pdf,R5-2018-0070,,,FUTURE,,,,,,,,,FUTURE,,,,,FUTURE,,,,,,,FUTURE,,,,,,,,,,,,,,,,,,,,,,,,,,,,,,,,,,,,,,,,,,,,,,,,,,,,,FUTURE,,FUTURE,,,,,,FUTURE,,,,,,,,,,,,,
247782,5B50NC00002,R5-2018-0070-001,,Patterson City,City of Patterson WQCF,Stanislaus,R5-2018-0070_WDRs_MRP.pdf,R5-2018-0070,,PRESENT,PRESENT,,,PRESENT,,,,,,PRESENT,,,,PRESENT,FUTURE,PRESENT,PRESENT,PRESENT,PRESENT,PRESENT,,PRESENT,,,,,,,,PRESENT,PRESENT,,,,,,,,,,,,,,,,,,,,,,,,,,,,,,,,,,,,,,,,,,,PRESENT,PRESENT,,PRESENT,PRESENT,,PRESENT,,,FUTURE,,,,,,OFFSITE,OFFSITE,,,,,,
230812,5C500101002,R5-2012-0003,,Hughson City,Hughson WWTF,Stanislaus,r5-2012-0003.pdf,R5-2012-0003,,,PRESENT,,,,,,,OFFSITE,,PRESENT,,,,,PAST,,,,,,,PRESENT,,,,,,,,,,,,,,,,,,,,,,,,,OFFSITE,,,,,,,,,,,,PRESENT,,,,,,,,,,,,,,,,,,PRESENT,,,PRESENT,,,OFFSITE,,,,,,,,,,,,,
822960,5B50NP00031,R5-2022-0034,CA0085316,Modesto City,North Valley Regional Recycled Water Program - Modesto WWTP & Turlock RWQCF,Stanislaus,r5-2022-0034.pdf,R5-2022-0034,,PRESENT,PRESENT,,,PRESENT,PRESENT,,,PRESENT,,PRESENT,,,,PRESENT,,,,,,,,PRESENT,,,,,,,,PRESENT,PRESENT,,,,PRESENT,,,PRESENT,,,,,,,,,,,,PRESENT,,,,,PRESENT,,,,PRESENT,PRESENT,PRESENT,,,,,,,,,,,PRESENT,,PRESENT,,,,,,PRESENT,,,PRESENT,,,,PRESENT,,,,,,,,,
822960,5B50NP00031,R5-2022-0034,CA0085316,Modesto City,North Valley Regional Recycled Water Program - Modesto WWTP & Turlock RWQCF,Stanislaus,r5-2016-0010.pdf,R5-2016-0010,,PRESENT,PRESENT,,PRESENT,PRESENT,PRESENT,,,PRESENT,,PRESENT,,,,PRESENT,PRESENT,,,,,,,PRESENT,,,,,,,,PRESENT,PRESENT,,,,PRESENT,PRESENT,PRESENT,,,,,,,,,,,,,PRESENT,,,,,PRESENT,,,,PRESENT,PRESENT,PRESENT,,,,,,,,,,,PRESENT,,PRESENT,,,,,,PRESENT,,,PRESENT,PRESENT,,,OFFSITE,OFFSITE,,,,,,,,
245602,5C500104001,R5-2012-0063,,Oakdale City,Oakdale WWTF,Stanislaus,r5-2012-0063.pdf,R5-2012-0063,,,PRESENT,,,PRESENT,PRESENT,,,,,,,,,PRESENT,,,,,,,,PRESENT,,,,,,,,PRESENT,PRESENT,,,,PRESENT,,,,,,,,,,,,,,,,,,,,,PRESENT,,,,,PRESENT,,,,,,PRESENT,,,,,,,,,,PRESENT,,,PRESENT,,,,,,,,,,,,,,,,
266737,5C500108001,R5-2021-0005,CA0078948,Turlock City,"Turlock City, Turlock Regional Water Quality Control Facility",Stanislaus,r5-2021-0005_npdes.pdf,R5-2021-0005,,,,,,,,,,,,,,,,PRESENT,,,,,,,,,,,,,,,,PRESENT,,,,,,,,,,,,,,,,,,,,,,,,,,,,,,,,,,,,,,,,,,,,,,,,,,,,,,,,,,,,,,,,,,
266737,5C500108001,R5-2021-0005,CA0078948,Turlock City,"Turlock City, Turlock Regional Water Quality Control Facility",Stanislaus,r5-2019-0080_npdes_amend.pdf,R5-2019-0080,,,PRESENT,,,PRESENT,PRESENT,,,PRESENT,,,,,,PRESENT,PRESENT,,,,,,,,,,,,,,,,PRESENT,,,,PRESENT,,,,,,,,,,,,,,,,,,,,PRESENT,,,,PRESENT,PRESENT,,,,,,,,,,,,PRESENT,,,,,,,,,,,PRESENT,,,,,,,,,,,,,
266737,5C500108001,R5-2021-0005,CA0078948,Turlock City,"Turlock City, Turlock Regional Water Quality Control Facility",Stanislaus,r5-2015-0027-01_npdes.pdf,R5-2015-0027,,,PRESENT,,,PRESENT,PRESENT,,PRESENT,PRESENT,,,,,,PRESENT,PRESENT,,,,,,,,,,,,,,,,PRESENT,,,,PRESENT,,,,,,,,,,,,,,,,,,,,PRESENT,,,,PRESENT,PRESENT,,,,,,,,,,,,PRESENT,,PRESENT,,,,,,PRESENT,,,PRESENT,,,,PRESENT,PRESENT,,,,,,,,
266737,5C500108001,R5-2021-0005,CA0078948,Turlock City,"Turlock City, Turlock Regional Water Quality Control Facility",Stanislaus,R5-2015-0027.pdf,R5-2015-0027,,,PRESENT,,,PRESENT,PRESENT,,PRESENT,PRESENT,,,,,,PRESENT,,,,,,,,,,,,,,,,,PRESENT,,,,PRESENT,,,,,,,,,,,,,,,,,,,,PRESENT,,,,PRESENT,PRESENT,,,,,,,,,,,,PRESENT,,PRESENT,,,,,,PRESENT,,,PRESENT,,,,PRESENT,PRESENT,,,,,,,,
266737,5C500108001,R5-2021-0005,CA0078948,Turlock City,"Turlock City, Turlock Regional Water Quality Control Facility",Stanislaus,R5-2010-0002.pdf,R5-2010-0002,,,PRESENT,,,PRESENT,,,,PRESENT,,,,,,PRESENT,PRESENT,,,,,,,PRESENT,,,,,,,,,PRESENT,,,,,,PRESENT,,,,,,,,,,,,,,,PRESENT,,,,,,,PRESENT,PRESENT,,,,,,,,,,,,,,PRESENT,,,,,,,,,PRESENT,,,,,,,,,,,,,
214647,5A510100001,R5-2016-0039,CAC444735,Live Oak City,Live Oak City WWTP,Sutter,r5-2016-0039.pdf,R5-2016-0039,,,PRESENT,,,,,,PRESENT,,,PRESENT,,,,PRESENT,,,,,,,,PRESENT,,,,,,,,,PRESENT,,,,PRESENT,,,,,,,,,,,,,,,,,,,,,,,,,,PRESENT,,,,,,,,,,,,,,,,,,,PRESENT,,,,,,,,,OFFSITE,,,,,,,
214647,5A510100001,R5-2016-0039,CAC444735,Live Oak City,Live Oak City WWTP,Sutter,r5-2004-0096.pdf,R5-2004-0096,,,,,,,,,,,,,,,,,,,PRESENT,,,PRESENT,,,,,,,,,,,,,,,,,,,,,,,,,,,,,,,,,,,,,,,PRESENT,PRESENT,,,,,,,,,,,,,,,,,,,,,,,,,,,,,,,,,,,,
214647,5A510100001,R5-2023-0025,CAC444735,Live Oak City,Live Oak City WWTP,Sutter,R5-2017-0085-018.pdf,R5-2017-0085,,,PRESENT,,,,,,PRESENT,,,PRESENT,,,,PRESENT,PRESENT,,,,,,,PRESENT,,,,,,,,,PRESENT,,,,PRESENT,,,,,,,,,,,,,,,,,,,,,,,,PAST,,PRESENT,,,,,,,,,,,,,,,,,,,PRESENT,,,PRESENT,,,,,,OFFSITE,,,,,,,
214647,5A510100001,R5-2016-0039,CAC444735,Live Oak City,Live Oak City WWTP,Sutter,R5-2011-0034.pdf,R5-2011-0034,,,FUTURE,,,,,,FUTURE,,,FUTURE,,,,FUTURE,,,PRESENT,,,,,PRESENT,,,,,,,,,FUTURE,,,,FUTURE,,,,,,,,,,,,,,,,,,,,,,,,PRESENT,PRESENT,FUTURE,,,,,,,,,,,,,,,,,,,FUTURE,,,,FUTURE,,,,,,,,,,,,
739902,5A51NC00005,R5-2009-0062,,Sysco Food Services of Sacramento Inc,SYSCO Food Services of Sacramento,Sutter,R5-2009-0062.pdf,R5-2009-0062,,,,,,,,,,,,,,,,,,,,,,,,FUTURE,,,,,,,,,,,,,,,,,,,,,,,,,,,,,,,,,,,,,,,,,,,,,,,,,,,,,,,,,,,,,,,,,,,,OFFSITE,,,,,,PRESENT
274556,5A510101001,R5-2024-0055,CA0079260,Yuba City,Yuba City WWTF,Sutter,R5-2019-0017-01.pdf,R5-2019-0017,,PRESENT,PRESENT,,,PRESENT,PRESENT,,,,,,PRESENT,,,,PRESENT,,,,,,,PRESENT,,,,,,,,,,,,,,PRESENT,,,,,,,,,,,,,,,,,,,,,,,PRESENT,PRESENT,,,,,,,PRESENT,,,,PRESENT,PRESENT,,PRESENT,,,PRESENT,,,,,,PRESENT,,,,,,,,,,,,,
274556,5A510101001,R5-2024-0055,CA0079260,Yuba City,Yuba City WWTF,Sutter,R5-2019-0017.pdf,R5-2019-0017,,PRESENT,PRESENT,,,PRESENT,PRESENT,,,,,,PRESENT,,,,,,,,,,,PRESENT,,,,,,,,,,,,,,PRESENT,,,,,,,,,,,,,,,,,,,,,,,PRESENT,PRESENT,,,,,,,,,,,PRESENT,PRESENT,,PRESENT,,,PRESENT,,,,,,PRESENT,,,,OFFSITE,,,,,,,,,
274556,5A510101001,R5-2024-0055,CA0079260,Yuba City,Yuba City WWTF,Sutter,r5-2024-0055_npdes.pdf,R5-2024-0055,,PRESENT,PRESENT,,,PRESENT,PRESENT,,,,,,,,,,PRESENT,,,,,,,PRESENT,,,,,,,,,PAST,,,,,PRESENT,,,,,,,,,,,,,,,,,,,,,,,PRESENT,PRESENT,,,,,,,PRESENT,,,,,PAST,,PRESENT,,,PRESENT,,,PRESENT,,,PRESENT,,,,,,OFFSITE,,,,,,,
274556,5A510101001,R5-2024-0055,CA0079260,Yuba City,Yuba City WWTF,Sutter,r5-2013-0094.pdf,R5-2013-0094,,PRESENT,,,,PRESENT,PRESENT,,,,,,PRESENT,,,,PRESENT,,,,,,,,,,,,,,,,,,,,,PRESENT,,,,,,,,,,,,,,,,,,,,,,,PRESENT,PRESENT,,,,,,,PRESENT,,,,PRESENT,PRESENT,,PRESENT,,,PRESENT,,,,,,PRESENT,,,,,,OFFSITE,,,,,,,
274556,5A510101001,R5-2024-0055,CA0079260,Yuba City,Yuba City WWTF,Sutter,r5-2013-0094-01.pdf,R5-2013-0094,,PRESENT,PRESENT,,,PRESENT,PRESENT,,,,,,PRESENT,,,,PRESENT,,,,,,,PRESENT,,,,,,,,,,,,,,PRESENT,,,,,,,,,,,,,,,,,,,,,,,PRESENT,PRESENT,,,,,,,,,,,PRESENT,PRESENT,,PRESENT,,,PRESENT,,,,,,PRESENT,,,,,,,,,,,,,
274556,5A510101001,R5-2024-0055,CA0079260,Yuba City,Yuba City WWTF,Sutter,R5-2007-0134.pdf,R5-2007-0134,,PRESENT,PRESENT,,,PRESENT,PRESENT,,,PRESENT,,,PRESENT,,,,PRESENT,,,,,,PRESENT,,,,,,,,,,,,,,,PRESENT,,,,,,,,,,,,,,,,,,,,,,,PRESENT,PRESENT,,,,,,,,,,,PRESENT,PRESENT,,PRESENT,,,PRESENT,,,PRESENT,,,PRESENT,,,,,,OFFSITE,,,,,,,
274556,5A510101001,R5-2024-0055,CA0079260,Yuba City,Yuba City WWTF,Sutter,Yuba City WWTF_Permit_R5-2007-0134-01.pdf,R5-2007-0134,,PRESENT,PRESENT,,,PRESENT,PRESENT,,,PRESENT,,,PRESENT,,,,PRESENT,,,,,,PRESENT,,,,,,,,,,,,,,,PRESENT,,,,,,,,,,,,,,,,,,,,,,,PRESENT,PRESENT,,,,,,,,,,,PRESENT,PRESENT,,PRESENT,,,PRESENT,,,PRESENT,,,PRESENT,,,,,,OFFSITE,,,,,,,
215750,5A520100001,R5-2022-0022,CA0004995,Corning City,City of Corning WWTP,Tehama,r5-2022-0022_npdes.pdf,R5-2022-0022,,,PRESENT,,,PRESENT,,,PRESENT,,,PRESENT,,,,,,,,,,,,,,,,,,,,,,,,,,,,,,,,,,,,,,,,,,,,,,,,,PRESENT,PRESENT,,,,,,,,,,,,,,,,,,,,PRESENT,,,PRESENT,,,,,,OFFSITE,,,,,,,
215750,5A520100001,R5-2022-0022,CA0004995,Corning City,City of Corning WWTP,Tehama,r5-2016-0047.pdf,R5-2016-0047,,,PRESENT,,,PRESENT,,,,,,PRESENT,,,,,PRESENT,,,,,,,,,,,,,,,,,,,,,,,,,,,,,,,,,,,,,,,,,,,,PRESENT,PRESENT,,,,,,,,,,,,,,,,,,,,PRESENT,,,PRESENT,,,,,,OFFSITE,,,,,,,
227507,5A520106001,2014-0153-DWQ,,Golden Meadows CSD,Golden Meadows STP (sand filter),Tehama,2014-0153-dwq-r5235.pdf,2014-0153-DWQ,,PRESENT,,,,,,,,,,,,,,,,,,,,,,,,,,,,,,,,,,,PRESENT,,,,,,,,,,,,,,,,,,,,,,,,,,,,,,,,,,,,,,,,,,,,,,,,,,,,,,,,,,,,,PRESENT
236190,5A520104001,R5-2010-0103,,Rio Alto WD,Lake California WWTP,Tehama,r5-2010-0103.pdf,R5-2010-0103,PRESENT,,PRESENT,,,PRESENT,,,,,,,,,,,PRESENT,,,,,,,PRESENT,,,,,,,,,,,,,PRESENT,,,,,,,,,,,,,,,,,,,,,,,,PRESENT,PRESENT,,,,,,,,,,,,,,,,,,,,PRESENT,,,,,,,,,OFFSITE,,,,,,,
236190,5A520104001,R5-2016-0033,,Rio Alto WD,Lake California WWTP,Tehama,WDR Order R5-2016-0033.pdf,R5-2016-0033,PRESENT,,PRESENT,,,PRESENT,,,,,,PRESENT,,,,,PRESENT,,,,,,OFFSITE,PRESENT,,,,,,,,,,,,,PRESENT,,,,,,,,,,,,,,,,,,,,,,,,PRESENT,PAST,,,,,,,,,,,,PRESENT,,,,,,,,PRESENT,,,,,,,,,OFFSITE,,,,,,,
240864,5A520102001,R5-2023-0040,CA0084069,Tehama  Co SD #1,Mineral WWTP,Tehama,r5-2023-0040_npdes.pdf,R5-2023-0040,,,,,,PRESENT,,,,,,,,,,,PRESENT,,,,,,PRESENT,,,,,,,,,,,,,,PRESENT,,,,,,,,,,,,,,,,,,,,,,,,PRESENT,PRESENT,,,,,,,,,,,,,,,,,,,,PRESENT,,,,,,,,,,OFFSITE,,,,,,
252119,5A520101001,R5-2023-0048,CA0078891,Red Bluff City ,Red Bluff WW Reclamation Plant,Tehama,r5_2023-0048_npdes.pdf,R5-2023-0048,,PRESENT,PRESENT,,,PRESENT,PRESENT,,PRESENT,,,,,,,,PRESENT,,,,,,,PRESENT,,,,,,,,,,,,,PRESENT,,,,,,,,,,,,,,,,,,,,,,,,PRESENT,PRESENT,,,,,,,,,,,,,,,PRESENT,,,,,PRESENT,,,,,,,,,OFFSITE,,,,,,,
252119,5A520101001,R5-2023-0048,CA0078891,Red Bluff City ,Red Bluff WW Reclamation Plant,Tehama,R5-2018-0041.pdf,2018-0041,,PRESENT,PRESENT,,,PRESENT,PRESENT,,,,,,,,,,PRESENT,,,,,,,PRESENT,,,,,,,,,,,,,,,,,,,,,,,,,,,,,,PRESENT,,,,,,,PRESENT,PRESENT,,,,,,,,,,,,,,,PRESENT,,,,,PRESENT,,,,PRESENT,,,,,OFFSITE,,,,,,,
236941,1A83052OTRI,R1-2020-0024,,Lewiston Community Services District,"Lewiston CSD WWTP, POTW",Trinity,20_0024_LewistonCSD_WDR.pdf,R1-2020-0024,,,,,,,,,,,,,,,,,,,,,,,,,,,,,,,,,,,,,,,,,,,,,,,,,,,,,,,,,,,,,,,,,,,,,,,,,,,,,,,,,,,,,,,,,,,,,,,,,,
229873,1A97069RTRI,R1-2012-0105,,Trinity County Waterworks District,Trinity County Waterworks District #1 Hayfork WWTP,Trinity,12_0105_WDR_Hayfork.pdf,,,PRESENT,,,,PRESENT,,,,,,,,,,,,,PRESENT,,,,,PRESENT,,,,,,,,,,,,,,,,,,,,,,,,,,,,,,,PRESENT,,,,,,FUTURE,,,,,,,,,,,,,,,,,,,,,,,,,,,,PRESENT,,,,,,,,,
271915,1A84072OTRI,R1-2018-0004,,Weaverville Sanitary District,Weaverville SD WWTP,Trinity,18_0004_Weaverville_WDR_.pdf,R1-2018-0004,,,,,PRESENT,PRESENT,,,,,,,,,,,PRESENT,,,,,,,PRESENT,,,,,,,,,,,,,,,,,,,,,,,,,,,,,,,,,,,,,PRESENT,,,,,,,,,,,,,,,,PRESENT,,,,,,,,,,,,,,,,,,,,,
206529,5D541003004,2014-0153-DWQ,,USDI National Park Service Sequoia & Kings Canyon,Ash Mountain WWTF,Tulare,NOA 2014-0153-DWQ-R5410 Ash Mountain WWTF.pdf,WQ-2014-0153-DWQ,PRESENT,,,,PRESENT,PRESENT,,,FUTURE,,,,,,,,,,,,,,,PRESENT,,,,,,,,,,,,,,,FUTURE,,,,,,,,,,,,,,,,,,,,,,PRESENT,,FUTURE,,,,,,,,,,,,,,,,,,,PRESENT,,,PRESENT,PRESENT,,,,OFFSITE,,,,,,,,
872487,5D540110001,R5-2013-0019,,Tulare City,City of Tulare WWTF,Tulare,r5-2013-0019.pdf,R5-2013-0019,,PRESENT,PRESENT,,PAST,PRESENT,PRESENT,,,PRESENT,PRESENT,,,,,,PRESENT,,,,,,,PRESENT,,,,,,,,PRESENT,PRESENT,,,,,,PRESENT,,,,,,PRESENT,,,,,,,,,,,,,,,,,,,,,,,,,,,,,,,PRESENT,,,PRESENT,,,PRESENT,,,PRESENT,,,,OFFSITE,,OFFSITE,,,,,,,
214873,5D541003003,2014-0153-DWQ-R5342,,USDI National Park Service Sequoia & Kings Canyon,Clover Creek WWTF,Tulare,2014-0153-dwq_r5342.pdf,WQ-2014-0153-DWQ,PRESENT,PRESENT,PRESENT,,,PRESENT,,,PRESENT,,,,,,,,PRESENT,,,,,,,,,,,,,,,,,,,,,,,,,,,,,,,,,,,,,,,,,PRESENT,,,PRESENT,,,,,,,,PRESENT,,,,PRESENT,,,,PRESENT,,,,,PRESENT,,,,,,,,,,,,,,,,
273166,5D540132001,R5-2025-0013,CA0081485,Cutler-Orosi JT Powers WW Authority,Cutler-Orosi WWTF,Tulare,r5-2015-0048_npdes_ao.pdf,R5-2015-0048,,,,,,,,,,,,,,,,,,,,,,,,,,,,,,,,,,,,,,,,,,,,,,,,,,,,,,,,,,,,,,,PRESENT,,,,,,,,,,,,,,,,,,,,,,,,,,,,,,,,,,,
273166,5D540132001,R5-2025-0013,CA0081485,Cutler-Orosi JT Powers WW Authority,Cutler-Orosi WWTF,Tulare,r5-2025-0013_ndpes.pdf,R5-2025-0013,,PRESENT,PRESENT,,,PRESENT,,,,,,PRESENT,,,,,,,,,,,PRESENT,PAST,,,,,,,,,,,,,,,PRESENT,,,,,,,,,,,,,,,,,,,,,,,,PRESENT,,,,,,,,,,,,,,,,FUTURE,,,PRESENT,,,,PAST,,,PRESENT,OFFSITE,OFFSITE,,,,,,,
273166,5D540132001,R5-2025-0013,CA0081485,Cutler-Orosi JT Powers WW Authority,Cutler-Orosi WWTF,Tulare,r5-2018-0011.pdf,R5-2018-0011,,PRESENT,PRESENT,,,PRESENT,,,,,,PRESENT,,,,,,,,,,,PRESENT,PRESENT,,,,,,,,,,,,,,,PRESENT,,,,,,,,,,,,,,,,,,,,,,,,PRESENT,,,,,,,,,,,,,,,,,,,PRESENT,,,,PRESENT,,,PRESENT,OFFSITE,OFFSITE,,,,,,,
273166,5D540132001,R5-2025-0013,CA0081485,Cutler-Orosi JT Powers WW Authority,Cutler-Orosi WWTF,Tulare,r5-2006-0092.pdf,R5-2006-0092,,PRESENT,PRESENT,,,,,,,,,PRESENT,,,,,PRESENT,,,,,,PRESENT,PRESENT,,,,,,,,,,,,,,,PRESENT,,,,,,,,,,,,,,,,,,,,,,,,PRESENT,,,,,,,,,,,,,,,PRESENT,,,,PRESENT,,,,PRESENT,,,OFFSITE,,,,,,,,,
273166,5D540132001,R5-2025-0013,CA0081485,Cutler-Orosi JT Powers WW Authority,Cutler-Orosi WWTF,Tulare,r5-2013-0047_npdes.pdf,R5-2013-0047,,PRESENT,PRESENT,,,PRESENT,,,,,,PRESENT,,,,,,,,,,,PRESENT,,,,,,,,,,,,,,,,PRESENT,,,,,,,,,,,,,,,,,,,,,,,,PRESENT,,,,,,,,,,,,,,,,,,,PRESENT,,,,,,,PRESENT,OFFSITE,OFFSITE,,,,,,,
219515,5D540136004,2014-0153-DWQ,,Tulare Cnty Resource Management Agency,Delft Colony WWTF,Tulare,Delft Colony WWTF NOA 2014-0153-DWQ-R5427.pdf,WQ-2014-0153-DWQ,PRESENT,,,,,PRESENT,,,,,,,,,,,,,PRESENT,,,,PRESENT,,,,,,,,,,,,,,,,,,,,,,,,,,,,,,,,,,,,,,,,,,,,,,,,,,,,,,,,,,,,,,,,,,,,,,,,,,,
273110,5D540101001,R5-2023-0046,,Dinuba City,Dinuba WWTF,Tulare,R5-2023-0046_WDR_City of Dinuba.pdf,R5-2023-0046,,,PRESENT,,FUTURE,PRESENT,,,,,,,,,,PRESENT,,,,,,,PRESENT,PRESENT,,,,,,,,PRESENT,,,,,,,PAST,,,,,,,,,,,,,,,,,,,,,,,,,,,,,,,,,,,,,,PRESENT,PAST,PRESENT,,,PRESENT,,,,,,,OFFSITE,,,,,,,,,
273113,5D540117001,R5-2022-0026,,Farmersville City,Farmersville WWTF,Tulare,R5_2022-0026_WDR_Farmersville WWTF.pdf,R5-2022-0026,,,FUTURE,,,,,,,,,,,FUTURE,,,,,PAST,,,,PRESENT,,,,,,,,,,,,,,,,,,,,,,,,,,,,,,,,,,,,,,,,,,,,,,,,,,,,,,FUTURE,,FUTURE,,,FUTURE,,,FUTURE,,,,,,,FUTURE,,,,,,
248269,5D540801001,2014-0153-DWQ,,CA Dept of Trans D6 Bakersfield R5F,Philip S Raine SRRA,Tulare,NOA_CalTransPSRaineSRRA_NOA_2014-0153-DWQ-R5377.pdf,WQ-2014-0153-DWQ,,,,,,,,,,,,,,,,,,,FUTURE,,,,PRESENT,,,,,,,,,,,,,,,,,,,,,,,,,,,,,,,,,,,,,,,,,,,,,,,,,,,,,,,,,,,,,,,,,,,,,,,,,,,
273130,5D540107001,R5-2008-0034,,Porterville City,Porterville WWTF,Tulare,Porterville WWTF R5-2008-0034.pdf,R5-2008-0034,,PRESENT,PRESENT,,,PRESENT,PRESENT,,,PRESENT,,,,,,,PRESENT,,,,,,,PRESENT,,,,,,,,,,,,,,,,,,,,,,,,,,,,,,,,,,,,,PRESENT,,,,,,,,,,,,,,,PRESENT,,,,,,OFFSITE,,,PRESENT,,,,,,,,,,,,,
273152,5D541049001,2014-0153-DWQ,,River Island East HOA,River Island East WWTF,Tulare,NOA 2014-0153-dwq-r5328.pdf,WQ-2014-0153-DWQ,,,PRESENT,,,PRESENT,,,PRESENT,,,,,PRESENT,,,,,,,,,,,,,,,,,,,PRESENT,,,,PRESENT,,,,,,,,,,,,,,,,,,,,,,,,,,PRESENT,,,,,,,,,,,,,,,,PRESENT,,,,,,,,,,PRESENT,,OFFSITE,OFFSITE,,,,,,
273192,5D540108001,R5-2016-0061,,Strathmore PUD,Strathmore  WWTF,Tulare,Strathmore PUB r5-2016-0061.pdf,R5-2016-0061,PRESENT,PRESENT,,,,,,,,,,,,,,,,,,,,,PRESENT,PRESENT,,,,,,,,,,,,,,,,,,,,,,,,,,,,,,,,,,,,,,,,,,,,,,,,,,,,,,,,,,PRESENT,,,,,,,,,,,,,,,,
264740,5D540136001,2014-0153-DWQ,,"Central Cal Waterworks, Inc.",Tooleville WWTF,Tulare,NOA 2014-0153-DWQ-R5419_Tooleville WWTF.pdf,WQ-2014-0153-DWQ,PRESENT,,,,PRESENT,PRESENT,,,,,,,,,,,,,,,,,,PRESENT,,,,,,,,,,,,,,,,,,,,,,,,,,,,,,,,,,,,,,,,,,,,,,,,,,,,,,,,,,,,,,,,,,,,,,,,,,
266310,5D540136003,2014-0153-DWQ,,Tulare Cnty Resource Management Agency,Traver WWTF,Tulare,2014-0153-DWQ-R5418 Traver WWTF NOA.pdf,WQ-2014-0153-DWQ,PRESENT,,,,,PRESENT,,,,,,,,,,,,,PRESENT,,,,,PRESENT,,,,,,,,,,,,,,,,,,,,,,,,,,,,,,,,,,,,,,,,,,,,,,,,,,,,,,,,,,,,,,,,,,,,,,,,,,
273138,5D540113001,R5-2014-0076,,Visalia City,Visalia Water Reclamation Facility (WRF),Tulare,r5-2006-0091.pdf,R5-2006-0091,,PRESENT,PRESENT,,PRESENT,PRESENT,,,,,,,,,,PRESENT,PRESENT,,,,,,,PRESENT,,,,,,,,,PRESENT,,,,,,PRESENT,,,,,,,,,,,,,,,,,,,,,,PRESENT,,,,,,,,,,,,,,,PRESENT,,,,,,PRESENT,,,PRESENT,,,,,,,,,,,,,
273138,5D540113001,R5-2018-0046,,Visalia City,Visalia Water Reclamation Facility (WRF),Tulare,r5-2018-0046.pdf,R5-2018-0046,PRESENT,PRESENT,,,,PRESENT,PRESENT,,,,,,,,,,PRESENT,,,,,,,,,,,,,,,,,,,,,,,,,,,,,,,,,,,PRESENT,,,,,,,,,,,PRESENT,,,,,,,,,,,,,,,PRESENT,PRESENT,,,PRESENT,,,PRESENT,,,,OFFSITE,,OFFSITE,,,,,,,
273138,5D540113001,R5-2014-0076,,Visalia City,Visalia Water Reclamation Facility (WRF),Tulare,r5-2014-0076_npdes.pdf,R5-2014-0076,,PRESENT,PRESENT,,,PRESENT,PRESENT,,,,,,,,,FUTURE,PRESENT,,,,,,,,,,,,,,,FUTURE,,,,,,,PRESENT,,,,,,,,,,,,,,,,,,,,,,PRESENT,PRESENT,FUTURE,,,,,,,,,,,,,PRESENT,,,,,,PRESENT,,,PRESENT,,,,,,,,,,,,,
737529,5B55NC00011,2014-0153-DWQ,,San Francisco City & County,Camp Mather,Tuolumne,Order No 2014-0153-DWQ-R5265.pdf,WQ-2014-0153-DWQ,,PRESENT,,,,,,,,,,,,,,,,,,,,,,,,,,,,,,,,,,,,,,,,,,,,,,,,,,,,,,,,,,,,,,,,,,,,,,,,,,,,,,,,,,,,,,,,,,PRESENT,,,,,,PRESENT
229466,5C552007001,97-010-DWQ,,Lake Don Pedro Homeowners Association,Hacienda WWTP,Tuolumne,97-010_ NOA.pdf,,,,,,,,,,,,,,,,,,,,,,,,PRESENT,,,,,,,,,,,,,,,,,,,,,,,,,,,,,,,,,,,,,,,,,,,,,,,,,,,,,,,,,,,,,,,,,,,,,,,,,,,PRESENT
233460,5C550101001,R5-2021-0046,,Jamestown SD,Jamestown Sanitary District Wastewater Treatment Facilities,Tuolumne,Jamestown WDRs r5_2021_0046.pdf,R5-2021-0046,,PAST,PRESENT,,,PRESENT,PRESENT,,PAST,,,,,,,PRESENT,,,,,,,,PRESENT,,,,,,,,PRESENT,PRESENT,,,,FUTURE,,PAST,,,,,,,,,,,,,,,,,,,,,,PRESENT,,,,,,,,,,,,,,,,PRESENT,,PRESENT,,,PRESENT,,,,,,,,FUTURE,OFFSITE,,,,,,,
245520,5C550114001,2014-0153-DWQ,,San Francisco City & County,O'Shaughnessy WWTP,Tuolumne,O'Shaughnessy Updated NOA 2014-0153-DWQ-R5417.pdf,WQ-2014-0153-DWQ,PRESENT,PRESENT,,,,,,,,,,,,,,,,,,,,,,,,,,,,,,,,,,,,,,,,,,,,,,,,,,,,,,,,,,,,,,,,,,,,,,,,,,,,,,,,,,,,,,,PRESENT,,,OFFSITE,,,,,,PRESENT
257763,5C550106004,R5-2024-0016,,Tuolumne Utilities District,Sonora Regional WWTF,Tuolumne,R5-2024-0016_Sonora Regional WWTF_WDR.pdf,R5-2024-0016,,,PRESENT,,,PRESENT,PRESENT,,PRESENT,,,,,,,PRESENT,,,,,,,,PRESENT,,,,,,,,PRESENT,PRESENT,,PRESENT,,PRESENT,,,,,,,,,,,,,,,,,,,,PRESENT,,,,PRESENT,,,,,,PRESENT,,,,,,,,,PAST,FUTURE,,PRESENT,,,PAST,,,PRESENT,,,,,,,,,,,,,
266720,5C550104001,R5-2019-0058,,Tuolumne City SD,Tuolumne City WWTP,Tuolumne,R5-2019-0058.pdf,R5-2019-0058,,PAST,PRESENT,,,PRESENT,PRESENT,,,,,,,PRESENT,,,PRESENT,,FUTURE,,,,,PRESENT,,,,,,,,,,,,,,,,,,,,,,,,,,,,,,,,,,,,,,,,,,,,,,,,,,,,,,,OFFSITE,,,,,,,,,,OFFSITE,,,OFFSITE,,,,,,
266792,5C550705001,2014-0153-DWQ,,USDI Bureau of Reclamation Sacramento,Tuttletown Recreation Area,Tuolumne,TuttletownNOAJune21.pdf,WQ-2014-0153-DWQ,,,,,,,,,,,,,,,,,,,PAST,,,,PRESENT,,,,,,,,,,,,,,,,,,,,,,,,,,,,,,,,,,,,,,PRESENT,,,,,,,,,,,,,,,,,,,,,,,,,,,,FUTURE,,,OFFSITE,,,,,,
274505,5C550700003,2014-0153-DWQ,,USDI National Park Service Yosemite National Park,White Wolf WWTF,Tuolumne,NOA_White Wolf WWTF.pdf,WQ-2014-0153-DWQ,,,,,,,,,,,,,,,,,,,,,,PRESENT,,,,,,,,,,,,,,,,,,,,,,,,,,,,,,,,FUTURE,,,,,,,PRESENT,,,,,,,,,,,,,,,,,,,,,,,,,,,,PRESENT,,,,,,,,,FUTURE
216832,4A560106003,R4-2020-0078,,Camrosa Water District,Camrosa Water Reclamation Facility,Ventura,6769_R4-2003-0156_FS.pdf,R4-2003-0156,,,PRESENT,,,PRESENT,,,,,,,,,,,PRESENT,,,,,,OFFSITE,PRESENT,,,,,,,,PRESENT,PRESENT,,,,PRESENT,,,,,,,,,,,,,,,,,,,,,,,,PRESENT,,,,,,,,,,,,,,,,,,,,,PRESENT,,,,,,,OFFSITE,,,,,,,,,
216832,4A560106003,R4-2020-0078,,Camrosa Water District,Camrosa Water Reclamation Facility,Ventura,6769_R4-2003-0156_WDR.pdf,R4-2003-0156,,,PRESENT,,,PRESENT,,,,,,,,,,PRESENT,PRESENT,,,,,,,PRESENT,,,,,,,,PRESENT,PRESENT,,,,PRESENT,,,,,,,,,,,,,,,,,,,,,,,,PRESENT,,,,,,,,,,,,,,,,,,,,,PRESENT,,,,PRESENT,,,OFFSITE,,,,,,,,,
216832,4A560106003,R4-2020-0078,,Camrosa Water District,Camrosa Water Reclamation Facility,Ventura,6769_R4-2020-0078_WDR.pdf,R4-2020-0078,,,PRESENT,,,PRESENT,,,,,,,,,,PRESENT,PRESENT,,,,,,,OFFSITE,,,,,,,,PRESENT,PRESENT,,,,PRESENT,,,,,,,,,,,,,,,,,,,,,,,,PRESENT,PRESENT,,,,,,,,,,,,,,,,,,,,PRESENT,,,,,,,,OFFSITE,OFFSITE,,,,,,,
216832,4A560106003,R4-2020-0078,,Camrosa Water District,Camrosa Water Reclamation Facility,Ventura,6769_R4-2014-0210_WDR_PKG.pdf,R4-2014-0210,,,PRESENT,,,PRESENT,,,,,,PRESENT,,,,PRESENT,PRESENT,,,,,,,OFFSITE,,,,,,,,PRESENT,PRESENT,,,,PRESENT,,,,,,,,,,,,,,,,,,,,,,,,PRESENT,PRESENT,,,,,,,,,,,,,,,,,,,,PRESENT,,,,,,,,OFFSITE,OFFSITE,,,,,,,
216832,4A560106003,R4-2020-0078,,Camrosa Water District,Camrosa Water Reclamation Facility,Ventura,6769_R4-2014-0210-A01_WDR_PKG_amd.pdf,R4-2014-0210,,,PRESENT,,,PRESENT,,,,,,PRESENT,,,,PRESENT,PRESENT,,,,,,,PRESENT,,,,,,,,PRESENT,PRESENT,,,,PRESENT,,,,,,,,,,,,,,,,,,,,,,,,PRESENT,PRESENT,,,,,,,,,,,,,,,,,,,,PRESENT,,,,,,,,OFFSITE,OFFSITE,,,,,,,
889990,4A560101001,R4-2023-0426,,City of Fillmore,Fillmore Water Recycling Plant,Ventura,10753_Order R4-2023-0426.pdf,R4-2023-0426,,,,,,PRESENT,PRESENT,,PRESENT,,,,,,,PRESENT,,,,,,,,,,,,,,,,PRESENT,PRESENT,,,,,,,,,,,,,,,,,,,PRESENT,,,,,,,,,,,PRESENT,,,,,,,,,,,,,,,,,,,,,,,,,,,,,,,,,,,
260486,4A560109001,R4-2013-0092,,Ventura Regional Sanitation District,Jose Flores WWTP,Ventura,1761_2013-0092_WDR_PKG.pdf,R4-2013-0092,,PAST,,,,PRESENT,,,,,PRESENT,,,,,,,,,,,,PRESENT,,,,,,,,,,,,,,,,,,,,,,,,,,,,,,,,,,,,,,,,,,,,,,,,,,,,,,PRESENT,,PRESENT,,,,,,,,,,,,OFFSITE,,,,,,,PAST
238315,4A565014002,R4-2014-0040,,Limoneira Co,Limoneira WWTP,Ventura,5322_R4-2014-0040_WDR_PKG.pdf,R4-2014-0040,,PRESENT,PRESENT,,PRESENT,,,,,,,,,PRESENT,,,PRESENT,,PRESENT,,,,PRESENT,PRESENT,,,,,,,,,,,,,PRESENT,,,,,,,,,,,,,,,,,,,,,,,,PRESENT,,,,,,,,,,,,,,,PRESENT,,,,,,,,,,,,,,,,,,,,,,PRESENT
242135,4B561004001,R4-2012-0073,,Malibu Bay Club HOA,Malibu Bay Club WWTP,Ventura,5774_R4-2012-0073_WDR_PKG.pdf,R4-2012-0073,,PRESENT,PRESENT,,,,,,PRESENT,,,,,,,,,,,,,,,,,,,,,,,,,,,,PRESENT,,PRESENT,,,,,,,,,,,,,,,,,,,,,,PRESENT,PRESENT,PRESENT,,,,,,,,,,,,,PRESENT,,,,,,,,,,,,,,,,,,,,,,PRESENT
848096,4A560103002,R4-2023-0089,,Ventura County Water and Sanitation,Moorpark WRF - WDR,Ventura,6374_R4-2023-0089_WDR_PKG.pdf.pdf,R4-2023-0089,,,PRESENT,,,PRESENT,PRESENT,,,,,,,PRESENT,,,,,,,,,PRESENT,,,,,,,,,,,,,,,,,,,,,,,,,,,,,,,PRESENT,,,,,,,PRESENT,,,,,FUTURE,,,,,,,,,,,,,PRESENT,,,,,,,,,,,OFFSITE,,,,,,,,
243377,4A560103003,R4-2023-0090,,Ventura Cnty Special Districts,Moorpark WRF - WRR,Ventura,7513_R4-2003-0151_WDR.pdf,R4-2003-0151,,,PRESENT,,PRESENT,PRESENT,PRESENT,,,,,,,PRESENT,,,PRESENT,,PAST,,,,PRESENT,,,,,,,,,,,,,,PRESENT,,,,,,,,,,,,,,,,,,,,,PRESENT,,,PRESENT,PRESENT,,,,,,,,,,,,,,,,,PRESENT,,,PRESENT,,,,,,,,,,,,,,,,
243377,4A560103003,R4-2023-0090,,Ventura Cnty Special Districts,Moorpark WRF - WRR,Ventura,7513_R4-2003-0151_FS.pdf,R4-2003-0151,,,PRESENT,,PRESENT,PRESENT,PRESENT,,,,,,,,,,PRESENT,,,,,,PRESENT,,,,,,,,,,FUTURE,,,,PRESENT,,,,,,,,,,,,,,,,,,,,,PRESENT,,,PRESENT,PRESENT,,,,,,,,,,,,,,,,,PRESENT,,,PRESENT,,,,,,,,,,,,,,,,
734616,4A560114007,R4-2023-0292,,Ventura County Water and Sanitation,New Piru WTF,Ventura,5714_R4-2023-0292.pdf,R4-2023-0292,,,,,,,,,,,,,,,,,,,,,,,,,,,,,,,,,,,,,,,,,,,,,,,,,,,,,,,,,,,,,,,,,,,,,,,,,,,,,,,,,,,,,,,,,,,,,,,,,,
734616,4A560114007,R4-2009-0027,,Ventura County Water and Sanitation,New Piru WTF,Ventura,5714_R4-2009-0027-A01_WDR_amd.pdf,R4-2009-0027,,,FUTURE,,,FUTURE,,,FUTURE,,,FUTURE,,,,FUTURE,,,,,,,,,,,,,,,,FUTURE,FUTURE,,,,,,,,,,,,,,,,,,,,,,,,,,,,,,,,,,,,,,,,,,,,FUTURE,,FUTURE,,,,,,,,,,,,,,,,,,,
734616,4A560114007,R4-2009-0027,,Ventura County Water and Sanitation,New Piru WTF,Ventura,5714_R4-2009-0027-A02_WDR_amd_Enclosures 2 and 3.pdf,R4-2009-0027,,,FUTURE,,,FUTURE,,,FUTURE,,,FUTURE,,,,FUTURE,,,,,,,,,,,,,,,,FUTURE,,,,,,,,,,,,,,,,,,,,,,,,,,,,,,,,,,,,,,,,,,,,,FUTURE,,FUTURE,,,,,,,,,,,,,,,,,,,
246616,4A560104001,R4-2023-0430,CA0053961,Ojai Valley Sanitary District,Ojai Valley WWTP,Ventura,Adopted Order Ojai NPDES CI 4245 12212023_ADAchecked.pdf,R4-2023-0430,PRESENT,,PRESENT,,,PRESENT,PRESENT,,PRESENT,,,PRESENT,,,,PRESENT,FUTURE,,,,,,,,,,,,,,,PRESENT,PRESENT,,,,PRESENT,,,,,,,,FUTURE,,,,,,,,,,,,,,,,PRESENT,PRESENT,PRESENT,,,,,,,,,,,FUTURE,,,,,PRESENT,,,PRESENT,,,,,,,,PRESENT,OFFSITE,,,,,,,
246616,4A560104001,R4-2023-0430,CA0053961,Ojai Valley Sanitary District,Ojai Valley WWTP,Ventura,4245_R4-2008-0039_WDR_PKG.pdf,R4-2008-0039,PRESENT,,PRESENT,,,PRESENT,PRESENT,,PRESENT,,,PRESENT,,,,PRESENT,,,,,,,,,,,PRESENT,,,,,PRESENT,,,,,PRESENT,,,,,,,,,,,,,,,,,,,,,,,,PRESENT,PRESENT,PRESENT,,,,,,,,,,,,,,,,PRESENT,,,PRESENT,,,PRESENT,,,,,PRESENT,OFFSITE,OFFSITE,,,,,,
246616,4A560104001,R4-2023-0430,CA0053961,Ojai Valley Sanitary District,Ojai Valley WWTP,Ventura,4245_R4-2013-0173_WDR_PKG.pdf,R4-2013-0173,PRESENT,,PRESENT,,,PRESENT,PRESENT,,,,,PRESENT,,,,PRESENT,,,,,,,,,,,PRESENT,,,,,PRESENT,,,,,PRESENT,,,,,,,,,,,,,,,,,,,,,,,,PRESENT,PRESENT,PRESENT,,,,,,,,,,,,,,,,PRESENT,,,,,,PRESENT,,,,,PRESENT,OFFSITE,,,,,,,
246616,4A560104001,R4-2023-0430,CA0053961,Ojai Valley Sanitary District,Ojai Valley WWTP,Ventura,4245_R4-2018-0170_WDR_PKG.pdf,R4-2018-0170,PRESENT,,PRESENT,,,PRESENT,PRESENT,,PRESENT,,,PRESENT,,,,PRESENT,,,,,,,,,,,PRESENT,,,,,PRESENT,,,,,PRESENT,,,,,,,,,,,,,,,,,,,,,,,,PRESENT,PRESENT,PRESENT,,,,,,,,,,,,,,,,PRESENT,,,,,,PRESENT,,,,,PRESENT,OFFSITE,,,,,,,
246946,4A560105001,R4-2024-0252,CA0054097,Oxnard City Wastewater Division,Oxnard WWTP,Ventura,2022_R4-2018-0140_WDR_PKG.pdf,R4-2013-0094,,PRESENT,PRESENT,,,PRESENT,PRESENT,,PRESENT,PRESENT,,,,,,,PRESENT,,,,,,,,,,,,,,,,,,,,,,PRESENT,,,,,,,,,,PRESENT,,PRESENT,,,,,PRESENT,PRESENT,PRESENT,,,PRESENT,PRESENT,PRESENT,,,,,PRESENT,PRESENT,,,,,,,PRESENT,,,PRESENT,,,,,,PRESENT,,,,,,OFFSITE,,,,,,,
246946,4A560105001,R4-2024-0252,CA0054097,Oxnard City Wastewater Division,Oxnard WWTP,Ventura,Adopted OWRRF NPDES CI-2022 06172024 signed.pdf,R4-2024-0252,,PRESENT,PRESENT,,,PRESENT,PRESENT,,PRESENT,PRESENT,,,,,,,PRESENT,,,,,,,,,,,,,,,,,,,,,,PRESENT,,,,,,,,,,OFFSITE,,OFFSITE,,,,,OFFSITE,PRESENT,PRESENT,,,PRESENT,PRESENT,,,,,,PRESENT,PRESENT,,,OFFSITE,,,,PRESENT,,,PRESENT,,,,,,PRESENT,,,,,,,,,,,PRESENT,PRESENT,
246946,4A560105001,R4-2024-0252,CA0054097,Oxnard City Wastewater Division,Oxnard WWTP,Ventura,2022_R4-2008-0029_WDR.pdf,R4-2008-0029,,PRESENT,PRESENT,,,PRESENT,PRESENT,,PRESENT,,,,,,,,PRESENT,,,,,,,,,,,,,,,,,,,,,PRESENT,,,,,,,,,,,FUTURE,FUTURE,FUTURE,,,,,FUTURE,,,,,PRESENT,PRESENT,,,,,,,,,,FUTURE,,,,PRESENT,,,PRESENT,,,,,,,,,,,OFFSITE,OFFSITE,,,,,PRESENT,PRESENT,
246946,4A560105001,R4-2024-0252,CA0054097,Oxnard City Wastewater Division,Oxnard WWTP,Ventura,2022_R4-2013-0094_WDR_PKG.pdf,R4-2013-0094,,PRESENT,PRESENT,,,PRESENT,PRESENT,,PRESENT,,,,,,,,PRESENT,,,,,,,,,,,,,,,,,,,,,,,,,,PRESENT,,,,,,PRESENT,PRESENT,PRESENT,,,PRESENT,,PRESENT,,,,,PRESENT,PRESENT,,,,,,,,,,PRESENT,,,,PRESENT,,,PRESENT,,,,,,,,,,,,,,,,,,,
650554,4A560108002,R4-2018-0022,,Santa Paula City,Santa Paula WRF,Ventura,9259_R4-2018-0022-A01.pdf,R4-2018-0022,,,,,,PRESENT,PRESENT,,PRESENT,,,,,,,PRESENT,,,,,,,,PRESENT,,,,,,,,PRESENT,PRESENT,,,,,,,,,,,,,FUTURE,,,FUTURE,,,PRESENT,,,,,,,,,,,PRESENT,,,,,,,,,,,,,,PRESENT,,PRESENT,,,,,,PRESENT,,,,,OFFSITE,,,,,,,,
650554,4A560108002,R4-2018-0022,,Santa Paula City,Santa Paula WRF,Ventura,9259_R4-2018-0022 amended.pdf,R4-2018-0022,,,,,,PRESENT,PRESENT,,PRESENT,,,,,,,PRESENT,,,,,,,,PRESENT,,,,,,,,PRESENT,PRESENT,,,,,PRESENT,,,,,,,,FUTURE,,,FUTURE,,,PRESENT,,,,,,,,,,,PRESENT,,,,,,,,,,,,,,PRESENT,,PRESENT,,,,,,PRESENT,,,,,OFFSITE,,,,,,,,
650554,4A560108002,R4-2018-0022,,Santa Paula City,Santa Paula WRF,Ventura,9259_R4-2018-0022_WDR_PKG.pdf,R4-2018-0022,,,,,,PRESENT,PRESENT,,PRESENT,,,,,,,PRESENT,,,,,,,,,,,,,,,,PRESENT,PRESENT,,,,,,,,,,,,,,,,,,,PRESENT,,,,,,,,,,,PRESENT,,,,,,,,,PRESENT,,,,,PRESENT,,PRESENT,,,,,,PRESENT,,,,,,,OFFSITE,,,,,,
267596,4A560121001,R4-2011-0193,,Ventura County Water and Sanitation,Todd Road Jail WWTP,Ventura,7418_R4-2011-0193_WDR_PKG.pdf,R4-2011-0193,PRESENT,,PRESENT,,,PRESENT,,,,,,,,,,,PRESENT,,,,,,PRESENT,,,,,,,,,,,,,,,,,,,,,,,,,,,,,,,,,,,,,,,,,,,,,,,,,,,,,,PRESENT,,PRESENT,,,PRESENT,,,,,,,,,OFFSITE,,,,,,,
267596,4A560121001,R4-2024-0358,,Ventura County Water and Sanitation,Todd Road Jail WWTP,Ventura,Todd Road Jail WWTP_Revised WDR_CI-7418_2024-10-08.pdf,R4-2024-0358,PRESENT,,PRESENT,,,PRESENT,,,PRESENT,,,,,,,,PRESENT,,,,,,PRESENT,,,,,,,,,,,,,,,,,,,,,,,,,,,,,,,,,,,,,,,,,,,,,,,,,,,,,,PRESENT,,,,,PRESENT,,,,,,,,,OFFSITE,,,,,,,
271054,4A560107009,R4-2025-0272,CA0064726,City of Ventura,Ventura WRF,Ventura,1822_R4-2020-0024_WDR.pdf,R4-2020-0024,,PRESENT,PRESENT,,,PRESENT,PRESENT,,PRESENT,PRESENT,,,,,,PRESENT,PRESENT,,,,,,,PRESENT,,,,,,,,PRESENT,PRESENT,,,,PRESENT,,,,,,,,,,,,,,,,,,,,PRESENT,,,,PRESENT,PRESENT,,,,,,PRESENT,,,,,,,,PRESENT,,,PRESENT,PRESENT,,,,,PRESENT,,,,,OFFSITE,,,,,,PRESENT,PRESENT,
271054,4A560107009,R4-2025-0272,CA0064726,City of Ventura,Ventura WRF,Ventura,1822_R4-2008-0011_WDR_PKG.pdf,R4-2008-0011,,PRESENT,,,,PRESENT,PRESENT,,PRESENT,PRESENT,,,,,,PRESENT,,,,,,,,PRESENT,,,,,,,,PRESENT,PRESENT,,,,PRESENT,,,,,,,,,,,,,,,,,,,,,,,,PRESENT,PRESENT,,,,,,,,,,,,,,PRESENT,,,PRESENT,,,,,,PRESENT,,,,OFFSITE,OFFSITE,OFFSITE,,,,,,,
271054,4A560107009,R4-2025-0272,CA0064726,City of Ventura,Ventura WRF,Ventura,VWRF Adopted NPDES CI-10859.pdf,R4-2025-0272,,PRESENT,PRESENT,,,PRESENT,PRESENT,,PRESENT,PRESENT,,,,,,PRESENT,PRESENT,,,,,,,PRESENT,,,,,,,,PRESENT,PRESENT,,,,PRESENT,,,,,,,,,,,,,,,FUTURE,,,,,,,,,PRESENT,PRESENT,FUTURE,,,,,,,,,,,,,PRESENT,,,PRESENT,,,,,,PRESENT,,,,,OFFSITE,,,,,,PRESENT,PRESENT,
209595,5A571008001,2014-0153-DWQ,,Bill & Kathy's Inc,Bill/Kathy's WWTF,Yolo,bill_kathy_NOA.pdf,WQ-2014-0153-DWQ,,,,,,,,,,,,,,,,,,,,,,,,PRESENT,,,,,,,,,,,,,,,,,,,,,,,,,,,,,,,,,,,,,,,,,,,,,,,,,,,,,,,,,,,,,,,,,,,OFFSITE,,,,,,,
219223,5A570100001,R5-2025-0026,CA0079049,Davis City,City of Davis WWTP,Yolo,r5-2013-0127_npdes.pdf,R5-2013-0127,,PRESENT,,,,PRESENT,PRESENT,,,,,,,,,,,,PRESENT,,PRESENT,,,PRESENT,,,,,,,,,,,,,,,,,,,,,,,,,,,,,,,PRESENT,,,,,,PRESENT,PRESENT,,,,,,,,,,,,,,PRESENT,,,,,,,,,,PRESENT,,,,,OFFSITE,,,,,,,
219223,5A570100001,R5-2025-0026,CA0079049,Davis City,City of Davis WWTP,Yolo,R5-2018-0086.pdf,R5-2018-0086,,PRESENT,PRESENT,,,PRESENT,PRESENT,,,,,,,,,PRESENT,,,,,,,,,,,,,,,,PRESENT,PRESENT,,,,PRESENT,,,,,,,,,,,,,,,,,,PRESENT,,,,,,PRESENT,PRESENT,,,,,,,,,,,,,,PRESENT,,,PRESENT,,,,,,PRESENT,,,,,,OFFSITE,,,,,,,
219223,5A570100001,R5-2025-0026,CA0079049,Davis City,City of Davis WWTP,Yolo,R5-2010-0097.pdf,R5-2010-0097,,PRESENT,,,,PRESENT,PRESENT,,,,,,,,,,,,PRESENT,,,,PRESENT,PRESENT,,,,,,,,,,,,,,,,,,,,,,,,,,,,,,,PRESENT,,,,,,,PRESENT,,,,PRESENT,,,,,,,,,,PRESENT,,,,,,PRESENT,,,,,,,PRESENT,,,,,,,,,
219223,5A570100001,R5-2025-0026,CA0079049,Davis City,City of Davis WWTP,Yolo,r5-2007-0132-01.pdf,R5-2007-0132,,PRESENT,,,,PRESENT,PRESENT,,,,,,,,,,,,PRESENT,,,,,PRESENT,,,,,,,,,,,,,,,,,,,,,,,,,,,,,,,PRESENT,,,,,,,PRESENT,,,,PRESENT,,,,,,,,,,PRESENT,,,,,,PRESENT,,,,PRESENT,,,PRESENT,,,,,,,,,
219223,5A570100001,R5-2025-0026,CA0079049,Davis City,City of Davis WWTP,Yolo,r5-2025-0026_npdes.pdf,R5-2025-0026,,PRESENT,PRESENT,,,PRESENT,PRESENT,,,,,,,,,PRESENT,,,PAST,,,,,PRESENT,,,,,,,,PRESENT,PRESENT,,,,,,,,,,,,,,,,,,,,,PRESENT,PRESENT,,,,,,PRESENT,PRESENT,,,,,,,,,,,PRESENT,,,PRESENT,,,PRESENT,,,,,,PRESENT,,,,,,OFFSITE,,,,,,,
220844,5A571005001,R5-2010-0013,,California American Water Company Sacramento,Dunnigan WWTF,Yolo,R5-2010-0013.pdf,R5-2010-0013,,FUTURE,FUTURE,,,FUTURE,,,,,,,,,,,,,FUTURE,,,,,FUTURE,,,,,,,,,,,,,,,,,,,,,,,,,,,,,,,,,,,,,FUTURE,,,,,,,,,,,,,,,FUTURE,,,FUTURE,,,,,,,,,,FUTURE,,,,,,,,,
220844,5A571005001,R5-2021-0045,,California American Water Company Sacramento,Dunnigan WWTF,Yolo,dunnigan_wdrs_r5-2021-0045.pdf,R5-2021-0045,,,,,,PAST,,,,,,,,,,,,,,,,,PAST,PRESENT,,,,,,,,,,,,,,,,,,,,,,,,,,,,,,,,,,,,,,,,,,PAST,,,,,,,,,,,,,FUTURE,,,,,,,,,,,,FUTURE,,,,,,,
235144,5A570101001,R5-2007-0149,,Knights Landing Service Dist,Knights Landing CSD WWTP,Yolo,R5-2007-0149.pdf,R5-2007-0149,,PRESENT,,,PRESENT,,,,,,,,,,,,,,,,,,FUTURE,PRESENT,,,,,,,,,,,,,,,,,,,,,,,,,,,,,,,,,,,,,,,,,,,,,,,,,,,,,,,,,,FUTURE,,,,FUTURE,,,PRESENT,,PAST,PRESENT,,,,,,
272960,5A570105001,R5-2026-0004,CA0077950,Woodland City,Woodland Water Pollution Control Facility,Yolo,r5-2014-0120-01.pdf,R5-2014-0120,,,PRESENT,,,PRESENT,PRESENT,,PRESENT,,,PRESENT,,,,FUTURE,,,,,,PRESENT,,PAST,,,,,,,,FUTURE,PRESENT,,,,,,,,,,,,,,,,,,,,,PRESENT,,,,PRESENT,,,,,PRESENT,,,,,,,,,,FUTURE,,,,,,,,,PRESENT,,,,PRESENT,,FUTURE,,,OFFSITE,,,,,,,
272960,5A570105001,R5-2026-0004,CA0077950,Woodland City,Woodland Water Pollution Control Facility,Yolo,R5-2009-0010.pdf,R5-2009-0010,,PRESENT,PRESENT,,,PRESENT,PRESENT,,PRESENT,,,PRESENT,,,,PRESENT,PRESENT,,,,,PRESENT,,,,,,,,,,,PRESENT,,,,PRESENT,,,,,,,,,,,,,,,,,,,,,PRESENT,,,PAST,,PRESENT,,,,,,PRESENT,,,,,,,,,,,,,,,,,PRESENT,,,,,OFFSITE,,,,,,,
272960,5A570105001,R5-2026-0004,CA0077950,Woodland City,Woodland Water Pollution Control Facility,Yolo,r5-2026-0004_npdes.pdf,R5-2026-0004,,,PRESENT,,,PRESENT,PRESENT,,,,,PRESENT,,,,,,PRESENT,PRESENT,PRESENT,,PRESENT,,FUTURE,,,,,,,,PRESENT,PRESENT,,,,PRESENT,,,,,,,,,,,,,,,,,,,,,,,,,,PRESENT,,,,,,,,,,PRESENT,,,PRESENT,PRESENT,PAST,,,,PRESENT,,,,PRESENT,,,,,,,,,,,,
272960,5A570105001,R5-2026-0004,CA0077950,Woodland City,Woodland Water Pollution Control Facility,Yolo,r5-2020-0015_npdes.pdf,R5-2020-0015,,,PRESENT,,,PRESENT,PRESENT,,PRESENT,,,PRESENT,,,,PRESENT,,,,,,PRESENT,,PRESENT,,,,PRESENT,,,,PRESENT,PRESENT,,,,PRESENT,,,,,,,,,,,,,,,,,,,,,,,,,,PRESENT,,,,,,,,,,PRESENT,,,PRESENT,PRESENT,,,,,PRESENT,,,,PRESENT,,,,,PRESENT,PAST,,,,,,
209007,5A58NC00037,R5-2019-0086,,US Air Force Beale Air Force Base CES/CEAN,Beale AFB WWTP,Yuba,r5-2019-0086_wdrs.pdf,R5-2019-0086,,PRESENT,PRESENT,,,PRESENT,,,,,,,,,,,,,,,,,,PRESENT,,,,,,,,,,,,,,,PRESENT,,,,,,,,,,,,,,,,,,,,,,PRESENT,,,,,,,,,,,,,,,PRESENT,,,,,,PRESENT,,,,,,,PRESENT,,,,,,,,,
229559,5A581007001,R5-2022-0024,CA0081574,River Highlands CSD,Hammonton Gold Village WWTP,Yuba,r5-2022-0024_npdes.pdf,R5-2022-0024,,,,,,PRESENT,,,,,,,,,,PRESENT,,,,,,,,PRESENT,,,,,,,,PRESENT,,,,,,,,,,,,,,,,,,,,PRESENT,,,,,,,,,,,PRESENT,,,,,,,,,,,,,,,,,,,,,,,,,,,,,OFFSITE,,,,,,
229559,5A581007001,R5-2022-0024,CA0081574,River Highlands CSD,Hammonton Gold Village WWTP,Yuba,r5-2011-0086.pdf,R5-2011-0086,,PAST,,,,PRESENT,,,,,PAST,,,,,PRESENT,,,,,,,,PRESENT,,,,,,,,PRESENT,,,,,PAST,,,,,,,,,,,,,,PRESENT,PRESENT,,,,,,,,,PAST,,PRESENT,,,,,,,,,,,,,,,,,,,,,,,,,,,,,,,,,,,
229559,5A581007001,R5-2022-0024,CA0081574,River Highlands CSD,Hammonton Gold Village WWTP,Yuba,r5-2017-0037.pdf,R5-2017-0037,,,,,,PRESENT,,,,,,,,,,PRESENT,PRESENT,,,,,,,,,,,,,,,PRESENT,PRESENT,,,,,,,,,,,,,,,,,,PRESENT,PRESENT,,,,,,,,,,,PRESENT,,,,,,,,,,,,,,,,,,,,,,,,,,PRESENT,,,OFFSITE,,,,,,
237060,5A580100002,R5-2022-0070,CA0079651,Linda Cnty Water District,Linda Cnty Water District WWTP,Yuba,r5-2006-0096.pdf,R5-2006-0096,,PRESENT,PRESENT,,,,,,,,,,,,,FUTURE,,,,,,,PRESENT,,,,,,,,,FUTURE,,,,,,,PRESENT,,,,,,,,,,,,,,,,,,,,,,,PRESENT,,,,,,,,,,,,,,,,PRESENT,,,,,,,,,,,,,,,,,,,,
237060,5A580100002,R5-2022-0070,CA0079651,Linda Cnty Water District,Linda Cnty Water District WWTP,Yuba,r5-2022-0070_npdes.pdf,R5-2022-0070,,PRESENT,PRESENT,,,,FUTURE,,FUTURE,,,,,,,PRESENT,,,,,,,,PRESENT,,,,,,,,PRESENT,PRESENT,,,,PRESENT,,,,,,,,,,,,,,,,,,,,,,,,PRESENT,PRESENT,,,,,,,,,,,,,,PRESENT,,PRESENT,,,,PRESENT,,,PRESENT,PRESENT,,,,,OFFSITE,,,,,,,
237060,5A580100002,R5-2022-0070,CA0079651,Linda Cnty Water District,Linda Cnty Water District WWTP,Yuba,r5-2012-0034.pdf,R5-2012-0034,,PRESENT,PRESENT,,,FUTURE,,,,,,,,,,FUTURE,,,,,,,PRESENT,FUTURE,,,,,,,,FUTURE,FUTURE,,,,FUTURE,,PRESENT,,,,,,,,,,,,,,,,,,,,,,PRESENT,PRESENT,,,,,,,,,,,,FUTURE,,PRESENT,,,,,,,,,FUTURE,FUTURE,,,,,,,,,,,,
237060,5A580100002,R5-2022-0070,CA0079651,Linda Cnty Water District,Linda Cnty Water District WWTP,Yuba,lindacwd_wwtp_npdes_osb.pdf,R5-2017-0094,,PRESENT,PRESENT,,,OFFSITE,,,,,,,,,,PRESENT,,,,,,PRESENT,,PRESENT,,,,,,,,PRESENT,PRESENT,,,,PRESENT,,,,,,,,,,,,,,,,,,,,,,,,PRESENT,PRESENT,,,,,,,,,,,,,,PRESENT,,PRESENT,,,,PRESENT,,,PRESENT,PRESENT,,,,,,,,,,,,
237060,5A580100002,R5-2022-0070,CA0079651,Linda Cnty Water District,Linda Cnty Water District WWTP,Yuba,r5-2017-0094-01_npdes.pdf,R5-2017-0094,,PRESENT,PRESENT,,,OFFSITE,,,,,,,,,,PRESENT,,,,,,PRESENT,,PRESENT,,,,,,,,PRESENT,PRESENT,,,,PRESENT,,,,,,,,,,,,,,,,,,,,,,,,PRESENT,PRESENT,,,,,,,,,,,,,,PRESENT,,,,,,PRESENT,,,PRESENT,PRESENT,,,,,PRESENT,,,,,,,
245949,5A580102001,R5-2021-0024,CA0077836,Olivehurst PUD,Olivehurst WWTP,Yuba,r5-2016-0001.pdf,R5-2016-0001,,,PRESENT,,,PRESENT,PRESENT,,PRESENT,,,PRESENT,,,,,,,,,,,,PRESENT,,,,,,,,,,,,,PRESENT,,,,,,,,,,,,,,,,,,,,,,,,,,PRESENT,,,,,,,,,,,,,,,,,,,PRESENT,,,,PRESENT,,,,,OFFSITE,,,,,,,
245949,5A580102001,R5-2021-0024,CA0077836,Olivehurst PUD,Olivehurst WWTP,Yuba,r5-2010-0074.pdf,R5-2010-0074,,,PRESENT,,,PRESENT,PRESENT,,PRESENT,,,PRESENT,,,,,,,,,,,,PRESENT,,,,,,,,,,,,,PRESENT,,,,,,,,,,,,,,,,,,,,,,,,,,PRESENT,,,,,,,,,,,,,,,,,,,PRESENT,,,,PRESENT,,,,,OFFSITE,,,,,,,
245949,5A580102001,R5-2021-0024,CA0077836,Olivehurst PUD,Olivehurst WWTP,Yuba,r5-2004-0094.pdf,R5-2004-0094,,PRESENT,PRESENT,,,FUTURE,FUTURE,,FUTURE,,,FUTURE,,,,PRESENT,,,,,,,,,,,,,,,,PRESENT,PRESENT,,,,FUTURE,,,,,,,,,,,,,,,,,,FUTURE,,,,,,PRESENT,PRESENT,FUTURE,,,,,,,,,,,,,FUTURE,PRESENT,,FUTURE,,,PRESENT,,,,,,,,,,OFFSITE,,,,,,
245949,5A580102001,R5-2021-0024,CA0077836,Olivehurst PUD,Olivehurst WWTP,Yuba,r5-2021-0024_npdes.pdf,R5-2021-0024,,,PRESENT,,,PRESENT,PRESENT,,PRESENT,,,PRESENT,,,,,PRESENT,,,,,PRESENT,,,,,,,,,,,,,,,PRESENT,,,,,,,,,,,,,,,,,,,,,,,,,,PRESENT,,,,,,,,,,,,,,,,,,,PRESENT,,,,PRESENT,,,,,OFFSITE,,,,,,,
822928,2 21GWDR405097,2014-0153-DWQ,,,Big Rock Ranch Recycled Water,,Big Rock Ranch NOA Package.pdf,WQ-2014-0153-DWQ,,PRESENT,,,,FUTURE,,,,,,,,,,,,,,,,,,,,,,,,,,,,,,,PRESENT,,,,,,,,,,,,,,,,,,,,,,,,FUTURE,,,FUTURE,,PRESENT,,,,,,FUTURE,,,,,,,,,,,,,,,,,,,,,,,,,,PRESENT
216287,5B39NC00240,2014-0153-DWQ,,,County Service Area (CSA) 44 Zone E (Castello),,CSA 44 Zone E_NOA.pdf,WQ-2014-0153-DWQ,,,PRESENT,,,,,,PRESENT,,,,,,,PRESENT,PRESENT,,,,,,,,,,,,,,,PRESENT,PRESENT,,,,PRESENT,,,,,,,,,,,,,,,,,,,,,,,,PRESENT,,,,,,,,,,,,,,,,,PRESENT,,,,,,,,,,,,,,,,,,,,
602499,5B50NC00018,97-010-DWQ,,,Del Rio East HOA WWTP,,Del Rio East NOA.pdf,,,,,,,,,,,,,,,,,,FUTURE,,,,,,,,,,,,,,,FUTURE,FUTURE,,,,,,,,,,,,,,,,,,,,,,,,,,,,,,,,,,,,,,,,,,,,,,,,,,,,,,,,PRESENT,,,,,,,,,
647162,5B55NC00007,97-010-DWQ,,,Foothill Horizons School,,97_10_DWQ_R5051.pdf,,,PRESENT,,,,,,,,,,,,,,,,,,,,,,,,,,,,,,,,,,,,,,,,,,,,,,,,,,,,,,,,,,,,,,,,,,,,,,,,,,,,,,,,,,,,,,,PRESENT,,,,,,,,,PRESENT
862046,2 43GWDR440668,2014-0153-DWQ,,,Google Bay View Campus,,Google Bay View Notice of Applicability Package 2022-07.pdf,,,PRESENT,PRESENT,,,PRESENT,,,PRESENT,,,,,,,PRESENT,,,,,,,,,,,,,,,,PRESENT,,,,,PRESENT,,,,,PRESENT,,,PRESENT,,,,,,,,,,PRESENT,,PRESENT,,,PRESENT,,,PRESENT,PRESENT,,,,,,,,PRESENT,,PRESENT,,,,,,,,,,,,,,,,,,,,,,,,
707492,5C10NC00163,2014-0153-DWQ,,,Island Park Recreation Area - Pine Flat Lake,,NOAPineFlatLakeIslandPark.pdf,WQ-2014-0153-DWQ,,PRESENT,,,,,,,,,,,,,,,,,FUTURE,,,,,,,,,,,,,,,,,,FUTURE,,,,,,,,,,,,,,,,,,,,,,,,,,,,,,,,,,,,,,,PRESENT,,,,,,,,,,,,,,,,,,,,,,PRESENT
837951,5B24NC00381,2014-0153-DWQ,,,"John ""Chuck"" Erreca SRRA",,Caltrans_Erreca_NOA.pdf,WQ-2014-0153-DWQ,,,,,,,,,,,,,,,,,,,,,,,,,,,,,,,,,,,,,FUTURE,,,,,,,FUTURE,,,,,,,FUTURE,,,FUTURE,,,,,,,FUTURE,,,FUTURE,,,,,,,,FUTURE,,,,FUTURE,,,,,,,,,,,,,,,,,,,,,,PRESENT
771804,1B08022RSON,97-010-DWQ,,,Kendall-Jackson Wine Center Domestic Waste,,120411_RSP_KJWineCenter_GenEnroll_12_0057_MRP_tmk.pdf,,FUTURE,,,,FUTURE,,,,,,,,,,,,,,,,,,,,,,,,,,,,,,,,FUTURE,,,,,,,,,,,,,,,,,,,,,,,,,,,,,,,,,,,,,,,,,,,,,,,,,,,,FUTURE,,,,,,,,,PRESENT
236597,2 21GWDR450979,2004-0012-DWQ,,,Las Gallinas Sludge App,,LGVSD Notice of Applicability Package.pdf,2004-0012-DWQ,,,,,,,,,,,,,,,,,,,,,,,,,,,,,,,,,,,,,,,,,,,,,,,,,,,,,,,,,,,,,,,,,,,,,,,,,,,,,,,,,,,,,,,,,,,,,,,,,,
816491,5B22NC00011,2014-0153-DWQ,,,"Lower Grove OWTS, Mariposa Grove of Giant Sequoias",,2014-0153-DWQ-R5188.pdf,2014-0153-DWQ,,FUTURE,,,,,,,FUTURE,,,,,,,,,,,,,,,,,,,,,,,,,,,,,,,,,,,,,,,,,,,,,FUTURE,,,,,,,,,,,,,,,,,,,,,,,,,,,,,,,,,,,,,,OFFSITE,,,,,,FUTURE
893349,8 363015001,2014-0153-DWQ,,,LPC Arrowhead Area 1 LP OWTS,,LPC Arrowhead Area 1 LP OWTS NOA.pdf,WQ-2014-0153-DWQ,,PRESENT,,,PRESENT,,,,PRESENT,,,,,,,,PRESENT,,,,,,,,,,,,,,,,,,,,,,,,,PRESENT,,,,,,,,,,,,,,,,,,,,,PRESENT,,,,,,,,,,,,,,,,,,,,,,,,,,,,,,,,,,,
860254,2 43CW860254,2014-0153-DWQ,,,Microsoft Silicon Valley Recycled Water System,,2020-07_Microsoft Silicon Valley NOA Combined.pdf,WQ-2014-0153-DWQ,,PRESENT,,,,PRESENT,,,PRESENT,,,,,,,,PRESENT,,,,,,,,,,,,,,,,,,,,,PRESENT,,,,,,,,,,,,PRESENT,,,,,PRESENT,,,,,,,,PRESENT,PRESENT,,,,,,,,PRESENT,,,,,,,,,,,,,,,,,,,,,,,,,,PRESENT
255393,5C241001001,97-010-DWQ,,,Oasis West RV Park,,Oasis West RV Park WWTF (Formerly Los Banos WestI-5 KOA WWTF)-Ownership Change.pdf,WQ-2014-0153-DWQ,,,,,,,,,,,,,,,,,PRESENT,,PRESENT,,,,,,,,,,,,,,,,,,,,,,,,,,,,,,,,,,,,,,,,,,,,,,,,,,,,,,,,,,,,,,,,,,,,,,,,,,,,,,,PRESENT
901334,5A04NC00082,2003-0003-DWQ,,,Oroville Wastewater Treatment Plant Construction Dewatering Project,,orovillewwtp_noa.pdf,2003-0003-DWQ,,,,,FUTURE,,,,,,,,,,,,,,,,,,,,,,,,,,,,,,,,,,,,,,,,,,,,,,,,,,,,,,,,,,,,,,,,,,,,,,,,,,FUTURE,,,,,,,,,,FUTURE,,,,,,,,,
729031,3 401108233,2014-0153-DWQ,,,Shandon Roadside Rest Area,,07-02-2019_Shandon Rest Area NOA & NOT package 7-2-19.pdf,R3-2019-0068,,,,,,,,,FUTURE,,,,,,,,,,,,,,,,,,,,,,,,,,,,PRESENT,PRESENT,,,,,,,,,,,,,,,,,PRESENT,,,,,,,,,,,,,,,,,,,,,,,,,,,,,,,,,,,,,,,,,,,PRESENT
897866,1B24163RSON,2014-0153-DWQ,,,Sonoma West Holdings Wastewater Treatment Facility Plant No. 2 - Domestic,,250106_MTH_SonomaWest_SDS_NOA & MRP- Final.pdf,WQ-2014-0153-DWQ,,PRESENT,,,,,,,,,,,,,,,,,PRESENT,,,,,,,,,,,,,,,,,,PRESENT,,,,,,,,,,,,,,,,,,,,,,,,PRESENT,,,,,,,,,,,,,,,PRESENT,,,,,,,,,,,,,PRESENT,,,,,,,,,PRESENT
826481,5B22NC00012,2014-0153-DWQ,,,South Entrance Wastewater Facility,,2014-0153-DWQ-R5208.pdf,WQ-2014-0153-DWQ,,FUTURE,,,,,,,FUTURE,,,,,,,,,,,,,,,,,,,,,,,,,,,,,,,,,,,,,,,,,,,,,,,,,,,,,,,,,,,,,,,,,,,,,,,,,,,,,,,,,,,,,,,,,FUTURE
267637,4B198202066,R4-2019-0024,,,Top O'Topanga Community Association WWTP,,3185_WDR_COV_2025-04-29.pdf,R4-2019-0024,PRESENT,,,,PRESENT,PRESENT,,,,,,,,,,,,,,,,,,PRESENT,,,,,,,,,PRESENT,,,,,,,,,,,,,,,,,,,,,,,,,,,,PRESENT,,,,,,,,,,,,,,,,,,,,,,,,,,,,,,,,,,,,,
707474,5C10NC00162,2014-0153-DWQ,,,Trimmer Recreation Area - Pine Flat Lake,,Trimmer_NOA_2014-0153-dwq-r5252.pdf,WQ-2014-0153-DWQ,,,,,PRESENT,,,,,,,,,,,,,,FUTURE,,,,,PRESENT,,,,,,,,,,,,,FUTURE,,,,,,,,,,,,,,,,,,,,,,,,,,,,,,,,,,,,,,,,,,,,,,,,,,,,,,,,,,,,,PRESENT
835506,5C54NC00327,2014-0153-DWQ,,,University of California Animal Health and Food Safety (CAHFS) Laboratory,,CAHFS_WWTF_NOA.pdf,WQ-2014-0153-DWQ,,FUTURE,,,,,,,,,,,,,,,,,,,,,,,,,,,,,,,,,,,,,,,,,,,,,,,,,,,,FUTURE,,,,,,,,,,,,FUTURE,,,,,,,FUTURE,,,,,,,,,,,,,,,,,,,,,,,,,FUTURE
638334,9 000001182,R9-2019-0167,CA0109347,US Marine Corps Base Camp Pendleton,USMC Camp Pendleton Southern Regional Tertiary Treatment Plant,,R9-2020-0191_Final_Order signed dwg 08-17-20.pdf,R9-2020-0191,,,PRESENT,PRESENT,PRESENT,PRESENT,PRESENT,,PRESENT,,PRESENT,,,,,,PRESENT,,,,,,,PRESENT,,,,,,,,,,,PRESENT,,,,,,,,,,,,,,,,,,,PRESENT,,,,,,,PRESENT,,,,,,PRESENT,,,,,,,PRESENT,,,PRESENT,,PRESENT,PRESENT,,,,,PRESENT,,,,,,OFFSITE,,,,,,,
638334,9 000001182,R9-2019-0167,CA0109347,US Marine Corps Base Camp Pendleton,USMC Camp Pendleton Southern Regional Tertiary Treatment Plant,,R9-2019-0167_Amended2020 signed dwg 08-17-20.pdf,R9-2019-0167,,,PRESENT,,,PRESENT,PRESENT,,PRESENT,,PRESENT,,,,,,PRESENT,,,,,,,,,,,,,,,,,,,,,,,,,,,,,,,,,,,,,PRESENT,,,PRESENT,,,,PRESENT,,,,,PRESENT,PRESENT,,,,,,,PRESENT,,,PRESENT,,PRESENT,PRESENT,,,,,PRESENT,,,,,,OFFSITE,,,,,,,
638334,9 000001182,R9-2019-0167,CA0109347,US Marine Corps Base Camp Pendleton,USMC Camp Pendleton Southern Regional Tertiary Treatment Plant,,AmendedOrderR92019167_DigitalSignature signed dwg 12-14-21.pdf,R9-2019-0167,,,,,,PRESENT,PRESENT,,PRESENT,,PRESENT,,,,,,,,,,,,,,,,,,,,,,,,PRESENT,,,,,,,,,,,,,,,,,,,PRESENT,,,PRESENT,,,,PRESENT,,,,,PRESENT,PRESENT,,,,,,,PRESENT,,,PRESENT,,PRESENT,PRESENT,,,,,PRESENT,,,,,,OFFSITE,,,,,,,
638334,9 000001182,R9-2019-0167,CA0109347,US Marine Corps Base Camp Pendleton,USMC Camp Pendleton Southern Regional Tertiary Treatment Plant,,Email_CA0109347_FinalOrder.pdf,R9-2013-0112,,,,PRESENT,,PRESENT,PRESENT,,PRESENT,,PRESENT,,,,,,,,,,,,,PRESENT,,,,,,,,,,,PRESENT,,PRESENT,,,,,,,,,,,,,,,,,,,,,,,,,,,,,PRESENT,PRESENT,,,,,,,PRESENT,,,PRESENT,,PRESENT,PRESENT,,,,,PRESENT,,,,,,OFFSITE,OFFSITE,,,,,,
638334,9 000001182,R9-2019-0167,CA0109347,US Marine Corps Base Camp Pendleton,USMC Camp Pendleton Southern Regional Tertiary Treatment Plant,,AmendingOrderR920210205_DigitalSignature signed dwg 12-17-21.pdf,R9-2021-0205,,,PRESENT,,,PRESENT,PRESENT,,PRESENT,,PRESENT,,,,,,PRESENT,,,,,,,,,,,,,,,,,,PRESENT,,,,,,,,,,,,,,,,,,,PRESENT,,,PRESENT,,,,PRESENT,,,,,PRESENT,PRESENT,,,,,,,PRESENT,,,PRESENT,,PRESENT,PRESENT,,,PRESENT,,PRESENT,,,,,,OFFSITE,,,,,,,
638334,9 000001182,R9-2019-0167,CA0109347,US Marine Corps Base Camp Pendleton,USMC Camp Pendleton Southern Regional Tertiary Treatment Plant,,MCBCP_Final_Adopted_Order_R9-2019-0167.pdf,R9-2019-0167,,,PRESENT,,,PRESENT,PRESENT,,PRESENT,,PRESENT,,,,,,,,,,,,,PRESENT,,,,,,,,,,,,,,,,,,,,,,,,,,,,,,PRESENT,,,PRESENT,,,,PRESENT,,,,,PRESENT,PRESENT,,,,,,,PRESENT,,,PRESENT,,PRESENT,PRESENT,,,,,PRESENT,,,,,,PRESENT,,,,,,,
719040,5C54NC00296,2014-0153-DWQ,,,Warlow SRRA WWTF,,CT-WarlowRA_NOA.pdf,WQ-2014-0153-DWQ,,,,,,,,,,,,,,,,,,,,,,,,,,,,,,,,,,,,,,,,,,,,,,,,,,,,,,,,,,,,,,,,,,,,,,,,,,,,,,,,,,,,,,,,,,,,,,,,,,PRESENT
719040,5C54NC00296,2014-0153-DWQ,,,Warlow SRRA WWTF,,CT Warlow_Revised NOA_2014-0153-dwq-r5296-01.pdf,WQ-2014-0153-DWQ,,PRESENT,,,,,,,PRESENT,,,,,,,,,,,,,,,,,,,,,,,,,,,,PRESENT,PRESENT,,,,,,,,,,,,,,,,PRESENT,,,,,,,,,,,,,,,,,,,,,,,,,,,,,,,,,,,,,,,,,,,,PRESENT
840718,4B190107087,R4-2019-0053,,,White Point Outfall Manifold Construction Dewatering Project,,10371_R4-2019-0053_WDR_PKG.pdf,R4-2019-0053,,,,,,,,,,,,,,,,,,,,,,,,,,,,,,,,,,,,,,,,,,,,,,,,,,,,,,,,,,,,,,,,,,,,,,,,,,,,,,,FUTURE,,,,,,,,,,,,,,,,,,,
766558,1B06162RHUM,97-010-DWQ,,,Willow Creek Apartments,,110510_CA_RRO_WillowCreek_MRP_tmk.pdf,,,PRESENT,,,,,,,,,,,,,,PRESENT,,,,,,,,,,,,,,,,PRESENT,,,,,,,PRESENT,,,,,,PRESENT,,,,,,,,,,,,,,,,,,,,,,,,,,,,,,,,,,,,,,,,,,,,,,,,,,,,,PRESENT
