source,CWNS FACILITY_ID,CWNS FACILITY_NAME,CIWQS PLACE_ID,CIWQS Facility Name,County,A2O,AO,Activated Carbon,Aerated Lagoon,Aerobic Digestion,Alum Addition,AnO,Anaerobic Digestion,Anaerobic Filter,Anaerobic Lagoon,Biologically Active Filtration,Biosolids Lagoon,Biosolids Wet Air Oxidation,Centrifuge,Chemical N Removal,Chemical P Removal,Chemical Precipitation,Chlorination,Coagulation,Cogeneration,Comminution,Dechlorination,Denitrification,Denitrification Filter,Drying,Electrodialysis,Electrodialysis Reversal,Elutriation,Equalization,Evaporation Pond,Extended Aeration,FBI,Facultative Lagoon,Ferric Chloride Addition,Five Stage Bardenpho,Flocculation,Flotation,Four Stage Bardenpho,Grit Removal,Heat Recovery,Ion Exchange,Lime Stabilization,Lime Treatment,MHI,MLE,Mechanical Dewatering,Media Filtration,Membrane Aerated Biofilm Reactor,Membrane Bioreactor,Microfiltration,Moving Bed Biofilm Reactor,Nanofiltration,Neutralization,Nitrification,Oxidation,Oxidation Ditch,Ozonation,Polishing Lagoon,Polymer Addition,Primary Clarification,Pure Oxygen,Reduction,Reverse Osmosis,Rotating Biological Contactor,SBR,Screening/Microstrainer,Secondary Clarification,Secondary Filtration,Septic Tank,Stabilization Pond,Stepfeed,Thermal Disinfection,Thermal Hydrolysis,Thickening,Trickling Filter,UCT,UV Disinfection,UV-AOP,Ultrafiltration,Unspecified AS,Unspecified Chemical Addition,Unspecified Clarification,Unspecified Dewatering,Unspecified Digestion,Unspecified Disinfection,Unspecified FFR,Unspecified Filtration,Unspecified Headworks,Unspecified Incineration,Unspecified Lagoon,Unspecified Membrane Process,Unspecified Nutrient Removal,Wetland
Clean Watershed Needs Survey,1175348,Livermore WRP,237195,City of Livermore Water Reclamation Plant,Alameda,,,,,,,,PRESENT,,,,,,PRESENT,,,,PRESENT,,PRESENT,PRESENT,PRESENT,,,,,,,,,,,,,,,PRESENT,,PRESENT,,,,,,,PRESENT,,,,,,,,,,,,,,PRESENT,,,,,,,,,,,,,,PRESENT,,,,,,,,,,,,,,,,,,,
ciwqs,1175348,Livermore WRP,237195,City of Livermore Water Reclamation Plant,Alameda,,,,,,,,PRESENT,,,,PRESENT,,,,,,PRESENT,PRESENT,,,PRESENT,PRESENT,,,,,,PRESENT,,,,,PRESENT,,,PRESENT,,PRESENT,,,,,,,PRESENT,PRESENT,,,,,,,PRESENT,,,,,,PRESENT,,,OFFSITE,,,PRESENT,PRESENT,,,PRESENT,,,,PRESENT,,,PRESENT,,,PRESENT_AND_FUTURE,,,,,,,,,,,,PRESENT,
Clean Watershed Needs Survey,1175267,Dublin-San Ramon WWTF,220792,Dublin San Ramon SD WWTP,Alameda,,,,,,,,PRESENT_AND_FUTURE,,,PRESENT_AND_FUTURE,PRESENT_AND_FUTURE,,,,,,PRESENT_AND_FUTURE,,,PRESENT_AND_FUTURE,,,,,,,,PRESENT,,PRESENT_AND_FUTURE,,,,,,PRESENT_AND_FUTURE,,PRESENT_AND_FUTURE,,,,,,,,,,,,,,,,,,,,,PRESENT_AND_FUTURE,,,,,,PRESENT_AND_FUTURE,PRESENT_AND_FUTURE,,,,,,,PRESENT_AND_FUTURE,PRESENT,,PRESENT,,,,,,,,,,,,,PRESENT,,,
ciwqs,1175267,Dublin-San Ramon WWTF,220792,Dublin San Ramon SD WWTP,Alameda,,,,,,,,PRESENT,,,,PRESENT,,,,,,PRESENT,,,,PRESENT,FUTURE,,,,,,PRESENT,,,,,,,,PRESENT,,PRESENT,,,,,,,,,,,,,,,PRESENT_AND_FUTURE,FUTURE,,,,,PRESENT,,,FUTURE,,,PRESENT,PRESENT,,,PRESENT,,,,PRESENT,,,FUTURE,FUTURE,,PRESENT,,,,,,,,,,PRESENT,FUTURE,PRESENT_AND_FUTURE,
ciwqs,,,222123,EBDA Common Outfall,Alameda,,,,,,,,OFFSITE,,,,,,OFFSITE,,,,PRESENT,,,OFFSITE,PRESENT,PRESENT,,OFFSITE,,,,PRESENT,,,,,,,,,,PRESENT,,,,,,,OFFSITE,,,,,,,,PRESENT,,,,,,PRESENT,,PRESENT,OFFSITE,,,PRESENT,PRESENT,,,,,,,OFFSITE,OFFSITE,,,,,FUTURE,,,,,,,,,,OFFSITE,,PRESENT,
Clean Watershed Needs Survey,3608101,San Antonio Creek WWF,222130,EBMUD SD#1-Wet Wthr Bypass,Alameda,,,,,,,,,,,,,,,,,,,,,,,,,,,,,,,,,,,,,,,,,,,,,,,,,,,,,,,,,,,,,,,,,,,,,,,,,,,,,,,,,,,,,,,,,,,,,
ciwqs,3608101,San Antonio Creek WWF,222130,EBMUD SD#1-Wet Wthr Bypass,Alameda,,,,,,,,,,,,,,,,,,,,,,,,,,,,,,,,,,,,,,,PRESENT,,,,,,,,,,,,,,,,,,,,,,,,,,,PRESENT,,,,,,,,,,,,,,,,PRESENT,,,PRESENT,,,,,,,,
Clean Watershed Needs Survey,1175294,East Bay MUD Main WWTP,222132,EBMUD WPCP,Alameda,,,,,PRESENT_AND_FUTURE,,,PRESENT,,,,,,,,,,PRESENT_AND_FUTURE,,PRESENT,,,,,,,,,,,,,,,,,,,PRESENT,,,,,,,PRESENT,,,,,,,,,,,,,,PRESENT_AND_FUTURE,PRESENT_AND_FUTURE,,,,,PRESENT,,,,,,,,,PRESENT,,,,,PRESENT,PRESENT,,,,,,,,,,,,
ciwqs,1175294,East Bay MUD Main WWTP,222132,EBMUD WPCP,Alameda,,,,,,,,PRESENT,,,,,,PRESENT,,,,,,PRESENT,,PRESENT,,,,,,,PRESENT,,,,,,,,,,PRESENT,PRESENT,,,,,,PRESENT,,,,PRESENT,,,,,,,,,,PRESENT,PRESENT,,,,,PRESENT,PRESENT,,,,,,,PRESENT,,,,,,PRESENT,,FUTURE,,,PRESENT,,,,,,,PRESENT,
Clean Watershed Needs Survey,3606909,Oro Loma and Castro Valley Sanitary Districts (WPCP),246217,Oro Loma/Castro Valley SD WPCP,Alameda,,,,,,,,,,,,,,,,,,,,,,,,,,,,,,,,,,,,,,,,,,,,,,,,,,,,,,,,,,,,,,,,,,,,,,,,,,,,,,,,,,,,,,,,,,,,,
ciwqs,3606909,Oro Loma and Castro Valley Sanitary Districts (WPCP),246217,Oro Loma/Castro Valley SD WPCP,Alameda,,,,,,,,PRESENT,,,,PRESENT,,,,,,PRESENT,PRESENT,,,PRESENT,PRESENT_AND_FUTURE,,PRESENT,,,,PRESENT,,,,,,,PRESENT,,,PRESENT,,,,,,PRESENT,PRESENT,,,,,,,,PRESENT_AND_FUTURE,,,,,,PRESENT,,,,,,PRESENT,PRESENT,,,,,,,PRESENT,,,,,,PRESENT,PRESENT,,,FUTURE,,,,,,PRESENT,,PRESENT_AND_FUTURE,
Clean Watershed Needs Survey,1175300,"San Leandro, City of (WPCP)",879361,"San Leandro, City of",Alameda,,,,PRESENT,,,,PRESENT,,,,,,PRESENT,,,,PRESENT,,PRESENT,PRESENT,,,,PRESENT,,,,,,,,,,,,PRESENT,,,,,,,PRESENT,,,,,,,,,,,,,,,,PRESENT,,,,,,,PRESENT,,,,,,,PRESENT,PRESENT,,,,,PRESENT,,,,,,,,,,,,,
ciwqs,1175300,"San Leandro, City of (WPCP)",879361,"San Leandro, City of",Alameda,,,,,,,,PRESENT,,,,,,,,,,PRESENT,,,,FUTURE,FUTURE,,PRESENT,,,,PRESENT,,,,,,,,,,PRESENT,,,,,,,,,FUTURE,,,,,,FUTURE,,,,,,PRESENT,,,,,,PRESENT,PRESENT,,,,,,,,PRESENT,,,,,PRESENT,,,,,,,,,,,,FUTURE,FUTURE
Clean Watershed Needs Survey,1175645,BEAR VALLEY WWTF,209035,Bear Valley WWTF,Alpine,,,,,,,,PRESENT,,,,,,,,,,PRESENT,,,PRESENT,,,,,,,,PRESENT_AND_FUTURE,,,,,,,,,,,,,,,,,,,,,,,,,,,,,,,PRESENT_AND_FUTURE,,,,,,PRESENT,,,,,,,,,,,,,,PRESENT_AND_FUTURE,,,,,,,,,,PRESENT_AND_FUTURE,,,
ciwqs,1175645,BEAR VALLEY WWTF,209035,Bear Valley WWTF,Alpine,,,,,,,,,,,,,,,,,,PRESENT,,,PRESENT,,,,,,,,,,,,,,,,,,,,,,,,,,,,,,,,,,,,,,,,,,,,,,,,,,,,,,,,,,,PRESENT,,,,,,,,,,,,,
ciwqs,,,235088,Kirkwood Meadows WWTF,Alpine,,,,,PRESENT,PRESENT,,,,,,,,PRESENT,,PRESENT,,PRESENT,PRESENT,,,,PRESENT,,,,,,PRESENT,,,,,,,,,,PRESENT,,,,,,,PRESENT,,,PRESENT,,,,,,,,,,,,,,,,,PRESENT,,,,,,,,,,,,,,PRESENT,,,,,,,,,,,,PRESENT,
ciwqs,,,741089,Camanche North Shore Recreation Area Water Treatment Plant Land Application,Amador,,,,,,,,,,,,PRESENT,,,,,FUTURE,PRESENT,,,,,,,,,,,,,,,,,,,,,,,,,,,,,PRESENT,,,,,,,,,,,,,,,,,,,,,,,,,,,,,,,,,,FUTURE,,,,,,PRESENT,,,PRESENT,,,
ciwqs,,,212847,Camanche North Shore WWTP,Amador,,,,PRESENT,,,,,,,,,,,,,,,,,,,,,,,,,,,,,,,,,,,,,,,,,,OFFSITE,,,,,,,,,,,,,,,,,,,,,,,,,,,,,,,,,,,,,,,,,,,,PRESENT,,,
Clean Watershed Needs Survey,1175619,JACKSON WWTF,214642,City of Jackson WWTP,Amador,,,,,PRESENT,,,,,,,,,,,,,PRESENT,,,,,,,PRESENT,,,,,,,,,,,,,,PRESENT,,,,,,,,,,,,,,,,,,,,,PRESENT,,,,,,PRESENT,,,,,,,,,,,,,,PRESENT,,,,,,,,,,,,,
ciwqs,1175619,JACKSON WWTF,214642,City of Jackson WWTP,Amador,,,,,PRESENT,,,,,,,,,,,,,PRESENT,FUTURE,,PRESENT,PRESENT,PRESENT_AND_FUTURE,,,,,,,,,,,,,FUTURE,,,,,,,,,,PRESENT,PRESENT,,,,,,FUTURE,PRESENT,,PRESENT,,,,,,,,,,PRESENT,PRESENT,,,,,,,,,,PRESENT_AND_FUTURE,,,PRESENT_AND_FUTURE,FUTURE,,,,PRESENT,,FUTURE,,,,,PRESENT,
Clean Watershed Needs Survey,1175643,IONE WWTF,214640,Ione WWTF,Amador,,,,PRESENT,PRESENT,,,,,,,,,,,,,,,,PRESENT,,,,PRESENT,,,,,,,,,,,,,,PRESENT,,,,,,,,,,,,,,,,,,,,,PRESENT,,,,,,PRESENT,,,,PRESENT,,,,,,,,,,,,,,,,,,,,,,,
ciwqs,1175643,IONE WWTF,214640,Ione WWTF,Amador,,,,PRESENT,,,,,,,,,,,,,,FUTURE,,,,,,,,,,,,PRESENT,,,,,,,,,,,,,,,,,,,,,,,,,,,,,,,,,,,,,PRESENT,,,,,,,,,,,,,,,,,,,,,,,FUTURE,,,
ciwqs,,,248424,Pine Grove Community Leachfield System,Amador,,,,,,,,,,,,,,,,,,,,,,,,,,,,,,,,,,,,,,,,,,,,,,,,,,,,,,,,,,,,,,,,,,,,,PRESENT,,,,,,,,,,,,,,,,,,,,,,,,
ciwqs,,,248476,Pioneer Creek MH Community,Amador,,,,,,,,,,,,,,,,,,,,,,,,,,,,,,PRESENT,,,,,,,,,,,,,,,,,,,,,,,,,,,,,,PRESENT,,,,,,,,,PRESENT,,,,,,,,,,,,,,,,,,,,,,,,
Clean Watershed Needs Survey,1238819,PLYMOUTH WWTF,248753,Plymouth WWTP,Amador,,,,,PRESENT,,,,,,,,,,,,,,,,,,,,PRESENT,,,,,,,,,,,,,,,,,,,,,,,,,,,,,,,,,,,,,,,,,PRESENT,,,,PRESENT,,,,,,,,,,PRESENT,,,,,,,,,,,,,
ciwqs,1238819,PLYMOUTH WWTF,248753,Plymouth WWTP,Amador,,,,PRESENT,,,,,,,,,,,,,,PRESENT,,,,,,,PRESENT,,,,,,,,,,,,,,,,,,,,,,,,,,,,,,,,,,,,,,,,,PRESENT,,,,,,,,,,,,,,,,PRESENT,,,,,,,,PRESENT,,,
ciwqs,,,213409,Casa Del Rey HA,Butte,,,,,,,,,,,,,,,,,,,,,,,,,,,,,,,,,,,,,,,,,,,,,,,,,,,,,,,,,,,,PRESENT,,,,,,,,,PRESENT,,,,,,,,,,,,,,,,,,,,,,,,
Clean Watershed Needs Survey,1175532,Chico WPCP,271805,Chico Water Pollution Control Plant,Butte,,,,PRESENT_AND_FUTURE,,,,PRESENT_AND_FUTURE,,,,PRESENT_AND_FUTURE,,,,,,PRESENT_AND_FUTURE,,,PRESENT,PRESENT_AND_FUTURE,,,PRESENT_AND_FUTURE,,,,,,,,,,,,,,PRESENT,,,,,,,,,,,,,,,,,,,,,PRESENT,,,,,,PRESENT,,,,PRESENT_AND_FUTURE,,,,,,,,,,PRESENT_AND_FUTURE,,,,,,,,,,,,,
ciwqs,1175532,Chico WPCP,271805,Chico Water Pollution Control Plant,Butte,,,,,,,,PRESENT,,,,,,PRESENT,,,,PRESENT,,,,PRESENT,,,PRESENT,,,,PRESENT,,,,,,,,,,PRESENT,,,,,,,PRESENT,,,,,,,,,,,,,,PRESENT,,,,,,PRESENT,PRESENT,,,,,,,,,,,,,PRESENT,,,,,PAST,,,,,,,,
Clean Watershed Needs Survey,1175744,BIGGS WWTF,209551,City of Biggs WWTP,Butte,,,,PRESENT,,,,,,,,,,,,,,PRESENT,,,PRESENT,,,,,,,,,,,,,,,,,,,,,,,,,,,,,,,,,,,,,,,,,,,,,PRESENT,,,,PRESENT,,,,,PRESENT,,,,,,,,,,,,,,,,,,
ciwqs,1175744,BIGGS WWTF,209551,City of Biggs WWTP,Butte,,,,PRESENT,,,,,,,,,,,,,,PRESENT,,,,PRESENT,FUTURE,,PRESENT,,,,,,,,,,,,,,,,,,,,,,,,,,,,,FUTURE,,,,,,,,,,,,OFFSITE,,,,,,,,,PRESENT,,,,,,,,,,,,,,,PRESENT,,,
ciwqs,,,252660,Richvale WWTF,Butte,,,,,,,,,,,,,,,,,,,,,PRESENT,,,,,,,,,,,,,,,,,,,,,,,,,,,,,,,,,,,,,,,,,,,,,,,,,PRESENT,,,,,,,,,,,,,,PRESENT,,,,,,PRESENT,,,
Clean Watershed Needs Survey,1175609,Sewerage Commis.-Oroville Reg. WWTP,246251,Sewerage Commission Oroville Region WWTP,Butte,,,,,PRESENT,,,,,,,PRESENT,,,,,,,,,PRESENT,PRESENT,,,PRESENT,,,,,,,,,,,,,,,,,,,,,,,,,,,,,,,,,,,PRESENT,,,,,,PRESENT,,,,PRESENT,,,,,PRESENT,,,,,PRESENT,,,,,,,,,,,,,
ciwqs,1175609,Sewerage Commis.-Oroville Reg. WWTP,246251,Sewerage Commission Oroville Region WWTP,Butte,,,,,PRESENT,,,,,,,,,,,,,PRESENT,,,,PRESENT,FUTURE,,,,,,PRESENT,,,,,,,,,,PRESENT,,,,,,,PRESENT,PRESENT,,,,,,,FUTURE,,,,,,PRESENT,,,,,,PRESENT,PRESENT,,,,,,,,,,FUTURE,,,PRESENT,,,,,,,,,,,,,
ciwqs,,,270563,The Villas at Butte Creek WWTP,Butte,,,,,,,,,,,,,,,,,,,,,,,,,,,,,PRESENT,,,,,,,,,,,,,,,,,,,,,,,,,,,,,,,,,,,,,,,,PRESENT,,,,,,,,,,,,,,,,,,PRESENT,,,,,,
Clean Watershed Needs Survey,1175696,ANGELS CAMP WWTF,205793,Angels City WWTP,Calaveras,,,,,,,,,,,,,,,,,,,,,PRESENT,,,,,,,,,,,,,,,,,,,,,,,,,,,,,,,,,,,,,,,,,,,,,PRESENT,,,,PRESENT_AND_FUTURE,,,,,,,,,,,,,,,,,,,,,,,
ciwqs,1175696,ANGELS CAMP WWTF,205793,Angels City WWTP,Calaveras,,,,,PRESENT,,,,,,,PRESENT,,,,,,PRESENT,PRESENT,,,,PRESENT,,PRESENT,,,,PRESENT,,,,,,,PRESENT,,,PRESENT,,,,PRESENT,,,PRESENT,PRESENT,,,,,,PRESENT,PRESENT,,,,,,,,,,,PRESENT,PRESENT,PRESENT,,,,,,,,,,PRESENT_AND_FUTURE,,,,PRESENT,,,,,,,,,PRESENT,,PRESENT,
ciwqs,,,206381,Arnold WWTP,Calaveras,,,,,PRESENT,,,,,,,,,,,,,PRESENT,,,,,,,PRESENT,,,,,,,,,,,,,,PRESENT,,,,,,,PRESENT,PRESENT,,,,,,,,,PRESENT,,,,,,,,,,PRESENT,PRESENT,,,,,,,,,,,,,PRESENT,,,,,,,,,,,,,
ciwqs,1175602,Copper Cove STP,255003,Copper Cove WWRF,Calaveras,,,,PRESENT,,,,,,,,,,,,,,PRESENT,PRESENT,,,,PRESENT,,,,,,,,,,,,,PRESENT,FUTURE,,,,,,,,,,PRESENT_AND_FUTURE,,,,,,,PRESENT,,,,,,,,,,,,,PRESENT,,,,,,,FUTURE,,,PRESENT_AND_FUTURE,,,PRESENT,PRESENT,PRESENT,,,,,PRESENT,,,PRESENT,,,
ciwqs,1175602,Copper Cove STP,215671,Copper Cove WWRF,Calaveras,,,,PRESENT,,,,,,,,,,,,,,PRESENT,PRESENT,,,,,,,,,,,,,,,,,PRESENT,,,,,,,,,,PRESENT,PRESENT,,,,,,,,,,,,,,,,,,,PRESENT,PRESENT,,,,,,,,,,PRESENT,,,,PRESENT,PRESENT,,,,,,,,PRESENT,,,
Clean Watershed Needs Survey,1175599,Vallecito/Douglas Flat WWTF,220618,Douglas Flat/Vallecito WWTP,Calaveras,,,,,,,,,,,,,,,,,,PRESENT_AND_FUTURE,,,,,,,,,,,,,,,,,,,,,,,,,,,,,,,,,,,,,,,,,,,,,,,,PRESENT_AND_FUTURE,,,,,,,,,,,,,,,,,,,,,,,,PRESENT_AND_FUTURE,,,
ciwqs,1175599,Vallecito/Douglas Flat WWTF,220618,Douglas Flat/Vallecito WWTP,Calaveras,,,,,,,,,,,PRESENT,,,,,,,,,,,,PRESENT,,,,,,PRESENT,,,,,,,,,,PRESENT,,,,,,,PRESENT,,,PRESENT,,,,,PRESENT,,,,,,,,,,,,PRESENT,,,,,,,,,,,PRESENT,,,,,,,,,,,,,PRESENT,,PRESENT,
ciwqs,,,222129,EBMUD Pardee Center WWTF,Calaveras,,,,,,,,,,,,,,,,,,,,,PRESENT,,,,,,,,,PRESENT,,,,,,,,,,,,,,,,OFFSITE,,,,,,,,,,,,,,,,,,,,,,,PRESENT,,,,,,,,,,,PRESENT,,PRESENT,,,,,,,,,,,
Clean Watershed Needs Survey,3489196,Forest Meadows STP,717684,Forest Meadows WWRP,Calaveras,,,,,,,,,,,,,,,,,,,,,,,,,,,,,,,,,,,,,,,,,,,,,,,,,,,,,,,,,,,,,,,,,,,,,,,,,,,,,,,,,,,,,,,,,,,,,
ciwqs,3489196,Forest Meadows STP,717684,Forest Meadows WWRP,Calaveras,,,,,PRESENT,,,,,,,,,,,,,,,,,,,,,,,,,,,,,,,,PRESENT,,,,,,,,,OFFSITE,PRESENT,,,,,,,,,,,,,,,,,,,PRESENT,,,,,,,,PRESENT,,,PRESENT,,,,,PRESENT,,,,,,,,PRESENT,,,
ciwqs,,,232360,Indian Rock Vineyards Subdivision (IRVS) WWTF,Calaveras,,,,,,,,,,,,,,,,,,,,,,,,,,,,,PRESENT,,,,,,,,,,,,,,,,,OFFSITE,PRESENT,,,,,,,,,,,,,PRESENT,,,,,,,,,PRESENT,,,,,,,,,,,,,,,,,,,,,,,,
ciwqs,,,235798,La Contenta WWT & RF,Calaveras,,,,,,,,,,,,PRESENT,,,,,,,PRESENT,,,,,,,,,,,,,,,,,,,,,,,,,,,PRESENT,PRESENT,,,,,,,,,,,,PRESENT,,,,,,,PRESENT,PRESENT,,,PRESENT,,,,,,,PRESENT,,,PRESENT,,,,,,,,,,PRESENT,,,
ciwqs,,,227381,New Melones Lake Glory Hole Recreation Area,Calaveras,,,,PAST,,,,,,,,,,,,,,PRESENT,,,,,,,,,,,,PRESENT,,,,,,,,,,,,,,,,,,,,,,,,,,,,,,,,,,,,,,,,,,,,,,,,,,,,,,,,,,,,,,,
Clean Watershed Needs Survey,1175680,San Andreas Sanitary District WWTP,255180,San Andreas SD WWTP,Calaveras,,,,,,,,PRESENT,,,,PRESENT,,,,,,PRESENT,,,,,,,PRESENT,,,,,,,,,,,,,,PRESENT,,,,,,,,,,,,,,,,,,,,,PRESENT,,,,,,PRESENT,,,,PRESENT,,,,,PRESENT,,,,,,,,,,,,,,,,,,
ciwqs,1175680,San Andreas Sanitary District WWTP,255180,San Andreas SD WWTP,Calaveras,,,,,PRESENT_AND_FUTURE,,,PRESENT,,,,,,,,,,PRESENT,PRESENT,,,PRESENT,,,PRESENT,,,,,PRESENT,PRESENT,,,,,PRESENT,,,PRESENT,,,,,,,PRESENT,PRESENT,,,,,,PRESENT,PRESENT,,,,PRESENT,,PRESENT,,PRESENT,,,,PRESENT,PRESENT,,,,,,,,PRESENT,,,,,PRESENT,PRESENT,,,,,,PRESENT,,,PRESENT,,PRESENT,
ciwqs,,,258004,Southworth Ranch Estates WWTF,Calaveras,,,,,,,,,,,,,,,,,,PRESENT,,,,,,,,,,,,,,,,,,,,,,,,,,,,,,,,,,,,,,,,,,,,,,,,,,,OFFSITE,,,,,,PRESENT,,,,,,,,,,,,,,,PRESENT,,,
ciwqs,,,270105,Valley Springs SD WWTF,Calaveras,,,,PRESENT,,,,,,,,,,,,,,PRESENT,,,PRESENT,,,,PRESENT,,,,,,,,,,,,,,,,,,,,,,,,,,,,,,,,,PRESENT,,,,,,,,,PRESENT,,,,,,,,,,,,,PRESENT,,PRESENT,,,,,,,,,,,
ciwqs,,,271617,Wallace Lake Estates WWTF,Calaveras,,,,,,,,,,,,,,,,,,PAST,,,,,,,,,,,PRESENT,,,,,,,,,,,,,,,,,,,,,,,,,,,,,,,,,,,,,,PRESENT,,,,,,,,PRESENT,,,,,,,,,,,,,,,PRESENT,,,
ciwqs,,,272109,West Point WWTF,Calaveras,,,,,,,,,,,,,,,,,,PRESENT,,,,,,,,,,,,,,,,,,,,,,,,,,,,,PRESENT,,,,,,,,,,,,,,,,,,,,,,PRESENT,,,,,,,,,,,,,,,,,,,,,PRESENT,,,
ciwqs,,,272716,Wilseyville WWTP,Calaveras,,,,,,,,,,,,PRESENT,,,,,,,,,,,,,,,,,,PRESENT,,,,,,,,,,,,,,,,OFFSITE,,,,,,,,,,,,,,,,,,,,PAST,,,,PRESENT,,,,,,,,,,,,,,,,,,,,PRESENT,,,
Clean Watershed Needs Survey,1175561,Colusa WWTP,215225,City of Colusa WWTP,Colusa,,,,PRESENT_AND_FUTURE,,,,PRESENT_AND_FUTURE,,,,,,,,,,PRESENT_AND_FUTURE,,,PRESENT,,,,PRESENT_AND_FUTURE,,,,,,,,,,,,,,,,,,,,,,,,,,,,,,,,,,,PRESENT,,,,,,PRESENT,,,,PRESENT_AND_FUTURE,,,,,,,,,,,,,,,,,,,,,,,
ciwqs,1175561,Colusa WWTP,215225,City of Colusa WWTP,Colusa,,,,,,,,PRESENT,,,,FUTURE,,,,,,PRESENT,PRESENT_AND_FUTURE,,,,PRESENT_AND_FUTURE,,PRESENT,,,,PRESENT_AND_FUTURE,,,,,,,PRESENT,,,,,,,,,,PRESENT,PRESENT_AND_FUTURE,,,,,,,PRESENT_AND_FUTURE,,,,,,,,,,,,PRESENT_AND_FUTURE,PRESENT_AND_FUTURE,,,,,,,,,,PRESENT_AND_FUTURE,,,PRESENT_AND_FUTURE,PRESENT_AND_FUTURE,,,,,,,,,PRESENT_AND_FUTURE,,PRESENT_AND_FUTURE,
Clean Watershed Needs Survey,1175584,Maxwell WWTP,239874,Maxwell PUD WWTF,Colusa,,,,PRESENT,,,,,,,,,,,,,,PRESENT,,,PRESENT,,,,,,,,,,,,,,,,,,,,,,,,,,,,,,,,,,,,,,,,,,,,,,,,,PRESENT,,,,,PRESENT_AND_FUTURE,,,,,,,,,,,,,,,,,,
ciwqs,1175584,Maxwell WWTP,239874,Maxwell PUD WWTF,Colusa,,,,PRESENT,,,,,,,,,,,,,,PRESENT,,,PRESENT,PRESENT,,,FUTURE,,,,,,,,,,,,,,,,,,,,,,,,,,,,,,,,,,,,,,,,,,,,,PRESENT,,,,,,,,,,,,PRESENT,,PRESENT,PRESENT,,,,,PRESENT,,,
Clean Watershed Needs Survey,1238815,Williams WWTF,272631,Williams WWTP,Colusa,,,,PRESENT,PRESENT,,,,,,,,,,,,,PRESENT,,,PRESENT,,,,PRESENT_AND_FUTURE,,,,,,PRESENT_AND_FUTURE,,,,,,,,,,,,,,,,,,,,,,,,,,,,,,,,,,,PRESENT,,,,,,,,,,,,,,,,,,,,,,,,,,,
ciwqs,1238815,Williams WWTF,272631,Williams WWTP,Colusa,,,,PRESENT,,,,,,,,,,,,,,PRESENT,PAST,,,PRESENT,PRESENT,,PRESENT,,,,PRESENT,,,,,,,PAST,,,PRESENT,,,,,,,PRESENT,PRESENT,,,,,,,PRESENT_AND_FUTURE,,,,,PRESENT,,,,,,,PRESENT,PRESENT,,,PRESENT,,,,,,,PRESENT,,,,PAST,,,,FUTURE,,PRESENT,,,PRESENT,,PRESENT_AND_FUTURE,
Clean Watershed Needs Survey,1238816,Brentwood WWTP,210322,Brentwood WWTP,Contra Costa,,,,PRESENT,,,,PRESENT,,,,PRESENT,,,,,,,,PRESENT,PRESENT_AND_FUTURE,,,,PRESENT,,,,PRESENT,,,,,,,,,,PRESENT,,,,,,,,,,,,,,,,,,,,,PRESENT,,,,,,PRESENT,,,,PRESENT,,,,,PRESENT,,,,,,,,,,,,,,,,,,
ciwqs,1238816,Brentwood WWTP,210322,Brentwood WWTP,Contra Costa,,,,,,,,FUTURE,,,,,,FUTURE,,,,PRESENT,,,,PRESENT,PRESENT,,FUTURE,,,,,,PRESENT,,,,,,,,PRESENT,,,,,,,PRESENT,PRESENT,,,,,,,,,PRESENT,,,PRESENT,,,,,,,PRESENT,PRESENT,,,,,FUTURE,,,,,,,,PRESENT,,,,,,,,,,PRESENT,,PRESENT,
Clean Watershed Needs Survey,1175746,BYRON SAN DIS WWTF,210972,Byron Sanitary District WWTF,Contra Costa,,,,,,,,,,,,,,,,,,,,,,,,,PRESENT,,,,,,,,,,,,,,,,,,,,,,,,,,,,,,,,,,,PRESENT,,,,,,PRESENT,,,,PRESENT,,,,,,,,,,,,,,,,,,,,,,,
ciwqs,1175746,BYRON SAN DIS WWTF,210972,Byron Sanitary District WWTF,Contra Costa,,,,,,,,PRESENT,,,,,,,,,,,,,,,,,,,,,,PRESENT,,,,,,,,,,,,,,,,,,,,,,,,,,,,,,PRESENT,,,,,,PRESENT,,,PRESENT,,,,,,,,,,,,,,,,,,,,,,,,
Clean Watershed Needs Survey,1175283,Central Contra Costa WWTF,213875,Central Contra Costa SD WWTP,Contra Costa,,,,,,PRESENT,,PRESENT,,,,,,,,,,PRESENT,PRESENT,,PRESENT,PRESENT,,,,,,,,,,,,,,,PRESENT,,PRESENT,PRESENT,,,PRESENT,PRESENT,,,,,,,,,PRESENT,,,,,,,PRESENT_AND_FUTURE,,,,,,PRESENT_AND_FUTURE,PRESENT_AND_FUTURE,,,,,,,PRESENT,PRESENT,,,,,PRESENT,,,,,PRESENT_AND_FUTURE,,,,,,,,
ciwqs,1175283,Central Contra Costa WWTF,213875,Central Contra Costa SD WWTP,Contra Costa,,,,,,,,,,,,,,PRESENT,,,,PRESENT,,,,,,,,,,,PRESENT,,,,,,,,PRESENT,,PRESENT,,,PRESENT,,,,PRESENT,PRESENT,,,,,,PRESENT,,,,,,,PRESENT,,,,,,PRESENT,PRESENT,,,,,,,PRESENT,,,PRESENT,,,PRESENT,,,,,,,,,PRESENT,,,,
Clean Watershed Needs Survey,1175354,Pinole-Hercules Water Pollution Control Plant,217831,City of Pinole WWTP,Contra Costa,,,,,,,,PRESENT,,,,,,PRESENT,,,,PRESENT,,,PRESENT,PRESENT,,,,,,,,,,,,,,,PRESENT,,PRESENT,,,,,,,,,,,,,,PRESENT,,,,,,,PRESENT,,,,,,,,,,,,,,PRESENT,,,,,,PRESENT,,,,,,,,,,,,,
ciwqs,1175354,Pinole-Hercules Water Pollution Control Plant,217831,City of Pinole WWTP,Contra Costa,,,,,,,,PRESENT,,,,,,PRESENT,,,,PRESENT,,,,PRESENT,PRESENT_AND_FUTURE,,,,,,,,,,,,,,,,PRESENT,,,,,,PRESENT_AND_FUTURE,PRESENT,,,,,,,,PRESENT_AND_FUTURE,,,,,,PRESENT,,,,,,PRESENT,PRESENT_AND_FUTURE,,,,,,,PRESENT,,,,,,PRESENT,,,,,PRESENT,,,,,,,PRESENT,
Clean Watershed Needs Survey,3607877,Town of Discovery Bay (Plant 2),220315,Discovery Bay WWTP,Contra Costa,,,,,,,,,,,,,,,,,,,,,,,,,,,,,,,,,,,,,,,,,,,,,,,,,,,,,,,,,,,,,,,,,,,,,,,,,,,,,,,,,,,,,,,,,,,,,
ciwqs,3607877,Town of Discovery Bay (Plant 2),220315,Discovery Bay WWTP,Contra Costa,,,,,PRESENT,,,,,,,PRESENT,,,,,,,,,,,PRESENT,,PRESENT,,,,PRESENT,,,,,,,,,,,,,,,,,PRESENT,PRESENT,,,,,,,PRESENT,,PRESENT,,,,,,,,,,PRESENT,PRESENT,,,,,,,,,,PRESENT,,,PRESENT,,,,,,,,,,PRESENT,,PRESENT,
ciwqs,,,223236,East Brother Light StationWWTP,Contra Costa,,,,,,,,,,,,,,,,,,,,,,,,,,,,,,,,,,,,,,,,,,,,,,,PRESENT,,,,,,,,,,,,,PRESENT,,,,,,,,,PRESENT,,,,,,,,PRESENT,,,,,,,,,,PRESENT,,,,,,
Clean Watershed Needs Survey,3521216,Ironhouse WRF,232656,Ironhouse WWTF,Contra Costa,,,,,,,,,,,,,,,,,,,,,,,,,,,,,,,,,,,,,,,,,,,,,,,,,,,,,,,,,,,,,,,,,,,,,,,,,,,,,,,,,,,,,,,,,,,,,
ciwqs,3521216,Ironhouse WRF,232656,Ironhouse WWTF,Contra Costa,,,,PRESENT,,,,,,,,,,,,,,PRESENT,,,,,PRESENT_AND_FUTURE,,,,,,,,,,,,,,,,PRESENT,,,,,,,PRESENT,,,PRESENT,,,,,PRESENT_AND_FUTURE,,,,,PRESENT,,,,,,,PRESENT,,,,,,,,,,,PRESENT_AND_FUTURE,,,PRESENT_AND_FUTURE,,,,,,,,,,PRESENT,FUTURE,PRESENT_AND_FUTURE,
ciwqs,,,256695,Martinez Refining Company WWTP,Contra Costa,,,PRESENT,PRESENT,,,,,,,,,,,,,PRESENT,,,,,,,,,,,,PRESENT,,,,,,,,PRESENT,,,,,,,,,,,,,,,,,,,,,,,,,,,,,,,,,,,,,PRESENT,,,,,,PRESENT,,PRESENT,,,,,,,,PRESENT,,,
Clean Watershed Needs Survey,1175282,MOUNTAIN VIEW WWTF,241815,Mt. View Sanitary District WWTP,Contra Costa,,,,,,,,PRESENT,,,,,,,,,,PRESENT,,PRESENT,PRESENT,,,,PRESENT,,,,,,,,,,,,,,,,,,,,,PRESENT,,,,,,,,,,,,,,PRESENT,,,,,,PRESENT,,,,,,,,PRESENT,PRESENT,,,,,,,,,,,,,,,,,,
ciwqs,1175282,MOUNTAIN VIEW WWTF,241815,Mt. View Sanitary District WWTP,Contra Costa,,,,,,,,PRESENT,,,,PRESENT,,PRESENT,,,,,,,,,,,PRESENT,,,,,,,,,,,,,,,,,,,,,PRESENT,PRESENT,,,,,,,PRESENT,,,,,,PRESENT,,,,,,PRESENT,PRESENT,,,,,,,PRESENT,PRESENT,,PRESENT,,,,,,,,,,,,,PRESENT,,PRESENT,PRESENT
Clean Watershed Needs Survey,1175279,Port Costa WWTF,248886,Port Costa WWTP,Contra Costa,,,,,,,,PRESENT,,,,,,,,,,PRESENT,,,PRESENT,,,,,,,,,,,,,,,,,,,,,,,,,,,,,,,,,,,,,,,PRESENT,,,,,,,,,,,,,,,PRESENT,,,,,,,,,,,,,,,,,,
ciwqs,1175279,Port Costa WWTF,248886,Port Costa WWTP,Contra Costa,,,,,,,,,,,,,,,,,,PRESENT,,,,PRESENT,,,,,,,PRESENT,,,,,,,,,,,,,,,,,,PRESENT,,,,,,,,,,,,,PRESENT,,,,,,PRESENT,PRESENT,,PRESENT,,,,,,,,,,,,FUTURE,,,,FUTURE,,,,,,,,
Clean Watershed Needs Survey,1175324,RODEO WWTF,253174,Rodeo Sanitary District WWTP,Contra Costa,,,,,,,,PRESENT,,,,,,,,,,PRESENT,,,PRESENT,,,,PRESENT,,,,,,,,,,,,,,PRESENT,,,,,,,,,,,,,,,,,,,,,PRESENT,,,,,,,,,,,,,,PRESENT,,,,,,PRESENT,,,,,,,,,,,,,
ciwqs,1175324,RODEO WWTF,253174,Rodeo Sanitary District WWTP,Contra Costa,,,,,,,,PRESENT,,,,,,PRESENT,,,,PRESENT,,,PRESENT,PRESENT,,,PRESENT,,,,,,,,,,,,,,PRESENT,,,,,,,PRESENT,,,,,,,,,,,,,,PRESENT,,,,,,PRESENT,PRESENT,,,,,,,PRESENT,,,,,,PRESENT,,,,,PRESENT,,,,,,,,
ciwqs,,,269601,USS-UPI LLC - NPDES/SUB15,Contra Costa,,,,,,,,,,,,,,,,,PRESENT,,,,,,,,,,,,,,,,,,,,,,,,,,PRESENT,,,PRESENT,,,,,,,PRESENT,,,,,,,PRESENT,,PRESENT,,,,,,,,,,,,,,,,,,,,PRESENT,,,,,,,,,,,
Clean Watershed Needs Survey,1175314,West County Plant,215234,West County Agency Outfall,Contra Costa,,,,,,,,PRESENT,,,,PRESENT_AND_FUTURE,,PRESENT,,,,,,PRESENT,,PRESENT,,,PRESENT_AND_FUTURE,,,,PRESENT_AND_FUTURE,,,,,,,,PRESENT_AND_FUTURE,,PRESENT_AND_FUTURE,,,,,,,,,,,,,,,,,,,,,PRESENT_AND_FUTURE,,,,,,PRESENT_AND_FUTURE,,,,,,,,PRESENT_AND_FUTURE,PRESENT_AND_FUTURE,,,,,PRESENT_AND_FUTURE,PRESENT,,,,,,,,,PRESENT,,,
ciwqs,1175314,West County Plant,215234,West County Agency Outfall,Contra Costa,PRESENT,,,,,,,PRESENT,,,,,,FUTURE,,,,PRESENT,,FUTURE,FUTURE,OFFSITE,PRESENT,,PRESENT_AND_FUTURE,,,,PRESENT,PRESENT,,,,,,,OFFSITE,,PRESENT,FUTURE,,,,,PRESENT,PRESENT,OFFSITE,,,,,,,PRESENT,,,,,,PRESENT,,,,,,PRESENT,PRESENT,,,,,,,FUTURE,,,,,,OFFSITE,,,,,,,,,,,,PRESENT,
ciwqs,,,833707,CDOT Collier Tunnel Rest Area,Del Norte,,,,,,,,PRESENT,,,,,,,,,,,,,PRESENT,,,,,,,,PRESENT,,,,,,,,,,,,,,,,,,,,,,,,,,,,,,,PRESENT,,,,,,,PRESENT,,PRESENT,,,,,,,,,,,,,,,,,,PRESENT,,,,,,
Clean Watershed Needs Survey,1175206,Crescent City WWTF,216106,Crescent City WWTP,Del Norte,,,,,,,,PRESENT,,,,,,,,,,PRESENT,,,,PRESENT,,,PRESENT,,,,,,,,,,,,,,PRESENT,,,,,,,,,,,,,,,,,,,,,PRESENT,,,,PRESENT,,PRESENT,,,,,,,,PRESENT,,,,,,,,,,,,,,,,,,,
ciwqs,1175206,Crescent City WWTF,216106,Crescent City WWTP,Del Norte,,,,,,,,PRESENT,,,,,,,,,,PRESENT,,,,PRESENT,,,,,,,,,,,,,,,,,PRESENT,,,,,,,PRESENT,,,PRESENT,,,,,PRESENT,,,,,,PRESENT,,,,PRESENT,,PRESENT,PRESENT,,,,,,,PRESENT,,,PRESENT,,,,FUTURE,,,,,,,,,,,PRESENT,
Clean Watershed Needs Survey,1175825,Camino Heights Wastewater Treatment Plant,212899,Camino Heights WWTP,El Dorado,,,,PRESENT,,,,,,,,,,,,,,PRESENT,,,,,,,,,,,,,PRESENT,,,,,,,,,,,,,,,,,,,,,,,,,,,,,,,,,,,PRESENT,,,,PRESENT,,,,,,,,,,,,,,,,,,,,,,,
ciwqs,1175825,Camino Heights Wastewater Treatment Plant,212899,Camino Heights WWTP,El Dorado,,,,PRESENT,,,,,,,,,,,,,,PRESENT,,,,,,,,,,,,,,,,,,,,,,,,,,,,,PRESENT,,,,,,,,,,,,,,,,,,,PRESENT,,,,,,,,,,,,,,,,,,,,,,,,,,,
Clean Watershed Needs Survey,1175733,Deer Creek WWTP,219398,Deer Creek WWTP,El Dorado,,,,,,,,PRESENT,,,,PRESENT_AND_FUTURE,,,,,,,,,PRESENT,,,,PRESENT_AND_FUTURE,,,,,,PRESENT_AND_FUTURE,,,,,,,,,,,,,,,,,,,,,,,,,,,,,PRESENT_AND_FUTURE,,,,,,,,,,PRESENT,,,,,PRESENT_AND_FUTURE,,,,,,,,,,,,,,,,,,
ciwqs,1175733,Deer Creek WWTP,219398,Deer Creek WWTP,El Dorado,,,,,PRESENT,,,,,,,,,,,,,PRESENT,,,PRESENT,,PRESENT,,,,,,PRESENT,,,,,,,PRESENT,,,PRESENT,,,PRESENT,PRESENT,,,PRESENT,PRESENT,,,,,,PRESENT,PRESENT,,,,,PRESENT,PRESENT,,,,,,PRESENT,PRESENT,,,,,,,PRESENT,,,PRESENT,,,,,,,,,,PRESENT,,,PRESENT,,PRESENT,
ciwqs,,,227444,Gold Ridge Forest Unit 3,El Dorado,,,,,,,,,,,,,,,,,,,,,,,,,,,,,,,,,,,,,,,,,,,,,,,,,,,,,,,,,,,,PRESENT,,,,,,,,,PRESENT,,,,,,,,,,,,,,,,,,,,,,,,
Clean Watershed Needs Survey,1175773,Hangtown Creek WWTP,229595,Hangtown Creek WRF,El Dorado,,,,,,,,PRESENT_AND_FUTURE,,,,PRESENT_AND_FUTURE,,,,,,PRESENT,,,,PRESENT,,,PRESENT_AND_FUTURE,,,,,,,,,,,,,,,,,,,,,,,,,,,,,,,,,,,PRESENT_AND_FUTURE,,,,,,PRESENT,,,,,,,,,PRESENT_AND_FUTURE,,,,,PRESENT_AND_FUTURE,,,,,,,,,,PRESENT,,,
ciwqs,1175773,Hangtown Creek WWTP,229595,Hangtown Creek WRF,El Dorado,,,,,PRESENT,,,PRESENT,,,,,,,,,,PRESENT,,,,PRESENT,PRESENT,,,,,,PRESENT,,,,,,,,,,FUTURE,,,,,,PRESENT,PRESENT,PRESENT,,,,,,,PRESENT,,,,,,PRESENT,,,,,,PRESENT,PRESENT,,,,,,,PRESENT_AND_FUTURE,,,PRESENT_AND_FUTURE,,,PRESENT,,PRESENT,,,,,,,,FUTURE,,PRESENT,
ciwqs,,,641209,Union Mine Disposal Site,El Dorado,,,,,PRESENT,,,,,,,,,PRESENT,,,,PRESENT,,,,,,,,,,,,,,,,,,,,,,,,,,,,PRESENT,,,,,,,,,,,,,,,,,,,,PRESENT,,,,,,,,,,,,,,,,,,,,,,,,,,,
ciwqs,,,209509,Big Creek Powerhouse No 1 WWTF,Fresno,,,,,,PRESENT,,PRESENT,,,,,,,,PRESENT,PRESENT,PAST,PRESENT,,,PAST,,,,,,,,,,,,,,PRESENT,,,PRESENT,,,,,,,PRESENT,,,PRESENT,,,,PRESENT,,,,,,,PRESENT,,,,,,PRESENT,PRESENT,,FUTURE,,,,,,,,PRESENT,,PRESENT,PRESENT,,,,,,,PRESENT,,,PRESENT,,PRESENT,
ciwqs,,,214899,Clovis WWTF,Fresno,,,,,PRESENT,,,,,,PRESENT,,,PRESENT,,,,,,,,,PRESENT,,,,,,,,,,,,,,,,PRESENT,,,,,,,PRESENT,,,,PRESENT,,,,PRESENT,,,,,,,,,,,,PRESENT,,,,,,,,,,,PRESENT,,PRESENT,PRESENT,,,,PRESENT,,,,,,,PRESENT,PRESENT,PRESENT
ciwqs,,,214957,Coalinga State Hospital WWTF,Fresno,,,,PRESENT,,,,,,,,,,,,,,PRESENT,,,PRESENT,,,,,,,,,,,,,,,,,,,,,,,,,,,,,,,,,,,,,,,,,,,,,PRESENT,,,,,,,,,,,,,,,,,,,,,,,,PRESENT,,,
ciwqs,,,835076,EZ Trip 1277,Fresno,,,,,,,,,,,,,,,,,,,,,,,,,,,,,,,,,,,,,,,,,,,,,,,PRESENT,,PRESENT,,,,,,,,,,,,,,,,,,,,PRESENT,,,,,,,,,,,PRESENT,,,,,PRESENT,,PRESENT,,,,,,PRESENT
ciwqs,,,273114,Firebaugh WWTF,Fresno,,,,PRESENT,,,,,,,,,,,,,,,,,,,FUTURE,,PRESENT,,,,,PRESENT,,,,,,,,,,,,,,,,,PRESENT,,,,,,,FUTURE,,,,PRESENT,,,,,,,,PRESENT,FUTURE,,,,,,,,,,,,,PRESENT,,,,,,,,,,FUTURE,,PRESENT,
ciwqs,,,224827,Foothill Elementary School WWTF,Fresno,,,,,,,,,,,,,,,,,,PAST,,,PRESENT,,,,,,,,,PRESENT,,,,,,,,,,,,,,,,,,,,,,,,,,,,,,,,,,,,PRESENT,,,,PRESENT,,,,,,,,,,,,,,,,,,,,,,,
ciwqs,,,201073,Fresno Cnty #30-El Porvenir WWTF,Fresno,,,,PRESENT,,,,,,,,,,,,,,,,,,,,,,,,,,PRESENT,,,,,,,,,,,,,,,,,,,,,,,,,,,,,,PRESENT,,,,,,,,,,,,,,,,,,,,,,,,,,,,,,,,,
ciwqs,,,201075,Fresno Cnty #32-Cantua Creek WWTF,Fresno,,,,PRESENT,,,,,,,,,,,,,,,,,PAST,,,,,,,,,,,,,,,,,,,,,,,,,,,,,,,,,,,,,,,,,,,,,FUTURE,,,,,,,,,,,,,,,,,,,,,,,,PRESENT,,,
ciwqs,,,201076,Fresno Cnty #34-Millerton New Town WWTF,Fresno,,,,,FUTURE,,,,,,,,,FUTURE,,,,FUTURE,FUTURE,,,,,,,,,,FUTURE,PRESENT,,,,,,FUTURE,,,,,,,,,,FUTURE,PRESENT,,,,,,,,,,,,,,,,,,,FUTURE,,,PRESENT,,,,,FUTURE,FUTURE,,,,,,FUTURE,,,,,,,,,,,,
ciwqs,,,201081,Fresno Cnty #44-D Monte Verdi Estates WWTF,Fresno,,,,,PRESENT,,,,,,,,,,,,,PRESENT,,,,,,,,,,,,,,,,,,,,,,,,,,,,,,,PRESENT,,,,,,,,,,,,,,,,PAST,PRESENT,,,,,,,,,,,,,,,,,,,,,,,,,,,
ciwqs,,,201082,Fresno Cnty #44A-Millerton Lake MHV WWTF,Fresno,,,,,,,,PRESENT,,,,,,,,,,PRESENT,,,,,,,,,,,,PRESENT,,,,,,,,,,,,,,,,,,,,,,,,,,,,,,,,,,,,,,,,,,,,,,,,,,PRESENT,,,,,,,,,,,,,
ciwqs,,,234146,Fresno Cnty Juvenile Justice WWTF,Fresno,,,,,PRESENT,,,,,,,,,,,,,PRESENT,PRESENT,,,,,,,,,,PRESENT,,,,,,,PRESENT,,,,,,,,,,FUTURE,PRESENT,,,,,,,PRESENT,,,,,,PRESENT,,,,,,PRESENT,PRESENT,,,,,,,,PRESENT,,,,,,PRESENT,,,,,,,,,PRESENT,,PRESENT,
Clean Watershed Needs Survey,1175571,Fresno-Clovis Regional WRF,273115,Fresno Regional WWTF,Fresno,,,,,,,,PRESENT,,,,,,PRESENT,,,,FUTURE,,PRESENT,,,,,PRESENT,,,,,,PRESENT_AND_FUTURE,,,,,,PRESENT,,PRESENT,,,,,,,,,,,,,,,,,,,,,PRESENT,,,,,,PRESENT,PRESENT_AND_FUTURE,,,PRESENT,PRESENT_AND_FUTURE,,,PRESENT,PRESENT,,,,,,,,,,,,,,,,,,
ciwqs,1175571,Fresno-Clovis Regional WRF,273115,Fresno Regional WWTF,Fresno,,,,,,,,PRESENT,,,,,,,,,,,,,,,,,,,,,,,,,,,,,,,PRESENT,,,,,,,,,,PRESENT,,,,,,,,,,,PRESENT,,,,,,PRESENT,PRESENT,,,,,,,,PAST,,PRESENT,,,PRESENT,,,,,,,,,,PRESENT,,,
ciwqs,,,227781,Grant Grove WWTF,Fresno,,,,,PRESENT,,,,,,,,,,,,,PRESENT,,,,,,,PRESENT,,,,PRESENT,,,,,,,,,,,,,,,,,,PRESENT,,,,,,,,,,,,,,,,,,,PRESENT,PRESENT,,,,,,,,,,,,,PRESENT,,,,,,,,,,,,,
ciwqs,,,815678,"Greek Orthodox Monestery of the Theotokos, The Life Giving Spring",Fresno,,,,,,,,,,,,,,,,,,,,,,,,,,,,,,,,,,,,,,,,,,,,,,,,,,,,,,,,,,,,,,,,,,,,,PRESENT,,,,,,,,,,,,,,,,,,,,,,,,
ciwqs,,,224179,Harris Farms Farm Labor Housing Facility,Fresno,,,,PRESENT,,,,,,,,,,,,,,,,,,,,,,,,,,PRESENT,,,,,,,,,,,,,,,,,,,,,,,,,,,,,,,,,,,,,,,,,,,,,,,,,,,,,,,,,,,,PRESENT,,,
ciwqs,,,273148,Hume Lake WWTF,Fresno,,,,PRESENT,PRESENT,,,,,,,,,,,,,PRESENT,,,,,,,PRESENT,,,,PRESENT,PRESENT,,,,,,PRESENT,,,,,,,,,,,PRESENT,,,,,,,,,,,,PRESENT,,,,,,PRESENT,PRESENT,,,,,,,,,,,,,,,,,,,,,,,,,,,
Clean Watershed Needs Survey,1175575,HURON WWTF,273119,Huron WWTF,Fresno,,,,,,,,,,,,,,,,,,,,,PRESENT,,,,,,,,,,,,,,,,,,,,,,,,,,,,,,,,,,,,,,,,,,,,,,,,,,,,,,,,,,,,,,,,,,,,,PRESENT,,,
ciwqs,1175575,HURON WWTF,273119,Huron WWTF,Fresno,,,,PRESENT,,,,,,,,PRESENT,,,,,,,,,,,,,PRESENT,,,,,,,,,,,,,,,,,,,,,,,,,,,,,PRESENT,,,,,,,,,,,,,,,,,,,,,,,,,,,,,,,,,,,,PRESENT,,PRESENT,
ciwqs,,,232098,I-5 & Panoche Road WWTF,Fresno,,,,,,,,,,,,,,,,,,,,,,,,,,,,,PRESENT,PRESENT,,,,,,,,,,,,,,,,,,,,,,,,,,,,,,,,,,,,PRESENT,,,,,,,,,PRESENT,,,,,PAST,,PAST,,,,,,,,,,,
Clean Watershed Needs Survey,1175534,KERMAN WWTF,234841,Kerman WWTF,Fresno,,,,,PRESENT,,,,,,,,,,,,,,,,PRESENT,,,,PRESENT_AND_FUTURE,,,,,,,,,,,,,,,,,,,,,,,,,,,,,,,,,,,PRESENT_AND_FUTURE,,,,,,PRESENT,,,,,,,,,,,,,,PRESENT_AND_FUTURE,,,,,,,,,,,,,
ciwqs,1175534,KERMAN WWTF,234841,Kerman WWTF,Fresno,,,,PRESENT,FUTURE,,,,,,,,,,,,,,,,,,FUTURE,,FUTURE,,,,FUTURE,,FUTURE,,,,,,,,,,,,,,,,,,,,,,,,,,,,,,,,,,,,,,,,,,,,,,,,,,,FUTURE,,,,,,,,PRESENT,,,
ciwqs,,,273175,Laton WWTF,Fresno,,,,,,,,,,,,,,,,,,,,,PRESENT,,,,PRESENT,,,,PRESENT,PRESENT,,,,,,,,,,,,,,,,,,,,,,,,,,,,,,,,,,,,,PRESENT,,,,,,,,,,,,,PRESENT,,,,,,,,,,,,,
Clean Watershed Needs Survey,1175794,Malaga WWTF,273180,Malaga CWD WWTF,Fresno,,,,,,,,PRESENT,,,,,,,,,,,,,,,,,PRESENT,,,,,,PRESENT,,,,,,,,PRESENT,,,,,,,,,,,,,,,,,,,,,PRESENT,,,,,,PRESENT,,,,,,,,,,,,,,,,,,,,,,,,,,,
ciwqs,1175794,Malaga WWTF,273180,Malaga CWD WWTF,Fresno,,,,,PRESENT,,,,,,,,,,,,,PRESENT,,,,PRESENT,,,PRESENT,,,,,,,,,,,PRESENT,PRESENT,,PRESENT,,,,,,,PRESENT,PRESENT,,,,,,,,,,,,,PRESENT,,,,,,PRESENT,PRESENT,,,,,,,PRESENT,,,PRESENT_AND_FUTURE,,,PRESENT,PAST,,,,,,,,,PRESENT,,,
ciwqs,,,273126,Mendota WWTF,Fresno,,,,,,,,,,,,PRESENT,,,,,,,,,,,,,,,,,,PRESENT,,,,,,,,,,,,,,,,,,,,,,,,,,,,,,,,,,,,,,,,,,,,,,,,,,,,,,,,,,,,PRESENT,,,
ciwqs,,,240826,Millerton Lake State Rec Area,Fresno,,,,,,,,,,,,,,,,,,,,,,,,,,,,,,PRESENT,,,,,,,,,,,,,,,,,,,,,,,,,,,,,,PRESENT,,,,,,,,,PRESENT,,,,,,,,,,,,,,,,,,,,,,,,
ciwqs,,,240892,Mira Bella WWTF,Fresno,,,,,,,,,,,,,,,,,,,,,,,,,,,,,,,,,,,,,,,,,,,,,,,,,,,,,,,,,,,,PRESENT,,,,,,,,,PRESENT,,,,,,,,,,,,,,,,,,,,,,,,
ciwqs,,,215677,North Fresno WWRF,Fresno,,,,,,,,,,,,,,,,,,PAST,PRESENT,,,,PRESENT,,,,,,PRESENT,,,,,,,,,,,,,,,,,,PRESENT,,,,,,,PRESENT,,,,,,,,,,,PRESENT,PRESENT,,,,,,,,,,,PRESENT,,,,PRESENT,,,,,,,,,PRESENT,,,
Clean Watershed Needs Survey,1175543,ORANGE COVE WWTF,273127,Orange Cove WWTF,Fresno,,,,,,,,,,,,,,,,,,,,,,,,,PRESENT,,,,,,,,,,,,,,PRESENT,,,,,,,,,,,,,,,,,,,,,PRESENT,,,,,,PRESENT,,,,,,,,,PRESENT,,,,,,,,,,,,,,,PRESENT,,,
ciwqs,1175543,ORANGE COVE WWTF,273127,Orange Cove WWTF,Fresno,,,,PRESENT,FUTURE,,,,,,,,,,,,,PRESENT,,,,,FUTURE,,FUTURE,,,,,PRESENT,,,,,,PRESENT,,,,,,,,,,,PRESENT,,,,,,,FUTURE,,,,,,,,,,,,PRESENT,PRESENT,,,,,,,,,,,,,,,,,,,,,,,PRESENT,,FUTURE,
ciwqs,,,248717,Pleasant Valley State Prison WWTF,Fresno,,,,FUTURE,,,,,,,,,,,,,,FUTURE,FUTURE,,,,,,,,,,,,,,,,,FUTURE,FUTURE,,,,,,,,,FUTURE,FUTURE,,,,,,,,,,,,,,,,,,,OFFSITE,,,,,,,,FUTURE,,,,,,,FUTURE,,,,,,,,,,,,
Clean Watershed Needs Survey,1175730,REEDLEY WWTP,273131,Reedley WWTF,Fresno,,,,,PRESENT,,,,,,,,,,,,,PRESENT,,,,PRESENT,,,PRESENT,,,,,,,,,,,,,,PRESENT,,,,,,,,,,,,,,,,,PRESENT,,,,PRESENT,,,,,,PRESENT,,,,,,,,,PRESENT,,,,,,,,,,,,,,,PRESENT,,,
ciwqs,1175730,REEDLEY WWTP,273131,Reedley WWTF,Fresno,,,,,,,,,,,,PRESENT,,PRESENT,,,,,,,,,PRESENT,,PRESENT,,,,,,,,,,,,,,,,,,,,,PRESENT,,,,,,,,PRESENT,,PRESENT,,,,,,,,,,,PRESENT,,,,,,,,,,,,OFFSITE,PRESENT,,,,,,,,,,PRESENT,,PRESENT,
ciwqs,,,273185,Riverdale WWTF,Fresno,,,,,,,,,,,,PRESENT,,,,,,,,,PRESENT,,,,,,,,,PRESENT,,,,,,,,,,,,,,,,,,,,,,,,,PRESENT,,,,,,,,,,,FUTURE,PRESENT,,,,,,,,PAST,,,,,FUTURE,,,,,,,,,,PRESENT,,,
ciwqs,,,273132,San Joaquin WWTF,Fresno,,,,,,,,,,,,PRESENT,,,,,,,,,,,,,PRESENT,,,,,PRESENT,,,,,,,,,,,,,,,,,,,,,,,,,,,,,,,,,,,,OFFSITE,,,,,,,,,,,,,,PRESENT,,PRESENT,,,,,,,,PRESENT,,,
ciwqs,,,273133,Sanger WWTF,Fresno,,,,,,,,PRESENT,,,,,,PRESENT,,,,,,,,,,,PRESENT,,,,,,,,,,,,,,PRESENT,,,,,,,PRESENT,,,,,,,,,,,,,,PRESENT,,,,,,PRESENT,PRESENT,,,,,,,PRESENT,,,,,,PRESENT,,,,,PAST,,,,,OFFSITE,,,
ciwqs,,,273188,Sierra High School WWTF,Fresno,,,,,,,,,,,,,,,,,,,,,PRESENT,,,,,,,,,PRESENT,,,,,,,,,,,,,,,,,,,,,,,,,,,,,,,,,,,,PRESENT,PRESENT,,,,,,,,,,,,,PRESENT,,,,,,,,,,,,,
ciwqs,,,273195,Tranquillity WWTF,Fresno,,,,,,,,,,,,,,,,,,,,,,,,,,,,,,,,,,,,,,,,,,,,,,,,,,,,,,,,,,,,,,,,,,,,,,PRESENT,,,,,,,,,,,,,,,,,,,,PRESENT,,,
Clean Watershed Needs Survey,1175556,WILLOWS WWTF,272704,Willows WWTP,Glenn,,,,PRESENT_AND_FUTURE,,,,,,,,,,,,,,,,,,,,,,,,,,,,,,,,,,,,,,,,,,,,,,,,,,,,,,,,,,,,,,PRESENT_AND_FUTURE,,,,PRESENT_AND_FUTURE,,,,,,,,,,,,,,,,,,,,,,,
ciwqs,1175556,WILLOWS WWTF,272704,Willows WWTP,Glenn,,,,PAST,,,,,,,,PRESENT_AND_FUTURE,,,,,,PRESENT_AND_FUTURE,,,PRESENT,PRESENT_AND_FUTURE,,,PRESENT,,,,PRESENT_AND_FUTURE,PRESENT,PRESENT_AND_FUTURE,,,,,,,,,,,,,,,,PRESENT_AND_FUTURE,,,,,,,,,,,,,,,,,,,PRESENT_AND_FUTURE,PRESENT_AND_FUTURE,,,PRESENT,,,,,,,,,,PRESENT,,,,,PRESENT,,,,,PRESENT_AND_FUTURE,,,
Clean Watershed Needs Survey,1175174,BLUE LAKE WWTF,209801,Blue Lake City POTW,Humboldt,,,,PRESENT,,,,PRESENT,,,,,,,,,,,,,,PRESENT,,,PRESENT,,,,,,,,,,,,,,,,,,,,,,,,,,,,,,,,,,,,,,,,,PRESENT,,,PRESENT,PRESENT,,,,,,,,,,,,PRESENT,,,,,,,,,,,
ciwqs,1175174,BLUE LAKE WWTF,209801,Blue Lake City POTW,Humboldt,,,,,,,,,,,,,,,,,,PRESENT,,,PRESENT,,,,,,,,,,,,,,,,,,,,,,,,,PRESENT,PRESENT,,,,,,,,,,,,,,,,,,,PRESENT,PRESENT,,,PRESENT,,,,,,,,,,,,,,,,,,,,PRESENT,,,
ciwqs,,,215141,"College of the Redwoods, POTW",Humboldt,,,,,,,,,,,,,,,,,,,,,,,PRESENT,,,,,,PRESENT,,,,,,,,,,,,,,,,,,,,,,,,,PRESENT,,,,,,PRESENT,,,,,,,,,PRESENT,,,,,,PRESENT,,,,,PRESENT,,,,,,,,,,,,PRESENT,
Clean Watershed Needs Survey,1175180,ELK RIVER WWTF,223010,Eureka City Elk River WWTP,Humboldt,,,,,,,,PRESENT,,,,,,,,,,PRESENT,,PRESENT,PRESENT,PRESENT,,,,,,,PRESENT,,,,,,,,,,PRESENT,,,,PRESENT,,,,,,,,,,,,,,,,PRESENT,PRESENT,,,,PRESENT,,PRESENT,,,,PRESENT,,,,,,,,,,,,,PRESENT,,,,,,,,,,
ciwqs,1175180,ELK RIVER WWTF,223010,Eureka City Elk River WWTP,Humboldt,,,,,,,,PRESENT,,,,PRESENT,,PRESENT,,,,PRESENT,,,,PRESENT,,,,,,,PRESENT,,,,,,,,,,PRESENT,,,,,,,PRESENT,,,,,,,,,,,,,,PRESENT,,,,,,PRESENT,PRESENT,,,,,,,,PRESENT,,,,,,,,,,,,,,,PRESENT,,,PRESENT
Clean Watershed Needs Survey,1175175,Ferndale WWTF,224348,Ferndale City POTW,Humboldt,,,,PRESENT,,,,,,,,,,,,,,PRESENT,,,PRESENT,,,,,,,,,,,,,,,,,,PRESENT,,,,,,,,,,,,,,,,,,,,,,,,,,,PRESENT,,,,,,,,,,,,,,,,,,,,,,,,PRESENT,,,
ciwqs,1175175,Ferndale WWTF,224348,Ferndale City POTW,Humboldt,,,,PRESENT,PRESENT_AND_FUTURE,,,PRESENT,,PRESENT,,,,,,,,PRESENT,,,PRESENT,PRESENT,PRESENT_AND_FUTURE,,,,,,PRESENT_AND_FUTURE,,FUTURE,,,,,,,,,,,,,,,PRESENT_AND_FUTURE,FUTURE,,,,,,,PRESENT_AND_FUTURE,,,,,,,,,,,,PRESENT_AND_FUTURE,PRESENT_AND_FUTURE,,,,,,,,,,PRESENT_AND_FUTURE,,,PRESENT_AND_FUTURE,,,,,,,PRESENT,,,PRESENT,,PRESENT_AND_FUTURE,
Clean Watershed Needs Survey,1175182,GARBERVILLE WWTF,226719,Garberville POTW,Humboldt,,,,PRESENT,,,,,,,,,,,,,,PRESENT,,,PRESENT,,,,,,,,,,,,,,,,,,,,,,,,,,,,,,,,,,,,,,,,,,,,,PRESENT,,,,PRESENT,,,,,,,,,,,,,,,,,,,,PRESENT,,,
ciwqs,1175182,GARBERVILLE WWTF,226719,Garberville POTW,Humboldt,,,,PRESENT,PRESENT,,,PRESENT,,PRESENT,,,,,,,,PRESENT,,,,,,,,,,,,,,,PRESENT,,,,,,,,,,,,,,,,,,,,,,,,,,,,,,,,,,,,,PRESENT,,,,,,,,,,,,,,,,,,,,PRESENT,,,PRESENT
Clean Watershed Needs Survey,1175228,LOLETA WWTF,237295,Loleta WWTF,Humboldt,,,,,,,,PRESENT,,,,,,,,,,PRESENT,,,PRESENT,PRESENT,,,PRESENT,,,,,,PRESENT,,,,,,,,,,,,,,,,,,,,,,,,,,,,,,,,,,,PRESENT,,,,,,,,,,,,,,,,,,,,,,,,,,,
ciwqs,1175228,LOLETA WWTF,237295,Loleta WWTF,Humboldt,,,,,,,,,,,,,,,,,,PRESENT,,,,,,,,,,,,,,,,,,,,,,,,,,,,OFFSITE,,,,,,,PRESENT,,,,,,,,,,,,,PRESENT,PRESENT,,,,,,,PRESENT,,,,,,PRESENT,,PRESENT,,,,,,,,,,,
ciwqs,,,239317,Manila CSD WWTP,Humboldt,,,,,,,,,,,,,,,,,,,,,PRESENT,,,,,,,,,,,,,,,,,,PRESENT,,,,,,,,,,,,,,,,,,,,,PRESENT,,,,,,,,,PRESENT,,,,,,,,,,,PRESENT,,,,,,,,,,PRESENT,,,PRESENT
Clean Watershed Needs Survey,1175184,MCKINLEYVILLE WWTF,240093,McKinleyville WWTP,Humboldt,,,,,,,,,,,,,,,,,,PRESENT,,,PRESENT,,,,,,,,,,,,,,,,,,PRESENT,,,,,,,,,,,,,,,,,,,,,,,,,,,PRESENT,,,,PRESENT,,,,,,,,,,,,,,,,,,,,PRESENT,,,
ciwqs,1175184,MCKINLEYVILLE WWTF,240093,McKinleyville WWTP,Humboldt,,,,PRESENT,,,,,,,,,,,,,,PRESENT,,,PRESENT,PRESENT,PRESENT,,,,,,,,PRESENT,,,,,PRESENT,,,,,,,,,,FUTURE,,,,,,,,PRESENT,,,,,,PRESENT,,,,,,PRESENT,PRESENT,,,,,,,,,,,,,,,,,,,,,,,PRESENT,,PRESENT,PRESENT
Clean Watershed Needs Survey,1175185,MIRANDA WWTF,240917,Miranda POTW,Humboldt,,,,,,,,,,,,,,,,,,PRESENT,,,,,,,,,,,PRESENT,,,,,,,,,,,,,,,,,,,,,,,,,,,,,,,,,,,,,,,,,PRESENT,,,,,PRESENT,,,,,,,,,,,,,,,,,,
ciwqs,1175185,MIRANDA WWTF,240917,Miranda POTW,Humboldt,,,,,,,,,,,,,,,,,,PRESENT,,,,,,,,,,,,,,,,,,,,,,,,,,,,,PRESENT,,,,,,,,,,,,,,,,,,,,,,PRESENT,,,,,,,,,,,,,,,,,,,,,PRESENT,,,
ciwqs,,,252211,Redway POTW,Humboldt,,,,,,,,FUTURE,,,,,,,,,,PRESENT,,,,PRESENT,,,PRESENT,,,,,,,,,,,,,,PRESENT,,,,,,,,,,,,,,,,,PRESENT,,,,,,,,,,FUTURE,PRESENT,,,,,,,PRESENT,,,,,,PRESENT,,,,,,,,,,PRESENT,,,
Clean Watershed Needs Survey,1175189,RIO DELL WWTF,252750,Rio Dell City WWTF,Humboldt,,,,,PRESENT,,,,,,,,,,,,,PRESENT,,,PRESENT,PRESENT,,,PRESENT,,,,,,,,,,,,,,,,,,,,,,,,,,,,,,,,,,,PRESENT,,,,PRESENT,,,,,,PRESENT,,,,,,,,,,,,,,,,,,,,,,,
ciwqs,1175189,RIO DELL WWTF,252750,Rio Dell City WWTF,Humboldt,,,,,PRESENT,,,,,,,,,,,,,PRESENT,,,,PRESENT,,,PRESENT,,,,,,,,,,,,,,PRESENT,,,,,,,PRESENT,,,,,,,,,,,,,,PRESENT,,,,PRESENT,,PRESENT,PRESENT,,,,,,,PRESENT,,,,,,PRESENT,,,,PRESENT,,,,,,PRESENT,,PRESENT,
ciwqs,,,255165,Samoa Pacific WWTP (Samoa Town Site),Humboldt,,,,,,,,,,,,,,,,,,,,,,,FUTURE,,,,,,FUTURE,,,,,,,,,,,,,,,,,,,,,,,,,,,,,,,,,,,,,,,PRESENT,,,,,,,,,PRESENT,,,FUTURE,,,,,,,PRESENT,,,PAST,,,
Clean Watershed Needs Survey,1175221,Shelter Cove WWTF,256749,Shelter Cove POTW,Humboldt,,,,,,,,PRESENT,,,,,,,,,,PRESENT,,,,,,,,,,,,,,,,,,,,,,,,,,,,,,,,,,,,,,,,,,,,,,,,,,,,PRESENT,,,,,,,,,,PRESENT,,,,,,,,,,,,,
ciwqs,1175221,Shelter Cove WWTF,256749,Shelter Cove POTW,Humboldt,,,,,,,,,,,,,,,,,,PRESENT,PRESENT,,,PRESENT,FUTURE,,PRESENT,,,,,,PRESENT,,,,,,,,,,,,,,,PRESENT,PRESENT,,,,,,,,,PRESENT,,,PRESENT,,,,,,,,PRESENT,,,,,,,,,,,,,PRESENT,,,,,PRESENT,,PRESENT,,,PRESENT,,PRESENT,
ciwqs,,,272009,Weott WWTP,Humboldt,,,,,,,,,,,,,,,,,,,,,,,,,,,,,,,,,,,,,,,,,,,,,,,PRESENT,,,,,,,,,,,,,,,,,,,,,,PRESENT,,,,,,,,,,,,,,,,,,,,,,,,
ciwqs,,,812326,Willow Creek CSD WWTF,Humboldt,,,,,,,,,,,,,,,,,,,,,,,,,,,,,,,,,,,,,,,,,,,,,,,,,,,,,,,,,,,,FUTURE,,,,,,,,,FUTURE,,,,,,FUTURE,,,,,,,,,,,,,,,,,,
ciwqs,,,209999,Bombay Beach STP,Imperial,,,,,,,,,,,,PRESENT,,,,,,,,,,,,,,,,,,PRESENT,,,,,,,,,,,,,,,,,,,,,,,,,,,,,,,,,,,,,,,,PRESENT,,,,,,,,,,PRESENT,,,,,,,,,,PRESENT,,,
Clean Watershed Needs Survey,1175930,Brawley WWTP,210272,Brawley City WWTP,Imperial,,,,PRESENT,,,,PRESENT,,,,,,,,,,PRESENT,,,PRESENT,,,,PRESENT,,,,,,,,,,,,,,PRESENT,,,,,,,,,,,,,,,,,,,,,PRESENT,,,,,,PRESENT,,,,PRESENT,,,,,,,,,,,,,,,,,,,,,,,
ciwqs,1175930,Brawley WWTP,210272,Brawley City WWTP,Imperial,,,,,,,,,,,,,,PRESENT,,,,,,,,,,,PRESENT,,,,,,PRESENT,,,,,,,,PRESENT,,,,,,,PRESENT,,,,,,,,,,,,,,PAST,,,,,,PRESENT,PRESENT,,,,,,,PRESENT,,,PRESENT,,,PRESENT,,,,,,,,,,,,,
ciwqs,,,213850,CA Dept of Corrections Centinela WWTP,Imperial,,,,PRESENT,,,,,,,,PRESENT,,,,,,PRESENT,,,,PRESENT,,,PRESENT,,,,,,,,,,,,,,,,,,,,,,,,,,,,PRESENT,,,,,,,,,,,,,PRESENT,,,,,,,,,,,,,,,,,,,,,,,,PRESENT,,,
ciwqs,,,859673,Calexico Border Patrol Station,Imperial,,,,,,,,,,,FUTURE,,,,,,,PRESENT,,,,,,,,,,,,FUTURE,,,,,,,,,,,,,,,,,,,,,,,FUTURE,,,,,,,PRESENT,,,,,,FUTURE,,,PRESENT,,,,,,FUTURE,,PRESENT,,,,,,,,,,,,,,PRESENT,FUTURE,
Clean Watershed Needs Survey,1175911,CALEXICO WWTF,212589,Calexico City WWTP,Imperial,,,,,,,,PRESENT,,,,,,,,,,PRESENT,,,PRESENT,,,,PRESENT,,,,,,PRESENT,,,,,,,,,,,,,,,,,,,,,,,,,,,,,PRESENT,,,,,,,,,,,,,,,,,,,,,,,,,,,,,,,,,
ciwqs,1175911,CALEXICO WWTF,212589,Calexico City WWTP,Imperial,,,,PRESENT,,,,PRESENT,,,,,,,,,,PAST,,,,,,,PRESENT,,,,,,PRESENT,,,,,,PRESENT,,PRESENT,,,,,,,,,,,,,,,,,,,,,PRESENT,,,,,,PRESENT,PRESENT,,,,,,,PRESENT,,,PRESENT,,,PRESENT,,,,,,,,,,,,,
Clean Watershed Needs Survey,1175913,CALIPATRIA WWTF,212739,Calipatria City WWTP,Imperial,,,,PRESENT,,,,,,,,,,,,,,PRESENT,,,PRESENT,,,,PRESENT,,,,,,,,,,,,,,PRESENT,,,,,,,,,,,,,,,,,,,,,,,,,,,PRESENT,,,,PRESENT,,,,,,,,,,,,,,,,,,,,,,,
ciwqs,1175913,CALIPATRIA WWTF,212739,Calipatria City WWTP,Imperial,,,,PRESENT,,,,,,,,,,,,,,PRESENT,,,OFFSITE,PRESENT,,,,,,,,,,,,,,,,,,,,,,,,,,,,,,,,,,,,,,,,PRESENT,,,,OFFSITE,PRESENT,,,,,,,,,,,,,,,,,,,,,,,,,,
ciwqs,,,215925,Country Life MHPRV Asset Partners LP WWTP,Imperial,,,,,,,,,,,,,,,,,,,,,,,,,PRESENT,,,,,,PRESENT,,,,,,,,,,,,,,,,PRESENT,,,,,,,,,,,,,,,,,,,PRESENT,PRESENT,,,,,,,,,,PRESENT,,,PRESENT,,,,PRESENT,,,,,,,,,
ciwqs,,,219146,Date Gardens MHP WWTP,Imperial,,,,,,,,,,,,,,,,,,,,,,,,,PRESENT,,,,,,,,,,,,,,PRESENT,,,,,,,,PRESENT,,,,,,,,,,,,,,,,,,,PRESENT,PRESENT,,,,,,,,,,PRESENT,,,PRESENT,,,,PRESENT,,,,,,,,,
Clean Watershed Needs Survey,1175909,EL CENTRO WWTF,222407,El Centro City WWTP,Imperial,,,,,,,,PRESENT,,,,,,,,,,PRESENT,,,PRESENT,,,,PRESENT,,,,,,,,,,,,,,PRESENT,,,,,,,,,,,,,,,,,,,,,PRESENT,,,,,,PRESENT,,,,,,,,,,,,,,PRESENT,,,,,,,,,,,,,
ciwqs,1175909,EL CENTRO WWTF,222407,El Centro City WWTP,Imperial,,,,,,,,PRESENT,,,,,,,,,,,PRESENT,,,,,,PRESENT,,,,,,,,,PRESENT,,PRESENT,,,,,,,,,,PRESENT,,,,,,,,,,,,,PRESENT,PRESENT,,,,,,PRESENT,PRESENT,,,,,,,PRESENT,,,PRESENT,,,PRESENT,,,,,,,,,,,,,
Clean Watershed Needs Survey,1238829,HEBER WWTF,229967,Heber PUD WWTP,Imperial,,,,,PRESENT,,,,,,,,,,,,,PRESENT,,,PRESENT,,,,PRESENT,,,,,,,,,,,,,,,,,,,,,,,,,,,,,,,PRESENT,,,,PRESENT,,,,,,PRESENT,,,,PRESENT,,,,,,,,,,,,,,,,,,,,,,,
ciwqs,1238829,HEBER WWTF,229967,Heber PUD WWTP,Imperial,,,,,PRESENT,,,,,,,,,,,,,,,,PRESENT,,,,PRESENT,,,,,,,,,,,,,,PRESENT,,,,,,,,,,,,,,,,,PRESENT,,,,,,,,,,PRESENT,PRESENT,PRESENT,,,,,,PRESENT,,,PRESENT,,,PRESENT,,,,,,PRESENT,PRESENT,,,PRESENT,,PRESENT,
Clean Watershed Needs Survey,1175921,HOLTVILLE WWTF,230588,Holtville City WWTP,Imperial,,,,,,,,,,,,PRESENT,,,,,,PRESENT,,,,,,,,,,,,,,,,,,,,,PRESENT,,,,,,,,,,,,,,,,,,,,,PRESENT,,,,,,PRESENT,,,,PRESENT,,,,,PRESENT,,,,,,,,,,,,,,,,,,
ciwqs,1175921,HOLTVILLE WWTF,230588,Holtville City WWTP,Imperial,,,,,PRESENT,,,,,,,,,,,,,,,,,,,,PRESENT,,,,,,,,,,,,,,PRESENT,,,,,,,PRESENT,PRESENT,,,,,,,,,,,,,PRESENT,,,,,,FUTURE,PRESENT,,,,,,,PRESENT,PRESENT,,PRESENT,,,PRESENT,,,,,,,FUTURE,,,,,,
Clean Watershed Needs Survey,1175931,Imperial Commun Colleges Dist WWTF,232259,Imperial CCD WWTP,Imperial,,,,,,,,PRESENT,,,,,,,,,,PRESENT,,,,,,,PRESENT,,,,,,,,,,,,,,PRESENT,,,,,,,,,,,,,,,,,,,,,PRESENT,,,,,,PRESENT,,,,,,,,,,,,,,PRESENT,,,,,,,,,,,,,
ciwqs,1175931,Imperial Commun Colleges Dist WWTF,232259,Imperial CCD WWTP,Imperial,,,,,PRESENT,,,,,,,,,,,,,PRESENT,,,,,,,PRESENT,,,,,PRESENT_AND_FUTURE,PRESENT,,,,,,,,,,,,,,,,,,,,,,,,,,,,,,,,,,,PRESENT,PRESENT,,,,,,,,,,PRESENT,,,PRESENT,,,,,,,,,,,,,
Clean Watershed Needs Survey,1175922,IMPERIAL WWTF,232297,Imperial City WWTP,Imperial,,,,,PRESENT,,,,,,,,,,,,,PRESENT,,,,,,,PRESENT,,,,,,,,,,,,,,PRESENT,,,,,,,,,,,,,,,,,PRESENT,,,,PRESENT,,,,,,PRESENT,,,,,,,,,,,,,,,,,,,,,,,,,,,
ciwqs,1175922,IMPERIAL WWTF,232297,Imperial City WWTP,Imperial,,,,,,,,,,,,,,,,,,,,,,,,,PRESENT,,,,,,PRESENT,,,,,,,,PRESENT,,,,,,,PRESENT,,,PRESENT,,,,,,,PRESENT,,,,,,,,,,PRESENT,PRESENT,,,,,,,,,,PRESENT,,,PRESENT,,PRESENT,,,,,,,,,,,
ciwqs,,,815299,McCabe Municipal WWTP,Imperial,,,,,,,,,,,,,,,,,,,,,,,PRESENT,,PRESENT,,,,PRESENT,PRESENT_AND_FUTURE,PRESENT,,,,,,,,,,,,,,,,PRESENT,,,,,,,PRESENT,,,,,,,,,,,,,PRESENT,,,,,,,,,,PRESENT,,,PRESENT,,,,,,,,,,,,PRESENT,
ciwqs,,,244348,Niland SD WWTP,Imperial,,,,PRESENT,,,,,,,,,,,,,,PRESENT,,,,PRESENT,,,PRESENT,,,,,FUTURE,,,,,,,,,,,,,,,,,,,,,,,,,,,,,,,,,,,,PRESENT,,,,PRESENT,,,,,,,,,,PRESENT,,PRESENT,,,,,,,,,,,
ciwqs,,,248787,Poe Colonia (Cady Subdivision),Imperial,,,,,,,,,,,PRESENT,,,,,,,,,,,,,,,,,,,,,,,,,,,,,,,,,,,,,,,,,,,,,,,,,,,,,PRESENT,,PRESENT,,,,,,,,,,,,,,,,,,,,,,,,,,,
ciwqs,,,219671,SCSD Desert Shores WWTP,Imperial,,,,,,,,,,,,,,,,,,,,,,,,,,,,,,PRESENT,,,,,,,,,,,,,,,,,,,,,,,,,,,,,,,,,,,,,,,,,,,,,,,,,,,,,,,,,,,,,,,
ciwqs,,,647900,SCSD Thomas R. Cannell WWTP,Imperial,,,,PRESENT,,,,,,,,,,,,,,,,,PRESENT,,,,,,,,,PRESENT,,,,,,,,,,,,,,,,,,,,,,,,,,,,PRESENT,,,,,,,,,PRESENT,,,,,,,,,,,,,PRESENT,,PRESENT,,,,,,,,FUTURE,,,
Clean Watershed Needs Survey,1175927,SEELEY CWD WWTF,256217,Seeley CWD WWTP,Imperial,,,,,,,,,,,,,,,,,,,,,PRESENT,,,,PRESENT,,,,,,,,,,,,,,,,,,,,,,,,,,,,,,,,,,,,,,,,,PRESENT,,,,PRESENT,,,,,,,,,,,,,,,,,,,,PRESENT,,,
ciwqs,1175927,SEELEY CWD WWTF,256217,Seeley CWD WWTP,Imperial,,,,PRESENT,,,,,,,,PRESENT,,,,,,,,,PRESENT,,,,PRESENT,,,,PRESENT,,,,,,,,,,,,,,,,,,PRESENT,,FUTURE,,,,,,,,,,,PRESENT,,,,,,,PRESENT,,,PRESENT,,,,,,,PRESENT,,,,,,,,,,,,,PRESENT,,,
ciwqs,,,269449,US Navy Naval Air Facility WWTP,Imperial,,,,,,,,,,,,,,,,,,PRESENT,,,,PRESENT,,,PRESENT,,,,PRESENT,,,,,,,,,,,,,,,,,,,,,,,,,,,PRESENT,,,,,,,,,,PRESENT,PRESENT,,,,,,,,,,,,,PRESENT,,,,,,,,,,PRESENT,,,
Clean Watershed Needs Survey,1175928,WESTMORLAND WWTF,272291,Westmorland City WWTP,Imperial,,,,,PRESENT,,,,,,,,,,,,,PRESENT,,,,,,,PRESENT,,,,,,,,,,,,,,PRESENT,,,,,,,,,,,,,,,,,,,,,PRESENT,,,,,,PRESENT,PRESENT,,,,,,,,,,,,,PRESENT,,,,,,,,,,,,,
ciwqs,1175928,WESTMORLAND WWTF,272291,Westmorland City WWTP,Imperial,,,,,,,,,,,,,,,,,,PRESENT,,,PRESENT,PRESENT,,,PRESENT,,,,,,,,,,,,,,PRESENT,,,,,,,,,,,,,,,,,PRESENT,,,,,,,,,,,PRESENT,,,,,,,,,,,,,PRESENT,,,,,,,,,,,,,
ciwqs,,,902865,DVNP Cow Creek RO Plant,Inyo,,,,,,,,,,,,,,,,,,,,,,,,,,,,,,,,,,,,,,,,,,,,,,,,,,,,,,,,,,,,,,,PRESENT,,,,,,,,,,,,,,,,,,,,,,,,,,,,,,
Clean Watershed Needs Survey,1175530,Bakersfield WWTP #2,273208,Bakersfield WWTP #2,Kern,,,,PRESENT,,,,PRESENT,,,,,,,,,,PRESENT,,,,,,,PRESENT,,,,,,,,,,,,,,PRESENT,,,,,,,,,,,,,,,,,,,,,PRESENT,,,,,,PRESENT,,,,,,,,,,,,,,,,,,,,,,,,PRESENT,,,
ciwqs,1175530,Bakersfield WWTP #2,273208,Bakersfield WWTP #2,Kern,,,,,,,,PRESENT,,,,,,,,,,,,PRESENT,,,,,PRESENT,,,,,,,,,,,,,,PRESENT,PRESENT,,,,,,,,,,,,,,,,,,,,PRESENT,,,,,,PRESENT,PRESENT,,,,,,,,PRESENT,,,,,,,,,,,,,,,PRESENT,,,
ciwqs,,,273161,Bear Valley CSD WWTF,Kern,,,,,,,,,,,,,,,,,,PRESENT,PRESENT,,,,,,PRESENT,,,,,,,,,,,,,,,,,,,,,,PRESENT,,,,,,,,,PRESENT,,,,,,,,,,PRESENT,PRESENT,,,,,,,,,,,,,PRESENT,PRESENT,,,,,,,,,PRESENT,,,
ciwqs,,,836454,Buttonwillow Safety Roadside Rest Area,Kern,,,,,,,,,FUTURE,,FUTURE,,,,,,,,,,FUTURE,,,,,,,,,,,,,,,,,,,,,,,,,,,,,,,,,,,,,,,,,,,,,,,,PRESENT,,,,,,,,,,,,,,,,,,,,,,,,
Clean Watershed Needs Survey,1175562,Delano WWTF,273109,Delano WWTF,Kern,,,,,,,,PRESENT,,,,,,,,,,,,,PRESENT,,,,PRESENT,,,,,,,,,,,,,,PRESENT,,,,,,,,,,,,,,,,,,,,,PRESENT,,,,,,PRESENT,,,,,,,,PRESENT,PRESENT,,,,,,,,,,,,,,,,,,
ciwqs,1175562,Delano WWTF,273109,Delano WWTF,Kern,,,,,,,,PRESENT,,,,,,PRESENT,,,,,,,,,,,PRESENT,,,,,,,,,,,,,,PRESENT,,,,,,,PRESENT,,,,,,,,,,PRESENT,,,,PRESENT,,,,,,PRESENT,PRESENT,,,,,,,PRESENT,PAST,,,,,PRESENT,,,,,,,,,,PRESENT,,,
ciwqs,,,273149,I-5 & Highway 58 WWTF,Kern,,,,,PRESENT,,,,,,,,,,,,,,,,PRESENT,,,,PAST,,,,,PRESENT,PRESENT,,,,,,,,,,,,,,,,,,,,,,,,,,,,,,,,,,,,PRESENT,,,,,,,,,,,,,PRESENT,,,,,,,,,,,,,
Clean Watershed Needs Survey,1175847,Reeder Tract  WWTF,252277,Kern Cnty CSA 39.8-Reeder Tract,Kern,,,,,,,,,,,,,,,,,,,,,,,,,,,,,,,,,,,,,,,,,,,,,,,,,,,,,,,,,,,,,,,,,,,,,,,,,,,,,,,,,,,,,,,,,,,,,
ciwqs,1175847,Reeder Tract  WWTF,252277,Kern Cnty CSA 39.8-Reeder Tract,Kern,,,,,,,,,,,,,,,,,,PRESENT,,,,,,,PRESENT,,,,PRESENT,,PRESENT,,,,,PRESENT,,,,,,,,,,,PRESENT,,,,,,,,,,,,,,,,,,,,PRESENT,,,,,,,,,,,,,PRESENT,,,,,,,,,,PRESENT,,,
ciwqs,,,256772,Kern Cnty Sheriff's Lerdo WWTF,Kern,,,,,PRESENT,,,,,,,,,,,,,,,,,,PRESENT,,,,,,,,,,,,,,,,,,,,,,,PRESENT,,,,,,,,PRESENT,,,,,,,,,,,,PRESENT,PRESENT,,,,,,,,,,,,,PRESENT,,,,,,,,,,PRESENT,,,
ciwqs,,,234915,Kern Valley State Prison WWTF,Kern,,,,,,,,,,,,,,,,,,PRESENT,,,,,,,PRESENT,,,,,,,,,,,,,,,,,,,,,PRESENT,,,,,,,,,,,,,,,,,,,,PRESENT,PRESENT,,,,,,,,,,,,,PRESENT,,,,,,,,,,,,,
ciwqs,,,236222,Lake Isabella WWTF,Kern,,,,,,,,,,,,,,,,,,,,,,,,,,,,,PRESENT,,,,,,,,,,,,,,,,,,,,,,,,,,,,,,,,,,,,,,,,,,,,,,PRESENT,,,,,,,PRESENT,,,,,,,,,,,
Clean Watershed Needs Survey,1175758,Lamont WWTF,273174,Lamont WWTF,Kern,,,,PRESENT,,,,,,,,,,,,,,PRESENT,,,,,,,,,,,,,,,,,,,,,,,,,,,,,,,,,,,,,,,,,,,,,,,,,,,,PRESENT,,,,,,,,,,,,,,,,,,,,,,,
ciwqs,1175758,Lamont WWTF,273174,Lamont WWTF,Kern,,,,PRESENT,,,,,,,,,,,,,,,,,,,,,,,,,,,,,,,,,,,,,,,,,,,,,,,,,,,,,,,,,,,,,,,,,,,,,,,,,,,,,,,,,,,,,,PRESENT,,,
ciwqs,,,236772,Lebec SRRA (Tejon Pass),Kern,,,,PRESENT,,,,,,,,,,,,,,,,,,,,,,,,,,,,,,,,,,,,,,,,,,,,,,,,,,,,,,,,PRESENT,,,,,,,,,PRESENT,,,,,,,,,,,,,,,,,,,,,PRESENT,,,
ciwqs,,,273125,McFarland WWTF,Kern,,,,PRESENT,,,,,,,,,,,,,,,,,,,,,,,,,,,,,,,,,,,,,,,,,,PRESENT,,,,,,,,,,,,,,,,,,,,PRESENT,PRESENT,,,,,,,,,,,,,,,,,,,,,,,PRESENT,,,
ciwqs,,,273155,National Chavez Center WWTF,Kern,,,,,,,,,,,,,,,,,,,,,,,,,,,,,,,,,,,,,,,,,,,,,,,,,,,,,,,,,,,,PRESENT,,,,,,,,,PRESENT,,,,,,,,,,,,,,,,,,,,,PRESENT,,,
Clean Watershed Needs Survey,3609119,North of River Sanitary District,273143,North of River WWTF,Kern,,,,,,,,,,,,,,,,,,,,,,,,,,,,,,,,,,,,,,,,,,,,,,,,,,,,,,,,,,,,,,,,,,,,,,,,,,,,,,,,,,,,,,,,,,,,,
ciwqs,3609119,North of River Sanitary District,273143,North of River WWTF,Kern,,,,,,,,,,,,,,,,,,,PRESENT,,,,,,PRESENT,,,,,,,,,PRESENT,,PRESENT,,,PRESENT,,,,,,,,,,,,,,,,,,,,PRESENT,PRESENT,,,,,,PRESENT,PRESENT,,,,,,,,PRESENT,,,,,,,,,PRESENT,,,,,,PRESENT,,,
Clean Watershed Needs Survey,1175894,Rosamond WWTF,253293,Rosamond WTF (Ponds),Kern,,,,PRESENT,,,,,,,,,,,,,,,,,,,,,PRESENT,,,,,,,,,,,,,,,,,,,,,,,,,,,,,,,,,,,,,,,,,,,,,PRESENT,,,,,,,,,,,,,,,,,,,,,,,
ciwqs,1175894,Rosamond WWTF,253293,Rosamond WTF (Ponds),Kern,,,,,,,,,,,,,,,,,,,,,,,PRESENT,,FUTURE,,,,,PRESENT,,,,,,,,,FUTURE,,,,,,,FUTURE,,,,,,,,,,,,,,,,,,,,FUTURE,PRESENT,,,,,,,,,,,,,PRESENT,,,,,,,,,,FUTURE,,PRESENT,
Clean Watershed Needs Survey,1175853,Stallion Springs CSD WWTF,273191,Stallion Springs WWTF,Kern,,,,,,,,,,,,,,,,,,PRESENT,,,,,,,,,,,,,,,,,,,,,,,,,,,,,,,,,,,,,,,,,,,,,,,,PRESENT,,,,,,,,,,,,,,,,,,,,,,,,PRESENT,,,
ciwqs,1175853,Stallion Springs CSD WWTF,273191,Stallion Springs WWTF,Kern,,,,,,,,,,,,,,,,,,PRESENT,PRESENT,,,PRESENT,,,PRESENT,,,,PRESENT,,,,,,,,,,,,,,,,,,,,,,,,,PRESENT,,PRESENT,,,,,,,,,,PRESENT,PRESENT,,,,,,,,,,,,,PRESENT,PRESENT,,,,,,,,,PRESENT,,PRESENT,
ciwqs,,,258743,Stoco WWTF,Kern,,,,,,,,,,,,PRESENT,,,,,,,,,FUTURE,,,,PRESENT,,,,,PRESENT,,,,,,,,,,,,,,,,,,,,,,,,,,,,PRESENT,,,,,,,,,,,,PRESENT,,,,,,,,,,,,,,,,,,,,,,,
Clean Watershed Needs Survey,1175782,TAFT WWTF,214665,Taft WWTF,Kern,,,,PRESENT_AND_FUTURE,,,,,,,,,,,,,,PRESENT,,,PRESENT,,,,PRESENT,,,,,,,,,,,,,,,,,,,,,,,,,,,,,,,,,,,,,,,,,PRESENT,,,,,,,,,PRESENT_AND_FUTURE,,,,,,,,,,,,,,,,,,
ciwqs,1175782,TAFT WWTF,214665,Taft WWTF,Kern,,,,FUTURE,,,,,,FUTURE,,,,,,,,,,,,,,,FUTURE,,,,,,,,FUTURE,,,,,,FUTURE,,,,,,,,,,,,,,,,,,,,,,,,,,,FUTURE,FUTURE,,,,,,,,,,,,,FUTURE,,,,,,,,,,FUTURE,,,
ciwqs,,,263072,Tehachapi Correctional Inst WWTF,Kern,,,,,,,,,,,,PAST,,FUTURE,,,,,FUTURE,,PAST,,,,PAST,,,,,,FUTURE,,,,,,,,,,,,,,,FUTURE,FUTURE,,,,,,,,,,,,,,,,,,,FUTURE,FUTURE,,,,,,,,,,FUTURE,,,FUTURE,FUTURE,,,,,,,,,FUTURE,,,
ciwqs,,,740731,Tejon Industrial Complex East WWTF,Kern,,,,,,,,,,,,,,,,,,PRESENT,,,PRESENT,,PRESENT,,,,,,,,,,,,,,,,,,,,,,,,,,PRESENT,,,,,,,,,,,,,,,,,PRESENT,,,,,,,,,,,PRESENT,,,PRESENT,,,,,,,,,,PRESENT,,PRESENT,
ciwqs,,,273156,Tejon Industrial Complex West WWTF,Kern,,,,,,,,,,,,,,,,,,,,,PRESENT,,,,,,,,PRESENT,,,,,,,,PRESENT,,,,,,,,,,PRESENT,,,,,,,,,,,,,,,,,,,PRESENT,,,,,,,,PRESENT,PRESENT,,PRESENT,,,PRESENT,,,,,,,,,,PRESENT,,,
ciwqs,,,739154,Tejon Mountain Village,Kern,,,,,,,,,,,,,,,,,,FUTURE,,,,,FUTURE,,,,,,FUTURE,,,,,,,,,,,,,,,,,,FUTURE,,,,,,,FUTURE,,,,,,,,,,,FUTURE,FUTURE,,,,,,,,,,,FUTURE,,,FUTURE,,,,,,,,,,FUTURE,,FUTURE,
ciwqs,,,215698,Corcoran State Prison WWTF,Kings,,,,,,,,,,,,,,,,,,,,,,,,,PRESENT,,,,,,,,,,,,,,,,,,,,,,,,,,,,,,,PRESENT,,,,,,,,,,PRESENT,PRESENT,,,,,,,,,,,,,PRESENT,,,,,,,,,,PRESENT,,,
Clean Watershed Needs Survey,1175732,Corcoran WWTF,273108,Corcoran WWTF,Kings,,,,,,,,PRESENT,,,,,,,,,,,,,PRESENT,,,,PRESENT,,,,,,,,,,,,,,PRESENT,,,,,,,,,,,,,,,,,,,,,PRESENT,,,,,,PRESENT,,,,,,,,,PRESENT,,,,,,,,,,,,,,,PRESENT,,,
ciwqs,1175732,Corcoran WWTF,273108,Corcoran WWTF,Kings,,,,PRESENT,,,,PRESENT,,,,,,,,,,,,,,,,,PRESENT,,,,,PRESENT,,,,,,,,,,,,,,,,,,,,,,,,,,,,,,PRESENT,,,,,,,,,,,,,,,,,,,,,,PRESENT,,,,,,,,,,,
Clean Watershed Needs Survey,1175761,LEMOORE STP,273120,Lemoore WWTF,Kings,,,,PRESENT,,,,,,,,,,,,,,PRESENT,,,,,,,,,,,,,,,,,,,,,,,,,,,,,,,,,,,,,,,,,,,,,,,,,,,,,,,,,,,,,,,,,,,,,,,,,,,
ciwqs,1175761,LEMOORE STP,273120,Lemoore WWTF,Kings,,,,PRESENT,,,,,,PRESENT,,OFFSITE,,,,,,PRESENT,,,,,OFFSITE,,,,,,OFFSITE,OFFSITE,,,PRESENT,,,,OFFSITE,,,,,,,,,OFFSITE,,,,,,,,OFFSITE,,,,,,,,,,,OFFSITE,,PRESENT,,,,,,,OFFSITE,,,,,,OFFSITE,PRESENT,,,,,,OFFSITE,,,OFFSITE,,OFFSITE,
ciwqs,,,273135,Stratford WWTF,Kings,,,,,,,,,,,,,,,,,,,,,,,,,,,,,,PRESENT,,,,,,,,,,,,,,,,,,,,,,,,,,,,,,,,,,,,,,,,,,,,,PRESENT,,,,,,,,,,,,,,,,,,
ciwqs,,,239190,Hoberg's Resort,Lake,,,,,,,,,,,,,,,,,,PRESENT,,,,,,,,,,,,PRESENT,,,,,,,,,,,,,,,,,,,,,,,,,,,,,,PRESENT,,,,,,PRESENT,PRESENT,,,,,,,,PRESENT,,,,,PRESENT,,,,,,,,,,,,,
ciwqs,,,235208,Konocti Harbor Resort,Lake,,,,,,,,,,,,,,,,,,PRESENT,,,,,,,,,,,,,,,,,,,,,,,,,,,,,,,,,,,,,,,,,,PRESENT,,,,,,,PRESENT,,,,,,,,,,,,,,,,,,,,,,,PRESENT,,,
ciwqs,,,736188,Lake Cnty SD Kelseyville WWD No. 3 Kelseyville WWTF,Lake,,,,,,,,,,,,,,,,,,FUTURE,,,,,,,,,,,,,,,,,,,,,,,,,,,,,,,,,,,,,,,,,,,,,,,,,,,,,,,,,,,,,,FUTURE,,,,,,,,,,PRESENT,,,
Clean Watershed Needs Survey,1175665,LAKEPORT SOUTH WWTF,241869,Lakeport City WWTP,Lake,,,,,,,,PRESENT_AND_FUTURE,,,,PRESENT_AND_FUTURE,,,,,,PRESENT_AND_FUTURE,,,PRESENT_AND_FUTURE,,,,,,,,,,,,,,,,,,PRESENT_AND_FUTURE,,,,,,,,,,,,,,,,,,,,,PRESENT_AND_FUTURE,,,,,,PRESENT_AND_FUTURE,,,,,,,,,PRESENT_AND_FUTURE,,,,,,,,,,,,,,,PRESENT,,,
ciwqs,1175665,LAKEPORT SOUTH WWTF,241869,Lakeport City WWTP,Lake,,PRESENT,,,,,,PRESENT,,,,,,,,,,PRESENT,,,,,,,,,,,,,,,,,,,,,,,,,,,,,,,,,,,,,,,,,,,,,,,,PRESENT,PRESENT,,,,,,,,,,,,,PRESENT,,,,,,,,,,PRESENT,,,
ciwqs,,,213580,"CCC @ Susanville, CSP-LC WTF",Lassen,,,,FUTURE,,,,FUTURE,,FUTURE,,,,,,,,PRESENT,,,PRESENT,,,,,,,,,,,,,,,,,,PRESENT,,,,,,,FUTURE,,,,,,,,,,,,,,FUTURE,,,,,,PRESENT,PRESENT,,,,,,,,,,,,,PRESENT,,,,,,,,,,PRESENT,,,FUTURE
ciwqs,,,230784,Herlong Public Utility District WWTF,Lassen,,,,,PRESENT,,,,,,,,,,,,,PRESENT,,,,,PRESENT,,,,,,,,,,,,,,,,,,,,,,,PRESENT,,,,,,,,PRESENT,,PRESENT,,,,,,,,,,PRESENT,PRESENT,,,,,,,,,,,,,,,,,,,,,,,PRESENT,,PRESENT,
ciwqs,,,638757,Spalding Tract Sewer System,Lassen,,,,,,,,,,,,,,,,,,,,,,,,,,,,,,FUTURE,,,,,,,,,,,,,,,,,,,,,,,,,,,,,,,,,,,,,,,,,,,,,,,,,,,,,,,,,,,,,,,FUTURE
ciwqs,,,272344,Westwood STP,Lassen,,,,,PRESENT,,,,,,,,,,,,,,PRESENT,,PRESENT,,,,PRESENT,,,,,PRESENT,,,,,,,,,,,,,,,,PRESENT,,,,,,,,,,,,,PRESENT,,,,,,,PRESENT,,,,,,,,,,,,,,,,,,,,,,,,,,,
Clean Watershed Needs Survey,1175477,LACSD (Joint Water Pollution Control Plant),234156,A.K. Warren Water Resource Facility,Los Angeles,,,,,,,,PRESENT_AND_FUTURE,,,,,,PRESENT_AND_FUTURE,,,,PRESENT,,PRESENT_AND_FUTURE,,,,,PRESENT_AND_FUTURE,,,,,,,,,,,,PRESENT_AND_FUTURE,,PRESENT_AND_FUTURE,,,,,PRESENT_AND_FUTURE,,,,,,,,,,,,,,,PRESENT,PRESENT_AND_FUTURE,PRESENT_AND_FUTURE,,,,,PRESENT,PRESENT_AND_FUTURE,,,,,,,PRESENT_AND_FUTURE,,,,,,,,,,,,,,,,,,,
ciwqs,1175477,LACSD (Joint Water Pollution Control Plant),234156,A.K. Warren Water Resource Facility,Los Angeles,,OFFSITE,,,,,,OFFSITE,,,,,,OFFSITE,,,,OFFSITE,,OFFSITE,,,,,OFFSITE,,,,,,,,,,,,OFFSITE,,OFFSITE,OFFSITE,,OFFSITE,,,,OFFSITE,,,,,,,OFFSITE,,,,,,OFFSITE,OFFSITE,OFFSITE,,,,,OFFSITE,OFFSITE,,,,,,,OFFSITE,,,,,,OFFSITE,,,,,,,,,,,,,
Clean Watershed Needs Survey,1175503,AVALON WWRF,208276,Avalon WWTF,Los Angeles,,,,,PRESENT,,,,,,,,,,,,,PRESENT,,,,,,,PRESENT,,,,,,PRESENT,,,,,,,,,,,,,,,,,,,,,,,,,,,,,PRESENT,,,,,,PRESENT,,,,PRESENT,,,,,,,,,,,,,,,,,,,,,,,
ciwqs,1175503,AVALON WWRF,208276,Avalon WWTF,Los Angeles,,,,,PRESENT,,,,,,,,,PRESENT,,,,PRESENT,,,,,,,PRESENT,,,,,,,,,,,,,,PRESENT,,,,,,,PRESENT,,,,,,,,,,,,,,,,,,,,PRESENT,PRESENT,,,,,,,PRESENT,PRESENT,,,,,PRESENT,,PRESENT,,,,,,,,,,,
Clean Watershed Needs Survey,1175516,Burbank WRP,212135,Burbank WRP,Los Angeles,,,,,,,,,,,PRESENT,,,,,,,PRESENT,,,PRESENT,PRESENT,,,,,,,,,,,,,,,,,,,,,,,,,,,,,,,,,,,,,,PRESENT,,,,,,PRESENT,,,,,PRESENT,,,,PRESENT,,,,,PRESENT,,,,,,,,,,,,,
ciwqs,1175516,Burbank WRP,212135,Burbank WRP,Los Angeles,,,,,,PRESENT,,,,,,,,,,,,PRESENT,PRESENT,,PRESENT,PRESENT,PRESENT,,,,,,PRESENT_AND_FUTURE,,,,,,,,,,,,,,,,PRESENT,,PRESENT,,,,,,,PRESENT,,,,,,PRESENT,,,,,,PRESENT,PRESENT,,,,,,,,,,,,,,PRESENT,,,,,,,,,,,PRESENT,
Clean Watershed Needs Survey,1175494,Tillman WRP,267571,Donald C. Tillman WWRP,Los Angeles,,,,,,,,,,,,,,,,,,PRESENT_AND_FUTURE,,,,PRESENT_AND_FUTURE,,,,,,,,,,,,,,,,,PRESENT,,,,,,,,,,,,,,,,,,,,PRESENT_AND_FUTURE,PRESENT,,,,,,PRESENT_AND_FUTURE,,,,,PRESENT_AND_FUTURE,,,,PRESENT_AND_FUTURE,,,,,PRESENT_AND_FUTURE,,,,,,,,,,,,,
ciwqs,1175494,Tillman WRP,267571,Donald C. Tillman WWRP,Los Angeles,,,FUTURE,,,PRESENT,,,,,PAST,,,,,,,PRESENT,PRESENT,,,PRESENT,PRESENT,PAST,,,,,PRESENT,,,,,,,PRESENT,,,PRESENT,,,,,,PRESENT_AND_FUTURE,,PRESENT,,,FUTURE,,,,PRESENT,FUTURE,,FUTURE,,PRESENT,PRESENT,,,FUTURE,,,PRESENT,PRESENT,,,,PRESENT_AND_FUTURE,,,,,,,FUTURE,,PAST,PRESENT,,,,,,,,,,,PRESENT,
ciwqs,,,273663,Edward C. Little Water Recycling Plant (Recycled Water Irrigation),Los Angeles,,,,,,,,,,,,,,,,,,PRESENT,PRESENT,,,,,,,,,,,,,,,,,PRESENT,,,,,,,PRESENT,,,PRESENT,PRESENT,,,PRESENT,,,PRESENT,,PRESENT,,PRESENT,,,,,,PRESENT,,,PRESENT,,,,,,,,,,,FUTURE,PRESENT,,,PRESENT,PRESENT,,,PRESENT,,,,,,,,
ciwqs,,,268043,Encinal Canyon Water Recycling Plant on Tract 46277,Los Angeles,,,,,,,,,,,,,,,,,,FUTURE,,,,,,,,,,,FUTURE,,,,,,,,,,,,,,,,,,,,,,,,,,,,,,,,,,,,,FUTURE,,,,,,,,,,,,,,,,,,,,,,,,,FUTURE,FUTURE,
ciwqs,,,888692,Hyperion Advanced Water Purification Facility,Los Angeles,,,,,,,,,,,,,,,,,,,,,,,FUTURE,,,,,,,,,,,,,,,,,,,,,,,,,,FUTURE,,,,FUTURE,FUTURE,,,,,,,,,FUTURE,,,FUTURE,,,,,,,,,,,FUTURE,FUTURE,,,,,,,,,FUTURE,,,,,FUTURE,
Clean Watershed Needs Survey,1175491,Hyperion WRP,232063,Hyperion WWTP,Los Angeles,,,,,,,,PRESENT_AND_FUTURE,,,,,,PRESENT_AND_FUTURE,,,,PRESENT_AND_FUTURE,,PRESENT_AND_FUTURE,,,,,,,,,,,,,,,,,PRESENT_AND_FUTURE,,PRESENT,,,,,,,,,,,,,,,,,,,,,PRESENT_AND_FUTURE,,,,,,PRESENT,PRESENT,,,,,,,PRESENT_AND_FUTURE,,,,,,PRESENT_AND_FUTURE,,,,,,,,,PRESENT_AND_FUTURE,,,,
ciwqs,1175491,Hyperion WRP,232063,Hyperion WWTP,Los Angeles,,,,,,,,PRESENT,,,,,,PRESENT,,,,,PRESENT,FUTURE,,,,,,,,,,,,,,PRESENT,,PRESENT,,,PRESENT,FUTURE,,,,,,PRESENT,PRESENT,,FUTURE,,,,,,FUTURE,,,,PRESENT,PRESENT,PRESENT,,FUTURE,,,PRESENT,PRESENT,,,,,,,PRESENT,,,FUTURE,FUTURE,,PRESENT,PRESENT,,,,PRESENT,,PRESENT,,,,,,
ciwqs,,,217061,Juanita Millender-McDonald Carson Regional Water Recycling Plant,Los Angeles,,,,,,PRESENT,,,,,PRESENT,,,,,,,PRESENT,PRESENT,,,,,,,,,,,,,,,PRESENT,,,,,,,,,,,,PRESENT,PRESENT,,FUTURE,PRESENT,,,PRESENT,PRESENT_AND_FUTURE,,,,,PRESENT,PRESENT,,,PRESENT_AND_FUTURE,,,,PRESENT,,,,,,,PRESENT,,,,,,PRESENT,,,,PRESENT,,,,,,,,PRESENT_AND_FUTURE,
Clean Watershed Needs Survey,1175485,LACSD (Lancaster WRP),236378,Lancaster Water Reclamation Plant,Los Angeles,,,,,,PRESENT,,PRESENT_AND_FUTURE,,,PRESENT,,,,,,,PRESENT,PRESENT,PRESENT,PRESENT,,,,PRESENT,,,,,,,,,,,,,,PRESENT_AND_FUTURE,,,,,,,,,,,,,,,,,,,,,PRESENT_AND_FUTURE,,,,,,PRESENT,,,,PRESENT,,,,,PRESENT,,,,,PRESENT,,,,,,,,,,PRESENT,,,
ciwqs,1175485,LACSD (Lancaster WRP),236378,Lancaster Water Reclamation Plant,Los Angeles,,,,PRESENT,,,,PRESENT,,,,,,,,PRESENT,,PRESENT,PRESENT,,PRESENT,PRESENT,PRESENT_AND_FUTURE,,PRESENT,,,,,,,,,,,PRESENT,PRESENT,,PRESENT,,,,,,,,PRESENT,,PRESENT_AND_FUTURE,,,,,PRESENT_AND_FUTURE,,,,,,PRESENT,,,,,,PRESENT,PRESENT,,,,,,,PRESENT,,,PRESENT_AND_FUTURE,,,PRESENT,PRESENT,PRESENT,,PRESENT,PRESENT,,PRESENT,,,PRESENT,,PRESENT_AND_FUTURE,
Clean Watershed Needs Survey,1175482,LACSD (Long Beach WRP),238562,Long Beach WRP,Los Angeles,,,,,,,,,,,PRESENT,,,,,,PRESENT_AND_FUTURE,PRESENT,,,,PRESENT_AND_FUTURE,PRESENT_AND_FUTURE,,,,,,,,,,,,,,,,PRESENT,,,,,,,,,,,,,,,,,,PRESENT,,,PRESENT_AND_FUTURE,,,,,,PRESENT,PRESENT,,,,,,,,PRESENT,,,,,PRESENT,,,,,,,,,,,,,
ciwqs,1175482,LACSD (Long Beach WRP),238562,Long Beach WRP,Los Angeles,,,,,,,,,,,,,,,,,,PRESENT,PRESENT,,,PRESENT,PRESENT,,,,,,,,,,,,,,,,,,,,,,,,PRESENT,,,,,,,PRESENT,,,,,,PRESENT,,,,,,,PRESENT,,,,,,,,,,,,,,PRESENT,,,,,,,,,,,PRESENT,
Clean Watershed Needs Survey,1175493,L.A.-Glendale WRP,235738,Los Angeles-Glendale WWRP,Los Angeles,,,,,,PRESENT_AND_FUTURE,,,,,,,,,,,,PRESENT,PRESENT_AND_FUTURE,,,,,,,,,,,,,,,,,,,,,,,,,,,,,,,,,,,,,,,,,PRESENT,,,,,,PRESENT,PRESENT_AND_FUTURE,,,,,,,,PRESENT,,,,,PRESENT_AND_FUTURE,,,,,,,,,,,,,
ciwqs,1175493,L.A.-Glendale WRP,235738,Los Angeles-Glendale WWRP,Los Angeles,,,FUTURE,,,PRESENT,,,,,FUTURE,,,,,,,PRESENT,PRESENT,,,PRESENT,PRESENT_AND_FUTURE,FUTURE,,,,,FUTURE,,,,,,,,,,PRESENT,,,,,,FUTURE,,PRESENT,,,FUTURE,,,,PRESENT_AND_FUTURE,FUTURE,,FUTURE,,PRESENT,PRESENT,,,FUTURE,,,PRESENT,PRESENT,,,,,,,,FUTURE,,FUTURE,FUTURE,,PRESENT,PRESENT,,,,,FUTURE,FUTURE,,,,,PRESENT,
Clean Watershed Needs Survey,1175481,LACSD (Los Coyotes WRP),238646,Los Coyotes WRP,Los Angeles,,,,,,,,,,,PRESENT,,,,,,PRESENT,PRESENT_AND_FUTURE,,,,PRESENT_AND_FUTURE,PRESENT_AND_FUTURE,,,,,,,,,,,,,,,,PRESENT,,,,,,,,,,,,,,,,,,,,,PRESENT_AND_FUTURE,,,,,,PRESENT_AND_FUTURE,PRESENT_AND_FUTURE,,,,,,,,PRESENT_AND_FUTURE,,,,,PRESENT_AND_FUTURE,,,,,,,,,,,,,
ciwqs,1175481,LACSD (Los Coyotes WRP),238646,Los Coyotes WRP,Los Angeles,,,,,,,,,,,,,,,,,,PRESENT,,,,PRESENT,PRESENT,,,,,,,,,,,,,,,,,,,,,,,,PRESENT,,,,,,,PRESENT,,,,,,PRESENT,,,,,,,PRESENT,,,,,,,,,,,,,PRESENT,FUTURE,,,,,,,,,,,PRESENT,
ciwqs,,,766648,Malibu Civic Center WWTF,Los Angeles,,,,,,,,,,,,,,,,,,PRESENT,,,,,PRESENT,,,,,,PRESENT,,,,,,,,,,PRESENT,,,,,,,,,,PRESENT,,,,,PRESENT,,,,,,,,,,,,PRESENT,,,,,,,,,,,PRESENT,,,,,,,,,,,,,FUTURE,,,
Clean Watershed Needs Survey,1175469,MALIBU WWTF,242162,Malibu Mesa WRP,Los Angeles,,,,,,,,,,,,,,,,,,,,,,,,,,,,,,,PRESENT,,,,,,,,,,,,,,,,,,,,,,,,,,,,,,,,,,,PRESENT,,,PRESENT,,,,,,PRESENT,,,,,,,,,,,,,,,,,,
ciwqs,1175469,MALIBU WWTF,242162,Malibu Mesa WRP,Los Angeles,,,,,PRESENT,,,,,,,,,,,,,,PRESENT,,PRESENT,,,,,,,,,,,,,,,PRESENT,,,,,,,,,,,PRESENT,,FUTURE,,,,,,,,,,,,,,,,,PRESENT,PRESENT,,,,,,,PRESENT,,,PRESENT,,,PRESENT,PRESENT,,,,,,,,,,,,
ciwqs,,,658148,Newhall Ranch WRP,Los Angeles,,,,,,PRESENT,,,,,,,,,,,,FUTURE,PRESENT,,PRESENT_AND_FUTURE,,PRESENT_AND_FUTURE,,,,,,PRESENT_AND_FUTURE,,,,,PRESENT,,PRESENT,,,PRESENT_AND_FUTURE,,,,,,,PRESENT,PRESENT,,PRESENT_AND_FUTURE,,,,,PRESENT_AND_FUTURE,PRESENT,,,,PRESENT,PRESENT,,,FUTURE,,,PRESENT_AND_FUTURE,PRESENT,,,,PRESENT,,,PRESENT_AND_FUTURE,,,PRESENT_AND_FUTURE,,,PRESENT,,,,PRESENT,,,,,,,,PRESENT_AND_FUTURE,
Clean Watershed Needs Survey,1175486,LACSD (Palmdale WRP),247448,Palmdale Water Reclamation Plant,Los Angeles,,,,,,,,PRESENT_AND_FUTURE,,,PRESENT_AND_FUTURE,,,,,,,PRESENT_AND_FUTURE,,PRESENT_AND_FUTURE,PRESENT_AND_FUTURE,,,,PRESENT_AND_FUTURE,,,,,,,,,,,,,,PRESENT_AND_FUTURE,,,,,,,,,,,,,,,,,,,,,PRESENT_AND_FUTURE,,,,,,PRESENT,,,,PRESENT_AND_FUTURE,,,,,,,,,,PRESENT_AND_FUTURE,,,,,,,,,,,,,
ciwqs,1175486,LACSD (Palmdale WRP),247448,Palmdale Water Reclamation Plant,Los Angeles,,,,PRESENT,,,,PRESENT,,,,,,,,,,PRESENT,,,,,,,PRESENT,,,,,,,,,,,,FUTURE,,,,,,,,,FUTURE,,,,,,,,,,,,,,PRESENT,,,,,,,,,,,,,,FUTURE,,,,,,,,FUTURE,,,,,FUTURE,,,,,,
ciwqs,,,249771,Paradise Ranch WWTP,Los Angeles,,,,,,,,,,,,,,,,,,PRESENT,,,,,,,,,,,,,PRESENT,,,,,,,,,,,,,,,,,,,,,,,,,,,,,,,,,,,,PRESENT,,,,,,,,,,,,,PRESENT,,,,,,,,,,,,,
Clean Watershed Needs Survey,1175478,LACSD (Pomona WRP),250700,Pomona Water Reclamation Plant,Los Angeles,,,PRESENT_AND_FUTURE,,,,,,,,PRESENT,,,,,,PRESENT_AND_FUTURE,PRESENT_AND_FUTURE,,,PRESENT_AND_FUTURE,PRESENT,PRESENT_AND_FUTURE,,,,,,,,,,,,,,,,PRESENT,,,,,,,,,,,,,,,,,,,,,PRESENT,,,,,,PRESENT_AND_FUTURE,PRESENT_AND_FUTURE,,,,,,,,,,,,,PRESENT_AND_FUTURE,,,,,,,,,,,,,
ciwqs,1175478,LACSD (Pomona WRP),250700,Pomona Water Reclamation Plant,Los Angeles,,,,,,PRESENT,,,,,,,,,,,,PRESENT,PRESENT,,PRESENT,PRESENT,PRESENT,,,,,,PRESENT,,,,,,,,,,,,,,,,,,PRESENT,,,,,,,PRESENT,,,,,,PRESENT,,,,,,,PRESENT,,,,,,,,,,,,,,,,,,,,PRESENT,,,,,PRESENT,
ciwqs,,,260064,San Clemente Island WWTP,Los Angeles,,,,,,,,,,,,,,,,,,PRESENT,,,PRESENT,PRESENT,FUTURE,,PRESENT,,,,PRESENT,,PRESENT,,,,,,,,,,,,,,,,,,PRESENT_AND_FUTURE,,,,,,,,,,,,,,,,,PRESENT_AND_FUTURE,PRESENT,,,,,,,,,,,,,PRESENT,,,,,,,,,,,,PRESENT,
Clean Watershed Needs Survey,1175479,LACSD (San Jose Creek WRP),260156,San Jose Creek Water Reclamation Plant,Los Angeles,,,,,,,,,,,PRESENT,,,,,,PRESENT_AND_FUTURE,PRESENT,,,,PRESENT,PRESENT_AND_FUTURE,,,,,,,,,,,,,,,,PRESENT,,,,,,,,,,,,,,,,,,,,,PRESENT,,,,,,PRESENT,,,,,,,,,PRESENT,,,,,PRESENT,,,,,,,PRESENT,,,,,,
ciwqs,1175479,LACSD (San Jose Creek WRP),260156,San Jose Creek Water Reclamation Plant,Los Angeles,,,,,,PRESENT,,,,,,,,,,,,PRESENT,PRESENT,,,PRESENT,PRESENT,,,,,,,,,,,,,PRESENT,,,,,,,,,,,PRESENT,,,,,,,PRESENT,,,,,PRESENT,PRESENT,,,,,,,PRESENT,,,,,,,,,,FUTURE,FUTURE,,,PRESENT,,,,,,,,,,,PRESENT,
Clean Watershed Needs Survey,1175483,LACSD (Saugus WRP),260494,Saugus Water Reclamation Plant,Los Angeles,,,,,,,,PRESENT,,,,,,,,,,PRESENT,,,PRESENT,PRESENT,,,PRESENT,,,,,,,,,,,,,,PRESENT,,,,,,,,,,,,,,,,,,,,,PRESENT,,,,,,,PRESENT,,,,,,,,PRESENT,,,,,PRESENT,,,,,,,,,,,,,
ciwqs,1175483,LACSD (Saugus WRP),260494,Saugus Water Reclamation Plant,Los Angeles,,,,,,,,OFFSITE,,,,,,,,,,PRESENT,,,PRESENT,PRESENT,PRESENT,,,,,,PRESENT,,,,,,,,OFFSITE,,PRESENT,,,,,,,OFFSITE,PRESENT,,,FUTURE,,,,PRESENT,,,,,,PRESENT,,,FUTURE,,,PRESENT,PRESENT,,,,,,,OFFSITE,,,PRESENT_AND_FUTURE,,,,,,,,,,,,,,,PRESENT,
Clean Watershed Needs Survey,1175492,Terminal Island WRP,267130,Terminal Island Water Reclamation Plant,Los Angeles,,,,,,,,PRESENT,,,,,,,,,,PRESENT_AND_FUTURE,,,,,,,PRESENT,,,,,,PRESENT_AND_FUTURE,,,,,,,,PRESENT_AND_FUTURE,,,,,,,,,,,,,,,,,,,,,PRESENT_AND_FUTURE,,,,,,PRESENT_AND_FUTURE,,,,,,,,,PRESENT_AND_FUTURE,,,,,,,,,,,,,,,,,,
ciwqs,1175492,Terminal Island WRP,267130,Terminal Island Water Reclamation Plant,Los Angeles,,,,,,PRESENT,,PRESENT,,,,,,,,,,PRESENT,PRESENT,,,PRESENT,,,,,,,PRESENT,,,,,PRESENT,,PRESENT,,,PRESENT,,,,,,,PRESENT,PRESENT,,,PRESENT,,,PRESENT,,FUTURE,,,,PRESENT,PRESENT,,,PRESENT,,,PRESENT,PRESENT,,,,,,,PRESENT,,,PRESENT,PRESENT_AND_FUTURE,,PRESENT,PRESENT,,,PRESENT,FUTURE,,,,,,,,
ciwqs,,,268548,Trancas WPCP,Los Angeles,,,,,PRESENT,,,,,,,,,,,,,PRESENT,,,PRESENT,FUTURE,PRESENT,,,,,,,,PRESENT,,,,,,,,,,,,,,,,PRESENT,,,,,,,,,,,,,,,,,PAST,,PRESENT,PRESENT,,,,,,,,,,,,,PRESENT,,,,,,,,,,,,PRESENT,
ciwqs,,,268842,"Two Harbors STP, Catalina Island",Los Angeles,,,,,PRESENT,,,,,,,,,,,,,PRESENT,,,PRESENT,,,,PRESENT,,,,,,,,,,,,,,,,,,,,,,,,,,,,,,,,,,,,,,,,PRESENT,,PRESENT,,,,,,,,,,,,,PRESENT,,,,,,,,,,,,,
Clean Watershed Needs Survey,1175484,LACSD (Valencia WRP),270849,Valencia WRP,Los Angeles,,,,,,,,PRESENT,,,PRESENT,,,,,,PRESENT,PRESENT,,,PRESENT,PRESENT,PRESENT,,PRESENT,,,,,,,,,,,,PRESENT,,PRESENT,,,,,,,,,,,,,,,,,,,,,PRESENT,,,,,,,PRESENT,,,,,,,PRESENT,PRESENT,,,,,PRESENT,,,,,,,,,,,,,
ciwqs,1175484,LACSD (Valencia WRP),270849,Valencia WRP,Los Angeles,,,,,PRESENT,,,PRESENT,,,,,,,,,,PRESENT,,,PRESENT,PRESENT,PRESENT,,,,,,PRESENT,,,,,,,,PRESENT,,,,,,,,,PRESENT,PRESENT,,,FUTURE,,,,PRESENT,,,,,,PRESENT,,,FUTURE,,PRESENT,PRESENT,PRESENT,,,,,,,PRESENT,,,FUTURE,,,,,,,,,,PRESENT,,,,,PRESENT,
ciwqs,,,805193,Vista Canyon Water Factory,Los Angeles,,,,,,,,,,,,,,,,,,PRESENT,PRESENT,,,,PRESENT,,,,,,,,,,,,,PRESENT,,,,,,,,,,,,,,,,,,PRESENT,,,,,,PRESENT,,,,,,PRESENT,PRESENT,,,,,,,,,,PRESENT,,,,PRESENT,,,,,,PRESENT,,,,,PRESENT,
Clean Watershed Needs Survey,1175480,LACSD (Whittier Narrows WRP),235826,Whittier Narrows Water Reclamation Plant,Los Angeles,,,,,,,,,,,PRESENT,,,,,,PRESENT_AND_FUTURE,PRESENT,,,PRESENT,PRESENT_AND_FUTURE,PRESENT_AND_FUTURE,,,,,,,,,,,,,,,,PRESENT,,,,,,,,,,,,,,,,,,,,,PRESENT_AND_FUTURE,,,,,,PRESENT,PRESENT,,,,,,,,PRESENT,,,,,PRESENT,,,,,,,,,,,,,
ciwqs,1175480,LACSD (Whittier Narrows WRP),235826,Whittier Narrows Water Reclamation Plant,Los Angeles,,,,,,,,,,,,,,,,,,PRESENT,,,,PRESENT,PRESENT,,,,,,,,,,,,,,,,,,,,,,,,PRESENT,,,,,,,PRESENT,,,,,,PRESENT,,,,,,,PRESENT,,,,,,,,,,PRESENT_AND_FUTURE,,,,,,,,,,,,,,,PRESENT,
ciwqs,,,212973,Camp Sugar Pine,Madera,,,,PRESENT,,,,,,,,,,,,,,,,,,,,,,,,,,PRESENT,,,,,,,,,,,,,,,,,,,,,,,,,,,,,,,,,,,,,,,PRESENT,,,,,,,,,,,,,,,,,,,,,,,,
ciwqs,,,220279,"Diocese of San Joaquin, Episcopal Conference Center Oakhurst (ECCO)",Madera,,,,,,,,,,,,,,,,,,PRESENT,,,,,,,,,,,,,,,,,,,,,,,,,,,,,,,,,,,,,,,,,,PRESENT,,,,,,,,,PRESENT,,,,,,,,,,,PRESENT,,,,,,,,,,PRESENT,,,
ciwqs,,,273147,Gunner Ranch Water Reclamation Plant,Madera,,,,,,,,,,,,,,,,,,,,,,,PRESENT,,,,,,PRESENT,,,,,,,,,,,,,,,,,PRESENT,,,PRESENT,,,,,PRESENT,,,,,PRESENT,,,,,,,,,,,,,,,,,,PRESENT,,,PRESENT,,,,,,,,,,PRESENT,,PRESENT,
ciwqs,,,230092,Hensley Lake,Madera,,,,,,,,,,,,,,,,,,,,,,,,,,,,,,PRESENT,,,,,,,,,,,,,,,,,,,,,,,,,,,,,,,,,,,,,,,PRESENT,,,,,,,,,,,,,,,,,,,,,,,,
ciwqs,,,214483,Madera Cnty #14-Chukchansi WWTF,Madera,,,,,,,,,,,,,,,,,,,,,,,,,,,,,,,,,,,,,,,,,,,,,,,,,,,,,,,,,,,,,,,,,,,,,,,,,,,,,,,,,,,,,,,,,,PRESENT,,,
ciwqs,,,201067,Madera Cnty #19-Parkwood WWTF,Madera,,,,,,,,,,,,,,,,,,,,,,,,,PRESENT,,,,,PRESENT,,,,,,,,,,,,,,,,,,,,,,,,,,,,,,,,,,,,PRESENT,,,,,,,,,,,,,,,,PRESENT,,,,,,,,,,,
ciwqs,,,201070,Madera Cnty #24 Teaford Meadow Lakes WWTF,Madera,,,,,,,,,,,,,,,,,,PRESENT,,,,,,,,,,,,,PRESENT,,,,,,,,,,,,,,,OFFSITE,,,,,,,,,,,,,,,,,,,,PRESENT,PRESENT,,,,,,,,,,,,,PRESENT,,,,,,,,,,PRESENT,,,
ciwqs,,,201072,Madera Cnty #28 Ripperdan WWTF,Madera,,,,,,,,,,,,,,,,,,,,,,,,,,,,,,,PRESENT,,,,,,,,,,,,,,,,,,,,,,,,,,,,,,,,,,,,PRESENT,,,,,,,,,,,,,,,PRESENT,,,,,,,,,,,
ciwqs,,,201077,Madera Cnty #37-La Vina WWTF,Madera,,,,,,,,,,,,,,,,,,,,,,,,,,,,,,,,,,,,,,,,,,,,,,,,,,,,,,,,,,,,,,,,,,,,,PRESENT,,,,,,,,,,,,,,,,,,,,,,,,
ciwqs,,,201087,Madera Cnty #7-Marina View Heights WWTF,Madera,,,,,,,,,,,,,,,,,,PRESENT,,,,,,,,,,,,,PRESENT,,,,,,,,,,,,,,,,,,,,,,,,,,,,,,,,,,,PRESENT,PRESENT,,,,,,,,,,,,,PRESENT,,,,,,,,,,,,,
Clean Watershed Needs Survey,1175701,MADERA STP,273123,Madera WWTF,Madera,,,,,,,,PRESENT,,,,,,,,,,,,,PRESENT,,,,PRESENT,,,,,,,,,,,,,,,,,,,,,,,,,,,,,,,,,,,PRESENT,,,,,,PRESENT,,,,,,,,,PRESENT,,,,,,,,,,,,,,,PRESENT,,,
ciwqs,1175701,MADERA STP,273123,Madera WWTF,Madera,,,,,,,,PRESENT,,,,,,PRESENT,,,,,,,,,PRESENT,,,,,,,PRESENT,,,,,,,,,,,,,,,,PRESENT,,,,,,,,PRESENT,,PRESENT,,,,PRESENT,,,,,,,PRESENT,,,,,,,,,,,,,,,,,PRESENT,,,,,,PRESENT,,PRESENT,
ciwqs,,,817457,Tesoro Viejo WWTP,Madera,,,,,,,,,,,,,,,,,,,,,,,FUTURE,,,,,,FUTURE,,,,,,,,,,,,,,,,,,,,FUTURE,,,,,FUTURE,,,,,,,,,,,FUTURE,FUTURE,,,,,,,,,,,FUTURE,,,FUTURE,,,,,,,,,,FUTURE,,FUTURE,
ciwqs,,,244531,The Preserve at Millerton Lake,Madera,,,,,,,,,,,FUTURE,,,,,,,FUTURE,,,,,FUTURE,,,,,,FUTURE,,,,,,,,,,,,,,,,,FUTURE,,,FUTURE,,,,,FUTURE,,,,,,,,,,,,FUTURE,,,,,,,,FUTURE,,,FUTURE,,FUTURE,,,,,,,,,,,FUTURE,,FUTURE,
Clean Watershed Needs Survey,1175304,Central Marin San. Agency WWTF,213889,Central Marin San. Agcy. WWTP,Marin,,,,,,,,,,,,,,,,,,,,,,,,,,,,,,,,,,,,,,,,,,,,,,,,,,,,,,,,,,,,,,,,,,,,,,,,,,,,,,,,,,,,,,,,,,,,,
ciwqs,1175304,Central Marin San. Agency WWTF,213889,Central Marin San. Agcy. WWTP,Marin,,,,,,,,PRESENT,,,,,,PRESENT,,,,PRESENT,,PRESENT,,PRESENT,,,,,,,,,,,,,,,,,PRESENT,PRESENT,,,,,,PRESENT,,,,,,,,,,,,,,PRESENT,,,,,,PRESENT,PRESENT,,,,,,,PRESENT,PRESENT,,,,,PRESENT,PRESENT,,,,,,,,,,,,
Clean Watershed Needs Survey,1175347,Las Gallinas Valley Sanitary District Sewage Treatment Plant,236598,Las Gallinas WWTP,Marin,,,,,,,,PRESENT_AND_FUTURE,,,,PRESENT_AND_FUTURE,,,,,,PRESENT_AND_FUTURE,,,PRESENT,PRESENT_AND_FUTURE,,,,,,,,,,,,,,,,,PRESENT_AND_FUTURE,,,,,,,PRESENT_AND_FUTURE,,,,,,,PRESENT,PRESENT_AND_FUTURE,,,,,,PRESENT_AND_FUTURE,,,,,,PRESENT_AND_FUTURE,,,,,,,,PRESENT_AND_FUTURE,PRESENT_AND_FUTURE,,,,,,,,,,,,,,,PRESENT,,,
ciwqs,1175347,Las Gallinas Valley Sanitary District Sewage Treatment Plant,236598,Las Gallinas WWTP,Marin,,,,,,,,PRESENT,,,,,,,,,,PRESENT,,,,PRESENT,FUTURE,FUTURE,,,,,PRESENT,,,,,,,,,,PRESENT,,,,,,,FUTURE,PRESENT,,,,,,,PRESENT,,,,,,PRESENT,,,,,,PRESENT,PRESENT,,,,,,,PRESENT,PRESENT,,PRESENT,,PRESENT,FUTURE,,,,,,,,,,PRESENT,,PRESENT,PRESENT
Clean Watershed Needs Survey,1175322,Marin Co. SD #5 WWTF,239497,Marin CSD 5 - Tiburon WWTP,Marin,,,,,,,,PRESENT,,,,,,,,,,PRESENT,,,,,,,,,,,,,,,,,,,,,,,,,,,,PRESENT,,,,,,,,,,,,,,PRESENT,,,,,,PRESENT,PRESENT,,,,,,,,,,,,,PRESENT,PRESENT,,,,,,PRESENT,,,,,,
ciwqs,1175322,Marin Co. SD #5 WWTF,239497,Marin CSD 5 - Tiburon WWTP,Marin,,,,,,,,PRESENT,,,,,,,,,,PRESENT,,,PRESENT,PRESENT,,,,,,,PRESENT,,,,,,,,,,,,,,,,,PRESENT,,,,,,,,,,,,,,PRESENT,,,,,,PRESENT,PRESENT,,,,,,,PRESENT,,,,,,PRESENT,,PRESENT,,,,,,,,,,,
Clean Watershed Needs Survey,1175323,PARADISE COVE WWTF,239498,Marin CSD 5 Paradise Cove WWTP,Marin,,,,,,,,,,,,,,,,,,,,,,,,,,,,,,,,,,,,,,,,,,,,,,,,,,,,,,,,,,,,,,,,,,,,,,,,,,,,,,,,PRESENT,,,,,,,,,,,,,
ciwqs,1175323,PARADISE COVE WWTF,239498,Marin CSD 5 Paradise Cove WWTP,Marin,,,,,,,,,,,,,,,,,,PRESENT,,,PRESENT,PRESENT,,,,,,,PRESENT,,PRESENT,,,,,,,,,,,,,,,,,,,,,,,,,,,,,PRESENT,,,,,,PRESENT,PRESENT,,,,,,,,,,FUTURE,,,PRESENT,,,,,,,,,,,,,
Clean Watershed Needs Survey,1175331,Novato WWTF,244705,Novato and Ignacio WWTP,Marin,,,,,,PRESENT_AND_FUTURE,,PRESENT_AND_FUTURE,,,,,,PRESENT_AND_FUTURE,,,,PRESENT_AND_FUTURE,PRESENT_AND_FUTURE,,,PRESENT_AND_FUTURE,,,,,,,,,,,,,,,PRESENT_AND_FUTURE,,PRESENT_AND_FUTURE,,,,,,,,,,,,,,PRESENT,,,,,,,PRESENT_AND_FUTURE,,,,,,,,,,PRESENT_AND_FUTURE,,,,PRESENT_AND_FUTURE,PRESENT_AND_FUTURE,,,,,PRESENT_AND_FUTURE,,,,,,,PRESENT_AND_FUTURE,,,,,,
ciwqs,1175331,Novato WWTF,244705,Novato and Ignacio WWTP,Marin,,,,,,,,PRESENT,,,PRESENT,PRESENT,,,,,,PRESENT,,FUTURE,,OFFSITE,PRESENT,,,,,,,,,,,,,,,,PRESENT,FUTURE,,,,,,,PRESENT,,,,,,,PRESENT,,,,,,PRESENT,,,,,,PRESENT,PRESENT,,,,,,,PRESENT,PRESENT,,PRESENT,,,PRESENT,,,,,PRESENT,,,,,PRESENT,,PRESENT,
Clean Watershed Needs Survey,1175334,SAUSALITO-MARIN CITY WWTF,255802,Sausalito Marin City STP,Marin,,,,,,,,PRESENT,,,,,,,,,,PRESENT,,,PRESENT,,,,,,,,,,,,,,,,,,PRESENT,,,,,,,PRESENT,,,,,,,,,,,,,,PRESENT,,,,,,PRESENT,,,,,,,,PRESENT,PRESENT,,,,,,,,,,,,,,,,,,
ciwqs,1175334,SAUSALITO-MARIN CITY WWTF,255802,Sausalito Marin City STP,Marin,,,,,,,,,,,,,,,,,,PRESENT,,,,PRESENT,,,,,,,PRESENT_AND_FUTURE,,,,,PRESENT,,,,,PRESENT_AND_FUTURE,,,,,,,PRESENT,PRESENT,,,,,,,,,,,,,PRESENT,,,,PRESENT,,PRESENT_AND_FUTURE,PRESENT,,,,,,,,,,,,,,,,,PRESENT,PRESENT,,,,,,,,
Clean Watershed Needs Survey,1175274,SASM WWTF,255788,Sewerage Agency of Southern Marin (SASM) WWTP,Marin,,,PRESENT,,PRESENT_AND_FUTURE,,,PRESENT,,,,,,,,,,PRESENT,,,PRESENT,,,,,,,,PRESENT_AND_FUTURE,,,,,,,,,,PRESENT,,,,,,,PRESENT,,,,,,,,,,,,,,PRESENT,,,,,,PRESENT,PRESENT,PRESENT,,,,,,PRESENT,PRESENT,,,,,,,,,,,,,,,,,,
ciwqs,1175274,SASM WWTF,255788,Sewerage Agency of Southern Marin (SASM) WWTP,Marin,,,,,,,,,,,,,,,,,,PRESENT,PRESENT,,,OFFSITE,,,,,,,PRESENT,,,,,,,,,,PRESENT,,,,,,,PRESENT,PRESENT,,,,,,,,,,,,,PRESENT,,,,,,PRESENT,PRESENT,,,,,,,PRESENT,PRESENT,,,,,,PRESENT,,,PRESENT,,,,,,,,,
ciwqs,,,209726,Black Oak General Store,Mariposa,,,,,,,,,,,,,,,,,,,,,,,,,,,,,,PRESENT,,,,,,,,,,,,,,,,,,,,,,,,,,,,,,,,,,,,,,,,,,,,,,,,,,,,,,,,,,,,,,,
Clean Watershed Needs Survey,1175536,COULTERVILLE WWTF,215910,Coulterville WWTF,Mariposa,,,,PRESENT,,,,,,,,,,,,,,,,,,,,,,,,,,,,,,,,,,,,,,,,,,,,,,,,,,,,,,,,,,,,,,,,,,PRESENT,,,,,,,,,,,,,,,,,,,,,,,
ciwqs,1175536,COULTERVILLE WWTF,215910,Coulterville WWTF,Mariposa,,,,,,,,,,,,,,,,,,,,,PRESENT,,,,,,,,,,,,,,,,,,,,,,,,,,,,,,,,,,,,,,,PRESENT,,,,,,PRESENT,,,,,,,,,,,,,,PRESENT,,,,,,,,,,,,,
ciwqs,,,219701,Deuel Vocational Institution,Mariposa,,,,,PRESENT,,,,,,,,,,,,,PRESENT,PRESENT,,PRESENT,PRESENT,PRESENT_AND_FUTURE,,PRESENT,,,,PRESENT,,PRESENT,,,,,PRESENT,,,PRESENT,,,,,,,PRESENT,PRESENT,,PRESENT_AND_FUTURE,,,,FUTURE,PRESENT_AND_FUTURE,,PRESENT,,,,,,,PRESENT,,,PRESENT,PRESENT,,,,,,,,,,PRESENT_AND_FUTURE,,,PRESENT,PRESENT,,,,,,,,,PRESENT,,PRESENT_AND_FUTURE,
ciwqs,,,220495,Don Pedro Sewer Zone 1,Mariposa,,,,,,,,,,,,,,,,,,PRESENT,,,,,,,PRESENT,,,,,,PRESENT,,,,,,,,,,,,,,,,,,,,,,,,,,,,,,,,,,,,PRESENT,,,,,,,,,,,,,PRESENT,,,,,,,,,,PRESENT,,,
ciwqs,,,222491,El Portal WWTF,Mariposa,,,,,FUTURE,PRESENT,,PRESENT,,,,,,PRESENT,,PRESENT,PRESENT,PAST,PRESENT,,PRESENT,PAST,FUTURE,,PRESENT_AND_FUTURE,,,,PRESENT,,,,,,,PRESENT,,,PRESENT,,,,,,,PRESENT_AND_FUTURE,PRESENT,,,,,,,,,,,,PRESENT,PRESENT,,,,,,PRESENT,PRESENT,,,,,,,,,,PRESENT,,,PRESENT,PRESENT,PRESENT,,,,,,,,PRESENT,,,
ciwqs,,,227217,Glacier Point WWTF,Mariposa,,,,,,,,,,,,,,,,,,,,,,,,,,,,,,,,,,,,,,,,,,,,,,,,,,,,,,,,,,,,,,,,,,,,,PRESENT,,,,,,,,,,,,,,,,,,,,,,,,
ciwqs,,,227501,Golden Hills Mobile Home Park,Mariposa,,,,,,,,,,,,,,,,,,,,,,,,,,,,,,PRESENT,,,,,,,,,,,,,,,,,,,,,,,,,,,,,,PRESENT,,,,,,,,,,,,,,,,,,,,PRESENT,,PRESENT,,,,,,,,,,,
ciwqs,,,239543,Mariposa Pines WWTF,Mariposa,,,,PRESENT,,,,,,,,,,,,,,,,,,,,,,,,,,,,,,,,,,,,,,,,,,,,,,,,,,,,,,,,,,,,,,,,,,,,,,,,,,,,,,PRESENT,,,,,,,,PRESENT,,,
Clean Watershed Needs Survey,1175679,MARIPOSA WWTF,273207,Mariposa WWTP,Mariposa,,,,,,,,PRESENT,,,,,,,,,,,,,PRESENT,,,,PRESENT,,,,,,,,,,,,,,PRESENT,,,,,,,,,,,,,,,,,,,,,PRESENT,,,,PRESENT,,PRESENT,,,,,,,,,,,,,,PRESENT,,,,,,,,,,PRESENT,,,
ciwqs,1175679,MARIPOSA WWTF,273207,Mariposa WWTP,Mariposa,,,,,,,,,,,,,,,,,,PRESENT,PRESENT,,PRESENT,PRESENT,PRESENT_AND_FUTURE,,,,,,,,,,,,,,,,,,,,,,,PRESENT,PRESENT,,,,,,FUTURE,FUTURE,,PRESENT,,PRESENT,,,,,,,,PRESENT,PRESENT,,,,,,,,,,PRESENT_AND_FUTURE,,,PRESENT,PRESENT,,,,FUTURE,,,,,,,,
ciwqs,,,241545,Mount Bullion Conservation Camp,Mariposa,,,,,,,,,,,,,,,,,,,,,,,,,,,,,,,,,,,,,,,,,,,,,,,,,,,,,,,,,,,,PRESENT,,,,,,,,,PRESENT,PRESENT,,,,,,,FUTURE,,,FUTURE,,FUTURE,,,,,,,,,FUTURE,,
ciwqs,,,257153,"Palm Springs Village-309, LLC Silvertip Resort Village WWTF",Mariposa,,,,,,,,,,,,,,,,,,FUTURE,,,,,FUTURE,,,,,,FUTURE,,,,,,,,,,,,,,,,,,,,,FUTURE,,,,,,,,,,,,,,,,,FUTURE,,FUTURE,,,,,,FUTURE,,FUTURE,,,FUTURE,,,,,,,,,,,,,
ciwqs,,,263168,Tenaya Lodge WWTP,Mariposa,,,,,,,,,,,,,,PRESENT,,,,,,,,,PRESENT,,,,,,PRESENT,,,,,,,,,,,,,,,,,PRESENT,,,PRESENT,,,,,,,,,,,,,,,,,PRESENT,,,,,,,,,,,PRESENT,,,PRESENT,,,,,PAST,,,,,,,PRESENT,
ciwqs,,,271887,Wawona WWTF,Mariposa,,,,,PRESENT,PRESENT,,,,,,,,,,PRESENT,,PRESENT,PRESENT,,PRESENT,,,,PRESENT,,,,PRESENT,,PRESENT,,,,,PRESENT,,,,,,,,,,FUTURE,PRESENT,,,,,,PRESENT,,,,,,PRESENT,,,,,,,,PRESENT,,,,,,,,,,,,,PRESENT,,PRESENT,,,,,,,,,,,
Clean Watershed Needs Survey,1175216,CALPELLA WWTP,212776,Calpella CWD WWTP,Mendocino,,,,PRESENT,,,,,,,,,,,,,,PRESENT,,,,,,,,,,,PRESENT,,,,,,,,,,,,,,,,,,,,,,,,,,,,,,,,,,,,,PRESENT,,,,,,,,,,,,,,,,,,,,,,,,PRESENT,,,
ciwqs,1175216,CALPELLA WWTP,212776,Calpella CWD WWTP,Mendocino,,,,,,,,,,,,,,,,,,PRESENT,,,,,,,,,,,,PRESENT,,,,,,,,,,,,,,,,,,,,,,,,,,,,,,,,,,,,,,,,,,,,,,,,,,,,,,,,,,,,PRESENT,,,
ciwqs,,,213604,CDF Parlin Fork Conservation Camp,Mendocino,,,,,,,,,,,,,,,,,,,,,,,,,,,,,,PAST,,,,,,,,,,,,,,,,,,,,,,,,,,,,,,PRESENT,,,,,,PRESENT,,,PRESENT,,,,,,,,,,,,,,,,,,,,,,,,
Clean Watershed Needs Survey,1175205,Covelo WWTP,215966,Covelo POTW,Mendocino,,,,,,,,,,,,,,,,,,PRESENT,,,,PRESENT,,,,,,,,,,,,,,,,,,,,,,,,,,,,,,,,,,,,,,,,,,,,PRESENT,,,,PRESENT,,,,,PRESENT,,,,,,,,,,,,,,,,,,
ciwqs,1175205,Covelo WWTP,215966,Covelo POTW,Mendocino,,,,PRESENT,,,,,,,,,,,,,,PRESENT,,,PRESENT,PRESENT,PRESENT_AND_FUTURE,,,,,,PRESENT,,,,,,,,,,PRESENT,,,,,,,,PRESENT,,,,,,,,,,PRESENT_AND_FUTURE,,,,,PRESENT,,,,PRESENT,PRESENT,,FUTURE,PRESENT,,,,,,,,,,PRESENT_AND_FUTURE,,PRESENT,,,,,,,,PRESENT,,,PRESENT_AND_FUTURE
Clean Watershed Needs Survey,1175183,HOPLAND WWTF,230693,Hopland Public Utilities District,Mendocino,,,,PRESENT,,,,,,,,,,,,,,PRESENT,,,PRESENT,,,,,,,,,,,,,,,,,,,,,,,,,,,,,,,,,,,,,,,,,,,,,PRESENT,,,,,,,,,,,,,,,,,,,,,,,,PRESENT,,,
ciwqs,1175183,HOPLAND WWTF,230693,Hopland Public Utilities District,Mendocino,,,,PRESENT,,,,,,PRESENT,,,,,,,,PRESENT,,,,,,,,,,,,,,,PRESENT,,,,,,,,,,,,,,,,,,,,,,,,,,,,,,,,,PRESENT,PRESENT,,,,,,,,,,,,,PRESENT,,PRESENT,,,,,,,,PRESENT,,,
Clean Watershed Needs Survey,1175229,Mendocino City WWTF,240307,Mendocino City CSD,Mendocino,,,,,PRESENT,,,,,,,PRESENT,,,,,,PRESENT,,,PRESENT,PRESENT,,,PRESENT,,,,,,PRESENT,,,,,,,,,,,,,,,,,,,,,,,,,,,,,,,,,,,PRESENT,,,,,,,,,PRESENT,,,,,,,,,,,,,,,PRESENT,,,
ciwqs,1175229,Mendocino City WWTF,240307,Mendocino City CSD,Mendocino,,,,,PRESENT,,,,,,,,,,,,,PRESENT,,,PRESENT,PRESENT,,,PRESENT,,,,PRESENT,,PRESENT,,,,,,,,,,,,,,,PRESENT,PRESENT,,,,,,,,,,,,,,,,,,,,PRESENT,,,,,,,,,,,,,PRESENT,,,,,,,,,,PRESENT,,,
Clean Watershed Needs Survey,1175215,ANCHOR BAY WWTF,240318,Mendocino County WWD#2-Anchor Bay,Mendocino,,,,,PRESENT,,,,,,,,,,,,,PRESENT,,,PRESENT,,,,PRESENT,,,,,,PRESENT,,,,,,,,,,,,,,,,,,,,,,,,,,,,,,,,,,,,,,,,,,,,,,,,,,,,,,,,,,,,,,
ciwqs,1175215,ANCHOR BAY WWTF,240318,Mendocino County WWD#2-Anchor Bay,Mendocino,,,,,,,,,,,,PRESENT,,,,,,PRESENT,,,,PRESENT,,,,,,,,,,,,,,,,,,,,,,,,,,,,,,,,,,,,,,PRESENT,,,,,,PRESENT,PRESENT,,,,,,,,,,,,,PRESENT,,,,,,,,,,PRESENT,,,
Clean Watershed Needs Survey,1175214,POINT ARENA WWTF,248791,Point Arena WWTP,Mendocino,,,,PRESENT,,,,,,,,,,,,,,PRESENT,,,,,,,,,,,,,,,,,,,,,,,,,,,,,,,,,,,,,,,,,,,,,,,,PRESENT,,,,PRESENT,,,,,,,,,,,,,,,,,,,,,,,
ciwqs,1175214,POINT ARENA WWTF,248791,Point Arena WWTP,Mendocino,,,,PRESENT,,,,,,,,,,,,,,PRESENT,,,,,,,,,,,,,,,,,,,,,,,,,,,,,,,,,,,,,,,,,,,,,,,,,,,,,,,,,,,,,,,,,,,,,,,,PRESENT,,,
Clean Watershed Needs Survey,1175232,Ukiah WWTF,268960,Ukiah City WWTP,Mendocino,,,,,,,,PRESENT,,,,PRESENT,,,,,,PRESENT,,,,,,,PRESENT,,,,,,,,,,,,,,,,,,,,,,,,,,,,,,,,,,,PRESENT,,,,,,PRESENT,,,,,,,,,PRESENT,,,,,,,,,,,,,,,PRESENT,,,
ciwqs,1175232,Ukiah WWTF,268960,Ukiah City WWTP,Mendocino,,,,,,,,PRESENT,,,,PRESENT,,,,,,PRESENT,PRESENT,,,PRESENT,,,PRESENT,,,,,,,,,PRESENT,,PRESENT,PRESENT_AND_FUTURE,,PRESENT,,,,,,,PRESENT,PRESENT,,,,,,,,,,,,PRESENT,PRESENT,,,,,,PRESENT,PRESENT,,,,,,,PRESENT_AND_FUTURE,PRESENT,,,,,PRESENT_AND_FUTURE,PRESENT,PRESENT,,,,,PRESENT,,,PRESENT,,,
Clean Watershed Needs Survey,1175195,Willits WWTF,272646,Willits City WWTP,Mendocino,,,,PRESENT,,,,PRESENT,,,,PRESENT,,,,,,,,,,PRESENT,,,,,,,,,,,,,,,,,,,,,,,,,,,,,,,,,,,,,,,,,,,,PRESENT,,,,,,,,,,,,,,PRESENT,,,,,,,,,,,,,
ciwqs,1175195,Willits WWTF,272646,Willits City WWTP,Mendocino,,,,,PRESENT,,,,,,OFFSITE,,,,,,,PRESENT,,,,,PRESENT_AND_FUTURE,,PRESENT,,,,PRESENT,,PRESENT,,,,,FUTURE,,,PRESENT,,,,,,,PRESENT,,,,,,,,PRESENT_AND_FUTURE,,,,,FUTURE,,,,,,,PRESENT,PRESENT,,,,,,,,,,PRESENT_AND_FUTURE,,,,,,,,,,,,,,,PRESENT,PRESENT
Clean Watershed Needs Survey,1175548,LOS BANOS WWTF,240362,Housing Authority Cnty of Merced - Los Banos,Merced,,,,PRESENT,,,,,,,,,,,,,,PRESENT,,,PRESENT,,,,,,,,,,,,,,,,,,,,,,,,,,,,,,,,,,,,,,,,,,,,,PRESENT,,,,PRESENT,,,,,,,,,,,,,,,,,,,,,,,
ciwqs,1175548,LOS BANOS WWTF,240362,Housing Authority Cnty of Merced - Los Banos,Merced,,,,PRESENT,,,,,,,,,,,,,,,,,,,,,,,,,,,,,,,,,,,,,,,,,,,,,,,,,,,,,,,,,,,,,,,,,,,,,,,,,,,,,,,,,,,,,,PRESENT,,,
ciwqs,,,273122,Los Banos WWTF,Merced,,,,,,,,,,,,PRESENT,,,,,,,,,,,,,,,,,,PRESENT,,,,,,,,,,,,,,,,,,,,,,,,,,,,,,,,,,,,PRESENT,PRESENT,,,,,,,,,,,,,,,,,,,,,,,PRESENT,,PRESENT,
Clean Watershed Needs Survey,1175585,Merced WWTP,214652,Merced WWTF,Merced,,,,,,,,PRESENT,,,,,,,,,,PRESENT,,PRESENT,,,,,PRESENT,,,,,,,,,,,,PRESENT,,PRESENT,,,,,,,,,,,,,,,,,,,,,PRESENT,,,,,,PRESENT,,,,,,,,PRESENT,,,,,,PRESENT,,,,,,,,,,,,,
ciwqs,1175585,Merced WWTP,214652,Merced WWTF,Merced,,,,,,,,PRESENT,,,,,,,,,,,FUTURE,,,,PRESENT_AND_FUTURE,,PRESENT_AND_FUTURE,,,,PRESENT,,,,,,,PRESENT_AND_FUTURE,PRESENT,,PRESENT_AND_FUTURE,,,,,,,PRESENT,PRESENT,,,,,,,PRESENT_AND_FUTURE,,,,,,PRESENT_AND_FUTURE,,,,,,PRESENT_AND_FUTURE,PRESENT_AND_FUTURE,,,,,,,PRESENT,,,PRESENT_AND_FUTURE,,,PRESENT_AND_FUTURE,FUTURE,,,PRESENT_AND_FUTURE,,,PRESENT_AND_FUTURE,,,PRESENT,,PRESENT,
Clean Watershed Needs Survey,1175587,Planada WWTF,273182,Planada WWTF,Merced,,,,PRESENT,,,,,,,,,,,,,,PRESENT,,,,,,,,,,,,,,,,,,,,,,,,,,,,,,,,,,,,,,,,,,,,,,,,,,,,PRESENT,,,,,PRESENT,,,,,,,,,,,,,,,,,,
ciwqs,1175587,Planada WWTF,273182,Planada WWTF,Merced,,,,PRESENT,,,,,,,,,,,,,,PRESENT,,,PRESENT,PRESENT,,,,,,,,,,,,,,,,,,,,,,,,,PRESENT,,,,,,,,,,,,,,,,,,,,,,,PRESENT,,,,,,,,,,PRESENT,,,,,,,PRESENT,,,,,,
Clean Watershed Needs Survey,1175727,Alturas WWTP,205325,Alturas Municipal WWTP,Modoc,,,,,,,,PRESENT,,,,,,,,,,,,,PRESENT,PRESENT,,,PRESENT,,,,,,,,,,,,,,PRESENT,,,,,,,,,,,,,,,,,,,,,PRESENT,,,,,,,,,,PRESENT,,,,,PRESENT,,,,,PRESENT,,,,,,,,,,,,,
ciwqs,1175727,Alturas WWTP,205325,Alturas Municipal WWTP,Modoc,,,,,,,,,,,,,,,,,,,,,,,,,,,,,,,,,,,,,,,,,,,,,,,,,,,,,PRESENT,,,,,,,,,,,,,,,,,,,,,,,,,,,,,,,,PRESENT,,,,,,,,
Clean Watershed Needs Survey,1175865,HILTON CREEK WWTF,230429,Hilton Creek CSD Package STP,Mono,,,,,,,,PRESENT,,,,,,,,,,,,,PRESENT,,,,PRESENT,,,,,,PRESENT,,,,,,,,,,,,,,,,,,,,,,,,,,,,,,,,,,,PRESENT,,,,,,,,,,,,,,,,,,,,,,,,PRESENT,,,
ciwqs,1175865,HILTON CREEK WWTF,230429,Hilton Creek CSD Package STP,Mono,,,,,,,,,,,,,,,,,,,,,,,,,PRESENT,,,,,,PRESENT,,,,,,,,,,,,,,,,,,,,,,,,,,,,,,,,,,,PRESENT,PRESENT,,,,,,,,,,,,,PRESENT,,,,,,,,,,OFFSITE,,,
ciwqs,,,212424,California Utilities,Monterey,,,,,PRESENT,,,,,,,,,,,,,,,,,,,,PRESENT,,,,,,,,,,,,,,,,,,,,,,,,,,,,,,,,,,PRESENT,,,,,,PRESENT,PRESENT,,,,,,,,,,,,,,,,,,,,,,,,PRESENT,,,
ciwqs,,,212962,Camp Roberts Main (West) Garrison WWTP,Monterey,,,,,,,,PRESENT,,,,,,,,,,,,,PRESENT,,,,PRESENT,,,,,,,,,,,,,,PRESENT,,,,,,,,,,,,,,,,,,,,,PRESENT,,,,,,,PRESENT,,,,,,,,PRESENT,,,,,,,,,,,,,,,PRESENT,,,
Clean Watershed Needs Survey,1175386,CHUALAR TREATMENT PONDS,241305,Chualar WWTP,Monterey,,,,,,,,,,,,,,,,,,,,,PRESENT,,,,,,,,,,,,,,,,,,,,,,,,,,,,,,,,,,,,,,,,,,,,,PRESENT,,,,,,,,,,,,,,,,,,,,,,,,PRESENT,,,
ciwqs,1175386,CHUALAR TREATMENT PONDS,241305,Chualar WWTP,Monterey,,,,PRESENT,,,,,,,,,,,,,,,,,,,,,,,,,,PRESENT,,,,,,,,,,,,,,,,,,,,,,,,,,,,,,PRESENT,,,,,,PRESENT,,,,,,,,,,,,,,,,,,,,,,,,,,,
Clean Watershed Needs Survey,1175438,GONZALES WWTF,227602,Gonzales WWTP,Monterey,,,,,PRESENT,,,,,,,,,,,,,,,,PRESENT,,,,PRESENT,,,,,,,,,,,,,,,,,,,,,,,,,,,,,,,,,,,PRESENT_AND_FUTURE,,,,,,PRESENT,,,,PRESENT_AND_FUTURE,,,,,,,,,,,,,,,,,,,,,,,
ciwqs,1175438,GONZALES WWTF,227602,Gonzales WWTP,Monterey,,,,PRESENT,,,,,,,,,,,,,,,,,PRESENT,,,,,,,,,,,,,,,,,,PRESENT,,,,,,,,,,,,,,,,,,,PRESENT,,PRESENT,,,,,,PRESENT,PRESENT,,,,,,,,,,,,,,,,,,,,,,,PRESENT,,,
Clean Watershed Needs Survey,1175389,GREENFIELD WWTF,227893,"Greenfield WWTP, City of",Monterey,,,,,PRESENT,,,,,,,,,,,,,,,,PRESENT,,,,PRESENT,,,,,,,,,,,,,,PRESENT,,,,,,,,,,,,,,,,,,,,,PRESENT,,,,,,PRESENT,,,,,,,,,,,,,,,,,,,,,,,,PRESENT,,,
ciwqs,1175389,GREENFIELD WWTF,227893,"Greenfield WWTP, City of",Monterey,,,,PRESENT,PRESENT,,,,,,,,,,,,,,,,,,,,PRESENT,,,,,,,,,,,,,,,,,,,,,,,,,,,,,,,,,,,PRESENT,,,,,,PRESENT,,,,,,,,,,,,,,,,,,,,,,,,PRESENT,,,
ciwqs,,,232363,Indian Springs Wastewater Treatment Facility,Monterey,,,,,PRESENT,,,,,,,,,,,,,PRESENT,,,,,,,,,,,PRESENT,,PRESENT,,,,,,,,,,,,,,,PRESENT,,,,,,,,,,,,,,,,,,,,PRESENT,PRESENT,,,,,,,,,,,,,PRESENT,,,,,,,,,,PRESENT,,,
ciwqs,,,235021,King City Domestic WWTF,Monterey,,,,PRESENT,,,,,,,,PRESENT,,,,,,,,,PRESENT,,,,,,,,,,,,,,,,,,PRESENT,,,,,,,,,,,,,,,,,,,,,,,,,,,PRESENT,PRESENT,,,,,,,,,,,,,,,,,,,,,,,PRESENT,,,
ciwqs,,,244646,Lake San Antonio Northshore WWTP,Monterey,,,,PRESENT,,,,PRESENT,,,,,,,,,,,,,,,,,,,,,,,,,,,,,,,,,,,,,,,,,,,,,,,,,,,,PRESENT,,,,,,,,,PRESENT,,,,,,,,,,,,,,,,,,,,,PRESENT,,,
ciwqs,,,236252,Lake San Antonio Southshore WWTP,Monterey,,,,,,,,,,,,,,,,,,,,,,,,,,,,,,PRESENT,,,,,,,,,,,,,,,,,,,,,,,,,,,,,,PRESENT,,,,,,,,,,,,,,,PRESENT,,,,,,,,,,,,,,,PRESENT,,,
ciwqs,,,237149,Little Bear WWTP,Monterey,,,,PRESENT,,,,,,,,PRESENT,,,,,,,,,,,,,,,,,,,,,,,,,,,,,,,,,,,,,,,,,,,,,,PRESENT,,PRESENT,,,,,,,,,,,,,,,,,,,,,,,,,,,,,,PRESENT,,,
ciwqs,,,241306,Monterey Dunes Colony WWTP,Monterey,,,,,,,,,,,,,,,,,,,,,,,,,,,,,,,,,,,,,,,,,,,,,,,,,,,,,,,,,,,,PRESENT,,,,,,,,,PRESENT,,,,,,,,,,,,,,,,,,,,,,,,
Clean Watershed Needs Survey,1175381,Monterey One Water (Regional WWTP and Advanced Water Purification Facility),241740,Monterey One Water Regional WWTP,Monterey,,,,,,,,PRESENT,,,,,,,,,,PRESENT,,PRESENT,,PRESENT,,,PRESENT,,,,,,,,,,,,,,PRESENT,,,,,,,,,,,,,,,,,,,,,PRESENT,,,,,,PRESENT,PRESENT,,,,,,,,PRESENT,,,,,PRESENT,,,,,,,,,,,,,
ciwqs,1175381,Monterey One Water (Regional WWTP and Advanced Water Purification Facility),241740,Monterey One Water Regional WWTP,Monterey,,,,,,,,PRESENT,,,,PRESENT,,PRESENT,,,,,PRESENT,,,,,,PRESENT,,,,,,,,,,,PRESENT,,,PRESENT,,,,,,,PRESENT,PRESENT,,,,,,,,FUTURE,,FUTURE,,,PRESENT,,,PRESENT_AND_FUTURE,,,PRESENT,PRESENT,,,,,,,,PRESENT,,,FUTURE,,PRESENT,PRESENT,,,,PRESENT,,PRESENT_AND_FUTURE,,,PRESENT,FUTURE,,
ciwqs,,,245564,Oak Hills Development WWTP,Monterey,,,,PRESENT,,,,,,,,,,,,,,,,,,,,,,,,,,,,,,,,,,,,,,,,,,,,,,,,,,,,,,,,PRESENT,,,,,,,PRESENT,,,,,,,,,,,,,,,,,,,,,,,PRESENT,,,
Clean Watershed Needs Survey,1175414,Pfeiffer Big Sur WWTF,248169,Pfeiffer Big Sur State Park WWTP,Monterey,,,,,,,,PRESENT,,,,,,,,,,,,,PRESENT,,,,,,,,,,PRESENT,,,,,,,,,,,,,,,,,,,,,,,,,,,,,,,,,,,PRESENT,,,,,,,,,,,,,,,,,,,,,,,,PRESENT,,,
ciwqs,1175414,Pfeiffer Big Sur WWTF,248169,Pfeiffer Big Sur State Park WWTP,Monterey,,,,,PRESENT,,,,,,,,,,,,,,,,PRESENT,,,,,,,,,,,,,,,,,,PRESENT,,,,,,,,PRESENT,,,,,,,,,,,,,,,,,,,PRESENT,PRESENT,,,,,,,,,,,,,PRESENT,,,,,,,,,,,,,
ciwqs,,,255190,San Ardo WWTP,Monterey,,,,,,,,,,,,,,,,,,,,,,,,,,,,,,,,,,,,,,,,,,,,,,,,,,,,,,,,,,,,,,,,,,,,,,,,,,,,,,,,,,,,,,,,,,,,,
ciwqs,,,255306,San Jerardo WWTP,Monterey,,,,PRESENT,,,,,,,,,,,,,,,,,PRESENT,,,,,,,,,,,,,,,,,,,,,,,,,,,,,,,,,,,,,PRESENT,,,,,,,,,,,,,,,,,,,,,,,,,,,,,,,,,,,
ciwqs,,,255653,Santa Lucia WW Recycling Facility (Prod/User),Monterey,,,,,,,,,,,,,,,,,,,,,,,,,,,,,FUTURE,,,,,,,,,,,,,,,,,PRESENT,,,,FUTURE,,,,,,,,,,,,,,,,,,,,,,,,,,,,,FUTURE,,,,,,FUTURE,,,,,,,,
ciwqs,,,258186,Spreckels WWTP,Monterey,,,,PRESENT,,,,,,,,,,,,,,,,,,,,,,,,,,,,,,,,,,,,,,,,,,,,,,,,,,,,,,,,PRESENT,,,,,,,PRESENT,,,,,,,,,,,,,,,,,,,,,,,,,,
ciwqs,,,204492,Admin Center & Oak Shores Day Use Area,Napa,,,,,,,,,,,,,,,,,,,,,,,,,,,,,,PRESENT,,,,,,,,,,,,,,,,,,,,,,,,,PRESENT,,,,,PRESENT,,,,,,,,,PRESENT,,,,,,,,,,,,,,,,,,PRESENT,,,,,,
Clean Watershed Needs Survey,3486530,American Canyon WWTF,205477,American Canyon Water Reclamation Facility (WRF) (formerly WWTP),Napa,,,,,,,,,,,,,,,,,,,,,,,,,,,,,,,,,,,,,,,,,,,,,,,,,,,,,,,,,,,,,,,,,,,,,,,,,,,,,,,,,,,,,,,,,,,,,
ciwqs,3486530,American Canyon WWTF,205477,American Canyon Water Reclamation Facility (WRF) (formerly WWTP),Napa,,,,,,,,,,,,,,,,,,PRESENT,,,,,PRESENT,,,,,,PRESENT,,,,,,,,,,PRESENT,,,,,,,,,,PRESENT,,,,,PRESENT,,,,,,,,,,,,PRESENT,,,,,,,,,,,PRESENT,,,,,,,,,,,,,PRESENT,,PRESENT,PRESENT
Clean Watershed Needs Survey,1175311,Calistoga WWTP,212750,Calistoga City Dunaweal WWTP,Napa,,,,,,PRESENT,,PRESENT,,,,,,,,,,PRESENT,PRESENT,,PRESENT,PRESENT,,,PRESENT,,,,,,,,,,,,,,,,,,,,,,,,,,,,,,,,,,,PRESENT,,,,,,,,,,PRESENT,,,,,,,,,,PRESENT,,,PRESENT,,,,,,,,,,
ciwqs,1175311,Calistoga WWTP,212750,Calistoga City Dunaweal WWTP,Napa,,,,,,,,OFFSITE,,,,,,,,,,PRESENT,,,,PRESENT,,,PRESENT,,,,PRESENT,,,,,,,PRESENT,,,,,,,,,,FUTURE,PRESENT,,,,,,,,,,,,PRESENT,,,,,,,PRESENT,PRESENT,,,,,,,,,,,,,PRESENT,,,,,,,,,,PRESENT,,,
ciwqs,,,214559,Circle Oaks WWTF,Napa,,,,PRESENT,,,,,,,,,,,,,,,,,,,,,,,,,,,,,,,,,,,,,,,,,,,,,,,,,,,,,,,,,,,,,,,,,,PRESENT,,,,,,,,,,,,,,,,,,,,,,,
ciwqs,,,614538,Mustards Grill WWTP,Napa,,PRESENT,,,,,,,,,FUTURE,,,,,,,,,,,,PRESENT,FUTURE,,,,,,,,,,,,,,,,,,,,,,,,,PRESENT,,,,FUTURE,PRESENT,,,,,,PRESENT,,,,,,PRESENT,PRESENT,,PRESENT,,,,,,,,FUTURE,,,PRESENT,,PRESENT,,,,,,,,,,PRESENT,
ciwqs,,,243845,Napa Berryessa WTF,Napa,,,,,,,,,,,,,,,,,,PRESENT,,,,,,,,,,,,,PRESENT,,,,,,,,,,,,,,,FUTURE,,,FUTURE,,,,,,,,,,,,,,,,,PRESENT,,,,,,,,,,,,,,,PRESENT,,,,,,,,,PRESENT,,,
Clean Watershed Needs Survey,1175290,NAPA SANIT. DIST WWRF,243858,Napa Sanitation District WWTP (Soscol Water Recycling Facility),Napa,,,,,,PRESENT,,,,,PRESENT,,,,,,,PRESENT,PRESENT,,,PRESENT,PRESENT,,,,,,,,,,,,,,,,PRESENT,,,,PRESENT,,,,,,,,,,,,,,,,,PRESENT,,,,,,PRESENT,PRESENT,,,PRESENT,,,,PRESENT,PRESENT,,,,,PRESENT,,PRESENT_AND_FUTURE,,,PRESENT,,,,,,,,
ciwqs,1175290,NAPA SANIT. DIST WWRF,243858,Napa Sanitation District WWTP (Soscol Water Recycling Facility),Napa,,,,,,,,PRESENT,,,,,,,,,,PRESENT,PRESENT,PRESENT,,PRESENT,,,,,,,PRESENT,,,,,,,PRESENT,PRESENT,,,PRESENT,,,,,,PRESENT,PRESENT,,,,,,,,,,,,,PRESENT,,,,,,,PRESENT,,,,,,,PRESENT,,,,,,PRESENT,PRESENT,,,,,,PRESENT,,,,,,PRESENT
Clean Watershed Needs Survey,1175336,ST. HELENA WWTF,258386,St. Helena City WWTP,Napa,,,,PRESENT,,,,,,,,,,,,,,PRESENT,,,PRESENT,PRESENT,,,,,,,,,,,,,,,,,,,,,,,,,,,,,,,,,,,,,,PRESENT,,,,,,PRESENT,,,,PRESENT,,,,,,,,,,,,,,,,,,,,,,,
ciwqs,1175336,ST. HELENA WWTF,258386,St. Helena City WWTP,Napa,,,,PRESENT,,,,PRESENT,,PRESENT,,PRESENT,,,,,,PRESENT,,,PRESENT,PRESENT,,,,,,,PRESENT,,,,,,,,,,,,,,,,,FUTURE,,,FUTURE,,,,,,,,,,,,,,,,,FUTURE,PRESENT,,,PRESENT,,,,,,,FUTURE,,,,,,,,,,,,,PRESENT,,,
Clean Watershed Needs Survey,1175359,YOUNTVILLE-VETERANS WWTF,274410,Yountville / CA Vets Home WWTP,Napa,,,,,,,,PRESENT,,,,,,,,,,PRESENT,,,PRESENT,PRESENT,,,PRESENT,,,,,,,,,,,,,,PRESENT,,,,,,,,,,,,,,,,,,,,,PRESENT,,,,,,PRESENT,,,,PRESENT,,,,,PRESENT,,,,,PRESENT,PRESENT,,,,,,,,,,,,
ciwqs,1175359,YOUNTVILLE-VETERANS WWTF,274410,Yountville / CA Vets Home WWTP,Napa,,,,,,,,,,,,,,,,,,PRESENT,PRESENT,,PRESENT,PRESENT,,,PRESENT,,,,PRESENT,,,,,,,PRESENT,PRESENT,,PRESENT,,,,,,,,PRESENT,,,,,,,,,,FUTURE,,,PRESENT,,,,,,,PRESENT,,,,,,,PRESENT,PRESENT,,,,,PRESENT,PRESENT,PRESENT,,PRESENT,,,,,,PRESENT,,,
Clean Watershed Needs Survey,1175846,Cascade Shores WWTP,213432,Cascade Shores WWTP,Nevada,,,,,,,,,,,,PRESENT,,,,,,,,,,,,,,,,,,,,,,,,,,,PRESENT,,,,,,,,,,,,,,,,,,,,,PRESENT,,,,,,PRESENT,,,,,,,,,,,,,,,,,,,,,,,,PRESENT,,,
ciwqs,1175846,Cascade Shores WWTP,213432,Cascade Shores WWTP,Nevada,,,,,PRESENT,,,,,,,,,,,,,PRESENT,,,PRESENT,PRESENT,PRESENT_AND_FUTURE,PRESENT,,,,,PRESENT,,,,,,,,PRESENT,,PRESENT,,,,,,,OFFSITE,PRESENT,,FUTURE,,PRESENT,,,PRESENT,,,,,,,,,,,,PRESENT,PRESENT,,,,,,,PRESENT,,,PRESENT_AND_FUTURE,,PRESENT,PRESENT,,,,,,,,,,PRESENT,,PRESENT,
Clean Watershed Needs Survey,1175702,Grass Valley WWTF,227818,Grass Valley City WWTP,Nevada,,,,PRESENT,PRESENT,,,,,,,,,,,,,PRESENT,,,PRESENT,PRESENT,,,PRESENT,,,,,,,,,,,,,,PRESENT,,,,,,,,,,,,,,,,,,,,,PRESENT,,,,,,,,,,,,,,,PRESENT,,,,,,,,PRESENT,,,,PRESENT,,,,,,
ciwqs,1175702,Grass Valley WWTF,227818,Grass Valley City WWTP,Nevada,,,,,,,,PRESENT,,,,PRESENT,,,,,,,,,,PRESENT,PRESENT,,PRESENT,,,,PRESENT,,PRESENT,,,,,,,,PRESENT,,,,,,,PRESENT,PRESENT,,,,,,PRESENT,PRESENT,,,,,,PRESENT,,,,,,PRESENT,PRESENT,,,,,,,,,,PRESENT_AND_FUTURE,,,,,,,,,,PRESENT,,,PRESENT,,PRESENT,
Clean Watershed Needs Survey,1175804,Lake of the Pines WWTP,236236,Lake of the Pines WWTP,Nevada,,,,PRESENT,,,,,,,,,,,,,,PRESENT,,,,,,,,,,,,,,,,,,,,,,,,,,,,,,,,,,,,,,,,,,,,,,,,PRESENT,,,,PRESENT,,,,,PRESENT,,,,,,,,,,,,,,,,,,
ciwqs,1175804,Lake of the Pines WWTP,236236,Lake of the Pines WWTP,Nevada,,,,,PRESENT,PAST,,,,,,,,PRESENT,,,,PAST,PAST,,,PAST,PRESENT,,,,,,,,,,,,,PAST,,,PRESENT,,,,,,,PRESENT,PAST,,PRESENT,PRESENT,,,,PRESENT,,,,,PRESENT,,,,,,,PRESENT,,,,,,,,PRESENT,,,PRESENT,,,PRESENT,FUTURE,,,,FUTURE,,,,,PRESENT_AND_FUTURE,PRESENT,PRESENT,
Clean Watershed Needs Survey,1175845,Lake Wildwood WWTP,236292,Lake Wildwood WWTP,Nevada,,,,,,,,,,,,PRESENT,,,,,,PRESENT,,,,,,,,,,,,,,,,,,,,,PRESENT,,,,,,,,,,,,,,,,,,,,,PRESENT,,,,,,PRESENT,,,,PRESENT,,,,,,,,,,PRESENT,,,,,,,,,,,,,
ciwqs,1175845,Lake Wildwood WWTP,236292,Lake Wildwood WWTP,Nevada,,,,,PRESENT,,,,,,,,,PRESENT,,,,PRESENT,,,,PRESENT,PRESENT,,PAST,,,,PRESENT,,PRESENT,,,,,,,,PRESENT_AND_FUTURE,,,,,,,PRESENT,PRESENT,,,,,,,PRESENT,,PRESENT,,,,,,,,,,PRESENT,PRESENT,,,,,,,PRESENT,,,PRESENT_AND_FUTURE,,,PRESENT,FUTURE,,,PRESENT,FUTURE,,,,,,,PRESENT,
Clean Watershed Needs Survey,1175704,NEVADA CITY WWTF,244141,Nevada City WWTP,Nevada,,,,,PRESENT_AND_FUTURE,,,,,,,PRESENT,,,,,,PRESENT,,,,,,,,,,,,,,,,,,,,,PRESENT,,,,,,,,,,,,,,,,,,,,,PRESENT_AND_FUTURE,,,,,,PRESENT,,,,,,,,,PRESENT_AND_FUTURE,,,,,,,,,,,,,,,PRESENT,,,
ciwqs,1175704,NEVADA CITY WWTF,244141,Nevada City WWTP,Nevada,,,,,PRESENT,,,PRESENT,,,,,,,,,,PRESENT,,,,PRESENT,PRESENT,,,,,,PRESENT,,,,,,,,,,PRESENT,,,,PRESENT,,,PRESENT,PRESENT,,,,,,PRESENT,PRESENT,,,,,,PAST,,,,,PAST,PRESENT,PRESENT,,,,,,,,,,,,,PRESENT,PRESENT,,,,,,PRESENT,,,,,PRESENT,
ciwqs,,,248713,Pleasant Ridge Elementary School WWTP,Nevada,,,,,,,,,,,,PRESENT,,,,,,,,,,,,,,,,,,,,,,,,,,,,,,,,,,,,,,,,,,,,,,,,PRESENT,,,,,,,PRESENT,,PRESENT,,,,,,,,,,,,,,,,,,PRESENT,,,PRESENT,,,
Clean Watershed Needs Survey,1176076,"San Clemente, City of (Water Reclamation Plant)",255218,City of San Clemente WRP,Orange,,,,,,PRESENT_AND_FUTURE,,PRESENT_AND_FUTURE,,,,,,,,,,PRESENT_AND_FUTURE,PRESENT_AND_FUTURE,PRESENT_AND_FUTURE,PRESENT_AND_FUTURE,,,,,,,,,,,,,,,,PRESENT_AND_FUTURE,,PRESENT_AND_FUTURE,,,,,PRESENT_AND_FUTURE,,PRESENT_AND_FUTURE,,,,,,,,,,,,,,PRESENT_AND_FUTURE,,,,,,,,,,,,,,PRESENT_AND_FUTURE,PRESENT_AND_FUTURE,,,,,PRESENT_AND_FUTURE,,,PRESENT_AND_FUTURE,,,,,,,,,,
ciwqs,1176076,"San Clemente, City of (Water Reclamation Plant)",255218,City of San Clemente WRP,Orange,,,,,,,,PRESENT,,,,,,PRESENT,,,,PRESENT,,,,,,,,,,,,,,,,,,,,,PRESENT,,,,,,,PRESENT,PRESENT,,,,,,,,,,,,,PRESENT,,,,,,PRESENT,PRESENT,,,,,,,PRESENT,,,,,,PRESENT,,,,,,,PRESENT,,,,,,
ciwqs,,,271777,El Toro Water Dist WWRF,Orange,,,,,PRESENT,,,,,,,,,,,,,PRESENT,,,,,PRESENT,,,,,,PRESENT,,,,,,,,PRESENT,,PRESENT,,,,,,,PRESENT,PRESENT,,,,,,,PRESENT,,,,,,,,,,,,PRESENT,,,,,,,,PRESENT,,,,,,PRESENT,,,,,,,PRESENT,,,PRESENT,,PRESENT,
Clean Watershed Needs Survey,1176031,El Toro Water District (Water Reclamation Plant),222509,El Toro WD WRP,Orange,,,,,,,,,,,,,,,,,,PRESENT,,,,,,,,,,,PRESENT,,,,,,,,,,PRESENT,,,,,,,,,,,,,,,,,,,,,PRESENT,,,,,,PRESENT,,,,PRESENT,,,,,,,,,,PRESENT,,,,,,,,,,,,,
ciwqs,1176031,El Toro Water District (Water Reclamation Plant),222509,El Toro WD WRP,Orange,,,,,,,,OFFSITE,,,,,,OFFSITE,,,,PRESENT,,,,,,,,,,,PRESENT,,,,,,,,PRESENT,,PRESENT,,,,,,,OFFSITE,PRESENT,,,,,,,,,,,,,,,,,,,PRESENT,PRESENT,,,,,,,PRESENT,,,,,,PRESENT,PRESENT,,,,,,PRESENT,,,,,,
Clean Watershed Needs Survey,1176095,Los Alisos WRP,237396,IRWD Los Alisos WRP,Orange,,,,PRESENT,,,,,,,,,,,,,,PRESENT,,,,,,,,,,,,,,,,,,,,,PRESENT,,,,,,,,,,,,,,,,,,,,,,,,,,,PRESENT,,,,PRESENT,,,,,PRESENT,,,,,,,,,,,,,,,,,,
ciwqs,1176095,Los Alisos WRP,237396,IRWD Los Alisos WRP,Orange,,,,PRESENT,,,,,,,,,,,,,,PRESENT,PRESENT,,,,,,,,,,,,,,,,,PRESENT,,,PRESENT,,,,,,,PRESENT,PRESENT,,,,,,,,,,,,,,,,,,,PRESENT,,,,,,,,,,,,,,PRESENT,PRESENT,PRESENT,,,,,,,,PRESENT,,,
Clean Watershed Needs Survey,1176050,South Orange County Wastewater Authority  (Latham WWTP),236649,J.B. Latham Wastewater Treatment Plant,Orange,,,,,PRESENT,,,PRESENT,,,,,,PRESENT,,,,PRESENT,,PRESENT,PRESENT,,,,,,,,,,PRESENT,,,,,,PRESENT,,PRESENT,,,,,,,PRESENT,,,,,,,,,,,,,,PRESENT_AND_FUTURE,,,,,,PRESENT,,,,,,,,PRESENT,,,,,,PRESENT,,,PRESENT,,,,,,PRESENT_AND_FUTURE,,,,
ciwqs,1176050,South Orange County Wastewater Authority  (Latham WWTP),236649,J.B. Latham Wastewater Treatment Plant,Orange,,,,,,,,PRESENT,,,,,,PRESENT,,,,PRESENT,,,,,,,,,,,,,,,,,,,,,PRESENT,,,,,,,PRESENT,,,,,,,,,,,,,,PRESENT,,,,,,PRESENT,PRESENT,,,,,,,PRESENT,,,,,,PRESENT,,,,,,,,,,,,,
Clean Watershed Needs Survey,1176095,Irvine Ranch Water District (Los Alisos WRP),758391,Los Alisos WD WWTP,Orange,,,,PRESENT,,,,,,,,,,,,,,PRESENT,,,,,,,,,,,,,,,,,,,,,PRESENT,,,,,,,,,,,,,,,,,,,,,,,,,,,PRESENT,,,,PRESENT,,,,,PRESENT,,,,,,,,,,,,,,,,,,
ciwqs,1176095,Irvine Ranch Water District (Los Alisos WRP),758391,Los Alisos WD WWTP,Orange,,,,,,,,,,,,,,,,,,,,,,,,,,,,,,,,,,,,,,,,,,,,,,,,,,,,,,,,,,,,,,,,,,,,,,,,,,,,,,,,,,,,,,,,,,,,,
Clean Watershed Needs Survey,1175976,OCSD WRP No. 1,758392,OCSD Plant 1,Orange,,,,,,,,PRESENT_AND_FUTURE,,,,,,,,,,PRESENT_AND_FUTURE,,PRESENT,,,,,,,,,PRESENT_AND_FUTURE,,,,,,,,PRESENT_AND_FUTURE,,PRESENT,,,,,,,PRESENT_AND_FUTURE,,,,,,,,,,,,,,PRESENT_AND_FUTURE,,,,,,PRESENT_AND_FUTURE,PRESENT_AND_FUTURE,,,,,,,PRESENT_AND_FUTURE,PRESENT,,,,,,,,,,,,PRESENT_AND_FUTURE,,,,,,
ciwqs,1175976,OCSD WRP No. 1,758392,OCSD Plant 1,Orange,,,,,,,,,,,,,,,,,,PRESENT,PRESENT,,,PRESENT,,,,,,,,,,,,PRESENT,,PRESENT,,,PRESENT,,,,,,,PRESENT,,,,OFFSITE,,,,,OFFSITE,,,,PRESENT,PRESENT,,,OFFSITE,,,PRESENT,PRESENT,,,,,,,,PRESENT,,,OFFSITE,,PRESENT_AND_FUTURE,,,,,,,,,,,,,
Clean Watershed Needs Survey,1175977,OCSD WWTP No. 2,259158,OCSD Plant 2,Orange,,,,,,,,PRESENT,,,,,,PRESENT,,,,PRESENT_AND_FUTURE,,PRESENT,,,,,PRESENT,,,,,,,,,,,,,,PRESENT,,,,,,,,,,,,,,,,,,,,,PRESENT_AND_FUTURE,,,,,,PRESENT_AND_FUTURE,PRESENT_AND_FUTURE,,,,,,,,,,,,,PRESENT,,,,,,,,,,,,,
ciwqs,1175977,OCSD WWTP No. 2,259158,OCSD Plant 2,Orange,,,,,,,,PRESENT,,,,,,,,,,PRESENT,PRESENT,,,PRESENT,,,,,,,FUTURE,,,,,PRESENT,,PRESENT,,,PRESENT,,,,,,,,,,,,,,PRESENT,,,,,,PRESENT,PRESENT,,,OFFSITE,,,PRESENT,FUTURE,,,,,,,,PRESENT,,,,,PRESENT,,,,,,,,,,,,,
Clean Watershed Needs Survey,3334975,Santa Margarita Water District (Chiquita WRP),257518,SMWD - Chiquita WRP,Orange,,,,,,,,,,,,,,,,,,,,,,,,,,,,,,,,,,,,,,,,,,,,,,,,,,,,,,,,,,,,,,,,,,,,,,,,,,,,,,,,,,,,,,,,,,,,,
ciwqs,3334975,Santa Margarita Water District (Chiquita WRP),257518,SMWD - Chiquita WRP,Orange,,,,,,,,,,,,,,,,,,PRESENT,PRESENT,,,,,,,,,,,,,,,,,,,,PRESENT,,,,,,,PRESENT,PRESENT,,,,,,,,,,,,,PRESENT,,,,,,PRESENT,PRESENT,PRESENT,,,,,,PRESENT,PRESENT,,,,,PRESENT,PRESENT,,,PRESENT,,,PRESENT,,,,,,
Clean Watershed Needs Survey,1176093,Santa Margarita Water District (Oso Creek WRP),257520,SMWD Oso Creek WRP,Orange,,,,,,,,,,,,,,,,,,PRESENT_AND_FUTURE,,,PRESENT_AND_FUTURE,,,,,,,,,,,,,,,,,,,,,,,,,,,,,,,,,,,,,,,PRESENT_AND_FUTURE,,,,,,PRESENT_AND_FUTURE,,,,,,,,,PRESENT_AND_FUTURE,,,,,PRESENT_AND_FUTURE,,,,,,,,,,,,,
ciwqs,1176093,Santa Margarita Water District (Oso Creek WRP),257520,SMWD Oso Creek WRP,Orange,,,,,,,,,,,,,,,,,,,,,,,,,,,,,,,,,,,,,,,,,,,,,,,,,,,,,,,,,,,,,,,,,,,,,,,,,,,,,,,,,,,,,,,,,,,,,
Clean Watershed Needs Survey,1176094,MNWD WWTP 3A,241540,SOCWA - 3A Treatment Plant,Orange,,,,,,,,,,,,,,,,,,PRESENT_AND_FUTURE,,,PRESENT_AND_FUTURE,,,,,,,,PRESENT_AND_FUTURE,,,,,,,,,,PRESENT_AND_FUTURE,,,,,,,,,,,,,,,,,,,,,PRESENT_AND_FUTURE,,,,,,PRESENT_AND_FUTURE,PRESENT_AND_FUTURE,,,PRESENT_AND_FUTURE,,,,,PRESENT_AND_FUTURE,,,,,PRESENT_AND_FUTURE,,,,,,,,,,,,,
ciwqs,1176094,MNWD WWTP 3A,241540,SOCWA - 3A Treatment Plant,Orange,,,,,,,,PRESENT,,,,,,PRESENT,,,,PRESENT,,,,,,,,,,,,,,,,,,,PRESENT,,PRESENT,,,,,,,PRESENT,PRESENT,,,,,,,,,,,,,PRESENT,,,,,,PRESENT,PRESENT,,,,,,,PRESENT,,,,,,PRESENT,PRESENT,,,,PRESENT,,,,,,,,
Clean Watershed Needs Survey,1176037,South Orange County Wastewater Authority (Coastal Treatment Plant),257850,SOCWA - Coastal TP,Orange,,,,,,,,,,,,,,,,,,PRESENT,,,,,,,,,,,,,,,,,,,PRESENT,,PRESENT,,,,,,,,,,,,,,PRESENT,,,,,,,PRESENT,,,,,,PRESENT,,,,,,,,PRESENT,PRESENT,,,,,PRESENT,,,,,,,,,,,,,
ciwqs,1176037,South Orange County Wastewater Authority (Coastal Treatment Plant),257850,SOCWA - Coastal TP,Orange,,,,,,,,,,,,,,,,,,PRESENT,PRESENT,,,,,,,,,,PRESENT,,,,,,,,PRESENT,,PRESENT,,,,,,,,PRESENT,,,,,,,,,,,,,PRESENT,,,,,,PRESENT,PRESENT,,,,,,,PRESENT,,,,,,PRESENT,PRESENT,,,,,,PRESENT,,,,,,
ciwqs,,,241053,SOCWA - Regional TP,Orange,,,,,,,,PRESENT,,,,,,PRESENT,,,,PRESENT,PRESENT,,,,,,,,,,,,,,,,,,PRESENT,,PRESENT,,,,,,,PRESENT,PRESENT,,,,,,,,,,,,,PRESENT,,,,,,PRESENT,PRESENT,,,,,,,PRESENT,,,,,,PRESENT,PRESENT,,,,,,,,,,,,
ciwqs,,,257590,SOCWA Aliso Creek Ocean Outfall,Orange,,,,OFFSITE,,,,PRESENT,,,,,,PRESENT,,,,PRESENT,PRESENT,,,,,,,,,,PRESENT,,,,,,,PRESENT,PRESENT,,PRESENT,,,,,,,PRESENT,PRESENT,,,,,,OFFSITE,,,,,,,PRESENT,,,OFFSITE,,,PRESENT,PRESENT,,,,,,,PRESENT,,,,,,PRESENT,PRESENT,PRESENT,,,,,PRESENT,,,,,,
ciwqs,,,257592,SOCWA San Juan Creek Ocean Outfall,Orange,,,,,,,,PRESENT,,,,,,PRESENT,,,,PRESENT,PRESENT,,,,,,,,,,,,,,,,,FUTURE,PRESENT,,PRESENT,,,,,,,PRESENT,PRESENT,,,FUTURE,,,PRESENT,,OFFSITE,,,,,PRESENT,,,PRESENT,,,PRESENT,PRESENT,,,,,,,PRESENT,PRESENT,,FUTURE,,,PRESENT,PRESENT,FUTURE,,PRESENT,,,PRESENT,,,,,,
Clean Watershed Needs Survey,1175560,AUBURN WWTF,206733,Auburn WWTP,Placer,,,,,PRESENT,,,,,,,,,,,,,PRESENT,,,,PRESENT,,,PRESENT,,,,,,PRESENT,,,,,,,,PRESENT,,,,,,,,,,,,,,,,,,,,,,,,,,,PRESENT,,,,,,,,,,,,,,,,PRESENT,,,,,,,,,,,
ciwqs,1175560,AUBURN WWTF,206733,Auburn WWTP,Placer,,,,PRESENT,,,,,,,,,,,,,,PRESENT,PRESENT,,,PRESENT,PRESENT,,,,,,PRESENT,,,,,,,PRESENT,,,PRESENT,,,,PRESENT,,PRESENT,PRESENT,PRESENT,,,,,,PRESENT,PRESENT,,PRESENT,,,PRESENT,,,,,,,PRESENT,PRESENT,,,,,,,,,,PRESENT_AND_FUTURE,,,,PRESENT,,,,PRESENT,,PRESENT,,,,,PRESENT,
Clean Watershed Needs Survey,1175721,Colfax WWTF,215106,City of Colfax WWTP,Placer,,,,,PRESENT,,,PRESENT,,,,,,,,,,PRESENT,,,PRESENT,PRESENT,,,,,,,,,PRESENT,,,,,,,,,,,,,,,,,,,,,,,,,,,,,,,,,,,PRESENT,,,,PRESENT,,,,,,,,,,,,,,,,,,,,,,,
ciwqs,1175721,Colfax WWTF,215106,City of Colfax WWTP,Placer,,,,,PRESENT,,,,,,,,,,,,,,,,,,PRESENT,,,,,,PRESENT,,,,,,,,FUTURE,,,,,,,,,,,,,,,,PRESENT,PRESENT,,,,,,,,,,,,PRESENT,PRESENT,,,,,,,FUTURE,,,PRESENT,,,,,,,,,,PRESENT,,,,,PRESENT,
Clean Watershed Needs Survey,1238820,Dry Creek WWTP,220768,Dry Creek WWTP,Placer,,,,,PRESENT,,,,,,,,,,,,,PRESENT,,,,PRESENT,,,PRESENT,,,,,,,,,,,,PRESENT,,PRESENT,,,,,,,,,,,,,,,,,,,,PRESENT,PRESENT,,,,,,PRESENT,PRESENT,,,PRESENT,,,,PRESENT,PRESENT,,,,,PRESENT,,PRESENT,,,,,,,,,,,
ciwqs,1238820,Dry Creek WWTP,220768,Dry Creek WWTP,Placer,,,,,,,,PRESENT,,,,,,,,,,PRESENT,PRESENT,,,PRESENT,PRESENT,,,,,,PRESENT,,,,,,,,,,PRESENT,,,,,,,PRESENT,PRESENT,,,,,,PRESENT,PRESENT,,,,,PRESENT,PRESENT,,,,,,PRESENT,PRESENT,,,,,,,PRESENT,,,PRESENT_AND_FUTURE,,,,,,,PRESENT,,,,,,PRESENT,,PRESENT,
ciwqs,,,227451,Gold Run Roadside Rests,Placer,,,,,,,,,,,,,,,,,,PRESENT,,,FUTURE,,,,,,,,,FUTURE,,,,,,,,,,,,,,,,,,,,,,,,,,,,,,,,,,,,,,,PRESENT,PRESENT,,,,,,,,,,FUTURE,,,,,,,,,,,,,
Clean Watershed Needs Survey,1238821,LINCOLN WWTF,238365,Lincoln City WWTF,Placer,,,,PRESENT,,,,,,,,,,,,,,PRESENT,,,,PRESENT,,,,,,,,,,,,,,,,,,,,,,,,,,,,,,,,,,,,,,,,,,,,PRESENT,,,,PRESENT,,,,,,,,,,,,,,,,,,,,,,,
ciwqs,1238821,LINCOLN WWTF,238365,Lincoln City WWTF,Placer,,,,,,,,,,,,,,PRESENT,,,,,PRESENT,,,,PRESENT,,,,,,PRESENT,,,,,,,PRESENT,PRESENT,,FUTURE,,,,,,,PRESENT,PRESENT,,,,,,,PRESENT,,PRESENT,,PRESENT,,,,,,,,PRESENT,PRESENT,,,,,,,PRESENT,,,PRESENT,,,PRESENT,PRESENT,,,,,,,,,PRESENT,,PRESENT,
Clean Watershed Needs Survey,1175712,Sheridan WWTF,254925,"Placer Cnty SA No 28, ZONE No.6, Sheridan WWTP",Placer,,,,,,,,,,,,,,,,,,PRESENT,,,,,,,PRESENT,,,,,,,,,,,,,,PRESENT,,,,,,,,,,,,,,,,,,,,,,,,,,,PRESENT,,,,PRESENT,,,,,,,,,,,,,,,,,,,,,,,
ciwqs,1175712,Sheridan WWTF,254925,"Placer Cnty SA No 28, ZONE No.6, Sheridan WWTP",Placer,,,,PRESENT,,,,,,,,,,,,,,PRESENT,,,,,,,,,,,,,,,,,,,,,,,,,,,,,,,,,,,,,,,,,,PRESENT,,,,,,,PRESENT,,,,,,,,,,,,,,,,,,,,,,,,,,
Clean Watershed Needs Survey,3520617,Pleasant Grove WWTP,248706,Pleasant Grove WWTP,Placer,,,,,,,,,,,,,,,,,,,,,,,,,,,,,,,,,,,,,,,PRESENT_AND_FUTURE,,,,,,,,,,,,,,,,,,,,,PRESENT_AND_FUTURE,,,,,,,PRESENT_AND_FUTURE,,,,,,,,,,,,,,,,,,,,,,,,,,
ciwqs,3520617,Pleasant Grove WWTP,248706,Pleasant Grove WWTP,Placer,,,,,,,,PRESENT_AND_FUTURE,,,,,,PRESENT,,,,PRESENT,PRESENT,,,PRESENT,PRESENT,,,,,,PRESENT,,,,,,,PRESENT,,,PRESENT,,,,,,,PRESENT,PRESENT,,,,,,,PRESENT,,PRESENT,,,PRESENT,PRESENT_AND_FUTURE,,,,,,PRESENT,PRESENT,,,,,,,,,,PRESENT_AND_FUTURE,,,,,,,,,,,,,PRESENT,,PRESENT,
ciwqs,,,206730,Thunder Valley Casino WWTP,Placer,,,,,,,,,,,,,,,,,,,,,,,,,,,,,,,,,,,,,,,,,,,,,,PRESENT,,,PRESENT,,,,,,,,,,,,,,,,,PRESENT,,,,,,,,,,,PRESENT,,,,,,,,,,,,,,,PRESENT,
Clean Watershed Needs Survey,1175729,QUINCY TREATMENT PLANT,251217,American Valley WWTP,Plumas,,,,,,,,,,,,,,,,,,PRESENT,,,PRESENT,PRESENT,,,PRESENT,,,,,,,,,,,,,,PRESENT,,,,,,,,,,,,,,,,,,,,,,,,,PRESENT,,PRESENT,,,,PRESENT,,,,,,,,,,,,,,,,,,,,,,,
ciwqs,1175729,QUINCY TREATMENT PLANT,251217,American Valley WWTP,Plumas,,,,,PRESENT,,,,,,,PRESENT,,,,,,PRESENT,,,PRESENT,PRESENT,,,PRESENT,,,,PRESENT,,,,,,,,,,PRESENT,,,,,,,PRESENT,,,,,,,,,,,,PRESENT,PRESENT,,,,,PRESENT,,PRESENT,PRESENT,,,,,,,,,,,,,PRESENT,PRESENT,,,,,,,,,PRESENT,,PRESENT,PRESENT
Clean Watershed Needs Survey,1238822,CHESTER WWTF,214199,Chester STP,Plumas,,,,,,,,,,,,,,,,,,PRESENT,,,,,,,PRESENT,,,,,,,,,,,,,,,,,,,,,,,,,,,,,,,,,,,,,,,,,PRESENT,,,,PRESENT,,,,,,,,,,,,,,,,,,,,,,,
ciwqs,1238822,CHESTER WWTF,214199,Chester STP,Plumas,,,,,,,,,,,,PRESENT,,,,,,PRESENT,,,,PRESENT,,,PRESENT,,,,,,,,,,,,,,,,,,,,,,,,,,,,,,,,,,,,,,,,,PRESENT,,,,PRESENT,,,,,,,,,,,,,,,,,,,,,,,PRESENT
Clean Watershed Needs Survey,3478111,Delleker WWTF,219530,Delleker WWTP,Plumas,,,,,,,,,,,,,,,,,,,,,,,,,,,,,,,,,,,,,,,,,,,,,,,,,,,,,,,,,,,,,,,,,,,,,,,,,,,,,,,,,,,,,,,,,,,,,
ciwqs,3478111,Delleker WWTF,219530,Delleker WWTP,Plumas,,,,PRESENT_AND_FUTURE,PRESENT,,,PRESENT,,PRESENT,,,,,,,,PRESENT,,,,PRESENT,,,PRESENT,,,,,PRESENT,,,PRESENT,,,,,,,,,,,,,,,,,,,,,,,,,,,,,,,,,,,,,PRESENT,,,,,,,,,,,,,,,,,,,,,,,
ciwqs,,,227440,Gold Mountain WWTF,Plumas,,,,,,,,,,,,,,,,,,,,,,,,,,,,,,,,,,,,,,,,,,,,,,,FUTURE,,,,,,,,,,,,,,,,,,,,,,PRESENT,,,,,,,,,,,FUTURE,,,,,,,,,,,,,
ciwqs,,,228018,Grizzly Ranch CSD,Plumas,,,,,,,,,,,,,,,,,,,,,,,PRESENT,,,,,,,,,,,,,,,,,,,,,,,,PRESENT,,,,,,,PRESENT,,,,,,,,,,,PRESENT,PRESENT,,,,,,,,,,,,,,,,,,,,,,,,PRESENT,,,
ciwqs,,,903974,Plumas Eureka Estates WWTF - WWTP 6,Plumas,,,,,,,,,,,,,,,,,,,,,,,,,,,,,,,,,,,,,,,,,,,,,,,,,,,,,,,,,,,,,,,,,,,,,PRESENT,,,,,,,,,,,PRESENT,,,,,PRESENT,,,,,,,,
ciwqs,,,248742,Plumas Eureka Estates WWTF - WWTP 7,Plumas,,,,,,,,,,,,,,,,,,,,,,,,,,,,,,,,,,,,,,,,,,,,,,,,,,,,,,,,,,,,,,,,,,,,,,,,,,,,,,,,,,,,,,,,,,,,,
Clean Watershed Needs Survey,1175539,PORTOLA WWTF,248936,Portola WWTP,Plumas,,,,PRESENT_AND_FUTURE,,,,,,,,,,,,,,,,,,,,,,,,,,,,,,,,,,,,,,,,,,,,,,,,,,,,,,,,,,,,,,PRESENT,,,,,,,,,PRESENT_AND_FUTURE,,,,,,,,,,,,,,,,,,
ciwqs,1175539,PORTOLA WWTF,248936,Portola WWTP,Plumas,,,,PRESENT,,,,,,,,,,,,,,PRESENT,,,,PRESENT,,,PRESENT,,,,,PRESENT,,,,,,,,,,,,,,,,,,,,,,,,,,,,PRESENT,,,,,,,,PRESENT,,,,PRESENT,,,,,,,,,,,,,,,,,,,,,,,PRESENT
Clean Watershed Needs Survey,1175929,Alan Horton WWTF,204870,Alan Horton WWTP,Riverside,,,,,,,,,,,,,,,,,,,,,PRESENT,,,,PRESENT,,,,,,PRESENT,,,,,,,,PRESENT,,,,,,,,,,,,,,,,,,,,,,,,,,,PRESENT,PRESENT,,,,,,,,,,,,,,,,,,,,,,,,,,
ciwqs,1175929,Alan Horton WWTF,204870,Alan Horton WWTP,Riverside,,,,,,,,,,,,,,,,,,,,,PRESENT,,,,PRESENT,,,,,PRESENT,PRESENT,,,,,,,,PRESENT,,,OFFSITE,,,,PRESENT,,,,,,,OFFSITE,,,,,,,,,,,,,,PRESENT,,,,,,,,,,,,,PRESENT,,,,,,,PRESENT,,,,,,
Clean Watershed Needs Survey,1175963,BEAUMONT WWTF,259170,Beaumont WWTP No. 1,Riverside,,,,,,,,PRESENT,,,,,,,,,,PRESENT,,,PRESENT,,,,PRESENT,,,,,,,,,,,,,,,,,,,,,,,,,,,,,,,,,,,PRESENT,,,,,,PRESENT,,,,PRESENT,,,,,PRESENT,,,,,PRESENT,,,,,,,,,,,,,
ciwqs,1175963,BEAUMONT WWTF,259170,Beaumont WWTP No. 1,Riverside,,,,,PRESENT,,,,,,,,,PRESENT,,,,,,,,,PRESENT,,PRESENT,,,,PRESENT,,PRESENT,,,,,,,,PRESENT,,,,,,,PRESENT,PRESENT,,PRESENT,FUTURE,,,,PRESENT,,,,,,,,,PRESENT_AND_FUTURE,,,PRESENT,PRESENT,,,,,,,PRESENT,,,PRESENT,,,PRESENT,,PRESENT,,,,,,,,,,PRESENT,
Clean Watershed Needs Survey,1175920,Blythe Regional WWTF,209847,Blythe Regional WW Reclamation Facilities,Riverside,,,,,,,,PRESENT,,,,PRESENT,,,,,,PRESENT,,,,,,,PRESENT,,,,,,,,,,,,,,,,,,,,,,,,,,,,,,,,,,,,,,,,,PRESENT,,,,,,,,,,,,,,,,,,,,,,,,PRESENT,,,
ciwqs,1175920,Blythe Regional WWTF,209847,Blythe Regional WW Reclamation Facilities,Riverside,,,,,PRESENT,,,PAST,,,,,,,,,,PAST,,,,,,,PAST,,,,,PRESENT,,,,,,,,,,,,,,,,,,,,,,,,,,,,,,PRESENT,,,,,,PRESENT,PRESENT,,,,,,,,PAST,,,,,PRESENT,,,,,,,,,,,,,
ciwqs,,,216446,Coachella Valley WD WWTP,Riverside,,,,,,,,,,,,,,,,,,PRESENT,,,PRESENT,PRESENT,,,PRESENT,,,,,,,,,,,,,,PRESENT,,,,,,,PRESENT,FUTURE,,,,,,,,,,,PRESENT,PRESENT,,,,,,,PRESENT,PRESENT,,,,,,,PRESENT,,,FUTURE,,,PRESENT,FUTURE,,,,,,,,,,,,
Clean Watershed Needs Survey,1175974,Corona WWTF #2,259173,Corona WWRF #2,Riverside,,,,,,,,,,,,,,,,,,,,,,,,,,,,,,,,,,,,,,,,,,,,,,,,,,,,,,,,,,,,,,,,,,,,,,,,,,,,,,,,PRESENT,,,,,,,,,,PRESENT,,,
ciwqs,1175974,Corona WWTF #2,259173,Corona WWRF #2,Riverside,,,,,,,,,,,,,,,,,,FUTURE,FUTURE,,,,,,,,,,PRESENT,,,,,,,,,,PRESENT,,,,,,,,,,,FUTURE,,,,,,,,,,PRESENT,,,,,,PRESENT,PRESENT,,,,,,,,,,,,,PRESENT,FUTURE,,,,,,,,,,,,
ciwqs,,,219649,Desert Crest WWTP,Riverside,,,,,,,,,,,,,,,,,,,,,PRESENT,,,,PRESENT,,,,,PRESENT,,,,,,,,,PRESENT,,,,,,,,,,,,,,,,,PRESENT,,,,,,,,,,PRESENT,PRESENT,,,,,,,,,,,,,,,,,,,,,,,,,,
ciwqs,,,259155,Idyllwild WD WWTP,Riverside,,,,,PRESENT,,,,,,,,,,,,,,FUTURE,,PRESENT,,,,,,,,PRESENT,,PRESENT,,,,,,,,,,,,,,,,FUTURE,,,,,,,,,,,,,,,,,,,,PRESENT,,,,,,,,,,FUTURE,,,PRESENT,FUTURE,,,,,,,,,OFFSITE,,,
Clean Watershed Needs Survey,1175951,Moreno Valley Regional WRF,259203,Moreno Valley RWRF,Riverside,,,,PRESENT_AND_FUTURE,PRESENT_AND_FUTURE,,,,,,,,,,,,,PRESENT,,,,,,,PRESENT_AND_FUTURE,,,,,,,,,,,,,PRESENT,PRESENT,,,,,,,,,,,,,,,,,,,,,PRESENT,,,,,,PRESENT,,,,,,,,,,,,,,PRESENT,,,,,,,,,,,,,
ciwqs,1175951,Moreno Valley Regional WRF,259203,Moreno Valley RWRF,Riverside,,,,,,FUTURE,,,,,,,,,,,,FUTURE,FUTURE,FUTURE,,,,,,,,,,,,,,,,FUTURE,,,FUTURE,FUTURE,,,,,,PRESENT,PRESENT,,,,,,,,,,,,FUTURE,PRESENT,,,,,,PRESENT,FUTURE,,,,,,,PRESENT,,,,,,PRESENT,,,,FUTURE,,,,,,PRESENT,,,
Clean Watershed Needs Survey,1175910,PALM SPRINGS WWRF,247435,Palm Springs WWTF,Riverside,,,,,,,,PRESENT_AND_FUTURE,,,,,,,,,,PRESENT,,PRESENT_AND_FUTURE,PRESENT,,,,PRESENT_AND_FUTURE,,,,,,,,,,,,,,PRESENT_AND_FUTURE,,,,,,,PRESENT_AND_FUTURE,,,,,,,,,,,,,,PRESENT_AND_FUTURE,,,,,,PRESENT_AND_FUTURE,,,,,,,,PRESENT_AND_FUTURE,PRESENT,,,,,,,,,,,,,,,PRESENT_AND_FUTURE,,,
ciwqs,1175910,PALM SPRINGS WWRF,247435,Palm Springs WWTF,Riverside,,,,,,,,PRESENT,,,,,,,,,,,,,,,,,PRESENT,,,,,PRESENT,,,,,,,,,PRESENT,,,,,,,PRESENT,OFFSITE,,,,,,,,,,,,,PRESENT,,,,,,PRESENT,PRESENT,,,,,,,PRESENT,PRESENT,,,,,,,,,,OFFSITE,,,,,,,,
Clean Watershed Needs Survey,1175954,Perris Valley Regional WRF,259209,Perris Valley RWRF,Riverside,,,,,,,,,,,,PRESENT_AND_FUTURE,,,,,,PRESENT,,,PRESENT_AND_FUTURE,,,,PRESENT_AND_FUTURE,,,,,,PRESENT_AND_FUTURE,,,,,,,,PRESENT_AND_FUTURE,,,,,,,,,,,,,,,,,,,,PRESENT,PRESENT,,,,,,PRESENT_AND_FUTURE,,,,,,,,,,,,,,PRESENT,,,,,,,,,,PRESENT,,,
ciwqs,1175954,Perris Valley Regional WRF,259209,Perris Valley RWRF,Riverside,,,,,,FUTURE,,FUTURE,,,FUTURE,,,,,,,FUTURE,FUTURE,FUTURE,,,,,,,,,FUTURE,,,,,FUTURE,,FUTURE,,,FUTURE,FUTURE,,,,,,FUTURE,FUTURE,,,,,,,,,,,FUTURE,FUTURE,PRESENT,,,,,,,FUTURE,,,,,,,FUTURE,,,,,,PRESENT,,,,,,,,,,,,,
Clean Watershed Needs Survey,1175950,San Jacinto Regional WRF,259193,San Jacinto Valley RWRF,Riverside,,,,,,,,PRESENT_AND_FUTURE,,,,,,,,,,PRESENT_AND_FUTURE,,,PRESENT,,,,PRESENT_AND_FUTURE,,,,PRESENT_AND_FUTURE,,,,,,,,,,PRESENT_AND_FUTURE,,,,,,,,,,,,,,,,,,,,,PRESENT_AND_FUTURE,,,,,,PRESENT,,,,,,,,,,,,,,PRESENT_AND_FUTURE,,,,,,,,,,,,,
ciwqs,1175950,San Jacinto Regional WRF,259193,San Jacinto Valley RWRF,Riverside,,,,,,FUTURE,,,,,,,,,,,,FUTURE,FUTURE,,,,FUTURE,,,,,,,,,,,,,FUTURE,,,,,,,,,,FUTURE,FUTURE,,,,,,,FUTURE,,,,,FUTURE,PRESENT,,,,,,,FUTURE,,,,,,,FUTURE,,,,,,PRESENT,FUTURE,,,FUTURE,,,,,,FUTURE,,,
ciwqs,,,259223,Sun City RWRF,Riverside,,,,,,,,,,,,,,,,,,,,,,,,,,,,,,,,,,,,,,,,,,,,,,,PAST,,,,,,,,,,,,,PAST,,,,,,,,,,,,,,,,,,,,PAST,,,,,,,,,,PAST,,,
ciwqs,,,263145,Temecula Valley RWRF,Riverside,,,,,,,,,,,,,,,,,,,,,,,,,,,,,,,,,,,,,,,,,,,,,,,,,,,,,,,,,,FUTURE,,PRESENT,,,,,,,PRESENT,,,,,,,,,,,,,,PRESENT,,,,,,,,,FUTURE,,,
Clean Watershed Needs Survey,1176028,Temecula Valley Regional WRF,259196,Temescal Creek Outfall,Riverside,,,,,,,,,,,,,,,,,,PRESENT,,,,,,,,,,,,,,,,,,,,,PRESENT_AND_FUTURE,,,,,,,,,,,,,,,,,,,,PRESENT,PRESENT,,,,,,PRESENT,,,,,,,,,,,,,,PRESENT,,,,,,,,,,PRESENT,,,
ciwqs,1176028,Temecula Valley Regional WRF,259196,Temescal Creek Outfall,Riverside,,,,,,,,,,,,,,,,,,PRESENT,,,,FUTURE,,,,,,,,,,,,,,,,,,,,,,,,,,,,,,,FUTURE,,,,,,,,,,,,,,,,,,,,,,,,,,,,,,,,,,,,,,,,
Clean Watershed Needs Survey,1175936,VALLEY SD WWTF,270096,Valley SD WWTP,Riverside,,,,,,,,PRESENT,,,,,PRESENT,,,,,PRESENT,,,,,,,,,,,,,,,,,,,,,PRESENT,,,,,,,PRESENT,,,,,,,,,,,,,,PRESENT,,,,,,PRESENT,,,,PRESENT,,,,,,,,,,PRESENT,,,,,,,,,,,,,
ciwqs,1175936,VALLEY SD WWTF,270096,Valley SD WWTP,Riverside,,,,,,,,PRESENT,,,,PRESENT,,,,,,PRESENT,,FUTURE,PRESENT,PRESENT,PRESENT,,PRESENT,,,,,,,,,,,,,,PRESENT,FUTURE,,,,,,PRESENT,,,,,,,,PRESENT,,,,,,PRESENT,,,,,,PRESENT,PRESENT,,,PRESENT,,,,FUTURE,,,,,,PRESENT,,PRESENT,,,,,,,,PRESENT,,PRESENT,PRESENT
ciwqs,,,259218,Wilderness Lakes WWTP,Riverside,,,,,,,,,,,,PRESENT,,,,,,,,,,,,,PRESENT,,,,,PRESENT,PRESENT,,,,,,,,,,,,,,,,,,,,,,,,,,,,,,,,,,,,PRESENT,,,PRESENT,,,,,,,,,,PRESENT,,,,,,,,,,,,,
ciwqs,,,210156,Boys Ranch WWTF,Sacramento,,,,,,,,,,,,PRESENT,,,,,,,,,,,,,,,,,,,,,,,,,,,,,,,,,,,,,,,,,,,,,,,,,,,,,,PRESENT,,,,,,,,,,,,,,,,PRESENT,,,,,,,,PRESENT,,,
Clean Watershed Needs Survey,1175529,Sacramento Regional County Sanitation District (Sacramento Regional Treatment Plant),254981,EchoWater Resource Recovery Facility,Sacramento,,,,,,,,PRESENT_AND_FUTURE,,,,,,,,,,PRESENT,PRESENT_AND_FUTURE,,PRESENT_AND_FUTURE,PRESENT,,,,,,,,,,,,PRESENT_AND_FUTURE,,,,,PRESENT_AND_FUTURE,,,,,,,PRESENT_AND_FUTURE,,,,,,,PRESENT,,,,,,,PRESENT_AND_FUTURE,PRESENT_AND_FUTURE,,,,,PRESENT,PRESENT_AND_FUTURE,,,,,,,PRESENT_AND_FUTURE,,,,,,,,,,,,,,,,,FUTURE,,
ciwqs,1175529,Sacramento Regional County Sanitation District (Sacramento Regional Treatment Plant),254981,EchoWater Resource Recovery Facility,Sacramento,,,PRESENT,,,,,PRESENT,,,FUTURE,,,,,,,PRESENT,,,,PRESENT,PRESENT_AND_FUTURE,,,,,,PRESENT_AND_FUTURE,,,,,,,,PRESENT,,PRESENT,,,,,,,PRESENT,FUTURE,,,,,,,PRESENT,PRESENT_AND_FUTURE,,,,,PRESENT,,,,,PRESENT_AND_FUTURE,PRESENT,PRESENT,,,PRESENT,,,,PRESENT,,,,,,PRESENT,,,,,,PRESENT,PRESENT,,,,,PRESENT,PRESENT
Clean Watershed Needs Survey,1175573,GALT WWTF,226690,Galt WWTP & Reclamation Facility,Sacramento,,,,PRESENT_AND_FUTURE,,,,,,,,,,,,,,,,,,,,,,,,,,,,,,,,,,,,,,,,,,,,,,,,,,,,,,,,,,,,,,PRESENT_AND_FUTURE,,,,PRESENT_AND_FUTURE,,,,,,,,,,,,,,,,,,,,,,,
ciwqs,1175573,GALT WWTF,226690,Galt WWTP & Reclamation Facility,Sacramento,,,,,PRESENT,,,,,,,PRESENT,,,,,,PRESENT,,,,PRESENT,FUTURE,,PRESENT,,,,PRESENT_AND_FUTURE,,PRESENT,,,,,,,,PRESENT_AND_FUTURE,,,,,,,PRESENT_AND_FUTURE,PRESENT_AND_FUTURE,,,,,,PRESENT,FUTURE,,PRESENT,,,,,,,,,,PRESENT,PRESENT,,,PRESENT,,,,PRESENT,,,PRESENT_AND_FUTURE,,,PRESENT,,,,,,,,,,PRESENT,,PRESENT,
ciwqs,,,251695,Rancho Murieta CSD WWT & Rec,Sacramento,,,,PRESENT,,,,,,,,,,,,,,PRESENT,,,,,,,PRESENT,,,,PRESENT,,,,,,,,PRESENT,,,,,,,,,,PRESENT,,,,,,,,,,,,,,,,,,,,,,,,,,,PRESENT,,,,,,,,,,,,,,,,,,,
ciwqs,,,739749,Rancho Seco Recreational Area WWTF,Sacramento,,,,,,,,,,,,,,,,,,,,,,,,,,,,,,PRESENT,,,,,,,,,,,,,,,,,,,,,,,,,,,,PRESENT,,,,,,,,,,,,,,,,,,,,,,,,,,,,,,,,PRESENT,,,
ciwqs,,,215236,Sac City Combined WW Collection/TRT Sys,Sacramento,,,,,,,,,,,,,,,,,,PRESENT,,,,PRESENT,,,,,,,,,,,,,,,PRESENT,,,,,,,,,,,,,,,,,,,,,,,PRESENT,,,,,,PRESENT,,,,,,,,,,,,,,OFFSITE,,,,,,,,,,,,,
Clean Watershed Needs Survey,1175430,Hollister Domestic WWTP,230555,Hollister Domestic WWTP,San Benito,,,,PRESENT,,,,,,,,,,,,,,,,,,,,,,,,,,,,,,,,,,,,,,,,,,,,,,,,,,,,,,,,,,,,,,PRESENT,,,,,,,,,,,,,,,,,,,,,,,,PRESENT,,,
ciwqs,1175430,Hollister Domestic WWTP,230555,Hollister Domestic WWTP,San Benito,,,,,,,,,,,,FUTURE,,,,,,FUTURE,,,,,FUTURE,,,,,,,,,,,,,,,,FUTURE,,,,,,,FUTURE,,,FUTURE,,,,,FUTURE,,,,,,,,,,,,FUTURE,,,,FUTURE,,,,FUTURE,,,,,FUTURE,FUTURE,FUTURE,,,,,FUTURE,FUTURE,,,PRESENT,,FUTURE,
ciwqs,,,251675,Rancho Larios WWTP,San Benito,,,,,PRESENT,,,,,,,,,,,,,PRESENT,,,,,,,,,,,PRESENT,,,,,,,PRESENT,,,PRESENT,,,,,,,PRESENT,PRESENT,,,,,,,,PRESENT,,,,PRESENT,,,,,,PRESENT,PRESENT,,,,,,,,,,,,,,,,,,,,,,,,,,,
ciwqs,,,252700,Ridgemark Estates WWTP,San Benito,,,,,,,,PRESENT,,,,,,,,,,,,,,,PRESENT,,PRESENT,,,,,,,,,,,,,,PRESENT,,,,,,,,,,,,,,,PRESENT,,,,,,,,,,,PRESENT,PRESENT,,,,,,,,,,,,,,,,,,,,,,,,PRESENT,,,
Clean Watershed Needs Survey,1175415,SAN JUAN BAUTISTA WWTF,255337,San Juan Bautista WWTP,San Benito,,,,PRESENT,,,,,,,,,,,,,,PRESENT,,,,,,,PRESENT,,,,,,,,,,,,,,,,,,,,,,,,,,,,,,,,,,,PRESENT,,,,,,PRESENT,,,,,,,,,PRESENT,,,,,,,,,,,,,,,PRESENT,,,
ciwqs,1175415,SAN JUAN BAUTISTA WWTF,255337,San Juan Bautista WWTP,San Benito,,,,,,,,,,,,PRESENT,,,,,,PRESENT,PRESENT,,PRESENT,,PRESENT,,,,,,PRESENT,,,,,,,,,,,,,,,,,,PRESENT,,,,,,,,,,,,,,,,,,PRESENT,,,,,,,,,,,,PRESENT,,,PRESENT,PRESENT,,,,,,,,,PRESENT,,,
Clean Watershed Needs Survey,1175446,TRES PINOS WWTF,266350,Tres Pinos WWTP,San Benito,,,,,,,,,,,,,,,,,,PRESENT,,,,,,,,,,,,,,,,,,,,,,,,,,,,,,,,,,,,,,,,,,,,,,,,PRESENT,,,,PRESENT,,,,,,,,,,,,,,,,,,,,,,,
ciwqs,1175446,TRES PINOS WWTF,266350,Tres Pinos WWTP,San Benito,,,,PRESENT,PRESENT,,,PRESENT,,PRESENT,,,,,,,,,,,,,,,,,,,,PRESENT,,,PRESENT,,,,,,,,,,,,,,,,,,,,,,,,,,,,,,,,,,,,,PRESENT,,,,,,,,,,,,,,,,,,,,PRESENT,,,
ciwqs,,,204475,Adelanto WWTP,San Bernardino,,,,,,,,,,,,,,FUTURE,,,,PRESENT,,,,,,,,,,,,,,,,,,,,,PRESENT,,,,,,,FUTURE,FUTURE,,,,,,,,,,,,,,,,,,,PRESENT,PRESENT,,,,,,,FUTURE,,,,,,PRESENT,,,,,,,,,,PRESENT,,,
Clean Watershed Needs Survey,1175858,Barstow WRF,208769,Barstow WWTP,San Bernardino,,,,,PRESENT,,,,,,,,,PRESENT,,,,,,,PRESENT,,,,PRESENT,,,,PRESENT,,,PRESENT,,,,,,,,,,,,,,,,,,,,,,,,,,,,PRESENT,,,,,,,,,,PRESENT,,,,PRESENT,,,,,,PRESENT,,,,,,,,,,,,,
ciwqs,1175858,Barstow WRF,208769,Barstow WWTP,San Bernardino,,,,,PRESENT,,,,,,,,,,,,,,,,,,PRESENT,,PRESENT,,,,,,,,,,,,,,PRESENT,,,,,,,PRESENT,,,,,,,,PRESENT,,,,,,PRESENT,,,,,,PRESENT,PRESENT,,,,,,,PRESENT,,,,,,,,,,,,,,,,PRESENT,,PRESENT,
ciwqs,,,208930,BB Reg WWA-Lucerne Vly,San Bernardino,,,,,,,,,,,,,,,,,,,,,,,PRESENT,,PRESENT,,,,PRESENT,,,,,,,,,,PRESENT,,,,,,,,,,,,,,,PRESENT,,PRESENT,,,,,,,,,,PRESENT,PRESENT,,,,,,,,,,,,,,,,,,,,,,,,,,
Clean Watershed Needs Survey,1175978,COLTON WWTF,259146,Colton WRF,San Bernardino,,,,,,,,PRESENT_AND_FUTURE,,,,,,,,,,PRESENT_AND_FUTURE,,PRESENT_AND_FUTURE,,,,,PRESENT_AND_FUTURE,,,,,,,,,,,,,,PRESENT_AND_FUTURE,,,,,,,,,,,,,,,PRESENT_AND_FUTURE,,,,,,PRESENT_AND_FUTURE,,,,,,,,,,,,,,,,,,,,PRESENT_AND_FUTURE,,,,,,,,,,PRESENT_AND_FUTURE,,,
ciwqs,1175978,COLTON WWTF,259146,Colton WRF,San Bernardino,,,,,,,,PRESENT,,,,,,,,,,PRESENT,,,,,PRESENT,,,,,,,,,,,,,,PRESENT,,PRESENT,,,,,,,PRESENT,,,,,,,,PRESENT,,PRESENT,,,,PRESENT,,,,,,PRESENT,PRESENT,,,,,,,PRESENT,,,,,,PRESENT,,,,,,,,,,,,PRESENT,
Clean Watershed Needs Survey,3607961,Regional Tertiary Treatment Rapid Infiltration and Extraction Facility,259178,"Colton/San Bernadino STP, RIX",San Bernardino,,,,,,,,,,,,,,,,,,,,,,,,,,,,,,,,,,,,,,,,,,,,,,,,,,,,,,,,,,,,,,,,,,,,,,,,,,,,,,,,,,,,,,,,,,,,,
ciwqs,3607961,Regional Tertiary Treatment Rapid Infiltration and Extraction Facility,259178,"Colton/San Bernadino STP, RIX",San Bernardino,,,,,,,,,,,,,,,,,,,,,,,,,,,,,,,,,,,,,,,,,,,,,,,PRESENT,,,,,,,,,,,PRESENT,,,,,,,,,,,,,,,,,,,PRESENT,,,,,,,,,,,,,,,,
ciwqs,,,230011,Helendale Silverlakes STP,San Bernardino,,,,,PRESENT,,,,,,,,,,,,,PAST,,,,,,,PRESENT,,,,,,,,,,,,,,PRESENT,,,,,,,,,,,,,,,,,,,,,PRESENT,,,,,,PRESENT,PRESENT,,,,,,,,PRESENT,,,,,,,,,,,,,,,PRESENT,,,
ciwqs,,,806008,Hi-Desert WD Reclamation Facility,San Bernardino,,,,,,,,,,,,,,,,,,PRESENT,,,,,PRESENT,,,,,,PRESENT,,,,,,,,,,PRESENT,,,,,,,PRESENT,,,PRESENT,,,,,PRESENT,,,,,PRESENT,,,,,,,PRESENT,,,,,,,,,,,PRESENT,,,,,,,,,,,,,PRESENT,PRESENT,PRESENT,
Clean Watershed Needs Survey,3486596,IEUA Carbon Canyon WRF,259184,IEUA Carbon Canyon WWRF,San Bernardino,,,,,,,,,,,PRESENT_AND_FUTURE,,,,,,,,,,,,,,,,,,,,,,,,,,,,PRESENT,,,,,,,,,,,,,,,,,,,,,PRESENT,,,,,,PRESENT,PRESENT,,,,,,,,,,,,,,,,,,,,,,,,,,
ciwqs,3486596,IEUA Carbon Canyon WRF,259184,IEUA Carbon Canyon WWRF,San Bernardino,,,,,OFFSITE,,,OFFSITE,,,,,,OFFSITE,,,,PRESENT,PRESENT,OFFSITE,,PRESENT,PRESENT,,,,,,PRESENT,,,,,,,PRESENT,OFFSITE,,PRESENT,OFFSITE,,,,,,OFFSITE,PRESENT,,,,,,,PRESENT,,,,,,PRESENT,,,,,,PRESENT,PRESENT,,,,,,,OFFSITE,,,,,,PRESENT,PRESENT,,,,,,PRESENT,,,PRESENT,,PRESENT,
Clean Watershed Needs Survey,1175959,IEUA Regional Plant No.1,259165,IEUA Regional Plant No. 1,San Bernardino,,,,,,PRESENT_AND_FUTURE,,PRESENT_AND_FUTURE,,,PRESENT_AND_FUTURE,,,PRESENT_AND_FUTURE,,,,PRESENT,PRESENT_AND_FUTURE,,PRESENT_AND_FUTURE,,PRESENT_AND_FUTURE,,,,,,PRESENT_AND_FUTURE,,,,,,,,PRESENT_AND_FUTURE,,,,,,,,,,,,,,,,PRESENT_AND_FUTURE,,,,,,,PRESENT_AND_FUTURE,,,,,,PRESENT_AND_FUTURE,,,,,,,,PRESENT_AND_FUTURE,PRESENT_AND_FUTURE,,,,,PRESENT_AND_FUTURE,,,,,,,,,,PRESENT_AND_FUTURE,,,
ciwqs,1175959,IEUA Regional Plant No.1,259165,IEUA Regional Plant No. 1,San Bernardino,,,,,,,,PRESENT,,,,,,PRESENT_AND_FUTURE,,,,PRESENT,PRESENT,PRESENT,,PRESENT,PRESENT,,,,,,PRESENT,,,,,,,PRESENT,PRESENT,,PRESENT,PRESENT,,,,,,PRESENT,PRESENT,,,,,,,PRESENT,,,,,,PRESENT,,,,,,PRESENT,PRESENT,,,,,,,PRESENT,,,,,,,PRESENT,PRESENT,,,,,PRESENT,,,PRESENT,,PRESENT,
ciwqs,,,259166,IEUA Regional Plant No. 2,San Bernardino,,,,,PRESENT,,,PRESENT,,,,,,PRESENT,,,,,,,,,,,,,,,,,,,,,,,PRESENT,,,,,,,,,PRESENT,,,,,,,,,,,,,,,,,,,,,,,,,,,,PRESENT,,,,,,,,,,,,,,,,,,,
Clean Watershed Needs Survey,3486590,IEUA Regional Plant No.4,742794,IEUA Regional Plant No. 4,San Bernardino,,,,,,,,,,,,,,,,,,,,,,,,,,,,,,,,,,,,,,,,,,,,,,,,,,,,,,,,,,,,,,,,,,,,,,,,,,,,,,,,,,,,,,,,,,,,,
ciwqs,3486590,IEUA Regional Plant No.4,742794,IEUA Regional Plant No. 4,San Bernardino,,,,,,,,OFFSITE,,,,,,OFFSITE,,,,PRESENT,PRESENT,OFFSITE,,PRESENT,PRESENT,,,,,,PRESENT,,,,,,,PRESENT,OFFSITE,,PRESENT,OFFSITE,,,,,,OFFSITE,PRESENT,,,,,,,PRESENT,,,,,,PRESENT,,,,,,PRESENT,PRESENT,,,,,,,OFFSITE,,,,,,,PRESENT,PRESENT,,,,,PRESENT,,,PRESENT,,PRESENT,
Clean Watershed Needs Survey,3486593,IEUA Regional Plant No.5,259169,IEUA Regional Plant No. 5,San Bernardino,,,,,,,,,,,PRESENT_AND_FUTURE,,,,,,,PRESENT,,,,,,,,,,,,,,,,,,,,,,,,,,,,,,,,,,,,,,,,,,PRESENT_AND_FUTURE,,,,,,PRESENT_AND_FUTURE,PRESENT_AND_FUTURE,,,,,,,,,,,,,,,,,,,,,,,,,,
ciwqs,3486593,IEUA Regional Plant No.5,259169,IEUA Regional Plant No. 5,San Bernardino,,,FUTURE,,OFFSITE,,,FUTURE,,,FUTURE,,,OFFSITE,,,,PRESENT,PRESENT,,,PRESENT,PRESENT,,,,,,PRESENT,,,,,,,PRESENT,OFFSITE,,PRESENT,,,,,,,FUTURE,PRESENT,,FUTURE,,,,,PRESENT,,,,,,PRESENT,,,,,,PRESENT,PRESENT,,,,,,,FUTURE,,,,,,,PRESENT,PRESENT,,,,,,,,PRESENT,,PRESENT,
ciwqs,,,247644,Park Moabi WWTF,San Bernardino,,,,,,,,,,,,,,,,,,,,,,,,,,,,,,PRESENT,,,,,,,,,,,,,,,,,,,,,,,,,,,,,,PRESENT,,,,,,,,,PRESENT,,,,,,,,,,,,,,,,,,,,,,,,
ciwqs,,,747480,SCLA Central WWTP-Victorville Water Dist,San Bernardino,,,,,PRESENT,,,PRESENT,,,,,,,,,,,,,,,,,,,,,PRESENT,,,,,,,,,,,,,,,,,,,,PRESENT,,,,,,,,,,,,,,,,,PRESENT,,,,,,,,,,,PRESENT,,,,,,,,,,,,,FUTURE,,PRESENT,
ciwqs,,,835078,Sterling Natural Resource Center WWTF,San Bernardino,,,,,,,,PRESENT,,,,,,,,,,,,PRESENT,,,PRESENT,,,,,,PRESENT,,,,,,,,,,PRESENT,PRESENT,,,,,,PRESENT,,,PRESENT,PRESENT,,,,PRESENT,,,,,,,,,,,,PRESENT,,,,,,,,PRESENT,,,PRESENT,,,,,,,,,,,,,PRESENT,,PRESENT,
ciwqs,,,269589,USMC - Mainside WWTF,San Bernardino,,,,,,,,PRESENT,,PRESENT,,PRESENT,,,,,,PRESENT,PRESENT,,,,,,FUTURE,,,,PRESENT,,,,PRESENT,,,,,,,,,,,,,,PAST,,,,,,,,,,,,,,,,,,,PRESENT,PRESENT,,,PRESENT,,,,,,,,,,,PRESENT,,,,,,PAST,,,FUTURE,,,PAST
ciwqs,,,851487,Valley Wells Rest Area,San Bernardino,,,,,,,,,,,,,,,,,,,,,,,,,,,,,,,,,,,,,,,,,,,,,,,,,,,,,,,,,,,,,,,,,,,,,PRESENT,,,,,,,,,,,,,,,,,,PRESENT,,,,,FUTURE,
ciwqs,,,761913,VVWRA Sub-Regional Plant-Apple Valley,San Bernardino,,,,,,,,,,,,,,,,,,,,,,,FUTURE,,,,,,,,,,,,,,,,FUTURE,,,,,,,,,,FUTURE,,,,,FUTURE,,,,,,,,,,,,FUTURE,,,,,,,,,,,FUTURE,,,,,,,,,,,,,,,FUTURE,
ciwqs,,,761903,VVWRA- Sub-Regional Plant-Hesperia,San Bernardino,,,,,,,,,,,,,,,,,,,,,,,FUTURE,,,,,,,,,,,,,,,,FUTURE,,,,,,,,,,FUTURE,,,,,FUTURE,,,,,,,,,,,,FUTURE,,,,,,,,,,,FUTURE,,,,,,,,,,,,,,,FUTURE,
Clean Watershed Needs Survey,1175213,Arcata WWTF,206164,Arcata City WWTF,San Diego,,,,,,,,PRESENT,,,,,,,,,,PRESENT,,PRESENT,,PRESENT,,,PRESENT,,,,,,,,,,,,,,,,,,,,,,,,,,,,,,,,,,,PRESENT,,,,,,PRESENT,,,,PRESENT,,,,,,,,,,,,,,,,,,,,,,,
ciwqs,1175213,Arcata WWTF,206164,Arcata City WWTF,San Diego,,,,FUTURE,,,,PRESENT,,,,,,,,,,PRESENT,,,,PRESENT,,,PRESENT,,,,,,,,,,,,,,PRESENT,,,,,,,FUTURE,,,,,,,FUTURE,FUTURE,,FUTURE,,,,PRESENT,,,,,,PRESENT,FUTURE,,,,,,,FUTURE,,,PRESENT_AND_FUTURE,,,FUTURE,,,,,,,,,,PRESENT,,FUTURE,PRESENT
Clean Watershed Needs Survey,1175638,Atwater Regional Wastewater Treatment Facility,747519,Atwater Regional WWTF,San Diego,,,,PRESENT,,,,PRESENT,,,,PRESENT,,,,,,PRESENT,,PRESENT,PRESENT,,,,,,,,,,PRESENT,,,,,,,,,,,,,,,,,,,,,,,,,,,,,PRESENT,,,,,,PRESENT,,,,,,,,,PRESENT,,,,,,,,,,,,,,,,,,
ciwqs,1175638,Atwater Regional Wastewater Treatment Facility,747519,Atwater Regional WWTF,San Diego,,,,,PRESENT,,,,,,,,,,,,,,,,,,PRESENT,,PRESENT,,,,,,,,,,,,,,PRESENT,,,,,,,PRESENT,PRESENT,,,,,,,PRESENT,,PRESENT,,,,,,,,,,PRESENT,PRESENT,,,,,,,,,,PRESENT,,,PRESENT,,,,,,,,,,PRESENT,,PRESENT,
Clean Watershed Needs Survey,1175514,CAMARILLO Water Reclamation Plant,216719,Camarillo WRP,San Diego,,,,,PRESENT_AND_FUTURE,,,PRESENT_AND_FUTURE,,,,PRESENT_AND_FUTURE,,,,,,PRESENT_AND_FUTURE,,PRESENT,PRESENT,PRESENT_AND_FUTURE,,,PRESENT,,,,,,,,,,,,,,,,,,,,,,,,,,,,,,,,,,,PRESENT_AND_FUTURE,,,,,,PRESENT,,,,PRESENT_AND_FUTURE,,,,,PRESENT_AND_FUTURE,,,,,PRESENT_AND_FUTURE,,,,,,,,,,,,,
ciwqs,1175514,CAMARILLO Water Reclamation Plant,216719,Camarillo WRP,San Diego,,,,,PRESENT,,,PRESENT,,,,,,,,,,PRESENT,,,,PRESENT,PRESENT,,PRESENT,,,,PRESENT,,,,,,,,,,PRESENT,,,,,,PRESENT,,PRESENT,,,,,,,PRESENT,,,,,,PRESENT,,,,,,PRESENT,PRESENT,,,,,,,,,,,,,,,,,,,,PRESENT,,,,,PRESENT,
ciwqs,,,213270,Carlsbad WRF,San Diego,,,,,,,,,,,,,,,,,,PRESENT,,,,,,,,,,,,,,,,,,,,,,,,,,,,PRESENT,PRESENT,,,PRESENT,,,,,,,,,,,,,PRESENT,,,,,,,,,,,PRESENT,,,,,PRESENT,,,,,,,,,,,,,,
Clean Watershed Needs Survey,1238812,Carmel Area Wastewater Treatment Plant,213281,Carmel Area WWTP,San Diego,,,,,PRESENT_AND_FUTURE,,,PRESENT_AND_FUTURE,,,,,,,,,,PRESENT_AND_FUTURE,,,PRESENT_AND_FUTURE,,,,PRESENT_AND_FUTURE,,,,,,,,,,,,PRESENT_AND_FUTURE,,PRESENT_AND_FUTURE,,,,,,,,,,,,,,,,,,,,,PRESENT_AND_FUTURE,,,,,,PRESENT_AND_FUTURE,,,,PRESENT_AND_FUTURE,,,,PRESENT_AND_FUTURE,,,,,,PRESENT_AND_FUTURE,,,,,,,,,,,,,
ciwqs,1238812,Carmel Area Wastewater Treatment Plant,213281,Carmel Area WWTP,San Diego,,,,,,,,PRESENT,,,,,,,,,,PRESENT,,,PRESENT,PRESENT,,,,,,,PRESENT,,,,,,,,PRESENT,,PRESENT,,,,,,,PRESENT,,,,PRESENT,,,,,,,,,,PRESENT,,,PRESENT,,,PRESENT,PRESENT,,,,,,,PRESENT,,,,,,PRESENT,,,,FUTURE,,,,,,,,,
Clean Watershed Needs Survey,1175428,Carpinteria WWTF,213332,Carpinteria SD WWTP,San Diego,,,,,,,,PRESENT,,,,,,,,,,PRESENT_AND_FUTURE,,PRESENT_AND_FUTURE,,PRESENT_AND_FUTURE,,,PRESENT,,,,,,,,,,,,,,PRESENT_AND_FUTURE,,,,,,,,,,,,,,,,,PRESENT,,,,PRESENT,,,,,,PRESENT,,,,,,,,,,,,,,,,,,,,,,,,,,,
ciwqs,1175428,Carpinteria WWTF,213332,Carpinteria SD WWTP,San Diego,,,,,PRESENT,,,,,,,,,,,,,PRESENT,,,,,,,,,,,,,,,,,,,,,PRESENT,,,,,,,,,,,,,,,,FUTURE,,,,,PRESENT,,,FUTURE,,,PRESENT,PRESENT,,,,,,,PRESENT,,,,FUTURE,,PRESENT,,,,,,,,,,,,,
Clean Watershed Needs Survey,1176067,North City WRP,850597,City of San Diego North City Pure Water Facility,San Diego,,,,,,,,,,,PRESENT,,,,,,,PRESENT,,,,,,,,,,,,,,,,,,,,,PRESENT,,,,,,,,,,,,,,,,,,,,,,,,,,,PRESENT,PRESENT,,,,,,,,,,,,,,,,,,,,,,,,,,
ciwqs,1176067,North City WRP,850597,City of San Diego North City Pure Water Facility,San Diego,,,PRESENT,,,,,,,,PRESENT,,,,,,,FUTURE,,,,,,,,,,,,,,,,,,,,,,,,,FUTURE,,,,,,,PRESENT,,,FUTURE,,,,PRESENT,,,,,,PRESENT,,,,,,,,,,,,,,PRESENT,PRESENT,FUTURE,,,,,,,,,,,,,,
ciwqs,,,849194,Civita Water Reclamation Facility,San Diego,,,,,,,,,,,,,,,,,,FUTURE,,,,,,,,,,,,,,,,,,,,,,,,,,,,,,,FUTURE,,,,,,,,,,,,,,,,,FUTURE,,,,,,,,,,,,,,FUTURE,,,,,,,,,,,,,
Clean Watershed Needs Survey,1175201,CLOVERDALE WWTF,214888,Cloverdale City WWTP,San Diego,,,,PRESENT,,,,,,,,,,,,,,PRESENT,,,,PRESENT,,,PRESENT,,,,,,,,,,,,,,,,,,,,,,,,,,,,,,,,,,,,,,,,,PRESENT,,,,PRESENT,,,,,,,,,,PRESENT,,,,,,,,,,,,,
ciwqs,1175201,CLOVERDALE WWTF,214888,Cloverdale City WWTP,San Diego,,,,,,,,,,,,,,,,,,PRESENT,,,,,,,,,,,,PRESENT,PRESENT,,,,,,,,,,,,,,,PRESENT,,,,,,,,,,,,,,,,,,,,PRESENT,,,,,,,,,,,,,,PRESENT,,PRESENT,,,,,,,,,,,
Clean Watershed Needs Survey,1175933,Coachella WWTP,214933,Coachella SD WWTP,San Diego,,,,,PRESENT_AND_FUTURE,,,,,,,,,,,,,PRESENT_AND_FUTURE,,,,,,,PRESENT_AND_FUTURE,,,,,,,,,,,,,,,,,,,,,,,,,,,,,,,,,,,,,,,,,PRESENT,,,,,,,,,,,,,,PRESENT_AND_FUTURE,,,,,,,,,,,,,
ciwqs,1175933,Coachella WWTP,214933,Coachella SD WWTP,San Diego,,,,,PRESENT,,,,,,,,,,,,,PRESENT,,,,PRESENT,PRESENT,,PRESENT,,,,PRESENT,,,,,,,FUTURE,,,PRESENT,,,,,,,PRESENT,,,,,,,,PRESENT,,PRESENT,,,FUTURE,,,,,,,PRESENT,PRESENT,,,,,,,,,,,,,PRESENT,,FUTURE,,,,,,,,PAST,,PRESENT,
Clean Watershed Needs Survey,1175973,Corona WWTF #1,259171,Corona WWRF #1,San Diego,,,,,,,,PRESENT,,,PRESENT,,,,,,,,,,PRESENT,,,,PRESENT,,,,,,,,,,,,,,PRESENT,,,,,,,PRESENT,,,,,,,,,,,,,,PRESENT,,,,,,PRESENT,PRESENT,,,PRESENT,,,,,,,,,,PRESENT,,PRESENT,,,PRESENT,,,,,PRESENT,,,
ciwqs,1175973,Corona WWTF #1,259171,Corona WWRF #1,San Diego,,,,,,,,PRESENT,,,,,,PRESENT,,,,PRESENT,PRESENT,,,PRESENT,,,PRESENT,,,,PRESENT,,,,,,,,,,PRESENT,,,,,,,PRESENT,PRESENT,,,,,,,,,PRESENT,,,,PRESENT,,,,,,PRESENT,PRESENT,,,,PRESENT,,,PRESENT,,,,,,,PRESENT,,,,,,,,,OFFSITE,,PRESENT,
Clean Watershed Needs Survey,3518636,Corona WWTP #3,259174,Corona WWRF #3,San Diego,,,,,,,,,,,,,,,,,,,,,,,,,,,,,,,,,,,,,,,,,,,,,,,,,,,,,,,,,,,,,,,,,,,,,,,,,,,,,,,,,,,,,,,,,,,,,
ciwqs,3518636,Corona WWTP #3,259174,Corona WWRF #3,San Diego,,,,,,,,,,,,,,,,,,PRESENT,,,,PRESENT,,,,,,,,,,,,,,,,,,,,,,,,,,,PRESENT,,,,,,,,,,,,,,,,,PRESENT,,,,,,,,,,,,,,PRESENT,,,,,,,,,,PRESENT,,,
Clean Watershed Needs Survey,1175281,Delta Diablo Wastewater Treatment Plant,219552,Delta Diablo WWTP,San Diego,,,,,,,,,,,,,,,,,,,,,,,,,,,,,,,,,,,,,,,,,,,,,,,,,,,,,,,,,,,,,,,,,,,,,,,,,,,,,,,,,,,,,,,,,,,,,
ciwqs,1175281,Delta Diablo Wastewater Treatment Plant,219552,Delta Diablo WWTP,San Diego,,,,,,,,PRESENT,,,,,,PRESENT,,,,PRESENT,,,,PRESENT,,,,,,,PRESENT,,,,,,,PRESENT,,,PRESENT,,,,,,,PRESENT,PRESENT,,,,,,,,,,,,,PRESENT,,,FUTURE,,,PRESENT,PRESENT,,,,,,,PRESENT,PRESENT,,,,,PRESENT,,PRESENT,,,,,,,,PRESENT,,FUTURE,
Clean Watershed Needs Survey,1175565,DONNER SUMMIT WWTF,220548,Donner Summit PUD WWTP,San Diego,,,,,PRESENT,,,,,,,PRESENT,,,,,,PRESENT,,,PRESENT,,,,,,,,,,,,,,,,,,,,,,,,,,,,,,,,,,,,,,,PRESENT,,,,,,PRESENT,,,,,,,,,,,,,,PRESENT,,,,,,,,,,PRESENT,,,
ciwqs,1175565,DONNER SUMMIT WWTF,220548,Donner Summit PUD WWTP,San Diego,,,,,PRESENT,,,,,,,,,,,,,,,,,,PRESENT,,PRESENT,,,,PRESENT,,,,,,,,,,,,,,PRESENT,,,,,,,,,,PRESENT,PRESENT,,,,,,,,,,,,,,,,,,,,,,,PRESENT,,,PRESENT,,,,,,,,,,,PRESENT,,
ciwqs,,,897869,East County Advanced Water Purification (AWP) Project,San Diego,,,OFFSITE,,,,,FUTURE,,,,,,FUTURE,,,OFFSITE,OFFSITE,,,,PRESENT,OFFSITE,,,,,,OFFSITE,,,,,OFFSITE,,,,OFFSITE,OFFSITE,,,,FUTURE,,,FUTURE,OFFSITE,,,FUTURE,,,FUTURE,OFFSITE,,,,,,OFFSITE,,,FUTURE,,,OFFSITE,OFFSITE,,,,,,,FUTURE,,,FUTURE,FUTURE,,,,,,,,,,,,,,,
ciwqs,,,247351,East County Water Recycling Facility,San Diego,,,,,,PRESENT,,PRESENT,,,PRESENT,,,PRESENT,,PRESENT,PRESENT,PRESENT,PRESENT,,,PRESENT,PRESENT,PRESENT,,,,,PRESENT,,,,,PRESENT,PRESENT,PRESENT,,PRESENT,PRESENT,,,,,,,PRESENT,PRESENT,,,,,,,PRESENT,,,,,PRESENT,PRESENT,,,,,,PRESENT,PRESENT,,,PRESENT,,,,PRESENT,,,,,,PRESENT,PRESENT,PRESENT,,,,,,,,PRESENT,,PRESENT,
Clean Watershed Needs Survey,1175735,El Dorado Hills WWTP,222434,El Dorado Hills WWTP,San Diego,,,,,,,,PRESENT,,,,,,,,,,PRESENT,,,,PRESENT,,,PRESENT,,,,,,,,,,,,,,PRESENT,,,,,,,,,,,,,,,,,,,,,PRESENT,,,,,,PRESENT,,,,,,,,,PRESENT,,,,,,,,,,,,,,,,,,
ciwqs,1175735,El Dorado Hills WWTP,222434,El Dorado Hills WWTP,San Diego,,,,,,,,PRESENT,,,PRESENT_AND_FUTURE,,,,,,,PRESENT,PRESENT,,,,PRESENT,,,,,,PRESENT_AND_FUTURE,,,,,,,PRESENT,PRESENT,,PRESENT,,,,,,,PRESENT,PRESENT,,,,,,,PRESENT,,,,,PRESENT,PRESENT,,,,,,PRESENT,PRESENT,,,,,,,PRESENT,,,PRESENT_AND_FUTURE,,,PRESENT,,,,,,,,,,PRESENT_AND_FUTURE,,PRESENT,
Clean Watershed Needs Survey,1175402,El Estero Wastewater Treatment Facility,222443,El Estero Water Resource Center NPDES,San Diego,,,,,,,,PRESENT,,,,,,,,,,PRESENT,,,PRESENT,,,,,,,,,,,,,,,,,,PRESENT,,,,,,,PRESENT,,,,,,,,,,,,,,PRESENT,,,,,,PRESENT,PRESENT,,,,,,,PRESENT,,,,,,PRESENT,,PRESENT,,,,,,,,,,,
ciwqs,1175402,El Estero Wastewater Treatment Facility,222443,El Estero Water Resource Center NPDES,San Diego,,,,,,,,PRESENT,,,,,,,,,,PRESENT,,,PRESENT,PRESENT,,,,,,,,,,,,,,,PRESENT,,PRESENT,,,OFFSITE,,,,PRESENT,OFFSITE,,,PRESENT,,,OFFSITE,,,,,,OFFSITE,PRESENT,,,OFFSITE,,,PRESENT,PRESENT,,,,,FUTURE,,PRESENT,,,,,PRESENT,PRESENT,PRESENT,,,,,,,,,,,,
Clean Watershed Needs Survey,1176042,Encina WPCF,222754,Encina Ocean Outfall,San Diego,,,,,,,,PRESENT,,,,PRESENT,,PRESENT,,,,PRESENT,,PRESENT,PRESENT,PRESENT,,,,,,,,,,,,,,,,,PRESENT,,,,,,,,,,,,,,,,,,,,,PRESENT_AND_FUTURE,,,,,,PRESENT_AND_FUTURE,PRESENT_AND_FUTURE,,,,,,,,PRESENT,,,,,,,,,,,,,,,PRESENT,,,
ciwqs,1176042,Encina WPCF,222754,Encina Ocean Outfall,San Diego,,,,,,,,PRESENT,,,,,,PRESENT,,,,PRESENT,,,PRESENT,,,,PRESENT,,,,,,,,,,,,PRESENT,,PRESENT,,,,,,,PRESENT,PRESENT,,,PRESENT,,,,,PRESENT,,,,,PRESENT,,,PRESENT,,,PRESENT,PRESENT,,,,,,,PRESENT,,,,,PRESENT,PRESENT,,OFFSITE,,,,,,,,,,,
Clean Watershed Needs Survey,1176042,Encina Water Pollution Control Facility,222758,Encina Water Pollution Control Facility,San Diego,,,,,,,,PRESENT,,,,PRESENT,,PRESENT,,,,PRESENT,,PRESENT,PRESENT,PRESENT,,,,,,,,,,,,,,,,,PRESENT,,,,,,,,,,,,,,,,,,,,,PRESENT_AND_FUTURE,,,,,,PRESENT_AND_FUTURE,PRESENT_AND_FUTURE,,,,,,,,PRESENT,,,,,,,,,,,,,,,PRESENT,,,
ciwqs,1176042,Encina Water Pollution Control Facility,222758,Encina Water Pollution Control Facility,San Diego,,,,,,,,PRESENT,,,,,,PRESENT,,,,PRESENT,,,,,,,PRESENT,,,,,,,,,,,,PRESENT,,PRESENT,,,,,,,PRESENT,PRESENT,,,,,,,,PRESENT,,,,,PRESENT,,,,,,PRESENT,PRESENT,,,,,,,PRESENT,,,,,,PRESENT,,,,,,,,,,,,,
Clean Watershed Needs Survey,1175996,Lake Elsinore Regional WWTP,259214,EVMWD Regional WWRF,San Diego,,,,,PRESENT,,,,,,,,,,,,,PRESENT,,,PRESENT,,,,PRESENT,,,,,,,,,,,,,,,,,,,,,,,,,,,,,,,PRESENT,,,,,,,,,,PRESENT,,,,,,,,PRESENT,PRESENT,,,,,,,,,,,,,,,PRESENT,,,
ciwqs,1175996,Lake Elsinore Regional WWTP,259214,EVMWD Regional WWRF,San Diego,PRESENT,,,,,PRESENT,,,,,,,,,,PRESENT,,,PRESENT,,,,PRESENT,,PRESENT,,,,,,PRESENT,,,,,,,,PRESENT,,,,,,,PRESENT,PRESENT,,,,,,,PRESENT,,PRESENT,,,,PRESENT,,,,,,PRESENT,,,,,,,,,,,PRESENT,,,PRESENT,,,,,,,,,,,,PRESENT,OFFSITE
Clean Watershed Needs Survey,1176034,FALLBROOK WWTF #1,224137,Fallbrook Water Reclamation Plant,San Diego,,,,,PRESENT,,,PRESENT,,,,,,,,,,PRESENT,,,PRESENT,,,,PRESENT,,,,,,,,,,,,,,PRESENT,,,,,,,,,,,,,,,,,,,,,,,,,,,PRESENT,,,,,,,,,PRESENT,,,,,PRESENT,,,,,,,,,,,,,
ciwqs,1176034,FALLBROOK WWTF #1,224137,Fallbrook Water Reclamation Plant,San Diego,,,,,PRESENT,,,,,,,PRESENT,,PRESENT,,,,PRESENT,PRESENT,,,PRESENT,,,PRESENT,,,,PRESENT,,,,,,,PRESENT,,,PRESENT,,,,,,,PRESENT,PRESENT,,,,,,,,,,,,,PRESENT,,,,,,PRESENT,PRESENT,,,,,,,PRESENT,,,,,,PRESENT,PRESENT,,,PRESENT,,,,,,PRESENT,,,
Clean Watershed Needs Survey,1175196,Fort Bragg WWTP,225055,Fort Bragg City WWTP,San Diego,,,,,,,,PRESENT,,,,,,,,,,PRESENT,,,,PRESENT,,,PRESENT,,,,,,,,,,,,,,,,,,,,,,,,,,,,,,,,,,,,,,,,,PRESENT,,,,,,,,PRESENT,PRESENT,,,,,,,,,,,,,,,,,,
ciwqs,1175196,Fort Bragg WWTP,225055,Fort Bragg City WWTP,San Diego,,,,,FUTURE,,,PRESENT,,,,PRESENT,,,,,,PRESENT,PRESENT,,,PRESENT,FUTURE,,PRESENT_AND_FUTURE,,,,FUTURE,PRESENT,,,,,,,,,PRESENT,,,,,,,PRESENT,,,,,,,,FUTURE,,,,,,PRESENT,,,,,,PRESENT,PRESENT,,,,,,,PRESENT,PRESENT,,,,,FUTURE,PRESENT,,,,,,,,,PRESENT,,FUTURE,
Clean Watershed Needs Survey,1175181,FORTUNA WWTF,225089,Fortuna City WWTP,San Diego,,,,,,,,PRESENT,,,,,,,,,,PRESENT,,,PRESENT,PRESENT,,,PRESENT,,,,,,,,,,,,,,PRESENT,,,,,,,,,,,,,,,,,,,,,,,,,,,,,,,,,,,PRESENT,,,,,,PRESENT,,,,,,,,,,,,,
ciwqs,1175181,FORTUNA WWTF,225089,Fortuna City WWTP,San Diego,,,,,,,,PRESENT,,,,,,,,,,PRESENT,,,,PRESENT,,,,,,,PRESENT,,,,,,,,,,PRESENT,,,,,,,PRESENT,,,,,,,,,,,,,,PRESENT,,,,,,PRESENT,PRESENT,,,,,,,PRESENT,,,,,,PRESENT,,,,,,,,,,PRESENT,,,
Clean Watershed Needs Survey,1176046,Gafner Water Recycling Facility,226637,Gafner Water Reclamation Facility,San Diego,,,,,,,,PRESENT,,,,,,,,,,PRESENT,,,,,,,PRESENT,,,,,,,,,,,,,,,,,,,,,,,,,,,,,,,,,,PRESENT,PRESENT,,,,,,PRESENT,,,,,,,,,PRESENT,,,,,,,,,,,,,,,,,,
ciwqs,1176046,Gafner Water Recycling Facility,226637,Gafner Water Reclamation Facility,San Diego,,,,,,,,,,,,,,,,,,PRESENT,PRESENT,,,,,,,,,,,,,,,,,PRESENT,,,,,,,,,,,,,,,,,,,,,,,,,,,,,,,,,,,,,,,,,,,,,PRESENT,PRESENT,,,,,PRESENT,,,,,,
Clean Watershed Needs Survey,1175388,Goleta Sanitary District Water Resource Recovery Facility,227568,Goleta SD WWTP,San Diego,,,,,,,,,,,,PRESENT_AND_FUTURE,,,,,,PRESENT_AND_FUTURE,,,PRESENT_AND_FUTURE,,,,PRESENT,,,,,,,,,,,,,,PRESENT_AND_FUTURE,,,,,,,,,,,,,,,,,,,,,PRESENT_AND_FUTURE,,,,,,PRESENT_AND_FUTURE,,,,,,,,,PRESENT_AND_FUTURE,,,,,,,,,,,,,,,PRESENT,,,
ciwqs,1175388,Goleta Sanitary District Water Resource Recovery Facility,227568,Goleta SD WWTP,San Diego,,,,,,,,PRESENT,,,PRESENT,,,,,,,PRESENT,PRESENT,,,PRESENT,,,PRESENT,,,,,,,,,,,PRESENT,,,PRESENT,,,,,,,PRESENT,PRESENT,,,,,,,,,,,,FUTURE,PRESENT,,,,,,PRESENT,PRESENT,,,PRESENT,,,,FUTURE,PRESENT,,,,,PRESENT,PRESENT,PRESENT,,,,,,,,,,,
ciwqs,,,228046,Groundwater Replenishment System - Advanced WTF,San Diego,,,,,,,,,,,,,,,,,,PRESENT,,,,PRESENT,,,,,,,,,,,,,,,,,,,,,PRESENT,,,PRESENT,,,,PRESENT,,,PRESENT,,,,,,,,,,PRESENT,,,PRESENT,,,,,,,,,,,PRESENT,PRESENT,,,,,,,,,,,,,,,
Clean Watershed Needs Survey,1176070,Hale Avenue RRF,229727,Hale Avenue Resource Recovery Facility (HARRF) Recycled Water,San Diego,,,,,,,,PRESENT_AND_FUTURE,,,PRESENT,,,,,,PRESENT_AND_FUTURE,PRESENT,,PRESENT,PRESENT,,,,PRESENT,,,,,,,,,,,,PRESENT,,PRESENT,,,,,,,PRESENT,,,,,,,,,,,,,,PRESENT_AND_FUTURE,,,,,,PRESENT_AND_FUTURE,,,,,,,,PRESENT,,,,,,PRESENT_AND_FUTURE,,PRESENT_AND_FUTURE,,,,,,,,,,,
ciwqs,1176070,Hale Avenue RRF,229727,Hale Avenue Resource Recovery Facility (HARRF) Recycled Water,San Diego,,,,,,,,PRESENT,,,,,,,,,,PRESENT,PRESENT,,,PRESENT,,,,,,,,,,,,,,PRESENT,PRESENT,,PRESENT,,,,,,,PRESENT,PRESENT,,,,,,,,,,,,,PRESENT,,,,,,PRESENT,PRESENT,,,,,,,PRESENT,,,PRESENT,,,PRESENT,PRESENT,,,,,,,,,,,,
ciwqs,,,229726,HARRF DISCH to San Elijo Ocean Outfall,San Diego,,,,,,,,PRESENT,,,,,,PRESENT,,,,PRESENT,PRESENT,,,PRESENT,,,,,,,PRESENT,,,,,,,PRESENT,PRESENT,,PRESENT,,,,,,,PRESENT,PRESENT,,,,,,,,,,,,,PRESENT,,,,,,PRESENT,PRESENT,,,,,,,PRESENT,,,PRESENT,,,PRESENT,PRESENT,,,,,,,,,,,,
Clean Watershed Needs Survey,1175287,"Hayward, City of (WPCF)",229882,Hayward WPCF,San Diego,,,,PRESENT_AND_FUTURE,,,,PRESENT,,,,PRESENT,,,,,,PRESENT,,,PRESENT,,,,PRESENT_AND_FUTURE,,,,,,,,,,,,PRESENT,,PRESENT,,,,,,,PRESENT,,,,,,,,,,,,,,PRESENT,,,,,,PRESENT,PRESENT,,,PRESENT_AND_FUTURE,,,,PRESENT,PRESENT,,,,,,,,,,,,PRESENT_AND_FUTURE,,,,,,
ciwqs,1175287,"Hayward, City of (WPCF)",229882,Hayward WPCF,San Diego,,,,,,,,PRESENT,,,PRESENT,,,,,,,PRESENT,,,PRESENT,PRESENT,PRESENT,,PRESENT,,,,PRESENT,,,,,,,,,,PRESENT,,,,,,,,,,,,,,,PRESENT,,,,,,PRESENT,,,,,,PRESENT_AND_FUTURE,PRESENT,,,,,,,PRESENT,PRESENT,,,,,PRESENT_AND_FUTURE,,,,,,,,,,PRESENT,,PRESENT_AND_FUTURE,
Clean Watershed Needs Survey,1175972,Yucaipa Valley WD WWTP,259161,Henry N. Wochholz WWRF,San Diego,,,,,,,,PRESENT_AND_FUTURE,,,,,,,,,,PRESENT_AND_FUTURE,,PRESENT_AND_FUTURE,,PRESENT_AND_FUTURE,,,PRESENT_AND_FUTURE,,,,PRESENT_AND_FUTURE,,,,,,,,PRESENT_AND_FUTURE,,PRESENT_AND_FUTURE,,,,,,,,,,,,,,,,,,,,,PRESENT_AND_FUTURE,,,,,,PRESENT_AND_FUTURE,,,,,,,,PRESENT_AND_FUTURE,,,,,,PRESENT_AND_FUTURE,,,,,,,,,,,,,
ciwqs,1175972,Yucaipa Valley WD WWTP,259161,Henry N. Wochholz WWRF,San Diego,,,,,,,,PRESENT,PRESENT,,PRESENT,,,,,,,,,PRESENT,,,PRESENT,,,,,,PRESENT,,,,,,,,PRESENT,,PRESENT,PRESENT,,,,,,PRESENT,,,PRESENT,PRESENT,,,,PRESENT,,,,,,PRESENT,,,PRESENT,,,PRESENT,PRESENT,,,,,,,PRESENT,PRESENT,,PRESENT,,,PRESENT,,,,,,,,,,,,PRESENT,
Clean Watershed Needs Survey,1175462,Hill Canyon WWTP,231693,Hill Canyon WWTP,San Diego,,,,,,PRESENT,,PRESENT,,,PRESENT,PRESENT,,,,,,PRESENT,PRESENT,,PRESENT,PRESENT,,,PRESENT,,,,,,,,,,,,PRESENT,,PRESENT,,,,,,,,,,,,,,,,,,,,,PRESENT,,,,,,PRESENT,PRESENT,,,PRESENT,,,,PRESENT,PRESENT,,,,,PRESENT,,,,,,,,,,,,,
ciwqs,1175462,Hill Canyon WWTP,231693,Hill Canyon WWTP,San Diego,,,,,,,,PRESENT,,,,,,,,,,PRESENT,,PRESENT,,PRESENT,PRESENT,,PRESENT,,,,PRESENT,,,,,PRESENT,,,,,PRESENT,PRESENT,,,,,PRESENT,PRESENT,PRESENT,,,,,,,PRESENT,,,,,,PRESENT,,,,,,PRESENT,PRESENT,,,,,,,PRESENT,,,,,,,PRESENT,PAST,,,PRESENT,,,,,,,PRESENT,
ciwqs,,,234117,Julian Water Pollution Facility,San Diego,,,,,PRESENT,,,,,,,,,,,,,,,,,,,,PRESENT,,,,PRESENT,,PRESENT,,,,,,,,,,,,,,,,,,,,,,,,,,,,,,,,,,,PRESENT,PRESENT,,,,,,,,,,,,,PRESENT,,,,,,,,,,PRESENT,,,
Clean Watershed Needs Survey,1176080,"Oceanside, City of (San Luis Rey WWTF)",236019,"La Salina WWTP, Oceanside Ocean Outfall",San Diego,,,,,PRESENT,,,,,,,,,,,,,PRESENT,,,PRESENT,PRESENT,,,,,,,PRESENT,,,,,,,,,,PRESENT,,,,,,,PRESENT,,,,,,,,,,,,,,PRESENT,,,,,,PRESENT,PRESENT,,,PRESENT,,,,,,,,,,PRESENT,,,,,,,,,,,,,
ciwqs,1176080,"Oceanside, City of (San Luis Rey WWTF)",236019,"La Salina WWTP, Oceanside Ocean Outfall",San Diego,,,,,,,,PRESENT,,,,,,,,,,,,,,,,,,,,,PRESENT,,,,,,,,PRESENT,,PRESENT,,,,,,,PRESENT,,,,,,,,,,,,,,PRESENT,,,,,,PRESENT,PRESENT,,,,,,,PRESENT,,,,,,PRESENT,,,,,,,,,,,,,
Clean Watershed Needs Survey,1175948,San Bernardino WRP,259220,Margaret H Chandler WWRF,San Diego,,,,,,,,PRESENT,,,,,,PRESENT,,,,PRESENT,,PRESENT,,,PRESENT,,PRESENT,,,,,,,,,,,,PRESENT,,PRESENT,,,,,,,,,,,,,,PRESENT,,,,,,,PRESENT,,,,,,PRESENT,PRESENT,PRESENT,,,,,,PRESENT,PRESENT,,,,,PRESENT,,,,,,,,,PRESENT,,,,
ciwqs,1175948,San Bernardino WRP,259220,Margaret H Chandler WWRF,San Diego,,,,,,,,PRESENT,,,,,,PRESENT,,,,PRESENT,,,,,PRESENT,,,,,,,,,,,,,,,,PRESENT,,,,,,,PRESENT,,,,,,,,PRESENT,,,,,,PRESENT,,,,,,PRESENT,PRESENT,,,,,,,,,,,,,,,,,,,,,,,OFFSITE,,PRESENT,
ciwqs,,,240177,Meadowlark WRF,San Diego,,,,,,,,,,,,,,,,,,FUTURE,,,,,,,,,,,,,,,,,,,,,,,,,,,,,FUTURE,,,,,,,,,,,,,FUTURE,,,,,,,FUTURE,,,,,,,,,,,,,FUTURE,,,,,,,,,,,,,
ciwqs,,,846371,Membrane Filtration/Reverse Osmosis Facility - Escondido,San Diego,,,,,,,,,,,,,,,,,,,,,,,,,,,,,FUTURE,,,,,,,,,,,,,,,,,,,,,FUTURE,,,,,,,,,,,,,FUTURE,,,FUTURE,,,,,,,,,,,,,FUTURE,,FUTURE,,,,,,FUTURE,,,,,,
Clean Watershed Needs Survey,1175988,Michelson WRP,259156,Michelson WWRF,San Diego,,,,,PRESENT_AND_FUTURE,,,,,,,,,,,,,PRESENT,,,PRESENT,,,,PRESENT_AND_FUTURE,,,,,,,,,,,,PRESENT_AND_FUTURE,,PRESENT,,,,,,,,,,,,,,,,,,,,,PRESENT_AND_FUTURE,,,,,,PRESENT,,,,,,,,PRESENT_AND_FUTURE,PRESENT_AND_FUTURE,,,,,PRESENT_AND_FUTURE,,,,,,,,,,,,,
ciwqs,1175988,Michelson WRP,259156,Michelson WWRF,San Diego,,,,,,PRESENT,,FUTURE,,,,,,FUTURE,,,,PRESENT,PRESENT,FUTURE,PRESENT,,PRESENT,,FUTURE,,,,PRESENT,,,,,,,,,,PRESENT,FUTURE,,,,,,PRESENT_AND_FUTURE,PRESENT,,PRESENT,OFFSITE,,,PRESENT,PRESENT,,,,,,PRESENT,,,,,,PRESENT,PRESENT,,,,,,,FUTURE,,,PRESENT,,,,PRESENT,,,,,,,,,,,PRESENT,OFFSITE
Clean Watershed Needs Survey,1176067,North City WRP,244506,North City WRP,San Diego,,,,,,,,,,,PRESENT,,,,,,,PRESENT,,,,,,,,,,,,,,,,,,,,,PRESENT,,,,,,,,,,,,,,,,,,,,,,,,,,,PRESENT,PRESENT,,,,,,,,,,,,,,,,,,,,,,,,,,
ciwqs,1176067,North City WRP,244506,North City WRP,San Diego,,,,,,,,,,,,,,,,,,PRESENT,PRESENT,,,,PRESENT,,,,,,PRESENT,,,,,,,,,PRESENT,PRESENT,,,,,,,,PRESENT,,,,,,,PRESENT,,,,,,PRESENT,,,,,,PRESENT,PRESENT,,,,,,,,,,,,,,PRESENT,,,,,,,,,,,PRESENT,
Clean Watershed Needs Survey,1176080,"Oceanside, City of (San Luis Rey WWTF)",245795,Oceanside Ocean Outfall,San Diego,,,,,PRESENT,,,PRESENT,,,,,,,,,,PRESENT_AND_FUTURE,,PRESENT,PRESENT_AND_FUTURE,PRESENT,,,,,,,PRESENT,,,,,PRESENT_AND_FUTURE,,,,,PRESENT_AND_FUTURE,,,,,,,PRESENT,,,,,,,,,,,,,,PRESENT_AND_FUTURE,,,,,,PRESENT_AND_FUTURE,PRESENT,,,PRESENT_AND_FUTURE,,,,,,,,,,PRESENT_AND_FUTURE,,,PRESENT_AND_FUTURE,,,,,,,,,,
ciwqs,1176080,"Oceanside, City of (San Luis Rey WWTF)",245795,Oceanside Ocean Outfall,San Diego,,,OFFSITE,,,,,PRESENT,,,,,,OFFSITE,,,,OFFSITE,,,,,,,,,,,PRESENT,,,,,,,,PRESENT,,PRESENT,,,,,,,PRESENT,OFFSITE,,,,,,PRESENT,,,,,,,PRESENT,,,PRESENT,,,PRESENT,PRESENT,,,,,,,PRESENT,,,,,,PRESENT,OFFSITE,,,,PRESENT,,PRESENT,,,,,OFFSITE,
Clean Watershed Needs Survey,1175394,PASO ROBLES WWTP,247750,Paso Robles WWTP,San Diego,,,,,,,,PRESENT,,,,,,,,,,PRESENT,,,,,,,PRESENT,,,,,,,,,,,,,,,,,,,,,,,,,,,,,,,,,,,,,,,,,PRESENT,,,,PRESENT,,,,,PRESENT,,,,,,,,,,,,,,,,,,
ciwqs,1175394,PASO ROBLES WWTP,247750,Paso Robles WWTP,San Diego,,,,PRESENT,,,,PRESENT,,,,,,,,,,PRESENT,PRESENT,PRESENT_AND_FUTURE,,PRESENT,PRESENT_AND_FUTURE,,PRESENT,,,,PRESENT,,,,,PRESENT,,,PRESENT,,PRESENT,PRESENT_AND_FUTURE,,,,,,PRESENT,PRESENT,,,,,,,PRESENT_AND_FUTURE,,,,PRESENT,,PRESENT,,,,,,PRESENT,PRESENT,,,,,,,PRESENT,PRESENT,,PRESENT,,,,PRESENT,,,,PRESENT,,,,,PRESENT,,PRESENT,
ciwqs,,,247809,Pauma Valley Treatment Plant,San Diego,,,,,PRESENT,,,,,,,,,,,,,,,,,,,,,,,,,,,,,,,,,,,,,,,,,,,,,,,,,,,,,,,,,,,,,,,,,,,,,,,,,,,,,PRESENT,,,,,,,,PRESENT,,,
ciwqs,,,248439,Pine Valley WW Polltn Cntl Fac (Pine Valley Sanitation District) OWTS,San Diego,,,,,,,,,,,,,,,,,,,,,,,,,,,,,,,,,,,,,,,,,,,,,,,,,,,,,,,,,,,,,,,,,,,,,,,,,,,,,,,,PRESENT,,,,,,,,,,PRESENT,,,
Clean Watershed Needs Survey,1175395,"Pismo Beach, City of (Collection & WWTF)",248519,Pismo Beach WWTP,San Diego,,,,,,,,PRESENT,,,,PRESENT,,,,,,PRESENT,,PRESENT,PRESENT,,,,PRESENT,,,,,,,,,,,,,,PRESENT,,,,,,,,,,,,,,,,,,,,,,,,,,,PRESENT,,,,,,,,,,,,,,PRESENT,,,,,,,,,,PRESENT,,,
ciwqs,1175395,"Pismo Beach, City of (Collection & WWTF)",248519,Pismo Beach WWTP,San Diego,,,,,,,,,,,,,,,,,,PRESENT,,,,PRESENT,,,,,,,,,,,,,,,PRESENT,,,,,,,,,PRESENT,,,,,,,,,,PRESENT,,,,,,,,,,PRESENT,PRESENT,,,,,,,PRESENT,,,,,,,,,,,,,,,,,,PRESENT,
Clean Watershed Needs Survey,1176066,Point Loma WRP,248796,Point Loma WWTP & Ocean Outfall,San Diego,,,,,,,,PRESENT_AND_FUTURE,,,,,,,,,,,,PRESENT,PRESENT,,,,PRESENT_AND_FUTURE,,,,,,,,,PRESENT_AND_FUTURE,,,,,PRESENT_AND_FUTURE,,,,,,,,,,,,,,,,,,,,,PRESENT_AND_FUTURE,,,,,,PRESENT_AND_FUTURE,PRESENT_AND_FUTURE,,,,,,,,,,,,,,,,,,,,,,,,,,
ciwqs,1176066,Point Loma WRP,248796,Point Loma WWTP & Ocean Outfall,San Diego,,,,,,,,PRESENT,,,,,,,,,,PRESENT,PRESENT,,,,,,,,,,,,,,,PRESENT,,PRESENT,,,PRESENT,,,,,,,OFFSITE,,,,,,,,,PRESENT,,,,PRESENT,PRESENT,,,,,,PRESENT,,,,,,,,,,,,,,,,,,,,,,,,,,,
Clean Watershed Needs Survey,1176047,Ralph W. Chapman WRF,251548,Ralph W Chapman WRF,San Diego,,,,,,,,PRESENT,,,,,,,,,,PRESENT,,,PRESENT,,,,PRESENT,,,,,,PRESENT,,,,,,,,,,,,,,,,,,,,,,,,,,,,,PRESENT,,,,,,PRESENT,,,,,,,,,,,,,,,,,,,,,,,,,,,
ciwqs,1176047,Ralph W. Chapman WRF,251548,Ralph W Chapman WRF,San Diego,,,,,,,,,,,,,,,,,,PRESENT,,,PRESENT,,,,,,,,,,,,,,,PRESENT,,,PRESENT,,,,,,,,PRESENT,,,,,,,,,,,,,,,,,,,PRESENT,PRESENT,,,,,,,,,,,,,PRESENT,PRESENT,,,,,,PRESENT,,,,,,
Clean Watershed Needs Survey,1176089,RANCHO DEL CAMPO WWTF,251653,Rancho Del Campo WPCF OWTS,San Diego,,,,,,,,,,,,,,,,,,PRESENT,,,PRESENT,,,,PRESENT,,,,,,,,,,,,,,,,,,,,,,,,,,,,,,,,,,,PRESENT,,,,,,PRESENT,,,,,,,,,PRESENT,,,,,,,,,,,,,,,,,,
ciwqs,1176089,RANCHO DEL CAMPO WWTF,251653,Rancho Del Campo WPCF OWTS,San Diego,,,,,,,,PRESENT,,,,,,,,,,,,,,,PRESENT,,,,,,,,,,,,,,,,,,,,,,,PRESENT,,,,,,,,,,,,,,PRESENT,,,,,,,PRESENT,,PRESENT,,,,,,PRESENT,,,,,PRESENT,,PRESENT,,,,,,,,OFFSITE,,,
Clean Watershed Needs Survey,1175339,Union Sanitary District (Alvarado WWTF),269042,Raymond A. Boege Alvarado WWTP (Union SD),San Diego,,,,,,,,PRESENT_AND_FUTURE,,,,,,,,,,PRESENT_AND_FUTURE,,PRESENT,PRESENT,PRESENT,,,,,,,,,,,,,,,PRESENT_AND_FUTURE,,PRESENT,,,,,,,,,,,,,,,,,,,,,PRESENT_AND_FUTURE,,,,PRESENT_AND_FUTURE,,PRESENT_AND_FUTURE,PRESENT_AND_FUTURE,,,PRESENT,,,,PRESENT_AND_FUTURE,,,,,,,,,PRESENT_AND_FUTURE,,,,,,,,,,
ciwqs,1175339,Union Sanitary District (Alvarado WWTF),269042,Raymond A. Boege Alvarado WWTP (Union SD),San Diego,,,,,,,,PRESENT,,,,,,PRESENT,,,,PRESENT,,,,PRESENT_AND_FUTURE,PRESENT_AND_FUTURE,,,,,,PRESENT_AND_FUTURE,,,,,,,,,,PRESENT,,,,,,,PRESENT,,,,,,,,PRESENT_AND_FUTURE,,,,,,PRESENT,,,,,,PRESENT,PRESENT,,,,,,,PRESENT,,,,,,PRESENT_AND_FUTURE,,,,,,,,,,,,PRESENT,
Clean Watershed Needs Survey,1176004,Rialto WWTP,259149,Rialto WWRF,San Diego,,,,,,,,PRESENT,,,,,,,,,,PRESENT,,,PRESENT,,PRESENT,,PRESENT,,,,,,,,,,,,,,,,,,,,,,,,,,,,PRESENT,,,,,,,PRESENT,,,,,,PRESENT,,,,,,,,,,,,,,PRESENT,,,,,,,,,,PRESENT,,,
ciwqs,1176004,Rialto WWTP,259149,Rialto WWRF,San Diego,,,,,,,,PRESENT,,,,,,,,,,PRESENT,,,,PRESENT,PRESENT,,PRESENT,,,,PRESENT,,,,,,,,,PRESENT,PRESENT,,,,,,,PRESENT,PRESENT,,,,,,,PRESENT,,,,,PRESENT,PRESENT,,,,,,PRESENT,PRESENT,,,,,,,PRESENT,,,PRESENT,,,PRESENT,,,,,,,,,,,,,
Clean Watershed Needs Survey,1238810,Richmond Municipal Sewer District Water Pollution Control Plant,252657,Richmond WPCP,San Diego,,,,,,,,PRESENT,,,,,,,,,,PRESENT,,PRESENT,PRESENT,PRESENT,,,,,,,PRESENT_AND_FUTURE,,,,,,,,PRESENT,,PRESENT,,,,,PRESENT,,,,,,,,,,,,,,,,PRESENT,,,,,,PRESENT,,,,,,,,PRESENT,,,,,,PRESENT,PRESENT,,,,,,,,,,,,
ciwqs,1238810,Richmond Municipal Sewer District Water Pollution Control Plant,252657,Richmond WPCP,San Diego,,,,,,,,PRESENT,,,,,,,,,,PRESENT,FUTURE,,,PRESENT,,,,,,,PRESENT,,,,,,,FUTURE,PRESENT,,PRESENT_AND_FUTURE,,,,,,,,,,,,,,,PRESENT,,,,,,PRESENT,,,,,,PRESENT,PRESENT,,,,,,,PRESENT,,,,,,PRESENT,FUTURE,,,,,,,,,,,PRESENT,
Clean Watershed Needs Survey,1175945,"Riverside, City of (Regional Water Quality Control Plant)",259150,Riverside City WWRF,San Diego,,,,,,PRESENT,,PRESENT,,,,,,PRESENT,,,,PRESENT,PRESENT,PRESENT,PRESENT,PRESENT,,,PRESENT,,,,,,,,,PRESENT,,,PRESENT,,PRESENT,,,,PRESENT,,,PRESENT,,,,,,,PRESENT,,,,,PRESENT,PRESENT,PRESENT,,,,,,PRESENT,PRESENT,,,PRESENT,,,,PRESENT,PRESENT,,,,,PRESENT,,PRESENT,,,,,,,,,,,
ciwqs,1175945,"Riverside, City of (Regional Water Quality Control Plant)",259150,Riverside City WWRF,San Diego,,,,,,PRESENT,,PRESENT,,,,,,PRESENT,,,,PRESENT,PRESENT,,,PRESENT,,,,,,,PRESENT,,,,,,,PRESENT,PRESENT,,PRESENT,,,,,,,PRESENT,PRESENT,,FUTURE,,,,,,,,,,PRESENT,PRESENT,,,,,,PRESENT,PRESENT,,,,,,,PRESENT,,,,,,PRESENT,,,,,,,,,,,,,
Clean Watershed Needs Survey,1176063,San Elijo WRF,255265,San Elijo Water Campus,San Diego,,,,,,,,PRESENT_AND_FUTURE,,,,,,PRESENT_AND_FUTURE,,,,PRESENT_AND_FUTURE,,PRESENT_AND_FUTURE,PRESENT_AND_FUTURE,,,,,,,,,,,,,,,,PRESENT_AND_FUTURE,,PRESENT_AND_FUTURE,,,,,,,,,,,,,,,,,,,,,PRESENT_AND_FUTURE,,,,,,PRESENT_AND_FUTURE,,,,,,,,PRESENT_AND_FUTURE,PRESENT_AND_FUTURE,,,,,,,,,,,,,,,,,,
ciwqs,1176063,San Elijo WRF,255265,San Elijo Water Campus,San Diego,,,,,,,,PRESENT,,,,,,,,,,,PRESENT,,,,,,,,,,PRESENT,,,,,,,PRESENT,PRESENT,,PRESENT,,,,,,,PRESENT,PRESENT,,,PRESENT,,,,,,,,,,PRESENT,,,PRESENT,,,PRESENT,PRESENT,,,,,,,PRESENT,,,,,,PRESENT,PRESENT,,,,,,,,,,,,
Clean Watershed Needs Survey,1175300,"San Leandro, City of (WPCP)",255368,San Leandro WPCP,San Diego,,,,PRESENT,,,,PRESENT,,,,,,PRESENT,,,,PRESENT,,PRESENT,PRESENT,,,,PRESENT,,,,,,,,,,,,PRESENT,,,,,,,PRESENT,,,,,,,,,,,,,,,,PRESENT,,,,,,,PRESENT,,,,,,,PRESENT,PRESENT,,,,,PRESENT,,,,,,,,,,,,,
ciwqs,1175300,"San Leandro, City of (WPCP)",255368,San Leandro WPCP,San Diego,,,,,,,,PRESENT,,,,,,,,,,PRESENT,,FUTURE,PRESENT,PRESENT_AND_FUTURE,FUTURE,,PRESENT,,,,PRESENT,,,,,,,,,,PRESENT_AND_FUTURE,FUTURE,,,,,,PRESENT,,FUTURE,,,,,,FUTURE,,,,,,PRESENT,,,,,,PRESENT,PRESENT,,,,,,,,PRESENT,,,,,PRESENT,,,,,,,,,,PRESENT,,FUTURE,FUTURE
Clean Watershed Needs Survey,1176080,"Oceanside, City of (San Luis Rey WWTF)",255392,San Luis Rey Water Reclamation Facility (NPDES - Ocean Discharge),San Diego,,,,,PRESENT,,,,,,,,,,,,,PRESENT,,,PRESENT,PRESENT,,,,,,,PRESENT,,,,,,,,,,PRESENT,,,,,,,PRESENT,,,,,,,,,,,,,,PRESENT,,,,,,PRESENT,PRESENT,,,PRESENT,,,,,,,,,,PRESENT,,,,,,,,,,,,,
ciwqs,1176080,"Oceanside, City of (San Luis Rey WWTF)",255392,San Luis Rey Water Reclamation Facility (NPDES - Ocean Discharge),San Diego,,,,,,,,PRESENT,,,,,,PRESENT,,,,PRESENT,,,,,FUTURE,,,,,,PRESENT,,,,,,,,,,PRESENT,,,,,,,PRESENT,,,,FUTURE,,,,FUTURE,FUTURE,,,,,PRESENT,,,FUTURE,,,PRESENT,PRESENT,,,,,,,PRESENT,,,,FUTURE,,PRESENT,,,,,PRESENT,,,,,,,PRESENT,
ciwqs,,,255679,Santa Maria WWTP,San Diego,,,,,PRESENT,,,,,,,,,PRESENT,,,,PRESENT,,,PRESENT,,,,PRESENT,,,,PRESENT,,,,,,,PRESENT,,,,,,,,,,PRESENT,PRESENT,,,,,,,,,,,,,,,,,,,,PRESENT,,,,,,,,,,,,,PRESENT,,,,,,,,,,,,,
Clean Watershed Needs Survey,1175377,SCOTTS VALLEY WWTF,256011,Scotts Valley WWTP,San Diego,,,,,,,,,,,,,,,,,,PRESENT,,,PRESENT,,,,,,,,PRESENT,,,,,,,,,,PRESENT,,,,,,,,,,,,,,,,,,,,,PRESENT,,,,,,PRESENT,,,,,,,,,,,,,,PRESENT,,,PRESENT,,,,,,,,,,
ciwqs,1175377,SCOTTS VALLEY WWTF,256011,Scotts Valley WWTP,San Diego,,,,,,,,PRESENT,,,,,,,,,,,,,,,,,,,,,PRESENT,,,,,,,,,,PRESENT,,,,,,,PRESENT,,,,,,,,,,,,,,,,,,,,PRESENT,,,,,,,,,,,,,,PRESENT,,PRESENT,,,PRESENT,,,,,,,,
Clean Watershed Needs Survey,1175458,Simi Valley WWTP,261253,Simi Valley WQCP,San Diego,,,,,,,,PRESENT,,,PRESENT,PRESENT,,PRESENT,,,,PRESENT,,PRESENT,PRESENT,PRESENT,,,,,,,,,,,,,,,,,PRESENT_AND_FUTURE,,,,,,,PRESENT,,,,,,,,,,,,,,PRESENT,,,,,,PRESENT,PRESENT_AND_FUTURE,,,PRESENT,,,,,PRESENT,,,,,PRESENT,,,,,,,,,,,,,
ciwqs,1175458,Simi Valley WWTP,261253,Simi Valley WQCP,San Diego,,,,,,,,PRESENT,,,,,,,,,,PRESENT,,,,PRESENT,PRESENT,,,,,,PRESENT,,,,,,,,,,PRESENT,,,,,,,PRESENT,PRESENT,,,,,,,PRESENT,,,,,,PRESENT,,PRESENT,,,,PRESENT,PRESENT,,,,,,,,,,,,,,,,,,,,,,,,,PRESENT,
Clean Watershed Needs Survey,1176069,South Bay WRP,257821,South Bay International WWTP,San Diego,,,,,,,,,,,PRESENT,,,,,,,,,,,,,,,,,,,,,,,,,,,,PRESENT,,,,,,,,,,,,,,,,,,,,,,,,,,,PRESENT,PRESENT,,,,,,,,,,PRESENT_AND_FUTURE,,,,,,,,,,,,,,,,
ciwqs,1176069,South Bay WRP,257821,South Bay International WWTP,San Diego,,,,,,,,,,,,,,,,,,PRESENT,PRESENT,,,,,,,,,,,,,,,PRESENT,,PRESENT,PRESENT,,PRESENT,,,PRESENT,PRESENT,,,PRESENT,,,,,,,PRESENT,,,,,,PRESENT,PRESENT,,,,,,PRESENT,PRESENT,,,,,,,PRESENT,,,,,,PRESENT,,,,,,,,,,,,,
Clean Watershed Needs Survey,1176069,South Bay WRP,257831,South Bay WRP,San Diego,,,,,,,,,,,PRESENT,,,,,,,,,,,,,,,,,,,,,,,,,,,,PRESENT,,,,,,,,,,,,,,,,,,,,,,,,,,,PRESENT,PRESENT,,,,,,,,,,PRESENT_AND_FUTURE,,,,,,,,,,,,,,,,
ciwqs,1176069,South Bay WRP,257831,South Bay WRP,San Diego,,,,,,,,OFFSITE,,,,,,,,,,,,,,,PRESENT,,,,,,PRESENT,,,,,,,,,,PRESENT,,,,,,,OFFSITE,PRESENT,,,PRESENT,,,,PRESENT,,,,,,PRESENT,,,PRESENT,,,PRESENT,PRESENT,,,,,,,OFFSITE,,,PRESENT,,,PRESENT,,,,,,,,,,,,PRESENT,
Clean Watershed Needs Survey,1175445,SO SAN LUIS OB CO WWTF,257887,South San Luis Obispo SD WWTP,San Diego,,,,,,,,PRESENT_AND_FUTURE,,,,PRESENT_AND_FUTURE,,PRESENT_AND_FUTURE,,,,PRESENT_AND_FUTURE,,PRESENT_AND_FUTURE,,,,,PRESENT_AND_FUTURE,,,,,,,,,,,,,,PRESENT_AND_FUTURE,,,,,,,,,,,,,,,,,,,,,PRESENT_AND_FUTURE,,,,,,PRESENT_AND_FUTURE,,,,,,,,PRESENT_AND_FUTURE,,,,,,PRESENT_AND_FUTURE,,,,,,,,,,PRESENT,,,
ciwqs,1175445,SO SAN LUIS OB CO WWTF,257887,South San Luis Obispo SD WWTP,San Diego,,,,,,,,PRESENT,,,,,,PRESENT,,,,PRESENT,,,,PRESENT,,,PRESENT,,,,,,,,,,,,,,,,,,,,,PRESENT,,,,,,,PRESENT,,,,,,,PRESENT,,,,,,PRESENT,PRESENT,PRESENT,,,,,,,PRESENT,,,,,FUTURE,,,,,,PRESENT,PRESENT,,,,,,
Clean Watershed Needs Survey,1175855,SUSANVILLE REG WWTF,259689,Susanville Sanitary District WWTP,San Diego,,,,PRESENT_AND_FUTURE,,,,PRESENT,,,,PRESENT_AND_FUTURE,,,,,,PRESENT,,,PRESENT,,,,,,,,,,,,,,,,,,PRESENT,,,,,,,,,,,,,,,,,PRESENT,,,,,,,,,,PRESENT,,,,PRESENT,,,,,,,,,,,,,,,,,,,,,,,
ciwqs,1175855,SUSANVILLE REG WWTF,259689,Susanville Sanitary District WWTP,San Diego,,,,,PRESENT,,,,,,,,,PRESENT,,,,PRESENT,,,,PRESENT,,,,,,,,,PRESENT,,,,,,,,PRESENT,,,,,,,PRESENT,PRESENT,,,,,,,,,PRESENT,,,,,,,,,,PRESENT,PRESENT,,,,,,,,,,PRESENT_AND_FUTURE,,,PRESENT,,,,,,,,,,PRESENT,,,PRESENT
Clean Watershed Needs Survey,1175512,Tapia Water Reclamation Facility,266940,Tapia WRF,San Diego,,,,,PRESENT,,,,,,,,,,,,,PRESENT,,,PRESENT,PRESENT,,,,,,,,,,,,,,,PRESENT,,,,,,,,,,,,,,,,,,,,,,,PRESENT,,,,,,PRESENT,,,,PRESENT,,,,PRESENT,PRESENT,,,,,PRESENT,PRESENT,,,,,,,,,,,,
ciwqs,1175512,Tapia Water Reclamation Facility,266940,Tapia WRF,San Diego,,,,,PRESENT,PRESENT,,OFFSITE,,,,,,OFFSITE,,,,PRESENT,PRESENT,,,PRESENT,PRESENT,,,,,,PRESENT_AND_FUTURE,,,,,,,PRESENT,,,PRESENT,,,,,,,OFFSITE,PRESENT,,FUTURE,,,,,PRESENT,,,,PRESENT,,PRESENT,,,FUTURE,,,PRESENT,PRESENT,,,,,,,,,,,,,PRESENT,PRESENT,PRESENT,,,,,,,,,,PRESENT,FUTURE
Clean Watershed Needs Survey,3380875,Temescal Valley WD WWTP,259216,Temescal Valley WD WWRF,San Diego,,,,,,,,,,,,,,,,,,,,,,,,,,,,,,,,,,,,,,,,,,,,,,,,,,,,,,,,,,,,,,,,,,,,,,,,,,,,,,,,,,,,,,,,,,,,,
ciwqs,3380875,Temescal Valley WD WWTP,259216,Temescal Valley WD WWRF,San Diego,,,,,OFFSITE,,,,,,,,,OFFSITE,,,,OFFSITE,,,,OFFSITE,,,OFFSITE,,,,OFFSITE,,,,,,,OFFSITE,,,OFFSITE,,,,,,,OFFSITE,OFFSITE,,,,,,,,,,,,,,,,,,OFFSITE,OFFSITE,OFFSITE,,,,,,,,,,,,,,,,,,,,,,,,,,
Clean Watershed Needs Survey,1175319,Tomales WWTP,269543,US Coast Guard TRACEN - Tomales,San Diego,,,,PRESENT,,,,,,,,,,,,,,PRESENT,,,PRESENT,,,,,,,,,,,,,,,,,,,,,,,,,,,,,,,,,,,,,,,,,,,,,PRESENT,,,,,,,,,PRESENT,,,,,,,,,,,,,,,,,,
ciwqs,1175319,Tomales WWTP,269543,US Coast Guard TRACEN - Tomales,San Diego,,,,,FUTURE,,,,,,,,,,,,,PRESENT,FUTURE,,,,FUTURE,,FUTURE,,,,FUTURE,,,,,,,,,,FUTURE,,,,,,,FUTURE,PRESENT_AND_FUTURE,,,,,,,FUTURE,,,,,,PRESENT,,,,,,FUTURE,FUTURE,,,,,,,,,,PRESENT_AND_FUTURE,,,,FUTURE,,,,,,,,,PRESENT,,FUTURE,
Clean Watershed Needs Survey,1176078,Meadowlark Water Reclam. Facility,269989,Vallecitos WD Meadowlark WRP,San Diego,,,,,,,,PRESENT,,,,,,,,,,PRESENT,,,,,,,PRESENT,,,,,,,,,,,,,,,,,,,,,,,,,,,,,,,,,,,PRESENT,,,,,,PRESENT,,,,,,,,,PRESENT,,,,,,,,,,,,,,,,,,
ciwqs,1176078,Meadowlark Water Reclam. Facility,269989,Vallecitos WD Meadowlark WRP,San Diego,,,,,,,,,,,,,,,,,,PRESENT,,,PRESENT,,,,,,,,,,,,,,,,,,,,,,,,,,PRESENT,,,,,,,,,,,,,PRESENT,,,,,,,PRESENT,,,,,,,,,,,,,PRESENT,,,,,,,,,,,,,
Clean Watershed Needs Survey,1175862,Victor Valley Regional WWRP,270419,Victor Valley Wastewater Reclamation Authority WTP,San Diego,,,,,,,,PRESENT,,,,,,,,,,PRESENT,,PRESENT,PRESENT,,,,PRESENT,,,,,,,,,,,,PRESENT,,PRESENT,,,,,,,,,,,,,,,,,,,,,PRESENT,,,,,,PRESENT,,,,,,,,PRESENT,PRESENT,,,,,PRESENT,,,,,,,,,,PRESENT,,,
ciwqs,1175862,Victor Valley Regional WWRP,270419,Victor Valley Wastewater Reclamation Authority WTP,San Diego,PRESENT,,,,,,,PRESENT,,,,,,,,,,,PRESENT,,,,PRESENT,,PRESENT,,,,PRESENT,,,,,,,,PRESENT,,PRESENT,,,,,,,PRESENT,PRESENT,,FUTURE,,,,PRESENT,PRESENT,,,,,PRESENT,PRESENT,,,,,,PRESENT,PRESENT,,,,,,,PRESENT,,,PRESENT,,,PRESENT,PRESENT,,,,,,,,,PRESENT,,PRESENT,
Clean Watershed Needs Survey,1175314,West County Plant,272082,West County WW District WPCP,San Diego,,,,,,,,PRESENT,,,,PRESENT_AND_FUTURE,,PRESENT,,,,,,PRESENT,,PRESENT,,,PRESENT_AND_FUTURE,,,,PRESENT_AND_FUTURE,,,,,,,,PRESENT_AND_FUTURE,,PRESENT_AND_FUTURE,,,,,,,,,,,,,,,,,,,,,PRESENT_AND_FUTURE,,,,,,PRESENT_AND_FUTURE,,,,,,,,PRESENT_AND_FUTURE,PRESENT_AND_FUTURE,,,,,PRESENT_AND_FUTURE,PRESENT,,,,,,,,,PRESENT,,,
ciwqs,1175314,West County Plant,272082,West County WW District WPCP,San Diego,,,,,,,,PRESENT_AND_FUTURE,,,,,,FUTURE,,,,PRESENT,,FUTURE,FUTURE,OFFSITE,PRESENT,,PRESENT_AND_FUTURE,,,,PRESENT,PRESENT,,,,,,,PRESENT,,PRESENT,FUTURE,,,,,PRESENT,PRESENT,PRESENT,,,,,,,PRESENT,,,,,,PRESENT,,,,,,PRESENT,PRESENT,,,,,,,PRESENT,,,,,,PRESENT,FUTURE,FUTURE,,,,,,,,,,,
Clean Watershed Needs Survey,1175583,Lodi WPCF,272444,White Slough Water Pollution Control Facility,San Diego,,,,,,,,PRESENT,,,,,,,,,,PRESENT,,,PRESENT,PRESENT,,,PRESENT,,,,,,,,,,,,,,PRESENT,,,,,,,,,,,,,,,,,,,,,PRESENT,,,,,,PRESENT,PRESENT_AND_FUTURE,,,,,,,,,,,,,PRESENT,,,,,,,,,,,,,
ciwqs,1175583,Lodi WPCF,272444,White Slough Water Pollution Control Facility,San Diego,,,,,,,,PRESENT,,,,,,,,,,,,,,,PRESENT,,,,,,,,,,,,,,PRESENT,,PRESENT,,,,,,,PRESENT,PRESENT,,,,,,,PRESENT,,,,,,PRESENT,,,,,,PRESENT,PRESENT,,,PRESENT,,,,PRESENT,,,PRESENT,,,,,,,,,,,,,,,PRESENT,
ciwqs,,,272975,Woods Valley Ranch Water Reclamation Facility,San Diego,,,,,,,,,,,,,,,,,,PRESENT,,,,,,,,,,,PRESENT,,,,,,,FUTURE,,,,,,,,,,,,,PRESENT,,,,,,,,,,,,,,,,,PRESENT,FUTURE,,,,,,,,,,,,,FUTURE,FUTURE,,,,,,FUTURE,,,,,PRESENT,
Clean Watershed Needs Survey,1175969,Western Riverside Co Reg WWTP,259205,WRCRWA Regional WWRF,San Diego,,,,,,,,,,,,,,,,,,,,,,,,,,,,,,,,,,,,,,,,,,,,,,,,,,,,,,,,,,,,,,,,,,,,,,,,,,,,,,,,,,,,,,,,,,,,,
ciwqs,1175969,Western Riverside Co Reg WWTP,259205,WRCRWA Regional WWRF,San Diego,,,,,PRESENT,PRESENT,,PRESENT,,,PRESENT,,,PRESENT,,,,PRESENT,PRESENT,,,PRESENT,PRESENT,,PRESENT,,,,PRESENT,,,,,,,PRESENT,,,PRESENT,,,,,,,PRESENT,PRESENT,,,,,,,PRESENT,,PRESENT,,,PRESENT,PRESENT,,,OFFSITE,,,PRESENT,PRESENT,,,,,,,PRESENT,,,PRESENT,,,,PRESENT,,,,,,,,,,,PRESENT,
Clean Watershed Needs Survey,443709,Oceanside WPCP,256498,SF - OCEANSIDE Water Pollution Control Plant,San Francisco,,,,,,,,,,,,,,,,,,PRESENT,,,,,,,,,,,,,,,,,,,,,PRESENT_AND_FUTURE,,,,,,,,,,,,,,,,,,,,,,,,,,,,,,,,,,,,,,,,,,,,,,,,,,,,,,
ciwqs,443709,Oceanside WPCP,256498,SF - OCEANSIDE Water Pollution Control Plant,San Francisco,,,,,,,,,,,,,,,,,,,,,,,,,,,,,OFFSITE,,,,,,,,,,PRESENT,,,,,,,,,,,,,,,,,,,,,PRESENT,PRESENT,,FUTURE,,,PRESENT,PRESENT,,,,,,,,,,FUTURE,,,PRESENT,,,,,,,,,,,,,
Clean Watershed Needs Survey,1175289,Southeast WPCP,256499,"SF-SE Water Pollution Control Plant, N-Point & Bayside",San Francisco,,,,,,,,PRESENT_AND_FUTURE,,,,,,,,,,PRESENT,,PRESENT_AND_FUTURE,,PRESENT,,,,,,,,,,,,PRESENT_AND_FUTURE,,,PRESENT_AND_FUTURE,,PRESENT_AND_FUTURE,,,,,,,PRESENT_AND_FUTURE,,,,,,,,,,,,,,PRESENT,,,,,,PRESENT_AND_FUTURE,PRESENT_AND_FUTURE,,,,,,,PRESENT_AND_FUTURE,,,PRESENT_AND_FUTURE,,,,,,,,,,,,,,,,
ciwqs,1175289,Southeast WPCP,256499,"SF-SE Water Pollution Control Plant, N-Point & Bayside",San Francisco,,,,,,,,PRESENT,,,,,,PRESENT,,,,PRESENT,PRESENT,,,PRESENT,,,,,,,PRESENT,,,,,PRESENT,,PRESENT,,,PRESENT,,,,,,,PRESENT,,,,,,,,,,,,,PRESENT,PRESENT,,,,,,PRESENT,PRESENT,,,,,,,PRESENT,,,,,,PRESENT,,,,,,,,,,,,,
Clean Watershed Needs Survey,442052,Treasure Island WWTF,266328,Treasure Island WWTP/DOD,San Francisco,,,,,,,,,,,,,,,,,,,,,,,,,,,,,,,,,,,,,,,,,,,,,,,,,,,,,,,,,,,,,,,,,,,,,,,,,,,,,,,,,,,,,,,,,,,,,
ciwqs,442052,Treasure Island WWTF,266328,Treasure Island WWTP/DOD,San Francisco,,,,,,,,,,,,,,,,,,PRESENT,,,,PRESENT,,,,,,,FUTURE,,,,,,,,,,PRESENT,,,,,,,,,,FUTURE,,,,,,,,,,,PRESENT,,,,,,PRESENT,PRESENT,,,,,,,,PRESENT,,FUTURE,,,,,,,,,,,,,,,,FUTURE
Clean Watershed Needs Survey,3478130,Lathrop Consolidated Treatment Facility,271781,City of Lathrop Consolidated Treatment Facility,San Joaquin,,,,,,,,,,,,,,,,,,,,,,,,,,,,,,,,,,,,,,,,,,,,,,,,,,,,,,,,,,,,,,,,,,,,,,,,,,,,,,,,,,,,,,,,,,,,,
ciwqs,3478130,Lathrop Consolidated Treatment Facility,271781,City of Lathrop Consolidated Treatment Facility,San Joaquin,,,,,,,,,,,,,,,,,,PRESENT,,,,PRESENT,PRESENT,,PRESENT,,,,PRESENT,,,,,,,,,,PRESENT,,,,,,,PRESENT,,,PRESENT,,,,,PRESENT,,,,,,,,,,,,PRESENT,,,,,,,,PRESENT,,,,,,PRESENT,,,,,PRESENT,,,,,PRESENT,,PRESENT,
Clean Watershed Needs Survey,1175666,Manteca WQCF,239343,City of Manteca WW Quality Control Facility,San Joaquin,,,,,,,,PRESENT_AND_FUTURE,,,,PRESENT_AND_FUTURE,,,,,,PRESENT_AND_FUTURE,,,,PRESENT_AND_FUTURE,,,,,,,,,,,,,,,PRESENT_AND_FUTURE,,PRESENT_AND_FUTURE,,,,,,,,,,,,,,,,,,,,,PRESENT_AND_FUTURE,,,,,,PRESENT_AND_FUTURE,PRESENT_AND_FUTURE,,,PRESENT_AND_FUTURE,,,,PRESENT_AND_FUTURE,PRESENT_AND_FUTURE,,,,,PRESENT_AND_FUTURE,,,,,,,,,,,,,
ciwqs,1175666,Manteca WQCF,239343,City of Manteca WW Quality Control Facility,San Joaquin,,,,,,,,PRESENT,,,,,,PRESENT,,,,,PRESENT,,,,PRESENT,,PRESENT,,,,PRESENT,,,,,,,PRESENT,PRESENT,,PRESENT,,,,,,,PRESENT,PRESENT,,,,,,,PRESENT,,,,,,PRESENT,,,,,,PRESENT,PRESENT,,,,,,,PRESENT,PRESENT,,PRESENT,,,,PRESENT,,,,,,,,,PRESENT,,PRESENT,
ciwqs,,,237113,CSA 44-Zone G (Linne),San Joaquin,,,,,PRESENT,,,,,,,,,,,,,PRESENT,,,,,PRESENT,,,,,,PRESENT,,,,,,,,,,,,,,,,,PRESENT,PRESENT,,,,,,,PRESENT,,,PRESENT,,,,,,,,PRESENT,PRESENT,PRESENT,,,,,,,,,,,,,PRESENT,,,,,,,,,,,,PRESENT,
ciwqs,,,237252,Lockeford CSD WWTP,San Joaquin,,,,PRESENT,,,,,,,,FUTURE,,,,,,FUTURE,,,,,,,,,,,,,,,,,,,,,,,,,,,,,,,,,,,,,,,,,,,,,,,,,,,,,,,,,,,,,,FUTURE,,,,,,,,,,PRESENT,,,
ciwqs,,,241598,Mountain House WWTP,San Joaquin,,,,PRESENT,PRESENT,,,,,,,,,PRESENT_AND_FUTURE,,,,PRESENT,,,,PRESENT,PRESENT,,PRESENT,,,,PRESENT,,,,,,,PRESENT,PRESENT,,PRESENT_AND_FUTURE,,,,,,,PRESENT_AND_FUTURE,PRESENT,,PRESENT_AND_FUTURE,,,,,PRESENT,,,,,,,,,,,PRESENT,PRESENT_AND_FUTURE,,,,,,,,PRESENT,,,PRESENT,,,PRESENT,PRESENT,,,,,,PRESENT,,,,,PRESENT,
ciwqs,,,241099,Oakwood Lake WWTF,San Joaquin,,,,,,,,,,,,,,,,,,FUTURE,FUTURE,,,,FUTURE,,,,,,FUTURE,,,,,,,,,,,,,,,,,FUTURE,FUTURE,,,,,,,,,,,,,,,,,,FUTURE,FUTURE,,,,,,,,,,,,,,,FUTURE,,,FUTURE,,,,,,FUTURE,,FUTURE,
Clean Watershed Needs Survey,1175637,Tracy WWTP,266223,Tracy WWTP,San Joaquin,,,,PRESENT_AND_FUTURE,PRESENT_AND_FUTURE,,,PRESENT_AND_FUTURE,,,,,,,,,,,,,PRESENT_AND_FUTURE,PRESENT_AND_FUTURE,,,PRESENT_AND_FUTURE,,,,,,PRESENT_AND_FUTURE,,,,,,PRESENT_AND_FUTURE,,PRESENT_AND_FUTURE,,,,,,,,,,,,,,,,,,,,,PRESENT_AND_FUTURE,,,,,,PRESENT_AND_FUTURE,PRESENT_AND_FUTURE,,,,,,,PRESENT_AND_FUTURE,PRESENT_AND_FUTURE,,,,,,,,,,,,,,,,,,
ciwqs,1175637,Tracy WWTP,266223,Tracy WWTP,San Joaquin,,,,PRESENT,,,,PRESENT,,,,,,PRESENT,,,,PRESENT,,,,PRESENT,PRESENT_AND_FUTURE,,PRESENT,,,,PRESENT_AND_FUTURE,,,,,,,,PRESENT,,,,,,,,,PRESENT,PRESENT_AND_FUTURE,,,,,,,PRESENT_AND_FUTURE,,,,,,PRESENT,,,,,,PRESENT,PRESENT,,,,,,,PRESENT,,,,,,PRESENT_AND_FUTURE,,,,FUTURE,,PRESENT,PRESENT,,,PRESENT,,PRESENT,
Clean Watershed Needs Survey,1175546,Stockton Regional WWCF,258739,Wastewater Recovery Center,San Joaquin,,,PRESENT,,,PRESENT,,,,,PRESENT_AND_FUTURE,PRESENT,,,,,,PRESENT,PRESENT,,PRESENT,PRESENT,,,PRESENT,,,,,,,,,,,,PRESENT,,PRESENT_AND_FUTURE,,,,,,,,,,,,,,,,,,,,,PRESENT_AND_FUTURE,,,,,,PRESENT,,,,,,,,PRESENT,PRESENT_AND_FUTURE,,,,,PRESENT,PRESENT,,,,,,PRESENT,,,PRESENT,,,
ciwqs,1175546,Stockton Regional WWCF,258739,Wastewater Recovery Center,San Joaquin,,,,,,,,PRESENT,,,,PRESENT,,PRESENT_AND_FUTURE,,,,PRESENT,,,,PRESENT,PRESENT_AND_FUTURE,,,,,,PRESENT,,,,,,,,PRESENT,,PRESENT,,,,,,,PRESENT,PRESENT,,,,,,,PRESENT,,,,PRESENT,,PRESENT,,,,,,PRESENT,PRESENT,,,PRESENT,,,,PRESENT,PRESENT,,PRESENT_AND_FUTURE,,,,PRESENT_AND_FUTURE,,,,,,,,,PRESENT,,PRESENT,PRESENT
ciwqs,,,206651,Atascadero State Hospital,San Luis Obispo,,,,,,,,PRESENT,,,,,,,,,,,,,PRESENT,,,,PAST,,,,,,,,,,,,,,,,,,,,,,,,,,,,,,,,,,,PRESENT,,,,,,PRESENT,PRESENT,,,,,,,,PRESENT,,,,,,,,,,,,,,,PRESENT,,,
Clean Watershed Needs Survey,1175376,ATASCADERO WWTF,206653,Atascadero WWTP,San Luis Obispo,,,,PRESENT,,,,,,,,PRESENT,,,,,,PRESENT,,,PRESENT,,,,PRESENT,,,,,,,,,,,,,,,,,,,,,,,,,,,,,,,,,,,,,,,,,PRESENT,,,,,,,,,PRESENT,,,,,,,,,,,,,,,,,,
ciwqs,1175376,ATASCADERO WWTF,206653,Atascadero WWTP,San Luis Obispo,,,,PRESENT,,,,,,,,,,,,,,,,,,,,,PRESENT,,,,,,,,,,,,,,,,,,,,,,,,,,,,,,,,,,,PRESENT,,,,,,PRESENT,PRESENT,,,,,,,,,,,,,,,,,,,,,,,,,,
Clean Watershed Needs Survey,1175426,AVILA BEACH WWTF,206888,Avila WWTP,San Luis Obispo,,,,,,,,,,,,,,,,,,PRESENT,,,PRESENT,,,,,,,,,,,,,,,,,,,,,,,,,,,,,,,,,,,,,,,PRESENT,,,,,,PRESENT,,,,,,,,,,,,,,,,,,,,,,,,,,,
ciwqs,1175426,AVILA BEACH WWTF,206888,Avila WWTP,San Luis Obispo,,,,,,,,PRESENT,,,,,,,,,,PRESENT,,,PRESENT,PRESENT,,,,,,,,,,,,,,,,,,,,,,,,,,,,,,,,,,,,,,PRESENT,,,,,,,PRESENT,PRESENT,,,,,,,,,,,,,,,,,,PRESENT,PRESENT,,,,,,
ciwqs,,,212681,California Men's Colony WWTP,San Luis Obispo,,,,,,,,,,,,,,PRESENT,,,,PRESENT,,,,PRESENT,,,,,,,,,,,,,,,,,PRESENT,,,,,,,PRESENT,PRESENT,,,,,,,,,PRESENT,,,,,,,,,,PRESENT,PRESENT,,,,,,,,,,PRESENT_AND_FUTURE,,,PRESENT,,,,,,,,,,,,,
Clean Watershed Needs Survey,1175398,Cambria WQCP,212858,Cambria CSD WWTP,San Luis Obispo,,,,,PRESENT_AND_FUTURE,,,,,,,,,,,,,PRESENT_AND_FUTURE,,,PRESENT_AND_FUTURE,,,,,,,,,,PRESENT_AND_FUTURE,,,,,,,,,,,,,,,,,,,,,,,,,,,,,,,,,,,PRESENT_AND_FUTURE,,,,PRESENT_AND_FUTURE,,,,,,,,,,,,,,,,,,,,,,,
ciwqs,1175398,Cambria WQCP,212858,Cambria CSD WWTP,San Luis Obispo,,,,,PRESENT,,,,,,,,,,,,,,,,,,PRESENT,,,,,,PRESENT,,,,,,,PRESENT,,,PRESENT,,,,,,PRESENT,PRESENT,,,,,,,,PRESENT,,,,,PRESENT,,,,,,,PRESENT,PRESENT,,,,,,,PRESENT,,,,,,PRESENT,,,,,,,,,,OFFSITE,,PRESENT,
ciwqs,,,824400,Cayucos SD WWTP,San Luis Obispo,,,,,,,,,,,,,,,,,,PRESENT,,,,,,,,,,,PRESENT,,,,,,,,,,PRESENT,,,,,,,PRESENT,,,PRESENT,,,,,,,,,,,,,,,,,PRESENT,,,,,,,,,,,PRESENT,,,PRESENT,,,,,,,,,,,,PRESENT,
Clean Watershed Needs Survey,1175382,Morro Bay Cayucos WWTF,882248,City of Morro Bay Water Reclamation Facility,San Luis Obispo,,,,,,,,PRESENT,,,,,,,,,,PRESENT,,,PRESENT,,,,PRESENT,,,,,,PRESENT,,,,,,,,PRESENT,,,,,,,,,,,,,,,,,,,,,,,,,,,PRESENT,,,,,,,,PRESENT,PRESENT,,,,,,,,,,,,,,,,,,
ciwqs,1175382,Morro Bay Cayucos WWTF,882248,City of Morro Bay Water Reclamation Facility,San Luis Obispo,,,,,,,,,,,,,,,,,,PRESENT,,,,PRESENT,PRESENT,,,,,,PRESENT,,,,,,,,,,PRESENT,,,,,,,PRESENT,PRESENT,,PRESENT,,,,PRESENT,PRESENT,,,,,PRESENT,,,,PRESENT,,,PRESENT,,,,,,,,,,,PRESENT,PRESENT,,,,,,,,,PRESENT,,,,,PRESENT,
ciwqs,,,215915,Country Club Estates SLO Co CSA-18,San Luis Obispo,,,,,,,,,,,,PRESENT,,,,,,PRESENT,,,,,,,,,,,,,,,,,,,,,,,,,,,,,,,,,,,,,,,,,,,,,,,,FUTURE,PRESENT,,,,,,,,,,,,,PRESENT,,PRESENT,,,,,,,,PRESENT,,,
ciwqs,,,216491,Cypress Ridge Sewer Facility,San Luis Obispo,,,,,PRESENT,,,,,,,,,,,,,PRESENT,,,PRESENT,,PRESENT,,,,,,,,,,,,,PRESENT,,,,,,,,,,PRESENT,PRESENT,,,,,,,PRESENT,,,,,,,,,,,PRESENT,,PRESENT,,,,,,,,,,,,,,,,,,,,,,,PRESENT,,PRESENT,
Clean Watershed Needs Survey,3486842,Heritage Ranch Sewer Treatm Plant,230132,Heritage Ranch WWTP,San Luis Obispo,,,,,,,,,,,,,,,,,,,,,,,,,,,,,,,,,,,,,,,,,,,,,,,,,,,,,,,,,,,,,,,,,,,,,,,,,,,,,,,,,,,,,,,,,,,,,
ciwqs,3486842,Heritage Ranch Sewer Treatm Plant,230132,Heritage Ranch WWTP,San Luis Obispo,,,,PRESENT,,,,,,PRESENT,,,,,,,,PRESENT,,,,PRESENT,,,,,,,,PAST,,,PRESENT,,,,,,,,,,,,,,PRESENT,,,,,,,,,,,PRESENT,,,,,,,,,,,,,,,,,,,,,,,,,,,,,,,,PRESENT,,,
ciwqs,,,240168,Meadowbrook WWTF (Templeton CSD),San Luis Obispo,,,,PRESENT,,,,PRESENT,,,,,,,,,,,,,,,,,,,,,,,,,,,,,,,,,,,,,,,,,,,,,,,,,,PRESENT,,,,,,,,PRESENT,,,,,,,,,,,,,,,,,,,,,,,,PRESENT,,,
ciwqs,,,241479,Morro Bay/Cayucos WWTP,San Luis Obispo,,,,,,,,PRESENT,,,,,,,,,,PRESENT,,,,PRESENT,,,PRESENT,,,,,,,,,,,,,,PRESENT,,,,,,,,,,,,,,,,,,,,,PRESENT,,,,,,PRESENT,PRESENT,,,,,,,,PRESENT,,,,,,,,,,,,,,,,,,
ciwqs,,,244360,Nipomo CSD Black Lake - Reclaimed Water Producer,San Luis Obispo,,,,,,,,,,,,,,PRESENT,,,,PRESENT,,,PRESENT,,,,,,,,,,,,,,,,,,,,,,,,,PRESENT,,,,,,,,,,,,,,PRESENT,,,,,,PRESENT,PRESENT,,,,,,,,,,,,,PRESENT,,,,,,,,,,PRESENT,,,
ciwqs,,,244361,Nipomo CSD Southland Treatment Facility,San Luis Obispo,,,,,,,,,,,,,,,,,,,,,PRESENT,,,,PRESENT,,,,,,PRESENT_AND_FUTURE,,,,,,,,PRESENT_AND_FUTURE,,,,,,,PRESENT,,,,,,,,,,,,,FUTURE,,,,,,,PRESENT_AND_FUTURE,PRESENT_AND_FUTURE,,,,,,,PRESENT_AND_FUTURE,,,,,,PRESENT,,,,,,,,,,PRESENT,,,
ciwqs,,,245581,Oak Shores Development CSA-7A,San Luis Obispo,,,,PRESENT,,,,,,,,,,,,,,,,,,,,,,,,,,,,,,,,,,,,,,,,,,,,,,,,,,,,,,PRESENT,,,,,,,,PRESENT,,,,,,,,,,,,,,,,,,,,,,,,OFFSITE,,,
ciwqs,,,251631,Rancho Colina MH Estates STP,San Luis Obispo,,,,,,,,,,,,,,,,,,PRESENT,,,,,,,PRESENT,,,,,,,,,,,,,,,,,,,,,,,,,,,,,,,,,,,,,,,,,PRESENT,PRESENT,,,,,,,,,,,,,PRESENT,,,,,,,,,,PRESENT,,,
Clean Watershed Needs Survey,1175375,San Luis Obispo WRF,255380,San Luis Obispo WWTP,San Luis Obispo,,,,PRESENT_AND_FUTURE,,,,PRESENT_AND_FUTURE,,,,PRESENT_AND_FUTURE,,,,,,PRESENT,,PRESENT_AND_FUTURE,,,,,PRESENT_AND_FUTURE,,,,PRESENT_AND_FUTURE,,,,,,,,,,PRESENT,,,,,,,,,,,,,,PRESENT,,,,,,,PRESENT_AND_FUTURE,,,,,,,,,,PRESENT_AND_FUTURE,,,,PRESENT_AND_FUTURE,PRESENT_AND_FUTURE,,,,,,,,,,,,,,,,,,
ciwqs,1175375,San Luis Obispo WRF,255380,San Luis Obispo WWTP,San Luis Obispo,,,,,,,,PRESENT,,,,,,,,,,PRESENT,,,PRESENT,PRESENT_AND_FUTURE,PRESENT,,PRESENT,,,,PRESENT,,,,,,,,PRESENT,,PRESENT,,,,,,PRESENT,PRESENT,PRESENT,,,,,,,PRESENT,FUTURE,,,,,PRESENT,,,,,,PRESENT,PRESENT,PRESENT,,,,,,PRESENT,PAST,,PRESENT,,PRESENT,PRESENT,,PRESENT,,,,PRESENT,PRESENT,,,,,PRESENT,
Clean Watershed Needs Survey,1238813,SAN MIGUEL STP,255430,San Miguel CSD Machado WWTP,San Luis Obispo,,,,,,,,,,,,,,,,,,PRESENT,,,PRESENT,,,,,,,,,,,,,,,,,,,,,,,,,,,,,,,,,,,,,,,,,,,,,PRESENT,,,,,,,,,,,,,,,,,,,,,,,,PRESENT,,,
ciwqs,1238813,SAN MIGUEL STP,255430,San Miguel CSD Machado WWTP,San Luis Obispo,,,,PRESENT,,,,,,,,,,,,,,,,,,,,,PRESENT,,,,,,,,,,,,,,,,,,,,,,,,FUTURE,,,,,,,,,,,,,,,,,,,,,,,,,,,,,,,,,,,,,,,,,PRESENT,,,
ciwqs,,,272525,San Miguelito Wild Cherry Canyon,San Luis Obispo,,,,PRESENT,,,,,,,,PRESENT,,,,,,,,,,,,,,,,,,,,,,,,,,,,,,,,,,PRESENT,,,,,,,,,,,,,,PRESENT,,,,,,PRESENT,,,,PRESENT,,,,,,,,,,,,,,,,,,,,PRESENT,,,
Clean Watershed Needs Survey,1175401,SAN SIMEON ACRES WWTF,255462,San Simeon WWTP,San Luis Obispo,,,,,,,,PRESENT,,,,,,,,,,PRESENT,,,PRESENT,,,,PRESENT,,,,,,PRESENT,,,,,,,,,,,,,,,,,,,,,,,,,,,,,,,,,,,PRESENT,,,,,,,,,,,,,,,,,,,,,,,,,,,
ciwqs,1175401,SAN SIMEON ACRES WWTF,255462,San Simeon WWTP,San Luis Obispo,,,,,PRESENT,,,,,,,,,,,,,PRESENT,,,PRESENT,PRESENT,,,,,,,PRESENT,,,,,,,,,,,,OFFSITE,,,,,,,,,,,,,,,,PRESENT,,,,,,OFFSITE,,,PRESENT,PRESENT,,,,,,,,,,,,,PRESENT,,,,,,,PRESENT,,,,,,
Clean Watershed Needs Survey,1175272,Burlingame WWTP,210839,Burlingame WWTP,San Mateo,,,,,PRESENT,PRESENT,,PRESENT,,,,,,PRESENT,,,,PRESENT,PRESENT,,,,,,,,,,,,,,,,,,,,,,,,,,,,,,,,,,,,,,,,,PRESENT,,,,,,PRESENT,PRESENT,,,,,,,PRESENT,,,,,,PRESENT,,,,,,,,,,,,,
ciwqs,1175272,Burlingame WWTP,210839,Burlingame WWTP,San Mateo,,,,,,,,PRESENT,,,,,,PRESENT,,,,PRESENT,,,,OFFSITE,,,,,,,PRESENT,,,,,,,,,,PRESENT,,,,,,,PRESENT,,,,,,,,,,,,,,PRESENT,,,,,,PRESENT,PRESENT,,,,,,,PRESENT,,,,,,PRESENT,,PRESENT,,,,,,,,PRESENT,,,
Clean Watershed Needs Survey,3607829,Calera Creek Water Recycling Plant,212585,Calera Creek Water Recycling Plant,San Mateo,,,,,,,,,,,,,,,,,,,,,,,,,,,,,,,,,,,,,,,,,,,,,,,,,,,,,,,,,,,,,,,,,,,,,,,,,,,,,,,,,,,,,,,,,,,,,
ciwqs,3607829,Calera Creek Water Recycling Plant,212585,Calera Creek Water Recycling Plant,San Mateo,,,,,PRESENT,,,,,,,,,PRESENT,,,,FUTURE,,,,FUTURE,,,,,,,OFFSITE,,,,,,,,,,PRESENT,,,,,,,PRESENT,PRESENT,,,,,,,,,,,,,,,,,,PRESENT,PRESENT_AND_FUTURE,,,,,,,,PRESENT,,,PRESENT,,,,,,,,OFFSITE,,,,,,,PRESENT,PRESENT
Clean Watershed Needs Survey,1175297,MILLBRAE MADRONE WWTF,240791,Millbrae WPCP,San Mateo,,,,,,,,PRESENT,,,,,,,,,,PRESENT,,,PRESENT,,,,,,,,,,,,,,,,PRESENT,,,,,,,,,,,,,,,,,,,,,,,PRESENT,,,,,,PRESENT,,PRESENT,,,,,,PRESENT,,,,,,PRESENT,,,,,,,,,,,,,
ciwqs,1175297,MILLBRAE MADRONE WWTF,240791,Millbrae WPCP,San Mateo,,,,,,,,PRESENT,,,,,,,,,,PRESENT,,,,OFFSITE,,,,,,,PRESENT,,,,,,,,,,PRESENT,,,,,,,PRESENT,,,,,,,,,,,,,,PRESENT,,,,,,PRESENT,PRESENT,,,,,,,PRESENT,,,,,,PRESENT,,,,,FUTURE,,,,,,,,
Clean Watershed Needs Survey,1175298,North San Mateo County Sanitation District WWTP,244566,North San Mateo County Sanitation District WWTP,San Mateo,,,,,,,,PRESENT,,,,,,PRESENT,,,,PRESENT,,,PRESENT,PRESENT,,,,,,,,,,,,,,,PRESENT,,,,,,,,,,,,,,,,,,,,,,,PRESENT,PRESENT,,,,,PRESENT,,,,,,,,PRESENT,,,,,,,,,,,,,,,,,,,
ciwqs,1175298,North San Mateo County Sanitation District WWTP,244566,North San Mateo County Sanitation District WWTP,San Mateo,,,,,,PRESENT,,PRESENT,,,,,,PRESENT,,,,PRESENT,PRESENT,,,PRESENT,,,,,,,PRESENT,,,,,,,PRESENT,PRESENT,,,,,,,,,PRESENT,PRESENT,,,,,,,,,,,,PRESENT,PRESENT,,,,,,PRESENT,PRESENT,,,,,,,PRESENT,,,,,,PRESENT,,,,,PRESENT,,,,,,,,
Clean Watershed Needs Survey,1175315,Sewer Authority Mid-Coastside WWTF,255139,SAM WWTP (Sewer Authority Mid-Coastside WWTP),San Mateo,,,,,,,,PRESENT,,,,,,,,,,PRESENT,,PRESENT,PRESENT,,,,,,,,,,PRESENT,,,,,,,,PRESENT,,,,,,,PRESENT,,,,,,,,,,,,,,PRESENT,,,,,,PRESENT,,,,,,,,PRESENT,,,,,,,,,,,,,,,,,,,
ciwqs,1175315,Sewer Authority Mid-Coastside WWTF,255139,SAM WWTP (Sewer Authority Mid-Coastside WWTP),San Mateo,,,,,,,,PRESENT,,,,,,,,,,PRESENT,,,,PRESENT,,,,,,,FUTURE,,,,,,,,,,PRESENT,,,,,,,PRESENT,,,,,,,,,,,,,,PRESENT,,,FUTURE,,,PRESENT,PRESENT,,,,,,,PRESENT,,,FUTURE,,FUTURE,PRESENT,,,,,,,,,,,,,
Clean Watershed Needs Survey,1175301,San Mateo WWTF,255420,San Mateo WWTP,San Mateo,,,,,,,,PRESENT,,,,,,,,,,PRESENT,,,PRESENT,,,,,,,,,,,,,,,,PRESENT,,PRESENT,,,,,,,PRESENT,,,,,,,PRESENT,,,,,,,PRESENT,,,,,,PRESENT,PRESENT,,,,,,,PRESENT,PRESENT,,,,,,,,,,,,,,,,,,
ciwqs,1175301,San Mateo WWTF,255420,San Mateo WWTP,San Mateo,,,,,,,,PRESENT,,,,,,PRESENT,,,,PRESENT,FUTURE,,,PRESENT,,,,,,,FUTURE,,,,,,,FUTURE,PRESENT,,FUTURE,,,,,,,PRESENT,,,FUTURE,,,,,,,,,,,PRESENT,,,,,,FUTURE,PRESENT,,,,,,,PRESENT,,,,,,PRESENT,FUTURE,,,,,,,,,,,FUTURE,
Clean Watershed Needs Survey,1175357,S.F. International Airport WQCP,256507,SF Airport Mel Leong TP-Sanitary Waste,San Mateo,,,,,PRESENT,,,PRESENT,,,,,,,,,,PRESENT,,PRESENT,PRESENT,,,,PRESENT,,,,,,,,,,,,,,PRESENT,,,,,,,PRESENT,,,,,,,,,,,,,,PRESENT,,,,,,PRESENT,,,,,,,,,,,,,,PRESENT,,,,,,,,,,,,,
ciwqs,1175357,S.F. International Airport WQCP,256507,SF Airport Mel Leong TP-Sanitary Waste,San Mateo,,,FUTURE,,,PRESENT,,PRESENT,,,PRESENT_AND_FUTURE,,,PRESENT_AND_FUTURE,,,,PRESENT,PRESENT,,,OFFSITE,FUTURE,,PRESENT,,,,PRESENT,,,,,PRESENT,,PRESENT,PRESENT,,PRESENT,,FUTURE,,,,,PRESENT,PRESENT,,,FUTURE,,,PRESENT,FUTURE,PRESENT_AND_FUTURE,,PRESENT_AND_FUTURE,,PRESENT,,,,FUTURE,,PRESENT,PRESENT,PRESENT,,,,,,,PRESENT,PRESENT,,FUTURE,,,PRESENT,,,,,,,,,,,FUTURE,,
ciwqs,,,256506,SF Arprt Mel Leong TP-Industrl,San Mateo,,,FUTURE,,,PRESENT,,PRESENT,,,PRESENT_AND_FUTURE,,,PRESENT_AND_FUTURE,,,,PRESENT,PRESENT,,,OFFSITE,FUTURE,,PRESENT,,,,PRESENT,,,,,PRESENT,,PRESENT,PRESENT,,PRESENT,,FUTURE,,,,,PRESENT,PRESENT,,,,,,PRESENT,FUTURE,PRESENT_AND_FUTURE,,PRESENT_AND_FUTURE,,PRESENT,,,,FUTURE,,PRESENT,PRESENT,PRESENT,,,,,,,PRESENT,PRESENT,,FUTURE,,FUTURE,,,,,,,,,,,,FUTURE,,
Clean Watershed Needs Survey,1175306,SO SF-SAN BRUNO WWTF,254881,South San Francisco-San Bruno WQCP,San Mateo,,,,,PRESENT,,,PRESENT,,,,,,PRESENT,,,,PRESENT,,PRESENT,,,,,PRESENT,,,,,,,,,,,,PRESENT,,PRESENT,,,,,,,,,,,,,,,,,,,,,PRESENT,,,,,,PRESENT,,,,,,,,PRESENT,,,,,,PRESENT,,,,,,,,,,,,,
ciwqs,1175306,SO SF-SAN BRUNO WWTF,254881,South San Francisco-San Bruno WQCP,San Mateo,,,,,,,,PRESENT,,,,,,,,,,PRESENT,PRESENT,,,PRESENT,,,,,,,,,,,,PRESENT,,PRESENT,,,PRESENT,,,,,,,PRESENT,,,,,,,,,,,,,PRESENT,PRESENT,,,,,,PRESENT,PRESENT,,,,,,OFFSITE,PRESENT,,,,,,PRESENT,PRESENT,,,,,,,,,PRESENT,,,
Clean Watershed Needs Survey,3609136,Silicon Valley Clean Water,255833,SVCW WWTP,San Mateo,,,,,,,,PRESENT_AND_FUTURE,,,PRESENT,,,,,,,PRESENT,,,PRESENT,PRESENT,,,,,,,,,,,,,,,PRESENT,,,PRESENT,,,,,,PRESENT,,,,,,,,,,,,,,PRESENT_AND_FUTURE,,,,,,PRESENT,PRESENT_AND_FUTURE,,,,,,,PRESENT,PRESENT,,,,,PRESENT,,,,,,,,,,,,,
ciwqs,3609136,Silicon Valley Clean Water,255833,SVCW WWTP,San Mateo,,,,,,,,PRESENT,,,,,,PRESENT,,,,PRESENT,PRESENT,,,PRESENT,,,PRESENT,,,,OFFSITE,,,,,PRESENT,,,,,FUTURE,,,,,,,PRESENT,PRESENT,,,,,,,,,,,,PRESENT,PRESENT,,,,PRESENT,,PRESENT,PRESENT,,,,,,,PRESENT,PRESENT,,,,,PRESENT,PRESENT,,,,,,,,,,,,
ciwqs,,,210685,Buellton WWTP,Santa Barbara,,,,,,,,,,,,,,,,,,,,,PRESENT,,,,,,,,,,PRESENT,,,,,,,,PRESENT,,,,,,,PRESENT,,,,,,,,,,,,,,,,,,,,,PRESENT,,,,,,,,,,,,,,,,,,,,,,,PRESENT,,PRESENT,
Clean Watershed Needs Survey,1175374,Lake Cachuma County Park WWTF,212455,Cachuma Lake Recreation Area WWTP,Santa Barbara,,,,,,,,,,,,,,,,,,PRESENT,,,PRESENT,,,,PRESENT,,,,,,PRESENT,,,,,,,,,,,,,,,,,,,,,,,,,,,,,,,,,,,PRESENT,,,,PRESENT,,,,,,,,,,,,,,,,,,,,,,,
ciwqs,1175374,Lake Cachuma County Park WWTF,212455,Cachuma Lake Recreation Area WWTP,Santa Barbara,,,,,,,,,,,,,,,,,,,,,,,,,PRESENT,,,,,PRESENT,,,,,,,,,PRESENT,,,,,,,,,,,,,,,,,,,,,,,,,,,PRESENT,PRESENT,,,,,,,,,,,,,PRESENT,,,,,,,,,,,,,
Clean Watershed Needs Survey,1175407,SANTA MARIA WWTF,255678,City of Santa Maria WWTP,Santa Barbara,,,,,,,,PRESENT,,,,,,,,,,,,,,,,,PRESENT,,,,,,,,,,,,,,PRESENT,,,,,,,,,,,,,,,,,,,,,PRESENT,,,,,,PRESENT,,,,PRESENT,,,,PRESENT,PRESENT,,,,,,,,,,,,,,,PRESENT,,,
ciwqs,1175407,SANTA MARIA WWTF,255678,City of Santa Maria WWTP,Santa Barbara,,,,,,,,PRESENT,,,,,,,,,,,,,FUTURE,,,,PRESENT,,,,,,,,,,,,,,PRESENT,,,,,,,,,,,,,,,,,,,,,PRESENT,,,,,,PRESENT,PRESENT,,,,,,,PRESENT,PRESENT,,,,,,,,,,,,,,,PRESENT,,,
Clean Watershed Needs Survey,1175436,CUYAMA WWTF,216428,Cuyama CSD WWTP,Santa Barbara,,,,,,,,PRESENT,,,,,,,,,,PRESENT,,,PRESENT,,,,PRESENT,,,,,,,,,,,,,,,,,,,,,,,,,,,,,,,,,,,PRESENT,,,,,,PRESENT,,,,,,,,,PRESENT,,,,,,,,,,,,,,,,,,
ciwqs,1175436,CUYAMA WWTF,216428,Cuyama CSD WWTP,Santa Barbara,,,,,PRESENT,,,,,,,,,,,,,,,,,,,,PRESENT,,,,,PRESENT,PRESENT,,,,,,,,,,,,,,,,,,,,,,,,,,,,,,,,,,,PRESENT,PRESENT,,,,,,,,,,,,,PRESENT,,,,,,,,,,,,,
Clean Watershed Needs Survey,1175440,GUADALUPE WWTF,228104,Guadalupe WWTP,Santa Barbara,,,,PRESENT,,,,PRESENT,,,,,,,,,,PRESENT,,,PRESENT,,,,PRESENT,,,,,,,,,,,,,,PRESENT,,,,,,,,,,,,,,,,,,,,,PRESENT,,,,,,PRESENT,,,,PRESENT,,,,,,,,,,,,,,,,,,,,,,,
ciwqs,1175440,GUADALUPE WWTF,228104,Guadalupe WWTP,Santa Barbara,,,,PRESENT,,,,,,,,,,,,,,,,,,,PRESENT,,,,,,,,PRESENT,,,,,,,,FUTURE,,,,,,,,,,,,,,,PRESENT,,,,,,PRESENT,,,,,,PRESENT,PRESENT,,,PRESENT,,,,,,,,,,,,,,,,,,,,PRESENT,,PRESENT,
ciwqs,,,233409,Jalama Beach County Park WWTP,Santa Barbara,,,,,,,,,,,,,,,,,,,,,,,,,,,,,,,,,,,,,,,PRESENT,,,,,,,,,,,,,,,,,,,,,,,,,,,,,,PRESENT,,,,,,,,,,,,,PRESENT,,,,,,,,,,,
Clean Watershed Needs Survey,1175417,Laguna CSD WWTF,236124,Laguna County Sanitation District Reclamation Plant,Santa Barbara,,,,PRESENT_AND_FUTURE,,,,PRESENT_AND_FUTURE,,,,PRESENT_AND_FUTURE,,,,,,PRESENT_AND_FUTURE,,PRESENT_AND_FUTURE,PRESENT_AND_FUTURE,,,,PRESENT_AND_FUTURE,,,,,,,,,,,,,,PRESENT_AND_FUTURE,,,,,,,,,,,,,,,,,,,,,PRESENT_AND_FUTURE,,,,,,PRESENT_AND_FUTURE,,,,PRESENT_AND_FUTURE,,,,,PRESENT_AND_FUTURE,,,,,,,,,,,,,,,,,,
ciwqs,1175417,Laguna CSD WWTF,236124,Laguna County Sanitation District Reclamation Plant,Santa Barbara,PRESENT,,,,,,,,,,PRESENT,,,,,,,,,,,,PRESENT,,PRESENT,,,,PRESENT,,,,,,,,,,PRESENT,,,,,,,,,,PRESENT,,,,PRESENT,PRESENT,,,,PRESENT,,PRESENT,,,PRESENT,,,PRESENT,PRESENT,,,,,,,,PRESENT,,PRESENT,,PRESENT,,,,,,,,PRESENT,,,PRESENT,,,
Clean Watershed Needs Survey,1175418,City of Lompoc WWTP,237315,Lompoc City Regional Wastewater Reclamation Plant,Santa Barbara,,,,,,,,PRESENT,,,,PRESENT,,,,,,PRESENT,,PRESENT,PRESENT,,,,PRESENT,,,,PRESENT,,,,,,,,,,PRESENT,,,,,,,,,,,,,,PRESENT,,,,,,,PRESENT,,,,,,PRESENT,,,,,,,,PRESENT,PRESENT,,,,,PRESENT,,,,,,,,,,PRESENT,,,
ciwqs,1175418,City of Lompoc WWTP,237315,Lompoc City Regional Wastewater Reclamation Plant,Santa Barbara,,,,,PRESENT,,,,,,,,,,,,,,,,,,PRESENT,,PRESENT,,,,,,,,,,,,PRESENT,,PRESENT,,,,,,,,PRESENT,,,,,,,PRESENT,,PRESENT,,,,,,,,,,PRESENT,PRESENT,,,PRESENT,,,,PRESENT,,,PRESENT,,,,,,,,,,,,,PRESENT,,PRESENT,
ciwqs,,,237395,Los Alamos WWTP,Santa Barbara,,,,PRESENT,PRESENT,,,PRESENT,,PRESENT,,,,,,,,,,,PRESENT,,,,,,,,,,,,PRESENT,,,,,,,,,,,,,,,,,,,,,,,,,,,,,,,,,PRESENT,,,,,,,,,,,,,,,,,,,,,,,,PRESENT,,,
ciwqs,,,240951,Mission Hills La Purisima WWTP,Santa Barbara,,,,PRESENT,,,,,,PRESENT,,,,,,,,,,,PRESENT,,,,,,,,,,,,PRESENT,,,,,,,,,,,,,,,,,,,,,,,,,,,,,,,,,PRESENT,,,,,,,,,,,,,,,,,,,,,,,,PRESENT,,,
Clean Watershed Needs Survey,1175421,MONTECITO WWTF,241288,Montecito SD WWTP,Santa Barbara,,,,,PRESENT_AND_FUTURE,,,,,,,,,,,,,,,,PRESENT_AND_FUTURE,,,,PRESENT_AND_FUTURE,,,,,,PRESENT_AND_FUTURE,,,,,,,,,,,,,,,,,,,,,,,,,,,,,,,,,,,PRESENT_AND_FUTURE,,,,,,,,,,,,,,PRESENT_AND_FUTURE,,,,,,,,,,,,,
ciwqs,1175421,MONTECITO WWTF,241288,Montecito SD WWTP,Santa Barbara,,,,,PRESENT,,,,,,,,,,,,,PRESENT,,,PRESENT,PRESENT,,,,,,,,,,,,,,,PRESENT,,,,,,,,,PRESENT,,,,,,,,,,,,,,,,,PRESENT,,,PRESENT,PRESENT,,,,,,,PRESENT,,,,,PRESENT,PRESENT,,,,,,,,,,,,,
ciwqs,,,257687,Solvang WWTP,Santa Barbara,,,,,PRESENT,,,,,,,,,,,,,,,,PRESENT,,PRESENT,,PRESENT,,,,PRESENT,,,,,,,,,,PRESENT,,,,,,,PRESENT,,,,,,,,,,,,,PRESENT,,,,,,PRESENT,PRESENT,PRESENT,,,,,,,,,,,,,,,PRESENT,,,,,,,,PRESENT,,PRESENT,
Clean Watershed Needs Survey,1175409,Summerland WWTP,259377,Summerland SD WWTP,Santa Barbara,,,,,,,,PRESENT,,,,,,,,,,,,,PRESENT,,,,PRESENT,,,,,,PRESENT,,,,,,,,,,,,,,,,,,,,,,,,,,,,,PRESENT,,,,,,PRESENT,,,,,,,,,PRESENT,,,,,,,,,,,,,,,,,,
ciwqs,1175409,Summerland WWTP,259377,Summerland SD WWTP,Santa Barbara,,,,,PRESENT,,,,,,,PRESENT,,,,,,PRESENT,,,PRESENT,PRESENT,,,,,,,PRESENT,,,,,,,,,,,,,,,,,PRESENT,PRESENT,,,,,,,,,,,,,PRESENT,,,,,,PRESENT,PRESENT,,,,,,,,,,,,,PRESENT,,,,,,,,,,PRESENT,,,
Clean Watershed Needs Survey,1175273,Palo Alto Regional WQCP,247457,Palo Alto Regional WQCP,Santa Clara,,,,,,,,,,,PRESENT,,,,,,,PRESENT,,,,,,,,,,,,,,,,,,,,,,,,,,PRESENT,,PRESENT,,,,,,,,PRESENT,,,,,,PRESENT,,,,,,PRESENT,,,,,,,,PRESENT,PRESENT,,,,,PRESENT,,,,,PRESENT_AND_FUTURE,,PRESENT,,,,,,
ciwqs,1175273,Palo Alto Regional WQCP,247457,Palo Alto Regional WQCP,Santa Clara,,,,,,,,,,,,,,,,,,PRESENT,,,,,,,,,,,,,,,,,,,,,PRESENT,,,,,,,PRESENT,PRESENT,FUTURE,,FUTURE,,,,,,,,,,PRESENT,,,FUTURE,,,PRESENT,PRESENT,PRESENT,,,,,,PRESENT,,,PRESENT,,,PRESENT,,,,,,PRESENT,PRESENT,,,,,,
Clean Watershed Needs Survey,1175299,San Jose/Santa Clara WPCP,255333,San Jose/Santa Clara WPCP,Santa Clara,,,,,,,,PRESENT,,,PRESENT,PRESENT_AND_FUTURE,,PRESENT_AND_FUTURE,,,,PRESENT_AND_FUTURE,,,PRESENT,PRESENT,,,PRESENT_AND_FUTURE,,,,,,,,,,,,,,PRESENT,,,,,,,,,,,,,,,PRESENT_AND_FUTURE,,,,,,PRESENT,,,,,,PRESENT,,,,,,,,,,,,,,PRESENT,,,,,,,PRESENT_AND_FUTURE,,,PRESENT,,,
ciwqs,1175299,San Jose/Santa Clara WPCP,255333,San Jose/Santa Clara WPCP,Santa Clara,,,,PRESENT,,,,PRESENT,,,,PRESENT,,FUTURE,,,,PRESENT,,,,PRESENT,PRESENT,,PRESENT,,,,PRESENT,,,,,PRESENT,,PRESENT,PRESENT,,PRESENT,,,,,,,FUTURE,PRESENT,,,OFFSITE,,,,PRESENT,,,,,FUTURE,PRESENT,,,OFFSITE,,,PRESENT,PRESENT,,,PRESENT,,,,PRESENT,,,OFFSITE,,,,,PRESENT,,PRESENT,,,,,,,,PRESENT,
ciwqs,,,256038,SCRWA Reclamation Facility and Use Areas,Santa Clara,,,,PAST,,,,,,,,,,,,,,PRESENT,,,,,,,,,,,,,,,,,,,,,PRESENT,,,,,,,PRESENT,PRESENT,,FUTURE,,,,,,,PRESENT,,,,,,,,,,PRESENT,PRESENT,,,,,,,,,,PRESENT,,,PRESENT,,,,,,,,,,PRESENT,,PRESENT,
Clean Watershed Needs Survey,1175427,South County Regional Wastewater Treatment and Reclamation Facility,256039,SCRWA WWTP,Santa Clara,,,,,,,,,,,,,,,,,,,,,PRESENT_AND_FUTURE,,,,,,,,,,,,,,,,,,PRESENT,,,,,,,,,,,,,,,,,,,,,,,,,,,PRESENT_AND_FUTURE,,,,,,,,,,,,,,,,,,,,,,,,PRESENT_AND_FUTURE,,,
ciwqs,1175427,South County Regional Wastewater Treatment and Reclamation Facility,256039,SCRWA WWTP,Santa Clara,,,,,,,,,,,,,,,,,,PRESENT,,,,PRESENT,PRESENT,,,,,,,,,,,,,,,,PRESENT,,,,,,,PRESENT,PRESENT,,FUTURE,,,,,FUTURE,,PRESENT,,,,,,,,,,PRESENT,PRESENT,,,,,,,,,,PRESENT_AND_FUTURE,,,PRESENT,FUTURE,,,,,,,,,PRESENT,,PRESENT,
Clean Watershed Needs Survey,1175269,"Sunnyvale, City of (WPCP)",259507,Sunnyvale WPCP,Santa Clara,,,,PRESENT,,PRESENT,,PRESENT,,,,PRESENT,,,,,,PRESENT,PRESENT,,PRESENT_AND_FUTURE,,,,,,,,,,,,,,,,PRESENT,,PRESENT,,,,,,,,,,,,,,PRESENT,PRESENT,,PRESENT_AND_FUTURE,,,,PRESENT,,,,,,PRESENT,,,,PRESENT_AND_FUTURE,,,,PRESENT,PRESENT,,,,,,,PRESENT_AND_FUTURE,,,,,,,,,,,
ciwqs,1175269,"Sunnyvale, City of (WPCP)",259507,Sunnyvale WPCP,Santa Clara,,,,PRESENT,,,,PRESENT,,PRESENT,,,,PRESENT,,,,PRESENT,PRESENT,PRESENT,PRESENT,PRESENT,PRESENT,,,,,,PRESENT,,,,PRESENT,,,PRESENT,PRESENT,,PRESENT,PRESENT,,,,,FUTURE,PRESENT,PRESENT,,,,,,,PRESENT,,,,,PRESENT,PRESENT,,,,,,FUTURE,FUTURE,,,,,,,PRESENT,PRESENT,,,,,,,,,,,,,,,,,PRESENT,
ciwqs,,,209483,Big Basin Woods Subdivision WWTP,Santa Cruz,,,,,,,,,,,,,,,,,,,,,,,,,,,,,,,,,,,,,,,,,,,,,,,,,,,,,,,,,,,,,,,,,,PRESENT,,,,,,,,,,,,,,PRESENT,,,,,,,,,,,,,
ciwqs,,,210116,Boulder Creek Golf & Cntry Club WWTP,Santa Cruz,,,,,,,,,,,,,,,,,,,,,PRESENT,,,,,,,,PRESENT,,PRESENT,,,,,,,,,,,,,,,,,,,,,,,,,,,,,,,,,,,,PRESENT,,,,,,,,,,,,,PRESENT,,,,,,,,,,,,,
ciwqs,,,219169,Davenport WWTP,Santa Cruz,,,,PRESENT,,,,,,,,,,,,,,PRESENT,,,,,,,,,,,,,,,,,,,,,,,,,,,,,PRESENT,,,,,,,,,,,,,,,,,,,PRESENT,,,,,,,,,,,,,,,,,,,,,,,,PRESENT,,,
ciwqs,,,241299,Monterey Bay Academy WWTP,Santa Cruz,,,,,,,,,,,,PRESENT,,,,,,,,,PRESENT,,,,,,,,,,,,,,,,,,,,,,,,,,,,,,,,,,PRESENT,,,,,,,,,,,,,,,,,,,,,,,,,,,,,,,,,,,PRESENT,,,
ciwqs,,,731257,Pajaro Valley WMA and City of Watsonville Water Reclamation,Santa Cruz,,,,,,,,,,,,,,,,,,,FUTURE,,,,,,,,,,,,,,,,,FUTURE,,,PRESENT,,,,,,,,FUTURE,,,,,,,,,,,,,PRESENT,,,,,,PRESENT,PRESENT,,,,,,,,PRESENT,,FUTURE,,,PRESENT,FUTURE,FUTURE,,,,,,,,,,,
Clean Watershed Needs Survey,1175379,SANTA CRUZ WWTF,255632,Santa Cruz WWTP,Santa Cruz,,,,,,,,PRESENT,,,,,,PRESENT,,,,PRESENT,,,,PRESENT,,,,,,,,,,,,,,,,,PRESENT,,,,,,,,,,,,,,,,,,,,,PRESENT,,,,,,PRESENT,PRESENT,,,,,,,PRESENT,PRESENT,,,,,PRESENT,,,,,PRESENT,,,,,,,,
ciwqs,1175379,SANTA CRUZ WWTF,255632,Santa Cruz WWTP,Santa Cruz,,,,,,,,PRESENT,,,,,,PRESENT,,,,,,PRESENT,,,,,,,,,,,,,,,,,,,PRESENT,PRESENT,,,,,,PRESENT,FUTURE,,,,,,,,,,,,,PRESENT,,,,,,PRESENT,PRESENT,,,,,,,,PRESENT,,PRESENT,,,PRESENT,FUTURE,,,,,,,,,,,,
Clean Watershed Needs Survey,1175412,Watsonville WWTF,271872,Watsonville WWTP,Santa Cruz,,,,,,,,PRESENT_AND_FUTURE,,,PRESENT_AND_FUTURE,,,,,,,PRESENT_AND_FUTURE,,,PRESENT,PRESENT_AND_FUTURE,,,,,,,,,,,,,,,,,PRESENT,,,,,,,PRESENT_AND_FUTURE,,,,,,,,,,,,,,PRESENT,,,,,,PRESENT_AND_FUTURE,PRESENT_AND_FUTURE,,,,,,,PRESENT_AND_FUTURE,PRESENT_AND_FUTURE,,,,,,,,,,,,,,,,,,
ciwqs,1175412,Watsonville WWTF,271872,Watsonville WWTP,Santa Cruz,,,,,,,,PRESENT,,,,,,,,,,,,PRESENT,,,,,PRESENT,,,,,,,,,,,,,,PRESENT,PRESENT,,,,,,PRESENT,,,,,,,,,,,,,,PRESENT,,,,,,PRESENT,PRESENT,,PRESENT,,,,,PRESENT,PRESENT,,,,,PRESENT,,,,,PAST,,,,,,,,
Clean Watershed Needs Survey,1175544,Anderson WWTF,205741,Anderson WPCP,Shasta,,,,,PRESENT,,,,,,,,,,,,,PRESENT,,,,PRESENT,,,PRESENT,,,,,,,,,,,,,,,,,,,,,,,,,,,,,,,,,,,PRESENT,,,,,,PRESENT,,,,,,,,,PRESENT,,,,,PRESENT,,,,,,,,,,,,,
ciwqs,1175544,Anderson WWTF,205741,Anderson WPCP,Shasta,,,,,PRESENT,,,,,,,PRESENT,,,,,,PRESENT,,,PRESENT,PRESENT,,,PRESENT,,,,PRESENT,,,,,,,,,,,,,,,,,,PRESENT,,,,,,,,,,,,,,,,,,,PRESENT,PRESENT,,,PRESENT,,,,,,,FUTURE,,,PRESENT,,,,,PRESENT,,,,,PRESENT,,,
ciwqs,,,210854,Burney STP,Shasta,,,,,,,,,,,,PRESENT,,,,,,,,,PRESENT,,,,PAST,,,,,PRESENT,,,,,,,,,,,,,,,,,,,,,,,,,,PRESENT,,,,,,,,,,PRESENT,PRESENT,,,,,,,,,,,,,PRESENT,,,,,,,,,,PRESENT,,,
Clean Watershed Needs Survey,1175618,Clear Creek WWTF,214802,Clear Creek WWTP,Shasta,,,,,,,,PRESENT,,,,,,,,,,PRESENT,,,,PRESENT,,,,,,,PRESENT,,,,,,,,PRESENT,,PRESENT,,,,,,,PRESENT,,,,,,,,,,,,,,PRESENT,,,,,,PRESENT,,,,PRESENT,,,,PRESENT,PRESENT,,,,,PRESENT,,,,,,,,,,,,,
ciwqs,1175618,Clear Creek WWTF,214802,Clear Creek WWTP,Shasta,,,,,,,,PRESENT,,,,PRESENT,,PRESENT,,,,PRESENT,PRESENT,,,PRESENT,PRESENT,,PRESENT_AND_FUTURE,,,,PRESENT,,,,,PRESENT,,PRESENT,PRESENT,,PRESENT,,,,,,,PRESENT,PRESENT,,,,,,,PRESENT,,,,,PRESENT,PRESENT,,,,,,PRESENT,PRESENT,,,PRESENT,,,,PRESENT,,,,,,PRESENT,,,,PRESENT,,,PRESENT,,,PRESENT,,PRESENT,
Clean Watershed Needs Survey,1238823,Cottonwood WWTP,215903,Cottonwood WWTP,Shasta,,,,,,,,,,,,,,,,,,PRESENT_AND_FUTURE,,,PRESENT_AND_FUTURE,PRESENT_AND_FUTURE,,,PRESENT_AND_FUTURE,,,,,,,,,,,,,,,,,,,,,,,,,,,,,,,PRESENT_AND_FUTURE,,,,,,,,,,PRESENT_AND_FUTURE,,,,PRESENT_AND_FUTURE,,,,,,,,,,,,,,,,,,,,,,,
ciwqs,1238823,Cottonwood WWTP,215903,Cottonwood WWTP,Shasta,,,,,,,,,,,,,,,,,,PRESENT,,,PRESENT,PRESENT,PRESENT,,PRESENT,,,,,,,,,,,,,,,,,,,,,,PRESENT,,,,,,,,,PRESENT,,,,,,,,,,PRESENT,PRESENT,,,,,,,,,,,,,PRESENT,FUTURE,PRESENT,,,FUTURE,,,,,,,,
ciwqs,,,247464,Palo Cedro WWTF,Shasta,,,,,,,,,,,,,,,,,,,,,,,,,,,,,,PRESENT,,,,,,,,,,,,,,,,PRESENT,,,,,,,,,,,,,,,,,,,,PRESENT,,,,,,,,,,,,,,PRESENT,,,,,,,,,,PRESENT,,,
Clean Watershed Needs Survey,1175720,SHASTA LAKE WWTF,256627,Shasta Lake WWTF,Shasta,,,,,,,,,,,,PRESENT_AND_FUTURE,,,,,,PRESENT_AND_FUTURE,,,PRESENT_AND_FUTURE,PRESENT_AND_FUTURE,,,PRESENT_AND_FUTURE,,,,,,,,,,,,PRESENT_AND_FUTURE,,,,,,,,,,,,,,,,,,,PRESENT_AND_FUTURE,,,,,,,,,,PRESENT_AND_FUTURE,,,,PRESENT_AND_FUTURE,,,,PRESENT_AND_FUTURE,PRESENT_AND_FUTURE,,,,,,,,,,,,,,,,,,
ciwqs,1175720,SHASTA LAKE WWTF,256627,Shasta Lake WWTF,Shasta,,,,,PRESENT,PRESENT,,,,,,,,,,,,PRESENT,PRESENT_AND_FUTURE,,,PRESENT,PRESENT,,PRESENT_AND_FUTURE,,,,PRESENT_AND_FUTURE,,,,,,,PRESENT,,,,,,,,,,,PRESENT,,,FUTURE,,,PRESENT_AND_FUTURE,PRESENT_AND_FUTURE,PRESENT_AND_FUTURE,PRESENT,FUTURE,,PRESENT,,,,,,,PRESENT,PRESENT,,,,,,,,,,PRESENT,,,PRESENT_AND_FUTURE,FUTURE,FUTURE,,,PRESENT,,,,,,,FUTURE,
Clean Watershed Needs Survey,3479031,Stillwater WWTF,258676,Stillwater WWTF,Shasta,,,,,,,,,,,,,,,,,,,,,,,,,,,,,,,,,,,,,,,,,,,,,,,,,,,,,,,,,,,,,,,,,,,,,,,,,,,,,,,,,,,,,,,,,,,,,
ciwqs,3479031,Stillwater WWTF,258676,Stillwater WWTF,Shasta,,,,,PRESENT,,,,,,,FUTURE,,,,,,PRESENT,,,,PRESENT,PRESENT,,FUTURE,,,,,,,,,,,,,,,,,,,,,PRESENT,PRESENT,,,,,,PRESENT,PRESENT,,,,,,PRESENT,,,,,,PRESENT,PRESENT,,,,,,,,,,,,,PRESENT,,,,FUTURE,,,PRESENT,,,FUTURE,,PRESENT,
Clean Watershed Needs Survey,1175793,LOYALTON WWTF,214650,City of Loyalton and Grandi Ranch WWTF,Sierra,,,,PRESENT,,,,,,,,,,,,,,,,,,,,,,,,,,,,,,,,,,,,,,,,,,,,,,,,,,,,,,,,,,,,,,PRESENT,,,,,,,,,,,,,,,,,,,,,,,,,,,
ciwqs,1175793,LOYALTON WWTF,214650,City of Loyalton and Grandi Ranch WWTF,Sierra,,,,,,,,,,,,,,,,,,FUTURE,,,,,,,,,,,,,,,,,,,,,,,,,,,,,,,,,,,,,,,,,,,,,,,,,FUTURE,,,,,,,,,,,,,FUTURE,,,,,,,,,,FUTURE,,,FUTURE
Clean Watershed Needs Survey,1175707,DUNSMUIR WWTF,220850,Dunsmuir WWTP,Siskiyou,,,,,,,,,,,,PRESENT,,,,,,,,,,PRESENT,,,PRESENT_AND_FUTURE,,,,,,,,,,,,,,PRESENT,,,,,,,,,,,,,,,,,PRESENT,,,,,,,,,,PRESENT,PRESENT_AND_FUTURE,,,PRESENT,,,,,PRESENT_AND_FUTURE,,,,,,,,,,,,,,,PRESENT_AND_FUTURE,,,
ciwqs,1175707,DUNSMUIR WWTF,220850,Dunsmuir WWTP,Siskiyou,,,,,PRESENT,,,,,,,,,,,,,PRESENT,FUTURE,,PRESENT,PRESENT,,,PRESENT,,,,,,,,,,,FUTURE,,,PRESENT,,,,,,,FUTURE,PRESENT_AND_FUTURE,,,,,,FUTURE,,,PRESENT,,,,PRESENT,,,,,,FUTURE,PRESENT,,,,,,,,,,FUTURE,,,,FUTURE,FUTURE,,PRESENT,,,,,,PRESENT,,PRESENT,
Clean Watershed Needs Survey,1175224,Etna Wastewater Treatment Facility,222998,Etna STP,Siskiyou,,,,PRESENT_AND_FUTURE,,,,,,,,,,,,,,PRESENT_AND_FUTURE,,,,,,,,,,,,,,,,,,,,,,,,,,,,,,,,,,,,,,,,,,,,,,,,PRESENT,,,,PRESENT_AND_FUTURE,,,,,,,,,,,,,,,,,,,,,,,
ciwqs,1175224,Etna Wastewater Treatment Facility,222998,Etna STP,Siskiyou,,,,PRESENT,,,,,,,,,,,,,,,,,,,,,,,,,,PRESENT,,,,,,,,,,,,,,,,,,,,,,,,,,,,,,,,,,,,,,,,PRESENT,,,,,,,,,,,,,,,,,,,,,,,
ciwqs,,,225072,Fort Jones City WWTP,Siskiyou,,,,,,,,,,,,,,,,,,,,,,,,,,,,,,,,,,,,,,,,,,,,,,,,,,,,,,,,,,,,,,,,,,PRESENT,,,,,,,,,,,,,,,,,,,,,,,,PRESENT,,,
ciwqs,,,229643,Happy Camp WWTP,Siskiyou,,,,PRESENT,,,,,,,,,,,,,,,,,PRESENT,,,,,,,,,,,,,,,,,,,,,,,,,,,,,,,,,,,,,,,,,,,,,,,,,,,,,,,,,,,,,,,,,,,,,PRESENT,,,
ciwqs,,,805724,JH Ranch,Siskiyou,,,,,,,,,,,PRESENT,,,,,,,,,,,,,,,,,,,,,,,,,,,,,,,,,,,,,,,,,,,,,,,,,,,,,,,,,,PAST,,,,,,,,,,,,,,,,,,,,,,,,
ciwqs,,,236258,Lake Shastina CSD STP,Siskiyou,,,,,PRESENT,,,PRESENT,,,,PRESENT,,,,,,,,,PRESENT,,,,,,,,,PRESENT,,,,,,,,,,,,,,,,,,,,,,,,,,,,,,PRESENT,,,,,,,,,,PRESENT,,,,,,,,,,,,,,,,,,,,,,,
Clean Watershed Needs Survey,1175766,McCloud WWTF,240000,McCloud WWTF,Siskiyou,,,,PRESENT_AND_FUTURE,,,,,,,,,,,,,,,,,,,,,,,,,,,,,,,,,,,,,,,,,,,,,,,,,,,,,,,,,,,,,,PRESENT,,,,PRESENT_AND_FUTURE,,,,,,,,,,,,,,,,,,,,,,,
ciwqs,1175766,McCloud WWTF,240000,McCloud WWTF,Siskiyou,,,,PRESENT,PRESENT,,,,,,,,,,,,,,,,,,,,,,,,,PRESENT,,,,,,,,,,,,,,,,,,,,,,,,,,,,,,,,,,,,,,,,,,,,,,,,,,,,,,,,,,,,,,,
Clean Watershed Needs Survey,1175675,Mt. Shasta WWTF,241800,Mount Shasta WWTP,Siskiyou,,,,,,,,,,,,,,,,,,PRESENT,,,,PRESENT,,,,,,,,,,,,,,,,,,,,,,,,,,,,,,,,,,,,,,,,,,,,PRESENT,,,,,,,,,PRESENT,,,,,,,,,,,,,,,PRESENT,,,
ciwqs,1175675,Mt. Shasta WWTF,241800,Mount Shasta WWTP,Siskiyou,,,,PRESENT,FUTURE,,,,,,,PRESENT,,,,,,PRESENT,,,PRESENT,PRESENT,FUTURE,,PRESENT,,,,,,,,,,,,PRESENT,,FUTURE,,,,,,,FUTURE,PRESENT,,,,,,,FUTURE,,,,,,,,,,,,PRESENT,FUTURE,,,,,,,PRESENT,,,FUTURE,,,FUTURE,,,,,,,FUTURE,,,PRESENT,,FUTURE,
ciwqs,,,901636,"Plant Sciences, Inc. Juniper Village 2, Macdoel Middle School",Siskiyou,,,,,,,,,,,,,,,,,,,,,,,,,,,,,,,,,,,,,,,,,,,,,,,,,,,,,,,,,,,,PRESENT,,,,,,,,,PRESENT,,,,,,,,,,,,,,,,,,,,,,,,
ciwqs,,,263172,Tennant CSD ST/LF,Siskiyou,,,,,,,,,,,,,,,,,,,,,,,,,,,,,,,,,,,,,,,,,,,,,,,,,,,,,,,,,,,,,,,,,,,,,PRESENT,,,,,,,,,,,,,,,,,,,,,,,,
Clean Watershed Needs Survey,1175167,TULELAKE WWTF,266694,Tulelake City WWTP,Siskiyou,,,,PRESENT_AND_FUTURE,,,,,,,,,,,,,,PRESENT,,,PRESENT,,,,,,,,,,,,,,,,,,,,,,,,,,,,,,,,,,,,,,,,,,,,,PRESENT,,,,,,,,,PRESENT,,,,,,,,,,,,,,,,,,
ciwqs,1175167,TULELAKE WWTF,266694,Tulelake City WWTP,Siskiyou,,,,PRESENT,,,,,,,,,,,,,,PRESENT,,,,,,,,,,,,,,,,,,,,,,,,,,,,,PRESENT,,,,,,,,,,,,,,,,,,,FUTURE,,,,,,,,,,,,,,,,,,,,,,,,FUTURE,,,
Clean Watershed Needs Survey,1175207,Yreka WWTF,274538,Yreka City WWTP,Siskiyou,,,,,PRESENT,,,,,,,,,,,,,PRESENT,,,PRESENT,,,,PRESENT,,,,,,,,,,,,,,,,,,,,,,,,,,,,,,,,,,,,,,,,,,,,,,,,,,,,,,,PRESENT,,,,,,,,,,PRESENT,,,
ciwqs,1175207,Yreka WWTF,274538,Yreka City WWTP,Siskiyou,,,,,PRESENT,,,,,,,,,PRESENT,,,,PRESENT,,,,,,,,,,,,,,,,,,,,,,,,,,,,PRESENT,PRESENT,,,,,,,,,,,,,,,,,,,PRESENT,PRESENT,,,,,,,,,,,,,PRESENT,,,,,,,,,,PRESENT,,,
Clean Watershed Needs Survey,1175738,RIO VISTA WWTF,252771,Beach WWTF,Solano,,,,,,,,PRESENT,,,,,,,,,,PRESENT,,PRESENT,,PRESENT,,,PRESENT,,,,,,,,,,,,,,PRESENT,,,,,,,,,,,,,,,,,,,,,PRESENT,,,,,,PRESENT,,,,,,,,,,,,,,PRESENT,,,,,,,,,,,,,
ciwqs,1175738,RIO VISTA WWTF,252771,Beach WWTF,Solano,,,,,,,,,,,,,,,,,,PRESENT,,,,PRESENT,,,PRESENT,,,,,,,,,,,,,,PRESENT,,,,,,,OFFSITE,,,,,,,,,,,,,,PRESENT,,,,,,PRESENT,PRESENT,,,,,,,,,,,,,PRESENT,PRESENT,,,,,,,,,,,,
Clean Watershed Needs Survey,1175340,BENICIA WWTF,209253,Benicia WWTP,Solano,,,,,,,,PRESENT,,,,,,,,,,PRESENT,,,PRESENT,PRESENT,,,PRESENT,,,,,,,,,,,,PRESENT,,PRESENT,,,,,,,,,,,,,,,,,,,,,PRESENT,,,,,,PRESENT,,,,,,,,PRESENT,,,,,,PRESENT,,,,,,,,,,,,,
ciwqs,1175340,BENICIA WWTF,209253,Benicia WWTP,Solano,,,,,,,,PRESENT,,,,,,,,,,PRESENT,,,PRESENT,PRESENT,,,,,,,PRESENT,,,,,,,,PRESENT,,PRESENT,,,,,,,PRESENT,,,,,,,,,,,,,,PRESENT,,,,PRESENT,,PRESENT,PRESENT,,,,,,,PRESENT,,,,,,PRESENT,,,,,,,,,,,,PRESENT,
ciwqs,,,220385,Dixon Migrant Center WWTF,Solano,,,,,,,,,,,,,,,,,,,,,,,,,,,,,,,,,,,,,,,,,,,,,,,,,,,,,,,,,,,,,,,,,,,,,,,,,,,,,,,,,,,,,,,,,,PRESENT,,,
Clean Watershed Needs Survey,1175722,DIXON WWTF,220396,Dixon WWTF,Solano,,,,,PRESENT_AND_FUTURE,,,,,,,,,,,,,PRESENT_AND_FUTURE,,,PRESENT_AND_FUTURE,PRESENT_AND_FUTURE,,,PRESENT_AND_FUTURE,,,,,,,,,,,,,,PRESENT_AND_FUTURE,,,,,,,,,,,,,,,,,,,,,PRESENT_AND_FUTURE,,,,,,PRESENT_AND_FUTURE,,,,PRESENT_AND_FUTURE,,,,,,,,,,PRESENT_AND_FUTURE,,,,,,,,,,,,,
ciwqs,1175722,DIXON WWTF,220396,Dixon WWTF,Solano,,,,,,,,,,,,,,,,,,,,,,,,,,,,,,PRESENT,,,,,,,,,,,,,,,,,,,,,,,,,,FUTURE,,,,,,,,,,,FUTURE,,,,,,,,,,,,,,,,,,,,,,,,,,
Clean Watershed Needs Survey,1175693,Easterly Wastewater Treatment Plant,222057,Easterly WWTP,Solano,,,,,PRESENT_AND_FUTURE,,,PRESENT_AND_FUTURE,,,,,,,,,,PRESENT_AND_FUTURE,,PRESENT,PRESENT,,,,PRESENT_AND_FUTURE,,,,,,,,,,,,PRESENT_AND_FUTURE,,PRESENT,,,,,,,,,,,,,,,,,,,,,PRESENT_AND_FUTURE,,,,,,,,,,,,,,PRESENT_AND_FUTURE,PRESENT_AND_FUTURE,,,,,PRESENT_AND_FUTURE,,,,,,,,,,,,,
ciwqs,1175693,Easterly Wastewater Treatment Plant,222057,Easterly WWTP,Solano,,,,,,,,PRESENT,,,,,,,,,,PRESENT,,,,PRESENT,PRESENT,,PRESENT,,,,PRESENT,,,,,,,,PRESENT,,PRESENT,,,,,,,PRESENT,PRESENT_AND_FUTURE,,,,,,,PRESENT,,,,,,PRESENT,,,,,,PRESENT,PRESENT,,,,,,,PRESENT,,,,,,PRESENT,,,,,,,,,,PRESENT,,PRESENT,
Clean Watershed Needs Survey,1175296,Fairfield-Suisun Sewer District,225526,Fairfield-Suisun Sewer District Subregional WWTP,Solano,,,,,,,,,,,PRESENT,PRESENT,,,,,,PRESENT,,,PRESENT,PRESENT,,,PRESENT,,,,,,,,,,,,PRESENT,,PRESENT,,,,,,,,,,,,,,,,,,,,,PRESENT_AND_FUTURE,,,,,,PRESENT,,,,,,,,PRESENT,PRESENT,,,,,PRESENT_AND_FUTURE,,,,,PRESENT_AND_FUTURE,,,,,PRESENT,,,
ciwqs,1175296,Fairfield-Suisun Sewer District,225526,Fairfield-Suisun Sewer District Subregional WWTP,Solano,,,,,,,,PRESENT,,,,,,,,,,,,,PRESENT,,FUTURE,,,,,,PRESENT,,,,,,,,,,PRESENT,,,,,,,PRESENT,PRESENT,,,,,,,,,,,,,PRESENT,,,,,,PRESENT,PRESENT,,,,,,,PRESENT,PRESENT,,PRESENT,,,PRESENT,,PRESENT,,,,,,,,PRESENT,,PRESENT,
ciwqs,,,266439,Northwest WWTF,Solano,,,,,,,,,,,,,,,,,,,,,,,PRESENT,,PRESENT,,,,PRESENT,,,,,,,,,,,,,,,,,PRESENT,,,PRESENT,,,,,PRESENT,,,,,,,,,,,,PRESENT,,,,,,,,,,,PRESENT,,,PRESENT,,,,,,,,,,,,PRESENT,
ciwqs,,,268926,UC Davis Main WWTP,Solano,,,,,,,,,,,,PRESENT,,,,,,,,,,,PRESENT,,PRESENT,,,,,,,,,,,,,,,,,,,,,,PRESENT,,,,,,,PRESENT,,PRESENT,,,,,,,,,,PRESENT,PRESENT,,,PRESENT,,,,,,,PRESENT,,,,,,,PRESENT,,,PRESENT,,,,,PRESENT,
Clean Watershed Needs Survey,1175307,VSFCD WWTF,270006,Vallejo Flood & Wastewater District (VFWD) WWTP,Solano,,,PRESENT,,,,,,,,,,,,,,,PRESENT,,,,PRESENT,,,,,,,,,,,,,,,,,PRESENT,,,PRESENT,PRESENT,,,PRESENT,,,,,,,PRESENT,,,,,,,PRESENT,,,,,,PRESENT,PRESENT,,,,,,,,PRESENT,,,,,PRESENT,,,,,,,,,,,,,
ciwqs,1175307,VSFCD WWTF,270006,Vallejo Flood & Wastewater District (VFWD) WWTP,Solano,,,,,,,,,,,,,,,,,,PRESENT,,,,PRESENT,,,,,,,PRESENT,,,,,,,,,,PRESENT,,,PRESENT,,,,,,,,,,,PRESENT,,,,,,,PRESENT,,,,,,PRESENT,PRESENT,,,,,,,PRESENT,PRESENT,,,,,PRESENT,,,,,,,,,,,,,
Clean Watershed Needs Survey,1175204,BODEGA BAY WWTF,209949,Bodega Bay Wastewater Reclamation Facility,Sonoma,,,,,PRESENT,,,,,,,,,,,,,PRESENT,,,PRESENT,,,,PRESENT,,,,,,,,,,,,,,,,,,,,,,,,,,,,,,,,,,,,,,,,,PRESENT,,,,PRESENT,,,,,PRESENT,,,,,,,,,,,,,,,,,,
ciwqs,1175204,BODEGA BAY WWTF,209949,Bodega Bay Wastewater Reclamation Facility,Sonoma,,,,,PRESENT,,,,,,,,,,,,,PRESENT,,,,,,,PRESENT,,,,,,PRESENT,,,,,,,,,,,,,,,,PRESENT,,,,,,,,,,,,,,,,,,,PRESENT,PRESENT,,,,,,,,,,,,,PRESENT,,,,,,,,,,PRESENT,,,
Clean Watershed Needs Survey,1175176,FORESTVILLE WWTF,224901,Forestville Water District,Sonoma,,,,,,,,PRESENT,,,,,,,,,,PRESENT_AND_FUTURE,,,PRESENT,PRESENT,,,,,,,,,,,,,,,,,PRESENT,,,,,,,,,,,,,,,,,,,,,,,,,,,PRESENT,,,,PRESENT_AND_FUTURE,,,,,,,,,,PRESENT,,,,,,,,,,,,,
ciwqs,1175176,FORESTVILLE WWTF,224901,Forestville Water District,Sonoma,,,,PRESENT_AND_FUTURE,,,,PRESENT,,PRESENT,,,,,,,,PRESENT,,,,PRESENT,,,,,,,PRESENT_AND_FUTURE,,,,,,,,,,,,,,,,,PRESENT,,,,PRESENT,,,,,,,,,,,,,,,,PRESENT,PRESENT,,,,,,,,,,,,,PRESENT,,PRESENT,,,PRESENT,,,,,PRESENT,,PRESENT,
Clean Watershed Needs Survey,1175200,GRATON WWTF,256050,Graton CSD,Sonoma,,,,PRESENT,,,,,,,,,,,,,,PRESENT,,,PRESENT,PRESENT,,,,,,,,,,,,,,,,,,,,,,,,,,,,,,,,,,,,,,,,,,,,,,,,,,,,,,,,,,,,,,,,,,,,,,,
ciwqs,1175200,GRATON WWTF,256050,Graton CSD,Sonoma,,,,PRESENT,,,,PRESENT,,,,,,,,,,PRESENT,PRESENT,FUTURE,PRESENT,PRESENT,,,,,,,PRESENT,,,,,,,PRESENT,PRESENT_AND_FUTURE,,PRESENT,FUTURE,,,,,,PRESENT_AND_FUTURE,PRESENT_AND_FUTURE,,,,,,,PRESENT,,,,,FUTURE,,,,,,,PRESENT,,,,,,PRESENT_AND_FUTURE,,PRESENT_AND_FUTURE,,,,,,PRESENT,PRESENT,PRESENT,,,,,,,,PRESENT,,PRESENT,
ciwqs,,,228109,Gualala WWTF,Sonoma,,,,PRESENT,,,,,,,,,,,,,,PRESENT,,,,,,,PRESENT,,,,,,PRESENT,,,,,,,,,,,,,,,PRESENT,,,,,,,,,,,,,,,,,,,,PRESENT,PRESENT,,PRESENT,,,,,,,,,,,PRESENT,,,,,,,PRESENT,,,PRESENT,,,
Clean Watershed Needs Survey,1175233,HEALDSBURG WWTF,229922,Healdsburg City WWTP,Sonoma,,,,PRESENT_AND_FUTURE,,,,PRESENT_AND_FUTURE,,,,,,,,,,PRESENT_AND_FUTURE,,,PRESENT,,,,,,,,,,,,,,,,,,,,,,,,,,,,,,,,,,,,,,,,,,,,,,,,,PRESENT_AND_FUTURE,,,,,,,,,,,,,,,,,,,,,,,
ciwqs,1175233,HEALDSBURG WWTF,229922,Healdsburg City WWTP,Sonoma,,,,PRESENT,PRESENT,,,PRESENT,,PRESENT,,PRESENT,,PRESENT,,,,PRESENT,,,PRESENT,FUTURE,PRESENT_AND_FUTURE,,,,,,PRESENT,,FUTURE,,,,,PRESENT,,,PRESENT,,,,,,,PRESENT,FUTURE,,PRESENT_AND_FUTURE,,,,,PRESENT_AND_FUTURE,,,,PRESENT,PRESENT,,,,,,,PRESENT,PRESENT,,,PRESENT,,,,PRESENT,,,PRESENT,,,PRESENT,,OFFSITE,,PRESENT,,,,,,PRESENT_AND_FUTURE,,PRESENT,
Clean Watershed Needs Survey,1175353,Ellis Creek WRF,248087,Petaluma Ellis Creek Water Recycling Facility (NPDES Permit),Sonoma,,,,PRESENT,PRESENT,,,PRESENT,,,,PRESENT,,,,,,PRESENT,,,PRESENT,PRESENT,,,PRESENT,,,,,,,,,,,,,,PRESENT,,,,,,,,,,,,,,,,,,,,,,,,,PRESENT,,PRESENT,,,,PRESENT,,,,,PRESENT,,,,,PRESENT,,,,,,,,,,,,,
ciwqs,1175353,Ellis Creek WRF,248087,Petaluma Ellis Creek Water Recycling Facility (NPDES Permit),Sonoma,,,,PRESENT,,,,PRESENT,,,,,,,,,,PRESENT,,,,PRESENT,PRESENT,,,,,,,,,,,,,PRESENT,,,PRESENT,,,,,,,PRESENT,PRESENT,,,,,,,PRESENT,,PRESENT,,,,,,,,,,PRESENT,PRESENT,,,,,,,PRESENT,,,PRESENT,,,PRESENT,,,,,PRESENT,,,,,PRESENT,,PRESENT,PRESENT
Clean Watershed Needs Survey,1175209,Laguna Wastewater Treatment Plant,255703,Santa Rosa Laguna Subregional Water Reclamation Facility,Sonoma,,,,,,,,PRESENT,,,,PRESENT,,,,,,PRESENT,,,PRESENT,PRESENT,,,,,,,,,,,,,,,PRESENT,,PRESENT,,,,,,,,,,,,,,,PRESENT,,,,,,PRESENT,,,,,,PRESENT,PRESENT,,,PRESENT,,,,PRESENT,,,,,,PRESENT,,,,,,,,,,,,,
ciwqs,1175209,Laguna Wastewater Treatment Plant,255703,Santa Rosa Laguna Subregional Water Reclamation Facility,Sonoma,,,,,,PRESENT,,PRESENT,,,,,,,,,,,PRESENT,,,,,,,,,,,,,,,,,PRESENT,,,PRESENT,,,,,,,PRESENT,PRESENT,,,,,,,,,,,,PRESENT,PRESENT,,,,,,,PRESENT,,,,,,,PRESENT,,,PRESENT,,,PRESENT,,,,,,,,,,PRESENT,,,
Clean Watershed Needs Survey,1175246,LARKFIELD-WIKIUP WWTF,256045,SCWA Airport WRF (Airport-Larkfield-Wikiup),Sonoma,,,,,PRESENT,,,,,,,,,,,,,PRESENT,,,,,,,PRESENT,,,,,,,,,,,,,,,,,,,,,,,,,,,,,,,,,,,,,,,,,PRESENT,,,,,,,,,,,,,,PRESENT,,,,,,,,,,,,,
ciwqs,1175246,LARKFIELD-WIKIUP WWTF,256045,SCWA Airport WRF (Airport-Larkfield-Wikiup),Sonoma,,,,PRESENT,,,,,,,,,,,,,,PRESENT,,,,,,,,,,,,,,,,,,,,,,,,,,,,,,,,PRESENT,,,,,,,,,,,,,,,,PRESENT,PRESENT,,,,,,,,,,,,,,,,,,,,,,,PRESENT,,,
Clean Watershed Needs Survey,1175243,Geyserville WWTF,256049,SCWA Geyserville CSD,Sonoma,,,,PRESENT,,,,,,,,,,,,,,PRESENT,,,PRESENT,,,,,,,,,,,,,,,,,,,,,,,,,,,,,,,,,,,,,,,,,,,,,,,,,,,,,,,,,,,,,,,,,,,,,PRESENT,,,
ciwqs,1175243,Geyserville WWTF,256049,SCWA Geyserville CSD,Sonoma,,,,PRESENT,,,,,,,,,,,,,,PRESENT,,,,,,,,,,,,PRESENT,,,,,,,,,,,,,,,,,,,,,,,,,,,,,,,,,,,,,,,,,,,,,,,,,,,,PRESENT,,,,,,,,PRESENT,,,
ciwqs,,,256061,SCWA Russian River CSD,Sonoma,,,,,,,,,,,,,,,,,,PRESENT,,,,PRESENT,PRESENT_AND_FUTURE,,,,,,PRESENT,,PRESENT,,,,,,,,PRESENT,,,,,,FUTURE,PRESENT,PRESENT,,,,,,,PRESENT_AND_FUTURE,,,,,PRESENT,,,,,,,PRESENT,PRESENT,,,,,,,,,,PRESENT_AND_FUTURE,,,PRESENT,PRESENT,,,,,,PRESENT,,,PRESENT,,PRESENT,
ciwqs,,,816488,Silver Oak Cellars - Highway 128 Alexander Valley (Domestic Waste),Sonoma,,,,,,,,,,,PRESENT,,,,,,,,,,,,,,,,,,,,,,,,,,,,,,,,,,,,,,,,,,,,,,,,,PRESENT,,,,,,,,,PRESENT,,,,,,,,PRESENT,,,,,PRESENT,,,,,,,,,,,
ciwqs,,,255836,"Sonoma Co Service Area 41, Zone 2, Sea Ranch Onsite Wastewater Management Zone",Sonoma,,,,,PRESENT,,,,,,,,,,,,,,,,,,,,,,,,,,,,,,,,,,,,,,,,,,,,,,,,,,,,,,,PRESENT,,,,,,,,,PRESENT,,,,,,,,,,,,,,,,,,PRESENT,,,,,,
Clean Watershed Needs Survey,1175329,Sonoma Valley WWTF,257754,Sonoma Valley County SD WWTP,Sonoma,,,,PRESENT_AND_FUTURE,PRESENT_AND_FUTURE,,,,,,,,,,,,,PRESENT_AND_FUTURE,,,PRESENT,PRESENT_AND_FUTURE,,,,,,,PRESENT_AND_FUTURE,,,,,,,,PRESENT_AND_FUTURE,,PRESENT_AND_FUTURE,,,,,,,PRESENT_AND_FUTURE,,,,,,,,,,,,,,PRESENT_AND_FUTURE,,,,,,PRESENT,,,,PRESENT_AND_FUTURE,,,,PRESENT_AND_FUTURE,,,,,,PRESENT_AND_FUTURE,,,,,,,,,,,,,
ciwqs,1175329,Sonoma Valley WWTF,257754,Sonoma Valley County SD WWTP,Sonoma,,,,,,,,,,,,,,,,,,PRESENT,,,,PRESENT,,,,,,,PRESENT,,,,,,,PRESENT,,,PRESENT,,,,,,,PRESENT,PRESENT,,,,,,,,,,,,PRESENT,PRESENT,,,,,,PRESENT,PRESENT,,,,,,,PRESENT,,,,,,PRESENT,,,,,,,,,,PRESENT,,,
Clean Watershed Needs Survey,1175202,WINDSOR WWTF,272790,"Windsor Wastewater Treatment, Reclamation, and Disposal Facility",Sonoma,,,,,PRESENT,,,,,,,,,,,,,PRESENT,,,,PRESENT,,,PRESENT,,,,,,,,,,,,,,,,,,,,,,,,,,,,,,,,,,,,,,,,,PRESENT,,,,PRESENT,,,,,,,,,,PRESENT,,,,,,,,,,,,,
ciwqs,1175202,WINDSOR WWTF,272790,"Windsor Wastewater Treatment, Reclamation, and Disposal Facility",Sonoma,,,,,PRESENT,,,,,,,PRESENT,,,,,,PRESENT,,,,,,,,,,,PRESENT,,PRESENT,,,,,PRESENT,,,FUTURE,,,,,,,PRESENT,PRESENT,,,,,,,,,,,,,,,,,,,PRESENT,PRESENT,,,PRESENT,,,,PRESENT,,,PRESENT,,,PRESENT,PRESENT,PRESENT,,FUTURE,,,,,,PRESENT,,,
Clean Watershed Needs Survey,1175586,"Modesto, City of (Sutter WWTF)",241146,City of Modesto WQCF,Stanislaus,,,,PRESENT_AND_FUTURE,,PRESENT_AND_FUTURE,,PRESENT_AND_FUTURE,,,,,,PRESENT_AND_FUTURE,,,,PRESENT,PRESENT_AND_FUTURE,PRESENT_AND_FUTURE,PRESENT,,,,PRESENT_AND_FUTURE,,,,,,,,,,,PRESENT_AND_FUTURE,,,PRESENT_AND_FUTURE,,,,,,,,,,,,,,PRESENT_AND_FUTURE,PRESENT_AND_FUTURE,,,,,,PRESENT_AND_FUTURE,,,,,,PRESENT_AND_FUTURE,PRESENT_AND_FUTURE,PRESENT_AND_FUTURE,,,,,,,PRESENT_AND_FUTURE,,PRESENT_AND_FUTURE,,,,,,,,,,,,,,,,
ciwqs,1175586,"Modesto, City of (Sutter WWTF)",241146,City of Modesto WQCF,Stanislaus,,,,,,,,PRESENT,,,,,,PRESENT,,,,PRESENT,,,,PRESENT,PRESENT_AND_FUTURE,,PRESENT,,,,,,,,,,,,,,PRESENT,,,,,,,PRESENT,FUTURE,,PRESENT_AND_FUTURE,,,,,PRESENT_AND_FUTURE,,PRESENT,,,,PRESENT,,,,,,PRESENT,PRESENT,PRESENT,,,,,,PRESENT,PRESENT,,PRESENT_AND_FUTURE,,,PRESENT,,,,PRESENT,,PRESENT,PRESENT,,,PRESENT,,PRESENT,
ciwqs,,,244250,City of Newman WWTF,Stanislaus,,,,PRESENT,,,,PRESENT,,PRESENT,,,,,,,,,,,,,,,,,,,,,,,,,,,,,,,,,,,,,,,,,,,,,,,,,,,,,,,,PRESENT,,,,,,,,,,,,,,PRESENT,,,,,,,,,,PRESENT,,,
Clean Watershed Needs Survey,1175657,PATTERSON WWTF,247782,City of Patterson WQCF,Stanislaus,,,,PRESENT,,,,,,,,,,,,,,PRESENT,,,PRESENT,,,,PRESENT,,,,,,,,,,,,,,PRESENT,,,,,,,,,,,,,,,,,PRESENT,,,,PRESENT,,,,,,PRESENT,,,,,,,,,,,,,,,,,,,,,,,,,,,
ciwqs,1175657,PATTERSON WWTF,247782,City of Patterson WQCF,Stanislaus,,,,PRESENT,PRESENT_AND_FUTURE,,,PRESENT,,,,,,PRESENT,,,,,,,,,PRESENT,,PRESENT,,,,,,,,,,,,,,,,,,,,,PRESENT_AND_FUTURE,,,,,,,,PRESENT,,PRESENT_AND_FUTURE,,PRESENT,,PAST,,,,,,PRESENT,PRESENT_AND_FUTURE,,PAST,,,,,FUTURE,,,,,,FUTURE,,,,,,,,,,PRESENT_AND_FUTURE,,PRESENT,
Clean Watershed Needs Survey,1175640,Hughson WWTF,230812,Hughson WWTF,Stanislaus,,,,PRESENT,,,,,,,,,,,,,,,,,,,,,PRESENT,,,,,,,,,,,,,,,,,,,,,,,,,,,,,,,,,,,,,,,,,,,,,,,,,,,,,,,,,,,,,,,,,,,,
ciwqs,1175640,Hughson WWTF,230812,Hughson WWTF,Stanislaus,,,,,,,,,,,,,,,,,,PRESENT,,,,,,,PRESENT,,,,,,,,,,,,OFFSITE,,,,,,,,,PRESENT,,,,,,,,,,PRESENT,,,,,,,OFFSITE,,,,,,,,,,,OFFSITE,,,,,,,,PRESENT,,,,,,,,PRESENT,,,
Clean Watershed Needs Survey,3606861,"Modesto, City of (Jennings WWTF)",822960,North Valley Regional Recycled Water Program - Modesto WWTP & Turlock RWQCF,Stanislaus,,,,,,,,,,,,,,,,,,,,,,,,,,,,,,,,,,,,,,,,,,,,,,,,,,,,,,,,,,,,,,,,,,,,,,,,,,,,,,,,,,,,,,,,,,,,,
ciwqs,3606861,"Modesto, City of (Jennings WWTF)",822960,North Valley Regional Recycled Water Program - Modesto WWTP & Turlock RWQCF,Stanislaus,,,,,,,,PRESENT,,,PRESENT,PRESENT,,,,,,PRESENT,PRESENT,,,PRESENT,PRESENT,,PRESENT,,,,,,,,,,,,PRESENT,,PRESENT,,,,,,,PRESENT,PRESENT,,PRESENT,,,,,PRESENT,,PRESENT,,,,PRESENT,,,,,,PRESENT,PRESENT,PRESENT,,,,,,PRESENT,PRESENT,,PRESENT,,,PRESENT,PRESENT,PRESENT,,,,PRESENT,PRESENT,,,PRESENT,,PRESENT,
Clean Watershed Needs Survey,1175523,OAKDALE WWTF,245602,Oakdale WWTF,Stanislaus,,,,,,,,PRESENT_AND_FUTURE,,,,,,,,,,PRESENT_AND_FUTURE,,,,,,,PRESENT,,,,,,PRESENT_AND_FUTURE,,,,,,,,,,,,,,,,,,,,,,,,,,,,,,,,,,,PRESENT_AND_FUTURE,,,,PRESENT_AND_FUTURE,,,,,,,,,,,,,,,,,,,,,,,
ciwqs,1175523,OAKDALE WWTF,245602,Oakdale WWTF,Stanislaus,,,,,,,,,,,,,,,,,,,,,,,PRESENT,,PRESENT,,,,,,,,,,,PRESENT,,,PRESENT,,,,,,,PRESENT,PRESENT,,,,,,,PRESENT,,,,,PRESENT,,,,,,,PRESENT,PRESENT,,,,,,,,,,PRESENT,,,,,,,,,,,,,PRESENT,,PRESENT,
Clean Watershed Needs Survey,1175595,TURLOCK WWTF,266737,"Turlock City, Turlock Regional Water Quality Control Facility",Stanislaus,,,,,PRESENT,,,,,,,PRESENT,,,,,,PRESENT,,,PRESENT,,,,PRESENT,,,,,,,,,,,,PRESENT,,,,,,,,,,,,,,,,,,,,,,,PRESENT,,,,PRESENT,,PRESENT,,,,,,,,PRESENT,,,,,,PRESENT,,,,,,,,,,PRESENT,,,
ciwqs,1175595,TURLOCK WWTF,266737,"Turlock City, Turlock Regional Water Quality Control Facility",Stanislaus,,,,,,,,,,,,,,,,,,,,,,,PRESENT,,,,,,,,,,,,,,,,,,,,,,,,,,,,,,,PRESENT,,,,,,,,,,,,,,,,,,,,,,,,,,,,,,,,,,,,,,,
Clean Watershed Needs Survey,1175545,Live Oak WWTP,214647,Live Oak City WWTP,Sutter,,,,PRESENT_AND_FUTURE,,,,PRESENT,,,,PRESENT_AND_FUTURE,,,,,,PRESENT,,,,,,,PRESENT,,,,,,,,,,,,,,,,,,,,,,,,,,,,,,,,,,,,,,,,,PRESENT,,,,,,,,,,,,,,,,,,,,,,,,,,,
ciwqs,1175545,Live Oak WWTP,214647,Live Oak City WWTP,Sutter,,,,PRESENT,,,,,,,,,,,,,,PRESENT,,,,PRESENT,,,PRESENT_AND_FUTURE,,,,PRESENT_AND_FUTURE,,,,,,,,,,,,,,,,,PRESENT,PRESENT_AND_FUTURE,,,,,,,PRESENT_AND_FUTURE,,PRESENT_AND_FUTURE,,,,,,,,,,,PRESENT_AND_FUTURE,,,PRESENT,,,,PRESENT,,,PRESENT_AND_FUTURE,,,PRESENT_AND_FUTURE,,,,,,,,,,PRESENT_AND_FUTURE,,PRESENT_AND_FUTURE,
ciwqs,,,739902,SYSCO Food Services of Sacramento,Sutter,,,,,,,,,,,,,,,,,,,,,,,,,,,,,,,,,,,,,,,,,,,,,,,,,,,,,,,,,,,,,,,,,,,,,PRESENT,,,,,,,,,,,,,,,,,,,,,FUTURE,,,
Clean Watershed Needs Survey,1175598,Yuba City WRP,274556,Yuba City WWTF,Sutter,,,,PRESENT,,,,PRESENT,,,,,,,,,,PRESENT,,,,,,,PRESENT,,,,,,,,,,,,,,,,,,,,,,,,,,,,,,,,,,,,PRESENT,,,,,PRESENT,,,,,,,,,,,,,,,,,,,,,,,,,,,
ciwqs,1175598,Yuba City WRP,274556,Yuba City WWTF,Sutter,,,,,,,,PRESENT,,,PRESENT,,,,,,,PRESENT,,,,PRESENT,,,PRESENT,,,,PRESENT,PRESENT,,,,,,,PRESENT,,PRESENT,,,,,,,PRESENT,,,,,,,PRESENT,,,,,,PRESENT,PRESENT,PRESENT,,,,,PRESENT,PRESENT,,,,,,,PRESENT,,,,,,PRESENT,PRESENT,,,,,,,,,PRESENT,,PAST,
Clean Watershed Needs Survey,1175731,Corning WWTP,215750,City of Corning WWTP,Tehama,,,,,,,,PRESENT_AND_FUTURE,,,,,,,,,,PRESENT_AND_FUTURE,,,,,,,PRESENT_AND_FUTURE,,,,,,,,,,,,,,,,,,,,,,,,,,,,,,,,,,,,,,,,,PRESENT_AND_FUTURE,,,,,,,,,,,,,,PRESENT_AND_FUTURE,,,,,,,,,,,,,
ciwqs,1175731,Corning WWTP,215750,City of Corning WWTP,Tehama,,,,,,,,,,,,,,,,,,PRESENT,,,,PRESENT,,,PRESENT,,,,PRESENT,,,,,,,,,,,,,,,,,,,,,,,,,,,PRESENT,,,,,,,,,,PRESENT,PRESENT,,,,,,,PRESENT,,,,,,,,,,,,,,,,,,,
ciwqs,,,227507,Golden Meadows STP (sand filter),Tehama,,,,,,,,,,,,,,,,,,,,,,,,,,,,,,,,,,,,,,,,,,,,,,,PRESENT,,,,,,,,,,,,,PRESENT,,,,,,,,,PRESENT,,,,,,,,,,,,,,,,,,,,,,,,
ciwqs,,,236190,Lake California WWTP,Tehama,,,,,,,,,,,,,,,,,,PRESENT,,,PRESENT,PRESENT,,,PRESENT,,,,,OFFSITE,,,,,,,,,,,,,,,,,PRESENT,,,,,,,,,PRESENT,,,,,,,,,,PRESENT,PRESENT,,,,,,,,,,,,,PRESENT,,,,,,,,,,PRESENT,,,
Clean Watershed Needs Survey,3612659,Mineral Wastewater Treatment Plant,240864,Mineral WWTP,Tehama,,,,,,,,,,,,,,,,,,,,,,,,,,,,,,,,,,,,,,,,,,,,,,,,,,,,,,,,,,,,,,,,,,,,,,,,,,,,,,,,,,,,,,,,,,,,,
ciwqs,3612659,Mineral Wastewater Treatment Plant,240864,Mineral WWTP,Tehama,,,,,,,,,,,,,,,,,,PRESENT,,,,PRESENT,,,PRESENT,,,,,PRESENT,,,,,,,,,,,,,,,,,PRESENT,,,,,,,,,,,,,,,,,,,PRESENT,,,,,,,,,,,,,,PRESENT,,,,,,,,,,,,,
Clean Watershed Needs Survey,1175795,RED BLUFF WWTF,252119,Red Bluff WW Reclamation Plant,Tehama,,,,,PRESENT,PRESENT,,PRESENT,,,,PRESENT,,,,,,PRESENT,PRESENT,,PRESENT,PRESENT,,,PRESENT,,,,,,,,,,,,,,PRESENT,,,,,,,,,,,,,,PRESENT,,,,,,,PRESENT,,,,,,PRESENT,,,,,,,,PRESENT,PRESENT,,,,,PRESENT,,,,,,,,,,PRESENT,,,
ciwqs,1175795,RED BLUFF WWTF,252119,Red Bluff WW Reclamation Plant,Tehama,,,,,PRESENT,,,,,,,,,,,,,PRESENT,,,,PRESENT,,,PRESENT,,,,PRESENT,,,,,,,,,,PRESENT,,,,,,,,PRESENT,,,,,,,,,,,,,PRESENT,,,,,,PRESENT,PRESENT,,,,,,,,,,,,,PRESENT,,,,,,,PRESENT,,,PRESENT,,,
ciwqs,,,236941,"Lewiston CSD WWTP, POTW",Trinity,,,,,,,,,,,,,,,,,,,,,,,,,,,,,,,,,,,,,,,,,,,,,,,,,,,,,,,,,,,,,,,,,,,,,,,,,,,,,,,,,,,,,,,,,,,,,
ciwqs,,,229873,Trinity County Waterworks District #1 Hayfork WWTP,Trinity,,,,PRESENT,,,,,,,,,,,,,,FUTURE,,,,,,,,,,,,,,,,,,,,,,,,,,,,,,,,,,,,,,,,,,PRESENT,,,,,,PRESENT,,,,,,,,,,,,,,,,,,,,,,,,PRESENT,,,PRESENT
Clean Watershed Needs Survey,1175169,WEAVERVILLE WWTF,271915,Weaverville SD WWTP,Trinity,,,,,PRESENT_AND_FUTURE,,,,,,,,,,,,,PRESENT,,,,,,,,,,,,,,,,,,,,,,,,,,,,,,,,,,,,,,,,,,,,,,,,PRESENT,,,,,,,,,,,,,,PRESENT_AND_FUTURE,,,,,,,,,,,,,
ciwqs,1175169,WEAVERVILLE WWTF,271915,Weaverville SD WWTP,Trinity,,,,,PRESENT,,,,,,,,,,,,,PRESENT,,,,,,,,,,,,,,,,,,,,,,,,,,,,,,,,,,,,,,,,,,,,,,,,PRESENT,,,,,,,,,,,,,,PRESENT,,PRESENT,,,,,,,,PRESENT,,,
ciwqs,,,206529,Ash Mountain WWTF,Tulare,,,,,,,,,,,FUTURE,PRESENT,,,,,,PRESENT,,,PRESENT,,,,PRESENT,,,,PRESENT,,,,,,,,PRESENT,,,,,,,,,,,,,,,,,,,,,,,,,,,,,PRESENT,,,,,,,,,,,FUTURE,,,,,PRESENT,,,,,,,,PRESENT,,,
ciwqs,,,872487,City of Tulare WWTF,Tulare,,,,,,,,PRESENT,,,,,,,,,,,,,,,PRESENT,PRESENT,PRESENT,,,,PRESENT,,,,,,,,PRESENT,,PRESENT,,,,,,,PRESENT,,,,,,,,PRESENT,,,,,,PRESENT,,,,,PRESENT,,PRESENT,,,,,,,PRESENT,PRESENT,,,,,PRESENT,PRESENT,,,,,,,,,PRESENT,,PRESENT,
ciwqs,,,214873,Clover Creek WWTF,Tulare,,,,,PRESENT,,,,,,,,,,,,,PRESENT,,,PRESENT,,,,PRESENT,,,,PRESENT,,,,,,,PRESENT,,,,,,,,,,FUTURE,,,,,,,PRESENT,,,,,,PRESENT,,,,,,,PRESENT,PRESENT,,,,,,,,,,,,,PRESENT,,,,,,,,,,,,,
Clean Watershed Needs Survey,1175717,Cutler-Orosi WWTF,273166,Cutler-Orosi WWTF,Tulare,,,,,,,,PRESENT,,,,,,,,,,PRESENT,,,PRESENT,,,,PRESENT,,,,,,,,,,,,,,,,,,,,,PRESENT,,,,,,,,,,PRESENT,,,,,,,,,,PRESENT,,,,PRESENT,,,,,PRESENT,,,,,,,,,,,,,,,,,,
ciwqs,1175717,Cutler-Orosi WWTF,273166,Cutler-Orosi WWTF,Tulare,,,,,,,,,,,,PRESENT,,,,,,,,,,,,,PRESENT,,,,,PRESENT,,,,,,,,,,,,,,,,FUTURE,,,,,,,,,,PRESENT,,,,PRESENT,,,,,,PRESENT,PRESENT,,,,,,,,PRESENT,,PRESENT,,,PRESENT,,,,PRESENT,,,,,,PRESENT,,,
ciwqs,,,219515,Delft Colony WWTF,Tulare,,,,PRESENT,,,,,,,,,,,,,,,,,PRESENT,,,,,,,,,PRESENT,,,,,,,,,,,,,,,,,,,,,,,,,,,,,,,,,,,,PRESENT,,,,,,,,,,,,,,,,,,,,,,,,,,,
Clean Watershed Needs Survey,1175687,DINUBA WWTF,273110,Dinuba WWTF,Tulare,,,,PRESENT_AND_FUTURE,,,,PRESENT,,,,,,,,,,,,,,,,,PRESENT_AND_FUTURE,,,,,,,,,,,,,,,,,,,,,,,,,,,,,,,,,,,PRESENT,,,,,,PRESENT,,,,PRESENT_AND_FUTURE,,,,,PRESENT_AND_FUTURE,,,,,,,,,,,,,,,,,,
ciwqs,1175687,DINUBA WWTF,273110,Dinuba WWTF,Tulare,,,,,PRESENT,,,,,,,,,,,,,,,,,,PRESENT,,PRESENT,,,,,PRESENT,,,,,,,,,,,,,,,,PRESENT,,,,,,,,,,,,,,PAST,,,,,,PRESENT,PRESENT,,,,,,,,PAST,,,,,PRESENT,,,,PAST,,,,,,PRESENT,,PRESENT,
ciwqs,,,273113,Farmersville WWTF,Tulare,,,,PAST,FUTURE,,,,,,,,,,,,,,,,,,,,FUTURE,,,,,PRESENT,,,,,,,,,,,,,,,,FUTURE,,,,,,,,,,,,,,,,,,,,,FUTURE,,,,,,,FUTURE,,,,,,FUTURE,,,,,,,,,,,,,
ciwqs,,,248269,Philip S Raine SRRA,Tulare,,,,FUTURE,,,,,,,,,,,,,,,,,,,,,,,,,,PRESENT,,,,,,,,,,,,,,,,,,,,,,,,,,,,,,,,,,,,,,,,,,,,,,,,,,,,,,,,,,,,,,,
ciwqs,,,273130,Porterville WWTF,Tulare,,,,,,,,PRESENT,,,,,,,,,,PRESENT,,,,,,,OFFSITE,,,,,,,,,,,,PRESENT,,PRESENT,,,,,,,,,,,,,,,,,,,,,PRESENT,,,,,,PRESENT,PRESENT,,,,,,,PRESENT,,,,,,PRESENT,,,,,,,,,,PRESENT,,,
ciwqs,,,273152,River Island East WWTF,Tulare,,,,,,,,,,,,,,,,,,,,,,,,,,,,,PRESENT,,PRESENT,,,,,,,,,,,,,,,PRESENT,PRESENT,,,,,,,,,,,,,,,,,,,PRESENT,PRESENT,,,,,,,,,,PRESENT,,,,,,,,,,,,,,,PRESENT,
ciwqs,,,273192,Strathmore  WWTF,Tulare,,,,,,,,,,,,,,,,,,,,,PRESENT,,,,PRESENT,,,,,PRESENT,,,,,,,,,,,,,,,,,,,,,,,,,,,,,,PRESENT,,,,,,,,,,,,,,,,,,,,,,,,PRESENT,,,,,,PRESENT,,,
ciwqs,,,264740,Tooleville WWTF,Tulare,,,,,,,,,,,,,,,,,,,,,PRESENT,,,,,,,,,,,,,,,,,,,,,,,,,,,,,,,,,,,,,,,,,,,,,PRESENT,,,,,,,,,,,,,,,,PRESENT,,,,,,,,PRESENT,,,
ciwqs,,,266310,Traver WWTF,Tulare,,,,PRESENT,,,,,,,,,,,,,,,,,PRESENT,,,,,,,,,,,,,,,,,,,,,,,,,,,,,,,,,,,,,,,,,,,,,PRESENT,,,,,,,,,,,,,,,,,,,,,,,,PRESENT,,,
Clean Watershed Needs Survey,1175596,Visalia WWTP,273138,Visalia Water Reclamation Facility (WRF),Tulare,,,,,,,,PRESENT,,,,PRESENT,,,,,,,,,,,,,PRESENT,,,,,,,,,,,,,,,,,,,,,,,,,,,,,,,,,,,PRESENT,,,,,,PRESENT,,,,,,,,PRESENT,PRESENT,,,,,PRESENT,,,,,,,,,,PRESENT,,,
ciwqs,1175596,Visalia WWTP,273138,Visalia Water Reclamation Facility (WRF),Tulare,,,,,,,,PRESENT,,,,,,,,,,PRESENT,,,PRESENT,PRESENT,FUTURE,,PRESENT,,,,,,,,,,,,,,PRESENT,,,,,,,PRESENT,,,,,,,,PRESENT_AND_FUTURE,,,,,,PRESENT,,,,,,PRESENT,PRESENT,,,,,,,PRESENT,PRESENT,,PRESENT_AND_FUTURE,,,PRESENT,,PRESENT,,PRESENT,,,,,,PRESENT,,PRESENT,
ciwqs,,,737529,Camp Mather,Tuolumne,,,,,,,,,,,,,,,,,,,,,,,,,,,,,,,,,,,,,,,,,,,,,,,,,,,,,,,,,,,,PRESENT,,,,,,,,,PRESENT,,,,,,,,,,,,,,,,,,,,,,,,
ciwqs,,,229466,Hacienda WWTP,Tuolumne,,,,,,,,,,,,,,,,,,,,,,,,,,,,,,PRESENT,,,,,,,,,,,,,,,,,,,,,,,,,,,,,,,,,,,,,,,PRESENT,,,,,,,,,,,,,,,,,,,,,,,,
Clean Watershed Needs Survey,1175678,JAMESTOWN WWTF,233460,Jamestown Sanitary District Wastewater Treatment Facilities,Tuolumne,,,,,PRESENT_AND_FUTURE,,,PRESENT,,,,,,,,,,PRESENT_AND_FUTURE,,,PRESENT_AND_FUTURE,,,,PRESENT,,,,,,,,,,,,,,,,,,,,,PRESENT_AND_FUTURE,,,,,,,,,,,,,,PRESENT_AND_FUTURE,,,,,,PRESENT_AND_FUTURE,PRESENT_AND_FUTURE,,,PRESENT_AND_FUTURE,,,,,,,,,,,,,,,,,,,,,,,
ciwqs,1175678,JAMESTOWN WWTF,233460,Jamestown Sanitary District Wastewater Treatment Facilities,Tuolumne,,,,,PRESENT,,,,,,,,,,,,,PRESENT,,,,,,,PRESENT,,,,PAST,,,,,,,,,,PRESENT,,,,,,,PRESENT,FUTURE,,,,,,,,,,,,,PAST,,,,,,PRESENT,PRESENT,,,,,,,,PAST,,,,,PRESENT,,,,,,,,,,PRESENT,,,
ciwqs,,,245520,O'Shaughnessy WWTP,Tuolumne,,,,,,,,,,,,,,,,,,,,,PRESENT,,,,,,,,,,,,,,,,,,,,,,,,,,,,,,,,,,,,,,,PRESENT,,,,,,,,,PRESENT,,,,,,,,,,,,,,,,,,,,,,,,
Clean Watershed Needs Survey,1175641,SONORA WWTP,257763,Sonora Regional WWTF,Tuolumne,,,,,,,,PRESENT,,,,,,,,,,PRESENT,,,,,,,PRESENT,,,,,,,,,,,,,,,,,,,,,,,,,,,,,,,,,,,,,,,,,PRESENT,,,,PRESENT,,,,,PRESENT,,,,,,,,,,,,,,,,,,
ciwqs,1175641,SONORA WWTP,257763,Sonora Regional WWTF,Tuolumne,,,,,FUTURE,PRESENT,,PAST,,,,,,,,PRESENT,,PRESENT,PRESENT,,,,PRESENT,,PRESENT,,,,,,,,,,,,,,PRESENT,,,,,,,PRESENT,PRESENT,,,,,,,PRESENT,,,,,,,,,,,,PRESENT,PRESENT,,,,,,,PRESENT,,,,,,,,,,,,,,,,PRESENT,,PRESENT,
ciwqs,,,266720,Tuolumne City WWTP,Tuolumne,,,,FUTURE,,,,,,,,,,,,,,,,,,,,,,,,,,,PRESENT,,,,,,,,PRESENT,,,,,,,OFFSITE,,,,,,,,,,,,,,PAST,,,,,,PRESENT,PRESENT,,,,,,,,,,,,,PRESENT,,,,,,,,,,PRESENT,,,
ciwqs,,,266792,Tuttletown Recreation Area,Tuolumne,,,,PAST,,,,,,,,,,,,,,PRESENT,,,,,,,,,,,,PRESENT,,,,,,,,,,,,,,,,,,,,,,,,,,,,,,,,,,,,,,,,,,,,,,,,,,,,,,,,,,,,,,,
ciwqs,,,274505,White Wolf WWTF,Tuolumne,,,,,,,,,,,,,,,,,,PRESENT,,,,,,,,,,,,,,,,,,,,,,,,,,,,,,,,,,,,,,,,,,,,,,,,,,,FUTURE,PRESENT,,,,,,,,,,,,,,,,,FUTURE,,,,,,
ciwqs,,,216832,Camrosa Water Reclamation Facility,Ventura,,,,,,,,,,,,PRESENT,,,,,,PRESENT,,,,PRESENT,PRESENT,,PRESENT,,,,,,PRESENT,,,,,,,,,,,,,,,,PRESENT,,,,,,,PRESENT,,,,,,,,,,,,PRESENT,PRESENT,,,PRESENT,,,,,,,,,,PRESENT,FUTURE,,,,PRESENT,,,,,PRESENT,,PRESENT,
ciwqs,,,889990,Fillmore Water Recycling Plant,Ventura,,,,,,,,,,,,,,,,,,,,,,,PRESENT,,,,,,PRESENT,,,,,,,,,,PRESENT,,,,,,,,,,PRESENT,,,,,PRESENT,,,,,,,,,,,,PRESENT,,,,,,,,,,,PRESENT,,,,,,,,,,,,,,,PRESENT,
ciwqs,,,260486,Jose Flores WWTP,Ventura,,,,,PRESENT,,,,,,,,,,,,,,,,,,,,,,,,,PRESENT,,,,,,,,,,,,,,,,PRESENT,,,,,,,,,,,,,,PAST,,,,,PRESENT,PRESENT,,,PAST,,,,,,,,,,,,,,,,,,,,,,,,
ciwqs,,,238315,Limoneira WWTP,Ventura,,,,PRESENT,,,,PRESENT,,,,,,,,,,PRESENT,,,,,,,,,,,,PRESENT,PRESENT,,,,,,,,,,,,,,,,PRESENT,,,,,,,,,,,,,PRESENT,,,,,,,PRESENT,,PRESENT,,,,,,,,,,,PRESENT,,PRESENT,,,,,,,,PRESENT,,,
ciwqs,,,242135,Malibu Bay Club WWTP,Ventura,,,,,,,,PRESENT,,,,,,,,,,PRESENT,,,,PRESENT,,,,,,,PRESENT,,,,,,,,,,,,,,,,,,PRESENT,,,,,,,,,,,,,PRESENT,,,,,,,PRESENT,,PRESENT,,,,,,PRESENT,,PRESENT,,,,,,,,,,,,,,,,
Clean Watershed Needs Survey,1175501,Moorpark WWTF,848096,Moorpark WRF - WDR,Ventura,,,,,,,,PRESENT_AND_FUTURE,,,,PRESENT_AND_FUTURE,,,,,,PRESENT_AND_FUTURE,,,PRESENT_AND_FUTURE,,,,PRESENT_AND_FUTURE,,,,,,,,,,,,,,PRESENT_AND_FUTURE,,,,,,,,,,,,,,,,,,,,,PRESENT_AND_FUTURE,,,,PRESENT_AND_FUTURE,,PRESENT_AND_FUTURE,,,,,,,,,PRESENT_AND_FUTURE,,,,,,,,,,,,,,,PRESENT_AND_FUTURE,,,
ciwqs,1175501,Moorpark WWTF,848096,Moorpark WRF - WDR,Ventura,,,,,,,,,,,,,,,,,,PRESENT,,,,,,,,,,,,PRESENT,PRESENT,,,,,,,,PRESENT,,,,,,,PRESENT,,,,,,,,,,,,,,,,,,,,PRESENT,PRESENT,,,,,,,,,,,,,,,,,,FUTURE,,PRESENT,,,,,,
ciwqs,,,243377,Moorpark WRF - WRR,Ventura,,,,PAST,,,,,,,,,,,,,,PRESENT,PRESENT,,,PRESENT,FUTURE,,PRESENT,,,,,PRESENT,PRESENT,,,,,PRESENT,,,PRESENT,,,,,,,PRESENT,PRESENT,,,,,,,FUTURE,,,,,,,,,,,,PRESENT,PRESENT,,,,,,,,,,,,,PRESENT,PRESENT,PRESENT,,,,,,,,,,,
Clean Watershed Needs Survey,1175507,New Piru WWTF,734616,New Piru WTF,Ventura,,,PRESENT,,PRESENT,,,,,,,,,,,,,PRESENT,,,,,,,PRESENT,,,,,,,,,,,,,,,,,,,,,,,,,,,,,,,,,,,,,,,,,,,,,,,,,,,,,,,PRESENT,,,,,,,,,,,,,
ciwqs,1175507,New Piru WWTF,734616,New Piru WTF,Ventura,,,,,FUTURE,,,,,,,,,,,,,,,,,,FUTURE,,FUTURE,,,,FUTURE,,,,,,,,,,,,,,,,,,,,,,,,,FUTURE,,FUTURE,,,,,,,,,,FUTURE,FUTURE,,,,,,,,,,,,,,,,,,,,,,,,,,
Clean Watershed Needs Survey,1175457,OJAI VALLEY SD WWTF,246616,Ojai Valley WWTP,Ventura,,,,,,,,PRESENT,,,,,,,,,,PRESENT,,,PRESENT,,,,PRESENT,,,,PRESENT,,,,,,,,,,,,,,,,,,,,,,,,,,,,,,,PRESENT,,,,PRESENT,,PRESENT,,,,PRESENT,,,,,PRESENT,,,,,,,,,,,,,,,,,,
ciwqs,1175457,OJAI VALLEY SD WWTF,246616,Ojai Valley WWTP,Ventura,PRESENT,,,,,,,PRESENT,,,,,,,,,,PRESENT,,,PRESENT,PRESENT,PRESENT,FUTURE,PRESENT,,,,PRESENT,,,,,,,,,,PRESENT,,,,,,,PRESENT,PRESENT,,,,,,,PRESENT,,PRESENT,,,,,,PRESENT,,,,PRESENT,PRESENT,,,,,,,PRESENT,,,PRESENT,,,FUTURE,PRESENT,,,,,,,,,,,PRESENT,
Clean Watershed Needs Survey,1175513,Oxnard WWTP,246946,Oxnard WWTP,Ventura,,,,,,,,PRESENT,,,,,,,,,,PRESENT,,PRESENT,,,,,,,,,,,,,,,,,PRESENT,,PRESENT,,,,,,,PRESENT,,,,,,,,,,,,,,PRESENT,,,,,,PRESENT,,,,,,,,PRESENT,PRESENT,,,,,,,,,,,,,,,,,,
ciwqs,1175513,Oxnard WWTP,246946,Oxnard WWTP,Ventura,,,,,,,,PRESENT,,,PRESENT,,,,,,,PRESENT,PRESENT,PRESENT,,PRESENT,,,OFFSITE,,,,PRESENT,,,,,PRESENT,,PRESENT,PRESENT,,PRESENT,PRESENT,,,,,,PRESENT,,,,PRESENT_AND_FUTURE,,,,,PRESENT_AND_FUTURE,,,,PRESENT,PRESENT,,,PRESENT_AND_FUTURE,,,PRESENT,PRESENT,,,,,,,PRESENT,PRESENT,,PRESENT,PRESENT_AND_FUTURE,PRESENT_AND_FUTURE,PRESENT,,,,,,PRESENT,PRESENT,,,,,,
Clean Watershed Needs Survey,1175519,Santa Paula WRF,650554,Santa Paula WRF,Ventura,,,,,,,,,,,,,,,,,,PRESENT,,,,,,,,,,,,,,,,,,,,,,,,,,,,,,,,,,,,PRESENT,,,,,,PRESENT,,,,,,,,,,,,,,PRESENT,PRESENT,,,,,,,,,,,,,,,,,,
ciwqs,1175519,Santa Paula WRF,650554,Santa Paula WRF,Ventura,,,,,PRESENT,,,,,,PRESENT,,,,,,,,,,,,PRESENT,,,,,,PRESENT,,,,,,,,,,PRESENT,,,,,,,PRESENT,,,PRESENT,,,FUTURE,,PRESENT,PRESENT,,,,,,,,FUTURE,,,PRESENT,,,,,,,,PRESENT,,,PRESENT,,,,,,,,,,,,,PRESENT,,PRESENT,
ciwqs,,,267596,Todd Road Jail WWTP,Ventura,,,,,PRESENT,,,,,,,,,,,,,,,,PRESENT,,,,PRESENT,,,,,PRESENT,,,,,,,,,,,,,,,,PRESENT,,,,,,,,,,,,,,,,,,,,PRESENT,PRESENT,,,,,,,,,,,,,PRESENT,,,,,,,,,,,,,
Clean Watershed Needs Survey,1175461,Ventura Water Reclamation Facility,271054,Ventura WRF,Ventura,,,,,,,,PRESENT,,,PRESENT,,,,,,,PRESENT,,,,PRESENT,PRESENT,,,,,,PRESENT,,,,,,,,PRESENT,,PRESENT_AND_FUTURE,,,,,,,PRESENT,,,,,,,,,,,,,,PRESENT,,,,,,PRESENT,,,,PRESENT,,,,PRESENT,PRESENT,,,,,PRESENT,,,,,,,,,,,,,
ciwqs,1175461,Ventura Water Reclamation Facility,271054,Ventura WRF,Ventura,,,,,,,,PRESENT,,,,,,PRESENT,,,,PRESENT,PRESENT,PRESENT,,PRESENT,PRESENT,,,,,,PRESENT,,,,,PRESENT,,,PRESENT,,PRESENT,PRESENT,,,,,,PRESENT,PRESENT,,FUTURE,,,,,PRESENT,,,,,,PRESENT,,,,,,PRESENT,PRESENT,,,,,,,PRESENT,,,FUTURE,,,PRESENT,,,,,,,,,,PRESENT,,PRESENT,
ciwqs,,,209595,Bill/Kathy's WWTF,Yolo,,,,,,,,,,,,,,,,,,,,,,,,,,,,,,,,,,,,,,,,,,,,,,,,,,,,,,,,,,,,,,,,,,,,,,,,,,,,,,,,,,,,,,,,,,PRESENT,,,
Clean Watershed Needs Survey,1175708,"Davis, City of WWTP",219223,City of Davis WWTP,Yolo,,,,PRESENT_AND_FUTURE,,,,PRESENT_AND_FUTURE,,,,,,,,,,,,,,,,,PRESENT_AND_FUTURE,,,,,,,,,,,,,,,,,,,,,,,,,,,,,,,,,,,PRESENT_AND_FUTURE,,,,,,PRESENT_AND_FUTURE,,,,,,,,,PRESENT_AND_FUTURE,,,,,,,,,,,,,,,,,,
ciwqs,1175708,"Davis, City of WWTP",219223,City of Davis WWTP,Yolo,,,,PRESENT,,,,PRESENT,,,,PRESENT,,,,,,PRESENT,,,,PRESENT,PRESENT,,PRESENT,,,,,PRESENT,,,,,,,,,PRESENT,,,,,,,PRESENT,PRESENT,,,,,,PRESENT,PRESENT,,,,PRESENT,,PRESENT,,,,,,PRESENT,PRESENT,,,,,,,PRESENT,,,,,,,,,,,,PRESENT,PRESENT,,,PRESENT,,PRESENT,PRESENT
ciwqs,,,220844,Dunnigan WWTF,Yolo,,,,FUTURE,,,,FUTURE,,,,,,,,,,FUTURE,,,,,,,,,,,,PAST,,,,,,,,,,,,,,,,FUTURE,,,,,,,,,,,,,,FUTURE,,,,,,FUTURE,FUTURE,,,,,,,,,,,,,,,,,,PAST,,,,,PRESENT_AND_FUTURE,,,
Clean Watershed Needs Survey,1175684,KNIGHTS LANDING WWTF,235144,Knights Landing CSD WWTP,Yolo,,,,,,,,PRESENT,,,,,,,,,,,,,,,,,,,,,,,,,,,,,,,,,,,,,,,,,,,,,,,,,,,,PRESENT,,,,,,,,,,,,,,,,,,,,,,,,,,,,,,PRESENT,,,
ciwqs,1175684,KNIGHTS LANDING WWTF,235144,Knights Landing CSD WWTP,Yolo,,,,,,,,,,,,FUTURE,,,,,,,,,,,,,FUTURE,,,,,FUTURE,,,,,,,,,,,,,,,,,,,,,,,,,,,,,,PRESENT,,,,,,,,,,,,,,,,,,,,,,PRESENT,,,,,,,,PRESENT,,,
Clean Watershed Needs Survey,1238814,WOODLAND WWTF,272960,Woodland Water Pollution Control Facility,Yolo,,,,,,,,,,,,,,,,,,PRESENT,,,,PRESENT_AND_FUTURE,,,,,,,,,,,,,,,,,,,,,,,,,,,,,,,,,,PRESENT_AND_FUTURE,,,,,,,,,,PRESENT,PRESENT_AND_FUTURE,,,PRESENT,,,,,,,,,,,,,,,,,,,,,,,
ciwqs,1238814,WOODLAND WWTF,272960,Woodland Water Pollution Control Facility,Yolo,,,,PRESENT,PRESENT,,,PRESENT,,,,PRESENT,,,,,,PAST,,,,,PRESENT_AND_FUTURE,,PRESENT,,,,PRESENT,,,,,,,PRESENT,,,PRESENT,,,,FUTURE,,PRESENT,,PRESENT,,,,,,PRESENT_AND_FUTURE,PRESENT_AND_FUTURE,,PRESENT,,,PRESENT,PRESENT,,,,,,PRESENT,PRESENT,,,PRESENT,,,,,,,PRESENT,,,PRESENT,PRESENT,,,,,,,,,FUTURE,,PRESENT,
ciwqs,,,209007,Beale AFB WWTP,Yuba,,,,,,,,PRESENT,,,,,,,,,,PRESENT,,,,,,,PRESENT,,,,,,,,,,,,,,,,,,,,,PRESENT,,,,,,,,,,,,,,PRESENT,,,,,,PRESENT,PRESENT,,,,,,,,PRESENT,,,,,,,,,,,,,,,PRESENT,,,
ciwqs,,,229559,Hammonton Gold Village WWTP,Yuba,,,,,,,,,,,,,,,,,,PAST,,,,,PRESENT,,,,,,,,,,,,,,,,,,,,,,,,PAST,,PRESENT,PRESENT,,,,PRESENT,,,,,,PAST,,,,,PAST,PRESENT,,,,,,,,,,,PRESENT,,,PRESENT,,,,,,,,,,PRESENT,,PRESENT,
Clean Watershed Needs Survey,1175740,LINDA WWTF,237060,Linda Cnty Water District WWTP,Yuba,,,,,,,,PRESENT,,,,,,,,,,,,,,,,,PRESENT,,,,,,,,,,,,,,,,,,,,,,,,,,,,,,,,,,,,,,,,,PRESENT,,,,,,,,,,,,,,PRESENT,,,,,,,,,,PRESENT,,,
ciwqs,1175740,LINDA WWTF,237060,Linda Cnty Water District WWTP,Yuba,,,,,,,,PRESENT,,,,PRESENT_AND_FUTURE,,,,,,PRESENT,,,,PRESENT,PRESENT_AND_FUTURE,,PRESENT,,,,FUTURE,PRESENT,,,,,,,,,FUTURE,,,,,,,,PRESENT_AND_FUTURE,,,,,,,PRESENT_AND_FUTURE,,,,PRESENT,,PRESENT,,,,,,FUTURE,PRESENT,,,,,,,PRESENT_AND_FUTURE,PRESENT,,,,,PRESENT,FUTURE,,,PRESENT,,,,,,PRESENT_AND_FUTURE,,PRESENT_AND_FUTURE,
Clean Watershed Needs Survey,1175553,OLIVEHURST WWTF,245949,Olivehurst WWTP,Yuba,,,,,PRESENT,,,,,,,PRESENT,,,,,,PRESENT,,,PRESENT,,,,,,,,,,,,,,,,,,,,,,,,,,,,,,,,,,,,,,,PRESENT,,,,,,PRESENT,,,,,,,,,,,,,,PRESENT,,,,,,,,,,PRESENT,,,
ciwqs,1175553,OLIVEHURST WWTF,245949,Olivehurst WWTP,Yuba,,,,,PRESENT,,,FUTURE,,,,PRESENT,,,,,,PRESENT,,,,PRESENT,,,PRESENT,,,,PRESENT_AND_FUTURE,,,,,,,,,,PRESENT_AND_FUTURE,,,,,,,,PRESENT_AND_FUTURE,,,,,,,,,PRESENT_AND_FUTURE,,,,PRESENT,,,,,,PRESENT_AND_FUTURE,PRESENT,,,PRESENT,,,,,,,PRESENT_AND_FUTURE,,,PRESENT,,,,,,,,,,PRESENT,,,FUTURE
ciwqs,,,822928,Big Rock Ranch Recycled Water,,,,,,,,,,,,,,,,,,,FUTURE,,,,,,,,,,,,,,,,,,,,,,,,,,,,,PRESENT,,,,,,,,FUTURE,,FUTURE,,,PRESENT,,,,,,FUTURE,,,PRESENT,,,,,,,,,,,,,,,,PRESENT,,,,,,,,
ciwqs,,,216287,County Service Area (CSA) 44 Zone E (Castello),,,,,,,,,,,,,,,,,,,PRESENT,,,,,PRESENT,,,,,,PRESENT,,,,,,,,,,,,,,,,,,PRESENT,,,,,,,PRESENT,,,,,,,,,,,,,PRESENT,,,,,,,,,,,,,PRESENT,,,,PRESENT,,,,,,,,PRESENT,
ciwqs,,,602499,Del Rio East HOA WWTP,,,,,,,,,,,,,,,,,,,,,,,,FUTURE,,,,,,,,,,,,,,,,,,,,,,,,,,,,,,,,,,,,,,,,,,,,,,,,,,,,,,,,,FUTURE,,,,,,,,,,,,FUTURE,
ciwqs,,,647162,Foothill Horizons School,,,,,,,,,,,,,,,,,,,,,,,,,,,,,,,,,,,,,,,,,,,,,,,,,,,,,,,,,,,,,PRESENT,,,,,,,,,PRESENT,,,,,,,,,,,,,,,,,,,,,,,,
ciwqs,,,862046,Google Bay View Campus,,,,PRESENT,,,,,,,,,,,,,,,,PRESENT,,,,PRESENT,PRESENT,,,,,PRESENT,,,,,,,,,,,,,,,,,,PRESENT,,,,PRESENT,,,PRESENT,PRESENT,,PRESENT,,,PRESENT,,,,,,PRESENT,PRESENT,,,,,,,,,,PRESENT,,,,PRESENT,,,,,,,,,,,,PRESENT
ciwqs,,,707492,Island Park Recreation Area - Pine Flat Lake,,,,,FUTURE,,,,PRESENT,,,,,,,,,,,,,,,,,,,,,,,,,,,,,,,,,,,,,,,FUTURE,,,,,,,,,,,,,PRESENT,,,,,,,,,PRESENT,,,,,,,,,,,,,,,,,,,,,,,,
ciwqs,,,837951,"John ""Chuck"" Erreca SRRA",,,,,,,,,FUTURE,FUTURE,,,,,,,,,FUTURE,,,,,,,,,,,,,,,,,,,,,,,,,,,,,FUTURE,,,FUTURE,,,,,FUTURE,,FUTURE,,,,,,,,,,,,PRESENT,,,,,,,,,,,,,,,,,,FUTURE,,,,,,
ciwqs,,,771804,Kendall-Jackson Wine Center Domestic Waste,,,,,,,,,,,,,,,,,,,,,,FUTURE,,,,,,,,,,,,,,,,,,,,,,,,,,FUTURE,,,,,,,,,,,,,,,,,,,,,,PRESENT,,,,,,,,,,,,,FUTURE,,,,,,,,,,,
ciwqs,,,236597,Las Gallinas Sludge App,,,,,,,,,,,,,,,,,,,,,,,,,,,,,,,,,,,,,,,,,,,,,,,,,,,,,,,,,,,,,,,,,,,,,,,,,,,,,,,,,,,,,,,,,,,,,,
ciwqs,,,816491,"Lower Grove OWTS, Mariposa Grove of Giant Sequoias",,,,,,,,,,,,,,,,,,,,,,,,,,,,,,FUTURE,,,,,,,,,,,,,,,,,,,,,,,,,,,,,,,FUTURE,,,,,,,,,FUTURE,,,,,,,,,,,,,,,,,,FUTURE,,,,,,
ciwqs,,,893349,LPC Arrowhead Area 1 LP OWTS,,,,,,,,,,,,,,,,,,,,,,,,,,,,,,PRESENT,,,,,,,,,,,,,,,,,,,,,,PRESENT,,,,,,,,,PRESENT,,,,,,,,,,,,,,,,,PRESENT,,,PRESENT,,PRESENT,,,,,,,,,,,
ciwqs,,,860254,Microsoft Silicon Valley Recycled Water System,,,,,,,,,,,,PRESENT,,,,,,,,,,,,,,,,,,PRESENT,,,,,,,,,,,,,,,,,,,,,,,,,,PRESENT,,PRESENT,,,PRESENT,,,,,,PRESENT,,,PRESENT,,,,,,,,PRESENT,,PRESENT,PRESENT,,,,,,,,,,,,,PRESENT
ciwqs,,,,,,,,,,,,,PRESENT,,,,,,,,,,,,,,,PRESENT_AND_FUTURE,,PRESENT,,,,,,,,,,,,PRESENT,,PRESENT,,,,,,FUTURE,,,,PRESENT_AND_FUTURE,,,,,PRESENT,,PRESENT,,,,PRESENT,,,,PRESENT,FUTURE,PRESENT,FUTURE,,,,,,,PRESENT,PRESENT,,PRESENT,,,PRESENT,,,,,FUTURE,,,,,PRESENT,,PRESENT,
ciwqs,,,255393,Oasis West RV Park,,,,,PRESENT,,,,,,,,,,,,,,,,,,,,,,,,,,,,,,,,,,,,,,,,,,,,,,,,,,,,,,,,,,,,,,,,,PRESENT,,,,,,,,,,,PRESENT,,,,,,,,,,,,,
ciwqs,,,901334,Oroville Wastewater Treatment Plant Construction Dewatering Project,,,,,,,,,,,,,,,,,,,,,,,,,,,,,,,,,,,,,,,,,,,,,,,FUTURE,,,,,,,,,,,,,,,,,,,,,,,,,,,,,,,,,,,,FUTURE,,,,,,,,,,,
ciwqs,,,729031,Shandon Roadside Rest Area,,,,,,,,,,,,PRESENT,,,,,,,,,,,,,,,,,,FUTURE,,,,,,,,,,,,,,,,,,PRESENT,,,,,,,,,,,,,,,,,,,,,,PRESENT,,,,,,,,,,,,,,,,,,,,,,,,PRESENT
ciwqs,,,897866,Sonoma West Holdings Wastewater Treatment Facility Plant No. 2 - Domestic,,,,,PRESENT,,,,PRESENT,,,,,,,,,,PRESENT,,,,,,,,,,,,,,,,,,,,,,,,,,,,,PRESENT,,,,,,,,,,,,,PRESENT,,,,,,,,,PRESENT,,,,,,,,,,,,,,,,,,,,,,,,
ciwqs,,,826481,South Entrance Wastewater Facility,,,,,,,,,,,,,,,,,,,,,,,,,,,,,,FUTURE,,,,,,,,,,,,,,,,,,,,,,,,,,,,,,,FUTURE,,,,,,,,,FUTURE,,,,,,,,,,,,,,,,,,,,,,,,
ciwqs,,,267637,Top O'Topanga Community Association WWTP,,,,,,,,,,,,,,,,,,,PRESENT,,,PRESENT,,,,,,,,,,,,,,,,,,,,,,,,,,,,,,,,,,,,,,,,,,,,,PRESENT,,,,,,,,,,,,,,,,PRESENT,,,,,,,,PRESENT,,PRESENT,
ciwqs,,,707474,Trimmer Recreation Area - Pine Flat Lake,,,,,FUTURE,,,,,,,,,,,,,,,,,,,,,,,,,,,,,,,,,,,,,,,,,,,FUTURE,,,,,,,,,,,,,,,,,,,,,,PRESENT,,,,,,,,,,,,,PRESENT,,,,,,,,PRESENT,,,
ciwqs,,,835506,University of California Animal Health and Food Safety (CAHFS) Laboratory,,,,,,,,,,,,,,,,,,,,,,,,,,,,,,,,,,,,,,,,,,,,,,,,,,,,,,FUTURE,,,,,,,FUTURE,,,,,,,,,FUTURE,,,,,,,,,,,,,,,,FUTURE,,FUTURE,,,,,,
ciwqs,,,638334,USMC Camp Pendleton Southern Regional Tertiary Treatment Plant,,,,,,PRESENT,PRESENT,,,,,,,,PRESENT,,PRESENT,PRESENT,PRESENT,PRESENT,,,,,,,,,PRESENT,PRESENT,,,,,,,,,,PRESENT,,,,,,,PRESENT,PRESENT,,,,,,,,,,,,,,,,,,PRESENT,PRESENT,PRESENT,,,,,,,PRESENT,,,,,,PRESENT,PRESENT,PRESENT,,,PRESENT,,PRESENT,,,PRESENT,,,
ciwqs,,,719040,Warlow SRRA WWTF,,,,,,,,,,,,PRESENT,,,,,,,,,,,,,,,,,,PRESENT,,,,,,,,,,,,,,,,,,PRESENT,,,,,,,,,,,,,PRESENT,,,,,,,,,PRESENT,,,,,,,,,,,,,,,,,,PRESENT,,,,,,
ciwqs,,,840718,White Point Outfall Manifold Construction Dewatering Project,,,,,,,,,,,,,,,,,,,,,,,,,,,,,,,,,,,,,,,,,,,,,,,FUTURE,,,,,,,,,,,,,,,,,,,,,,,,,,,,,,,,,,,,,,,,,,,,,,,
ciwqs,,,766558,Willow Creek Apartments,,,,,,,,,,,,,,,,,,,,,,,,PRESENT,PRESENT,,,,,,,,,,,,,,,,,,,,,,,,,,,,,,PRESENT,,,,,,PRESENT,,,,,,,,,PRESENT,,,,,,PRESENT,,,,,,,,,,,,,,,,,,
