Place ID,WDID,Agency,Facility Name,County,Order_No,NPDES No.,PDF_File,Shared_PDF,Comminution,Primary Clarification,Secondary Clarification,Chemical Precipitation,Unspecified Clarification,Screening/Microstrainer,Grit Removal,Unspecified Headworks,Equalization,Flotation,SBR,Oxidation Ditch,Pure Oxygen,Extended Aeration,Stepfeed,Nitrification,Unspecified AS,Facultative Lagoon,Aerated Lagoon,Anaerobic Lagoon,Polishing Lagoon,Stabilization Pond,Evaporation Pond,Unspecified Lagoon,AnO,AO,A2O,MLE,UCT,Four Stage Bardenpho,Five Stage Bardenpho,Denitrification,Unspecified Nutrient Removal,Chemical N Removal,Chemical P Removal,Secondary Filtration,Media Filtration,Biologically Active Filtration,Trickling Filter,Rotating Biological Contactor,Membrane Aerated Biofilm Reactor,Moving Bed Biofilm Reactor,Unspecified FFR,Anaerobic Filter,Denitrification Filter,Nanofiltration,Electrodialysis Reversal,Electrodialysis,Reverse Osmosis,Ultrafiltration,Microfiltration,Membrane Bioreactor,Unspecified Membrane Process,Unspecified Filtration,Wetland,UV-AOP,Coagulation,Flocculation,Ion Exchange,Activated Carbon,Chlorination,Dechlorination,UV Disinfection,Ozonation,Thermal Disinfection,Unspecified Disinfection,Alum Addition,Ferric Chloride Addition,Polymer Addition,Lime Treatment,Reduction,Oxidation,Neutralization,Unspecified Chemical Addition,Thermal Hydrolysis,Anaerobic Digestion,Aerobic Digestion,Unspecified Digestion,Mechanical Dewatering,Centrifuge,Heat Drying,Air Drying,Unspecified Drying,Elutriation,Unspecified Dewatering,Thickening,Biosolids Lagoon,Biosolids Wet Air Oxidation,Lime Stabilization,Land Application,Composting,Biosolids Landfill,Unspecified Disposal,MHI,FBI,Unspecified Incineration,Cogeneration,Heat Recovery,Septic Tank
237195,2 019025001,Livermore City,City of Livermore Water Reclamation Plant,Alameda,R2-2022-0025,CA0038008,City of Livermore - R2-2022-2025.pdf,No,PRESENT,PRESENT,PRESENT_AND_FUTURE,,PRESENT,PRESENT_AND_FUTURE,PRESENT,,PRESENT,,,,,,,PRESENT_AND_FUTURE,PRESENT_AND_FUTURE,,PRESENT,,,,,PRESENT,,,,PRESENT,,,,PRESENT_AND_FUTURE,,,,,PRESENT,,PRESENT_AND_FUTURE,,,,,,,,,,PRESENT,,,,,,PRESENT,,,PRESENT,,,PRESENT_AND_FUTURE,PRESENT_AND_FUTURE,PRESENT,,,,,PRESENT,,,,PRESENT,,,,PRESENT,,PRESENT,PRESENT_AND_FUTURE,PRESENT,,PRESENT,,,FUTURE,PRESENT,PRESENT,,,,PRESENT,,,,,,PRESENT_AND_FUTURE,,
220792,2 019033001,Dublin San Ramon Services District (WWTP NPDES & SSO),Dublin San Ramon SD WWTP,Alameda,R2-2022-0024,CA0037613,EBDA - R2-2022-0023.pdf,Yes,PRESENT,PRESENT,PRESENT_AND_FUTURE,,PRESENT,PRESENT_AND_FUTURE,PRESENT,,PRESENT,,,,,,,PRESENT_AND_FUTURE,PRESENT_AND_FUTURE,,PRESENT,,,,,PRESENT_AND_FUTURE,,,,PRESENT,,,,PRESENT_AND_FUTURE,,,,,,,PRESENT_AND_FUTURE,,,,,,,,,,PRESENT_AND_FUTURE,,,,,,PRESENT,,,PRESENT,,,PRESENT_AND_FUTURE,PRESENT_AND_FUTURE,,,,,,,,,,PRESENT_AND_FUTURE,,,,PRESENT,,PRESENT,PRESENT_AND_FUTURE,PRESENT,,PRESENT,,,FUTURE,PRESENT_AND_FUTURE,PRESENT_AND_FUTURE,,,,PRESENT,,,,,,PRESENT_AND_FUTURE,,
222123,2 019123001,East Bay Dischargers Authority,EBDA Common Outfall,Alameda,R2-2022-0023,CA0037869,EBDA - R2-2022-0023.pdf,Yes,PRESENT,PRESENT,PRESENT_AND_FUTURE,,PRESENT,PRESENT_AND_FUTURE,PRESENT,,PRESENT,,,,,,,PRESENT_AND_FUTURE,PRESENT_AND_FUTURE,,PRESENT,,,,,,,,,PRESENT,,,,PRESENT_AND_FUTURE,,,,,,,PRESENT_AND_FUTURE,,,,,,,,,,PRESENT,,,,,,PRESENT,,,PRESENT,,,PRESENT_AND_FUTURE,PRESENT_AND_FUTURE,,,,,,,,,,PRESENT,,,,PRESENT,,PRESENT,PRESENT_AND_FUTURE,PRESENT,,PRESENT,,,FUTURE,PRESENT,,,,,PRESENT,,,,,,PRESENT_AND_FUTURE,,
222130,2 019014002,East Bay MUD (WPCP),EBMUD SD#1-Wet Wthr Bypass,Alameda,R2-2025-0006,CA0038440,R2-2025-0006.pdf,No,,,,,PRESENT,PRESENT,PRESENT,,,,,,,,,,,,,,,,,,,,,,,,,,,,,,,,,,,,,,,,,,,,,,,,,,,,,,,,,,,PRESENT,,,,,,,,,,,,,,,,,,,,,,,,,,PRESENT,,,,,,,
222132,2 019014001,East Bay MUD (WPCP),EBMUD WPCP,Alameda,R2-2026-0003,CA0037702,R2-2026-0003.pdf,No,,PRESENT,PRESENT_AND_FUTURE,,PRESENT,PRESENT,PRESENT,,,,,,,,,,PRESENT_AND_FUTURE,,,,,,,,,,,,,,,,FUTURE,,,,,,,,,,,,,,,,,,PRESENT,,,,,,,,,,PRESENT,PRESENT,,,,,,,,,,,,,,PRESENT,,,,PRESENT,,,,,,PRESENT,,,,,PRESENT,PRESENT,,,,,,,
246217,2 019032001,Oro Loma Sanitary District,Oro Loma/Castro Valley SD WPCP,Alameda,R2-2024-0006,CA0037559,Order R2-2024-0006.pdf,No,PRESENT,PRESENT,PRESENT_AND_FUTURE,,PRESENT,PRESENT_AND_FUTURE,PRESENT,,PRESENT,,,,,,,PRESENT_AND_FUTURE,PRESENT_AND_FUTURE,,PRESENT,,,,,,,,,PRESENT,,,,PRESENT_AND_FUTURE,,,,,,,PRESENT_AND_FUTURE,,,,,,,,,,PRESENT,,,,,,PRESENT_AND_FUTURE,,,PRESENT,,,PRESENT_AND_FUTURE,PRESENT_AND_FUTURE,,,,,,,,,,PRESENT,,,,PRESENT,,PRESENT,PRESENT_AND_FUTURE,PRESENT,,PRESENT,,,FUTURE,PRESENT,,,,,PRESENT,,,,,,PRESENT_AND_FUTURE,,
879361,2 01NPI441309,San Leandro City,"San Leandro, City of",Alameda,R2-2022-0006,CA0038881,R2-2022-0006.pdf,No,,PRESENT,PRESENT,,,PRESENT,PRESENT,,PRESENT,,,,,,,PRESENT_AND_FUTURE,,,,,,,,,,,,,,,,PRESENT_AND_FUTURE,,,,,,,PRESENT,,PRESENT_AND_FUTURE,,,,,,,,,,,,PRESENT_AND_FUTURE,,PRESENT_AND_FUTURE,,,,,,PRESENT_AND_FUTURE,PRESENT_AND_FUTURE,,,,,,,,,,,,,,,,,PRESENT,,,,,,,,,,,PRESENT,,,,,,,,,
209035,5B02NP00001,"Bear Valley Water District (Bear Valley, CA)",Bear Valley WWTF,Alpine,R5-2022-0037,CA0085146,r5-2022-0037_npdes.pdf,No,PRESENT,,,,,,,,,,,,,,,,PRESENT,,,,,,,,,,,,,,,,,,,,,,,,,,,,,,,,,,,,,,,,,,,,PRESENT,,,,,,,,,,,,,,,,,,,,,,,,,,,,,,,,,,,,,,
235088,5B020101002,Kirkwood Meadows PUD,Kirkwood Meadows WWTF,Alpine,R5-2007-0125,,R5-2007-0125-wdr.pdf,No,,,,,,PRESENT,,,PRESENT,,,,,,,,PRESENT,,,,,,,,,,,,,,,PRESENT,,,,,,,,,,,,,,,,,,,,PRESENT,,,,,PRESENT,,,,PRESENT,,,,,,PRESENT,,,,,,,,,,,,,PRESENT,,,,,,,,,,,,PRESENT,,,,,,,
741089,5B03NC00034,East Bay MUD (EBMUD),Camanche North Shore Recreation Area Water Treatment Plant Land Application,Amador,R5-2012-0023,,r5-2012-0023.pdf,No,,,,PRESENT,,,,,,,,,,,,,,,,,,,PRESENT,,,,,,,,,,,,,,,,,,,,,,,,,,,,,,,,,,,,,,PRESENT,,,,,,,,,,,,,,,,,,,,,,,,,,,,,,,,,,,,,,
212847,5B03NC00053,East Bay MUD (EBMUD),Camanche North Shore WWTP,Amador,2014-0153-DWQ,,2014-0153-dwq-r5338_noa.pdf,No,,,,,,PRESENT,,,,,,,,,,,PRESENT,,,,,,,PRESENT,,,,,,,,,,,,,,,,,,,,,,,,,,,,,,,,,,,,,,,,,,,,,,,,,,,,,,,,,,,,,,,,,,,,PRESENT,,,,,,,PRESENT
214642,5B030103001,Jackson City,City of Jackson WWTP,Amador,R5-2023-0025,CAC455508,r5-2023-0025-002_noa.pdf,No,PRESENT,,PRESENT,,,PRESENT,,,,,,PRESENT_AND_FUTURE,,,,PRESENT_AND_FUTURE,,,,,,,,,,,,,,,,PRESENT_AND_FUTURE,,,,,PRESENT_AND_FUTURE,,,,,,,,,,,,,,,,,,,,FUTURE,FUTURE,,,PRESENT_AND_FUTURE,PRESENT_AND_FUTURE,PRESENT_AND_FUTURE,,,FUTURE,,,,,,PRESENT_AND_FUTURE,,,,,PRESENT,PRESENT,PRESENT_AND_FUTURE,,,PRESENT,,,,,,,,,,PRESENT,,,,,,,
214640,5B030102001,Jackson Rancheria Development Corporation,Ione WWTF,Amador,R5-2013-0022,,r5-2013-0022.pdf,No,,,,,PRESENT,,,,,,,,,,,,PRESENT,,,,,,PRESENT,,,,,,,,,PRESENT_AND_FUTURE,,,,,,,,,,,,,,,,,,,,,,,,,,,,,PRESENT_AND_FUTURE,,,,,,,,,,,,,,,,,,,,,,,,,,,,,,,,,,,,,,
248424,5B05NP00005,Amador Water Agency,Pine Grove Community Leachfield System,Amador,R5-2009-0003,,R5-2009-0003.pdf,No,,,,,,,,,,,,,,,,,,,,,,,PRESENT,,,,,,,,,,,,,,,,,,,,,,,,,,,,,,,,,,,,,,,,,,,,,,,,,,,PRESENT,,,,,,,,,,,,,,,,,,,,,,,,,PRESENT
248476,5B031015001,"PCMHC, LLC",Pioneer Creek MH Community,Amador,2014-0153-DWQ,,Notice of Applicability_Pioneer Creek MH Community.pdf,No,,PRESENT,,,,,,,,,,,,,,,,,,,,,PRESENT,,,,,,,,,,,,,,,,,,,,,,,,,,,,,,,,,,,,,,,,,,,,,,,,,,,,,,,,,,,,,,,,,,,,,,PRESENT,,,,,,PRESENT
248753,5B030106001,Amador Water Agency,Plymouth WWTP,Amador,R5-2011-0092,,r5-2011-0092.pdf,No,,,,PRESENT,,PRESENT,,,,,,,,,,,PRESENT,,PRESENT,,,,,,,,,,,,,,,,,,,,,,,,,,,,,,,,,,,,,,,,,,PRESENT,,,,,,,,,,,,,,,,,,,,,PRESENT,,,,,,,,,,PRESENT,,,,,,,
213409,5A041020001,Casa Del Rey HA,Casa Del Rey HA,Butte,2014-0153-DWQ,,2014-0153-dwq-r5234.pdf,No,,,,,,,,,,,,,,,,,,,,,,,,,,,,,,,,,,,,,,,,,,,,,,,,,,,,,,,,,,,,,,,,,,,,,,,,,,PRESENT,,,,,,,,,,,,,,,,,,,,,,,,,PRESENT
271805,5A040102001,Chico City,Chico Water Pollution Control Plant,Butte,R5-2022-0033,CA0079081,r5-2022-0033_npdes.pdf,No,,PRESENT,PRESENT,,,PRESENT,PRESENT,,,,,,,,,,PRESENT,,,,,,,,,,,,,,,,,,,,,,,,,,,,,,,,,,,,,,,,,,,,PRESENT,PRESENT,,,,,,,,,,,,,,,,PRESENT,,PRESENT,,PRESENT,,,,,,,,,,,,,,,,,
209551,5A04NC00067,Biggs City,City of Biggs WWTP,Butte,R5-2020-0008,,r5-2020-0008_wdr.pdf,No,,,,,,PRESENT_AND_FUTURE,,,PRESENT_AND_FUTURE,,,,,,,PRESENT_AND_FUTURE,PRESENT,,PRESENT,,PRESENT,,,,,,,,,,,PRESENT_AND_FUTURE,,,,,,,,,,,,,,,,,,,,,,,,,,,,,PRESENT,PRESENT,,,,,,,,,,,,,,,,,,,,PRESENT,,,,,,,,,,PRESENT,,,,,,,
252660,5A040105002,Richvale Sanitary District,Richvale WWTF,Butte,2014-0153-DWQ,,Richvale_NOA-Memo-MRP.pdf,No,PRESENT,,,,,PRESENT,,,,,,,,,,,,PRESENT,,,,,,,,,,,,,,,,,,,,,,,,,,,,,,,,,,,,,,,,,,,,,,,,,,,,,,,,,,,,,,,,,,,,,,,,,,,,,,,,,
246251,5A040106001,Sewerage Commission Oroville Region,Sewerage Commission Oroville Region WWTP,Butte,R5-2021-0044,CA0079235,r5-2021-0044_npdes.pdf,No,,PRESENT,PRESENT_AND_FUTURE,,,PRESENT,PRESENT_AND_FUTURE,,,,,,,,,PRESENT_AND_FUTURE,,,,,,,,,,,,,,,,PRESENT_AND_FUTURE,,,,,,,,,,,,,,,,,,,,,,,,,,,,,PRESENT_AND_FUTURE,PRESENT,PRESENT_AND_FUTURE,,,,,,,,,,,,,,,,,,,,,,,,,,,,,PRESENT,,,,,,,PRESENT
270563,5A04NC00001,The Villas At Butte Creek HA,The Villas at Butte Creek WWTP,Butte,2014-0153-DWQ,,The Villas_NOA-Memo-MRP.pdf,No,,,,,,,,,,,,,,,,,,,,,,,,,,,,,,,,,,,,,,,,,,,,,,,,,,,,,,,,,,,,,,,,,,,,,,,,,,PRESENT,,,,,,,,,,,,,,,,,,,,,,,,,PRESENT
205793,5B05NP00007,Angels City,Angels City WWTP,Calaveras,R5-2022-0038,CA0085201,r5-2022-0038_npdes.pdf,No,,,,,PRESENT,PRESENT,PRESENT,,PRESENT,,PRESENT,,,,,PRESENT,,,,,,,,,,,,,,,,PRESENT,,,,,PRESENT,,,,,,,,,,,,,,,,,,,,PRESENT,PRESENT,,,PRESENT,,PRESENT,,,,,,,,,,,,,,PRESENT,,PRESENT,,,PRESENT,,,,,,,,,,,,,,,,,
206381,5B05NC00022,Calaveras Cnty Water District,Arnold WWTP,Calaveras,2014-0153-DWQ,,NOA 2014-0153-DWQ-R5190.pdf,No,,,PRESENT,,,PRESENT,,,,,,PRESENT,,,,,,,,,,,,,,,,,,,,,,,,,PRESENT,,,,,,,,,,,,,,,,,,,,,,,,,,,,,,,,,,,PRESENT,,,,,PRESENT,,PRESENT,,,PRESENT,,,,,,,,,,PRESENT,,,,,,,PRESENT
215671,5B050105001,Calaveras Cnty Water District,Copper Cove WWRF,Calaveras,R5-2010-0070,,R5-2010-0070.pdf,No,,,,PRESENT,,PRESENT,,,,,,,,,,,PRESENT,,,,PRESENT,,,,,,,,,,,,,,,,,,,,,,,,,,,,,,,,,,,,PRESENT,PRESENT,,,PRESENT,,PRESENT,,,,,,,,,,,,,,,,,,,,,,PRESENT,,,,,,,PRESENT,,,,,,,
255003,5B05NP00001,Calaveras Cnty Water District,Copper Cove WWRF,Calaveras,R5-2023-0013,CA0084620,r5-2023-0013_npdes.pdf,No,,,,,PRESENT,PRESENT,,,,,,,,,,,PRESENT,,PRESENT,,,,,FUTURE,,,,,,,,,,,,,,,,,,,,,,,,,,,,,,,PRESENT,,PRESENT_AND_FUTURE,PRESENT,,,PRESENT_AND_FUTURE,,PRESENT_AND_FUTURE,,,,PRESENT_AND_FUTURE,,FUTURE,,,,,,,,,,,,,,,,,,,,,,,,,,,,,,
220618,5B051003001,Calaveras Cnty Water District,Douglas Flat/Vallecito WWTP,Calaveras,R5-2013-0009,,r5-2013-0009.pdf,No,,,,,,PRESENT,PRESENT,,PRESENT,,,,,,,,PRESENT,,,,,,,,,,,,,,,PRESENT,,,,,,,,,,,,,,,,,,,,PRESENT,,,,,,,,,PRESENT,,PRESENT,,,,,,,,,,,,,,,,PRESENT,,,PRESENT,,,,,,,,,,,,,,,,,
222129,5B051022001,East Bay MUD (EBMUD),EBMUD Pardee Center WWTF,Calaveras,2014-0153-DWQ,,EBMUD_PardeeCenter_NOA.pdf,No,PRESENT,,,,PRESENT,,,,,,,,,,,,PRESENT,,,,,,PRESENT,,,,,,,,,,,,,,,,,,,,,,,,,,,,,,,,,,,,,,,,,,,,,,,,,,,,,,,,,,,,,,PRESENT,,,,,,,,,,,,,,PRESENT
717684,5B05NP00014,Calaveras Cnty Water District,Forest Meadows WWRP,Calaveras,R5-2024-0067,CA0085278,r5-2024-0067_npdes.pdf,No,,,,,PRESENT,PRESENT,,,,PRESENT,,,,,,,,,,,,,,,,,,,,,,,,,,,PRESENT,,,,,,,,,,,,,,,,,,,,,,,,,,PRESENT,,,PRESENT,,,,,,,,,,,,,PRESENT,,,,,,,PRESENT,,,,,,PRESENT,,,,,,,
232360,5B051003002,Calaveras Cnty Water District,Indian Rock Vineyards Subdivision (IRVS) WWTF,Calaveras,2014-0153-DWQ,,Indian Rock NOA.pdf,No,,,,,,,,,,,,,,,,,,,,,,,,,,,,,,,,,,,,,PRESENT,,,,,,,,,,,,,,,,,,,,,,,,,,,,,,,,,,,,,,,,,,,,,,,,PRESENT,,,,,,,,,,,,,,PRESENT
235798,5B051012001,Calaveras Cnty Water District,La Contenta WWT & RF,Calaveras,R5-2013-0133-01,,CCWD_La Contenta_R5-2013-0133_WDR.pdf,No,,,,PRESENT,,PRESENT,,,,,,,,,,,PRESENT,,,,,,PRESENT,,,,,,,,,,,,,,PRESENT,,,,,,,,,,,,,,,,,,,,PRESENT,,,,,,PRESENT,,,,,,PRESENT,,,,,,,,,,PRESENT,,,,,,,,PRESENT,,,,,,,,,,,,
227381,5B05NC00004,USDI Bureau of Reclamation Sonora,New Melones Lake Glory Hole Recreation Area,Calaveras,2014-0153-DWQ,,GloryHoleNOADec12.pdf,No,,,,,,,,,,,,,,,,,,,,,,,PRESENT,,,,,,,,,,,,,,,,,,,,,,,,,,,,,,PRESENT,,,,,,,,PRESENT,,,,,,,,,,,,,,,,,,,,,,,,,,,,,,,,,,,,,,PRESENT
255180,5B050103001,San Andreas SD,San Andreas SD WWTP,Calaveras,R5-2024-0025,CA0079464,R5-2024-0025_npdes.pdf,No,,PRESENT,PRESENT_AND_FUTURE,PRESENT,,PRESENT_AND_FUTURE,PRESENT,FUTURE,,,,,,PRESENT,,PRESENT,PRESENT,,,,PRESENT,,PRESENT,,,,,,,,,,,,,,PRESENT,,PRESENT,,,,,,,,,,,,,,,,,,PRESENT,PRESENT,,,PRESENT_AND_FUTURE,PRESENT,,,,,,,,,,,PRESENT,PRESENT,,PRESENT_AND_FUTURE,PRESENT,,PRESENT_AND_FUTURE,,,PRESENT,,,,,,,,PRESENT_AND_FUTURE,,PRESENT,,,,,,,
258004,5B051003004,Calaveras Cnty Water District,Southworth Ranch Estates WWTF,Calaveras,2014-0153-DWQ,,NOA_Southworth Ranch Estates WWTF.pdf,No,,,,,,,,,,,,,,,,,,,,,,,PRESENT,,,,,,,,,,,,,,PRESENT,,,,,,,,,,,,,,,,,,,,,,,,PRESENT,,,,,,,,,,,,,,,,,,,,,,,,,,,,,,,,,,,,,,PRESENT
270105,5B050104001,Valley Springs SD,Valley Springs SD WWTF,Calaveras,R5-2005-0066,,r5-2005-0066_WDR.pdf,No,PRESENT,,,,PRESENT,PRESENT,,,,,,,,,,,PRESENT,,,,PRESENT,,,,,,,,,,,,,,,,,,,,,,,,,,,,,,,,,,,,,,,,PRESENT,,,,,,,,,,,,,,,,,,,,,PRESENT,,,,,,,,,,,,,,,,,
271617,5B050107007,Calaveras Cnty Water District,Wallace Lake Estates WWTF,Calaveras,2014-0153-DWQ,,2014-0153-dwq-r5275_NOA.pdf,No,,,PRESENT,PRESENT,,,,,PRESENT,,,,,,,,,,,,,,,,,,,,,,,,,,,,,,PRESENT,,,,,,,,,,,,,,,,,,,,,,PRESENT,,,,,,,,,,,,,,,,,,,,,,,,,,,,,,,,,,,,,,PRESENT
272109,5B05NC00025,Calaveras Cnty Water District,West Point WWTF,Calaveras,2014-0153-DWQ,,2014-0153-dwq-r5336_noa.pdf,No,,,,PRESENT,,,,,,,,,,,,,,,,,,,,,,,,,,,,,,,,,PRESENT,,,,,,,,,,,,,,,,,,,,,,,,PRESENT,,,,,,,,,,,,,,,,,,,,,,,,,,,,,,,,,,,,,,PRESENT
272716,5B052000001,Calaveras Cnty Water District,Wilseyville WWTP,Calaveras,2014-0153-DWQ,,WilseyvilleWWTP_NOA.pdf,No,,,,,,,,,,,,,,,,,PRESENT,,,,,PRESENT,PRESENT,,,,,,,,,,,,,,,,,,,,,,,,,,,,,,,,,,,,,,,,,,,,,,,,,,,,,,,,,,,,,,PRESENT,,,,,,,,,,,,,,
215225,5A060101001,Colusa City,City of Colusa WWTP,Colusa,R5-2022-0020,CA0078999,r5-2022-0020_npdes.pdf,No,,,PRESENT_AND_FUTURE,,FUTURE,PRESENT_AND_FUTURE,,FUTURE,PRESENT_AND_FUTURE,,,,,,,PRESENT_AND_FUTURE,,PRESENT,,,,,,,,,,,,,,PRESENT_AND_FUTURE,,,,,PRESENT,,,,,,,,,,,,,,,,,,,,FUTURE,PRESENT,,,FUTURE,,PRESENT_AND_FUTURE,,,PRESENT_AND_FUTURE,PRESENT,,,,,,,PRESENT,,,,,PRESENT,,,,,,,,PRESENT,,,,,PRESENT,,,,,,,
239874,5A06NC00010,Maxwell PUD,Maxwell PUD WWTF,Colusa,R5-2009-0109,,R5-2009-0109.pdf,No,,,,PRESENT,,PRESENT,,,,,,,,,,,PRESENT_AND_FUTURE,FUTURE,PRESENT_AND_FUTURE,,,PRESENT,PRESENT,,,,,,,,,,,,,,,,,,,,,,,,,,,,,,,,,,,,,,PRESENT,PRESENT,,,,,,,,,,PRESENT_AND_FUTURE,,,,FUTURE,,,,,,,,,,,,,,FUTURE,,,,,,,,,
272631,5A060103001,Williams City,Williams WWTP,Colusa,R5-2023-0025,CAC433345,R5-2023-0025-009_noa.pdf,No,,,PRESENT,,,PRESENT,PRESENT,,PRESENT,,,,,,,PRESENT,PRESENT_AND_FUTURE,PRESENT,,,,PRESENT,,,,,,,,,,PRESENT,,,,,PRESENT,,,,,,,,,,,,,,,,,,,,,PRESENT,,,PRESENT,PRESENT,PRESENT,,,FUTURE,,,PRESENT,,,,,,,,,,PRESENT,,,PRESENT,,,,,,,,PRESENT,,PRESENT,,,,,,,
210322,5B070101001,Brentwood City,Brentwood WWTP,Contra Costa,R5-2024-0020,CA0082660,r5-2024-0020_npdes.pdf,No,,,PRESENT,,,PRESENT,PRESENT,,,,,PRESENT,,PRESENT,,,,,,,,,,,,,,,,,,PRESENT,,,,,PRESENT,,,,,,,,,,,,,,,,,,,,,,,,PRESENT,PRESENT,,,,,,,PRESENT,,,PRESENT,,,,PRESENT,,,PRESENT,PRESENT,PRESENT,,,,,,,,,,,PRESENT,,,,,,,
210972,5B070102002,Byron Sanitary District,Byron Sanitary District WWTF,Contra Costa,R5-2009-0002,,R5-2009-0002.pdf,No,,,,PRESENT,,PRESENT,,,,,,,,,,,,,,,,,PRESENT,,,,,,,,,,,,,,,,,,,,,,,,,,,,,,,,PRESENT,,,,,,,,,,,,PRESENT,,,,,,,,,,,,,,,,,,,,,,,PRESENT,,,,,,,,,PRESENT
213875,2 071008001,Central Contra Costa Sanitary District,Central Contra Costa SD WWTP,Contra Costa,R2-2022-0020,CA0037648,R2-2022-0020.pdf,No,,PRESENT,PRESENT,,PRESENT,PRESENT,PRESENT,,,PRESENT,,,,,,,,,,,,,,,,,,,,,,,,,,,,,,,,,,,,,,,,,,,,,,,,,,,PRESENT,,PRESENT,,,,,,,,,,,,,,,,,PRESENT,,,,,,PRESENT,,,,,,PRESENT,,,,PRESENT,,,PRESENT
217831,2 071032001,Pinole City,City of Pinole WWTP,Contra Costa,R2-2023-0008,CA0037796,R2-2023-0008.pdf,No,,PRESENT,PRESENT_AND_FUTURE,,,PRESENT,PRESENT,,,,,,,,,PRESENT,FUTURE,,,,,,,,,,,PRESENT,,,,PRESENT,,,,,,,,,,,,,,,,,,,,,,,,,,,,,PRESENT,PRESENT,,,,PRESENT,,,,,,,,,,PRESENT,,,,PRESENT,,,,,,PRESENT,,,,,PRESENT,PRESENT,,,,,,,
220315,5B070105003,Town of Discovery Bay CSD,Discovery Bay WWTP,Contra Costa,R5-2024-0068,CA0078590,R5-2024-0068_npdes.pdf,No,,,PRESENT_AND_FUTURE,,,PRESENT,,,PRESENT,,,PRESENT_AND_FUTURE,,,,,,,,,,,,PRESENT,,,,,,,,PRESENT,,,,,PRESENT,,,,,,,,,,,,,,,,,,,,,,,,,,PRESENT,,,PRESENT,,,,,,PRESENT_AND_FUTURE,,,,,PRESENT,,PRESENT,,,PRESENT,,,,,PRESENT,,,,,PRESENT,PRESENT,,,,,,
223236,2 071227001,East Brother Light Station Inc,East Brother Light StationWWTP,Contra Costa,R2-2010-0113,,Final Order Package 2010-0113.pdf,No,,,,,PRESENT,,,PRESENT,,,,,,,,,,,,,,,,,,,,,,,,,,,,,PRESENT,,,,,,,,,,,,,,,,,,,,,,,,,,,,,,,,,,,,,PRESENT,,,,,,,,,,,,,,,,,,,,,,,,,PRESENT
232656,5B07NP00013,Ironhouse Sanitary District,Ironhouse WWTF,Contra Costa,R5-2024-0038,CA0085260,R5-2024-0038.pdf,No,,,,,,PRESENT_AND_FUTURE,PRESENT_AND_FUTURE,,,,,,,,,PRESENT_AND_FUTURE,,,PRESENT,,,,,,,,,,,,,PRESENT_AND_FUTURE,,,,,,,,,,,,,,,,,,,,PRESENT,PRESENT_AND_FUTURE,,,,,,,,PRESENT,,PRESENT_AND_FUTURE,,,,,,PRESENT,,,,,,,,,,PRESENT,,,,,,,,,,,,PRESENT,PRESENT,,,,,,,
256695,2 071042001,Martinez Refining Company LLC,Martinez Refining Company WWTP,Contra Costa,R2-2017-0039,CA0005789,Shell R2-2017-0039.pdf,No,,,,PRESENT,,,,,PRESENT,PRESENT,,,,,,,PRESENT,,PRESENT,,PRESENT,,,,,,,,,,,,,,,,,,,,,,,,,,,,,,,,,,,,,,,PRESENT,,,,,,,,,,,,,,,,,,,,,,,,,,,,,,,,,,,,,,,
241815,2 071029001,Mt View Sanitary District,Mt. View Sanitary District WWTP,Contra Costa,R2-2021-0026,CA0037770,MVSD Final Order ADA.pdf,No,,PRESENT,PRESENT,,PRESENT,PRESENT_AND_FUTURE,,,,,,,,,,PRESENT,,,,,,,,,,,,,,,,,FUTURE,,,,PRESENT,,PRESENT,,,,,,,,,,,,,,,,PRESENT,,,,,,,,PRESENT_AND_FUTURE,,,,,,,,,,,,,,,PRESENT,,PRESENT_AND_FUTURE,,PRESENT,,,,PRESENT,,,,,,PRESENT,,,,,,,
248886,2 071034001,Crockett Community Services District,Port Costa WWTP,Contra Costa,R2-2024-0009,CA0037885,R2-2024-0009 Port Costa NPDES Order.pdf,No,,PRESENT,,,PRESENT,PRESENT,,,,,,,,,,,,,,,,,,,,,,,,,,,,,,,FUTURE,,,,,,,,,,,,,,,,,,,,,,,,,PRESENT,,,,FUTURE,,,,,,,,PRESENT_AND_FUTURE,,,,,,,,,,,,,,,,,,PRESENT,,,,,,,PRESENT
253174,2 071039001,Rodeo Sanitary District,Rodeo Sanitary District WWTP,Contra Costa,R2-2022-0037,CA0037826,R2-2022-0037.pdf,No,PRESENT,PRESENT,PRESENT,,,PRESENT,PRESENT,,,,,,,,,FUTURE,PRESENT_AND_FUTURE,,,,,,,,,,,,,,,,,,,,,,,,,,,,,,,,,,,,,,,,,,,,PRESENT,PRESENT,,,,PRESENT,,,,,,,,,,PRESENT,,,PRESENT_AND_FUTURE,PRESENT_AND_FUTURE,FUTURE,PRESENT_AND_FUTURE,,,FUTURE,PRESENT,,,,,PRESENT,PRESENT,,,,,,,
269601,2 071059001,USS-Posco Industries,USS-UPI LLC - NPDES/SUB15,Contra Costa,R2-2016-0043,CA0005002,R2-2016-0043.pdf,No,,,,PRESENT,,,,PRESENT,,,,,,,,,,,,,,,,,,,,,,,,,,,,,,,,,,,,,,,,,,,,,,,,,,,,,,,,,,,,,,,,,PRESENT,,,,,,,,,,,,,,,,,,,PRESENT,,,,,,,
215234,2 071107001,West County Agency,West County Agency Outfall,Contra Costa,R2-2024-0008,CA0038539,R2-2024-0008 West County.pdf,Yes,FUTURE,PRESENT,PRESENT_AND_FUTURE,,,PRESENT_AND_FUTURE,PRESENT_AND_FUTURE,,PRESENT,PRESENT_AND_FUTURE,,,,,,,PRESENT_AND_FUTURE,,,,,,,PRESENT_AND_FUTURE,,,,PRESENT,,,,,,,,,,,,,,,,,,,,,,,,,,,FUTURE,,,,,,PRESENT_AND_FUTURE,PRESENT_AND_FUTURE,,,,,,,,,,,,,,PRESENT_AND_FUTURE,,,PRESENT_AND_FUTURE,FUTURE,PRESENT,PRESENT,,,,PRESENT_AND_FUTURE,PRESENT_AND_FUTURE,,,,PRESENT,PRESENT,,,,,FUTURE,,
833707,1A171868RDN,CA Dept of Trans D1,CDOT Collier Tunnel Rest Area,Del Norte,2014-0153-DWQ,,180618_RRO_er_CaltransCollierTunnel_NOA.pdf,No,PRESENT,,,,,,,PRESENT,PRESENT,,,,,,,,,,,,,,,,,,,,,,,,,,,,,,,,,,,,,,,,,,,,,,,,,,,,,,,,,,,,,,,,,,,,,,,,,,,,,,,,,,,,,,,,,,PRESENT
216106,1A84006ODN,Crescent City,Crescent City WWTP,Del Norte,R1-2023-0039,CA0022756,23_0039_CrescentCity_NPDES.pdf,No,,PRESENT,PRESENT,,,PRESENT,PRESENT,,,,,,,,,PRESENT,,,,,,,,,,,,,,,,,,,,,,,,PRESENT,,,,,,,,,,,,PRESENT_AND_FUTURE,,,,,,,,,PRESENT_AND_FUTURE,PRESENT,PRESENT_AND_FUTURE,,,,,,,,,,,,,PRESENT_AND_FUTURE,,,PRESENT,,,,,,,PRESENT,,,,,,PRESENT,,,,,,,
212899,5A090102010,El Dorado Irrigation District,Camino Heights WWTP,El Dorado,R5-2012-0045,,r5-2012-0045.pdf,No,,,,PRESENT,,PRESENT,,,,,,,,,,,PRESENT,,PRESENT,,,,,,,,,,,,,,,,,,PRESENT,,,,,,,,,,,,,,,,,,,,,,,,PRESENT,,,,,,,,,,,,,PRESENT,,,,,,,,,,,,,,,,,,PRESENT,,,,,,,
219398,5B090102001,El Dorado Irrigation District,Deer Creek WWTP,El Dorado,R5-2023-0025,CAC433255,eid_deercreek_wwtp_mgo_noa_revised.pdf,No,PRESENT,PRESENT,PRESENT,,,PRESENT,PRESENT,,PRESENT,,,,,,,PRESENT,PRESENT,,,,,,,,,,,,,,,PRESENT,PRESENT,,,,,,,,,,,,,,,,,,,,,,,,,,,,PRESENT,,PRESENT,,,,,,PRESENT,,,PRESENT,,,,,PRESENT,,PRESENT,,,,,,,PRESENT,,,PRESENT,,,PRESENT,,,,,,,
227444,5A090102008,El Dorado Irrigation District,Gold Ridge Forest Unit 3,El Dorado,2014-0153-DWQ,,2014-0153-DWQ-R5293_06Aug2019_NOA.pdf,No,,,,,,,,,,,,,,,,,,,,,,,,,,,,,,,,,,,,,,,,,,,,,,,,,,,,,,,,,,,,,,,,,,,,,,,,,,,,,,,,,,,,,,,,,,,,,,,,,,,PRESENT
229595,5A090100001,Placerville City,Hangtown Creek WRF,El Dorado,R5-2023-0025,CAC439621,r5-2023-0025-011_mgo_noa.pdf,No,,PRESENT,PRESENT,,,PRESENT,PRESENT,,PRESENT,,,,,,,PRESENT,PRESENT,,,,,,,,,,,,,,,PRESENT,,,,,PRESENT,,,,,,,,,,,,,,,,,PRESENT,,,,,,,PRESENT,PRESENT,PRESENT,,,PRESENT,,,,,,,,,,PRESENT,PRESENT,,PRESENT,,,,,,,PRESENT,,,,,,,,,,,,,
641209,5B09NC00006,El Dorado Cnty Env Mgmt Dept,Union Mine Disposal Site,El Dorado,R5-2006-0019-001,,r5-2006-0019-001_wdr.pdf,No,,,,PRESENT,,PRESENT,,,,,,,,,,,PRESENT,,,,,,,,,,,,,,,,,,,,,,,,,,,,,,,,,,,,,,,,,,,,PRESENT,,,,,,PRESENT,,,,,,,PRESENT,,,PRESENT,,,PRESENT,,,,,,,,,,PRESENT,,PRESENT,,,,,,,PRESENT
209509,5C102009001,Southern California Edison,Big Creek Powerhouse No 1 WWTF,Fresno,2014-0153-DWQ,CA0079545,2014-0153-DWQ-R5187.pdf,No,,,,,,PRESENT,PRESENT,,,,,,,,,,PRESENT,,,,,,,PRESENT,,,,,,,,PRESENT,,,,,,,,,,,,,,,,,,PRESENT,,PRESENT,,,,,PRESENT,PRESENT,,,PRESENT,PRESENT,,,,PRESENT,PRESENT,,,,,,,,,,,,,,,,,,PRESENT,,,,,,,,,,,,,,PRESENT
214899,5C10NP00012,Clovis City,Clovis WWTF,Fresno,R5-2024-0036,CA0085235,r5-2024-0036_npdes.pdf,No,,,,,,PRESENT,PRESENT,,,,,,,,,,PRESENT,,,,,,,,,,,,,,,PRESENT,,,,,,,,,,,,,,,,,,,,,PRESENT,,,,,,,,,,PRESENT,,,,,,,,,,,,,,,PRESENT,,PRESENT,,,,,PRESENT,,,,,,PRESENT,PRESENT,,,,,,,
214957,5C10NC00045,Ca Dept of Mental Health,Coalinga State Hospital WWTF,Fresno,R5-2013-0055,,R5-2013-0055.pdf,No,PRESENT,,,,,PRESENT,,,,,,,,,,,PRESENT,,PRESENT,,,,,,,,,,,,,,,,,,,,,,,,,,,,,,,,,,,,,,,,,,PRESENT,,,,,,,,,,,,,,,,,,,,,,,,,,,,,,,PRESENT,,,,,,,
835076,5C10NC00203,Pilot Travel Centers LLC,EZ Trip 1277,Fresno,2014-0153-DWQ,,PilotTravelCenters_2014-0153-DWQ.pdf,No,,,,,,,,,,,,,,,,,PRESENT,,,,,,PRESENT,,,,,,,,,,,,,,PRESENT,,,,,,,,,,,,,,,,PRESENT,,PRESENT,,,,,,,,,,,PRESENT,,,,,,,,PRESENT,,,,,,,,,,,,,,,,,,,,,,,,,PRESENT
273114,5C100103001,Firebaugh City,Firebaugh WWTF,Fresno,R5-2026-0017,,r5-2026-0017_wdrs.pdf,No,,,,,PRESENT_AND_FUTURE,PRESENT,,,,,,,,FUTURE,,,PRESENT_AND_FUTURE,,PRESENT,,PRESENT_AND_FUTURE,,PRESENT,,,,,,,,,,FUTURE,,,,PRESENT,,,,,,,,,,,,,,,,,,,,,,,,,,,,,,,,,,,,,,,,,,,,,PRESENT_AND_FUTURE,,,,,,,,,,,,,,,,,
224827,5C101109001,Sierra Unified School District,Foothill Elementary School WWTF,Fresno,2014-0153-DWQ,,2014-0153-dwq-r5337 NOA for Foothill Middle School WWTF.pdf,No,PRESENT,,,,,PRESENT,,,,,,,,,,,,PRESENT,,,,,PRESENT,,,,,,,,,,,,,,,,,,,,,,,,,,,,,,,,,,,,,,PRESENT,,,,,,,,,,,,,,,,,,,,,,,,,,,,,,,,,,,,,,
201073,5D100102001,County of Fresno,Fresno Cnty #30-El Porvenir WWTF,Fresno,2014-0153-DWQ,,El Porvenir_NOA.pdf,No,,,,,PRESENT,,,PRESENT,,,,,,,,,PRESENT,,PRESENT,,,,PRESENT,,,,,,,,,,,,,,PRESENT,,PRESENT,,,,,,,,,,,,,,,,,,,,,,,,,,,,,,,,,,,,,,,,,,,,,,,,,,,,,,,,,,,,
201075,5D100102002,County of Fresno,Fresno Cnty #32-Cantua Creek WWTF,Fresno,2014-0153-DWQ,,NOA-2014-0153-dwq-r5335.pdf,No,,,,,,PRESENT,,,,,,,,,,,PRESENT_AND_FUTURE,,,,,,,PRESENT_AND_FUTURE,,,,,,,,,,,,,,,,,,,,,,,,,,,,,,,,,,,,,,,,,,,,,,,,,,,,,,,,,,,,,,,,,,,,,,,,,,,
201076,5C100106003,County of Fresno,Fresno Cnty #34-Millerton New Town WWTF,Fresno,R5-2008-0127,,r5-2008-0127[1].pdf,No,,,,PRESENT,,PRESENT,,,PRESENT,,,,,,,,PRESENT,,,,,,PRESENT,,,,,,,,,,,,PRESENT,,PRESENT,,PRESENT,,,,,,,,,,,,,,,,,,PRESENT,PRESENT,,,PRESENT,,,,,,PRESENT,,,,,,,,,,,PRESENT,PRESENT,PRESENT,,,,,,PRESENT,,,,,,PRESENT,,,,,,,PRESENT
201081,5D100139001,County of Fresno,Fresno Cnty #44-D Monte Verdi Estates WWTF,Fresno,2014-0153-DWQ,,Monte Verde Small Dometic WWTF NOA.pdf,No,,,,,,PRESENT,,,,,,,,,,,PRESENT,,,,,,,,,,,,,,,PRESENT,,,,,,,,,,,,,,,,,,,,PRESENT,,,,,,,,,PRESENT,,,,,,,,,,,,,,,,PRESENT,,,,,,,,,,,,,,,,,,,,,,
201082,5C101017001,County of Fresno,Fresno Cnty #44A-Millerton Lake MHV WWTF,Fresno,2014-0153-DWQ,,NOA_Millerton Lake MHV_2014_0153_DWQ_R5368 .pdf,No,,,,,,,,,,,,,,PRESENT,,,,,,,,,PRESENT,,,,,,,,,,,,,,,,,,,,,,,,,,,,,,,,,,,,,,PRESENT,,,,,,,,,,,,,,,PRESENT,,,,,,,,,,,,,,,,,,,,,,,
234146,5B10NC00011,County of Fresno,Fresno Cnty Juvenile Justice WWTF,Fresno,R5-2007-0150,,r5-2007-0150.pdf,No,,PRESENT,PRESENT,,,PRESENT,,,PRESENT,,,,,,,PRESENT,,,,,,,,,,,,,,,,PRESENT,,,PRESENT,,PRESENT,,PRESENT,,,,,,,,,,,,,,,,,,PRESENT,PRESENT,,,PRESENT,,,,,,PRESENT,,,,,,,,,,,PRESENT,PRESENT,PRESENT,,,,,,PRESENT,,,,,,,,,,,,,
273115,5D100105001,Fresno City Department of Public Utilities,Fresno Regional WWTF,Fresno,R5-2018-0080,,Order R5-2018-0080.pdf,No,,PRESENT,PRESENT,,,PRESENT,PRESENT,,,,,,,,,,PRESENT,,,,,,,,,,,,,,,,,,,,,,PRESENT,,,,,,,,,,,,,PRESENT,,,,,,,,,,,,,,PRESENT,,,,,,,,,,PRESENT,,,,,,,,,,,,,,,,,,,,,,,
227781,5D540700001,USDI National Park Service Sequoia & Kings Canyon,Grant Grove WWTF,Fresno,2014-0153-DWQ,,2014_0153_dwq_r5341.pdf,No,,,,,PRESENT,PRESENT,,,PRESENT,,,,,,,,PRESENT,,,,,,,,,,,,,,,,,,,,PRESENT,,,,,,,,,,,,,,,,,,,,,,,,PRESENT,,,,,,,,,,,,,,,,PRESENT,,,,,PRESENT,,,,,,,,,PRESENT,,,,,,,,
815678,5C10NC00195,Greek Orthodox Monestery of the Theotokos,"Greek Orthodox Monestery of the Theotokos, The Life Giving Spring",Fresno,2014-0153-DWQ,,2014-0153-DWQ-R5184.pdf,No,,,,,,,,,,,,,,,,,,,,,,,,,,,,,,,,,,,,,,,,,,,,,,,,,,,,,,,,,,,,,,,,,,,,,,,,,,,,,,,,,,,,,,,,,,,,,,,,,,,PRESENT
224179,5D101042002,"Harris Farms, Inc.",Harris Farms Farm Labor Housing Facility,Fresno,2014-0153-DWQ,,Harris_Farms_Labor_Housing_NOA.pdf,No,,,,,,,,PRESENT,,,,,,,,,PRESENT,,PRESENT,,,,PRESENT,,,,,,,,,,,,,,,,,,,,,,,,,,,,,,,,,,,,,,,,,,,,,,,,,,,,,,,,,,,,,,,,,,,,,,,,,,,,
273148,5D101112001,Hume Lake Chistian Camps,Hume Lake WWTF,Fresno,R5-2012-0125,,r5-2012-0125.pdf,No,,,,,,PRESENT,,,PRESENT,,PRESENT,,,,,,,,,,,,PRESENT,,,,,,,,,,,,,,PRESENT,,,,,,,,,,,,,,,,,,,,,PRESENT,,,PRESENT,,,,,,,,PRESENT,,,,,,,,PRESENT,,,,,,PRESENT,,,,,,,PRESENT,,,,,,,,,FUTURE
273119,5D100107001,Huron City,Huron WWTF,Fresno,R5-2014-0163,,r5-2014-0163.pdf,No,PRESENT,,,PRESENT,,PRESENT,,,,,,,,PRESENT,,PRESENT,,PRESENT,,,,,PRESENT,,,,,,,,,,,,,,,,,,,,,,,,,,,,,,,,,,,,,,,,,,,,,,,,,,,,,,,,,,,PRESENT,,,,,,,,,,PRESENT,,,,,,,
232098,5D101032002,I-5 Property Services Inc,I-5 & Panoche Road WWTF,Fresno,2014-0153-DWQ,,NOA 2014_0153_dwq_r5281.pdf,No,,,,PRESENT,,PRESENT,,,PRESENT,,,,,,,,PRESENT,,,,,,PRESENT,,,,,,,,,,,,,,,,PRESENT,,,,,,,,,,,,,,,,,,,,,,,,,,,,,,,,,,,,,,,,PRESENT,,,,,,,,,,,,,,,,,,,,
234841,5D100108001,Kerman City,Kerman WWTF,Fresno,R5-2007-0115,,Kerman WWTF R5-2007-0115.pdf,No,PRESENT,,,,PRESENT,PRESENT,,,PRESENT,,,,,PRESENT,,,,,PRESENT,,,,,,,,,,,,,,,,,,,,,,,,,,,,,,,,,,,,,,,,,,,,,,,,PRESENT,,,,,,,,,,PRESENT,,,,,PRESENT,,,,,,,,,,,,,,,,,PRESENT
273175,5D100123001,Laton CSD,Laton WWTF,Fresno,R5-2016-0079,,r5-2016-0079.pdf,No,PRESENT,,,,PRESENT,,,,,,,,,,,,PRESENT,,,,,,PRESENT,,,,,,,,,,,,,,,,,,,,,,,,,,,,,,,,,,,,,,,,,,,,,,,,,,,,,,,,,,,PRESENT,,,,,,,,,,,,,,,,,
273180,5D100124001,Malaga CWD,Malaga CWD WWTF,Fresno,R5-2020-0001,,Malaga CWD-r5-2020-0001_wdr.pdf,No,,PRESENT,PRESENT,PRESENT,,PRESENT,PRESENT,,,PRESENT,,,,,,,PRESENT,,,,,,PRESENT,,,,,,,,,,,,,,,,,,,,,,,,,,,,,,,,,,,PRESENT,,,PRESENT,PRESENT,PRESENT_AND_FUTURE,,,,,,,,,,,PRESENT,,,PRESENT,,,,,PRESENT,,,,PRESENT,,,,,,,,,,,,,
273126,5D100109001,Mendota City,Mendota WWTF,Fresno,R5-2016-0054,,r5-2016-0054.pdf,No,,,,,,PRESENT,,,,,,,,,,,PRESENT,PRESENT,,,,,PRESENT,,,,,,,,,,,,,,,,,,,,,,,,,,,,,,,,,,,,,,,,,,,,,,,,,,,,,,,,,,,,PRESENT,,,,,,,,,,,,,,,,
240826,5C100800001,Ca Dept of Parks & Rec Sacramento,Millerton Lake State Rec Area,Fresno,2014-0153-DWQ,,NOA_MLSRA_WWTF.pdf,No,,,,,,,,,,,,,,,,,,,,,,,PRESENT,,,,,,,,,,,,,,,,,,,,,,,,,,,,,,,,,,,,,,,,,,,,,,,,,,,,,,,,,,,,,,,,,,,,,,,,,,,,PRESENT
240892,5B10NC00014,Fresno County Waterworks District No. 18,Mira Bella WWTF,Fresno,2014-0153-DWQ,,Mira Bella WWTF_NOA_2014-0153-DWQ-R5379.pdf,No,,PRESENT,,,,PRESENT,,,,,,,,,,,,,,,,,,,,,,,,,,,,,,,PRESENT,,,,,,,,,,,,,,,,,,,,,,,,,,,,,,,,,,,,,PRESENT,,,,,,,,,,,,,,,,,,,,,,,,,PRESENT
215677,5D101129001,Fresno City Department of Public Utilities,North Fresno WWRF,Fresno,R5-2014-0162,,r5-2014-0162.pdf,No,,,,,,PRESENT,,,PRESENT,,PRESENT,,,,,,,,,,,,,,,,,,,,,,,,,,PRESENT,,,,,,,,,,,,,,,,,,,,PRESENT,,,,FUTURE,,FUTURE,,,PRESENT_AND_FUTURE,,,,,,,,,,,,,,,,,,,,,,,,,,,,,,,,,
273127,5D100110001,Orange Cove City,Orange Cove WWTF,Fresno,R5-2004-0008,,r5-2004-0008.pdf,No,,,PRESENT,,,PRESENT,,,,,,,,,,,PRESENT,,PRESENT,,,,PRESENT,,,,,,,,,,,,,,,,,,,,,,,,,,,,,,,,,,,PRESENT,,,PRESENT,,,,,,,,,,,,,,,,PRESENT,,,,,PRESENT,,,,,,,,,,PRESENT,,,,,,,
248717,5D100805001,Ca Dept of Corrections Coalinga,Pleasant Valley State Prison WWTF,Fresno,R5-2016-0092,,r5-2016-0092.pdf,No,,,,,,PRESENT,,,,PRESENT_AND_FUTURE,,,,,,,PRESENT,,,,,,,,,,,,,,,,,,,,PRESENT_AND_FUTURE,,,,,,,,,,,,,,,,,,,,PRESENT,PRESENT_AND_FUTURE,,,PRESENT_AND_FUTURE,,,,,,,,,,,,,,,,,,,,,,,,PRESENT_AND_FUTURE,,,,,,,PRESENT,,,,,,,
273131,5C10NC00167,Reedley City,Reedley WWTF,Fresno,R5-2010-0120,,R5-2010-0120.pdf,No,,,PRESENT,,,PRESENT,,,,,,PRESENT,,,,,,,,,,,,,,,,,,,,PRESENT,,,,,,,,,,,,,,,,,,PRESENT,,,,,,,,,,,,,,,,,,,,,,PRESENT,,,,,,,,PRESENT,,PRESENT,,,,,,,,PRESENT,PRESENT,,,,,,,,
273185,5D100114001,Riverdale PUD,Riverdale WWTF,Fresno,R5-2018-0028,,Riverdale PUD IR.pdf,No,PRESENT,,,,,PRESENT,,,,,,,,,,,PRESENT,,PRESENT,,,,PRESENT_AND_FUTURE,,,,,,,,,,,,,,,,PRESENT,,,,,,,,,,,,,,,,,,,,,,,,,,,,,,,,,PRESENT,,,,,,,,,,,,,,,,,,PRESENT,,,,,,,,,
273132,5D100116001,San Joaquin City,San Joaquin WWTF,Fresno,R5-2007-0100,,r5-2007-0100.pdf,No,,,,,PRESENT,PRESENT,,,,,,,,PRESENT,,,,,PRESENT,,,,PRESENT,,,,,,,,,,,,,,,,,,,,,,,,,,,,,,,,,,,,,,,,,,,,PRESENT,,,,,,,,,,,,,,,,PRESENT,,,,,,,,,,,,,,,,
273133,5D100115001,Sanger City,Sanger WWTF,Fresno,R5-2014-0004,,r5-2014-0004.pdf,No,,PRESENT,PRESENT,,,PRESENT,PRESENT,,,,,,,,,,PRESENT,,,,,,,,,,,,,,,,,,,,,,,,,,,,,,,,,,,,,,,,,,,,,,,,,PRESENT,,,,,,,,,,PRESENT,,,,PRESENT,,PRESENT,,,,PRESENT,,,,,,PRESENT,,,,,,,
273188,5C101003001,Sierra Unified School District,Sierra High School WWTF,Fresno,2014-0153-DWQ,,Sierra High School_WWTF_final noa.pdf,No,PRESENT,,PRESENT,,,PRESENT,,,,,,,,,,,PRESENT,,,,,,PRESENT,,,,,,,,,,,,,,,,,,,,,,,,,,,,,,,,,,,,,,,,,,,,,,,,,,,,,,,,,,,,,,,,,,,,,,,,,,,,PRESENT
273195,5D100117001,Tranquillity PUD,Tranquillity WWTF,Fresno,2014-0153-DWQ,,NOA _Tranquillity PUD_WWTF_2014-0153-DWQ-R5361.pdf,No,,,,,,,,,,,,,,,,,,,,,,PRESENT,,,,,,,,,,,,,,,,,,,,,,,,,,,,,,,,,,,,,,,,,,,,,,,,,,,,,,,,,,,,,,,,,,,,,,,,,,,,,
272704,5A110101001,Willows City,Willows WWTP,Glenn,R5-2023-0025,CAC447786,willows_wwtp_noa_signed.pdf,No,PRESENT,,PRESENT,,,PRESENT,,,PRESENT,,,,,PRESENT,,,,,,,,PRESENT,,PRESENT,,,,,,,,,,,,,PRESENT,,,,,,,,,,,,,,,,,,,,,,,,PRESENT,PRESENT,,,,,,,,,,,,,,,,,,,,,,,,,PRESENT,,,,,,,,,,,,PRESENT
209801,1B81129OHUM,Blue Lake City,Blue Lake City POTW,Humboldt,R1-2012-0050,,12_0050_WDR_BlueLake_RRO_120618.pdf,No,,,,,PRESENT,PRESENT,,,,,,,,,,,,,PRESENT,,,PRESENT,,,,,,,,,,,,,,,,,,,,,,,,,,,,,,,,,,,,,,,PRESENT,,,,,,,,,,,PRESENT,,,,,,,,,,,,,,,,,,,,,,,,,,,
215141,1B80121OHUM,College of the Redwoods,"College of the Redwoods, POTW",Humboldt,2014-0153-DWQ,CA0006700,180607_JCM_dp_College_of_the_Redwoods_NOA (003).pdf,No,,,,,PRESENT,PRESENT,,,,,,,,,,PRESENT,PRESENT,,,,,,,,,,,,,,,PRESENT,,,,,,,,,,,,,,,,,,,,,,,PRESENT,,,,,,PRESENT,PRESENT,,,,,,,,,,,,,,,,,,,,PRESENT,,,,,,,,,,,,,,,,,PRESENT
223010,1B82151OHUM,Eureka City,Eureka City Elk River WWTP,Humboldt,R1-2023-0016,CA0024449,23_0016_Eureka_WWTP_NPDES_09.21.23.pdf,No,,PRESENT,PRESENT,,,PRESENT,PRESENT,,,,,,,,,,,PRESENT_AND_FUTURE,,,,,,,,,,,,,,,,,,,,,PRESENT_AND_FUTURE,,,,,,,,,,,,,,,,PRESENT,,,,,,PRESENT,PRESENT,,,,,,,,,,,,,,PRESENT,,,,PRESENT,,,,,,,PRESENT_AND_FUTURE,,,,,,,,,,,,
224348,1B83136OHUM,Ferndale City,Ferndale City POTW,Humboldt,R1-2018-0046,CA0022721,18_0046_Ferndale_NPDES.pdf,No,PRESENT,,,,PRESENT,PRESENT,,,PRESENT_AND_FUTURE,,,,,PRESENT_AND_FUTURE,,,,,PRESENT_AND_FUTURE,,PRESENT,,,,,,,,,,,,FUTURE,,,,PRESENT,,,,,,,,,,,,,,,,,,,,,,,,PRESENT,PRESENT,PRESENT_AND_FUTURE,,,,,,,,,PRESENT_AND_FUTURE,,,,,PRESENT,,PRESENT,,,,,,,,,,,,,PRESENT,,,,,,,
226719,1B83120OHUM,Garberville Sanitary District,Garberville POTW,Humboldt,R1-2018-0033,,18_0033_Garberville_WDR.pdf,No,,,,,PRESENT,PRESENT,,,,,,,,,,,,,PRESENT,,,,,,,,,,,,,,,,,,,,,,,,,,,,,,,,,,,,PRESENT,,,,,,PRESENT,,,,,,,,,,,PRESENT,,,,,,,,,,,,,,,,,,PRESENT,,,,,,,,,
237295,1B80081OHUM,Loleta CSD,Loleta WWTF,Humboldt,R1-2020-0002,CA0023671,20_0002_Loleta_CSD_WDR and Recycling NPDES.pdf,No,,,PRESENT,,,PRESENT,,,,,,,,PRESENT,,,,,,,,,,,,,,,,,,,,,,,,,,,,,,,,,,,,,,,,,PRESENT_AND_FUTURE,,,,,,PRESENT,,PRESENT,,,,,,PRESENT,,,,,,,,,,PRESENT,,,,,,,PRESENT,,,,,,PRESENT,,,,,,,
239317,1B80162OHUM,Manila CSD,Manila CSD WWTP,Humboldt,R1-2023-0003,,22_0003_ManilaCSD_WDR_Final_signed.pdf,No,PRESENT,PRESENT,,,,,PRESENT,,,,,,,,,,PRESENT,,PRESENT,,,,PRESENT,,,,,,,,,,,,,,,,,,,,,,,,,,,,,,,,PRESENT,,,,,,,,,,,,,,,,,,,,,,,,,,,,,,,,,,,PRESENT,,,,,,,,,PRESENT
240093,1B82084OHUM,McKinleyville Community Service District,McKinleyville WWTP,Humboldt,R1-2024-0023,CA0024490,2024_0023_mckinleyville_sc_npdes_signed.pdf,No,,,PRESENT,,,PRESENT,,,,,,,,,,PRESENT,PRESENT,PRESENT,,,,,,,,,,,,,,PRESENT,,,,,,,,,,,,,,,,,,,,,,,PRESENT_AND_FUTURE,,,PRESENT,,,PRESENT,PRESENT,,,,,,,,,,,,,,,,,,,,,,,,,,,,,,,,,,,,,
240917,1B80002OHUM,Miranda CSD,Miranda POTW,Humboldt,R1-2019-0002,,19_0002_Miranda_CSD_WDR.pdf,No,,,,,,,,,,,,,,,,,,,,,,,,,,,,,,,,,,,,,,,,,,,,,,,,,,,,,,,,,,,,,PRESENT,,,,,,,,,,,,,,,,,,,,,,,,,,,,,,,,,,,,,,PRESENT
252211,1B83147OHUM,Redway CSD,Redway POTW,Humboldt,R1-2023-0004,CA0022781,23_0004_Redway_CSD_NPDES_01.26.23_EOsigned.pdf,No,,,PRESENT,,PRESENT,FUTURE,,FUTURE,,,,PRESENT,,,,,,,,,,,,,,,,,,,,,,,,,,,,,,,,,,,,,,,,,,,,,,,,,PRESENT_AND_FUTURE,PRESENT,,,,,,,,,,PRESENT,,,,,,FUTURE,,,,PRESENT,,,,PRESENT,,,,,,PRESENT,,,,,,,
252750,1B83134OHUM,Rio Dell City,Rio Dell City WWTF,Humboldt,R1-2023-0022,CA0022748,Order No. 2023-0022 Combined.pdf,No,,PRESENT,PRESENT,,,PRESENT,PRESENT,,,,,,,,,,PRESENT_AND_FUTURE,,,,,,,,,,,,,,,,FUTURE,,,,,,,PRESENT,,,,,,,,,,,,,,,,,,,,,PRESENT_AND_FUTURE,PRESENT,,,,,,,,,,,,,,,PRESENT,PRESENT,PRESENT,,PRESENT,PRESENT,,,,PRESENT,,,,,,,,,,,,,
255165,1B85017RHUM,Samoa Pacific Group LLC,Samoa Pacific WWTP (Samoa Town Site),Humboldt,R1-2020-0005,CA1000001,20_0005_Samoa WWTF_NPDES.pdf,No,,,,,PRESENT,,,PRESENT,PRESENT,,,,,,,,PRESENT,,,,,,,PRESENT,,,,,,,,PRESENT,,,,,,,,,,,,,,,,,,,,,,,,,,,,,,,PRESENT,,,,,,,,,,,,,,,,,,,,,,PRESENT,,,,,,,PRESENT,,,,,,,PRESENT
256749,1B84086OHUM,Humboldt County Resort Improvement District #1,Shelter Cove POTW,Humboldt,R1-2022-0002,CA0023027,22_0002shltrCvNPDES.pdf,No,,,FUTURE,,PRESENT_AND_FUTURE,,,,,,,PRESENT_AND_FUTURE,,PRESENT,,,,,,,,,,,,,,,,,,FUTURE,,,,,PRESENT,,,,,,,,,,,,,,,,,,,,PRESENT,,,,PRESENT_AND_FUTURE,PRESENT_AND_FUTURE,,,,PRESENT,,,PRESENT,,,PRESENT_AND_FUTURE,,,,,,,,,,,PRESENT,,,,,,,,,PRESENT,,,,,,,
272009,1B87042NHUM,Weott CSD,Weott WWTP,Humboldt,R1-2019-0003,,19_0003_Weott_CSD_WWTP_WDR.pdf,No,,,,,,,,,,,,,,,,,,,,,,,,,,,,,,,,,,,,,,,,,,,,,,,,,,,,,,,,,,,,,,,,,,,,,,,,,,,,,,,,,,,,,,,,,,,,,,,,,,,PRESENT
812326,1B14140RHUM,Willow Creek CSD,Willow Creek CSD WWTF,Humboldt,R1-2024-0005,,20240208_WillowCreek_WDR (002)_signed.pdf,No,,,,,,,,,,,,,,,,,PRESENT,,,,,,,,,,,,,,,PRESENT,,,,,,,,,,,,,,,,,,,,,,,,,,,,,,,,,,,,,,,,,,,,,,,,,,,,,,,,,,,,PRESENT,,,,,,,PRESENT
209999,7A330105021,Coachella Valley WD,Bombay Beach STP,Imperial,R7-2013-0024,,2013_0024cvwd_bombay_beach_wdr_mrp.pdf,No,,,,PRESENT,,,,,,,,,,,,,PRESENT,,,,,,PRESENT,,,,,,,,,,,,,,,,,,,,,,,,,,,,,,,,,,,,,,,,,,,,,,,,,PRESENT,,,,,,,,,,,,,,,,,,,,,,,,,,,
210272,7A130100011,Brawley City,Brawley City WWTP,Imperial,R7-2021-0005,CA0104523,R7-2021-0005.pdf,No,,PRESENT,PRESENT,,,PRESENT,PRESENT,,,,,,,PRESENT,,,,,,,,,,,,,,,,,,,,,,,,,,,,,,,,,,,,,,,,,,,,,,,,,PRESENT,,,,,,,,,PRESENT,,,,,,,,PRESENT,,,,,,PRESENT,,,,,,,,,,,,,
213850,7A131337001,Ca Dept of Corrections Imperial,CA Dept of Corrections Centinela WWTP,Imperial,R7-2024-0019,CA7000001,R7-2024-0019.pdf,No,,,,,,PRESENT,,,,,,,,,,,PRESENT,,PRESENT,,,,,,,,,,,,,,,,,,,,,,,,,,,,,,,,,,,,,,,,,,PRESENT,PRESENT,,,,,,,,,,,,,,,,,,,,PRESENT,,,,,,,,,PRESENT,PRESENT,,,,,,,
859673,7A130139001,US Customs & Border Protection,Calexico Border Patrol Station,Imperial,2014-0153-DWQ,,7A130139001_NOA.pdf,No,,,,,,,,,,,,,,,,,,,,,,,PRESENT,,,,,,,,,,,,,,,,PRESENT,,,,,,,,,,,,,,PRESENT,,,,,,,,,,PRESENT,,,,,,,,,,,,,,,,,,,,,,,,,,,,,,,,,,,,PRESENT
212589,7A130101011,Calexico City ,Calexico City WWTP,Imperial,R7-2025-0007,CA7000009,R7-2025-0007.pdf,No,,PRESENT,PRESENT,,,PRESENT,PRESENT,,,PRESENT,,,,PRESENT,,,PRESENT,,PRESENT,,,,,,,,,,,,,,,,,,,,,,,,,,,,,,,,,,,,,,,,,,,,PRESENT,,,,,,,,,,,,,PRESENT,,,,,,PRESENT,,,,PRESENT,,,,,,,,,,,,,
212739,7A130102041,Calipatria City,Calipatria City WWTP,Imperial,R7-2020-0010,CA0105015,R7-2020-0010.pdf,No,PRESENT,,,,PRESENT,PRESENT,,,,,,,,,,,PRESENT,,PRESENT,,,,,,,,,,,,,,,,,,,,,,,,,,,,,,,,,,,,,,,,,,PRESENT_AND_FUTURE,PRESENT_AND_FUTURE,,,,,,,,,,,,,,,,,,,,,,,,,,,,,,,,,,,,,
215925,7A131001011,"Country Life MHRVP Asset Partners, L.P.",Country Life MHPRV Asset Partners LP WWTP,Imperial,R7-2023-0041,CA0104264,R7-2023-0041.pdf,No,,,,,PRESENT,PRESENT,,,,,,,,PRESENT,,,,,,,,,,,,,,,,,,,,,,,,,,,,,,,,,,,,,,,,,,,,,,,,,PRESENT,,,,,,,,,,,,,,,PRESENT,,,,PRESENT,,,,,,,,,,PRESENT,,,,,,,
219146,7A131057011,Date Gardens Asset Partners LP,Date Gardens MHP WWTP,Imperial,R7-2023-0046,CA0104841,Order R7-2023-0046- Date Gardens MHPWWTP_NPDES.pdf,No,,,,,PRESENT,PRESENT,PRESENT,,,,,,,PRESENT,,,PRESENT,,,,,,,,,,,,,,,,,,,,PRESENT,,,,,,,,,,,,,,,,,,,,,,,,,,PRESENT,,,,,,,,,,,,,,,PRESENT,PRESENT,,,PRESENT,,,,,,,,,,PRESENT,,,,,,,
222407,7A130103011,El Centro City,El Centro City WWTP,Imperial,R7-2024-0041,CA0104426,R7-2024-0041.pdf,No,,PRESENT_AND_FUTURE,PRESENT_AND_FUTURE,,,PRESENT,,,,,,,,,,,PRESENT_AND_FUTURE,,,,,,PRESENT,,,,,,,,,,,,,,,,,,,,,,,,,,,,,,,,,,,,,,,,PRESENT,,,,,PRESENT,PRESENT,,,,,,,PRESENT,,,PRESENT,,,PRESENT,,,,PRESENT,,,,,,,,,,,,,
229967,7A130104011,Heber PUD,Heber PUD WWTP,Imperial,R7-2022-0007,CA0104370,R7-2022-0007.pdf,No,PRESENT,,PRESENT,,,PRESENT,PRESENT,,,,,PRESENT,,,,,,,,,,,,,,,,,,,,PRESENT,,,,,,,,,,PRESENT,,,,,,,,,,,,,,,,,,,,,PRESENT,,,,,,,,,PRESENT,,,,,PRESENT,,PRESENT,,,PRESENT,,,,PRESENT,,,,,,PRESENT,,,,,,,
230588,7A130105011,Holtville City,Holtville City WWTP,Imperial,R7-2022-0005,CA0104361,R7-2022-0005.pdf,No,,PRESENT,PRESENT,,,PRESENT_AND_FUTURE,PRESENT,,,,,,,,,,PRESENT,,,,,,,,,,,,,,,,,,,,PRESENT,,PRESENT,,,,,,,,,,,,,,,,,,,,,,,,PRESENT,,,,,,,,,,,,,,PRESENT,,PRESENT,,,PRESENT,,,,PRESENT,,,,,,,,,,,,,PRESENT
232259,7A130135001,Imperial CCD,Imperial CCD WWTP,Imperial,R7-2025-0019,,R7-2025-0019.pdf,No,,,PRESENT,,PRESENT,PRESENT,,,,,,,,PRESENT,,,,,,,,,PRESENT,,,,,,,,,,,,,,,,,,,,,,,,,,,,,,,,,,,,,,PRESENT,,PRESENT,,,,,,,,,,,,,,PRESENT,,,,,,PRESENT,,,,,,,,,,,,,,,,
232297,7A130106011,Imperial City,Imperial City WWTP,Imperial,R7-2021-0002,CA0104400,R7-2021-0002.pdf,No,,,PRESENT,,PRESENT,PRESENT,PRESENT,,,,,PRESENT,,PRESENT,,,PRESENT,,,,,,,,,,,,,,,PRESENT,,,,,,,,,,,,,,,,,,,,PRESENT,,,,,,,,,,,PRESENT,,,,,,,,,PRESENT,,,,,,,PRESENT,,,PRESENT,,,,,,,,,,PRESENT,,,,,,,
815299,7A130136001,McCabe USD,McCabe Municipal WWTP,Imperial,2014-0153-DWQ,,7A130136001_NOA.pdf,No,,,PRESENT,,,,,,PRESENT,,,,,PRESENT,,PRESENT,,,,,,,PRESENT,,,,,,,,,PRESENT,,,,,PRESENT,,,,,,,,,,,,,,,,,,,,,,,,,,PRESENT,,,,,,,,,,,,,,,,,,,PRESENT,,,,,,,,,,,,,,,,,
244348,7A130109011,Niland County Sanitation District,Niland SD WWTP,Imperial,R7-2025-0017,CA0104451,R7-2025-0017.pdf,No,,,,,,PRESENT,,,,,,,,,,,PRESENT,,,,,,FUTURE,PRESENT,,,,,,,,,,,,,,,,,,,,,,,,,,,,,,,,,,,,,PRESENT,PRESENT,,,,FUTURE,,,,,,,,,,,,,,,,PRESENT,,,,,,,,,,PRESENT,,,,,,,
248787,7A131006001,Imperial Cnty Dept Community & Economic Dev,Poe Colonia (Cady Subdivision),Imperial,R7-2023-0015,,R7-2023-0015.pdf,No,,,,,,,,,,,,,,,,,,,,,,,,,,,,,,,,,,,,,PRESENT,,,,,,,,,,,,,,,,,,,,,,,,,,,,,,,,,,,,,PRESENT,,,,,,,,,,,,,,,,,,,,,,,,,PRESENT
219671,7A130110031,Salton Community Services Dist,SCSD Desert Shores WWTP,Imperial,R7-2025-0016,,R7-2025-0016.pdf,No,,,,PRESENT,,,,,,,,,,,,,PRESENT,PRESENT,,,,,PRESENT,,,,,,,,,,,,,,,,,,,,,,,,,,,,,,,,,,,,,,,,,,,,,,,,,,,,,,,,,,,,,,,,,,,,,,,,,,,,
647900,7A130117001,Salton Community Services Dist,SCSD Thomas R. Cannell WWTP,Imperial,R7-2024-0020,,R7-2024-0020.pdf,No,PRESENT,,,,PRESENT,PRESENT,,,,,,,,,,,PRESENT,,,,PRESENT,,PRESENT,,,,,,,,,,,,,,,,,,,,,,,,,,,,,,,,,,,,,,,,,,,,,,,,,,,,,,,,,,,,,,,,,,,,,,,,,,,,
256217,7A130111013,Seeley Cnty WD,Seeley CWD WWTP,Imperial,R7-2023-0003,CA0105023,R7-2023-0003.pdf,No,PRESENT,,,,PRESENT,PRESENT,,,PRESENT,,,,,,,,PRESENT,,PRESENT_AND_FUTURE,,,,,,,,,,,,,,,,,,PRESENT,,,,,,,,,,,,,,,FUTURE,FUTURE,,,,,,,,,,PRESENT_AND_FUTURE,,,,,,,,,PRESENT_AND_FUTURE,,,,,,,,,,PRESENT,,,FUTURE,,,,,,,,,,,,,,FUTURE
269449,7A130703011,US Navy Naval Air Station El Centro,US Navy Naval Air Facility WWTP,Imperial,R7-2021-0045,CA0104906,R7-2021-0045.pdf,No,,,PRESENT,,,PRESENT,,,PRESENT,,,PRESENT,,,,,,,,,,,,,,,,,,,,,,,,,,,,,,,,,,,,,,,,,,,,,,,,,PRESENT,PRESENT,,,,,,,,,,PRESENT,,,,,,,,,,PRESENT,,,,,,,,,,PRESENT,,,,,,,
272291,7A130112012,Westmorland City,Westmorland City WWTP,Imperial,R7-2023-0002,CA0105007,R7-2023-0002.pdf,No,PRESENT,,PRESENT,,,PRESENT,PRESENT,,,,,PRESENT,,,,,,,,,,,,,,,,,,,,,,,,,,,,,,,,,,,,,,,,,,,,,,,,,PRESENT,PRESENT,,,,,,,,,,PRESENT,,,,,,,,,,PRESENT,,,,,,,,,,PRESENT,,,,,,,
902865,6B142509005,USDI National Park Service Death Valley,DVNP Cow Creek RO Plant,Inyo,R6-2026-0010,,R6-2026-0010 Cow Creek Reverse Osmosis Plant.pdf,No,,,,,,,,,,,,,,,,,,,,,,,PRESENT,,,,,,,,,,,,,,,,,,,,,,,,,,,,,,,,,,,,,,,,,,,,,,,,,,,,,,,,,,,,,,,,,,,,,,,,,,,,
273208,5D150100001,Bakersfield City,Bakersfield WWTP #2,Kern,R5-2009-0122,,r5-2009-0122.pdf,No,,PRESENT,PRESENT,,,PRESENT,PRESENT,,,,,,,,,,PRESENT,,PRESENT,,,,,,,,,,,,,,,,,,,,PRESENT,,,,,,,,,,,,,,,,,,,,,,,,,,,,,,,,,,,,,,,PRESENT,,,,PRESENT,,,,,,,,,,PRESENT,,,,,PRESENT,,
273161,5C15NC00279,Bear Valley CSD,Bear Valley CSD WWTF,Kern,R5-2024-0005,,R5-2024-0005_Bear Valley CSDW_WDR.pdf,No,,,PRESENT,PRESENT,,PRESENT,,,,,,PRESENT,,,,,,,,,,,,,,,,,,,,,,,,,PRESENT,,,,,,,,,,,,,,,,,,,,PRESENT,,,,PRESENT,,,,,,,,,,,PRESENT,,,,,,,,,,PRESENT,,,,,,,,,PRESENT,PRESENT,,,,,,,
836454,5C15NC00218,CA Dept of Trans D6 Fresno,Buttonwillow Safety Roadside Rest Area,Kern,2014-0153-DWQ,,Buttonwillow NOA.pdf,No,PRESENT,,,,,,,,,,,,,,,,PRESENT,,PRESENT,,,,,,,,,,,,,,,,,,PRESENT,,,,,,,,,,,,,,,,,,,,,,,,,,,,,,,,,,,,,,,,,,,,,,,,,,,,,,,,,,,,,,PRESENT
273109,5D150102001,Delano City,Delano WWTF,Kern,R5-2017-0052,,R5-2017-0052.pdf,No,,PRESENT,PRESENT,,,PRESENT,PRESENT,,,,,PRESENT,,,,,,,,,,,,,,,,,,,,,,,,,,,PRESENT,,,,,,,,,,,,,,,,,,,,,,,,,,,,,,,,,PRESENT,,,,PRESENT,,,,PRESENT,,PRESENT,,,,PRESENT,,,,,,PRESENT,,,,,,,
273149,5D151006001,McMor Chlorination,I-5 & Highway 58 WWTF,Kern,R5-2007-0152,,r5-2007-0152.pdf,No,PRESENT,,PRESENT,,,PRESENT,,,,,,,,PRESENT,,,,,,,,,PRESENT,,,,,,,,,,,,,,,,,,,,,,,,,,,,,,,,,,,,,,,,,,,,,,,,,,,,,,PRESENT,,,,,,,,,,,,,,,,,,,,,,
252277,5D150303029,Kern County Public Works Department,Kern Cnty CSA 39.8-Reeder Tract,Kern,2014-0153-DWQ,,2014-0153-DWQ-R5303.pdf,No,,,,,PRESENT,,,,PRESENT,,,,,PRESENT,,,,,,,,,,,,,,,,,,,,,,,PRESENT,,,,,,,,,,,,,,,,,,,,,,,,,,,,,,,,,,,,,,,,,,,,,PRESENT,,,,,,,,,,,,,,,,,
256772,5D150106001,Kern County Public Works Department,Kern Cnty Sheriff's Lerdo WWTF,Kern,R5-2018-0014,,r5-2018-0014.pdf,No,PRESENT,,,,PRESENT,PRESENT,,,,,,,,PRESENT,,PRESENT,,PRESENT,,,,,,,,,,,,,,PRESENT_AND_FUTURE,,,,,,,,,,,,,,,,,,,,,,,,,,,,,,,,,,,,,,,,,,,,,PRESENT,,,,,,,,,,,,,,,,,,,,,,
234915,5C15NC00056,Ca Dept of Corrections & Rehabilitation,Kern Valley State Prison WWTF,Kern,R5-2007-0090,,R5-2007-0090.pdf,No,,,PRESENT,,,PRESENT,,,,,,,,PRESENT,,,,,,,,,,,,,,,,,,,,,,,,,,,,,,,,,,,,,,,,,,,,,,,PRESENT,,,,,,,,,,,,,,,,,,,,,PRESENT,,,,,,,,,,PRESENT,,,,,,,
236222,5D151091001,"LIWW, LLC",Lake Isabella WWTF,Kern,2014-0153-DWQ,,Lake Isabella Wastewater Treatment Facility NOA 2-6-2020.pdf,No,,,,,PRESENT,,,,PRESENT,,,,,,,,,,,,,,,,,,,,,,,,,,,,,,PRESENT,,,,,,,,,,,,,,,,,,,,,,,,,,,,,,,,,,,,,,,,,,,,,,,,,,,,,,,,,,,,
273174,5D150108001,Lamont PUD,Lamont WWTF,Kern,R5-2022-0059,,R5-2022-0059_Lamont WWTF_WDR.pdf,No,,,,,,PRESENT,,,,,,,,,,,PRESENT,PRESENT,PRESENT,,,,,,,,,,,,,,,,,,,,,,,,,,,,,,,,,,,,,,,,,,,,,,,,,,,,,,,,,,,,,,,,,,,,,,,,PRESENT,,,,,,,,
236772,5D150801001,CA Dept of Trans D6 Fresno,Lebec SRRA (Tejon Pass),Kern,2014-0153-DWQ,,NOA Tejon Pass Safety Roadside Rest Area Wastewater Treatment Facility.pdf,No,,,,,,,,PRESENT,,,,,,,,,,,,,,,,PRESENT,,,,,,,,,,,,,,,,,,,,,,,,,,,,,,,,,,,,,,,,,,,,,,,,,,,,,,,,,,,,,,,,,,,,,,,,,,,PRESENT
273125,5D150109001,McFarland City,McFarland WWTF,Kern,R5-2008-0072,,r5-2008-0072.pdf,No,,,,,PRESENT,PRESENT,,,,,,,,,,,PRESENT,,PRESENT,,,,,,,,,,,,,,,,,,,,,,,,,,,,,,,,,,,,,,,,,,,,,,,,PRESENT,,,,,,,,,,,,,,,,,,,,,,,,,,,,,,,,
273155,5D151049001,Stonybrook Corporation,National Chavez Center WWTF,Kern,2014-0153-DWQ,,Cesar Chavez National Monument WWTF NOA 3-13-2020.pdf,No,,,,,,,,PRESENT,,,,,,,,,,,,,,,,,,,,,,,,,,,,,,,,,,,,,,,,,,,,,,,,,,,,,,,,,,,,,,,,,,,,,,,,,,,,,,,,,,,,,,,,,,,PRESENT
273143,5C15NC00090,North of River SD #1,North of River WWTF,Kern,R5-2009-0088,,r5-2009-0088.pdf,No,,PRESENT,PRESENT,,,PRESENT,PRESENT,,,,,,,,,,,,,,,,,,,,,,,,,,,,,,,,,,,,,,,,,,,,,,,,,,PRESENT,,,,,,,,,,,PRESENT,PRESENT,,,,,,,,,PRESENT,,,,PRESENT,,,,,,,,,,,,,,,,,
253293,6B150112001,Rosamond CSD,Rosamond WTF (Ponds),Kern,R6V-2019-0251,,R6V-2019-0251_WDR_Rosamond Adopted Full.pdf,No,,,FUTURE,,FUTURE,PRESENT_AND_FUTURE,PRESENT,,,,,,,FUTURE,,,PRESENT_AND_FUTURE,,PRESENT_AND_FUTURE,,,,PRESENT_AND_FUTURE,,,,,,,,,PRESENT_AND_FUTURE,,,,,,,,,,,,,,,,,,,,,,,,,,,,,,,,,,,,,,,,PRESENT_AND_FUTURE,,,,,,,,,,FUTURE,FUTURE,,PRESENT,,,,,,,,,,,,,,
273191,5D150118002,Stallion Springs CSD,Stallion Springs WWTF,Kern,R5-2023-0025,CAC439983,r5-2023-0025-012.pdf,No,,,,,PRESENT,PRESENT,,,,,,PRESENT,,,,PRESENT,,,,,,,,,,,,,,,,,,,,,,,,,,,,,,,,,,,,,,,,,PRESENT,,,,PRESENT_AND_FUTURE,PRESENT_AND_FUTURE,,,,,,,,,,PRESENT,,,,,,,,,,PRESENT,,,,,,,,,PRESENT,PRESENT,,,,,,,
258743,5D152000001,Stoco Mutual Water & Sewer Company,Stoco WWTF,Kern,R5-2007-0153,,r5-2007-0153.pdf,No,PRESENT,,,,,PRESENT,,,,,,,,,,,,,,,PRESENT,PRESENT,PRESENT,,,,,,,,,,,,,,,,,,,,,,,,,,,,,,,,,,,,,,,,,,,,,,,,,,,,,,,,,,,,,,,,,,,,,,,,,,,,
214665,5C15NC00095,Taft City,Taft WWTF,Kern,5-00-080 (N15),,5-00-080.pdf,No,,,,,PRESENT,PRESENT,PRESENT,,,,,,,,,,PRESENT,PRESENT,,,,,,,,,,,,,,,,,,,,,,,,,,,,,,,,,,,,,,,,,,,,,,,,,,,,,,,,,,,,,,,,PRESENT,,,,,,,,,,,,,,,,,
263072,5D150803001,Ca Dept of Corrections & Rehabilitation,Tehachapi Correctional Inst WWTF,Kern,R5-2011-0007,,r5-2011-0007.pdf,No,PRESENT,,PRESENT,,,PRESENT,,,,,,,,PRESENT,,,,,PRESENT,,,,,,,,,,,,,,,,,,PRESENT,,,,,,,,,,,,,,,,,,,,PRESENT,,,,,,,,,PRESENT,,,,,,PRESENT,,,,,,,,PRESENT,,,,,,,,,,,,,PRESENT,,,,,,
740731,5C15NC00128,Tejon Castac Water District,Tejon Industrial Complex East WWTF,Kern,R5-2011-0066,,R5-2011-0066.pdf,No,,,,,,PRESENT,,,,,,,,,,,PRESENT,,,,,,,,,,,,,,,PRESENT,,,,,,,,,,,,,,,,,,,,PRESENT,,,,,,,,,,,PRESENT,,,,,,,,,,,,,,,,,,,,,,,,,,,,,,,,,,,,
273156,5D151014003,Tejon Castac Water District,Tejon Industrial Complex West WWTF,Kern,R5-2008-0004,,r5-2008-0004.pdf,No,,,,,,PRESENT,,,PRESENT,,,,,PRESENT,,,,,,,,,,,,,,,,,,,,,,,PRESENT,,,,,,PRESENT,,,,,,,,,,,,,,,,,,,,,,,PRESENT,,,,,,,,,,,,,,,,,,,,PRESENT,,,,,,,,,,,,,
739154,5C15NC00247,Tejon Castac Water District,Tejon Mountain Village,Kern,R5-2019-0085,,WDRs r5-2019-0085.pdf,No,,,,,,PRESENT,,,PRESENT,,PRESENT,,,,,PRESENT,,,,,,,,,,,,,,,,PRESENT,,,,,PRESENT,,,,,,,,,,,,,,,,,,,,,,,,PRESENT,,PRESENT,,,,,,,,,,,,,,,,,,,,,,,,,,,,,,,,,,,,
215698,5D160801001,Ca Dept of Corrections Corcoran,Corcoran State Prison WWTF,Kings,R5-2016-0027,,r5-2016-0027.pdf,No,,,PRESENT,,,PRESENT,,,,,,PRESENT,,,,,,,,,,,,,,,,,,,,,,,,,,,,,,,,,,,,,,,,,,,,,,,,,,,,,,,,,,,,PRESENT,,,,,,,,,,PRESENT,,,,,,,,,,PRESENT,,,,,,,
273108,5D160102001,Corcoran City,Corcoran WWTF,Kings,R5-2021-0025-01,,R5_2021_0025_01_Corcoran WWTF.pdf,No,,PRESENT,,,,PRESENT,,,,,,,,,,,PRESENT,,,,,,PRESENT,,,,,,,,,,,,,,,,,,,,,,,,,,,,,,,,,,,,,,,,,,,,,,,,,,,,,PRESENT,,,,,,PRESENT,,,,,,,,,,,,,,,,,
273120,5D165009001,Lemoore City,Lemoore WWTF,Kings,R5-2024-0007,,R5-2024-0007_Leprino Foods_WDRs.pdf,No,,,,,PRESENT,,,PRESENT,PRESENT,PRESENT,PRESENT,,,,,PRESENT,,PRESENT,PRESENT,,,,PRESENT,,,,,,,,,PRESENT,,,,,PRESENT,,,,,,,,,,,,,,,,,,,,,,,,PRESENT,,,,,PRESENT,,,,,,,,,,,,,PRESENT,,,,,,,PRESENT,,,,,,,,,,,,,
273135,5D160105001,Stratford PUD,Stratford WWTF,Kings,2014-0153-DWQ,,Stratford WWTF NOA Revised Enrollee No.pdf,No,,,,,,,,PRESENT,,,,,,,,,,,,,,,PRESENT_AND_FUTURE,,,,,,,,,,,,,,PRESENT,,PRESENT,,,,,,,,,,,,,,,,,,,,,,,,,,,,,,,,,,,,,,,,,,,,,,,,,,,,,,,,,,,,
239190,5A171038001,Hoberg's Historical Association,Hoberg's Resort,Lake,R5-2004-0085,,r5-2004-0085.pdf,No,,PRESENT,PRESENT,PRESENT,,PRESENT,,,,,,,,,,,PRESENT,,,,,,PRESENT,,,,,,,,,,,,,,,PRESENT,PRESENT,,,,,,,,,,,,,,,,,,,,,,PRESENT,,,,,,,,,,,,,PRESENT,,,,,,,,,,,,,,,,,,PRESENT,,,,,,,
235208,5A171014002,Russell Hamel Clear Lake Resort  Services LLC Dba Konocti Harbor Resort,Konocti Harbor Resort,Lake,R5-2002-0157,CA0083551,r5-2002-0157.pdf,No,,PRESENT,PRESENT,,,,,,,,,,,,,,PRESENT,,,,,,,PRESENT,,,,,,,,,,,,,,,,,,,,,,,,,,,,,,,,,,,,,,,,,,,,,,,,,,PRESENT,,,,,,,,,,,,,,,,,,,,,,,,,
736188,5A170101001,"Kelseyville Cnty Waterworks, District 3",Lake Cnty SD Kelseyville WWD No. 3 Kelseyville WWTF,Lake,R5-2009-0023,,R5-2009-0023.pdf,No,,,,PRESENT,,PRESENT_AND_FUTURE,,,,,,,,,,,PRESENT_AND_FUTURE,,PRESENT_AND_FUTURE,,,,PRESENT,,,,,,,,,,,,,,,,,,,,,,,,,,,,,,,,,,,,,,PRESENT_AND_FUTURE,,,,,,,,,,,,,,,,,,,,,,,,,,,,,,,,,,,,,,
241869,5A170103001,Lakeport City Municipal Sewer District,Lakeport City WWTP,Lake,R5-2012-0025,,r5-2012-0025.pdf,No,,,,,,PRESENT,,,,,,,,,,,PRESENT,,,,,,,,,,,,,,,,,,,,,,,,,,,,,,,,,,,,,,,,,,,,PRESENT,,,,,,,,,,,,,,,,,,,,,,,,,,,,,,,PRESENT,,,,,,,
213580,6A186000500,Ca Dept of Corrections & Rehabilitation,"CCC @ Susanville, CSP-LC WTF",Lassen,R6T-2008-0024,,R6T-2008-0024 CDC WDR.pdf,No,PRESENT,,,,PRESENT,PRESENT,PRESENT,,,,,,,,,,PRESENT,,PRESENT,,,,,,,,,,,,,,,,,,,,,,,,,,,,,,,,,,,,PRESENT,,,,,,,,,,,,,,,,,PRESENT,,,,PRESENT,,,,,,,,,,,,,,,,,,,,,,,
230784,6A180208004,Herlong PUD,Herlong Public Utility District WWTF,Lassen,R6T-2016-0036,,r6t-2016-0036_herlong.pdf,No,,,PRESENT,,,PRESENT,,,,,,PRESENT,,,,PRESENT,,,,,,,,,,,,,,,,PRESENT,,,,,,,,,,,,,,,,,,,,,,,,,,,,,,,,,,PRESENT,,,,,,PRESENT,,,,,PRESENT,,,,,PRESENT,,,,,,,,,,,,,,,,,
638757,6A180506011,Spalding Community Service District,Spalding Tract Sewer System,Lassen,R6T-2006-0020,,R6T-2006-0020 Spalding WDR.pdf,No,,,,,,,,,,,,,,,,,,,,,,,PRESENT,,,,,,,,,,,,,,,,,,,,,,,,,,,,,,,,PRESENT,,,,,,,,,,,,,,,,,,,,,,,,,,,,,,,,,,,,,PRESENT,,,,,,,
272344,5A180102001,Westwood CSD,Westwood STP,Lassen,R5-2019-0061,,R5-2019-0061.pdf,No,PRESENT,,,PRESENT,,PRESENT,,,,,,,,,,,PRESENT,,,,,,PRESENT,,,,,,,,,,,,,,,,,,,,,,,,,,,,,,,,,,,,,,,,,,,,,,PRESENT,,,,,,,,,,,,,PRESENT,,,,,,,,,,,,,,,,,PRESENT
234156,4B190107013,Joint Outfall System,A.K. Warren Water Resource Facility,Los Angeles,R4-2023-0181,CA0053813,Adopted JWPCP PERMIT NPDES CI-1758 05252023.pdf,No,,PRESENT,PRESENT,,PRESENT,PRESENT,PRESENT,,,PRESENT,,,PRESENT,,,,,,,,,,,,,,,,,,,,,,,,,,,,,,,,,,,,PRESENT,,,,,,,,,PRESENT,,,PRESENT,,,,,,,,PRESENT,,,,PRESENT,,,PRESENT,,,,PRESENT,,PRESENT,,,,PRESENT,,,,,PRESENT,PRESENT,,,,,,PRESENT,
208276,4B190100001,Avalon City,Avalon WWTF,Los Angeles,R4-2024-0253,CA0054372,Adopted Avalon NPDES Permit_CI 0066 05232024_ADAchecked_signed.pdf,No,,,,,PRESENT_AND_FUTURE,PRESENT,PRESENT,,,,,,,,,,PRESENT,,,,,,,,,,,,,,,,,,,,,,PRESENT,,,,,,,,,,,,,,,,,,,,,,PRESENT_AND_FUTURE,FUTURE,,,,,,,,,,,,,,,,PRESENT,,PRESENT,,PRESENT,,,,PRESENT,,,,,,PRESENT,,,,,,,
212135,4B190101001,Burbank City DPW,Burbank WRP,Los Angeles,R4-2023-0358,CA0055531,4424_R4-2023-0358_WDR_PKG.pdf,No,PRESENT,PRESENT,PRESENT,PRESENT,,PRESENT,,,PRESENT,,,,,,,PRESENT,,,,,,,PRESENT,,,,,PRESENT,,,,PRESENT,,,,,PRESENT,,,,,,,,,,,,,,,,,,,,PRESENT,,,,PRESENT,PRESENT,,,,,PRESENT,,,,,,,PRESENT,,,,,,,PRESENT,,,,,,,,,,,PRESENT,,,,,,,
267571,4B190106004,Los Angeles City Bureau of Sanitation,Donald C. Tillman WWRP,Los Angeles,R4-2022-0341,CA0056227,Adopted DCTWRP NPDES CI-5695_01242023.pdf,No,,PRESENT_AND_FUTURE,PRESENT,PRESENT,,PRESENT_AND_FUTURE,PRESENT,FUTURE,PRESENT_AND_FUTURE,,,,,,,PRESENT,,,,,,,,,,,,PRESENT,,,,PRESENT,,,,,PRESENT,,,,,,,,PRESENT,,,,FUTURE,,FUTURE,,,,,,PRESENT,,,FUTURE,PRESENT_AND_FUTURE,PRESENT,,PRESENT_AND_FUTURE,,,PRESENT,,PRESENT,,,FUTURE,,,,,,PRESENT,,,,,,,,,,,,PRESENT_AND_FUTURE,,,,,,,,,
273663,4B190137001,West Basin MWD,Edward C. Little Water Recycling Plant (Recycled Water Irrigation),Los Angeles,R4-2023-0368,CA0063401,Adopted ECLWRF NPDES CI-7449 111623.pdf,No,,,,,PRESENT,,,,,,,,,,,,,,,,,,,,,,,,,,,,,,,,PRESENT,,,,,,,,,,,,PRESENT_AND_FUTURE,,PRESENT_AND_FUTURE,,FUTURE,,,,PRESENT,PRESENT,,,PRESENT,,,PRESENT,,,,,,PRESENT,,PRESENT,PRESENT,,,,,,,,,,,,,,,,PRESENT,,PRESENT,PRESENT,,,,,,,
268043,4B190107100,"BMIF/BSLF II Rancho Malibu Ltd.c/o Vintage Rancho Malibu, LLC",Encinal Canyon Water Recycling Plant on Tract 46277,Los Angeles,R4-2013-0019,,7020_R4-2013-0019_WDR_PKG.pdf,No,,,,,,,,,PRESENT,,,,,,,,PRESENT,,,,,,,,,,,,,,,PRESENT,,,,,,,,,,,,,,,,,,,,,PRESENT,,,,,,,,PRESENT,,,,,,,,,,,,,,,,,,,,,,,,,,,,,,,,,,,,,,
888692,4B190106006,Los Angeles City Bureau of Sanitation,Hyperion Advanced Water Purification Facility,Los Angeles,R4-2023-0357,,10735_R4-2023-0357_WDR.pdf,No,,PRESENT,,,,PRESENT,PRESENT,,PRESENT,,,,,,,PRESENT,,,,,,,,,,,,,,,,PRESENT,,,,,,,,,,,,,,,,,PRESENT,PRESENT,,PRESENT,,,,,PRESENT,PRESENT,,,PRESENT,,PRESENT,,,,,,,,,PRESENT,PRESENT,,,,,,,,,,,,,,,,,,,,,,,,,,
232063,4B190106002,Los Angeles City Bureau of Sanitation,Hyperion WWTP,Los Angeles,R4-2023-0033,CA0109991,Hyperion NPDES CA0109991 CI-1492_FINAL+SIGNED.pdf,No,,PRESENT,PRESENT,,,PRESENT_AND_FUTURE,PRESENT,,,,,,,,,,PRESENT,,,,,,,,,,,,,,,,,,,,,,,,,,,,,,,,PRESENT_AND_FUTURE,,,PRESENT_AND_FUTURE,,,,,PRESENT,PRESENT,,,,,FUTURE,,,FUTURE,,PRESENT,PRESENT,,,PRESENT_AND_FUTURE,,,,PRESENT,,,,PRESENT,,,,,,PRESENT,,,,,PRESENT,PRESENT,,,,,,,
217061,4B190137004,West Basin MWD,Juanita Millender-McDonald Carson Regional Water Recycling Plant,Los Angeles,R4-2024-0146,CA0064246,Adopted JMMCRWRP CI-7972 03012024.pdf,No,,PRESENT,PRESENT,,,,,,,,,,,,,PRESENT_AND_FUTURE,PRESENT,,,,,,,,,,,,,,,,,,,,,,,,,,,,,,,,PRESENT_AND_FUTURE,,PRESENT_AND_FUTURE,FUTURE,FUTURE,,,,PRESENT,,,,PRESENT,,,,,,PRESENT,PRESENT,PRESENT,,,,,,,,,,,,,,,,,PRESENT,,,,,,,,,,PRESENT,,,
236378,6B190107017,Los Angeles Cnty Sanitation District 14,Lancaster Water Reclamation Plant,Los Angeles,R6V-2022-0023,,r6v-2022-0023-lacsd-rev-wdr.pdf,No,PRESENT,PRESENT,PRESENT,,PRESENT,PRESENT,PRESENT,PRESENT,,PRESENT,,,,,,PRESENT,PRESENT,,PRESENT,,,,,,,,,,,,,PRESENT,,,,,,,,,,,,,,,,,,,,PRESENT,,,,,PRESENT,PRESENT,,,PRESENT,PRESENT,PRESENT,,,,,,,,,PRESENT,,,,PRESENT,,,,,,PRESENT,,,,,,,,,PRESENT,,,,,,,,PRESENT
238562,4B190107014,Joint Outfall System,Long Beach WRP,Los Angeles,R4-2022-0032,CA0054119,5662_R4-2022-0032_WDR_PKG.pdf,No,,PRESENT,PRESENT,,,,,,,,,,,,,PRESENT,,,,,,,,,,,,,,,,PRESENT,,,,,PRESENT,,,,,,,,,,,,,,,,,,,,PRESENT,,,,PRESENT,PRESENT,,,,,,,,,,,,,,,,,,,,,,,,,,,,,,,,,,,,,
235738,4B190106001,Los Angeles City Bureau of Sanitation,Los Angeles-Glendale WWRP,Los Angeles,R4-2022-0343,CA0053953,Final LAG NPDES permit_CI 5675 Final_Signed.pdf,No,,PRESENT,PRESENT,PRESENT,,PRESENT,PRESENT,,FUTURE,,,,,,,PRESENT,,,,,,,,,,,,PRESENT,,,,PRESENT,,,,,PRESENT,,FUTURE,,,,,,PRESENT,,,,FUTURE,,FUTURE,,,,,,PRESENT,,,FUTURE,PRESENT,PRESENT_AND_FUTURE,,FUTURE,,,PRESENT,,PRESENT,,,FUTURE,,,,,,,,,,,,,,,,,,,,,,,,,,,
238646,4B190107015,Joint Outfall System,Los Coyotes WRP,Los Angeles,R4-2021-0142,CA0054011,5059_R4-2021-0142_WDR_PKG (signed).pdf,No,,PRESENT,PRESENT,,,,,,,,,,,,,PRESENT,,,,,,,,,,,,,,,,PRESENT,,,,,PRESENT,,,,,,,,,,,,,,,,,,,,,,,,PRESENT_AND_FUTURE,PRESENT_AND_FUTURE,,,,FUTURE,,,,,,,,FUTURE,,,,,,,,,,,,,,,,,,,,,,,,,
766648,4B190190002,Malibu City,Malibu Civic Center WWTF,Los Angeles,R4-2015-0051,,10042_R4-2015-0051_WDR_PKG.pdf,No,,,,,,PRESENT,PRESENT,,PRESENT,,,,,,,PRESENT,,,,,,,,,,,,,,,,PRESENT,,,,,,,,,,,,,,,,,,,,PRESENT,,,,,,,,,PRESENT,,PRESENT,,,,,,,,,PRESENT,,,,,,,,,,,,,,,,,,,,,,,,,,,
242162,4B190107048,Los Angeles Cnty DPW,Malibu Mesa WRP,Los Angeles,R4-2021-0062,CA0059099,6599_R4-2021-0062_WDR.pdf,No,PRESENT,,PRESENT,,,PRESENT,,,,,,,,,,,PRESENT,,,,,,,,,,,,,,,,,,,,PRESENT,,,,,,,,,,,,,,,PRESENT_AND_FUTURE,,,,,PRESENT,PRESENT,,,,,PRESENT,,,PRESENT,,,,,,,,,,,PRESENT,,,PRESENT,,,,,,PRESENT,,,,,,,,,,,,,
658148,4A190118001,Newhall Ranch SD,Newhall Ranch WRP,Los Angeles,R4-2024-0390,CA0064556,9322_R4-2024-0390_WDR_PKG.pdf.pdf,No,PRESENT_AND_FUTURE,PRESENT,PRESENT_AND_FUTURE,,FUTURE,PRESENT_AND_FUTURE,PRESENT_AND_FUTURE,,PRESENT,,,,,,PRESENT_AND_FUTURE,PRESENT_AND_FUTURE,PRESENT,,,,,,,,,,,,,,,PRESENT_AND_FUTURE,,,,,PRESENT_AND_FUTURE,,,,,,,,,,,,PRESENT_AND_FUTURE,PRESENT_AND_FUTURE,,PRESENT_AND_FUTURE,,,,,PRESENT,,,,PRESENT,,PRESENT,,,PRESENT,PRESENT,PRESENT,PRESENT,,,,,,,,,,,,,,,,,PRESENT,,,,,,PRESENT_AND_FUTURE,,,,PRESENT,,,
247448,6B190107069,Los Angeles Cnty Sanitation District 20,Palmdale Water Reclamation Plant,Los Angeles,R6V-2011-0012,,R6V-2011-0012 LACSD Palmdale No. 20 WDR and MRP.Final.pdf,No,,PRESENT,,,,,,PRESENT,,PRESENT,,,,,,,PRESENT,,PRESENT,,,,,,,,,,,,,,,,,,,,,,,,,,,,,,,,,,,,,,,,,,PRESENT,,,,,,,,,,,PRESENT,,,,PRESENT,,,PRESENT,,,PRESENT,,,,PRESENT,,,,PRESENT,,,,,,,,,
249771,4A191030001,Paradise Ranch LLC,Paradise Ranch WWTP,Los Angeles,R4-2011-0177,,5671_R4-2011-0177_WDR_PKG.pdf,No,,,PRESENT,,,,,,,,,,,PRESENT,,,,,,,,,,,,,,,,,,,,,,,,,,,,,,,,,,,PRESENT,,,,,,,,,,,,PRESENT,,,,,,,,,,,PRESENT,,,,,,,,,,,,,,,,,,,,,,,,,,,
250700,4B190107019,Joint Outfall System,Pomona Water Reclamation Plant,Los Angeles,R4-2021-0097,CA0053619,0755_R4-2021-0097_WDR_PKG.pdf,No,,PRESENT,PRESENT,,,,,,PRESENT,,,,,,,PRESENT_AND_FUTURE,,,,,,,,,,,,PRESENT,,,,PRESENT,PRESENT,,,,,,,,,,,,,,,,,,,,,,,,,,,,PRESENT,PRESENT,,,,,PRESENT,,PRESENT,,,,,,,,,,,,,,,,,,,,,PRESENT,,,,,,,,,
260064,4B190703003,US Navy Naval Facilities Engineering Command Southwest,San Clemente Island WWTP,Los Angeles,R4-2024-0182,CA0110175,6432 R4-2024-0182 WDR PKG.pdf,No,PRESENT,,,,PRESENT,PRESENT,,,PRESENT,,,,,PRESENT,,,,,,,,,,,,,,,,,,PRESENT,,,,,,,,,,,,,,,,,,,,PRESENT,PRESENT,,,,,,,,PRESENT,PRESENT,,,,,,,,,,,,,,,,,,,,PRESENT,,,,,,,,,,PRESENT,,,,,,,PRESENT
260156,4B190107020,Joint Outfall System,San Jose Creek Water Reclamation Plant,Los Angeles,R4-2021-0131,CA0053911,5542_R4-2021-0131_WDR_PKG.pdf,No,,PRESENT,PRESENT,PRESENT,,PRESENT,,,,,,,,,,PRESENT,,,,,,,,,,,,,,,,PRESENT,,,,,PRESENT,,,,,,,,,,,,,,,,,,,,PRESENT,,,,PRESENT,PRESENT,PRESENT,,,,PRESENT,,PRESENT,,,PRESENT,,,,,,,,,,,,,,,,,,PRESENT,,,,,,,,,
260494,4A190107021,Santa Clarita Valley SD of Los Angeles Cnty,Saugus Water Reclamation Plant,Los Angeles,R4-2022-0175,CA0054313,2960_R4-2022-0175_WDR_PKG.pdf,No,,PRESENT,PRESENT,,,PRESENT,PRESENT,,PRESENT,PRESENT,,,,,,PRESENT_AND_FUTURE,,,,,,,,,,,,,,,,PRESENT_AND_FUTURE,,,,,PRESENT,,,,,,,,,,,,FUTURE,,FUTURE,,FUTURE,,,,,,,,PRESENT,PRESENT,PRESENT_AND_FUTURE,,,FUTURE,,,,,,,,,,,,,,,,,,,,PRESENT,,,,,PRESENT,PRESENT,,,,,,,
267130,4B190106005,Los Angeles City Bureau of Sanitation,Terminal Island Water Reclamation Plant,Los Angeles,R4-2021-0095,CA0053856,TIWRP Adopted Permit 06102021_signed.pdf,No,,PRESENT,PRESENT,PRESENT,,PRESENT,PRESENT,,PRESENT,,,,,,,,PRESENT_AND_FUTURE,,,,,,,,,,,,,,,,,,,,,,,,,,,,,,,,PRESENT,,PRESENT,,,,,,PRESENT,,,,PRESENT,,,,,PRESENT,PRESENT,PRESENT,PRESENT,,,FUTURE,,,,FUTURE,,FUTURE,,,,,,,,PRESENT_AND_FUTURE,,,,PRESENT,PRESENT,,,,,PRESENT,,,
268548,4B190107004,Los Angeles Cnty DPW Sewer Maintenance Div,Trancas WPCP,Los Angeles,R4-2023-0294,,3017_R4-2023-0294.pdf,No,,,PRESENT,,,PRESENT,,,,,,,,PRESENT,,,PRESENT,,,,,,,PRESENT,,,,,,,,PRESENT,,,,,PRESENT,,,PRESENT,,,,,,,,,,,,,,,,,,,,,PRESENT,PRESENT,,PRESENT,,,PRESENT,,,,,,,,,,PRESENT,,,,,,,,,,,,,,,,,,,,,,
268842,4B191002001,Santa Catalina Island Company,"Two Harbors STP, Catalina Island",Los Angeles,R4-2013-0137,,4840_R4-2013-0137_WDR_PKG.pdf,No,PRESENT,,PRESENT,,,,,,,,,,,PRESENT,,,,,,,,,,,,,,,,,,,,,,,,,,,,,,,,,,,,,,,,,,,,,,,PRESENT,,,,,,,,,,,,,,,,PRESENT,,,,,PRESENT,,,,,,,,,,PRESENT,,,,,,,
270849,4A190107023,Santa Clarita Valley SD of Los Angeles Cnty,Valencia WRP,Los Angeles,R4-2022-0174,CA0054216,4993_R4-2022-0174_WDR_PKG.pdf,No,,PRESENT,PRESENT,,,PRESENT,,,PRESENT,PRESENT,,,,,,PRESENT_AND_FUTURE,,,,,,,,,,,,,,,,PRESENT,,,,,PRESENT,,,,,,,,,,,,PRESENT_AND_FUTURE,,PRESENT_AND_FUTURE,,FUTURE,,,,,,,,PRESENT,PRESENT,PRESENT_AND_FUTURE,,,FUTURE,,,,,,,,,,,,,,,,,,,,PRESENT,,,,,PRESENT,PRESENT,,,,,,,
805193,4A190117002,City of Santa Clarita ,Vista Canyon Water Factory,Los Angeles,R4-2020-0049,,10041_R4-2020-0049_WDR.pdf,No,,,,,PRESENT,PRESENT,,,,,,,,,,PRESENT,,,,,,,,,,,,,,,,PRESENT,,,,,PRESENT,,,,,,,,,,,,,,,,,,,,PRESENT,PRESENT,,,PRESENT,,,,,,,,,,,,,,,,,,,,,,,,,,,,,,,,,,,,,,
235826,4B190107016,Joint Outfall System,Whittier Narrows Water Reclamation Plant,Los Angeles,R4-2021-0096,CA0053716,2848_R4-2021-0096_WDR_PKG.pdf,No,,PRESENT,PRESENT,,,,,,,,,,,,,PRESENT,,,,,,,,,,,,,,,,PRESENT,,,,,PRESENT,,,,,,,,,,,,,,,,,,,,,,,,PRESENT_AND_FUTURE,PRESENT,PRESENT_AND_FUTURE,,,FUTURE,,,,,,,,,,,,,,,,,,,,,,,,,,,,,,,,,
212973,5C201008001,Sugar Pine Christian Camps,Camp Sugar Pine,Madera,2014-0153-DWQ,,NOA Camp Sugar Pine 2014-0153-DWQ-R5340.pdf,No,,,,,,,,,,,,,,,,,PRESENT,,PRESENT,,,,PRESENT,,,,,,,,,,,,,,,,,,,,,,,,,,,,,,,,,,,,,,,,,,,,,,,,,,,,,,,,,,,,,,,,,,,,,,,,,,,,PRESENT
220279,5C201011001,Protestant Episcopal Bishop of San Joaquin,"Diocese of San Joaquin, Episcopal Conference Center Oakhurst (ECCO)",Madera,2014-0153-DWQ,,2014-0153-dwq-r5282.pdf,No,,,,,,,,,,,,,,,,,PRESENT,,,,,,,,,,,,,,,,,,,,,,,,,,,,,,,,,,,,,,,,,,,,,,,,,,,,,,,,,,,,,,,,,,,,,,,,,,,PRESENT,,,,,,,PRESENT
273147,5C201026001,Madera County Service Area # 22C Zone of Benefit C,Gunner Ranch Water Reclamation Plant,Madera,R5-2019-0084,,Gunner Ranch r5-2019-0084_wdrs.pdf,No,,,,,,PRESENT,,,PRESENT,,,,,,,PRESENT,,,,,,,,,,,,,,,,PRESENT,,,,,,,,,,,,,,,,,,,,PRESENT,,,,,,,,,,,PRESENT,,,,,,PRESENT,,,,,,,,,,,,,,,,PRESENT,,,,,,,PRESENT,,,,,,,
230092,5C200701001,US Army Corps of Engineers Raymond,Hensley Lake,Madera,2014-0153-DWQ,,Hensley Lake_2014_0153-dwq_r5358.pdf,No,,,,,,,,,,,,,,,,,,,,,,,PRESENT,,,,,,,,,,,,,,,,,,,,,,,,,,,,,,,,,,,,,,,,,,,,,,,,,,,,,,,,,,,,,,,,,,,,,,,,,,,,PRESENT
214483,5C200103001,Madera County Public Works Department - Special Districts,Madera Cnty #14-Chukchansi WWTF,Madera,2014-0153-DWQ,,NOA 2014-0153-dwq-r5326.pdf,No,,,,,,,,,,,,,,,,,,,,,,,,PRESENT,,,,,,,,,,,,,,,,,,,,,,,,,,,,,,,,,,,,,,,,,,,,,,,,,,,,,,,,,,,,,,,,,,,,,,,,,,,
201067,5B20NC00127,Madera County Public Works Department - Special Districts,Madera Cnty #19-Parkwood WWTF,Madera,2014-0153-DWQ,,Parkwood OWTS_NOA_2014-0153-DWQ-R5412.pdf,No,,,,,PRESENT,PRESENT,,,,,,,,,,,PRESENT,,,,,,PRESENT,,,,,,,,,,,,,,,,,,,,,,,,,,,,,,,,,,,,,,,,,,,,,,,,,,,,,,,,,,,PRESENT,,,,,,,,,,PRESENT,,,,,,,
201070,5C200102007,Madera County Public Works Department - Special Districts,Madera Cnty #24 Teaford Meadow Lakes WWTF,Madera,2014-0153-DWQ,,2014-0153-DWQ-R5401 Teaford Meadow Lakes WWTF NOA.pdf,No,,,,,PRESENT,PRESENT,,,,,,,,PRESENT,,,,,,,,,,,,,,,,,,,,,,,,,,,,,,,,,,,,,,,,,,,,,,,PRESENT,,,,,,,,,,,,,,,,,,,,,,,,PRESENT,,,,,,,PRESENT,,,,,,,
201072,5C201005001,Madera County Public Works Department - Special Districts,Madera Cnty #28 Ripperdan WWTF,Madera,2014-0153-DWQ,,NOA_RipperdanWWTF.pdf,No,,,PRESENT,,,,,,,,,,,PRESENT,,,,,,,,,,,,,,,,,,,,,,,,,,,,,,,,,,,,,,,,,,,,,,,,,,,,,,,,,,,,,,,,,,,,,,,,,,,,,,,,,,,,,
201077,5C200102010,Madera County Public Works Department - Special Districts,Madera Cnty #37-La Vina WWTF,Madera,2014-0153-DWQ-R5348,,2014-0153-dwq_r5348.pdf,No,,,,,,,,,,,,,,,,,,,,,,,,PRESENT,,,,,,,,,,,,,,,,,,,,,,,,,,,,,,,,,,,,,,,,,,,,,,,,,,,,,,,,,,,,,,,,,,,,,PRESENT,,,,,,PRESENT
201087,5C200102009,Madera County Public Works Department - Special Districts,Madera Cnty #7-Marina View Heights WWTF,Madera,2014-0153-DWQ,,NOA 2014-0153-DWQ-R5398_Marina View Heights WWT F.pdf,No,,,PRESENT,,,PRESENT,,,,,,,,PRESENT,,,,,,,,,,,,,,,,,,,,,,,,,,,,,,,,,,,,,,,,,,,,,,,PRESENT,,,,,,,,,,,,,,,,,,,,,,,,,,,,,,,,,,,,,,
273123,5C200101001,Madera City,Madera WWTF,Madera,R5-2022-0074,,R5-2022-0074_Madera WWTF_WDR.pdf,No,,PRESENT,PRESENT,,,PRESENT,,,,,,PRESENT,,,,PRESENT,,,,,,,PRESENT,,,,,,,,,PRESENT,,,,,,,,,,,,,,,,,,,,,,,,,,,,,,,,,,,,,,,,PRESENT,,,,PRESENT,,,,PRESENT,,,,,,,,,,,PRESENT,,,,,,,,
817457,5B20NC00105,Tesoro Viejo Master Mutual Water Company,Tesoro Viejo WWTP,Madera,R5-2016-0057,,R5_2016_0057.pdf,No,,,,,,PRESENT,,,PRESENT,,,,,,,,PRESENT,,,,,,,,,,,,,,,PRESENT,,,,,,,,,,,,,,,,,,,,PRESENT,,,,,,,,,,,PRESENT,,,,,,,,,,,,,,,,,,,,,,,,,,,,,,,,,,,,
244531,5B20NC00059,"Richard Loughead, Jr",The Preserve at Millerton Lake,Madera,2014-0153-DWQ,,2014-0153-dwq-r5318Aug27.pdf,No,,,,,,PRESENT,,,PRESENT,,,,,,,,PRESENT,,,,,,,,,,,,,,,PRESENT,,,,,,,,,,,,,,,,,,PRESENT,,PRESENT,,,,,,,,,PRESENT,,PRESENT,,,,,,,,,,,PRESENT,,,,,,,,,,,,PRESENT,,,,,,,,,,,,,
213889,2 215116001,Central Marin Sanitation Agency,Central Marin San. Agcy. WWTP,Marin,R2-2023-0006,CA0038628,Final Order Central Marin Sanitation Agency.pdf,No,,PRESENT,PRESENT_AND_FUTURE,,PRESENT,PRESENT,PRESENT,,,PRESENT,,,,,,,PRESENT,,,,,,,,,,,,,,,,,,,,,,PRESENT,,,,,,,,,,,,,,,,,,,,,,PRESENT,PRESENT,,,,,,PRESENT,PRESENT,,,,,,,PRESENT_AND_FUTURE,,,PRESENT,PRESENT_AND_FUTURE,,,,,,PRESENT,,,,,PRESENT,PRESENT,,,,,FUTURE,,
236598,2 215012001,Las Gallinas Valley Sanitary District,Las Gallinas WWTP,Marin,R2-2020-0022,CA0037851,R2-2020-0022.pdf,No,,PRESENT,PRESENT_AND_FUTURE,,PRESENT,PRESENT,PRESENT_AND_FUTURE,,PRESENT_AND_FUTURE,,,,,,,PRESENT_AND_FUTURE,,,,,,,,PRESENT,,,,,,,,PRESENT_AND_FUTURE,,,,,PRESENT_AND_FUTURE,,PRESENT_AND_FUTURE,,,,,,,,,,,PRESENT,,,,,,,,,,,PRESENT_AND_FUTURE,PRESENT_AND_FUTURE,PRESENT,,,,,,,,,,,,,PRESENT,,,,,,,,,,PRESENT_AND_FUTURE,,,,,,PRESENT,,,,,,,
239497,2 215021001,Marin Cnty Sanitary District 5,Marin CSD 5 - Tiburon WWTP,Marin,R2-2023-0018,CA0037753,R2-2023-0018.pdf,No,PRESENT,PRESENT,PRESENT,,PRESENT,PRESENT,,,,,,,,,,,PRESENT,,,,,,,,,,,,,,,,,,,,,,,,,,,,,,,,,,,,,,,,,,,,PRESENT,PRESENT,,,,,,,,,,,,,,PRESENT,,,PRESENT,,,,,,,PRESENT,,,,,PRESENT,PRESENT,,,,,,,
239498,2 215021002,Marin Cnty Sanitary District 5,Marin CSD 5 Paradise Cove WWTP,Marin,R2-2021-0017,CA0037427,Paradise Cove - R2-2021-0017.pdf,No,PRESENT,PRESENT,PRESENT,,PRESENT,PRESENT,,,PRESENT,,,,,PRESENT,,,,,,,,,,,,,,,,,,,,,,,,,,,,,,,,,,,,,,,,,,,,,,,PRESENT,PRESENT,PRESENT,,,,,,,,,,,,,,,,,,,,,,,,,,,,,,,,,,,,
244705,2 215022001,Novato Sanitary District,Novato and Ignacio WWTP,Marin,R2-2026-0002,CA0037958,R2-2026-0002.pdf,No,,PRESENT_AND_FUTURE,PRESENT_AND_FUTURE,,,PRESENT_AND_FUTURE,PRESENT,,PRESENT,,,,,,,PRESENT,PRESENT,,,,,,,PRESENT,,,,,,,,PRESENT,,,,,,,,,,,,,,,,,,,,,,,FUTURE,,,,,,PRESENT,PRESENT,PRESENT_AND_FUTURE,,,,,,,,,,,,,PRESENT_AND_FUTURE,,,,,,,,,,PRESENT_AND_FUTURE,PRESENT,,,,,,,,,,FUTURE,,
255802,2 215023001,Sausalito-Marin City San District,Sausalito Marin City STP,Marin,R2-2023-0022,CA0038067,NPDES Order R2-2023-0022.pdf,No,,PRESENT_AND_FUTURE,PRESENT,PRESENT,FUTURE,PRESENT_AND_FUTURE,PRESENT_AND_FUTURE,FUTURE,PRESENT_AND_FUTURE,,,,,,,,,,,,,,,,,,,,,,,,,,,,PRESENT_AND_FUTURE,,,,,,PRESENT_AND_FUTURE,,,,,,,,,,,,,,,,,,PRESENT,PRESENT,,,,,,PRESENT,,,,,,,,,,PRESENT,PRESENT,,,,,,,,,,,,,,,,,,,,
255788,2 215015001,Sewerage Agency of Southern Marin,Sewerage Agency of Southern Marin (SASM) WWTP,Marin,R2-2023-0021,CA0037711,R2-2023-0021.pdf,No,,PRESENT,PRESENT_AND_FUTURE,,,PRESENT_AND_FUTURE,PRESENT,,PRESENT,,,,,,,,,,,,,,,,,,,,,,,,,,,,PRESENT,,PRESENT_AND_FUTURE,,,,,,,,,,,,,,,,,,PRESENT,,,,PRESENT_AND_FUTURE,PRESENT,,,,,,,,,,,,PRESENT,,,,PRESENT_AND_FUTURE,PRESENT,,,,,,,PRESENT,,,,,PRESENT,PRESENT,,,,,,,PRESENT
209726,5C221004001,"Baer, William",Black Oak General Store,Mariposa,97-010-DWQ,,noa_100610_sjp.pdf,No,,,,,,,,,,,,,,,,,,,,,,,PRESENT,,,,,,,,,,,,,,,,,,,,,,,,,,,,,,,,,,,,,,,,,,,,,,,,,,,,,,,,,,,,,,,,,,,,,,,,,,,,
215910,5C220101001,Mariposa Cnty DPW,Coulterville WWTF,Mariposa,2014-0153-DWQ,,NOA 2014-0153-DWQ-R5388_Coulterville WWTF.pdf,No,PRESENT,,,,PRESENT,PRESENT,,,,,,,,,,,PRESENT,,,,,,,,,,,,,,,,,,,,,,,,,,,,,,,,,,,,PRESENT,,,,,,,,,,,,,,,,,,,,,,,,,,,,,,,,,,,,,,,,,,,,,,
219701,5B390100001,Ca Dept of Corrections & Rehabilitation,Deuel Vocational Institution,Mariposa,R5-2022-0006-03,CAG995002,r5-2022-0006-036.pdf,No,PRESENT,,PRESENT,,PRESENT,PRESENT_AND_FUTURE,PRESENT_AND_FUTURE,,PRESENT,,,PRESENT,,PRESENT,,PRESENT_AND_FUTURE,PRESENT,PRESENT,PRESENT,,,,,,,,,,,,,PRESENT_AND_FUTURE,,,,,PRESENT,,,,,,,,,,,,PRESENT,,,PRESENT_AND_FUTURE,FUTURE,,,,PRESENT,PRESENT,,,PRESENT,PRESENT,PRESENT_AND_FUTURE,,,FUTURE,,,,,,PRESENT,FUTURE,,,,PRESENT,,PRESENT,,,PRESENT,,,,,,,,,,,,,,,,,
220495,5C221003001,Mariposa Cnty DPW,Don Pedro Sewer Zone 1,Mariposa,R5-2013-0062,,R5-2013-0062.pdf,No,,,,,PRESENT,PRESENT,,,,,,,,PRESENT,,,,,,,,,,,,,,,,,,,,,,,,,,,,,,,,,,,,,,,,,,,,,,,PRESENT,,,,,,,,,,,,,,,,,,,,,PRESENT,,,,,,,,,,,,,,,,,
222491,5C220701002,USDI National Park Service Yosemite National Park,El Portal WWTF,Mariposa,R5-2025-0031,CA0081759,r5-2025-0031_npdes.pdf,No,PRESENT,PRESENT,PRESENT,,,PRESENT_AND_FUTURE,PRESENT_AND_FUTURE,,PRESENT_AND_FUTURE,,,,,,,,PRESENT,,,,,,,,,,,,,,,FUTURE,,,,,PRESENT,,,,,,,,,,,,,,,,,,,,PRESENT,PRESENT,,,PRESENT_AND_FUTURE,PRESENT_AND_FUTURE,PRESENT_AND_FUTURE,,,FUTURE,PRESENT,,PRESENT,,,,,,,PRESENT,FUTURE,FUTURE,FUTURE,PRESENT,,PRESENT_AND_FUTURE,FUTURE,,FUTURE,,,,,,PRESENT,,,,,,,,
227217,5C220701001,USDI National Park Service Yosemite National Park,Glacier Point WWTF,Mariposa,2014-0153-DWQ-R5349,,2014-0153-dwq_r5349.pdf,No,,,,,,,,,,,,,,,,,,,,,,,,PRESENT,,,,,,,,,,,,,,,,,,,,,,,,,,,,,,,,,,,,,,,,,,,,,,,,,,PRESENT,,,,,,,,,,,,,,,,,,,PRESENT,,,,,,PRESENT
227501,5C221011001,"Schwenne, Michael & Monica",Golden Hills Mobile Home Park,Mariposa,2014-0153-DWQ,,Golden hills mobile park NOA.pdf,No,,,,,PRESENT,,,,,,,,,,,,PRESENT,,,,,,PRESENT,,,,,,,,,,,,,,,,,,,,,,,,,,,,,,,,,,,,,,,,,,,,,,,,,,,,,,,,,,,,,,,,,,,,,,,,,,,,
239543,5C221007001,Mariposa Cnty DPW,Mariposa Pines WWTF,Mariposa,2014-0153-DWQ,,Mariposa Pines WWTF NOA.pdf,No,,,,,,,,,,,,,,,,,PRESENT,,,,,,,PRESENT,,,,,,,,,,,,,,,,,,,,,,,,,,,,,,,,,,,,,,,,,,,,,,,,,,,,,,,,,,,,,,,,,,,,,PRESENT,,,,,,PRESENT
273207,5C221012001,Mariposa PUD,Mariposa WWTP,Mariposa,R5-2023-0025,CAC441902,NOA R5-2023-0025-015.pdf,No,PRESENT,,PRESENT,,,PRESENT,,,,,,PRESENT,,,,FUTURE,,,,,,,,,,,,,,,,PRESENT_AND_FUTURE,,,,,PRESENT,,,,,,,,,,,,,,,,,,,,,,,,PRESENT,PRESENT,PRESENT_AND_FUTURE,,,PRESENT,PRESENT,,,,,PRESENT,,,,,,,PRESENT,,,,,,,,,,,,,PRESENT,,,,,,,
241545,5C220800001,CA Dept of Forestry & Fire Protection,Mount Bullion Conservation Camp,Mariposa,2014-0153-DWQ,,2014-0153-DWQ-R5284.pdf,No,,,,,PRESENT_AND_FUTURE,,,,,,,,,,,,PRESENT_AND_FUTURE,,,,,PRESENT,,,,,,,,,,,,,,,,,,,,,,,,,,,,,,,PRESENT_AND_FUTURE,,,,,,,,,,PRESENT_AND_FUTURE,,,,,,,,,,,,,,,,,,,,,,,,,,,,,,,,,,,,PRESENT
257153,5C221022001,"Palm Springs Village - 309, LLC","Palm Springs Village-309, LLC Silvertip Resort Village WWTF",Mariposa,R5-2007-0140,,r5-2007-0140.pdf,No,,,,,PRESENT,,,,PRESENT,,,,,,,,PRESENT,,,,,,,,,,,,,,,PRESENT,,,,,,,PRESENT,,,,,,,,,,,,PRESENT,,,,,,,,,,,,PRESENT,,,,,,,,,,,,,,,,,,,,,,,,,,,,,,,,,,,,PRESENT
263168,5C221018001,DNC Parks & Resorts at Tenya Inc,Tenaya Lodge WWTP,Mariposa,2014-0153-DWQ,,2014-0153-DWQ-R5233.pdf,No,,,,,,PRESENT,,,PRESENT,,,,,,,,PRESENT,,,,,,,,,,,,,,,PRESENT,,,,,,,,,,,,,,,,,,,,PRESENT,,,,,,,,,,,PRESENT,,,,,,,,,,,,,,,,,PRESENT,,,,,,,,,,,,PRESENT,,,,,,,
271887,5C220701004,USDI National Park Service Yosemite National Park,Wawona WWTF,Mariposa,2014-0153-DWQ,CAG995002,12_21_2021_ 9787284_ REVISED NOA_ 12_21_2021.pdf,No,PRESENT,,PRESENT,,PRESENT,PRESENT,,,PRESENT,,,,,PRESENT,,,PRESENT,,,,,,PRESENT_AND_FUTURE,,,,,,,,,,,,,,PRESENT,,,,,,,,,,,,,,,,,,,,PRESENT,PRESENT,,,PRESENT,,,,,,PRESENT,,PRESENT,,,,,PRESENT,,,PRESENT,,,,,PRESENT_AND_FUTURE,FUTURE,,FUTURE,,,,,,,,,,,,,,
212776,1B77162OMEN,Calpella CWD,Calpella CWD WWTP,Mendocino,R1-2019-0010,,19_0010_Calpella_WDR_MRP.pdf,No,,,,,,PRESENT,,,,,,,,,,,PRESENT,PRESENT,PRESENT,,,,PRESENT,,,,,,,,,,,,,,,,,,,,,,,,,,,,,,,,,,,,,,PRESENT,,,,,,,,,,,,,,,,,,,,,,,,,,,,,,,,,,,,,,
213604,1B77108OMEN,CalFire Fort Bragg Jackson Demonstration State Forest,CDF Parlin Fork Conservation Camp,Mendocino,2014-0153-DWQ,,170313_RSP_dp_ParlinFork_WWTF_NOA.pdf,No,,,,,,PRESENT,,,,,,,,,,,,,,,,,PRESENT,,,,,,,,,,,,,,,,,,,,,,,,,,,,,,,,,,,,,,,,,,,,,,,,,,,,,,,,,,,,,,,,,,,,,,,,,,,,PRESENT
215966,1B83009OMEN,Covelo CSD,Covelo POTW,Mendocino,R1-2023-0006,CA0023574,23_0006_covelo_csd_06.20.2023_eosigned.pdf,No,PRESENT,,,,,PRESENT_AND_FUTURE,PRESENT,,,,,,,,,,,,PRESENT,,,,PRESENT,,,,,,,,,,,,,,PRESENT,,,,,,,,,,,,,,,,,,PRESENT_AND_FUTURE,,,,,,PRESENT,PRESENT,,PRESENT_AND_FUTURE,,,,,,,,PRESENT,,,,,,,,,,,,,,,,,,PRESENT,,,,,,,,,FUTURE
230693,1B80154OMEN,Hopland Public Utility District,Hopland Public Utilities District,Mendocino,R1-2023-0013,,23_0013_Hopland PUD WWTF_WDR_EO Signed.pdf,No,,,,PRESENT,PRESENT,PRESENT,,,,,,,,,,,PRESENT,PRESENT,PRESENT,,,,,,,,,,,,,,,,,,,,,,,,,,,,,,,,,,,,,,,,,,PRESENT,,,,,,,,,,,PRESENT,,,,,,,,,,,,,,,,,,,,,,,,,,,PRESENT
240307,1B83129OMEN,Mendocino City CSD,Mendocino City CSD,Mendocino,R1-2022-0001,CA0022870,22_01mendo_npdes.pdf,No,,,PRESENT,,,PRESENT,,,PRESENT,,,,,PRESENT,,,,,,,,,,,,,,,,,,,,,,,,,,,,,,,,,,,,,,,,,,,,,,,,PRESENT,,,,,,,,,,,,,,,,,PRESENT,,PRESENT,FUTURE,FUTURE,,,,,,,,,PRESENT,,,,,,,
240318,1B83118OMEN,Mendocino County WWD #2 Anchor Bay,Mendocino County WWD#2-Anchor Bay,Mendocino,R1-2021-0005,CA0024040,21_0005_AnchorBay_WWTF_NPDES.pdf,No,,,,,PRESENT,PRESENT,,,,,,,,,,,PRESENT,,PRESENT,,,,,PRESENT,,,,,,,,,,,,,,,,,,,,,,,,,,,,,,,,,,,,,PRESENT,PRESENT,,,,,,,,,,,,,,,,,,,,,,,,,,,,,,,,,,,,,
248791,1B80045OMEN,Point Arena City,Point Arena WWTP,Mendocino,R1-2022-0015,,22_0015_Point_Arena_WWTF_WDR.pdf,No,,,,,,,,,,,,,,,,,PRESENT,PRESENT,,,,,,,,,,,,,,,,,,,,,,,,,,,,,,,,,,,,,,,,,,,PRESENT,,,,,,,,,,,,,,,,,,,,,,,,,,,,,,,,,,,,,,
268960,1B84029OMEN,Ukiah City,Ukiah City WWTP,Mendocino,R1-2024-0016,CA0022888,24_0016_Ukiah_NPDES_07.18.2024_signed.pdf,No,PRESENT,PRESENT,PRESENT,,,PRESENT,PRESENT,,,PRESENT,,,,,,,PRESENT,,,,,,,PRESENT,,,,,,,,,,,,,PRESENT,,PRESENT,,,,,,,,,,,,,,,,,,PRESENT,,,,PRESENT_AND_FUTURE,PRESENT,,,,,,PRESENT,PRESENT,,,PRESENT,,,,PRESENT,,,PRESENT_AND_FUTURE,,,PRESENT,,,,PRESENT,PRESENT,,,PRESENT,,PRESENT,,,,,,,
272646,1B80078OMEN,Willits City,Willits City WWTP,Mendocino,R1-2021-0021,CA0023060,21_0021_Willits_WWTF_NPDES.pdf,No,,,,,PRESENT,PRESENT_AND_FUTURE,PRESENT_AND_FUTURE,,PRESENT_AND_FUTURE,,,,,PRESENT_AND_FUTURE,,,,,,,,,PRESENT,,,,,,,,,PRESENT,,,,,,,,,,,,,,,,,,,,,PRESENT,,PRESENT_AND_FUTURE,,,,,,PRESENT,,PRESENT_AND_FUTURE,,,,,,FUTURE,,,,,,,,PRESENT,,,,,PRESENT,PRESENT,,,,,,,,PRESENT_AND_FUTURE,,FUTURE,,,,,,FUTURE
240362,5C240114001,Housing Authority Cnty of Merced,Housing Authority Cnty of Merced - Los Banos,Merced,2014-0153-DWQ,,Los Banos Migrant NOA .pdf,No,,,,,,,,,,,,,,,,,,,,,,,,,,,,,,,,,,,,,,,,,,,,,,,,,,,,,,,,,,,,,,,,,,,,,,,,,,,,,,,,,,,,,,,,,,,,,,,,,,,
273122,5C240107001,Los Banos City,Los Banos WWTF,Merced,R5-2021-0026,,r5_2021_0026.pdf,No,,,,PRESENT,,PRESENT,,,,,,,,,,,,PRESENT,,,,,PRESENT,,,,,,,,,,,,,,,,,,,,,,,,,,,,,,,,,,,,,,,,,,,,,,,,,,,,,,,,,,,,,,,,,,,,PRESENT,PRESENT,,,,,,,
214652,5C240108001,Merced City,Merced WWTF,Merced,R5-2026-0005,CA0079219,r5-2026-0005_npdes.pdf,No,,PRESENT_AND_FUTURE,PRESENT_AND_FUTURE,,,PRESENT_AND_FUTURE,PRESENT_AND_FUTURE,,PRESENT,PRESENT,,,,,,PRESENT_AND_FUTURE,PRESENT_AND_FUTURE,,,,,,,,,,,,,,,PRESENT_AND_FUTURE,,,,,,,,,,,,,,,,,,,,,,,PRESENT,,PRESENT_AND_FUTURE,PRESENT_AND_FUTURE,,,,,PRESENT_AND_FUTURE,,,,,,,,,,,,,,,PRESENT_AND_FUTURE,,,,PRESENT,,,PRESENT,PRESENT,,,,PRESENT,,,,,,,,,
273182,5C240110001,,Planada WWTF,Merced,R5-2011-0042,,r5-2011-0042.pdf,No,PRESENT,,,,,,,,,,,,,,,,PRESENT,,PRESENT,,,PRESENT,,,,,,,,,,,,,,,PRESENT,,,,,,,,,,,,,,,,,,,,,,,,PRESENT,PRESENT,,,,,,,,,,,,,,,,,,,,,,,,,,,,,,,,,,,,,
205325,5A250100001,Alturas City,Alturas Municipal WWTP,Modoc,R5-2020-0004,CA0078921,r5-2020-0004_npdes_minor_mod.pdf,No,PRESENT,PRESENT,PRESENT,,,,PRESENT,,,,,,,,,,,,,,,,,,,,,,,,,,,,,,,,PRESENT,,,,,,,,,,,,,,,,,,PRESENT,,,,PRESENT,PRESENT,,,,,PRESENT,PRESENT,,,,,,,,PRESENT,,,,,,PRESENT,,,,,,,,,,PRESENT,,,,,,,
230429,6B140109001,Hilton Creek CSD,Hilton Creek CSD Package STP,Mono,04-018,,6-04-18 Revised WDR hilton Creek COmmunity Services District.pdf,No,PRESENT,,PRESENT,,,,,,,,,,,PRESENT,,,,,,,,,,,,,,,,,,,,,,,,,,,,,,,,,,,,,,,,,,,,,,,,,,,,,,,,,,,,,,,,,,,,PRESENT,,,,,,,,,,,,,,,,,
212424,3 271001001,California Utilities Service,California Utilities,Monterey,R3-2020-0020,,R3-2020-0020 NOA Cal Utilities_final.pdf,No,,,,,,PRESENT,,,,,PRESENT,,,,,,,,,,,,,,,,,,,,,,,,,,,,,,,,,,,,,,,,,,,,,,,,,,,,,,,,,,PRESENT,,,,,,,,PRESENT,,,,,PRESENT,,,,,,,,,,PRESENT,,,,,,,
212962,3 270803001,California Army National Guard - Camp Roberts,Camp Roberts Main (West) Garrison WWTP,Monterey,R3-2014-0046,,wdr_2014_final.pdf,No,,PRESENT,PRESENT,,,,PRESENT,,,,,,,,,,,,,,,,,PRESENT,,,,,,,,,,,,,,,,,,,,,,,,,,,,,,,,,,,,,,,,,,,,,,,,,,,,PRESENT,,,,,,PRESENT,,,,,,,,,,PRESENT,,,,,,,PRESENT
241305,3 270103001,"County of Monterey Department of Public Works, Facilities and Parks",Chualar WWTP,Monterey,R3-2020-0020,,09-20-2022_R3-2020-0020 NOA MRP Chualar_Final.pdf,No,,,,,,PRESENT,,,,,,,,,,,,,,,,,PRESENT,,,,,,,,,,,,,,,,,,,,,,,,,,,,,,,,,,,,,,,,,,,,,,,,,,,,,,,,,,,,,,,,,,,,,PRESENT,,,,,,,
227602,3 270104001,City of Gonzales,Gonzales WWTP,Monterey,R3-2020-0020,,Aug2025_GonzalesSecondRevisedNOA_MRP_0020_final.pdf,No,PRESENT,,,,,PRESENT,PRESENT,,,,,,,,,,,PRESENT,,,PRESENT,,,,,,,,,,,,,,,,,,,,,,,,,,,,,,,,,,,,,,,,,,,,,,,,,,,,,,,,,,,,,,,,,,,,,,,,,,,,,,
227893,3 270105001,Greenfield City,"Greenfield WWTP, City of",Monterey,R3-2020-0020,,Oct2024_GreenfieldNOA_MRP_0020_Final.pdf,No,,,,,PRESENT,PRESENT,,,,,,,,,,,PRESENT,,PRESENT,,,,,,,,,,,,,,,,,,,,,,,,,,,,,,,,,,,,,,,,,,,,,,,,,,,,,,,,,,PRESENT,,PRESENT,,,,,,,,,,,PRESENT,,PRESENT,,,,,,,
232363,3 271002001,California American Water Company Monterey,Indian Springs Wastewater Treatment Facility,Monterey,2014-0153-DWQ,,2026-06-01_WDR_NOA_Revised_IndianSpringsWWTP.pdf,No,,,PRESENT,,,PRESENT,,,PRESENT,,,,,PRESENT,,,,,,,,,,,,,,,,,,,,,,,,,,,,,,,,,,,,,,,,,,,,,,,PRESENT,,,,,,,,,,,,,PRESENT,,,PRESENT,,,,,,,,PRESENT,,,,,,,,,,,,,,
235021,3 270106001,King City,King City Domestic WWTF,Monterey,R3-2020-0020,,King City Big Order NOA_MRP_Final.pdf,No,PRESENT,,,,,PRESENT,PRESENT,,,,,,,,,,PRESENT,,PRESENT,,PRESENT,,,,,,,,,,,,,,,,,,,,,,,,,,,,,,,,,,,,,,,,,,,,,,,,,,,,,,,,,,,,,,,,,,,,,,,,,,,,,,
244646,3 270302001,Monterey Cnty Parks Dept,Lake San Antonio Northshore WWTP,Monterey,2014-0153-DWQ,,08-19-2022_WDRLake San Antonio Rec Area North Shore NOA_final.pdf,No,,,,,PRESENT,,,PRESENT,,,,,,,,,PRESENT,,,,,,PRESENT,,,,,,,,,,,,,,,,,,,,,,,,,,,,,,,,,,,,,,,,,,,,,,,,,PRESENT,,,,,,,,,,,,,,,,,,,,,,,,,,,PRESENT
236252,3 270302002,Monterey Cnty Parks Dept,Lake San Antonio Southshore WWTP,Monterey,2014-0153-DWQ,,08-12-2022_WDR_Lake San Antonio Recreation Area South Shore WWTP NOA_final.pdf,No,,,,,,,,PRESENT,,,,,,,,,,PRESENT,,,,,PRESENT,,,,,,,,,,,,,,,,PRESENT,,,,,,,,,,,,,,,,,,,,,,,,,,,,,,,,,,,,,,,PRESENT,,,,,,,,,,,,,,,,,,,,,
237149,3 270116001,Little Bear Water Company Inc,Little Bear WWTP,Monterey,2014-0153-DWQ,,NOA_MRP_LittleBear_0153_2023_final.pdf,No,,,,,,PRESENT,,,,,,,,,,,PRESENT,,PRESENT,,PRESENT,,,,,,,,,,,,,,,,,,,,,,,,,,,,,,,,,,,,,,,,,,,,,,,,,,,,,,,,,,,,,,,,,,,,,,,,,,,,,,
241306,3 271011001,Monterey Dunes Colony Mutual Water Association,Monterey Dunes Colony WWTP,Monterey,2014-0153-DWQ,,5-5-22_Monterey Dunes Mutual Water Association draft NOA MRP_final.pdf,No,,,,,,,,,,,,,,,,,,,,,,,,,,,,,,,,,,,,,,,,,,,,,,,,,,,,,,,,,,,,,,,,,,,,,,,,,,,,,,,,,,,,,,,,,,,PRESENT,,,,,,,,PRESENT
241740,3 270118002,Monterey One Water,Monterey One Water Regional WWTP,Monterey,R3-2024-0045,CA0048551,r3-2024-0045.pdf,No,,PRESENT,PRESENT,,,PRESENT,PRESENT,,,,,,,,,,PRESENT,,,,,,,PRESENT,,,,,,,,,,,,,,,PRESENT,,,,,,,,,,PRESENT,,,,,,,,PRESENT,PRESENT,,,,,,PRESENT,,,,,,,,PRESENT,,,,,,,PRESENT,,,PRESENT,,,,,,,,,,PRESENT,,,,,,,
245564,3 271007001,California American Water Company Monterey,Oak Hills Development WWTP,Monterey,R3-2020-0020,,5-2-23-Oak Hills NOA_MRP.pdf,No,,,,,,PRESENT,,,,,,,,,,,,,,,,,,PRESENT,,,,,,,,,,,,,,,,,,,,,,,,,,,,,,,,,,,,,,,,,,,,,,,,,,,,,,,,,,,,,,,,,,,,PRESENT,,,,,,,
248169,3 270802001,Ca Dept of Parks & Rec Big Sur,Pfeiffer Big Sur State Park WWTP,Monterey,2014-0153-DWQ,,Pfeiffer Big Sur NOA_final_10_02_2025.pdf,No,PRESENT,PRESENT,PRESENT,,,PRESENT,PRESENT,,,,,,,PRESENT,,,,,,,,,,,,,,,,,,,,,,,,,,,,,,,,,,,,,,,,,,,,,,,,,,,,,,,,,,,,,,,,PRESENT,PRESENT,,,,,,,,,,,,,PRESENT,,,,,,,
255190,3 270120001,San Ardo Water District,San Ardo WWTP,Monterey,2014-0153-DWQ,,San Ardo NOA and MRP_final.pdf,No,,,,,,,,,,,,,,,,,,,PRESENT,,,,PRESENT,,,,,,,,,,,,,,,,,,,,,,,,,,,,,,,,,,,,,,,,,,,,,,,,,PRESENT,,,,,,,,,,,,,,,,,,,,,,,,,,,
255306,3 270619758,San Jerardo Inc.,San Jerardo WWTP,Monterey,2014-0153-DWQ,,NOA_MRP_Sept_24_2019.pdf,No,PRESENT,,,,,,,,,,,,,,,,PRESENT,,PRESENT,,,,,,,,,,,,,,,,,,,,,,,,,,,,,,,,,,,,,,,,,,,,,,,,,,,,,,,,,,,,,,,,,,,,,,,,,,,,,,,,
255653,3 279804003,,Santa Lucia WW Recycling Facility (Prod/User),Monterey,R3-2013-0020,,2013_0020_wrr.pdf,No,,,,,,,,,PRESENT,,,,,,,,PRESENT,,,,,,,,,,,,,,,,,,,,,,,,,,,,,,,,,,PRESENT,,,,,,,,,,,,,,,PRESENT,,,,,,PRESENT,,,,,,,,,,,,,,,,,,,,PRESENT,,,,,,,
258186,3 272015001,California American Water Company Monterey,Spreckels WWTP,Monterey,R3-2020-0020,,Spreckels_R3-2020-0020_NOA_MRP_final.pdf,No,,,,,,PRESENT,,,,,,,,,,,,PRESENT,,,,,,,,,,,,,,,,,,,,,,,,,,,,,,,,,,,,,,,,,,,,,,,,,,,,,,,,,,,,,,,,,,,,,,,,,,PRESENT,,,,,,,
204492,5A280700001,USDI Bureau of Reclamation Napa,Admin Center & Oak Shores Day Use Area,Napa,2014-0153-DWQ,,OakShoresDayUseArea_NOA.pdf,No,,,,,,,,,,,,,,,,,,,,,,,PRESENT,,,,,,,,,,,,,,,,,,,,,,,,,,,,,,,,,,,,,,,,,,,,,,,,,PRESENT,,,,,,,,,,,,,,,,,,,,,PRESENT,,,,,,PRESENT
205477,2 283021001,American Canyon City PWD,American Canyon Water Reclamation Facility (WRF) (formerly WWTP),Napa,R2-2022-0019,CA0038768,Order R2-2022-0019 AmCan NPDES reissue Jun-2022.pdf,No,,,,,,PRESENT,PRESENT,,PRESENT,,,,,,,PRESENT,PRESENT,,,,,,,,,,,,,,,PRESENT,,,,,,,,,,,,,,,,,,,PRESENT,,PRESENT,,PRESENT,,,,,,PRESENT,,PRESENT,,,,,,,,,,,,,,,,PRESENT,,,,,,,,,,,,,PRESENT,,,,,,,
212750,2 283003001,Calistoga City Public Works Dept.,Calistoga City Dunaweal WWTP,Napa,R2-2022-0010,CA0037966,R2-2022-0010.pdf,No,,,PRESENT,,,PRESENT,,,PRESENT,,,,,,,,PRESENT,,,,,,,,,,,,,,,,,,,,,,,,,,,,,,,,,,,,,,,,,,,,PRESENT,PRESENT,,,,,,,PRESENT,,,,,,,PRESENT,,,FUTURE,,,PRESENT,,,FUTURE,,,,,,PRESENT,PRESENT,,,,,,,
214559,5A280106001,Circle Oaks Cnty Water Dist,Circle Oaks WWTF,Napa,2014-0153-DWQ,,2014-0153-dwq-r5432_noa.pdf,No,,,,,,,,,,,,,,,,,,,,,,PRESENT,PRESENT,,,,,,,,,,,,,,,,,,,,,,,,,,,,,,,,,,,,,,,,,,,,,,,,,,,,,,,,,,,,,,,,,,,,,,,,,,,,
614538,2 283102001,3W & C LLC,Mustards Grill WWTP,Napa,2014-0153-DWQ,,Mustards Grill Notice of Applicability Package_2024-07-10.pdf,No,,,,,PRESENT,PRESENT,,,,,,,,,,PRESENT,PRESENT,,,,,,,,,,,,,,,PRESENT,,,,,,,,,,,,,,,,,,,PRESENT,PRESENT,,,,,,,,,,,,,,PRESENT,,,,,,,,PRESENT,,,,,,,,,,,,,,,,,,,,,,,,,PRESENT
243845,5A280103002,Napa Berryessa Resort IMP Dist,Napa Berryessa WTF,Napa,R5-2013-0065,,r5-2013-0065.pdf,No,,,,,,PRESENT_AND_FUTURE,,,,,,,,PRESENT_AND_FUTURE,,,,,,,,,,,,,,,,,,,,,,,,,,,,,,,,,,,,,,PRESENT_AND_FUTURE,,,,,,,,,PRESENT,,,,,,,,,,,,,,,,,,PRESENT_AND_FUTURE,,,,,,,,,,,,,,,,,,,,
243858,2 283009001,Napa Sanitation District,Napa Sanitation District WWTP (Soscol Water Recycling Facility),Napa,R2-2022-0003,CA0037575,Order_R2-2022-0003.pdf,No,,PRESENT_AND_FUTURE,PRESENT,,,PRESENT,,,PRESENT,PRESENT,,,,,,,PRESENT,,PRESENT,,,,,,,,,,,,,,,,,,,,,,,,,,,,,,,,,,,,,,PRESENT,PRESENT,,,PRESENT,PRESENT,,,,,,,,,,PRESENT,,,,PRESENT,,,PRESENT,,,,,,,FUTURE,,,,PRESENT,,,,,,,PRESENT_AND_FUTURE,,
258386,2 283014001,St. Helena City,St. Helena City WWTP,Napa,R2-2021-0004,CA0038016,st. helena_order r2-2021-0004.pdf,No,PRESENT,,,,PRESENT,PRESENT_AND_FUTURE,,,PRESENT,,,,,,,,PRESENT,PRESENT,,,,,,,,,,,,,,,,,,,,,,,,,,,,,,,,,,PRESENT_AND_FUTURE,,,,,,,,,PRESENT,PRESENT,PRESENT,,,,,,,,,,,,,,,PRESENT,,,,,,,PRESENT,,,,,,,,,,,,,,
274410,2 283019001,"Yountville, Town of",Yountville / CA Vets Home WWTP,Napa,R2-2020-0026,CA0038121,Town of Yountville Order R2-2020-0026.pdf,No,PRESENT,PRESENT,,,,,PRESENT,,PRESENT,PRESENT,,,,,,,PRESENT,,,,,,,,,,,,,,,,,,,,PRESENT,,PRESENT_AND_FUTURE,,,,,,,,,,,,,,,,,,PRESENT,PRESENT,,,PRESENT_AND_FUTURE,PRESENT,,PRESENT_AND_FUTURE,,,,,,,,,,,,,,PRESENT,,,,PRESENT,,,,PRESENT,,,,,,PRESENT,,,,,,,
213432,5A290107002,Nevada CSD No 1,Cascade Shores WWTP,Nevada,R5-2023-0025,CAC442921,r5-2026-0023_ldgo.pdf,No,,,PRESENT,,PRESENT,PRESENT,,,PRESENT,PRESENT,,,,,,PRESENT_AND_FUTURE,PRESENT,,,,,,,,,,,,,,,PRESENT_AND_FUTURE,,,,,PRESENT,,,,,PRESENT,,,,,,,,PRESENT,,FUTURE,FUTURE,,,,,,,,PRESENT,PRESENT,FUTURE,,,PRESENT,PRESENT,,,,,,PRESENT,,,,PRESENT,,,,,,,,,,,,,,,PRESENT,,,,,,,FUTURE
227818,5A290100001,Grass Valley City,Grass Valley City WWTP,Nevada,R5-2023-0025,CAG585001,r5-2017-0085-019.pdf,No,,PRESENT,PRESENT,,,PRESENT,,,PRESENT,,,,,PRESENT,,PRESENT,,,,,,,,PRESENT,,,,,,,,PRESENT,,,,,,,,,,,,,,,,,,,,,,,,,,,,,PRESENT,PRESENT,PRESENT_AND_FUTURE,,,FUTURE,FUTURE,,,,,,PRESENT,,,PRESENT,,,PRESENT,,,,,,,,PRESENT,,,,,PRESENT,,,,,,,
236236,5A290104003,Nevada CSD No 1,Lake of the Pines WWTP,Nevada,R5-2023-0025,CAC439955,R5-2023-0025-014_noa.pdf,No,,,,,,PRESENT,PRESENT,,,,,,,,,,PRESENT_AND_FUTURE,,PRESENT,,,,,,,,,,,,,PRESENT,PRESENT,,,,PRESENT,,,,,,,,,,,,,,PRESENT,PRESENT,,,,,PRESENT,PRESENT,,,PRESENT,PRESENT,PRESENT_AND_FUTURE,,,PRESENT,PRESENT,,PRESENT,,,,,,,,PRESENT,,,PRESENT,,,,,,PRESENT,,,,,,PRESENT,,,,,,,
236292,5A290104001,Nevada CSD No 1,Lake Wildwood WWTP,Nevada,R5-2023-0025,CAC439953,R5-2023-0025-013_NOA.pdf,No,,,PRESENT,,,PRESENT_AND_FUTURE,PRESENT_AND_FUTURE,,PRESENT,,,PRESENT,,PRESENT,,PRESENT,,,,,,,,,,,,,,,,PRESENT,PRESENT,,,,PRESENT,,,,,,,,,,,,,,,,PRESENT,,,,,,,,PRESENT_AND_FUTURE,PRESENT,PRESENT_AND_FUTURE,,,,,,,,,PRESENT,,,,,PRESENT,PRESENT,,PRESENT,,PRESENT,,,,PRESENT,,,,,,PRESENT,,,,,,,FUTURE
244141,5A290101001,Nevada City,Nevada City WWTP,Nevada,R5-2022-0039,CA0079901,r5-2022-0039_npdes.pdf,No,,PRESENT,PRESENT_AND_FUTURE,,,PRESENT_AND_FUTURE,PRESENT_AND_FUTURE,,PRESENT,,PRESENT_AND_FUTURE,,,,,PRESENT_AND_FUTURE,,,,,,,,,,,,,,,,PRESENT_AND_FUTURE,,,,,PRESENT,,,,,,,,,,,,,,,,,,,,,,,,PRESENT,PRESENT,,,,,,,,,,,PRESENT_AND_FUTURE,,,PRESENT,PRESENT,,PRESENT,,,,,,,,,,,,,PRESENT,,,,,,,
248713,5A290103001,Pleasant Ridge Union School District,Pleasant Ridge Elementary School WWTP,Nevada,2014-0153-DWQ,,2014-0153-dwq-r5363.pdf,No,,,,,PRESENT,,,,,,,,,,,,PRESENT,,PRESENT,,,,PRESENT,,,,,,,,,,,,,,,,,,,,,,,,,,,,,,,,,,,,,,,,,,,,,,,,,PRESENT,,,,,,,,,,,,,,,,,,,,,,,,,,,PRESENT
255218,9 000000175,SOCWA-San Juan Creek Ocean O/F,City of San Clemente WRP,Orange,R9-2022-0005,CA0107417,amended_order_sjcoo signed dwg 03-19-25.pdf,Yes,,PRESENT,PRESENT,,,PRESENT,PRESENT,,,PRESENT,,,,,,,PRESENT,,,,,,,,,,,,,,,,,,,,PRESENT,,PRESENT,,,,,,,,,,PRESENT,,PRESENT,,,,,,,PRESENT,,,PRESENT,PRESENT,PRESENT,,,,,,,,,,PRESENT,,,PRESENT,,,PRESENT,PRESENT,,,,,,PRESENT,,,,,PRESENT,PRESENT,,,,,,,
271777,8 303652001,El Toro Water District,El Toro Water Dist WWRF,Orange,R8-2015-0023,,R8-2019-0052_El_Toro_Water_District_WDR_Amendment_of_R8-2015-0023.pdf,No,,,,,,PRESENT,PRESENT,,PRESENT,,,,,,,,PRESENT,,,,,,,,,,,,,,,PRESENT,,,,,PRESENT,,,,,,,,,,,,,,,,,,,,,,,,PRESENT,,,,,,PRESENT,,,,,,,,,,,,,,,,,,,,,,,,,,,,,,,,
222509,9 000000117,SOCWA-Aliso Creek Ocean O/F,El Toro WD WRP,Orange,R9-2022-0006,CA0107611,r9_2022_0006_acoo_signature signed dwg 03-18-21.pdf,Yes,,PRESENT,PRESENT,,,PRESENT,PRESENT,,PRESENT,PRESENT,,,,,,,PRESENT,,PRESENT,,,,,,,,,,,,,,,,,,PRESENT,,,,,,,,,,,,PRESENT,,,,,,,,PRESENT,PRESENT,,,PRESENT,,,,,,,,,,,,,PRESENT,,PRESENT,,,,PRESENT,,,,,,PRESENT,,,,,PRESENT,PRESENT,,,,,,,
237396,9 000000117,SOCWA-Aliso Creek Ocean O/F,IRWD Los Alisos WRP,Orange,R9-2022-0006,CA0107611,r9_2022_0006_acoo_signature signed dwg 03-18-21.pdf,Yes,,PRESENT,PRESENT,,,PRESENT,PRESENT,,PRESENT,PRESENT,,,,,,,PRESENT,,PRESENT,,,,,,,,,,,,,,,,,,PRESENT,,,,,,,,,,,,PRESENT,,,,,,,,PRESENT,PRESENT,,,PRESENT,,,,,,,,,,,,,PRESENT,,PRESENT,,,,PRESENT,,,,,,PRESENT,,,,,PRESENT,PRESENT,,,,,,,
236649,9 000000175,SOCWA-San Juan Creek Ocean O/F,J.B. Latham Wastewater Treatment Plant,Orange,R9-2022-0005,CA0107417,amended_order_sjcoo signed dwg 03-19-25.pdf,Yes,,PRESENT,PRESENT,,,PRESENT,PRESENT,,,PRESENT,,,,,,,PRESENT,,,,,,,,,,,,,,,,,,,,PRESENT,,PRESENT,,,,,,,,,,PRESENT,,PRESENT,,,,,,,PRESENT,,,PRESENT,PRESENT,PRESENT,,,,,,,,,,PRESENT,,,PRESENT,,,PRESENT,PRESENT,,,,,,PRESENT,,,,,PRESENT,PRESENT,,,,,,,
758391,8 302006002,Irvine Ranch Water District,Los Alisos WD WWTP,Orange,R8-2015-0024,CA8000326,R8-2018-0070_IRWD__Amending_R8-2015-0024.pdf,Yes,,PRESENT,PRESENT,,,PRESENT,,,PRESENT,,,,,,,PRESENT,,,PRESENT,,,,,,,,,,,,,PRESENT,,,,,PRESENT,,,,,,,,,,,,,,PRESENT,PRESENT,,,PRESENT,,,PRESENT,,,PRESENT,,PRESENT,,,,PRESENT,,,,,,PRESENT,,,PRESENT_AND_FUTURE,,FUTURE,,PRESENT_AND_FUTURE,,,FUTURE,,PRESENT_AND_FUTURE,PRESENT_AND_FUTURE,,,,,PRESENT,PRESENT,,,,,,,
758392,8 300110002,Orange CSD,OCSD Plant 1,Orange,R8-2021-0010,CA0110604,R8-2021-0010_OCSD.pdf,Yes,,PRESENT,FUTURE,,,PRESENT,,PRESENT,PRESENT,,,,,,,,PRESENT_AND_FUTURE,,,,,,,,,,,,,,,,,,,,,,PRESENT_AND_FUTURE,,,,,,,,,,PRESENT,,PRESENT,,,,,,,,,,PRESENT,PRESENT,,,,,,PRESENT,PRESENT,,,PRESENT,,,,,,PRESENT,,,,,,,,,,,,,PRESENT,PRESENT,,,,,,,
259158,8 300110002,Orange CSD,OCSD Plant 2,Orange,R8-2021-0010,CA0110604,R8-2021-0010_OCSD.pdf,Yes,,PRESENT,FUTURE,,,PRESENT,,PRESENT,PRESENT,,,,,,,,PRESENT_AND_FUTURE,,,,,,,,,,,,,,,,,,,,,,PRESENT_AND_FUTURE,,,,,,,,,,PRESENT,,PRESENT,,,,,,,,,,PRESENT,PRESENT,,,,,,PRESENT,PRESENT,,,PRESENT,,,,,,PRESENT,,,,,,,,,,,,,PRESENT,PRESENT,,,,,,,
257518,9 000000175,SOCWA-San Juan Creek Ocean O/F,SMWD - Chiquita WRP,Orange,R9-2022-0005,CA0107417,amended_order_sjcoo signed dwg 03-19-25.pdf,Yes,,PRESENT,PRESENT,,,PRESENT,PRESENT,,,PRESENT,,,,,,,PRESENT,,,,,,,,,,,,,,,,,,,,PRESENT,,PRESENT,,,,,,,,,,PRESENT,,PRESENT,,,,,,,PRESENT,,,PRESENT,PRESENT,PRESENT,,,,,,,,,,PRESENT,,,PRESENT,,,PRESENT,PRESENT,,,,,,PRESENT,,,,,PRESENT,PRESENT,,,,,,,
257520,9 000000175,SOCWA-San Juan Creek Ocean O/F,SMWD Oso Creek WRP,Orange,R9-2022-0005,CA0107417,amended_order_sjcoo signed dwg 03-19-25.pdf,Yes,,PRESENT,PRESENT,,,PRESENT,PRESENT,,,PRESENT,,,,,,,PRESENT,,,,,,,,,,,,,,,,,,,,PRESENT,,PRESENT,,,,,,,,,,PRESENT,,PRESENT,,,,,,,PRESENT,,,PRESENT,PRESENT,PRESENT,,,,,,,,,,PRESENT,,,PRESENT,,,PRESENT,PRESENT,,,,,,PRESENT,,,,,PRESENT,PRESENT,,,,,,,
241540,9 000000175,SOCWA-San Juan Creek Ocean O/F,SOCWA - 3A Treatment Plant,Orange,R9-2022-0005,CA0107417,amended_order_sjcoo signed dwg 03-19-25.pdf,Yes,,PRESENT,PRESENT,,,PRESENT,PRESENT,,,PRESENT,,,,,,,PRESENT,,,,,,,,,,,,,,,,,,,,PRESENT,,PRESENT,,,,,,,,,,PRESENT,,PRESENT,,,,,,,PRESENT,,,PRESENT,PRESENT,PRESENT,,,,,,,,,,PRESENT,,,PRESENT,,,PRESENT,PRESENT,,,,,,PRESENT,,,,,PRESENT,PRESENT,,,,,,,
257850,9 000000117,SOCWA-Aliso Creek Ocean O/F,SOCWA - Coastal TP,Orange,R9-2022-0006,CA0107611,r9_2022_0006_acoo_signature signed dwg 03-18-21.pdf,Yes,,PRESENT,PRESENT,,,PRESENT,PRESENT,,PRESENT,PRESENT,,,,,,,PRESENT,,PRESENT,,,,,,,,,,,,,,,,,,PRESENT,,,,,,,,,,,,PRESENT,,,,,,,,PRESENT,PRESENT,,,PRESENT,,,,,,,,,,,,,PRESENT,,PRESENT,,,,PRESENT,,,,,,PRESENT,,,,,PRESENT,PRESENT,,,,,,,
241053,9 000000117,SOCWA-Aliso Creek Ocean O/F,SOCWA - Regional TP,Orange,R9-2022-0006,CA0107611,r9_2022_0006_acoo_signature signed dwg 03-18-21.pdf,Yes,,PRESENT,PRESENT,,,PRESENT,PRESENT,,PRESENT,PRESENT,,,,,,,PRESENT,,PRESENT,,,,,,,,,,,,,,,,,,PRESENT,,,,,,,,,,,,PRESENT,,,,,,,,PRESENT,PRESENT,,,PRESENT,,,,,,,,,,,,,PRESENT,,PRESENT,,,,PRESENT,,,,,,PRESENT,,,,,PRESENT,PRESENT,,,,,,,
257590,9 000000117,SOCWA-Aliso Creek Ocean O/F,SOCWA Aliso Creek Ocean Outfall,Orange,R9-2022-0006,CA0107611,r9_2022_0006_acoo_signature signed dwg 03-18-21.pdf,Yes,,PRESENT,PRESENT,,,PRESENT,PRESENT,,PRESENT,PRESENT,,,,,,,PRESENT,,PRESENT,,,,,,,,,,,,,,,,,,PRESENT,,,,,,,,,,,,PRESENT,,,,,,,,PRESENT,PRESENT,,,PRESENT,,,,,,,,,,,,,PRESENT,,PRESENT,,,,PRESENT,,,,,,PRESENT,,,,,PRESENT,PRESENT,,,,,,,
257592,9 000000175,SOCWA-San Juan Creek Ocean O/F,SOCWA San Juan Creek Ocean Outfall,Orange,R9-2022-0005,CA0107417,amended_order_sjcoo signed dwg 03-19-25.pdf,Yes,,PRESENT,PRESENT,,,PRESENT,PRESENT,,,PRESENT,,,,,,,PRESENT,,,,,,,,,,,,,,,,,,,,PRESENT,,PRESENT,,,,,,,,,,PRESENT,,PRESENT,,,,,,,PRESENT,,,PRESENT,PRESENT,PRESENT,,,,,,,,,,PRESENT,,,PRESENT,,,PRESENT,PRESENT,,,,,,PRESENT,,,,,PRESENT,PRESENT,,,,,,,
206733,5A31NP00042,Auburn City,Auburn WWTP,Placer,R5-2023-0025,CAC448871,r5-2017-0085-021_noa.pdf,No,,,PRESENT_AND_FUTURE,,,PRESENT_AND_FUTURE,PRESENT,,PRESENT,,,PRESENT_AND_FUTURE,,,,PRESENT_AND_FUTURE,,,,,,,,,,,,PRESENT,,,,PRESENT_AND_FUTURE,,,,,PRESENT,,,,,,,,,,,,,,,,,,,,PRESENT,PRESENT,,,PRESENT_AND_FUTURE,PRESENT,PRESENT_AND_FUTURE,,,,PRESENT,,PRESENT,,,PRESENT_AND_FUTURE,,,,,,,PRESENT_AND_FUTURE,,,,,,,,,,,,,PRESENT,,,,,,,
215106,5A310101001,Colfax City,City of Colfax WWTP,Placer,R5-2023-0025,CAG585001,r5-2023-0025-001_noa.pdf,No,,PRESENT,PRESENT,PRESENT,,PRESENT,,,PRESENT,,,,,PRESENT,,PRESENT,PRESENT,PRESENT,PRESENT,,,,,,,,,,,,,PRESENT,,,,,PRESENT,,,,,,,,,,,,,,,,PRESENT,,,,PRESENT,,,,PRESENT,PRESENT,PRESENT,,,PRESENT,,,PRESENT,,,PRESENT,,,,,,PRESENT,PRESENT,,,,,,PRESENT,,,,,,,PRESENT,,,,,,,
220768,5A310106001,Roseville City,Dry Creek WWTP,Placer,R5-2023-0025,CAC426201,roseville_drycreek_wwtp_mgo_noa_final.pdf,No,,PRESENT,PRESENT,,,PRESENT,PRESENT,,PRESENT,,,,,,,PRESENT,,,PRESENT,,,,,,,,,,,,,PRESENT,,,,,,,,,,,,,,,,,,,,,,,,,PRESENT,,,,PRESENT_AND_FUTURE,PRESENT,PRESENT_AND_FUTURE,,,FUTURE,,,PRESENT,,,PRESENT,PRESENT,,,PRESENT,,PRESENT,PRESENT,,,,,,,PRESENT,,,,,,PRESENT,,,,,,,
227451,5A310802001,CA Dept of Trans D3,Gold Run Roadside Rests,Placer,2014-0153-DWQ,,Gold Run Rest Area-NOA.pdf,No,PRESENT,,,,,,,PRESENT,,,,,,,,,PRESENT,,,,,PRESENT,PRESENT,,,,,,,,,,,,,,,,,,,,,,,,,,,,,,,,,,,,,,,,,,,,,,,,,,,PRESENT,,,,,,,,,,,,,,,,,,,,,,,,,PRESENT
238365,5A31NP00011,Lincoln-SMD1 Wastewater Authority,Lincoln City WWTF,Placer,R5-2024-0024,CA0084476,r5-2024-0024_npdes.pdf,No,,,PRESENT_AND_FUTURE,,,PRESENT_AND_FUTURE,FUTURE,,PRESENT,PRESENT_AND_FUTURE,,PRESENT_AND_FUTURE,,,,PRESENT,FUTURE,,,,PRESENT_AND_FUTURE,,,,,,,,,,,PRESENT_AND_FUTURE,,,,,PRESENT,,,,,,,,,,,,,,,,,,,,PRESENT,PRESENT,,,,,PRESENT,,,PRESENT,,,,,,PRESENT_AND_FUTURE,,,,,,,PRESENT,PRESENT,,,,,,PRESENT_AND_FUTURE,,,,,,PRESENT,,,,,,,
254925,5A310104011,Placer Cnty Dept of Facility Services,"Placer Cnty SA No 28, ZONE No.6, Sheridan WWTP",Placer,2014-0153-DWQ,,SheridanWWTP_NOA.pdf,No,,,,,PRESENT,,,PRESENT,,,,,,,,,PRESENT,,,,PRESENT,,,,,,,,,,,,,,,,,,,,,,,,,,,,,,,,,,,,,,,,PRESENT,,,,,,,,,,,PRESENT,,,,,,,,,,,,,,,,,,,,,,,,,,,PRESENT
248706,5A310106007,Roseville City,Pleasant Grove WWTP,Placer,R5-2023-0025,,r5-2023-0025-006.pdf,No,,PRESENT_AND_FUTURE,PRESENT_AND_FUTURE,,,PRESENT_AND_FUTURE,PRESENT,,,,,PRESENT_AND_FUTURE,,,,PRESENT,,,,,,,,,,,,,,,,PRESENT,,,,,PRESENT,,,,,,,,,,,,,,,,,,,,PRESENT,PRESENT,,,PRESENT,PRESENT,PRESENT,,,,,,PRESENT,,,PRESENT_AND_FUTURE,,,,FUTURE,,PRESENT_AND_FUTURE,,PRESENT,,,,,,,,,,,,PRESENT,,,,,,,
206730,5A31NP00001,United Auburn Indian Community,Thunder Valley Casino WWTP,Placer,R5-2023-0025,CAC442169,R5-2023-0025-017_noa.pdf,No,,,,,PRESENT,PRESENT_AND_FUTURE,,,,,,,,,,,PRESENT,,,,,,,,,,,,,,,PRESENT,,,,,,,,,,,,,,,,,,,PRESENT,PRESENT,,,,,,,,,,,PRESENT,,,PRESENT_AND_FUTURE,,,,,,,,,,,,,PRESENT,,,,,,,,,,,,,PRESENT,,,,,,,
251217,5A320103001,American Valley CSD,American Valley WWTP,Plumas,R5-2024-0008,CA0078981,r5-2024-0008_npdes.pdf,No,PRESENT,,PRESENT,,PRESENT,PRESENT,PRESENT,,PRESENT,,,,,,,,PRESENT,,,,PRESENT,,,PRESENT,,,,,,,,,,,,,,,,PRESENT,,,,,,,,,,,,,,,PRESENT,,,,,,PRESENT,PRESENT,,,,,,,PRESENT,,,,,,,,PRESENT,,PRESENT,,,PRESENT,,,,,PRESENT,,,PRESENT,,PRESENT,,,,,,,
214199,5A320100001,Chester PUD,Chester STP,Plumas,R5-2021-0022,CA0077747,r5-2021-0022_npdes.pdf,No,,,,,,PRESENT,,,,,,,,,,,,,,,,PRESENT,,,,,,,,,,,,,,,,,,,,,,,,,,,,,,,,,PRESENT,,,,,,,PRESENT,,,,,,,,,,,,,,,,,,,,,,,,,,,,,,,,,,,,,
219530,5A321010001,Grizzly Lake CSD,Delleker WWTP,Plumas,R5-2019-0052,CA0081744,R5-2019-0052.pdf,No,,,,,,PRESENT,,,,,,,,,,,PRESENT_AND_FUTURE,PRESENT,,,,,PRESENT,,,,,,,,,,,,,,,,,,,,,,,,,,,,,,,,,,,,,,PRESENT,PRESENT,,,,,,,,,,,,,,,,,,,,,,,,,,,,,,PRESENT,,,,,,,PRESENT
227440,5A321021001,Gold Mountain CSD,Gold Mountain WWTF,Plumas,2014-0153-DWQ,,Gold Mountain CSD_NOA-Memo-MRP_.pdf,No,,,,,,,,,,,,,,,,,,,,,,,,,,,,,,,,,,,,,PRESENT,,,,,,,,,,,,,,,,,,,,,,,,,,,,,,,,,,,,,PRESENT,,,,,,,,,,,,,,,,,,,,,,,,,PRESENT
228018,5A32NP00001,,Grizzly Ranch CSD,Plumas,R5-2011-0081,,r5-2011-0081.pdf,No,,,,,,PRESENT,,,,,PRESENT,,,,,,,,,,,,,,,,,,,,,,,,,,PRESENT,,,,,,,,,,,,,,,,,,,,,,,,,,,,,,,,,,,,,,,,,,PRESENT,,,,,,,,,,,,,PRESENT,,,,,,,
903974,5A320104004,Plumas Eureka CSD,Plumas Eureka Estates WWTF - WWTP 6,Plumas,2014-0153-DWQ,,PECSD_ADA_NOA.pdf,Yes,,,,,,,,,,,,,,,,,,,,,,,,,,,,,,,,,,,,,,,,,,,,,,,,,,,,,,,,,,,,,,,,,,,,,,,,,,,,,,,,,,,,,,,,,,,,,,,,,,,PRESENT
248742,5A320104004,Plumas Eureka CSD,Plumas Eureka Estates WWTF - WWTP 7,Plumas,2014-0153-DWQ,,PECSD_ADA_NOA.pdf,Yes,,,,,,,,,,,,,,,,,,,,,,,,,,,,,,,,,,,,,,,,,,,,,,,,,,,,,,,,,,,,,,,,,,,,,,,,,,,,,,,,,,,,,,,,,,,,,,,,,,,PRESENT
248936,5A320102001,Portola City,Portola WWTP,Plumas,R5-2024-0023,CA0077844,r5-2024-0023_npdes.pdf,No,,,,PRESENT,,PRESENT,,,,,,,,,,,PRESENT,,PRESENT,,PRESENT,PRESENT,PRESENT,,,,,,,,,,,,,,,,,,,,,,,,,,,,,,,,PRESENT_AND_FUTURE,,,,,,PRESENT,PRESENT,,,,,,,,,,,,,,,,,,,,,,,,,,,,PRESENT,,PRESENT,,,,,,,
204870,7A330109012,Mission Springs Water District,Alan Horton WWTP,Riverside,R7-2022-0008,,R7-2022-0008.pdf,No,PRESENT,,PRESENT,PRESENT,,PRESENT,,,,,,,,PRESENT,,,,,,,,,PRESENT,,,,,,,,,,,,,,PRESENT,,,,,,,,,,,,,,,,,,,,,,,,,,,,,,,,,,,,,PRESENT,,,,,PRESENT,,,PRESENT,,,,,,,PRESENT,,PRESENT,,,,,,,,
259170,8 330101001,Beaumont City,Beaumont WWTP No. 1,Riverside,R8-2022-0042,CA0105376,R8-2022-0042_City of Beaumont_Order_NPDES_Final 11-30-2022_esigned.pdf,No,,,,,PRESENT,PRESENT,PRESENT,,PRESENT,,,,,PRESENT,,,PRESENT,,,,,,,,,,,,,,,PRESENT,,,,,PRESENT,,,,,,,,,,,,PRESENT_AND_FUTURE,,FUTURE,PRESENT_AND_FUTURE,,,,,,,,,,,PRESENT,,,PRESENT,,,,,,,,,,,PRESENT,,,PRESENT,,,PRESENT,,,PRESENT,,,,,,,,,,,,,
209847,7B330102012,Blythe City,Blythe Regional WW Reclamation Facilities,Riverside,R7-2016-0013,,R7-2016-0013.pdf,No,,PRESENT,PRESENT,PRESENT,,PRESENT,,,,,,,,,,,PRESENT,,,,,,PRESENT,,,,,,,,,,,,,,,,PRESENT,,,,,,,,,,,,,,,,,,,,,,PRESENT,,,,,,,,,,,,,,,PRESENT,PRESENT,,,,,PRESENT,,,,,,,,,,,,,,,,,
216446,7A330105091,Coachella Valley WD,Coachella Valley WD WWTP,Riverside,R7-2023-0013,CA0104973,R7-2023-0013.pdf,No,PRESENT,,PRESENT,,,PRESENT,,,,,,,,,,,PRESENT,,PRESENT,,PRESENT,,,,,,,,,,,,,,,,FUTURE,,,,,,,,,,,,,,,,PRESENT,,,,,,,,PRESENT_AND_FUTURE,PRESENT,FUTURE,,,FUTURE,,,PRESENT,,,,,,,,,,PRESENT,,,PRESENT,,,,PRESENT,,,,,PRESENT,PRESENT,,,,,,,
259173,8 332181001,Corona City DWP,Corona WWRF #2,Riverside,R8-2011-0015,,"11-015_City of Corona, DWP Reissuance of WDR_Fac2.pdf",No,,PRESENT,PRESENT,,,,PRESENT,,PRESENT,,,,,,,,PRESENT,,,,,,,,,,,,,,,,,,,,,,,,,,,,,,,,,,PRESENT,,,,,,PRESENT,,,,PRESENT,,,,,,,,,,,,,,,,,,,,,,,,,,,,,,,,,,,,,,
219649,7A330109021,Mission Springs Water District,Desert Crest WWTP,Riverside,R7-2014-0048,,R7-2014-0048.pdf,No,PRESENT,,,PRESENT,,PRESENT,PRESENT,,,,,PRESENT,,,,,,,,,,,PRESENT,,,,,,,,,,,,,,,,,,,,,,,,,,,,,,,,,,,,,,,,,,,,,,,,,PRESENT,,,,,,,,,,PRESENT,,,,,,,,,PRESENT,,,,,,,,
259155,8 330105001,Idyllwild Water District,Idyllwild WD WWTP,Riverside,R8-2015-0028,,R8-2015-0028_Idyllwild_Water_District_WDR.pdf,No,PRESENT,,PRESENT,,,PRESENT,,,PRESENT,,,,,PRESENT,,,,,,,,,,,,,,,,,,,,,,,PRESENT,,,,,,,,,,,,,,,,,,,,PRESENT,,,,,,FUTURE,,,PRESENT_AND_FUTURE,,,,,,,,,,,PRESENT,,,,,,,,,,,,,,,,,,,,,,
259203,8 332783001,Eastern Municipal Water District,Moreno Valley RWRF,Riverside,R8-2008-0008,,08-0008 EMWD.pdf,Yes,,FUTURE,FUTURE,,FUTURE,PRESENT_AND_FUTURE,FUTURE,FUTURE,FUTURE,,,,,,,,FUTURE,,,,,,,,,,,,,,,FUTURE,,,,,FUTURE,,FUTURE,,,,,,,,,,,,,,,,,,,FUTURE,,,FUTURE,,,,,,FUTURE,FUTURE,FUTURE,,,,,PRESENT,,,,FUTURE,FUTURE,,,,,,FUTURE,FUTURE,,,,,,,,,,,FUTURE,,
247435,7A330114012,Palm Springs City,Palm Springs WWTF,Riverside,R7-2024-0009,,R7-2024-0009.pdf,No,,PRESENT,PRESENT,,,PRESENT,PRESENT,,,,,,,,,,,,,,,,PRESENT,,,,,,,,,,,,,,,,PRESENT,,,,,,,,,,,,,,,,,,,,,,,,,,,PRESENT,,,,,,,,,,PRESENT,,,PRESENT,,,PRESENT,,,,PRESENT,,,,,PRESENT,,,,,,,,
259209,8 332783001,Eastern Municipal Water District,Perris Valley RWRF,Riverside,R8-2008-0008,,08-0008 EMWD.pdf,Yes,,FUTURE,FUTURE,,FUTURE,PRESENT_AND_FUTURE,FUTURE,FUTURE,FUTURE,,,,,,,,FUTURE,,,,,,,,,,,,,,,FUTURE,,,,,FUTURE,,FUTURE,,,,,,,,,,,,,,,,,,,FUTURE,,,FUTURE,,,,,,FUTURE,FUTURE,FUTURE,,,,,PRESENT,,,,FUTURE,FUTURE,,,,,,FUTURE,FUTURE,,,,,,,,,,,FUTURE,,
259193,8 332783001,Eastern Municipal Water District,San Jacinto Valley RWRF,Riverside,R8-2008-0008,,08-0008 EMWD.pdf,Yes,,FUTURE,FUTURE,,FUTURE,PRESENT_AND_FUTURE,FUTURE,FUTURE,FUTURE,,,,,,,,FUTURE,,,,,,,,,,,,,,,FUTURE,,,,,FUTURE,,FUTURE,,,,,,,,,,,,,,,,,,,FUTURE,,,FUTURE,,,,,,FUTURE,FUTURE,FUTURE,,,,,PRESENT,,,,FUTURE,FUTURE,,,,,,FUTURE,FUTURE,,,,,,,,,,,FUTURE,,
259223,8 332783001,Eastern Municipal Water District,Sun City RWRF,Riverside,R8-2008-0008,,08-0008 EMWD.pdf,Yes,,FUTURE,FUTURE,,FUTURE,PRESENT_AND_FUTURE,FUTURE,FUTURE,FUTURE,,,,,,,,FUTURE,,,,,,,,,,,,,,,FUTURE,,,,,FUTURE,,FUTURE,,,,,,,,,,,,,,,,,,,FUTURE,,,FUTURE,,,,,,FUTURE,FUTURE,FUTURE,,,,,PRESENT,,,,FUTURE,FUTURE,,,,,,FUTURE,FUTURE,,,,,,,,,,,FUTURE,,
263145,8 332783001,Eastern Municipal Water District,Temecula Valley RWRF,Riverside,R8-2008-0008,,08-0008 EMWD.pdf,Yes,,FUTURE,FUTURE,,FUTURE,PRESENT_AND_FUTURE,FUTURE,FUTURE,FUTURE,,,,,,,,FUTURE,,,,,,,,,,,,,,,FUTURE,,,,,FUTURE,,FUTURE,,,,,,,,,,,,,,,,,,,FUTURE,,,FUTURE,,,,,,FUTURE,FUTURE,FUTURE,,,,,PRESENT,,,,FUTURE,FUTURE,,,,,,FUTURE,FUTURE,,,,,,,,,,,FUTURE,,
259196,8 332303001,Eastern Municipal Water District,Temescal Creek Outfall,Riverside,R8-2015-0006,CA8000188,R8-2015-0006_EMWD_Temescal_Creek_Discharge.pdf,No,,PRESENT_AND_FUTURE,PRESENT_AND_FUTURE,,FUTURE,FUTURE,PRESENT_AND_FUTURE,FUTURE,,,,,,FUTURE,,PRESENT,FUTURE,,,,,,,,,,,,,,PRESENT,PRESENT_AND_FUTURE,,,,,FUTURE,,FUTURE,,,,,,,,,,,,,,,,,,PRESENT,FUTURE,,,PRESENT_AND_FUTURE,PRESENT_AND_FUTURE,,,,,PRESENT_AND_FUTURE,FUTURE,FUTURE,,,,FUTURE,,,PRESENT,PRESENT,FUTURE,PRESENT_AND_FUTURE,PRESENT,,PRESENT,,,FUTURE,PRESENT_AND_FUTURE,,,,,,,,,,,FUTURE,,
270096,7A330122021,Valley Sanitary District,Valley SD WWTP,Riverside,R7-2026-0003,CA0104477,R7-2026-0003.pdf,No,PRESENT,PRESENT,PRESENT,,,PRESENT_AND_FUTURE,PRESENT_AND_FUTURE,FUTURE,,,,,,,,,PRESENT_AND_FUTURE,,PRESENT,,,,,,,,,,,,,PRESENT,,,,,,,,,,,,,,,,,,,,,,,PRESENT,,,,,,PRESENT,PRESENT,,,,,,,,,,PRESENT,,,,PRESENT,,,PRESENT,,,PRESENT_AND_FUTURE,,,,FUTURE,,,,,PRESENT,PRESENT,,,,,FUTURE,,
259218,8 332199001,MHC NAC LP,Wilderness Lakes WWTP,Riverside,R8-2009-0046,,"09-0046 MHC NAC, Inc, Wilderness Lakes RV Park WWTF.pdf",No,,,PRESENT,,,,,,,,,,,PRESENT,,,,,,,,,PRESENT,,,,,,,,,,,,,,,,,,,,,,,,,,,,,,,,,,,,,,,,,,,,,,,,,,,,,,,,,,,,,,,,,,,,,,,,,,,,
210156,5A340111001,Sacramento Cnty DPW-Elk Grove,Boys Ranch WWTF,Sacramento,R5-2004-0003,,r5-2004-0003.pdf,No,,,,PRESENT,,PRESENT,,,,,,,,,,,,,,,,,,,,,,,,,,,,,,,,,,,,,,,,,,,,,,,,,,,,,,,,,,,,,,,,,,,,,,,,,,,,,,,,,,,,,,,,,,,,,
254981,5A340108002,Sacramento Area Sewer District (SacSewer),EchoWater Resource Recovery Facility,Sacramento,R5-2026-0036,CA0077682,r5-2026-0035_npdes.pdf,No,,PRESENT,PRESENT,,PRESENT,PRESENT,PRESENT,,PRESENT_AND_FUTURE,PRESENT,PRESENT,,,,,PRESENT_AND_FUTURE,PRESENT,,,,,,,,,,,,,,,,PRESENT_AND_FUTURE,,,,PRESENT_AND_FUTURE,,,,,,,,,,,,,,,,,,PRESENT,,,,,PRESENT,PRESENT,PRESENT,,,,,,,,,,,,,,PRESENT,,,,,,,,,,PRESENT,,,,PRESENT,,PRESENT,,,,,,,
226690,5B340101001,Galt City,Galt WWTP & Reclamation Facility,Sacramento,R5-2023-0025,CAC443249,r5-2023-0025-019.pdf,No,,,PRESENT,,,PRESENT,PRESENT,,PRESENT,,,PRESENT,,PRESENT,,PRESENT,,,,,,,,PRESENT,,,,,,,,PRESENT,,,,,PRESENT_AND_FUTURE,,,,,,,,,,,,,,,,PRESENT,,,,,,,,PRESENT_AND_FUTURE,PRESENT,PRESENT_AND_FUTURE,,,PRESENT,,,,,,PRESENT,,,,,,,PRESENT,,,,,,,PRESENT,PRESENT,,,PRESENT,,,,,,,,,
251695,5B340109001,Rancho Murieta CSD,Rancho Murieta CSD WWT & Rec,Sacramento,R5-2014-0149,,R5-2014-0149.pdf,No,,,,,,,,,PRESENT,,,,,,,,PRESENT,PRESENT,,,,,,,,,,,,,,,,,,,PRESENT,,,,,,,,,,,,,,,,,,,,,,,,PRESENT,,,,,,,,,,,,,,,,,,,,,PRESENT,,,,,,,,,,,,,,,,,
739749,5A34NC00041,Sacramento MUD,Rancho Seco Recreational Area WWTF,Sacramento,2014-0153-DWQ,,rancho_seco-wqo2014-0153-R5367.pdf,No,,,,,,,,,,,,,,,,,,,,,PRESENT,,PRESENT,,,,,,,,,,,,,,,,,,,,,,,,,,,,,,,,,,,,,,,,,,,,,,,,,,,,,,,,,,,,,,,,,,,,,,,,,,,,
215236,5A340114001,Sacramento City,Sac City Combined WW Collection/TRT Sys,Sacramento,R5-2026-0003,CA0079111,r5-2026-0003_npdes.pdf,No,,,,,PRESENT,,,PRESENT,,,,,,,,,,,,,,,,,,,,,,,,,,,,,,,,,,,,,,,,,,,,,,,,,,,,,PRESENT,PRESENT,,,,,,,,,,,,,,,,,,,,,,,,,,,,,,,,,,,,,
230555,3 251223000,Hollister City,Hollister Domestic WWTP,San Benito,2016-0068-DDW,,Hollister 0068_NOA&MRP_final.pdf,No,,,,,PRESENT,PRESENT,PRESENT,,,,,,,,,PRESENT,PRESENT,PRESENT,PRESENT,,,,,,,,,,,,,PRESENT,,,,,,,PRESENT,,,,,,,,,,,PRESENT,,PRESENT,,,,,,,,,PRESENT,,,,,,,,,,,PRESENT,,,,,,,,,,,,,PRESENT,PRESENT,,,,PRESENT,,,,,,,,,
251675,3 359803001,Rancho Larios Homeowners Association,Rancho Larios WWTP,San Benito,2014-0153-DWQ,,5-27-22_0153 NOA Ranch Larios HOA Final.pdf,No,,,,,,PRESENT,PRESENT,,PRESENT,,PRESENT,,,,,,,,,,,,,,,,,,,,,,,,,,PRESENT,,,,,,,,,,,,,,,,,,,,,,,,PRESENT,,,,,,,,PRESENT,,,PRESENT,,,,,PRESENT,,,,,,,,PRESENT,,,,,,,,,,,,,,
252700,3 351000001,Sunnyslope County Water District,Ridgemark Estates WWTP,San Benito,R3-2020-0020,,5-27-22_R3-2020-0020_NOA_Ridgemark_Estates_final.pdf,No,,,,,PRESENT,PRESENT,,,,,PRESENT,,,,,,,,,,,,,,,,,,,,,,,,,,,,,,,,,,,,,,,,,,,,,,,,,,,,,,,,,,,,,,,,,,,,,,,PRESENT,,,,,,,,,,PRESENT,,,,,,,
255337,3 350102001,San Juan Bautista City,San Juan Bautista WWTP,San Benito,R3-2009-0019,CA0047902,NPDES R3-2009-0019 for San Juan Bautista WWTP.pdf,No,PRESENT,,,,,,,,PRESENT,,PRESENT,,,,,,,,,,,,,,,,,,,,,PRESENT,,,,,PRESENT,,,,,,,,,,,,,,,,,,,,PRESENT,,,,PRESENT,,,,,,,,,,,,,,,,,,,,,,,,,,,,,,,,,,,,,,
266350,3 350103001,Tres Pinos WD,Tres Pinos WWTP,San Benito,2014-0153-DWQ,,Tres Pinos 0153 NOA_final.pdf,No,,,,,,PRESENT,,,,,,,,,,,PRESENT,PRESENT,PRESENT,,,,PRESENT,,,,,,,,,,,,,,,,,,,,,,,,,,,,,,,,,,,,,,,,,,,,,,,,,,,,,,,,,,,,,,,,,,,,,,,,,,,,
204475,6B369805001,Adelanto Public Utility Authority,Adelanto WWTP,San Bernardino,R6V-2013-0058,,R6V-2013-0058 Adelanto WWTF FINAL.pdf,No,,,PRESENT,,,PRESENT,PRESENT,,,,,,,,,,,,,,,,,,,,,,,,,,,,,,PRESENT,,,,,,,,,,,,,,,,,,,,,,,,PRESENT,,,,,,,,,,,,,,,,,,,,,,,,PRESENT,PRESENT,,,,,PRESENT,,,,,,,,
208769,6B360101001,Barstow City,Barstow WWTP,San Bernardino,R6V-2019-0252,,R6V-2019-0252_WDR_Barstow.pdf,No,,PRESENT,PRESENT,,,PRESENT,PRESENT,,,,,,,,,PRESENT,,,,,,,,,,,,,,,,PRESENT,,,,,,,,,,,,,,,,,,,,,,,,,,,,,,,,,,,,,,,,,,,,,PRESENT,,PRESENT,,,PRESENT,,,,PRESENT,,,,,,PRESENT,,,,,,,
208930,7A360100011,Big Bear Area Regional WW Agency,BB Reg WWA-Lucerne Vly,San Bernardino,R7-2021-0023,,R7-2021-0023.pdf,No,,,PRESENT,,,PRESENT,PRESENT,,PRESENT,,,PRESENT,,,,,,,,,,,PRESENT,,,,,,,,,,,,,,,,,,,,,,,,,,,,,,,,,,,,,,,,,,,,,,,,,PRESENT,,,,,,,,,,,PRESENT,,,,,,,,,,,,,,,,
259146,8 360105001,Colton City,Colton WRF,San Bernardino,R8-2012-0050,CA0105236,12-0050_City_of_Colton_WDR.pdf,No,,PRESENT,PRESENT,,,PRESENT,PRESENT,,,,,PRESENT,,,,PRESENT,,,,,,,,,,,,,,,,PRESENT,,,,,,,,,,,,,,,,,,,,,,,,,,,,,PRESENT,,,,,,,,,,,PRESENT,,,,PRESENT,,,,,,,,,PRESENT,,,,,,,PRESENT,,,,,,,
259178,8 362375001,Colton/San Bernardino RTT&WRA,"Colton/San Bernadino STP, RIX",San Bernardino,R8-2013-0032,,13-0032_Coton-San_Bernardino_RTT_Water_Reclam_Auth.pdf,No,,,,,,,,,,,,,,,,,,,,,,,,,,,,,,,,,,,,,PRESENT,,,,,,,,,,,,,,,,,,,,,,,,,,PRESENT,,,,,,,,,,,,,,,,,,,,,,,,,,,,,,,,,,,,
230011,6B361111001,Helendale CSD,Helendale Silverlakes STP,San Bernardino,R6V-2018-0015,,R6V-2018-0015 Helendale CSD_Silver Lakes WWTP_6B361111001.pdf,No,,,PRESENT,,,PRESENT,,,,,,,,,,,,,,,,,PRESENT,,,,,,,,,,,,,,,,PRESENT,,,,,,,,,,,,,,,,,,,,,,PRESENT,,,,,,,,,,,,,,,,PRESENT,,,,,PRESENT,,,,,,,,,PRESENT,PRESENT,,,,,,,
806008,7A360122001,Hi Desert Water Dist,Hi-Desert WD Reclamation Facility,San Bernardino,R7-2022-0014,,R7-2022-0014.pdf,No,,,,,,PRESENT,PRESENT,,PRESENT,,,,,,,PRESENT,,,,,,,,,,,,,,,,PRESENT,,,,,,,,,,,,,,,,,,,,PRESENT,,,,,,,,,PRESENT,,PRESENT,,,,,,PRESENT,,,,,,,,,,PRESENT,,,,,,,,,,,PRESENT,,,,,,,,,
259184,8 362918001,Inland Empire Utilities Agency,IEUA Carbon Canyon WWRF,San Bernardino,R8-2022-0041,CA8000409,R8-2022-0041_IEUA_ RWRFs_WDR_and_MRP.pdf,Yes,,PRESENT,PRESENT,,,PRESENT,PRESENT,,PRESENT,PRESENT,,,,,,,PRESENT,,,,,,,,,,,,,,,PRESENT,,,,,PRESENT,,PRESENT,,,,,,,,,,,,,PRESENT,,,,,PRESENT,PRESENT,,,PRESENT,PRESENT,,,,,,,,,,,,PRESENT,,PRESENT,PRESENT,,PRESENT,PRESENT,,,,,,PRESENT,,,,,,,,,,,,,
259165,8 362918001,Inland Empire Utilities Agency,IEUA Regional Plant No. 1,San Bernardino,R8-2022-0041,CA8000409,R8-2022-0041_IEUA_ RWRFs_WDR_and_MRP.pdf,Yes,,PRESENT,PRESENT,,,PRESENT,PRESENT,,PRESENT,PRESENT,,,,,,,PRESENT,,,,,,,,,,,,,,,PRESENT,,,,,PRESENT,,PRESENT,,,,,,,,,,,,,PRESENT,,,,,PRESENT,PRESENT,,,PRESENT,PRESENT,,,,,,,,,,,,PRESENT,,PRESENT,PRESENT,,PRESENT,PRESENT,,,,,,PRESENT,,,,,,,,,,,,,
259166,8 362918001,Inland Empire Utilities Agency,IEUA Regional Plant No. 2,San Bernardino,R8-2022-0041,CA8000409,R8-2022-0041_IEUA_ RWRFs_WDR_and_MRP.pdf,Yes,,PRESENT,PRESENT,,,PRESENT,PRESENT,,PRESENT,PRESENT,,,,,,,PRESENT,,,,,,,,,,,,,,,PRESENT,,,,,PRESENT,,PRESENT,,,,,,,,,,,,,PRESENT,,,,,PRESENT,PRESENT,,,PRESENT,PRESENT,,,,,,,,,,,,PRESENT,,PRESENT,PRESENT,,PRESENT,PRESENT,,,,,,PRESENT,,,,,,,,,,,,,
742794,8 362918001,Inland Empire Utilities Agency,IEUA Regional Plant No. 4,San Bernardino,R8-2022-0041,CA8000409,R8-2022-0041_IEUA_ RWRFs_WDR_and_MRP.pdf,Yes,,PRESENT,PRESENT,,,PRESENT,PRESENT,,PRESENT,PRESENT,,,,,,,PRESENT,,,,,,,,,,,,,,,PRESENT,,,,,PRESENT,,PRESENT,,,,,,,,,,,,,PRESENT,,,,,PRESENT,PRESENT,,,PRESENT,PRESENT,,,,,,,,,,,,PRESENT,,PRESENT,PRESENT,,PRESENT,PRESENT,,,,,,PRESENT,,,,,,,,,,,,,
259169,8 362918001,Inland Empire Utilities Agency,IEUA Regional Plant No. 5,San Bernardino,R8-2022-0041,CA8000409,R8-2022-0041_IEUA_ RWRFs_WDR_and_MRP.pdf,Yes,,PRESENT,PRESENT,,,PRESENT,PRESENT,,PRESENT,PRESENT,,,,,,,PRESENT,,,,,,,,,,,,,,,PRESENT,,,,,PRESENT,,PRESENT,,,,,,,,,,,,,PRESENT,,,,,PRESENT,PRESENT,,,PRESENT,PRESENT,,,,,,,,,,,,PRESENT,,PRESENT,PRESENT,,PRESENT,PRESENT,,,,,,PRESENT,,,,,,,,,,,,,
247644,7B360115051,San Bernardino Cnty Regional Parks,Park Moabi WWTF,San Bernardino,R7-2016-0017,,0017moabi.pdf,No,,,,PRESENT,,PRESENT,,,,,,,,,,,,,,,,,PRESENT,,,,,,,,,,,,,,,,,,,,,,,,,,,,,,,,,,,,,,,,,,,,,,,,,PRESENT,,,,,,,,,,,,,,,,,,,,,,,,,,,PRESENT
747480,6B360911001,Victorville City,SCLA Central WWTP-Victorville Water Dist,San Bernardino,R6V-2014-0002,,R6V-2014-0002Adopted_Wdr_CityofVictorville.pdf,No,,,,,,PRESENT,,,PRESENT,,,,,,,,PRESENT,,,,,,,,,,,,,,,PRESENT,,,,,,,,,,,,,,,,,,,,PRESENT,,,,,,,,,,,,,,PRESENT,,,,,,,,,,,,,,,,,,,,,,,,,,,,,,,,,
835078,8 363000001,East Valley Water District,Sterling Natural Resource Center WWTF,San Bernardino,R8-2023-0009,,R8-2023-0009_EVWD_SNRC_esigned.pdf,No,,,,,,PRESENT,PRESENT,,PRESENT,,,,,,,PRESENT,,,,,,,,,,,,,,,,PRESENT,,,,,,,,,,,,,,,,,,,PRESENT,PRESENT,,,,,,,,,,,,,,PRESENT,,,,,,,,,,,,PRESENT,,,,,,,PRESENT,PRESENT,,,,,,,,,,,PRESENT,,
269589,7A360702011,US Marine Corps Twentynine Palms NREA AGCC,USMC - Mainside WWTF,San Bernardino,R7-2016-0032,,R7-2016-0032.pdf,No,,,,,PRESENT,PRESENT,,,,,,,,,,,PRESENT,,,,,,,,,,,,,,,,,,,,PRESENT,,,,,,,,,,,,,,,,,,PRESENT,,PRESENT,,,,PRESENT,,,,,,PRESENT,,,,,PRESENT,,,,PRESENT,,,,,,,PRESENT,,,,,,,PRESENT,,PRESENT,,,,,,,
851487,6B361809001,CA Dept of Transportation DO8 (San Bernardino-Riverside Office) Caltrans,Valley Wells Rest Area,San Bernardino,R6V-2021-0022,,R6V-2021-0022_WDR Order_Caltrans Valley Wells.pdf,No,,,,PRESENT,,,,,,,,,,,,,,,,,,,,,,,,,,,,,,,,,,,,,,,,,,,,,,,,,,,,,,,,,,,,,,,,,,,,,,,,,,,,,,,,,,,,,,,,,,,,,,,PRESENT
761913,6B360907006,Victor Valley Wastewater Reclamation Authority,VVWRA Sub-Regional Plant-Apple Valley,San Bernardino,R6V-2013-0004,,r6v-2013-0004_wdr_av_subreg.pdf,No,,,,,,PRESENT,PRESENT,,,,,,,,,,PRESENT,,,,,,,,,,,,,,,PRESENT,,,,,,,,,,,,,,,,,,,,PRESENT,,,,,,,,,,,PRESENT,,,,,,,,,,,,,,,,,,,,,,,,,,,,,,,,,,,,
761903,6B360907005,Victor Valley Wastewater Reclamation Authority,VVWRA- Sub-Regional Plant-Hesperia,San Bernardino,R6V-2013-0005,,r6v-2013-0005wdr_hesperia_subreg.pdf,No,,,,,,PRESENT,PRESENT,,,,,,,,,,PRESENT,,,,,,,,,,,,,,,PRESENT,,,,,,,,,,,,,,,,,,,,PRESENT,,,,,,,,,,,PRESENT,,,,,,,,,,,,,,,,,,,,,,,,,,,,,,,,,,,,
206164,1B82114OHUM,Arcata City,Arcata City WWTF,San Diego,R1-2019-0006,,19_0006_Arcata_NPDES.pdf,No,,PRESENT_AND_FUTURE,FUTURE,,,PRESENT_AND_FUTURE,PRESENT,,,,,FUTURE,,,,FUTURE,FUTURE,,PRESENT_AND_FUTURE,,,,,,,,,,,,,,,,,,,,,,,,,,,,,,,,,,,,PRESENT_AND_FUTURE,,,,,,PRESENT_AND_FUTURE,PRESENT,PRESENT_AND_FUTURE,,,,,,,,,PRESENT_AND_FUTURE,,,,PRESENT_AND_FUTURE,,,,,,PRESENT,,,,FUTURE,,,,PRESENT_AND_FUTURE,PRESENT_AND_FUTURE,,,,,,,FUTURE,
747519,5B24NP00017,Atwater City,Atwater Regional WWTF,San Diego,R5-2023-0025,,city of atwater_wwtf.pdf,No,,,PRESENT,,,PRESENT,PRESENT,,,,,PRESENT,,,,PRESENT,,,,,,,,,,,,,,,,PRESENT,,,,,PRESENT,,,,,,,,,,,,,,,,,,,,,,,,,,PRESENT,,,PRESENT,,,,,,PRESENT,,,,,PRESENT,,PRESENT,,,,PRESENT,,,,,,,,,PRESENT,,,,,,,
216719,4A560100001,Camarillo Sanitary District,Camarillo WRP,San Diego,R4-2019-0136,,1278_R4-2019-0136_WDR_PKG.pdf,No,,PRESENT,PRESENT,,,PRESENT,PRESENT,,PRESENT,,,,,,,PRESENT,,,,,,,,,,,,PRESENT,,,,PRESENT,,,,,PRESENT,,,,,,,,,,,,,,,,,,,,,,,,PRESENT,PRESENT,,,,,PRESENT,,,,,,,,,PRESENT,PRESENT,,,,,PRESENT,,,,PRESENT,,,,,PRESENT,PRESENT,,,,,,,
213270,9 000000030,Encina Wastewater Authority,Carlsbad WRF,San Diego,R9-2018-0059,CA0107395,EncinaOO_FinalOrderR9-2018-0059.pdf,Yes,PRESENT,PRESENT,PRESENT,,,PRESENT,PRESENT,,,PRESENT,,,,,,,PRESENT,,,,,,,,,,,,,,,,,,,,PRESENT,,,,,,,,,,,,PRESENT,PRESENT,PRESENT,,,,,,,,,,PRESENT,,,,,,,,,,,,,,,PRESENT,,,PRESENT,PRESENT,PRESENT,,,,,PRESENT,,,,,,PRESENT,,,,,PRESENT,,
213281,3 270101001,Carmel Area Wastewater District,Carmel Area WWTP,San Diego,R3-2014-0012,,Carmel_Area_WWTP_final.pdf,No,PRESENT,PRESENT,PRESENT,,,PRESENT,PRESENT,,PRESENT,,,,,,,,PRESENT,,,,,,,FUTURE,,,,,,,,,,,,,,,,,,,,,,,,,PRESENT_AND_FUTURE,,PRESENT,,,,,,,,,,PRESENT,PRESENT,,,,,,,,,,,,,,PRESENT,,,PRESENT_AND_FUTURE,,,,,,FUTURE,PRESENT_AND_FUTURE,,,,,,PRESENT,,,,,,,
213332,3 420101001,Carpinteria SD,Carpinteria SD WWTP,San Diego,R3-2017-0032,,Revised_CA0047364_Carpinteria.pdf,No,,PRESENT,PRESENT,,,PRESENT,PRESENT,,,,,,,,,,PRESENT,,,,,,,,,,,,,,,,,,,,,,,,,,,,,,,,FUTURE,,,,,,,,,,,,PRESENT,,,,,,,,,,,FUTURE,,,,,PRESENT,,PRESENT,,,,,,,PRESENT,,,,,PRESENT,,,,,,,,
850597,9 000003607,San Diego City Metropolitan Wastewater Dept (Public Utilities),City of San Diego North City Pure Water Facility,San Diego,R9-2020-0001,CA0109398,Adopted Amended OrderNo.R9-2020-0001 signed dwg 08-13-20.pdf,Yes,,PRESENT,PRESENT,,,PRESENT,PRESENT,,PRESENT,,,,,,,,PRESENT,,,,,,,,,,,,,PRESENT,PRESENT,,,,,,,,,,,,,,,,,,PRESENT,PRESENT,PRESENT,,,,,,PRESENT,,,PRESENT,PRESENT,PRESENT,PRESENT,PRESENT,,,,,,,,PRESENT,,,,,,,,,,,,,,,,,,,,,,,,,,,
849194,9 000003742,"Civita Water Recycling Company, LLC",Civita Water Reclamation Facility,San Diego,R9-2020-0108,,Order_R9-2020-0108_Civita-signed.pdf,No,,,,,,PRESENT,,,,,,,,,,,PRESENT,,,,,,,,,,,,,,,,,,,,,,,,,,,,,,,,,,,PRESENT,,,,,,,,,PRESENT,,,,,,,,,,,,,PRESENT,,,,,,,,,,,,,,,,,,,,,,,,,
214888,1B84032OSON,Cloverdale City,Cloverdale City WWTP,San Diego,R1-2018-0034,,18_0034_City of Cloverdale_WWTF_NPDES.pdf,No,,,,,PRESENT,PRESENT,,,,,,,,PRESENT,,,PRESENT,,PRESENT,,PRESENT,,PRESENT,,,,,,,,,,,,,,,,,,,,,,,,,,,,,,,,,,,,,,PRESENT,PRESENT,,,,,,,,,,,,,,,,,,,,,,,,,,,,,,PRESENT,,,,,,,
214933,7A330104012,Coachella SD,Coachella SD WWTP,San Diego,R7-2026-0006,CA0104493,R7-2026-0006.pdf,No,,,PRESENT,,,PRESENT_AND_FUTURE,PRESENT,,,,,PRESENT,,PRESENT,,,,,PRESENT,,,,PRESENT,,,,,,,,,PRESENT,,,,,,,,,,,,,,,,,,,,,,,,,,,,,PRESENT,PRESENT,,,,,,,PRESENT_AND_FUTURE,,,PRESENT,,,,,PRESENT_AND_FUTURE,PRESENT,,,,PRESENT_AND_FUTURE,,,,,,,,,,,,,,,,,
259171,8 330108001,Corona City DWP,Corona WWRF #1,San Diego,R8-2020-0021,,R8-2020-0021_City_of_ Corona_ (final version).pdf,No,PRESENT,PRESENT,PRESENT,,,PRESENT,PRESENT,,PRESENT,,,PRESENT,,,,,,,,,,,PRESENT,,,,,,,,,PRESENT,,,,,PRESENT,,,,,,,,,,,,,,,,,,,,PRESENT,,,,PRESENT,PRESENT,,,,,,,,,,PRESENT,,,,PRESENT,,,PRESENT,PRESENT,PRESENT,,,,,PRESENT,,,,,PRESENT,,,,,,,,
259174,8 332476001,Corona City DWP,Corona WWRF #3,San Diego,R8-2014-0015,,14-0015_City_of_Corona_DW&P_WD&RR_WRF_No_3.pdf,No,,,,,,PRESENT,,,,,,,,,,,PRESENT,,,,,,,,,,,,,,,,,,,,,,,,,,,,,,,,,,PRESENT,,,,,,,,,,PRESENT,PRESENT,,,,,,,,,,,,,,,,,,,,,,,,,,,,,,,,,,,,,
219552,2 071013001,,Delta Diablo WWTP,San Diego,R2-2026-0004,,R2-2026-0004.pdf,No,,PRESENT,PRESENT_AND_FUTURE,,PRESENT,PRESENT_AND_FUTURE,PRESENT_AND_FUTURE,,PRESENT,,,,,,,,PRESENT_AND_FUTURE,,,,,,,,,,,,,,,,FUTURE,,,,PRESENT,,PRESENT_AND_FUTURE,,,,,,,,,,PRESENT_AND_FUTURE,,,,,,,,,PRESENT,,,PRESENT_AND_FUTURE,PRESENT_AND_FUTURE,,,,,,,,,,,,,,PRESENT,,FUTURE,,PRESENT,,,,,,PRESENT_AND_FUTURE,,,,PRESENT,PRESENT,PRESENT_AND_FUTURE,,,,,FUTURE,,
220548,5A290105001,Donner Summit Public Utilities District,Donner Summit PUD WWTP,San Diego,R5-2021-0023,,R5-2021-0023_npdes.pdf,No,,,,,,PRESENT,,PRESENT,PRESENT,,,,,,,,PRESENT,,,,,,,,,,,,,,,PRESENT,,,,,,,,,,,,,,,,,,,,PRESENT,PRESENT,,,,,,,,PRESENT,PRESENT,PRESENT,,,,PRESENT,,,,,,,,,,PRESENT,,,,,PRESENT,,,,,,,,,,PRESENT,,,,,,,
897869,9 000004038,East County Advanced Water Purification Joint Powers Authority,East County Advanced Water Purification (AWP) Project,San Diego,R9-2025-0003,CA9000001,r9_2025_0003.pdf,No,,PRESENT,PRESENT,,,PRESENT,PRESENT,,PRESENT,,,,,,,,PRESENT,,,,,,PRESENT,,,,,,,PRESENT,PRESENT,,,,PRESENT,,PRESENT,,,,,,,,,,,,PRESENT,,PRESENT,,,,,,,,,,PRESENT,PRESENT,,,,,,PRESENT,,,,PRESENT,,,,PRESENT,,,PRESENT,PRESENT,,,,,,PRESENT,,,,,,PRESENT,,,,,,,
247351,9 000004083,East County Advanced Water Purification Joint Powers Authority,East County Water Recycling Facility,San Diego,R9-2025-0060,,r9_2025_0060.pdf,No,,PRESENT,PRESENT,,,PRESENT,PRESENT,,PRESENT,,,,,,,,PRESENT,,,,,,PRESENT,,,,,,,PRESENT,PRESENT,PRESENT,,,PRESENT,,PRESENT,,,,,,,,PRESENT,,,,,,,,,,,,,PRESENT,,,PRESENT,PRESENT,,,,,PRESENT,PRESENT,PRESENT,,,,,,,PRESENT,,,PRESENT,PRESENT,,,,,,PRESENT,,,,,,PRESENT,,,,,,,
222434,5B090102005,El Dorado Irrigation District,El Dorado Hills WWTP,San Diego,R5-2023-0025,,eid_edh_wwtp_mgo_noa_final.pdf,No,,PRESENT,PRESENT,,,PRESENT_AND_FUTURE,PRESENT,,PRESENT_AND_FUTURE,PRESENT_AND_FUTURE,,,,,,PRESENT,,,,,,,,,,,,,,,,PRESENT,PRESENT,,,,,,PRESENT_AND_FUTURE,,,,,,,,,,,,,,,,,,PRESENT,,,,PRESENT,,PRESENT_AND_FUTURE,,,,,,PRESENT,,,,,,,PRESENT,,,PRESENT,,,,,,,PRESENT_AND_FUTURE,,,,,,PRESENT,,,,,,,
222443,3 420108001,Santa Barbara City PWD,El Estero Water Resource Center NPDES,San Diego,R3-2019-0046,,El Estero_Final_Permit_2019-0046 pkg eff 2-1-20.pdf,No,PRESENT,PRESENT,PRESENT_AND_FUTURE,,,PRESENT,PRESENT,,,,,,,,,,PRESENT_AND_FUTURE,,,,,,,,,,,,,,,,,,PRESENT,,PRESENT,,,,,,,,,,,,PRESENT,PRESENT,PRESENT,,,,,,,,,,PRESENT,PRESENT,,,FUTURE,,,,PRESENT,PRESENT,,,,,,PRESENT,,,PRESENT,,,,,,,PRESENT,,,,,,PRESENT,,,,,,,
222754,9 000000030,Encina Wastewater Authority,Encina Ocean Outfall,San Diego,R9-2018-0059,CA0107395,EncinaOO_FinalOrderR9-2018-0059.pdf,Yes,PRESENT,PRESENT,PRESENT,,,PRESENT,PRESENT,,,PRESENT,,,,,,,PRESENT,,,,,,,,,,,,,,,,,,,,PRESENT,,,,,,,,,,,,PRESENT,PRESENT,PRESENT,,,,,,,,,,PRESENT,,,,,,,,,,,,,,,PRESENT,,,PRESENT,PRESENT,PRESENT,,,,,PRESENT,,,,,,PRESENT,,,,,PRESENT,,
222758,9 000000030,Encina Wastewater Authority,Encina Water Pollution Control Facility,San Diego,R9-2018-0059,,EncinaOO_FinalOrderR9-2018-0059.pdf,Yes,PRESENT,PRESENT,PRESENT,,,PRESENT,PRESENT,,,PRESENT,,,,,,,PRESENT,,,,,,,,,,,,,,,,,,,,PRESENT,,,,,,,,,,,,PRESENT,PRESENT,PRESENT,,,,,,,,,,PRESENT,,,,,,,,,,,,,,,PRESENT,,,PRESENT,PRESENT,PRESENT,,,,,PRESENT,,,,,,PRESENT,,,,,PRESENT,,
259214,8 330112001,Elsinore Valley Municipal Water District,EVMWD Regional WWRF,San Diego,R8-2013-0017,,13-0017_Elsinore_Valley_MWD_RWRF_Renewal_WDR_&_NPDES_Permit.pdf,No,,,,,,PRESENT,PRESENT,,,,,PRESENT,,PRESENT,,,,,,,,,,,,,,,,,,,,,,,,,,,,,,,,,,,,,,,,,PRESENT,,,,,,,,PRESENT,,,PRESENT,PRESENT,,,,,PRESENT,,,,,,,PRESENT,,,PRESENT,,,,,,,,,,,,,,,,,PRESENT
224137,9 000000115,Fallbrook Public Utility District,Fallbrook Water Reclamation Plant,San Diego,R9-2019-0169,,AmendedOrderR9-2019-0169_DigitalSignature signed dwg 12-14-21.pdf,No,,PRESENT,PRESENT,PRESENT,,PRESENT,PRESENT,,PRESENT,,,,,,,,PRESENT,,,,,,,,,,,,,,,,,,,,PRESENT,,,,,,,,,,,,PRESENT,,,,,,,,PRESENT,PRESENT,,,PRESENT,PRESENT,,,,,,,,,,PRESENT,PRESENT,,,,,,PRESENT,PRESENT,PRESENT,PRESENT,,,,PRESENT,,,,,PRESENT,PRESENT,,,,,,,
225055,1B84083OMEN,Fort Bragg City,Fort Bragg City WWTP,San Diego,R1-2019-0020,,19_0020_FortBragg_NPDES.pdf,No,,PRESENT,PRESENT,,,PRESENT,PRESENT,,PRESENT,,,,,PRESENT,,,,,,,,,,PRESENT,,,,,,,,PRESENT,,,,,,,PRESENT,,,,,,,,,,,,,,,,,,,,,,PRESENT,PRESENT,,,,,PRESENT,,,,,,,PRESENT,,PRESENT,PRESENT,,PRESENT,,,PRESENT,,,,PRESENT,,,,,,PRESENT,,,,,,,
225089,1B83135OHUM,Fortuna City,Fortuna City WWTP,San Diego,R1-2017-0005,,17_0005_Fortuna_NPDES.pdf,No,,PRESENT,PRESENT,,,PRESENT,PRESENT,,PRESENT,,,,,,,,PRESENT,,PRESENT,,,PRESENT,,,,,,,,,,,,,,,,,,,,,,,,,,,,,,,,,,,,,,,PRESENT,PRESENT,,,,,,,,,,PRESENT,,,,PRESENT,,PRESENT,PRESENT,,,,,,,PRESENT,,,,PRESENT,PRESENT,,,,,,,,
226637,9 000000206,Leucadia Wastewater District,Gafner Water Reclamation Facility,San Diego,R9-2004-0223,,R9-2004-0223 .pdf,No,,,,,PRESENT,,,,,,,,,,,,,,,,,,,PRESENT,,,,,,,,,,,,,,,,,,,,,,,,,,,,,,,,,PRESENT,PRESENT,,,PRESENT,,,,,,,,,,,,,PRESENT,,,,,,,,,,,,,,,,,,,,,,,,,
227568,3 420102001,Goleta SD,Goleta SD WWTP,San Diego,R3-2017-0021,,R3-2017-021_Goleta_finalCA0048160.pdf,No,,PRESENT,PRESENT_AND_FUTURE,,,PRESENT,PRESENT,PRESENT,,,,,,,,,PRESENT_AND_FUTURE,,,,,,,,,,,,,,,,,,,,,,PRESENT_AND_FUTURE,,,,,,,,,,,,,,,,,,PRESENT,PRESENT,,,PRESENT,PRESENT,,,,,,,FUTURE,,,,,,,PRESENT_AND_FUTURE,,FUTURE,PRESENT_AND_FUTURE,,,FUTURE,FUTURE,,,FUTURE,,,,,,PRESENT,,,,,,,
228046,8 303545001,,Groundwater Replenishment System - Advanced WTF,San Diego,R8-2022-0002,,R8-2022-0002_OCWD_NPDES.pdf,No,,,,,,PRESENT,,,,,,,,,,,,,,,,,,,,,,,,,,,,,,,,,,,,,,,,,,,PRESENT,,PRESENT,,,,,,,,,,PRESENT,PRESENT,PRESENT,,,,,,,,,PRESENT,PRESENT,,,,,,,,,,,,,,,,PRESENT,PRESENT,,,,,,,,,
229727,9 000000592,Escondido City,Hale Avenue Resource Recovery Facility (HARRF) Recycled Water,San Diego,R9-2010-0032,,HARRF R9-2010-0032.pdf,No,,PRESENT,PRESENT,,,PRESENT,PRESENT,,,PRESENT,,,,,,,PRESENT,,,,,,,,,,,,,,,,,,,,PRESENT,,,,,,,,,,,,,,,,,,,,PRESENT,PRESENT,,,PRESENT,PRESENT,PRESENT,,,,,,,,,,,,,PRESENT,,,,PRESENT,,,,,,PRESENT,,,,,,PRESENT,,,,,,,
229726,9 000000031,Escondido City,HARRF DISCH to San Elijo Ocean Outfall,San Diego,R9-2018-0002,,CA0107981_OrderR920180002.pdf,Yes,,PRESENT,PRESENT,,,PRESENT,PRESENT,,PRESENT,PRESENT,,,,,,,PRESENT,,,,,,,,,,,,,,,,,,,,PRESENT,,,,,,,,,,,,PRESENT_AND_FUTURE,PRESENT,PRESENT,,,,,,PRESENT,PRESENT,,,PRESENT,PRESENT,,,,,,,,,,,,PRESENT,,PRESENT,,,,PRESENT,,,,,,PRESENT,,,,,,PRESENT,,,,,,,
229882,2 019123001,,Hayward WPCF,San Diego,R2-2022-0023,,EBDA - R2-2022-0023.pdf,Yes,PRESENT,PRESENT,PRESENT_AND_FUTURE,,PRESENT,PRESENT_AND_FUTURE,PRESENT,,PRESENT,,,,,,,PRESENT_AND_FUTURE,PRESENT_AND_FUTURE,,PRESENT,,,,,,,,,PRESENT,,,,PRESENT_AND_FUTURE,,,,,,,PRESENT_AND_FUTURE,,,,,,,,,,PRESENT,,,,,,PRESENT,,,PRESENT,,,PRESENT_AND_FUTURE,PRESENT_AND_FUTURE,,,,,,,,,,PRESENT,,,,PRESENT,,PRESENT,PRESENT_AND_FUTURE,PRESENT,,PRESENT,,,FUTURE,PRESENT,,,,,PRESENT,,,,,,PRESENT_AND_FUTURE,,
259161,8 362222001,Yucaipa Valley Water District,Henry N. Wochholz WWRF,San Diego,R8-2015-0027,,R8-2015-0027_YVWD_Henry_N_Wochholz_RWRF.pdf,No,,PRESENT,PRESENT,,,PRESENT,PRESENT,,PRESENT,PRESENT,,,,,,PRESENT,,,,,,,PRESENT,,,,,,,,,PRESENT,,,,,,,PRESENT,,,PRESENT,,,,,,,PRESENT,,PRESENT,PRESENT,,,,,,,,,,,PRESENT,,,,,,,,,,,,,PRESENT,,,PRESENT,,,,,,,PRESENT,,,,,,,,,,,,,
231693,4A560112001,Thousand Oaks City ,Hill Canyon WWTP,San Diego,R4-2026-0152,,4917_R4-2026-0152_WDR.pdf,No,,PRESENT,PRESENT,,,PRESENT,,,PRESENT,,,,,,,PRESENT,,,,,,,,,,,,PRESENT,,,,PRESENT,,,,PRESENT,,,,,,,,,,,,,,,,,,,,,,,,,PRESENT_AND_FUTURE,PRESENT,,,,,,PRESENT,,,,,,,,PRESENT,,,PRESENT,,,,,,,PRESENT,,,,,PRESENT,PRESENT,,,,,,,
234117,9 000000109,San Diego County Sanitation District,Julian Water Pollution Facility,San Diego,2014-0153-DWQ,,Required Plans for Julian WPCF.pdf,No,,,PRESENT,,,PRESENT,,,PRESENT,,,,,PRESENT,,,,,,,,,,,,,,,,,,,,,,,,,,,,,,,,,,,,,,,,,,,,,,,,,,,,,,,,,,,,,,,PRESENT,,,,,PRESENT,,,,,,,,,,PRESENT,,,,,,,PRESENT
236019,9 000000146,Oceanside City,"La Salina WWTP, Oceanside Ocean Outfall",San Diego,R9-2019-0166,,R9-2020-0190_Final_Order signed dwg 08-17-20.pdf,Yes,,PRESENT,PRESENT,,,PRESENT,PRESENT,,PRESENT,,,,,,,PRESENT,PRESENT,,,,,,,,,,,,,,,PRESENT,,,,,PRESENT,,,,,,,,,,,,PRESENT,,PRESENT,,,,,,,,,PRESENT,PRESENT,,,,,PRESENT,,,,,,,PRESENT,,,PRESENT,,,PRESENT,PRESENT,,,,,,PRESENT,,,,,,PRESENT,,,,,,,
259220,8 360114003,San Bernardino City Municipal Water Dept,Margaret H Chandler WWRF,San Diego,R8-2017-0049,,R8-2017-0049_SBMWDWRF.pdf,No,,PRESENT,PRESENT,,,PRESENT,PRESENT,,,,,,,,,PRESENT,,,,,,,,,,,,,,,,PRESENT,,,,,,,,,,,,,,,,,,,,,,,,,,,,,PRESENT,,,,,,,,,,,PRESENT,,,,,,,PRESENT,PRESENT,,,,,,,,,,,,,,,,,,,
240177,9 000000247,Vallecitos Water District,Meadowlark WRF,San Diego,R9-2007-0018,,Order No.R9-2007-0018.pdf,No,,PRESENT,PRESENT,,,PRESENT,,,,,,,,,,,PRESENT,,,,,,,,,,,,,,,,,,,,,,,,,,,,,,,,,,,,,,,,,,,,PRESENT,,,,,,,,,,,,,,,,,,,,,,,,,,,,,,,,,,,,,,
846371,9 000000031,,Membrane Filtration/Reverse Osmosis Facility - Escondido,San Diego,R9-2018-0002,,CA0107981_OrderR920180002.pdf,Yes,,PRESENT,PRESENT,,,PRESENT,PRESENT,,PRESENT,PRESENT,,,,,,,PRESENT,,,,,,,,,,,,,,,,,,,,PRESENT,,,,,,,,,,,,PRESENT_AND_FUTURE,PRESENT,PRESENT,,,,,,PRESENT,PRESENT,,,PRESENT,PRESENT,,,,,,,,,,,,PRESENT,,PRESENT,,,,PRESENT,,,,,,PRESENT,,,,,,PRESENT,,,,,,,
259156,8 302006002,Irvine Ranch Water District,Michelson WWRF,San Diego,R8-2015-0024,,R8-2018-0070_IRWD__Amending_R8-2015-0024.pdf,Yes,PRESENT,PRESENT,PRESENT,,,PRESENT,,,PRESENT,,,,,,,PRESENT,,,PRESENT,,,,,,,,,,,,,PRESENT,,,,,PRESENT,,,,,,,,,,,,,,PRESENT,PRESENT,,,PRESENT,,,PRESENT,,,PRESENT,,PRESENT,,,,PRESENT,,,,,,PRESENT,,,PRESENT_AND_FUTURE,,FUTURE,,PRESENT_AND_FUTURE,,,FUTURE,,PRESENT_AND_FUTURE,PRESENT_AND_FUTURE,,,,,PRESENT,PRESENT,,,,,,,
244506,9 000003607,,North City WRP,San Diego,R9-2020-0001,,Adopted Amended OrderNo.R9-2020-0001 signed dwg 08-13-20.pdf,Yes,,PRESENT,PRESENT,,,PRESENT,PRESENT,,PRESENT,,,,,,,,PRESENT,,,,,,,,,,,,,PRESENT,PRESENT,,,,,,,,,,,,,,,,,,PRESENT,PRESENT,PRESENT,,,,,,PRESENT,,,PRESENT,PRESENT,PRESENT,PRESENT,PRESENT,,,,,,,,PRESENT,,,,,,,,,,,,,,,,,,,,,,,,,,,
245795,9 000000146,Oceanside City,Oceanside Ocean Outfall,San Diego,R9-2019-0166,CA0107433,AmendedOrderR920190166_Digitally Signed signed dwg 12-14-21.pdf,Yes,,PRESENT,PRESENT,,,PRESENT,PRESENT,,PRESENT,,,,,,,PRESENT,PRESENT,,,,,,,,,,,,,,,PRESENT,,,,,PRESENT,,,,,,,,,,,,PRESENT,,PRESENT,,,,,,,,,PRESENT,PRESENT,,,,,PRESENT,,,,,,,PRESENT,,,PRESENT,,,PRESENT,PRESENT,,,,,,PRESENT,,,,,,PRESENT,,,,,,,
247750,3 400105001,,Paso Robles WWTP,San Diego,R3-2021-0001,,Order R3-2021-0001_final.pdf,No,,PRESENT,PRESENT,PRESENT,,PRESENT_AND_FUTURE,PRESENT,,PRESENT,PRESENT,,,,,,,PRESENT_AND_FUTURE,,,,PRESENT_AND_FUTURE,,,,,,,,,,,PRESENT,PRESENT_AND_FUTURE,,PRESENT,,PRESENT,,PRESENT_AND_FUTURE,,,,,,,,,,,,,,,,,,,,,,PRESENT,PRESENT,PRESENT,,,,,PRESENT,,,,,,,,PRESENT,,,PRESENT,,,PRESENT,,,,PRESENT,,,,,,PRESENT,,,,,PRESENT,,
247809,9 000000145,Pauma Valley Community Services District,Pauma Valley Treatment Plant,San Diego,2014-0153-DWQ,,NOA_Pauma_Valley_WWTP signed dwg 05-12-21.pdf,No,,,,,PRESENT,,,,,,,,,,,,PRESENT,,,,,,,,,,,,,,,,,,,,,,,,,,,,,,,,,,,,,,,,,,,,,,,,,,,,,,,,,,,,PRESENT,,,,,,,,,,,,,,,,,,,,,,
248439,9 000000099,San Diego County Dept of Public Works,Pine Valley WW Polltn Cntl Fac (Pine Valley Sanitation District) OWTS,San Diego,2014-0153-DWQ,,Signed NOA with Enclosures- Pine Valley.pdf,No,,,,,,,,,,,,,,,,,PRESENT,,PRESENT,,,,,,,,,,,,,,,,,,,,,,,,,,,,,,,,,,,,,,,,,,,,,,,,,,,,,,,,,,,,,,,,,,,,,,,,,,,,,,,,
248519,3 400106001,Pismo Beach City ,Pismo Beach WWTP,San Diego,R3-2015-0016,,2015_0016_npdes.pdf.pdf,No,,,PRESENT,,,PRESENT,,,,PRESENT,,PRESENT,,,,,,,,,,,,,,,,,,,,PRESENT,,,,,,,,,,,,,,,,,,,,,,,,,,,,,,PRESENT,,,,,,,,,,PRESENT,,,,,,,PRESENT,,,,,,,PRESENT,,,,,PRESENT,,,,,,,,
248796,9 000000275,San Diego City Metropolitan Wastewater Dept (Public Utilities),Point Loma WWTP & Ocean Outfall,San Diego,R9-2026-0002,CA0107409,Point Loma_Final Permit_CA0107409.pdf,No,,PRESENT,,,,PRESENT,PRESENT,,,,,,,,,,PRESENT,,,,,,,,,,,,,,,,,,,,,,,,,,,,,,,,,,,,,,,,,,PRESENT,,PRESENT,,,,,,,PRESENT,PRESENT,,,,,,,PRESENT,,,,,,,,,PRESENT,,,,,,,PRESENT,,,,,,,
251548,9 000000217,Otay MWD,Ralph W Chapman WRF,San Diego,R9-2007-0038,,Order No. R9-2007-0038.pdf,No,PRESENT,,PRESENT,,,,PRESENT,,,,,,,,,,PRESENT,,,,,,,,,,,,,,,,,,,,,,,,,,,,,,,,,,,,,,,,,PRESENT,,,PRESENT,,,,,,,,,,,,,PRESENT,,,,,,,,,,,,,,,,,,,,,,,,,
251653,9 000000123,San Diego County Sanitation District,Rancho Del Campo WPCF OWTS,San Diego,2014-0153-DWQ,,NOA_RanchDelCampoWWTP.pdf,No,,,PRESENT,,,,,,,,,,,,,,PRESENT,,,,,,,,,,,,,,,PRESENT,,,,,,,PRESENT,,,,,,,,,,,,,,,,,,,,,,,,,,,,,,,,,,,PRESENT,,,,,,,,PRESENT,,,,,,,,,,,,,,,,,PRESENT
269042,2 019123001,,Raymond A. Boege Alvarado WWTP (Union SD),San Diego,R2-2022-0023,,EBDA - R2-2022-0023.pdf,Yes,PRESENT,PRESENT,PRESENT_AND_FUTURE,,PRESENT,PRESENT_AND_FUTURE,PRESENT,,PRESENT,,,,,,,PRESENT_AND_FUTURE,PRESENT_AND_FUTURE,,PRESENT,,,,,,,,,PRESENT,,,,PRESENT_AND_FUTURE,,,,,,,PRESENT_AND_FUTURE,,,,,,,,,,PRESENT,,,,,,PRESENT,,,PRESENT,,,PRESENT_AND_FUTURE,PRESENT_AND_FUTURE,,,,,,,,,,PRESENT,,,,PRESENT,,PRESENT,PRESENT_AND_FUTURE,PRESENT,,PRESENT,,,FUTURE,PRESENT,,,,,PRESENT,,,,,,PRESENT_AND_FUTURE,,
259149,8 360112001,Rialto City,Rialto WWRF,San Diego,R8-2014-0010,,14-0010_Rialto_City_of_Renewal_WDR_MWWTP.pdf,No,,,PRESENT,,,PRESENT,PRESENT,,PRESENT,,,,,,,,PRESENT,,,,,,,,,,,,,PRESENT,PRESENT,,,,,,,,,,,,,,,,,,,,,,,,,,,,,,PRESENT,PRESENT,PRESENT,,,,,,PRESENT,,,,,,,PRESENT,,,PRESENT,,,PRESENT,,,,PRESENT,,,,PRESENT,PRESENT,,,,,,,,
252657,2 071107001,,Richmond WPCP,San Diego,R2-2024-0008,,R2-2024-0008 West County.pdf,Yes,FUTURE,PRESENT,PRESENT_AND_FUTURE,,,PRESENT_AND_FUTURE,PRESENT_AND_FUTURE,,PRESENT,PRESENT_AND_FUTURE,,,,,,,PRESENT_AND_FUTURE,,,,,,,PRESENT_AND_FUTURE,,,,PRESENT,,,,,,,,,,,,,,,,,,,,,,,,,,,FUTURE,,,,,,PRESENT_AND_FUTURE,PRESENT_AND_FUTURE,,,,,,,,,,,,,,PRESENT_AND_FUTURE,,,PRESENT_AND_FUTURE,FUTURE,PRESENT,PRESENT,,,,PRESENT_AND_FUTURE,PRESENT_AND_FUTURE,,,,PRESENT,PRESENT,,,,,FUTURE,,
259150,8 330117003,Riverside City,Riverside City WWRF,San Diego,R8-2013-0016,,13-0016_Riverside_City_of_Dept_of_Public_Works.pdf,No,,PRESENT,PRESENT,,,PRESENT,PRESENT,,PRESENT,PRESENT,,,,,,,PRESENT,,,,,,,,,,,,,,,,,,,,PRESENT,,,,,,,,,,,,,,,PRESENT,,,,,,,,,PRESENT,PRESENT,,,,,PRESENT,,PRESENT,,,,,,,PRESENT,,,PRESENT,PRESENT,,,,,,PRESENT,,,,,,,,,,,,,
255265,9 000000125,San Elijo Joint Powers,San Elijo Water Campus,San Diego,R9-2018-0003,,CA0107999_OrderR920180003.pdf,No,,PRESENT,PRESENT,,,PRESENT,PRESENT,,PRESENT,PRESENT,,,,,,,PRESENT,,,,,,,,,,,,,,,,,,,,PRESENT,,,,,,,,,,,,PRESENT,,PRESENT,,,,,,PRESENT,PRESENT,,,,,,,,,,,,,,,,,,,,PRESENT,,,,,,,PRESENT,PRESENT,,,,,,PRESENT,,,,,,,
255368,2 019123001,,San Leandro WPCP,San Diego,R2-2022-0023,,EBDA - R2-2022-0023.pdf,Yes,PRESENT,PRESENT,PRESENT_AND_FUTURE,,PRESENT,PRESENT_AND_FUTURE,PRESENT,,PRESENT,,,,,,,PRESENT_AND_FUTURE,PRESENT_AND_FUTURE,,PRESENT,,,,,,,,,PRESENT,,,,PRESENT_AND_FUTURE,,,,,,,PRESENT_AND_FUTURE,,PRESENT_AND_FUTURE,,,,,,,,PRESENT,,,,PRESENT_AND_FUTURE,,PRESENT_AND_FUTURE,,,PRESENT,,,PRESENT_AND_FUTURE,PRESENT_AND_FUTURE,,,,,,,,,,PRESENT,,,,PRESENT,,PRESENT,PRESENT_AND_FUTURE,PRESENT,,PRESENT,,,FUTURE,PRESENT,,,,PRESENT,PRESENT,,,,,,PRESENT_AND_FUTURE,,
255392,9 000000146,Oceanside City,San Luis Rey Water Reclamation Facility (NPDES - Ocean Discharge),San Diego,R9-2019-0166,,Oceanside_Final_Adopted_Order_R9-2019-0166 (1).pdf,Yes,,PRESENT,PRESENT,,,PRESENT,PRESENT,,PRESENT,,,,,,,PRESENT,PRESENT,,,,,,,,,,,,,,,PRESENT,,,,,PRESENT,,,,,,,,,,,,PRESENT,,PRESENT,,,,,,,,,PRESENT,PRESENT,,,,,PRESENT,,,,,,,PRESENT,,,PRESENT,,,PRESENT,PRESENT,,,,,,PRESENT,,,,,,PRESENT,,,,,,,
255679,9 000000077,Ramona MWD,Santa Maria WWTP,San Diego,R9-2016-0154,,R9-2016-0154 Signed.pdf,No,PRESENT,,PRESENT,,,,,PRESENT,PRESENT,,,,,,,,PRESENT,,,,,,,,,,,,,,,,,,,,PRESENT,,,,,,,,,,,,,,,,,,,,,PRESENT,,,PRESENT,,,,,,,,,,,,,,,,PRESENT,,,PRESENT,,PRESENT,,,,,,,,,,,,,,,,,
256011,3 440103001,Scotts Valley,Scotts Valley WWTP,San Diego,R3-2013-0001,,Scotts Valley WWTP NPDES Permit R3-2013-0001.pdf,No,,,,,PRESENT,PRESENT,PRESENT,,PRESENT,,,,,,,,PRESENT,,,,,,,,,,,,,,,,,,,,,,,,,,,,,,,,,,,,,,,,,,,,,,,,,PRESENT,,,,,,,,,,,,,,,,,,,,,,,,,,PRESENT,,,,,,,
261253,4A560110001,Simi Valley City,Simi Valley WQCP,San Diego,R4-2026-0150,,Adopted Simi Valley NPDES Permit CI 3021 05282026_ADAchecked_signed.pdf,No,,PRESENT,PRESENT,,,PRESENT,PRESENT,,PRESENT,,,,,,,PRESENT_AND_FUTURE,,,,,,,,PRESENT,,,,,,,,PRESENT,,,,,PRESENT,,,,,,,,,,,,,,,,,,,,,,,,PRESENT,PRESENT,,,,,,,,,,,,,,,,,,,,,,,,,,,,,,PRESENT,,,,,,,
257821,9 000000732,United States Section of the International Boundary and Water Commission (USIBWC),South Bay International WWTP,San Diego,R9-2021-0001,CA0108928,r9-2021-0001-amended-r9-2023-0009-amended-r9-2026-0005.pdf,No,,PRESENT,PRESENT,,,PRESENT,PRESENT,,,PRESENT,,,,,,,PRESENT,,,,,,,,,,,,,,,,,,,,,,,,,,,,,,,,,,,,,,,,PRESENT,,,,PRESENT,,,,,,,PRESENT,PRESENT,,,,,,,,,,,,,,,,PRESENT,PRESENT,,,PRESENT,,,,,,,,,,
257831,9 000000900,San Diego City Metropolitan Wastewater Dept (Public Utilities),South Bay WRP,San Diego,R9-2021-0011,CA0109045,r9-2021-0011-amended-r9-2026-0006.pdf,No,,PRESENT,PRESENT,,,PRESENT,PRESENT,,PRESENT,,,,,,,,PRESENT,,,,,,,,,,,,,,,PRESENT,,,,,,,,,,,,,,,,,PRESENT,,PRESENT,,,,,,,,,,,,PRESENT,,,PRESENT,,,,,,,,,,PRESENT,,,,,,,,,,PRESENT,,,,,,PRESENT,,,,,,,
257887,3 400111001,South San Luis Obispo CSD,South San Luis Obispo SD WWTP,San Diego,R3-2019-0002,,So_SLO_Order R3-2019-0002_final.pdf,No,,PRESENT,PRESENT_AND_FUTURE,,FUTURE,,,,,,,,,,,,FUTURE,,,,,PRESENT,,,,,,,,,,,,,,,,,PRESENT,,,,PRESENT_AND_FUTURE,,,,,,,,,,,,,,,,,,PRESENT,PRESENT,,,,,,,,,,,,,,,,,,PRESENT,,PRESENT,,,,,,,,,PRESENT,,,,,,,,
259689,6A181554001,Susanville SD,Susanville Sanitary District WWTP,San Diego,R6T-2008-0022,,r6t_2008_0022_attach_f_i.pdf,No,,,PRESENT,,,PRESENT,PRESENT,,,,,PRESENT,,PRESENT,,,,,,,,,,,,,,,,,,,,,,,,,,,,,,,,,,,,,,,,,PRESENT,,,,,,PRESENT,PRESENT,PRESENT,,,,,,,,,PRESENT,,PRESENT,,,,,,PRESENT,,,,,,,,,,PRESENT,,PRESENT,,,,,,,
266940,4B190104001,Las Virgenes MWD,Tapia WRF,San Diego,R4-2017-0124,,4760_R4-2017-0124_WDR_PKG.pdf,No,,PRESENT,PRESENT,PRESENT,,PRESENT,PRESENT,,PRESENT,,,,,,,PRESENT,,PRESENT,,,,,,PRESENT,,,,,,,,PRESENT,PRESENT,,,,PRESENT,,,,,,,,,,,,PRESENT_AND_FUTURE,,FUTURE,PRESENT,,,PRESENT,,PRESENT,PRESENT,,,PRESENT,PRESENT,,,,,PRESENT,,,,,FUTURE,,,,,PRESENT,,,PRESENT,,,,,,,,,,PRESENT,PRESENT,PRESENT,,,,,,,
259216,8 332253001,Temescal Valley Water District,Temescal Valley WD WWRF,San Diego,R8-2012-0028,,12-0028_Lee_Lake_Water_Dist_WDR.pdf,No,,,PRESENT,,,PRESENT,PRESENT,,PRESENT,,PRESENT,,,,,,,,,,,,,,,,,,,,,,,,,,,,,,,,,,,,,,,,,,,,,,,PRESENT,,,PRESENT,PRESENT,,,,,,,,,,,,,,,PRESENT,,,PRESENT,,PRESENT,,,,,,,,,PRESENT,,,,,,,,
269543,1B72033OSON,US Coast Guard Tracen,US Coast Guard TRACEN - Tomales,San Diego,R1-2012-0033,,12_0033_WDR_USCG.pdf,No,,,,,PRESENT,PRESENT,PRESENT,,PRESENT,,,,,,,,PRESENT,PRESENT,,,,,,,,,,,,,,,PRESENT,,,,,,,,,,,,,,,,,,,,,,,,PRESENT,,,,PRESENT,,,,,,PRESENT,,,,,,,,,,PRESENT,,PRESENT,,,PRESENT,,,,,,,,,,,,,,,,,
269989,9 000000030,Encina Wastewater Authority,Vallecitos WD Meadowlark WRP,San Diego,R9-2018-0059,,EncinaOO_FinalOrderR9-2018-0059.pdf,Yes,PRESENT,PRESENT,PRESENT,,,PRESENT,PRESENT,,,PRESENT,,,,,,,PRESENT,,,,,,,,,,,,,,,,,,,,PRESENT,,,,,,,,,,,,PRESENT,PRESENT,PRESENT,,,,,,,,,,PRESENT,,,,,,,,,,,,,,,PRESENT,,,PRESENT,PRESENT,PRESENT,,,,,PRESENT,,,,,,PRESENT,,,,,PRESENT,,
270419,6B360109001,Victor Valley Wastewater Reclamation Authority,Victor Valley Wastewater Reclamation Authority WTP,San Diego,R6V-2020-0028,,r6v_2020_0028_vvwra_npdes_permit.pdf,No,,PRESENT,PRESENT,PRESENT,,PRESENT,PRESENT,,PRESENT,PRESENT,,,,,,PRESENT,PRESENT,,,,,,,PRESENT,,,,,,,,PRESENT,,,,,PRESENT,,,,,,,,,,,,,,,,PRESENT,,PRESENT,,PRESENT,,,,,,PRESENT,,,,,,PRESENT,,,PRESENT,,,,PRESENT,,,,,,PRESENT,,,,PRESENT,PRESENT,,,,PRESENT,PRESENT,,,,,,,PRESENT
272082,2 071107001,,West County WW District WPCP,San Diego,R2-2024-0008,,R2-2024-0008 West County.pdf,Yes,FUTURE,PRESENT,PRESENT_AND_FUTURE,,,PRESENT_AND_FUTURE,PRESENT_AND_FUTURE,,PRESENT,PRESENT_AND_FUTURE,,,,,,,PRESENT_AND_FUTURE,,,,,,,PRESENT_AND_FUTURE,,,,PRESENT,,,,,,,,,,,,,,,,,,,,,,,,,,,FUTURE,,,,,,PRESENT_AND_FUTURE,PRESENT_AND_FUTURE,,,,,,,,,,,,,,PRESENT_AND_FUTURE,,,PRESENT_AND_FUTURE,FUTURE,PRESENT,PRESENT,,,,PRESENT_AND_FUTURE,PRESENT_AND_FUTURE,,,,PRESENT,PRESENT,,,,,FUTURE,,
272444,5B39NP00073,,White Slough Water Pollution Control Facility,San Diego,R5-2023-0025,,R5-2023-0025-010.pdf,No,,PRESENT,PRESENT,,,PRESENT,PRESENT,,,,,,,,,PRESENT,,,,,,PRESENT,,,,,,,,,,PRESENT,,,,,PRESENT,,,,,,,,,,,,,,,,,,,,,,,,,,PRESENT,,,,,,,,,,,,,,,,PRESENT,,,,,,,PRESENT,,,,,,,,,,,,,
272975,9 000000830,Valley Center MWD,Woods Valley Ranch Water Reclamation Facility,San Diego,R9-2015-0104,,Order No. R9-2015-0104- final.pdf,No,,,PRESENT,,,PRESENT,,,PRESENT,,,,,,,,PRESENT,,,,,,,,,,,,,,,PRESENT,,,,,PRESENT,,,,,,,,,,,,,,,PRESENT,,,,,,PRESENT,,,PRESENT,,,,,,,,,,,,,PRESENT,,,,,,,,,,,,,,,,,,,,,,,,,
259205,8 332353001,Western Riverside County Regional Wastewater Authority,WRCRWA Regional WWRF,San Diego,R8-2015-0013,,R8-2015-0013_WRCRWWA.pdf,No,,PRESENT,PRESENT,,,PRESENT,PRESENT,,PRESENT,,,PRESENT,,,,,PRESENT,,,,,,,,,,,,,,,PRESENT,,,,,PRESENT,,PRESENT,,,,,,,,,,PRESENT,,,,,,PRESENT,,,,,,PRESENT,PRESENT,,,,PRESENT,PRESENT,,PRESENT,,,PRESENT,,PRESENT,,PRESENT,PRESENT,,,PRESENT,,PRESENT,,,,PRESENT,,,,,,,,,,,,PRESENT,
256498,2 386009001,San Francisco Public Utilities Commission,SF - OCEANSIDE Water Pollution Control Plant,San Francisco,R2-2019-0028,CA0037681,R2-2019-0028.pdf,No,,PRESENT,PRESENT,,,PRESENT,PRESENT,,PRESENT,,,,,,,,PRESENT,,,,,,,,,,,,,,,,,,,,,,,,,,,,,,,,PRESENT,,,,,,,,,,,,,,,,,PRESENT,,,,,,,,,,,,,,,,,,,,,,,,,,,,,,,,,
256499,2 386010001,San Francisco Public Utilities Commission,"SF-SE Water Pollution Control Plant, N-Point & Bayside",San Francisco,R2-2013-0029,CA0038873,R2-2013-0029.pdf,No,,PRESENT,PRESENT_AND_FUTURE,,,PRESENT,PRESENT,,,,,,,,,,PRESENT_AND_FUTURE,,,,,,,,,,,,,,,,,,,,,,,,,,,,,,,,,,,,,,,,,,,,PRESENT_AND_FUTURE,PRESENT,,,,FUTURE,,PRESENT,PRESENT,,,,,,,PRESENT,,,,PRESENT,,,,,,PRESENT,,,,,PRESENT,PRESENT,,,,,,,
266328,2 386013001,US Navy Treasure Island,Treasure Island WWTP/DOD,San Francisco,R2-2020-0020,CA0038873,R2-2020-0020.pdf,No,,PRESENT,PRESENT,,,PRESENT,PRESENT,PRESENT,PRESENT,,,,,,,,PRESENT,,,,,,,,,,,,,,,,,,,,,,PRESENT,,,,,,,,,,,,,PRESENT,,,PRESENT,,,,,,PRESENT,PRESENT,PRESENT,,,,,,,,,,,,,,,,,,,,,,FUTURE,,,,,PRESENT,,PRESENT,,,,,,,
271781,5B39NP00085,Lathrop City,City of Lathrop Consolidated Treatment Facility,San Joaquin,R5-2022-0004,CA0085359,r5-2022-0004-01_npdes.pdf,No,,,,,,PRESENT,PRESENT,,PRESENT,,,,,,,,PRESENT,,,,,,,,,,,,,,,PRESENT,,,,,,,,,,,,,,,,,,,,PRESENT,,,,,,,,,PRESENT,PRESENT,,,,,,,,,,,,,,,,,PRESENT,,,PRESENT,,,,,,,,,,,,,,,,,
239343,5B390104001,Manteca City,City of Manteca WW Quality Control Facility,San Joaquin,R5-2026-0034,CA0081558,r5-2026-0034_npdes.pdf,No,,PRESENT,PRESENT,,,PRESENT,PRESENT,,PRESENT,PRESENT,,,,,,PRESENT_AND_FUTURE,,,,,,,,,,,,,,,,PRESENT_AND_FUTURE,,,,,PRESENT,,PRESENT,,,,,,,,,,,,,,,,,,PRESENT,PRESENT,,,,,PRESENT,,,,,,PRESENT,,,,,,,PRESENT,,,,PRESENT,,PRESENT,,,,PRESENT,,,,,PRESENT,PRESENT,,,,,,,
237113,5B39NC00035,San Joaquin Cnty,CSA 44-Zone G (Linne),San Joaquin,2014-0153-DWQ,,San Joaquin County_ NOA.pdf,No,,,,,PRESENT,PRESENT,,,PRESENT,,,,,,,PRESENT,PRESENT,,,,,,,,,,,,,,,PRESENT,,,,,PRESENT,,,,,,,,,,,,,,,,,,,,,,,,,,,PRESENT,,PRESENT,,,,,,,,PRESENT,,,PRESENT,,,,,,,,,,,,,,,,,,,,,,PRESENT
237252,5B390102002,Lockeford CSD,Lockeford CSD WWTP,San Joaquin,R5-2007-0179,,R5-2007-0179.pdf,No,,,,,,PRESENT,,,,,,,,,,,PRESENT,,,,,,,PRESENT,,,,,,,,,,,,,,,,,,,,,,,,,,,,,,,,,,,,,PRESENT,,,,,,,,,,,,,,,,,,,,,,,,,,,,,,,,,,,,,,
241598,5B391078003,Mountain House City,Mountain House WWTP,San Joaquin,R5-2023-0033,CA0084271,r5-2023-0033-01_npdes.pdf,No,,,,,,PRESENT_AND_FUTURE,PRESENT_AND_FUTURE,,PRESENT,PRESENT_AND_FUTURE,PRESENT_AND_FUTURE,,,,,PRESENT,,,PRESENT_AND_FUTURE,,,,,,,,,,,,,PRESENT_AND_FUTURE,,,,,PRESENT_AND_FUTURE,,,,,,,,,,,,,,,PRESENT_AND_FUTURE,,,,,,PRESENT,,,PRESENT_AND_FUTURE,PRESENT,PRESENT_AND_FUTURE,,,,,,,,,,,PRESENT,,,PRESENT,,,PRESENT_AND_FUTURE,,PRESENT,,,,PRESENT,,,,,,,,,,,,,
241099,5B391070001,Oakwood Lake Water District,Oakwood Lake WWTF,San Joaquin,R5-2006-0114-002,,R5-2006-0114.pdf,No,,,,,PRESENT,PRESENT,,,PRESENT,,PRESENT,,,,,,,,,,,,,PRESENT,,,,,,,,PRESENT,,,,,PRESENT,,,,,,,,,,,,,,,,,,,,,,,,,,,,,PRESENT,PRESENT,,PRESENT,,,,,,,,,PRESENT,,,,,,,,PRESENT,,,,,,,,,,,,,
266223,5B390108001,Tracy City,Tracy WWTP,San Joaquin,R5-2022-0073,CA0079154,r5-2022-0073_npdes.pdf,No,,PRESENT_AND_FUTURE,PRESENT_AND_FUTURE,,,PRESENT_AND_FUTURE,,,PRESENT_AND_FUTURE,PRESENT,,,,,,PRESENT_AND_FUTURE,,PRESENT,PRESENT,,,,,,,,,,,,,PRESENT_AND_FUTURE,,,,,,,,,,,,,,,,,,,,,,,,,,,,,PRESENT,PRESENT,,,,,,,,,,PRESENT,,,,,,PRESENT_AND_FUTURE,PRESENT,PRESENT,,PRESENT_AND_FUTURE,,,,PRESENT,,,,,,PRESENT,,,,,,,
258739,5B390107001,Stockton City,Wastewater Recovery Center,San Joaquin,R5-2025-0027,CA0079138,r5-2025-0027_npdes.pdf,No,,PRESENT,PRESENT,,,PRESENT,PRESENT,,PRESENT,PRESENT,,,,,,PRESENT_AND_FUTURE,,PRESENT,PRESENT,,,PRESENT,,,,,,,,,,,PRESENT,,,,PRESENT,,PRESENT,,,,,,,,,,,,,,,,PRESENT_AND_FUTURE,,,,,,PRESENT,PRESENT,PRESENT,,,,,,,,,PRESENT,,PRESENT,,PRESENT,,,PRESENT,PRESENT,,,,,,PRESENT,PRESENT,,,,,PRESENT,,,,,PRESENT,,
206651,3 400801001,California Department of State Hospitals,Atascadero State Hospital,San Luis Obispo,R3-2020-0020,,Atascadero State Hospital Revised NOA MRP_Final.pdf,No,PRESENT,PRESENT,,,,PRESENT,,,,,,,,,,,,,,,,,,,,,,,,,,,,,,,,,PRESENT,,,,,,,,,,,,,,,,,,,,,,,,,,,PRESENT,,,,,,,,,,PRESENT,,,,,,PRESENT,,,,,,,,,,,PRESENT,,,,,,
206653,3 400100001,Atascadero City,Atascadero WWTP,San Luis Obispo,R3-2020-0020,,R3-2020-0020 NOA MRP City of Atascadero_final.pdf,No,,,,,,PRESENT,,,,,,,,,,,,PRESENT,,,,,,,,,,,,,,,,,,,,,,,,,,,,,,,,,,,,,,,,,,,,,,,,PRESENT,,,,,,PRESENT,,,,,,,,,,PRESENT,,,,,,,,PRESENT,,,,,,,,,
206888,3 400101001,Avila Beach CSD,Avila WWTP,San Luis Obispo,R3-2017-0025,CA0047830,R3-2017-0025 FINAL.pdf,No,PRESENT,PRESENT,PRESENT,,,PRESENT,,,,,,,,,,,,,,,,,,,,,,,,,,,,,,,,,PRESENT,,,,PRESENT,,,,,,,,,,,,,,,,,,PRESENT,PRESENT,,,,,,,,,,,,,,PRESENT,,PRESENT,,,,,,,,,,,,,,,,,,,,,
212681,3 400108001,Ca Dept of Corrections San Luis Obispo,California Men's Colony WWTP,San Luis Obispo,R3-2020-0005,CA0047856,CMC NPDES Order R3-2020-0005 amended for new MRP.pdf,No,,,PRESENT,,,PRESENT,PRESENT,,,,,PRESENT,,,,,,,,,,,,,,,,,,,,,,,,,PRESENT,,,,,,,,,,,,,,,,,,,,,,,,PRESENT_AND_FUTURE,PRESENT_AND_FUTURE,PRESENT_AND_FUTURE,,,,,,,,,PRESENT,,,,,,,,PRESENT,,,,,,,,,,,,,,,,,,,
212858,3 400102001,Cambria Community Services District,Cambria CSD WWTP,San Luis Obispo,R3-2020-0020,,12-8-25_Cambria CSD 2020-0020_NOA.pdf,No,,,PRESENT,,,PRESENT,PRESENT,,PRESENT,,,,,,,,PRESENT,,,,,,,,,,,PRESENT,,,,PRESENT,,,,,,,,,,,,,,,,,,,,,,,,,,,,,,,,,,PRESENT,,,PRESENT,,,,,,,,PRESENT,,PRESENT,,,,,,,PRESENT,,,,,PRESENT,PRESENT,,,,,,,
824400,3 401019759,Cayucos SD,Cayucos SD WWTP,San Luis Obispo,R3-2020-0004,CA3000001,Order R3-2020-0004_final.pdf,No,,,,,,PRESENT,PRESENT,,PRESENT,,,,,,,,PRESENT,,,,,,,,,,,,,,,PRESENT,,,,,,,,,,,,,,,,,,,,PRESENT,,,,,,,,,,,PRESENT,,,,,,,,,,,,,,,,PRESENT,,,,,,,,,,,,PRESENT,PRESENT,,,,,,,
882248,3 400322963,City of Morro Bay,City of Morro Bay Water Reclamation Facility,San Luis Obispo,R3-2022-0029,CA3000002,7-18-22_MorroBay_finalorder.pdf,No,,,,,PRESENT,PRESENT,PRESENT,,,,,,,,,,PRESENT,,,,,,,,,,,,,,,PRESENT,,,,,,,,,,,,,,,,,PRESENT,,,PRESENT,,,,,,,,,PRESENT,PRESENT,PRESENT,,,,,,PRESENT,,,PRESENT,,,,,,,PRESENT,,,,,,,,,,,,,PRESENT,,,,,,,
215915,3 401039001,San Luis Obispo CSA #18 San Luis Obispo Country Club,Country Club Estates SLO Co CSA-18,San Luis Obispo,2014-0153-DWQ,,11-20-25_2025_CSA18_NOA_final.pdf,No,PRESENT,,,,PRESENT,PRESENT,,,,,,,,PRESENT,,,,,PRESENT,,,,,,,,,,,,,,,,,,,,,,,,,,,,,,,,,,,,,,,,,,PRESENT,,,,,,,,,,,,,,,,,,,,,,,,,,,,,,,,,,,,,,
216491,3 401076001,Cypress Ridge Limited Partnership,Cypress Ridge Sewer Facility,San Luis Obispo,2014-0153-DWQ,,0153 NOA and MRP for Cypress Ridge WWTP_final.pdf,No,PRESENT,,,,,PRESENT,,,,,PRESENT,,,,,PRESENT,,,,,,,,,,,,,,,,PRESENT,,,,,PRESENT,,,,,,,,,,,,,,,,,,,,,PRESENT,,,PRESENT,,,,,,,,PRESENT,,,,,,,,PRESENT,,PRESENT,,,,,,,,,,,,PRESENT,,,,,,,,
230132,3 401013001,Heritage Ranch CSD,Heritage Ranch WWTP,San Luis Obispo,R3-2017-0026,CA0048941,R3-2017-0026 Final.pdf,No,,,,,,PRESENT,PRESENT,,,,,,,,,,PRESENT,PRESENT,PRESENT,,PRESENT,,PRESENT,,,,,,,,,,,,,,PRESENT,,,,,,,,,,,,,,,,,,,,,,,,,PRESENT,,,,,,,,,,,,,,,,,,,,,,,,,,,,,,,,,,,,,
240168,3 400115001,Templeton CSD,Meadowbrook WWTF (Templeton CSD),San Luis Obispo,R3-2020-0020,,3-23-26_NOA_MRP_TempletonCSD.pdf,No,,,,,PRESENT,PRESENT,,,,,,,,,,,PRESENT,PRESENT,PRESENT,,PRESENT,,,,,,,,,,,,,,,,,,,,,,,,,,,,,,,,,,,,,,,,,,,,,,,,,,,,,,,,,PRESENT,,,,,,,,,,,,,,,,,,,,,
241479,3 400103001,Morro Bay SD,Morro Bay/Cayucos WWTP,San Luis Obispo,R3-2017-0050,,Final R3-2017-0050.pdf,No,,PRESENT,PRESENT,,,PRESENT_AND_FUTURE,PRESENT,,,,,,,,,,,,,,,,,,,,,,,,,,,,,,,,PRESENT,,,,,,,,,,,,,,,,,,,,,,FUTURE,PRESENT,,,,,,,,,,,,,,,,PRESENT_AND_FUTURE,,,,PRESENT,,,,,,,,,PRESENT,,,,,,,,
244360,3 401028001,Nipomo CSD,Nipomo CSD Black Lake - Reclaimed Water Producer,San Luis Obispo,2014-0153-DWQ,,Nipomo_Blacklake_NOA_final.pdf,No,PRESENT,,,,,PRESENT,,,,,,,,,,,PRESENT,,PRESENT,,,,,,,,,,,,,,,,,,,,,,,,,,,,,,,,,,,,,,,,,,PRESENT,,,,,,,,,,,,,,,,,,,PRESENT,,,,,,,,,,,PRESENT,,,,,,,,
244361,3 400104001,Nipomo CSD,Nipomo CSD Southland Treatment Facility,San Luis Obispo,R3-2020-0020,,Nipomo_Southland_BigOrder_NOA_final.pdf,No,PRESENT,,PRESENT_AND_FUTURE,,FUTURE,PRESENT,,,,,,,,PRESENT_AND_FUTURE,,,PRESENT_AND_FUTURE,,PRESENT,,,,,,,,,,,,,,,,,,,,,,,,,,,,,,,,,,,,,,,,,,,,,,,,,,FUTURE,,,,,,,,,,PRESENT,,,PRESENT_AND_FUTURE,,,,PRESENT_AND_FUTURE,,,,PRESENT,,,,,,,,,
245581,3 400113003,San Luis Obispo CSA #07 Oak Shores,Oak Shores Development CSA-7A,San Luis Obispo,2014-0153-DWQ,,0153-NOA_Oak Shores Development_final.pdf,No,,,,,,PRESENT,,,,,,,,,,,PRESENT,,,,PRESENT,,,,,,,,,,,,,,,,,,,,,,,,,,,,,,,,,,,,,,,,,,,,,PRESENT,,,,,,,,,,,,,,,,,,,,,,,,,,,,,,,,,
251631,3 401019001,Rancho Colina MH Estates STP,Rancho Colina MH Estates STP,San Luis Obispo,2014-0153-DWQ,,Ranch Colina 0153 NOA Final.pdf,No,,,,,PRESENT,PRESENT,,,,,,,,PRESENT,,,,,,,,,,,,,,,,,,,,,,,,,,,,,,,,,,,,,,,,,,,,,,,PRESENT,,,,,,,,,,,,,,,,,,,,,PRESENT,,,,,,,,,,,PRESENT,,,,,,PRESENT
255380,3 400107001,San Luis Obispo City,San Luis Obispo WWTP,San Luis Obispo,R3-2024-0001,CA0049224,Order R3-2024-0001.pdf,No,PRESENT,PRESENT,PRESENT,,,PRESENT,PRESENT,,PRESENT,PRESENT,,,,,,PRESENT,,,,,,,PRESENT,,,,,PRESENT,,,,,,,,,PRESENT,,,,,,,,,,,,,,,,PRESENT,,,,,,,,PRESENT,PRESENT,PRESENT,,,,,,,,,,,,,PRESENT,,PRESENT,PRESENT,,,PRESENT,,,,PRESENT,,,,,PRESENT,,,,,,,,
255430,3 400109001,San Miguel CSD,San Miguel CSD Machado WWTP,San Luis Obispo,R3-2020-0020,,1-15-26_San Miguel revised NOA and MRP.pdf,No,,,,,,PRESENT,,,,,,,,,,,PRESENT,,PRESENT,,,,,,,,,,,,,,,,,,,,,,,,,,,,,,,,,PRESENT,,,,,,,,,,,,,,PRESENT,,,,,,,,,,,,,,,,PRESENT,,,,,,,,,,,,,,,,,
272525,3 401021001,San Miguelito Mutual Water Company,San Miguelito Wild Cherry Canyon,San Luis Obispo,R3-2020-0020,,R3-2020-0020 NOA San Miguelito_final.pdf,No,,,,,PRESENT,PRESENT,,,,,,,,,,,PRESENT,,PRESENT,,PRESENT,,,,,,,,,,,,,,,,,,,,,,,,,,,,,,,,,,,,,,,,,,,,,PRESENT,,,,,,,,,,,,,,,,,,,,,,,,,,,,,,,,,
255462,3 400110001,San Simeon CSD,San Simeon WWTP,San Luis Obispo,R3-2022-0003,CA0047961,Order R3-2022-0003_signed.pdf,No,PRESENT,,PRESENT,,PRESENT,PRESENT,,,PRESENT,,,,,,,,PRESENT,,,,,,,,,,,,,,,,,,,,,,,,,,,,,,,,PRESENT,,,,,,,,,,PRESENT,,PRESENT,PRESENT,,FUTURE,,FUTURE,,,,,,,,,,,PRESENT,,,,,,,,,,,,,,PRESENT,,,,,,,,
210839,2 417005001,Burlingame City PWD,Burlingame WWTP,San Mateo,R2-2023-0010,CA0037788,Burlingame R2-2023-0010.pdf,No,,PRESENT,PRESENT,,PRESENT,PRESENT,PRESENT,,,,,,,,,,PRESENT,,,,,,,,,,,,,,,,,,,,,,,,,,,,,,,,,,,,,,,,,,,,PRESENT,PRESENT,,,,,,,,,,,,,,PRESENT,,,PRESENT,PRESENT,,,,,,PRESENT,,,,,PRESENT,PRESENT,,,,,,,
212585,2 417022002,City of Pacifica,Calera Creek Water Recycling Plant,San Mateo,R2-2022-0029,CA0038776,CA0038776 R2-2022-0029 NPDES Permit.pdf,No,,,,,,PRESENT_AND_FUTURE,PRESENT_AND_FUTURE,,PRESENT,,PRESENT,,,,,,,,,,,,,,,,,,,,,,PRESENT,,,,PRESENT,,,,,,,,,,,,,,,,,,PRESENT_AND_FUTURE,,,,,,FUTURE,FUTURE,PRESENT_AND_FUTURE,,,,,,,,,,,,,PRESENT,PRESENT,,,PRESENT,,,,,,PRESENT,,,,,PRESENT,PRESENT,,,,,,,
240791,2 417019001,Millbrae City,Millbrae WPCP,San Mateo,R2-2024-0005,CA0037532,R2-2024-0005 (Millbrae NPDES Permit).pdf,No,,PRESENT,PRESENT,,PRESENT,PRESENT,PRESENT,,PRESENT,,,,,,,,PRESENT,,,,,,,,,,,,,,,,,,,,,,,,,,,,,,,,,,,,,,,,,,,,PRESENT,PRESENT,,,,,,,,,,,,,,PRESENT,,,PRESENT,,,,,,,PRESENT,,,,,PRESENT,PRESENT,,,,,,,
244566,2 417021002,North San Mateo County Sanitation District,North San Mateo County Sanitation District WWTP,San Mateo,R2-2022-0036,CA0037737,CA0037737 NSMCSD Order R2-2022-0036.pdf,No,,PRESENT,PRESENT,,,PRESENT,,,PRESENT,PRESENT,,,PRESENT,,,,,,,,,,,,,,,,,,,,,,,,PRESENT,,,,,,,,,,,,,,,,,,,,,PRESENT,,,PRESENT,PRESENT,,,,,PRESENT,,PRESENT,,,,,,,PRESENT,,,,PRESENT,,,,,,PRESENT,,,,,,PRESENT,,,,,,,
255139,2 417068001,SEWER AUTHORITY MID-COASTSIDE,SAM WWTP (Sewer Authority Mid-Coastside WWTP),San Mateo,R2-2023-0002,CA0038598,CA0038598 SAM Order R2-2023-0002.pdf,No,,PRESENT_AND_FUTURE,PRESENT_AND_FUTURE,,,PRESENT,PRESENT,,FUTURE,,,,,,,,PRESENT_AND_FUTURE,,,,,,,,,,,,,,,,,,,,,,,,,,,,,,,,FUTURE,FUTURE,,,FUTURE,,,,,,,,PRESENT,PRESENT,FUTURE,,,FUTURE,,,,,,,,,,PRESENT,,,PRESENT,,,,,,,PRESENT,,,,,,PRESENT,,,,,,,
255420,2 417035001,San Mateo City,San Mateo WWTP,San Mateo,R2-2023-0017,CA0037541,R2-2023-0017.pdf,No,,PRESENT,PRESENT,,,PRESENT,PRESENT,,PRESENT,PRESENT_AND_FUTURE,,,,,,,PRESENT_AND_FUTURE,,,,,,,,,,,,,,,,PRESENT,,,,,,,,,,,,,,,,,,,PRESENT,,,,,,PRESENT,,,PRESENT,PRESENT,,,,,,,,,,,,,,FUTURE,,FUTURE,,FUTURE,,,,,,FUTURE,,,,,,,,,,,,,
256507,2 417032001,San Francisco International Airport,SF Airport Mel Leong TP-Sanitary Waste,San Mateo,R2-2025-0002,CA0038318,SFO Aiport NPDES Permit Order R2-2025-0002.pdf,Yes,,,PRESENT,,,PRESENT,PRESENT_AND_FUTURE,,PRESENT_AND_FUTURE,PRESENT_AND_FUTURE,PRESENT_AND_FUTURE,,,,,PRESENT_AND_FUTURE,,,,,,,,,,,,,,,,PRESENT_AND_FUTURE,,,,,PRESENT,PRESENT_AND_FUTURE,PRESENT,,,,,,,,,,PRESENT_AND_FUTURE,,,,,,,,PRESENT,PRESENT,PRESENT,PRESENT,PRESENT_AND_FUTURE,PRESENT,PRESENT_AND_FUTURE,PRESENT_AND_FUTURE,,,PRESENT,PRESENT,PRESENT,,,,PRESENT,,,PRESENT,,,PRESENT_AND_FUTURE,PRESENT_AND_FUTURE,,PRESENT_AND_FUTURE,,,,PRESENT_AND_FUTURE,,,,,PRESENT,PRESENT,,,,,,,
256506,2 417032001,San Francisco International Airport,SF Arprt Mel Leong TP-Industrl,San Mateo,R2-2025-0002,CA0038318,SFO Aiport NPDES Permit Order R2-2025-0002.pdf,Yes,,,PRESENT,,,PRESENT,PRESENT_AND_FUTURE,,PRESENT_AND_FUTURE,PRESENT_AND_FUTURE,PRESENT_AND_FUTURE,,,,,PRESENT_AND_FUTURE,,,,,,,,,,,,,,,,PRESENT_AND_FUTURE,,,,,PRESENT,PRESENT_AND_FUTURE,PRESENT,,,,,,,,,,PRESENT_AND_FUTURE,,,,,,,,PRESENT,PRESENT,PRESENT,PRESENT,PRESENT_AND_FUTURE,PRESENT,PRESENT_AND_FUTURE,PRESENT_AND_FUTURE,,,PRESENT,PRESENT,PRESENT,,,,PRESENT,,,PRESENT,,,PRESENT_AND_FUTURE,PRESENT_AND_FUTURE,,PRESENT_AND_FUTURE,,,,PRESENT_AND_FUTURE,,,,,PRESENT,PRESENT,,,,,,,
254881,2 417038001,South San Francisco City,South San Francisco-San Bruno WQCP,San Mateo,R2-2026-0010,CA0038130,R2-2026-0010.pdf,No,,PRESENT,PRESENT_AND_FUTURE,,,PRESENT_AND_FUTURE,PRESENT,,,,,,,,,,PRESENT_AND_FUTURE,,,,,,,,,,,,,,,,,,,,,,,,,,,,,,,,,,,,,,,,,PRESENT,,,PRESENT,PRESENT,,,,,,PRESENT,PRESENT,,,,,,PRESENT,PRESENT,,,PRESENT,,,,,,,PRESENT_AND_FUTURE,,,,,,PRESENT,,,,,,,
255833,2 417037001,Silicon Valley Clean Water,SVCW WWTP,San Mateo,R2-2023-0003,CA0038369,SVCW Order R2-2023-0003 (1).pdf,No,,PRESENT_AND_FUTURE,PRESENT,,,PRESENT_AND_FUTURE,PRESENT_AND_FUTURE,,PRESENT_AND_FUTURE,,,,,,,,PRESENT_AND_FUTURE,,,,,,,,,,,,,,,,,,,,PRESENT,,,,,,PRESENT_AND_FUTURE,,,,,,,,,,,,,,PRESENT,,,,PRESENT,PRESENT,,,,,,PRESENT,PRESENT,,,,,PRESENT,,PRESENT_AND_FUTURE,,,,PRESENT,,PRESENT,,,,PRESENT_AND_FUTURE,,,,,,,,,,,,,
210685,3 420100001,Buellton City,Buellton WWTP,Santa Barbara,R3-2020-0020,,Buellton NOA MRP R3-2020-0020.pdf,No,PRESENT,,PRESENT,,,PRESENT,,,,,,,,PRESENT,,,,,,,,,,,,,,,,,,PRESENT,,,,,,,,,,,,,,,,,,,,,,,,,,,,,,,,,,PRESENT,,,,,,,,,,,,,PRESENT,,,,,,,,,,,,PRESENT,,,,,,,,
212455,3 420113001,Santa Barbara County Parks Dept,Cachuma Lake Recreation Area WWTP,Santa Barbara,2014-0153-DWQ,,6-15-22_NOA 0153- Cachuma Sanitation_final_signed.pdf,No,,,,,PRESENT,PRESENT,PRESENT,,,,,,,,,,PRESENT,,,,,,PRESENT,,,,,,,,,,,,,,,,,,,,,,,,,,,,,,,,,,,,,,,,,,,PRESENT,,,,,,,,,,,,,,,,PRESENT,,,,,,,,,,,,,,,,,
255678,3 420109001,City of Santa Maria,City of Santa Maria WWTP,Santa Barbara,R3-2020-0020,,Santa Maria R3-2020-0020 NOA_MRP_final.pdf,No,PRESENT,PRESENT,PRESENT,,,PRESENT,PRESENT,,,,,,,,,,PRESENT,,,,,,,,,,,,,,,,,,,,,,PRESENT,,,,,,,,,,,,,,,,,,,,,,,,,,,PRESENT,,,,,,,,,,PRESENT,,,,,,PRESENT,,,,PRESENT,,,,,PRESENT,PRESENT,,,,,,,
216428,3 421003001,Cuyama Community Services District,Cuyama CSD WWTP,Santa Barbara,2014-0153-DWQ,,noa.pdf,No,,,PRESENT,PRESENT,,PRESENT,,,,,,,,PRESENT,,,,,,,,,PRESENT,,,,,,,,,,,,,,,,,,,,,,,,,,,,,,,,,,,,,,,,,,,,,,,,,,,,,,PRESENT,,,,,PRESENT,,,,,,,,,,,,,,,,,
228104,3 420103001,Guadalupe City,Guadalupe WWTP,Santa Barbara,R3-2020-0020,,GUAD R3-2020-0020_NOA MRP REV 2024 Final.pdf,No,,,,,PRESENT,PRESENT,PRESENT,,,,,,,PRESENT,,PRESENT,,PRESENT,,,,,,,,,,,,,,PRESENT,,,,,,,,,,,,,,,,,,,,,,,,,,,,,,,,,,PRESENT,,,,,,,,,,,,,,,,,PRESENT,,,,,,,,,,,,,,,,PRESENT
233409,3 420116002,Santa Barbara County Parks Dept,Jalama Beach County Park WWTP,Santa Barbara,2014-0153-DWQ,,Jalama-NOA 0153_June 2024_final.pdf,No,,,,,,,,,,,,,,,,,,,,,,,,,,,,,,,,,,,,,,,,,,,,,,,,,,,,,,,,,,,,,,,,,,,,,,,,,,,,,,,,,,,,,,,,,,,,,,,,,,,PRESENT
236124,3 420104001,Laguna County Sanitation District,Laguna County Sanitation District Reclamation Plant,Santa Barbara,R3-2020-0020,,LCSD R3-2020-0020 NOA MRP.pdf,No,,PRESENT,PRESENT,,,PRESENT,PRESENT,,PRESENT,,,,,,,,PRESENT,,,,PRESENT,,,,,,,,,,,PRESENT,,,,,,,PRESENT,,,,,,,,,,PRESENT,PRESENT,,PRESENT,,,,,,,,,PRESENT,,PRESENT,,,PRESENT,,,,,,,,,,,,,PRESENT,,,,,,,,,,,,PRESENT,,,,,,,,
237315,3 420105001,Lompoc City,Lompoc City Regional Wastewater Reclamation Plant,Santa Barbara,R3-2022-0004,CA0048127,lompoc_finalorder.pdf,No,,,PRESENT,,,PRESENT,PRESENT,,,,,PRESENT_AND_FUTURE,,,,PRESENT,,PRESENT,,,,,,,,,,,,,,PRESENT,,,,,,,,,,,,,,,,,,,,,,,,,,,,,,,PRESENT,,,,,,,,,PRESENT_AND_FUTURE,,,,,PRESENT,,,,,PRESENT,,,,PRESENT,,,,,PRESENT,,,,,,,,
237395,3 420118001,Los Alamos CSD,Los Alamos WWTP,Santa Barbara,R3-2020-0020,,08-24-2022_WDR_Los Alamos NOA MRP Final.pdf,No,PRESENT,,,,,PRESENT,,,,,,,,,,,,PRESENT,,,,,PRESENT,,,,,,,,,,,,,,,,,,,,,,,,,,,,,,,,,,,,,,,,,,,PRESENT,,,,,,,,,,PRESENT,,,,,,,,,,,,,,,,,,,,,,,
240951,3 420114004,Mission Hills CSD,Mission Hills La Purisima WWTP,Santa Barbara,R3-2019-0042,,MHCSD Order R3-2019-0042-5-17-2019_signed.pdf,No,PRESENT,,,,,PRESENT,,,,,,,,,,,,PRESENT,,,,,PRESENT,,,,,,,,,,,,,,,,,,,,,,,,,,,,,,,,,,,,,,,,,,,,,,,,,,,,,,,,,,,,,,,,,,,,,,,,,,,,
241288,3 420107001,Montecito Sanitary District,Montecito SD WWTP,Santa Barbara,R3-2022-0010,CA0047899,20220829_Order R3-2022-0010_Final (ACC).pdf,No,PRESENT,,PRESENT,,,PRESENT,,,,PRESENT,,,,,,,PRESENT,,,,,,,,,,,,,,,,,,,,,,,,,,,,,,,,PRESENT,PRESENT,,,,,,,,,,,PRESENT,PRESENT,,,,,,,,,,,,,,,PRESENT,,PRESENT,,,,,,,PRESENT,,,,,PRESENT,,,,,,,,
257687,3 420110001,Solvang City,Solvang WWTP,Santa Barbara,R3-2020-0020,,Revised_Solvang_R3-2020-0020 NOA_MRP_Oct19_2023_final.pdf,No,PRESENT,,PRESENT,,,PRESENT,PRESENT,,PRESENT,,PRESENT,,,,,,,,,,PRESENT,,PRESENT,,,,,,,,,PRESENT,,,,,,,,,,,,,,,,,,,,,,,,,,,,,,,,,,PRESENT,,,PRESENT,,,PRESENT,,,,,PRESENT,,PRESENT,,,PRESENT,,,,,,,,,PRESENT,,,,,,,,
259377,3 420111001,Summerland SD,Summerland SD WWTP,Santa Barbara,R3-2022-0014,CA0048054,R3-2022-0014-(ACC).pdf,No,PRESENT,PRESENT,PRESENT,,,PRESENT,,,PRESENT,,,,,,,,PRESENT,,,,,,,,,,,,,,,,,,,,PRESENT,,,,,,,,,,,,,,,,,,,,,,,,PRESENT,PRESENT,,,,,,,,,,,,,,,PRESENT,,PRESENT,,,,,,,,,,,,PRESENT,,,,,,,,
247457,2 438011001,Palo Alto City,Palo Alto Regional WQCP,Santa Clara,R2-2025-0003,CA0037834,CA0037834 Palo Alto Order R2-2025-0003.pdf,No,,PRESENT,PRESENT,,,PRESENT,PRESENT,,,,,,,,,,PRESENT_AND_FUTURE,,,,,,,,,,,,,,,,,,,,PRESENT,,,,PRESENT_AND_FUTURE,,,,,,,,PRESENT_AND_FUTURE,,PRESENT_AND_FUTURE,,,,PRESENT_AND_FUTURE,,,,,,PRESENT,,PRESENT,,,,,,,,,,,,,,,,PRESENT,,,,,,,PRESENT,,,,,,,,,,,,,
255333,2 438014001,San Jose City,San Jose/Santa Clara WPCP,Santa Clara,R2-2025-0027,CA0037842,CA0037842 San Jose Order R2-2025-0027.pdf,No,,PRESENT,PRESENT,,,PRESENT,PRESENT,,PRESENT,PRESENT,,,,,,,PRESENT,,,,,,,PRESENT_AND_FUTURE,,,,,,,,PRESENT,,,,,PRESENT,,,,,,,,,,,,PRESENT,,PRESENT,,,,,,,PRESENT,,,PRESENT,PRESENT,,,,,,PRESENT,PRESENT_AND_FUTURE,,,,,,,PRESENT_AND_FUTURE,,,PRESENT,PRESENT_AND_FUTURE,,PRESENT_AND_FUTURE,,,,PRESENT_AND_FUTURE,,,,,PRESENT,PRESENT,,,,,,,
256038,3 430824016,,SCRWA Reclamation Facility and Use Areas,Santa Clara,R3-2020-0020,,5-4-26_20_0020_NOA_MRP_SCRWA.pdf,No,,,PRESENT,,,PRESENT,PRESENT,,,,,PRESENT,,,,,,,PRESENT,,,,,,,,,,,,,PRESENT,,,,,PRESENT,,,,,,,,,,,,,,,PRESENT,,,,,,,,,PRESENT,,PRESENT,,,,,,,,,PRESENT,,,,,,,PRESENT,,,,,,,,,,,,PRESENT,,,,,,,,
256039,3 430100001,South County Regional WW Authority,SCRWA WWTP,Santa Clara,R3-2017-0028,,SCRWApermit.pdf,No,,,PRESENT,,,PRESENT_AND_FUTURE,,,,,,PRESENT_AND_FUTURE,,,,PRESENT_AND_FUTURE,,,,,,,PRESENT,,,,,,,,,PRESENT_AND_FUTURE,,,,,PRESENT,,,,,,,,,,,,,,,PRESENT_AND_FUTURE,,,,,,,,,PRESENT_AND_FUTURE,PRESENT,PRESENT_AND_FUTURE,,,,,,,,,PRESENT_AND_FUTURE,,,,,,,PRESENT_AND_FUTURE,,,,,,,,,,,,,PRESENT,,,,,PRESENT,,
259507,2 438018001,Sunnyvale City,Sunnyvale WPCP,Santa Clara,R2-2020-0002,CA0037621,CA0037621 Sunnyvale Order R2-2020-0002.pdf,No,PRESENT,PRESENT_AND_FUTURE,FUTURE,,,PRESENT_AND_FUTURE,PRESENT_AND_FUTURE,,PRESENT,PRESENT,,,,,,PRESENT,,,PRESENT_AND_FUTURE,,,,,,,,,FUTURE,,,,PRESENT,,,,,PRESENT,,PRESENT,,,,,,,,,,,,,,,,,,,,,,PRESENT_AND_FUTURE,PRESENT_AND_FUTURE,,,,,,,PRESENT,,,PRESENT_AND_FUTURE,,,,PRESENT,,,PRESENT,PRESENT,,,,,,PRESENT_AND_FUTURE,,,,,,PRESENT,,,,,,,
209483,3 441001001,Santa Cruz CSA 07,Big Basin Woods Subdivision WWTP,Santa Cruz,2014-0153-DWQ,,0153 NOA and MRP for Big Basin WWTP_final.pdf,No,,,,,,PRESENT,,,,,,,,,,,PRESENT,,,,,,,,,,,,,,,,,,,,,,,,,,,,,,,,,,,,,,,,,,,,,,,,,,,,,,,,,,,,,,,,,,,,,,,,,,,,,,,,,,
210116,3 441000001,Santa Cruz CSA 07,Boulder Creek Golf & Cntry Club WWTP,Santa Cruz,2014-0153-DWQ,,09-30-2022_WDR_Boulder Creek Golf and Country Club 0153 NOA MRP final.pdf,No,PRESENT,,,,PRESENT,,,,PRESENT,,,,,PRESENT,,,,,,,,,,,,,,,,,,,,,,,,,,,,,,,,,,,,,,,,,,,,,,,,,,,,,,,,,,,,,,,,,,,,,,,,,,,,,,,,,,,,,
219169,3 440813511,Davenport CSD,Davenport WWTP,Santa Cruz,R3-2019-0008,,1-MRR_r3_2019_0008-signed.pdf,No,,,,,,PRESENT,,,,,,,,,,,PRESENT,,,,,,,PRESENT,,,,,,,,,,,,,PRESENT,,,,,,,,,,,,,,,,,,,,,,,,PRESENT,,,,,,,,,,,,,PRESENT,,,,,,,,,,,,,,,,,,,,,,,,,
241299,3 441004001,Monterey Bay Academy,Monterey Bay Academy WWTP,Santa Cruz,2014-0153-DWQ,,Monterey Bay Academy NOA MRP_Final.pdf,No,PRESENT,,,,,PRESENT,,,,,,,,,,,,,,,,,,,,,,,,,,,,,,,,,,,,,,,,,,,,,,,,,,,,,,,,,,,,,,,,,,PRESENT,,,,,,,,,,,,,,,,,,,,,,,,,,,
731257,3 441208240,Pajaro Valley Water Management Agency,Pajaro Valley WMA and City of Watsonville Water Reclamation,Santa Cruz,R3-2008-0039,,masterreclamationpermit.pdf,No,,PRESENT,PRESENT,,,PRESENT,PRESENT,,,,,,,,,,PRESENT,,,,,,,,,,,,,,,,,,,,PRESENT,,PRESENT,,,,,,,,,,,,,,,,,,PRESENT,PRESENT,,,,,,,,,,,,,,,,,,,,,,,,,,,,,,,,,,,,,,,,,
255632,3 440124003,City of Santa Cruz,Santa Cruz WWTP,Santa Cruz,R3-2023-0001,CA0048194,R3-2023-0001.pdf,No,,PRESENT,PRESENT,,,PRESENT,PRESENT,,,,,,,,,,PRESENT,,,,,,,PRESENT,,,,,,,,,,,,,PRESENT,,PRESENT,,,,,,,,,,PRESENT,,PRESENT,,,,,,,,,,PRESENT,,PRESENT,PRESENT,,PRESENT,,,,,,PRESENT,,,,PRESENT,,,PRESENT,PRESENT,,,,,,,,,,PRESENT,,,,,,,,,
271872,3 440104001,Watsonville City,Watsonville WWTP,Santa Cruz,R3-2014-0006,,Watsonville WWTP 14-0006 FINAL.pdf,No,,PRESENT,PRESENT,,,PRESENT,PRESENT,,,,,,,,,,PRESENT,,,,,,,,,,,,,,,,,,,,,,PRESENT,,,,,,,,,,,,,,,,,,,,,,,,,,,PRESENT,,,,,,,,,,PRESENT,,,PRESENT,,,PRESENT,,,,PRESENT,,,,,,PRESENT,,,,,,,PRESENT
205741,5A450100001,Anderson City,Anderson WPCP,Shasta,R5 2025-0011,CA0077704,R5-2025-0011_npdes.pdf,No,PRESENT,,PRESENT,PRESENT,,PRESENT,,,PRESENT,,,,,,,,PRESENT,,,,,PRESENT,,,,,,,,,,,,,,,PRESENT,,,,,,,,,,,,,,,,,,,,,,,,PRESENT_AND_FUTURE,PRESENT_AND_FUTURE,FUTURE,,,,,,,,,,,PRESENT,,,PRESENT,,,,,PRESENT,,,,,,,,,,PRESENT,,,,,,,
210854,5A450107001,Burney WD,Burney STP,Shasta,R5-2017-0050,,Combined Burney WDR_Pamela Signatue.pdf,No,PRESENT,,PRESENT,,,PRESENT,,,,,,PRESENT,,,,,,PRESENT,,,,,PRESENT,,,,,,,,,,,,,,,,,,,,,,,,,,,,,,,,,,,,,,,,,,,,PRESENT,,,,,PRESENT,,,,,,,,,,PRESENT,,,,,PRESENT,,,,,PRESENT,,,,,PRESENT,,
214802,5A450103001,City of Redding,Clear Creek WWTP,Shasta,R5-2022-0040,CA0079731,r5-2022-0040_npdes.pdf,No,,PRESENT,PRESENT,,,PRESENT,PRESENT,,PRESENT,,,,,,,,PRESENT,PRESENT,,,,,,,,,,PRESENT,,,,PRESENT,,,,,PRESENT,,,,,,,,,,,,,,,,,,,,PRESENT,PRESENT,,,PRESENT,PRESENT,,,,,,PRESENT,PRESENT,,,,,,,PRESENT,,,,PRESENT_AND_FUTURE,,FUTURE,FUTURE,,PRESENT,PRESENT,PRESENT,,,,,PRESENT_AND_FUTURE,,,,,,,
215903,5A450001005,Shasta CSA #17,Cottonwood WWTP,Shasta,R5-2024-0026,CA0081507,r5-2024-0026_npdes.pdf,No,PRESENT,,PRESENT,,,PRESENT,,,,,,PRESENT,,,,,,,,,,,,,,,,,,,,PRESENT,,,,,PRESENT,,,,,,,,,,,,,,,,PRESENT,,,,,,,,PRESENT_AND_FUTURE,PRESENT_AND_FUTURE,,,,,,,,,,PRESENT,,FUTURE,,,,,,,,PRESENT_AND_FUTURE,,,,PRESENT,,,,,,PRESENT,,,,,,,
247464,5A450001004,Shasta CSA #8,Palo Cedro WWTF,Shasta,R5-2017-0080,,Palo Cedro_WDR_R5-2017-0080_Signed.pdf,No,,,,,,PRESENT,,,,,,,,,,,PRESENT,,,,,,PRESENT,,,,,,,,,,,,,,,,,,,,,,,,,,,,,,,,,,,,,,,,,,,,,,,,,,,,,,,,,,,,,,,,,,,,,PRESENT,,,,,,,
256627,5A450105001,Shasta Lake City,Shasta Lake WWTF,Shasta,R5-2020-0058,CA0079511,r5-2020-0058_npdes.pdf,No,,,PRESENT,,PRESENT,PRESENT,,,PRESENT_AND_FUTURE,,,PRESENT,,,,PRESENT_AND_FUTURE,,,,,,,,,,,,,,,,PRESENT,,,,,PRESENT,,,,,,,,,,,,,,FUTURE,,,,,,FUTURE,PRESENT,PRESENT,,PRESENT_AND_FUTURE,,PRESENT,FUTURE,,,PRESENT,,PRESENT,,,PRESENT,FUTURE,,,,PRESENT,,,,,PRESENT,,,,,,,,,,PRESENT,,,,,,,
258676,5A450103004,City of Redding,Stillwater WWTF,Shasta,R5-2023-0017,CA0082589,r5-2023-0017_npdes.pdf,No,,PRESENT,PRESENT_AND_FUTURE,,,PRESENT,,,,,,,,,,PRESENT,PRESENT,PRESENT_AND_FUTURE,,,,,,,,,,,,,,PRESENT,,,,,,,,,,,,,,,,,,,,,,,,,,,,,PRESENT,PRESENT,,,,,,,,,,,,,,,PRESENT_AND_FUTURE,,PRESENT_AND_FUTURE,,,PRESENT_AND_FUTURE,,,,,PRESENT_AND_FUTURE,,,,,PRESENT,,,,,,,
214650,5A460100001,Loyalton City,City of Loyalton and Grandi Ranch WWTF,Sierra,R5-2009-0108,,R5-2009-0108.pdf,No,,,,,PRESENT,PRESENT,,,,,,,,,,,PRESENT,,PRESENT,,,,,,,,,,,,,,,,,,,,,,,,,,,,,,,,,,,,PRESENT,,,,,,PRESENT,,,,,,,,,,,,,,,,,,,,,,,,,,,,,,,,,,,,,,PRESENT
220850,5A470101001,Dunsmuir City,Dunsmuir WWTP,Siskiyou,R5-2024-0009,CA0078441,r5-2024-0009_npdes.pdf,No,FUTURE,,PRESENT_AND_FUTURE,,FUTURE,PRESENT_AND_FUTURE,PRESENT,,,,,PRESENT_AND_FUTURE,,,,,,,,,,,,PRESENT,,,,,,,,PRESENT_AND_FUTURE,,,,,FUTURE,,,,,,,,,,,,,,,,,,,,PRESENT_AND_FUTURE,,,PRESENT,PRESENT_AND_FUTURE,PRESENT_AND_FUTURE,,,,FUTURE,,,PRESENT_AND_FUTURE,,,PRESENT_AND_FUTURE,,,,,PRESENT,,PRESENT_AND_FUTURE,,,PRESENT,,,,,PRESENT,,,,,PRESENT,,,,,,,
222998,1A82104OSIS,Etna City,Etna STP,Siskiyou,R1-2015-0026,,15_0026_Etna_WDR.pdf,No,,,,,,PRESENT,,,,,,,,,,,,,PRESENT,,,,PRESENT,,,,,,,,,,,,,,,,,,,,,,,,,,,,,,,,,,,,,,,,,,,,,,,,,PRESENT,,,,,,,,,,,,,,,,,,,,,,,,,,,
225072,1A81157OSIS,Fort Jones City,Fort Jones City WWTP,Siskiyou,R1-2014-0029,,14_0029_FortJones_WDR.pdf,No,,,,,,PRESENT,,,,,,,,,,,,,,,,,,,,,,,,,,,,,,,,,,,,,,,,,,,,,,,,,,,,,,,,,,,,,,,,,,,,,,,,,,,,,,,,,,,,,,PRESENT,,,,,,,
229643,1A75211OSIS,Happy Camp Sanitation District,Happy Camp WWTP,Siskiyou,R1-2022-0011,,22_0011_HappyCamp_WDR.pdf,No,PRESENT,,,,,,,,,,,,,,,,PRESENT,,PRESENT,,,,,,,,,,,,,,,,,,,,,,,,,,,,,,,,,,,,,,,,,,,,,,,,,,,,,,,,,,,,,,,,,,,,,,,,,,,,,,,,
805724,1A14143RSIS,JH Ranch,JH Ranch,Siskiyou,R1-2016-0013,,16_0013_JHRanch_WDR.pdf,No,,,,,,,,,,,,,,,,,,,,,,,,,,,,,,,,,,,,,,,,,,,,,,,,,,,,,,,,,,,,,,,,,,,,,,,,,,,,,,,,,,,,,,,,,,,,,,,,,,,PRESENT
236258,1A79010OSIS,Lake Shastina CSD,Lake Shastina CSD STP,Siskiyou,R1-2012-0029,,12_0029_WDR_LakeShastina_KVG_120618.pdf,No,PRESENT,,,,PRESENT,PRESENT,,,,,,,,,,,,,,,,,PRESENT,,,,,,,,,,,,,,,,,,,,,,,,,,,,,,,,,,,,,,,,,,,,,,,,,,,,,,,,,,,,,,,,,,,,,,,,,,,,
240000,5A470102002,McCloud Community Services District,McCloud WWTF,Siskiyou,R5-2017-0078,,r5-2017-0078.pdf,No,,,,PRESENT,,,,,,,,,,,,,PRESENT,,,,,,PRESENT,,,,,,,,,,,,,,,,,,,,,,,,,,,,,,,,,,,,,,,,,,,,,,,,,,,,,,,,,,,,PRESENT,,,,,,,,,,,,,,,,
241800,5A470105001,Mt Shasta City,Mount Shasta WWTP,Siskiyou,R5-2023-0016,CA0078051,r5-2023-0016_npdes.pdf,No,,,,,PRESENT,PRESENT,PRESENT,,,PRESENT,,,,,,PRESENT,FUTURE,,,,,,,PRESENT_AND_FUTURE,,,,,,,,PRESENT,,,,,PRESENT,,,,,,,,,,,,,,,,,,,,,,,,PRESENT,PRESENT,PRESENT,,,,PRESENT,,,,,PRESENT,,,,,PRESENT,,,,,,,,PRESENT,PRESENT,,,,,,PRESENT,,,,,PRESENT,,
901636,1A25094RSIS,"Plant Sciences, Inc.","Plant Sciences, Inc. Juniper Village 2, Macdoel Middle School",Siskiyou,2014-0153-DWQ,,NOA - Plant Sciences.pdf,No,,,,,,,,PRESENT,,,,,,,,,,,,,,,,,,,,,,,,,,,,,,,,,,,,,,,,,,,,,,,,,,,,,,,,,,,,,,,,,,,,,,,,,,,,,,,,,,,,,,,,,,,PRESENT
263172,1A88031RSIS,Tennant CSD,Tennant CSD ST/LF,Siskiyou,R1-2016-0019,,16_0019_Tennant_WDR.pdf,No,,,,,,,,,,,,,,,,,,,,,,,,,,,,,,,,,,,,,,,,,,,,,,,,,,,,,,,,,,,,,,,,,,,,,,,,,,,,,,,,,,,,,,,,,,,,,,,,,,,PRESENT
266694,1A84002OSIS,Tulelake City,Tulelake City WWTP,Siskiyou,R1-2015-0002,CA0023272,15_0002_Tulelake_WDR_revised_030415.pdf,No,PRESENT,,,,,PRESENT_AND_FUTURE,,,,,,,,,,PRESENT,PRESENT,,PRESENT,,,PRESENT,,PRESENT_AND_FUTURE,,,,,,,,,,,,,PRESENT_AND_FUTURE,,,,,,,,,,,,,,,,,,PRESENT,,,,,,PRESENT,PRESENT,,,,,,,,,,,,,,,,,,,,,,,,,,,,,,,,,,,,,
274538,1A84073OSIS,Yreka City,Yreka City WWTP,Siskiyou,R1-2021-0016,,21_0016_Yreka_WDR.pdf,No,,,,,PRESENT,PRESENT,,,,,,,,,,,PRESENT,,,,,,,,,,,,,,,,,,,,,,,,,,,,,,,,,,,,,,,,,,,,PRESENT,,,,,,,,,,,,,,,,PRESENT,,PRESENT,PRESENT,,,,,,,,,,,,PRESENT,,,,,,,
252771,5A480104001,Rio Vista City,Beach WWTF,Solano,R5-2024-0054,CA0079588,r5-2024-0054_npdes.pdf,No,,PRESENT,PRESENT,,,PRESENT,PRESENT,,,,,,,,,,PRESENT,,,,,,,,,,,,,,,,,,,,,,,,,,,,,,,,,,,,,,,,,,,,PRESENT,PRESENT,,,,,,,,,,,,,,,,,PRESENT,,,PRESENT,,,,,,,,,,PRESENT,,,,,,,
209253,2 482001001,Benicia City,Benicia WWTP,Solano,R2-2025-0001,CA0038091,Benicia R2-2025-0001.pdf,No,PRESENT,PRESENT,PRESENT,,PRESENT,PRESENT,PRESENT,,PRESENT_AND_FUTURE,PRESENT,,,,,,,PRESENT_AND_FUTURE,,,,,,,,,,,,,,,,,,,,,,,PRESENT_AND_FUTURE,,,,,,,,,,,,,,,,,,,,,PRESENT,PRESENT,,,,,,,,,,,,,,,,,PRESENT,,,,,,,PRESENT,,,,,,PRESENT,,,,,,,
220385,5A480107001,Yolo Cnty Housing Authority,Dixon Migrant Center WWTF,Solano,2014-0153-DWQ,,wqo-2014-0153-r5433_noa.pdf,No,,,,,,,,,,,,,,,,,,,,,,,,,,,,,,,,,,,,,,,,,,,,,,,,,,,,,,,,,,,,,,,,,,,,,,,,,,,,,,,,,,,,,,,,,,,,,,,,,,,
220396,5A480101001,Dixon City PWD,Dixon WWTF,Solano,R5-2014-0098,,r5-2014-0098.pdf,No,,,FUTURE,,FUTURE,,,,,,,FUTURE,,,,,FUTURE,,,,,,,PRESENT_AND_FUTURE,,,,,,,,,,,,,,,,,,,,,,,,,,,,,,,,,,,,,,,,,,,,,,,,FUTURE,,,,,,,,,,,,,,,,,,,,,,,,,,,
222057,5A480105002,Vacaville City DPW,Easterly WWTP,Solano,R5-2025-0028,CA0077691,r5-2025-0028_npdes.pdf,No,,PRESENT,PRESENT,,,PRESENT,PRESENT,,PRESENT,,,,,,,PRESENT,PRESENT,,,,,,,,,,,,,,,PRESENT_AND_FUTURE,,,,,PRESENT,,,,,,,,,,,,,,,,,,,,,,,,PRESENT,PRESENT,,,,,,,,,,,,,,PRESENT,,,PRESENT,,,PRESENT,,,,PRESENT,,,,,,PRESENT,,,,,,,
225526,2 482005001,Fairfield Suisun Sewer District,Fairfield-Suisun Sewer District Subregional WWTP,Solano,R2-2025-0028,CA0038024,Order R2-2025-0028.pdf,No,,PRESENT,PRESENT,,PRESENT,PRESENT,PRESENT,,PRESENT,,,,,,,,PRESENT_AND_FUTURE,,,,,,,,,,,,,,,FUTURE,,,,,PRESENT,,,,,,PRESENT,,,,,,,,,,,,,,,,,,,,PRESENT,,,,,,,,,PRESENT,,,,PRESENT_AND_FUTURE,,,PRESENT,,,,,,,PRESENT,,,,,,,,,,,,,
266439,5A480108001,Rio Vista City,Northwest WWTF,Solano,R5-2026-0018,CA0083771,r5-2026-0018_minor_mod.pdf,No,,,,,,PRESENT,,,,,,,,,,,PRESENT,,,,,,,,,,,,,,,PRESENT,,,,,,,,,,,,,,,,,,,,PRESENT,,,,,,,,,,,PRESENT,,,,,,,,,,,,,,,,PRESENT,,,,,,,,,,,,,PRESENT,,,,,,,
268926,5A570800001,UC Davis,UC Davis Main WWTP,Solano,R5-2021-0007,CA0077895,r5-2021-0007_npdes.pdf,No,,,PRESENT,,,PRESENT,,,,,,PRESENT_AND_FUTURE,,,,PRESENT,,,,,,,,,,,,,,,,PRESENT_AND_FUTURE,,,,,PRESENT,,,,,,,,,,,,,,,,,,,,,,,,,,PRESENT,,,PRESENT,,,,,,PRESENT_AND_FUTURE,,,,,,,,,,PRESENT,,,,,,,,,,PRESENT,,,,,,,
270006,2 482012001,Vallejo Flood & Wastewater District (formerly Vallejo San & Flood Control District),Vallejo Flood & Wastewater District (VFWD) WWTP,Solano,R2-2023-0001,CA0037699,Order R2-2023-0001.pdf,No,,PRESENT,PRESENT,,,PRESENT,PRESENT,,PRESENT,,,,,,,,PRESENT,,,,,,,,,,,,,,,,,,,,,,PRESENT,,,,,,,,,,,,,,,,,,,,,,PRESENT,PRESENT,,,,,,,,,,,,PRESENT,,,,,,,,,,,PRESENT,PRESENT,,,PRESENT,PRESENT,,,,,,,,,
209949,1B75028OSON,Bodega Bay PUD,Bodega Bay Wastewater Reclamation Facility,Sonoma,R1-2023-0011,,R1-2023-0011.pdf,No,,,PRESENT,,,PRESENT,,,,,,,,,,,PRESENT,,,,,,,,,,,,,,,,,,,,PRESENT,,,,,,,,,,,,,,,,,,,,,,,,PRESENT,,,,,,,,,,,,,,,,,,,,,PRESENT,,,,,,,,,,,,,,,,,
224901,1B83100OSON,Forestville Water District,Forestville Water District,Sonoma,R1-2024-0004,CA0023043,2024_0004_forestville_npdes_signed.pdf,No,,,,,PRESENT_AND_FUTURE,PRESENT,,,FUTURE,,,,,,,,PRESENT_AND_FUTURE,,,,,,,PRESENT,,,,,,,,PRESENT,,,,,,,,,,,,,,,,,,,PRESENT,,,,,,,,,,PRESENT_AND_FUTURE,PRESENT_AND_FUTURE,,,,,,,,,,,,PRESENT,,PRESENT,,,,,,,,,,,,,,,,PRESENT,,,,,,,
256050,1B84060OSON,Graton CSD,Graton CSD,Sonoma,R1-2018-0001,CA0023639,18_0001_Graton_NPDES.pdf,No,PRESENT,,,,PRESENT,PRESENT,PRESENT,,PRESENT,PRESENT,,,,,,PRESENT,,,PRESENT,,,,,,,,,,,,,,,,,,PRESENT,,,,,,,,,,,,,,,,,,,,,,,,PRESENT_AND_FUTURE,PRESENT,,,PRESENT_AND_FUTURE,,,,PRESENT,,,PRESENT,,,,PRESENT,,,,,,,,,PRESENT,,,,,,PRESENT_AND_FUTURE,PRESENT,,,,,PRESENT,PRESENT,
228109,1B89005RMEN,Gualala CSD,Gualala WWTF,Sonoma,R1-2022-0004,,22_0004_Gualala_CSD_WDR.pdf,No,,,,PRESENT,,PRESENT,,,,,,,,PRESENT,,,,,PRESENT,,,,,,,,,,,,,,,,,,,,,,,,,,,,,,,,,,,,,,,,,,PRESENT,,,,,,,,,,,,,,,,,,,,,PRESENT,,,,,,,,,,PRESENT,,,,,,,PRESENT
229922,1B82046OSON,Healdsburg City,Healdsburg City WWTP,Sonoma,R1-2022-0017,CA0025135,22_0017_Healdsburg_WWTF_NPDES.pdf,No,PRESENT,,,,PRESENT,PRESENT_AND_FUTURE,PRESENT,,PRESENT,,,,,PRESENT,,,PRESENT,PRESENT,PRESENT,,,,,PRESENT,,,,,,,,PRESENT,PRESENT,,,,,,,,,,,,,,,,,,PRESENT,PRESENT,,,PRESENT_AND_FUTURE,,,,,,PRESENT,PRESENT,PRESENT,,,,PRESENT,,PRESENT_AND_FUTURE,,,PRESENT,,,,,,PRESENT_AND_FUTURE,PRESENT_AND_FUTURE,PRESENT_AND_FUTURE,,,,,,PRESENT_AND_FUTURE,,,,PRESENT,,PRESENT_AND_FUTURE,,,,,,,
248087,2 494006001,Petaluma City PWD,Petaluma Ellis Creek Water Recycling Facility (NPDES Permit),Sonoma,R2-2021-0008,CA0037810,Order R2-2021-0008 (1).pdf,No,,,PRESENT,,,PRESENT,PRESENT,,,,,,,,,PRESENT,PRESENT,,PRESENT,,,,,,,,,,,,,PRESENT,,,,,,,,,,,,,,,,,,,,,,,PRESENT,,,PRESENT,,,PRESENT,PRESENT,PRESENT,,,,PRESENT,,,,,PRESENT,,,,,,PRESENT,PRESENT,,,,,,,PRESENT,,,,,,PRESENT,,,,,,,
255703,1B83099OSON,Santa Rosa City Dept of Public Works,Santa Rosa Laguna Subregional Water Reclamation Facility,Sonoma,R1-2020-0012,CA0022764,20_0012_SantaRosa-LagunaWWTF_NPDES.pdf,No,,PRESENT,,,,PRESENT,PRESENT,FUTURE,,,,,,,,,PRESENT,,,,,,,,,,,,,,,,,,,,,,,,,,,,,,,,,,,,,,,,PRESENT,PRESENT,,,,,PRESENT_AND_FUTURE,,,PRESENT,PRESENT,,PRESENT,,,,,,,,,FUTURE,,,,PRESENT,,,,PRESENT,,,,,PRESENT,PRESENT_AND_FUTURE,,,,,,,PRESENT
256045,1B84124OSON,Sonoma County Water Agency (SCWA),SCWA Airport WRF (Airport-Larkfield-Wikiup),Sonoma,R1-2019-0007,,19_0007_Airport-Larkfield-Wikiup_SanitationZone_WDR.pdf,No,,,,,PRESENT,PRESENT,,,,,,,,,,,PRESENT,,,,,,,,,,,,,,,,,,,,,,,,,,,,,,,,,,PRESENT,,,,,,,,,,PRESENT,,,,,,,,,,,,,,,,,,,,,,,,,,,,,,,,,,,,,,
256049,1B77117OSON,Sonoma County Water Agency (SCWA),SCWA Geyserville CSD,Sonoma,R1-2019-0013,,19_0013_Geyserville Sanitation Zone WWTF_WDR.pdf,No,,,,,PRESENT,,,,,,,,,,,,PRESENT,,,,,,PRESENT,,,,,,,,,,,,,,,,,,,,,,,,,,,,,,,,,,,,,,PRESENT,,,,,,,,,,,,,,,,,,,,,,,,,,,,,,,,,,,,,,
256061,1B82045OSON,Sonoma County Water Agency (SCWA),SCWA Russian River CSD,Sonoma,R1-2021-0002,CA0024058,21_0002_Russian River CSD and Sonoma Water WWTF NPDES.pdf,No,,,PRESENT,,,PRESENT_AND_FUTURE,PRESENT,,FUTURE,,,,,PRESENT,,PRESENT_AND_FUTURE,,,,,,,,,,,,,,,,PRESENT_AND_FUTURE,PRESENT_AND_FUTURE,,,,PRESENT,,,,,,,,,,,,,,,,,,,,,,,,PRESENT_AND_FUTURE,PRESENT,PRESENT_AND_FUTURE,,,FUTURE,,,FUTURE,,,,,PRESENT,,,,,PRESENT_AND_FUTURE,,,,,,,,,,,,,PRESENT,,,,,,,
816488,1B15087RSON,Silver Oaks Cellars,Silver Oak Cellars - Highway 128 Alexander Valley (Domestic Waste),Sonoma,2014-0153-DWQ,,Silver Oak Cellars.pdf,No,,,,,,,,,,,,,,,,,,,,,,,,,,,,,,,,,,,,,,,,,,,PRESENT,,,,,,,,,PRESENT,,,,,,,,,,,,,,PRESENT,,,,,,,,PRESENT,,,,,,,,,,,,,,,,,,,,,,,,,PRESENT
255836,1B89051RSON,Sea Ranch Association,"Sonoma Co Service Area 41, Zone 2, Sea Ranch Onsite Wastewater Management Zone",Sonoma,R1-2017-0014,,17_0014_SeaRanch_OWTS_WDR.pdf,No,,,,,,,,,,,,,,,,,,,,,,,,,,,,,,,,,,,,,,,,,,,,,,,,,,,,,,,,,,,,,,,,,,,,,,,,,,,,,,,,,,,,,,,,,,,,,,,,,,,PRESENT
257754,2 494009001,Sonoma County Water Agency (SCWA),Sonoma Valley County SD WWTP,Sonoma,R2-2024-0027,CA0037800,Final Order Sonoma_NPDES permit_Dec 2024.pdf,No,,,PRESENT,,,PRESENT_AND_FUTURE,PRESENT,,PRESENT_AND_FUTURE,,,,,,,,PRESENT,,,,,,,,,,,,,,,,,,,,PRESENT,,,,,,,,,,,,,,,,,,,,,,,,PRESENT_AND_FUTURE,PRESENT_AND_FUTURE,,,,,,,PRESENT,,,,,,,,,,PRESENT,,,,,,,PRESENT,,,,,,PRESENT,,,,,,,
272790,1B82037OSON,Windsor Water District,"Windsor Wastewater Treatment, Reclamation, and Disposal Facility",Sonoma,R1-2020-0010,CA0023345,20_0010_Windsor Water District_NPDES.pdf,No,,,PRESENT,,,PRESENT_AND_FUTURE,,,PRESENT,,,,,,,,PRESENT_AND_FUTURE,,,,,PRESENT,,,,,,,,,,,,,,,PRESENT,,,,,,,,,,,,,,,,,,,,,PRESENT,,,PRESENT,,PRESENT,,,,,,,,,,,PRESENT,,,,,,,,,,,PRESENT,,,,,,,PRESENT,,,,,,,
241146,5C500102001,Modesto City,City of Modesto WQCF,Stanislaus,R5-2017-0064,CAC448536,r5-2017-0064.pdf,No,,PRESENT,,,,PRESENT,PRESENT,,,,,PRESENT,,,,PRESENT_AND_FUTURE,PRESENT,PRESENT,,,,,,,,,,,,,,PRESENT_AND_FUTURE,PRESENT_AND_FUTURE,,,,,,,,,,PRESENT,,,,,,,,,PRESENT_AND_FUTURE,,,,,,,,,,PRESENT,PRESENT,,,,,,,,,PRESENT,,,,PRESENT,,PRESENT,,,,PRESENT,,,,PRESENT,,,,,,,,,,,,,
244250,5C500103001,Newman City,City of Newman WWTF,Stanislaus,R5-2018-0024,,r5-2018-0024_info.pdf,No,,,,,,PRESENT,,,,,,,,,,,,,PRESENT,,,,,,,,,,,,,,,,,,,,,,,,,,,,,,,,,,,,,,,,,,,,,,,,,,,,,PRESENT,,,,,,,,,,,,,,,,,,,,,,,,,,,
247782,5B50NC00002,Patterson City,City of Patterson WQCF,Stanislaus,R5-2018-0070-001,,R5-2018-0070-001.pdf,No,,,PRESENT,,,PRESENT,,,,,,PRESENT,,,,PRESENT,,,,,,,,,,,,,,,,PRESENT,,,,,,,,,,,,,,,,,,,,,,,,,,,,,,,,,,,,,,,,PRESENT,,,,PRESENT,PRESENT,,PRESENT,PRESENT,,PRESENT,,,,PRESENT,,,,,,PRESENT,,,,,,,PRESENT
230812,5C500101002,Hughson City,Hughson WWTF,Stanislaus,R5-2012-0003,,r5-2012-0003.pdf,No,,,PRESENT,PRESENT,,PRESENT,,,,PRESENT,,PRESENT,,,,,,,,,,,PRESENT,,,,,,,,,,,,,,,,,,,,,,,,,,PRESENT,,,,,,,,,,,,PRESENT,,,,,,,,,,,PRESENT,,,,,,,,,,PRESENT,,,,,,,,,,,,,,,,,
822960,5B50NP00031,Modesto City,North Valley Regional Recycled Water Program - Modesto WWTP & Turlock RWQCF,Stanislaus,R5-2022-0034,CA0085316,r5-2022-0034.pdf,No,,PRESENT,PRESENT,,,PRESENT,PRESENT,,,PRESENT,,PRESENT,,,,PRESENT,,PRESENT,,,,,,,,,,,,,,PRESENT,,,,,PRESENT,,,,,,PRESENT,,,,,,,,,PRESENT,,,,,,,,,PRESENT,PRESENT,PRESENT,,,,,,,,,PRESENT,,,,PRESENT,,,,,,PRESENT,,,,PRESENT,,,,,PRESENT,,,,,,PRESENT,,
245602,5C500104001,Oakdale City,Oakdale WWTF,Stanislaus,R5-2012-0063,,r5-2012-0063.pdf,No,,,PRESENT,PRESENT,,PRESENT,,,,,,,,,,PRESENT,,,,,,,PRESENT,,,,,,,,,PRESENT,,,,,PRESENT,,,,,,,,,,,,,,,,,,,,,PRESENT,,,,,PRESENT,,,,,,PRESENT,,,,,,,,,,PRESENT,,,PRESENT,,,,,,,,,,PRESENT,,,,,,,
266737,5C500108001,Turlock City,"Turlock City, Turlock Regional Water Quality Control Facility",Stanislaus,R5-2021-0005,CA0078948,r5-2021-0005_npdes.pdf,No,,,PRESENT,,,PRESENT,PRESENT,,,PRESENT,,,,,,PRESENT,,,,,,,,,,,,,,,,PRESENT,,,,,PRESENT,,,,,,,,,,,,,,,,,,,,,,,,PRESENT,PRESENT,,,,,PRESENT,,,,,,,PRESENT,,PRESENT,,,,,,PRESENT,,,,PRESENT,,,,,PRESENT,,,,,,,,
214647,5A510100001,Live Oak City,Live Oak City WWTP,Sutter,R5-2023-0025,CAC444735,R5-2017-0085-018.pdf,No,,,PRESENT_AND_FUTURE,,,PRESENT_AND_FUTURE,,,PRESENT,,,PRESENT_AND_FUTURE,,,,PRESENT_AND_FUTURE,PRESENT,,PRESENT_AND_FUTURE,,,,,,,,,,,,,,,,,,PRESENT_AND_FUTURE,,,,,,,,,,,,,,,,,,,,,,,,PRESENT_AND_FUTURE,PRESENT_AND_FUTURE,PRESENT,,,,PRESENT,,,,,PRESENT_AND_FUTURE,,,,,,,PRESENT,,,PRESENT_AND_FUTURE,,,,PRESENT,,,,,,PRESENT,,,,,,,
739902,5A51NC00005,Sysco Food Services of Sacramento Inc,SYSCO Food Services of Sacramento,Sutter,R5-2009-0062,,R5-2009-0062.pdf,No,,,,PRESENT,,,,,,,,,,,,,,,,,,,PRESENT,,,,,,,,,,,,,,PRESENT,,,,,,,,,,,,,,,,,,PRESENT,,,,,,,,,,,,,,,,,,,,,,,,,,,,,,,,,,,,,,,,,,,,PRESENT
274556,5A510101001,Yuba City,Yuba City WWTF,Sutter,R5-2024-0055,CA0079260,r5-2024-0055_npdes.pdf,No,,PRESENT,PRESENT,,,PRESENT,PRESENT,,,PRESENT,,,,,,PRESENT,PRESENT,,,,,,PRESENT,,,,,,,,,PRESENT,,,,,,,PRESENT,,,,,,,,,,,,,,,,,,,,,,PRESENT,PRESENT,,,,,,,PRESENT,,,,PRESENT,,,PRESENT,,PRESENT,PRESENT,,,PRESENT,,,,PRESENT,,,,,,PRESENT,,,,,,,
215750,5A520100001,Corning City,City of Corning WWTP,Tehama,R5-2022-0022,CA0004995,r5-2022-0022_npdes.pdf,No,,,PRESENT,,,PRESENT,,,PRESENT,,,PRESENT,,,,,,,,,,,,,,,,,,,,,,,,,,,,,,,,,,,,,,,,,,,,,,,,,PRESENT,PRESENT,,,,,,,,,,PRESENT,,,,,,,,,,PRESENT,,,,PRESENT,,,,,,PRESENT,,,,,,,
227507,5A520106001,Golden Meadows CSD,Golden Meadows STP (sand filter),Tehama,2014-0153-DWQ,,2014-0153-dwq-r5235.pdf,No,,,,,,,,,,,,,,,,,,,,,,,,,,,,,,,,,,,,,,,,,,,,,,,,,,,,,,,,,,,,,,,,,,,,,,,,,,PRESENT,,,,,,,,,,,,,,,,,,,,,,,,,PRESENT
236190,5A520104001,Rio Alto WD,Lake California WWTP,Tehama,R5-2016-0033,,WDR Order R5-2016-0033.pdf,No,PRESENT,,PRESENT,PRESENT,,PRESENT,,,,,,PRESENT,,,,,PRESENT,,,,,,PRESENT,,,,,,,,,,,,,,,,,,,,,,,,,,,,,,,PRESENT,PRESENT,,,,,,PRESENT,PRESENT,,,,,PRESENT,,,,,PRESENT,,,,,,,,,,PRESENT,,,,,,,,,,PRESENT,,,,,,,
240864,5A520102001,Tehama  Co SD #1,Mineral WWTP,Tehama,R5-2023-0040,CA0084069,r5-2023-0040_npdes.pdf,No,,,,,PRESENT,PRESENT,,,,,,,,,,,PRESENT,,,,,,PRESENT,,,,,,,,,,,,,,PRESENT,,,,,,,,,,,,,,,,,,,,,,,,PRESENT,PRESENT,,,,,,,,,,,,,,,,,,,,,,,,,,,,,,,,,,,,,
252119,5A520101001,Red Bluff City ,Red Bluff WW Reclamation Plant,Tehama,R5-2023-0048,CA0078891,r5_2023-0048_npdes.pdf,No,,PRESENT,PRESENT_AND_FUTURE,,,PRESENT_AND_FUTURE,PRESENT,FUTURE,PRESENT,,,,,,,,PRESENT,,,,,,PRESENT,PRESENT,,,,,,,,,,,,,,,,,,,,,,,,,,,,,,,,,,,,,PRESENT,PRESENT,,,,,,,,,,,,,,,PRESENT,,,,,PRESENT,,,,,,,,,,PRESENT,,,,,,,
236941,1A83052OTRI,Lewiston Community Services District,"Lewiston CSD WWTP, POTW",Trinity,R1-2020-0024,,20_0024_LewistonCSD_WDR.pdf,No,,,,,,,,,,,,,,,,,PRESENT,,PRESENT,,,,PRESENT,,,,,,,,,,,,,,,,,,,,,,,,,,,,,,,,,,,,,,,,,,,,,,,,,PRESENT,,,,,,,,,,PRESENT,,,,,,,,,,PRESENT,,,,,,,
229873,1A97069RTRI,Trinity County Waterworks District,Trinity County Waterworks District #1 Hayfork WWTP,Trinity,R1-2012-0105,,12_0105_WDR_Hayfork.pdf,No,,,,,,PRESENT,,,,,,,,,,,PRESENT,,,,PRESENT,,,,,,,,,,,,,,,,,,,,,,,,,,,,,,,,,,PRESENT,,,,,,PRESENT,,,,,,,,,,,,,,,,,,,,,,,,,,,,,,,,,,,,,,
271915,1A84072OTRI,Weaverville Sanitary District,Weaverville SD WWTP,Trinity,R1-2018-0004,,18_0004_Weaverville_WDR_.pdf,No,,,,,PRESENT,PRESENT,,,,,,,,,,,PRESENT,,,,,,,,,,,,,,,,,,,,,,,,,,,,,,,,,,,,,,,,,,,,PRESENT,,,,,,,,,,,,,,,,PRESENT,,,,,,,,,,,,,,,,,,,,,,
206529,5D541003004,USDI National Park Service Sequoia & Kings Canyon,Ash Mountain WWTF,Tulare,2014-0153-DWQ,,NOA 2014-0153-DWQ-R5410 Ash Mountain WWTF.pdf,No,PRESENT,,,,PRESENT,PRESENT_AND_FUTURE,,,FUTURE,PRESENT,,,,,,,PRESENT_AND_FUTURE,,,,,,,,,,,,,,,FUTURE,,,,,,,,,,,,,,,,,,,,,,,,,,,,,PRESENT_AND_FUTURE,,FUTURE,,,FUTURE,,,,,,,,,,,,,,,,,,,,PRESENT,,,,,PRESENT,,,,,,,,
872487,5D540110001,Tulare City,City of Tulare WWTF,Tulare,R5-2013-0019,,r5-2013-0019.pdf,No,,PRESENT,PRESENT,,,PRESENT,PRESENT,,PRESENT,,PRESENT,,,,,,,,,,,,,,,,,,,,,PRESENT,,,,,,,PRESENT,,,,,,PRESENT,,,,,,,,,,,,,,,,,,,,,,,,,,,,,,,PRESENT,,,,,,PRESENT,,,,PRESENT,,,,,,PRESENT,,,,,,,
214873,5D541003003,USDI National Park Service Sequoia & Kings Canyon,Clover Creek WWTF,Tulare,2014-0153-DWQ-R5342,,2014-0153-dwq_r5342.pdf,No,PRESENT,,PRESENT,,,PRESENT,,,PRESENT,,,,,,,,PRESENT,,,,,,,,,,,,,,,,,,,,,,,,,,,,,,,,,,,,,,,,,,,,PRESENT,,,,,,,,PRESENT,,,,PRESENT,,,,PRESENT,,,,,PRESENT,,,,,,,,,,,,,,,,,
273166,5D540132001,Cutler-Orosi JT Powers WW Authority,Cutler-Orosi WWTF,Tulare,R5-2025-0013,CA0081485,r5-2025-0013_ndpes.pdf,No,,PRESENT,PRESENT,PRESENT,,PRESENT,,,,,,PRESENT,,,,,,,,,,,PRESENT,,,,,,,,,,,,,,,,PRESENT,,,,,,,,,,,,,,,,,,,,,,,,PRESENT,,,PRESENT,,,,,,PRESENT,,,,,,PRESENT,,,,PRESENT,,,FUTURE,,PRESENT,,,,PRESENT,PRESENT,,,,,,,
219515,5D540136004,Tulare Cnty Resource Management Agency,Delft Colony WWTF,Tulare,2014-0153-DWQ,,Delft Colony WWTF NOA 2014-0153-DWQ-R5427.pdf,No,PRESENT,,,,,PRESENT,,,,,,,,,,,,PRESENT,,,,,PRESENT,,,,,,,,,,,,,,,,,,,,,,,,,,,,,,,,,,,,,,,,,,,,,,,,,,,,,,,,,,,,,,,,,,,,,,,,,,,,
273110,5D540101001,Dinuba City,Dinuba WWTF,Tulare,R5-2023-0046,,R5-2023-0046_WDR_City of Dinuba.pdf,No,,,PRESENT,PRESENT,,PRESENT,,,,,,,,,,,PRESENT,,,,PRESENT,,PRESENT,,,,,,,,,PRESENT,,,,,,,PRESENT,,,,,,,,,,,,,,,,,,,,,,,,,,,,,,,,,,,,,,PRESENT,,PRESENT,,,PRESENT,,,,,,,,,,,,,,,,,
273113,5D540117001,Farmersville City,Farmersville WWTF,Tulare,R5-2022-0026,,R5_2022-0026_WDR_Farmersville WWTF.pdf,No,,,PRESENT,,,PRESENT,,,,,,,,PRESENT,,,,,PRESENT,,,,PRESENT,,,,,,,,,PRESENT,,,,,,,,,,,,,,,,,,,,,,,,,,,,,,,,,,,,,,,,,,,,,PRESENT,,PRESENT,,,PRESENT,,,,PRESENT,,,,,,,,,,,,,
248269,5D540801001,CA Dept of Trans D6 Bakersfield R5F,Philip S Raine SRRA,Tulare,2014-0153-DWQ,,NOA_CalTransPSRaineSRRA_NOA_2014-0153-DWQ-R5377.pdf,No,PRESENT,,,,,,,,,,,,,,,,,,,,,,PRESENT,,,,,,,,,,,,,,,,,,,,,,,,,,,,,,,,,,,,,,,,,,,,,,,,,,,,,,,,,,,,,,,,,,,,,,PRESENT,,,,,,PRESENT
273130,5D540107001,Porterville City,Porterville WWTF,Tulare,R5-2008-0034,,Porterville WWTF R5-2008-0034.pdf,No,,PRESENT,PRESENT,,,PRESENT,PRESENT,,,PRESENT,,,,,,,PRESENT,,,,,,,,,,,,,,,,,,,,,,,,,,,,,,,,,,,,,,,,,,,,PRESENT,,,,,,,,,,,,,,,PRESENT,,,,,,PRESENT,,,,PRESENT,,,,PRESENT,PRESENT,,,,,,,,
273152,5D541049001,River Island East HOA,River Island East WWTF,Tulare,2014-0153-DWQ,,NOA 2014-0153-dwq-r5328.pdf,No,,,,,PRESENT,PRESENT,,,PRESENT,,,,,PRESENT,,,,,,,,,,,,,,,,,,PRESENT,,,,,PRESENT,,,,,,,,,,,,,,,,,,,,,,,,,,PRESENT,,,,,,,,,,,,,,,,,,,,,,,,,,,,,PRESENT,,,,,,,
273192,5D540108001,Strathmore PUD,Strathmore  WWTF,Tulare,R5-2016-0061,,Strathmore PUB r5-2016-0061.pdf,No,PRESENT,,,,,,,PRESENT,,,,,,,,,,,PRESENT,,,,PRESENT,,,,,,,,,,,,,,,,,,,,,,,,,,,,,,,,,,,,,,,,,,,,,,,,,PRESENT,,,,,,,,,,PRESENT,,,,,,,,,,,,,,,,,
264740,5D540136001,"Central Cal Waterworks, Inc.",Tooleville WWTF,Tulare,2014-0153-DWQ,,NOA 2014-0153-DWQ-R5419_Tooleville WWTF.pdf,No,PRESENT,,,,,PRESENT,,,,,,,,,,,,PRESENT,,,,,,,,,,,,,,,,,,,,,,,,,,,,,,,,,,,,,,,,,,,,,,,,,,,,,,,,,,,,,,,,,,,,,,,,,,,,,,,,,
266310,5D540136003,Tulare Cnty Resource Management Agency,Traver WWTF,Tulare,2014-0153-DWQ,,2014-0153-DWQ-R5418 Traver WWTF NOA.pdf,No,PRESENT,,,,,PRESENT,,,,,,,,,,,PRESENT,PRESENT,,,,,,,,,,,,,,,,,,,,,,,,,,,,,,,,,,,,,,,,,,,,,,,,,,,,,,,,,,,,,,,,,,,,,,,,,,,,,,,,,
273138,5D540113001,Visalia City,Visalia Water Reclamation Facility (WRF),Tulare,R5-2018-0046,,r5-2018-0046.pdf,No,,PRESENT,PRESENT_AND_FUTURE,,,PRESENT,PRESENT,,,,,,,,,PRESENT,PRESENT,,,,,,,,,,,,,,,,,,,,,,PRESENT_AND_FUTURE,,,,,,,,,,,,,,PRESENT,,,,,,,,PRESENT_AND_FUTURE,PRESENT,PRESENT,,,,,,,,,,,,,PRESENT,,PRESENT,PRESENT,,,PRESENT_AND_FUTURE,,,,PRESENT,,,,,,PRESENT,,,,,,,
737529,5B55NC00011,San Francisco City & County,Camp Mather,Tuolumne,2014-0153-DWQ,,Order No 2014-0153-DWQ-R5265.pdf,No,,,,,,,,,,,,,,,,,,,,,,,,,,,,,,,,,,,,,,,,,,,,,,,,,,,,,,,,,,,,,,,,,,,,,,,,,,,,,,,,,,,,,,,,,,,,,,,,,,,PRESENT
229466,5C552007001,Lake Don Pedro Homeowners Association,Hacienda WWTP,Tuolumne,97-010-DWQ,,97-010_ NOA.pdf,No,,,,,,,,,,,,,,,,,,,,,,,PRESENT,,,,,,,,,,,,,,,,,,,,,,,,,,,,,,,,,,,,,,,,,,,,,,,,,,,,,,,,,,,,,,,,,,,,,,,,,,,,PRESENT
233460,5C550101001,Jamestown SD,Jamestown Sanitary District Wastewater Treatment Facilities,Tuolumne,R5-2021-0046,,Jamestown WDRs r5_2021_0046.pdf,No,,PRESENT,PRESENT,,,PRESENT,PRESENT,,PRESENT_AND_FUTURE,,,,,,,,PRESENT,,,,,,,PRESENT_AND_FUTURE,,,,,,,,PRESENT,,,,,PRESENT,,PRESENT,,,,,,,,,,,,,,,,,,,,,,PRESENT,,,,,,,,,,,,,,,,PRESENT,,,,,PRESENT,,,,,,,,,PRESENT,PRESENT,,,,,,,
245520,5C550114001,San Francisco City & County,O'Shaughnessy WWTP,Tuolumne,2014-0153-DWQ,,O'Shaughnessy Updated NOA 2014-0153-DWQ-R5417.pdf,No,PRESENT,,,PRESENT,,,,,,,,,,,,,,,,,,,,,,,,,,,,,,,,,,,,,,,,,,,,,,,,,,,,,,,,,,,,,,,,,,,,,,,,,,,,,,,,,,,,,,,,,,,,,,,PRESENT
257763,5C550106004,Tuolumne Utilities District,Sonora Regional WWTF,Tuolumne,R5-2024-0016,,R5-2024-0016_Sonora Regional WWTF_WDR.pdf,No,,PRESENT,PRESENT,,,PRESENT,PRESENT,,PRESENT,,,,,PRESENT,,PRESENT,,,,,PRESENT,,,,,,,,,,,PRESENT,,,,,PRESENT,,PRESENT,,,,,,,,,,,,,,PRESENT,,,,PRESENT,,,,PRESENT,,,,,,PRESENT,,,,,,,,,PRESENT,PRESENT,,PRESENT,,,PRESENT,,,,PRESENT,,,,,,PRESENT,,,,,,,
266720,5C550104001,Tuolumne City SD,Tuolumne City WWTP,Tuolumne,R5-2019-0058,,R5-2019-0058.pdf,No,PRESENT,,,PRESENT,,PRESENT,,,,,,,,PRESENT,,,,,,,,,PRESENT,,,,,,,,,,,,,,,,,,,,,,,,,,,,,,,,,,,,,,,,,,,,,,,,,,,,,,,,,,,,,,PRESENT,,PRESENT,,,,,,,,,,,,
266792,5C550705001,USDI Bureau of Reclamation Sacramento,Tuttletown Recreation Area,Tuolumne,2014-0153-DWQ,,TuttletownNOAJune21.pdf,No,,,,,,,,,,,,,,,,,,,,,,,PRESENT,,,,,,,,,,,,,,,,,,,,,,,,,,,,,,PRESENT,,,,,,,,PRESENT,,,,,,,,,,,,,,,,,,,,,,,,,,,,,,,,,,,,,,PRESENT
274505,5C550700003,USDI National Park Service Yosemite National Park,White Wolf WWTF,Tuolumne,2014-0153-DWQ,,NOA_White Wolf WWTF.pdf,No,,,,,,,,,,,,,,,,,,,,,,PRESENT,,,,,,,,,,,,,,,,,,,,,,,,,,,,,,,,,,,,,,,PRESENT,,,,,,,,,,,,,,,,,,,,,,,,,,,,,,,,,,,,,,
216832,4A560106003,Camrosa Water District,Camrosa Water Reclamation Facility,Ventura,R4-2020-0078,,6769_R4-2020-0078_WDR.pdf,No,,,PRESENT_AND_FUTURE,,,PRESENT,,,,,,,,PRESENT,,PRESENT,,,,,,,PRESENT,,,,,,,,,PRESENT,,,,,PRESENT,,,,,,,,,,,,,,,,,,,,,,,,PRESENT_AND_FUTURE,PRESENT,,,,,,,,,,PRESENT,,,,,,,,,,PRESENT,,,,,,,,,PRESENT,PRESENT,,,,,,,
889990,4A560101001,City of Fillmore,Fillmore Water Recycling Plant,Ventura,R4-2023-0426,,10753_Order R4-2023-0426.pdf,No,,,,,,PRESENT,PRESENT,,PRESENT,,,,,,,,PRESENT,,,,,,,,,,,,,,,PRESENT,,,,,,,,,,,,,,,,,,,,PRESENT,,,PRESENT,,,,,,,,,,,PRESENT,,,,,,,,,,,,,,,,,,,,,,,,,,,,,,,,,
260486,4A560109001,Ventura Regional Sanitation District,Jose Flores WWTP,Ventura,R4-2013-0092,,1761_2013-0092_WDR_PKG.pdf,No,,PRESENT,,,,PRESENT,,,,,PRESENT,,,,,,,,,,,,PRESENT,,,,,,,,,,,,,,,,,,,,,,,,,,,,,,,,,,,,,,,,,,,PRESENT,,,,,,,,,,,PRESENT,,,,,,,,PRESENT,,,,,,,PRESENT,,,,,,,PRESENT
238315,4A565014002,Limoneira Co,Limoneira WWTP,Ventura,R4-2014-0040,,5322_R4-2014-0040_WDR_PKG.pdf,No,,,,,PRESENT,,,,,,,,,PRESENT,,,,,,,,,PRESENT,,,,,,,,,,,,,,PRESENT,,,,,,,,,,,,,,,,,,,,,,,,PRESENT,,,,,,,,,,,,,,,,,,,,,,,,,,,,,,,,,,,,,,PRESENT
242135,4B561004001,Malibu Bay Club HOA,Malibu Bay Club WWTP,Ventura,R4-2012-0073,,5774_R4-2012-0073_WDR_PKG.pdf,No,,PRESENT,,,,,,,PRESENT,,,,,,,,,,,,,,,,,,,,,,,,,,,,PRESENT,,PRESENT,,,,,,,,,,,,,,,,,,,,,,PRESENT,PRESENT,,,,,,,,,,,,,,PRESENT,,,,,,,,,,,,,,,,,,,,,,,PRESENT
848096,4A560103002,Ventura County Water and Sanitation,Moorpark WRF - WDR,Ventura,R4-2023-0089,,6374_R4-2023-0089_WDR_PKG.pdf.pdf,No,,,PRESENT,,,PRESENT,PRESENT,,,,,,,PRESENT,,,,,,,,,PRESENT,,,,,,,,,,,,,,,,,,,,,,,,,,,,,,,,,,,,,,PRESENT,,,,,,,,,,,,,,,,,,PRESENT,,,,,,,,,,,,PRESENT,,,,,,,,
243377,4A560103003,Ventura Cnty Special Districts,Moorpark WRF - WRR,Ventura,R4-2023-0090,,7513_R4-2003-0151_WDR.pdf,No,,,PRESENT,,,PRESENT,PRESENT,,,,,,,PRESENT,,,,,,,PRESENT,,PRESENT,,,,,,,,,,,,,,,,,,,,,,,,,,,,,,,,,,,PRESENT,,,PRESENT,PRESENT,,,,,,,,,,,,,,,,,PRESENT,,,PRESENT,,,,,,,,,,,,,,,,,
734616,4A560114007,Ventura County Water and Sanitation,New Piru WTF,Ventura,R4-2023-0292,,5714_R4-2023-0292.pdf,No,,,PRESENT,,,PRESENT,,,PRESENT,,,PRESENT,,,,PRESENT,,,,,,,PRESENT,,,,,,,,,PRESENT,,,,,PRESENT,,,,,,,,,,PRESENT,PRESENT,,,,,,,,,,,PRESENT,,,,,PRESENT,,,,,,,,PRESENT,,,,,PRESENT,,PRESENT,,,,PRESENT,,,,,,,,,PRESENT,,,,,,,
246616,4A560104001,Ojai Valley Sanitary District,Ojai Valley WWTP,Ventura,R4-2023-0430,CA0053961,Adopted Order Ojai NPDES CI 4245 12212023_ADAchecked.pdf,No,PRESENT,,PRESENT,,,PRESENT,PRESENT,,PRESENT,,,PRESENT_AND_FUTURE,,PRESENT,,PRESENT_AND_FUTURE,,,,,,,,,,,,,,,,PRESENT_AND_FUTURE,FUTURE,,,,FUTURE,,,,,,,,FUTURE,,,,,,,,,,,,,,,,PRESENT,PRESENT,PRESENT,,,,,,,,,PRESENT_AND_FUTURE,,,,,,,PRESENT,,,PRESENT,,,,PRESENT,,,,,PRESENT,PRESENT,,,,,,,
246946,4A560105001,Oxnard City Wastewater Division,Oxnard WWTP,Ventura,R4-2024-0252,CA0054097,Adopted OWRRF NPDES CI-2022 06172024 signed.pdf,No,,PRESENT_AND_FUTURE,PRESENT_AND_FUTURE,,,PRESENT_AND_FUTURE,PRESENT_AND_FUTURE,,PRESENT,PRESENT,,,,,,,PRESENT_AND_FUTURE,,,,,,,,,,,,,,,,,,,,,,PRESENT,,,,,,,,,,PRESENT_AND_FUTURE,FUTURE,PRESENT_AND_FUTURE,,FUTURE,,,,,PRESENT,,,PRESENT_AND_FUTURE,PRESENT,,,,,,PRESENT,PRESENT,,,PRESENT_AND_FUTURE,,,,PRESENT,,PRESENT,PRESENT,,,,,,,PRESENT,,,,,PRESENT,PRESENT,,,,,PRESENT,,
650554,4A560108002,Santa Paula City,Santa Paula WRF,Ventura,R4-2018-0022,,9259_R4-2018-0022 amended.pdf,No,,,,,,PRESENT,PRESENT,,PRESENT,,,,,,,PRESENT,,,,,,,,,,,,,,,,PRESENT,,,,,,,,,,,,,,PRESENT,,,PRESENT,,,PRESENT,PRESENT,,,,,,,,,,,,,PRESENT,,,,,,PRESENT,,,,,PRESENT,,,,,,,,PRESENT,PRESENT,,,,,PRESENT,,,,,,,,
267596,4A560121001,Ventura County Water and Sanitation,Todd Road Jail WWTP,Ventura,R4-2024-0358,,Todd Road Jail WWTP_Revised WDR_CI-7418_2024-10-08.pdf,No,PRESENT,,PRESENT,,,PRESENT,,,,,,,,,,,PRESENT,,,,,,PRESENT,,,,,,,,,,,,,,,,,,,,,,,,,,,,,,,,,,,,,,,,,,,PRESENT,,,,,,PRESENT,,,,,PRESENT,,,,,PRESENT,,,,,,,,,,PRESENT,,,,,,,
271054,4A560107009,City of Ventura,Ventura WRF,Ventura,R4-2025-0272,CA0064726,VWRF Adopted NPDES CI-10859.pdf,No,,PRESENT,PRESENT,,,PRESENT,PRESENT,,PRESENT,PRESENT,,,,,,PRESENT_AND_FUTURE,,,,,,,,PRESENT,,,,,,,,PRESENT_AND_FUTURE,,,,,PRESENT,,,,,,,,,,,,PRESENT,,,FUTURE,FUTURE,,,,,,,,PRESENT_AND_FUTURE,PRESENT,,,,,,PRESENT,,,,PRESENT,,,,PRESENT_AND_FUTURE,,,,PRESENT_AND_FUTURE,,,,,,PRESENT,,,,,PRESENT,PRESENT,,,,,FUTURE,PRESENT,FUTURE
209595,5A571008001,Bill & Kathy's Inc,Bill/Kathy's WWTF,Yolo,2014-0153-DWQ,,bill_kathy_NOA.pdf,No,,,,PRESENT,,,,,,,,,,,,,,,,,,,,PRESENT,,,,,,,,,,,,,,,,,,,,,,,,,,,,,,,,,,,,,,,,,,,,,,,,,,,,,,,,,,,PRESENT,,,,,,,,,PRESENT,,,,,,,
219223,5A570100001,Davis City,City of Davis WWTP,Yolo,R5-2025-0026,CA0079049,r5-2025-0026_npdes.pdf,No,,PRESENT,PRESENT,,,PRESENT,PRESENT,,,,,,,,,PRESENT,PRESENT,PRESENT,PRESENT,,PRESENT,,,PRESENT,,,,,,,,PRESENT,,,,,,,,,,,,,,,,,,,,,,,PRESENT,,,,,,PRESENT,PRESENT,,,,,,,,,,PRESENT,PRESENT,,,PRESENT,,PRESENT,PRESENT,,,,,,,PRESENT,PRESENT,,,,,PRESENT,,,,,,,
220844,5A571005001,California American Water Company Sacramento,Dunnigan WWTF,Yolo,R5-2021-0045,,dunnigan_wdrs_r5-2021-0045.pdf,No,,,,PRESENT,,PRESENT,,,,,,,,,,,PRESENT,PRESENT,PRESENT,,,,PRESENT,,,,,,,,,,,,,,,,,,,,,,,,,,,,,,,,,,,,,,PRESENT,,,,,PRESENT,,,,,,,,,,PRESENT,,,,,,,,,PRESENT,,,,,,,PRESENT,,,,,,,
235144,5A570101001,Knights Landing Service Dist,Knights Landing CSD WWTP,Yolo,R5-2007-0149,,R5-2007-0149.pdf,No,,,,PRESENT_AND_FUTURE,,PRESENT_AND_FUTURE,,,,,,,,,,,,,,,,,PRESENT_AND_FUTURE,,,,,,,,,,,,,,,,,,,,,,,,,,,,,,,,,,,,,,,,,,,,,,,,,,,,,,,,,,,PRESENT,,,,,,,,PRESENT_AND_FUTURE,,PRESENT,,,,,,,
272960,5A570105001,Woodland City,Woodland Water Pollution Control Facility,Yolo,R5-2026-0004,CA0077950,r5-2026-0004_npdes.pdf,No,,,PRESENT,PRESENT,,PRESENT,PRESENT,,PRESENT,,,PRESENT_AND_FUTURE,,,,FUTURE,,PRESENT,,,,PRESENT,PRESENT,PRESENT,,,,PRESENT,,,,PRESENT_AND_FUTURE,,,,,PRESENT_AND_FUTURE,,,,,,,,,,,,,,,,,,,,,PRESENT,,,PRESENT,,PRESENT,,,PRESENT,,,PRESENT,,,PRESENT_AND_FUTURE,,,,PRESENT,,,,,,PRESENT,PRESENT_AND_FUTURE,,,,PRESENT,,,,,PRESENT,,,,,,,
209007,5A58NC00037,US Air Force Beale Air Force Base CES/CEAN,Beale AFB WWTP,Yuba,R5-2019-0086,,r5-2019-0086_wdrs.pdf,No,,PRESENT,PRESENT,,,PRESENT,,,,,,,,,,,,,,,,,,,,,,,,,,,,,,,,,PRESENT,,,,,,,,,,,,,,,,,,,,,,PRESENT,,,,,,,,,,,,,,,PRESENT,,,,,,PRESENT,,,,,,,,,,PRESENT,,,,,,,
229559,5A581007001,River Highlands CSD,Hammonton Gold Village WWTP,Yuba,R5-2022-0024,CA0081574,r5-2022-0024_npdes.pdf,No,,,,,PRESENT,PRESENT,,,,,PRESENT,,,,,PRESENT,,,,,,,,,,,,,,,,PRESENT,,,,,PRESENT,,,,,,,,,,,,,,PRESENT,PRESENT,,,,,,,,,PRESENT,,PRESENT,,,,,,,,,,,,,,,,,,,,,,,,,,,,,,,,,,,,PRESENT
237060,5A580100002,Linda Cnty Water District,Linda Cnty Water District WWTP,Yuba,R5-2022-0070,CA0079651,r5-2022-0070_npdes.pdf,No,,PRESENT_AND_FUTURE,PRESENT_AND_FUTURE,,,PRESENT_AND_FUTURE,FUTURE,,PRESENT_AND_FUTURE,,,,,,,PRESENT_AND_FUTURE,,PRESENT,,,,,PRESENT,,,,,,,,,PRESENT_AND_FUTURE,,,,,PRESENT,,PRESENT,,,,,,,,,,,,,,,,,,,,,,PRESENT_AND_FUTURE,PRESENT_AND_FUTURE,,,,FUTURE,,,,,,,,PRESENT_AND_FUTURE,,PRESENT,,PRESENT,PRESENT,,,PRESENT,,,,PRESENT,PRESENT_AND_FUTURE,,,PRESENT_AND_FUTURE,,PRESENT,,,,,,,
245949,5A580102001,Olivehurst PUD,Olivehurst WWTP,Yuba,R5-2021-0024,CA0077836,r5-2021-0024_npdes.pdf,No,,PRESENT,PRESENT_AND_FUTURE,,,PRESENT,PRESENT,,PRESENT_AND_FUTURE,,,PRESENT,,,,,,,,,,,,PRESENT,,,,,,,,,,,,,,,,,,,,,,,,,,,,,,,PRESENT,,,,,,PRESENT,PRESENT,PRESENT,,,,PRESENT,,,,,PRESENT,,,,PRESENT,PRESENT,,,,,PRESENT,,,,,PRESENT,,,,,PRESENT,,,,,,,
822928,2 21GWDR405097,,Big Rock Ranch Recycled Water,,2014-0153-DWQ,,Big Rock Ranch NOA Package.pdf,No,,,,,,,,PRESENT,,,,,,,,,,,,,,,,,,,,,,,,,,,,,PRESENT,,,,,,,,,,,,,,,,,,,,,,,,PRESENT,,,PRESENT,,,,,,,,,,,,,,,,,,,,,,,,,,,,,,,,,,,PRESENT
216287,5B39NC00240,,County Service Area (CSA) 44 Zone E (Castello),,2014-0153-DWQ,,CSA 44 Zone E_NOA.pdf,No,,,,,PRESENT,,,,PRESENT,,,,,,,,PRESENT,,,,,,,,,,,,,,,PRESENT,,,,,PRESENT,,,,,,,,,,,,,,,,,,,,,,,,,,,,,PRESENT,,,,,,,,,,,,PRESENT,,,,,,,,,,,,,,,,,,,,,PRESENT
602499,5B50NC00018,,Del Rio East HOA WWTP,,97-010-DWQ,,Del Rio East NOA.pdf,No,,,,PRESENT,,PRESENT,,,,,,,,,,,PRESENT,,,,,,,,,,,,,,,PRESENT,,,,,,,,,,,,,,,,,,,,,,,,,,,,,,,PRESENT,,,,,,,,,,,,,,,,,,,,,,,,,,,,,,,,,,,,
647162,5B55NC00007,,Foothill Horizons School,,97-010-DWQ,,97_10_DWQ_R5051.pdf,No,,,,,,,,,,,,,,,,,,,,,,,,,,,,,,,,,,,,,,,,,,,,,,,,,,,,,,,,,,,,,,,,,,,,,,,,,,,,,,,,,,,,,,,,,,,,,,,,,,,PRESENT
862046,2 43GWDR440668,,Google Bay View Campus,,2014-0153-DWQ,,Google Bay View Notice of Applicability Package 2022-07.pdf,No,,,,,PRESENT,PRESENT,,,PRESENT,,,,,,,,PRESENT,,,,,,,,,,,,,,,PRESENT,,,,,PRESENT,,,,,PRESENT,,,,,,,,,,,,,PRESENT,,,,,PRESENT,,,PRESENT,PRESENT,,,,,,,,,,,,,,PRESENT,PRESENT,,,,,,,,,,,PRESENT,,,,,,,,,
707492,5C10NC00163,,Island Park Recreation Area - Pine Flat Lake,,2014-0153-DWQ,,NOAPineFlatLakeIslandPark.pdf,No,PRESENT,,,,,,,,,,,,,,,,,,,,,,PRESENT,,,,,,,,,,,,,,,,,,,,,,,,,,,,,,,,,,,,,,,,,,,,,,,,,,,,,,,,,,,,,,,,,,,,,,,,,,,,PRESENT
837951,5B24NC00381,,"John ""Chuck"" Erreca SRRA",,2014-0153-DWQ,,Caltrans_Erreca_NOA.pdf,No,,,,,,,,,,,,,,,,,PRESENT,,PRESENT,,,,,,,,,,,,,,,,,,PRESENT,,,,,,,PRESENT,,,,,,,,,,,,,,,,,PRESENT,,,PRESENT,,,,,,,,,,PRESENT,,,,,,,,,,,,,,,,,,,,,,,,,PRESENT
771804,1B08022RSON,,Kendall-Jackson Wine Center Domestic Waste,,97-010-DWQ,,120411_RSP_KJWineCenter_GenEnroll_12_0057_MRP_tmk.pdf,No,PRESENT,,,,,,,,,,,,,,,,,,,,,,,,,,,,,,,,,,,,,,,,,,,,,,,,,,,,,,,,,,,,,,,,,,,,,,,,,,,,,,,,,,,,,,,,,,,,,,,,,,PRESENT
236597,2 21GWDR450979,,Las Gallinas Sludge App,,2004-0012-DWQ,,LGVSD Notice of Applicability Package.pdf,No,,,,,,PRESENT,,,,,,,,,,,,,,,,,,,,,,,,,,,,,,,,,,,,,,,,,,,,,,,,,,,,,,,,,,,,,,,,,,,,,,,,,,,,,,,,,,,,,,PRESENT,,,,PRESENT,,,PRESENT
816491,5B22NC00011,,"Lower Grove OWTS, Mariposa Grove of Giant Sequoias",,2014-0153-DWQ,,2014-0153-DWQ-R5188.pdf,No,,,,,,,,,,,,,,,,,,,,,,,,,,,,,,,,,,,,,,,,,,,,,,,,,,,,,,,,,,,,,,,,,,,,,,,,,,PRESENT,,,,,,,,,,,,,,,,,,,,,,,,,PRESENT
893349,8 363015001,,LPC Arrowhead Area 1 LP OWTS,,2014-0153-DWQ,,LPC Arrowhead Area 1 LP OWTS NOA.pdf,No,,PRESENT,,,,,,,PRESENT,,,,,,,,PRESENT,,,,,,,,,,,,,,,,,,,,,,,,,PRESENT,,,,,,,,,,,,,,,,,,,,,PRESENT,,,,,,,,,,,PRESENT,,,,,,,,,,,,,,,,,,,,,,,,,
860254,2 43CW860254,,Microsoft Silicon Valley Recycled Water System,,2014-0153-DWQ,,2020-07_Microsoft Silicon Valley NOA Combined.pdf,No,,,,,,,,PRESENT,PRESENT,,,,,,,,PRESENT,,,,,,,,,,,,,,,PRESENT,,,,,PRESENT,,,,,,,,,,,,,PRESENT,,,,,PRESENT,,,,,,,,PRESENT,PRESENT,,,,,,,,,,,,,,,,,,,,,,,,,,,,,,,,,,,PRESENT
255393,5C241001001,,Oasis West RV Park,,97-010-DWQ,,Oasis West RV Park WWTF (Formerly Los Banos WestI-5 KOA WWTF)-Ownership Change.pdf,No,,,,,,,,,,,,,,,,,PRESENT,,PRESENT,,,,,,,,,,,,,,,,,,,,,,,,,,,,,,,,,,,,,,,,,,,,,,,,,,,,,,,,,,,,,,,,,,,,,,,,,,,,,,,,PRESENT
901334,5A04NC00082,,Oroville Wastewater Treatment Plant Construction Dewatering Project,,2003-0003-DWQ,,orovillewwtp_noa.pdf,No,,,PRESENT,,,,,,,,,,,,,,,,,,,,,,,,,,,,,,,,,,,,,,,,,,,,,,,,,,,,,,,,,,,,,,,,,,,,,,,,,,,,,,,,,,PRESENT,,,,,,,,,,,,,,
729031,3 401108233,,Shandon Roadside Rest Area,,2014-0153-DWQ,,07-02-2019_Shandon Rest Area NOA & NOT package 7-2-19.pdf,No,,,,,,,,,PRESENT,,,,,,,,,,,,,,,,,,,,,,,,,,,,,,,,,,,,,,,,,,,,,,PRESENT,,,,,,,,,,,,,,,,,,,,,,,,,,,,,,,,,,,,,,,,,,,,PRESENT
897866,1B24163RSON,,Sonoma West Holdings Wastewater Treatment Facility Plant No. 2 - Domestic,,2014-0153-DWQ,,250106_MTH_SonomaWest_SDS_NOA & MRP- Final.pdf,No,,,,,PRESENT,,,,,,,,,,,,PRESENT,,,,,,PRESENT,,,,,,,,,,,,,,PRESENT,,,,,,,,,,,,,,,,,,,,,,,,PRESENT,,,,,,,,,,,,,,,,,,,,,,,,,,,,,,,,,,,,,,PRESENT
826481,5B22NC00012,,South Entrance Wastewater Facility,,2014-0153-DWQ,,2014-0153-DWQ-R5208.pdf,No,,,,,,,,,PRESENT,,,,,,,,,,,,,,,,,,,,,,,,,,,,,,,,,,,,,,,,,,,,,,,,,,,,,,,,,,,,,,,,,PRESENT,,,,,,,,,,,,,,,,,,,,,,,,,PRESENT
267637,4B198202066,,Top O'Topanga Community Association WWTP,,R4-2019-0024,,3185_WDR_COV_2025-04-29.pdf,No,PRESENT,,,,PRESENT,PRESENT,,,,,,,,,,,PRESENT,,,,,,,,,,,,,,,PRESENT,,,,,,,,,,,,,,,,,,,,,,,,,,,,,PRESENT,,,,,,,,,,,,,,,,,,,,,,,,,,,,,,,,,,,,,,
707474,5C10NC00162,,Trimmer Recreation Area - Pine Flat Lake,,2014-0153-DWQ,,Trimmer_NOA_2014-0153-dwq-r5252.pdf,No,,,,,,,,,,,,,,,,,,,,,,,PRESENT,,,,,,,,,,,,,,,,,,,,,,,,,,,,,,,,,,,,,,,,,,,,,,,,,,,,,,,,,,,,,,,,,,,,,,,,,,,,PRESENT
835506,5C54NC00327,,University of California Animal Health and Food Safety (CAHFS) Laboratory,,2014-0153-DWQ,,CAHFS_WWTF_NOA.pdf,No,,,,,,,,,,,,,,,,,,,,,,,,,,,,,,,,,,,,,,,,,,,,,,,,,,,,,,,,,,,,,,,,,,PRESENT,,,,,,,PRESENT,,,,,,,,,,,,,,,,,,,,,,,,,,PRESENT
638334,9 000001182,US Marine Corps Base Camp Pendleton,USMC Camp Pendleton Southern Regional Tertiary Treatment Plant,,R9-2019-0167,CA0109347,AmendedOrderR92019167_DigitalSignature signed dwg 12-14-21.pdf,No,,,,,,PRESENT,PRESENT,,PRESENT,,PRESENT,,,,,,,,,,,,,,,,,,,,,,,,,,PRESENT,,,,,,,,,,,,PRESENT,,,,,,,,,,,PRESENT,PRESENT,,,,,PRESENT,PRESENT,,,,,,,,,,PRESENT,,,PRESENT,,,,,,PRESENT,,,,,,PRESENT,,,,,,,
719040,5C54NC00296,,Warlow SRRA WWTF,,2014-0153-DWQ,,CT Warlow_Revised NOA_2014-0153-dwq-r5296-01.pdf,No,,,,,,,,PRESENT,PRESENT,,,,,,,,,,,,,,,PRESENT,,,,,,,,,,,,,PRESENT,,,,,,,,,,,,,,,,,,,,,,,,,,,,,,,,,,,,,,,,,,,,,,,,,,,,,,,,,,,,,,PRESENT
840718,4B190107087,,White Point Outfall Manifold Construction Dewatering Project,,R4-2019-0053,,10371_R4-2019-0053_WDR_PKG.pdf,No,,,,,,,,,,,,,,,,,,,,,,,,PRESENT,,,,,,,,,,,,,,,,,,,,,,,,,,,,,,,PRESENT,,,,,,,,,,,,,,,,,,,,,,,,,,,,,,FUTURE,,,,,,,,,,,,,,
766558,1B06162RHUM,,Willow Creek Apartments,,97-010-DWQ,,110510_CA_RRO_WillowCreek_MRP_tmk.pdf,No,,,,,,,,,,,,,,,,,,,,,,,,,,,,,,,,,,,,,,,,,,,,,,,,,,,,,,,,,,,,,,,,,,,,,,,,,,,,,,,,,,,,,,,,,,,,,,,,,,,PRESENT
