Place ID,WDID,Facility Name,Agency,Region,Major/Minor,Order_No,NPDES No.,Facility_URL,Reg_Measure_ID,Reg_Measure_Type,Addtl_Reg_Measure_ID,Addtl_WDID,PDF_File,Shared_PDF,Total_PDFs_Available,txt_file,extraction_file
205325,5A250100001,Alturas Municipal WWTP,Alturas City,5R,Minor,R5-2020-0004,CA0078921,https://ciwqs.waterboards.ca.gov/ciwqs/readOnly/CiwqsReportServlet?reportName=facilityAtAGlance&placeID=205325,428906,NPDES PERMIT,,,r5-2020-0004_npdes_minor_mod.pdf,No,9.0,r5-2020-0004_npdes_minor_mod.txt,r5-2020-0004_npdes_minor_mod_205325.json
205477,2 283021001,American Canyon Water Reclamation Facility (WRF) (formerly WWTP),American Canyon City PWD,2,Major,R2-2022-0019,CA0038768,https://ciwqs.waterboards.ca.gov/ciwqs/readOnly/CiwqsReportServlet?reportName=facilityAtAGlance&placeID=205477,448119,NPDES PERMIT,,,Order R2-2022-0019 AmCan NPDES reissue Jun-2022.pdf,No,1.0,Order R2-2022-0019 AmCan NPDES reissue Jun-2022.txt,Order R2-2022-0019 AmCan NPDES reissue Jun-2022_205477.json
251217,5A320103001,American Valley WWTP,American Valley CSD,5R,Major,R5-2024-0008,CA0078981,https://ciwqs.waterboards.ca.gov/ciwqs/readOnly/CiwqsReportServlet?reportName=facilityAtAGlance&placeID=251217,456253,NPDES PERMIT,,,r5-2024-0008_npdes.pdf,No,1.0,r5-2024-0008_npdes.txt,r5-2024-0008_npdes_251217.json
205741,5A450100001,Anderson WPCP,Anderson City,5R,Major,R5 2025-0011,CA0077704,https://ciwqs.waterboards.ca.gov/ciwqs/readOnly/CiwqsReportServlet?reportName=facilityAtAGlance&placeID=205741,458134,NPDES PERMIT,,,R5-2025-0011_npdes.pdf,No,2.0,R5-2025-0011_npdes.txt,R5-2025-0011_npdes_205741.json
205793,5B05NP00007,Angels City WWTP,Angels City,5S,Minor,R5-2022-0038,CA0085201,https://ciwqs.waterboards.ca.gov/ciwqs/readOnly/CiwqsReportServlet?reportName=facilityAtAGlance&placeID=205793,448453,NPDES PERMIT,,,r5-2022-0038_npdes.pdf,No,1.0,r5-2022-0038_npdes.txt,r5-2022-0038_npdes_205793.json
206164,1B82114OHUM,Arcata City WWTF,Arcata City,SB,Major,2020-0015-DWQ,,https://ciwqs.waterboards.ca.gov/ciwqs/readOnly/CiwqsReportServlet?reportName=facilityAtAGlance&placeID=206164,436548,NPDES PERMIT,,,19_0006_Arcata_NPDES.pdf,No,1.0,19_0006_Arcata_NPDES.txt,19_0006_Arcata_NPDES_206164.json
747519,5B24NP00017,Atwater Regional WWTF,Atwater City,SB,Major,2020-0015-DWQ,,https://ciwqs.waterboards.ca.gov/ciwqs/readOnly/CiwqsReportServlet?reportName=facilityAtAGlance&placeID=747519,422026,ENROLLEE - NPDES,,,city of atwater_wwtf.pdf,No,2.0,city of atwater_wwtf.txt,city of atwater_wwtf_747519.json
206733,5A31NP00042,Auburn WWTP,Auburn City,5S,"Major, Minor",R5-2023-0025,CAC448871,https://ciwqs.waterboards.ca.gov/ciwqs/readOnly/CiwqsReportServlet?reportName=facilityAtAGlance&placeID=206733,448871,ENROLLEE - NPDES,,,r5-2017-0085-021_noa.pdf,No,2.0,r5-2017-0085-021_noa.txt,r5-2017-0085-021_noa_206733.json
208276,4B190100001,Avalon WWTF,Avalon City,4,Major,R4-2024-0253,CA0054372,https://ciwqs.waterboards.ca.gov/ciwqs/readOnly/CiwqsReportServlet?reportName=facilityAtAGlance&placeID=208276,455133,NPDES PERMIT,,,Adopted Avalon NPDES Permit_CI 0066 05232024_ADAchecked_signed.pdf,No,2.0,Adopted Avalon NPDES Permit_CI 0066 05232024_ADAchecked_signed.txt,Adopted Avalon NPDES Permit_CI 0066 05232024_ADAchecked_signed_208276.json
206888,3 400101001,Avila WWTP,Avila Beach CSD,3,Minor,R3-2017-0025,CA0047830,https://ciwqs.waterboards.ca.gov/ciwqs/readOnly/CiwqsReportServlet?reportName=facilityAtAGlance&placeID=206888,418016,NPDES PERMIT,,,R3-2017-0025 FINAL.pdf,No,1.0,R3-2017-0025 FINAL.txt,R3-2017-0025 FINAL_206888.json
273161,5C15NC00279,Bear Valley CSD WWTF,Bear Valley CSD,5F,Minor,R5-2024-0005,,https://ciwqs.waterboards.ca.gov/ciwqs/readOnly/CiwqsReportServlet?reportName=facilityAtAGlance&placeID=273161,456261,WDR,,,R5-2024-0005_Bear Valley CSDW_WDR.pdf,No,3.0,R5-2024-0005_Bear Valley CSDW_WDR.txt,R5-2024-0005_Bear Valley CSDW_WDR_273161.json
209035,5B02NP00001,Bear Valley WWTF,"Bear Valley Water District (Bear Valley, CA)",5S,Minor,R5-2022-0037,CA0085146,https://ciwqs.waterboards.ca.gov/ciwqs/readOnly/CiwqsReportServlet?reportName=facilityAtAGlance&placeID=209035,448452,NPDES PERMIT,,,r5-2022-0037_npdes.pdf,No,1.0,r5-2022-0037_npdes.txt,r5-2022-0037_npdes_209035.json
259170,8 330101001,Beaumont WWTP No. 1,Beaumont City,8,Major,R8-2022-0042,CA0105376,https://ciwqs.waterboards.ca.gov/ciwqs/readOnly/CiwqsReportServlet?reportName=facilityAtAGlance&placeID=259170,451859,NPDES PERMIT,,,R8-2022-0042_City of Beaumont_Order_NPDES_Final 11-30-2022_esigned.pdf,No,1.0,R8-2022-0042_City of Beaumont_Order_NPDES_Final 11-30-2022_esigned.txt,R8-2022-0042_City of Beaumont_Order_NPDES_Final 11-30-2022_esigned_259170.json
209253,2 482001001,Benicia WWTP,Benicia City,2,Major,R2-2025-0001,CA0038091,https://ciwqs.waterboards.ca.gov/ciwqs/readOnly/CiwqsReportServlet?reportName=facilityAtAGlance&placeID=209253,459990,NPDES PERMIT,,,Benicia R2-2025-0001.pdf,No,1.0,Benicia R2-2025-0001.txt,Benicia R2-2025-0001_209253.json
209551,5A04NC00067,City of Biggs WWTP,Biggs City,5R,Minor,R5-2020-0008,,https://ciwqs.waterboards.ca.gov/ciwqs/readOnly/CiwqsReportServlet?reportName=facilityAtAGlance&placeID=209551,421669,WDR,,,r5-2020-0008_wdr.pdf,No,1.0,r5-2020-0008_wdr.txt,r5-2020-0008_wdr_209551.json
210272,7A130100011,Brawley City WWTP,Brawley City,7,Major,R7-2021-0005,CA0104523,https://ciwqs.waterboards.ca.gov/ciwqs/readOnly/CiwqsReportServlet?reportName=facilityAtAGlance&placeID=210272,444249,NPDES PERMIT,,,R7-2021-0005.pdf,No,3.0,R7-2021-0005.txt,R7-2021-0005_210272.json
210322,5B070101001,Brentwood WWTP,Brentwood City,5S,Major,R5-2024-0020,CA0082660,https://ciwqs.waterboards.ca.gov/ciwqs/readOnly/CiwqsReportServlet?reportName=facilityAtAGlance&placeID=210322,456852,NPDES PERMIT,,,r5-2024-0020_npdes.pdf,No,2.0,r5-2024-0020_npdes.txt,r5-2024-0020_npdes_210322.json
212135,4B190101001,Burbank WRP,Burbank City DPW,4,Major,R4-2023-0358,CA0055531,https://ciwqs.waterboards.ca.gov/ciwqs/readOnly/CiwqsReportServlet?reportName=facilityAtAGlance&placeID=212135,452357,NPDES PERMIT,,,4424_R4-2023-0358_WDR_PKG.pdf,No,1.0,4424_R4-2023-0358_WDR_PKG.txt,4424_R4-2023-0358_WDR_PKG_212135.json
210839,2 417005001,Burlingame WWTP,Burlingame City PWD,2,Major,R2-2023-0010,CA0037788,https://ciwqs.waterboards.ca.gov/ciwqs/readOnly/CiwqsReportServlet?reportName=facilityAtAGlance&placeID=210839,453437,NPDES PERMIT,,,Burlingame R2-2023-0010.pdf,No,1.0,Burlingame R2-2023-0010.txt,Burlingame R2-2023-0010_210839.json
219701,5B390100001,Deuel Vocational Institution,Ca Dept of Corrections & Rehabilitation,5S,Minor,R5-2022-0006-03,CAG995002,https://ciwqs.waterboards.ca.gov/ciwqs/readOnly/CiwqsReportServlet?reportName=facilityAtAGlance&placeID=219701,461159,ENROLLEE - NPDES,,,r5-2022-0006-036.pdf,No,1.0,r5-2022-0006-036.txt,r5-2022-0006-036_219701.json
213850,7A131337001,CA Dept of Corrections Centinela WWTP,Ca Dept of Corrections Imperial,7,Minor,R7-2024-0019,CA7000001,https://ciwqs.waterboards.ca.gov/ciwqs/readOnly/CiwqsReportServlet?reportName=facilityAtAGlance&placeID=213850,457224,NPDES PERMIT,,,R7-2024-0019.pdf,No,2.0,R7-2024-0019.txt,R7-2024-0019_213850.json
212681,3 400108001,California Men's Colony WWTP,Ca Dept of Corrections San Luis Obispo,3,Major,R3-2020-0005,CA0047856,https://ciwqs.waterboards.ca.gov/ciwqs/readOnly/CiwqsReportServlet?reportName=facilityAtAGlance&placeID=212681,439321,NPDES PERMIT,,,CMC NPDES Order R3-2020-0005 amended for new MRP.pdf,No,1.0,CMC NPDES Order R3-2020-0005 amended for new MRP.txt,CMC NPDES Order R3-2020-0005 amended for new MRP_212681.json
717684,5B05NP00014,Forest Meadows WWRP,Calaveras Cnty Water District,5S,Minor,R5-2024-0067,CA0085278,https://ciwqs.waterboards.ca.gov/ciwqs/readOnly/CiwqsReportServlet?reportName=facilityAtAGlance&placeID=717684,459444,NPDES PERMIT,,,r5-2024-0067_npdes.pdf,No,1.0,r5-2024-0067_npdes.txt,r5-2024-0067_npdes_717684.json
255003,5B05NP00001,Copper Cove WWRF,Calaveras Cnty Water District,5S,Minor,R5-2023-0013,CA0084620,https://ciwqs.waterboards.ca.gov/ciwqs/readOnly/CiwqsReportServlet?reportName=facilityAtAGlance&placeID=255003,452543,NPDES PERMIT,,,r5-2023-0013_npdes.pdf,No,1.0,r5-2023-0013_npdes.txt,r5-2023-0013_npdes_255003.json
212589,7A130101011,Calexico City WWTP,Calexico City ,7,Major,R7-2025-0007,CA7000009,https://ciwqs.waterboards.ca.gov/ciwqs/readOnly/CiwqsReportServlet?reportName=facilityAtAGlance&placeID=212589,459837,NPDES PERMIT,,,R7-2025-0007.pdf,No,1.0,R7-2025-0007.txt,R7-2025-0007_212589.json
212739,7A130102041,Calipatria City WWTP,Calipatria City,7,Major,R7-2020-0010,CA0105015,https://ciwqs.waterboards.ca.gov/ciwqs/readOnly/CiwqsReportServlet?reportName=facilityAtAGlance&placeID=212739,402049,NPDES PERMIT,,,R7-2020-0010.pdf,No,1.0,R7-2020-0010.txt,R7-2020-0010_212739.json
212750,2 283003001,Calistoga City Dunaweal WWTP,Calistoga City Public Works Dept.,2,Minor,R2-2022-0010,CA0037966,https://ciwqs.waterboards.ca.gov/ciwqs/readOnly/CiwqsReportServlet?reportName=facilityAtAGlance&placeID=212750,446901,NPDES PERMIT,,,R2-2022-0010.pdf,No,1.0,R2-2022-0010.txt,R2-2022-0010_212750.json
216719,4A560100001,Camarillo WRP,Camarillo Sanitary District,SB,"Major, Minor",2020-0015-DWQ,,https://ciwqs.waterboards.ca.gov/ciwqs/readOnly/CiwqsReportServlet?reportName=facilityAtAGlance&placeID=216719,428243,NPDES PERMIT,,,1278_R4-2019-0136_WDR_PKG.pdf,No,2.0,1278_R4-2019-0136_WDR_PKG.txt,1278_R4-2019-0136_WDR_PKG_216719.json
213281,3 270101001,Carmel Area WWTP,Carmel Area Wastewater District,SB,Major,2020-0015-DWQ,,https://ciwqs.waterboards.ca.gov/ciwqs/readOnly/CiwqsReportServlet?reportName=facilityAtAGlance&placeID=213281,396646,NPDES PERMIT,,,Carmel_Area_WWTP_final.pdf,No,1.0,Carmel_Area_WWTP_final.txt,Carmel_Area_WWTP_final_213281.json
213332,3 420101001,Carpinteria SD WWTP,Carpinteria SD,SB,Major,2020-0015-DWQ,,https://ciwqs.waterboards.ca.gov/ciwqs/readOnly/CiwqsReportServlet?reportName=facilityAtAGlance&placeID=213332,418040,NPDES PERMIT,,,Revised_CA0047364_Carpinteria.pdf,No,1.0,Revised_CA0047364_Carpinteria.txt,Revised_CA0047364_Carpinteria_213332.json
246217,2 019032001,Oro Loma/Castro Valley SD WPCP,Oro Loma Sanitary District,2,"Major, Minor",R2-2024-0006,CA0037559,https://ciwqs.waterboards.ca.gov/ciwqs/readOnly/CiwqsReportServlet?reportName=facilityAtAGlance&placeID=246217,456854,NPDES PERMIT,448549,2 019123001,Order R2-2024-0006.pdf,No,1.0,Order R2-2024-0006.txt,Order R2-2024-0006_246217.json
246217,2 019032001,Oro Loma/Castro Valley SD WPCP,Oro Loma Sanitary District,2,"Major, Minor",R2-2024-0006,CA0037559,https://ciwqs.waterboards.ca.gov/ciwqs/readOnly/CiwqsReportServlet?reportName=facilityAtAGlance&placeID=246217,456854,NPDES PERMIT,448549,2 019123001,EBDA - R2-2022-0023.pdf,Yes,1.0,EBDA - R2-2022-0023.txt,EBDA - R2-2022-0023_246217.json
824400,3 401019759,Cayucos SD WWTP,Cayucos SD,3,Minor,R3-2020-0004,CA3000001,https://ciwqs.waterboards.ca.gov/ciwqs/readOnly/CiwqsReportServlet?reportName=facilityAtAGlance&placeID=824400,435501,NPDES PERMIT,,,Order R3-2020-0004_final.pdf,No,1.0,Order R3-2020-0004_final.txt,Order R3-2020-0004_final_824400.json
213875,2 071008001,Central Contra Costa SD WWTP,Central Contra Costa Sanitary District,2,Major,R2-2022-0020,CA0037648,https://ciwqs.waterboards.ca.gov/ciwqs/readOnly/CiwqsReportServlet?reportName=facilityAtAGlance&placeID=213875,448059,NPDES PERMIT,,,R2-2022-0020.pdf,No,1.0,R2-2022-0020.txt,R2-2022-0020_213875.json
213889,2 215116001,Central Marin San. Agcy. WWTP,Central Marin Sanitation Agency,2,Major,R2-2023-0006,CA0038628,https://ciwqs.waterboards.ca.gov/ciwqs/readOnly/CiwqsReportServlet?reportName=facilityAtAGlance&placeID=213889,452582,NPDES PERMIT,,,Final Order Central Marin Sanitation Agency.pdf,No,1.0,Final Order Central Marin Sanitation Agency.txt,Final Order Central Marin Sanitation Agency_213889.json
214199,5A320100001,Chester STP,Chester PUD,5R,Minor,R5-2021-0022,CA0077747,https://ciwqs.waterboards.ca.gov/ciwqs/readOnly/CiwqsReportServlet?reportName=facilityAtAGlance&placeID=214199,442945,NPDES PERMIT,,,r5-2021-0022_npdes.pdf,No,3.0,r5-2021-0022_npdes.txt,r5-2021-0022_npdes_214199.json
271805,5A040102001,Chico Water Pollution Control Plant,Chico City,5R,Major,R5-2022-0033,CA0079081,https://ciwqs.waterboards.ca.gov/ciwqs/readOnly/CiwqsReportServlet?reportName=facilityAtAGlance&placeID=271805,438991,NPDES PERMIT,,,r5-2022-0033_npdes.pdf,No,1.0,r5-2022-0033_npdes.txt,r5-2022-0033_npdes_271805.json
247750,3 400105001,Paso Robles WWTP,,,,,,https://ciwqs.waterboards.ca.gov/ciwqs/readOnly/CiwqsReportServlet?reportName=facilityAtAGlance&placeID=247750,443460,NPDES PERMIT,,,Order R3-2021-0001_final.pdf,No,1.0,Order R3-2021-0001_final.txt,Order R3-2021-0001_final_247750.json
882248,3 400322963,City of Morro Bay Water Reclamation Facility,City of Morro Bay,3,Major,R3-2022-0029,CA3000002,https://ciwqs.waterboards.ca.gov/ciwqs/readOnly/CiwqsReportServlet?reportName=facilityAtAGlance&placeID=882248,448596,NPDES PERMIT,,,7-18-22_MorroBay_finalorder.pdf,No,2.0,7-18-22_MorroBay_finalorder.txt,7-18-22_MorroBay_finalorder_882248.json
212585,2 417022002,Calera Creek Water Recycling Plant,City of Pacifica,2,Major,R2-2022-0029,CA0038776,https://ciwqs.waterboards.ca.gov/ciwqs/readOnly/CiwqsReportServlet?reportName=facilityAtAGlance&placeID=212585,449576,NPDES PERMIT,,,CA0038776 R2-2022-0029 NPDES Permit.pdf,No,1.0,CA0038776 R2-2022-0029 NPDES Permit.txt,CA0038776 R2-2022-0029 NPDES Permit_212585.json
214802,5A450103001,Clear Creek WWTP,City of Redding,5R,Major,R5-2022-0040,CA0079731,https://ciwqs.waterboards.ca.gov/ciwqs/readOnly/CiwqsReportServlet?reportName=facilityAtAGlance&placeID=214802,445181,NPDES PERMIT,,,r5-2022-0040_npdes.pdf,No,1.0,r5-2022-0040_npdes.txt,r5-2022-0040_npdes_214802.json
258676,5A450103004,Stillwater WWTF,City of Redding,5R,Major,R5-2023-0017,CA0082589,https://ciwqs.waterboards.ca.gov/ciwqs/readOnly/CiwqsReportServlet?reportName=facilityAtAGlance&placeID=258676,448380,NPDES PERMIT,,,r5-2023-0017_npdes.pdf,No,1.0,r5-2023-0017_npdes.txt,r5-2023-0017_npdes_258676.json
255632,3 440124003,Santa Cruz WWTP,City of Santa Cruz,3,Major,R3-2023-0001,CA0048194,https://ciwqs.waterboards.ca.gov/ciwqs/readOnly/CiwqsReportServlet?reportName=facilityAtAGlance&placeID=255632,455558,NPDES PERMIT,,,R3-2023-0001.pdf,No,1.0,R3-2023-0001.txt,R3-2023-0001_255632.json
271054,4A560107009,Ventura WRF,City of Ventura,4,Major,R4-2025-0272,CA0064726,https://ciwqs.waterboards.ca.gov/ciwqs/readOnly/CiwqsReportServlet?reportName=facilityAtAGlance&placeID=271054,463702,NPDES PERMIT,437203,4A560107001,VWRF Adopted NPDES CI-10859.pdf,No,2.0,VWRF Adopted NPDES CI-10859.txt,VWRF Adopted NPDES CI-10859_271054.json
271054,4A560107009,Ventura WRF,City of Ventura,4,Major,R4-2025-0272,CA0064726,https://ciwqs.waterboards.ca.gov/ciwqs/readOnly/CiwqsReportServlet?reportName=facilityAtAGlance&placeID=271054,463702,NPDES PERMIT,437203,4A560107001,1822_R4-2020-0024_WDR.pdf,No,2.0,1822_R4-2020-0024_WDR.txt,1822_R4-2020-0024_WDR_271054.json
214888,1B84032OSON,Cloverdale City WWTP,Cloverdale City,SB,Major,2020-0015-DWQ,,https://ciwqs.waterboards.ca.gov/ciwqs/readOnly/CiwqsReportServlet?reportName=facilityAtAGlance&placeID=214888,425653,NPDES PERMIT,,,18_0034_City of Cloverdale_WWTF_NPDES.pdf,No,1.0,18_0034_City of Cloverdale_WWTF_NPDES.txt,18_0034_City of Cloverdale_WWTF_NPDES_214888.json
214899,5C10NP00012,Clovis WWTF,Clovis City,5F,Major,R5-2024-0036,CA0085235,https://ciwqs.waterboards.ca.gov/ciwqs/readOnly/CiwqsReportServlet?reportName=facilityAtAGlance&placeID=214899,457522,NPDES PERMIT,,,r5-2024-0036_npdes.pdf,No,1.0,r5-2024-0036_npdes.txt,r5-2024-0036_npdes_214899.json
214933,7A330104012,Coachella SD WWTP,Coachella SD,7,Major,R7-2026-0006,CA0104493,https://ciwqs.waterboards.ca.gov/ciwqs/readOnly/CiwqsReportServlet?reportName=facilityAtAGlance&placeID=214933,465057,NPDES PERMIT,,,R7-2026-0006.pdf,No,3.0,R7-2026-0006.txt,R7-2026-0006_214933.json
216446,7A330105091,Coachella Valley WD WWTP,Coachella Valley WD,7,Major,R7-2023-0013,CA0104973,https://ciwqs.waterboards.ca.gov/ciwqs/readOnly/CiwqsReportServlet?reportName=facilityAtAGlance&placeID=216446,452383,NPDES PERMIT,,,R7-2023-0013.pdf,No,3.0,R7-2023-0013.txt,R7-2023-0013_216446.json
215106,5A310101001,City of Colfax WWTP,Colfax City,5S,Minor,R5-2023-0025,CAG585001,https://ciwqs.waterboards.ca.gov/ciwqs/readOnly/CiwqsReportServlet?reportName=facilityAtAGlance&placeID=215106,455418,ENROLLEE - NPDES,,,r5-2023-0025-001_noa.pdf,No,2.0,r5-2023-0025-001_noa.txt,r5-2023-0025-001_noa_215106.json
215141,1B80121OHUM,"College of the Redwoods, POTW",College of the Redwoods,1,Minor,2014-0153-DWQ,CA0006700,https://ciwqs.waterboards.ca.gov/ciwqs/readOnly/CiwqsReportServlet?reportName=facilityAtAGlance&placeID=215141,425769,ENROLLEE - WDR,,,180607_JCM_dp_College_of_the_Redwoods_NOA (003).pdf,No,1.0,180607_JCM_dp_College_of_the_Redwoods_NOA (003).txt,180607_JCM_dp_College_of_the_Redwoods_NOA (003)_215141.json
259146,8 360105001,Colton WRF,Colton City,8,Major,R8-2012-0050,CA0105236,https://ciwqs.waterboards.ca.gov/ciwqs/readOnly/CiwqsReportServlet?reportName=facilityAtAGlance&placeID=259146,388624,NPDES PERMIT,,,12-0050_City_of_Colton_WDR.pdf,No,1.0,12-0050_City_of_Colton_WDR.txt,12-0050_City_of_Colton_WDR_259146.json
259178,8 362375001,"Colton/San Bernadino STP, RIX",Colton/San Bernardino RTT&WRA,SB,Major,2020-0015-DWQ,,https://ciwqs.waterboards.ca.gov/ciwqs/readOnly/CiwqsReportServlet?reportName=facilityAtAGlance&placeID=259178,392658,NPDES PERMIT,,,13-0032_Coton-San_Bernardino_RTT_Water_Reclam_Auth.pdf,No,1.0,13-0032_Coton-San_Bernardino_RTT_Water_Reclam_Auth.txt,13-0032_Coton-San_Bernardino_RTT_Water_Reclam_Auth_259178.json
215225,5A060101001,City of Colusa WWTP,Colusa City,5S,Minor,R5-2022-0020,CA0078999,https://ciwqs.waterboards.ca.gov/ciwqs/readOnly/CiwqsReportServlet?reportName=facilityAtAGlance&placeID=215225,447828,NPDES PERMIT,,,r5-2022-0020_npdes.pdf,No,1.0,r5-2022-0020_npdes.txt,r5-2022-0020_npdes_215225.json
215750,5A520100001,City of Corning WWTP,Corning City,5R,Major,R5-2022-0022,CA0004995,https://ciwqs.waterboards.ca.gov/ciwqs/readOnly/CiwqsReportServlet?reportName=facilityAtAGlance&placeID=215750,447832,NPDES PERMIT,,,r5-2022-0022_npdes.pdf,No,1.0,r5-2022-0022_npdes.txt,r5-2022-0022_npdes_215750.json
259174,8 332476001,Corona WWRF #3,Corona City DWP,SB,Major,2020-0015-DWQ,,https://ciwqs.waterboards.ca.gov/ciwqs/readOnly/CiwqsReportServlet?reportName=facilityAtAGlance&placeID=259174,395382,NPDES PERMIT,,,14-0015_City_of_Corona_DW&P_WD&RR_WRF_No_3.pdf,No,1.0,14-0015_City_of_Corona_DW&P_WD&RR_WRF_No_3.txt,14-0015_City_of_Corona_DW&P_WD&RR_WRF_No_3_259174.json
215925,7A131001011,Country Life MHPRV Asset Partners LP WWTP,"Country Life MHRVP Asset Partners, L.P.",7,Minor,R7-2023-0041,CA0104264,https://ciwqs.waterboards.ca.gov/ciwqs/readOnly/CiwqsReportServlet?reportName=facilityAtAGlance&placeID=215925,454742,NPDES PERMIT,,,R7-2023-0041.pdf,No,1.0,R7-2023-0041.txt,R7-2023-0041_215925.json
215966,1B83009OMEN,Covelo POTW,Covelo CSD,1,Minor,R1-2023-0006,CA0023574,https://ciwqs.waterboards.ca.gov/ciwqs/readOnly/CiwqsReportServlet?reportName=facilityAtAGlance&placeID=215966,453119,NPDES PERMIT,,,23_0006_covelo_csd_06.20.2023_eosigned.pdf,No,1.0,23_0006_covelo_csd_06.20.2023_eosigned.txt,23_0006_covelo_csd_06.20.2023_eosigned_215966.json
216106,1A84006ODN,Crescent City WWTP,Crescent City,1,Major,R1-2023-0039,CA0022756,https://ciwqs.waterboards.ca.gov/ciwqs/readOnly/CiwqsReportServlet?reportName=facilityAtAGlance&placeID=216106,455297,NPDES PERMIT,,,23_0039_CrescentCity_NPDES.pdf,No,2.0,23_0039_CrescentCity_NPDES.txt,23_0039_CrescentCity_NPDES_216106.json
248886,2 071034001,Port Costa WWTP,Crockett Community Services District,2,Minor,R2-2024-0009,CA0037885,https://ciwqs.waterboards.ca.gov/ciwqs/readOnly/CiwqsReportServlet?reportName=facilityAtAGlance&placeID=248886,457284,NPDES PERMIT,,,R2-2024-0009 Port Costa NPDES Order.pdf,No,1.0,R2-2024-0009 Port Costa NPDES Order.txt,R2-2024-0009 Port Costa NPDES Order_248886.json
273166,5D540132001,Cutler-Orosi WWTF,Cutler-Orosi JT Powers WW Authority,5F,Major,R5-2025-0013,CA0081485,https://ciwqs.waterboards.ca.gov/ciwqs/readOnly/CiwqsReportServlet?reportName=facilityAtAGlance&placeID=273166,460450,NPDES PERMIT,,,r5-2025-0013_ndpes.pdf,No,1.0,r5-2025-0013_ndpes.txt,r5-2025-0013_ndpes_273166.json
216428,3 421003001,Cuyama CSD WWTP,Cuyama Community Services District,3,Minor,2014-0153-DWQ,,https://ciwqs.waterboards.ca.gov/ciwqs/readOnly/CiwqsReportServlet?reportName=facilityAtAGlance&placeID=216428,416410,ENROLLEE - WDR,,,noa.pdf,No,3.0,noa.txt,noa_216428.json
219146,7A131057011,Date Gardens MHP WWTP,Date Gardens Asset Partners LP,7,Minor,R7-2023-0046,CA0104841,https://ciwqs.waterboards.ca.gov/ciwqs/readOnly/CiwqsReportServlet?reportName=facilityAtAGlance&placeID=219146,455499,NPDES PERMIT,,,Order R7-2023-0046- Date Gardens MHPWWTP_NPDES.pdf,No,1.0,Order R7-2023-0046- Date Gardens MHPWWTP_NPDES.txt,Order R7-2023-0046- Date Gardens MHPWWTP_NPDES_219146.json
219223,5A570100001,City of Davis WWTP,Davis City,5S,Major,R5-2025-0026,CA0079049,https://ciwqs.waterboards.ca.gov/ciwqs/readOnly/CiwqsReportServlet?reportName=facilityAtAGlance&placeID=219223,461835,NPDES PERMIT,,,r5-2025-0026_npdes.pdf,No,1.0,r5-2025-0026_npdes.txt,r5-2025-0026_npdes_219223.json
219552,2 071013001,Delta Diablo WWTP,,,,,,https://ciwqs.waterboards.ca.gov/ciwqs/readOnly/CiwqsReportServlet?reportName=facilityAtAGlance&placeID=219552,435913,NPDES PERMIT,,,R2-2019-0035.pdf,No,1.0,R2-2019-0035.txt,R2-2019-0035_219552.json
220548,5A290105001,Donner Summit PUD WWTP,Donner Summit Public Utilities District,5S,Minor,2016-0068-DDW,,https://ciwqs.waterboards.ca.gov/ciwqs/readOnly/CiwqsReportServlet?reportName=facilityAtAGlance&placeID=220548,443214,NPDES PERMIT,,,R5-2021-0023_npdes.pdf,No,1.0,R5-2021-0023_npdes.txt,R5-2021-0023_npdes_220548.json
220792,2 019033001,Dublin San Ramon SD WWTP,Dublin San Ramon Services District (WWTP NPDES & SSO),2,"Major, Minor",R2-2022-0024,CA0037613,https://ciwqs.waterboards.ca.gov/ciwqs/readOnly/CiwqsReportServlet?reportName=facilityAtAGlance&placeID=220792,448550,NPDES PERMIT,"448549,443265","2 019123001,2 019129001",DSRSD - R2-2022-2024.pdf,No,1.0,DSRSD - R2-2022-2024.txt,DSRSD - R2-2022-2024_220792.json
220792,2 019033001,Dublin San Ramon SD WWTP,Dublin San Ramon Services District (WWTP NPDES & SSO),2,"Major, Minor",R2-2022-0024,CA0037613,https://ciwqs.waterboards.ca.gov/ciwqs/readOnly/CiwqsReportServlet?reportName=facilityAtAGlance&placeID=220792,448550,NPDES PERMIT,"448549,443265","2 019123001,2 019129001",EBDA - R2-2022-0023.pdf,Yes,1.0,EBDA - R2-2022-0023.txt,EBDA - R2-2022-0023_220792.json
220792,2 019033001,Dublin San Ramon SD WWTP,Dublin San Ramon Services District (WWTP NPDES & SSO),2,"Major, Minor",R2-2022-0024,CA0037613,https://ciwqs.waterboards.ca.gov/ciwqs/readOnly/CiwqsReportServlet?reportName=facilityAtAGlance&placeID=220792,448550,NPDES PERMIT,"448549,443265","2 019123001,2 019129001",LAVWMA - R2-2021-0007.pdf,Yes,1.0,LAVWMA - R2-2021-0007.txt,LAVWMA - R2-2021-0007_220792.json
220850,5A470101001,Dunsmuir WWTP,Dunsmuir City,5R,Minor,R5-2024-0009,CA0078441,https://ciwqs.waterboards.ca.gov/ciwqs/readOnly/CiwqsReportServlet?reportName=facilityAtAGlance&placeID=220850,452141,NPDES PERMIT,,,r5-2024-0009_npdes.pdf,No,1.0,r5-2024-0009_npdes.txt,r5-2024-0009_npdes_220850.json
222123,2 019123001,EBDA Common Outfall,East Bay Dischargers Authority,2,Major,R2-2022-0023,CA0037869,https://ciwqs.waterboards.ca.gov/ciwqs/readOnly/CiwqsReportServlet?reportName=facilityAtAGlance&placeID=222123,,,,,EBDA - R2-2022-0023.pdf,Yes,,EBDA - R2-2022-0023.txt,EBDA - R2-2022-0023_222123.json
222130,2 019014002,EBMUD SD#1-Wet Wthr Bypass,East Bay MUD (WPCP),2,"Major, Minor",R2-2025-0006,CA0038440,https://ciwqs.waterboards.ca.gov/ciwqs/readOnly/CiwqsReportServlet?reportName=facilityAtAGlance&placeID=222130,460446,NPDES PERMIT,,,R2-2025-0006.pdf,No,1.0,R2-2025-0006.txt,R2-2025-0006_222130.json
222132,2 019014001,EBMUD WPCP,East Bay MUD (WPCP),2,Major,R2-2026-0003,CA0037702,https://ciwqs.waterboards.ca.gov/ciwqs/readOnly/CiwqsReportServlet?reportName=facilityAtAGlance&placeID=222132,464068,NPDES PERMIT,,,R2-2026-0003.pdf,No,1.0,R2-2026-0003.txt,R2-2026-0003_222132.json
223236,2 071227001,East Brother Light StationWWTP,East Brother Light Station Inc,2,Minor,R2-2010-0113,,https://ciwqs.waterboards.ca.gov/ciwqs/readOnly/CiwqsReportServlet?reportName=facilityAtAGlance&placeID=223236,376587,WDR,,,Final Order Package 2010-0113.pdf,No,1.0,Final Order Package 2010-0113.txt,Final Order Package 2010-0113_223236.json
897869,9 000004038,East County Advanced Water Purification (AWP) Project,East County Advanced Water Purification Joint Powers Authority,9,Major,R9-2025-0003,CA9000001,https://ciwqs.waterboards.ca.gov/ciwqs/readOnly/CiwqsReportServlet?reportName=facilityAtAGlance&placeID=897869,459357,NPDES PERMIT,,,r9_2025_0003.pdf,No,2.0,r9_2025_0003.txt,r9_2025_0003_897869.json
259196,8 332303001,Temescal Creek Outfall,Eastern Municipal Water District,8,Major,R8-2015-0006,CA8000188,https://ciwqs.waterboards.ca.gov/ciwqs/readOnly/CiwqsReportServlet?reportName=facilityAtAGlance&placeID=259196,394108,NPDES PERMIT,,,R8-2015-0006_EMWD_Temescal_Creek_Discharge.pdf,No,1.0,R8-2015-0006_EMWD_Temescal_Creek_Discharge.txt,R8-2015-0006_EMWD_Temescal_Creek_Discharge_259196.json
222407,7A130103011,El Centro City WWTP,El Centro City,7,Major,R7-2024-0041,CA0104426,https://ciwqs.waterboards.ca.gov/ciwqs/readOnly/CiwqsReportServlet?reportName=facilityAtAGlance&placeID=222407,459499,NPDES PERMIT,,,R7-2024-0041.pdf,No,1.0,R7-2024-0041.txt,R7-2024-0041_222407.json
219398,5B090102001,Deer Creek WWTP,El Dorado Irrigation District,5S,Major,R5-2023-0025,CAC433255,https://ciwqs.waterboards.ca.gov/ciwqs/readOnly/CiwqsReportServlet?reportName=facilityAtAGlance&placeID=219398,433255,ENROLLEE - NPDES,,,eid_deercreek_wwtp_mgo_noa_revised.pdf,No,1.0,eid_deercreek_wwtp_mgo_noa_revised.txt,eid_deercreek_wwtp_mgo_noa_revised_219398.json
222434,5B090102005,El Dorado Hills WWTP,El Dorado Irrigation District,SB,Major,2020-0015-DWQ,,https://ciwqs.waterboards.ca.gov/ciwqs/readOnly/CiwqsReportServlet?reportName=facilityAtAGlance&placeID=222434,425238,ENROLLEE - NPDES,,,eid_edh_wwtp_mgo_noa_final.pdf,No,1.0,eid_edh_wwtp_mgo_noa_final.txt,eid_edh_wwtp_mgo_noa_final_222434.json
259214,8 330112001,EVMWD Regional WWRF,Elsinore Valley Municipal Water District,SB,Major,2020-0015-DWQ,,https://ciwqs.waterboards.ca.gov/ciwqs/readOnly/CiwqsReportServlet?reportName=facilityAtAGlance&placeID=259214,371955,NPDES PERMIT,,,13-0017_Elsinore_Valley_MWD_RWRF_Renewal_WDR_&_NPDES_Permit.pdf,No,3.0,13-0017_Elsinore_Valley_MWD_RWRF_Renewal_WDR_&_NPDES_Permit.txt,13-0017_Elsinore_Valley_MWD_RWRF_Renewal_WDR_&_NPDES_Permit_259214.json
269989,9 000000030,Vallecitos WD Meadowlark WRP,Encina Wastewater Authority,SB,Major,2020-0015-DWQ,,https://ciwqs.waterboards.ca.gov/ciwqs/readOnly/CiwqsReportServlet?reportName=facilityAtAGlance&placeID=269989,425154,NPDES PERMIT,,,EncinaOO_FinalOrderR9-2018-0059.pdf,Yes,2.0,EncinaOO_FinalOrderR9-2018-0059.txt,EncinaOO_FinalOrderR9-2018-0059_269989.json
222758,9 000000030,Encina Water Pollution Control Facility,Encina Wastewater Authority,SB,Major,2020-0015-DWQ,,https://ciwqs.waterboards.ca.gov/ciwqs/readOnly/CiwqsReportServlet?reportName=facilityAtAGlance&placeID=222758,425154,NPDES PERMIT,,,EncinaOO_FinalOrderR9-2018-0059.pdf,Yes,2.0,EncinaOO_FinalOrderR9-2018-0059.txt,EncinaOO_FinalOrderR9-2018-0059_222758.json
222754,9 000000030,Encina Ocean Outfall,Encina Wastewater Authority,9,Major,R9-2018-0059,CA0107395,https://ciwqs.waterboards.ca.gov/ciwqs/readOnly/CiwqsReportServlet?reportName=facilityAtAGlance&placeID=222754,425154,NPDES PERMIT,,,EncinaOO_FinalOrderR9-2018-0059.pdf,Yes,2.0,EncinaOO_FinalOrderR9-2018-0059.txt,EncinaOO_FinalOrderR9-2018-0059_222754.json
213270,9 000000030,Carlsbad WRF,Encina Wastewater Authority,9,Major,R9-2018-0059,CA0107395,https://ciwqs.waterboards.ca.gov/ciwqs/readOnly/CiwqsReportServlet?reportName=facilityAtAGlance&placeID=213270,425154,NPDES PERMIT,,,EncinaOO_FinalOrderR9-2018-0059.pdf,Yes,2.0,EncinaOO_FinalOrderR9-2018-0059.txt,EncinaOO_FinalOrderR9-2018-0059_213270.json
846371,9 000000031,Membrane Filtration/Reverse Osmosis Facility - Escondido,,,,,,https://ciwqs.waterboards.ca.gov/ciwqs/readOnly/CiwqsReportServlet?reportName=facilityAtAGlance&placeID=846371,420777,NPDES PERMIT,,,CA0107981_OrderR920180002.pdf,Yes,2.0,CA0107981_OrderR920180002.txt,CA0107981_OrderR920180002_846371.json
229726,9 000000031,HARRF DISCH to San Elijo Ocean Outfall,Escondido City,SB,Major,2020-0015-DWQ,,https://ciwqs.waterboards.ca.gov/ciwqs/readOnly/CiwqsReportServlet?reportName=facilityAtAGlance&placeID=229726,420777,NPDES PERMIT,,,CA0107981_OrderR920180002.pdf,Yes,2.0,CA0107981_OrderR920180002.txt,CA0107981_OrderR920180002_229726.json
223010,1B82151OHUM,Eureka City Elk River WWTP,Eureka City,1,Major,R1-2023-0016,CA0024449,https://ciwqs.waterboards.ca.gov/ciwqs/readOnly/CiwqsReportServlet?reportName=facilityAtAGlance&placeID=223010,454778,NPDES PERMIT,,,23_0016_Eureka_WWTP_NPDES_09.21.23.pdf,No,1.0,23_0016_Eureka_WWTP_NPDES_09.21.23.txt,23_0016_Eureka_WWTP_NPDES_09.21.23_223010.json
225526,2 482005001,Fairfield-Suisun Sewer District Subregional WWTP,Fairfield Suisun Sewer District,2,Major,R2-2025-0028,CA0038024,https://ciwqs.waterboards.ca.gov/ciwqs/readOnly/CiwqsReportServlet?reportName=facilityAtAGlance&placeID=225526,463625,NPDES PERMIT,,,Order R2-2025-0028.pdf,No,1.0,Order R2-2025-0028.txt,Order R2-2025-0028_225526.json
224137,9 000000115,Fallbrook Water Reclamation Plant,Fallbrook Public Utility District,SB,Major,2020-0015-DWQ,,https://ciwqs.waterboards.ca.gov/ciwqs/readOnly/CiwqsReportServlet?reportName=facilityAtAGlance&placeID=224137,434522,NPDES PERMIT,,,AmendedOrderR9-2019-0169_DigitalSignature signed dwg 12-14-21.pdf,No,5.0,AmendedOrderR9-2019-0169_DigitalSignature signed dwg 12-14-21.txt,AmendedOrderR9-2019-0169_DigitalSignature signed dwg 12-14-21_224137.json
224137,9 000000115,Fallbrook Water Reclamation Plant,Fallbrook Public Utility District,SB,Major,2020-0015-DWQ,,https://ciwqs.waterboards.ca.gov/ciwqs/readOnly/CiwqsReportServlet?reportName=facilityAtAGlance&placeID=224137,434522,NPDES PERMIT,,,AmendingOrderR920210204_DigitalSignature signed dwg 12-17-21.pdf,No,5.0,AmendingOrderR920210204_DigitalSignature signed dwg 12-17-21.txt,AmendingOrderR920210204_DigitalSignature signed dwg 12-17-21_224137.json
224137,9 000000115,Fallbrook Water Reclamation Plant,Fallbrook Public Utility District,SB,Major,2020-0015-DWQ,,https://ciwqs.waterboards.ca.gov/ciwqs/readOnly/CiwqsReportServlet?reportName=facilityAtAGlance&placeID=224137,434522,NPDES PERMIT,,,Fallbrook_Final_Adopted_Order_R9-2019-0169.pdf,No,5.0,Fallbrook_Final_Adopted_Order_R9-2019-0169.txt,Fallbrook_Final_Adopted_Order_R9-2019-0169_224137.json
224137,9 000000115,Fallbrook Water Reclamation Plant,Fallbrook Public Utility District,SB,Major,2020-0015-DWQ,,https://ciwqs.waterboards.ca.gov/ciwqs/readOnly/CiwqsReportServlet?reportName=facilityAtAGlance&placeID=224137,434522,NPDES PERMIT,,,R9-2019-0169_Amended2020 signed dwg 08-17-20.pdf,No,5.0,R9-2019-0169_Amended2020 signed dwg 08-17-20.txt,R9-2019-0169_Amended2020 signed dwg 08-17-20_224137.json
224137,9 000000115,Fallbrook Water Reclamation Plant,Fallbrook Public Utility District,SB,Major,2020-0015-DWQ,,https://ciwqs.waterboards.ca.gov/ciwqs/readOnly/CiwqsReportServlet?reportName=facilityAtAGlance&placeID=224137,434522,NPDES PERMIT,,,R9-2020-0193_Final_Order signed dwg 08-17-20.pdf,No,5.0,R9-2020-0193_Final_Order signed dwg 08-17-20.txt,R9-2020-0193_Final_Order signed dwg 08-17-20_224137.json
224348,1B83136OHUM,Ferndale City POTW,Ferndale City,1,"Major, Minor",R1-2018-0046,CA0022721,https://ciwqs.waterboards.ca.gov/ciwqs/readOnly/CiwqsReportServlet?reportName=facilityAtAGlance&placeID=224348,428678,NPDES PERMIT,,,18_0046_Ferndale_NPDES.pdf,No,1.0,18_0046_Ferndale_NPDES.txt,18_0046_Ferndale_NPDES_224348.json
224901,1B83100OSON,Forestville Water District,Forestville Water District,1,Minor,R1-2024-0004,CA0023043,https://ciwqs.waterboards.ca.gov/ciwqs/readOnly/CiwqsReportServlet?reportName=facilityAtAGlance&placeID=224901,456503,NPDES PERMIT,,,2024_0004_forestville_npdes_signed.pdf,No,1.0,2024_0004_forestville_npdes_signed.txt,2024_0004_forestville_npdes_signed_224901.json
225055,1B84083OMEN,Fort Bragg City WWTP,Fort Bragg City,SB,"Major, Minor",2020-0015-DWQ,,https://ciwqs.waterboards.ca.gov/ciwqs/readOnly/CiwqsReportServlet?reportName=facilityAtAGlance&placeID=225055,430202,NPDES PERMIT,,,19_0020_FortBragg_NPDES.pdf,No,1.0,19_0020_FortBragg_NPDES.txt,19_0020_FortBragg_NPDES_225055.json
225089,1B83135OHUM,Fortuna City WWTP,Fortuna City,SB,Major,2020-0015-DWQ,,https://ciwqs.waterboards.ca.gov/ciwqs/readOnly/CiwqsReportServlet?reportName=facilityAtAGlance&placeID=225089,401784,NPDES PERMIT,,,17_0005_Fortuna_NPDES.pdf,No,1.0,17_0005_Fortuna_NPDES.txt,17_0005_Fortuna_NPDES_225089.json
226690,5B340101001,Galt WWTP & Reclamation Facility,Galt City,5S,Major,R5-2023-0025,CAC443249,https://ciwqs.waterboards.ca.gov/ciwqs/readOnly/CiwqsReportServlet?reportName=facilityAtAGlance&placeID=226690,443249,ENROLLEE - NPDES,,,r5-2017-0085-016.pdf,No,1.0,r5-2017-0085-016.txt,r5-2017-0085-016_226690.json
227568,3 420102001,Goleta SD WWTP,Goleta SD,SB,Major,2020-0015-DWQ,,https://ciwqs.waterboards.ca.gov/ciwqs/readOnly/CiwqsReportServlet?reportName=facilityAtAGlance&placeID=227568,418037,NPDES PERMIT,,,R3-2017-021_Goleta_finalCA0048160.pdf,No,1.0,R3-2017-021_Goleta_finalCA0048160.txt,R3-2017-021_Goleta_finalCA0048160_227568.json
227818,5A290100001,Grass Valley City WWTP,Grass Valley City,5S,Major,R5-2023-0025,CAG585001,https://ciwqs.waterboards.ca.gov/ciwqs/readOnly/CiwqsReportServlet?reportName=facilityAtAGlance&placeID=227818,446876,ENROLLEE - NPDES,,,r5-2017-0085-019.pdf,No,1.0,r5-2017-0085-019.txt,r5-2017-0085-019_227818.json
256050,1B84060OSON,Graton CSD,Graton CSD,1,Minor,R1-2018-0001,CA0023639,https://ciwqs.waterboards.ca.gov/ciwqs/readOnly/CiwqsReportServlet?reportName=facilityAtAGlance&placeID=256050,408066,NPDES PERMIT,,,18_0001_Graton_NPDES.pdf,No,1.0,18_0001_Graton_NPDES.txt,18_0001_Graton_NPDES_256050.json
219530,5A321010001,Delleker WWTP,Grizzly Lake CSD,5R,Minor,R5-2019-0052,CA0081744,https://ciwqs.waterboards.ca.gov/ciwqs/readOnly/CiwqsReportServlet?reportName=facilityAtAGlance&placeID=219530,433307,NPDES PERMIT,,,R5-2019-0052.pdf,No,3.0,R5-2019-0052.txt,R5-2019-0052_219530.json
229882,2 019123001,Hayward WPCF,,,,,,https://ciwqs.waterboards.ca.gov/ciwqs/readOnly/CiwqsReportServlet?reportName=facilityAtAGlance&placeID=229882,,,,,EBDA - R2-2022-0023.pdf,Yes,,EBDA - R2-2022-0023.txt,EBDA - R2-2022-0023_229882.json
229922,1B82046OSON,Healdsburg City WWTP,Healdsburg City,1,Major,R1-2022-0017,CA0025135,https://ciwqs.waterboards.ca.gov/ciwqs/readOnly/CiwqsReportServlet?reportName=facilityAtAGlance&placeID=229922,441149,NPDES PERMIT,,,22_0017_Healdsburg_WWTF_NPDES.pdf,No,1.0,22_0017_Healdsburg_WWTF_NPDES.txt,22_0017_Healdsburg_WWTF_NPDES_229922.json
229967,7A130104011,Heber PUD WWTP,Heber PUD,7,"Major, Minor",R7-2022-0007,CA0104370,https://ciwqs.waterboards.ca.gov/ciwqs/readOnly/CiwqsReportServlet?reportName=facilityAtAGlance&placeID=229967,448568,NPDES PERMIT,,,R7-2022-0007.pdf,No,2.0,R7-2022-0007.txt,R7-2022-0007_229967.json
230132,3 401013001,Heritage Ranch WWTP,Heritage Ranch CSD,3,Minor,R3-2017-0026,CA0048941,https://ciwqs.waterboards.ca.gov/ciwqs/readOnly/CiwqsReportServlet?reportName=facilityAtAGlance&placeID=230132,418018,NPDES PERMIT,,,R3-2017-0026 Final.pdf,No,1.0,R3-2017-0026 Final.txt,R3-2017-0026 Final_230132.json
230588,7A130105011,Holtville City WWTP,Holtville City,7,Minor,R7-2022-0005,CA0104361,https://ciwqs.waterboards.ca.gov/ciwqs/readOnly/CiwqsReportServlet?reportName=facilityAtAGlance&placeID=230588,446737,NPDES PERMIT,,,R7-2022-0005.pdf,No,2.0,R7-2022-0005.txt,R7-2022-0005_230588.json
256749,1B84086OHUM,Shelter Cove POTW,Humboldt County Resort Improvement District #1,1,Minor,R1-2022-0002,CA0023027,https://ciwqs.waterboards.ca.gov/ciwqs/readOnly/CiwqsReportServlet?reportName=facilityAtAGlance&placeID=256749,440156,NPDES PERMIT,,,22_0002shltrCvNPDES.pdf,No,1.0,22_0002shltrCvNPDES.txt,22_0002shltrCvNPDES_256749.json
232259,7A130135001,Imperial CCD WWTP,Imperial CCD,7,Minor,R7-2025-0019,,https://ciwqs.waterboards.ca.gov/ciwqs/readOnly/CiwqsReportServlet?reportName=facilityAtAGlance&placeID=232259,461875,WDR,,,R7-2025-0019.pdf,No,2.0,R7-2025-0019.txt,R7-2025-0019_232259.json
232297,7A130106011,Imperial City WWTP,Imperial City,7,Major,R7-2021-0002,CA0104400,https://ciwqs.waterboards.ca.gov/ciwqs/readOnly/CiwqsReportServlet?reportName=facilityAtAGlance&placeID=232297,443074,NPDES PERMIT,,,R7-2021-0002.pdf,No,2.0,R7-2021-0002.txt,R7-2021-0002_232297.json
742794,8 362918001,IEUA Regional Plant No. 4,Inland Empire Utilities Agency,8,Major,R8-2022-0041,CA8000409,https://ciwqs.waterboards.ca.gov/ciwqs/readOnly/CiwqsReportServlet?reportName=facilityAtAGlance&placeID=742794,448253,NPDES PERMIT,,,R8-2022-0041_IEUA_ RWRFs_WDR_and_MRP.pdf,Yes,1.0,R8-2022-0041_IEUA_ RWRFs_WDR_and_MRP.txt,R8-2022-0041_IEUA_ RWRFs_WDR_and_MRP_742794.json
259184,8 362918001,IEUA Carbon Canyon WWRF,Inland Empire Utilities Agency,8,Major,R8-2022-0041,CA8000409,https://ciwqs.waterboards.ca.gov/ciwqs/readOnly/CiwqsReportServlet?reportName=facilityAtAGlance&placeID=259184,448253,NPDES PERMIT,,,R8-2022-0041_IEUA_ RWRFs_WDR_and_MRP.pdf,Yes,1.0,R8-2022-0041_IEUA_ RWRFs_WDR_and_MRP.txt,R8-2022-0041_IEUA_ RWRFs_WDR_and_MRP_259184.json
259169,8 362918001,IEUA Regional Plant No. 5,Inland Empire Utilities Agency,8,Major,R8-2022-0041,CA8000409,https://ciwqs.waterboards.ca.gov/ciwqs/readOnly/CiwqsReportServlet?reportName=facilityAtAGlance&placeID=259169,448253,NPDES PERMIT,,,R8-2022-0041_IEUA_ RWRFs_WDR_and_MRP.pdf,Yes,1.0,R8-2022-0041_IEUA_ RWRFs_WDR_and_MRP.txt,R8-2022-0041_IEUA_ RWRFs_WDR_and_MRP_259169.json
259166,8 362918001,IEUA Regional Plant No. 2,Inland Empire Utilities Agency,8,Major,R8-2022-0041,CA8000409,https://ciwqs.waterboards.ca.gov/ciwqs/readOnly/CiwqsReportServlet?reportName=facilityAtAGlance&placeID=259166,448253,NPDES PERMIT,,,R8-2022-0041_IEUA_ RWRFs_WDR_and_MRP.pdf,Yes,1.0,R8-2022-0041_IEUA_ RWRFs_WDR_and_MRP.txt,R8-2022-0041_IEUA_ RWRFs_WDR_and_MRP_259166.json
259165,8 362918001,IEUA Regional Plant No. 1,Inland Empire Utilities Agency,8,Major,R8-2022-0041,CA8000409,https://ciwqs.waterboards.ca.gov/ciwqs/readOnly/CiwqsReportServlet?reportName=facilityAtAGlance&placeID=259165,448253,NPDES PERMIT,,,R8-2022-0041_IEUA_ RWRFs_WDR_and_MRP.pdf,Yes,1.0,R8-2022-0041_IEUA_ RWRFs_WDR_and_MRP.txt,R8-2022-0041_IEUA_ RWRFs_WDR_and_MRP_259165.json
232656,5B07NP00013,Ironhouse WWTF,Ironhouse Sanitary District,5S,Major,R5-2024-0038,CA0085260,https://ciwqs.waterboards.ca.gov/ciwqs/readOnly/CiwqsReportServlet?reportName=facilityAtAGlance&placeID=232656,457472,NPDES PERMIT,,,R5-2024-0038.pdf,No,1.0,R5-2024-0038.txt,R5-2024-0038_232656.json
758391,8 302006002,Los Alisos WD WWTP,Irvine Ranch Water District,8,Major,R8-2015-0024,CA8000326,https://ciwqs.waterboards.ca.gov/ciwqs/readOnly/CiwqsReportServlet?reportName=facilityAtAGlance&placeID=758391,402182,NPDES PERMIT,,,R8-2015-0024_Irvine Ranch Water District.pdf,Yes,2.0,R8-2015-0024_Irvine Ranch Water District.txt,R8-2015-0024_Irvine Ranch Water District_758391.json
758391,8 302006002,Los Alisos WD WWTP,Irvine Ranch Water District,8,Major,R8-2015-0024,CA8000326,https://ciwqs.waterboards.ca.gov/ciwqs/readOnly/CiwqsReportServlet?reportName=facilityAtAGlance&placeID=758391,402182,NPDES PERMIT,,,R8-2018-0070_IRWD__Amending_R8-2015-0024.pdf,Yes,2.0,R8-2018-0070_IRWD__Amending_R8-2015-0024.txt,R8-2018-0070_IRWD__Amending_R8-2015-0024_758391.json
259156,8 302006002,Michelson WWRF,Irvine Ranch Water District,SB,Major,2020-0015-DWQ,,https://ciwqs.waterboards.ca.gov/ciwqs/readOnly/CiwqsReportServlet?reportName=facilityAtAGlance&placeID=259156,402182,NPDES PERMIT,,,R8-2015-0024_Irvine Ranch Water District.pdf,Yes,2.0,R8-2015-0024_Irvine Ranch Water District.txt,R8-2015-0024_Irvine Ranch Water District_259156.json
259156,8 302006002,Michelson WWRF,Irvine Ranch Water District,SB,Major,2020-0015-DWQ,,https://ciwqs.waterboards.ca.gov/ciwqs/readOnly/CiwqsReportServlet?reportName=facilityAtAGlance&placeID=259156,402182,NPDES PERMIT,,,R8-2018-0070_IRWD__Amending_R8-2015-0024.pdf,Yes,2.0,R8-2018-0070_IRWD__Amending_R8-2015-0024.txt,R8-2018-0070_IRWD__Amending_R8-2015-0024_259156.json
214642,5B030103001,City of Jackson WWTP,Jackson City,5S,Minor,R5-2023-0025,CAC455508,https://ciwqs.waterboards.ca.gov/ciwqs/readOnly/CiwqsReportServlet?reportName=facilityAtAGlance&placeID=214642,455508,ENROLLEE - NPDES,,,r5-2023-0025-002_noa.pdf,No,1.0,r5-2023-0025-002_noa.txt,r5-2023-0025-002_noa_214642.json
234156,4B190107013,A.K. Warren Water Resource Facility,Joint Outfall System,4,Major,R4-2023-0181,CA0053813,https://ciwqs.waterboards.ca.gov/ciwqs/readOnly/CiwqsReportServlet?reportName=facilityAtAGlance&placeID=234156,452398,NPDES PERMIT,,,Adopted JWPCP PERMIT NPDES CI-1758 05252023.pdf,No,2.0,Adopted JWPCP PERMIT NPDES CI-1758 05252023.txt,Adopted JWPCP PERMIT NPDES CI-1758 05252023_234156.json
840718,4B190107087,White Point Outfall Manifold Construction Dewatering Project,,,,,,https://ciwqs.waterboards.ca.gov/ciwqs/readOnly/CiwqsReportServlet?reportName=facilityAtAGlance&placeID=840718,416661,NPDES PERMIT,,,10371_R4-2019-0053_WDR_PKG.pdf,No,1.0,10371_R4-2019-0053_WDR_PKG.txt,10371_R4-2019-0053_WDR_PKG_840718.json
260156,4B190107020,San Jose Creek Water Reclamation Plant,Joint Outfall System,4,Major,R4-2021-0131,CA0053911,https://ciwqs.waterboards.ca.gov/ciwqs/readOnly/CiwqsReportServlet?reportName=facilityAtAGlance&placeID=260156,443109,NPDES PERMIT,,,5542_R4-2021-0131_WDR_PKG.pdf,No,2.0,5542_R4-2021-0131_WDR_PKG.txt,5542_R4-2021-0131_WDR_PKG_260156.json
250700,4B190107019,Pomona Water Reclamation Plant,Joint Outfall System,4,Major,R4-2021-0097,CA0053619,https://ciwqs.waterboards.ca.gov/ciwqs/readOnly/CiwqsReportServlet?reportName=facilityAtAGlance&placeID=250700,432902,NPDES PERMIT,,,0755_R4-2021-0097_WDR_PKG.pdf,No,3.0,0755_R4-2021-0097_WDR_PKG.txt,0755_R4-2021-0097_WDR_PKG_250700.json
238646,4B190107015,Los Coyotes WRP,Joint Outfall System,4,Major,R4-2021-0142,CA0054011,https://ciwqs.waterboards.ca.gov/ciwqs/readOnly/CiwqsReportServlet?reportName=facilityAtAGlance&placeID=238646,445113,NPDES PERMIT,,,5059_R4-2021-0142_WDR_PKG (signed).pdf,No,1.0,5059_R4-2021-0142_WDR_PKG (signed).txt,5059_R4-2021-0142_WDR_PKG (signed)_238646.json
238562,4B190107014,Long Beach WRP,Joint Outfall System,4,Major,R4-2022-0032,CA0054119,https://ciwqs.waterboards.ca.gov/ciwqs/readOnly/CiwqsReportServlet?reportName=facilityAtAGlance&placeID=238562,447474,NPDES PERMIT,,,5662_R4-2022-0032_WDR_PKG.pdf,No,4.0,5662_R4-2022-0032_WDR_PKG.txt,5662_R4-2022-0032_WDR_PKG_238562.json
235826,4B190107016,Whittier Narrows Water Reclamation Plant,Joint Outfall System,4,Major,R4-2021-0096,CA0053716,https://ciwqs.waterboards.ca.gov/ciwqs/readOnly/CiwqsReportServlet?reportName=facilityAtAGlance&placeID=235826,443746,NPDES PERMIT,,,2848_R4-2021-0096_WDR_PKG.pdf,No,3.0,2848_R4-2021-0096_WDR_PKG.txt,2848_R4-2021-0096_WDR_PKG_235826.json
236598,2 215012001,Las Gallinas WWTP,Las Gallinas Valley Sanitary District,2,Major,R2-2020-0022,CA0037851,https://ciwqs.waterboards.ca.gov/ciwqs/readOnly/CiwqsReportServlet?reportName=facilityAtAGlance&placeID=236598,439063,NPDES PERMIT,,,R2-2020-0022.pdf,No,1.0,R2-2020-0022.txt,R2-2020-0022_236598.json
266940,4B190104001,Tapia WRF,Las Virgenes MWD,SB,"Major, Minor",2020-0015-DWQ,,https://ciwqs.waterboards.ca.gov/ciwqs/readOnly/CiwqsReportServlet?reportName=facilityAtAGlance&placeID=266940,413302,NPDES PERMIT,,,4760_R4-2017-0124_WDR_PKG.pdf,No,2.0,4760_R4-2017-0124_WDR_PKG.txt,4760_R4-2017-0124_WDR_PKG_266940.json
271781,5B39NP00085,City of Lathrop Consolidated Treatment Facility,Lathrop City,5S,Major,R5-2022-0004,CA0085359,https://ciwqs.waterboards.ca.gov/ciwqs/readOnly/CiwqsReportServlet?reportName=facilityAtAGlance&placeID=271781,445985,NPDES PERMIT,,,r5-2022-0004-01_npdes.pdf,No,3.0,r5-2022-0004-01_npdes.txt,r5-2022-0004-01_npdes_271781.json
271781,5B39NP00085,City of Lathrop Consolidated Treatment Facility,Lathrop City,5S,Major,R5-2022-0004,CA0085359,https://ciwqs.waterboards.ca.gov/ciwqs/readOnly/CiwqsReportServlet?reportName=facilityAtAGlance&placeID=271781,445985,NPDES PERMIT,,,r5-2022-0004_npdes.pdf,No,3.0,r5-2022-0004_npdes.txt,r5-2022-0004_npdes_271781.json
271781,5B39NP00085,City of Lathrop Consolidated Treatment Facility,Lathrop City,5S,Major,R5-2022-0004,CA0085359,https://ciwqs.waterboards.ca.gov/ciwqs/readOnly/CiwqsReportServlet?reportName=facilityAtAGlance&placeID=271781,445985,NPDES PERMIT,,,r5-2023-0032_npdes_ao.pdf,No,3.0,r5-2023-0032_npdes_ao.txt,r5-2023-0032_npdes_ao_271781.json
238365,5A31NP00011,Lincoln City WWTF,Lincoln-SMD1 Wastewater Authority,5S,Major,R5-2024-0024,CA0084476,https://ciwqs.waterboards.ca.gov/ciwqs/readOnly/CiwqsReportServlet?reportName=facilityAtAGlance&placeID=238365,456827,NPDES PERMIT,,,r5-2024-0024_npdes.pdf,No,1.0,r5-2024-0024_npdes.txt,r5-2024-0024_npdes_238365.json
237060,5A580100002,Linda Cnty Water District WWTP,Linda Cnty Water District,5S,Major,R5-2022-0070,CA0079651,https://ciwqs.waterboards.ca.gov/ciwqs/readOnly/CiwqsReportServlet?reportName=facilityAtAGlance&placeID=237060,450326,NPDES PERMIT,,,r5-2022-0070_npdes.pdf,No,1.0,r5-2022-0070_npdes.txt,r5-2022-0070_npdes_237060.json
214647,5A510100001,Live Oak City WWTP,Live Oak City,5S,Major,R5-2023-0025,CAC444735,https://ciwqs.waterboards.ca.gov/ciwqs/readOnly/CiwqsReportServlet?reportName=facilityAtAGlance&placeID=214647,444735,ENROLLEE - NPDES,,,R5-2017-0085-018.pdf,No,1.0,R5-2017-0085-018.txt,R5-2017-0085-018_214647.json
237195,2 019025001,City of Livermore Water Reclamation Plant,Livermore City,2,"Major, Minor",R2-2022-0025,CA0038008,https://ciwqs.waterboards.ca.gov/ciwqs/readOnly/CiwqsReportServlet?reportName=facilityAtAGlance&placeID=237195,448551,NPDES PERMIT,"448549,443265","2 019123001,2 019129001",City of Livermore - R2-2022-2025.pdf,No,1.0,City of Livermore - R2-2022-2025.txt,City of Livermore - R2-2022-2025_237195.json
237195,2 019025001,City of Livermore Water Reclamation Plant,Livermore City,2,"Major, Minor",R2-2022-0025,CA0038008,https://ciwqs.waterboards.ca.gov/ciwqs/readOnly/CiwqsReportServlet?reportName=facilityAtAGlance&placeID=237195,448551,NPDES PERMIT,"448549,443265","2 019123001,2 019129001",EBDA - R2-2022-0023.pdf,Yes,1.0,EBDA - R2-2022-0023.txt,EBDA - R2-2022-0023_237195.json
237195,2 019025001,City of Livermore Water Reclamation Plant,Livermore City,2,"Major, Minor",R2-2022-0025,CA0038008,https://ciwqs.waterboards.ca.gov/ciwqs/readOnly/CiwqsReportServlet?reportName=facilityAtAGlance&placeID=237195,448551,NPDES PERMIT,"448549,443265","2 019123001,2 019129001",LAVWMA - R2-2021-0007.pdf,Yes,1.0,LAVWMA - R2-2021-0007.txt,LAVWMA - R2-2021-0007_237195.json
272444,5B39NP00073,White Slough Water Pollution Control Facility,,,,,,https://ciwqs.waterboards.ca.gov/ciwqs/readOnly/CiwqsReportServlet?reportName=facilityAtAGlance&placeID=272444,461529,ENROLLEE - NPDES,,,R5-2023-0025-010.pdf,No,1.0,R5-2023-0025-010.txt,R5-2023-0025-010_272444.json
237295,1B80081OHUM,Loleta WWTF,Loleta CSD,1,Minor,R1-2020-0002,CA0023671,https://ciwqs.waterboards.ca.gov/ciwqs/readOnly/CiwqsReportServlet?reportName=facilityAtAGlance&placeID=237295,416904,NPDES PERMIT,,,20_0002_Loleta_CSD_WDR and Recycling NPDES.pdf,No,1.0,20_0002_Loleta_CSD_WDR and Recycling NPDES.txt,20_0002_Loleta_CSD_WDR and Recycling NPDES_237295.json
237315,3 420105001,Lompoc City Regional Wastewater Reclamation Plant,Lompoc City,3,Major,R3-2022-0004,CA0048127,https://ciwqs.waterboards.ca.gov/ciwqs/readOnly/CiwqsReportServlet?reportName=facilityAtAGlance&placeID=237315,447545,NPDES PERMIT,,,lompoc_finalorder.pdf,No,2.0,lompoc_finalorder.txt,lompoc_finalorder_237315.json
232063,4B190106002,Hyperion WWTP,Los Angeles City Bureau of Sanitation,4,Major,R4-2023-0033,CA0109991,https://ciwqs.waterboards.ca.gov/ciwqs/readOnly/CiwqsReportServlet?reportName=facilityAtAGlance&placeID=232063,447793,NPDES PERMIT,,,Hyperion NPDES CA0109991 CI-1492_FINAL+SIGNED.pdf,No,2.0,Hyperion NPDES CA0109991 CI-1492_FINAL+SIGNED.txt,Hyperion NPDES CA0109991 CI-1492_FINAL+SIGNED_232063.json
267571,4B190106004,Donald C. Tillman WWRP,Los Angeles City Bureau of Sanitation,4,Major,R4-2022-0341,CA0056227,https://ciwqs.waterboards.ca.gov/ciwqs/readOnly/CiwqsReportServlet?reportName=facilityAtAGlance&placeID=267571,447892,NPDES PERMIT,,,Adopted DCTWRP NPDES CI-5695_01242023.pdf,No,2.0,Adopted DCTWRP NPDES CI-5695_01242023.txt,Adopted DCTWRP NPDES CI-5695_01242023_267571.json
267130,4B190106005,Terminal Island Water Reclamation Plant,Los Angeles City Bureau of Sanitation,4,Major,R4-2021-0095,CA0053856,https://ciwqs.waterboards.ca.gov/ciwqs/readOnly/CiwqsReportServlet?reportName=facilityAtAGlance&placeID=267130,443776,NPDES PERMIT,,,TIWRP Adopted Permit 06102021_signed.pdf,No,4.0,TIWRP Adopted Permit 06102021_signed.txt,TIWRP Adopted Permit 06102021_signed_267130.json
235738,4B190106001,Los Angeles-Glendale WWRP,Los Angeles City Bureau of Sanitation,4,Major,R4-2022-0343,CA0053953,https://ciwqs.waterboards.ca.gov/ciwqs/readOnly/CiwqsReportServlet?reportName=facilityAtAGlance&placeID=235738,452152,NPDES PERMIT,,,Final LAG NPDES permit_CI 5675 Final_Signed.pdf,No,1.0,Final LAG NPDES permit_CI 5675 Final_Signed.txt,Final LAG NPDES permit_CI 5675 Final_Signed_235738.json
242162,4B190107048,Malibu Mesa WRP,Los Angeles Cnty DPW,4,Minor,R4-2021-0062,CA0059099,https://ciwqs.waterboards.ca.gov/ciwqs/readOnly/CiwqsReportServlet?reportName=facilityAtAGlance&placeID=242162,413232,NPDES PERMIT,,,6599_R4-2021-0062_WDR.pdf,No,3.0,6599_R4-2021-0062_WDR.txt,6599_R4-2021-0062_WDR_242162.json
270849,4A190107023,Valencia WRP,Santa Clarita Valley SD of Los Angeles Cnty,4,"Major, Minor",R4-2022-0174,CA0054216,https://ciwqs.waterboards.ca.gov/ciwqs/readOnly/CiwqsReportServlet?reportName=facilityAtAGlance&placeID=270849,435564,NPDES PERMIT,,,4993_R4-2022-0174_WDR_PKG.pdf,No,2.0,4993_R4-2022-0174_WDR_PKG.txt,4993_R4-2022-0174_WDR_PKG_270849.json
260494,4A190107021,Saugus Water Reclamation Plant,Santa Clarita Valley SD of Los Angeles Cnty,4,Major,R4-2022-0175,CA0054313,https://ciwqs.waterboards.ca.gov/ciwqs/readOnly/CiwqsReportServlet?reportName=facilityAtAGlance&placeID=260494,442544,NPDES PERMIT,,,2960_R4-2022-0175_WDR_PKG.pdf,No,2.0,2960_R4-2022-0175_WDR_PKG.txt,2960_R4-2022-0175_WDR_PKG_260494.json
273180,5D100124001,Malaga CWD WWTF,Malaga CWD,SB,Major,2020-0015-DWQ,,https://ciwqs.waterboards.ca.gov/ciwqs/readOnly/CiwqsReportServlet?reportName=facilityAtAGlance&placeID=273180,437060,WDR,,,Malaga CWD-r5-2020-0001_wdr.pdf,No,1.0,Malaga CWD-r5-2020-0001_wdr.txt,Malaga CWD-r5-2020-0001_wdr_273180.json
239343,5B390104001,City of Manteca WW Quality Control Facility,Manteca City,5S,Major,R5-2021-0003,CA0081558,https://ciwqs.waterboards.ca.gov/ciwqs/readOnly/CiwqsReportServlet?reportName=facilityAtAGlance&placeID=239343,442750,NPDES PERMIT,,,r5-2021-0003_npdes.pdf,No,1.0,r5-2021-0003_npdes.txt,r5-2021-0003_npdes_239343.json
239497,2 215021001,Marin CSD 5 - Tiburon WWTP,Marin Cnty Sanitary District 5,2,"Major, Minor",R2-2023-0018,CA0037753,https://ciwqs.waterboards.ca.gov/ciwqs/readOnly/CiwqsReportServlet?reportName=facilityAtAGlance&placeID=239497,454699,NPDES PERMIT,,,R2-2023-0018.pdf,No,1.0,R2-2023-0018.txt,R2-2023-0018_239497.json
239498,2 215021002,Marin CSD 5 Paradise Cove WWTP,Marin Cnty Sanitary District 5,2,Minor,R2-2021-0017,CA0037427,https://ciwqs.waterboards.ca.gov/ciwqs/readOnly/CiwqsReportServlet?reportName=facilityAtAGlance&placeID=239498,444891,NPDES PERMIT,,,Paradise Cove - R2-2021-0017.pdf,No,1.0,Paradise Cove - R2-2021-0017.txt,Paradise Cove - R2-2021-0017_239498.json
273207,5C221012001,Mariposa WWTP,Mariposa PUD,5F,Minor,R5-2023-0025,CAC441902,https://ciwqs.waterboards.ca.gov/ciwqs/readOnly/CiwqsReportServlet?reportName=facilityAtAGlance&placeID=273207,441902,ENROLLEE - NPDES,,,r5-2017-0085-017.pdf,No,1.0,r5-2017-0085-017.txt,r5-2017-0085-017_273207.json
239874,5A06NC00010,Maxwell PUD WWTF,Maxwell PUD,5S,Minor,R5-2009-0109,,https://ciwqs.waterboards.ca.gov/ciwqs/readOnly/CiwqsReportServlet?reportName=facilityAtAGlance&placeID=239874,368841,WDR,,,R5-2009-0109.pdf,No,1.0,R5-2009-0109.txt,R5-2009-0109_239874.json
240093,1B82084OHUM,McKinleyville WWTP,McKinleyville Community Service District,1,"Major, Minor",R1-2024-0023,CA0024490,https://ciwqs.waterboards.ca.gov/ciwqs/readOnly/CiwqsReportServlet?reportName=facilityAtAGlance&placeID=240093,454586,NPDES PERMIT,,,2024_0023_mckinleyville_sc_npdes_signed.pdf,No,1.0,2024_0023_mckinleyville_sc_npdes_signed.txt,2024_0023_mckinleyville_sc_npdes_signed_240093.json
240307,1B83129OMEN,Mendocino City CSD,Mendocino City CSD,1,Minor,R1-2022-0001,CA0022870,https://ciwqs.waterboards.ca.gov/ciwqs/readOnly/CiwqsReportServlet?reportName=facilityAtAGlance&placeID=240307,446770,NPDES PERMIT,,,22_01mendo_npdes.pdf,No,1.0,22_01mendo_npdes.txt,22_01mendo_npdes_240307.json
240318,1B83118OMEN,Mendocino County WWD#2-Anchor Bay,Mendocino County WWD #2 Anchor Bay,1,Minor,R1-2021-0005,CA0024040,https://ciwqs.waterboards.ca.gov/ciwqs/readOnly/CiwqsReportServlet?reportName=facilityAtAGlance&placeID=240318,443040,NPDES PERMIT,,,21_0005_AnchorBay_WWTF_NPDES.pdf,No,1.0,21_0005_AnchorBay_WWTF_NPDES.txt,21_0005_AnchorBay_WWTF_NPDES_240318.json
240791,2 417019001,Millbrae WPCP,Millbrae City,2,Major,R2-2024-0005,CA0037532,https://ciwqs.waterboards.ca.gov/ciwqs/readOnly/CiwqsReportServlet?reportName=facilityAtAGlance&placeID=240791,456225,NPDES PERMIT,,,R2-2024-0005 (Millbrae NPDES Permit).pdf,No,1.0,R2-2024-0005 (Millbrae NPDES Permit).txt,R2-2024-0005 (Millbrae NPDES Permit)_240791.json
822960,5B50NP00031,North Valley Regional Recycled Water Program - Modesto WWTP & Turlock RWQCF,Modesto City,5S,Major,R5-2022-0034,CA0085316,https://ciwqs.waterboards.ca.gov/ciwqs/readOnly/CiwqsReportServlet?reportName=facilityAtAGlance&placeID=822960,448440,NPDES PERMIT,,,r5-2022-0034.pdf,No,1.0,r5-2022-0034.txt,r5-2022-0034_822960.json
241146,5C500102001,City of Modesto WQCF,Modesto City,5S,Major,R5-2023-0025,CAC448536,https://ciwqs.waterboards.ca.gov/ciwqs/readOnly/CiwqsReportServlet?reportName=facilityAtAGlance&placeID=241146,448536,ENROLLEE - NPDES,,,mgo_amend_strike.pdf,No,2.0,mgo_amend_strike.txt,mgo_amend_strike_241146.json
241146,5C500102001,City of Modesto WQCF,Modesto City,5S,Major,R5-2023-0025,CAC448536,https://ciwqs.waterboards.ca.gov/ciwqs/readOnly/CiwqsReportServlet?reportName=facilityAtAGlance&placeID=241146,448536,ENROLLEE - NPDES,,,modesto_wqcf_mgo_noa.pdf,No,2.0,modesto_wqcf_mgo_noa.txt,modesto_wqcf_mgo_noa_241146.json
241288,3 420107001,Montecito SD WWTP,Montecito Sanitary District,3,Major,R3-2022-0010,CA0047899,https://ciwqs.waterboards.ca.gov/ciwqs/readOnly/CiwqsReportServlet?reportName=facilityAtAGlance&placeID=241288,449423,NPDES PERMIT,,,20220829_Order R3-2022-0010_Final (ACC).pdf,No,1.0,20220829_Order R3-2022-0010_Final (ACC).txt,20220829_Order R3-2022-0010_Final (ACC)_241288.json
241740,3 270118002,Monterey One Water Regional WWTP,Monterey One Water,3,Major,R3-2024-0045,CA0048551,https://ciwqs.waterboards.ca.gov/ciwqs/readOnly/CiwqsReportServlet?reportName=facilityAtAGlance&placeID=241740,459657,NPDES PERMIT,,,r3-2024-0045.pdf,No,1.0,r3-2024-0045.txt,r3-2024-0045_241740.json
241598,5B391078003,Mountain House WWTP,Mountain House City,5S,Major,R5-2023-0033,CA0084271,https://ciwqs.waterboards.ca.gov/ciwqs/readOnly/CiwqsReportServlet?reportName=facilityAtAGlance&placeID=241598,453528,NPDES PERMIT,,,r5-2023-0033-01_npdes.pdf,No,4.0,r5-2023-0033-01_npdes.txt,r5-2023-0033-01_npdes_241598.json
241598,5B391078003,Mountain House WWTP,Mountain House City,5S,Major,R5-2023-0033,CA0084271,https://ciwqs.waterboards.ca.gov/ciwqs/readOnly/CiwqsReportServlet?reportName=facilityAtAGlance&placeID=241598,453528,NPDES PERMIT,,,r5-2023-0033_npdes.pdf,No,4.0,r5-2023-0033_npdes.txt,r5-2023-0033_npdes_241598.json
241598,5B391078003,Mountain House WWTP,Mountain House City,5S,Major,R5-2023-0033,CA0084271,https://ciwqs.waterboards.ca.gov/ciwqs/readOnly/CiwqsReportServlet?reportName=facilityAtAGlance&placeID=241598,453528,NPDES PERMIT,,,r5-2023-0033_npdes_mod.pdf,No,4.0,r5-2023-0033_npdes_mod.txt,r5-2023-0033_npdes_mod_241598.json
241815,2 071029001,Mt. View Sanitary District WWTP,Mt View Sanitary District,2,Major,R2-2021-0026,CA0037770,https://ciwqs.waterboards.ca.gov/ciwqs/readOnly/CiwqsReportServlet?reportName=facilityAtAGlance&placeID=241815,446024,NPDES PERMIT,,,MVSD Final Order ADA.pdf,No,1.0,MVSD Final Order ADA.txt,MVSD Final Order ADA_241815.json
243858,2 283009001,Napa Sanitation District WWTP (Soscol Water Recycling Facility),Napa Sanitation District,2,Major,R2-2022-0003,CA0037575,https://ciwqs.waterboards.ca.gov/ciwqs/readOnly/CiwqsReportServlet?reportName=facilityAtAGlance&placeID=243858,446586,NPDES PERMIT,,,Order_R2-2022-0003.pdf,No,1.0,Order_R2-2022-0003.txt,Order_R2-2022-0003_243858.json
213432,5A290107002,Cascade Shores WWTP,Nevada CSD No 1,5S,Minor,R5-2023-0025,CAC442921,https://ciwqs.waterboards.ca.gov/ciwqs/readOnly/CiwqsReportServlet?reportName=facilityAtAGlance&placeID=213432,442921,ENROLLEE - NPDES,,,r5-2017-0085-015.pdf,No,1.0,r5-2017-0085-015.txt,r5-2017-0085-015_213432.json
236292,5A290104001,Lake Wildwood WWTP,Nevada CSD No 1,5S,"Major, Minor",R5-2023-0025,CAC439953,https://ciwqs.waterboards.ca.gov/ciwqs/readOnly/CiwqsReportServlet?reportName=facilityAtAGlance&placeID=236292,439953,ENROLLEE - NPDES,,,nvcosd1_wildwood_wwtp_final_noa.pdf,No,1.0,nvcosd1_wildwood_wwtp_final_noa.txt,nvcosd1_wildwood_wwtp_final_noa_236292.json
236236,5A290104003,Lake of the Pines WWTP,Nevada CSD No 1,5S,Minor,R5-2023-0025,CAC439955,https://ciwqs.waterboards.ca.gov/ciwqs/readOnly/CiwqsReportServlet?reportName=facilityAtAGlance&placeID=236236,439955,ENROLLEE - NPDES,,,nvcosd1_lop_wwtp_final_noa.pdf,No,1.0,nvcosd1_lop_wwtp_final_noa.txt,nvcosd1_lop_wwtp_final_noa_236236.json
244141,5A290101001,Nevada City WWTP,Nevada City,5S,Minor,R5-2022-0039,CA0079901,https://ciwqs.waterboards.ca.gov/ciwqs/readOnly/CiwqsReportServlet?reportName=facilityAtAGlance&placeID=244141,448476,NPDES PERMIT,,,r5-2022-0039_npdes.pdf,No,1.0,r5-2022-0039_npdes.txt,r5-2022-0039_npdes_244141.json
658148,4A190118001,Newhall Ranch WRP,Newhall Ranch SD,4,Major,R4-2024-0390,CA0064556,https://ciwqs.waterboards.ca.gov/ciwqs/readOnly/CiwqsReportServlet?reportName=facilityAtAGlance&placeID=658148,458486,NPDES PERMIT,,,9322_R4-2024-0390_WDR_PKG.pdf.pdf,No,1.0,9322_R4-2024-0390_WDR_PKG.pdf.txt,9322_R4-2024-0390_WDR_PKG.pdf_658148.json
244348,7A130109011,Niland SD WWTP,Niland County Sanitation District,7,Minor,R7-2025-0017,CA0104451,https://ciwqs.waterboards.ca.gov/ciwqs/readOnly/CiwqsReportServlet?reportName=facilityAtAGlance&placeID=244348,461878,NPDES PERMIT,,,R7-2025-0017.pdf,No,5.0,R7-2025-0017.txt,R7-2025-0017_244348.json
244566,2 417021002,North San Mateo County Sanitation District WWTP,North San Mateo County Sanitation District,2,Major,R2-2022-0036,CA0037737,https://ciwqs.waterboards.ca.gov/ciwqs/readOnly/CiwqsReportServlet?reportName=facilityAtAGlance&placeID=244566,450528,NPDES PERMIT,,,CA0037737 NSMCSD Order R2-2022-0036.pdf,No,1.0,CA0037737 NSMCSD Order R2-2022-0036.txt,CA0037737 NSMCSD Order R2-2022-0036_244566.json
244705,2 215022001,Novato and Ignacio WWTP,Novato Sanitary District,2,Major,R2-2026-0002,CA0037958,https://ciwqs.waterboards.ca.gov/ciwqs/readOnly/CiwqsReportServlet?reportName=facilityAtAGlance&placeID=244705,464071,NPDES PERMIT,,,R2-2026-0002.pdf,No,1.0,R2-2026-0002.txt,R2-2026-0002_244705.json
255392,9 000000146,San Luis Rey Water Reclamation Facility (NPDES - Ocean Discharge),Oceanside City,SB,Major,2020-0015-DWQ,,https://ciwqs.waterboards.ca.gov/ciwqs/readOnly/CiwqsReportServlet?reportName=facilityAtAGlance&placeID=255392,434521,NPDES PERMIT,,,AmendedOrderR920190166_Digitally Signed signed dwg 12-14-21.pdf,Yes,5.0,AmendedOrderR920190166_Digitally Signed signed dwg 12-14-21.txt,AmendedOrderR920190166_Digitally Signed signed dwg 12-14-21_255392.json
255392,9 000000146,San Luis Rey Water Reclamation Facility (NPDES - Ocean Discharge),Oceanside City,SB,Major,2020-0015-DWQ,,https://ciwqs.waterboards.ca.gov/ciwqs/readOnly/CiwqsReportServlet?reportName=facilityAtAGlance&placeID=255392,434521,NPDES PERMIT,,,AmendingOrderR920210199_Digitally Signed signed dwg 12-14-21.pdf,Yes,5.0,AmendingOrderR920210199_Digitally Signed signed dwg 12-14-21.txt,AmendingOrderR920210199_Digitally Signed signed dwg 12-14-21_255392.json
255392,9 000000146,San Luis Rey Water Reclamation Facility (NPDES - Ocean Discharge),Oceanside City,SB,Major,2020-0015-DWQ,,https://ciwqs.waterboards.ca.gov/ciwqs/readOnly/CiwqsReportServlet?reportName=facilityAtAGlance&placeID=255392,434521,NPDES PERMIT,,,Oceanside_Final_Adopted_Order_R9-2019-0166 (1).pdf,Yes,5.0,Oceanside_Final_Adopted_Order_R9-2019-0166 (1).txt,Oceanside_Final_Adopted_Order_R9-2019-0166 (1)_255392.json
255392,9 000000146,San Luis Rey Water Reclamation Facility (NPDES - Ocean Discharge),Oceanside City,SB,Major,2020-0015-DWQ,,https://ciwqs.waterboards.ca.gov/ciwqs/readOnly/CiwqsReportServlet?reportName=facilityAtAGlance&placeID=255392,434521,NPDES PERMIT,,,R9-2019-0166_Amended2020 signed dwg 08-17-20.pdf,Yes,5.0,R9-2019-0166_Amended2020 signed dwg 08-17-20.txt,R9-2019-0166_Amended2020 signed dwg 08-17-20_255392.json
255392,9 000000146,San Luis Rey Water Reclamation Facility (NPDES - Ocean Discharge),Oceanside City,SB,Major,2020-0015-DWQ,,https://ciwqs.waterboards.ca.gov/ciwqs/readOnly/CiwqsReportServlet?reportName=facilityAtAGlance&placeID=255392,434521,NPDES PERMIT,,,R9-2020-0190_Final_Order signed dwg 08-17-20.pdf,Yes,5.0,R9-2020-0190_Final_Order signed dwg 08-17-20.txt,R9-2020-0190_Final_Order signed dwg 08-17-20_255392.json
245795,9 000000146,Oceanside Ocean Outfall,Oceanside City,9,Major,R9-2019-0166,CA0107433,https://ciwqs.waterboards.ca.gov/ciwqs/readOnly/CiwqsReportServlet?reportName=facilityAtAGlance&placeID=245795,434521,NPDES PERMIT,,,AmendedOrderR920190166_Digitally Signed signed dwg 12-14-21.pdf,Yes,5.0,AmendedOrderR920190166_Digitally Signed signed dwg 12-14-21.txt,AmendedOrderR920190166_Digitally Signed signed dwg 12-14-21_245795.json
245795,9 000000146,Oceanside Ocean Outfall,Oceanside City,9,Major,R9-2019-0166,CA0107433,https://ciwqs.waterboards.ca.gov/ciwqs/readOnly/CiwqsReportServlet?reportName=facilityAtAGlance&placeID=245795,434521,NPDES PERMIT,,,AmendingOrderR920210199_Digitally Signed signed dwg 12-14-21.pdf,Yes,5.0,AmendingOrderR920210199_Digitally Signed signed dwg 12-14-21.txt,AmendingOrderR920210199_Digitally Signed signed dwg 12-14-21_245795.json
245795,9 000000146,Oceanside Ocean Outfall,Oceanside City,9,Major,R9-2019-0166,CA0107433,https://ciwqs.waterboards.ca.gov/ciwqs/readOnly/CiwqsReportServlet?reportName=facilityAtAGlance&placeID=245795,434521,NPDES PERMIT,,,Oceanside_Final_Adopted_Order_R9-2019-0166 (1).pdf,Yes,5.0,Oceanside_Final_Adopted_Order_R9-2019-0166 (1).txt,Oceanside_Final_Adopted_Order_R9-2019-0166 (1)_245795.json
245795,9 000000146,Oceanside Ocean Outfall,Oceanside City,9,Major,R9-2019-0166,CA0107433,https://ciwqs.waterboards.ca.gov/ciwqs/readOnly/CiwqsReportServlet?reportName=facilityAtAGlance&placeID=245795,434521,NPDES PERMIT,,,R9-2019-0166_Amended2020 signed dwg 08-17-20.pdf,Yes,5.0,R9-2019-0166_Amended2020 signed dwg 08-17-20.txt,R9-2019-0166_Amended2020 signed dwg 08-17-20_245795.json
245795,9 000000146,Oceanside Ocean Outfall,Oceanside City,9,Major,R9-2019-0166,CA0107433,https://ciwqs.waterboards.ca.gov/ciwqs/readOnly/CiwqsReportServlet?reportName=facilityAtAGlance&placeID=245795,434521,NPDES PERMIT,,,R9-2020-0190_Final_Order signed dwg 08-17-20.pdf,Yes,5.0,R9-2020-0190_Final_Order signed dwg 08-17-20.txt,R9-2020-0190_Final_Order signed dwg 08-17-20_245795.json
236019,9 000000146,"La Salina WWTP, Oceanside Ocean Outfall",Oceanside City,SB,Major,2020-0015-DWQ,,https://ciwqs.waterboards.ca.gov/ciwqs/readOnly/CiwqsReportServlet?reportName=facilityAtAGlance&placeID=236019,434521,NPDES PERMIT,,,AmendedOrderR920190166_Digitally Signed signed dwg 12-14-21.pdf,Yes,5.0,AmendedOrderR920190166_Digitally Signed signed dwg 12-14-21.txt,AmendedOrderR920190166_Digitally Signed signed dwg 12-14-21_236019.json
236019,9 000000146,"La Salina WWTP, Oceanside Ocean Outfall",Oceanside City,SB,Major,2020-0015-DWQ,,https://ciwqs.waterboards.ca.gov/ciwqs/readOnly/CiwqsReportServlet?reportName=facilityAtAGlance&placeID=236019,434521,NPDES PERMIT,,,AmendingOrderR920210199_Digitally Signed signed dwg 12-14-21.pdf,Yes,5.0,AmendingOrderR920210199_Digitally Signed signed dwg 12-14-21.txt,AmendingOrderR920210199_Digitally Signed signed dwg 12-14-21_236019.json
236019,9 000000146,"La Salina WWTP, Oceanside Ocean Outfall",Oceanside City,SB,Major,2020-0015-DWQ,,https://ciwqs.waterboards.ca.gov/ciwqs/readOnly/CiwqsReportServlet?reportName=facilityAtAGlance&placeID=236019,434521,NPDES PERMIT,,,Oceanside_Final_Adopted_Order_R9-2019-0166 (1).pdf,Yes,5.0,Oceanside_Final_Adopted_Order_R9-2019-0166 (1).txt,Oceanside_Final_Adopted_Order_R9-2019-0166 (1)_236019.json
236019,9 000000146,"La Salina WWTP, Oceanside Ocean Outfall",Oceanside City,SB,Major,2020-0015-DWQ,,https://ciwqs.waterboards.ca.gov/ciwqs/readOnly/CiwqsReportServlet?reportName=facilityAtAGlance&placeID=236019,434521,NPDES PERMIT,,,R9-2019-0166_Amended2020 signed dwg 08-17-20.pdf,Yes,5.0,R9-2019-0166_Amended2020 signed dwg 08-17-20.txt,R9-2019-0166_Amended2020 signed dwg 08-17-20_236019.json
236019,9 000000146,"La Salina WWTP, Oceanside Ocean Outfall",Oceanside City,SB,Major,2020-0015-DWQ,,https://ciwqs.waterboards.ca.gov/ciwqs/readOnly/CiwqsReportServlet?reportName=facilityAtAGlance&placeID=236019,434521,NPDES PERMIT,,,R9-2020-0190_Final_Order signed dwg 08-17-20.pdf,Yes,5.0,R9-2020-0190_Final_Order signed dwg 08-17-20.txt,R9-2020-0190_Final_Order signed dwg 08-17-20_236019.json
246616,4A560104001,Ojai Valley WWTP,Ojai Valley Sanitary District,4,Major,R4-2023-0430,CA0053961,https://ciwqs.waterboards.ca.gov/ciwqs/readOnly/CiwqsReportServlet?reportName=facilityAtAGlance&placeID=246616,455050,NPDES PERMIT,,,Adopted Order Ojai NPDES CI 4245 12212023_ADAchecked.pdf,No,5.0,Adopted Order Ojai NPDES CI 4245 12212023_ADAchecked.txt,Adopted Order Ojai NPDES CI 4245 12212023_ADAchecked_246616.json
245949,5A580102001,Olivehurst WWTP,Olivehurst PUD,5S,Major,R5-2021-0024,CA0077836,https://ciwqs.waterboards.ca.gov/ciwqs/readOnly/CiwqsReportServlet?reportName=facilityAtAGlance&placeID=245949,443216,NPDES PERMIT,,,r5-2021-0024_npdes.pdf,No,1.0,r5-2021-0024_npdes.txt,r5-2021-0024_npdes_245949.json
758392,8 300110002,OCSD Plant 1,Orange CSD,8,Major,R8-2021-0010,CA0110604,https://ciwqs.waterboards.ca.gov/ciwqs/readOnly/CiwqsReportServlet?reportName=facilityAtAGlance&placeID=758392,422465,NPDES PERMIT,,,R8-2021-0010_OCSD.pdf,Yes,1.0,R8-2021-0010_OCSD.txt,R8-2021-0010_OCSD_758392.json
259158,8 300110002,OCSD Plant 2,Orange CSD,8,Major,R8-2021-0010,CA0110604,https://ciwqs.waterboards.ca.gov/ciwqs/readOnly/CiwqsReportServlet?reportName=facilityAtAGlance&placeID=259158,422465,NPDES PERMIT,,,R8-2021-0010_OCSD.pdf,Yes,1.0,R8-2021-0010_OCSD.txt,R8-2021-0010_OCSD_259158.json
228046,8 303545001,Groundwater Replenishment System - Advanced WTF,,,,,,https://ciwqs.waterboards.ca.gov/ciwqs/readOnly/CiwqsReportServlet?reportName=facilityAtAGlance&placeID=228046,447591,NPDES PERMIT,,,R8-2022-0002_OCWD_NPDES.pdf,No,1.0,R8-2022-0002_OCWD_NPDES.txt,R8-2022-0002_OCWD_NPDES_228046.json
247351,9 000004083,East County Water Recycling Facility,East County Advanced Water Purification Joint Powers Authority,9,,R9-2025-0060,,https://ciwqs.waterboards.ca.gov/ciwqs/readOnly/CiwqsReportServlet?reportName=facilityAtAGlance&placeID=247351,460030,WDR,,,r9_2025_0060.pdf,No,2.0,r9_2025_0060.txt,r9_2025_0060_247351.json
247457,2 438011001,Palo Alto Regional WQCP,Palo Alto City,2,Major,R2-2025-0003,CA0037834,https://ciwqs.waterboards.ca.gov/ciwqs/readOnly/CiwqsReportServlet?reportName=facilityAtAGlance&placeID=247457,460027,NPDES PERMIT,,,CA0037834 Palo Alto Order R2-2025-0003.pdf,No,2.0,CA0037834 Palo Alto Order R2-2025-0003.txt,CA0037834 Palo Alto Order R2-2025-0003_247457.json
247782,5B50NC00002,City of Patterson WQCF,Patterson City,SB,Major,2020-0015-DWQ,,https://ciwqs.waterboards.ca.gov/ciwqs/readOnly/CiwqsReportServlet?reportName=facilityAtAGlance&placeID=247782,425768,WDR,,,R5-2018-0070-001.pdf,No,3.0,R5-2018-0070-001.txt,R5-2018-0070-001_247782.json
247782,5B50NC00002,City of Patterson WQCF,Patterson City,SB,Major,2020-0015-DWQ,,https://ciwqs.waterboards.ca.gov/ciwqs/readOnly/CiwqsReportServlet?reportName=facilityAtAGlance&placeID=247782,425768,WDR,,,R5-2018-0070_WDRs_MRP.pdf,No,3.0,R5-2018-0070_WDRs_MRP.txt,R5-2018-0070_WDRs_MRP_247782.json
248087,2 494006001,Petaluma Ellis Creek Water Recycling Facility (NPDES Permit),Petaluma City PWD,2,Major,R2-2021-0008,CA0037810,https://ciwqs.waterboards.ca.gov/ciwqs/readOnly/CiwqsReportServlet?reportName=facilityAtAGlance&placeID=248087,443296,NPDES PERMIT,,,Order R2-2021-0008 (1).pdf,No,1.0,Order R2-2021-0008 (1).txt,Order R2-2021-0008 (1)_248087.json
217831,2 071032001,City of Pinole WWTP,Pinole City,2,Major,R2-2023-0008,CA0037796,https://ciwqs.waterboards.ca.gov/ciwqs/readOnly/CiwqsReportServlet?reportName=facilityAtAGlance&placeID=217831,453054,NPDES PERMIT,,,R2-2023-0008.pdf,No,1.0,R2-2023-0008.txt,R2-2023-0008_217831.json
248519,3 400106001,Pismo Beach WWTP,Pismo Beach City ,SB,"Major, Minor",2020-0015-DWQ,,https://ciwqs.waterboards.ca.gov/ciwqs/readOnly/CiwqsReportServlet?reportName=facilityAtAGlance&placeID=248519,403753,NPDES PERMIT,,,2015_0016_npdes.pdf.pdf,No,1.0,2015_0016_npdes.pdf.txt,2015_0016_npdes.pdf_248519.json
254925,5A310104011,"Placer Cnty SA No 28, ZONE No.6, Sheridan WWTP",Placer Cnty Dept of Facility Services,5S,Minor,2014-0153-DWQ,,https://ciwqs.waterboards.ca.gov/ciwqs/readOnly/CiwqsReportServlet?reportName=facilityAtAGlance&placeID=254925,410231,ENROLLEE - WDR,,,SheridanWWTP_NOA.pdf,No,1.0,SheridanWWTP_NOA.txt,SheridanWWTP_NOA_254925.json
229595,5A090100001,Hangtown Creek WRF,Placerville City,5S,Major,R5-2023-0025,CAC439621,https://ciwqs.waterboards.ca.gov/ciwqs/readOnly/CiwqsReportServlet?reportName=facilityAtAGlance&placeID=229595,439621,ENROLLEE - NPDES,,,r5-2017-0085-007.pdf,No,1.0,r5-2017-0085-007.txt,r5-2017-0085-007_229595.json
248936,5A320102001,Portola WWTP,Portola City,5R,Minor,R5-2024-0023,CA0077844,https://ciwqs.waterboards.ca.gov/ciwqs/readOnly/CiwqsReportServlet?reportName=facilityAtAGlance&placeID=248936,451326,NPDES PERMIT,,,r5-2024-0023_npdes.pdf,No,1.0,r5-2024-0023_npdes.txt,r5-2024-0023_npdes_248936.json
252119,5A520101001,Red Bluff WW Reclamation Plant,Red Bluff City ,5R,Major,R5-2023-0048,CA0078891,https://ciwqs.waterboards.ca.gov/ciwqs/readOnly/CiwqsReportServlet?reportName=facilityAtAGlance&placeID=252119,448935,NPDES PERMIT,,,r5_2023-0048_npdes.pdf,No,1.0,r5_2023-0048_npdes.txt,r5_2023-0048_npdes_252119.json
252211,1B83147OHUM,Redway POTW,Redway CSD,1,Minor,R1-2023-0004,CA0022781,https://ciwqs.waterboards.ca.gov/ciwqs/readOnly/CiwqsReportServlet?reportName=facilityAtAGlance&placeID=252211,451223,NPDES PERMIT,,,23_0004_Redway_CSD_NPDES_01.26.23_EOsigned.pdf,No,1.0,23_0004_Redway_CSD_NPDES_01.26.23_EOsigned.txt,23_0004_Redway_CSD_NPDES_01.26.23_EOsigned_252211.json
273131,5C10NC00167,Reedley WWTF,Reedley City,SB,Major,2020-0015-DWQ,,https://ciwqs.waterboards.ca.gov/ciwqs/readOnly/CiwqsReportServlet?reportName=facilityAtAGlance&placeID=273131,333271,WDR,,,R5-2010-0120.pdf,No,4.0,R5-2010-0120.txt,R5-2010-0120_273131.json
259149,8 360112001,Rialto WWRF,Rialto City,SB,Major,2020-0015-DWQ,,https://ciwqs.waterboards.ca.gov/ciwqs/readOnly/CiwqsReportServlet?reportName=facilityAtAGlance&placeID=259149,381374,NPDES PERMIT,,,14-0010_Rialto_City_of_Renewal_WDR_MWWTP.pdf,No,1.0,14-0010_Rialto_City_of_Renewal_WDR_MWWTP.txt,14-0010_Rialto_City_of_Renewal_WDR_MWWTP_259149.json
252657,2 071107001,Richmond WPCP,,,,,,https://ciwqs.waterboards.ca.gov/ciwqs/readOnly/CiwqsReportServlet?reportName=facilityAtAGlance&placeID=252657,457271,NPDES PERMIT,,,R2-2024-0008 West County.pdf,Yes,1.0,R2-2024-0008 West County.txt,R2-2024-0008 West County_252657.json
252660,5A040105002,Richvale WWTF,Richvale Sanitary District,5R,Minor,2014-0153-DWQ,,https://ciwqs.waterboards.ca.gov/ciwqs/readOnly/CiwqsReportServlet?reportName=facilityAtAGlance&placeID=252660,421098,ENROLLEE - WDR,,,Richvale_NOA-Memo-MRP.pdf,No,1.0,Richvale_NOA-Memo-MRP.txt,Richvale_NOA-Memo-MRP_252660.json
236190,5A520104001,Lake California WWTP,Rio Alto WD,5R,Minor,R5-2016-0033,,https://ciwqs.waterboards.ca.gov/ciwqs/readOnly/CiwqsReportServlet?reportName=facilityAtAGlance&placeID=236190,397559,WDR,,,WDR Order R5-2016-0033.pdf,No,3.0,WDR Order R5-2016-0033.txt,WDR Order R5-2016-0033_236190.json
252750,1B83134OHUM,Rio Dell City WWTF,Rio Dell City,1,"Major, Minor",R1-2023-0022,CA0022748,https://ciwqs.waterboards.ca.gov/ciwqs/readOnly/CiwqsReportServlet?reportName=facilityAtAGlance&placeID=252750,454754,NPDES PERMIT,,,Order No. 2023-0022 Combined.pdf,No,1.0,Order No. 2023-0022 Combined.txt,Order No. 2023-0022 Combined_252750.json
252771,5A480104001,Beach WWTF,Rio Vista City,5S,Minor,R5-2024-0054,CA0079588,https://ciwqs.waterboards.ca.gov/ciwqs/readOnly/CiwqsReportServlet?reportName=facilityAtAGlance&placeID=252771,459134,NPDES PERMIT,,,r5-2024-0054_npdes.pdf,No,1.0,r5-2024-0054_npdes.txt,r5-2024-0054_npdes_252771.json
266439,5A480108001,Northwest WWTF,Rio Vista City,5S,"Major, Minor",R5-2021-0004,CA0083771,https://ciwqs.waterboards.ca.gov/ciwqs/readOnly/CiwqsReportServlet?reportName=facilityAtAGlance&placeID=266439,442757,NPDES PERMIT,,,r5-2021-0004.pdf,No,1.0,r5-2021-0004.txt,r5-2021-0004_266439.json
229559,5A581007001,Hammonton Gold Village WWTP,River Highlands CSD,5S,Minor,R5-2022-0024,CA0081574,https://ciwqs.waterboards.ca.gov/ciwqs/readOnly/CiwqsReportServlet?reportName=facilityAtAGlance&placeID=229559,447871,NPDES PERMIT,,,r5-2022-0024_npdes.pdf,No,1.0,r5-2022-0024_npdes.txt,r5-2022-0024_npdes_229559.json
259150,8 330117003,Riverside City WWRF,Riverside City,SB,Major,2020-0015-DWQ,,https://ciwqs.waterboards.ca.gov/ciwqs/readOnly/CiwqsReportServlet?reportName=facilityAtAGlance&placeID=259150,376054,NPDES PERMIT,,,13-0016_Riverside_City_of_Dept_of_Public_Works.pdf,No,2.0,13-0016_Riverside_City_of_Dept_of_Public_Works.txt,13-0016_Riverside_City_of_Dept_of_Public_Works_259150.json
253174,2 071039001,Rodeo Sanitary District WWTP,Rodeo Sanitary District,2,Major,R2-2022-0037,CA0037826,https://ciwqs.waterboards.ca.gov/ciwqs/readOnly/CiwqsReportServlet?reportName=facilityAtAGlance&placeID=253174,450497,NPDES PERMIT,,,R2-2022-0037.pdf,No,1.0,R2-2022-0037.txt,R2-2022-0037_253174.json
248706,5A310106007,Pleasant Grove WWTP,Roseville City,SB,Major,2020-0015-DWQ,,https://ciwqs.waterboards.ca.gov/ciwqs/readOnly/CiwqsReportServlet?reportName=facilityAtAGlance&placeID=248706,432817,ENROLLEE - NPDES,,,roseville_PG_wwtp_noa.pdf,No,1.0,roseville_PG_wwtp_noa.txt,roseville_PG_wwtp_noa_248706.json
220768,5A310106001,Dry Creek WWTP,Roseville City,5S,Major,R5-2023-0025,CAC426201,https://ciwqs.waterboards.ca.gov/ciwqs/readOnly/CiwqsReportServlet?reportName=facilityAtAGlance&placeID=220768,426201,ENROLLEE - NPDES,,,roseville_drycreek_wwtp_mgo_noa_final.pdf,No,1.0,roseville_drycreek_wwtp_mgo_noa_final.txt,roseville_drycreek_wwtp_mgo_noa_final_220768.json
255139,2 417068001,SAM WWTP (Sewer Authority Mid-Coastside WWTP),SEWER AUTHORITY MID-COASTSIDE,2,Major,R2-2023-0002,CA0038598,https://ciwqs.waterboards.ca.gov/ciwqs/readOnly/CiwqsReportServlet?reportName=facilityAtAGlance&placeID=255139,451900,NPDES PERMIT,,,CA0038598 SAM Order R2-2023-0002.pdf,No,1.0,CA0038598 SAM Order R2-2023-0002.txt,CA0038598 SAM Order R2-2023-0002_255139.json
222509,9 000000117,El Toro WD WRP,SOCWA-Aliso Creek Ocean O/F,9,Major,R9-2022-0006,CA0107611,https://ciwqs.waterboards.ca.gov/ciwqs/readOnly/CiwqsReportServlet?reportName=facilityAtAGlance&placeID=222509,446048,NPDES PERMIT,,,r9_2022_0006_acoo_signature signed dwg 03-18-21.pdf,Yes,1.0,r9_2022_0006_acoo_signature signed dwg 03-18-21.txt,r9_2022_0006_acoo_signature signed dwg 03-18-21_222509.json
257850,9 000000117,SOCWA - Coastal TP,SOCWA-Aliso Creek Ocean O/F,9,Major,R9-2022-0006,CA0107611,https://ciwqs.waterboards.ca.gov/ciwqs/readOnly/CiwqsReportServlet?reportName=facilityAtAGlance&placeID=257850,446048,NPDES PERMIT,,,r9_2022_0006_acoo_signature signed dwg 03-18-21.pdf,Yes,1.0,r9_2022_0006_acoo_signature signed dwg 03-18-21.txt,r9_2022_0006_acoo_signature signed dwg 03-18-21_257850.json
257590,9 000000117,SOCWA Aliso Creek Ocean Outfall,SOCWA-Aliso Creek Ocean O/F,9,Major,R9-2022-0006,CA0107611,https://ciwqs.waterboards.ca.gov/ciwqs/readOnly/CiwqsReportServlet?reportName=facilityAtAGlance&placeID=257590,446048,NPDES PERMIT,,,r9_2022_0006_acoo_signature signed dwg 03-18-21.pdf,Yes,1.0,r9_2022_0006_acoo_signature signed dwg 03-18-21.txt,r9_2022_0006_acoo_signature signed dwg 03-18-21_257590.json
241053,9 000000117,SOCWA - Regional TP,SOCWA-Aliso Creek Ocean O/F,9,Major,R9-2022-0006,CA0107611,https://ciwqs.waterboards.ca.gov/ciwqs/readOnly/CiwqsReportServlet?reportName=facilityAtAGlance&placeID=241053,446048,NPDES PERMIT,,,r9_2022_0006_acoo_signature signed dwg 03-18-21.pdf,Yes,1.0,r9_2022_0006_acoo_signature signed dwg 03-18-21.txt,r9_2022_0006_acoo_signature signed dwg 03-18-21_241053.json
237396,9 000000117,IRWD Los Alisos WRP,SOCWA-Aliso Creek Ocean O/F,9,Major,R9-2022-0006,CA0107611,https://ciwqs.waterboards.ca.gov/ciwqs/readOnly/CiwqsReportServlet?reportName=facilityAtAGlance&placeID=237396,446048,NPDES PERMIT,,,r9_2022_0006_acoo_signature signed dwg 03-18-21.pdf,Yes,1.0,r9_2022_0006_acoo_signature signed dwg 03-18-21.txt,r9_2022_0006_acoo_signature signed dwg 03-18-21_237396.json
257592,9 000000175,SOCWA San Juan Creek Ocean Outfall,SOCWA-San Juan Creek Ocean O/F,9,Major,R9-2022-0005,CA0107417,https://ciwqs.waterboards.ca.gov/ciwqs/readOnly/CiwqsReportServlet?reportName=facilityAtAGlance&placeID=257592,438059,NPDES PERMIT,,,amended_order_sjcoo signed dwg 03-19-25.pdf,Yes,5.0,amended_order_sjcoo signed dwg 03-19-25.txt,amended_order_sjcoo signed dwg 03-19-25_257592.json
257592,9 000000175,SOCWA San Juan Creek Ocean Outfall,SOCWA-San Juan Creek Ocean O/F,9,Major,R9-2022-0005,CA0107417,https://ciwqs.waterboards.ca.gov/ciwqs/readOnly/CiwqsReportServlet?reportName=facilityAtAGlance&placeID=257592,438059,NPDES PERMIT,,,att._1_to_amending_order_sjcoo.pdf,Yes,5.0,att._1_to_amending_order_sjcoo.txt,att._1_to_amending_order_sjcoo_257592.json
257592,9 000000175,SOCWA San Juan Creek Ocean Outfall,SOCWA-San Juan Creek Ocean O/F,9,Major,R9-2022-0005,CA0107417,https://ciwqs.waterboards.ca.gov/ciwqs/readOnly/CiwqsReportServlet?reportName=facilityAtAGlance&placeID=257592,438059,NPDES PERMIT,,,r9-2022-0005-a1_v3 signed dwg 03-28-24.pdf,Yes,5.0,r9-2022-0005-a1_v3 signed dwg 03-28-24.txt,r9-2022-0005-a1_v3 signed dwg 03-28-24_257592.json
257592,9 000000175,SOCWA San Juan Creek Ocean Outfall,SOCWA-San Juan Creek Ocean O/F,9,Major,R9-2022-0005,CA0107417,https://ciwqs.waterboards.ca.gov/ciwqs/readOnly/CiwqsReportServlet?reportName=facilityAtAGlance&placeID=257592,438059,NPDES PERMIT,,,r9_2022_0005_sjcoo_signature signed dwg 03-18-22.pdf,Yes,5.0,r9_2022_0005_sjcoo_signature signed dwg 03-18-22.txt,r9_2022_0005_sjcoo_signature signed dwg 03-18-22_257592.json
257520,9 000000175,SMWD Oso Creek WRP,SOCWA-San Juan Creek Ocean O/F,9,Major,R9-2022-0005,CA0107417,https://ciwqs.waterboards.ca.gov/ciwqs/readOnly/CiwqsReportServlet?reportName=facilityAtAGlance&placeID=257520,438059,NPDES PERMIT,,,amended_order_sjcoo signed dwg 03-19-25.pdf,Yes,5.0,amended_order_sjcoo signed dwg 03-19-25.txt,amended_order_sjcoo signed dwg 03-19-25_257520.json
257520,9 000000175,SMWD Oso Creek WRP,SOCWA-San Juan Creek Ocean O/F,9,Major,R9-2022-0005,CA0107417,https://ciwqs.waterboards.ca.gov/ciwqs/readOnly/CiwqsReportServlet?reportName=facilityAtAGlance&placeID=257520,438059,NPDES PERMIT,,,att._1_to_amending_order_sjcoo.pdf,Yes,5.0,att._1_to_amending_order_sjcoo.txt,att._1_to_amending_order_sjcoo_257520.json
257520,9 000000175,SMWD Oso Creek WRP,SOCWA-San Juan Creek Ocean O/F,9,Major,R9-2022-0005,CA0107417,https://ciwqs.waterboards.ca.gov/ciwqs/readOnly/CiwqsReportServlet?reportName=facilityAtAGlance&placeID=257520,438059,NPDES PERMIT,,,r9-2022-0005-a1_v3 signed dwg 03-28-24.pdf,Yes,5.0,r9-2022-0005-a1_v3 signed dwg 03-28-24.txt,r9-2022-0005-a1_v3 signed dwg 03-28-24_257520.json
257520,9 000000175,SMWD Oso Creek WRP,SOCWA-San Juan Creek Ocean O/F,9,Major,R9-2022-0005,CA0107417,https://ciwqs.waterboards.ca.gov/ciwqs/readOnly/CiwqsReportServlet?reportName=facilityAtAGlance&placeID=257520,438059,NPDES PERMIT,,,r9_2022_0005_sjcoo_signature signed dwg 03-18-22.pdf,Yes,5.0,r9_2022_0005_sjcoo_signature signed dwg 03-18-22.txt,r9_2022_0005_sjcoo_signature signed dwg 03-18-22_257520.json
257518,9 000000175,SMWD - Chiquita WRP,SOCWA-San Juan Creek Ocean O/F,9,Major,R9-2022-0005,CA0107417,https://ciwqs.waterboards.ca.gov/ciwqs/readOnly/CiwqsReportServlet?reportName=facilityAtAGlance&placeID=257518,438059,NPDES PERMIT,,,amended_order_sjcoo signed dwg 03-19-25.pdf,Yes,5.0,amended_order_sjcoo signed dwg 03-19-25.txt,amended_order_sjcoo signed dwg 03-19-25_257518.json
257518,9 000000175,SMWD - Chiquita WRP,SOCWA-San Juan Creek Ocean O/F,9,Major,R9-2022-0005,CA0107417,https://ciwqs.waterboards.ca.gov/ciwqs/readOnly/CiwqsReportServlet?reportName=facilityAtAGlance&placeID=257518,438059,NPDES PERMIT,,,att._1_to_amending_order_sjcoo.pdf,Yes,5.0,att._1_to_amending_order_sjcoo.txt,att._1_to_amending_order_sjcoo_257518.json
257518,9 000000175,SMWD - Chiquita WRP,SOCWA-San Juan Creek Ocean O/F,9,Major,R9-2022-0005,CA0107417,https://ciwqs.waterboards.ca.gov/ciwqs/readOnly/CiwqsReportServlet?reportName=facilityAtAGlance&placeID=257518,438059,NPDES PERMIT,,,r9-2022-0005-a1_v3 signed dwg 03-28-24.pdf,Yes,5.0,r9-2022-0005-a1_v3 signed dwg 03-28-24.txt,r9-2022-0005-a1_v3 signed dwg 03-28-24_257518.json
255218,9 000000175,City of San Clemente WRP,SOCWA-San Juan Creek Ocean O/F,9,Major,R9-2022-0005,CA0107417,https://ciwqs.waterboards.ca.gov/ciwqs/readOnly/CiwqsReportServlet?reportName=facilityAtAGlance&placeID=255218,438059,NPDES PERMIT,,,amended_order_sjcoo signed dwg 03-19-25.pdf,Yes,5.0,amended_order_sjcoo signed dwg 03-19-25.txt,amended_order_sjcoo signed dwg 03-19-25_255218.json
255218,9 000000175,City of San Clemente WRP,SOCWA-San Juan Creek Ocean O/F,9,Major,R9-2022-0005,CA0107417,https://ciwqs.waterboards.ca.gov/ciwqs/readOnly/CiwqsReportServlet?reportName=facilityAtAGlance&placeID=255218,438059,NPDES PERMIT,,,att._1_to_amending_order_sjcoo.pdf,Yes,5.0,att._1_to_amending_order_sjcoo.txt,att._1_to_amending_order_sjcoo_255218.json
255218,9 000000175,City of San Clemente WRP,SOCWA-San Juan Creek Ocean O/F,9,Major,R9-2022-0005,CA0107417,https://ciwqs.waterboards.ca.gov/ciwqs/readOnly/CiwqsReportServlet?reportName=facilityAtAGlance&placeID=255218,438059,NPDES PERMIT,,,r9_2022_0005_sjcoo_signature signed dwg 03-18-22.pdf,Yes,5.0,r9_2022_0005_sjcoo_signature signed dwg 03-18-22.txt,r9_2022_0005_sjcoo_signature signed dwg 03-18-22_255218.json
241540,9 000000175,SOCWA - 3A Treatment Plant,SOCWA-San Juan Creek Ocean O/F,9,Major,R9-2022-0005,CA0107417,https://ciwqs.waterboards.ca.gov/ciwqs/readOnly/CiwqsReportServlet?reportName=facilityAtAGlance&placeID=241540,438059,NPDES PERMIT,,,amended_order_sjcoo signed dwg 03-19-25.pdf,Yes,5.0,amended_order_sjcoo signed dwg 03-19-25.txt,amended_order_sjcoo signed dwg 03-19-25_241540.json
241540,9 000000175,SOCWA - 3A Treatment Plant,SOCWA-San Juan Creek Ocean O/F,9,Major,R9-2022-0005,CA0107417,https://ciwqs.waterboards.ca.gov/ciwqs/readOnly/CiwqsReportServlet?reportName=facilityAtAGlance&placeID=241540,438059,NPDES PERMIT,,,att._1_to_amending_order_sjcoo.pdf,Yes,5.0,att._1_to_amending_order_sjcoo.txt,att._1_to_amending_order_sjcoo_241540.json
241540,9 000000175,SOCWA - 3A Treatment Plant,SOCWA-San Juan Creek Ocean O/F,9,Major,R9-2022-0005,CA0107417,https://ciwqs.waterboards.ca.gov/ciwqs/readOnly/CiwqsReportServlet?reportName=facilityAtAGlance&placeID=241540,438059,NPDES PERMIT,,,r9_2022_0005_sjcoo_signature signed dwg 03-18-22.pdf,Yes,5.0,r9_2022_0005_sjcoo_signature signed dwg 03-18-22.txt,r9_2022_0005_sjcoo_signature signed dwg 03-18-22_241540.json
236649,9 000000175,J.B. Latham Wastewater Treatment Plant,SOCWA-San Juan Creek Ocean O/F,9,Major,R9-2022-0005,CA0107417,https://ciwqs.waterboards.ca.gov/ciwqs/readOnly/CiwqsReportServlet?reportName=facilityAtAGlance&placeID=236649,438059,NPDES PERMIT,,,amended_order_sjcoo signed dwg 03-19-25.pdf,Yes,5.0,amended_order_sjcoo signed dwg 03-19-25.txt,amended_order_sjcoo signed dwg 03-19-25_236649.json
236649,9 000000175,J.B. Latham Wastewater Treatment Plant,SOCWA-San Juan Creek Ocean O/F,9,Major,R9-2022-0005,CA0107417,https://ciwqs.waterboards.ca.gov/ciwqs/readOnly/CiwqsReportServlet?reportName=facilityAtAGlance&placeID=236649,438059,NPDES PERMIT,,,att._1_to_amending_order_sjcoo.pdf,Yes,5.0,att._1_to_amending_order_sjcoo.txt,att._1_to_amending_order_sjcoo_236649.json
236649,9 000000175,J.B. Latham Wastewater Treatment Plant,SOCWA-San Juan Creek Ocean O/F,9,Major,R9-2022-0005,CA0107417,https://ciwqs.waterboards.ca.gov/ciwqs/readOnly/CiwqsReportServlet?reportName=facilityAtAGlance&placeID=236649,438059,NPDES PERMIT,,,r9_2022_0005_sjcoo_signature signed dwg 03-18-22.pdf,Yes,5.0,r9_2022_0005_sjcoo_signature signed dwg 03-18-22.txt,r9_2022_0005_sjcoo_signature signed dwg 03-18-22_236649.json
254981,5A340108002,EchoWater Resource Recovery Facility,Sacramento Area Sewer District (SacSewer),5S,Major,R5-2021-0019-02,CA0077682,https://ciwqs.waterboards.ca.gov/ciwqs/readOnly/CiwqsReportServlet?reportName=facilityAtAGlance&placeID=254981,443209,NPDES PERMIT,,,r5-2021-0019-01_npdes.pdf,No,5.0,r5-2021-0019-01_npdes.txt,r5-2021-0019-01_npdes_254981.json
254981,5A340108002,EchoWater Resource Recovery Facility,Sacramento Area Sewer District (SacSewer),5S,Major,R5-2021-0019-02,CA0077682,https://ciwqs.waterboards.ca.gov/ciwqs/readOnly/CiwqsReportServlet?reportName=facilityAtAGlance&placeID=254981,443209,NPDES PERMIT,,,r5-2021-0019-02.pdf,No,5.0,r5-2021-0019-02.txt,r5-2021-0019-02_254981.json
254981,5A340108002,EchoWater Resource Recovery Facility,Sacramento Area Sewer District (SacSewer),5S,Major,R5-2021-0019-02,CA0077682,https://ciwqs.waterboards.ca.gov/ciwqs/readOnly/CiwqsReportServlet?reportName=facilityAtAGlance&placeID=254981,443209,NPDES PERMIT,,,r5-2021-0019_npdes.pdf,No,5.0,r5-2021-0019_npdes.txt,r5-2021-0019_npdes_254981.json
215236,5A340114001,Sac City Combined WW Collection/TRT Sys,Sacramento City,5S,Major,R5-2026-0003,CA0079111,https://ciwqs.waterboards.ca.gov/ciwqs/readOnly/CiwqsReportServlet?reportName=facilityAtAGlance&placeID=215236,464599,NPDES PERMIT,,,r5-2026-0003_npdes.pdf,No,1.0,r5-2026-0003_npdes.txt,r5-2026-0003_npdes_215236.json
255165,1B85017RHUM,Samoa Pacific WWTP (Samoa Town Site),Samoa Pacific Group LLC,1,Minor,R1-2020-0005,CA1000001,https://ciwqs.waterboards.ca.gov/ciwqs/readOnly/CiwqsReportServlet?reportName=facilityAtAGlance&placeID=255165,416629,NPDES PERMIT,,,20_0005_Samoa WWTF_NPDES.pdf,No,1.0,20_0005_Samoa WWTF_NPDES.txt,20_0005_Samoa WWTF_NPDES_255165.json
255180,5B050103001,San Andreas SD WWTP,San Andreas SD,5S,Minor,R5-2024-0025,CA0079464,https://ciwqs.waterboards.ca.gov/ciwqs/readOnly/CiwqsReportServlet?reportName=facilityAtAGlance&placeID=255180,456864,NPDES PERMIT,,,R5-2024-0025_npdes.pdf,No,1.0,R5-2024-0025_npdes.txt,R5-2024-0025_npdes_255180.json
259220,8 360114003,Margaret H Chandler WWRF,San Bernardino City Municipal Water Dept,SB,Major,2020-0015-DWQ,,https://ciwqs.waterboards.ca.gov/ciwqs/readOnly/CiwqsReportServlet?reportName=facilityAtAGlance&placeID=259220,418662,NPDES PERMIT,,,R8-2017-0049_SBMWDWRF.pdf,No,1.0,R8-2017-0049_SBMWDWRF.txt,R8-2017-0049_SBMWDWRF_259220.json
850597,9 000003607,City of San Diego North City Pure Water Facility,San Diego City Metropolitan Wastewater Dept (Public Utilities),9,Major,R9-2020-0001,CA0109398,https://ciwqs.waterboards.ca.gov/ciwqs/readOnly/CiwqsReportServlet?reportName=facilityAtAGlance&placeID=850597,424907,NPDES PERMIT,,,Adopted Amended OrderNo.R9-2020-0001 signed dwg 08-13-20.pdf,Yes,2.0,Adopted Amended OrderNo.R9-2020-0001 signed dwg 08-13-20.txt,Adopted Amended OrderNo.R9-2020-0001 signed dwg 08-13-20_850597.json
257831,9 000000900,South Bay WRP,San Diego City Metropolitan Wastewater Dept (Public Utilities),9,Major,R9-2021-0011,CA0109045,https://ciwqs.waterboards.ca.gov/ciwqs/readOnly/CiwqsReportServlet?reportName=facilityAtAGlance&placeID=257831,437319,NPDES PERMIT,,,r9-2021-0011-amended-r9-2026-0006.pdf,No,3.0,r9-2021-0011-amended-r9-2026-0006.txt,r9-2021-0011-amended-r9-2026-0006_257831.json
257831,9 000000900,South Bay WRP,San Diego City Metropolitan Wastewater Dept (Public Utilities),9,Major,R9-2021-0011,CA0109045,https://ciwqs.waterboards.ca.gov/ciwqs/readOnly/CiwqsReportServlet?reportName=facilityAtAGlance&placeID=257831,437319,NPDES PERMIT,,,r9-2021-0011.pdf,No,3.0,r9-2021-0011.txt,r9-2021-0011_257831.json
248796,9 000000275,Point Loma WWTP & Ocean Outfall,San Diego City Metropolitan Wastewater Dept (Public Utilities),9,Major,R9-2026-0002,CA0107409,https://ciwqs.waterboards.ca.gov/ciwqs/readOnly/CiwqsReportServlet?reportName=facilityAtAGlance&placeID=248796,464790,NPDES PERMIT,,,Point Loma_Final Permit_CA0107409.pdf,No,1.0,Point Loma_Final Permit_CA0107409.txt,Point Loma_Final Permit_CA0107409_248796.json
244506,9 000003607,North City WRP,,,,,,https://ciwqs.waterboards.ca.gov/ciwqs/readOnly/CiwqsReportServlet?reportName=facilityAtAGlance&placeID=244506,424907,NPDES PERMIT,,,Adopted Amended OrderNo.R9-2020-0001 signed dwg 08-13-20.pdf,Yes,2.0,Adopted Amended OrderNo.R9-2020-0001 signed dwg 08-13-20.txt,Adopted Amended OrderNo.R9-2020-0001 signed dwg 08-13-20_244506.json
255265,9 000000125,San Elijo Water Campus,San Elijo Joint Powers,SB,Major,2020-0015-DWQ,,https://ciwqs.waterboards.ca.gov/ciwqs/readOnly/CiwqsReportServlet?reportName=facilityAtAGlance&placeID=255265,420803,NPDES PERMIT,,,CA0107999_OrderR920180003.pdf,No,2.0,CA0107999_OrderR920180003.txt,CA0107999_OrderR920180003_255265.json
256506,2 417032001,SF Arprt Mel Leong TP-Industrl,San Francisco International Airport,2,Major,R2-2025-0002,CA0038318,https://ciwqs.waterboards.ca.gov/ciwqs/readOnly/CiwqsReportServlet?reportName=facilityAtAGlance&placeID=256506,459999,NPDES PERMIT,,,SFO Aiport NPDES Permit Order R2-2025-0002.pdf,Yes,1.0,SFO Aiport NPDES Permit Order R2-2025-0002.txt,SFO Aiport NPDES Permit Order R2-2025-0002_256506.json
256507,2 417032001,SF Airport Mel Leong TP-Sanitary Waste,San Francisco International Airport,2,Major,R2-2025-0002,CA0038318,https://ciwqs.waterboards.ca.gov/ciwqs/readOnly/CiwqsReportServlet?reportName=facilityAtAGlance&placeID=256507,459999,NPDES PERMIT,,,SFO Aiport NPDES Permit Order R2-2025-0002.pdf,Yes,1.0,SFO Aiport NPDES Permit Order R2-2025-0002.txt,SFO Aiport NPDES Permit Order R2-2025-0002_256507.json
256499,2 386010001,"SF-SE Water Pollution Control Plant, N-Point & Bayside",San Francisco Public Utilities Commission,2,Major,R2-2024-0013,CA0038873,https://ciwqs.waterboards.ca.gov/ciwqs/readOnly/CiwqsReportServlet?reportName=facilityAtAGlance&placeID=256499,392750,NPDES PERMIT,,,R2-2013-0029.pdf,No,1.0,R2-2013-0029.txt,R2-2013-0029_256499.json
256498,2 386009001,SF - OCEANSIDE Water Pollution Control Plant,San Francisco Public Utilities Commission,2,Major,R2-2019-0028,CA0037681,https://ciwqs.waterboards.ca.gov/ciwqs/readOnly/CiwqsReportServlet?reportName=facilityAtAGlance&placeID=256498,437599,NPDES PERMIT,,,R2-2019-0028.pdf,No,1.0,R2-2019-0028.txt,R2-2019-0028_256498.json
255333,2 438014001,San Jose/Santa Clara WPCP,San Jose City,2,Major,R2-2025-0027,CA0037842,https://ciwqs.waterboards.ca.gov/ciwqs/readOnly/CiwqsReportServlet?reportName=facilityAtAGlance&placeID=255333,463623,NPDES PERMIT,,,CA0037842 San Jose Order R2-2025-0027.pdf,No,2.0,CA0037842 San Jose Order R2-2025-0027.txt,CA0037842 San Jose Order R2-2025-0027_255333.json
255337,3 350102001,San Juan Bautista WWTP,San Juan Bautista City,3,"Major, Minor",R3-2009-0019,CA0047902,https://ciwqs.waterboards.ca.gov/ciwqs/readOnly/CiwqsReportServlet?reportName=facilityAtAGlance&placeID=255337,364328,NPDES PERMIT,,,NPDES R3-2009-0019 for San Juan Bautista WWTP.pdf,No,2.0,NPDES R3-2009-0019 for San Juan Bautista WWTP.txt,NPDES R3-2009-0019 for San Juan Bautista WWTP_255337.json
879361,2 01NPI441309,"San Leandro, City of",San Leandro City,2,Minor,R2-2022-0006,CA0038881,https://ciwqs.waterboards.ca.gov/ciwqs/readOnly/CiwqsReportServlet?reportName=facilityAtAGlance&placeID=879361,446577,NPDES PERMIT,,,R2-2022-0006.pdf,No,1.0,R2-2022-0006.txt,R2-2022-0006_879361.json
255368,2 019123001,San Leandro WPCP,,,,,,https://ciwqs.waterboards.ca.gov/ciwqs/readOnly/CiwqsReportServlet?reportName=facilityAtAGlance&placeID=255368,,,,,EBDA - R2-2022-0023.pdf,Yes,,EBDA - R2-2022-0023.txt,EBDA - R2-2022-0023_255368.json
255380,3 400107001,San Luis Obispo WWTP,San Luis Obispo City,3,Major,R3-2024-0001,CA0049224,https://ciwqs.waterboards.ca.gov/ciwqs/readOnly/CiwqsReportServlet?reportName=facilityAtAGlance&placeID=255380,456704,NPDES PERMIT,,,Order R3-2024-0001.pdf,No,1.0,Order R3-2024-0001.txt,Order R3-2024-0001_255380.json
255420,2 417035001,San Mateo WWTP,San Mateo City,2,Major,R2-2023-0017,CA0037541,https://ciwqs.waterboards.ca.gov/ciwqs/readOnly/CiwqsReportServlet?reportName=facilityAtAGlance&placeID=255420,454700,NPDES PERMIT,,,R2-2023-0017.pdf,No,1.0,R2-2023-0017.txt,R2-2023-0017_255420.json
255462,3 400110001,San Simeon WWTP,San Simeon CSD,3,Minor,R3-2022-0003,CA0047961,https://ciwqs.waterboards.ca.gov/ciwqs/readOnly/CiwqsReportServlet?reportName=facilityAtAGlance&placeID=255462,445991,NPDES PERMIT,,,Order R3-2022-0003_signed.pdf,No,2.0,Order R3-2022-0003_signed.txt,Order R3-2022-0003_signed_255462.json
222443,3 420108001,El Estero Water Resource Center NPDES,Santa Barbara City PWD,SB,Major,2020-0015-DWQ,,https://ciwqs.waterboards.ca.gov/ciwqs/readOnly/CiwqsReportServlet?reportName=facilityAtAGlance&placeID=222443,436198,NPDES PERMIT,,,El Estero_Final_Permit_2019-0046 pkg eff 2-1-20.pdf,No,1.0,El Estero_Final_Permit_2019-0046 pkg eff 2-1-20.txt,El Estero_Final_Permit_2019-0046 pkg eff 2-1-20_222443.json
255703,1B83099OSON,Santa Rosa Laguna Subregional Water Reclamation Facility,Santa Rosa City Dept of Public Works,1,Major,R1-2020-0012,CA0022764,https://ciwqs.waterboards.ca.gov/ciwqs/readOnly/CiwqsReportServlet?reportName=facilityAtAGlance&placeID=255703,427520,NPDES PERMIT,,,20_0012_SantaRosa-LagunaWWTF_NPDES.pdf,No,3.0,20_0012_SantaRosa-LagunaWWTF_NPDES.txt,20_0012_SantaRosa-LagunaWWTF_NPDES_255703.json
255802,2 215023001,Sausalito Marin City STP,Sausalito-Marin City San District,2,Major,R2-2023-0022,CA0038067,https://ciwqs.waterboards.ca.gov/ciwqs/readOnly/CiwqsReportServlet?reportName=facilityAtAGlance&placeID=255802,454995,NPDES PERMIT,,,NPDES Order R2-2023-0022.pdf,No,1.0,NPDES Order R2-2023-0022.txt,NPDES Order R2-2023-0022_255802.json
256011,3 440103001,Scotts Valley WWTP,Scotts Valley,SB,"Major, Minor",2020-0015-DWQ,,https://ciwqs.waterboards.ca.gov/ciwqs/readOnly/CiwqsReportServlet?reportName=facilityAtAGlance&placeID=256011,389665,NPDES PERMIT,,,Scotts Valley WWTP NPDES Permit R3-2013-0001.pdf,No,2.0,Scotts Valley WWTP NPDES Permit R3-2013-0001.txt,Scotts Valley WWTP NPDES Permit R3-2013-0001_256011.json
256217,7A130111013,Seeley CWD WWTP,Seeley Cnty WD,7,Minor,R7-2023-0003,CA0105023,https://ciwqs.waterboards.ca.gov/ciwqs/readOnly/CiwqsReportServlet?reportName=facilityAtAGlance&placeID=256217,453492,NPDES PERMIT,,,R7-2023-0003.pdf,No,2.0,R7-2023-0003.txt,R7-2023-0003_256217.json
255788,2 215015001,Sewerage Agency of Southern Marin (SASM) WWTP,Sewerage Agency of Southern Marin,2,Major,R2-2023-0021,CA0037711,https://ciwqs.waterboards.ca.gov/ciwqs/readOnly/CiwqsReportServlet?reportName=facilityAtAGlance&placeID=255788,454994,NPDES PERMIT,,,R2-2023-0021.pdf,No,1.0,R2-2023-0021.txt,R2-2023-0021_255788.json
246251,5A040106001,Sewerage Commission Oroville Region WWTP,Sewerage Commission Oroville Region,5R,Major,R5-2021-0044,CA0079235,https://ciwqs.waterboards.ca.gov/ciwqs/readOnly/CiwqsReportServlet?reportName=facilityAtAGlance&placeID=246251,442332,NPDES PERMIT,,,r5-2021-0044_npdes.pdf,No,2.0,r5-2021-0044_npdes.txt,r5-2021-0044_npdes_246251.json
215903,5A450001005,Cottonwood WWTP,Shasta CSA #17,5R,Minor,R5-2024-0026,CA0081507,https://ciwqs.waterboards.ca.gov/ciwqs/readOnly/CiwqsReportServlet?reportName=facilityAtAGlance&placeID=215903,445663,NPDES PERMIT,,,r5-2024-0026_npdes.pdf,No,3.0,r5-2024-0026_npdes.txt,r5-2024-0026_npdes_215903.json
256627,5A450105001,Shasta Lake WWTF,Shasta Lake City,5R,Major,R5-2020-0058,CA0079511,https://ciwqs.waterboards.ca.gov/ciwqs/readOnly/CiwqsReportServlet?reportName=facilityAtAGlance&placeID=256627,442020,NPDES PERMIT,,,r5-2020-0058_npdes.pdf,No,1.0,r5-2020-0058_npdes.txt,r5-2020-0058_npdes_256627.json
255833,2 417037001,SVCW WWTP,Silicon Valley Clean Water,2,Major,R2-2023-0003,CA0038369,https://ciwqs.waterboards.ca.gov/ciwqs/readOnly/CiwqsReportServlet?reportName=facilityAtAGlance&placeID=255833,451899,NPDES PERMIT,,,SVCW Order R2-2023-0003 (1).pdf,No,1.0,SVCW Order R2-2023-0003 (1).txt,SVCW Order R2-2023-0003 (1)_255833.json
261253,4A560110001,Simi Valley WQCP,Simi Valley City,SB,Major,2020-0015-DWQ,,https://ciwqs.waterboards.ca.gov/ciwqs/readOnly/CiwqsReportServlet?reportName=facilityAtAGlance&placeID=261253,427894,NPDES PERMIT,,,3021_R4-2019-0135_WDR_PKG.pdf,No,1.0,3021_R4-2019-0135_WDR_PKG.txt,3021_R4-2019-0135_WDR_PKG_261253.json
257754,2 494009001,Sonoma Valley County SD WWTP,Sonoma County Water Agency (SCWA),2,Major,R2-2024-0027,CA0037800,https://ciwqs.waterboards.ca.gov/ciwqs/readOnly/CiwqsReportServlet?reportName=facilityAtAGlance&placeID=257754,459395,NPDES PERMIT,,,Final Order Sonoma_NPDES permit_Dec 2024.pdf,No,1.0,Final Order Sonoma_NPDES permit_Dec 2024.txt,Final Order Sonoma_NPDES permit_Dec 2024_257754.json
256061,1B82045OSON,SCWA Russian River CSD,Sonoma County Water Agency (SCWA),1,Minor,R1-2021-0002,CA0024058,https://ciwqs.waterboards.ca.gov/ciwqs/readOnly/CiwqsReportServlet?reportName=facilityAtAGlance&placeID=256061,427524,NPDES PERMIT,,,21_0002_Russian River CSD and Sonoma Water WWTF NPDES.pdf,No,2.0,21_0002_Russian River CSD and Sonoma Water WWTF NPDES.txt,21_0002_Russian River CSD and Sonoma Water WWTF NPDES_256061.json
256039,3 430100001,SCRWA WWTP,South County Regional WW Authority,SB,Major,2020-0015-DWQ,,https://ciwqs.waterboards.ca.gov/ciwqs/readOnly/CiwqsReportServlet?reportName=facilityAtAGlance&placeID=256039,418038,NPDES PERMIT,,,SCRWA 2017 adopted.pdf,No,1.0,SCRWA 2017 adopted.txt,SCRWA 2017 adopted_256039.json
254881,2 417038001,South San Francisco-San Bruno WQCP,South San Francisco City,2,Major,R2-2019-0021,CA0038130,https://ciwqs.waterboards.ca.gov/ciwqs/readOnly/CiwqsReportServlet?reportName=facilityAtAGlance&placeID=254881,432955,NPDES PERMIT,,,SSFSB_Order_Finalsigned.pdf,No,1.0,SSFSB_Order_Finalsigned.txt,SSFSB_Order_Finalsigned_254881.json
257887,3 400111001,South San Luis Obispo SD WWTP,South San Luis Obispo CSD,SB,Major,2020-0015-DWQ,,https://ciwqs.waterboards.ca.gov/ciwqs/readOnly/CiwqsReportServlet?reportName=facilityAtAGlance&placeID=257887,430003,NPDES PERMIT,,,So_SLO_Order R3-2019-0002_final.pdf,No,1.0,So_SLO_Order R3-2019-0002_final.txt,So_SLO_Order R3-2019-0002_final_257887.json
209509,5C102009001,Big Creek Powerhouse No 1 WWTF,Southern California Edison,5F,Minor,2014-0153-DWQ,CA0079545,https://ciwqs.waterboards.ca.gov/ciwqs/readOnly/CiwqsReportServlet?reportName=facilityAtAGlance&placeID=209509,400425,ENROLLEE - WDR,,,2014-0153-DWQ-R5187.pdf,No,3.0,2014-0153-DWQ-R5187.txt,2014-0153-DWQ-R5187_209509.json
258386,2 283014001,St. Helena City WWTP,St. Helena City,2,Minor,R2-2021-0004,CA0038016,https://ciwqs.waterboards.ca.gov/ciwqs/readOnly/CiwqsReportServlet?reportName=facilityAtAGlance&placeID=258386,442938,NPDES PERMIT,,,st. helena_order r2-2021-0004.pdf,No,1.0,st. helena_order r2-2021-0004.txt,st. helena_order r2-2021-0004_258386.json
273191,5D150118002,Stallion Springs WWTF,Stallion Springs CSD,5F,Minor,R5-2023-0025,CAC439983,https://ciwqs.waterboards.ca.gov/ciwqs/readOnly/CiwqsReportServlet?reportName=facilityAtAGlance&placeID=273191,439983,ENROLLEE - NPDES,,,r5-2023-0025-012.pdf,No,1.0,r5-2023-0025-012.txt,r5-2023-0025-012_273191.json
258739,5B390107001,Wastewater Recovery Center,Stockton City,5S,Major,R5-2025-0027,CA0079138,https://ciwqs.waterboards.ca.gov/ciwqs/readOnly/CiwqsReportServlet?reportName=facilityAtAGlance&placeID=258739,461793,NPDES PERMIT,,,r5-2025-0027_npdes.pdf,No,1.0,r5-2025-0027_npdes.txt,r5-2025-0027_npdes_258739.json
259377,3 420111001,Summerland SD WWTP,Summerland SD,3,Minor,R3-2022-0014,CA0048054,https://ciwqs.waterboards.ca.gov/ciwqs/readOnly/CiwqsReportServlet?reportName=facilityAtAGlance&placeID=259377,449533,NPDES PERMIT,,,R3-2022-0014-(ACC).pdf,No,1.0,R3-2022-0014-(ACC).txt,R3-2022-0014-(ACC)_259377.json
259507,2 438018001,Sunnyvale WPCP,Sunnyvale City,2,Major,R2-2020-0002,CA0037621,https://ciwqs.waterboards.ca.gov/ciwqs/readOnly/CiwqsReportServlet?reportName=facilityAtAGlance&placeID=259507,436744,NPDES PERMIT,,,CA0037621 Sunnyvale Order R2-2020-0002.pdf,No,1.0,CA0037621 Sunnyvale Order R2-2020-0002.txt,CA0037621 Sunnyvale Order R2-2020-0002_259507.json
259689,6A181554001,Susanville Sanitary District WWTP,Susanville SD,SB,Major,2020-0015-DWQ,,https://ciwqs.waterboards.ca.gov/ciwqs/readOnly/CiwqsReportServlet?reportName=facilityAtAGlance&placeID=259689,350221,NPDES PERMIT,,,R6T-2008-0022 WDR Susanville CSD.pdf,No,4.0,R6T-2008-0022 WDR Susanville CSD.txt,R6T-2008-0022 WDR Susanville CSD_259689.json
259689,6A181554001,Susanville Sanitary District WWTP,Susanville SD,SB,Major,2020-0015-DWQ,,https://ciwqs.waterboards.ca.gov/ciwqs/readOnly/CiwqsReportServlet?reportName=facilityAtAGlance&placeID=259689,350221,NPDES PERMIT,,,r6t_2008_0022_attach_f_i.pdf,No,4.0,r6t_2008_0022_attach_f_i.txt,r6t_2008_0022_attach_f_i_259689.json
214665,5C15NC00095,Taft WWTF,Taft City,SB,Minor,2020-0015-DWQ,,https://ciwqs.waterboards.ca.gov/ciwqs/readOnly/CiwqsReportServlet?reportName=facilityAtAGlance&placeID=214665,351981,WDR,,,5-00-080.pdf,No,1.0,5-00-080.txt,5-00-080_214665.json
240864,5A520102001,Mineral WWTP,Tehama  Co SD #1,5R,Minor,R5-2023-0040,CA0084069,https://ciwqs.waterboards.ca.gov/ciwqs/readOnly/CiwqsReportServlet?reportName=facilityAtAGlance&placeID=240864,445294,NPDES PERMIT,,,r5-2023-0040_npdes.pdf,No,2.0,r5-2023-0040_npdes.txt,r5-2023-0040_npdes_240864.json
259216,8 332253001,Temescal Valley WD WWRF,Temescal Valley Water District,SB,"Major, Minor",2020-0015-DWQ,,https://ciwqs.waterboards.ca.gov/ciwqs/readOnly/CiwqsReportServlet?reportName=facilityAtAGlance&placeID=259216,388621,NPDES PERMIT,,,12-0028_Lee_Lake_Water_Dist_WDR.pdf,No,1.0,12-0028_Lee_Lake_Water_Dist_WDR.txt,12-0028_Lee_Lake_Water_Dist_WDR_259216.json
231693,4A560112001,Hill Canyon WWTP,Thousand Oaks City ,SB,"Major, Minor",2020-0015-DWQ,,https://ciwqs.waterboards.ca.gov/ciwqs/readOnly/CiwqsReportServlet?reportName=facilityAtAGlance&placeID=231693,428016,NPDES PERMIT,,,4917_R4-2019-0137_WDR.pdf,No,2.0,4917_R4-2019-0137_WDR.txt,4917_R4-2019-0137_WDR_231693.json
220315,5B070105003,Discovery Bay WWTP,Town of Discovery Bay CSD,5S,Major,R5-2024-0068,CA0078590,https://ciwqs.waterboards.ca.gov/ciwqs/readOnly/CiwqsReportServlet?reportName=facilityAtAGlance&placeID=220315,459449,NPDES PERMIT,,,R5-2024-0068_npdes.pdf,No,1.0,R5-2024-0068_npdes.txt,R5-2024-0068_npdes_220315.json
266223,5B390108001,Tracy WWTP,Tracy City,5S,Major,R5-2022-0073,CA0079154,https://ciwqs.waterboards.ca.gov/ciwqs/readOnly/CiwqsReportServlet?reportName=facilityAtAGlance&placeID=266223,449574,NPDES PERMIT,,,r5-2022-0073_npdes.pdf,No,1.0,r5-2022-0073_npdes.txt,r5-2022-0073_npdes_266223.json
266328,2 386013001,Treasure Island WWTP/DOD,US Navy Treasure Island,2,Major,R2-2024-0013,CA0038873,https://ciwqs.waterboards.ca.gov/ciwqs/readOnly/CiwqsReportServlet?reportName=facilityAtAGlance&placeID=266328,438627,NPDES PERMIT,,,R2-2020-0020.pdf,No,1.0,R2-2020-0020.txt,R2-2020-0020_266328.json
266694,1A84002OSIS,Tulelake City WWTP,Tulelake City,1,Minor,R1-2015-0002,CA0023272,https://ciwqs.waterboards.ca.gov/ciwqs/readOnly/CiwqsReportServlet?reportName=facilityAtAGlance&placeID=266694,397123,WDR,,,15_0002_Tulelake_WDR_revised_030415.pdf,No,1.0,15_0002_Tulelake_WDR_revised_030415.txt,15_0002_Tulelake_WDR_revised_030415_266694.json
266737,5C500108001,"Turlock City, Turlock Regional Water Quality Control Facility",Turlock City,5S,Major,R5-2021-0005,CA0078948,https://ciwqs.waterboards.ca.gov/ciwqs/readOnly/CiwqsReportServlet?reportName=facilityAtAGlance&placeID=266737,442540,NPDES PERMIT,,,r5-2021-0005_npdes.pdf,No,1.0,r5-2021-0005_npdes.txt,r5-2021-0005_npdes_266737.json
268926,5A570800001,UC Davis Main WWTP,UC Davis,5S,Major,R5-2021-0007,CA0077895,https://ciwqs.waterboards.ca.gov/ciwqs/readOnly/CiwqsReportServlet?reportName=facilityAtAGlance&placeID=268926,442761,NPDES PERMIT,,,r5-2021-0007_npdes.pdf,No,1.0,r5-2021-0007_npdes.txt,r5-2021-0007_npdes_268926.json
209007,5A58NC00037,Beale AFB WWTP,US Air Force Beale Air Force Base CES/CEAN,5S,Major,R5-2019-0086,,https://ciwqs.waterboards.ca.gov/ciwqs/readOnly/CiwqsReportServlet?reportName=facilityAtAGlance&placeID=209007,436351,WDR,,,r5-2019-0086_wdrs.pdf,No,1.0,r5-2019-0086_wdrs.txt,r5-2019-0086_wdrs_209007.json
269449,7A130703011,US Navy Naval Air Facility WWTP,US Navy Naval Air Station El Centro,7,Minor,R7-2021-0045,CA0104906,https://ciwqs.waterboards.ca.gov/ciwqs/readOnly/CiwqsReportServlet?reportName=facilityAtAGlance&placeID=269449,445859,NPDES PERMIT,,,R7-2021-0045.pdf,No,2.0,R7-2021-0045.txt,R7-2021-0045_269449.json
222491,5C220701002,El Portal WWTF,USDI National Park Service Yosemite National Park,5F,"Major, Minor",R5-2022-0006-03,CA0081759,https://ciwqs.waterboards.ca.gov/ciwqs/readOnly/CiwqsReportServlet?reportName=facilityAtAGlance&placeID=222491,461873,NPDES PERMIT,,,r5-2025-0031_npdes.pdf,No,1.0,r5-2025-0031_npdes.txt,r5-2025-0031_npdes_222491.json
271887,5C220701004,Wawona WWTF,USDI National Park Service Yosemite National Park,5F,Minor,2014-0153-DWQ,CAG995002,https://ciwqs.waterboards.ca.gov/ciwqs/readOnly/CiwqsReportServlet?reportName=facilityAtAGlance&placeID=271887,420594,ENROLLEE - WDR,,,12_21_2021_ 9787284_ REVISED NOA_ 12_21_2021.pdf,No,3.0,12_21_2021_ 9787284_ REVISED NOA_ 12_21_2021.txt,12_21_2021_ 9787284_ REVISED NOA_ 12_21_2021_271887.json
271887,5C220701004,Wawona WWTF,USDI National Park Service Yosemite National Park,5F,Minor,2014-0153-DWQ,CAG995002,https://ciwqs.waterboards.ca.gov/ciwqs/readOnly/CiwqsReportServlet?reportName=facilityAtAGlance&placeID=271887,420594,ENROLLEE - WDR,,,2014-0153-DWQ-R5289.pdf,No,3.0,2014-0153-DWQ-R5289.txt,2014-0153-DWQ-R5289_271887.json
269601,2 071059001,USS-UPI LLC - NPDES/SUB15,USS-Posco Industries,2,Major,R2-2016-0043,CA0005002,https://ciwqs.waterboards.ca.gov/ciwqs/readOnly/CiwqsReportServlet?reportName=facilityAtAGlance&placeID=269601,410165,NPDES PERMIT,,,R2-2016-0043.pdf,No,1.0,R2-2016-0043.txt,R2-2016-0043_269601.json
268960,1B84029OMEN,Ukiah City WWTP,Ukiah City,1,Major,R1-2024-0016,CA0022888,https://ciwqs.waterboards.ca.gov/ciwqs/readOnly/CiwqsReportServlet?reportName=facilityAtAGlance&placeID=268960,458153,NPDES PERMIT,,,24_0016_Ukiah_NPDES_07.18.2024_signed.pdf,No,1.0,24_0016_Ukiah_NPDES_07.18.2024_signed.txt,24_0016_Ukiah_NPDES_07.18.2024_signed_268960.json
269042,2 019123001,Raymond A. Boege Alvarado WWTP (Union SD),,,,,,https://ciwqs.waterboards.ca.gov/ciwqs/readOnly/CiwqsReportServlet?reportName=facilityAtAGlance&placeID=269042,,,,,EBDA - R2-2022-0023.pdf,Yes,,EBDA - R2-2022-0023.txt,EBDA - R2-2022-0023_269042.json
206730,5A31NP00001,Thunder Valley Casino WWTP,United Auburn Indian Community,5S,Minor,R5-2023-0025,CAC442169,https://ciwqs.waterboards.ca.gov/ciwqs/readOnly/CiwqsReportServlet?reportName=facilityAtAGlance&placeID=206730,442169,ENROLLEE - NPDES,,,thundervalley_wwtp_mgo_noa.pdf,No,1.0,thundervalley_wwtp_mgo_noa.txt,thundervalley_wwtp_mgo_noa_206730.json
257821,9 000000732,South Bay International WWTP,United States Section of the International Boundary and Water Commission (USIBWC),9,Major,R9-2021-0001,CA0108928,https://ciwqs.waterboards.ca.gov/ciwqs/readOnly/CiwqsReportServlet?reportName=facilityAtAGlance&placeID=257821,442331,NPDES PERMIT,,,r9-2021-0001-amended-r9-2023-0009-amended-r9-2026-0005.pdf,No,5.0,r9-2021-0001-amended-r9-2023-0009-amended-r9-2026-0005.txt,r9-2021-0001-amended-r9-2023-0009-amended-r9-2026-0005_257821.json
257821,9 000000732,South Bay International WWTP,United States Section of the International Boundary and Water Commission (USIBWC),9,Major,R9-2021-0001,CA0108928,https://ciwqs.waterboards.ca.gov/ciwqs/readOnly/CiwqsReportServlet?reportName=facilityAtAGlance&placeID=257821,442331,NPDES PERMIT,,,r9-2021-0001.pdf,No,5.0,r9-2021-0001.txt,r9-2021-0001_257821.json
222057,5A480105002,Easterly WWTP,Vacaville City DPW,5S,Major,R5-2025-0028,CA0077691,https://ciwqs.waterboards.ca.gov/ciwqs/readOnly/CiwqsReportServlet?reportName=facilityAtAGlance&placeID=222057,461810,NPDES PERMIT,,,r5-2025-0028_npdes.pdf,No,1.0,r5-2025-0028_npdes.txt,r5-2025-0028_npdes_222057.json
270006,2 482012001,Vallejo Flood & Wastewater District (VFWD) WWTP,Vallejo Flood & Wastewater District (formerly Vallejo San & Flood Control District),2,Major,R2-2023-0001,CA0037699,https://ciwqs.waterboards.ca.gov/ciwqs/readOnly/CiwqsReportServlet?reportName=facilityAtAGlance&placeID=270006,451028,NPDES PERMIT,,,Order R2-2023-0001.pdf,No,1.0,Order R2-2023-0001.txt,Order R2-2023-0001_270006.json
270096,7A330122021,Valley SD WWTP,Valley Sanitary District,7,Major,R7-2026-0003,CA0104477,https://ciwqs.waterboards.ca.gov/ciwqs/readOnly/CiwqsReportServlet?reportName=facilityAtAGlance&placeID=270096,464130,NPDES PERMIT,,,R7-2026-0003.pdf,No,3.0,R7-2026-0003.txt,R7-2026-0003_270096.json
270419,6B360109001,Victor Valley Wastewater Reclamation Authority WTP,Victor Valley Wastewater Reclamation Authority,SB,Major,2020-0015-DWQ,,https://ciwqs.waterboards.ca.gov/ciwqs/readOnly/CiwqsReportServlet?reportName=facilityAtAGlance&placeID=270419,420359,NPDES PERMIT,,,r6v_2020_0028_vvwra_npdes_permit.pdf,No,1.0,r6v_2020_0028_vvwra_npdes_permit.txt,r6v_2020_0028_vvwra_npdes_permit_270419.json
273138,5D540113001,Visalia Water Reclamation Facility (WRF),Visalia City,SB,Major,2020-0015-DWQ,,https://ciwqs.waterboards.ca.gov/ciwqs/readOnly/CiwqsReportServlet?reportName=facilityAtAGlance&placeID=273138,409518,WDR,,,r5-2018-0046.pdf,No,1.0,r5-2018-0046.txt,r5-2018-0046_273138.json
271872,3 440104001,Watsonville WWTP,Watsonville City,SB,Major,2020-0015-DWQ,,https://ciwqs.waterboards.ca.gov/ciwqs/readOnly/CiwqsReportServlet?reportName=facilityAtAGlance&placeID=271872,396491,NPDES PERMIT,,,Watsonville WWTP 14-0006 FINAL.pdf,No,1.0,Watsonville WWTP 14-0006 FINAL.txt,Watsonville WWTP 14-0006 FINAL_271872.json
273663,4B190137001,Edward C. Little Water Recycling Plant (Recycled Water Irrigation),West Basin MWD,4,"Major, Minor",R4-2023-0368,CA0063401,https://ciwqs.waterboards.ca.gov/ciwqs/readOnly/CiwqsReportServlet?reportName=facilityAtAGlance&placeID=273663,452909,NPDES PERMIT,,,Adopted ECLWRF NPDES CI-7449 111623.pdf,No,1.0,Adopted ECLWRF NPDES CI-7449 111623.txt,Adopted ECLWRF NPDES CI-7449 111623_273663.json
217061,4B190137004,Juanita Millender-McDonald Carson Regional Water Recycling Plant,West Basin MWD,4,"Major, Minor",R4-2024-0146,CA0064246,https://ciwqs.waterboards.ca.gov/ciwqs/readOnly/CiwqsReportServlet?reportName=facilityAtAGlance&placeID=217061,454510,NPDES PERMIT,,,Adopted JMMCRWRP CI-7972 03012024.pdf,No,2.0,Adopted JMMCRWRP CI-7972 03012024.txt,Adopted JMMCRWRP CI-7972 03012024_217061.json
215234,2 071107001,West County Agency Outfall,West County Agency,2,Major,R2-2024-0008,CA0038539,https://ciwqs.waterboards.ca.gov/ciwqs/readOnly/CiwqsReportServlet?reportName=facilityAtAGlance&placeID=215234,457271,NPDES PERMIT,,,R2-2024-0008 West County.pdf,Yes,1.0,R2-2024-0008 West County.txt,R2-2024-0008 West County_215234.json
272082,2 071107001,West County WW District WPCP,,,,,,https://ciwqs.waterboards.ca.gov/ciwqs/readOnly/CiwqsReportServlet?reportName=facilityAtAGlance&placeID=272082,457271,NPDES PERMIT,,,R2-2024-0008 West County.pdf,Yes,1.0,R2-2024-0008 West County.txt,R2-2024-0008 West County_272082.json
259205,8 332353001,WRCRWA Regional WWRF,Western Riverside County Regional Wastewater Authority,SB,Major,2020-0015-DWQ,,https://ciwqs.waterboards.ca.gov/ciwqs/readOnly/CiwqsReportServlet?reportName=facilityAtAGlance&placeID=259205,396787,NPDES PERMIT,,,R8-2015-0013_WRCRWWA.pdf,No,2.0,R8-2015-0013_WRCRWWA.txt,R8-2015-0013_WRCRWWA_259205.json
272291,7A130112012,Westmorland City WWTP,Westmorland City,7,Minor,R7-2023-0002,CA0105007,https://ciwqs.waterboards.ca.gov/ciwqs/readOnly/CiwqsReportServlet?reportName=facilityAtAGlance&placeID=272291,447749,NPDES PERMIT,,,R7-2023-0002.pdf,No,2.0,R7-2023-0002.txt,R7-2023-0002_272291.json
272646,1B80078OMEN,Willits City WWTP,Willits City,1,Major,R1-2021-0021,CA0023060,https://ciwqs.waterboards.ca.gov/ciwqs/readOnly/CiwqsReportServlet?reportName=facilityAtAGlance&placeID=272646,438175,NPDES PERMIT,,,21_0021_Willits_WWTF_NPDES.pdf,No,2.0,21_0021_Willits_WWTF_NPDES.txt,21_0021_Willits_WWTF_NPDES_272646.json
272704,5A110101001,Willows WWTP,Willows City,5R,"Major, Minor",R5-2023-0025,CAC447786,https://ciwqs.waterboards.ca.gov/ciwqs/readOnly/CiwqsReportServlet?reportName=facilityAtAGlance&placeID=272704,447786,ENROLLEE - NPDES,,,R5-2017-0085-01.pdf,No,2.0,R5-2017-0085-01.txt,R5-2017-0085-01_272704.json
272704,5A110101001,Willows WWTP,Willows City,5R,"Major, Minor",R5-2023-0025,CAC447786,https://ciwqs.waterboards.ca.gov/ciwqs/readOnly/CiwqsReportServlet?reportName=facilityAtAGlance&placeID=272704,447786,ENROLLEE - NPDES,,,willows_wwtp_noa_signed.pdf,No,2.0,willows_wwtp_noa_signed.txt,willows_wwtp_noa_signed_272704.json
272790,1B82037OSON,"Windsor Wastewater Treatment, Reclamation, and Disposal Facility",Windsor Water District,1,Major,R1-2020-0010,CA0023345,https://ciwqs.waterboards.ca.gov/ciwqs/readOnly/CiwqsReportServlet?reportName=facilityAtAGlance&placeID=272790,427515,NPDES PERMIT,,,20_0010_Windsor Water District_NPDES.pdf,No,2.0,20_0010_Windsor Water District_NPDES.txt,20_0010_Windsor Water District_NPDES_272790.json
272960,5A570105001,Woodland Water Pollution Control Facility,Woodland City,5S,"Major, Minor",R5-2026-0004,CA0077950,https://ciwqs.waterboards.ca.gov/ciwqs/readOnly/CiwqsReportServlet?reportName=facilityAtAGlance&placeID=272960,464598,NPDES PERMIT,,,r5-2026-0004_npdes.pdf,No,1.0,r5-2026-0004_npdes.txt,r5-2026-0004_npdes_272960.json
274410,2 283019001,Yountville / CA Vets Home WWTP,"Yountville, Town of",2,Minor,R2-2020-0026,CA0038121,https://ciwqs.waterboards.ca.gov/ciwqs/readOnly/CiwqsReportServlet?reportName=facilityAtAGlance&placeID=274410,440857,NPDES PERMIT,,,Town of Yountville Order R2-2020-0026.pdf,No,1.0,Town of Yountville Order R2-2020-0026.txt,Town of Yountville Order R2-2020-0026_274410.json
274556,5A510101001,Yuba City WWTF,Yuba City,5S,Major,R5-2024-0055,CA0079260,https://ciwqs.waterboards.ca.gov/ciwqs/readOnly/CiwqsReportServlet?reportName=facilityAtAGlance&placeID=274556,459135,NPDES PERMIT,,,r5-2024-0055_npdes.pdf,No,1.0,r5-2024-0055_npdes.txt,r5-2024-0055_npdes_274556.json
259161,8 362222001,Henry N. Wochholz WWRF,Yucaipa Valley Water District,SB,Major,2020-0015-DWQ,,https://ciwqs.waterboards.ca.gov/ciwqs/readOnly/CiwqsReportServlet?reportName=facilityAtAGlance&placeID=259161,380760,NPDES PERMIT,,,R8-2015-0027_YVWD_Henry_N_Wochholz_RWRF.pdf,No,1.0,R8-2015-0027_YVWD_Henry_N_Wochholz_RWRF.txt,R8-2015-0027_YVWD_Henry_N_Wochholz_RWRF_259161.json
614538,2 283102001,Mustards Grill WWTP,3W & C LLC,2,,2014-0153-DWQ,,https://ciwqs.waterboards.ca.gov/ciwqs/readOnly/CiwqsReportServlet?reportName=facilityAtAGlance&placeID=614538,459255,ENROLLEE - WDR,,,Mustards Grill Notice of Applicability Package_2024-07-10.pdf,No,1.0,Mustards Grill Notice of Applicability Package_2024-07-10.txt,Mustards Grill Notice of Applicability Package_2024-07-10_614538.json
638334,9 000001182,USMC Camp Pendleton Southern Regional Tertiary Treatment Plant,US Marine Corps Base Camp Pendleton,9,Major,R9-2019-0167,CA0109347,https://ciwqs.waterboards.ca.gov/ciwqs/readOnly/CiwqsReportServlet?reportName=facilityAtAGlance&placeID=638334,422969,NPDES PERMIT,,,AmendedOrderR92019167_DigitalSignature signed dwg 12-14-21.pdf,No,5.0,AmendedOrderR92019167_DigitalSignature signed dwg 12-14-21.txt,AmendedOrderR92019167_DigitalSignature signed dwg 12-14-21_638334.json
638334,9 000001182,USMC Camp Pendleton Southern Regional Tertiary Treatment Plant,US Marine Corps Base Camp Pendleton,9,Major,R9-2019-0167,CA0109347,https://ciwqs.waterboards.ca.gov/ciwqs/readOnly/CiwqsReportServlet?reportName=facilityAtAGlance&placeID=638334,422969,NPDES PERMIT,,,AmendingOrderR920210205_DigitalSignature signed dwg 12-17-21.pdf,No,5.0,AmendingOrderR920210205_DigitalSignature signed dwg 12-17-21.txt,AmendingOrderR920210205_DigitalSignature signed dwg 12-17-21_638334.json
638334,9 000001182,USMC Camp Pendleton Southern Regional Tertiary Treatment Plant,US Marine Corps Base Camp Pendleton,9,Major,R9-2019-0167,CA0109347,https://ciwqs.waterboards.ca.gov/ciwqs/readOnly/CiwqsReportServlet?reportName=facilityAtAGlance&placeID=638334,422969,NPDES PERMIT,,,MCBCP_Final_Adopted_Order_R9-2019-0167.pdf,No,5.0,MCBCP_Final_Adopted_Order_R9-2019-0167.txt,MCBCP_Final_Adopted_Order_R9-2019-0167_638334.json
638334,9 000001182,USMC Camp Pendleton Southern Regional Tertiary Treatment Plant,US Marine Corps Base Camp Pendleton,9,Major,R9-2019-0167,CA0109347,https://ciwqs.waterboards.ca.gov/ciwqs/readOnly/CiwqsReportServlet?reportName=facilityAtAGlance&placeID=638334,422969,NPDES PERMIT,,,R9-2019-0167_Amended2020 signed dwg 08-17-20.pdf,No,5.0,R9-2019-0167_Amended2020 signed dwg 08-17-20.txt,R9-2019-0167_Amended2020 signed dwg 08-17-20_638334.json
638334,9 000001182,USMC Camp Pendleton Southern Regional Tertiary Treatment Plant,US Marine Corps Base Camp Pendleton,9,Major,R9-2019-0167,CA0109347,https://ciwqs.waterboards.ca.gov/ciwqs/readOnly/CiwqsReportServlet?reportName=facilityAtAGlance&placeID=638334,422969,NPDES PERMIT,,,R9-2020-0191_Final_Order signed dwg 08-17-20.pdf,No,5.0,R9-2020-0191_Final_Order signed dwg 08-17-20.txt,R9-2020-0191_Final_Order signed dwg 08-17-20_638334.json
204475,6B369805001,Adelanto WWTP,Adelanto Public Utility Authority,SB,,2020-0015-DWQ,,https://ciwqs.waterboards.ca.gov/ciwqs/readOnly/CiwqsReportServlet?reportName=facilityAtAGlance&placeID=204475,392758,WDR,,,R6V-2013-0058 Adelanto WWTF FINAL.pdf,No,3.0,R6V-2013-0058 Adelanto WWTF FINAL.txt,R6V-2013-0058 Adelanto WWTF FINAL_204475.json
248753,5B030106001,Plymouth WWTP,Amador Water Agency,5S,,R5-2011-0092,,https://ciwqs.waterboards.ca.gov/ciwqs/readOnly/CiwqsReportServlet?reportName=facilityAtAGlance&placeID=248753,382756,WDR,,,r5-2011-0092.pdf,No,2.0,r5-2011-0092.txt,r5-2011-0092_248753.json
248424,5B05NP00005,Pine Grove Community Leachfield System,Amador Water Agency,5S,,R5-2009-0003,,https://ciwqs.waterboards.ca.gov/ciwqs/readOnly/CiwqsReportServlet?reportName=facilityAtAGlance&placeID=248424,365748,WDR,,,R5-2009-0003.pdf,No,2.0,R5-2009-0003.txt,R5-2009-0003_248424.json
206653,3 400100001,Atascadero WWTP,Atascadero City,3,,R3-2020-0020,,https://ciwqs.waterboards.ca.gov/ciwqs/readOnly/CiwqsReportServlet?reportName=facilityAtAGlance&placeID=206653,453001,ENROLLEE - WDR,,,R3-2020-0020 NOA MRP City of Atascadero_final.pdf,No,1.0,R3-2020-0020 NOA MRP City of Atascadero_final.txt,R3-2020-0020 NOA MRP City of Atascadero_final_206653.json
268043,4B190107100,Encinal Canyon Water Recycling Plant on Tract 46277,"BMIF/BSLF II Rancho Malibu Ltd.c/o Vintage Rancho Malibu, LLC",4,,R4-2013-0019,,https://ciwqs.waterboards.ca.gov/ciwqs/readOnly/CiwqsReportServlet?reportName=facilityAtAGlance&placeID=268043,376755,WDR,,,7020_R4-2013-0019_WDR_PKG.pdf,No,1.0,7020_R4-2013-0019_WDR_PKG.txt,7020_R4-2013-0019_WDR_PKG_268043.json
209726,5C221004001,Black Oak General Store,"Baer, William",5F,,97-010-DWQ,,https://ciwqs.waterboards.ca.gov/ciwqs/readOnly/CiwqsReportServlet?reportName=facilityAtAGlance&placeID=209726,375565,ENROLLEE - WDR,,,noa_100610_sjp.pdf,No,2.0,noa_100610_sjp.txt,noa_100610_sjp_209726.json
273208,5D150100001,Bakersfield WWTP #2,Bakersfield City,SB,,2020-0015-DWQ,,https://ciwqs.waterboards.ca.gov/ciwqs/readOnly/CiwqsReportServlet?reportName=facilityAtAGlance&placeID=273208,332777,WDR,,,r5-2009-0122.pdf,No,1.0,r5-2009-0122.txt,r5-2009-0122_273208.json
208769,6B360101001,Barstow WWTP,Barstow City,SB,,2020-0015-DWQ,,https://ciwqs.waterboards.ca.gov/ciwqs/readOnly/CiwqsReportServlet?reportName=facilityAtAGlance&placeID=208769,427492,WDR,,,R6V-2019-0252_WDR_Barstow.pdf,No,2.0,R6V-2019-0252_WDR_Barstow.txt,R6V-2019-0252_WDR_Barstow_208769.json
208930,7A360100011,BB Reg WWA-Lucerne Vly,Big Bear Area Regional WW Agency,7,,R7-2021-0023,,https://ciwqs.waterboards.ca.gov/ciwqs/readOnly/CiwqsReportServlet?reportName=facilityAtAGlance&placeID=208930,443599,WDR,,,R7-2021-0023.pdf,No,2.0,R7-2021-0023.txt,R7-2021-0023_208930.json
209595,5A571008001,Bill/Kathy's WWTF,Bill & Kathy's Inc,5S,,2014-0153-DWQ,,https://ciwqs.waterboards.ca.gov/ciwqs/readOnly/CiwqsReportServlet?reportName=facilityAtAGlance&placeID=209595,411412,ENROLLEE - WDR,,,bill_kathy_NOA.pdf,No,1.0,bill_kathy_NOA.txt,bill_kathy_NOA_209595.json
209801,1B81129OHUM,Blue Lake City POTW,Blue Lake City,1,,R1-2012-0050,,https://ciwqs.waterboards.ca.gov/ciwqs/readOnly/CiwqsReportServlet?reportName=facilityAtAGlance&placeID=209801,384238,WDR,,,12_0050_WDR_BlueLake_RRO_120618.pdf,No,1.0,12_0050_WDR_BlueLake_RRO_120618.txt,12_0050_WDR_BlueLake_RRO_120618_209801.json
209847,7B330102012,Blythe Regional WW Reclamation Facilities,Blythe City,SB,,2020-0015-DWQ,,https://ciwqs.waterboards.ca.gov/ciwqs/readOnly/CiwqsReportServlet?reportName=facilityAtAGlance&placeID=209847,407226,WDR,,,R7-2016-0013.pdf,No,2.0,R7-2016-0013.txt,R7-2016-0013_209847.json
209949,1B75028OSON,Bodega Bay Wastewater Reclamation Facility,Bodega Bay PUD,1,,R1-2023-0011,,https://ciwqs.waterboards.ca.gov/ciwqs/readOnly/CiwqsReportServlet?reportName=facilityAtAGlance&placeID=209949,317257,WDR,,,R1-2023-0011.pdf,No,1.0,R1-2023-0011.txt,R1-2023-0011_209949.json
210685,3 420100001,Buellton WWTP,Buellton City,3,,R3-2020-0020,,https://ciwqs.waterboards.ca.gov/ciwqs/readOnly/CiwqsReportServlet?reportName=facilityAtAGlance&placeID=210685,447950,ENROLLEE - WDR,,,Buellton NOA MRP R3-2020-0020.pdf,No,1.0,Buellton NOA MRP R3-2020-0020.txt,Buellton NOA MRP R3-2020-0020_210685.json
210854,5A450107001,Burney STP,Burney WD,5R,,R5-2017-0050,,https://ciwqs.waterboards.ca.gov/ciwqs/readOnly/CiwqsReportServlet?reportName=facilityAtAGlance&placeID=210854,408490,WDR,,,Combined Burney WDR_Pamela Signatue.pdf,No,1.0,Combined Burney WDR_Pamela Signatue.txt,Combined Burney WDR_Pamela Signatue_210854.json
210972,5B070102002,Byron Sanitary District WWTF,Byron Sanitary District,5S,,R5-2009-0002,,https://ciwqs.waterboards.ca.gov/ciwqs/readOnly/CiwqsReportServlet?reportName=facilityAtAGlance&placeID=210972,363736,WDR,,,R5-2009-0002.pdf,No,1.0,R5-2009-0002.txt,R5-2009-0002_210972.json
241545,5C220800001,Mount Bullion Conservation Camp,CA Dept of Forestry & Fire Protection,5F,,2014-0153-DWQ,,https://ciwqs.waterboards.ca.gov/ciwqs/readOnly/CiwqsReportServlet?reportName=facilityAtAGlance&placeID=241545,414836,ENROLLEE - WDR,,,2014-0153-DWQ-R5284.pdf,No,1.0,2014-0153-DWQ-R5284.txt,2014-0153-DWQ-R5284_241545.json
833707,1A171868RDN,CDOT Collier Tunnel Rest Area,CA Dept of Trans D1,1,,2014-0153-DWQ,,https://ciwqs.waterboards.ca.gov/ciwqs/readOnly/CiwqsReportServlet?reportName=facilityAtAGlance&placeID=833707,420851,ENROLLEE - WDR,,,180618_RRO_er_CaltransCollierTunnel_NOA.pdf,No,1.0,180618_RRO_er_CaltransCollierTunnel_NOA.txt,180618_RRO_er_CaltransCollierTunnel_NOA_833707.json
227451,5A310802001,Gold Run Roadside Rests,CA Dept of Trans D3,5S,,2014-0153-DWQ,,https://ciwqs.waterboards.ca.gov/ciwqs/readOnly/CiwqsReportServlet?reportName=facilityAtAGlance&placeID=227451,407683,ENROLLEE - WDR,,,Gold Run Rest Area-NOA.pdf,No,1.0,Gold Run Rest Area-NOA.txt,Gold Run Rest Area-NOA_227451.json
729031,3 401108233,Shandon Roadside Rest Area,,,,,,https://ciwqs.waterboards.ca.gov/ciwqs/readOnly/CiwqsReportServlet?reportName=facilityAtAGlance&placeID=729031,423607,ENROLLEE - WDR,,,07-02-2019_Shandon Rest Area NOA & NOT package 7-2-19.pdf,No,1.0,07-02-2019_Shandon Rest Area NOA & NOT package 7-2-19.txt,07-02-2019_Shandon Rest Area NOA & NOT package 7-2-19_729031.json
248269,5D540801001,Philip S Raine SRRA,CA Dept of Trans D6 Bakersfield R5F,5F,,2014-0153-DWQ,,https://ciwqs.waterboards.ca.gov/ciwqs/readOnly/CiwqsReportServlet?reportName=facilityAtAGlance&placeID=248269,439697,ENROLLEE - WDR,,,NOA_CalTransPSRaineSRRA_NOA_2014-0153-DWQ-R5377.pdf,No,3.0,NOA_CalTransPSRaineSRRA_NOA_2014-0153-DWQ-R5377.txt,NOA_CalTransPSRaineSRRA_NOA_2014-0153-DWQ-R5377_248269.json
836454,5C15NC00218,Buttonwillow Safety Roadside Rest Area,CA Dept of Trans D6 Fresno,5F,,2014-0153-DWQ,,https://ciwqs.waterboards.ca.gov/ciwqs/readOnly/CiwqsReportServlet?reportName=facilityAtAGlance&placeID=836454,414137,ENROLLEE - WDR,,,Buttonwillow NOA.pdf,No,2.0,Buttonwillow NOA.txt,Buttonwillow NOA_836454.json
719040,5C54NC00296,Warlow SRRA WWTF,,,,,,https://ciwqs.waterboards.ca.gov/ciwqs/readOnly/CiwqsReportServlet?reportName=facilityAtAGlance&placeID=719040,437786,ENROLLEE - WDR,,,CT-WarlowRA_NOA.pdf,No,2.0,CT-WarlowRA_NOA.txt,CT-WarlowRA_NOA_719040.json
236772,5D150801001,Lebec SRRA (Tejon Pass),CA Dept of Trans D6 Fresno,5F,,2014-0153-DWQ,,https://ciwqs.waterboards.ca.gov/ciwqs/readOnly/CiwqsReportServlet?reportName=facilityAtAGlance&placeID=236772,443834,ENROLLEE - WDR,,,NOA Tejon Pass Safety Roadside Rest Area Wastewater Treatment Facility.pdf,No,2.0,NOA Tejon Pass Safety Roadside Rest Area Wastewater Treatment Facility.txt,NOA Tejon Pass Safety Roadside Rest Area Wastewater Treatment Facility_236772.json
837951,5B24NC00381,"John ""Chuck"" Erreca SRRA",,,,,,https://ciwqs.waterboards.ca.gov/ciwqs/readOnly/CiwqsReportServlet?reportName=facilityAtAGlance&placeID=837951,419271,ENROLLEE - WDR,,,Caltrans_Erreca_NOA.pdf,No,1.0,Caltrans_Erreca_NOA.txt,Caltrans_Erreca_NOA_837951.json
851487,6B361809001,Valley Wells Rest Area,CA Dept of Transportation DO8 (San Bernardino-Riverside Office) Caltrans,6V,,R6V-2021-0022,,https://ciwqs.waterboards.ca.gov/ciwqs/readOnly/CiwqsReportServlet?reportName=facilityAtAGlance&placeID=851487,425537,WDR,,,R6V-2021-0022_WDR Order_Caltrans Valley Wells.pdf,No,1.0,R6V-2021-0022_WDR Order_Caltrans Valley Wells.txt,R6V-2021-0022_WDR Order_Caltrans Valley Wells_851487.json
213580,6A186000500,"CCC @ Susanville, CSP-LC WTF",Ca Dept of Corrections & Rehabilitation,6T,,R6T-2008-0024,,https://ciwqs.waterboards.ca.gov/ciwqs/readOnly/CiwqsReportServlet?reportName=facilityAtAGlance&placeID=213580,350306,WDR,,,R6T-2008-0024 CDC WDR.pdf,No,3.0,R6T-2008-0024 CDC WDR.txt,R6T-2008-0024 CDC WDR_213580.json
263072,5D150803001,Tehachapi Correctional Inst WWTF,Ca Dept of Corrections & Rehabilitation,5F,,R5-2011-0007,,https://ciwqs.waterboards.ca.gov/ciwqs/readOnly/CiwqsReportServlet?reportName=facilityAtAGlance&placeID=263072,389883,WDR,,,r5-2011-0007.pdf,No,3.0,r5-2011-0007.txt,r5-2011-0007_263072.json
234915,5C15NC00056,Kern Valley State Prison WWTF,Ca Dept of Corrections & Rehabilitation,5F,,R5-2007-0090,,https://ciwqs.waterboards.ca.gov/ciwqs/readOnly/CiwqsReportServlet?reportName=facilityAtAGlance&placeID=234915,328915,WDR,,,R5-2007-0090.pdf,No,1.0,R5-2007-0090.txt,R5-2007-0090_234915.json
248717,5D100805001,Pleasant Valley State Prison WWTF,Ca Dept of Corrections Coalinga,5F,,R5-2016-0092,,https://ciwqs.waterboards.ca.gov/ciwqs/readOnly/CiwqsReportServlet?reportName=facilityAtAGlance&placeID=248717,331473,WDR,,,r5-2016-0092.pdf,No,3.0,r5-2016-0092.txt,r5-2016-0092_248717.json
215698,5D160801001,Corcoran State Prison WWTF,Ca Dept of Corrections Corcoran,5F,,R5-2016-0027,,https://ciwqs.waterboards.ca.gov/ciwqs/readOnly/CiwqsReportServlet?reportName=facilityAtAGlance&placeID=215698,405851,WDR,,,r5-2016-0027.pdf,No,1.0,r5-2016-0027.txt,r5-2016-0027_215698.json
214957,5C10NC00045,Coalinga State Hospital WWTF,Ca Dept of Mental Health,5F,,R5-2013-0055,,https://ciwqs.waterboards.ca.gov/ciwqs/readOnly/CiwqsReportServlet?reportName=facilityAtAGlance&placeID=214957,153133,WDR,,,R5-2013-0055.pdf,No,1.0,R5-2013-0055.txt,R5-2013-0055_214957.json
248169,3 270802001,Pfeiffer Big Sur State Park WWTP,Ca Dept of Parks & Rec Big Sur,3,,2014-0153-DWQ,,https://ciwqs.waterboards.ca.gov/ciwqs/readOnly/CiwqsReportServlet?reportName=facilityAtAGlance&placeID=248169,462921,ENROLLEE - WDR,,,Pfeiffer Big Sur NOA_final_10_02_2025.pdf,No,1.0,Pfeiffer Big Sur NOA_final_10_02_2025.txt,Pfeiffer Big Sur NOA_final_10_02_2025_248169.json
240826,5C100800001,Millerton Lake State Rec Area,Ca Dept of Parks & Rec Sacramento,5F,,2014-0153-DWQ,,https://ciwqs.waterboards.ca.gov/ciwqs/readOnly/CiwqsReportServlet?reportName=facilityAtAGlance&placeID=240826,417945,ENROLLEE - WDR,,,NOA_MLSRA_WWTF.pdf,No,1.0,NOA_MLSRA_WWTF.txt,NOA_MLSRA_WWTF_240826.json
213604,1B77108OMEN,CDF Parlin Fork Conservation Camp,CalFire Fort Bragg Jackson Demonstration State Forest,1,,2014-0153-DWQ,,https://ciwqs.waterboards.ca.gov/ciwqs/readOnly/CiwqsReportServlet?reportName=facilityAtAGlance&placeID=213604,404562,ENROLLEE - WDR,,,170313_RSP_dp_ParlinFork_WWTF_NOA.pdf,No,1.0,170313_RSP_dp_ParlinFork_WWTF_NOA.txt,170313_RSP_dp_ParlinFork_WWTF_NOA_213604.json
206381,5B05NC00022,Arnold WWTP,Calaveras Cnty Water District,5S,,2014-0153-DWQ,,https://ciwqs.waterboards.ca.gov/ciwqs/readOnly/CiwqsReportServlet?reportName=facilityAtAGlance&placeID=206381,404417,ENROLLEE - WDR,,,NOA 2014-0153-DWQ-R5190.pdf,No,1.0,NOA 2014-0153-DWQ-R5190.txt,NOA 2014-0153-DWQ-R5190_206381.json
272716,5B052000001,Wilseyville WWTP,Calaveras Cnty Water District,5S,,2014-0153-DWQ,,https://ciwqs.waterboards.ca.gov/ciwqs/readOnly/CiwqsReportServlet?reportName=facilityAtAGlance&placeID=272716,422942,ENROLLEE - WDR,,,WilseyvilleWWTP_NOA.pdf,No,1.0,WilseyvilleWWTP_NOA.txt,WilseyvilleWWTP_NOA_272716.json
272109,5B05NC00025,West Point WWTF,Calaveras Cnty Water District,5S,,2014-0153-DWQ,,https://ciwqs.waterboards.ca.gov/ciwqs/readOnly/CiwqsReportServlet?reportName=facilityAtAGlance&placeID=272109,438755,ENROLLEE - WDR,,,2014-0153-dwq-r5336_noa.pdf,No,2.0,2014-0153-dwq-r5336_noa.txt,2014-0153-dwq-r5336_noa_272109.json
271617,5B050107007,Wallace Lake Estates WWTF,Calaveras Cnty Water District,5S,,2014-0153-DWQ,,https://ciwqs.waterboards.ca.gov/ciwqs/readOnly/CiwqsReportServlet?reportName=facilityAtAGlance&placeID=271617,422077,ENROLLEE - WDR,,,2014-0153-dwq-r5275_NOA.pdf,No,1.0,2014-0153-dwq-r5275_NOA.txt,2014-0153-dwq-r5275_NOA_271617.json
258004,5B051003004,Southworth Ranch Estates WWTF,Calaveras Cnty Water District,5S,,2014-0153-DWQ,,https://ciwqs.waterboards.ca.gov/ciwqs/readOnly/CiwqsReportServlet?reportName=facilityAtAGlance&placeID=258004,444257,ENROLLEE - WDR,,,NOA_Southworth Ranch Estates WWTF.pdf,No,1.0,NOA_Southworth Ranch Estates WWTF.txt,NOA_Southworth Ranch Estates WWTF_258004.json
235798,5B051012001,La Contenta WWT & RF,Calaveras Cnty Water District,5S,,R5-2013-0133-01,,https://ciwqs.waterboards.ca.gov/ciwqs/readOnly/CiwqsReportServlet?reportName=facilityAtAGlance&placeID=235798,393681,WDR,,,CCWD_La Contenta_R5-2013-0133_WDR.pdf,No,3.0,CCWD_La Contenta_R5-2013-0133_WDR.txt,CCWD_La Contenta_R5-2013-0133_WDR_235798.json
235798,5B051012001,La Contenta WWT & RF,Calaveras Cnty Water District,5S,,R5-2013-0133-01,,https://ciwqs.waterboards.ca.gov/ciwqs/readOnly/CiwqsReportServlet?reportName=facilityAtAGlance&placeID=235798,393681,WDR,,,R5-2018-0062-La Contenta WWTF.pdf,No,3.0,R5-2018-0062-La Contenta WWTF.txt,R5-2018-0062-La Contenta WWTF_235798.json
232360,5B051003002,Indian Rock Vineyards Subdivision (IRVS) WWTF,Calaveras Cnty Water District,5S,,2014-0153-DWQ,,https://ciwqs.waterboards.ca.gov/ciwqs/readOnly/CiwqsReportServlet?reportName=facilityAtAGlance&placeID=232360,416842,ENROLLEE - WDR,,,Indian Rock NOA.pdf,No,1.0,Indian Rock NOA.txt,Indian Rock NOA_232360.json
215671,5B050105001,Copper Cove WWRF,Calaveras Cnty Water District,5S,,R5-2010-0070,,https://ciwqs.waterboards.ca.gov/ciwqs/readOnly/CiwqsReportServlet?reportName=facilityAtAGlance&placeID=215671,368769,WDR,,,R5-2010-0070.pdf,No,5.0,R5-2010-0070.txt,R5-2010-0070_215671.json
215671,5B050105001,Copper Cove WWRF,Calaveras Cnty Water District,5S,,R5-2010-0070,,https://ciwqs.waterboards.ca.gov/ciwqs/readOnly/CiwqsReportServlet?reportName=facilityAtAGlance&placeID=215671,368769,WDR,,,ccwd_copper cove_amended wdr.pdf,No,5.0,ccwd_copper cove_amended wdr.txt,ccwd_copper cove_amended wdr_215671.json
258186,3 272015001,Spreckels WWTP,California American Water Company Monterey,3,,R3-2020-0020,,https://ciwqs.waterboards.ca.gov/ciwqs/readOnly/CiwqsReportServlet?reportName=facilityAtAGlance&placeID=258186,449289,ENROLLEE - WDR,,,Spreckels_R3-2020-0020_NOA_MRP_final.pdf,No,1.0,Spreckels_R3-2020-0020_NOA_MRP_final.txt,Spreckels_R3-2020-0020_NOA_MRP_final_258186.json
245564,3 271007001,Oak Hills Development WWTP,California American Water Company Monterey,3,,R3-2020-0020,,https://ciwqs.waterboards.ca.gov/ciwqs/readOnly/CiwqsReportServlet?reportName=facilityAtAGlance&placeID=245564,452539,ENROLLEE - WDR,,,5-2-23-Oak Hills NOA_MRP.pdf,No,1.0,5-2-23-Oak Hills NOA_MRP.txt,5-2-23-Oak Hills NOA_MRP_245564.json
232363,3 271002001,Indian Springs Wastewater Treatment Facility,California American Water Company Monterey,3,,2014-0153-DWQ,,https://ciwqs.waterboards.ca.gov/ciwqs/readOnly/CiwqsReportServlet?reportName=facilityAtAGlance&placeID=232363,463719,ENROLLEE - WDR,,,12-9-25_IndianSprings2014-0153NOA.pdf,No,1.0,12-9-25_IndianSprings2014-0153NOA.txt,12-9-25_IndianSprings2014-0153NOA_232363.json
220844,5A571005001,Dunnigan WWTF,California American Water Company Sacramento,5S,,R5-2021-0045,,https://ciwqs.waterboards.ca.gov/ciwqs/readOnly/CiwqsReportServlet?reportName=facilityAtAGlance&placeID=220844,441883,WDR,,,dunnigan_wdrs_r5-2021-0045.pdf,No,2.0,dunnigan_wdrs_r5-2021-0045.txt,dunnigan_wdrs_r5-2021-0045_220844.json
212962,3 270803001,Camp Roberts Main (West) Garrison WWTP,California Army National Guard - Camp Roberts,3,,R3-2014-0046,,https://ciwqs.waterboards.ca.gov/ciwqs/readOnly/CiwqsReportServlet?reportName=facilityAtAGlance&placeID=212962,399552,WDR,,,wdr_2014_final.pdf,No,2.0,wdr_2014_final.txt,wdr_2014_final_212962.json
206651,3 400801001,Atascadero State Hospital,California Department of State Hospitals,3,,R3-2020-0020,,https://ciwqs.waterboards.ca.gov/ciwqs/readOnly/CiwqsReportServlet?reportName=facilityAtAGlance&placeID=206651,445161,ENROLLEE - WDR,,,Atascadero State Hospital Revised NOA MRP_Final.pdf,No,1.0,Atascadero State Hospital Revised NOA MRP_Final.txt,Atascadero State Hospital Revised NOA MRP_Final_206651.json
212424,3 271001001,California Utilities,California Utilities Service,3,,R3-2020-0020,,https://ciwqs.waterboards.ca.gov/ciwqs/readOnly/CiwqsReportServlet?reportName=facilityAtAGlance&placeID=212424,446382,ENROLLEE - WDR,,,R3-2020-0020 NOA Cal Utilities_final.pdf,No,1.0,R3-2020-0020 NOA Cal Utilities_final.txt,R3-2020-0020 NOA Cal Utilities_final_212424.json
212776,1B77162OMEN,Calpella CWD WWTP,Calpella CWD,1,,R1-2019-0010,,https://ciwqs.waterboards.ca.gov/ciwqs/readOnly/CiwqsReportServlet?reportName=facilityAtAGlance&placeID=212776,431442,WDR,,,19_0010_Calpella_WDR_MRP.pdf,No,1.0,19_0010_Calpella_WDR_MRP.txt,19_0010_Calpella_WDR_MRP_212776.json
212858,3 400102001,Cambria CSD WWTP,Cambria Community Services District,3,,R3-2020-0020,,https://ciwqs.waterboards.ca.gov/ciwqs/readOnly/CiwqsReportServlet?reportName=facilityAtAGlance&placeID=212858,463718,ENROLLEE - WDR,,,12-8-25_Cambria CSD 2020-0020_NOA.pdf,No,1.0,12-8-25_Cambria CSD 2020-0020_NOA.txt,12-8-25_Cambria CSD 2020-0020_NOA_212858.json
213409,5A041020001,Casa Del Rey HA,Casa Del Rey HA,5R,,2014-0153-DWQ,,https://ciwqs.waterboards.ca.gov/ciwqs/readOnly/CiwqsReportServlet?reportName=facilityAtAGlance&placeID=213409,416209,ENROLLEE - WDR,,,2014-0153-dwq-r5234.pdf,No,3.0,2014-0153-dwq-r5234.txt,2014-0153-dwq-r5234_213409.json
264740,5D540136001,Tooleville WWTF,"Central Cal Waterworks, Inc.",5F,,2014-0153-DWQ,,https://ciwqs.waterboards.ca.gov/ciwqs/readOnly/CiwqsReportServlet?reportName=facilityAtAGlance&placeID=264740,461163,ENROLLEE - WDR,,,NOA 2014-0153-DWQ-R5419_Tooleville WWTF.pdf,No,1.0,NOA 2014-0153-DWQ-R5419_Tooleville WWTF.txt,NOA 2014-0153-DWQ-R5419_Tooleville WWTF_264740.json
266310,5D540136003,Traver WWTF,Tulare Cnty Resource Management Agency,5F,,2014-0153-DWQ,,https://ciwqs.waterboards.ca.gov/ciwqs/readOnly/CiwqsReportServlet?reportName=facilityAtAGlance&placeID=266310,461129,ENROLLEE - WDR,,,2014-0153-DWQ-R5418 Traver WWTF NOA.pdf,No,1.0,2014-0153-DWQ-R5418 Traver WWTF NOA.txt,2014-0153-DWQ-R5418 Traver WWTF NOA_266310.json
214559,5A280106001,Circle Oaks WWTF,Circle Oaks Cnty Water Dist,5S,,2014-0153-DWQ,,https://ciwqs.waterboards.ca.gov/ciwqs/readOnly/CiwqsReportServlet?reportName=facilityAtAGlance&placeID=214559,464606,ENROLLEE - WDR,,,2014-0153-dwq-r5432_noa.pdf,No,2.0,2014-0153-dwq-r5432_noa.txt,2014-0153-dwq-r5432_noa_214559.json
889990,4A560101001,Fillmore Water Recycling Plant,City of Fillmore,4,,R4-2023-0426,,https://ciwqs.waterboards.ca.gov/ciwqs/readOnly/CiwqsReportServlet?reportName=facilityAtAGlance&placeID=889990,454036,WDR,,,10753_Order R4-2023-0426.pdf,No,4.0,10753_Order R4-2023-0426.txt,10753_Order R4-2023-0426_889990.json
227602,3 270104001,Gonzales WWTP,City of Gonzales,3,,R3-2020-0020,,https://ciwqs.waterboards.ca.gov/ciwqs/readOnly/CiwqsReportServlet?reportName=facilityAtAGlance&placeID=227602,452393,ENROLLEE - WDR,,,Aug2025_GonzalesSecondRevisedNOA_MRP_0020_final.pdf,No,1.0,Aug2025_GonzalesSecondRevisedNOA_MRP_0020_final.txt,Aug2025_GonzalesSecondRevisedNOA_MRP_0020_final_227602.json
805193,4A190117002,Vista Canyon Water Factory,City of Santa Clarita ,4,,R4-2020-0049,,https://ciwqs.waterboards.ca.gov/ciwqs/readOnly/CiwqsReportServlet?reportName=facilityAtAGlance&placeID=805193,434331,WDR,,,10041_R4-2020-0049_WDR.pdf,No,3.0,10041_R4-2020-0049_WDR.txt,10041_R4-2020-0049_WDR_805193.json
255678,3 420109001,City of Santa Maria WWTP,City of Santa Maria,3,,R3-2020-0020,,https://ciwqs.waterboards.ca.gov/ciwqs/readOnly/CiwqsReportServlet?reportName=facilityAtAGlance&placeID=255678,453102,ENROLLEE - WDR,,,Santa Maria R3-2020-0020 NOA_MRP_final.pdf,No,1.0,Santa Maria R3-2020-0020 NOA_MRP_final.txt,Santa Maria R3-2020-0020 NOA_MRP_final_255678.json
849194,9 000003742,Civita Water Reclamation Facility,"Civita Water Recycling Company, LLC",9,,R9-2020-0108,,https://ciwqs.waterboards.ca.gov/ciwqs/readOnly/CiwqsReportServlet?reportName=facilityAtAGlance&placeID=849194,422798,WDR,,,Order_R9-2020-0108_Civita-signed.pdf,No,3.0,Order_R9-2020-0108_Civita-signed.txt,Order_R9-2020-0108_Civita-signed_849194.json
209999,7A330105021,Bombay Beach STP,Coachella Valley WD,7,,R7-2013-0024,,https://ciwqs.waterboards.ca.gov/ciwqs/readOnly/CiwqsReportServlet?reportName=facilityAtAGlance&placeID=209999,389822,WDR,,,2013_0024cvwd_bombay_beach_wdr_mrp.pdf,No,1.0,2013_0024cvwd_bombay_beach_wdr_mrp.txt,2013_0024cvwd_bombay_beach_wdr_mrp_209999.json
273108,5D160102001,Corcoran WWTF,Corcoran City,5F,,R5-2021-0025-01,,https://ciwqs.waterboards.ca.gov/ciwqs/readOnly/CiwqsReportServlet?reportName=facilityAtAGlance&placeID=273108,443393,WDR,,,R5_2021_0025_01_Corcoran WWTF.pdf,No,4.0,R5_2021_0025_01_Corcoran WWTF.txt,R5_2021_0025_01_Corcoran WWTF_273108.json
273108,5D160102001,Corcoran WWTF,Corcoran City,5F,,R5-2021-0025-01,,https://ciwqs.waterboards.ca.gov/ciwqs/readOnly/CiwqsReportServlet?reportName=facilityAtAGlance&placeID=273108,443393,WDR,,,r5_2021_0025.pdf,No,4.0,r5_2021_0025.txt,r5_2021_0025_273108.json
259173,8 332181001,Corona WWRF #2,Corona City DWP,SB,,2020-0015-DWQ,,https://ciwqs.waterboards.ca.gov/ciwqs/readOnly/CiwqsReportServlet?reportName=facilityAtAGlance&placeID=259173,374041,WDR,,,"11-015_City of Corona, DWP Reissuance of WDR_Fac2.pdf",No,1.0,"11-015_City of Corona, DWP Reissuance of WDR_Fac2.txt","11-015_City of Corona, DWP Reissuance of WDR_Fac2_259173.json"
234146,5B10NC00011,Fresno Cnty Juvenile Justice WWTF,County of Fresno,5F,,R5-2007-0150,,https://ciwqs.waterboards.ca.gov/ciwqs/readOnly/CiwqsReportServlet?reportName=facilityAtAGlance&placeID=234146,172683,WDR,,,r5-2007-0150.pdf,No,1.0,r5-2007-0150.txt,r5-2007-0150_234146.json
201082,5C101017001,Fresno Cnty #44A-Millerton Lake MHV WWTF,County of Fresno,5F,,2014-0153-DWQ,,https://ciwqs.waterboards.ca.gov/ciwqs/readOnly/CiwqsReportServlet?reportName=facilityAtAGlance&placeID=201082,434499,ENROLLEE - WDR,,,NOA_Millerton Lake MHV_2014_0153_DWQ_R5368 .pdf,No,2.0,NOA_Millerton Lake MHV_2014_0153_DWQ_R5368 .txt,NOA_Millerton Lake MHV_2014_0153_DWQ_R5368 _201082.json
201081,5D100139001,Fresno Cnty #44-D Monte Verdi Estates WWTF,County of Fresno,5F,,2014-0153-DWQ,,https://ciwqs.waterboards.ca.gov/ciwqs/readOnly/CiwqsReportServlet?reportName=facilityAtAGlance&placeID=201081,436973,ENROLLEE - WDR,,,Monte Verde Small Dometic WWTF NOA.pdf,No,3.0,Monte Verde Small Dometic WWTF NOA.txt,Monte Verde Small Dometic WWTF NOA_201081.json
201076,5C100106003,Fresno Cnty #34-Millerton New Town WWTF,County of Fresno,5F,,R5-2008-0127,,https://ciwqs.waterboards.ca.gov/ciwqs/readOnly/CiwqsReportServlet?reportName=facilityAtAGlance&placeID=201076,351167,WDR,,,r5-2008-0127[1].pdf,No,1.0,r5-2008-0127[1].txt,r5-2008-0127[1]_201076.json
201075,5D100102002,Fresno Cnty #32-Cantua Creek WWTF,County of Fresno,5F,,2014-0153-DWQ,,https://ciwqs.waterboards.ca.gov/ciwqs/readOnly/CiwqsReportServlet?reportName=facilityAtAGlance&placeID=201075,437851,ENROLLEE - WDR,,,NOA-2014-0153-dwq-r5335.pdf,No,1.0,NOA-2014-0153-dwq-r5335.txt,NOA-2014-0153-dwq-r5335_201075.json
201073,5D100102001,Fresno Cnty #30-El Porvenir WWTF,County of Fresno,5F,,2014-0153-DWQ,,https://ciwqs.waterboards.ca.gov/ciwqs/readOnly/CiwqsReportServlet?reportName=facilityAtAGlance&placeID=201073,430083,ENROLLEE - WDR,,,El Porvenir_NOA.pdf,No,1.0,El Porvenir_NOA.txt,El Porvenir_NOA_201073.json
241305,3 270103001,Chualar WWTP,"County of Monterey Department of Public Works, Facilities and Parks",3,,R3-2020-0020,,https://ciwqs.waterboards.ca.gov/ciwqs/readOnly/CiwqsReportServlet?reportName=facilityAtAGlance&placeID=241305,449261,ENROLLEE - WDR,,,09-20-2022_R3-2020-0020 NOA MRP Chualar_Final.pdf,No,1.0,09-20-2022_R3-2020-0020 NOA MRP Chualar_Final.txt,09-20-2022_R3-2020-0020 NOA MRP Chualar_Final_241305.json
216491,3 401076001,Cypress Ridge Sewer Facility,Cypress Ridge Limited Partnership,3,,2014-0153-DWQ,,https://ciwqs.waterboards.ca.gov/ciwqs/readOnly/CiwqsReportServlet?reportName=facilityAtAGlance&placeID=216491,454595,ENROLLEE - WDR,,,0153 NOA and MRP for Cypress Ridge WWTP_final.pdf,No,1.0,0153 NOA and MRP for Cypress Ridge WWTP_final.txt,0153 NOA and MRP for Cypress Ridge WWTP_final_216491.json
263168,5C221018001,Tenaya Lodge WWTP,DNC Parks & Resorts at Tenya Inc,5F,,2014-0153-DWQ,,https://ciwqs.waterboards.ca.gov/ciwqs/readOnly/CiwqsReportServlet?reportName=facilityAtAGlance&placeID=263168,415420,ENROLLEE - WDR,,,2014-0153-DWQ-R5233.pdf,No,3.0,2014-0153-DWQ-R5233.txt,2014-0153-DWQ-R5233_263168.json
766558,1B06162RHUM,Willow Creek Apartments,,,,,,https://ciwqs.waterboards.ca.gov/ciwqs/readOnly/CiwqsReportServlet?reportName=facilityAtAGlance&placeID=766558,379114,ENROLLEE - WDR,,,110510_CA_RRO_WillowCreek_MRP_tmk.pdf,No,1.0,110510_CA_RRO_WillowCreek_MRP_tmk.txt,110510_CA_RRO_WillowCreek_MRP_tmk_766558.json
219169,3 440813511,Davenport WWTP,Davenport CSD,3,,R3-2019-0008,,https://ciwqs.waterboards.ca.gov/ciwqs/readOnly/CiwqsReportServlet?reportName=facilityAtAGlance&placeID=219169,431017,WDR,,,1-MRR_r3_2019_0008-signed.pdf,No,4.0,1-MRR_r3_2019_0008-signed.txt,1-MRR_r3_2019_0008-signed_219169.json
602499,5B50NC00018,Del Rio East HOA WWTP,,,,,,https://ciwqs.waterboards.ca.gov/ciwqs/readOnly/CiwqsReportServlet?reportName=facilityAtAGlance&placeID=602499,333664,ENROLLEE - WDR,,,Del Rio East NOA.pdf,No,1.0,Del Rio East NOA.txt,Del Rio East NOA_602499.json
273109,5D150102001,Delano WWTF,Delano City,SB,,2020-0015-DWQ,,https://ciwqs.waterboards.ca.gov/ciwqs/readOnly/CiwqsReportServlet?reportName=facilityAtAGlance&placeID=273109,375255,WDR,,,R5-2017-0052.pdf,No,2.0,R5-2017-0052.txt,R5-2017-0052_273109.json
273110,5D540101001,Dinuba WWTF,Dinuba City,5F,,R5-2023-0046,,https://ciwqs.waterboards.ca.gov/ciwqs/readOnly/CiwqsReportServlet?reportName=facilityAtAGlance&placeID=273110,446840,WDR,,,R5-2023-0046_WDR_City of Dinuba.pdf,No,2.0,R5-2023-0046_WDR_City of Dinuba.txt,R5-2023-0046_WDR_City of Dinuba_273110.json
220396,5A480101001,Dixon WWTF,Dixon City PWD,SB,,2020-0015-DWQ,,https://ciwqs.waterboards.ca.gov/ciwqs/readOnly/CiwqsReportServlet?reportName=facilityAtAGlance&placeID=220396,394601,WDR,,,r5-2014-0098.pdf,No,1.0,r5-2014-0098.txt,r5-2014-0098_220396.json
741089,5B03NC00034,Camanche North Shore Recreation Area Water Treatment Plant Land Application,East Bay MUD (EBMUD),5S,,R5-2012-0023,,https://ciwqs.waterboards.ca.gov/ciwqs/readOnly/CiwqsReportServlet?reportName=facilityAtAGlance&placeID=741089,368626,WDR,,,r5-2012-0023.pdf,No,1.0,r5-2012-0023.txt,r5-2012-0023_741089.json
222129,5B051022001,EBMUD Pardee Center WWTF,East Bay MUD (EBMUD),5S,,2014-0153-DWQ,,https://ciwqs.waterboards.ca.gov/ciwqs/readOnly/CiwqsReportServlet?reportName=facilityAtAGlance&placeID=222129,419044,ENROLLEE - WDR,,,EBMUD_PardeeCenter_NOA.pdf,No,1.0,EBMUD_PardeeCenter_NOA.txt,EBMUD_PardeeCenter_NOA_222129.json
212847,5B03NC00053,Camanche North Shore WWTP,East Bay MUD (EBMUD),5S,,2014-0153-DWQ,,https://ciwqs.waterboards.ca.gov/ciwqs/readOnly/CiwqsReportServlet?reportName=facilityAtAGlance&placeID=212847,438781,ENROLLEE - WDR,,,2014-0153-dwq-r5338_noa.pdf,No,2.0,2014-0153-dwq-r5338_noa.txt,2014-0153-dwq-r5338_noa_212847.json
835078,8 363000001,Sterling Natural Resource Center WWTF,East Valley Water District,8,Major,R8-2023-0009,,https://ciwqs.waterboards.ca.gov/ciwqs/readOnly/CiwqsReportServlet?reportName=facilityAtAGlance&placeID=835078,432116,WDR,,,R8-2023-0009_EVWD_SNRC_esigned.pdf,No,3.0,R8-2023-0009_EVWD_SNRC_esigned.txt,R8-2023-0009_EVWD_SNRC_esigned_835078.json
263145,8 332783001,Temecula Valley RWRF,Eastern Municipal Water District,SB,,2020-0015-DWQ,,https://ciwqs.waterboards.ca.gov/ciwqs/readOnly/CiwqsReportServlet?reportName=facilityAtAGlance&placeID=263145,354386,WDR,,,08-0008 EMWD.pdf,Yes,5.0,08-0008 EMWD.txt,08-0008 EMWD_263145.json
259223,8 332783001,Sun City RWRF,Eastern Municipal Water District,8,,R8-2008-0008,,https://ciwqs.waterboards.ca.gov/ciwqs/readOnly/CiwqsReportServlet?reportName=facilityAtAGlance&placeID=259223,354386,WDR,,,08-0008 EMWD.pdf,Yes,5.0,08-0008 EMWD.txt,08-0008 EMWD_259223.json
259209,8 332783001,Perris Valley RWRF,Eastern Municipal Water District,SB,,2020-0015-DWQ,,https://ciwqs.waterboards.ca.gov/ciwqs/readOnly/CiwqsReportServlet?reportName=facilityAtAGlance&placeID=259209,354386,WDR,,,08-0008 EMWD.pdf,Yes,5.0,08-0008 EMWD.txt,08-0008 EMWD_259209.json
259203,8 332783001,Moreno Valley RWRF,Eastern Municipal Water District,SB,,2020-0015-DWQ,,https://ciwqs.waterboards.ca.gov/ciwqs/readOnly/CiwqsReportServlet?reportName=facilityAtAGlance&placeID=259203,354386,WDR,,,08-0008 EMWD.pdf,Yes,5.0,08-0008 EMWD.txt,08-0008 EMWD_259203.json
259193,8 332783001,San Jacinto Valley RWRF,Eastern Municipal Water District,SB,,2020-0015-DWQ,,https://ciwqs.waterboards.ca.gov/ciwqs/readOnly/CiwqsReportServlet?reportName=facilityAtAGlance&placeID=259193,354386,WDR,,,08-0008 EMWD.pdf,Yes,5.0,08-0008 EMWD.txt,08-0008 EMWD_259193.json
641209,5B09NC00006,Union Mine Disposal Site,El Dorado Cnty Env Mgmt Dept,5S,,R5-2006-0019-001,,https://ciwqs.waterboards.ca.gov/ciwqs/readOnly/CiwqsReportServlet?reportName=facilityAtAGlance&placeID=641209,310686,WDR,,,r5-2006-0019-001_wdr.pdf,No,6.0,r5-2006-0019-001_wdr.txt,r5-2006-0019-001_wdr_641209.json
641209,5B09NC00006,Union Mine Disposal Site,El Dorado Cnty Env Mgmt Dept,5S,,R5-2006-0019-001,,https://ciwqs.waterboards.ca.gov/ciwqs/readOnly/CiwqsReportServlet?reportName=facilityAtAGlance&placeID=641209,310686,WDR,,,r5-2006-0019-002_wdr.pdf,No,6.0,r5-2006-0019-002_wdr.txt,r5-2006-0019-002_wdr_641209.json
641209,5B09NC00006,Union Mine Disposal Site,El Dorado Cnty Env Mgmt Dept,5S,,R5-2006-0019-001,,https://ciwqs.waterboards.ca.gov/ciwqs/readOnly/CiwqsReportServlet?reportName=facilityAtAGlance&placeID=641209,310686,WDR,,,r5-2006-0019.pdf,No,6.0,r5-2006-0019.txt,r5-2006-0019_641209.json
212899,5A090102010,Camino Heights WWTP,El Dorado Irrigation District,5S,,R5-2012-0045,,https://ciwqs.waterboards.ca.gov/ciwqs/readOnly/CiwqsReportServlet?reportName=facilityAtAGlance&placeID=212899,385731,WDR,,,r5-2012-0045.pdf,No,1.0,r5-2012-0045.txt,r5-2012-0045_212899.json
227444,5A090102008,Gold Ridge Forest Unit 3,El Dorado Irrigation District,5S,,2014-0153-DWQ,,https://ciwqs.waterboards.ca.gov/ciwqs/readOnly/CiwqsReportServlet?reportName=facilityAtAGlance&placeID=227444,433393,ENROLLEE - WDR,,,2014-0153-DWQ-R5293_06Aug2019_NOA.pdf,No,2.0,2014-0153-DWQ-R5293_06Aug2019_NOA.txt,2014-0153-DWQ-R5293_06Aug2019_NOA_227444.json
271777,8 303652001,El Toro Water Dist WWRF,El Toro Water District,SB,,2020-0015-DWQ,,https://ciwqs.waterboards.ca.gov/ciwqs/readOnly/CiwqsReportServlet?reportName=facilityAtAGlance&placeID=271777,402417,WDR,,,R8-2015-0023_El_Toro_Water_District.pdf,No,2.0,R8-2015-0023_El_Toro_Water_District.txt,R8-2015-0023_El_Toro_Water_District_271777.json
271777,8 303652001,El Toro Water Dist WWRF,El Toro Water District,SB,,2020-0015-DWQ,,https://ciwqs.waterboards.ca.gov/ciwqs/readOnly/CiwqsReportServlet?reportName=facilityAtAGlance&placeID=271777,402417,WDR,,,R8-2019-0052_El_Toro_Water_District_WDR_Amendment_of_R8-2015-0023.pdf,No,2.0,R8-2019-0052_El_Toro_Water_District_WDR_Amendment_of_R8-2015-0023.txt,R8-2019-0052_El_Toro_Water_District_WDR_Amendment_of_R8-2015-0023_271777.json
229727,9 000000592,Hale Avenue Resource Recovery Facility (HARRF) Recycled Water,Escondido City,9,,R9-2010-0032,,https://ciwqs.waterboards.ca.gov/ciwqs/readOnly/CiwqsReportServlet?reportName=facilityAtAGlance&placeID=229727,374060,WDR,,,HARRF R9-2010-0032.pdf,No,1.0,HARRF R9-2010-0032.txt,HARRF R9-2010-0032_229727.json
222998,1A82104OSIS,Etna STP,Etna City,1,,R1-2015-0026,,https://ciwqs.waterboards.ca.gov/ciwqs/readOnly/CiwqsReportServlet?reportName=facilityAtAGlance&placeID=222998,401328,WDR,,,15_0026_Etna_WDR.pdf,No,1.0,15_0026_Etna_WDR.txt,15_0026_Etna_WDR_222998.json
273113,5D540117001,Farmersville WWTF,Farmersville City,5F,,R5-2022-0026,,https://ciwqs.waterboards.ca.gov/ciwqs/readOnly/CiwqsReportServlet?reportName=facilityAtAGlance&placeID=273113,441321,WDR,,,R5_2022-0026_WDR_Farmersville WWTF.pdf,No,4.0,R5_2022-0026_WDR_Farmersville WWTF.txt,R5_2022-0026_WDR_Farmersville WWTF_273113.json
225072,1A81157OSIS,Fort Jones City WWTP,Fort Jones City,1,,R1-2014-0029,,https://ciwqs.waterboards.ca.gov/ciwqs/readOnly/CiwqsReportServlet?reportName=facilityAtAGlance&placeID=225072,395587,WDR,,,14_0029_FortJones_WDR.pdf,No,1.0,14_0029_FortJones_WDR.txt,14_0029_FortJones_WDR_225072.json
215677,5D101129001,North Fresno WWRF,Fresno City Department of Public Utilities,5F,Minor,R5-2014-0162,,https://ciwqs.waterboards.ca.gov/ciwqs/readOnly/CiwqsReportServlet?reportName=facilityAtAGlance&placeID=215677,379405,WDR,,,r5-2014-0162.pdf,No,1.0,r5-2014-0162.txt,r5-2014-0162_215677.json
273115,5D100105001,Fresno Regional WWTF,Fresno City Department of Public Utilities,SB,,2020-0015-DWQ,,https://ciwqs.waterboards.ca.gov/ciwqs/readOnly/CiwqsReportServlet?reportName=facilityAtAGlance&placeID=273115,427699,WDR,,,Order R5-2018-0080.pdf,No,1.0,Order R5-2018-0080.txt,Order R5-2018-0080_273115.json
240892,5B10NC00014,Mira Bella WWTF,Fresno County Waterworks District No. 18,5F,,2014-0153-DWQ,,https://ciwqs.waterboards.ca.gov/ciwqs/readOnly/CiwqsReportServlet?reportName=facilityAtAGlance&placeID=240892,445353,ENROLLEE - WDR,,,Mira Bella WWTF_NOA_2014-0153-DWQ-R5379.pdf,No,2.0,Mira Bella WWTF_NOA_2014-0153-DWQ-R5379.txt,Mira Bella WWTF_NOA_2014-0153-DWQ-R5379_240892.json
226719,1B83120OHUM,Garberville POTW,Garberville Sanitary District,1,,R1-2018-0033,,https://ciwqs.waterboards.ca.gov/ciwqs/readOnly/CiwqsReportServlet?reportName=facilityAtAGlance&placeID=226719,425655,WDR,,,18_0033_Garberville_WDR.pdf,No,1.0,18_0033_Garberville_WDR.txt,18_0033_Garberville_WDR_226719.json
227440,5A321021001,Gold Mountain WWTF,Gold Mountain CSD,5R,,2014-0153-DWQ,,https://ciwqs.waterboards.ca.gov/ciwqs/readOnly/CiwqsReportServlet?reportName=facilityAtAGlance&placeID=227440,417129,ENROLLEE - WDR,,,Gold Mountain CSD_NOA-Memo-MRP_.pdf,No,1.0,Gold Mountain CSD_NOA-Memo-MRP_.txt,Gold Mountain CSD_NOA-Memo-MRP__227440.json
227507,5A520106001,Golden Meadows STP (sand filter),Golden Meadows CSD,5R,,2014-0153-DWQ,,https://ciwqs.waterboards.ca.gov/ciwqs/readOnly/CiwqsReportServlet?reportName=facilityAtAGlance&placeID=227507,413903,ENROLLEE - WDR,,,2014-0153-dwq-r5235.pdf,No,2.0,2014-0153-dwq-r5235.txt,2014-0153-dwq-r5235_227507.json
862046,2 43GWDR440668,Google Bay View Campus,,,,,,https://ciwqs.waterboards.ca.gov/ciwqs/readOnly/CiwqsReportServlet?reportName=facilityAtAGlance&placeID=862046,440668,ENROLLEE - WDR,,,Google Bay View Notice of Applicability Package 2022-07.pdf,No,1.0,Google Bay View Notice of Applicability Package 2022-07.txt,Google Bay View Notice of Applicability Package 2022-07_862046.json
815678,5C10NC00195,"Greek Orthodox Monestery of the Theotokos, The Life Giving Spring",Greek Orthodox Monestery of the Theotokos,5F,,2014-0153-DWQ,,https://ciwqs.waterboards.ca.gov/ciwqs/readOnly/CiwqsReportServlet?reportName=facilityAtAGlance&placeID=815678,401337,ENROLLEE - WDR,,,2014-0153-DWQ-R5184.pdf,No,2.0,2014-0153-DWQ-R5184.txt,2014-0153-DWQ-R5184_815678.json
227893,3 270105001,"Greenfield WWTP, City of",Greenfield City,3,,R3-2020-0020,,https://ciwqs.waterboards.ca.gov/ciwqs/readOnly/CiwqsReportServlet?reportName=facilityAtAGlance&placeID=227893,447519,ENROLLEE - WDR,,,Oct2024_GreenfieldNOA_MRP_0020_Final.pdf,No,1.0,Oct2024_GreenfieldNOA_MRP_0020_Final.txt,Oct2024_GreenfieldNOA_MRP_0020_Final_227893.json
228104,3 420103001,Guadalupe WWTP,Guadalupe City,3,,R3-2020-0020,,https://ciwqs.waterboards.ca.gov/ciwqs/readOnly/CiwqsReportServlet?reportName=facilityAtAGlance&placeID=228104,452803,ENROLLEE - WDR,,,GUAD R3-2020-0020_NOA MRP REV 2024 Final.pdf,No,1.0,GUAD R3-2020-0020_NOA MRP REV 2024 Final.txt,GUAD R3-2020-0020_NOA MRP REV 2024 Final_228104.json
228109,1B89005RMEN,Gualala WWTF,Gualala CSD,1,,R1-2022-0004,,https://ciwqs.waterboards.ca.gov/ciwqs/readOnly/CiwqsReportServlet?reportName=facilityAtAGlance&placeID=228109,409176,WDR,,,22_0004_Gualala_CSD_WDR.pdf,No,1.0,22_0004_Gualala_CSD_WDR.txt,22_0004_Gualala_CSD_WDR_228109.json
229643,1A75211OSIS,Happy Camp WWTP,Happy Camp Sanitation District,1,,R1-2022-0011,,https://ciwqs.waterboards.ca.gov/ciwqs/readOnly/CiwqsReportServlet?reportName=facilityAtAGlance&placeID=229643,448229,WDR,,,22_0011_HappyCamp_WDR.pdf,No,1.0,22_0011_HappyCamp_WDR.txt,22_0011_HappyCamp_WDR_229643.json
224179,5D101042002,Harris Farms Farm Labor Housing Facility,"Harris Farms, Inc.",5F,,2014-0153-DWQ,,https://ciwqs.waterboards.ca.gov/ciwqs/readOnly/CiwqsReportServlet?reportName=facilityAtAGlance&placeID=224179,426301,ENROLLEE - WDR,,,Harris_Farms_Labor_Housing_NOA.pdf,No,2.0,Harris_Farms_Labor_Housing_NOA.txt,Harris_Farms_Labor_Housing_NOA_224179.json
230011,6B361111001,Helendale Silverlakes STP,Helendale CSD,SB,,2020-0015-DWQ,,https://ciwqs.waterboards.ca.gov/ciwqs/readOnly/CiwqsReportServlet?reportName=facilityAtAGlance&placeID=230011,403017,WDR,,,R6V-2018-0015 Helendale CSD_Silver Lakes WWTP_6B361111001.pdf,No,3.0,R6V-2018-0015 Helendale CSD_Silver Lakes WWTP_6B361111001.txt,R6V-2018-0015 Helendale CSD_Silver Lakes WWTP_6B361111001_230011.json
230784,6A180208004,Herlong Public Utility District WWTF,Herlong PUD,6T,,R6T-2016-0036,,https://ciwqs.waterboards.ca.gov/ciwqs/readOnly/CiwqsReportServlet?reportName=facilityAtAGlance&placeID=230784,406917,WDR,,,r6t-2016-0036_herlong.pdf,No,3.0,r6t-2016-0036_herlong.txt,r6t-2016-0036_herlong_230784.json
806008,7A360122001,Hi-Desert WD Reclamation Facility,Hi Desert Water Dist,7,,R7-2022-0014,,https://ciwqs.waterboards.ca.gov/ciwqs/readOnly/CiwqsReportServlet?reportName=facilityAtAGlance&placeID=806008,448565,WDR,,,R7-2022-0014.pdf,No,1.0,R7-2022-0014.txt,R7-2022-0014_806008.json
230429,6B140109001,Hilton Creek CSD Package STP,Hilton Creek CSD,6V,,04-018,,https://ciwqs.waterboards.ca.gov/ciwqs/readOnly/CiwqsReportServlet?reportName=facilityAtAGlance&placeID=230429,133595,WDR,,,6-04-18 Revised WDR hilton Creek COmmunity Services District.pdf,No,3.0,6-04-18 Revised WDR hilton Creek COmmunity Services District.txt,6-04-18 Revised WDR hilton Creek COmmunity Services District_230429.json
239190,5A171038001,Hoberg's Resort,Hoberg's Historical Association,5S,,R5-2004-0085,,https://ciwqs.waterboards.ca.gov/ciwqs/readOnly/CiwqsReportServlet?reportName=facilityAtAGlance&placeID=239190,132995,WDR,,,r5-2004-0085.pdf,No,4.0,r5-2004-0085.txt,r5-2004-0085_239190.json
230555,3 251223000,Hollister Domestic WWTP,Hollister City,3,,2016-0068-DDW,,https://ciwqs.waterboards.ca.gov/ciwqs/readOnly/CiwqsReportServlet?reportName=facilityAtAGlance&placeID=230555,455238,ENROLLEE - WDR,,,Hollister 0068_NOA&MRP_final.pdf,No,1.0,Hollister 0068_NOA&MRP_final.txt,Hollister 0068_NOA&MRP_final_230555.json
230693,1B80154OMEN,Hopland Public Utilities District,Hopland Public Utility District,1,,R1-2023-0013,,https://ciwqs.waterboards.ca.gov/ciwqs/readOnly/CiwqsReportServlet?reportName=facilityAtAGlance&placeID=230693,454064,WDR,,,23_0013_Hopland PUD WWTF_WDR_EO Signed.pdf,No,1.0,23_0013_Hopland PUD WWTF_WDR_EO Signed.txt,23_0013_Hopland PUD WWTF_WDR_EO Signed_230693.json
240362,5C240114001,Housing Authority Cnty of Merced - Los Banos,Housing Authority Cnty of Merced,5F,,2014-0153-DWQ,,https://ciwqs.waterboards.ca.gov/ciwqs/readOnly/CiwqsReportServlet?reportName=facilityAtAGlance&placeID=240362,419341,ENROLLEE - WDR,,,Los Banos Migrant NOA .pdf,No,2.0,Los Banos Migrant NOA .txt,Los Banos Migrant NOA _240362.json
230812,5C500101002,Hughson WWTF,Hughson City,SB,,2020-0015-DWQ,,https://ciwqs.waterboards.ca.gov/ciwqs/readOnly/CiwqsReportServlet?reportName=facilityAtAGlance&placeID=230812,383599,WDR,,,r5-2012-0003.pdf,No,1.0,r5-2012-0003.txt,r5-2012-0003_230812.json
273148,5D101112001,Hume Lake WWTF,Hume Lake Chistian Camps,5F,,R5-2012-0125,,https://ciwqs.waterboards.ca.gov/ciwqs/readOnly/CiwqsReportServlet?reportName=facilityAtAGlance&placeID=273148,374230,WDR,,,r5-2012-0125.pdf,No,4.0,r5-2012-0125.txt,r5-2012-0125_273148.json
273119,5D100107001,Huron WWTF,Huron City,SB,,2020-0015-DWQ,,https://ciwqs.waterboards.ca.gov/ciwqs/readOnly/CiwqsReportServlet?reportName=facilityAtAGlance&placeID=273119,328068,WDR,,,r5-2014-0163.pdf,No,1.0,r5-2014-0163.txt,r5-2014-0163_273119.json
232098,5D101032002,I-5 & Panoche Road WWTF,I-5 Property Services Inc,5F,,2014-0153-DWQ,,https://ciwqs.waterboards.ca.gov/ciwqs/readOnly/CiwqsReportServlet?reportName=facilityAtAGlance&placeID=232098,421874,ENROLLEE - WDR,,,NOA 2014_0153_dwq_r5281.pdf,No,2.0,NOA 2014_0153_dwq_r5281.txt,NOA 2014_0153_dwq_r5281_232098.json
259155,8 330105001,Idyllwild WD WWTP,Idyllwild Water District,8,,R8-2015-0028,,https://ciwqs.waterboards.ca.gov/ciwqs/readOnly/CiwqsReportServlet?reportName=facilityAtAGlance&placeID=259155,402423,WDR,,,R8-2015-0028_Idyllwild_Water_District_WDR.pdf,No,1.0,R8-2015-0028_Idyllwild_Water_District_WDR.txt,R8-2015-0028_Idyllwild_Water_District_WDR_259155.json
248787,7A131006001,Poe Colonia (Cady Subdivision),Imperial Cnty Dept Community & Economic Dev,7,,R7-2023-0015,,https://ciwqs.waterboards.ca.gov/ciwqs/readOnly/CiwqsReportServlet?reportName=facilityAtAGlance&placeID=248787,453495,WDR,,,R7-2023-0015.pdf,No,1.0,R7-2023-0015.txt,R7-2023-0015_248787.json
214640,5B030102001,Ione WWTF,Jackson Rancheria Development Corporation,5S,,R5-2013-0022,,https://ciwqs.waterboards.ca.gov/ciwqs/readOnly/CiwqsReportServlet?reportName=facilityAtAGlance&placeID=214640,368758,WDR,,,r5-2013-0022.pdf,No,3.0,r5-2013-0022.txt,r5-2013-0022_214640.json
805724,1A14143RSIS,JH Ranch,JH Ranch,1,,R1-2016-0013,,https://ciwqs.waterboards.ca.gov/ciwqs/readOnly/CiwqsReportServlet?reportName=facilityAtAGlance&placeID=805724,395792,WDR,,,16_0013_JHRanch_WDR.pdf,No,1.0,16_0013_JHRanch_WDR.txt,16_0013_JHRanch_WDR_805724.json
233460,5C550101001,Jamestown Sanitary District Wastewater Treatment Facilities,Jamestown SD,5F,,R5-2021-0046,,https://ciwqs.waterboards.ca.gov/ciwqs/readOnly/CiwqsReportServlet?reportName=facilityAtAGlance&placeID=233460,429663,WDR,,,Jamestown WDRs r5_2021_0046.pdf,No,3.0,Jamestown WDRs r5_2021_0046.txt,Jamestown WDRs r5_2021_0046_233460.json
736188,5A170101001,Lake Cnty SD Kelseyville WWD No. 3 Kelseyville WWTF,"Kelseyville Cnty Waterworks, District 3",5S,,R5-2009-0023,,https://ciwqs.waterboards.ca.gov/ciwqs/readOnly/CiwqsReportServlet?reportName=facilityAtAGlance&placeID=736188,363816,WDR,,,R5-2009-0023.pdf,No,2.0,R5-2009-0023.txt,R5-2009-0023_736188.json
771804,1B08022RSON,Kendall-Jackson Wine Center Domestic Waste,,,,,,https://ciwqs.waterboards.ca.gov/ciwqs/readOnly/CiwqsReportServlet?reportName=facilityAtAGlance&placeID=771804,349721,ENROLLEE - WDR,,,120411_RSP_KJWineCenter_GenEnroll_12_0057_MRP_tmk.pdf,No,1.0,120411_RSP_KJWineCenter_GenEnroll_12_0057_MRP_tmk.txt,120411_RSP_KJWineCenter_GenEnroll_12_0057_MRP_tmk_771804.json
234841,5D100108001,Kerman WWTF,Kerman City,SB,,2020-0015-DWQ,,https://ciwqs.waterboards.ca.gov/ciwqs/readOnly/CiwqsReportServlet?reportName=facilityAtAGlance&placeID=234841,331380,WDR,,,Kerman WWTF R5-2007-0115.pdf,No,1.0,Kerman WWTF R5-2007-0115.txt,Kerman WWTF R5-2007-0115_234841.json
256772,5D150106001,Kern Cnty Sheriff's Lerdo WWTF,Kern County Public Works Department,5F,,R5-2018-0014,,https://ciwqs.waterboards.ca.gov/ciwqs/readOnly/CiwqsReportServlet?reportName=facilityAtAGlance&placeID=256772,408399,WDR,,,r5-2018-0014.pdf,No,1.0,r5-2018-0014.txt,r5-2018-0014_256772.json
252277,5D150303029,Kern Cnty CSA 39.8-Reeder Tract,Kern County Public Works Department,5F,,2014-0153-DWQ,,https://ciwqs.waterboards.ca.gov/ciwqs/readOnly/CiwqsReportServlet?reportName=facilityAtAGlance&placeID=252277,422378,ENROLLEE - WDR,,,2014-0153-DWQ-R5303.pdf,No,4.0,2014-0153-DWQ-R5303.txt,2014-0153-DWQ-R5303_252277.json
235021,3 270106001,King City Domestic WWTF,King City,3,,R3-2020-0020,,https://ciwqs.waterboards.ca.gov/ciwqs/readOnly/CiwqsReportServlet?reportName=facilityAtAGlance&placeID=235021,456568,ENROLLEE - WDR,,,King City Big Order NOA_MRP_Final.pdf,No,1.0,King City Big Order NOA_MRP_Final.txt,King City Big Order NOA_MRP_Final_235021.json
235088,5B020101002,Kirkwood Meadows WWTF,Kirkwood Meadows PUD,5S,,R5-2007-0125,,https://ciwqs.waterboards.ca.gov/ciwqs/readOnly/CiwqsReportServlet?reportName=facilityAtAGlance&placeID=235088,333494,WDR,,,R5-2007-0125-wdr.pdf,No,1.0,R5-2007-0125-wdr.txt,R5-2007-0125-wdr_235088.json
235144,5A570101001,Knights Landing CSD WWTP,Knights Landing Service Dist,5S,,R5-2007-0149,,https://ciwqs.waterboards.ca.gov/ciwqs/readOnly/CiwqsReportServlet?reportName=facilityAtAGlance&placeID=235144,340006,WDR,,,R5-2007-0149.pdf,No,1.0,R5-2007-0149.txt,R5-2007-0149_235144.json
236222,5D151091001,Lake Isabella WWTF,"LIWW, LLC",5F,,2014-0153-DWQ,,https://ciwqs.waterboards.ca.gov/ciwqs/readOnly/CiwqsReportServlet?reportName=facilityAtAGlance&placeID=236222,437408,ENROLLEE - WDR,,,Lake Isabella Wastewater Treatment Facility NOA 2-6-2020.pdf,No,1.0,Lake Isabella Wastewater Treatment Facility NOA 2-6-2020.txt,Lake Isabella Wastewater Treatment Facility NOA 2-6-2020_236222.json
893349,8 363015001,LPC Arrowhead Area 1 LP OWTS,,,,,,https://ciwqs.waterboards.ca.gov/ciwqs/readOnly/CiwqsReportServlet?reportName=facilityAtAGlance&placeID=893349,455774,ENROLLEE - WDR,,,LPC Arrowhead Area 1 LP OWTS NOA.pdf,No,2.0,LPC Arrowhead Area 1 LP OWTS NOA.txt,LPC Arrowhead Area 1 LP OWTS NOA_893349.json
236124,3 420104001,Laguna County Sanitation District Reclamation Plant,Laguna County Sanitation District,3,,2016-0068-DDW,,https://ciwqs.waterboards.ca.gov/ciwqs/readOnly/CiwqsReportServlet?reportName=facilityAtAGlance&placeID=236124,453915,ENROLLEE - WDR,,,LCSD R3-2020-0020 NOA MRP.pdf,No,1.0,LCSD R3-2020-0020 NOA MRP.txt,LCSD R3-2020-0020 NOA MRP_236124.json
205205,5A320121001,Almanor Lakeside Villas WWTF,Lake Almanor Lakeside LLC,5R,,97-010-DWQ,,https://ciwqs.waterboards.ca.gov/ciwqs/readOnly/CiwqsReportServlet?reportName=facilityAtAGlance&placeID=205205,397480,ENROLLEE - WDR,,,97-010-dwq.pdf,No,1.0,97-010-dwq.txt,97-010-dwq_205205.json
229466,5C552007001,Hacienda WWTP,Lake Don Pedro Homeowners Association,5F,,97-010-DWQ,,https://ciwqs.waterboards.ca.gov/ciwqs/readOnly/CiwqsReportServlet?reportName=facilityAtAGlance&placeID=229466,331383,ENROLLEE - WDR,,,97-010_ NOA.pdf,No,1.0,97-010_ NOA.txt,97-010_ NOA_229466.json
236258,1A79010OSIS,Lake Shastina CSD STP,Lake Shastina CSD,1,,R1-2012-0029,,https://ciwqs.waterboards.ca.gov/ciwqs/readOnly/CiwqsReportServlet?reportName=facilityAtAGlance&placeID=236258,371554,WDR,,,12_0029_WDR_LakeShastina_KVG_120618.pdf,No,1.0,12_0029_WDR_LakeShastina_KVG_120618.txt,12_0029_WDR_LakeShastina_KVG_120618_236258.json
241869,5A170103001,Lakeport City WWTP,Lakeport City Municipal Sewer District,5S,,R5-2012-0025,,https://ciwqs.waterboards.ca.gov/ciwqs/readOnly/CiwqsReportServlet?reportName=facilityAtAGlance&placeID=241869,368729,WDR,,,r5-2012-0025.pdf,No,1.0,r5-2012-0025.txt,r5-2012-0025_241869.json
273174,5D150108001,Lamont WWTF,Lamont PUD,5F,,R5-2022-0059,,https://ciwqs.waterboards.ca.gov/ciwqs/readOnly/CiwqsReportServlet?reportName=facilityAtAGlance&placeID=273174,449789,WDR,,,R5-2022-0059_Lamont WWTF_WDR.pdf,No,2.0,R5-2022-0059_Lamont WWTF_WDR.txt,R5-2022-0059_Lamont WWTF_WDR_273174.json
236597,2 21GWDR450979,Las Gallinas Sludge App,,,,,,https://ciwqs.waterboards.ca.gov/ciwqs/readOnly/CiwqsReportServlet?reportName=facilityAtAGlance&placeID=236597,450979,ENROLLEE - WDR,,,LGVSD Notice of Applicability Package.pdf,No,2.0,LGVSD Notice of Applicability Package.txt,LGVSD Notice of Applicability Package_236597.json
273175,5D100123001,Laton WWTF,Laton CSD,5F,,R5-2016-0079,,https://ciwqs.waterboards.ca.gov/ciwqs/readOnly/CiwqsReportServlet?reportName=facilityAtAGlance&placeID=273175,409899,WDR,,,r5-2016-0079.pdf,No,1.0,r5-2016-0079.txt,r5-2016-0079_273175.json
273120,5D165009001,Lemoore WWTF,Lemoore City,5F,,R5-2024-0007,,https://ciwqs.waterboards.ca.gov/ciwqs/readOnly/CiwqsReportServlet?reportName=facilityAtAGlance&placeID=273120,456233,WDR,,,R5-2024-0007_Leprino Foods_WDRs.pdf,No,2.0,R5-2024-0007_Leprino Foods_WDRs.txt,R5-2024-0007_Leprino Foods_WDRs_273120.json
226637,9 000000206,Gafner Water Reclamation Facility,Leucadia Wastewater District,9,,R9-2004-0223,,https://ciwqs.waterboards.ca.gov/ciwqs/readOnly/CiwqsReportServlet?reportName=facilityAtAGlance&placeID=226637,132715,WDR,,,R9-2004-0223 .pdf,No,1.0,R9-2004-0223 .txt,R9-2004-0223 _226637.json
236941,1A83052OTRI,"Lewiston CSD WWTP, POTW",Lewiston Community Services District,1,,R1-2020-0024,,https://ciwqs.waterboards.ca.gov/ciwqs/readOnly/CiwqsReportServlet?reportName=facilityAtAGlance&placeID=236941,439593,WDR,,,20_0024_LewistonCSD_WDR.pdf,No,1.0,20_0024_LewistonCSD_WDR.txt,20_0024_LewistonCSD_WDR_236941.json
237149,3 270116001,Little Bear WWTP,Little Bear Water Company Inc,3,,2014-0153-DWQ,,https://ciwqs.waterboards.ca.gov/ciwqs/readOnly/CiwqsReportServlet?reportName=facilityAtAGlance&placeID=237149,454556,ENROLLEE - WDR,,,NOA_MRP_LittleBear_0153_2023_final.pdf,No,2.0,NOA_MRP_LittleBear_0153_2023_final.txt,NOA_MRP_LittleBear_0153_2023_final_237149.json
237252,5B390102002,Lockeford CSD WWTP,Lockeford CSD,5S,,R5-2007-0179,,https://ciwqs.waterboards.ca.gov/ciwqs/readOnly/CiwqsReportServlet?reportName=facilityAtAGlance&placeID=237252,340054,WDR,,,R5-2007-0179.pdf,No,1.0,R5-2007-0179.txt,R5-2007-0179_237252.json
237395,3 420118001,Los Alamos WWTP,Los Alamos CSD,3,,R3-2020-0020,,https://ciwqs.waterboards.ca.gov/ciwqs/readOnly/CiwqsReportServlet?reportName=facilityAtAGlance&placeID=237395,448961,ENROLLEE - WDR,,,08-24-2022_WDR_Los Alamos NOA MRP Final.pdf,No,1.0,08-24-2022_WDR_Los Alamos NOA MRP Final.txt,08-24-2022_WDR_Los Alamos NOA MRP Final_237395.json
888692,4B190106006,Hyperion Advanced Water Purification Facility,Los Angeles City Bureau of Sanitation,4,,R4-2023-0357,,https://ciwqs.waterboards.ca.gov/ciwqs/readOnly/CiwqsReportServlet?reportName=facilityAtAGlance&placeID=888692,452952,WDR,,,10735_R4-2023-0357_WDR.pdf,No,2.0,10735_R4-2023-0357_WDR.txt,10735_R4-2023-0357_WDR_888692.json
268548,4B190107004,Trancas WPCP,Los Angeles Cnty DPW Sewer Maintenance Div,4,,R4-2023-0294,,https://ciwqs.waterboards.ca.gov/ciwqs/readOnly/CiwqsReportServlet?reportName=facilityAtAGlance&placeID=268548,452463,WDR,,,3017_Attachments.pdf,No,3.0,3017_Attachments.txt,3017_Attachments_268548.json
268548,4B190107004,Trancas WPCP,Los Angeles Cnty DPW Sewer Maintenance Div,4,,R4-2023-0294,,https://ciwqs.waterboards.ca.gov/ciwqs/readOnly/CiwqsReportServlet?reportName=facilityAtAGlance&placeID=268548,452463,WDR,,,3017_R4-2023-0294.pdf,No,3.0,3017_R4-2023-0294.txt,3017_R4-2023-0294_268548.json
236378,6B190107017,Lancaster Water Reclamation Plant,Los Angeles Cnty Sanitation District 14,6V,,R6V-2022-0023,,https://ciwqs.waterboards.ca.gov/ciwqs/readOnly/CiwqsReportServlet?reportName=facilityAtAGlance&placeID=236378,449006,WDR,,,r6v-2022-0023-lacsd-rev-wdr.pdf,No,1.0,r6v-2022-0023-lacsd-rev-wdr.txt,r6v-2022-0023-lacsd-rev-wdr_236378.json
247448,6B190107069,Palmdale Water Reclamation Plant,Los Angeles Cnty Sanitation District 20,SB,,2020-0015-DWQ,,https://ciwqs.waterboards.ca.gov/ciwqs/readOnly/CiwqsReportServlet?reportName=facilityAtAGlance&placeID=247448,382094,WDR,,,R6V-2011-0012 LACSD Palmdale No. 20 WDR and MRP.Final.pdf,No,3.0,R6V-2011-0012 LACSD Palmdale No. 20 WDR and MRP.Final.txt,R6V-2011-0012 LACSD Palmdale No. 20 WDR and MRP.Final_247448.json
273122,5C240107001,Los Banos WWTF,Los Banos City,5F,,R5-2021-0026,,https://ciwqs.waterboards.ca.gov/ciwqs/readOnly/CiwqsReportServlet?reportName=facilityAtAGlance&placeID=273122,443394,WDR,,,r5_2021_0026.pdf,No,2.0,r5_2021_0026.txt,r5_2021_0026_273122.json
255393,5C241001001,Oasis West RV Park,,,,,,https://ciwqs.waterboards.ca.gov/ciwqs/readOnly/CiwqsReportServlet?reportName=facilityAtAGlance&placeID=255393,378937,ENROLLEE - WDR,,,Oasis West RV Park WWTF (Formerly Los Banos WestI-5 KOA WWTF)-Ownership Change.pdf,No,4.0,Oasis West RV Park WWTF (Formerly Los Banos WestI-5 KOA WWTF)-Ownership Change.txt,Oasis West RV Park WWTF (Formerly Los Banos WestI-5 KOA WWTF)-Ownership Change_255393.json
214650,5A460100001,City of Loyalton and Grandi Ranch WWTF,Loyalton City,5S,,R5-2009-0108,,https://ciwqs.waterboards.ca.gov/ciwqs/readOnly/CiwqsReportServlet?reportName=facilityAtAGlance&placeID=214650,368906,WDR,,,R5-2009-0108.pdf,No,2.0,R5-2009-0108.txt,R5-2009-0108_214650.json
259218,8 332199001,Wilderness Lakes WWTP,MHC NAC LP,8,,R8-2009-0046,,https://ciwqs.waterboards.ca.gov/ciwqs/readOnly/CiwqsReportServlet?reportName=facilityAtAGlance&placeID=259218,372320,WDR,,,"09-0046 MHC NAC, Inc, Wilderness Lakes RV Park WWTF.pdf",No,1.0,"09-0046 MHC NAC, Inc, Wilderness Lakes RV Park WWTF.txt","09-0046 MHC NAC, Inc, Wilderness Lakes RV Park WWTF_259218.json"
273123,5C200101001,Madera WWTF,Madera City,5F,,R5-2022-0074,,https://ciwqs.waterboards.ca.gov/ciwqs/readOnly/CiwqsReportServlet?reportName=facilityAtAGlance&placeID=273123,431269,WDR,,,R5-2022-0074_Madera WWTF_WDR.pdf,No,2.0,R5-2022-0074_Madera WWTF_WDR.txt,R5-2022-0074_Madera WWTF_WDR_273123.json
201067,5B20NC00127,Madera Cnty #19-Parkwood WWTF,Madera County Public Works Department - Special Districts,5F,,2014-0153-DWQ,,https://ciwqs.waterboards.ca.gov/ciwqs/readOnly/CiwqsReportServlet?reportName=facilityAtAGlance&placeID=201067,459150,ENROLLEE - WDR,,,Parkwood OWTS_NOA_2014-0153-DWQ-R5412.pdf,No,1.0,Parkwood OWTS_NOA_2014-0153-DWQ-R5412.txt,Parkwood OWTS_NOA_2014-0153-DWQ-R5412_201067.json
214483,5C200103001,Madera Cnty #14-Chukchansi WWTF,Madera County Public Works Department - Special Districts,5F,,2014-0153-DWQ,,https://ciwqs.waterboards.ca.gov/ciwqs/readOnly/CiwqsReportServlet?reportName=facilityAtAGlance&placeID=214483,433601,ENROLLEE - WDR,,,NOA 2014-0153-dwq-r5326.pdf,No,2.0,NOA 2014-0153-dwq-r5326.txt,NOA 2014-0153-dwq-r5326_214483.json
201087,5C200102009,Madera Cnty #7-Marina View Heights WWTF,Madera County Public Works Department - Special Districts,5F,,2014-0153-DWQ,,https://ciwqs.waterboards.ca.gov/ciwqs/readOnly/CiwqsReportServlet?reportName=facilityAtAGlance&placeID=201087,453846,ENROLLEE - WDR,,,NOA 2014-0153-DWQ-R5398_Marina View Heights WWT F.pdf,No,2.0,NOA 2014-0153-DWQ-R5398_Marina View Heights WWT F.txt,NOA 2014-0153-DWQ-R5398_Marina View Heights WWT F_201087.json
201077,5C200102010,Madera Cnty #37-La Vina WWTF,Madera County Public Works Department - Special Districts,5F,,2014-0153-DWQ-R5348,,https://ciwqs.waterboards.ca.gov/ciwqs/readOnly/CiwqsReportServlet?reportName=facilityAtAGlance&placeID=201077,439533,WDR,,,2014-0153-dwq_r5348.pdf,No,3.0,2014-0153-dwq_r5348.txt,2014-0153-dwq_r5348_201077.json
201072,5C201005001,Madera Cnty #28 Ripperdan WWTF,Madera County Public Works Department - Special Districts,5F,,2014-0153-DWQ,,https://ciwqs.waterboards.ca.gov/ciwqs/readOnly/CiwqsReportServlet?reportName=facilityAtAGlance&placeID=201072,450344,ENROLLEE - WDR,,,NOA_RipperdanWWTF.pdf,No,2.0,NOA_RipperdanWWTF.txt,NOA_RipperdanWWTF_201072.json
201070,5C200102007,Madera Cnty #24 Teaford Meadow Lakes WWTF,Madera County Public Works Department - Special Districts,5F,,2014-0153-DWQ,,https://ciwqs.waterboards.ca.gov/ciwqs/readOnly/CiwqsReportServlet?reportName=facilityAtAGlance&placeID=201070,454109,ENROLLEE - WDR,,,2014-0153-DWQ-R5401 Teaford Meadow Lakes WWTF NOA.pdf,No,1.0,2014-0153-DWQ-R5401 Teaford Meadow Lakes WWTF NOA.txt,2014-0153-DWQ-R5401 Teaford Meadow Lakes WWTF NOA_201070.json
273147,5C201026001,Gunner Ranch Water Reclamation Plant,Madera County Service Area # 22C Zone of Benefit C,5F,,R5-2019-0084,,https://ciwqs.waterboards.ca.gov/ciwqs/readOnly/CiwqsReportServlet?reportName=facilityAtAGlance&placeID=273147,162834,WDR,,,Gunner Ranch r5-2019-0084_wdrs.pdf,No,4.0,Gunner Ranch r5-2019-0084_wdrs.txt,Gunner Ranch r5-2019-0084_wdrs_273147.json
242135,4B561004001,Malibu Bay Club WWTP,Malibu Bay Club HOA,4,,R4-2012-0073,,https://ciwqs.waterboards.ca.gov/ciwqs/readOnly/CiwqsReportServlet?reportName=facilityAtAGlance&placeID=242135,384644,WDR,,,5774_R4-2012-0073_WDR_PKG.pdf,No,2.0,5774_R4-2012-0073_WDR_PKG.txt,5774_R4-2012-0073_WDR_PKG_242135.json
239317,1B80162OHUM,Manila CSD WWTP,Manila CSD,1,,R1-2023-0003,,https://ciwqs.waterboards.ca.gov/ciwqs/readOnly/CiwqsReportServlet?reportName=facilityAtAGlance&placeID=239317,453105,WDR,,,22_0003_ManilaCSD_WDR_Final_signed.pdf,No,1.0,22_0003_ManilaCSD_WDR_Final_signed.txt,22_0003_ManilaCSD_WDR_Final_signed_239317.json
215910,5C220101001,Coulterville WWTF,Mariposa Cnty DPW,5F,,2014-0153-DWQ,,https://ciwqs.waterboards.ca.gov/ciwqs/readOnly/CiwqsReportServlet?reportName=facilityAtAGlance&placeID=215910,453490,ENROLLEE - WDR,,,NOA 2014-0153-DWQ-R5388_Coulterville WWTF.pdf,No,1.0,NOA 2014-0153-DWQ-R5388_Coulterville WWTF.txt,NOA 2014-0153-DWQ-R5388_Coulterville WWTF_215910.json
239543,5C221007001,Mariposa Pines WWTF,Mariposa Cnty DPW,5F,,2014-0153-DWQ,,https://ciwqs.waterboards.ca.gov/ciwqs/readOnly/CiwqsReportServlet?reportName=facilityAtAGlance&placeID=239543,440058,ENROLLEE - WDR,,,Mariposa Pines WWTF NOA.pdf,No,3.0,Mariposa Pines WWTF NOA.txt,Mariposa Pines WWTF NOA_239543.json
220495,5C221003001,Don Pedro Sewer Zone 1,Mariposa Cnty DPW,5F,,R5-2013-0062,,https://ciwqs.waterboards.ca.gov/ciwqs/readOnly/CiwqsReportServlet?reportName=facilityAtAGlance&placeID=220495,331539,WDR,,,R5-2013-0062.pdf,No,1.0,R5-2013-0062.txt,R5-2013-0062_220495.json
815299,7A130136001,McCabe Municipal WWTP,McCabe USD,7,,2014-0153-DWQ,,https://ciwqs.waterboards.ca.gov/ciwqs/readOnly/CiwqsReportServlet?reportName=facilityAtAGlance&placeID=815299,463926,ENROLLEE - WDR,,,7A130136001_NOA.pdf,No,2.0,7A130136001_NOA.txt,7A130136001_NOA_815299.json
240000,5A470102002,McCloud WWTF,McCloud Community Services District,5R,,R5-2017-0078,,https://ciwqs.waterboards.ca.gov/ciwqs/readOnly/CiwqsReportServlet?reportName=facilityAtAGlance&placeID=240000,411810,WDR,,,r5-2017-0078.pdf,No,1.0,r5-2017-0078.txt,r5-2017-0078_240000.json
273125,5D150109001,McFarland WWTF,McFarland City,SB,,2020-0015-DWQ,,https://ciwqs.waterboards.ca.gov/ciwqs/readOnly/CiwqsReportServlet?reportName=facilityAtAGlance&placeID=273125,330608,WDR,,,r5-2008-0072.pdf,No,1.0,r5-2008-0072.txt,r5-2008-0072_273125.json
273149,5D151006001,I-5 & Highway 58 WWTF,McMor Chlorination,5F,,R5-2007-0152,,https://ciwqs.waterboards.ca.gov/ciwqs/readOnly/CiwqsReportServlet?reportName=facilityAtAGlance&placeID=273149,337071,WDR,,,r5-2007-0152.pdf,No,3.0,r5-2007-0152.txt,r5-2007-0152_273149.json
273126,5D100109001,Mendota WWTF,Mendota City,SB,,2020-0015-DWQ,,https://ciwqs.waterboards.ca.gov/ciwqs/readOnly/CiwqsReportServlet?reportName=facilityAtAGlance&placeID=273126,330730,WDR,,,r5-2016-0054.pdf,No,2.0,r5-2016-0054.txt,r5-2016-0054_273126.json
860254,2 43CW860254,Microsoft Silicon Valley Recycled Water System,,,,,,https://ciwqs.waterboards.ca.gov/ciwqs/readOnly/CiwqsReportServlet?reportName=facilityAtAGlance&placeID=860254,433375,ENROLLEE - WDR,,,2020-07_Microsoft Silicon Valley NOA Combined.pdf,No,1.0,2020-07_Microsoft Silicon Valley NOA Combined.txt,2020-07_Microsoft Silicon Valley NOA Combined_860254.json
240917,1B80002OHUM,Miranda POTW,Miranda CSD,1,,R1-2019-0002,,https://ciwqs.waterboards.ca.gov/ciwqs/readOnly/CiwqsReportServlet?reportName=facilityAtAGlance&placeID=240917,430374,WDR,,,19_0002_Miranda_CSD_WDR.pdf,No,2.0,19_0002_Miranda_CSD_WDR.txt,19_0002_Miranda_CSD_WDR_240917.json
240951,3 420114004,Mission Hills La Purisima WWTP,Mission Hills CSD,3,,R3-2019-0042,,https://ciwqs.waterboards.ca.gov/ciwqs/readOnly/CiwqsReportServlet?reportName=facilityAtAGlance&placeID=240951,430892,WDR,,,MHCSD Order R3-2019-0042-5-17-2019_signed.pdf,No,4.0,MHCSD Order R3-2019-0042-5-17-2019_signed.txt,MHCSD Order R3-2019-0042-5-17-2019_signed_240951.json
240951,3 420114004,Mission Hills La Purisima WWTP,Mission Hills CSD,3,,R3-2019-0042,,https://ciwqs.waterboards.ca.gov/ciwqs/readOnly/CiwqsReportServlet?reportName=facilityAtAGlance&placeID=240951,430892,WDR,,,wdr_standard_provisions_2013.pdf,No,4.0,wdr_standard_provisions_2013.txt,wdr_standard_provisions_2013_240951.json
204870,7A330109012,Alan Horton WWTP,Mission Springs Water District,7,,R7-2022-0008,,https://ciwqs.waterboards.ca.gov/ciwqs/readOnly/CiwqsReportServlet?reportName=facilityAtAGlance&placeID=204870,447659,WDR,,,R7-2022-0008.pdf,No,2.0,R7-2022-0008.txt,R7-2022-0008_204870.json
219649,7A330109021,Desert Crest WWTP,Mission Springs Water District,7,,R7-2014-0048,,https://ciwqs.waterboards.ca.gov/ciwqs/readOnly/CiwqsReportServlet?reportName=facilityAtAGlance&placeID=219649,395086,WDR,,,R7-2014-0048.pdf,No,1.0,R7-2014-0048.txt,R7-2014-0048_219649.json
241299,3 441004001,Monterey Bay Academy WWTP,Monterey Bay Academy,3,,2014-0153-DWQ,,https://ciwqs.waterboards.ca.gov/ciwqs/readOnly/CiwqsReportServlet?reportName=facilityAtAGlance&placeID=241299,447411,ENROLLEE - WDR,,,Monterey Bay Academy NOA MRP_Final.pdf,No,1.0,Monterey Bay Academy NOA MRP_Final.txt,Monterey Bay Academy NOA MRP_Final_241299.json
236252,3 270302002,Lake San Antonio Southshore WWTP,Monterey Cnty Parks Dept,3,,2014-0153-DWQ,,https://ciwqs.waterboards.ca.gov/ciwqs/readOnly/CiwqsReportServlet?reportName=facilityAtAGlance&placeID=236252,448832,WDR,,,08-12-2022_WDR_Lake San Antonio Recreation Area South Shore WWTP NOA_final.pdf,No,1.0,08-12-2022_WDR_Lake San Antonio Recreation Area South Shore WWTP NOA_final.txt,08-12-2022_WDR_Lake San Antonio Recreation Area South Shore WWTP NOA_final_236252.json
241306,3 271011001,Monterey Dunes Colony WWTP,Monterey Dunes Colony Mutual Water Association,3,,2014-0153-DWQ,,https://ciwqs.waterboards.ca.gov/ciwqs/readOnly/CiwqsReportServlet?reportName=facilityAtAGlance&placeID=241306,447419,ENROLLEE - WDR,,,5-5-22_Monterey Dunes Mutual Water Association draft NOA MRP_final.pdf,No,1.0,5-5-22_Monterey Dunes Mutual Water Association draft NOA MRP_final.txt,5-5-22_Monterey Dunes Mutual Water Association draft NOA MRP_final_241306.json
243845,5A280103002,Napa Berryessa WTF,Napa Berryessa Resort IMP Dist,5S,,R5-2013-0065,,https://ciwqs.waterboards.ca.gov/ciwqs/readOnly/CiwqsReportServlet?reportName=facilityAtAGlance&placeID=243845,368742,WDR,,,r5-2013-0065.pdf,No,2.0,r5-2013-0065.txt,r5-2013-0065_243845.json
244250,5C500103001,City of Newman WWTF,Newman City,SB,,2020-0015-DWQ,,https://ciwqs.waterboards.ca.gov/ciwqs/readOnly/CiwqsReportServlet?reportName=facilityAtAGlance&placeID=244250,420963,WDR,,,r5-2018-0024_info.pdf,No,3.0,r5-2018-0024_info.txt,r5-2018-0024_info_244250.json
244361,3 400104001,Nipomo CSD Southland Treatment Facility,Nipomo CSD,3,,R3-2020-0020,,https://ciwqs.waterboards.ca.gov/ciwqs/readOnly/CiwqsReportServlet?reportName=facilityAtAGlance&placeID=244361,459162,ENROLLEE - WDR,,,Nipomo_Southland_BigOrder_NOA_final.pdf,No,1.0,Nipomo_Southland_BigOrder_NOA_final.txt,Nipomo_Southland_BigOrder_NOA_final_244361.json
244360,3 401028001,Nipomo CSD Black Lake - Reclaimed Water Producer,Nipomo CSD,3,,2014-0153-DWQ,,https://ciwqs.waterboards.ca.gov/ciwqs/readOnly/CiwqsReportServlet?reportName=facilityAtAGlance&placeID=244360,452874,ENROLLEE - WDR,,,Nipomo_Blacklake_NOA_final.pdf,No,1.0,Nipomo_Blacklake_NOA_final.txt,Nipomo_Blacklake_NOA_final_244360.json
273143,5C15NC00090,North of River WWTF,North of River SD #1,SB,,2020-0015-DWQ,,https://ciwqs.waterboards.ca.gov/ciwqs/readOnly/CiwqsReportServlet?reportName=facilityAtAGlance&placeID=273143,333653,WDR,,,r5-2009-0088.pdf,No,3.0,r5-2009-0088.txt,r5-2009-0088_273143.json
241099,5B391070001,Oakwood Lake WWTF,Oakwood Lake Water District,5S,,R5-2006-0114-002,,https://ciwqs.waterboards.ca.gov/ciwqs/readOnly/CiwqsReportServlet?reportName=facilityAtAGlance&placeID=241099,327478,WDR,,,R5-2006-0114-001.pdf,No,4.0,R5-2006-0114-001.txt,R5-2006-0114-001_241099.json
241099,5B391070001,Oakwood Lake WWTF,Oakwood Lake Water District,5S,,R5-2006-0114-002,,https://ciwqs.waterboards.ca.gov/ciwqs/readOnly/CiwqsReportServlet?reportName=facilityAtAGlance&placeID=241099,327478,WDR,,,R5-2006-0114.pdf,No,4.0,R5-2006-0114.txt,R5-2006-0114_241099.json
241099,5B391070001,Oakwood Lake WWTF,Oakwood Lake Water District,5S,,R5-2006-0114-002,,https://ciwqs.waterboards.ca.gov/ciwqs/readOnly/CiwqsReportServlet?reportName=facilityAtAGlance&placeID=241099,327478,WDR,,,R5-2016-0068.pdf,No,4.0,R5-2016-0068.txt,R5-2016-0068_241099.json
273127,5D100110001,Orange Cove WWTF,Orange Cove City,SB,,2020-0015-DWQ,,https://ciwqs.waterboards.ca.gov/ciwqs/readOnly/CiwqsReportServlet?reportName=facilityAtAGlance&placeID=273127,132495,WDR,,,r5-2004-0008.pdf,No,1.0,r5-2004-0008.txt,r5-2004-0008_273127.json
251548,9 000000217,Ralph W Chapman WRF,Otay MWD,SB,,2020-0015-DWQ,,https://ciwqs.waterboards.ca.gov/ciwqs/readOnly/CiwqsReportServlet?reportName=facilityAtAGlance&placeID=251548,325858,WDR,,,Order No. R9-2007-0038.pdf,No,1.0,Order No. R9-2007-0038.txt,Order No. R9-2007-0038_251548.json
248476,5B031015001,Pioneer Creek MH Community,"PCMHC, LLC",5S,,2014-0153-DWQ,,https://ciwqs.waterboards.ca.gov/ciwqs/readOnly/CiwqsReportServlet?reportName=facilityAtAGlance&placeID=248476,444256,ENROLLEE - WDR,,,Notice of Applicability_Pioneer Creek MH Community.pdf,No,2.0,Notice of Applicability_Pioneer Creek MH Community.txt,Notice of Applicability_Pioneer Creek MH Community_248476.json
731257,3 441208240,Pajaro Valley WMA and City of Watsonville Water Reclamation,Pajaro Valley Water Management Agency,SB,,2020-0015-DWQ,,https://ciwqs.waterboards.ca.gov/ciwqs/readOnly/CiwqsReportServlet?reportName=facilityAtAGlance&placeID=731257,359226,WDR,,,masterreclamationpermit.pdf,No,1.0,masterreclamationpermit.txt,masterreclamationpermit_731257.json
247435,7A330114012,Palm Springs WWTF,Palm Springs City,7,,R7-2024-0009,,https://ciwqs.waterboards.ca.gov/ciwqs/readOnly/CiwqsReportServlet?reportName=facilityAtAGlance&placeID=247435,456582,WDR,,,R7-2024-0009.pdf,No,2.0,R7-2024-0009.txt,R7-2024-0009_247435.json
257153,5C221022001,"Palm Springs Village-309, LLC Silvertip Resort Village WWTF","Palm Springs Village - 309, LLC",5F,,R5-2007-0140,,https://ciwqs.waterboards.ca.gov/ciwqs/readOnly/CiwqsReportServlet?reportName=facilityAtAGlance&placeID=257153,164105,WDR,,,r5-2007-0140.pdf,No,3.0,r5-2007-0140.txt,r5-2007-0140_257153.json
249771,4A191030001,Paradise Ranch WWTP,Paradise Ranch LLC,4,,R4-2011-0177,,https://ciwqs.waterboards.ca.gov/ciwqs/readOnly/CiwqsReportServlet?reportName=facilityAtAGlance&placeID=249771,381339,WDR,,,5671_R4-2011-0177_WDR_PKG.pdf,No,1.0,5671_R4-2011-0177_WDR_PKG.txt,5671_R4-2011-0177_WDR_PKG_249771.json
247809,9 000000145,Pauma Valley Treatment Plant,Pauma Valley Community Services District,9,,2014-0153-DWQ,,https://ciwqs.waterboards.ca.gov/ciwqs/readOnly/CiwqsReportServlet?reportName=facilityAtAGlance&placeID=247809,442123,ENROLLEE - WDR,,,NOA_Pauma_Valley_WWTP signed dwg 05-12-21.pdf,No,1.0,NOA_Pauma_Valley_WWTP signed dwg 05-12-21.txt,NOA_Pauma_Valley_WWTP signed dwg 05-12-21_247809.json
835076,5C10NC00203,EZ Trip 1277,Pilot Travel Centers LLC,5F,,2014-0153-DWQ,,https://ciwqs.waterboards.ca.gov/ciwqs/readOnly/CiwqsReportServlet?reportName=facilityAtAGlance&placeID=835076,413154,ENROLLEE - WDR,,,PilotTravelCenters_2014-0153-DWQ.pdf,No,6.0,PilotTravelCenters_2014-0153-DWQ.txt,PilotTravelCenters_2014-0153-DWQ_835076.json
901636,1A25094RSIS,"Plant Sciences, Inc. Juniper Village 2, Macdoel Middle School","Plant Sciences, Inc.",1,,2014-0153-DWQ,,https://ciwqs.waterboards.ca.gov/ciwqs/readOnly/CiwqsReportServlet?reportName=facilityAtAGlance&placeID=901636,461730,ENROLLEE - WDR,,,NOA - Plant Sciences.pdf,No,1.0,NOA - Plant Sciences.txt,NOA - Plant Sciences_901636.json
248713,5A290103001,Pleasant Ridge Elementary School WWTP,Pleasant Ridge Union School District,5S,,2014-0153-DWQ,,https://ciwqs.waterboards.ca.gov/ciwqs/readOnly/CiwqsReportServlet?reportName=facilityAtAGlance&placeID=248713,447459,ENROLLEE - WDR,,,2014-0153-dwq-r5363.pdf,No,2.0,2014-0153-dwq-r5363.txt,2014-0153-dwq-r5363_248713.json
248742,5A320104004,Plumas Eureka Estates WWTF - WWTP 7,Plumas Eureka CSD,5R,,2014-0153-DWQ,,https://ciwqs.waterboards.ca.gov/ciwqs/readOnly/CiwqsReportServlet?reportName=facilityAtAGlance&placeID=248742,436788,ENROLLEE - WDR,,,PECSD_ADA_NOA.pdf,Yes,2.0,PECSD_ADA_NOA.txt,PECSD_ADA_NOA_248742.json
903974,5A320104004,Plumas Eureka Estates WWTF - WWTP 6,Plumas Eureka CSD,5R,,2014-0153-DWQ,,https://ciwqs.waterboards.ca.gov/ciwqs/readOnly/CiwqsReportServlet?reportName=facilityAtAGlance&placeID=903974,436788,ENROLLEE - WDR,,,PECSD_ADA_NOA.pdf,Yes,2.0,PECSD_ADA_NOA.txt,PECSD_ADA_NOA_903974.json
248791,1B80045OMEN,Point Arena WWTP,Point Arena City,1,,R1-2022-0015,,https://ciwqs.waterboards.ca.gov/ciwqs/readOnly/CiwqsReportServlet?reportName=facilityAtAGlance&placeID=248791,448294,WDR,,,22_0015_Point_Arena_WWTF_WDR.pdf,No,1.0,22_0015_Point_Arena_WWTF_WDR.txt,22_0015_Point_Arena_WWTF_WDR_248791.json
220279,5C201011001,"Diocese of San Joaquin, Episcopal Conference Center Oakhurst (ECCO)",Protestant Episcopal Bishop of San Joaquin,5F,,2014-0153-DWQ,,https://ciwqs.waterboards.ca.gov/ciwqs/readOnly/CiwqsReportServlet?reportName=facilityAtAGlance&placeID=220279,423517,ENROLLEE - WDR,,,2014-0153-dwq-r5282.pdf,No,1.0,2014-0153-dwq-r5282.txt,2014-0153-dwq-r5282_220279.json
255679,9 000000077,Santa Maria WWTP,Ramona MWD,SB,,2020-0015-DWQ,,https://ciwqs.waterboards.ca.gov/ciwqs/readOnly/CiwqsReportServlet?reportName=facilityAtAGlance&placeID=255679,404699,WDR,,,R9-2016-0154 Signed.pdf,No,1.0,R9-2016-0154 Signed.txt,R9-2016-0154 Signed_255679.json
251631,3 401019001,Rancho Colina MH Estates STP,Rancho Colina MH Estates STP,3,,2014-0153-DWQ,,https://ciwqs.waterboards.ca.gov/ciwqs/readOnly/CiwqsReportServlet?reportName=facilityAtAGlance&placeID=251631,449606,ENROLLEE - WDR,,,Ranch Colina 0153 NOA Final.pdf,No,1.0,Ranch Colina 0153 NOA Final.txt,Ranch Colina 0153 NOA Final_251631.json
251675,3 359803001,Rancho Larios WWTP,Rancho Larios Homeowners Association,3,,2014-0153-DWQ,,https://ciwqs.waterboards.ca.gov/ciwqs/readOnly/CiwqsReportServlet?reportName=facilityAtAGlance&placeID=251675,447945,ENROLLEE - WDR,,,5-27-22_0153 NOA Ranch Larios HOA Final.pdf,No,1.0,5-27-22_0153 NOA Ranch Larios HOA Final.txt,5-27-22_0153 NOA Ranch Larios HOA Final_251675.json
251695,5B340109001,Rancho Murieta CSD WWT & Rec,Rancho Murieta CSD,5S,,R5-2014-0149,,https://ciwqs.waterboards.ca.gov/ciwqs/readOnly/CiwqsReportServlet?reportName=facilityAtAGlance&placeID=251695,394415,WDR,,,R5-2014-0149.pdf,No,1.0,R5-2014-0149.txt,R5-2014-0149_251695.json
244531,5B20NC00059,The Preserve at Millerton Lake,"Richard Loughead, Jr",5F,,2014-0153-DWQ,,https://ciwqs.waterboards.ca.gov/ciwqs/readOnly/CiwqsReportServlet?reportName=facilityAtAGlance&placeID=244531,417163,ENROLLEE - WDR,,,2014-0153-dwq-r5318Aug27.pdf,No,1.0,2014-0153-dwq-r5318Aug27.txt,2014-0153-dwq-r5318Aug27_244531.json
273152,5D541049001,River Island East WWTF,River Island East HOA,5F,,2014-0153-DWQ,,https://ciwqs.waterboards.ca.gov/ciwqs/readOnly/CiwqsReportServlet?reportName=facilityAtAGlance&placeID=273152,417947,ENROLLEE - WDR,,,NOA 2014-0153-dwq-r5328.pdf,No,3.0,NOA 2014-0153-dwq-r5328.txt,NOA 2014-0153-dwq-r5328_273152.json
273185,5D100114001,Riverdale WWTF,Riverdale PUD,5F,,R5-2018-0028,,https://ciwqs.waterboards.ca.gov/ciwqs/readOnly/CiwqsReportServlet?reportName=facilityAtAGlance&placeID=273185,411621,WDR,,,Riverdale PUD IR.pdf,No,13.0,Riverdale PUD IR.txt,Riverdale PUD IR_273185.json
273185,5D100114001,Riverdale WWTF,Riverdale PUD,5F,,R5-2018-0028,,https://ciwqs.waterboards.ca.gov/ciwqs/readOnly/CiwqsReportServlet?reportName=facilityAtAGlance&placeID=273185,411621,WDR,,,r5-2018-0028.pdf,No,13.0,r5-2018-0028.txt,r5-2018-0028_273185.json
253293,6B150112001,Rosamond WTF (Ponds),Rosamond CSD,SB,,2020-0015-DWQ,,https://ciwqs.waterboards.ca.gov/ciwqs/readOnly/CiwqsReportServlet?reportName=facilityAtAGlance&placeID=253293,425543,WDR,,,R6V-2019-0251_WDR_Rosamond Adopted Full.pdf,No,3.0,R6V-2019-0251_WDR_Rosamond Adopted Full.txt,R6V-2019-0251_WDR_Rosamond Adopted Full_253293.json
235208,5A171014002,Konocti Harbor Resort,Russell Hamel Clear Lake Resort  Services LLC Dba Konocti Harbor Resort,5S,,R5-2002-0157,CA0083551,https://ciwqs.waterboards.ca.gov/ciwqs/readOnly/CiwqsReportServlet?reportName=facilityAtAGlance&placeID=235208,364419,WDR,,,r5-2002-0157.pdf,No,3.0,r5-2002-0157.txt,r5-2002-0157_235208.json
210156,5A340111001,Boys Ranch WWTF,Sacramento Cnty DPW-Elk Grove,5S,,R5-2004-0003,,https://ciwqs.waterboards.ca.gov/ciwqs/readOnly/CiwqsReportServlet?reportName=facilityAtAGlance&placeID=210156,132263,WDR,,,r5-2004-0003.pdf,No,1.0,r5-2004-0003.txt,r5-2004-0003_210156.json
739749,5A34NC00041,Rancho Seco Recreational Area WWTF,Sacramento MUD,5S,,2014-0153-DWQ,,https://ciwqs.waterboards.ca.gov/ciwqs/readOnly/CiwqsReportServlet?reportName=facilityAtAGlance&placeID=739749,442117,ENROLLEE - WDR,,,rancho_seco-wqo2014-0153-R5367.pdf,No,2.0,rancho_seco-wqo2014-0153-R5367.txt,rancho_seco-wqo2014-0153-R5367_739749.json
219671,7A130110031,SCSD Desert Shores WWTP,Salton Community Services Dist,7,,R7-2025-0016,,https://ciwqs.waterboards.ca.gov/ciwqs/readOnly/CiwqsReportServlet?reportName=facilityAtAGlance&placeID=219671,461436,WDR,,,R7-2025-0016.pdf,No,3.0,R7-2025-0016.txt,R7-2025-0016_219671.json
647900,7A130117001,SCSD Thomas R. Cannell WWTP,Salton Community Services Dist,7,,R7-2024-0020,,https://ciwqs.waterboards.ca.gov/ciwqs/readOnly/CiwqsReportServlet?reportName=facilityAtAGlance&placeID=647900,457469,WDR,,,R7-2024-0020.pdf,No,2.0,R7-2024-0020.txt,R7-2024-0020_647900.json
255190,3 270120001,San Ardo WWTP,San Ardo Water District,3,,2014-0153-DWQ,,https://ciwqs.waterboards.ca.gov/ciwqs/readOnly/CiwqsReportServlet?reportName=facilityAtAGlance&placeID=255190,452450,ENROLLEE - WDR,,,San Ardo NOA and MRP_final.pdf,No,1.0,San Ardo NOA and MRP_final.txt,San Ardo NOA and MRP_final_255190.json
247644,7B360115051,Park Moabi WWTF,San Bernardino Cnty Regional Parks,7,,R7-2016-0017,,https://ciwqs.waterboards.ca.gov/ciwqs/readOnly/CiwqsReportServlet?reportName=facilityAtAGlance&placeID=247644,407231,WDR,,,0017moabi.pdf,No,1.0,0017moabi.txt,0017moabi_247644.json
248439,9 000000099,Pine Valley WW Polltn Cntl Fac (Pine Valley Sanitation District) OWTS,San Diego County Dept of Public Works,9,,2014-0153-DWQ,,https://ciwqs.waterboards.ca.gov/ciwqs/readOnly/CiwqsReportServlet?reportName=facilityAtAGlance&placeID=248439,405002,ENROLLEE - WDR,,,Signed NOA with Enclosures- Pine Valley.pdf,No,1.0,Signed NOA with Enclosures- Pine Valley.txt,Signed NOA with Enclosures- Pine Valley_248439.json
234117,9 000000109,Julian Water Pollution Facility,San Diego County Sanitation District,9,,2014-0153-DWQ,,https://ciwqs.waterboards.ca.gov/ciwqs/readOnly/CiwqsReportServlet?reportName=facilityAtAGlance&placeID=234117,434801,ENROLLEE - WDR,,,Required Plans for Julian WPCF.pdf,No,2.0,Required Plans for Julian WPCF.txt,Required Plans for Julian WPCF_234117.json
251653,9 000000123,Rancho Del Campo WPCF OWTS,San Diego County Sanitation District,9,,2014-0153-DWQ,,https://ciwqs.waterboards.ca.gov/ciwqs/readOnly/CiwqsReportServlet?reportName=facilityAtAGlance&placeID=251653,434802,ENROLLEE - WDR,,,NOA_RanchDelCampoWWTP.pdf,No,1.0,NOA_RanchDelCampoWWTP.txt,NOA_RanchDelCampoWWTP_251653.json
737529,5B55NC00011,Camp Mather,San Francisco City & County,5F,,2014-0153-DWQ,,https://ciwqs.waterboards.ca.gov/ciwqs/readOnly/CiwqsReportServlet?reportName=facilityAtAGlance&placeID=737529,373545,ENROLLEE - WDR,,,Order No 2014-0153-DWQ-R5265.pdf,No,2.0,Order No 2014-0153-DWQ-R5265.txt,Order No 2014-0153-DWQ-R5265_737529.json
255306,3 270619758,San Jerardo WWTP,San Jerardo Inc.,3,,2014-0153-DWQ,,https://ciwqs.waterboards.ca.gov/ciwqs/readOnly/CiwqsReportServlet?reportName=facilityAtAGlance&placeID=255306,434464,ENROLLEE - WDR,,,NOA_MRP_Sept_24_2019.pdf,No,1.0,NOA_MRP_Sept_24_2019.txt,NOA_MRP_Sept_24_2019_255306.json
273132,5D100116001,San Joaquin WWTF,San Joaquin City,5F,,R5-2007-0100,,https://ciwqs.waterboards.ca.gov/ciwqs/readOnly/CiwqsReportServlet?reportName=facilityAtAGlance&placeID=273132,324939,WDR,,,r5-2007-0100.pdf,No,1.0,r5-2007-0100.txt,r5-2007-0100_273132.json
237113,5B39NC00035,CSA 44-Zone G (Linne),San Joaquin Cnty,5S,,2014-0153-DWQ,,https://ciwqs.waterboards.ca.gov/ciwqs/readOnly/CiwqsReportServlet?reportName=facilityAtAGlance&placeID=237113,421200,ENROLLEE - WDR,,,San Joaquin County_ NOA.pdf,No,1.0,San Joaquin County_ NOA.txt,San Joaquin County_ NOA_237113.json
216287,5B39NC00240,County Service Area (CSA) 44 Zone E (Castello),,,,,,https://ciwqs.waterboards.ca.gov/ciwqs/readOnly/CiwqsReportServlet?reportName=facilityAtAGlance&placeID=216287,415860,ENROLLEE - WDR,,,CSA 44 Zone E_NOA.pdf,No,1.0,CSA 44 Zone E_NOA.txt,CSA 44 Zone E_NOA_216287.json
245581,3 400113003,Oak Shores Development CSA-7A,San Luis Obispo CSA #07 Oak Shores,3,,2014-0153-DWQ,,https://ciwqs.waterboards.ca.gov/ciwqs/readOnly/CiwqsReportServlet?reportName=facilityAtAGlance&placeID=245581,449258,ENROLLEE - WDR,,,0153-NOA_Oak Shores Development_final.pdf,No,1.0,0153-NOA_Oak Shores Development_final.txt,0153-NOA_Oak Shores Development_final_245581.json
215915,3 401039001,Country Club Estates SLO Co CSA-18,San Luis Obispo CSA #18 San Luis Obispo Country Club,3,,2014-0153-DWQ,,https://ciwqs.waterboards.ca.gov/ciwqs/readOnly/CiwqsReportServlet?reportName=facilityAtAGlance&placeID=215915,463431,ENROLLEE - WDR,,,11-20-25_2025_CSA18_NOA_final.pdf,No,1.0,11-20-25_2025_CSA18_NOA_final.txt,11-20-25_2025_CSA18_NOA_final_215915.json
255430,3 400109001,San Miguel CSD Machado WWTP,San Miguel CSD,3,,R3-2020-0020,,https://ciwqs.waterboards.ca.gov/ciwqs/readOnly/CiwqsReportServlet?reportName=facilityAtAGlance&placeID=255430,455272,ENROLLEE - WDR,,,1-15-26_San Miguel revised NOA and MRP.pdf,No,1.0,1-15-26_San Miguel revised NOA and MRP.txt,1-15-26_San Miguel revised NOA and MRP_255430.json
272525,3 401021001,San Miguelito Wild Cherry Canyon,San Miguelito Mutual Water Company,3,,R3-2020-0020,,https://ciwqs.waterboards.ca.gov/ciwqs/readOnly/CiwqsReportServlet?reportName=facilityAtAGlance&placeID=272525,456631,ENROLLEE - WDR,,,R3-2020-0020 NOA San Miguelito_final.pdf,No,1.0,R3-2020-0020 NOA San Miguelito_final.txt,R3-2020-0020 NOA San Miguelito_final_272525.json
273133,5D100115001,Sanger WWTF,Sanger City,SB,,2020-0015-DWQ,,https://ciwqs.waterboards.ca.gov/ciwqs/readOnly/CiwqsReportServlet?reportName=facilityAtAGlance&placeID=273133,394866,WDR,,,r5-2014-0004.pdf,No,1.0,r5-2014-0004.txt,r5-2014-0004_273133.json
212455,3 420113001,Cachuma Lake Recreation Area WWTP,Santa Barbara County Parks Dept,3,,2014-0153-DWQ,,https://ciwqs.waterboards.ca.gov/ciwqs/readOnly/CiwqsReportServlet?reportName=facilityAtAGlance&placeID=212455,448164,ENROLLEE - WDR,,,6-15-22_NOA 0153- Cachuma Sanitation_final_signed.pdf,No,1.0,6-15-22_NOA 0153- Cachuma Sanitation_final_signed.txt,6-15-22_NOA 0153- Cachuma Sanitation_final_signed_212455.json
233409,3 420116002,Jalama Beach County Park WWTP,Santa Barbara County Parks Dept,3,,2014-0153-DWQ,,https://ciwqs.waterboards.ca.gov/ciwqs/readOnly/CiwqsReportServlet?reportName=facilityAtAGlance&placeID=233409,457201,ENROLLEE - WDR,,,Jalama-NOA 0153_June 2024_final.pdf,No,1.0,Jalama-NOA 0153_June 2024_final.txt,Jalama-NOA 0153_June 2024_final_233409.json
268842,4B191002001,"Two Harbors STP, Catalina Island",Santa Catalina Island Company,4,,R4-2013-0137,,https://ciwqs.waterboards.ca.gov/ciwqs/readOnly/CiwqsReportServlet?reportName=facilityAtAGlance&placeID=268842,393568,WDR,,,4840_R4-2013-0137_WDR_PKG.pdf,No,1.0,4840_R4-2013-0137_WDR_PKG.txt,4840_R4-2013-0137_WDR_PKG_268842.json
209483,3 441001001,Big Basin Woods Subdivision WWTP,Santa Cruz CSA 07,3,,2014-0153-DWQ,,https://ciwqs.waterboards.ca.gov/ciwqs/readOnly/CiwqsReportServlet?reportName=facilityAtAGlance&placeID=209483,457541,ENROLLEE - WDR,,,0153 NOA and MRP for Big Basin WWTP_final.pdf,No,2.0,0153 NOA and MRP for Big Basin WWTP_final.txt,0153 NOA and MRP for Big Basin WWTP_final_209483.json
210116,3 441000001,Boulder Creek Golf & Cntry Club WWTP,Santa Cruz CSA 07,3,,2014-0153-DWQ,,https://ciwqs.waterboards.ca.gov/ciwqs/readOnly/CiwqsReportServlet?reportName=facilityAtAGlance&placeID=210116,447886,ENROLLEE - WDR,,,09-30-2022_WDR_Boulder Creek Golf and Country Club 0153 NOA MRP final.pdf,No,2.0,09-30-2022_WDR_Boulder Creek Golf and Country Club 0153 NOA MRP final.txt,09-30-2022_WDR_Boulder Creek Golf and Country Club 0153 NOA MRP final_210116.json
210116,3 441000001,Boulder Creek Golf & Cntry Club WWTP,Santa Cruz CSA 07,3,,2014-0153-DWQ,,https://ciwqs.waterboards.ca.gov/ciwqs/readOnly/CiwqsReportServlet?reportName=facilityAtAGlance&placeID=210116,447886,ENROLLEE - WDR,,,Boulder Creek Golf and Country Club 0153 NOA Revised 2024 (2).pdf,No,2.0,Boulder Creek Golf and Country Club 0153 NOA Revised 2024 (2).txt,Boulder Creek Golf and Country Club 0153 NOA Revised 2024 (2)_210116.json
255653,3 270316559,Santa Lucia WW Recycling Facility (Prod/User),Santa Lucia CSD,3,,2014-0153-DWQ,,https://ciwqs.waterboards.ca.gov/ciwqs/readOnly/CiwqsReportServlet?reportName=facilityAtAGlance&placeID=255653,405498,ENROLLEE - WDR,,,SWRCB WQO 2014-0153-DWQ.pdf,No,3.0,SWRCB WQO 2014-0153-DWQ.txt,SWRCB WQO 2014-0153-DWQ_255653.json
650554,4A560108002,Santa Paula WRF,Santa Paula City,SB,,2020-0015-DWQ,,https://ciwqs.waterboards.ca.gov/ciwqs/readOnly/CiwqsReportServlet?reportName=facilityAtAGlance&placeID=650554,403136,WDR,,,9259_R4-2018-0022 amended.pdf,No,3.0,9259_R4-2018-0022 amended.txt,9259_R4-2018-0022 amended_650554.json
650554,4A560108002,Santa Paula WRF,Santa Paula City,SB,,2020-0015-DWQ,,https://ciwqs.waterboards.ca.gov/ciwqs/readOnly/CiwqsReportServlet?reportName=facilityAtAGlance&placeID=650554,403136,WDR,,,9259_R4-2018-0022-A01.pdf,No,3.0,9259_R4-2018-0022-A01.txt,9259_R4-2018-0022-A01_650554.json
227501,5C221011001,Golden Hills Mobile Home Park,"Schwenne, Michael & Monica",5F,,2014-0153-DWQ,,https://ciwqs.waterboards.ca.gov/ciwqs/readOnly/CiwqsReportServlet?reportName=facilityAtAGlance&placeID=227501,416367,ENROLLEE - WDR,,,Golden hills mobile park NOA.pdf,No,1.0,Golden hills mobile park NOA.txt,Golden hills mobile park NOA_227501.json
255836,1B89051RSON,"Sonoma Co Service Area 41, Zone 2, Sea Ranch Onsite Wastewater Management Zone",Sea Ranch Association,1,,R1-2017-0014,,https://ciwqs.waterboards.ca.gov/ciwqs/readOnly/CiwqsReportServlet?reportName=facilityAtAGlance&placeID=255836,416353,WDR,,,17_0014_SeaRanch_OWTS_WDR.pdf,No,1.0,17_0014_SeaRanch_OWTS_WDR.txt,17_0014_SeaRanch_OWTS_WDR_255836.json
901334,5A04NC00082,Oroville Wastewater Treatment Plant Construction Dewatering Project,,,,,,https://ciwqs.waterboards.ca.gov/ciwqs/readOnly/CiwqsReportServlet?reportName=facilityAtAGlance&placeID=901334,461122,ENROLLEE - WDR,,,orovillewwtp_noa.pdf,No,1.0,orovillewwtp_noa.txt,orovillewwtp_noa_901334.json
247464,5A450001004,Palo Cedro WWTF,Shasta CSA #8,5R,,R5-2017-0080,,https://ciwqs.waterboards.ca.gov/ciwqs/readOnly/CiwqsReportServlet?reportName=facilityAtAGlance&placeID=247464,413929,WDR,,,Palo Cedro_WDR_R5-2017-0080_Signed.pdf,No,1.0,Palo Cedro_WDR_R5-2017-0080_Signed.txt,Palo Cedro_WDR_R5-2017-0080_Signed_247464.json
224827,5C101109001,Foothill Elementary School WWTF,Sierra Unified School District,5F,,2014-0153-DWQ,,https://ciwqs.waterboards.ca.gov/ciwqs/readOnly/CiwqsReportServlet?reportName=facilityAtAGlance&placeID=224827,437325,ENROLLEE - WDR,,,2014-0153-dwq-r5337 NOA for Foothill Middle School WWTF.pdf,No,2.0,2014-0153-dwq-r5337 NOA for Foothill Middle School WWTF.txt,2014-0153-dwq-r5337 NOA for Foothill Middle School WWTF_224827.json
273188,5C101003001,Sierra High School WWTF,Sierra Unified School District,5F,,2014-0153-DWQ,,https://ciwqs.waterboards.ca.gov/ciwqs/readOnly/CiwqsReportServlet?reportName=facilityAtAGlance&placeID=273188,434038,ENROLLEE - WDR,,,Sierra High School_WWTF_final noa.pdf,No,2.0,Sierra High School_WWTF_final noa.txt,Sierra High School_WWTF_final noa_273188.json
816488,1B15087RSON,Silver Oak Cellars - Highway 128 Alexander Valley (Domestic Waste),Silver Oaks Cellars,1,,2014-0153-DWQ,,https://ciwqs.waterboards.ca.gov/ciwqs/readOnly/CiwqsReportServlet?reportName=facilityAtAGlance&placeID=816488,402041,ENROLLEE - WDR,,,Silver Oak Cellars.pdf,No,1.0,Silver Oak Cellars.txt,Silver Oak Cellars_816488.json
822928,2 21GWDR405097,Big Rock Ranch Recycled Water,,,,,,https://ciwqs.waterboards.ca.gov/ciwqs/readOnly/CiwqsReportServlet?reportName=facilityAtAGlance&placeID=822928,405097,ENROLLEE - WDR,,,Big Rock Ranch NOA Package.pdf,No,1.0,Big Rock Ranch NOA Package.txt,Big Rock Ranch NOA Package_822928.json
257687,3 420110001,Solvang WWTP,Solvang City,3,,R3-2020-0020,,https://ciwqs.waterboards.ca.gov/ciwqs/readOnly/CiwqsReportServlet?reportName=facilityAtAGlance&placeID=257687,448089,ENROLLEE - WDR,,,Revised_Solvang_R3-2020-0020 NOA_MRP_Oct19_2023_final.pdf,No,1.0,Revised_Solvang_R3-2020-0020 NOA_MRP_Oct19_2023_final.txt,Revised_Solvang_R3-2020-0020 NOA_MRP_Oct19_2023_final_257687.json
256049,1B77117OSON,SCWA Geyserville CSD,Sonoma County Water Agency (SCWA),1,,R1-2019-0013,,https://ciwqs.waterboards.ca.gov/ciwqs/readOnly/CiwqsReportServlet?reportName=facilityAtAGlance&placeID=256049,433463,WDR,,,19_0013_Geyserville Sanitation Zone WWTF_WDR.pdf,No,1.0,19_0013_Geyserville Sanitation Zone WWTF_WDR.txt,19_0013_Geyserville Sanitation Zone WWTF_WDR_256049.json
256045,1B84124OSON,SCWA Airport WRF (Airport-Larkfield-Wikiup),Sonoma County Water Agency (SCWA),1,,R1-2019-0007,,https://ciwqs.waterboards.ca.gov/ciwqs/readOnly/CiwqsReportServlet?reportName=facilityAtAGlance&placeID=256045,423602,WDR,,,19_0007_Airport-Larkfield-Wikiup_SanitationZone_WDR.pdf,No,1.0,19_0007_Airport-Larkfield-Wikiup_SanitationZone_WDR.txt,19_0007_Airport-Larkfield-Wikiup_SanitationZone_WDR_256045.json
897866,1B24163RSON,Sonoma West Holdings Wastewater Treatment Facility Plant No. 2 - Domestic,,,,,,https://ciwqs.waterboards.ca.gov/ciwqs/readOnly/CiwqsReportServlet?reportName=facilityAtAGlance&placeID=897866,459355,ENROLLEE - WDR,,,250106_MTH_SonomaWest_SDS_NOA & MRP- Final.pdf,No,1.0,250106_MTH_SonomaWest_SDS_NOA & MRP- Final.txt,250106_MTH_SonomaWest_SDS_NOA & MRP- Final_897866.json
638757,6A180506011,Spalding Tract Sewer System,Spalding Community Service District,6T,,R6T-2006-0020,,https://ciwqs.waterboards.ca.gov/ciwqs/readOnly/CiwqsReportServlet?reportName=facilityAtAGlance&placeID=638757,307579,WDR,,,R6T-2006-0020 Spalding WDR.pdf,No,1.0,R6T-2006-0020 Spalding WDR.txt,R6T-2006-0020 Spalding WDR_638757.json
647162,5B55NC00007,Foothill Horizons School,,,,,,https://ciwqs.waterboards.ca.gov/ciwqs/readOnly/CiwqsReportServlet?reportName=facilityAtAGlance&placeID=647162,332732,ENROLLEE - WDR,,,97_10_DWQ_R5051.pdf,No,1.0,97_10_DWQ_R5051.txt,97_10_DWQ_R5051_647162.json
258743,5D152000001,Stoco WWTF,Stoco Mutual Water & Sewer Company,5F,,R5-2007-0153,,https://ciwqs.waterboards.ca.gov/ciwqs/readOnly/CiwqsReportServlet?reportName=facilityAtAGlance&placeID=258743,337072,WDR,,,r5-2007-0153.pdf,No,1.0,r5-2007-0153.txt,r5-2007-0153_258743.json
273155,5D151049001,National Chavez Center WWTF,Stonybrook Corporation,5F,,2014-0153-DWQ,,https://ciwqs.waterboards.ca.gov/ciwqs/readOnly/CiwqsReportServlet?reportName=facilityAtAGlance&placeID=273155,437780,ENROLLEE - WDR,,,Cesar Chavez National Monument WWTF NOA 3-13-2020.pdf,No,2.0,Cesar Chavez National Monument WWTF NOA 3-13-2020.txt,Cesar Chavez National Monument WWTF NOA 3-13-2020_273155.json
273135,5D160105001,Stratford WWTF,Stratford PUD,5F,,2014-0153-DWQ,,https://ciwqs.waterboards.ca.gov/ciwqs/readOnly/CiwqsReportServlet?reportName=facilityAtAGlance&placeID=273135,409890,ENROLLEE - WDR,,,Stratford WWTF NOA Revised Enrollee No.pdf,No,4.0,Stratford WWTF NOA Revised Enrollee No.txt,Stratford WWTF NOA Revised Enrollee No_273135.json
273192,5D540108001,Strathmore  WWTF,Strathmore PUD,5F,,R5-2016-0061,,https://ciwqs.waterboards.ca.gov/ciwqs/readOnly/CiwqsReportServlet?reportName=facilityAtAGlance&placeID=273192,408402,WDR,,,Strathmore PUB r5-2016-0061.pdf,No,1.0,Strathmore PUB r5-2016-0061.txt,Strathmore PUB r5-2016-0061_273192.json
212973,5C201008001,Camp Sugar Pine,Sugar Pine Christian Camps,5F,,2014-0153-DWQ,,https://ciwqs.waterboards.ca.gov/ciwqs/readOnly/CiwqsReportServlet?reportName=facilityAtAGlance&placeID=212973,434569,ENROLLEE - WDR,,,NOA Camp Sugar Pine 2014-0153-DWQ-R5340.pdf,No,2.0,NOA Camp Sugar Pine 2014-0153-DWQ-R5340.txt,NOA Camp Sugar Pine 2014-0153-DWQ-R5340_212973.json
252700,3 351000001,Ridgemark Estates WWTP,Sunnyslope County Water District,3,,R3-2020-0020,,https://ciwqs.waterboards.ca.gov/ciwqs/readOnly/CiwqsReportServlet?reportName=facilityAtAGlance&placeID=252700,447918,ENROLLEE - WDR,,,5-27-22_R3-2020-0020_NOA_Ridgemark_Estates_final.pdf,No,1.0,5-27-22_R3-2020-0020_NOA_Ridgemark_Estates_final.txt,5-27-22_R3-2020-0020_NOA_Ridgemark_Estates_final_252700.json
739902,5A51NC00005,SYSCO Food Services of Sacramento,Sysco Food Services of Sacramento Inc,5S,,R5-2009-0062,,https://ciwqs.waterboards.ca.gov/ciwqs/readOnly/CiwqsReportServlet?reportName=facilityAtAGlance&placeID=739902,367512,WDR,,,R5-2009-0062.pdf,No,1.0,R5-2009-0062.txt,R5-2009-0062_739902.json
740731,5C15NC00128,Tejon Industrial Complex East WWTF,Tejon Castac Water District,5F,,R5-2011-0066,,https://ciwqs.waterboards.ca.gov/ciwqs/readOnly/CiwqsReportServlet?reportName=facilityAtAGlance&placeID=740731,368204,WDR,,,R5-2011-0066.pdf,No,1.0,R5-2011-0066.txt,R5-2011-0066_740731.json
739154,5C15NC00247,Tejon Mountain Village,Tejon Castac Water District,5F,,R5-2019-0085,,https://ciwqs.waterboards.ca.gov/ciwqs/readOnly/CiwqsReportServlet?reportName=facilityAtAGlance&placeID=739154,427567,WDR,,,WDRs r5-2019-0085.pdf,No,2.0,WDRs r5-2019-0085.txt,WDRs r5-2019-0085_739154.json
273156,5D151014003,Tejon Industrial Complex West WWTF,Tejon Castac Water District,5F,,R5-2008-0004,,https://ciwqs.waterboards.ca.gov/ciwqs/readOnly/CiwqsReportServlet?reportName=facilityAtAGlance&placeID=273156,337300,WDR,,,r5-2008-0004.pdf,No,1.0,r5-2008-0004.txt,r5-2008-0004_273156.json
240168,3 400115001,Meadowbrook WWTF (Templeton CSD),Templeton CSD,3,,R3-2020-0020,,https://ciwqs.waterboards.ca.gov/ciwqs/readOnly/CiwqsReportServlet?reportName=facilityAtAGlance&placeID=240168,464632,ENROLLEE - WDR,,,3-23-26_NOA_MRP_TempletonCSD.pdf,No,1.0,3-23-26_NOA_MRP_TempletonCSD.txt,3-23-26_NOA_MRP_TempletonCSD_240168.json
263172,1A88031RSIS,Tennant CSD ST/LF,Tennant CSD,1,,R1-2016-0019,,https://ciwqs.waterboards.ca.gov/ciwqs/readOnly/CiwqsReportServlet?reportName=facilityAtAGlance&placeID=263172,408075,WDR,,,16_0019_Tennant_WDR.pdf,No,1.0,16_0019_Tennant_WDR.txt,16_0019_Tennant_WDR_263172.json
817457,5B20NC00105,Tesoro Viejo WWTP,Tesoro Viejo Master Mutual Water Company,SB,,2020-0015-DWQ,,https://ciwqs.waterboards.ca.gov/ciwqs/readOnly/CiwqsReportServlet?reportName=facilityAtAGlance&placeID=817457,402537,WDR,,,R5_2016_0057.pdf,No,2.0,R5_2016_0057.txt,R5_2016_0057_817457.json
270563,5A04NC00001,The Villas at Butte Creek WWTP,The Villas At Butte Creek HA,5R,,2014-0153-DWQ,,https://ciwqs.waterboards.ca.gov/ciwqs/readOnly/CiwqsReportServlet?reportName=facilityAtAGlance&placeID=270563,420930,ENROLLEE - WDR,,,The Villas_NOA-Memo-MRP.pdf,No,1.0,The Villas_NOA-Memo-MRP.txt,The Villas_NOA-Memo-MRP_270563.json
273195,5D100117001,Tranquillity WWTF,Tranquillity PUD,5F,,2014-0153-DWQ,,https://ciwqs.waterboards.ca.gov/ciwqs/readOnly/CiwqsReportServlet?reportName=facilityAtAGlance&placeID=273195,443353,ENROLLEE - WDR,,,NOA _Tranquillity PUD_WWTF_2014-0153-DWQ-R5361.pdf,No,2.0,NOA _Tranquillity PUD_WWTF_2014-0153-DWQ-R5361.txt,NOA _Tranquillity PUD_WWTF_2014-0153-DWQ-R5361_273195.json
266350,3 350103001,Tres Pinos WWTP,Tres Pinos WD,3,,2014-0153-DWQ,,https://ciwqs.waterboards.ca.gov/ciwqs/readOnly/CiwqsReportServlet?reportName=facilityAtAGlance&placeID=266350,450588,ENROLLEE - WDR,,,Tres Pinos 0153 NOA_final.pdf,No,2.0,Tres Pinos 0153 NOA_final.txt,Tres Pinos 0153 NOA_final_266350.json
229873,1A97069RTRI,Trinity County Waterworks District #1 Hayfork WWTP,Trinity County Waterworks District,1,,R1-2012-0105,,https://ciwqs.waterboards.ca.gov/ciwqs/readOnly/CiwqsReportServlet?reportName=facilityAtAGlance&placeID=229873,366371,WDR,,,12_0105_WDR_Hayfork.pdf,No,1.0,12_0105_WDR_Hayfork.txt,12_0105_WDR_Hayfork_229873.json
872487,5D540110001,City of Tulare WWTF,Tulare City,SB,,2020-0015-DWQ,,https://ciwqs.waterboards.ca.gov/ciwqs/readOnly/CiwqsReportServlet?reportName=facilityAtAGlance&placeID=872487,367947,WDR,,,r5-2013-0019.pdf,No,1.0,r5-2013-0019.txt,r5-2013-0019_872487.json
219515,5D540136004,Delft Colony WWTF,Tulare Cnty Resource Management Agency,5F,,2014-0153-DWQ,,https://ciwqs.waterboards.ca.gov/ciwqs/readOnly/CiwqsReportServlet?reportName=facilityAtAGlance&placeID=219515,463061,ENROLLEE - WDR,,,Delft Colony WWTF NOA 2014-0153-DWQ-R5427.pdf,No,1.0,Delft Colony WWTF NOA 2014-0153-DWQ-R5427.txt,Delft Colony WWTF NOA 2014-0153-DWQ-R5427_219515.json
266720,5C550104001,Tuolumne City WWTP,Tuolumne City SD,5F,,R5-2019-0058,,https://ciwqs.waterboards.ca.gov/ciwqs/readOnly/CiwqsReportServlet?reportName=facilityAtAGlance&placeID=266720,431482,WDR,,,R5-2019-0058.pdf,No,3.0,R5-2019-0058.txt,R5-2019-0058_266720.json
257763,5C550106004,Sonora Regional WWTF,Tuolumne Utilities District,5F,,R5-2024-0016,,https://ciwqs.waterboards.ca.gov/ciwqs/readOnly/CiwqsReportServlet?reportName=facilityAtAGlance&placeID=257763,449436,WDR,,,R5-2024-0016_Sonora Regional WWTF_WDR.pdf,No,3.0,R5-2024-0016_Sonora Regional WWTF_WDR.txt,R5-2024-0016_Sonora Regional WWTF_WDR_257763.json
707474,5C10NC00162,Trimmer Recreation Area - Pine Flat Lake,,,,,,https://ciwqs.waterboards.ca.gov/ciwqs/readOnly/CiwqsReportServlet?reportName=facilityAtAGlance&placeID=707474,416476,ENROLLEE - WDR,,,Trimmer_NOA_2014-0153-dwq-r5252.pdf,No,1.0,Trimmer_NOA_2014-0153-dwq-r5252.txt,Trimmer_NOA_2014-0153-dwq-r5252_707474.json
707492,5C10NC00163,Island Park Recreation Area - Pine Flat Lake,,,,,,https://ciwqs.waterboards.ca.gov/ciwqs/readOnly/CiwqsReportServlet?reportName=facilityAtAGlance&placeID=707492,416477,ENROLLEE - WDR,,,NOAPineFlatLakeIslandPark.pdf,No,2.0,NOAPineFlatLakeIslandPark.txt,NOAPineFlatLakeIslandPark_707492.json
230092,5C200701001,Hensley Lake,US Army Corps of Engineers Raymond,5F,,2014-0153-DWQ,,https://ciwqs.waterboards.ca.gov/ciwqs/readOnly/CiwqsReportServlet?reportName=facilityAtAGlance&placeID=230092,443318,ENROLLEE - WDR,,,Hensley Lake_2014_0153-dwq_r5358.pdf,No,1.0,Hensley Lake_2014_0153-dwq_r5358.txt,Hensley Lake_2014_0153-dwq_r5358_230092.json
269543,1B72033OSON,US Coast Guard TRACEN - Tomales,US Coast Guard Tracen,1,,R1-2012-0033,,https://ciwqs.waterboards.ca.gov/ciwqs/readOnly/CiwqsReportServlet?reportName=facilityAtAGlance&placeID=269543,319757,WDR,,,12_0033_WDR_USCG.pdf,No,2.0,12_0033_WDR_USCG.txt,12_0033_WDR_USCG_269543.json
269543,1B72033OSON,US Coast Guard TRACEN - Tomales,US Coast Guard Tracen,1,,R1-2012-0033,,https://ciwqs.waterboards.ca.gov/ciwqs/readOnly/CiwqsReportServlet?reportName=facilityAtAGlance&placeID=269543,319757,WDR,,,12_0033_WDR_USCG_MRPRevision.pdf,No,2.0,12_0033_WDR_USCG_MRPRevision.txt,12_0033_WDR_USCG_MRPRevision_269543.json
859673,7A130139001,Calexico Border Patrol Station,US Customs & Border Protection,7,,2014-0153-DWQ,,https://ciwqs.waterboards.ca.gov/ciwqs/readOnly/CiwqsReportServlet?reportName=facilityAtAGlance&placeID=859673,432945,ENROLLEE - WDR,,,7A130139001_NOA.pdf,No,1.0,7A130139001_NOA.txt,7A130139001_NOA_859673.json
269589,7A360702011,USMC - Mainside WWTF,US Marine Corps Twentynine Palms NREA AGCC,7,,R7-2016-0032,,https://ciwqs.waterboards.ca.gov/ciwqs/readOnly/CiwqsReportServlet?reportName=facilityAtAGlance&placeID=269589,405195,WDR,,,R7-2016-0032.pdf,No,2.0,R7-2016-0032.txt,R7-2016-0032_269589.json
204492,5A280700001,Admin Center & Oak Shores Day Use Area,USDI Bureau of Reclamation Napa,5S,,2014-0153-DWQ,,https://ciwqs.waterboards.ca.gov/ciwqs/readOnly/CiwqsReportServlet?reportName=facilityAtAGlance&placeID=204492,422235,ENROLLEE - WDR,,,OakShoresDayUseArea_NOA.pdf,No,2.0,OakShoresDayUseArea_NOA.txt,OakShoresDayUseArea_NOA_204492.json
266792,5C550705001,Tuttletown Recreation Area,USDI Bureau of Reclamation Sacramento,5F,,2014-0153-DWQ,,https://ciwqs.waterboards.ca.gov/ciwqs/readOnly/CiwqsReportServlet?reportName=facilityAtAGlance&placeID=266792,417234,ENROLLEE - WDR,,,TuttletownNOAJune21.pdf,No,2.0,TuttletownNOAJune21.txt,TuttletownNOAJune21_266792.json
227381,5B05NC00004,New Melones Lake Glory Hole Recreation Area,USDI Bureau of Reclamation Sonora,5S,,2014-0153-DWQ,,https://ciwqs.waterboards.ca.gov/ciwqs/readOnly/CiwqsReportServlet?reportName=facilityAtAGlance&placeID=227381,418824,ENROLLEE - WDR,,,GloryHoleNOADec12.pdf,No,1.0,GloryHoleNOADec12.txt,GloryHoleNOADec12_227381.json
902865,6B142509005,DVNP Cow Creek RO Plant,USDI National Park Service Death Valley,6V,,R6-2026-0010,,https://ciwqs.waterboards.ca.gov/ciwqs/readOnly/CiwqsReportServlet?reportName=facilityAtAGlance&placeID=902865,462531,WDR,,,R6-2026-0010 Cow Creek Reverse Osmosis Plant.pdf,No,1.0,R6-2026-0010 Cow Creek Reverse Osmosis Plant.txt,R6-2026-0010 Cow Creek Reverse Osmosis Plant_902865.json
206529,5D541003004,Ash Mountain WWTF,USDI National Park Service Sequoia & Kings Canyon,5F,,2014-0153-DWQ,,https://ciwqs.waterboards.ca.gov/ciwqs/readOnly/CiwqsReportServlet?reportName=facilityAtAGlance&placeID=206529,447528,ENROLLEE - WDR,,,NOA 2014-0153-DWQ-R5410 Ash Mountain WWTF.pdf,No,1.0,NOA 2014-0153-DWQ-R5410 Ash Mountain WWTF.txt,NOA 2014-0153-DWQ-R5410 Ash Mountain WWTF_206529.json
227781,5D540700001,Grant Grove WWTF,USDI National Park Service Sequoia & Kings Canyon,5F,,2014-0153-DWQ,,https://ciwqs.waterboards.ca.gov/ciwqs/readOnly/CiwqsReportServlet?reportName=facilityAtAGlance&placeID=227781,433931,ENROLLEE - WDR,,,2014_0153_dwq_r5341.pdf,No,2.0,2014_0153_dwq_r5341.txt,2014_0153_dwq_r5341_227781.json
214873,5D541003003,Clover Creek WWTF,USDI National Park Service Sequoia & Kings Canyon,5F,,2014-0153-DWQ-R5342,,https://ciwqs.waterboards.ca.gov/ciwqs/readOnly/CiwqsReportServlet?reportName=facilityAtAGlance&placeID=214873,439609,WDR,,,2014-0153-dwq_r5342.pdf,No,2.0,2014-0153-dwq_r5342.txt,2014-0153-dwq_r5342_214873.json
826481,5B22NC00012,South Entrance Wastewater Facility,,,,,,https://ciwqs.waterboards.ca.gov/ciwqs/readOnly/CiwqsReportServlet?reportName=facilityAtAGlance&placeID=826481,407774,ENROLLEE - WDR,,,2014-0153-DWQ-R5208.pdf,No,4.0,2014-0153-DWQ-R5208.txt,2014-0153-DWQ-R5208_826481.json
816491,5B22NC00011,"Lower Grove OWTS, Mariposa Grove of Giant Sequoias",,,,,,https://ciwqs.waterboards.ca.gov/ciwqs/readOnly/CiwqsReportServlet?reportName=facilityAtAGlance&placeID=816491,402043,ENROLLEE - WDR,,,2014-0153-DWQ-R5188.pdf,No,2.0,2014-0153-DWQ-R5188.txt,2014-0153-DWQ-R5188_816491.json
274505,5C550700003,White Wolf WWTF,USDI National Park Service Yosemite National Park,5F,,2014-0153-DWQ,,https://ciwqs.waterboards.ca.gov/ciwqs/readOnly/CiwqsReportServlet?reportName=facilityAtAGlance&placeID=274505,448704,ENROLLEE - WDR,,,NOA_White Wolf WWTF.pdf,No,3.0,NOA_White Wolf WWTF.txt,NOA_White Wolf WWTF_274505.json
227217,5C220701001,Glacier Point WWTF,USDI National Park Service Yosemite National Park,5F,,2014-0153-DWQ-R5349,,https://ciwqs.waterboards.ca.gov/ciwqs/readOnly/CiwqsReportServlet?reportName=facilityAtAGlance&placeID=227217,439532,WDR,,,2014-0153-dwq_r5349.pdf,No,2.0,2014-0153-dwq_r5349.txt,2014-0153-dwq_r5349_227217.json
835506,5C54NC00327,University of California Animal Health and Food Safety (CAHFS) Laboratory,,,,,,https://ciwqs.waterboards.ca.gov/ciwqs/readOnly/CiwqsReportServlet?reportName=facilityAtAGlance&placeID=835506,413452,ENROLLEE - WDR,,,CAHFS_WWTF_NOA.pdf,No,2.0,CAHFS_WWTF_NOA.txt,CAHFS_WWTF_NOA_835506.json
240177,9 000000247,Meadowlark WRF,Vallecitos Water District,9,,R9-2007-0018,,https://ciwqs.waterboards.ca.gov/ciwqs/readOnly/CiwqsReportServlet?reportName=facilityAtAGlance&placeID=240177,324379,WDR,,,Order No.R9-2007-0018.pdf,No,1.0,Order No.R9-2007-0018.txt,Order No.R9-2007-0018_240177.json
272975,9 000000830,Woods Valley Ranch Water Reclamation Facility,Valley Center MWD,9,,R9-2015-0104,,https://ciwqs.waterboards.ca.gov/ciwqs/readOnly/CiwqsReportServlet?reportName=facilityAtAGlance&placeID=272975,403881,WDR,,,Order No. R9-2015-0104- final.pdf,No,1.0,Order No. R9-2015-0104- final.txt,Order No. R9-2015-0104- final_272975.json
838760,6B191602004,Antelope Acres Commercial Center,,,,,,https://ciwqs.waterboards.ca.gov/ciwqs/readOnly/CiwqsReportServlet?reportName=facilityAtAGlance&placeID=838760,415718,ENROLLEE - WDR,,,AntelopeAcresNOA.pdf,No,2.0,AntelopeAcresNOA.txt,AntelopeAcresNOA_838760.json
267596,4A560121001,Todd Road Jail WWTP,Ventura County Water and Sanitation,4,,R4-2024-0358,,https://ciwqs.waterboards.ca.gov/ciwqs/readOnly/CiwqsReportServlet?reportName=facilityAtAGlance&placeID=267596,458724,WDR,,,Todd Road Jail WWTP_Revised WDR_CI-7418_2024-10-08.pdf,No,2.0,Todd Road Jail WWTP_Revised WDR_CI-7418_2024-10-08.txt,Todd Road Jail WWTP_Revised WDR_CI-7418_2024-10-08_267596.json
848096,4A560103002,Moorpark WRF - WDR,Ventura County Water and Sanitation,4,Major,R4-2023-0089,,https://ciwqs.waterboards.ca.gov/ciwqs/readOnly/CiwqsReportServlet?reportName=facilityAtAGlance&placeID=848096,452807,WDR,,,6374_R4-2023-0089_WDR_PKG.pdf.pdf,No,1.0,6374_R4-2023-0089_WDR_PKG.pdf.txt,6374_R4-2023-0089_WDR_PKG.pdf_848096.json
734616,4A560114007,New Piru WTF,Ventura County Water and Sanitation,4,,R4-2023-0292,,https://ciwqs.waterboards.ca.gov/ciwqs/readOnly/CiwqsReportServlet?reportName=facilityAtAGlance&placeID=734616,452458,WDR,,,5714_R4-2023-0292.pdf,No,3.0,5714_R4-2023-0292.txt,5714_R4-2023-0292_734616.json
260486,4A560109001,Jose Flores WWTP,Ventura Regional Sanitation District,4,,R4-2013-0092,,https://ciwqs.waterboards.ca.gov/ciwqs/readOnly/CiwqsReportServlet?reportName=facilityAtAGlance&placeID=260486,389785,WDR,,,1761_2013-0092_WDR_PKG.pdf,No,1.0,1761_2013-0092_WDR_PKG.txt,1761_2013-0092_WDR_PKG_260486.json
761913,6B360907006,VVWRA Sub-Regional Plant-Apple Valley,Victor Valley Wastewater Reclamation Authority,SB,,2020-0015-DWQ,,https://ciwqs.waterboards.ca.gov/ciwqs/readOnly/CiwqsReportServlet?reportName=facilityAtAGlance&placeID=761913,377321,WDR,,,r6v-2013-0004_wdr_av_subreg.pdf,No,3.0,r6v-2013-0004_wdr_av_subreg.txt,r6v-2013-0004_wdr_av_subreg_761913.json
761903,6B360907005,VVWRA- Sub-Regional Plant-Hesperia,Victor Valley Wastewater Reclamation Authority,SB,,2020-0015-DWQ,,https://ciwqs.waterboards.ca.gov/ciwqs/readOnly/CiwqsReportServlet?reportName=facilityAtAGlance&placeID=761903,377320,WDR,,,r6v-2013-0005wdr_hesperia_subreg.pdf,No,3.0,r6v-2013-0005wdr_hesperia_subreg.txt,r6v-2013-0005wdr_hesperia_subreg_761903.json
747480,6B360911001,SCLA Central WWTP-Victorville Water Dist,Victorville City,SB,,2020-0015-DWQ,,https://ciwqs.waterboards.ca.gov/ciwqs/readOnly/CiwqsReportServlet?reportName=facilityAtAGlance&placeID=747480,394630,WDR,,,R6V-2014-0002Adopted_Wdr_CityofVictorville.pdf,No,8.0,R6V-2014-0002Adopted_Wdr_CityofVictorville.txt,R6V-2014-0002Adopted_Wdr_CityofVictorville_747480.json
271915,1A84072OTRI,Weaverville SD WWTP,Weaverville Sanitary District,1,,R1-2018-0004,,https://ciwqs.waterboards.ca.gov/ciwqs/readOnly/CiwqsReportServlet?reportName=facilityAtAGlance&placeID=271915,381306,WDR,,,18_0004_Weaverville_WDR_.pdf,No,1.0,18_0004_Weaverville_WDR_.txt,18_0004_Weaverville_WDR__271915.json
272009,1B87042NHUM,Weott WWTP,Weott CSD,1,,R1-2019-0003,,https://ciwqs.waterboards.ca.gov/ciwqs/readOnly/CiwqsReportServlet?reportName=facilityAtAGlance&placeID=272009,428683,WDR,,,19_0003_Weott_CSD_WWTP_WDR.pdf,No,1.0,19_0003_Weott_CSD_WWTP_WDR.txt,19_0003_Weott_CSD_WWTP_WDR_272009.json
272344,5A180102001,Westwood STP,Westwood CSD,5R,,R5-2019-0061,,https://ciwqs.waterboards.ca.gov/ciwqs/readOnly/CiwqsReportServlet?reportName=facilityAtAGlance&placeID=272344,429567,WDR,,,R5-2019-0061.pdf,No,1.0,R5-2019-0061.txt,R5-2019-0061_272344.json
812326,1B14140RHUM,Willow Creek CSD WWTF,Willow Creek CSD,1,,R1-2024-0005,,https://ciwqs.waterboards.ca.gov/ciwqs/readOnly/CiwqsReportServlet?reportName=facilityAtAGlance&placeID=812326,399504,WDR,,,20240208_WillowCreek_WDR (002)_signed.pdf,No,1.0,20240208_WillowCreek_WDR (002)_signed.txt,20240208_WillowCreek_WDR (002)_signed_812326.json
220385,5A480107001,Dixon Migrant Center WWTF,Yolo Cnty Housing Authority,5S,,2014-0153-DWQ,,https://ciwqs.waterboards.ca.gov/ciwqs/readOnly/CiwqsReportServlet?reportName=facilityAtAGlance&placeID=220385,463870,ENROLLEE - WDR,,,wqo-2014-0153-r5433_noa.pdf,No,2.0,wqo-2014-0153-r5433_noa.txt,wqo-2014-0153-r5433_noa_220385.json
274538,1A84073OSIS,Yreka City WWTP,Yreka City,1,,R1-2021-0016,,https://ciwqs.waterboards.ca.gov/ciwqs/readOnly/CiwqsReportServlet?reportName=facilityAtAGlance&placeID=274538,423596,WDR,,,21_0016_Yreka_WDR.pdf,No,1.0,21_0016_Yreka_WDR.txt,21_0016_Yreka_WDR_274538.json
214652,5C240108001,Merced WWTF,Merced City,5F,Major,R5-2026-0005,CA0079219,https://ciwqs.waterboards.ca.gov/ciwqs/readOnly/CiwqsReportServlet?reportName=facilityAtAGlance&placeID=214652,464454,NPDES PERMIT,,,r5-2026-0005_npdes.pdf,No,1.0,r5-2026-0005_npdes.txt,r5-2026-0005_npdes_214652.json,True
246946,4A560105001,Oxnard WWTP,Oxnard City Wastewater Division,4,Major,R4-2024-0252,CA0054097,https://ciwqs.waterboards.ca.gov/ciwqs/readOnly/CiwqsReportServlet?reportName=facilityAtAGlance&placeID=246946,455452,NPDES PERMIT,,,Adopted OWRRF NPDES CI-2022 06172024 signed.pdf,No,3.0,Adopted OWRRF NPDES CI-2022 06172024 signed.txt,Adopted OWRRF NPDES CI-2022 06172024 signed_246946.json,True
254981,5A340108002,EchoWater Resource Recovery Facility,Sacramento Area Sewer District (SacSewer),5S,Major,R5-2021-0019-02,CA0077682,https://ciwqs.waterboards.ca.gov/ciwqs/readOnly/CiwqsReportServlet?reportName=facilityAtAGlance&placeID=254981,443209,NPDES PERMIT,,,r5-2022-0064_npdes_ao.pdf,No,5.0,r5-2022-0064_npdes_ao.txt,r5-2022-0064_npdes_ao_254981.json,True
220618,5B051003001,Douglas Flat/Vallecito WWTP,Calaveras Cnty Water District,5S,,R5-2013-0009,,https://ciwqs.waterboards.ca.gov/ciwqs/readOnly/CiwqsReportServlet?reportName=facilityAtAGlance&placeID=220618,389066,WDR,,,r5-2013-0009.pdf,No,1.0,r5-2013-0009.txt,r5-2013-0009_220618.json,True
201076,5C100106003,Fresno Cnty #34-Millerton New Town WWTF,County of Fresno,5F,,R5-2008-0127,,https://ciwqs.waterboards.ca.gov/ciwqs/readOnly/CiwqsReportServlet?reportName=facilityAtAGlance&placeID=201076,351167,WDR,,,r5-2008-0127[1].pdf,No,1.0,r5-2008-0127[1].txt,r5-2008-0127[1]_201076.json,True
245602,5C500104001,Oakdale WWTF,Oakdale City,SB,,2020-0015-DWQ,,https://ciwqs.waterboards.ca.gov/ciwqs/readOnly/CiwqsReportServlet?reportName=facilityAtAGlance&placeID=245602,385669,WDR,,,r5-2012-0063.pdf,No,1.0,r5-2012-0063.txt,r5-2012-0063_245602.json,True
259171,8 330108001,Corona WWRF #1,Corona City DWP,SB,Major,R8-2020-0021,,https://ciwqs.waterboards.ca.gov/ciwqs/readOnly/CiwqsReportServlet?reportName=facilityAtAGlance&placeID=259171,422466,NPDES PERMIT,,,R8-2020-0021_City_of_ Corona_ (final version).pdf,No,2.0,R8-2020-0021_City_of_ Corona_ (final version).txt,R8-2020-0021_City_of_ Corona_ (final version)_259171.json,True
273207,5C221012001,Mariposa WWTP,Mariposa PUD,5F,Minor,R5-2023-0025,CAC441902,https://ciwqs.waterboards.ca.gov/ciwqs/readOnly/CiwqsReportServlet?reportName=facilityAtAGlance&placeID=273207,464463,ENROLLEE - NPDES,,,NOA R5-2023-0025-015.pdf,No,1.0,NOA R5-2023-0025-015.txt,NOA R5-2023-0025-015_273207.json,True
241800,5A470105001,Mount Shasta WWTP,Mt Shasta City,5R,Minor,R5-2023-0016,CA0078051,https://ciwqs.waterboards.ca.gov/ciwqs/readOnly/CiwqsReportServlet?reportName=facilityAtAGlance&placeID=241800,448201,NPDES PERMIT,,,r5-2023-0016_npdes.pdf,No,6.0,r5-2023-0016_npdes.txt,r5-2023-0016_npdes_241800.json,True
266439,5A480108001,Northwest WWTF,Rio Vista City,5S,"Major, Minor",R5-2026-0018,CA0083771,https://ciwqs.waterboards.ca.gov/ciwqs/readOnly/CiwqsReportServlet?reportName=facilityAtAGlance&placeID=266439,465270,NPDES PERMIT,,,r5-2026-0018_npdes.pdf,No,1.0,r5-2026-0018_npdes.txt,r5-2026-0018_npdes_266439.json,True
257518,9 000000175,SMWD - Chiquita WRP,SOCWA-San Juan Creek Ocean O/F,9,Major,R9-2022-0005,CA0107417,https://ciwqs.waterboards.ca.gov/ciwqs/readOnly/CiwqsReportServlet?reportName=facilityAtAGlance&placeID=257518,438059,NPDES PERMIT,,,r9_2022_0005_sjcoo_signature signed dwg 03-18-22.pdf,Yes,5.0,r9_2022_0005_sjcoo_signature signed dwg 03-18-22.txt,r9_2022_0005_sjcoo_signature signed dwg 03-18-22_257518.json,True
255218,9 000000175,City of San Clemente WRP,SOCWA-San Juan Creek Ocean O/F,9,Major,R9-2022-0005,CA0107417,https://ciwqs.waterboards.ca.gov/ciwqs/readOnly/CiwqsReportServlet?reportName=facilityAtAGlance&placeID=255218,438059,NPDES PERMIT,,,r9-2022-0005-a1_v3 signed dwg 03-28-24.pdf,Yes,5.0,r9-2022-0005-a1_v3 signed dwg 03-28-24.txt,r9-2022-0005-a1_v3 signed dwg 03-28-24_255218.json,True
241540,9 000000175,SOCWA - 3A Treatment Plant,SOCWA-San Juan Creek Ocean O/F,9,Major,R9-2022-0005,CA0107417,https://ciwqs.waterboards.ca.gov/ciwqs/readOnly/CiwqsReportServlet?reportName=facilityAtAGlance&placeID=241540,438059,NPDES PERMIT,,,r9-2022-0005-a1_v3 signed dwg 03-28-24.pdf,Yes,5.0,r9-2022-0005-a1_v3 signed dwg 03-28-24.txt,r9-2022-0005-a1_v3 signed dwg 03-28-24_241540.json,True
236649,9 000000175,J.B. Latham Wastewater Treatment Plant,SOCWA-San Juan Creek Ocean O/F,9,Major,R9-2022-0005,CA0107417,https://ciwqs.waterboards.ca.gov/ciwqs/readOnly/CiwqsReportServlet?reportName=facilityAtAGlance&placeID=236649,438059,NPDES PERMIT,,,r9-2022-0005-a1_v3 signed dwg 03-28-24.pdf,Yes,5.0,r9-2022-0005-a1_v3 signed dwg 03-28-24.txt,r9-2022-0005-a1_v3 signed dwg 03-28-24_236649.json,True
254881,2 417038001,South San Francisco-San Bruno WQCP,South San Francisco City,2,Major,R2-2026-0010,CA0038130,https://ciwqs.waterboards.ca.gov/ciwqs/readOnly/CiwqsReportServlet?reportName=facilityAtAGlance&placeID=254881,464783,NPDES PERMIT,,,R2-2026-0010.pdf,No,1.0,R2-2026-0010.txt,R2-2026-0010_254881.json,True
718887,1B07094RSON,The Farmhouse Inn,,,,97-010-DWQ,,https://ciwqs.waterboards.ca.gov/ciwqs/readOnly/CiwqsReportServlet?reportName=facilityAtAGlance&placeID=718887,395107,ENROLLEE - WDR,,,Enclosure 2_141201_RSP_Farmhouse_Inn_Enroll_Ltr.pdf,No,2.0,Enclosure 2_141201_RSP_Farmhouse_Inn_Enroll_Ltr.txt,Enclosure 2_141201_RSP_Farmhouse_Inn_Enroll_Ltr_718887.json,True
201076,5C100106003,Fresno Cnty #34-Millerton New Town WWTF,County of Fresno,5F,,R5-2008-0127,,https://ciwqs.waterboards.ca.gov/ciwqs/readOnly/CiwqsReportServlet?reportName=facilityAtAGlance&placeID=201076,351167,WDR,,,r5-2008-0127[1].pdf,No,1.0,r5-2008-0127[1].txt,r5-2008-0127[1]_201076.json,True
273114,5C100103001,Firebaugh WWTF,Firebaugh City,5F,,R5-2026-0017,,https://ciwqs.waterboards.ca.gov/ciwqs/readOnly/CiwqsReportServlet?reportName=facilityAtAGlance&placeID=273114,465326,WDR,,,r5-2026-0017_wdrs.pdf,No,2.0,r5-2026-0017_wdrs.txt,r5-2026-0017_wdrs_273114.json,True
766648,4B190190002,Malibu Civic Center WWTF,Malibu City,4,,R4-2015-0051,,https://ciwqs.waterboards.ca.gov/ciwqs/readOnly/CiwqsReportServlet?reportName=facilityAtAGlance&placeID=766648,379174,WDR,,,10042_R4-2015-0051_WDR_PKG.pdf,No,2.0,10042_R4-2015-0051_WDR_PKG.txt,10042_R4-2015-0051_WDR_PKG_766648.json,True
244646,3 270302001,Lake San Antonio Northshore WWTP,Monterey Cnty Parks Dept,3,,2014-0153-DWQ,,https://ciwqs.waterboards.ca.gov/ciwqs/readOnly/CiwqsReportServlet?reportName=facilityAtAGlance&placeID=244646,448917,ENROLLEE - WDR,,,08-19-2022_WDRLake San Antonio Rec Area North Shore NOA_final.pdf,No,1.0,08-19-2022_WDRLake San Antonio Rec Area North Shore NOA_final.txt,08-19-2022_WDRLake San Antonio Rec Area North Shore NOA_final_244646.json,True
273130,5D540107001,Porterville WWTF,Porterville City,SB,,R5-2008-0034,,https://ciwqs.waterboards.ca.gov/ciwqs/readOnly/CiwqsReportServlet?reportName=facilityAtAGlance&placeID=273130,344805,WDR,,,Porterville WWTF R5-2008-0034.pdf,No,1.0,Porterville WWTF R5-2008-0034.txt,Porterville WWTF R5-2008-0034_273130.json,True
245520,5C550114001,O'Shaughnessy WWTP,San Francisco City & County,5F,,2014-0153-DWQ,,https://ciwqs.waterboards.ca.gov/ciwqs/readOnly/CiwqsReportServlet?reportName=facilityAtAGlance&placeID=245520,465299,ENROLLEE - WDR,,,O'Shaughnessy Updated NOA 2014-0153-DWQ-R5417.pdf,No,1.0,O'Shaughnessy Updated NOA 2014-0153-DWQ-R5417.txt,O'Shaughnessy Updated NOA 2014-0153-DWQ-R5417_245520.json,True
650554,4A560108002,Santa Paula WRF,Santa Paula City,SB,,R4-2018-0022,,https://ciwqs.waterboards.ca.gov/ciwqs/readOnly/CiwqsReportServlet?reportName=facilityAtAGlance&placeID=650554,403136,WDR,,,9259_R4-2018-0022_WDR_PKG.pdf,No,3.0,9259_R4-2018-0022_WDR_PKG.txt,9259_R4-2018-0022_WDR_PKG_650554.json,True
